context	arm	exchange_id	B0_low	B0_high	B1_low	B1_high	B2_low	B2_high	B0_width	B1_width	B2_width	B0_fixed	B1_fixed	B2_fixed	B0_to_B1_width_contraction	B1_to_B2_width_contraction	first_fixed_stage	B0_B1_nesting_violation	B1_B2_nesting_violation	saved_point_containment_violation
BR:HS 578T	ordinal	EX_4abut_e	0.0	179.01124760682066	0.0	1.476619720417415e-07	0.0	4.5998297464717746e-09	179.01124760682066	1.476619720417415e-07	4.5998297464717746e-09	False	True	True	179.01124745915868	1.4306214229526973e-07	first_fixed_B1	0.0	0.0	0.0
BR:HS 578T	ordinal	EX_L2aadp_e	0.0	10.926076398774978	0.0	7.462385849895005e-08	0.0	2.280783609431243e-09	10.926076398774978	7.462385849895005e-08	2.280783609431243e-09	False	True	True	10.926076324151119	7.23430748895188e-08	first_fixed_B1	0.0	0.0	0.0
BR:HS 578T	ordinal	EX_Lkynr_e	0.0	8.61390890897742	0.0	4.326172610147653e-08	0.0	1.2514927209618902e-09	8.61390890897742	4.326172610147653e-08	1.2514927209618902e-09	False	True	True	8.613908865715693	4.2010233380514644e-08	first_fixed_B1	0.0	0.0	0.0
BR:HS 578T	ordinal	EX_ala__L_e	0.0	161.4259027078193	13.052115346228534	13.052118435402614	13.052117250327735	13.052117377237153	161.4259027078193	3.0891740792071687e-06	1.2690941808557454e-07	False	True	True	161.42589961864522	2.962264661121594e-06	first_fixed_B1	0.0	0.0	0.0
BR:HS 578T	ordinal	EX_anth_e	0.0	8.613908908977418	0.0	3.854171947458618e-08	0.0	1.1134771371662038e-09	8.613908908977418	3.854171947458618e-08	1.1134771371662038e-09	False	True	True	8.613908870435699	3.742824233741998e-08	first_fixed_B1	0.0	0.0	0.0
BR:HS 578T	ordinal	EX_cala_e	0.0	16.576892935525144	0.0	1.9872942759254417e-08	0.0	5.976618612321e-10	16.576892935525144	1.9872942759254417e-08	5.976618612321e-10	False	True	True	16.576892915652202	1.9275280898022318e-08	first_fixed_B1	0.0	0.0	0.0
BR:HS 578T	ordinal	EX_chol_e	-10.0	5.802857235090938	-2.2595703418699506	-2.259569774088851	-2.2595698695340247	-2.259569852413932	15.802857235090938	5.677810994697552e-07	1.712009289889238e-08	False	True	True	15.80285666730984	5.506610065708628e-07	first_fixed_B1	0.0	0.0	0.0
BR:HS 578T	ordinal	EX_cholp_e	0.0	6.071678091942405	0.0	4.7032265781895606e-08	0.0	1.4165518429237935e-09	6.071678091942405	4.7032265781895606e-08	1.4165518429237935e-09	False	True	True	6.071678044910139	4.561571393897181e-08	first_fixed_B1	0.0	0.0	0.0
BR:HS 578T	ordinal	EX_cit_e	0.0	62.319508811365594	0.0	2.8729562960895086e-06	0.0	5.777076446134167e-08	62.319508811365594	2.8729562960895086e-06	5.777076446134167e-08	False	True	True	62.3195059384093	2.815185531628167e-06	first_fixed_B1	0.0	0.0	0.0
BR:HS 578T	ordinal	EX_cmp_e	0.0	0.0	0.0	0.0	0.0	3.426159189885681e-10	0.0	0.0	3.426159189885681e-10	True	True	True	0.0	-3.426159189885681e-10	already_fixed_B0	0.0	3.426159189885681e-10	0.0
BR:HS 578T	ordinal	EX_crn_e	-1.0	-3.3306690738754696e-16	-3.6402568281967973e-07	-7.882583474838611e-15	-1.1467634656260876e-08	7.283548454073023e-17	0.9999999999999997	3.6402567493709626e-07	1.146763472909636e-08	False	True	True	0.9999996359743247	3.525580402079999e-07	first_fixed_B1	0.0	7.955418959379341e-15	7.882583474838611e-15
BR:HS 578T	ordinal	EX_cytd_e	0.0	10.81101713186418	0.0	1.0743252172983571e-08	0.0	3.322419141604957e-10	10.81101713186418	1.0743252172983571e-08	3.322419141604957e-10	False	True	True	10.811017121120928	1.0411010258823076e-08	first_fixed_B1	0.0	0.0	0.0
BR:HS 578T	ordinal	EX_dhap_e	0.0	6.071678091942327	0.0	2.8307821259958098e-08	0.0	8.53276376552746e-10	6.071678091942327	2.8307821259958098e-08	8.53276376552746e-10	False	True	True	6.071678063634506	2.7454544883405353e-08	first_fixed_B1	0.0	0.0	0.0
BR:HS 578T	ordinal	EX_duri_e	0.0	10.811017131864169	0.0	1.0849488804272549e-08	0.0	3.3188769516360236e-10	10.811017131864169	1.0849488804272549e-08	3.3188769516360236e-10	False	True	True	10.81101712101468	1.0517601109108947e-08	first_fixed_B1	0.0	0.0	0.0
BR:HS 578T	ordinal	EX_fum_e	0.0	75.07460134290541	15.880758141829373	15.880763399002756	15.880759533163234	15.880759772798203	75.07460134290541	5.257173382844371e-06	2.396349696454081e-07	False	True	True	75.07459608573203	5.017538413198963e-06	first_fixed_B1	0.0	0.0	0.0
BR:HS 578T	ordinal	EX_glcur_e	0.0	18.283735368672726	0.0	4.5070567706107534e-08	0.0	1.300284692708606e-09	18.283735368672726	4.5070567706107534e-08	1.300284692708606e-09	False	True	True	18.28373532360216	4.377028301339893e-08	first_fixed_B1	0.0	0.0	0.0
BR:HS 578T	ordinal	EX_gln__L_e	-10.0	31.44223233881293	-10.0	-9.999999482510171	-10.0	-9.999999984254421	41.44223233881293	5.174898287663154e-07	1.5745579062809156e-08	False	True	True	41.4422318213231	5.017442497035063e-07	first_fixed_B1	0.0	0.0	0.0
BR:HS 578T	ordinal	EX_glu__L_e	-10.0	65.07460134290554	-10.0	-9.999999510290754	-10.0	-9.999999985183214	75.07460134290554	4.897092455991015e-07	1.4816786020332984e-08	False	True	True	75.07460085319629	4.7489245957876847e-07	first_fixed_B1	0.0	0.0	0.0
BR:HS 578T	ordinal	EX_gly_e	-10.0	136.67340860229442	-10.0	-9.999997307925742	-10.0	-9.99999992913957	146.67340860229442	2.6920742577374313e-06	7.08604304122673e-08	False	True	True	146.67340591022017	2.621213827325164e-06	first_fixed_B1	0.0	0.0	0.0
BR:HS 578T	ordinal	EX_glyald_e	0.0	58.40513229375357	0.0	5.959352074544581e-08	0.0	1.7988035103763587e-09	58.40513229375357	5.959352074544581e-08	1.7988035103763587e-09	False	True	True	58.40513223416005	5.779471723506945e-08	first_fixed_B1	0.0	0.0	0.0
BR:HS 578T	ordinal	EX_glyc3p_e	0.0	6.071678091942406	0.0	2.6904232021385377e-08	0.0	8.103291039583342e-10	6.071678091942406	2.6904232021385377e-08	8.103291039583342e-10	False	True	True	6.071678065038174	2.6093902917427044e-08	first_fixed_B1	0.0	0.0	0.0
BR:HS 578T	ordinal	EX_hom__L_e	0.0	0.0	0.0	0.0	0.0	0.0	0.0	0.0	0.0	True	True	True	0.0	0.0	already_fixed_B0	0.0	0.0	0.0
BR:HS 578T	ordinal	EX_hxan_e	0.0	9.75111349148557	0.0	8.694576303539412e-09	0.0	2.6633836304790585e-10	9.75111349148557	8.694576303539412e-09	2.6633836304790585e-10	False	True	True	9.751113482790995	8.428237940491506e-09	first_fixed_B1	0.0	0.0	0.0
BR:HS 578T	ordinal	EX_icit_e	0.0	62.31950881136539	0.0	6.112929000891471e-07	0.0	1.6518818483755206e-08	62.31950881136539	6.112929000891471e-07	1.6518818483755206e-08	False	True	True	62.31950820007249	5.947740816053919e-07	first_fixed_B1	0.0	0.0	0.0
BR:HS 578T	ordinal	EX_ins_e	0.0	7.422489374115851	0.0	6.323170409263567e-09	0.0	1.9157548745328837e-10	7.422489374115851	6.323170409263567e-09	1.9157548745328837e-10	False	True	True	7.42248936779268	6.1315949218102785e-09	first_fixed_B1	0.0	0.0	0.0
BR:HS 578T	ordinal	EX_lac__L_e	-1.0	108.03961591890892	17.02518356001074	17.02519018158494	17.025188256838696	17.02518892392332	109.03961591890892	6.621574200948999e-06	6.670846239842376e-07	False	True	True	109.03960929733472	5.954489576964761e-06	first_fixed_B1	0.0	0.0	0.0
BR:HS 578T	ordinal	EX_leu__L_e	-10.0	-1.7922337326704607	-1.792236634675949	-1.79223373266989	-1.7922338475861777	-1.7922337326704474	8.20776626732954	2.9020060590134733e-06	1.1491573026489732e-07	False	True	True	8.20776336532348	2.787090328748576e-06	first_fixed_B1	5.706546346573305e-13	0.0	1.3322676295501878e-14
BR:HS 578T	ordinal	EX_lys__L_e	-10.0	-1.9452265708841594	-1.9452481608868641	-1.9452265708841623	-1.945248160830801	-1.9452328852712095	8.05477342911584	2.1590002701854516e-05	1.5275559591465537e-05	False	False	False	8.05475183911314	6.314443110388979e-06	still_variable_B2	0.0	0.0	0.0
BR:HS 578T	ordinal	EX_mal__L_e	0.0	69.54957388179433	0.0	7.664124904356374e-07	0.0	2.181435604322622e-08	69.54957388179433	7.664124904356374e-07	2.181435604322622e-08	False	True	True	69.54957311538185	7.445981343924111e-07	first_fixed_B1	0.0	0.0	0.0
BR:HS 578T	ordinal	EX_met__L_e	-10.0	-0.5026982632120802	-7.239363741110949	-7.239344382378674	-7.239346146744189	-7.239344382380756	9.49730173678792	1.9358732274987744e-05	1.7643634322439539e-06	False	False	True	9.497282378055644	1.759436884274379e-05	first_fixed_B2	0.0	0.0	0.0
BR:HS 578T	ordinal	EX_nac_e	0.0	12.871302969659153	0.0	1.1757831696585456e-07	0.0	3.535171587532915e-09	12.871302969659153	1.1757831696585456e-07	3.535171587532915e-09	False	True	True	12.871302852080836	1.1404314537832165e-07	first_fixed_B1	0.0	0.0	7.35661629205561e-16
BR:HS 578T	ordinal	EX_ncam_e	-10.0	0.0	-8.608129192628851e-07	9.550877547731821e-13	-2.5531408512056837e-08	2.4716182128064527e-24	10.0	8.608138743506399e-07	2.553140851205684e-08	False	True	True	9.999999139186126	8.35282465838583e-07	first_fixed_B1	9.550877547731821e-13	0.0	0.0
BR:HS 578T	ordinal	EX_orn_e	0.0	75.07460134290598	0.0	2.2414137713129936e-07	0.0	6.645788021294303e-09	75.07460134290598	2.2414137713129936e-07	6.645788021294303e-09	False	True	True	75.0746011187646	2.1749558911000506e-07	first_fixed_B1	0.0	0.0	0.0
BR:HS 578T	ordinal	EX_orot_e	0.0	16.576892935524832	0.0	2.32869584100718e-08	0.0	7.009741671208889e-10	16.576892935524832	2.32869584100718e-08	7.009741671208889e-10	False	True	True	16.576892912237874	2.258598424295091e-08	first_fixed_B1	0.0	0.0	0.0
BR:HS 578T	ordinal	EX_phe__L_e	-10.0	-0.8524036882104262	-10.0	-9.999992358576451	-10.0	-9.999999611108068	9.147596311789574	7.641423549031856e-06	3.888919319905426e-07	False	True	True	9.147588670366025	7.2525316170413134e-06	first_fixed_B1	0.0	0.0	0.0
BR:HS 578T	ordinal	EX_pro__L_e	-10.0	73.71949939148276	-1.3551047251005437	-1.3551017940491963	-1.355102044814819	-1.3551019465236125	83.71949939148276	2.9310513474101185e-06	9.829120650728385e-08	False	True	True	83.71949646043142	2.8327601409028347e-06	first_fixed_B1	0.0	0.0	0.0
BR:HS 578T	ordinal	EX_sbt__D_e	0.0	0.0	0.0	0.0	0.0	0.0	0.0	0.0	0.0	True	True	True	0.0	0.0	already_fixed_B0	0.0	0.0	0.0
BR:HS 578T	ordinal	EX_ser__L_e	-10.0	57.23433743957334	-10.0	-9.999999932128032	-10.0	-9.999999997956865	67.23433743957334	6.78719676017181e-08	2.0431354386118983e-09	False	True	True	67.23433737170137	6.58288321631062e-08	first_fixed_B1	0.0	0.0	0.0
BR:HS 578T	ordinal	EX_sprm_e	0.0	3.3387831585264007	0.0	4.696702710118496e-09	0.0	1.4491997594551595e-10	3.3387831585264007	4.696702710118496e-09	1.4491997594551595e-10	False	True	True	3.338783153829698	4.55178273417298e-09	first_fixed_B1	0.0	0.0	0.0
BR:HS 578T	ordinal	EX_srtn_e	0.0	8.61390890897742	0.0	3.99186027650517e-08	0.0	1.1613852723778112e-09	8.61390890897742	3.99186027650517e-08	1.1613852723778112e-09	False	True	True	8.613908869058816	3.875721749267389e-08	first_fixed_B1	0.0	0.0	0.0
BR:HS 578T	ordinal	EX_succ_e	0.0	115.44565627115217	13.234474619297792	13.234478349504432	13.2344756774621	13.234475774104066	115.44565627115217	3.7302066395739075e-06	9.664196554126647e-08	False	True	True	115.44565254094553	3.633564674032641e-06	first_fixed_B1	0.0	0.0	0.0
BR:HS 578T	ordinal	EX_taur_e	0.0	16.909696464552468	0.0	3.346961023573727e-08	0.0	9.756937637041904e-10	16.909696464552468	3.346961023573727e-08	9.756937637041904e-10	False	True	True	16.909696431082857	3.2493916472033084e-08	first_fixed_B1	0.0	0.0	0.0
BR:HS 578T	ordinal	EX_tchola_e	0.0	1.4423577198570345	0.0	7.164984415353656e-09	0.0	3.5782230350868325e-10	1.4423577198570345	7.164984415353656e-09	3.5782230350868325e-10	False	True	True	1.4423577126920502	6.807162111844973e-09	first_fixed_B1	0.0	0.0	0.0
BR:HS 578T	ordinal	EX_thr__L_e	-10.0	-1.0272564007096072	-1.0272590069842265	-1.0272564007095926	-1.027256494131406	-1.027256400709608	8.972743599290393	2.6062746338872955e-06	9.342179785321036e-08	False	True	True	8.972740993015758	2.512852836034085e-06	first_fixed_B1	1.4654943925052066e-14	0.0	2.220446049250313e-16
BR:HS 578T	ordinal	EX_thym_e	0.0	12.751456104250027	0.0	1.3846685860737322e-08	0.0	4.176287436799338e-10	12.751456104250027	1.3846685860737322e-08	4.176287436799338e-10	False	True	True	12.751456090403341	1.3429057117057388e-08	first_fixed_B1	0.0	0.0	0.0
BR:HS 578T	ordinal	EX_thymd_e	0.0	9.041941601195571	0.0	8.954621462984481e-09	0.0	2.7851233070702885e-10	9.041941601195571	8.954621462984481e-09	2.7851233070702885e-10	False	True	True	9.04194159224095	8.676109132277452e-09	first_fixed_B1	0.0	0.0	0.0
BR:HS 578T	ordinal	EX_ump_e	0.0	6.071678091942398	0.0	6.974558701909581e-09	0.0	3.2759043810374883e-10	6.071678091942398	6.974558701909581e-09	3.2759043810374883e-10	False	True	True	6.071678084967839	6.646968263805832e-09	first_fixed_B1	0.0	0.0	0.0
BR:HS 578T	ordinal	EX_ura_e	0.0	16.576892935525226	0.0	2.028032837262587e-08	0.0	6.113468628294917e-10	16.576892935525226	2.028032837262587e-08	6.113468628294917e-10	False	True	True	16.576892915244898	1.9668981509796377e-08	first_fixed_B1	0.0	0.0	0.0
BR:HS 578T	ordinal	EX_urate_e	0.0	9.751113491485382	0.0	8.30828794066253e-09	0.0	2.876955805892034e-10	9.751113491485382	8.30828794066253e-09	2.876955805892034e-10	False	True	True	9.751113483177095	8.020592360073326e-09	first_fixed_B1	0.0	0.0	0.0
BR:HS 578T	ordinal	EX_uri_e	0.0	10.811017131864451	0.0	1.0803861968914358e-08	0.0	3.2584054662181713e-10	10.811017131864451	1.0803861968914358e-08	3.2584054662181713e-10	False	True	True	10.811017121060589	1.047802142229254e-08	first_fixed_B1	0.0	0.0	0.0
BR:HS 578T	ordinal	EX_val__L_e	-10.0	-1.1583926498609252	-1.1583945045927306	-1.1583926498606953	-1.158392712129352	-1.158392649860925	8.841607350139075	1.854732035289075e-06	6.22684270812357e-08	False	True	True	8.84160549540704	1.7924636082078393e-06	first_fixed_B1	2.298161660974074e-13	0.0	3.4723335318176396e-12
BR:HS 578T	ordinal	EX_xan_e	0.0	9.751113491485553	0.0	8.602329756046571e-09	0.0	2.686042923047458e-10	9.751113491485553	8.602329756046571e-09	2.686042923047458e-10	False	True	True	9.751113482883223	8.333725463741825e-09	first_fixed_B1	0.0	0.0	0.0
BR:MDA-MB-231	magnitude_g1.00	EX_4abut_e	0.0	179.01124760682066	0.0	2.782529930162326e-07	0.0	2.50220331587293e-08	179.01124760682066	2.782529930162326e-07	2.50220331587293e-08	False	True	True	179.01124732856766	2.5323095985750326e-07	first_fixed_B1	0.0	0.0	0.0
BR:MDA-MB-231	magnitude_g1.00	EX_L2aadp_e	0.0	10.926076398774978	0.0	9.991289697519034e-08	0.0	8.676746299360825e-09	10.926076398774978	9.991289697519034e-08	8.676746299360825e-09	False	True	True	10.92607629886208	9.123615067582951e-08	first_fixed_B1	0.0	0.0	0.0
BR:MDA-MB-231	magnitude_g1.00	EX_Lkynr_e	0.0	8.61390890897742	0.0	3.746032100484863e-08	0.0	3.0219337429677886e-09	8.61390890897742	3.746032100484863e-08	3.0219337429677886e-09	False	True	True	8.613908871517099	3.443838726188084e-08	first_fixed_B1	0.0	0.0	0.0
BR:MDA-MB-231	magnitude_g1.00	EX_ala__L_e	0.0	161.4259027078193	11.962208980967342	11.962213581127383	11.962212249044557	11.962213581135064	161.4259027078193	4.600160041334789e-06	1.3320905072333744e-06	False	True	True	161.42589810765924	3.2680695341014143e-06	first_fixed_B1	0.0	7.680966973566683e-12	0.0
BR:MDA-MB-231	magnitude_g1.00	EX_anth_e	0.0	8.613908908977418	0.0	3.3389045603011497e-08	0.0	2.718701143183452e-09	8.613908908977418	3.3389045603011497e-08	2.718701143183452e-09	False	True	True	8.613908875588372	3.067034445982805e-08	first_fixed_B1	0.0	0.0	0.0
BR:MDA-MB-231	magnitude_g1.00	EX_cala_e	0.0	16.576892935525144	0.0	1.9941496860905523e-08	0.0	1.665562112233667e-09	16.576892935525144	1.9941496860905523e-08	1.665562112233667e-09	False	True	True	16.57689291558365	1.8275934748671855e-08	first_fixed_B1	0.0	0.0	0.0
BR:MDA-MB-231	magnitude_g1.00	EX_chol_e	-10.0	5.802857235090938	-2.259570902584812	-2.259569762788304	-2.2595699331704737	-2.259569846947387	15.802857235090938	1.1397965078430161e-06	8.62230868925451e-08	False	True	True	15.80285609529443	1.053573420950471e-06	first_fixed_B1	0.0	0.0	0.0
BR:MDA-MB-231	magnitude_g1.00	EX_cholp_e	0.0	6.071678091942405	0.0	5.206506188669717e-08	0.0	4.390588061028374e-09	6.071678091942405	5.206506188669717e-08	4.390588061028374e-09	False	True	True	6.071678039877344	4.7674473825668794e-08	first_fixed_B1	0.0	0.0	0.0
BR:MDA-MB-231	magnitude_g1.00	EX_cit_e	0.0	62.319508811365594	0.0	1.0848977729707793e-06	0.0	7.308556263238932e-08	62.319508811365594	1.0848977729707793e-06	7.308556263238932e-08	False	True	True	62.31950772646782	1.01181221033839e-06	first_fixed_B1	0.0	0.0	0.0
BR:MDA-MB-231	magnitude_g1.00	EX_cmp_e	0.0	0.0	0.0	0.0	0.0	0.0	0.0	0.0	0.0	True	True	True	0.0	0.0	already_fixed_B0	0.0	0.0	0.0
BR:MDA-MB-231	magnitude_g1.00	EX_crn_e	-1.0	-3.3306690738754696e-16	-1.3093431556421287e-05	1.1546319456101628e-14	-4.798157245500529e-07	7.92802507319607e-15	0.9999999999999997	1.3093431567967606e-05	4.79815732478078e-07	False	False	True	0.9999869065684317	1.2613615835489528e-05	first_fixed_B2	1.1879386363489175e-14	0.0	3.3306690738754696e-16
BR:MDA-MB-231	magnitude_g1.00	EX_cytd_e	0.0	10.81101713186418	0.0	1.1903557274304683e-08	0.0	1.000300249951794e-09	10.81101713186418	1.1903557274304683e-08	1.000300249951794e-09	False	True	True	10.811017119960622	1.090325702435289e-08	first_fixed_B1	0.0	0.0	0.0
BR:MDA-MB-231	magnitude_g1.00	EX_dhap_e	0.0	6.071678091942327	0.0	3.3672515157040346e-08	0.0	2.8617824437671597e-09	6.071678091942327	3.3672515157040346e-08	2.8617824437671597e-09	False	True	True	6.0716780582698116	3.081073271327319e-08	first_fixed_B1	0.0	0.0	0.0
BR:MDA-MB-231	magnitude_g1.00	EX_duri_e	0.0	10.811017131864169	0.0	1.1949674892433276e-08	0.0	1.0038640157877093e-09	10.811017131864169	1.1949674892433276e-08	1.0038640157877093e-09	False	True	True	10.811017119914494	1.0945810876645566e-08	first_fixed_B1	0.0	0.0	0.0
BR:MDA-MB-231	magnitude_g1.00	EX_fum_e	0.0	75.07460134290541	14.815970130701196	14.815997475834248	14.815976136367693	14.81597826992389	75.07460134290541	2.7345133052136816e-05	2.1335561974922257e-06	False	False	True	75.07457399777236	2.521157685464459e-05	first_fixed_B2	0.0	0.0	0.0
BR:MDA-MB-231	magnitude_g1.00	EX_glcur_e	0.0	18.283735368672726	0.0	3.585702857849076e-08	0.0	3.2670644472309296e-09	18.283735368672726	3.585702857849076e-08	3.2670644472309296e-09	False	True	True	18.2837353328157	3.258996413125983e-08	first_fixed_B1	0.0	0.0	0.0
BR:MDA-MB-231	magnitude_g1.00	EX_gln__L_e	-10.0	31.44223233881293	-10.0	-9.999998992120515	-10.0	-9.999999919003466	41.44223233881293	1.0078794847601102e-06	8.099653392434902e-08	False	True	True	41.442231330933446	9.268829508357612e-07	first_fixed_B1	0.0	0.0	0.0
BR:MDA-MB-231	magnitude_g1.00	EX_glu__L_e	-10.0	65.07460134290554	-10.0	-9.999999323832402	-10.0	-9.999999939812358	75.07460134290554	6.761675983568693e-07	6.018764153736811e-08	False	True	True	75.07460066673794	6.159799568195012e-07	first_fixed_B1	0.0	0.0	0.0
BR:MDA-MB-231	magnitude_g1.00	EX_gly_e	-10.0	136.67340860229442	-7.820192509732179	-7.820184765531176	-7.820192509757361	-7.820190136343479	146.67340860229442	7.744201003134776e-06	2.3734138823172657e-06	False	True	True	146.6734008580934	5.370787120817511e-06	first_fixed_B1	0.0	2.518252273375765e-11	0.0
BR:MDA-MB-231	magnitude_g1.00	EX_glyald_e	0.0	58.40513229375357	0.0	8.056051324533584e-08	0.0	6.8426596101701305e-09	58.40513229375357	8.056051324533584e-08	6.8426596101701305e-09	False	True	True	58.405132213193056	7.37178536351657e-08	first_fixed_B1	0.0	0.0	0.0
BR:MDA-MB-231	magnitude_g1.00	EX_glyc3p_e	0.0	6.071678091942406	0.0	3.26764803005933e-08	0.0	2.786418275465963e-09	6.071678091942406	3.26764803005933e-08	2.786418275465963e-09	False	True	True	6.071678059265926	2.9890062025127336e-08	first_fixed_B1	0.0	0.0	0.0
BR:MDA-MB-231	magnitude_g1.00	EX_hom__L_e	0.0	0.0	0.0	0.0	0.0	0.0	0.0	0.0	0.0	True	True	True	0.0	0.0	already_fixed_B0	0.0	0.0	0.0
BR:MDA-MB-231	magnitude_g1.00	EX_hxan_e	0.0	9.75111349148557	0.0	9.097726778068036e-09	0.0	7.682198277835028e-10	9.75111349148557	9.097726778068036e-09	7.682198277835028e-10	False	True	True	9.751113482387844	8.329506950284534e-09	first_fixed_B1	0.0	0.0	0.0
BR:MDA-MB-231	magnitude_g1.00	EX_icit_e	0.0	62.31950881136539	0.0	5.116548931674903e-07	0.0	4.525726553412287e-08	62.31950881136539	5.116548931674903e-07	4.525726553412287e-08	False	True	True	62.31950829971049	4.6639762763336737e-07	first_fixed_B1	0.0	0.0	0.0
BR:MDA-MB-231	magnitude_g1.00	EX_ins_e	0.0	7.422489374115851	0.0	6.895337746866474e-09	0.0	5.85141660716626e-10	7.422489374115851	6.895337746866474e-09	5.85141660716626e-10	False	True	True	7.422489367220513	6.310196086149849e-09	first_fixed_B1	0.0	0.0	0.0
BR:MDA-MB-231	magnitude_g1.00	EX_lac__L_e	-1.0	108.03961591890892	11.18054621304665	11.180577282251571	11.180574315902419	11.180575413095504	109.03961591890892	3.106920492079723e-05	1.0971930848313605e-06	False	False	True	109.039584849704	2.9972011835965873e-05	first_fixed_B2	0.0	0.0	0.0
BR:MDA-MB-231	magnitude_g1.00	EX_leu__L_e	-10.0	-1.7922337326704607	-1.792234835599012	-1.7922337326704487	-1.7922338106989502	-1.7922337326705267	8.20776626732954	1.102928563367911e-06	7.802842350024264e-08	False	True	True	8.207765164400977	1.0249001398676683e-06	first_fixed_B1	1.199040866595169e-14	0.0	7.971401316808624e-14
BR:MDA-MB-231	magnitude_g1.00	EX_lys__L_e	-10.0	-1.9452265708841594	-1.94523183686452	-1.945226570884157	-1.9452268067930572	-1.9452265708841634	8.05477342911584	5.265980363100553e-06	2.3590889375313395e-07	False	True	True	8.054768163135478	5.030071469347419e-06	first_fixed_B1	2.4424906541753444e-15	0.0	1.5543122344752192e-15
BR:MDA-MB-231	magnitude_g1.00	EX_mal__L_e	0.0	69.54957388179433	0.0	1.2629462703066767e-06	0.0	1.2647436984341338e-07	69.54957388179433	1.2629462703066767e-06	1.2647436984341338e-07	False	True	True	69.54957261884806	1.1364719004632633e-06	first_fixed_B1	0.0	0.0	0.0
BR:MDA-MB-231	magnitude_g1.00	EX_met__L_e	-10.0	-0.5026982632120802	-1.2345220978711982	-1.2345079195456372	-1.2345151892868247	-1.2345099617764466	9.49730173678792	1.4178325560942895e-05	5.227510378125189e-06	False	False	True	9.497287558462359	8.950815182817706e-06	first_fixed_B2	0.0	0.0	0.0
BR:MDA-MB-231	magnitude_g1.00	EX_nac_e	0.0	12.871302969659153	0.0	1.540618876468244e-07	0.0	1.3111198513283159e-08	12.871302969659153	1.540618876468244e-07	1.3111198513283159e-08	False	True	True	12.871302815597266	1.4095068913354124e-07	first_fixed_B1	0.0	0.0	0.0
BR:MDA-MB-231	magnitude_g1.00	EX_ncam_e	-10.0	0.0	-1.0901299094997256e-06	1.578665471708263e-12	-8.444443044659744e-08	-1.0995319911907322e-23	10.0	1.0901314881651973e-06	8.444443044659743e-08	False	True	True	9.999998909868513	1.0056870577185998e-06	first_fixed_B1	1.578665471708263e-12	0.0	1.0995319911907322e-23
BR:MDA-MB-231	magnitude_g1.00	EX_orn_e	0.0	75.07460134290598	0.0	7.623450667939994e-07	0.0	6.975350858260694e-08	75.07460134290598	7.623450667939994e-07	6.975350858260694e-08	False	True	True	75.07460058056091	6.925915582113924e-07	first_fixed_B1	0.0	0.0	0.0
BR:MDA-MB-231	magnitude_g1.00	EX_orot_e	0.0	16.576892935524832	0.0	2.3963866850271802e-08	0.0	2.0011294292845275e-09	16.576892935524832	2.3963866850271802e-08	2.0011294292845275e-09	False	True	True	16.576892911560964	2.1962737420987275e-08	first_fixed_B1	0.0	0.0	0.0
BR:MDA-MB-231	magnitude_g1.00	EX_phe__L_e	-10.0	-0.8524036882104262	-0.852404791137094	-0.8524036882104336	-0.8524037662425239	-0.8524036882104514	9.147596311789574	1.1029266604456467e-06	7.803207247025767e-08	False	True	True	9.147595208862914	1.024894587975389e-06	first_fixed_B1	0.0	0.0	2.2537527399890678e-14
BR:MDA-MB-231	magnitude_g1.00	EX_pro__L_e	-10.0	73.71949939148276	-1.355103979482835	-1.3551016544642382	-1.355102084809822	-1.355101925111725	83.71949939148276	2.3250185967604864e-06	1.5969809719074135e-07	False	True	True	83.71949706646416	2.165320499569745e-06	first_fixed_B1	0.0	0.0	0.0
BR:MDA-MB-231	magnitude_g1.00	EX_sbt__D_e	0.0	0.0	0.0	0.0	0.0	0.0	0.0	0.0	0.0	True	True	True	0.0	0.0	already_fixed_B0	0.0	0.0	0.0
BR:MDA-MB-231	magnitude_g1.00	EX_ser__L_e	-10.0	57.23433743957334	-10.0	-9.999999904348694	-10.0	-9.99999999177553	67.23433743957334	9.565130554278767e-08	8.22446999393378e-09	False	True	True	67.23433734392204	8.742683554885389e-08	first_fixed_B1	0.0	0.0	0.0
BR:MDA-MB-231	magnitude_g1.00	EX_sprm_e	0.0	3.3387831585264007	0.0	5.0027262365159566e-09	0.0	4.5726550585131976e-10	3.3387831585264007	5.0027262365159566e-09	4.5726550585131976e-10	False	True	True	3.3387831535236745	4.545460730664637e-09	first_fixed_B1	0.0	0.0	0.0
BR:MDA-MB-231	magnitude_g1.00	EX_srtn_e	0.0	8.61390890897742	0.0	3.530085667399785e-08	0.0	2.858603757379781e-09	8.61390890897742	3.530085667399785e-08	2.858603757379781e-09	False	True	True	8.613908873676563	3.244225291661807e-08	first_fixed_B1	0.0	0.0	0.0
BR:MDA-MB-231	magnitude_g1.00	EX_succ_e	0.0	115.44565627115217	14.324379473561372	14.324392179140332	14.324379473565454	14.324381169982686	115.44565627115217	1.2705578960492403e-05	1.696417232466274e-06	False	False	True	115.44564356557322	1.1009161728026129e-05	first_fixed_B2	0.0	0.0	0.0
BR:MDA-MB-231	magnitude_g1.00	EX_taur_e	0.0	16.909696464552468	0.0	2.9658937430852283e-08	0.0	2.4238024984377927e-09	16.909696464552468	2.9658937430852283e-08	2.4238024984377927e-09	False	True	True	16.90969643489353	2.723513493241449e-08	first_fixed_B1	0.0	0.0	0.0
BR:MDA-MB-231	magnitude_g1.00	EX_tchola_e	0.0	1.4423577198570345	0.0	6.317956163836836e-09	0.0	8.876483017351273e-10	1.4423577198570345	6.317956163836836e-09	8.876483017351273e-10	False	True	True	1.4423577135390784	5.430307862101709e-09	first_fixed_B1	0.0	0.0	0.0
BR:MDA-MB-231	magnitude_g1.00	EX_thr__L_e	-10.0	-1.0272564007096072	-1.027257723208474	-1.0272564007096077	-1.0272564923088736	-1.0272564007096077	8.972743599290393	1.3224988664184423e-06	9.159926595003753e-08	False	True	True	8.972742276791527	1.2308996004684047e-06	first_fixed_B1	0.0	0.0	0.0
BR:MDA-MB-231	magnitude_g1.00	EX_thym_e	0.0	12.751456104250027	0.0	1.5277812182112936e-08	0.0	1.2798568163003198e-09	12.751456104250027	1.5277812182112936e-08	1.2798568163003198e-09	False	True	True	12.751456088972214	1.3997955365812617e-08	first_fixed_B1	0.0	0.0	0.0
BR:MDA-MB-231	magnitude_g1.00	EX_thymd_e	0.0	9.041941601195571	0.0	1.009388227021495e-08	0.0	8.485317954011204e-10	9.041941601195571	1.009388227021495e-08	8.485317954011204e-10	False	True	True	9.041941591101688	9.24535047481383e-09	first_fixed_B1	0.0	0.0	0.0
BR:MDA-MB-231	magnitude_g1.00	EX_ump_e	0.0	6.071678091942398	0.0	7.594872517773772e-09	0.0	6.392853350343002e-10	6.071678091942398	7.594872517773772e-09	6.392853350343002e-10	False	True	True	6.071678084347526	6.955587182739472e-09	first_fixed_B1	0.0	0.0	0.0
BR:MDA-MB-231	magnitude_g1.00	EX_ura_e	0.0	16.576892935525226	0.0	2.1326388378363715e-08	0.0	1.7763517337477897e-09	16.576892935525226	2.1326388378363715e-08	1.7763517337477897e-09	False	True	True	16.576892914198837	1.9550036644615923e-08	first_fixed_B1	0.0	0.0	0.0
BR:MDA-MB-231	magnitude_g1.00	EX_urate_e	0.0	9.751113491485382	0.0	8.698359614135216e-09	0.0	7.606163602077765e-10	9.751113491485382	8.698359614135216e-09	7.606163602077765e-10	False	True	True	9.751113482787023	7.93774325392744e-09	first_fixed_B1	0.0	0.0	0.0
BR:MDA-MB-231	magnitude_g1.00	EX_uri_e	0.0	10.811017131864451	0.0	1.2194504226686433e-08	0.0	1.024867141172895e-09	10.811017131864451	1.2194504226686433e-08	1.024867141172895e-09	False	True	True	10.811017119669946	1.1169637085513538e-08	first_fixed_B1	0.0	0.0	0.0
BR:MDA-MB-231	magnitude_g1.00	EX_val__L_e	-10.0	-1.1583926498609252	-1.1583936581252163	-1.1583926498609247	-1.1583927259428017	-1.1583926498609072	8.841607350139075	1.008264291613159e-06	7.608189456220771e-08	False	True	True	8.841606341874783	9.321823970509513e-07	first_fixed_B1	4.440892098500626e-16	1.7541523789077473e-14	0.0
BR:MDA-MB-231	magnitude_g1.00	EX_xan_e	0.0	9.751113491485553	0.0	8.9310774455024e-09	0.0	7.807726631171533e-10	9.751113491485553	8.9310774455024e-09	7.807726631171533e-10	False	True	True	9.751113482554475	8.150304782385246e-09	first_fixed_B1	0.0	0.0	0.0
BR:HS 578T	magnitude_g1.00	EX_4abut_e	0.0	179.01124760682066	0.0	2.570025584625928e-07	0.0	1.0766266373899318e-09	179.01124760682066	2.570025584625928e-07	1.0766266373899318e-09	False	True	True	179.0112473498181	2.559259318252029e-07	first_fixed_B1	0.0	0.0	0.0
BR:HS 578T	magnitude_g1.00	EX_L2aadp_e	0.0	10.926076398774978	0.0	9.730902298500969e-08	0.0	4.029642806180317e-10	10.926076398774978	9.730902298500969e-08	4.029642806180317e-10	False	True	True	10.926076301465955	9.690605870439167e-08	first_fixed_B1	0.0	0.0	0.0
BR:HS 578T	magnitude_g1.00	EX_Lkynr_e	0.0	8.61390890897742	0.0	4.122621718670561e-08	0.0	1.7740532789353446e-10	8.61390890897742	4.122621718670561e-08	1.7740532789353446e-10	False	True	True	8.613908867751203	4.1048811858812074e-08	first_fixed_B1	0.0	0.0	0.0
BR:HS 578T	magnitude_g1.00	EX_ala__L_e	0.0	161.4259027078193	11.272489102285098	11.27249527011543	11.272491721006189	11.272491751475448	161.4259027078193	6.16783033180468e-06	3.0469259115761815e-08	False	True	True	161.42589653998897	6.137361072688918e-06	first_fixed_B1	0.0	0.0	0.0
BR:HS 578T	magnitude_g1.00	EX_anth_e	0.0	8.613908908977418	0.0	3.6464339206263316e-08	0.0	1.4941024979088637e-10	8.613908908977418	3.6464339206263316e-08	1.4941024979088637e-10	False	True	True	8.613908872513079	3.631492895647243e-08	first_fixed_B1	0.0	0.0	0.0
BR:HS 578T	magnitude_g1.00	EX_cala_e	0.0	16.576892935525144	0.0	2.0360596956349292e-08	0.0	8.409722539568233e-11	16.576892935525144	2.0360596956349292e-08	8.409722539568233e-11	False	True	True	16.576892915164546	2.027649973095361e-08	first_fixed_B1	0.0	0.0	0.0
BR:HS 578T	magnitude_g1.00	EX_chol_e	-10.0	5.802857235090938	-2.259570686317743	-2.259569740725186	-2.2595698582288057	-2.259569854328908	15.802857235090938	9.455925571444368e-07	3.8998977380799715e-09	False	True	True	15.802856289498381	9.416926594063568e-07	first_fixed_B1	0.0	0.0	0.0
BR:HS 578T	magnitude_g1.00	EX_cholp_e	0.0	6.071678091942405	0.0	5.2149908291779846e-08	0.0	2.1560435930029228e-10	6.071678091942405	5.2149908291779846e-08	2.1560435930029228e-10	False	True	True	6.071678039792497	5.1934303932479554e-08	first_fixed_B1	0.0	0.0	0.0
BR:HS 578T	magnitude_g1.00	EX_cit_e	0.0	62.319508811365594	0.0	1.4419578863774879e-06	0.0	5.749641705331432e-09	62.319508811365594	1.4419578863774879e-06	5.749641705331432e-09	False	True	True	62.31950736940771	1.4362082446721564e-06	first_fixed_B1	0.0	0.0	0.0
BR:HS 578T	magnitude_g1.00	EX_cmp_e	0.0	0.0	0.0	0.0	0.0	5.268757266990892e-11	0.0	0.0	5.268757266990892e-11	True	True	True	0.0	-5.268757266990892e-11	already_fixed_B0	0.0	5.268757266990892e-11	0.0
BR:HS 578T	magnitude_g1.00	EX_crn_e	-1.0	-3.3306690738754696e-16	-1.0349552707067389e-06	0.0	-4.364248761183711e-09	3.4040914306477455e-17	0.9999999999999997	1.0349552707067389e-06	4.364248795224625e-09	False	True	True	0.999998965044729	1.0305910219115142e-06	first_fixed_B1	3.3306690738754696e-16	3.4040914306477455e-17	3.243254393104453e-16
BR:HS 578T	magnitude_g1.00	EX_cytd_e	0.0	10.81101713186418	0.0	1.2075858319156267e-08	0.0	5.211371107939328e-11	10.81101713186418	1.2075858319156267e-08	5.211371107939328e-11	False	True	True	10.811017119788321	1.2023744608076873e-08	first_fixed_B1	0.0	0.0	0.0
BR:HS 578T	magnitude_g1.00	EX_dhap_e	0.0	6.071678091942327	0.0	3.431116015300567e-08	0.0	1.4168515438011822e-10	6.071678091942327	3.431116015300567e-08	1.4168515438011822e-10	False	True	True	6.071678057631167	3.416947499862555e-08	first_fixed_B1	0.0	0.0	0.0
BR:HS 578T	magnitude_g1.00	EX_duri_e	0.0	10.811017131864169	0.0	1.2202317800327973e-08	0.0	5.2402107358154273e-11	10.811017131864169	1.2202317800327973e-08	5.2402107358154273e-11	False	True	True	10.811017119661852	1.214991569296982e-08	first_fixed_B1	0.0	0.0	0.0
BR:HS 578T	magnitude_g1.00	EX_fum_e	0.0	75.07460134290541	16.19822331184558	16.198254642013012	16.198223311734164	16.198223449018656	75.07460134290541	3.133016743106509e-05	1.372844913305471e-07	False	False	True	75.07457001273798	3.1192882939734545e-05	first_fixed_B2	0.0	1.1141665368086251e-10	0.0
BR:HS 578T	magnitude_g1.00	EX_glcur_e	0.0	18.283735368672726	0.0	3.911784416746249e-08	0.0	2.7406420508467346e-10	18.283735368672726	3.911784416746249e-08	2.7406420508467346e-10	False	True	True	18.283735329554883	3.884377996237782e-08	first_fixed_B1	0.0	0.0	0.0
BR:HS 578T	magnitude_g1.00	EX_gln__L_e	-10.0	31.44223233881293	-10.0	-9.999999100063295	-10.0	-9.999999996294761	41.44223233881293	8.999367047124451e-07	3.705238782458764e-09	False	True	True	41.44223143887622	8.962314659299864e-07	first_fixed_B1	0.0	0.0	0.0
BR:HS 578T	magnitude_g1.00	EX_glu__L_e	-10.0	65.07460134290554	-10.0	-9.999999275039295	-10.0	-9.999999997018572	75.07460134290554	7.249607048009921e-07	2.9814284374651834e-09	False	True	True	75.07460061794484	7.219792763635269e-07	first_fixed_B1	0.0	0.0	0.0
BR:HS 578T	magnitude_g1.00	EX_gly_e	-10.0	136.67340860229442	-6.4407558877046505	-6.440746630270935	-6.440748850411215	-6.4407488028173985	146.67340860229442	9.257433715603725e-06	4.759381688757003e-08	False	True	True	146.6733993448607	9.209839898716154e-06	first_fixed_B1	0.0	0.0	0.0
BR:HS 578T	magnitude_g1.00	EX_glyald_e	0.0	58.40513229375357	0.0	8.227715806695696e-08	0.0	3.996533812329681e-10	58.40513229375357	8.227715806695696e-08	3.996533812329681e-10	False	True	True	58.405132211476406	8.1877504685724e-08	first_fixed_B1	0.0	0.0	0.0
BR:HS 578T	magnitude_g1.00	EX_glyc3p_e	0.0	6.071678091942406	0.0	3.345140770258848e-08	0.0	1.4682602717498167e-10	6.071678091942406	3.345140770258848e-08	1.4682602717498167e-10	False	True	True	6.071678058490998	3.33045816754135e-08	first_fixed_B1	0.0	0.0	0.0
BR:HS 578T	magnitude_g1.00	EX_hom__L_e	0.0	0.0	0.0	0.0	0.0	0.0	0.0	0.0	0.0	True	True	True	0.0	0.0	already_fixed_B0	0.0	0.0	0.0
BR:HS 578T	magnitude_g1.00	EX_hxan_e	0.0	9.75111349148557	0.0	9.17483116304775e-09	0.0	4.5344518867554095e-11	9.75111349148557	9.17483116304775e-09	4.5344518867554095e-11	False	True	True	9.751113482310739	9.129486644180196e-09	first_fixed_B1	0.0	0.0	0.0
BR:HS 578T	magnitude_g1.00	EX_icit_e	0.0	62.31950881136539	0.0	6.178752365703774e-07	0.0	2.5151549138273685e-09	62.31950881136539	6.178752365703774e-07	2.5151549138273685e-09	False	True	True	62.31950819349015	6.1536008165655e-07	first_fixed_B1	0.0	0.0	0.0
BR:HS 578T	magnitude_g1.00	EX_ins_e	0.0	7.422489374115851	0.0	6.977455339869062e-09	0.0	2.87959812382043e-11	7.422489374115851	6.977455339869062e-09	2.87959812382043e-11	False	True	True	7.422489367138396	6.948659358630858e-09	first_fixed_B1	0.0	0.0	0.0
BR:HS 578T	magnitude_g1.00	EX_lac__L_e	-1.0	108.03961591890892	11.073099731568176	11.073133161483819	11.073099731488337	11.073099887941002	109.03961591890892	3.342991564281306e-05	1.5645266415731385e-07	False	False	True	109.03958248899328	3.3273462978655743e-05	first_fixed_B2	0.0	7.983835814684426e-11	0.0
BR:HS 578T	magnitude_g1.00	EX_leu__L_e	-10.0	-1.7922337326704607	-1.792234812231765	-1.792233732670448	-1.7922337371522985	-1.7922337326704476	8.20776626732954	1.0795613170078155e-06	4.481850890414307e-09	False	True	True	8.207765187768223	1.0750794661174012e-06	first_fixed_B1	1.2656542480726785e-14	4.440892098500626e-16	1.3322676295501878e-14
BR:HS 578T	magnitude_g1.00	EX_lys__L_e	-10.0	-1.9452265708841594	-1.9452302591773765	-1.9452265708836682	-1.9452265863135416	-1.945226570884162	8.05477342911584	3.688293708226098e-06	1.5429379551790134e-08	False	True	True	8.054769740822133	3.672864328674308e-06	first_fixed_B1	4.911626660941693e-13	0.0	2.220446049250313e-16
BR:HS 578T	magnitude_g1.00	EX_mal__L_e	0.0	69.54957388179433	0.0	1.467454281502138e-06	0.0	6.009122890943945e-09	69.54957388179433	1.467454281502138e-06	6.009122890943945e-09	False	True	True	69.54957241434005	1.4614451586111942e-06	first_fixed_B1	0.0	0.0	0.0
BR:HS 578T	magnitude_g1.00	EX_met__L_e	-10.0	-0.5026982632120802	-4.285958568436987	-4.285922491544236	-4.28592263611544	-4.2859224914904805	9.49730173678792	3.607689275142434e-05	1.4462495911971018e-07	False	False	True	9.497265659895168	3.593226779230463e-05	first_fixed_B2	0.0	5.375522249551068e-11	0.0
BR:HS 578T	magnitude_g1.00	EX_nac_e	0.0	12.871302969659153	0.0	1.531952425838281e-07	0.0	6.345672252249998e-10	12.871302969659153	1.531952425838281e-07	6.345672252249998e-10	False	True	True	12.87130281646391	1.525606753586031e-07	first_fixed_B1	0.0	0.0	0.0
BR:HS 578T	magnitude_g1.00	EX_ncam_e	-10.0	0.0	-1.0960550145299335e-06	0.0	-4.514059795791551e-09	7.017018119203245e-26	10.0	1.0960550145299335e-06	4.514059795791551e-09	False	True	True	9.999998903944986	1.091540954734142e-06	first_fixed_B1	0.0	7.017018119203245e-26	0.0
BR:HS 578T	magnitude_g1.00	EX_orn_e	0.0	75.07460134290598	0.0	6.023698847660644e-07	0.0	2.5375008639526045e-09	75.07460134290598	6.023698847660644e-07	2.5375008639526045e-09	False	True	True	75.0746007405361	5.998323839021118e-07	first_fixed_B1	0.0	0.0	0.0
BR:HS 578T	magnitude_g1.00	EX_orot_e	0.0	16.576892935524832	0.0	2.4456050059829468e-08	0.0	1.0089500472265918e-10	16.576892935524832	2.4456050059829468e-08	1.0089500472265918e-10	False	True	True	16.576892911068782	2.4355155055106807e-08	first_fixed_B1	0.0	0.0	0.0
BR:HS 578T	magnitude_g1.00	EX_phe__L_e	-10.0	-0.8524036882104262	-0.8524052745464373	-0.8524036882104241	-0.8524036945896052	-0.8524036882104196	9.147596311789574	1.5863360132151172e-06	6.379185624183492e-09	False	True	True	9.14759472545356	1.5799568275909337e-06	first_fixed_B1	2.1094237467877974e-15	4.551914400963142e-15	0.0
BR:HS 578T	magnitude_g1.00	EX_pro__L_e	-10.0	73.71949939148276	-1.355103764407017	-1.3551016577513009	-1.355101958989061	-1.3551019501948223	83.71949939148276	2.1066557160942523e-06	8.79423867061746e-09	False	True	True	83.71949728482704	2.097861477423635e-06	first_fixed_B1	0.0	0.0	0.0
BR:HS 578T	magnitude_g1.00	EX_sbt__D_e	0.0	0.0	0.0	0.0	0.0	0.0	0.0	0.0	0.0	True	True	True	0.0	0.0	already_fixed_B0	0.0	0.0	0.0
BR:HS 578T	magnitude_g1.00	EX_ser__L_e	-10.0	57.23433743957334	-10.0	-9.999999902743255	-10.0	-9.999999999598682	67.23433743957334	9.72567448798145e-08	4.013180898709834e-10	False	True	True	67.23433734231659	9.685542678994352e-08	first_fixed_B1	0.0	0.0	0.0
BR:HS 578T	magnitude_g1.00	EX_sprm_e	0.0	3.3387831585264007	0.0	5.210010589755091e-09	0.0	2.7026635547331287e-11	3.3387831585264007	5.210010589755091e-09	2.7026635547331287e-11	False	True	True	3.33878315331639	5.18298395420776e-09	first_fixed_B1	0.0	0.0	0.0
BR:HS 578T	magnitude_g1.00	EX_srtn_e	0.0	8.61390890897742	0.0	3.8658219796743934e-08	0.0	1.6098169601580535e-10	8.61390890897742	3.8658219796743934e-08	1.6098169601580535e-10	False	True	True	8.6139088703192	3.8497238100728126e-08	first_fixed_B1	0.0	0.0	0.0
BR:HS 578T	magnitude_g1.00	EX_succ_e	0.0	115.44565627115217	15.01409778456944	15.01411934611749	15.01410130321522	15.014101405601162	115.44565627115217	2.156154804922039e-05	1.0238594150280278e-07	False	False	True	115.44563470960412	2.145916210771759e-05	first_fixed_B2	0.0	0.0	0.0
BR:HS 578T	magnitude_g1.00	EX_taur_e	0.0	16.909696464552468	0.0	3.198684899441639e-08	0.0	1.3573258361095964e-10	16.909696464552468	3.198684899441639e-08	1.3573258361095964e-10	False	True	True	16.909696432565617	3.185111641080543e-08	first_fixed_B1	0.0	0.0	0.0
BR:HS 578T	magnitude_g1.00	EX_tchola_e	0.0	1.4423577198570345	0.0	6.768048987160581e-09	0.0	5.3889556912529434e-11	1.4423577198570345	6.768048987160581e-09	5.3889556912529434e-11	False	True	True	1.4423577130889855	6.714159430248051e-09	first_fixed_B1	0.0	0.0	0.0
BR:HS 578T	magnitude_g1.00	EX_thr__L_e	-10.0	-1.0272564007096072	-1.027257728552335	-1.0272564007095653	-1.027256406227117	-1.0272564007096077	8.972743599290393	1.3278427697382966e-06	5.517509338304194e-09	False	True	True	8.972742271447624	1.3223252603999924e-06	first_fixed_B1	4.196643033083092e-14	0.0	0.0
BR:HS 578T	magnitude_g1.00	EX_thym_e	0.0	12.751456104250027	0.0	1.5446420018714557e-08	0.0	6.378779201370332e-11	12.751456104250027	1.5446420018714557e-08	6.378779201370332e-11	False	True	True	12.751456088803607	1.5382632226700856e-08	first_fixed_B1	0.0	0.0	0.0
BR:HS 578T	magnitude_g1.00	EX_thymd_e	0.0	9.041941601195571	0.0	1.0313425015466245e-08	0.0	4.338203973164939e-11	9.041941601195571	1.0313425015466245e-08	4.338203973164939e-11	False	True	True	9.041941590882146	1.0270042975734596e-08	first_fixed_B1	0.0	0.0	0.0
BR:HS 578T	magnitude_g1.00	EX_ump_e	0.0	6.071678091942398	0.0	7.748594532568453e-09	0.0	5.290110854657082e-11	6.071678091942398	7.748594532568453e-09	5.290110854657082e-11	False	True	True	6.071678084193803	7.695693424021882e-09	first_fixed_B1	0.0	0.0	0.0
BR:HS 578T	magnitude_g1.00	EX_ura_e	0.0	16.576892935525226	0.0	2.1623122705342408e-08	0.0	8.919133351207316e-11	16.576892935525226	2.1623122705342408e-08	8.919133351207316e-11	False	True	True	16.576892913902103	2.1533931371830335e-08	first_fixed_B1	0.0	0.0	0.0
BR:HS 578T	magnitude_g1.00	EX_urate_e	0.0	9.751113491485382	0.0	8.760112214542874e-09	0.0	4.1770173069994374e-11	9.751113491485382	8.760112214542874e-09	4.1770173069994374e-11	False	True	True	9.75111348272527	8.71834204147288e-09	first_fixed_B1	0.0	0.0	0.0
BR:HS 578T	magnitude_g1.00	EX_uri_e	0.0	10.811017131864451	0.0	1.2401509305331662e-08	0.0	5.114454067497338e-11	10.811017131864451	1.2401509305331662e-08	5.114454067497338e-11	False	True	True	10.811017119462942	1.2350364764656689e-08	first_fixed_B1	0.0	0.0	0.0
BR:HS 578T	magnitude_g1.00	EX_val__L_e	-10.0	-1.1583926498609252	-1.1583937294194293	-1.158392649860925	-1.1583926543421996	-1.158392649860925	8.841607350139075	1.079558504368805e-06	4.481274684664527e-09	False	True	True	8.84160627058057	1.0750772296841404e-06	first_fixed_B1	2.220446049250313e-16	0.0	0.0
BR:HS 578T	magnitude_g1.00	EX_xan_e	0.0	9.751113491485553	0.0	9.002410196628617e-09	0.0	3.881496307859718e-11	9.751113491485553	9.002410196628617e-09	3.881496307859718e-11	False	True	True	9.751113482483143	8.96359523355002e-09	first_fixed_B1	0.0	0.0	0.0
BR:MDA-MB-231	ordinal	EX_4abut_e	0.0	179.01124760682066	0.0	1.4441925602613549e-07	0.0	5.205668969094941e-09	179.01124760682066	1.4441925602613549e-07	5.205668969094941e-09	False	True	True	179.0112474624014	1.3921358705704055e-07	first_fixed_B1	0.0	0.0	0.0
BR:MDA-MB-231	ordinal	EX_L2aadp_e	0.0	10.926076398774978	0.0	8.232383750827739e-08	0.0	3.073494409955469e-09	10.926076398774978	8.232383750827739e-08	3.073494409955469e-09	False	True	True	10.926076316451141	7.925034309832192e-08	first_fixed_B1	0.0	0.0	0.0
BR:MDA-MB-231	ordinal	EX_Lkynr_e	0.0	8.61390890897742	0.0	4.351644060716111e-08	0.0	1.5813880300637e-09	8.61390890897742	4.351644060716111e-08	1.5813880300637e-09	False	True	True	8.61390886546098	4.193505257709741e-08	first_fixed_B1	0.0	0.0	0.0
BR:MDA-MB-231	ordinal	EX_ala__L_e	0.0	161.4259027078193	14.831740794276449	14.831744000499203	14.831742829949413	14.831742958449722	161.4259027078193	3.2062227539597643e-06	1.285003090600867e-07	False	True	True	161.42589950159655	3.0777224448996776e-06	first_fixed_B1	0.0	0.0	0.0
BR:MDA-MB-231	ordinal	EX_anth_e	0.0	8.613908908977418	0.0	3.8209050353853345e-08	0.0	1.38879907506244e-09	8.613908908977418	3.8209050353853345e-08	1.38879907506244e-09	False	True	True	8.613908870768368	3.682025127879091e-08	first_fixed_B1	0.0	0.0	0.0
BR:MDA-MB-231	ordinal	EX_cala_e	0.0	16.576892935525144	0.0	2.0336774543523032e-08	0.0	7.309401326888123e-10	16.576892935525144	2.0336774543523032e-08	7.309401326888123e-10	False	True	True	16.57689291518837	1.960583441083422e-08	first_fixed_B1	0.0	0.0	0.0
BR:MDA-MB-231	ordinal	EX_chol_e	-10.0	5.802857235090938	-3.4459875022613633	-3.445985500112934	-3.445986938407028	-3.4459868572296357	15.802857235090938	2.0021484292698233e-06	8.117739236368493e-08	False	True	True	15.802855232942509	1.9209710369061384e-06	first_fixed_B1	0.0	0.0	0.0
BR:MDA-MB-231	ordinal	EX_cholp_e	0.0	6.071678091942405	0.0	4.89869776999561e-08	0.0	1.757210572809813e-09	6.071678091942405	4.89869776999561e-08	1.757210572809813e-09	False	True	True	6.071678042955427	4.722976712714629e-08	first_fixed_B1	0.0	0.0	0.0
BR:MDA-MB-231	ordinal	EX_cit_e	0.0	62.319508811365594	5.063132195280768	5.063140400787695	5.063137265772325	5.063137759336129	62.319508811365594	8.205506927261297e-06	4.935638040493018e-07	False	True	True	62.319500605858664	7.711943123211995e-06	first_fixed_B1	0.0	0.0	0.0
BR:MDA-MB-231	ordinal	EX_cmp_e	0.0	0.0	0.0	0.0	0.0	4.05613279186018e-10	0.0	0.0	4.05613279186018e-10	True	True	True	0.0	-4.05613279186018e-10	already_fixed_B0	0.0	4.05613279186018e-10	0.0
BR:MDA-MB-231	ordinal	EX_crn_e	-1.0	-3.3306690738754696e-16	-8.345890384342525e-07	2.220446049250313e-16	-3.3271344839218934e-08	1.8611775294434863e-15	0.9999999999999997	8.345890386562971e-07	3.327134670039646e-08	False	True	True	0.999999165410961	8.013176919559006e-07	first_fixed_B1	5.551115123125783e-16	1.639132924518455e-15	3.3306690738754696e-16
BR:MDA-MB-231	ordinal	EX_cytd_e	0.0	10.81101713186418	0.0	1.0894228267520824e-08	0.0	4.054386466082796e-10	10.81101713186418	1.0894228267520824e-08	4.054386466082796e-10	False	True	True	10.811017120969952	1.0488789620912545e-08	first_fixed_B1	0.0	0.0	0.0
BR:MDA-MB-231	ordinal	EX_dhap_e	0.0	6.071678091942327	0.0	2.8328675953139984e-08	0.0	1.0236557366527779e-09	6.071678091942327	2.8328675953139984e-08	1.0236557366527779e-09	False	True	True	6.071678063613651	2.7305020216487207e-08	first_fixed_B1	0.0	0.0	0.0
BR:MDA-MB-231	ordinal	EX_duri_e	0.0	10.811017131864169	0.0	1.0946887095332161e-08	0.0	4.003826173435271e-10	10.811017131864169	1.0946887095332161e-08	4.003826173435271e-10	False	True	True	10.811017120917281	1.0546504477988634e-08	first_fixed_B1	0.0	0.0	0.0
BR:MDA-MB-231	ordinal	EX_fum_e	0.0	75.07460134290541	11.293226901802425	11.29325395524852	11.293228673166594	11.293229100438102	75.07460134290541	2.705344609488236e-05	4.272715088404766e-07	False	False	True	75.07457428945932	2.6626174586041884e-05	first_fixed_B2	0.0	0.0	0.0
BR:MDA-MB-231	ordinal	EX_glcur_e	0.0	18.283735368672726	0.0	4.363821105936065e-08	0.0	1.572425413462309e-09	18.283735368672726	4.363821105936065e-08	1.572425413462309e-09	False	True	True	18.283735325034517	4.2065785645898345e-08	first_fixed_B1	0.0	0.0	0.0
BR:MDA-MB-231	ordinal	EX_gln__L_e	-10.0	31.44223233881293	-10.0	-9.999999382152993	-10.0	-9.999999978818941	41.44223233881293	6.178470073336939e-07	2.11810586847605e-08	False	True	True	41.44223172096592	5.966659486489334e-07	first_fixed_B1	0.0	0.0	0.0
BR:MDA-MB-231	ordinal	EX_glu__L_e	-10.0	65.07460134290554	-10.0	-9.999999518436201	-10.0	-9.999999982679096	75.07460134290554	4.815637986155252e-07	1.732090382233764e-08	False	True	True	75.07460086134174	4.642428947931876e-07	first_fixed_B1	0.0	0.0	0.0
BR:MDA-MB-231	ordinal	EX_gly_e	-10.0	136.67340860229442	-10.0	-9.999998312010725	-10.0	-9.999999927246064	146.67340860229442	1.6879892754673165e-06	7.275393620886916e-08	False	True	True	146.67340691430513	1.6152353392584473e-06	first_fixed_B1	0.0	0.0	0.0
BR:MDA-MB-231	ordinal	EX_glyald_e	0.0	58.40513229375357	0.0	5.982898626307018e-08	0.0	2.174058303340318e-09	58.40513229375357	5.982898626307018e-08	2.174058303340318e-09	False	True	True	58.40513223392458	5.765492795972987e-08	first_fixed_B1	0.0	0.0	0.0
BR:MDA-MB-231	ordinal	EX_glyc3p_e	0.0	6.071678091942406	0.0	2.6723509614686457e-08	0.0	9.653746393078427e-10	6.071678091942406	2.6723509614686457e-08	9.653746393078427e-10	False	True	True	6.071678065218896	2.5758134975378613e-08	first_fixed_B1	0.0	0.0	0.0
BR:MDA-MB-231	ordinal	EX_hom__L_e	0.0	0.0	0.0	0.0	0.0	0.0	0.0	0.0	0.0	True	True	True	0.0	0.0	already_fixed_B0	0.0	0.0	0.0
BR:MDA-MB-231	ordinal	EX_hxan_e	0.0	9.75111349148557	0.0	8.737093701024476e-09	0.0	3.695854910635557e-10	9.75111349148557	8.737093701024476e-09	3.695854910635557e-10	False	True	True	9.751113482748478	8.36750820996092e-09	first_fixed_B1	0.0	0.0	0.0
BR:MDA-MB-231	ordinal	EX_icit_e	0.0	62.31950881136539	0.0	7.184384437105009e-07	0.0	2.597640949900687e-08	62.31950881136539	7.184384437105009e-07	2.597640949900687e-08	False	True	True	62.319508092926945	6.92462034211494e-07	first_fixed_B1	0.0	0.0	0.0
BR:MDA-MB-231	ordinal	EX_ins_e	0.0	7.422489374115851	0.0	6.330973406798591e-09	0.0	2.2828054809626872e-10	7.422489374115851	6.330973406798591e-09	2.2828054809626872e-10	False	True	True	7.422489367784878	6.102692858702323e-09	first_fixed_B1	0.0	0.0	0.0
BR:MDA-MB-231	ordinal	EX_lac__L_e	-1.0	108.03961591890892	16.025187491153606	16.02519033857879	16.025188839710143	16.025188952614606	109.03961591890892	2.847425182750385e-06	1.1290446266798426e-07	False	True	True	109.03961307148374	2.7345207200824007e-06	first_fixed_B1	0.0	0.0	0.0
BR:MDA-MB-231	ordinal	EX_leu__L_e	-10.0	-1.7922337326704607	-1.7922363346430752	-1.7922337326701498	-1.7922338352542753	-1.7922337326707907	8.20776626732954	2.6019729253423662e-06	1.0258348459579736e-07	False	True	True	8.207763665356614	2.499389440746569e-06	first_fixed_B1	3.1086244689504383e-13	0.0	3.4416913763379853e-13
BR:MDA-MB-231	ordinal	EX_lys__L_e	-10.0	-1.9452265708841594	-10.0	-9.99999179771457	-10.0	-9.999999403381365	8.05477342911584	8.202285430414236e-06	5.96618635384516e-07	False	True	True	8.05476522683041	7.60566679502972e-06	first_fixed_B1	0.0	0.0	0.0
BR:MDA-MB-231	ordinal	EX_mal__L_e	0.0	69.54957388179433	0.0	7.311985452622532e-07	0.0	2.7154396754094153e-08	69.54957388179433	7.311985452622532e-07	2.7154396754094153e-08	False	True	True	69.54957315059579	7.04044148508159e-07	first_fixed_B1	0.0	0.0	0.0
BR:MDA-MB-231	ordinal	EX_met__L_e	-10.0	-0.5026982632120802	-2.1812001217700576	-2.1811857143090276	-2.1811984316339985	-2.1811980403094964	9.49730173678792	1.4407461029986024e-05	3.913245021358591e-07	False	False	True	9.49728732932689	1.4016136527850165e-05	first_fixed_B2	0.0	0.0	0.0
BR:MDA-MB-231	ordinal	EX_nac_e	0.0	12.871302969659153	0.0	1.2422321757291888e-07	0.0	4.495702660146849e-09	12.871302969659153	1.2422321757291888e-07	4.495702660146849e-09	False	True	True	12.871302845435935	1.1972751491277203e-07	first_fixed_B1	0.0	0.0	3.7791640799099086e-16
BR:MDA-MB-231	ordinal	EX_ncam_e	-10.0	0.0	-8.486871298802585e-07	-1.881260629448856e-13	-2.980676535944713e-08	-5.84882922971468e-25	10.0	8.486869417541956e-07	2.980676535944713e-08	False	True	True	9.999999151313059	8.188801763947485e-07	first_fixed_B1	0.0	1.881260629443007e-13	1.881260629448856e-13
BR:MDA-MB-231	ordinal	EX_orn_e	0.0	75.07460134290598	0.0	2.0883173103773453e-07	0.0	7.656900962046795e-09	75.07460134290598	2.0883173103773453e-07	7.656900962046795e-09	False	True	True	75.07460113407424	2.0117483007568773e-07	first_fixed_B1	0.0	0.0	0.0
BR:MDA-MB-231	ordinal	EX_orot_e	0.0	16.576892935524832	0.0	2.3131708581490856e-08	0.0	8.290248230937188e-10	16.576892935524832	2.3131708581490856e-08	8.290248230937188e-10	False	True	True	16.576892912393124	2.2302683758397136e-08	first_fixed_B1	0.0	0.0	0.0
BR:MDA-MB-231	ordinal	EX_phe__L_e	-10.0	-0.8524036882104262	-2.157381072497323	-2.157365600428994	-2.157378306297353	-2.1573776159262703	9.147596311789574	1.5472068328747923e-05	6.903710825234555e-07	False	False	True	9.147580839721245	1.4781697246224468e-05	first_fixed_B2	0.0	0.0	0.0
BR:MDA-MB-231	ordinal	EX_pro__L_e	-10.0	73.71949939148276	-1.355104123946023	-1.3551017921328394	-1.3551020180392952	-1.3551019456783993	83.71949939148276	2.3318131836536082e-06	7.236089594186979e-08	False	True	True	83.71949705966958	2.2594522877117384e-06	first_fixed_B1	0.0	0.0	0.0
BR:MDA-MB-231	ordinal	EX_sbt__D_e	0.0	0.0	0.0	0.0	0.0	0.0	0.0	0.0	0.0	True	True	True	0.0	0.0	already_fixed_B0	0.0	0.0	0.0
BR:MDA-MB-231	ordinal	EX_ser__L_e	-10.0	57.23433743957334	-10.0	-9.999999931324766	-10.0	-9.999999997489438	67.23433743957334	6.867523438813805e-08	2.5105624246180014e-09	False	True	True	67.2343373708981	6.616467196352005e-08	first_fixed_B1	0.0	0.0	0.0
BR:MDA-MB-231	ordinal	EX_sprm_e	0.0	3.3387831585264007	0.0	4.665054084791729e-09	0.0	1.7112816629778354e-10	3.3387831585264007	4.665054084791729e-09	1.7112816629778354e-10	False	True	True	3.3387831538613466	4.493925918493945e-09	first_fixed_B1	0.0	0.0	0.0
BR:MDA-MB-231	ordinal	EX_srtn_e	0.0	8.61390890897742	0.0	3.9966609591016975e-08	0.0	1.4353969333443377e-09	8.61390890897742	3.9966609591016975e-08	1.4353969333443377e-09	False	True	True	8.61390886901081	3.8531212657672635e-08	first_fixed_B1	0.0	0.0	0.0
BR:MDA-MB-231	ordinal	EX_succ_e	0.0	115.44565627115217	12.641266476969433	12.641268846169412	12.641267171656638	12.641267263172526	115.44565627115217	2.3691999793129526e-06	9.151588820088818e-08	False	True	True	115.4456539019522	2.2776840911120644e-06	first_fixed_B1	0.0	0.0	0.0
BR:MDA-MB-231	ordinal	EX_taur_e	0.0	16.909696464552468	0.0	3.2981325683215025e-08	0.0	1.1932477065483766e-09	16.909696464552468	3.2981325683215025e-08	1.1932477065483766e-09	False	True	True	16.90969643157114	3.178807797666665e-08	first_fixed_B1	0.0	0.0	0.0
BR:MDA-MB-231	ordinal	EX_tchola_e	0.0	1.4423577198570345	0.0	7.13054783558487e-09	0.0	4.192926894044348e-10	1.4423577198570345	7.13054783558487e-09	4.192926894044348e-10	False	True	True	1.4423577127264866	6.711255146180435e-09	first_fixed_B1	0.0	0.0	0.0
BR:MDA-MB-231	ordinal	EX_thr__L_e	-10.0	-1.0272564007096072	-1.0272585732345263	-1.0272564007096072	-1.0272564673496498	-1.0272564007096074	8.972743599290393	2.1725249190751583e-06	6.664004237322274e-08	False	True	True	8.972741426765474	2.1058848767019356e-06	first_fixed_B1	0.0	0.0	0.0
BR:MDA-MB-231	ordinal	EX_thym_e	0.0	12.751456104250027	0.0	1.4504841895525663e-08	0.0	5.536198918744201e-10	12.751456104250027	1.4504841895525663e-08	5.536198918744201e-10	False	True	True	12.751456089745185	1.3951222003651243e-08	first_fixed_B1	0.0	0.0	0.0
BR:MDA-MB-231	ordinal	EX_thymd_e	0.0	9.041941601195571	0.0	9.051862226653552e-09	0.0	3.2682981166254393e-10	9.041941601195571	9.051862226653552e-09	3.2682981166254393e-10	False	True	True	9.04194159214371	8.725032414991008e-09	first_fixed_B1	0.0	0.0	0.0
BR:MDA-MB-231	ordinal	EX_ump_e	0.0	6.071678091942398	0.0	7.0484931345482675e-09	0.0	4.0392262389396646e-10	6.071678091942398	7.0484931345482675e-09	4.0392262389396646e-10	False	True	True	6.071678084893905	6.644570510654301e-09	first_fixed_B1	0.0	0.0	0.0
BR:MDA-MB-231	ordinal	EX_ura_e	0.0	16.576892935525226	0.0	2.1110835641470306e-08	0.0	7.598270716128884e-10	16.576892935525226	2.1110835641470306e-08	7.598270716128884e-10	False	True	True	16.57689291441439	2.0351008569857417e-08	first_fixed_B1	0.0	0.0	0.0
BR:MDA-MB-231	ordinal	EX_urate_e	0.0	9.751113491485382	0.0	8.34086376834222e-09	0.0	3.067150703414773e-10	9.751113491485382	8.34086376834222e-09	3.067150703414773e-10	False	True	True	9.751113483144518	8.034148698000741e-09	first_fixed_B1	0.0	0.0	0.0
BR:MDA-MB-231	ordinal	EX_uri_e	0.0	10.811017131864451	0.0	1.1003020916312646e-08	0.0	3.9719483073371526e-10	10.811017131864451	1.1003020916312646e-08	3.9719483073371526e-10	False	True	True	10.81101712086143	1.0605826085578932e-08	first_fixed_B1	0.0	0.0	0.0
BR:MDA-MB-231	ordinal	EX_val__L_e	-10.0	-1.1583926498609252	-1.1583954868175252	-1.158392649860925	-1.1583927399307115	-1.1583926498609225	8.841607350139075	2.8369566003050295e-06	9.006978896053397e-08	False	True	True	8.841604513182475	2.7468868113444955e-06	first_fixed_B1	2.220446049250313e-16	2.4424906541753444e-15	1.1625145290850014e-11
BR:MDA-MB-231	ordinal	EX_xan_e	0.0	9.751113491485553	0.0	8.612227418148896e-09	0.0	3.132732572721772e-10	9.751113491485553	8.612227418148896e-09	3.132732572721772e-10	False	True	True	9.751113482873325	8.298954160876718e-09	first_fixed_B1	0.0	0.0	0.0
LC:HOP-62	magnitude_g1.00	EX_4abut_e	0.0	179.01124760682066	0.0	2.42373925803982e-07	0.0	3.864579390232789e-09	179.01124760682066	2.42373925803982e-07	3.864579390232789e-09	False	True	True	179.01124736444675	2.3850934641374917e-07	first_fixed_B1	0.0	0.0	0.0
LC:HOP-62	magnitude_g1.00	EX_L2aadp_e	0.0	10.926076398774978	0.0	9.92010536938633e-08	0.0	1.5448859300701665e-09	10.926076398774978	9.92010536938633e-08	1.5448859300701665e-09	False	True	True	10.926076299573923	9.765616776379313e-08	first_fixed_B1	0.0	0.0	0.0
LC:HOP-62	magnitude_g1.00	EX_Lkynr_e	0.0	8.61390890897742	0.0	4.350516206729418e-08	0.0	6.601356147945889e-10	8.61390890897742	4.350516206729418e-08	6.601356147945889e-10	False	True	True	8.613908865472258	4.284502645249959e-08	first_fixed_B1	0.0	0.0	0.0
LC:HOP-62	magnitude_g1.00	EX_ala__L_e	0.0	161.4259027078193	11.2724891707063	11.272492634296722	11.27249169169153	11.272491748006452	161.4259027078193	3.463590420693663e-06	5.631492250302017e-08	False	True	True	161.42589924422887	3.407275498190643e-06	first_fixed_B1	0.0	0.0	0.0
LC:HOP-62	magnitude_g1.00	EX_anth_e	0.0	8.613908908977418	0.0	3.9038324746782164e-08	0.0	5.934844953075915e-10	8.613908908977418	3.9038324746782164e-08	5.934844953075915e-10	False	True	True	8.613908869939094	3.844484025147457e-08	first_fixed_B1	0.0	0.0	0.0
LC:HOP-62	magnitude_g1.00	EX_cala_e	0.0	16.576892935525144	0.0	2.1022319475831336e-08	0.0	3.7205135393565875e-10	16.576892935525144	2.1022319475831336e-08	3.7205135393565875e-10	False	True	True	16.576892914502825	2.0650268121895677e-08	first_fixed_B1	0.0	0.0	0.0
LC:HOP-62	magnitude_g1.00	EX_chol_e	-10.0	5.802857235090938	-2.2595708800909624	-2.2595697180093284	-2.2595698706573546	-2.259569852745564	15.802857235090938	1.162081634031864e-06	1.791179071730653e-08	False	True	True	15.802856073009304	1.1441698433145575e-06	first_fixed_B1	0.0	0.0	0.0
LC:HOP-62	magnitude_g1.00	EX_cholp_e	0.0	6.071678091942405	0.0	5.445440961927414e-08	0.0	8.425547982445741e-10	6.071678091942405	5.445440961927414e-08	8.425547982445741e-10	False	True	True	6.071678037487995	5.361185482102956e-08	first_fixed_B1	0.0	0.0	0.0
LC:HOP-62	magnitude_g1.00	EX_cit_e	0.0	62.319508811365594	0.0	1.5501400488115092e-06	0.0	2.169304408310389e-08	62.319508811365594	1.5501400488115092e-06	2.169304408310389e-08	False	True	True	62.319507261225546	1.5284470047284054e-06	first_fixed_B1	0.0	0.0	0.0
LC:HOP-62	magnitude_g1.00	EX_cmp_e	0.0	0.0	0.0	0.0	0.0	2.0621764028079904e-10	0.0	0.0	2.0621764028079904e-10	True	True	True	0.0	-2.0621764028079904e-10	already_fixed_B0	0.0	2.0621764028079904e-10	0.0
LC:HOP-62	magnitude_g1.00	EX_crn_e	-1.0	-3.3306690738754696e-16	-2.7972893523742215e-06	-1.6653345369377348e-15	-5.217582164976133e-08	1.6822714145070645e-14	0.9999999999999997	2.797289350708887e-06	5.217583847247548e-08	False	True	True	0.999997202710649	2.7451135122364116e-06	first_fixed_B1	0.0	1.848804868200838e-14	1.6653345369377348e-15
LC:HOP-62	magnitude_g1.00	EX_cytd_e	0.0	10.81101713186418	0.0	1.2635987149086888e-08	0.0	2.0368937946408423e-10	10.81101713186418	1.2635987149086888e-08	2.0368937946408423e-10	False	True	True	10.811017119228193	1.2432297769622804e-08	first_fixed_B1	0.0	0.0	0.0
LC:HOP-62	magnitude_g1.00	EX_dhap_e	0.0	6.071678091942327	0.0	3.5621921520610435e-08	0.0	5.509022227448146e-10	6.071678091942327	3.5621921520610435e-08	5.509022227448146e-10	False	True	True	6.071678056320406	3.507101929786562e-08	first_fixed_B1	0.0	0.0	0.0
LC:HOP-62	magnitude_g1.00	EX_duri_e	0.0	10.811017131864169	0.0	1.2676853846290233e-08	0.0	2.0469345114256331e-10	10.811017131864169	1.2676853846290233e-08	2.0469345114256331e-10	False	True	True	10.811017119187316	1.247216039514767e-08	first_fixed_B1	0.0	0.0	0.0
LC:HOP-62	magnitude_g1.00	EX_fum_e	0.0	75.07460134290541	16.18386957006371	16.18389373372598	16.183869570076105	16.18386998330752	75.07460134290541	2.416366227109279e-05	4.1323141530824614e-07	False	False	True	75.07457717924314	2.3750430855784543e-05	first_fixed_B2	0.0	0.0	0.0
LC:HOP-62	magnitude_g1.00	EX_glcur_e	0.0	18.283735368672726	0.0	4.2768259010824316e-08	0.0	6.474711885360767e-10	18.283735368672726	4.2768259010824316e-08	6.474711885360767e-10	False	True	True	18.283735325904466	4.212078782228824e-08	first_fixed_B1	0.0	0.0	0.0
LC:HOP-62	magnitude_g1.00	EX_gln__L_e	-10.0	31.44223233881293	-10.0	-9.999998641363058	-10.0	-9.99999997952369	41.44223233881293	1.3586369416174193e-06	2.0476310425010524e-08	False	True	True	41.442230980175985	1.3381606311924088e-06	first_fixed_B1	0.0	0.0	0.0
LC:HOP-62	magnitude_g1.00	EX_glu__L_e	-10.0	65.07460134290554	-10.0	-9.99999918491859	-10.0	-9.999999987440017	75.07460134290554	8.150814103657922e-07	1.2559983275650666e-08	False	True	True	75.07460052782413	8.025214270901415e-07	first_fixed_B1	0.0	0.0	0.0
LC:HOP-62	magnitude_g1.00	EX_gly_e	-10.0	136.67340860229442	-6.440750616085837	-6.440747186698305	-6.440748843496064	-6.4407487857096335	146.67340860229442	3.4293875321722567e-06	5.778643075160517e-08	False	True	True	146.67340517290688	3.3716011014206515e-06	first_fixed_B1	0.0	0.0	0.0
LC:HOP-62	magnitude_g1.00	EX_glyald_e	0.0	58.40513229375357	0.0	8.549132959824714e-08	0.0	1.3224815100923484e-09	58.40513229375357	8.549132959824714e-08	1.3224815100923484e-09	False	True	True	58.40513220826224	8.416884808815479e-08	first_fixed_B1	0.0	0.0	0.0
LC:HOP-62	magnitude_g1.00	EX_glyc3p_e	0.0	6.071678091942406	0.0	3.4585280416796304e-08	0.0	5.353552926300589e-10	6.071678091942406	3.4585280416796304e-08	5.353552926300589e-10	False	True	True	6.071678057357126	3.4049925124166245e-08	first_fixed_B1	0.0	0.0	0.0
LC:HOP-62	magnitude_g1.00	EX_hom__L_e	0.0	0.0	0.0	0.0	0.0	0.0	0.0	0.0	0.0	True	True	True	0.0	0.0	already_fixed_B0	0.0	0.0	0.0
LC:HOP-62	magnitude_g1.00	EX_hxan_e	0.0	9.75111349148557	0.0	9.65751907658053e-09	0.0	1.793446976964228e-10	9.75111349148557	9.65751907658053e-09	1.793446976964228e-10	False	True	True	9.751113481828051	9.478174378884107e-09	first_fixed_B1	0.0	0.0	0.0
LC:HOP-62	magnitude_g1.00	EX_icit_e	0.0	62.31950881136539	0.0	7.580963858953045e-07	0.0	1.1360650816796585e-08	62.31950881136539	7.580963858953045e-07	1.1360650816796585e-08	False	True	True	62.319508053269004	7.467357350785079e-07	first_fixed_B1	0.0	0.0	0.0
LC:HOP-62	magnitude_g1.00	EX_ins_e	0.0	7.422489374115851	0.0	7.3189239830590026e-09	0.0	1.1309540600384775e-10	7.422489374115851	7.3189239830590026e-09	1.1309540600384775e-10	False	True	True	7.422489366796927	7.205828577055155e-09	first_fixed_B1	0.0	0.0	0.0
LC:HOP-62	magnitude_g1.00	EX_lac__L_e	-1.0	108.03961591890892	11.058766392304797	11.05880091811394	11.058800339391661	11.058800917953938	109.03961591890892	3.4525809143204356e-05	5.785622771981025e-07	False	False	True	109.03958139309978	3.394724686600625e-05	first_fixed_B2	0.0	0.0	0.0
LC:HOP-62	magnitude_g1.00	EX_leu__L_e	-10.0	-1.7922337326704607	-1.792234775465902	-1.7922337326706081	-1.7922337486297737	-1.7922337326705389	8.20776626732954	1.0427952938929508e-06	1.595923482256012e-08	False	True	True	8.207765224534246	1.0268360590703907e-06	first_fixed_B1	0.0	6.927791673660977e-14	1.609823385706477e-13
LC:HOP-62	magnitude_g1.00	EX_lys__L_e	-10.0	-1.9452265708841594	-1.9452291111461637	-1.9452265708841598	-1.9452266093413888	-1.945226570884162	8.05477342911584	2.5402620038583734e-06	3.8457226736454686e-08	False	True	True	8.054770888853836	2.5018047771219187e-06	first_fixed_B1	0.0	0.0	0.0
LC:HOP-62	magnitude_g1.00	EX_mal__L_e	0.0	69.54957388179433	0.0	1.5709397063024243e-06	0.0	2.442905516764677e-08	69.54957388179433	1.5709397063024243e-06	2.442905516764677e-08	False	True	True	69.54957231085463	1.5465106511347775e-06	first_fixed_B1	0.0	0.0	0.0
LC:HOP-62	magnitude_g1.00	EX_met__L_e	-10.0	-0.5026982632120802	-4.271603688706188	-4.271587577113508	-4.2715963322123285	-4.271596062564745	9.49730173678792	1.6111592679557418e-05	2.6964758337300054e-07	False	False	True	9.49728562519524	1.5841945096184418e-05	first_fixed_B2	0.0	0.0	0.0
LC:HOP-62	magnitude_g1.00	EX_nac_e	0.0	12.871302969659153	0.0	1.656645326278455e-07	0.0	2.5690580126966264e-09	12.871302969659153	1.656645326278455e-07	2.5690580126966264e-09	False	True	True	12.87130280399462	1.6309547461514888e-07	first_fixed_B1	0.0	0.0	0.0
LC:HOP-62	magnitude_g1.00	EX_ncam_e	-10.0	0.0	-1.0920158239309879e-06	-1.1046292517142386e-12	-1.6692147151960012e-08	-1.9706911179849226e-24	10.0	1.0920147193017362e-06	1.669214715196001e-08	False	True	True	9.999998907985281	1.0753225721497762e-06	first_fixed_B1	0.0	1.104629251712268e-12	1.1046292517142386e-12
LC:HOP-62	magnitude_g1.00	EX_orn_e	0.0	75.07460134290598	0.0	5.359053566164208e-07	0.0	8.589039243204389e-09	75.07460134290598	5.359053566164208e-07	8.589039243204389e-09	False	True	True	75.07460080700062	5.273163173732164e-07	first_fixed_B1	0.0	0.0	0.0
LC:HOP-62	magnitude_g1.00	EX_orot_e	0.0	16.576892935524832	0.0	2.5446953195911793e-08	0.0	3.92454927027631e-10	16.576892935524832	2.5446953195911793e-08	3.92454927027631e-10	False	True	True	16.576892910077877	2.505449826888416e-08	first_fixed_B1	0.0	0.0	0.0
LC:HOP-62	magnitude_g1.00	EX_phe__L_e	-10.0	-0.8524036882104262	-0.8524052204198895	-0.8524036882104493	-0.8524037103115477	-0.8524036882104269	9.147596311789574	1.5322094402137054e-06	2.210112082234872e-08	False	True	True	9.147594779580134	1.5101083193913567e-06	first_fixed_B1	0.0	2.2426505097428162e-14	2.042810365310288e-14
LC:HOP-62	magnitude_g1.00	EX_pro__L_e	-10.0	73.71949939148276	-1.355103538736831	-1.3551016864077368	-1.3551019758409666	-1.3551019472274224	83.71949939148276	1.8523290943317505e-06	2.8613544200695173e-08	False	True	True	83.71949753915366	1.8237155501310554e-06	first_fixed_B1	0.0	0.0	0.0
LC:HOP-62	magnitude_g1.00	EX_sbt__D_e	0.0	0.0	0.0	0.0	0.0	0.0	0.0	0.0	0.0	True	True	True	0.0	0.0	already_fixed_B0	0.0	0.0	0.0
LC:HOP-62	magnitude_g1.00	EX_ser__L_e	-10.0	57.23433743957334	-10.0	-9.999999895464953	-10.0	-9.999999998386182	67.23433743957334	1.0453504728502594e-07	1.6138184122382881e-09	False	True	True	67.23433733503829	1.0292122887278765e-07	first_fixed_B1	0.0	0.0	0.0
LC:HOP-62	magnitude_g1.00	EX_sprm_e	0.0	3.3387831585264007	0.0	5.437178472035981e-09	0.0	1.0585050324778113e-10	3.3387831585264007	5.437178472035981e-09	1.0585050324778113e-10	False	True	True	3.3387831530892225	5.331327968788199e-09	first_fixed_B1	0.0	0.0	0.0
LC:HOP-62	magnitude_g1.00	EX_srtn_e	0.0	8.61390890897742	0.0	4.141240502634157e-08	0.0	6.298705174712762e-10	8.61390890897742	4.141240502634157e-08	6.298705174712762e-10	False	True	True	8.613908867565016	4.078253450887029e-08	first_fixed_B1	0.0	0.0	0.0
LC:HOP-62	magnitude_g1.00	EX_succ_e	0.0	115.44565627115217	15.014100420391365	15.014103478571608	15.014101306688966	15.014101356605552	115.44565627115217	3.0581802423768067e-06	4.9916586419840314e-08	False	True	True	115.44565321297193	3.0082636559569664e-06	first_fixed_B1	0.0	0.0	0.0
LC:HOP-62	magnitude_g1.00	EX_taur_e	0.0	16.909696464552468	0.0	3.4282184203493685e-08	0.0	5.219113056901686e-10	16.909696464552468	3.4282184203493685e-08	5.219113056901686e-10	False	True	True	16.909696430270284	3.376027289780351e-08	first_fixed_B1	0.0	0.0	0.0
LC:HOP-62	magnitude_g1.00	EX_tchola_e	0.0	1.4423577198570345	0.0	7.290740778401486e-09	0.0	2.1166436802952402e-10	1.4423577198570345	7.290740778401486e-09	2.1166436802952402e-10	False	True	True	1.4423577125662939	7.079076410371962e-09	first_fixed_B1	0.0	0.0	0.0
LC:HOP-62	magnitude_g1.00	EX_thr__L_e	-10.0	-1.0272564007096072	-1.0272575166267846	-1.0272564007096077	-1.0272564178527925	-1.0272564007096077	8.972743599290393	1.1159171768859721e-06	1.714318487167077e-08	False	True	True	8.972742483373215	1.0987739920143014e-06	first_fixed_B1	0.0	0.0	2.220446049250313e-16
LC:HOP-62	magnitude_g1.00	EX_thym_e	0.0	12.751456104250027	0.0	1.635642917972089e-08	0.0	2.5230567642327364e-10	12.751456104250027	1.635642917972089e-08	2.5230567642327364e-10	False	True	True	12.751456087893597	1.6104123503297616e-08	first_fixed_B1	0.0	0.0	0.0
LC:HOP-62	magnitude_g1.00	EX_thymd_e	0.0	9.041941601195571	0.0	1.0743438474198718e-08	0.0	1.690860352779375e-10	9.041941601195571	1.0743438474198718e-08	1.690860352779375e-10	False	True	True	9.041941590452133	1.0574352438920781e-08	first_fixed_B1	0.0	0.0	0.0
LC:HOP-62	magnitude_g1.00	EX_ump_e	0.0	6.071678091942398	0.0	8.057228185326126e-09	0.0	2.071838387693207e-10	6.071678091942398	8.057228185326126e-09	2.071838387693207e-10	False	True	True	6.07167808388517	7.850044346556805e-09	first_fixed_B1	0.0	0.0	0.0
LC:HOP-62	magnitude_g1.00	EX_ura_e	0.0	16.576892935525226	0.0	2.2760387020483286e-08	0.0	3.5090734176489615e-10	16.576892935525226	2.2760387020483286e-08	3.5090734176489615e-10	False	True	True	16.57689291276484	2.240947967871839e-08	first_fixed_B1	0.0	0.0	0.0
LC:HOP-62	magnitude_g1.00	EX_urate_e	0.0	9.751113491485382	0.0	9.230025272978819e-09	0.0	1.4699575879218803e-10	9.751113491485382	9.230025272978819e-09	1.4699575879218803e-10	False	True	True	9.751113482255358	9.083029514186631e-09	first_fixed_B1	0.0	0.0	0.0
LC:HOP-62	magnitude_g1.00	EX_uri_e	0.0	10.811017131864451	0.0	1.2985148532783124e-08	0.0	2.0047563352360535e-10	10.811017131864451	1.2985148532783124e-08	2.0047563352360535e-10	False	True	True	10.811017118879303	1.278467289925952e-08	first_fixed_B1	0.0	0.0	0.0
LC:HOP-62	magnitude_g1.00	EX_val__L_e	-10.0	-1.1583926498609252	-1.1583936650479736	-1.1583926498616322	-1.158392665409854	-1.158392649860925	8.841607350139075	1.0151863414353812e-06	1.5548929033215586e-08	False	True	True	8.841606334952733	9.996374124021656e-07	first_fixed_B1	0.0	7.072120666862247e-13	5.050404539019837e-12
LC:HOP-62	magnitude_g1.00	EX_xan_e	0.0	9.751113491485553	0.0	9.489144248617022e-09	0.0	1.473148930931717e-10	9.751113491485553	9.489144248617022e-09	1.473148930931717e-10	False	True	True	9.75111348199641	9.34182935552385e-09	first_fixed_B1	0.0	0.0	0.0
CO:HT29	ordinal	EX_4abut_e	0.0	179.01124760682066	0.0	1.7599439702699578e-07	0.0	3.438324005489719e-10	179.01124760682066	1.7599439702699578e-07	3.438324005489719e-10	False	True	True	179.01124743082627	1.756505646264468e-07	first_fixed_B1	0.0	0.0	0.0
CO:HT29	ordinal	EX_L2aadp_e	0.0	10.926076398774978	0.0	6.543386088802742e-08	0.0	1.381624518375275e-10	10.926076398774978	6.543386088802742e-08	1.381624518375275e-10	False	True	True	10.926076333341117	6.52956984361899e-08	first_fixed_B1	0.0	0.0	0.0
CO:HT29	ordinal	EX_Lkynr_e	0.0	8.61390890897742	0.0	3.669404154111812e-08	0.0	7.166645137357468e-11	8.61390890897742	3.669404154111812e-08	7.166645137357468e-11	False	True	True	8.613908872283378	3.662237508974454e-08	first_fixed_B1	0.0	0.0	0.0
CO:HT29	ordinal	EX_ala__L_e	0.0	161.4259027078193	13.5295455461328	13.52955187115883	13.529547823787427	13.529547836427765	161.4259027078193	6.3250260300407035e-06	1.2640338553637775e-08	False	True	True	161.42589638279327	6.312385691487066e-06	first_fixed_B1	0.0	0.0	0.0
CO:HT29	ordinal	EX_anth_e	0.0	8.613908908977418	0.0	3.333335921503649e-08	0.0	6.525429076704961e-11	8.613908908977418	3.333335921503649e-08	6.525429076704961e-11	False	True	True	8.613908875644059	3.326810492426944e-08	first_fixed_B1	0.0	0.0	0.0
CO:HT29	ordinal	EX_cala_e	0.0	16.576892935525144	0.0	1.845946143656486e-08	0.0	3.8775356534194334e-11	16.576892935525144	1.845946143656486e-08	3.8775356534194334e-11	False	True	True	16.576892917065685	1.8420686080030663e-08	first_fixed_B1	0.0	0.0	0.0
CO:HT29	ordinal	EX_chol_e	-10.0	5.802857235090938	-2.259570415851145	-2.2595697800286247	-2.2595698558880124	-2.259569854647181	15.802857235090938	6.358225204117218e-07	1.2408314375988994e-09	False	True	True	15.802856599268418	6.345816889741229e-07	first_fixed_B1	0.0	0.0	0.0
CO:HT29	ordinal	EX_cholp_e	0.0	6.071678091942405	0.0	4.700969606085542e-08	0.0	9.139730026915693e-11	6.071678091942405	4.700969606085542e-08	9.139730026915693e-11	False	True	True	6.0716780449327095	4.691829876058626e-08	first_fixed_B1	0.0	0.0	0.0
CO:HT29	ordinal	EX_cit_e	0.0	62.319508811365594	0.0	2.15466175402557e-06	0.0	4.196046957535894e-09	62.319508811365594	2.15466175402557e-06	4.196046957535894e-09	False	True	True	62.31950665670384	2.1504657070680343e-06	first_fixed_B1	0.0	0.0	0.0
CO:HT29	ordinal	EX_cmp_e	0.0	0.0	0.0	0.0	0.0	2.1874107675321762e-11	0.0	0.0	2.1874107675321762e-11	True	True	True	0.0	-2.1874107675321762e-11	already_fixed_B0	0.0	2.1874107675321762e-11	0.0
CO:HT29	ordinal	EX_crn_e	-1.0	-3.3306690738754696e-16	-7.580165145570916e-07	-7.882583474838611e-15	-1.4900913020631059e-09	1.1354989400239246e-16	0.9999999999999997	7.580165066745082e-07	1.490091415613e-09	False	True	True	0.999999241983493	7.565264152588952e-07	first_fixed_B1	0.0	7.996133368841003e-15	7.882583474838611e-15
CO:HT29	ordinal	EX_cytd_e	0.0	10.81101713186418	0.0	1.0524832958070914e-08	0.0	2.163380254648652e-11	10.81101713186418	1.0524832958070914e-08	2.163380254648652e-11	False	True	True	10.811017121339347	1.0503199155524428e-08	first_fixed_B1	0.0	0.0	0.0
CO:HT29	ordinal	EX_dhap_e	0.0	6.071678091942327	0.0	2.7999025537976753e-08	0.0	5.4681554252690543e-11	6.071678091942327	2.7999025537976753e-08	5.4681554252690543e-11	False	True	True	6.071678063943302	2.7944343983724062e-08	first_fixed_B1	0.0	0.0	0.0
CO:HT29	ordinal	EX_duri_e	0.0	10.811017131864169	0.0	1.0807740352156062e-08	0.0	2.195415884464336e-11	10.811017131864169	1.0807740352156062e-08	2.195415884464336e-11	False	True	True	10.811017121056429	1.0785786193311419e-08	first_fixed_B1	0.0	0.0	0.0
CO:HT29	ordinal	EX_fum_e	0.0	75.07460134290541	19.967363617594355	19.9673921197928	19.967390934990824	19.96739098152773	75.07460134290541	2.8502198446744842e-05	4.653690410805211e-08	False	False	True	75.07457284070696	2.845566154263679e-05	first_fixed_B2	0.0	0.0	0.0
CO:HT29	ordinal	EX_glcur_e	0.0	18.283735368672726	0.0	3.723259506260214e-08	0.0	9.256748618121399e-11	18.283735368672726	3.723259506260214e-08	9.256748618121399e-11	False	True	True	18.28373533144013	3.714002757642093e-08	first_fixed_B1	0.0	0.0	0.0
CO:HT29	ordinal	EX_gln__L_e	-10.0	31.44223233881293	-6.562463773851372	-6.562417545294584	-6.56243645621993	-6.562436373779632	41.44223233881293	4.6228556787930586e-05	8.244029814363785e-08	False	False	True	41.44218611025614	4.614611648978695e-05	first_fixed_B2	0.0	0.0	0.0
CO:HT29	ordinal	EX_glu__L_e	-10.0	65.07460134290554	-10.0	-9.999999435235242	-10.0	-9.999999998897067	75.07460134290554	5.6476475762679e-07	1.102932856156258e-09	False	True	True	75.07460077814078	5.636618247706338e-07	first_fixed_B1	0.0	0.0	0.0
CO:HT29	ordinal	EX_gly_e	-10.0	136.67340860229442	-10.0	-9.999997211256836	-10.0	-9.99999999454405	146.67340860229442	2.788743163506524e-06	5.455950358168593e-09	False	True	True	146.67340581355126	2.7832872131483555e-06	first_fixed_B1	0.0	0.0	0.0
CO:HT29	ordinal	EX_glyald_e	0.0	58.40513229375357	0.0	5.997550189755176e-08	0.0	1.369128968805554e-10	58.40513229375357	5.997550189755176e-08	1.369128968805554e-10	False	True	True	58.40513223377807	5.983858900067121e-08	first_fixed_B1	0.0	0.0	0.0
CO:HT29	ordinal	EX_glyc3p_e	0.0	6.071678091942406	0.0	2.7008850909236938e-08	0.0	5.639315626807998e-11	6.071678091942406	2.7008850909236938e-08	5.639315626807998e-11	False	True	True	6.071678064933555	2.695245775296886e-08	first_fixed_B1	0.0	0.0	0.0
CO:HT29	ordinal	EX_hom__L_e	0.0	0.0	0.0	0.0	0.0	0.0	0.0	0.0	0.0	True	True	True	0.0	0.0	already_fixed_B0	0.0	0.0	0.0
CO:HT29	ordinal	EX_hxan_e	0.0	9.75111349148557	0.0	8.599019953642983e-09	0.0	1.9237706109151694e-11	9.75111349148557	8.599019953642983e-09	1.9237706109151694e-11	False	True	True	9.75111348288655	8.579782247533831e-09	first_fixed_B1	0.0	0.0	0.0
CO:HT29	ordinal	EX_icit_e	0.0	62.31950881136539	0.0	1.17045541850745e-06	0.0	2.2792939975146216e-09	62.31950881136539	1.17045541850745e-06	2.2792939975146216e-09	False	True	True	62.31950764090997	1.1681761245099353e-06	first_fixed_B1	0.0	0.0	0.0
CO:HT29	ordinal	EX_ins_e	0.0	7.422489374115851	0.0	6.226846323459263e-09	0.0	1.349100454291175e-11	7.422489374115851	6.226846323459263e-09	1.349100454291175e-11	False	True	True	7.422489367889004	6.213355318916352e-09	first_fixed_B1	0.0	0.0	0.0
CO:HT29	ordinal	EX_lac__L_e	-1.0	108.03961591890892	17.025186341749702	17.02519012556777	17.025188895326355	17.025188902720924	109.03961591890892	3.7838180695359824e-06	7.3945685130638594e-09	False	True	True	109.03961213509085	3.7764235010229186e-06	first_fixed_B1	0.0	0.0	0.0
CO:HT29	ordinal	EX_leu__L_e	-10.0	-1.7922337326704607	-1.7922363253829425	-1.792233732670448	-1.7922337377093145	-1.7922337326704911	8.20776626732954	2.5927124944757907e-06	5.038823358560762e-09	False	True	True	8.207763674617045	2.58767367111723e-06	first_fixed_B1	1.2656542480726785e-14	0.0	4.39648317751562e-14
CO:HT29	ordinal	EX_lys__L_e	-10.0	-1.9452265708841594	-5.189167568752661	-3.026507146262903	-5.189153226609171	-3.0265353893149265	8.05477342911584	2.162660422489758	2.162617837294244	False	False	False	5.892113006626083	4.258519551392226e-05	still_variable_B2	0.0	0.0	0.0
CO:HT29	ordinal	EX_mal__L_e	0.0	69.54957388179433	0.0	8.789299160226489e-07	0.0	1.715875711412804e-09	69.54957388179433	8.789299160226489e-07	1.715875711412804e-09	False	True	True	69.54957300286442	8.772140403112361e-07	first_fixed_B1	0.0	0.0	0.0
CO:HT29	ordinal	EX_met__L_e	-10.0	-0.5026982632120802	-0.5027616024757287	-0.5026982632120718	-0.5026983918547671	-0.5026982632120718	9.49730173678792	6.33392636568697e-05	1.2864269527401717e-07	False	False	True	9.497238397524264	6.321062096159569e-05	first_fixed_B2	8.43769498715119e-15	0.0	8.43769498715119e-15
CO:HT29	ordinal	EX_nac_e	0.0	12.871302969659153	0.0	1.1998599921960054e-07	0.0	2.342822410314902e-10	12.871302969659153	1.1998599921960054e-07	2.342822410314902e-10	False	True	True	12.871302849673153	1.1975171697856904e-07	first_fixed_B1	0.0	0.0	0.0
CO:HT29	ordinal	EX_ncam_e	-10.0	0.0	-8.417414619421407e-07	-9.817895783703797e-13	-1.642821921834309e-09	9.871168848557772e-26	10.0	8.417404801525624e-07	1.642821921834309e-09	False	True	True	9.99999915825952	8.400976582307281e-07	first_fixed_B1	0.0	9.817895783704784e-13	9.817895783703797e-13
CO:HT29	ordinal	EX_orn_e	0.0	75.07460134290598	0.0	4.973692905252924e-07	0.0	9.6852931588086e-10	75.07460134290598	4.973692905252924e-07	9.6852931588086e-10	False	True	True	75.0746008455367	4.964007612094116e-07	first_fixed_B1	0.0	0.0	0.0
CO:HT29	ordinal	EX_orot_e	0.0	16.576892935524832	0.0	2.220539262821029e-08	0.0	4.308083812128224e-11	16.576892935524832	2.220539262821029e-08	4.308083812128224e-11	False	True	True	16.57689291331944	2.2162311790089007e-08	first_fixed_B1	0.0	0.0	0.0
CO:HT29	ordinal	EX_phe__L_e	-10.0	-0.8524036882104262	-9.152573993078308	-9.152542961884278	-9.152546675672165	-9.152546623917146	9.147596311789574	3.103119403036203e-05	5.1755018048993406e-08	False	False	True	9.147565280595543	3.097943901231304e-05	first_fixed_B2	0.0	0.0	0.0
CO:HT29	ordinal	EX_pro__L_e	-10.0	73.71949939148276	-1.3551040440420603	-1.3551017044971927	-1.3551019554942516	-1.3551019509385671	83.71949939148276	2.3395448676133412e-06	4.555684496310164e-09	False	True	True	83.71949705193789	2.334989183117031e-06	first_fixed_B1	0.0	0.0	0.0
CO:HT29	ordinal	EX_sbt__D_e	0.0	0.0	0.0	0.0	0.0	0.0	0.0	0.0	0.0	True	True	True	0.0	0.0	already_fixed_B0	0.0	0.0	0.0
CO:HT29	ordinal	EX_ser__L_e	-10.0	57.23433743957334	-10.0	-9.999999933414546	-10.0	-9.999999999869727	67.23433743957334	6.658545359528034e-08	1.3027268153109617e-10	False	True	True	67.23433737298788	6.645518091374925e-08	first_fixed_B1	0.0	0.0	0.0
CO:HT29	ordinal	EX_sprm_e	0.0	3.3387831585264007	0.0	4.588589898622829e-09	0.0	8.96215461555918e-12	3.3387831585264007	4.588589898622829e-09	8.96215461555918e-12	False	True	True	3.3387831539378108	4.57962774400727e-09	first_fixed_B1	0.0	0.0	0.0
CO:HT29	ordinal	EX_srtn_e	0.0	8.61390890897742	0.0	3.574794825734602e-08	0.0	7.00275610221042e-11	8.61390890897742	3.574794825734602e-08	7.00275610221042e-11	False	True	True	8.613908873229471	3.567792069632391e-08	first_fixed_B1	0.0	0.0	0.0
CO:HT29	ordinal	EX_succ_e	0.0	115.44565627115217	12.757041183554305	12.757046771520404	12.757045218283112	12.757045229604278	115.44565627115217	5.587966098730135e-06	1.1321166226707646e-08	False	True	True	115.44565068318607	5.576644932503427e-06	first_fixed_B1	0.0	0.0	0.0
CO:HT29	ordinal	EX_taur_e	0.0	16.909696464552468	0.0	2.9234595756890917e-08	0.0	5.701993353814661e-11	16.909696464552468	2.9234595756890917e-08	5.701993353814661e-11	False	True	True	16.909696435317873	2.917757582335277e-08	first_fixed_B1	0.0	0.0	0.0
CO:HT29	ordinal	EX_tchola_e	0.0	1.4423577198570345	0.0	6.43405891244551e-09	0.0	4.001869795683837e-11	1.4423577198570345	6.43405891244551e-09	4.001869795683837e-11	False	True	True	1.4423577134229757	6.394040214488672e-09	first_fixed_B1	0.0	0.0	0.0
CO:HT29	ordinal	EX_thr__L_e	-10.0	-1.0272564007096072	-1.0272584933259217	-1.0272564007096074	-1.0272564047580646	-1.0272564007096079	8.972743599290393	2.092616314230966e-06	4.048456681005064e-09	False	True	True	8.972741506674078	2.088567857549961e-06	first_fixed_B1	0.0	0.0	2.220446049250313e-16
CO:HT29	ordinal	EX_thym_e	0.0	12.751456104250027	0.0	1.352108908430364e-08	0.0	2.63335555937543e-11	12.751456104250027	1.352108908430364e-08	2.63335555937543e-11	False	True	True	12.751456090728938	1.3494755528709886e-08	first_fixed_B1	0.0	0.0	0.0
CO:HT29	ordinal	EX_thymd_e	0.0	9.041941601195571	0.0	8.800544902438827e-09	0.0	1.7681032505012216e-11	9.041941601195571	8.800544902438827e-09	1.7681032505012216e-11	False	True	True	9.041941592395027	8.782863869933816e-09	first_fixed_B1	0.0	0.0	0.0
CO:HT29	ordinal	EX_ump_e	0.0	6.071678091942398	0.0	6.875159088575695e-09	0.0	2.1836009019324483e-11	6.071678091942398	6.875159088575695e-09	2.1836009019324483e-11	False	True	True	6.071678085067239	6.853323079556371e-09	first_fixed_B1	0.0	0.0	0.0
CO:HT29	ordinal	EX_ura_e	0.0	16.576892935525226	0.0	1.968734436230008e-08	0.0	3.825177786472473e-11	16.576892935525226	1.968734436230008e-08	3.825177786472473e-11	False	True	True	16.57689291583788	1.9649092584435355e-08	first_fixed_B1	0.0	0.0	0.0
CO:HT29	ordinal	EX_urate_e	0.0	9.751113491485382	0.0	8.128925810905896e-09	0.0	1.5832189307076342e-11	9.751113491485382	8.128925810905896e-09	1.5832189307076342e-11	False	True	True	9.751113483356457	8.113093621598819e-09	first_fixed_B1	0.0	0.0	0.0
CO:HT29	ordinal	EX_uri_e	0.0	10.811017131864451	0.0	1.0667628278833708e-08	0.0	2.0871923449774598e-11	10.811017131864451	1.0667628278833708e-08	2.0871923449774598e-11	False	True	True	10.811017121196823	1.0646756355383934e-08	first_fixed_B1	0.0	0.0	0.0
CO:HT29	ordinal	EX_val__L_e	-10.0	-1.1583926498609252	-1.1583944196915876	-1.1583926498615966	-1.158392653258514	-1.158392649860925	8.841607350139075	1.7698299910051674e-06	3.3975890989523805e-09	False	True	True	8.841605580309084	1.766432401906215e-06	first_fixed_B1	0.0	6.716849298982197e-13	3.684808014270402e-11
CO:HT29	ordinal	EX_xan_e	0.0	9.751113491485553	0.0	8.436165079490753e-09	0.0	1.6443506165640702e-11	9.751113491485553	8.436165079490753e-09	1.6443506165640702e-11	False	True	True	9.751113483049387	8.419721573325112e-09	first_fixed_B1	0.0	0.0	0.0
LC:HOP-62	ordinal	EX_4abut_e	0.0	179.01124760682066	0.0	1.5292516741888627e-07	0.0	2.766061257880637e-09	179.01124760682066	1.5292516741888627e-07	2.766061257880637e-09	False	True	True	179.0112474538955	1.5015910616100564e-07	first_fixed_B1	0.0	0.0	0.0
LC:HOP-62	ordinal	EX_L2aadp_e	0.0	10.926076398774978	0.0	7.593776590005505e-08	0.0	1.413174721717021e-09	10.926076398774978	7.593776590005505e-08	1.413174721717021e-09	False	True	True	10.926076322837211	7.452459117833802e-08	first_fixed_B1	0.0	0.0	0.0
LC:HOP-62	ordinal	EX_Lkynr_e	0.0	8.61390890897742	0.0	4.582693236679578e-08	0.0	8.485867157174948e-10	8.61390890897742	4.582693236679578e-08	8.485867157174948e-10	False	True	True	8.613908863150488	4.497834565107829e-08	first_fixed_B1	0.0	0.0	0.0
LC:HOP-62	ordinal	EX_ala__L_e	0.0	161.4259027078193	13.05211280464863	13.052118455208731	13.052117218733557	13.05211734534596	161.4259027078193	5.650560101599922e-06	1.2661240411659946e-07	False	True	True	161.4258970572592	5.523947697483322e-06	first_fixed_B1	0.0	0.0	0.0
LC:HOP-62	ordinal	EX_anth_e	0.0	8.613908908977418	0.0	4.2223060097591145e-08	0.0	7.802190993137071e-10	8.613908908977418	4.2223060097591145e-08	7.802190993137071e-10	False	True	True	8.613908866754358	4.144284099827744e-08	first_fixed_B1	0.0	0.0	0.0
LC:HOP-62	ordinal	EX_cala_e	0.0	16.576892935525144	0.0	2.1091769556459533e-08	0.0	3.8614161558694253e-10	16.576892935525144	2.1091769556459533e-08	3.8614161558694253e-10	False	True	True	16.576892914433376	2.070562794087259e-08	first_fixed_B1	0.0	0.0	0.0
LC:HOP-62	ordinal	EX_chol_e	-10.0	5.802857235090938	-2.2595706074172233	-2.2595697811129827	-2.259569867501237	-2.2595698534389435	15.802857235090938	8.263042405864951e-07	1.4062293551830862e-08	False	True	True	15.802856408786697	8.122419470346642e-07	first_fixed_B1	0.0	0.0	0.0
LC:HOP-62	ordinal	EX_cholp_e	0.0	6.071678091942405	0.0	5.173726709646247e-08	0.0	9.439353771694688e-10	6.071678091942405	5.173726709646247e-08	9.439353771694688e-10	False	True	True	6.071678040205138	5.0793331719293e-08	first_fixed_B1	0.0	0.0	0.0
LC:HOP-62	ordinal	EX_cit_e	0.0	62.319508811365594	0.0	1.6277631888540474e-06	0.0	3.084139562434804e-08	62.319508811365594	1.6277631888540474e-06	3.084139562434804e-08	False	True	True	62.319507183602404	1.5969217932296993e-06	first_fixed_B1	0.0	0.0	0.0
LC:HOP-62	ordinal	EX_cmp_e	0.0	0.0	0.0	0.0	0.0	2.2135097037476156e-10	0.0	0.0	2.2135097037476156e-10	True	True	True	0.0	-2.2135097037476156e-10	already_fixed_B0	0.0	2.2135097037476156e-10	0.0
LC:HOP-62	ordinal	EX_crn_e	-1.0	-3.3306690738754696e-16	-5.909104607848548e-07	-2.1094237467877974e-15	-1.085910079566794e-08	-8.066916856706538e-17	0.9999999999999997	5.90910458675431e-07	1.0859100714998772e-08	False	True	True	0.999999409089541	5.800513579604322e-07	first_fixed_B1	0.0	2.028754578220732e-15	2.1269697969264934e-15
LC:HOP-62	ordinal	EX_cytd_e	0.0	10.81101713186418	0.0	1.1711783722078671e-08	0.0	2.1843797835932029e-10	10.81101713186418	1.1711783722078671e-08	2.1843797835932029e-10	False	True	True	10.811017120152396	1.1493345743719351e-08	first_fixed_B1	0.0	0.0	0.0
LC:HOP-62	ordinal	EX_dhap_e	0.0	6.071678091942327	0.0	2.9729441803080807e-08	0.0	5.443688446190885e-10	6.071678091942327	2.9729441803080807e-08	5.443688446190885e-10	False	True	True	6.071678062212885	2.918507295846172e-08	first_fixed_B1	0.0	0.0	0.0
LC:HOP-62	ordinal	EX_duri_e	0.0	10.811017131864169	0.0	1.1584071322332445e-08	0.0	2.2455819257915393e-10	10.811017131864169	1.1584071322332445e-08	2.2455819257915393e-10	False	True	True	10.811017120280098	1.135951312975329e-08	first_fixed_B1	0.0	0.0	0.0
LC:HOP-62	ordinal	EX_fum_e	0.0	75.07460134290541	14.524753539580047	14.524765109709493	14.524755870551974	14.524756081953436	75.07460134290541	1.1570129446525357e-05	2.1140146166942486e-07	False	False	True	75.07458977277597	1.1358727984855932e-05	first_fixed_B2	0.0	0.0	0.0
LC:HOP-62	ordinal	EX_glcur_e	0.0	18.283735368672726	0.0	4.986085124471918e-08	0.0	9.190955180360723e-10	18.283735368672726	4.986085124471918e-08	9.190955180360723e-10	False	True	True	18.283735318811875	4.894175572668311e-08	first_fixed_B1	0.0	0.0	0.0
LC:HOP-62	ordinal	EX_gln__L_e	-10.0	31.44223233881293	-10.0	-9.999997952377656	-10.0	-9.99999996631205	41.44223233881293	2.04762234368161e-06	3.368795020719517e-08	False	True	True	41.44223029119058	2.0139343934744147e-06	first_fixed_B1	0.0	0.0	0.0
LC:HOP-62	ordinal	EX_glu__L_e	-10.0	65.07460134290554	-10.0	-9.999999446722793	-10.0	-9.999999989939898	75.07460134290554	5.532772071603631e-07	1.0060102084707978e-08	False	True	True	75.07460078962833	5.432171050756551e-07	first_fixed_B1	0.0	0.0	0.0
LC:HOP-62	ordinal	EX_gly_e	-10.0	136.67340860229442	-10.0	-9.99999095669471	-10.0	-9.999999784831079	146.67340860229442	9.043305290390435e-06	2.151689209028973e-07	False	True	True	146.67339955898913	8.828136369487538e-06	first_fixed_B1	0.0	0.0	0.0
LC:HOP-62	ordinal	EX_glyald_e	0.0	58.40513229375357	0.0	6.137001181806797e-08	0.0	1.1285202177543321e-09	58.40513229375357	6.137001181806797e-08	1.1285202177543321e-09	False	True	True	58.40513223238356	6.024149160031363e-08	first_fixed_B1	0.0	0.0	0.0
LC:HOP-62	ordinal	EX_glyc3p_e	0.0	6.071678091942406	0.0	2.7772895778250176e-08	0.0	5.080819842271588e-10	6.071678091942406	2.7772895778250176e-08	5.080819842271588e-10	False	True	True	6.07167806416951	2.7264813794023018e-08	first_fixed_B1	0.0	0.0	0.0
LC:HOP-62	ordinal	EX_hom__L_e	0.0	0.0	0.0	0.0	0.0	0.0	0.0	0.0	0.0	True	True	True	0.0	0.0	already_fixed_B0	0.0	0.0	0.0
LC:HOP-62	ordinal	EX_hxan_e	0.0	9.75111349148557	0.0	9.456666562488606e-09	0.0	2.0574012808021145e-10	9.75111349148557	9.456666562488606e-09	2.0574012808021145e-10	False	True	True	9.751113482028904	9.250926434408395e-09	first_fixed_B1	0.0	0.0	0.0
LC:HOP-62	ordinal	EX_icit_e	0.0	62.31950881136539	0.0	5.735841795040653e-07	0.0	1.0509358154129229e-08	62.31950881136539	5.735841795040653e-07	1.0509358154129229e-08	False	True	True	62.31950823778121	5.630748213499361e-07	first_fixed_B1	0.0	0.0	0.0
LC:HOP-62	ordinal	EX_ins_e	0.0	7.422489374115851	0.0	6.7855440978798995e-09	0.0	1.358917371514311e-10	7.422489374115851	6.7855440978798995e-09	1.358917371514311e-10	False	True	True	7.422489367330307	6.649652360728468e-09	first_fixed_B1	0.0	0.0	0.0
LC:HOP-62	ordinal	EX_lac__L_e	-1.0	108.03961591890892	16.692537664052686	16.69258448788956	16.69253766410518	16.692538969701012	109.03961591890892	4.6823836875375946e-05	1.305595830558559e-06	False	False	True	109.03956909507204	4.551824104481739e-05	first_fixed_B2	0.0	0.0	0.0
LC:HOP-62	ordinal	EX_leu__L_e	-10.0	-1.7922337326704607	-1.7922401195671935	-1.792233732670965	-1.792233810643705	-1.7922337326704152	8.20776626732954	6.386896228560701e-06	7.797328982483975e-08	False	True	True	8.207759880433311	6.308922938735861e-06	first_fixed_B1	0.0	5.497824417943775e-13	5.17585974080248e-13
LC:HOP-62	ordinal	EX_lys__L_e	-10.0	-1.9452265708841594	-1.9452538755156674	-1.9452265708841623	-1.9452268662805774	-1.9452265708841625	8.05477342911584	2.7304631505131738e-05	2.9539641488440793e-07	False	False	True	8.054746124484335	2.700923509024733e-05	first_fixed_B2	0.0	0.0	2.220446049250313e-16
LC:HOP-62	ordinal	EX_mal__L_e	0.0	69.54957388179433	0.0	5.786481911323101e-07	0.0	1.0671058925757108e-08	69.54957388179433	5.786481911323101e-07	1.0671058925757108e-08	False	True	True	69.54957330314613	5.67977132206553e-07	first_fixed_B1	0.0	0.0	0.0
LC:HOP-62	ordinal	EX_met__L_e	-10.0	-0.5026982632120802	-5.412758095773351	-5.41272820324623	-5.412758096314281	-5.412757166384868	9.49730173678792	2.9892527121155865e-05	9.299294134734737e-07	False	False	True	9.497271844260798	2.896259770768239e-05	first_fixed_B2	0.0	5.409299674852264e-10	0.0
LC:HOP-62	ordinal	EX_nac_e	0.0	12.871302969659153	0.0	1.3590835318336157e-07	0.0	2.4807899256000923e-09	12.871302969659153	1.3590835318336157e-07	2.4807899256000923e-09	False	True	True	12.8713028337508	1.334275632577615e-07	first_fixed_B1	0.0	0.0	0.0
LC:HOP-62	ordinal	EX_ncam_e	-10.0	0.0	-8.634963685617631e-07	7.090406788164651e-13	-1.5555151514316203e-08	4.7109572212949755e-25	10.0	8.634970776024419e-07	1.5555151514316203e-08	False	True	True	9.999999136502922	8.479419260881256e-07	first_fixed_B1	7.090406788164651e-13	0.0	0.0
LC:HOP-62	ordinal	EX_orn_e	0.0	75.07460134290598	0.0	2.2698588067608214e-07	0.0	4.147053683093969e-09	75.07460134290598	2.2698588067608214e-07	4.147053683093969e-09	False	True	True	75.0746011159201	2.2283882699298816e-07	first_fixed_B1	0.0	0.0	0.0
LC:HOP-62	ordinal	EX_orot_e	0.0	16.576892935524832	0.0	2.5331041812216247e-08	0.0	4.6270495072155274e-10	16.576892935524832	2.5331041812216247e-08	4.6270495072155274e-10	False	True	True	16.57689291019379	2.4868336861494694e-08	first_fixed_B1	0.0	0.0	0.0
LC:HOP-62	ordinal	EX_phe__L_e	-10.0	-0.8524036882104262	-4.1466245144376135	-4.14659142353132	-4.146624514315791	-4.146623750452218	9.147596311789574	3.309090629333156e-05	7.638635732831744e-07	False	False	True	9.147563220883281	3.232704272004838e-05	first_fixed_B2	0.0	0.0	0.0
LC:HOP-62	ordinal	EX_pro__L_e	-10.0	73.71949939148276	-1.355105406712276	-1.35510180346775	-1.3551020081499383	-1.3551019487311988	83.71949939148276	3.6032445260847368e-06	5.941873948422938e-08	False	True	True	83.71949578823823	3.5438257866005074e-06	first_fixed_B1	0.0	0.0	0.0
LC:HOP-62	ordinal	EX_sbt__D_e	0.0	0.0	0.0	0.0	0.0	0.0	0.0	0.0	0.0	True	True	True	0.0	0.0	already_fixed_B0	0.0	0.0	0.0
LC:HOP-62	ordinal	EX_ser__L_e	-10.0	57.23433743957334	-10.0	-9.999999929203812	-10.0	-9.999999998692742	67.23433743957334	7.07961884671704e-08	1.3072583016082717e-09	False	True	True	67.23433736877715	6.948893016556212e-08	first_fixed_B1	0.0	0.0	0.0
LC:HOP-62	ordinal	EX_sprm_e	0.0	3.3387831585264007	0.0	5.052972792755062e-09	0.0	9.411290562087257e-11	3.3387831585264007	5.052972792755062e-09	9.411290562087257e-11	False	True	True	3.338783153473428	4.958859887134189e-09	first_fixed_B1	0.0	0.0	0.0
LC:HOP-62	ordinal	EX_srtn_e	0.0	8.61390890897742	0.0	4.238335553594348e-08	0.0	7.783827158291328e-10	8.61390890897742	4.238335553594348e-08	7.783827158291328e-10	False	True	True	8.613908866594064	4.160497282011435e-08	first_fixed_B1	0.0	0.0	0.0
LC:HOP-62	ordinal	EX_succ_e	0.0	115.44565627115217	14.599728157085783	14.599757057300103	14.599728157124767	14.59972889162231	115.44565627115217	2.8900214319449447e-05	7.344975418988042e-07	False	False	True	115.44562737093786	2.8165716777550642e-05	first_fixed_B2	0.0	0.0	0.0
LC:HOP-62	ordinal	EX_taur_e	0.0	16.909696464552468	0.0	3.506017172281189e-08	0.0	6.463939041347907e-10	16.909696464552468	3.506017172281189e-08	6.463939041347907e-10	False	True	True	16.909696429492296	3.44137778186771e-08	first_fixed_B1	0.0	0.0	0.0
LC:HOP-62	ordinal	EX_tchola_e	0.0	1.4423577198570345	0.0	7.67305197672848e-09	0.0	2.4387845713599503e-10	1.4423577198570345	7.67305197672848e-09	2.4387845713599503e-10	False	True	True	1.4423577121839826	7.429173519592485e-09	first_fixed_B1	0.0	0.0	0.0
LC:HOP-62	ordinal	EX_thr__L_e	-10.0	-1.0272564007096072	-1.0272596503942921	-1.0272564007096077	-1.0272564524522587	-1.0272564007096079	8.972743599290393	3.2496846844587424e-06	5.17426508306329e-08	False	True	True	8.972740349605708	3.1979420336281095e-06	first_fixed_B1	0.0	0.0	0.0
LC:HOP-62	ordinal	EX_thym_e	0.0	12.751456104250027	0.0	1.546388732603105e-08	0.0	2.837603498205331e-10	12.751456104250027	1.546388732603105e-08	2.837603498205331e-10	False	True	True	12.751456088786139	1.518012697621052e-08	first_fixed_B1	0.0	0.0	0.0
LC:HOP-62	ordinal	EX_thymd_e	0.0	9.041941601195571	0.0	9.50365883325645e-09	0.0	1.7939722200806215e-10	9.041941601195571	9.50365883325645e-09	1.7939722200806215e-10	False	True	True	9.041941591691913	9.324261611248388e-09	first_fixed_B1	0.0	0.0	0.0
LC:HOP-62	ordinal	EX_ump_e	0.0	6.071678091942398	0.0	7.531684059122626e-09	0.0	2.2312517448266147e-10	6.071678091942398	7.531684059122626e-09	2.2312517448266147e-10	False	True	True	6.071678084410714	7.308558884639964e-09	first_fixed_B1	0.0	0.0	0.0
LC:HOP-62	ordinal	EX_ura_e	0.0	16.576892935525226	0.0	2.3124694534328178e-08	0.0	4.234247524694391e-10	16.576892935525226	2.3124694534328178e-08	4.234247524694391e-10	False	True	True	16.57689291240053	2.2701269781858737e-08	first_fixed_B1	0.0	0.0	0.0
LC:HOP-62	ordinal	EX_urate_e	0.0	9.751113491485382	0.0	9.020217211823771e-09	0.0	1.9221736932167077e-10	9.751113491485382	9.020217211823771e-09	1.9221736932167077e-10	False	True	True	9.751113482465165	8.827999842502101e-09	first_fixed_B1	0.0	0.0	0.0
LC:HOP-62	ordinal	EX_uri_e	0.0	10.811017131864451	0.0	1.1785570410557987e-08	0.0	2.1612189746213183e-10	10.811017131864451	1.1785570410557987e-08	2.1612189746213183e-10	False	True	True	10.811017120078882	1.1569448513095856e-08	first_fixed_B1	0.0	0.0	0.0
LC:HOP-62	ordinal	EX_val__L_e	-10.0	-1.1583926498609252	-1.1583949533941125	-1.158392649860925	-1.1583926876930712	-1.158392649860925	8.841607350139075	2.3035331875309595e-06	3.783214630459497e-08	False	True	True	8.841605046605887	2.2657010412263645e-06	first_fixed_B1	2.220446049250313e-16	0.0	0.0
LC:HOP-62	ordinal	EX_xan_e	0.0	9.751113491485553	0.0	9.351893717211437e-09	0.0	1.712652239745406e-10	9.751113491485553	9.351893717211437e-09	1.712652239745406e-10	False	True	True	9.75111348213366	9.180628493236897e-09	first_fixed_B1	0.0	0.0	0.0
CO:HT29	magnitude_g1.00	EX_4abut_e	0.0	179.01124760682066	0.0	2.3325617984796653e-07	0.0	8.416356054792403e-10	179.01124760682066	2.3325617984796653e-07	8.416356054792403e-10	False	True	True	179.0112473735645	2.324145442424873e-07	first_fixed_B1	0.0	0.0	0.0
CO:HT29	magnitude_g1.00	EX_L2aadp_e	0.0	10.926076398774978	0.0	9.565848769767645e-08	0.0	3.4656778704605154e-10	10.926076398774978	9.565848769767645e-08	3.4656778704605154e-10	False	True	True	10.92607630311649	9.53119199106304e-08	first_fixed_B1	0.0	0.0	0.0
CO:HT29	magnitude_g1.00	EX_Lkynr_e	0.0	8.61390890897742	0.0	4.71475272731557e-08	0.0	1.8729526606585387e-10	8.61390890897742	4.71475272731557e-08	1.8729526606585387e-10	False	True	True	8.613908861829893	4.696023200708985e-08	first_fixed_B1	0.0	0.0	0.0
CO:HT29	magnitude_g1.00	EX_ala__L_e	0.0	161.4259027078193	11.272488554562049	11.272492546752718	11.272491720624641	11.272491735202784	161.4259027078193	3.99219066871126e-06	1.4578143137100597e-08	False	True	True	161.42589871562862	3.977612525574159e-06	first_fixed_B1	0.0	0.0	0.0
CO:HT29	magnitude_g1.00	EX_anth_e	0.0	8.613908908977418	0.0	4.106682549124396e-08	0.0	1.4759448904916692e-10	8.613908908977418	4.106682549124396e-08	1.4759448904916692e-10	False	True	True	8.613908867910594	4.091923100219479e-08	first_fixed_B1	0.0	0.0	0.0
CO:HT29	magnitude_g1.00	EX_cala_e	0.0	16.576892935525144	0.0	2.1336988323100348e-08	0.0	8.397654250875485e-11	16.576892935525144	2.1336988323100348e-08	8.397654250875485e-11	False	True	True	16.576892914188157	2.1253011780591592e-08	first_fixed_B1	0.0	0.0	0.0
CO:HT29	magnitude_g1.00	EX_chol_e	-10.0	5.802857235090938	-2.2595707953065625	-2.259569711984787	-2.259569858190043	-2.259569854281258	15.802857235090938	1.0833217753969393e-06	3.908784851347491e-09	False	True	True	15.802856151769163	1.0794129905455918e-06	first_fixed_B1	0.0	0.0	0.0
CO:HT29	magnitude_g1.00	EX_cholp_e	0.0	6.071678091942405	0.0	5.457464943665285e-08	0.0	1.9679032432417061e-10	6.071678091942405	5.457464943665285e-08	1.9679032432417061e-10	False	True	True	6.0716780373677555	5.437785911232868e-08	first_fixed_B1	0.0	0.0	0.0
CO:HT29	magnitude_g1.00	EX_cit_e	0.0	62.319508811365594	0.0	1.7973326329306748e-06	0.0	6.3073503051547495e-09	62.319508811365594	1.7973326329306748e-06	6.3073503051547495e-09	False	True	True	62.319507014032965	1.7910252826255202e-06	first_fixed_B1	0.0	0.0	0.0
CO:HT29	magnitude_g1.00	EX_cmp_e	0.0	0.0	0.0	0.0	0.0	4.938038752448222e-11	0.0	0.0	4.938038752448222e-11	True	True	True	0.0	-4.938038752448222e-11	already_fixed_B0	0.0	4.938038752448222e-11	0.0
CO:HT29	magnitude_g1.00	EX_crn_e	-1.0	-3.3306690738754696e-16	-1.1065981071478603e-06	8.881784197001252e-16	-4.078948812708178e-09	-5.2914926780595495e-15	0.9999999999999997	1.1065981080360388e-06	4.0789435212155e-09	False	True	True	0.9999988934018916	1.1025191645148233e-06	first_fixed_B1	1.2212453270876722e-15	0.0	5.052438260962238e-15
CO:HT29	magnitude_g1.00	EX_cytd_e	0.0	10.81101713186418	0.0	1.287681485193937e-08	0.0	4.878869822165005e-11	10.81101713186418	1.287681485193937e-08	4.878869822165005e-11	False	True	True	10.811017118987365	1.2828026153717719e-08	first_fixed_B1	0.0	0.0	0.0
CO:HT29	magnitude_g1.00	EX_dhap_e	0.0	6.071678091942327	0.0	3.611489910598809e-08	0.0	1.3040271014616295e-10	6.071678091942327	3.611489910598809e-08	1.3040271014616295e-10	False	True	True	6.0716780558274275	3.598449639584193e-08	first_fixed_B1	0.0	0.0	0.0
CO:HT29	magnitude_g1.00	EX_duri_e	0.0	10.811017131864169	0.0	1.3057695933529147e-08	0.0	4.916168921169353e-11	10.811017131864169	1.3057695933529147e-08	4.916168921169353e-11	False	True	True	10.811017118806474	1.3008534244317453e-08	first_fixed_B1	0.0	0.0	0.0
CO:HT29	magnitude_g1.00	EX_fum_e	0.0	75.07460134290541	16.1838859553034	16.183894645635977	16.18389243320065	16.183892464429608	75.07460134290541	8.69033257799856e-06	3.12289571979818e-08	False	True	True	75.07459265257283	8.659103620800579e-06	first_fixed_B1	0.0	0.0	0.0
CO:HT29	magnitude_g1.00	EX_glcur_e	0.0	18.283735368672726	0.0	4.5987237133267015e-08	0.0	1.6518416250144188e-10	18.283735368672726	4.5987237133267015e-08	1.6518416250144188e-10	False	True	True	18.283735322685487	4.5822052970765576e-08	first_fixed_B1	0.0	0.0	0.0
CO:HT29	magnitude_g1.00	EX_gln__L_e	-10.0	31.44223233881293	-10.0	-9.999998194617632	-10.0	-9.999999993541163	41.44223233881293	1.8053823680475034e-06	6.4588370207729895e-09	False	True	True	41.44223053343056	1.7989235310267304e-06	first_fixed_B1	0.0	0.0	0.0
CO:HT29	magnitude_g1.00	EX_glu__L_e	-10.0	65.07460134290554	-10.0	-9.99999927116327	-10.0	-9.999999997367166	75.07460134290554	7.288367296354181e-07	2.632834394944439e-09	False	True	True	75.07460061406881	7.262038952404737e-07	first_fixed_B1	0.0	0.0	0.0
CO:HT29	magnitude_g1.00	EX_gly_e	-10.0	136.67340860229442	-6.440750440978997	-6.440747201472757	-6.44074881788215	-6.440748805981193	146.67340860229442	3.239506240149126e-06	1.1900956664590012e-08	False	True	True	146.67340536278817	3.227605283484536e-06	first_fixed_B1	0.0	0.0	0.0
CO:HT29	magnitude_g1.00	EX_glyald_e	0.0	58.40513229375357	0.0	8.751645958414845e-08	0.0	3.7531096755440474e-10	58.40513229375357	8.751645958414845e-08	3.7531096755440474e-10	False	True	True	58.405132206237106	8.714114861659404e-08	first_fixed_B1	0.0	0.0	0.0
CO:HT29	magnitude_g1.00	EX_glyc3p_e	0.0	6.071678091942406	0.0	3.515008580512818e-08	0.0	1.3568223978706667e-10	6.071678091942406	3.515008580512818e-08	1.3568223978706667e-10	False	True	True	6.0716780567923205	3.5014403565341114e-08	first_fixed_B1	0.0	0.0	0.0
CO:HT29	magnitude_g1.00	EX_hom__L_e	0.0	0.0	0.0	0.0	0.0	1.8421264930567912e-16	0.0	0.0	1.8421264930567912e-16	True	True	True	0.0	-1.8421264930567912e-16	already_fixed_B0	0.0	1.8421264930567912e-16	0.0
CO:HT29	magnitude_g1.00	EX_hxan_e	0.0	9.75111349148557	0.0	9.810576448082512e-09	0.0	3.554727368846261e-11	9.75111349148557	9.810576448082512e-09	3.554727368846261e-11	False	True	True	9.751113481674993	9.77502917439405e-09	first_fixed_B1	0.0	0.0	0.0
CO:HT29	magnitude_g1.00	EX_icit_e	0.0	62.31950881136539	0.0	9.036317889663455e-07	0.0	3.237630411855429e-09	62.31950881136539	9.036317889663455e-07	3.237630411855429e-09	False	True	True	62.3195079077336	9.003941585544901e-07	first_fixed_B1	0.0	0.0	0.0
CO:HT29	magnitude_g1.00	EX_ins_e	0.0	7.422489374115851	0.0	7.427314538914112e-09	0.0	2.706904783607385e-11	7.422489374115851	7.427314538914112e-09	2.706904783607385e-11	False	True	True	7.422489366688536	7.400245491078038e-09	first_fixed_B1	0.0	0.0	0.0
CO:HT29	magnitude_g1.00	EX_lac__L_e	-1.0	108.03961591890892	11.058762374999151	11.058773040457408	11.058768852840933	11.058768892029876	109.03961591890892	1.0665458257008709e-05	3.918894364574044e-08	False	False	True	109.03960525345066	1.0626269313362968e-05	first_fixed_B2	0.0	0.0	0.0
CO:HT29	magnitude_g1.00	EX_leu__L_e	-10.0	-1.7922337326704607	-1.7922348413948548	-1.7922337326704463	-1.7922337366727557	-1.7922337326704476	8.20776626732954	1.1087244085050685e-06	4.00230804054047e-09	False	True	True	8.207765158605131	1.104722100464528e-06	first_fixed_B1	1.4432899320127035e-14	0.0	1.354472090042691e-14
CO:HT29	magnitude_g1.00	EX_lys__L_e	-10.0	-1.9452265708841594	-1.9452302699156816	-1.945226570884163	-1.9452265841375944	-1.9452265708841614	8.05477342911584	3.699031518644702e-06	1.3253433017723637e-08	False	True	True	8.054769730084322	3.6857780856269784e-06	first_fixed_B1	0.0	1.5543122344752192e-15	1.1102230246251565e-15
CO:HT29	magnitude_g1.00	EX_mal__L_e	0.0	69.54957388179433	0.0	1.4913338098055702e-06	0.0	5.393836633385291e-09	69.54957388179433	1.4913338098055702e-06	5.393836633385291e-09	False	True	True	69.54957239046053	1.485939973172185e-06	first_fixed_B1	0.0	0.0	0.0
CO:HT29	magnitude_g1.00	EX_met__L_e	-10.0	-0.5026982632120802	-4.271598114118297	-4.2715879710944	-4.271591660206389	-4.2715916230858895	9.49730173678792	1.0143023897235537e-05	3.7120499563059184e-08	False	False	True	9.497291593764022	1.0105903397672478e-05	first_fixed_B2	0.0	0.0	0.0
CO:HT29	magnitude_g1.00	EX_nac_e	0.0	12.871302969659153	0.0	1.5258625146676918e-07	0.0	5.507442208049687e-10	12.871302969659153	1.5258625146676918e-07	5.507442208049687e-10	False	True	True	12.871302817072902	1.5203550724596422e-07	first_fixed_B1	0.0	0.0	3.8235026564494826e-31
CO:HT29	magnitude_g1.00	EX_ncam_e	-10.0	0.0	-1.1002949991964384e-06	8.478022845101357e-13	-3.966662664824338e-09	1.0984103772149025e-15	10.0	1.1002958469987228e-06	3.966663763234716e-09	False	True	True	9.999998899704153	1.0963291832354882e-06	first_fixed_B1	8.478022845101357e-13	0.0	0.0
CO:HT29	magnitude_g1.00	EX_orn_e	0.0	75.07460134290598	0.0	5.990764257563695e-07	0.0	2.1812987356257276e-09	75.07460134290598	5.990764257563695e-07	2.1812987356257276e-09	False	True	True	75.07460074382955	5.968951270207438e-07	first_fixed_B1	0.0	0.0	0.0
CO:HT29	magnitude_g1.00	EX_orot_e	0.0	16.576892935524832	0.0	2.599962480595315e-08	0.0	9.384139129369111e-11	16.576892935524832	2.599962480595315e-08	9.384139129369111e-11	False	True	True	16.576892909525206	2.5905783414659458e-08	first_fixed_B1	0.0	0.0	0.0
CO:HT29	magnitude_g1.00	EX_phe__L_e	-10.0	-0.8524036882104262	-0.8524068349233263	-0.8524036882104273	-0.8524036991513966	-0.8524036882104247	9.147596311789574	3.146712898915993e-06	1.0940971906236996e-08	False	True	True	9.147593165076675	3.135771927009756e-06	first_fixed_B1	0.0	2.6645352591003757e-15	0.0
CO:HT29	magnitude_g1.00	EX_pro__L_e	-10.0	73.71949939148276	-1.3551037259561012	-1.3551016590267948	-1.3551019578185592	-1.3551019503594366	83.71949939148276	2.0669293063768635e-06	7.459122652875294e-09	False	True	True	83.71949732455344	2.059470183723988e-06	first_fixed_B1	0.0	0.0	0.0
CO:HT29	magnitude_g1.00	EX_sbt__D_e	0.0	0.0	0.0	0.0	-4.1034854466458765e-27	-4.1034854466458765e-27	0.0	0.0	0.0	True	True	True	0.0	0.0	already_fixed_B0	0.0	4.1034854466458765e-27	4.1034854466458765e-27
CO:HT29	magnitude_g1.00	EX_ser__L_e	-10.0	57.23433743957334	-10.0	-9.999999893653738	-10.0	-9.999999999615635	67.23433743957334	1.0634626157468574e-07	3.843645401957474e-10	False	True	True	67.23433733322707	1.0596189703449e-07	first_fixed_B1	0.0	0.0	0.0
CO:HT29	magnitude_g1.00	EX_sprm_e	0.0	3.3387831585264007	0.0	5.661546882231934e-09	0.0	2.286638516195955e-10	3.3387831585264007	5.661546882231934e-09	2.286638516195955e-10	False	True	True	3.338783152864854	5.432883030612339e-09	first_fixed_B1	0.0	0.0	0.0
CO:HT29	magnitude_g1.00	EX_srtn_e	0.0	8.61390890897742	0.0	4.4907606723853844e-08	0.0	1.625800310671666e-10	8.61390890897742	4.4907606723853844e-08	1.625800310671666e-10	False	True	True	8.613908864069813	4.4745026692786676e-08	first_fixed_B1	0.0	0.0	0.0
CO:HT29	magnitude_g1.00	EX_succ_e	0.0	115.44565627115217	15.014100507942294	15.014107824011893	15.014101319488141	15.014101346081445	115.44565627115217	7.3160695990281965e-06	2.659330355925249e-08	False	True	True	115.44564895508258	7.289476295468944e-06	first_fixed_B1	0.0	0.0	0.0
CO:HT29	magnitude_g1.00	EX_taur_e	0.0	16.909696464552468	0.0	3.6285282099399847e-08	0.0	1.3012846501433277e-10	16.909696464552468	3.6285282099399847e-08	1.3012846501433277e-10	False	True	True	16.909696428267186	3.615515363438551e-08	first_fixed_B1	0.0	0.0	0.0
CO:HT29	magnitude_g1.00	EX_tchola_e	0.0	1.4423577198570345	0.0	7.77451666792129e-09	0.0	5.201020961859462e-11	1.4423577198570345	7.77451666792129e-09	5.201020961859462e-11	False	True	True	1.442357712082518	7.722506458302696e-09	first_fixed_B1	0.0	0.0	0.0
CO:HT29	magnitude_g1.00	EX_thr__L_e	-10.0	-1.0272564007096072	-1.0272576847068158	-1.0272564007096079	-1.027256405341057	-1.0272564007096079	8.972743599290393	1.2839972078904083e-06	4.6314492241350536e-09	False	True	True	8.972742315293186	1.2793657586662732e-06	first_fixed_B1	0.0	0.0	4.440892098500626e-16
CO:HT29	magnitude_g1.00	EX_thym_e	0.0	12.751456104250027	0.0	1.669781639859506e-08	0.0	6.021374731245913e-11	12.751456104250027	1.669781639859506e-08	6.021374731245913e-11	False	True	True	12.75145608755221	1.66376026512826e-08	first_fixed_B1	0.0	0.0	0.0
CO:HT29	magnitude_g1.00	EX_thymd_e	0.0	9.041941601195571	0.0	1.104318812517682e-08	0.0	4.068503439728511e-11	9.041941601195571	1.104318812517682e-08	4.068503439728511e-11	False	True	True	9.041941590152383	1.1002503090779535e-08	first_fixed_B1	0.0	0.0	0.0
CO:HT29	magnitude_g1.00	EX_ump_e	0.0	6.071678091942398	0.0	8.212776924114666e-09	0.0	4.9631549213866885e-11	6.071678091942398	8.212776924114666e-09	4.9631549213866885e-11	False	True	True	6.071678083729621	8.1631453749008e-09	first_fixed_B1	0.0	0.0	0.0
CO:HT29	magnitude_g1.00	EX_ura_e	0.0	16.576892935525226	0.0	2.3263985706969625e-08	0.0	8.395489096638455e-11	16.576892935525226	2.3263985706969625e-08	8.395489096638455e-11	False	True	True	16.57689291226124	2.318003081600324e-08	first_fixed_B1	0.0	0.0	0.0
CO:HT29	magnitude_g1.00	EX_urate_e	0.0	9.751113491485382	0.0	9.328202590762963e-09	0.0	3.840295168744201e-11	9.751113491485382	9.328202590762963e-09	3.840295168744201e-11	False	True	True	9.75111348215718	9.28979963907552e-09	first_fixed_B1	0.0	0.0	0.0
CO:HT29	magnitude_g1.00	EX_uri_e	0.0	10.811017131864451	0.0	1.3280667966033625e-08	0.0	4.797654552232758e-11	10.811017131864451	1.3280667966033625e-08	4.797654552232758e-11	False	True	True	10.811017118583784	1.3232691420511298e-08	first_fixed_B1	0.0	0.0	0.0
CO:HT29	magnitude_g1.00	EX_val__L_e	-10.0	-1.1583926498609252	-1.1583936856250443	-1.158392649860925	-1.1583926535987494	-1.158392649860925	8.841607350139075	1.0357641193614597e-06	3.737824494365327e-09	False	True	True	8.841606314374955	1.0320262948670944e-06	first_fixed_B1	2.220446049250313e-16	0.0	0.0
CO:HT29	magnitude_g1.00	EX_xan_e	0.0	9.751113491485553	0.0	9.603749170752299e-09	0.0	3.5787331244816947e-11	9.751113491485553	9.603749170752299e-09	3.5787331244816947e-11	False	True	True	9.751113481881804	9.567961839507482e-09	first_fixed_B1	0.0	0.0	0.0
LC:HOP-92	ordinal	EX_4abut_e	0.0	179.01124760682066	0.0	1.4150338423030319e-07	0.0	2.5446960131845233e-09	179.01124760682066	1.4150338423030319e-07	2.5446960131845233e-09	False	True	True	179.01124746531727	1.3895868821711866e-07	first_fixed_B1	0.0	0.0	0.0
LC:HOP-92	ordinal	EX_L2aadp_e	0.0	10.926076398774978	0.0	7.12434621444952e-08	0.0	1.2880815206166866e-09	10.926076398774978	7.12434621444952e-08	1.2880815206166866e-09	False	True	True	10.926076327531515	6.995538062387851e-08	first_fixed_B1	0.0	0.0	0.0
LC:HOP-92	ordinal	EX_Lkynr_e	0.0	8.61390890897742	0.0	4.47169782960891e-08	0.0	8.092121588865888e-10	8.61390890897742	4.47169782960891e-08	8.092121588865888e-10	False	True	True	8.613908864260441	4.3907766137202506e-08	first_fixed_B1	0.0	0.0	0.0
LC:HOP-92	ordinal	EX_ala__L_e	0.0	161.4259027078193	14.984732510502106	14.984741954211644	14.984738910192918	14.984739091718511	161.4259027078193	9.44370953881446e-06	1.8152559277950786e-07	False	True	True	161.42589326410976	9.262183946034952e-06	first_fixed_B1	0.0	0.0	0.0
LC:HOP-92	ordinal	EX_anth_e	0.0	8.613908908977418	0.0	3.9555719172316485e-08	0.0	7.145185748333167e-10	8.613908908977418	3.9555719172316485e-08	7.145185748333167e-10	False	True	True	8.6139088694217	3.8841200597483165e-08	first_fixed_B1	0.0	0.0	0.0
LC:HOP-92	ordinal	EX_cala_e	0.0	16.576892935525144	0.0	2.013768995825979e-08	0.0	3.63467021381928e-10	16.576892935525144	2.013768995825979e-08	3.63467021381928e-10	False	True	True	16.576892915387454	1.977422293687786e-08	first_fixed_B1	0.0	0.0	0.0
LC:HOP-92	ordinal	EX_chol_e	-10.0	5.802857235090938	-3.4969865954715726	-3.496984035477121	-3.496985641293161	-3.496985595502811	15.802857235090938	2.559994451534209e-06	4.579034973417606e-08	False	True	True	15.802854675096487	2.5142041018000327e-06	first_fixed_B1	0.0	0.0	0.0
LC:HOP-92	ordinal	EX_cholp_e	0.0	6.071678091942405	0.0	4.9117320280996085e-08	0.0	8.842065027605236e-10	6.071678091942405	4.9117320280996085e-08	8.842065027605236e-10	False	True	True	6.071678042825085	4.823311377823556e-08	first_fixed_B1	0.0	0.0	0.0
LC:HOP-92	ordinal	EX_cit_e	0.0	62.319508811365594	0.0	2.1227825354464686e-06	0.0	3.759242507918002e-08	62.319508811365594	2.1227825354464686e-06	3.759242507918002e-08	False	True	True	62.31950668858306	2.0851901103672886e-06	first_fixed_B1	0.0	0.0	0.0
LC:HOP-92	ordinal	EX_cmp_e	0.0	0.0	0.0	0.0	0.0	2.0639886539007771e-10	0.0	0.0	2.0639886539007771e-10	True	True	True	0.0	-2.0639886539007771e-10	already_fixed_B0	0.0	2.0639886539007771e-10	0.0
LC:HOP-92	ordinal	EX_crn_e	-1.0	-3.3306690738754696e-16	-3.373258284922187e-07	3.3306690738754696e-15	-6.1786966691611686e-09	9.21175506774123e-15	0.9999999999999997	3.373258318228878e-07	6.178705880916236e-09	False	True	True	0.9999996626741678	3.311471259419715e-07	first_fixed_B1	3.6637359812630166e-15	5.88108599386576e-15	3.3306690738754696e-16
LC:HOP-92	ordinal	EX_cytd_e	0.0	10.81101713186418	0.0	1.0909854514008925e-08	0.0	2.0622823145344965e-10	10.81101713186418	1.0909854514008925e-08	2.0622823145344965e-10	False	True	True	10.811017120954325	1.0703626282555475e-08	first_fixed_B1	0.0	0.0	0.0
LC:HOP-92	ordinal	EX_dhap_e	0.0	6.071678091942327	0.0	2.865549081260115e-08	0.0	5.172858707097312e-10	6.071678091942327	2.865549081260115e-08	5.172858707097312e-10	False	True	True	6.071678063286837	2.8138204941891418e-08	first_fixed_B1	0.0	0.0	0.0
LC:HOP-92	ordinal	EX_duri_e	0.0	10.811017131864169	0.0	1.1011846657796422e-08	0.0	2.0988502443161166e-10	10.811017131864169	1.1011846657796422e-08	2.0988502443161166e-10	False	True	True	10.811017120852322	1.080196163336481e-08	first_fixed_B1	0.0	0.0	0.0
LC:HOP-92	ordinal	EX_fum_e	0.0	75.07460134290541	15.555399603915994	15.555408083970846	15.555403082686729	15.555403209779612	75.07460134290541	8.480054852100238e-06	1.2709288377266148e-07	False	True	True	75.07459286285055	8.352961968327577e-06	first_fixed_B1	0.0	0.0	0.0
LC:HOP-92	ordinal	EX_glcur_e	0.0	18.283735368672726	0.0	4.607104846001545e-08	0.0	8.332070007250238e-10	18.283735368672726	4.607104846001545e-08	8.332070007250238e-10	False	True	True	18.28373532260168	4.523784145929043e-08	first_fixed_B1	0.0	0.0	0.0
LC:HOP-92	ordinal	EX_gln__L_e	-10.0	31.44223233881293	-10.0	-9.999999002648657	-10.0	-9.999999981718343	41.44223233881293	9.973513428462866e-07	1.8281657077068303e-08	False	True	True	41.442231341461586	9.790696857692183e-07	first_fixed_B1	0.0	0.0	0.0
LC:HOP-92	ordinal	EX_glu__L_e	-10.0	65.07460134290554	-10.0	-9.999999513373695	-10.0	-9.999999991237601	75.07460134290554	4.866263054736919e-07	8.76239880653884e-09	False	True	True	75.07460085627923	4.778639066671531e-07	first_fixed_B1	0.0	0.0	0.0
LC:HOP-92	ordinal	EX_gly_e	-10.0	136.67340860229442	-10.0	-9.999998851867963	-10.0	-9.999999978333653	146.67340860229442	1.148132037442906e-06	2.1666346938786774e-08	False	True	True	146.67340745416237	1.1264656905041193e-06	first_fixed_B1	0.0	0.0	0.0
LC:HOP-92	ordinal	EX_glyald_e	0.0	58.40513229375357	0.0	5.996631128964469e-08	0.0	1.0850091244210301e-09	58.40513229375357	5.996631128964469e-08	1.0850091244210301e-09	False	True	True	58.405132233787256	5.8881302165223656e-08	first_fixed_B1	0.0	0.0	0.0
LC:HOP-92	ordinal	EX_glyc3p_e	0.0	6.071678091942406	0.0	2.717404451133602e-08	0.0	4.90252057485621e-10	6.071678091942406	2.717404451133602e-08	4.90252057485621e-10	False	True	True	6.071678064768362	2.6683792453850397e-08	first_fixed_B1	0.0	0.0	0.0
LC:HOP-92	ordinal	EX_hom__L_e	0.0	0.0	0.0	0.0	0.0	0.0	0.0	0.0	0.0	True	True	True	0.0	0.0	already_fixed_B0	0.0	0.0	0.0
LC:HOP-92	ordinal	EX_hxan_e	0.0	9.75111349148557	0.0	8.796911209192631e-09	0.0	1.9243338782844705e-10	9.75111349148557	8.796911209192631e-09	1.9243338782844705e-10	False	True	True	9.751113482688659	8.604477821364183e-09	first_fixed_B1	0.0	0.0	0.0
LC:HOP-92	ordinal	EX_icit_e	0.0	62.31950881136539	0.0	6.231094480490901e-07	0.0	1.1061451613155625e-08	62.31950881136539	6.231094480490901e-07	1.1061451613155625e-08	False	True	True	62.31950818825594	6.120479964359345e-07	first_fixed_B1	0.0	0.0	0.0
LC:HOP-92	ordinal	EX_ins_e	0.0	7.422489374115851	0.0	6.33974726163904e-09	0.0	1.292505324388101e-10	7.422489374115851	6.33974726163904e-09	1.292505324388101e-10	False	True	True	7.4224893677761035	6.210496729200229e-09	first_fixed_B1	0.0	0.0	0.0
LC:HOP-92	ordinal	EX_lac__L_e	-1.0	108.03961591890892	16.02518558645301	16.02519770778038	16.025188825189844	16.025188989764136	109.03961591890892	1.2121327369385426e-05	1.6457429197203055e-07	False	False	True	109.03960379758155	1.1956753077413396e-05	first_fixed_B2	0.0	0.0	0.0
LC:HOP-92	ordinal	EX_leu__L_e	-10.0	-1.7922337326704607	-1.7922394569932094	-1.7922337326704536	-1.79223383127679	-1.7922337326704456	8.20776626732954	5.72432275580681e-06	9.860634442304672e-08	False	True	True	8.207760543006783	5.625716411383763e-06	first_fixed_B1	7.105427357601002e-15	7.993605777301127e-15	1.3322676295501878e-14
LC:HOP-92	ordinal	EX_lys__L_e	-10.0	-1.9452265708841594	-9.619984382247061	-4.503469354484738	-9.619967540903627	-4.503473372844111	8.05477342911584	5.116515027762323	5.116494168059516	False	False	False	2.938258401353518	2.0859702806852454e-05	still_variable_B2	0.0	0.0	0.0
LC:HOP-92	ordinal	EX_mal__L_e	0.0	69.54957388179433	0.0	6.123919810047084e-07	0.0	1.0908899191890875e-08	69.54957388179433	6.123919810047084e-07	1.0908899191890875e-08	False	True	True	69.54957326940234	6.014830818128176e-07	first_fixed_B1	0.0	0.0	0.0
LC:HOP-92	ordinal	EX_met__L_e	-10.0	-0.5026982632120802	-7.385932186558321	-7.385915792943913	-7.385927306871937	-7.385927020415206	9.49730173678792	1.6393614408194424e-05	2.8645673122440485e-07	False	False	True	9.497285343173512	1.610715767697002e-05	first_fixed_B2	0.0	0.0	0.0
LC:HOP-92	ordinal	EX_nac_e	0.0	12.871302969659153	0.0	1.3234338248592694e-07	0.0	2.375358997968513e-09	12.871302969659153	1.3234338248592694e-07	2.375358997968513e-09	False	True	True	12.87130283731577	1.2996802348795842e-07	first_fixed_B1	0.0	0.0	0.0
LC:HOP-92	ordinal	EX_ncam_e	-10.0	0.0	-8.609063863766564e-07	3.0550434944766125e-13	-1.5311983809495865e-08	1.7538028356242318e-25	10.0	8.609066918810058e-07	1.5311983809495865e-08	False	True	True	9.999999139093308	8.455947080715099e-07	first_fixed_B1	3.0550434944766125e-13	0.0	0.0
LC:HOP-92	ordinal	EX_orn_e	0.0	75.07460134290598	0.0	2.6217284187393864e-07	0.0	4.717220755699738e-09	75.07460134290598	2.6217284187393864e-07	4.717220755699738e-09	False	True	True	75.07460108073313	2.574556211182389e-07	first_fixed_B1	0.0	0.0	0.0
LC:HOP-92	ordinal	EX_orot_e	0.0	16.576892935524832	0.0	2.3499492051738942e-08	0.0	4.2437070754231303e-10	16.576892935524832	2.3499492051738942e-08	4.2437070754231303e-10	False	True	True	16.57689291202534	2.3075121344196628e-08	first_fixed_B1	0.0	0.0	0.0
LC:HOP-92	ordinal	EX_phe__L_e	-10.0	-0.8524036882104262	-9.919891160619109	-9.91987070167654	-9.919885947966852	-9.919885639253138	9.147596311789574	2.0458942568524208e-05	3.0871371414775695e-07	False	False	True	9.147575852847005	2.015022885437645e-05	first_fixed_B2	0.0	0.0	0.0
LC:HOP-92	ordinal	EX_pro__L_e	-10.0	73.71949939148276	-1.3551060532374004	-1.3551017842139628	-1.3551020232202882	-1.355101948401404	83.71949939148276	4.269023437641906e-06	7.481888419924587e-08	False	True	True	83.71949512245932	4.19420455344266e-06	first_fixed_B1	0.0	0.0	0.0
LC:HOP-92	ordinal	EX_sbt__D_e	0.0	0.0	0.0	0.0	0.0	0.0	0.0	0.0	0.0	True	True	True	0.0	0.0	already_fixed_B0	0.0	0.0	0.0
LC:HOP-92	ordinal	EX_ser__L_e	-10.0	57.23433743957334	-10.0	-9.999999933517692	-10.0	-9.999999998794344	67.23433743957334	6.648230765904373e-08	1.2056560194650956e-09	False	True	True	67.23433737309102	6.527665163957863e-08	first_fixed_B1	0.0	0.0	0.0
LC:HOP-92	ordinal	EX_sprm_e	0.0	3.3387831585264007	0.0	4.796381155871919e-09	0.0	8.775134485462506e-11	3.3387831585264007	4.796381155871919e-09	8.775134485462506e-11	False	True	True	3.3387831537300197	4.7086298110172935e-09	first_fixed_B1	0.0	0.0	0.0
LC:HOP-92	ordinal	EX_srtn_e	0.0	8.61390890897742	0.0	4.040821557394602e-08	0.0	7.286887577139523e-10	8.61390890897742	4.040821557394602e-08	7.286887577139523e-10	False	True	True	8.613908868569204	3.9679526816232066e-08	first_fixed_B1	0.0	0.0	0.0
LC:HOP-92	ordinal	EX_succ_e	0.0	115.44565627115217	12.65415616130791	12.65416835874961	12.654160525376929	12.654160723697512	115.44565627115217	1.2197441700223521e-05	1.9832058306690215e-07	False	False	True	115.44564407371047	1.199912111715662e-05	first_fixed_B2	0.0	0.0	0.0
LC:HOP-92	ordinal	EX_taur_e	0.0	16.909696464552468	0.0	3.333863834173098e-08	0.0	6.026403763619434e-10	16.909696464552468	3.333863834173098e-08	6.026403763619434e-10	False	True	True	16.90969643121383	3.2735997965369034e-08	first_fixed_B1	0.0	0.0	0.0
LC:HOP-92	ordinal	EX_tchola_e	0.0	1.4423577198570345	0.0	7.3388515056227406e-09	0.0	3.1169922479188806e-10	1.4423577198570345	7.3388515056227406e-09	3.1169922479188806e-10	False	True	True	1.442357712518183	7.027152280830852e-09	first_fixed_B1	0.0	0.0	0.0
LC:HOP-92	ordinal	EX_thr__L_e	-10.0	-1.0272564007096072	-1.0272605025863712	-1.0272564007096077	-1.0272564725678113	-1.0272564007096077	8.972743599290393	4.101876763584755e-06	7.185820360966488e-08	False	True	True	8.97273949741363	4.03001855997509e-06	first_fixed_B1	0.0	0.0	2.220446049250313e-16
LC:HOP-92	ordinal	EX_thym_e	0.0	12.751456104250027	0.0	1.4252725060416083e-08	0.0	2.58393776640912e-10	12.751456104250027	1.4252725060416083e-08	2.58393776640912e-10	False	True	True	12.751456089997301	1.399433128377517e-08	first_fixed_B1	0.0	0.0	0.0
LC:HOP-92	ordinal	EX_thymd_e	0.0	9.041941601195571	0.0	9.017154302938897e-09	0.0	1.6835484442545238e-10	9.041941601195571	9.017154302938897e-09	1.6835484442545238e-10	False	True	True	9.041941592178416	8.848799458513444e-09	first_fixed_B1	0.0	0.0	0.0
LC:HOP-92	ordinal	EX_ump_e	0.0	6.071678091942398	0.0	7.103363236217592e-09	0.0	2.0329998837195743e-10	6.071678091942398	7.103363236217592e-09	2.0329998837195743e-10	False	True	True	6.071678084839035	6.900063247845635e-09	first_fixed_B1	0.0	0.0	0.0
LC:HOP-92	ordinal	EX_ura_e	0.0	16.576892935525226	0.0	2.1036159824755658e-08	0.0	3.8048448811201015e-10	16.576892935525226	2.1036159824755658e-08	3.8048448811201015e-10	False	True	True	16.576892914489065	2.065567533664365e-08	first_fixed_B1	0.0	0.0	0.0
LC:HOP-92	ordinal	EX_urate_e	0.0	9.751113491485382	0.0	8.378143246100582e-09	0.0	1.7552064803523168e-10	9.751113491485382	8.378143246100582e-09	1.7552064803523168e-10	False	True	True	9.75111348310724	8.20262259806535e-09	first_fixed_B1	0.0	0.0	0.0
LC:HOP-92	ordinal	EX_uri_e	0.0	10.811017131864451	0.0	1.0949264618279978e-08	0.0	2.0318270634942357e-10	10.811017131864451	1.0949264618279978e-08	2.0318270634942357e-10	False	True	True	10.811017120915187	1.0746081911930554e-08	first_fixed_B1	0.0	0.0	0.0
LC:HOP-92	ordinal	EX_val__L_e	-10.0	-1.1583926498609252	-1.1583953844067139	-1.158392649860925	-1.1583926977081782	-1.158392649860925	8.841607350139075	2.7345457889182967e-06	4.784725327056094e-08	False	True	True	8.841604615593287	2.6866985356477358e-06	first_fixed_B1	2.220446049250313e-16	0.0	1.3567813539339113e-11
LC:HOP-92	ordinal	EX_xan_e	0.0	9.751113491485553	0.0	8.666868399452612e-09	0.0	1.574731325117172e-10	9.751113491485553	8.666868399452612e-09	1.574731325117172e-10	False	True	True	9.751113482818685	8.509395266940895e-09	first_fixed_B1	0.0	0.0	0.0
LC:HOP-92	magnitude_g1.00	EX_4abut_e	0.0	179.01124760682066	0.0	2.7534007260600737e-07	0.0	1.190609990274254e-08	179.01124760682066	2.7534007260600737e-07	1.190609990274254e-08	False	True	True	179.01124733148058	2.634339727032648e-07	first_fixed_B1	0.0	0.0	0.0
LC:HOP-92	magnitude_g1.00	EX_L2aadp_e	0.0	10.926076398774978	0.0	9.168006617134817e-08	0.0	3.960326136305918e-09	10.926076398774978	9.168006617134817e-08	3.960326136305918e-09	False	True	True	10.926076307094911	8.771974003504226e-08	first_fixed_B1	0.0	0.0	0.0
LC:HOP-92	magnitude_g1.00	EX_Lkynr_e	0.0	8.61390890897742	0.0	3.8804017639858975e-08	0.0	1.6243081596962645e-09	8.61390890897742	3.8804017639858975e-08	1.6243081596962645e-09	False	True	True	8.613908870173402	3.717970948016271e-08	first_fixed_B1	0.0	0.0	0.0
LC:HOP-92	magnitude_g1.00	EX_ala__L_e	0.0	161.4259027078193	11.43463703258059	11.434647351218455	11.434645344523627	11.434645937754158	161.4259027078193	1.0318637865935898e-05	5.932305313649522e-07	False	False	True	161.42589238918143	9.725407334570946e-06	first_fixed_B2	0.0	0.0	0.0
LC:HOP-92	magnitude_g1.00	EX_anth_e	0.0	8.613908908977418	0.0	3.425171183534352e-08	0.0	1.4392113667148908e-09	8.613908908977418	3.425171183534352e-08	1.4392113667148908e-09	False	True	True	8.613908874725706	3.281250046862863e-08	first_fixed_B1	0.0	0.0	0.0
LC:HOP-92	magnitude_g1.00	EX_cala_e	0.0	16.576892935525144	0.0	2.0079023170867746e-08	0.0	8.469061785074904e-10	16.576892935525144	2.0079023170867746e-08	8.469061785074904e-10	False	True	True	16.57689291544612	1.9232116992360256e-08	first_fixed_B1	0.0	0.0	0.0
LC:HOP-92	magnitude_g1.00	EX_chol_e	-10.0	5.802857235090938	-2.259570852178575	-2.2595697648440787	-2.2595698965212265	-2.2595698509306827	15.802857235090938	1.0873344962192277e-06	4.559054378461269e-08	False	True	True	15.802856147756442	1.041743952434615e-06	first_fixed_B1	0.0	0.0	0.0
LC:HOP-92	magnitude_g1.00	EX_cholp_e	0.0	6.071678091942405	0.0	5.193010719129519e-08	0.0	2.1941598180258427e-09	6.071678091942405	5.193010719129519e-08	2.1941598180258427e-09	False	True	True	6.071678040012298	4.973594737326935e-08	first_fixed_B1	0.0	0.0	0.0
LC:HOP-92	magnitude_g1.00	EX_cit_e	0.0	62.319508811365594	0.0	1.2738513795811833e-06	0.0	4.97996390287665e-08	62.319508811365594	1.2738513795811833e-06	4.97996390287665e-08	False	True	True	62.31950753751421	1.2240517405524168e-06	first_fixed_B1	0.0	0.0	0.0
LC:HOP-92	magnitude_g1.00	EX_cmp_e	0.0	0.0	0.0	0.0	0.0	5.33900326215633e-10	0.0	0.0	5.33900326215633e-10	True	True	True	0.0	-5.33900326215633e-10	already_fixed_B0	0.0	5.33900326215633e-10	0.0
LC:HOP-92	magnitude_g1.00	EX_crn_e	-1.0	-3.3306690738754696e-16	-1.1810491540309442e-06	1.3322676295501878e-15	-6.120538731318127e-08	1.642475010753986e-16	0.9999999999999997	1.1810491553632119e-06	6.120538747742877e-08	False	True	True	0.9999988189508443	1.1198437678857831e-06	first_fixed_B1	1.6653345369377348e-15	0.0	3.186128396488161e-16
LC:HOP-92	magnitude_g1.00	EX_cytd_e	0.0	10.81101713186418	0.0	1.1951962678846432e-08	0.0	5.279984573598508e-10	10.81101713186418	1.1951962678846432e-08	5.279984573598508e-10	False	True	True	10.811017119912217	1.1423964221486581e-08	first_fixed_B1	0.0	0.0	0.0
LC:HOP-92	magnitude_g1.00	EX_dhap_e	0.0	6.071678091942327	0.0	3.369530371016087e-08	0.0	1.4310266677771757e-09	6.071678091942327	3.369530371016087e-08	1.4310266677771757e-09	False	True	True	6.071678058247024	3.22642770423837e-08	first_fixed_B1	0.0	0.0	0.0
LC:HOP-92	magnitude_g1.00	EX_duri_e	0.0	10.811017131864169	0.0	1.2043937123378462e-08	0.0	5.184184100492372e-10	10.811017131864169	1.2043937123378462e-08	5.184184100492372e-10	False	True	True	10.811017119820232	1.1525518713329225e-08	first_fixed_B1	0.0	0.0	0.0
LC:HOP-92	magnitude_g1.00	EX_fum_e	0.0	75.07460134290541	15.88321433124495	15.883245591232894	15.883216021595457	15.883221506796541	75.07460134290541	3.125998794395457e-05	5.485201084454161e-06	False	False	True	75.07457008291746	2.577478685950041e-05	first_fixed_B2	0.0	0.0	0.0
LC:HOP-92	magnitude_g1.00	EX_glcur_e	0.0	18.283735368672726	0.0	3.680568642985371e-08	0.0	1.6265884895375092e-09	18.283735368672726	3.680568642985371e-08	1.6265884895375092e-09	False	True	True	18.28373533186704	3.51790979403162e-08	first_fixed_B1	0.0	0.0	0.0
LC:HOP-92	magnitude_g1.00	EX_gln__L_e	-10.0	31.44223233881293	-10.0	-9.999998824178466	-10.0	-9.999999952931	41.44223233881293	1.175821534360466e-06	4.706899936479658e-08	False	True	True	41.44223116299139	1.1287525349956695e-06	first_fixed_B1	0.0	0.0	0.0
LC:HOP-92	magnitude_g1.00	EX_glu__L_e	-10.0	65.07460134290554	-10.0	-9.999999365794723	-10.0	-9.999999972121152	75.07460134290554	6.34205276739408e-07	2.7878847674855933e-08	False	True	True	75.07460070870026	6.06326429064552e-07	first_fixed_B1	0.0	0.0	0.0
LC:HOP-92	magnitude_g1.00	EX_gly_e	-10.0	136.67340860229442	-6.765060049840618	-6.765049711579451	-6.7650572231702055	-6.765056262463701	146.67340860229442	1.0338261167142093e-05	9.607065045713625e-07	False	False	True	146.67339826403324	9.37755466257073e-06	first_fixed_B2	0.0	0.0	0.0
LC:HOP-92	magnitude_g1.00	EX_glyald_e	0.0	58.40513229375357	0.0	8.066991638407508e-08	0.0	3.4341358473334363e-09	58.40513229375357	8.066991638407508e-08	3.4341358473334363e-09	False	True	True	58.405132213083654	7.723578053674164e-08	first_fixed_B1	0.0	0.0	0.0
LC:HOP-92	magnitude_g1.00	EX_glyc3p_e	0.0	6.071678091942406	0.0	3.289728593672777e-08	0.0	1.3985453473850117e-09	6.071678091942406	3.289728593672777e-08	1.3985453473850117e-09	False	True	True	6.07167805904512	3.149874058934276e-08	first_fixed_B1	0.0	0.0	0.0
LC:HOP-92	magnitude_g1.00	EX_hom__L_e	0.0	0.0	0.0	0.0	0.0	0.0	0.0	0.0	0.0	True	True	True	0.0	0.0	already_fixed_B0	0.0	0.0	0.0
LC:HOP-92	magnitude_g1.00	EX_hxan_e	0.0	9.75111349148557	0.0	9.044800073526392e-09	0.0	3.9529010251893063e-10	9.75111349148557	9.044800073526392e-09	3.9529010251893063e-10	False	True	True	9.75111348244077	8.649509971007462e-09	first_fixed_B1	0.0	0.0	0.0
LC:HOP-92	magnitude_g1.00	EX_icit_e	0.0	62.31950881136539	0.0	5.294125480787172e-07	0.0	2.309706140013724e-08	62.31950881136539	5.294125480787172e-07	2.309706140013724e-08	False	True	True	62.31950828195284	5.063154866785799e-07	first_fixed_B1	0.0	0.0	0.0
LC:HOP-92	magnitude_g1.00	EX_ins_e	0.0	7.422489374115851	0.0	6.851821944562919e-09	0.0	2.906271064150287e-10	7.422489374115851	6.851821944562919e-09	2.906271064150287e-10	False	True	True	7.422489367264029	6.56119483814789e-09	first_fixed_B1	0.0	0.0	0.0
LC:HOP-92	magnitude_g1.00	EX_lac__L_e	-1.0	108.03961591890892	10.920239491811731	10.920277629840328	10.920246119738602	10.920252133712982	109.03961591890892	3.813802859653492e-05	6.0139743798259815e-06	False	False	True	109.03957778088032	3.212405421670894e-05	first_fixed_B2	0.0	0.0	0.0
LC:HOP-92	magnitude_g1.00	EX_leu__L_e	-10.0	-1.7922337326704607	-1.7922352511198258	-1.7922337326704452	-1.7922337839422942	-1.792233732670467	8.20776626732954	1.5184493806774668e-06	5.1271827228305256e-08	False	True	True	8.207764748880159	1.4671775534491616e-06	first_fixed_B1	1.554312234475219e-14	0.0	1.9317880628477724e-14
LC:HOP-92	magnitude_g1.00	EX_lys__L_e	-10.0	-1.9452265708841594	-1.945233435523	-1.9452265708841616	-1.9452267472679907	-1.9452265708841634	8.05477342911584	6.864638838477433e-06	1.763838273216578e-07	False	True	True	8.054766564477003	6.688255011155775e-06	first_fixed_B1	0.0	0.0	1.7763568394002505e-15
LC:HOP-92	magnitude_g1.00	EX_mal__L_e	0.0	69.54957388179433	0.0	1.1367588675210327e-06	0.0	5.316580393891621e-08	69.54957388179433	1.1367588675210327e-06	5.316580393891621e-08	False	True	True	69.54957274503546	1.0835930635821164e-06	first_fixed_B1	0.0	0.0	0.0
LC:HOP-92	magnitude_g1.00	EX_met__L_e	-10.0	-0.5026982632120802	-3.541914612301763	-3.5418913510669783	-3.5418999600776293	-3.5418977114689723	9.49730173678792	2.326123478457731e-05	2.248608657051676e-06	False	False	True	9.497278475553134	2.1012626127525635e-05	first_fixed_B2	0.0	0.0	0.0
LC:HOP-92	magnitude_g1.00	EX_nac_e	0.0	12.871302969659153	0.0	1.5859299922688767e-07	0.0	6.745376332954353e-09	12.871302969659153	1.5859299922688767e-07	6.745376332954353e-09	False	True	True	12.871302811066153	1.5184762289393332e-07	first_fixed_B1	0.0	0.0	0.0
LC:HOP-92	magnitude_g1.00	EX_ncam_e	-10.0	0.0	-1.098265742076795e-06	1.1214221536026984e-13	-4.43657272944208e-08	1.5220972137780843e-24	10.0	1.0982658542190103e-06	4.43657272944208e-08	False	True	True	9.999998901734147	1.0539001269245894e-06	first_fixed_B1	1.1214221536026984e-13	0.0	0.0
LC:HOP-92	magnitude_g1.00	EX_orn_e	0.0	75.07460134290598	0.0	8.525145112930927e-07	0.0	3.688239931173939e-08	75.07460134290598	8.525145112930927e-07	3.688239931173939e-08	False	True	True	75.07460049039146	8.156321119813533e-07	first_fixed_B1	0.0	0.0	0.0
LC:HOP-92	magnitude_g1.00	EX_orot_e	0.0	16.576892935524832	0.0	2.4181582030224343e-08	0.0	1.0170407377615639e-09	16.576892935524832	2.4181582030224343e-08	1.0170407377615639e-09	False	True	True	16.57689291134325	2.316454129246278e-08	first_fixed_B1	0.0	0.0	0.0
LC:HOP-92	magnitude_g1.00	EX_phe__L_e	-10.0	-0.8524036882104262	-0.8524052066538039	-0.8524036882104289	-0.8524037394715378	-0.852403688210429	9.147596311789574	1.5184433750370374e-06	5.126110880215862e-08	False	True	True	9.1475947933462	1.4671822662348788e-06	first_fixed_B1	0.0	0.0	1.1102230246251565e-16
LC:HOP-92	magnitude_g1.00	EX_pro__L_e	-10.0	73.71949939148276	-1.3551044354072979	-1.3551016367175264	-1.3551020385804313	-1.3551019378810025	83.71949939148276	2.7986897714882275e-06	1.006994287955365e-07	False	True	True	83.71949659279298	2.697990342692691e-06	first_fixed_B1	0.0	0.0	0.0
LC:HOP-92	magnitude_g1.00	EX_sbt__D_e	0.0	0.0	0.0	0.0	0.0	0.0	0.0	0.0	0.0	True	True	True	0.0	0.0	already_fixed_B0	0.0	0.0	0.0
LC:HOP-92	magnitude_g1.00	EX_ser__L_e	-10.0	57.23433743957334	-10.0	-9.999999907003325	-10.0	-9.999999996002026	67.23433743957334	9.299667524942379e-08	3.997973507807728e-09	False	True	True	67.23433734657667	8.899870174161606e-08	first_fixed_B1	0.0	0.0	0.0
LC:HOP-92	magnitude_g1.00	EX_sprm_e	0.0	3.3387831585264007	0.0	5.081473832069529e-09	0.0	2.62934447735606e-10	3.3387831585264007	5.081473832069529e-09	2.62934447735606e-10	False	True	True	3.338783153444927	4.818539384333923e-09	first_fixed_B1	0.0	0.0	0.0
LC:HOP-92	magnitude_g1.00	EX_srtn_e	0.0	8.61390890897742	0.0	3.657891448967132e-08	0.0	1.5245815185805776e-09	8.61390890897742	3.657891448967132e-08	1.5245815185805776e-09	False	True	True	8.613908872398506	3.505433297109074e-08	first_fixed_B1	0.0	0.0	0.0
LC:HOP-92	magnitude_g1.00	EX_succ_e	0.0	115.44565627115217	14.909359140358008	14.909396283180968	14.909386758492293	14.909393007750989	115.44565627115217	3.714282295952387e-05	6.2492586963003305e-06	False	False	True	115.44561912832921	3.089356426322354e-05	first_fixed_B2	0.0	0.0	0.0
LC:HOP-92	magnitude_g1.00	EX_taur_e	0.0	16.909696464552468	0.0	3.019146589043061e-08	0.0	1.2701987022160134e-09	16.909696464552468	3.019146589043061e-08	1.2701987022160134e-09	False	True	True	16.909696434361003	2.8921267188214596e-08	first_fixed_B1	0.0	0.0	0.0
LC:HOP-92	magnitude_g1.00	EX_tchola_e	0.0	1.4423577198570345	0.0	6.447597899108399e-09	0.0	7.514665128569042e-10	1.4423577198570345	6.447597899108399e-09	7.514665128569042e-10	False	True	True	1.4423577134094367	5.696131386251495e-09	first_fixed_B1	0.0	0.0	0.0
LC:HOP-92	magnitude_g1.00	EX_thr__L_e	-10.0	-1.0272564007096072	-1.0272579365467087	-1.0272564007096077	-1.0272564562369264	-1.0272564007096077	8.972743599290393	1.5358371010520955e-06	5.552731874303163e-08	False	True	True	8.972742063453293	1.4803097823090638e-06	first_fixed_B1	0.0	0.0	2.220446049250313e-16
LC:HOP-92	magnitude_g1.00	EX_thym_e	0.0	12.751456104250027	0.0	1.529415933040983e-08	0.0	6.468189690735854e-10	12.751456104250027	1.529415933040983e-08	6.468189690735854e-10	False	True	True	12.751456088955868	1.4647340361336244e-08	first_fixed_B1	0.0	0.0	0.0
LC:HOP-92	magnitude_g1.00	EX_thymd_e	0.0	9.041941601195571	0.0	1.0131742662845836e-08	0.0	4.36956791300484e-10	9.041941601195571	1.0131742662845836e-08	4.36956791300484e-10	False	True	True	9.041941591063829	9.694785871545352e-09	first_fixed_B1	0.0	0.0	0.0
LC:HOP-92	magnitude_g1.00	EX_ump_e	0.0	6.071678091942398	0.0	7.634552322785512e-09	0.0	5.350564005252209e-10	6.071678091942398	7.634552322785512e-09	5.350564005252209e-10	False	True	True	6.0716780843078455	7.099495922260291e-09	first_fixed_B1	0.0	0.0	0.0
LC:HOP-92	magnitude_g1.00	EX_ura_e	0.0	16.576892935525226	0.0	2.1533672524727025e-08	0.0	9.067639517220977e-10	16.576892935525226	2.1533672524727025e-08	9.067639517220977e-10	False	True	True	16.576892913991554	2.0626908573004928e-08	first_fixed_B1	0.0	0.0	0.0
LC:HOP-92	magnitude_g1.00	EX_urate_e	0.0	9.751113491485382	0.0	8.626199231687702e-09	0.0	4.1002730239725487e-10	9.751113491485382	8.626199231687702e-09	4.1002730239725487e-10	False	True	True	9.751113482859184	8.216171929290448e-09	first_fixed_B1	0.0	0.0	0.0
LC:HOP-92	magnitude_g1.00	EX_uri_e	0.0	10.811017131864451	0.0	1.2232761769161302e-08	0.0	5.173090366608979e-10	10.811017131864451	1.2232761769161302e-08	5.173090366608979e-10	False	True	True	10.811017119631689	1.1715452732500404e-08	first_fixed_B1	0.0	0.0	0.0
LC:HOP-92	magnitude_g1.00	EX_val__L_e	-10.0	-1.1583926498609252	-1.1583938027353327	-1.1583926498609252	-1.158392693789722	-1.1583926498609252	8.841607350139075	1.1528744074951192e-06	4.392879682235673e-08	False	True	True	8.841606197264667	1.1089456106727624e-06	first_fixed_B1	0.0	0.0	0.0
LC:HOP-92	magnitude_g1.00	EX_xan_e	0.0	9.751113491485553	0.0	8.867663142387218e-09	0.0	3.9549788161210713e-10	9.751113491485553	8.867663142387218e-09	3.9549788161210713e-10	False	True	True	9.751113482617889	8.472165260775111e-09	first_fixed_B1	0.0	0.0	0.0
LC:NCI-H226	magnitude_g1.00	EX_4abut_e	0.0	179.01124760682066	0.0	3.2212559046655965e-07	0.0	9.605552223500638e-10	179.01124760682066	3.2212559046655965e-07	9.605552223500638e-10	False	True	True	179.01124728469506	3.211650352442096e-07	first_fixed_B1	0.0	0.0	0.0
LC:NCI-H226	magnitude_g1.00	EX_L2aadp_e	0.0	10.926076398774978	0.0	9.218853624863791e-08	0.0	2.753035177042832e-10	10.926076398774978	9.218853624863791e-08	2.753035177042832e-10	False	True	True	10.926076306586442	9.191323273093363e-08	first_fixed_B1	0.0	0.0	0.0
LC:NCI-H226	magnitude_g1.00	EX_Lkynr_e	0.0	8.61390890897742	0.0	3.657990274834288e-08	0.0	1.1462962375170588e-10	8.61390890897742	3.657990274834288e-08	1.1462962375170588e-10	False	True	True	8.613908872397516	3.6465273124591175e-08	first_fixed_B1	0.0	0.0	0.0
LC:NCI-H226	magnitude_g1.00	EX_ala__L_e	0.0	161.4259027078193	11.436161308482257	11.436238090859954	11.436222025810341	11.436222268419673	161.4259027078193	7.678237769681573e-05	2.4260933173536614e-07	False	False	True	161.4258259254416	7.653976836508036e-05	first_fixed_B2	0.0	0.0	0.0
LC:NCI-H226	magnitude_g1.00	EX_anth_e	0.0	8.613908908977418	0.0	3.272532030870441e-08	0.0	9.771931483809358e-11	8.613908908977418	3.272532030870441e-08	9.771931483809358e-11	False	True	True	8.613908876252097	3.262760099386632e-08	first_fixed_B1	0.0	0.0	0.0
LC:NCI-H226	magnitude_g1.00	EX_cala_e	0.0	16.576892935525144	0.0	1.9491442457087044e-08	0.0	5.820365736697679e-11	16.576892935525144	1.9491442457087044e-08	5.820365736697679e-11	False	True	True	16.576892916033703	1.9433238799720068e-08	first_fixed_B1	0.0	0.0	0.0
LC:NCI-H226	magnitude_g1.00	EX_chol_e	-10.0	5.802857235090938	-2.2595710831813265	-2.2595697566855653	-2.2595698584313855	-2.2595698545001923	15.802857235090938	1.3264957612335593e-06	3.931193148787315e-09	False	True	True	15.802855908595177	1.322564568084772e-06	first_fixed_B1	0.0	0.0	0.0
LC:NCI-H226	magnitude_g1.00	EX_cholp_e	0.0	6.071678091942405	0.0	5.183847288844679e-08	0.0	1.5462392135908212e-10	6.071678091942405	5.183847288844679e-08	1.5462392135908212e-10	False	True	True	6.071678040103932	5.168384896708771e-08	first_fixed_B1	0.0	0.0	0.0
LC:NCI-H226	magnitude_g1.00	EX_cit_e	0.0	62.319508811365594	0.0	1.047023401181904e-06	0.0	3.100471543822125e-09	62.319508811365594	1.047023401181904e-06	3.100471543822125e-09	False	True	True	62.31950776434219	1.043922929638082e-06	first_fixed_B1	0.0	0.0	0.0
LC:NCI-H226	magnitude_g1.00	EX_cmp_e	0.0	0.0	0.0	0.0	0.0	3.64436647479515e-11	0.0	0.0	3.64436647479515e-11	True	True	True	0.0	-3.64436647479515e-11	already_fixed_B0	0.0	3.64436647479515e-11	0.0
LC:NCI-H226	magnitude_g1.00	EX_crn_e	-1.0	-3.3306690738754696e-16	-0.05745210202952833	-0.057411190766423315	-0.057445433401695424	-0.0574453311220442	0.9999999999999997	4.0911263105014584e-05	1.022796512206714e-07	False	False	True	0.9999590887368947	4.080898345379391e-05	first_fixed_B2	0.0	0.0	0.0
LC:NCI-H226	magnitude_g1.00	EX_cytd_e	0.0	10.81101713186418	0.0	1.161230566532643e-08	0.0	3.6042684615286076e-11	10.81101713186418	1.161230566532643e-08	3.6042684615286076e-11	False	True	True	10.811017120251874	1.1576262980711144e-08	first_fixed_B1	0.0	0.0	0.0
LC:NCI-H226	magnitude_g1.00	EX_dhap_e	0.0	6.071678091942327	0.0	3.330124998740726e-08	0.0	9.946881800940173e-11	6.071678091942327	3.330124998740726e-08	9.946881800940173e-11	False	True	True	6.071678058641077	3.320178116939786e-08	first_fixed_B1	0.0	0.0	0.0
LC:NCI-H226	magnitude_g1.00	EX_duri_e	0.0	10.811017131864169	0.0	1.1704856418422604e-08	0.0	3.6466154183574404e-11	10.811017131864169	1.1704856418422604e-08	3.6466154183574404e-11	False	True	True	10.811017120159313	1.166839026423903e-08	first_fixed_B1	0.0	0.0	0.0
LC:NCI-H226	magnitude_g1.00	EX_fum_e	0.0	75.07460134290541	15.866466155413601	15.866581329625387	15.866489888233032	15.866490252980647	75.07460134290541	0.00011517421178552922	3.6474761522242716e-07	False	False	True	75.07448616869362	0.0001148094641703068	first_fixed_B2	0.0	0.0	0.0
LC:NCI-H226	magnitude_g1.00	EX_glcur_e	0.0	18.283735368672726	0.0	3.480803945534363e-08	0.0	1.1932170153373242e-10	18.283735368672726	3.480803945534363e-08	1.1932170153373242e-10	False	True	True	18.283735333864687	3.46887177538099e-08	first_fixed_B1	0.0	0.0	0.0
LC:NCI-H226	magnitude_g1.00	EX_gln__L_e	-10.0	31.44223233881293	-10.0	-9.999999062531145	-10.0	-9.99999999721956	41.44223233881293	9.374688545449317e-07	2.7804407665144026e-09	False	True	True	41.442231401344074	9.346884137784173e-07	first_fixed_B1	0.0	0.0	0.0
LC:NCI-H226	magnitude_g1.00	EX_glu__L_e	-10.0	65.07460134290554	-10.0	-9.999999281280692	-10.0	-9.999999997854715	75.07460134290554	7.187193080682164e-07	2.1452848386616097e-09	False	True	True	75.07460062418623	7.165740232295548e-07	first_fixed_B1	0.0	0.0	0.0
LC:NCI-H226	magnitude_g1.00	EX_gly_e	-10.0	136.67340860229442	-6.768241528990818	-6.768087963612521	-6.768209884942378	-6.768209399322402	146.67340860229442	0.000153565378297138	4.856199753433543e-07	False	False	True	146.67325503691612	0.00015307975832179466	first_fixed_B2	0.0	0.0	0.0
LC:NCI-H226	magnitude_g1.00	EX_glyald_e	0.0	58.40513229375357	0.0	7.943035121738773e-08	0.0	2.764426577156071e-10	58.40513229375357	7.943035121738773e-08	2.764426577156071e-10	False	True	True	58.40513221432322	7.915390855967213e-08	first_fixed_B1	0.0	0.0	0.0
LC:NCI-H226	magnitude_g1.00	EX_glyc3p_e	0.0	6.071678091942406	0.0	3.2504855336789103e-08	0.0	1.0289985227322578e-10	6.071678091942406	3.2504855336789103e-08	1.0289985227322578e-10	False	True	True	6.07167805943755	3.240195548451588e-08	first_fixed_B1	0.0	0.0	0.0
LC:NCI-H226	magnitude_g1.00	EX_hom__L_e	0.0	0.0	0.0	0.0	0.0	0.0	0.0	0.0	0.0	True	True	True	0.0	0.0	already_fixed_B0	0.0	0.0	0.0
LC:NCI-H226	magnitude_g1.00	EX_hxan_e	0.0	9.75111349148557	0.0	8.910627099354834e-09	0.0	3.2096785692670385e-11	9.75111349148557	8.910627099354834e-09	3.2096785692670385e-11	False	True	True	9.751113482574944	8.878530313662164e-09	first_fixed_B1	0.0	0.0	0.0
LC:NCI-H226	magnitude_g1.00	EX_icit_e	0.0	62.31950881136539	0.0	5.40273300579475e-07	0.0	1.6109960002206193e-09	62.31950881136539	5.40273300579475e-07	1.6109960002206193e-09	False	True	True	62.31950827109209	5.386623045792544e-07	first_fixed_B1	0.0	0.0	0.0
LC:NCI-H226	magnitude_g1.00	EX_ins_e	0.0	7.422489374115851	0.0	6.760791647026943e-09	0.0	2.022757786877549e-11	7.422489374115851	6.760791647026943e-09	2.022757786877549e-11	False	True	True	7.422489367355059	6.740564069158168e-09	first_fixed_B1	0.0	0.0	0.0
LC:NCI-H226	magnitude_g1.00	EX_lac__L_e	-1.0	108.03961591890892	11.077383777954028	11.077469846824282	11.077433023227096	11.077433263403588	109.03961591890892	8.606887025486287e-05	2.4017649202789926e-07	False	False	True	109.03952985003866	8.582869376283497e-05	first_fixed_B2	0.0	0.0	0.0
LC:NCI-H226	magnitude_g1.00	EX_leu__L_e	-10.0	-1.7922337326704607	-1.7922347519691852	-1.7922337326704463	-1.792233735670579	-1.7922337326704516	8.20776626732954	1.019298738968999e-06	3.000127479779735e-09	False	True	True	8.2077652480308	1.0162986114892192e-06	first_fixed_B1	1.4432899320127035e-14	0.0	1.354472090042691e-14
LC:NCI-H226	magnitude_g1.00	EX_lys__L_e	-10.0	-1.9452265708841594	-1.945229810258591	-1.945226570884162	-1.9452265803692088	-1.9452265708842227	8.05477342911584	3.2393744289205273e-06	9.484986129848494e-09	False	True	True	8.054770189741411	3.229889442790679e-06	first_fixed_B1	0.0	0.0	6.039613253960852e-14
LC:NCI-H226	magnitude_g1.00	EX_mal__L_e	0.0	69.54957388179433	0.0	1.6264165792250028e-06	0.0	4.8779555211241826e-09	69.54957388179433	1.6264165792250028e-06	4.8779555211241826e-09	False	True	True	69.54957225537775	1.6215386237038785e-06	first_fixed_B1	0.0	0.0	0.0
LC:NCI-H226	magnitude_g1.00	EX_met__L_e	-10.0	-0.5026982632120802	-3.4919944866272865	-3.4916489658544507	-3.491721256711911	-3.491720165095719	9.49730173678792	0.0003455207728357834	1.0916161921059597e-06	False	False	True	9.496956216015084	0.00034442915664367746	first_fixed_B2	0.0	0.0	0.0
LC:NCI-H226	magnitude_g1.00	EX_nac_e	0.0	12.871302969659153	0.0	1.5651698435935451e-07	0.0	4.66317224354166e-10	12.871302969659153	1.5651698435935451e-07	4.66317224354166e-10	False	True	True	12.871302813142169	1.5605066713500036e-07	first_fixed_B1	0.0	0.0	1.0821100885408589e-14
LC:NCI-H226	magnitude_g1.00	EX_ncam_e	-10.0	0.0	-1.0997012379967864e-06	-9.604250790670855e-13	-3.2697975581895174e-09	0.0	10.0	1.0997002775717073e-06	3.2697975581895174e-09	False	True	True	9.999998900299722	1.0964304800135178e-06	first_fixed_B1	0.0	9.604250790670855e-13	9.604250790670855e-13
LC:NCI-H226	magnitude_g1.00	EX_orn_e	0.0	75.07460134290598	0.0	8.624881257213259e-07	0.0	2.5798086401838373e-09	75.07460134290598	8.624881257213259e-07	2.5798086401838373e-09	False	True	True	75.07460048041786	8.599083170811421e-07	first_fixed_B1	0.0	0.0	0.0
LC:NCI-H226	magnitude_g1.00	EX_orot_e	0.0	16.576892935524832	0.0	2.3421627257112622e-08	0.0	6.985726511565935e-11	16.576892935524832	2.3421627257112622e-08	6.985726511565935e-11	False	True	True	16.576892912103204	2.3351769991996964e-08	first_fixed_B1	0.0	0.0	0.0
LC:NCI-H226	magnitude_g1.00	EX_phe__L_e	-10.0	-0.8524036882104262	-0.8524047423326683	-0.8524036882104288	-0.8524036913388469	-0.8524036882104266	9.147596311789574	1.0541222394966354e-06	3.128420300591017e-09	False	True	True	9.147595257667334	1.0509938191960444e-06	first_fixed_B1	0.0	2.220446049250313e-15	0.0
LC:NCI-H226	magnitude_g1.00	EX_pro__L_e	-10.0	73.71949939148276	-1.3551037560087065	-1.3551016442641521	-1.3551019567679405	-1.355101950507409	83.71949939148276	2.1117445543339386e-06	6.260531648649703e-09	False	True	True	83.7194972797382	2.105484022685289e-06	first_fixed_B1	0.0	0.0	0.0
LC:NCI-H226	magnitude_g1.00	EX_sbt__D_e	0.0	0.0	0.0	0.0	0.0	0.0	0.0	0.0	0.0	True	True	True	0.0	0.0	already_fixed_B0	0.0	0.0	0.0
LC:NCI-H226	magnitude_g1.00	EX_ser__L_e	-10.0	57.23433743957334	-10.0	-9.999999905949606	-10.0	-9.999999999719032	67.23433743957334	9.405039413934446e-08	2.80968137644777e-10	False	True	True	67.23433734552295	9.376942600169969e-08	first_fixed_B1	0.0	0.0	0.0
LC:NCI-H226	magnitude_g1.00	EX_sprm_e	0.0	3.3387831585264007	0.0	4.930463249813992e-09	0.0	1.591033768169631e-11	3.3387831585264007	4.930463249813992e-09	1.591033768169631e-11	False	True	True	3.3387831535959376	4.9145529121322955e-09	first_fixed_B1	0.0	0.0	0.0
LC:NCI-H226	magnitude_g1.00	EX_srtn_e	0.0	8.61390890897742	0.0	3.444951937621731e-08	0.0	1.0259579844360398e-10	8.61390890897742	3.444951937621731e-08	1.0259579844360398e-10	False	True	True	8.613908874527901	3.434692357777371e-08	first_fixed_B1	0.0	0.0	0.0
LC:NCI-H226	magnitude_g1.00	EX_succ_e	0.0	115.44565627115217	14.850354964020973	14.850431746411546	14.850370786077388	14.850371042456047	115.44565627115217	7.678239057362646e-05	2.563786587472805e-07	False	False	True	115.4455794887616	7.652601191487918e-05	first_fixed_B2	0.0	0.0	0.0
LC:NCI-H226	magnitude_g1.00	EX_taur_e	0.0	16.909696464552468	0.0	2.9055584981330056e-08	0.0	8.671351721638975e-11	16.909696464552468	2.9055584981330056e-08	8.671351721638975e-11	False	True	True	16.909696435496883	2.8968871464113666e-08	first_fixed_B1	0.0	0.0	0.0
LC:NCI-H226	magnitude_g1.00	EX_tchola_e	0.0	1.4423577198570345	0.0	6.169519908724669e-09	0.0	3.2165911518493366e-11	1.4423577198570345	6.169519908724669e-09	3.2165911518493366e-11	False	True	True	1.4423577136875145	6.137353997206176e-09	first_fixed_B1	0.0	0.0	0.0
LC:NCI-H226	magnitude_g1.00	EX_thr__L_e	-10.0	-1.0272564007096072	-1.027257625840701	-1.0272564007096077	-1.0272564043406989	-1.0272564007096074	8.972743599290393	1.225131093240961e-06	3.6310914275361483e-09	False	True	True	8.9727423741593	1.2215000018134248e-06	first_fixed_B1	0.0	2.220446049250313e-16	0.0
LC:NCI-H226	magnitude_g1.00	EX_thym_e	0.0	12.751456104250027	0.0	1.4830274149049528e-08	0.0	4.409652484065974e-11	12.751456104250027	1.4830274149049528e-08	4.409652484065974e-11	False	True	True	12.751456089419753	1.4786177624208868e-08	first_fixed_B1	0.0	0.0	0.0
LC:NCI-H226	magnitude_g1.00	EX_thymd_e	0.0	9.041941601195571	0.0	9.875663248590778e-09	0.0	2.99850916733121e-11	9.041941601195571	9.875663248590778e-09	2.99850916733121e-11	False	True	True	9.041941591319908	9.845678156917467e-09	first_fixed_B1	0.0	0.0	0.0
LC:NCI-H226	magnitude_g1.00	EX_ump_e	0.0	6.071678091942398	0.0	7.468905812222896e-09	0.0	3.661452430511352e-11	6.071678091942398	7.468905812222896e-09	3.661452430511352e-11	False	True	True	6.0716780844734926	7.4322912879177824e-09	first_fixed_B1	0.0	0.0	0.0
LC:NCI-H226	magnitude_g1.00	EX_ura_e	0.0	16.576892935525226	0.0	2.0693918489465685e-08	0.0	6.169125655151873e-11	16.576892935525226	2.0693918489465685e-08	6.169125655151873e-11	False	True	True	16.57689291483131	2.0632227232914167e-08	first_fixed_B1	0.0	0.0	0.0
LC:NCI-H226	magnitude_g1.00	EX_urate_e	0.0	9.751113491485382	0.0	8.533970260875136e-09	0.0	2.537275117706688e-11	9.751113491485382	8.533970260875136e-09	2.537275117706688e-11	False	True	True	9.751113482951412	8.508597509698068e-09	first_fixed_B1	0.0	0.0	0.0
LC:NCI-H226	magnitude_g1.00	EX_uri_e	0.0	10.811017131864451	0.0	1.1897666155367628e-08	0.0	3.565176733068979e-11	10.811017131864451	1.1897666155367628e-08	3.565176733068979e-11	False	True	True	10.811017119966785	1.1862014388036939e-08	first_fixed_B1	0.0	0.0	0.0
LC:NCI-H226	magnitude_g1.00	EX_val__L_e	-10.0	-1.1583926498609252	-1.1583936570795081	-1.158392649860925	-1.1583926528433448	-1.158392649860925	8.841607350139075	1.0072185832044056e-06	2.9824198666261736e-09	False	True	True	8.841606342920493	1.0042361633377794e-06	first_fixed_B1	2.220446049250313e-16	0.0	0.0
LC:NCI-H226	magnitude_g1.00	EX_xan_e	0.0	9.751113491485553	0.0	8.7640025841293e-09	0.0	2.6086680179553055e-11	9.751113491485553	8.7640025841293e-09	2.6086680179553055e-11	False	True	True	9.75111348272155	8.737915903949748e-09	first_fixed_B1	0.0	0.0	0.0
LC:NCI-H226	ordinal	EX_4abut_e	0.0	179.01124760682066	0.0	1.7973527036590525e-07	0.0	1.033861521705623e-09	179.01124760682066	1.7973527036590525e-07	1.033861521705623e-09	False	True	True	179.01124742708538	1.7870140884419963e-07	first_fixed_B1	0.0	0.0	0.0
LC:NCI-H226	ordinal	EX_L2aadp_e	0.0	10.926076398774978	0.0	6.994227805053184e-08	0.0	3.9744876442486575e-10	10.926076398774978	6.994227805053184e-08	3.9744876442486575e-10	False	True	True	10.9260763288327	6.954482928610697e-08	first_fixed_B1	0.0	0.0	0.0
LC:NCI-H226	ordinal	EX_Lkynr_e	0.0	8.61390890897742	0.0	3.530655274548699e-08	0.0	1.9905667093096617e-10	8.61390890897742	3.530655274548699e-08	1.9905667093096617e-10	False	True	True	8.613908873670868	3.510749607455602e-08	first_fixed_B1	0.0	0.0	0.0
LC:NCI-H226	ordinal	EX_ala__L_e	0.0	161.4259027078193	13.05210932595538	13.052130539918167	13.052130413178837	13.052130539934463	161.4259027078193	2.1213962787314244e-05	1.267556264394898e-07	False	False	True	161.4258814938565	2.1087207160874755e-05	first_fixed_B2	0.0	1.6296297644657898e-11	0.0
LC:NCI-H226	ordinal	EX_anth_e	0.0	8.613908908977418	0.0	3.151535080744003e-08	0.0	1.7786679295246124e-10	8.613908908977418	3.151535080744003e-08	1.7786679295246124e-10	False	True	True	8.613908877462068	3.1337484014487566e-08	first_fixed_B1	0.0	0.0	0.0
LC:NCI-H226	ordinal	EX_cala_e	0.0	16.576892935525144	0.0	1.882652210939754e-08	0.0	1.0669487436718384e-10	16.576892935525144	1.882652210939754e-08	1.0669487436718384e-10	False	True	True	16.576892916698622	1.8719827235030357e-08	first_fixed_B1	0.0	0.0	0.0
LC:NCI-H226	ordinal	EX_chol_e	-10.0	5.802857235090938	-2.259570906030977	-2.259569790049675	-2.259569860869812	-2.2595698544256653	15.802857235090938	1.1159813020356069e-06	6.4441465497111494e-09	False	True	True	15.802856119109636	1.1095371554858957e-06	first_fixed_B1	0.0	0.0	0.0
LC:NCI-H226	ordinal	EX_cholp_e	0.0	6.071678091942405	0.0	4.738519619792498e-08	0.0	2.6929769298114506e-10	6.071678091942405	4.738519619792498e-08	2.6929769298114506e-10	False	True	True	6.071678044557209	4.711589850494383e-08	first_fixed_B1	0.0	0.0	0.0
LC:NCI-H226	ordinal	EX_cit_e	0.0	62.319508811365594	0.0	3.2453337494629505e-06	0.0	1.7327259430538992e-08	62.319508811365594	3.2453337494629505e-06	1.7327259430538992e-08	False	True	True	62.31950556603184	3.2280064900324116e-06	first_fixed_B1	0.0	0.0	0.0
LC:NCI-H226	ordinal	EX_cmp_e	0.0	0.0	0.0	0.0	0.0	6.04406116856828e-11	0.0	0.0	6.04406116856828e-11	True	True	True	0.0	-6.04406116856828e-11	already_fixed_B0	0.0	6.04406116856828e-11	0.0
LC:NCI-H226	ordinal	EX_crn_e	-1.0	-3.3306690738754696e-16	-8.822087831372727e-07	2.220446049250313e-15	-5.100653030919227e-09	-3.288059856720151e-14	0.9999999999999997	8.822087853577187e-07	5.10062015032066e-09	False	True	True	0.9999991177912143	8.77108165207398e-07	first_fixed_B1	2.55351295663786e-15	0.0	3.2823385561130705e-14
LC:NCI-H226	ordinal	EX_cytd_e	0.0	10.81101713186418	0.0	1.0130785631588268e-08	0.0	6.040417820245083e-11	10.81101713186418	1.0130785631588268e-08	6.040417820245083e-11	False	True	True	10.811017121733395	1.0070381453385818e-08	first_fixed_B1	0.0	0.0	0.0
LC:NCI-H226	ordinal	EX_dhap_e	0.0	6.071678091942327	0.0	2.6932578056322193e-08	0.0	1.5328817184817464e-10	6.071678091942327	2.6932578056322193e-08	1.5328817184817464e-10	False	True	True	6.071678065009749	2.6779289884474018e-08	first_fixed_B1	0.0	0.0	0.0
LC:NCI-H226	ordinal	EX_duri_e	0.0	10.811017131864169	0.0	1.0235105771769154e-08	0.0	6.140095319941802e-11	10.811017131864169	1.0235105771769154e-08	6.140095319941802e-11	False	True	True	10.811017121629064	1.0173704818569736e-08	first_fixed_B1	0.0	0.0	0.0
LC:NCI-H226	ordinal	EX_fum_e	0.0	75.07460134290541	10.880752971437646	10.88076287295485	10.880752971477186	10.88075303611814	75.07460134290541	9.90151720436927e-06	6.464095392288982e-08	False	True	True	75.07459144138821	9.83687625044638e-06	first_fixed_B1	0.0	0.0	0.0
LC:NCI-H226	ordinal	EX_glcur_e	0.0	18.283735368672726	0.0	3.5840872122982377e-08	0.0	2.0187956671986086e-10	18.283735368672726	3.5840872122982377e-08	2.0187956671986086e-10	False	True	True	18.283735332831853	3.5638992556262514e-08	first_fixed_B1	0.0	0.0	0.0
LC:NCI-H226	ordinal	EX_gln__L_e	-10.0	31.44223233881293	-10.0	-9.999999379887848	-10.0	-9.999999996472814	41.44223233881293	6.20112151850094e-07	3.52718565466148e-09	False	True	True	41.442231718700775	6.165849661954326e-07	first_fixed_B1	0.0	0.0	0.0
LC:NCI-H226	ordinal	EX_glu__L_e	-10.0	65.07460134290554	-10.0	-9.999999502498945	-10.0	-9.999999997168075	75.07460134290554	4.975010554630899e-07	2.83192491679074e-09	False	True	True	75.07460084540449	4.946691305462991e-07	first_fixed_B1	0.0	0.0	0.0
LC:NCI-H226	ordinal	EX_gly_e	-10.0	136.67340860229442	-10.0	-9.99999871108644	-10.0	-9.999999992749057	146.67340860229442	1.2889135607707658e-06	7.2509429571709916e-09	False	True	True	146.67340731338086	1.2816626178135948e-06	first_fixed_B1	0.0	0.0	0.0
LC:NCI-H226	ordinal	EX_glyald_e	0.0	58.40513229375357	0.0	5.6286668134066164e-08	0.0	3.674135260747307e-10	58.40513229375357	5.6286668134066164e-08	3.674135260747307e-10	False	True	True	58.4051322374669	5.5919254607991436e-08	first_fixed_B1	0.0	0.0	0.0
LC:NCI-H226	ordinal	EX_glyc3p_e	0.0	6.071678091942406	0.0	2.5760329100390338e-08	0.0	1.557330161190772e-10	6.071678091942406	2.5760329100390338e-08	1.557330161190772e-10	False	True	True	6.071678066182077	2.5604596084271262e-08	first_fixed_B1	0.0	0.0	0.0
LC:NCI-H226	ordinal	EX_hom__L_e	0.0	0.0	0.0	0.0	0.0	0.0	0.0	0.0	0.0	True	True	True	0.0	0.0	already_fixed_B0	0.0	0.0	0.0
LC:NCI-H226	ordinal	EX_hxan_e	0.0	9.75111349148557	0.0	8.174587587540843e-09	0.0	5.699016147886125e-11	9.75111349148557	8.174587587540843e-09	5.699016147886125e-11	False	True	True	9.751113483310982	8.117597426061982e-09	first_fixed_B1	0.0	0.0	0.0
LC:NCI-H226	ordinal	EX_icit_e	0.0	62.31950881136539	0.0	5.569317243239674e-07	0.0	3.127942970914845e-09	62.31950881136539	5.569317243239674e-07	3.127942970914845e-09	False	True	True	62.319508254433664	5.538037813530526e-07	first_fixed_B1	0.0	0.0	0.0
LC:NCI-H226	ordinal	EX_ins_e	0.0	7.422489374115851	0.0	5.935260556572782e-09	0.0	3.7962763623593695e-11	7.422489374115851	5.935260556572782e-09	3.7962763623593695e-11	False	True	True	7.422489368180591	5.897297792949189e-09	first_fixed_B1	0.0	0.0	0.0
LC:NCI-H226	ordinal	EX_lac__L_e	-1.0	108.03961591890892	17.025185614476097	17.02518983796574	17.02518888109792	17.02518890566256	109.03961591890892	4.223489643351286e-06	2.4564638323454346e-08	False	True	True	109.03961169541928	4.1989250050278315e-06	first_fixed_B1	0.0	0.0	0.0
LC:NCI-H226	ordinal	EX_leu__L_e	-10.0	-1.7922337326704607	-1.792237780675792	-1.7922337326704338	-1.7922337549855067	-1.7922337326704474	8.20776626732954	4.048005358248119e-06	2.2315059355904054e-08	False	True	True	8.20776221932418	4.025690298892215e-06	first_fixed_B1	2.6867397195928788e-14	0.0	1.3322676295501878e-14
LC:NCI-H226	ordinal	EX_lys__L_e	-10.0	-1.9452265708841594	-8.806935764149122	-4.232359326355685	-8.806935763557314	-4.232462178090692	8.05477342911584	4.574576437793437	4.574473585466622	False	False	False	3.480196991322404	0.00010285232681450651	still_variable_B2	0.0	0.0	0.0
LC:NCI-H226	ordinal	EX_mal__L_e	0.0	69.54957388179433	0.0	8.093967834894698e-07	0.0	4.597276575734558e-09	69.54957388179433	8.093967834894698e-07	4.597276575734558e-09	False	True	True	69.54957307239755	8.047995069137352e-07	first_fixed_B1	0.0	0.0	0.0
LC:NCI-H226	ordinal	EX_met__L_e	-10.0	-0.5026982632120802	-7.665069143445008	-7.664985082745352	-7.664985785104141	-7.664985083061371	9.49730173678792	8.406069965616325e-05	7.020427705839438e-07	False	False	True	9.497217676088264	8.335865688557931e-05	first_fixed_B2	0.0	0.0	0.0
LC:NCI-H226	ordinal	EX_nac_e	0.0	12.871302969659153	0.0	1.2370230271179468e-07	0.0	7.041967411208612e-10	12.871302969659153	1.2370230271179468e-07	7.041967411208612e-10	False	True	True	12.87130284595685	1.229981059706738e-07	first_fixed_B1	0.0	0.0	5.832140498597858e-15
LC:NCI-H226	ordinal	EX_ncam_e	-10.0	0.0	-8.731559217721126e-07	-1.2872074049724218e-13	-4.9487629024636994e-09	0.0	10.0	8.731557930513721e-07	4.9487629024636994e-09	False	True	True	9.999999126844207	8.682070301489084e-07	first_fixed_B1	0.0	1.2872074049724218e-13	1.2872074049724218e-13
LC:NCI-H226	ordinal	EX_orn_e	0.0	75.07460134290598	0.0	2.3579233484409246e-07	0.0	1.4009557023685057e-09	75.07460134290598	2.3579233484409246e-07	1.4009557023685057e-09	False	True	True	75.07460110711365	2.3439137914172396e-07	first_fixed_B1	0.0	0.0	0.0
LC:NCI-H226	ordinal	EX_orot_e	0.0	16.576892935524832	0.0	2.1777480221044677e-08	0.0	1.2372970942079125e-10	16.576892935524832	2.1777480221044677e-08	1.2372970942079125e-10	False	True	True	16.57689291374735	2.1653750511623887e-08	first_fixed_B1	0.0	0.0	0.0
LC:NCI-H226	ordinal	EX_phe__L_e	-10.0	-0.8524036882104262	-10.0	-9.999993410792635	-10.0	-9.999999956992063	9.147596311789574	6.589207364626759e-06	4.3007936767480714e-08	False	True	True	9.14758972258221	6.546199427859278e-06	first_fixed_B1	0.0	0.0	0.0
LC:NCI-H226	ordinal	EX_pro__L_e	-10.0	73.71949939148276	-1.3551056543302105	-1.3551017777921839	-1.3551019723371895	-1.355101950427157	83.71949939148276	3.8765380265815e-06	2.1910032454997008e-08	False	True	True	83.71949551494473	3.854627994126503e-06	first_fixed_B1	0.0	0.0	0.0
LC:NCI-H226	ordinal	EX_sbt__D_e	0.0	0.0	0.0	0.0	0.0	1.629286417658709e-10	0.0	0.0	1.629286417658709e-10	True	True	True	0.0	-1.629286417658709e-10	already_fixed_B0	0.0	1.629286417658709e-10	0.0
LC:NCI-H226	ordinal	EX_ser__L_e	-10.0	57.23433743957334	-10.0	-9.999999938211834	-10.0	-9.999999999648471	67.23433743957334	6.178816569502033e-08	3.5152858401943377e-10	False	True	True	67.23433737778517	6.143663711100089e-08	first_fixed_B1	0.0	0.0	0.0
LC:NCI-H226	ordinal	EX_sprm_e	0.0	3.3387831585264007	0.0	4.321111120017961e-09	0.0	2.4523081636945322e-11	3.3387831585264007	4.321111120017961e-09	2.4523081636945322e-11	False	True	True	3.3387831542052897	4.2965880383810155e-09	first_fixed_B1	0.0	0.0	0.0
LC:NCI-H226	ordinal	EX_srtn_e	0.0	8.61390890897742	0.0	3.3492382367065284e-08	0.0	1.8887313353590347e-10	8.61390890897742	3.3492382367065284e-08	1.8887313353590347e-10	False	True	True	8.613908875485038	3.330350923352938e-08	first_fixed_B1	0.0	0.0	0.0
LC:NCI-H226	ordinal	EX_succ_e	0.0	115.44565627115217	13.234462514729318	13.234476491750748	13.234462514857777	13.2344626318736	115.44565627115217	1.3977021430022774e-05	1.1701582280920775e-07	False	False	True	115.44564229413075	1.3860005607213566e-05	first_fixed_B2	0.0	0.0	0.0
LC:NCI-H226	ordinal	EX_taur_e	0.0	16.909696464552468	0.0	2.7948405050151782e-08	0.0	1.578127798104937e-10	16.909696464552468	2.7948405050151782e-08	1.578127798104937e-10	False	True	True	16.90969643660406	2.7790592270341288e-08	first_fixed_B1	0.0	0.0	0.0
LC:NCI-H226	ordinal	EX_tchola_e	0.0	1.4423577198570345	0.0	6.1040255603955794e-09	0.0	7.063205824381343e-11	1.4423577198570345	6.1040255603955794e-09	7.063205824381343e-11	False	True	True	1.442357713753009	6.033393502151766e-09	first_fixed_B1	0.0	0.0	0.0
LC:NCI-H226	ordinal	EX_thr__L_e	-10.0	-1.0272564007096072	-1.0272602465196385	-1.0272564007096592	-1.0272564229914427	-1.0272564007096077	8.972743599290393	3.845809979363679e-06	2.2281835043713727e-08	False	True	True	8.972739753480413	3.823528144319965e-06	first_fixed_B1	0.0	5.1514348342607263e-14	5.1736392947532295e-14
LC:NCI-H226	ordinal	EX_thym_e	0.0	12.751456104250027	0.0	1.3131583584142442e-08	0.0	7.450719694442055e-11	12.751456104250027	1.3131583584142442e-08	7.450719694442055e-11	False	True	True	12.751456091118444	1.3057076387198022e-08	first_fixed_B1	0.0	0.0	0.0
LC:NCI-H226	ordinal	EX_thymd_e	0.0	9.041941601195571	0.0	8.398781330256389e-09	0.0	4.916982140838727e-11	9.041941601195571	8.398781330256389e-09	4.916982140838727e-11	False	True	True	9.041941592796789	8.349611508848001e-09	first_fixed_B1	0.0	0.0	0.0
LC:NCI-H226	ordinal	EX_ump_e	0.0	6.071678091942398	0.0	6.614304688983492e-09	0.0	5.7880953231371315e-11	6.071678091942398	6.614304688983492e-09	5.7880953231371315e-11	False	True	True	6.071678085328093	6.55642373575212e-09	first_fixed_B1	0.0	0.0	0.0
LC:NCI-H226	ordinal	EX_ura_e	0.0	16.576892935525226	0.0	1.9268579937581408e-08	0.0	1.093353516898335e-10	16.576892935525226	1.9268579937581408e-08	1.093353516898335e-10	False	True	True	16.576892916256647	1.9159244585891576e-08	first_fixed_B1	0.0	0.0	0.0
LC:NCI-H226	ordinal	EX_urate_e	0.0	9.751113491485382	0.0	7.793699174519676e-09	0.0	4.508580182549031e-11	9.751113491485382	7.793699174519676e-09	4.508580182549031e-11	False	True	True	9.751113483691682	7.748613372694185e-09	first_fixed_B1	0.0	0.0	0.0
LC:NCI-H226	ordinal	EX_uri_e	0.0	10.811017131864451	0.0	1.0179413102859675e-08	0.0	5.7702050318432075e-11	10.811017131864451	1.0179413102859675e-08	5.7702050318432075e-11	False	True	True	10.811017121685039	1.0121711052541242e-08	first_fixed_B1	0.0	0.0	0.0
LC:NCI-H226	ordinal	EX_val__L_e	-10.0	-1.1583926498609252	-1.1583951184785	-1.158392649860925	-1.15839266382105	-1.158392649860925	8.841607350139075	2.4686175750243677e-06	1.3960125055945127e-08	False	True	True	8.8416048815215	2.4546574499684226e-06	first_fixed_B1	2.220446049250313e-16	0.0	0.0
LC:NCI-H226	ordinal	EX_xan_e	0.0	9.751113491485553	0.0	8.073661829820971e-09	0.0	4.588007737891318e-11	9.751113491485553	8.073661829820971e-09	4.588007737891318e-11	False	True	True	9.75111348341189	8.027781752442057e-09	first_fixed_B1	0.0	0.0	0.0
LE:SR	ordinal	EX_4abut_e	0.0	179.01124760682066	0.0	1.589075820639979e-07	0.0	2.9063495266105317e-09	179.01124760682066	1.589075820639979e-07	2.9063495266105317e-09	False	True	True	179.0112474479131	1.5600123253738736e-07	first_fixed_B1	0.0	0.0	0.0
LE:SR	ordinal	EX_L2aadp_e	0.0	10.926076398774978	0.0	7.155866922443165e-08	0.0	1.2761973942583071e-09	10.926076398774978	7.155866922443165e-08	1.2761973942583071e-09	False	True	True	10.926076327216308	7.028247183017335e-08	first_fixed_B1	0.0	0.0	0.0
LE:SR	ordinal	EX_Lkynr_e	0.0	8.61390890897742	0.0	3.595018724754772e-08	0.0	6.311068398688312e-10	8.61390890897742	3.595018724754772e-08	6.311068398688312e-10	False	True	True	8.613908873027233	3.531908040767889e-08	first_fixed_B1	0.0	0.0	0.0
LE:SR	ordinal	EX_ala__L_e	0.0	161.4259027078193	13.244923459966206	13.244950903547695	13.24494762519421	13.244947867944108	161.4259027078193	2.744358148909498e-05	2.427498966284247e-07	False	False	True	161.4258752642378	2.7200831592466557e-05	first_fixed_B2	0.0	0.0	0.0
LE:SR	ordinal	EX_anth_e	0.0	8.613908908977418	0.0	3.2427506306523064e-08	0.0	5.697803574051448e-10	8.613908908977418	3.2427506306523064e-08	5.697803574051448e-10	False	True	True	8.613908876549912	3.185772594911792e-08	first_fixed_B1	0.0	0.0	0.0
LE:SR	ordinal	EX_cala_e	0.0	16.576892935525144	0.0	1.9086024236367208e-08	0.0	3.6533770747015695e-10	16.576892935525144	1.9086024236367208e-08	3.6533770747015695e-10	False	True	True	16.57689291643912	1.8720686528897052e-08	first_fixed_B1	0.0	0.0	0.0
LE:SR	ordinal	EX_chol_e	-10.0	5.802857235090938	-2.2595711207768954	-2.2595697933042835	-2.2595698780949895	-2.2595698536994906	15.802857235090938	1.3274726118339686e-06	2.4395498954277173e-08	False	True	True	15.802855907618326	1.3030771128796914e-06	first_fixed_B1	0.0	0.0	0.0
LE:SR	ordinal	EX_cholp_e	0.0	6.071678091942405	0.0	4.636304366567645e-08	0.0	8.266177165936067e-10	6.071678091942405	4.636304366567645e-08	8.266177165936067e-10	False	True	True	6.071678045579361	4.5536425949082846e-08	first_fixed_B1	0.0	0.0	0.0
LE:SR	ordinal	EX_cit_e	0.0	62.319508811365594	0.0	1.4430738809187948e-06	0.0	2.3864703392320485e-08	62.319508811365594	1.4430738809187948e-06	2.3864703392320485e-08	False	True	True	62.31950736829171	1.4192091775264742e-06	first_fixed_B1	0.0	0.0	0.0
LE:SR	ordinal	EX_cmp_e	0.0	0.0	0.0	0.0	0.0	1.9574089327022024e-10	0.0	0.0	1.9574089327022024e-10	True	True	True	0.0	-1.9574089327022024e-10	already_fixed_B0	0.0	1.9574089327022024e-10	0.0
LE:SR	ordinal	EX_crn_e	-1.0	-3.3306690738754696e-16	-5.148937186616465e-07	2.220446049250313e-16	-9.483523247591584e-09	-3.22547820374422e-14	0.9999999999999997	5.148937188836911e-07	9.483490992809546e-09	False	True	True	0.9999994851062808	5.054102278908815e-07	first_fixed_B1	5.551115123125783e-16	0.0	3.22547820374422e-14
LE:SR	ordinal	EX_cytd_e	0.0	10.81101713186418	0.0	1.0323309475964482e-08	0.0	1.9291858966163672e-10	10.81101713186418	1.0323309475964482e-08	1.9291858966163672e-10	False	True	True	10.81101712154087	1.0130390886302846e-08	first_fixed_B1	0.0	0.0	0.0
LE:SR	ordinal	EX_dhap_e	0.0	6.071678091942327	0.0	2.7352761812043138e-08	0.0	4.884255116583123e-10	6.071678091942327	2.7352761812043138e-08	4.884255116583123e-10	False	True	True	6.071678064589565	2.6864336300384825e-08	first_fixed_B1	0.0	0.0	0.0
LE:SR	ordinal	EX_duri_e	0.0	10.811017131864169	0.0	1.0349851264733226e-08	0.0	1.951178592651317e-10	10.811017131864169	1.0349851264733226e-08	1.951178592651317e-10	False	True	True	10.811017121514318	1.0154733405468094e-08	first_fixed_B1	0.0	0.0	0.0
LE:SR	ordinal	EX_fum_e	0.0	75.07460134290541	7.0360058553434515	7.036033098572135	7.036010711975248	7.036011061131386	75.07460134290541	2.724322868363771e-05	3.4915613866814965e-07	False	False	True	75.07457409967672	2.689407254496956e-05	first_fixed_B2	0.0	0.0	0.0
LE:SR	ordinal	EX_glcur_e	0.0	18.283735368672726	0.0	3.7219023257359514e-08	0.0	6.513289467366987e-10	18.283735368672726	3.7219023257359514e-08	6.513289467366987e-10	False	True	True	18.283735331453702	3.656769431062281e-08	first_fixed_B1	0.0	0.0	0.0
LE:SR	ordinal	EX_gln__L_e	-10.0	31.44223233881293	-10.0	-9.999999324060234	-10.0	-9.999999987794018	41.44223233881293	6.759397663813616e-07	1.2205982002910787e-08	False	True	True	41.44223166287316	6.637337843784508e-07	first_fixed_B1	0.0	0.0	0.0
LE:SR	ordinal	EX_glu__L_e	-10.0	65.07460134290554	-10.0	-9.999999516704172	-10.0	-9.999999991323797	75.07460134290554	4.832958282463551e-07	8.676202867263783e-09	False	True	True	75.07460085960972	4.746196253790913e-07	first_fixed_B1	0.0	0.0	0.0
LE:SR	ordinal	EX_gly_e	-10.0	136.67340860229442	-10.0	-9.999922733676302	-10.0	-9.99999948483006	146.67340860229442	7.726632369831066e-05	5.151699404848387e-07	False	False	True	146.67333133597072	7.675115375782582e-05	first_fixed_B2	0.0	0.0	0.0
LE:SR	ordinal	EX_glyald_e	0.0	58.40513229375357	0.0	5.7382265332043565e-08	0.0	1.0271763399117632e-09	58.40513229375357	5.7382265332043565e-08	1.0271763399117632e-09	False	True	True	58.4051322363713	5.63550889921318e-08	first_fixed_B1	0.0	0.0	0.0
LE:SR	ordinal	EX_glyc3p_e	0.0	6.071678091942406	0.0	2.5997163279032082e-08	0.0	4.647071456659266e-10	6.071678091942406	2.5997163279032082e-08	4.647071456659266e-10	False	True	True	6.0716780659452425	2.5532456133366155e-08	first_fixed_B1	0.0	0.0	0.0
LE:SR	ordinal	EX_hom__L_e	0.0	0.0	0.0	0.0	0.0	0.0	0.0	0.0	0.0	True	True	True	0.0	0.0	already_fixed_B0	0.0	0.0	0.0
LE:SR	ordinal	EX_hxan_e	0.0	9.75111349148557	0.0	8.307756353537592e-09	0.0	1.528947358715057e-10	9.75111349148557	8.307756353537592e-09	1.528947358715057e-10	False	True	True	9.751113483177814	8.154861617666086e-09	first_fixed_B1	0.0	0.0	0.0
LE:SR	ordinal	EX_icit_e	0.0	62.31950881136539	0.0	4.712909466804252e-07	0.0	8.16511941846607e-09	62.31950881136539	4.712909466804252e-07	8.16511941846607e-09	False	True	True	62.31950834007444	4.631258272619591e-07	first_fixed_B1	0.0	0.0	0.0
LE:SR	ordinal	EX_ins_e	0.0	7.422489374115851	0.0	6.0453391196244235e-09	0.0	1.0772160694189412e-10	7.422489374115851	6.0453391196244235e-09	1.0772160694189412e-10	False	True	True	7.4224893680705115	5.93761751268253e-09	first_fixed_B1	0.0	0.0	0.0
LE:SR	ordinal	EX_lac__L_e	-1.0	108.03961591890892	17.02518342488819	17.02518985566163	17.0251887757494	17.025188916939616	109.03961591890892	6.430773439092263e-06	1.4119021685132793e-07	False	True	True	109.03960948813548	6.289583222240935e-06	first_fixed_B1	0.0	0.0	0.0
LE:SR	ordinal	EX_leu__L_e	-10.0	-1.7922337326704607	-1.7922361098643076	-1.7922337326697158	-1.792233773897442	-1.7922337326704463	8.20776626732954	2.3771945918404924e-06	4.122699581721179e-08	False	True	True	8.207763890134947	2.3359675960232806e-06	first_fixed_B1	7.4495964952348e-13	0.0	1.3322676295501878e-14
LE:SR	ordinal	EX_lys__L_e	-10.0	-1.9452265708841594	-10.0	-5.5992973065048846	-10.0	-5.599308567549307	8.05477342911584	4.4007026934951154	4.400691432450693	False	False	False	3.654070735620725	1.1261044422283817e-05	still_variable_B2	0.0	0.0	0.0
LE:SR	ordinal	EX_mal__L_e	0.0	69.54957388179433	0.0	6.907653255291135e-07	0.0	1.2196133583039275e-08	69.54957388179433	6.907653255291135e-07	1.2196133583039275e-08	False	True	True	69.54957319102901	6.785691919460743e-07	first_fixed_B1	0.0	0.0	0.0
LE:SR	ordinal	EX_met__L_e	-10.0	-0.5026982632120802	-0.502729986820027	-0.5026982632120727	-0.5027000509488125	-0.5026982632120718	9.49730173678792	3.172360795433704e-05	1.7877367407548306e-06	False	False	True	9.497270013179966	2.993587121358221e-05	first_fixed_B2	7.549516567451064e-15	8.881784197001252e-16	8.548717289613705e-15
LE:SR	ordinal	EX_nac_e	0.0	12.871302969659153	0.0	1.2193543860268108e-07	0.0	2.1760284061789675e-09	12.871302969659153	1.2193543860268108e-07	2.1760284061789675e-09	False	True	True	12.871302847723715	1.1975941019650213e-07	first_fixed_B1	0.0	0.0	0.0
LE:SR	ordinal	EX_ncam_e	-10.0	0.0	-8.471272089102749e-07	1.9299501027469312e-13	-1.495048626170251e-08	1.5493432446083885e-25	10.0	8.471274019052852e-07	1.495048626170251e-08	False	True	True	9.999999152872599	8.321769156435827e-07	first_fixed_B1	1.9299501027469312e-13	0.0	0.0
LE:SR	ordinal	EX_orn_e	0.0	75.07460134290598	0.0	2.7713090496966176e-07	0.0	4.877879091206833e-09	75.07460134290598	2.7713090496966176e-07	4.877879091206833e-09	False	True	True	75.07460106577507	2.7225302587845494e-07	first_fixed_B1	0.0	0.0	0.0
LE:SR	ordinal	EX_orot_e	0.0	16.576892935524832	0.0	2.1909476295375887e-08	0.0	3.896700485862691e-10	16.576892935524832	2.1909476295375887e-08	3.896700485862691e-10	False	True	True	16.576892913615357	2.1519806246789618e-08	first_fixed_B1	0.0	0.0	0.0
LE:SR	ordinal	EX_phe__L_e	-10.0	-0.8524036882104262	-10.0	-9.999987146532321	-9.999987871638677	-9.99998714686845	9.147596311789574	1.2853467678652919e-05	7.247702260571032e-07	False	False	True	9.147583458321895	1.2128697452595816e-05	first_fixed_B2	0.0	0.0	0.0
LE:SR	ordinal	EX_pro__L_e	-10.0	73.71949939148276	-1.355104473967357	-1.3551017913283467	-1.3551019959643988	-1.355101948486535	83.71949939148276	2.6826390102652198e-06	4.747786386261055e-08	False	True	True	83.71949670884375	2.6351611464026092e-06	first_fixed_B1	0.0	0.0	0.0
LE:SR	ordinal	EX_sbt__D_e	0.0	0.0	0.0	0.0	0.0	0.0	0.0	0.0	0.0	True	True	True	0.0	0.0	already_fixed_B0	0.0	0.0	0.0
LE:SR	ordinal	EX_ser__L_e	-10.0	57.23433743957334	-10.0	-9.999999935764048	-10.0	-9.999999998853232	67.23433743957334	6.423595166893392e-08	1.1467680138821379e-09	False	True	True	67.23433737533739	6.308918365505178e-08	first_fixed_B1	0.0	0.0	0.0
LE:SR	ordinal	EX_sprm_e	0.0	3.3387831585264007	0.0	4.385436768554021e-09	0.0	7.875027708129857e-11	3.3387831585264007	4.385436768554021e-09	7.875027708129857e-11	False	True	True	3.338783154140964	4.306686491472723e-09	first_fixed_B1	0.0	0.0	0.0
LE:SR	ordinal	EX_srtn_e	0.0	8.61390890897742	0.0	3.429626599331163e-08	0.0	6.013985575864745e-10	8.61390890897742	3.429626599331163e-08	6.013985575864745e-10	False	True	True	8.613908874681155	3.3694867435725155e-08	first_fixed_B1	0.0	0.0	0.0
LE:SR	ordinal	EX_succ_e	0.0	115.44565627115217	13.041643230747544	13.041669594526937	13.041645186738588	13.041645429466852	115.44565627115217	2.63637793924687e-05	2.427282641548345e-07	False	False	True	115.44562990737278	2.6121051128313866e-05	first_fixed_B2	0.0	0.0	0.0
LE:SR	ordinal	EX_taur_e	0.0	16.909696464552468	0.0	2.8329128381973087e-08	0.0	4.984580287741193e-10	16.909696464552468	2.8329128381973087e-08	4.984580287741193e-10	False	True	True	16.90969643622334	2.7830670353198968e-08	first_fixed_B1	0.0	0.0	0.0
LE:SR	ordinal	EX_tchola_e	0.0	1.4423577198570345	0.0	6.356360922555977e-09	0.0	2.1679571236273498e-10	1.4423577198570345	6.356360922555977e-09	2.1679571236273498e-10	False	True	True	1.4423577135006735	6.139565210193242e-09	first_fixed_B1	0.0	0.0	0.0
LE:SR	ordinal	EX_thr__L_e	-10.0	-1.0272564007096072	-1.0272589232713571	-1.0272564007096077	-1.0272564452696804	-1.027256400709606	8.972743599290393	2.522561749485064e-06	4.45600742970953e-08	False	True	True	8.972741076728644	2.4780016751879685e-06	first_fixed_B1	0.0	1.5543122344752192e-15	0.0
LE:SR	ordinal	EX_thym_e	0.0	12.751456104250027	0.0	1.3410622417748828e-08	0.0	2.391953546926958e-10	12.751456104250027	1.3410622417748828e-08	2.391953546926958e-10	False	True	True	12.751456090839405	1.3171427063056132e-08	first_fixed_B1	0.0	0.0	0.0
LE:SR	ordinal	EX_thymd_e	0.0	9.041941601195571	0.0	8.521430558059758e-09	0.0	1.558341120579417e-10	9.041941601195571	8.521430558059758e-09	1.558341120579417e-10	False	True	True	9.04194159267414	8.365596446001816e-09	first_fixed_B1	0.0	0.0	0.0
LE:SR	ordinal	EX_ump_e	0.0	6.071678091942398	0.0	6.717346890991786e-09	0.0	1.9136177009624999e-10	6.071678091942398	6.717346890991786e-09	1.9136177009624999e-10	False	True	True	6.071678085225051	6.525985120895536e-09	first_fixed_B1	0.0	0.0	0.0
LE:SR	ordinal	EX_ura_e	0.0	16.576892935525226	0.0	1.9532747022904743e-08	0.0	3.544469907167399e-10	16.576892935525226	1.9532747022904743e-08	3.544469907167399e-10	False	True	True	16.576892915992477	1.9178300032188004e-08	first_fixed_B1	0.0	0.0	0.0
LE:SR	ordinal	EX_urate_e	0.0	9.751113491485382	0.0	7.944411867688319e-09	0.0	1.4256148372581672e-10	9.751113491485382	7.944411867688319e-09	1.4256148372581672e-10	False	True	True	9.751113483540971	7.801850383962503e-09	first_fixed_B1	0.0	0.0	0.0
LE:SR	ordinal	EX_uri_e	0.0	10.811017131864451	0.0	1.040098112100717e-08	0.0	1.8743072248911167e-10	10.811017131864451	1.040098112100717e-08	1.8743072248911167e-10	False	True	True	10.81101712146347	1.0213550398518058e-08	first_fixed_B1	0.0	0.0	0.0
LE:SR	ordinal	EX_val__L_e	-10.0	-1.1583926498609252	-1.1583943315772411	-1.158392649860925	-1.1583926795657922	-1.158392649860925	8.841607350139075	1.6817163162041737e-06	2.970486723263832e-08	False	True	True	8.841605668422758	1.6520114489715354e-06	first_fixed_B1	2.220446049250313e-16	0.0	0.0
LE:SR	ordinal	EX_xan_e	0.0	9.751113491485553	0.0	8.22193699194836e-09	0.0	1.4759820647022896e-10	9.751113491485553	8.22193699194836e-09	1.4759820647022896e-10	False	True	True	9.751113483263616	8.074338785478132e-09	first_fixed_B1	0.0	0.0	0.0
LE:RPMI-8226	magnitude_g1.00	EX_4abut_e	0.0	179.01124760682066	0.0	2.6899454502843283e-07	0.0	1.002302398895261e-08	179.01124760682066	2.6899454502843283e-07	1.002302398895261e-08	False	True	True	179.01124733782612	2.589715210394802e-07	first_fixed_B1	0.0	0.0	0.0
LE:RPMI-8226	magnitude_g1.00	EX_L2aadp_e	0.0	10.926076398774978	0.0	8.639274470515605e-08	0.0	3.061864998161146e-09	10.926076398774978	8.639274470515605e-08	3.061864998161146e-09	False	True	True	10.926076312382232	8.33308797069949e-08	first_fixed_B1	0.0	0.0	0.0
LE:RPMI-8226	magnitude_g1.00	EX_Lkynr_e	0.0	8.61390890897742	0.0	3.977886149536262e-08	0.0	1.3450921638073606e-09	8.61390890897742	3.977886149536262e-08	1.3450921638073606e-09	False	True	True	8.613908869198559	3.843376933155526e-08	first_fixed_B1	0.0	0.0	0.0
LE:RPMI-8226	magnitude_g1.00	EX_ala__L_e	0.0	161.4259027078193	11.272484820221353	11.272493061477052	11.27249145675039	11.272491797387437	161.4259027078193	8.241255699203975e-06	3.406370456815466e-07	False	True	True	161.4258944665636	7.900618653522429e-06	first_fixed_B1	0.0	0.0	0.0
LE:RPMI-8226	magnitude_g1.00	EX_anth_e	0.0	8.613908908977418	0.0	3.50651313670252e-08	0.0	1.190663868797124e-09	8.613908908977418	3.50651313670252e-08	1.190663868797124e-09	False	True	True	8.613908873912287	3.387446749822808e-08	first_fixed_B1	0.0	0.0	0.0
LE:RPMI-8226	magnitude_g1.00	EX_cala_e	0.0	16.576892935525144	0.0	2.030160110345704e-08	0.0	7.05712225351357e-10	16.576892935525144	2.030160110345704e-08	7.05712225351357e-10	False	True	True	16.576892915223542	1.9595888878105685e-08	first_fixed_B1	0.0	0.0	0.0
LE:RPMI-8226	magnitude_g1.00	EX_chol_e	-10.0	5.802857235090938	-2.259570888005665	-2.259569734497155	-2.2595698899373438	-2.259569850779789	15.802857235090938	1.1535085100433662e-06	3.9157554976299025e-08	False	True	True	15.802856081582428	1.1143509550670672e-06	first_fixed_B1	0.0	0.0	0.0
LE:RPMI-8226	magnitude_g1.00	EX_cholp_e	0.0	6.071678091942405	0.0	5.366724077662637e-08	0.0	1.875042240890957e-09	6.071678091942405	5.366724077662637e-08	1.875042240890957e-09	False	True	True	6.071678038275165	5.179219853573541e-08	first_fixed_B1	0.0	0.0	0.0
LE:RPMI-8226	magnitude_g1.00	EX_cit_e	0.0	62.319508811365594	0.0	1.4084026757770562e-06	0.0	4.16327349652866e-08	62.319508811365594	1.4084026757770562e-06	4.16327349652866e-08	False	True	True	62.31950740296292	1.3667699408117695e-06	first_fixed_B1	0.0	0.0	0.0
LE:RPMI-8226	magnitude_g1.00	EX_cmp_e	0.0	0.0	0.0	0.0	0.0	4.546096372956736e-10	0.0	0.0	4.546096372956736e-10	True	True	True	0.0	-4.546096372956736e-10	already_fixed_B0	0.0	4.546096372956736e-10	0.0
LE:RPMI-8226	magnitude_g1.00	EX_crn_e	-1.0	-3.3306690738754696e-16	-9.005463714739648e-07	0.0	-3.6014468649162475e-08	7.454301155213157e-16	0.9999999999999997	9.005463714739648e-07	3.601446939459259e-08	False	True	True	0.9999990994536282	8.645319020793722e-07	first_fixed_B1	3.3306690738754696e-16	7.454301155213157e-16	4.1593455566910206e-16
LE:RPMI-8226	magnitude_g1.00	EX_cytd_e	0.0	10.81101713186418	0.0	1.2338495488510314e-08	0.0	4.477959245074417e-10	10.81101713186418	1.2338495488510314e-08	4.477959245074417e-10	False	True	True	10.811017119525685	1.1890699564002872e-08	first_fixed_B1	0.0	0.0	0.0
LE:RPMI-8226	magnitude_g1.00	EX_dhap_e	0.0	6.071678091942327	0.0	3.516604595171023e-08	0.0	1.2292163510496563e-09	6.071678091942327	3.516604595171023e-08	1.2292163510496563e-09	False	True	True	6.071678056776281	3.393682960066057e-08	first_fixed_B1	0.0	0.0	0.0
LE:RPMI-8226	magnitude_g1.00	EX_duri_e	0.0	10.811017131864169	0.0	1.2519156324017233e-08	0.0	4.5297618821477695e-10	10.811017131864169	1.2519156324017233e-08	4.5297618821477695e-10	False	True	True	10.811017119345014	1.2066180135802456e-08	first_fixed_B1	0.0	0.0	0.0
LE:RPMI-8226	magnitude_g1.00	EX_fum_e	0.0	75.07460134290541	16.12644505232813	16.126455113919704	16.126446948463624	16.126447341111746	75.07460134290541	1.006159157412867e-05	3.926481220162259e-07	False	False	True	75.07459128131384	9.668943452112444e-06	first_fixed_B2	0.0	0.0	0.0
LE:RPMI-8226	magnitude_g1.00	EX_glcur_e	0.0	18.283735368672726	0.0	3.877144343808812e-08	0.0	1.6573283368667577e-09	18.283735368672726	3.877144343808812e-08	1.6573283368667577e-09	False	True	True	18.283735329901283	3.711411510122137e-08	first_fixed_B1	0.0	0.0	0.0
LE:RPMI-8226	magnitude_g1.00	EX_gln__L_e	-10.0	31.44223233881293	-10.0	-9.999997796876356	-10.0	-9.99999992719821	41.44223233881293	2.203123644406446e-06	7.280178948576577e-08	False	True	True	41.442230135689286	2.1303218549206804e-06	first_fixed_B1	0.0	0.0	0.0
LE:RPMI-8226	magnitude_g1.00	EX_glu__L_e	-10.0	65.07460134290554	-10.0	-9.999999232880084	-10.0	-9.999999972958754	75.07460134290554	7.671199160341757e-07	2.7041245687087212e-08	False	True	True	75.07460057578562	7.400786703470885e-07	first_fixed_B1	0.0	0.0	0.0
LE:RPMI-8226	magnitude_g1.00	EX_gly_e	-10.0	136.67340860229442	-6.440751470425452	-6.440747437185667	-6.4407489422207895	-6.440748758070857	146.67340860229442	4.0332397848175106e-06	1.841499326360463e-07	False	True	True	146.67340456905464	3.849089852181464e-06	first_fixed_B1	0.0	0.0	0.0
LE:RPMI-8226	magnitude_g1.00	EX_glyald_e	0.0	58.40513229375357	0.0	8.499261449830411e-08	0.0	2.96716349525144e-09	58.40513229375357	8.499261449830411e-08	2.96716349525144e-09	False	True	True	58.40513220876095	8.202545100305267e-08	first_fixed_B1	0.0	0.0	0.0
LE:RPMI-8226	magnitude_g1.00	EX_glyc3p_e	0.0	6.071678091942406	0.0	3.43479690010692e-08	0.0	1.2019131238425624e-09	6.071678091942406	3.43479690010692e-08	1.2019131238425624e-09	False	True	True	6.071678057594437	3.314605587722663e-08	first_fixed_B1	0.0	0.0	0.0
LE:RPMI-8226	magnitude_g1.00	EX_hom__L_e	0.0	0.0	0.0	0.0	0.0	0.0	0.0	0.0	0.0	True	True	True	0.0	0.0	already_fixed_B0	0.0	0.0	0.0
LE:RPMI-8226	magnitude_g1.00	EX_hxan_e	0.0	9.75111349148557	0.0	9.410830955723508e-09	0.0	3.3289757615736874e-10	9.75111349148557	9.410830955723508e-09	3.3289757615736874e-10	False	True	True	9.75111348207474	9.07793337956614e-09	first_fixed_B1	0.0	0.0	0.0
LE:RPMI-8226	magnitude_g1.00	EX_icit_e	0.0	62.31950881136539	0.0	6.493266538414277e-07	0.0	2.1697567875496988e-08	62.31950881136539	6.493266538414277e-07	2.1697567875496988e-08	False	True	True	62.31950816203874	6.276290859659307e-07	first_fixed_B1	0.0	0.0	0.0
LE:RPMI-8226	magnitude_g1.00	EX_ins_e	0.0	7.422489374115851	0.0	7.153271366031509e-09	0.0	2.505914735050931e-10	7.422489374115851	7.153271366031509e-09	2.505914735050931e-10	False	True	True	7.422489366962579	6.902679892526416e-09	first_fixed_B1	0.0	0.0	0.0
LE:RPMI-8226	magnitude_g1.00	EX_lac__L_e	-1.0	108.03961591890892	5.794504171886576	5.794552692153288	5.794550330950757	5.7945526917692565	109.03961591890892	4.8520266711982174e-05	2.3608184998025195e-06	False	False	True	109.0395673986422	4.6159448212179655e-05	first_fixed_B2	0.0	0.0	0.0
LE:RPMI-8226	magnitude_g1.00	EX_leu__L_e	-10.0	-1.7922337326704607	-1.7922350943561973	-1.7922337326704458	-1.7922337793935066	-1.7922337326704434	8.20776626732954	1.3616857514886505e-06	4.672306319619679e-08	False	True	True	8.207764905643788	1.3149626882924537e-06	first_fixed_B1	1.4876988529977098e-14	2.4424906541753444e-15	1.554312234475219e-14
LE:RPMI-8226	magnitude_g1.00	EX_lys__L_e	-10.0	-1.9452265708841594	-1.9452306754060729	-1.9452265708842091	-1.9452266997592174	-1.9452265708841605	8.05477342911584	4.104521863723676e-06	1.2887505684844314e-07	False	True	True	8.054769324593977	3.975646806875233e-06	first_fixed_B1	0.0	4.8627768478581856e-14	4.729550084903167e-14
LE:RPMI-8226	magnitude_g1.00	EX_mal__L_e	0.0	69.54957388179433	0.0	1.2143330665896466e-06	0.0	4.311987209149832e-08	69.54957388179433	1.2143330665896466e-06	4.311987209149832e-08	False	True	True	69.54957266746126	1.1712131944981482e-06	first_fixed_B1	0.0	0.0	0.0
LE:RPMI-8226	magnitude_g1.00	EX_met__L_e	-10.0	-0.5026982632120802	-4.271595112892029	-4.271584724675633	-4.271591775227982	-4.271591343295847	9.49730173678792	1.038821639554044e-05	4.319321353918326e-07	False	False	True	9.497291348571524	9.956284260148607e-06	first_fixed_B2	0.0	0.0	0.0
LE:RPMI-8226	magnitude_g1.00	EX_nac_e	0.0	12.871302969659153	0.0	1.661766750825882e-07	0.0	5.817922784814979e-09	12.871302969659153	1.661766750825882e-07	5.817922784814979e-09	False	True	True	12.871302803482479	1.6035875229777323e-07	first_fixed_B1	0.0	0.0	0.0
LE:RPMI-8226	magnitude_g1.00	EX_ncam_e	-10.0	0.0	-1.1082242541679143e-06	-1.2878480388909766e-12	-3.7499334308959355e-08	1.2900040389843236e-18	10.0	1.1082229663198753e-06	3.749933431024936e-08	False	True	True	9.999998891777034	1.070723632009626e-06	first_fixed_B1	0.0	1.2878493288950156e-12	1.2878480388909766e-12
LE:RPMI-8226	magnitude_g1.00	EX_orn_e	0.0	75.07460134290598	0.0	7.940039317422866e-07	0.0	3.076560340371209e-08	75.07460134290598	7.940039317422866e-07	3.076560340371209e-08	False	True	True	75.07460054890204	7.632383283385746e-07	first_fixed_B1	0.0	0.0	0.0
LE:RPMI-8226	magnitude_g1.00	EX_orot_e	0.0	16.576892935524832	0.0	2.5244319142945194e-08	0.0	8.767084468818072e-10	16.576892935524832	2.5244319142945194e-08	8.767084468818072e-10	False	True	True	16.576892910280513	2.4367610696063388e-08	first_fixed_B1	0.0	0.0	0.0
LE:RPMI-8226	magnitude_g1.00	EX_phe__L_e	-10.0	-0.8524036882104262	-0.8524050499159643	-0.8524036882104422	-0.8524037349194876	-0.8524036882104494	9.147596311789574	1.3617055221182284e-06	4.670903819281591e-08	False	True	True	9.147594950084052	1.3149964839254125e-06	first_fixed_B1	0.0	0.0	2.0650148258027912e-14
LE:RPMI-8226	magnitude_g1.00	EX_pro__L_e	-10.0	73.71949939148276	-1.355104117713429	-1.3551016339361377	-1.3551020242712477	-1.3551019397292465	83.71949939148276	2.4837772913954836e-06	8.45420011774678e-08	False	True	True	83.71949690770546	2.399235290218016e-06	first_fixed_B1	0.0	0.0	0.0
LE:RPMI-8226	magnitude_g1.00	EX_sbt__D_e	0.0	0.0	0.0	0.0	0.0	0.0	0.0	0.0	0.0	True	True	True	0.0	0.0	already_fixed_B0	0.0	0.0	0.0
LE:RPMI-8226	magnitude_g1.00	EX_ser__L_e	-10.0	57.23433743957334	-10.0	-9.999999899470808	-10.0	-9.999999996494795	67.23433743957334	1.0052919208192179e-07	3.5052050151307412e-09	False	True	True	67.23433733904415	9.702398706679105e-08	first_fixed_B1	0.0	0.0	0.0
LE:RPMI-8226	magnitude_g1.00	EX_sprm_e	0.0	3.3387831585264007	0.0	5.232716745045345e-09	0.0	2.37095679171391e-10	3.3387831585264007	5.232716745045345e-09	2.37095679171391e-10	False	True	True	3.338783153293684	4.995621065873954e-09	first_fixed_B1	0.0	0.0	0.0
LE:RPMI-8226	magnitude_g1.00	EX_srtn_e	0.0	8.61390890897742	0.0	3.848762590675117e-08	0.0	1.296054288399038e-09	8.61390890897742	3.848762590675117e-08	1.296054288399038e-09	False	True	True	8.613908870489794	3.719157161835213e-08	first_fixed_B1	0.0	0.0	0.0
LE:RPMI-8226	magnitude_g1.00	EX_succ_e	0.0	115.44565627115217	15.071538665380146	15.071547725675128	15.071546438254229	15.071546766531757	115.44565627115217	9.060294981821926e-06	3.2827752782793596e-07	False	True	True	115.44564721085719	8.73201745399399e-06	first_fixed_B1	0.0	0.0	0.0
LE:RPMI-8226	magnitude_g1.00	EX_taur_e	0.0	16.909696464552468	0.0	3.158970000091217e-08	0.0	1.0737130995498915e-09	16.909696464552468	3.158970000091217e-08	1.0737130995498915e-09	False	True	True	16.909696432962768	3.051598690136228e-08	first_fixed_B1	0.0	0.0	0.0
LE:RPMI-8226	magnitude_g1.00	EX_tchola_e	0.0	1.4423577198570345	0.0	6.7510418293548355e-09	0.0	5.668081610719514e-10	1.4423577198570345	6.7510418293548355e-09	5.668081610719514e-10	False	True	True	1.4423577131059928	6.184233668282884e-09	first_fixed_B1	0.0	0.0	0.0
LE:RPMI-8226	magnitude_g1.00	EX_thr__L_e	-10.0	-1.0272564007096072	-1.0272578499352283	-1.0272564007096077	-1.0272564494290994	-1.0272564007096077	8.972743599290393	1.4492256206199983e-06	4.871949177420731e-08	False	True	True	8.972742150064771	1.400506128845791e-06	first_fixed_B1	0.0	0.0	0.0
LE:RPMI-8226	magnitude_g1.00	EX_thym_e	0.0	12.751456104250027	0.0	1.5741175940223917e-08	0.0	5.471648750293175e-10	12.751456104250027	1.5741175940223917e-08	5.471648750293175e-10	False	True	True	12.751456088508851	1.51940110651946e-08	first_fixed_B1	0.0	0.0	0.0
LE:RPMI-8226	magnitude_g1.00	EX_thymd_e	0.0	9.041941601195571	0.0	1.0529936726438974e-08	0.0	3.728500865105309e-10	9.041941601195571	1.0529936726438974e-08	3.728500865105309e-10	False	True	True	9.041941590665635	1.0157086639928444e-08	first_fixed_B1	0.0	0.0	0.0
LE:RPMI-8226	magnitude_g1.00	EX_ump_e	0.0	6.071678091942398	0.0	7.925148925808868e-09	0.0	4.5889462844004816e-10	6.071678091942398	7.925148925808868e-09	4.5889462844004816e-10	False	True	True	6.0716780840172495	7.46625429736882e-09	first_fixed_B1	0.0	0.0	0.0
LE:RPMI-8226	magnitude_g1.00	EX_ura_e	0.0	16.576892935525226	0.0	2.196283956656199e-08	0.0	7.629406337359552e-10	16.576892935525226	2.196283956656199e-08	7.629406337359552e-10	False	True	True	16.576892913562386	2.1199898932826034e-08	first_fixed_B1	0.0	0.0	0.0
LE:RPMI-8226	magnitude_g1.00	EX_urate_e	0.0	9.751113491485382	0.0	8.933937580914856e-09	0.0	3.1157558113947493e-10	9.751113491485382	8.933937580914856e-09	3.1157558113947493e-10	False	True	True	9.751113482551444	8.622361999775381e-09	first_fixed_B1	0.0	0.0	0.0
LE:RPMI-8226	magnitude_g1.00	EX_uri_e	0.0	10.811017131864451	0.0	1.2719364382373104e-08	0.0	4.4416800368091005e-10	10.811017131864451	1.2719364382373104e-08	4.4416800368091005e-10	False	True	True	10.811017119145086	1.2275196378692194e-08	first_fixed_B1	0.0	0.0	0.0
LE:RPMI-8226	magnitude_g1.00	EX_val__L_e	-10.0	-1.1583926498609252	-1.1583938231389939	-1.1583926498609247	-1.1583926899229755	-1.1583926498609247	8.841607350139075	1.1732780691442457e-06	4.0062050787881276e-08	False	True	True	8.841606176861006	1.1332160183563644e-06	first_fixed_B1	4.440892098500626e-16	0.0	0.0
LE:RPMI-8226	magnitude_g1.00	EX_xan_e	0.0	9.751113491485553	0.0	9.18963719536786e-09	0.0	3.206497474266778e-10	9.751113491485553	9.18963719536786e-09	3.206497474266778e-10	False	True	True	9.751113482295915	8.868987447941182e-09	first_fixed_B1	0.0	0.0	0.0
LE:SR	magnitude_g1.00	EX_4abut_e	0.0	179.01124760682066	0.0	3.8859893558602517e-07	0.0	1.3536339226256744e-08	179.01124760682066	3.8859893558602517e-07	1.3536339226256744e-08	False	True	True	179.0112472182217	3.750625963597684e-07	first_fixed_B1	0.0	0.0	0.0
LE:SR	magnitude_g1.00	EX_L2aadp_e	0.0	10.926076398774978	0.0	8.816153222800653e-08	0.0	3.1304530483501757e-09	10.926076398774978	8.816153222800653e-08	3.1304530483501757e-09	False	True	True	10.926076310613446	8.503107917965635e-08	first_fixed_B1	0.0	0.0	0.0
LE:SR	magnitude_g1.00	EX_Lkynr_e	0.0	8.61390890897742	0.0	3.183940510131944e-08	0.0	1.1299019255787427e-09	8.61390890897742	3.183940510131944e-08	1.1299019255787427e-09	False	True	True	8.613908877138014	3.0709503175740694e-08	first_fixed_B1	0.0	0.0	0.0
LE:SR	magnitude_g1.00	EX_ala__L_e	0.0	161.4259027078193	12.507259964389593	12.507289664457678	12.507285971010102	12.507286599255265	161.4259027078193	2.970006808489245e-05	6.282451625594376e-07	False	False	True	161.4258730077512	2.9071822922333013e-05	first_fixed_B2	0.0	0.0	0.0
LE:SR	magnitude_g1.00	EX_anth_e	0.0	8.613908908977418	0.0	2.8964807319230498e-08	0.0	1.0277630611852933e-09	8.613908908977418	2.8964807319230498e-08	1.0277630611852933e-09	False	True	True	8.61390888001261	2.7937044258045204e-08	first_fixed_B1	0.0	0.0	0.0
LE:SR	magnitude_g1.00	EX_cala_e	0.0	16.576892935525144	0.0	1.860946865555424e-08	0.0	6.541036328679013e-10	16.576892935525144	1.860946865555424e-08	6.541036328679013e-10	False	True	True	16.576892916915675	1.7955365022686336e-08	first_fixed_B1	0.0	0.0	0.0
LE:SR	magnitude_g1.00	EX_chol_e	-10.0	5.802857235090938	-2.2595707870877377	-2.2595697646191346	-2.2595698871312138	-2.2595698515252485	15.802857235090938	1.022468603117943e-06	3.5605965287288655e-08	False	True	True	15.802856212622334	9.868626378306544e-07	first_fixed_B1	0.0	0.0	0.0
LE:SR	magnitude_g1.00	EX_cholp_e	0.0	6.071678091942405	0.0	5.015867596010092e-08	0.0	1.7574891771786037e-09	6.071678091942405	5.015867596010092e-08	1.7574891771786037e-09	False	True	True	6.071678041783729	4.840118678292232e-08	first_fixed_B1	0.0	0.0	0.0
LE:SR	magnitude_g1.00	EX_cit_e	0.0	62.319508811365594	0.0	8.645622742576828e-07	0.0	3.1010971077368935e-08	62.319508811365594	8.645622742576828e-07	3.1010971077368935e-08	False	True	True	62.31950794680332	8.335513031803138e-07	first_fixed_B1	0.0	0.0	0.0
LE:SR	magnitude_g1.00	EX_cmp_e	0.0	0.0	0.0	0.0	0.0	4.123509953745134e-10	0.0	0.0	4.123509953745134e-10	True	True	True	0.0	-4.123509953745134e-10	already_fixed_B0	0.0	4.123509953745134e-10	0.0
LE:SR	magnitude_g1.00	EX_crn_e	-1.0	-3.3306690738754696e-16	-3.0294335513492143e-06	0.0	-1.4148160015774125e-07	-5.521163405357212e-15	0.9999999999999997	3.0294335513492143e-06	1.4148159463657785e-07	False	True	True	0.9999969705664483	2.8879519567126367e-06	first_fixed_B1	3.3306690738754696e-16	0.0	5.4478738673469014e-15
LE:SR	magnitude_g1.00	EX_cytd_e	0.0	10.81101713186418	0.0	1.1146630835817918e-08	0.0	4.0739901338754474e-10	10.81101713186418	1.1146630835817918e-08	4.0739901338754474e-10	False	True	True	10.81101712071755	1.0739231822430374e-08	first_fixed_B1	0.0	0.0	0.0
LE:SR	magnitude_g1.00	EX_dhap_e	0.0	6.071678091942327	0.0	3.244700975812853e-08	0.0	1.1438966170476698e-09	6.071678091942327	3.244700975812853e-08	1.1438966170476698e-09	False	True	True	6.0716780594953175	3.130311314108086e-08	first_fixed_B1	0.0	0.0	0.0
LE:SR	magnitude_g1.00	EX_duri_e	0.0	10.811017131864169	0.0	1.1226724793028798e-08	0.0	4.1160462778995916e-10	10.811017131864169	1.1226724793028798e-08	4.1160462778995916e-10	False	True	True	10.811017120637445	1.081512016523884e-08	first_fixed_B1	0.0	0.0	0.0
LE:SR	magnitude_g1.00	EX_fum_e	0.0	75.07460134290541	14.927532236761003	14.92762079690305	14.927532236028728	14.927545164990269	75.07460134290541	8.856014204638996e-05	1.292896154048151e-05	False	False	False	75.07451278276336	7.563118050590845e-05	still_variable_B2	0.0	7.322746853333229e-10	0.0
LE:SR	magnitude_g1.00	EX_glcur_e	0.0	18.283735368672726	0.0	3.0802160052043304e-08	0.0	1.2728143837994905e-09	18.283735368672726	3.0802160052043304e-08	1.2728143837994905e-09	False	True	True	18.283735337870567	2.9529345668243814e-08	first_fixed_B1	0.0	0.0	0.0
LE:SR	magnitude_g1.00	EX_gln__L_e	-10.0	31.44223233881293	-10.0	-9.999998768362358	-10.0	-9.999999957662554	41.44223233881293	1.231637641652128e-06	4.233744554937857e-08	False	True	True	41.44223110717529	1.1893001961027494e-06	first_fixed_B1	0.0	0.0	0.0
LE:SR	magnitude_g1.00	EX_glu__L_e	-10.0	65.07460134290554	-10.0	-9.9999992712002	-10.0	-9.999999973512852	75.07460134290554	7.28799799176727e-07	2.648714847452993e-08	False	True	True	75.07460061410573	7.023126507021971e-07	first_fixed_B1	0.0	0.0	0.0
LE:SR	magnitude_g1.00	EX_gly_e	-10.0	136.67340860229442	-7.718555433265684	-7.718523899241291	-7.718550184012601	-7.718549102912763	146.67340860229442	3.153402439348696e-05	1.0810998380961223e-06	False	False	True	146.67337706827	3.0452924555390837e-05	first_fixed_B2	0.0	0.0	0.0
LE:SR	magnitude_g1.00	EX_glyald_e	0.0	58.40513229375357	0.0	7.6929171309023e-08	0.0	2.7289421791838673e-09	58.40513229375357	7.6929171309023e-08	2.7289421791838673e-09	False	True	True	58.4051322168244	7.420022912983914e-08	first_fixed_B1	0.0	0.0	0.0
LE:SR	magnitude_g1.00	EX_glyc3p_e	0.0	6.071678091942406	0.0	3.167080096831071e-08	0.0	1.1178220215799306e-09	6.071678091942406	3.167080096831071e-08	1.1178220215799306e-09	False	True	True	6.071678060271605	3.055297894673078e-08	first_fixed_B1	0.0	0.0	0.0
LE:SR	magnitude_g1.00	EX_hom__L_e	0.0	0.0	0.0	0.0	0.0	0.0	0.0	0.0	0.0	True	True	True	0.0	0.0	already_fixed_B0	0.0	0.0	0.0
LE:SR	magnitude_g1.00	EX_hxan_e	0.0	9.75111349148557	0.0	8.667334639905398e-09	0.0	3.6883624522954837e-10	9.75111349148557	8.667334639905398e-09	3.6883624522954837e-10	False	True	True	9.751113482818235	8.29849839467585e-09	first_fixed_B1	0.0	0.0	0.0
LE:SR	magnitude_g1.00	EX_icit_e	0.0	62.31950881136539	0.0	4.869713722621514e-07	0.0	1.7478883339523852e-08	62.31950881136539	4.869713722621514e-07	1.7478883339523852e-08	False	True	True	62.319508324394015	4.6949248892262754e-07	first_fixed_B1	0.0	0.0	0.0
LE:SR	magnitude_g1.00	EX_ins_e	0.0	7.422489374115851	0.0	6.577461357325564e-09	0.0	2.4222413761984864e-10	7.422489374115851	6.577461357325564e-09	2.4222413761984864e-10	False	True	True	7.42248936753839	6.335237219705716e-09	first_fixed_B1	0.0	0.0	0.0
LE:SR	magnitude_g1.00	EX_lac__L_e	-1.0	108.03961591890892	7.461739423758485	7.461981317475228	7.461839637284766	7.4618497141108255	109.03961591890892	0.00024189371674321336	1.0076826059801647e-05	False	False	False	109.03937402519217	0.00023181689068341171	still_variable_B2	0.0	0.0	0.0
LE:SR	magnitude_g1.00	EX_leu__L_e	-10.0	-1.7922337326704607	-1.7922347072706957	-1.7922337326704258	-1.7922337654368898	-1.7922337326704147	8.20776626732954	9.74600269820769e-07	3.2766475088763514e-08	False	True	True	8.20776529272927	9.418337947320055e-07	first_fixed_B1	3.4861002973229915e-14	1.1102230246251565e-14	1.3100631690576847e-14
LE:SR	magnitude_g1.00	EX_lys__L_e	-10.0	-1.9452265708841594	-1.9452296034700771	-1.9452265708841403	-1.9452266570712577	-1.9452265708841585	8.05477342911584	3.0325859368129926e-06	8.618709923524648e-08	False	True	True	8.054770396529904	2.946398837577746e-06	first_fixed_B1	1.9095836023552692e-14	0.0	0.0
LE:SR	magnitude_g1.00	EX_mal__L_e	0.0	69.54957388179433	0.0	1.5324382112860123e-06	0.0	6.03499437347127e-08	69.54957388179433	1.5324382112860123e-06	6.03499437347127e-08	False	True	True	69.54957234935613	1.4720882675512996e-06	first_fixed_B1	0.0	0.0	0.0
LE:SR	magnitude_g1.00	EX_met__L_e	-10.0	-0.5026982632120802	-0.5027766568070233	-0.5026982632120717	-0.5026986373267484	-0.5026982632120718	9.49730173678792	7.839359495165343e-05	3.7411467657122444e-07	False	False	True	9.497223343192967	7.801948027508221e-05	first_fixed_B2	8.548717289613705e-15	0.0	8.43769498715119e-15
LE:SR	magnitude_g1.00	EX_nac_e	0.0	12.871302969659153	0.0	1.5709902113657373e-07	0.0	5.537681664260169e-09	12.871302969659153	1.5709902113657373e-07	5.537681664260169e-09	False	True	True	12.871302812560131	1.5156133947231357e-07	first_fixed_B1	0.0	0.0	0.0
LE:SR	magnitude_g1.00	EX_ncam_e	-10.0	0.0	-1.0937862561362187e-06	-9.628920780207811e-13	-3.673140336381856e-08	1.0656267966068768e-18	10.0	1.0937852932441407e-06	3.6731403364884184e-08	False	True	True	9.999998906214707	1.0570538898792565e-06	first_fixed_B1	0.0	9.628931436475778e-13	9.628920780207811e-13
LE:SR	magnitude_g1.00	EX_orn_e	0.0	75.07460134290598	0.0	3.297722302204151e-06	0.0	1.0312025256517925e-07	75.07460134290598	3.297722302204151e-06	1.0312025256517925e-07	False	True	True	75.07459804518368	3.1946020496389716e-06	first_fixed_B1	0.0	0.0	0.0
LE:SR	magnitude_g1.00	EX_orot_e	0.0	16.576892935524832	0.0	2.2608652338419748e-08	0.0	7.923554683806711e-10	16.576892935524832	2.2608652338419748e-08	7.923554683806711e-10	False	True	True	16.57689291291618	2.1816296870039077e-08	first_fixed_B1	0.0	0.0	0.0
LE:SR	magnitude_g1.00	EX_phe__L_e	-10.0	-0.8524036882104262	-0.8524046628055052	-0.8524036882104232	-0.852403720976143	-0.8524036882104038	9.147596311789574	9.745950819706195e-07	3.276573923294279e-08	False	True	True	9.147595337194492	9.418293427376767e-07	first_fixed_B1	2.9976021664879227e-15	1.942890293094024e-14	0.0
LE:SR	magnitude_g1.00	EX_pro__L_e	-10.0	73.71949939148276	-1.3551036740095121	-1.3551016165469503	-1.3551020054062832	-1.3551019396940565	83.71949939148276	2.0574625618774434e-06	6.571222677109745e-08	False	True	True	83.71949733402019	1.991750335106346e-06	first_fixed_B1	0.0	0.0	0.0
LE:SR	magnitude_g1.00	EX_sbt__D_e	0.0	0.0	0.0	0.0	0.0	0.0	0.0	0.0	0.0	True	True	True	0.0	0.0	already_fixed_B0	0.0	0.0	0.0
LE:SR	magnitude_g1.00	EX_ser__L_e	-10.0	57.23433743957334	-10.0	-9.99999990902992	-10.0	-9.99999999674502	67.23433743957334	9.097007946934355e-08	3.2549802853054643e-09	False	True	True	67.23433734860326	8.771509918403808e-08	first_fixed_B1	0.0	0.0	0.0
LE:SR	magnitude_g1.00	EX_sprm_e	0.0	3.3387831585264007	0.0	4.5899287078825354e-09	0.0	2.069034409192295e-10	3.3387831585264007	4.5899287078825354e-09	2.069034409192295e-10	False	True	True	3.338783153936472	4.3830252669633055e-09	first_fixed_B1	0.0	0.0	0.0
LE:SR	magnitude_g1.00	EX_srtn_e	0.0	8.61390890897742	0.0	3.042713626833216e-08	0.0	1.0769625965921964e-09	8.61390890897742	3.042713626833216e-08	1.0769625965921964e-09	False	True	True	8.613908878550284	2.9350173671739962e-08	first_fixed_B1	0.0	0.0	0.0
LE:SR	magnitude_g1.00	EX_succ_e	0.0	115.44565627115217	13.77930339025125	13.77936938801956	13.779355532425866	13.779369388275743	115.44565627115217	6.599776830995552e-05	1.3855849877231208e-05	False	False	False	115.44559027338386	5.214191843272431e-05	still_variable_B2	0.0	2.561826306646253e-10	0.0
LE:SR	magnitude_g1.00	EX_taur_e	0.0	16.909696464552468	0.0	2.610858323230629e-08	0.0	9.252298444126707e-10	16.909696464552468	2.610858323230629e-08	9.252298444126707e-10	False	True	True	16.909696438443884	2.5183353387893618e-08	first_fixed_B1	0.0	0.0	0.0
LE:SR	magnitude_g1.00	EX_tchola_e	0.0	1.4423577198570345	0.0	5.541090861014469e-09	0.0	3.6038011880333985e-10	1.4423577198570345	5.541090861014469e-09	3.6038011880333985e-10	False	True	True	1.4423577143159436	5.180710742211129e-09	first_fixed_B1	0.0	0.0	0.0
LE:SR	magnitude_g1.00	EX_thr__L_e	-10.0	-1.0272564007096072	-1.0272575672856998	-1.0272564007096077	-1.0272564369043575	-1.0272564007096077	8.972743599290393	1.1665760921708568e-06	3.6194749863938114e-08	False	True	True	8.9727424327143	1.1303813423069187e-06	first_fixed_B1	0.0	0.0	0.0
LE:SR	magnitude_g1.00	EX_thym_e	0.0	12.751456104250027	0.0	1.412450371241457e-08	0.0	4.970071714525075e-10	12.751456104250027	1.412450371241457e-08	4.970071714525075e-10	False	True	True	12.751456090125522	1.3627496540962061e-08	first_fixed_B1	0.0	0.0	0.0
LE:SR	magnitude_g1.00	EX_thymd_e	0.0	9.041941601195571	0.0	9.430124135430623e-09	0.0	3.3775363741268986e-10	9.041941601195571	9.430124135430623e-09	3.3775363741268986e-10	False	True	True	9.041941591765447	9.092370498017933e-09	first_fixed_B1	0.0	0.0	0.0
LE:SR	magnitude_g1.00	EX_ump_e	0.0	6.071678091942398	0.0	7.212002004698304e-09	0.0	2.5718403787422605e-10	6.071678091942398	7.212002004698304e-09	2.5718403787422605e-10	False	True	True	6.071678084730396	6.954817966824078e-09	first_fixed_B1	0.0	0.0	0.0
LE:SR	magnitude_g1.00	EX_ura_e	0.0	16.576892935525226	0.0	1.967885552393565e-08	0.0	6.910253965970508e-10	16.576892935525226	1.967885552393565e-08	6.910253965970508e-10	False	True	True	16.576892915846372	1.8987830127338602e-08	first_fixed_B1	0.0	0.0	0.0
LE:SR	magnitude_g1.00	EX_urate_e	0.0	9.751113491485382	0.0	8.303784319494697e-09	0.0	3.460473430745651e-10	9.751113491485382	8.303784319494697e-09	3.460473430745651e-10	False	True	True	9.751113483181598	7.957736976420131e-09	first_fixed_B1	0.0	0.0	0.0
LE:SR	magnitude_g1.00	EX_uri_e	0.0	10.811017131864451	0.0	1.143839519475444e-08	0.0	4.028542418746304e-10	10.811017131864451	1.143839519475444e-08	4.028542418746304e-10	False	True	True	10.811017120426056	1.103554095287981e-08	first_fixed_B1	0.0	0.0	0.0
LE:SR	magnitude_g1.00	EX_val__L_e	-10.0	-1.1583926498609252	-1.158393624452774	-1.158392649860898	-1.1583926826080588	-1.1583926498608779	8.841607350139075	9.74591875868569e-07	3.274718096690776e-08	False	True	True	8.8416063755472	9.418446949016612e-07	first_fixed_B1	2.708944180085382e-14	2.020605904817785e-14	0.0
LE:SR	magnitude_g1.00	EX_xan_e	0.0	9.751113491485553	0.0	8.521473303618772e-09	0.0	3.227041898747177e-10	9.751113491485553	8.521473303618772e-09	3.227041898747177e-10	False	True	True	9.75111348296408	8.198769113744055e-09	first_fixed_B1	0.0	0.0	0.0
LE:RPMI-8226	ordinal	EX_4abut_e	0.0	179.01124760682066	0.0	1.6775484665657418e-07	0.0	8.232976988103588e-10	179.01124760682066	1.6775484665657418e-07	8.232976988103588e-10	False	True	True	179.0112474390658	1.6693154895776382e-07	first_fixed_B1	0.0	0.0	0.0
LE:RPMI-8226	ordinal	EX_L2aadp_e	0.0	10.926076398774978	0.0	6.914338751242034e-08	0.0	3.3949007121394843e-10	10.926076398774978	6.914338751242034e-08	3.3949007121394843e-10	False	True	True	10.92607632963159	6.88038974412064e-08	first_fixed_B1	0.0	0.0	0.0
LE:RPMI-8226	ordinal	EX_Lkynr_e	0.0	8.61390890897742	0.0	3.637043927090951e-08	0.0	1.790412619027312e-10	8.61390890897742	3.637043927090951e-08	1.790412619027312e-10	False	True	True	8.61390887260698	3.619139800900678e-08	first_fixed_B1	0.0	0.0	0.0
LE:RPMI-8226	ordinal	EX_ala__L_e	0.0	161.4259027078193	13.052113094468936	13.052118308880656	13.052117304984787	13.05211733103807	161.4259027078193	5.214411720189105e-06	2.6053283974647456e-08	False	True	True	161.42589749340758	5.1883584362144575e-06	first_fixed_B1	0.0	0.0	0.0
LE:RPMI-8226	ordinal	EX_anth_e	0.0	8.613908908977418	0.0	3.224451283167619e-08	0.0	1.582705016952321e-10	8.613908908977418	3.224451283167619e-08	1.582705016952321e-10	False	True	True	8.613908876732905	3.208624232998096e-08	first_fixed_B1	0.0	0.0	0.0
LE:RPMI-8226	ordinal	EX_cala_e	0.0	16.576892935525144	0.0	1.8830371634708134e-08	0.0	1.0453714177740811e-10	16.576892935525144	1.8830371634708134e-08	1.0453714177740811e-10	False	True	True	16.576892916694774	1.8725834492930726e-08	first_fixed_B1	0.0	0.0	0.0
LE:RPMI-8226	ordinal	EX_chol_e	-10.0	5.802857235090938	-2.2595706306467354	-2.2595697885113144	-2.2595698585775685	-2.2595698544678404	15.802857235090938	8.421354209531273e-07	4.109728113377287e-09	False	True	True	15.802856392955517	8.3802569283975e-07	first_fixed_B1	0.0	0.0	0.0
LE:RPMI-8226	ordinal	EX_cholp_e	0.0	6.071678091942405	0.0	4.650592336986833e-08	0.0	2.2781481545510659e-10	6.071678091942405	4.650592336986833e-08	2.2781481545510659e-10	False	True	True	6.071678045436482	4.627810855441322e-08	first_fixed_B1	0.0	0.0	0.0
LE:RPMI-8226	ordinal	EX_cit_e	0.0	62.319508811365594	8.261510963740893	8.261653156234336	8.2615109647736	8.261511495200729	62.319508811365594	0.00014219249344371576	5.3042712977458e-07	False	False	True	62.31936661887215	0.00014166206631394118	first_fixed_B2	0.0	0.0	0.0
LE:RPMI-8226	ordinal	EX_cmp_e	0.0	0.0	0.0	0.0	0.0	5.5112867482130736e-11	0.0	0.0	5.5112867482130736e-11	True	True	True	0.0	-5.5112867482130736e-11	already_fixed_B0	0.0	5.5112867482130736e-11	0.0
LE:RPMI-8226	ordinal	EX_crn_e	-1.0	-3.3306690738754696e-16	-1.6602078219962735e-06	-9.43689570931383e-15	-7.918439676832221e-09	3.368266357490487e-15	0.9999999999999997	1.6602078125593778e-06	7.918443045098578e-09	False	True	True	0.9999983397921871	1.6522893695142791e-06	first_fixed_B1	0.0	1.2805162066804318e-14	9.43689570931383e-15
LE:RPMI-8226	ordinal	EX_cytd_e	0.0	10.81101713186418	0.0	1.060323537900158e-08	0.0	5.400658304815934e-11	10.81101713186418	1.060323537900158e-08	5.400658304815934e-11	False	True	True	10.811017121260944	1.054922879595342e-08	first_fixed_B1	0.0	0.0	0.0
LE:RPMI-8226	ordinal	EX_dhap_e	0.0	6.071678091942327	0.0	2.7380053869339667e-08	0.0	1.3440071739427834e-10	6.071678091942327	2.7380053869339667e-08	1.3440071739427834e-10	False	True	True	6.071678064562273	2.724565315194539e-08	first_fixed_B1	0.0	0.0	0.0
LE:RPMI-8226	ordinal	EX_duri_e	0.0	10.811017131864169	0.0	1.0848942666130488e-08	0.0	5.516996851811682e-11	10.811017131864169	1.0848942666130488e-08	5.516996851811682e-11	False	True	True	10.811017121015226	1.079377269761237e-08	first_fixed_B1	0.0	0.0	0.0
LE:RPMI-8226	ordinal	EX_fum_e	0.0	75.07460134290541	14.908677396908887	14.908819589015026	14.908819057759198	14.908819588280382	75.07460134290541	0.000142192106139305	5.305211843165125e-07	False	False	True	75.07445915079927	0.00014166158495498848	first_fixed_B2	0.0	0.0	0.0
LE:RPMI-8226	ordinal	EX_glcur_e	0.0	18.283735368672726	0.0	3.593734796980202e-08	0.0	1.7683054220600767e-10	18.283735368672726	3.593734796980202e-08	1.7683054220600767e-10	False	True	True	18.28373533273538	3.5760517427596016e-08	first_fixed_B1	0.0	0.0	0.0
LE:RPMI-8226	ordinal	EX_gln__L_e	-10.0	31.44223233881293	-10.0	-9.999999145882239	-10.0	-9.999999995866578	41.44223233881293	8.541177614063145e-07	4.133422493168837e-09	False	True	True	41.44223148469517	8.499843389131456e-07	first_fixed_B1	0.0	0.0	0.0
LE:RPMI-8226	ordinal	EX_glu__L_e	-10.0	65.07460134290554	-10.0	-9.999999485314495	-10.0	-9.999999997481694	75.07460134290554	5.146855048820953e-07	2.518305564080947e-09	False	True	True	75.07460082822003	5.121671993180144e-07	first_fixed_B1	0.0	0.0	0.0
LE:RPMI-8226	ordinal	EX_gly_e	-10.0	136.67340860229442	-10.0	-9.999998492948533	-10.0	-9.999999992552532	146.67340860229442	1.5070514667314683e-06	7.447468419741199e-09	False	True	True	146.67340709524294	1.499603998311727e-06	first_fixed_B1	0.0	0.0	0.0
LE:RPMI-8226	ordinal	EX_glyald_e	0.0	58.40513229375357	0.0	5.974906599371925e-08	0.0	2.93197360731845e-10	58.40513229375357	5.974906599371925e-08	2.93197360731845e-10	False	True	True	58.405132234004505	5.945586863298741e-08	first_fixed_B1	0.0	0.0	0.0
LE:RPMI-8226	ordinal	EX_glyc3p_e	0.0	6.071678091942406	0.0	2.5955362000836312e-08	0.0	1.3527534750461091e-10	6.071678091942406	2.5955362000836312e-08	1.3527534750461091e-10	False	True	True	6.071678065987044	2.5820086653331702e-08	first_fixed_B1	0.0	0.0	0.0
LE:RPMI-8226	ordinal	EX_hom__L_e	0.0	0.0	0.0	0.0	0.0	0.0	0.0	0.0	0.0	True	True	True	0.0	0.0	already_fixed_B0	0.0	0.0	0.0
LE:RPMI-8226	ordinal	EX_hxan_e	0.0	9.75111349148557	0.0	8.610405672511216e-09	0.0	5.072272089912357e-11	9.75111349148557	8.610405672511216e-09	5.072272089912357e-11	False	True	True	9.751113482875166	8.559682951612092e-09	first_fixed_B1	0.0	0.0	0.0
LE:RPMI-8226	ordinal	EX_icit_e	0.0	62.31950881136539	0.0	4.3107450590905613e-07	0.0	2.1107207233080564e-09	62.31950881136539	4.3107450590905613e-07	2.1107207233080564e-09	False	True	True	62.319508380290884	4.289637851857481e-07	first_fixed_B1	0.0	0.0	0.0
LE:RPMI-8226	ordinal	EX_ins_e	0.0	7.422489374115851	0.0	6.235994089487736e-09	0.0	3.430134889886864e-11	7.422489374115851	6.235994089487736e-09	3.430134889886864e-11	False	True	True	7.422489367879857	6.201692740588867e-09	first_fixed_B1	0.0	0.0	0.0
LE:RPMI-8226	ordinal	EX_lac__L_e	-1.0	108.03961591890892	11.012930882027014	11.01311724505219	11.012930882096676	11.01293162512628	109.03961591890892	0.00018636302517549552	7.430296040666917e-07	False	False	True	109.03942955588374	0.00018561999557142883	first_fixed_B2	0.0	0.0	0.0
LE:RPMI-8226	ordinal	EX_leu__L_e	-10.0	-1.7922337326704607	-1.7922355349792405	-1.7922337326704476	-1.7922337415999159	-1.7922337326704476	8.20776626732954	1.8023087928753512e-06	8.929468275908903e-09	False	True	True	8.207764465020746	1.7933793245994423e-06	first_fixed_B1	1.3100631690576847e-14	0.0	1.3322676295501878e-14
LE:RPMI-8226	ordinal	EX_lys__L_e	-10.0	-1.9452265708841594	-10.0	-9.999950687914117	-10.0	-9.999999775420573	8.05477342911584	4.9312085883101986e-05	2.24579427055005e-07	False	False	True	8.054724117029957	4.908750645604698e-05	first_fixed_B2	0.0	0.0	0.0
LE:RPMI-8226	ordinal	EX_mal__L_e	0.0	69.54957388179433	0.0	6.406631007471101e-07	0.0	3.1321049210927424e-09	69.54957388179433	6.406631007471101e-07	3.1321049210927424e-09	False	True	True	69.54957324113123	6.375309958260173e-07	first_fixed_B1	0.0	0.0	0.0
LE:RPMI-8226	ordinal	EX_met__L_e	-10.0	-0.5026982632120802	-5.140785104200726	-5.140598741173758	-5.140599494911808	-5.140598741643298	9.49730173678792	0.00018636302696872775	7.5326851067814e-07	False	False	True	9.497115373760952	0.0001856097584580496	first_fixed_B2	0.0	0.0	0.0
LE:RPMI-8226	ordinal	EX_nac_e	0.0	12.871302969659153	0.0	1.58173088327861e-07	0.0	7.732280277760321e-10	12.871302969659153	1.58173088327861e-07	7.732280277760321e-10	False	True	True	12.871302811486064	1.5739986030008497e-07	first_fixed_B1	0.0	0.0	0.0
LE:RPMI-8226	ordinal	EX_ncam_e	-10.0	0.0	-8.833207360237509e-07	-7.102725616521801e-13	-4.316214010887061e-09	0.0	10.0	8.833200257511892e-07	4.316214010887061e-09	False	True	True	9.999999116679975	8.790038117403022e-07	first_fixed_B1	0.0	7.102725616521801e-13	7.102725616521801e-13
LE:RPMI-8226	ordinal	EX_orn_e	0.0	75.07460134290598	0.0	2.639908575529434e-07	0.0	1.2905011281698587e-09	75.07460134290598	2.639908575529434e-07	1.2905011281698587e-09	False	True	True	75.07460107891512	2.6270035642477353e-07	first_fixed_B1	0.0	0.0	0.0
LE:RPMI-8226	ordinal	EX_orot_e	0.0	16.576892935524832	0.0	2.2925857168255333e-08	0.0	1.1254790957082947e-10	16.576892935524832	2.2925857168255333e-08	1.1254790957082947e-10	False	True	True	16.576892912598975	2.2813309258684504e-08	first_fixed_B1	0.0	0.0	0.0
LE:RPMI-8226	ordinal	EX_phe__L_e	-10.0	-0.8524036882104262	-3.0620850212377704	-3.0620213083927363	-3.0620215594235907	-3.0620213082857606	9.147596311789574	6.371284503403629e-05	2.511378300873446e-07	False	False	True	9.14753259894454	6.346170720394895e-05	first_fixed_B2	0.0	1.0697576158236188e-10	0.0
LE:RPMI-8226	ordinal	EX_pro__L_e	-10.0	73.71949939148276	-1.3551045944691456	-1.35510176360618	-1.355101964367121	-1.3551019504990391	83.71949939148276	2.830862965597092e-06	1.3868081794043974e-08	False	True	True	83.71949656061979	2.816994883803048e-06	first_fixed_B1	0.0	0.0	0.0
LE:RPMI-8226	ordinal	EX_sbt__D_e	0.0	0.0	0.0	0.0	0.0	1.5051383175026385e-10	0.0	0.0	1.5051383175026385e-10	True	True	True	0.0	-1.5051383175026385e-10	already_fixed_B0	0.0	1.5051383175026385e-10	0.0
LE:RPMI-8226	ordinal	EX_ser__L_e	-10.0	57.23433743957334	-10.0	-9.999999933260836	-10.0	-9.999999999672342	67.23433743957334	6.673916352895048e-08	3.276579008115732e-10	False	True	True	67.23433737283418	6.641150562813891e-08	first_fixed_B1	0.0	0.0	0.0
LE:RPMI-8226	ordinal	EX_sprm_e	0.0	3.3387831585264007	0.0	4.552553040428483e-09	0.0	2.556269104776078e-11	3.3387831585264007	4.552553040428483e-09	2.556269104776078e-11	False	True	True	3.3387831539738477	4.526990349380722e-09	first_fixed_B1	0.0	0.0	0.0
LE:RPMI-8226	ordinal	EX_srtn_e	0.0	8.61390890897742	0.0	3.503769994345289e-08	0.0	1.72776085942813e-10	8.61390890897742	3.503769994345289e-08	1.72776085942813e-10	False	True	True	8.61390887393972	3.4864923857510077e-08	first_fixed_B1	0.0	0.0	0.0
LE:RPMI-8226	ordinal	EX_succ_e	0.0	115.44565627115217	13.234474745802487	13.23447753125307	13.234475723649641	13.234475737419087	115.44565627115217	2.785450583075999e-06	1.3769446027822596e-08	False	True	True	115.4456534857016	2.7716811370481764e-06	first_fixed_B1	0.0	0.0	0.0
LE:RPMI-8226	ordinal	EX_taur_e	0.0	16.909696464552468	0.0	2.9179956201891153e-08	0.0	1.4346130585019695e-10	16.909696464552468	2.9179956201891153e-08	1.4346130585019695e-10	False	True	True	16.909696435372513	2.9036494896040955e-08	first_fixed_B1	0.0	0.0	0.0
LE:RPMI-8226	ordinal	EX_tchola_e	0.0	1.4423577198570345	0.0	6.463102929049034e-09	0.0	8.93207568007835e-11	1.4423577198570345	6.463102929049034e-09	8.93207568007835e-11	False	True	True	1.4423577133939316	6.373782172248251e-09	first_fixed_B1	0.0	0.0	0.0
LE:RPMI-8226	ordinal	EX_thr__L_e	-10.0	-1.0272564007096072	-1.0272590437710156	-1.027256400709624	-1.02725641363326	-1.0272564007096079	8.972743599290393	2.643061391527368e-06	1.2923652148444376e-08	False	True	True	8.972740956229002	2.630137739378924e-06	first_fixed_B1	0.0	1.6209256159527285e-14	1.6431300764452317e-14
LE:RPMI-8226	ordinal	EX_thym_e	0.0	12.751456104250027	0.0	1.384890803282763e-08	0.0	6.995794089637115e-11	12.751456104250027	1.384890803282763e-08	6.995794089637115e-11	False	True	True	12.751456090401119	1.3778950091931258e-08	first_fixed_B1	0.0	0.0	0.0
LE:RPMI-8226	ordinal	EX_thymd_e	0.0	9.041941601195571	0.0	8.892502597315904e-09	0.0	4.4489658372111466e-11	9.041941601195571	8.892502597315904e-09	4.4489658372111466e-11	False	True	True	9.041941592303068	8.848012938943792e-09	first_fixed_B1	0.0	0.0	0.0
LE:RPMI-8226	ordinal	EX_ump_e	0.0	6.071678091942398	0.0	6.86227108845701e-09	0.0	5.545267183583961e-11	6.071678091942398	6.86227108845701e-09	5.545267183583961e-11	False	True	True	6.071678085080127	6.8068184166211705e-09	first_fixed_B1	0.0	0.0	0.0
LE:RPMI-8226	ordinal	EX_ura_e	0.0	16.576892935525226	0.0	2.012299893468586e-08	0.0	1.0064136357870987e-10	16.576892935525226	2.012299893468586e-08	1.0064136357870987e-10	False	True	True	16.576892915402226	2.002235757110715e-08	first_fixed_B1	0.0	0.0	0.0
LE:RPMI-8226	ordinal	EX_urate_e	0.0	9.751113491485382	0.0	8.234578202170395e-09	0.0	4.80044096156397e-11	9.751113491485382	8.234578202170395e-09	4.80044096156397e-11	False	True	True	9.751113483250805	8.186573792554755e-09	first_fixed_B1	0.0	0.0	0.0
LE:RPMI-8226	ordinal	EX_uri_e	0.0	10.811017131864451	0.0	1.0809638822611926e-08	0.0	5.313156746099633e-11	10.811017131864451	1.0809638822611926e-08	5.313156746099633e-11	False	True	True	10.811017121054812	1.075650725515093e-08	first_fixed_B1	0.0	0.0	0.0
LE:RPMI-8226	ordinal	EX_val__L_e	-10.0	-1.1583926498609252	-1.1583944118876546	-1.158392649860925	-1.1583926584953053	-1.1583926498609252	8.841607350139075	1.7620267296347691e-06	8.634380099792338e-09	False	True	True	8.841605588112346	1.7533923495349768e-06	first_fixed_B1	2.220446049250313e-16	0.0	0.0
LE:RPMI-8226	ordinal	EX_xan_e	0.0	9.751113491485553	0.0	8.485809022270903e-09	0.0	4.1609479648755637e-11	9.751113491485553	8.485809022270903e-09	4.1609479648755637e-11	False	True	True	9.751113482999743	8.444199542622147e-09	first_fixed_B1	0.0	0.0	0.0
ME:MALME-3M	ordinal	EX_4abut_e	0.0	179.01124760682066	0.0	2.1379195145887244e-07	0.0	9.659070731455298e-09	179.01124760682066	2.1379195145887244e-07	9.659070731455298e-09	False	True	True	179.0112473930287	2.0413288072741716e-07	first_fixed_B1	0.0	0.0	0.0
ME:MALME-3M	ordinal	EX_L2aadp_e	0.0	10.926076398774978	0.0	6.542305125323975e-08	0.0	3.1908550399744775e-09	10.926076398774978	6.542305125323975e-08	3.1908550399744775e-09	False	True	True	10.926076333351926	6.223219621326527e-08	first_fixed_B1	0.0	0.0	0.0
ME:MALME-3M	ordinal	EX_Lkynr_e	0.0	8.61390890897742	0.0	4.814963777199372e-08	0.0	2.356985633675791e-09	8.61390890897742	4.814963777199372e-08	2.356985633675791e-09	False	True	True	8.613908860827783	4.579265213831793e-08	first_fixed_B1	0.0	0.0	0.0
ME:MALME-3M	ordinal	EX_ala__L_e	0.0	161.4259027078193	13.05210038692496	13.052117844656859	13.052114603600748	13.052117354063997	161.4259027078193	1.745773189831823e-05	2.7504632491570646e-06	False	False	True	161.4258852500874	1.4707268649161165e-05	first_fixed_B2	0.0	0.0	0.0
ME:MALME-3M	ordinal	EX_anth_e	0.0	8.613908908977418	0.0	4.0262468411932726e-08	0.0	1.960258736040898e-09	8.613908908977418	4.0262468411932726e-08	1.960258736040898e-09	False	True	True	8.61390886871495	3.830220967589183e-08	first_fixed_B1	0.0	0.0	0.0
ME:MALME-3M	ordinal	EX_cala_e	0.0	16.576892935525144	0.0	1.9955966681826813e-08	0.0	9.62722817212433e-10	16.576892935525144	1.9955966681826813e-08	9.62722817212433e-10	False	True	True	16.57689291556918	1.899324386461438e-08	first_fixed_B1	0.0	0.0	0.0
ME:MALME-3M	ordinal	EX_chol_e	-10.0	5.802857235090938	-2.259570441872343	-2.2595697618640296	-2.259569882612362	-2.2595698503437474	15.802857235090938	6.80008313214131e-07	3.226861444716178e-08	False	True	True	15.802856555082625	6.477396987669692e-07	first_fixed_B1	0.0	0.0	0.0
ME:MALME-3M	ordinal	EX_cholp_e	0.0	6.071678091942405	0.0	5.178525444011195e-08	0.0	2.481993500416377e-09	6.071678091942405	5.178525444011195e-08	2.481993500416377e-09	False	True	True	6.071678040157151	4.930326093969558e-08	first_fixed_B1	0.0	0.0	0.0
ME:MALME-3M	ordinal	EX_cit_e	0.0	62.319508811365594	0.0	7.296331178582707e-07	0.0	3.576110245984941e-08	62.319508811365594	7.296331178582707e-07	3.576110245984941e-08	False	True	True	62.31950808173248	6.938720153984213e-07	first_fixed_B1	0.0	0.0	0.0
ME:MALME-3M	ordinal	EX_cmp_e	0.0	0.0	0.0	0.0	0.0	0.0	0.0	0.0	0.0	True	True	True	0.0	0.0	already_fixed_B0	0.0	0.0	0.0
ME:MALME-3M	ordinal	EX_crn_e	-1.0	-3.3306690738754696e-16	-4.857467920116321e-07	-2.3869795029440866e-14	-2.830270620262439e-08	1.0342204286659609e-14	0.9999999999999997	4.85746768141837e-07	2.8302716544828675e-08	False	True	True	0.9999995142532315	4.574440515970084e-07	first_fixed_B1	0.0	3.421199931610048e-14	2.3849419037709805e-14
ME:MALME-3M	ordinal	EX_cytd_e	0.0	10.81101713186418	0.0	1.1201033772990554e-08	0.0	5.445440001678573e-10	10.81101713186418	1.1201033772990554e-08	5.445440001678573e-10	False	True	True	10.811017120663147	1.0656489772822697e-08	first_fixed_B1	0.0	0.0	0.0
ME:MALME-3M	ordinal	EX_dhap_e	0.0	6.071678091942327	0.0	3.013207170860178e-08	0.0	1.4553422508408681e-09	6.071678091942327	3.013207170860178e-08	1.4553422508408681e-09	False	True	True	6.071678061810255	2.867672945776091e-08	first_fixed_B1	0.0	0.0	0.0
ME:MALME-3M	ordinal	EX_duri_e	0.0	10.811017131864169	0.0	1.128615207033866e-08	0.0	5.471833703180045e-10	10.811017131864169	1.128615207033866e-08	5.471833703180045e-10	False	True	True	10.811017120578017	1.0738968700020656e-08	first_fixed_B1	0.0	0.0	0.0
ME:MALME-3M	ordinal	EX_fum_e	0.0	75.07460134290541	18.99753700591954	18.997551193474802	18.99754182024156	18.997544984962357	75.07460134290541	1.4187555262168416e-05	3.1647207983098724e-06	False	False	True	75.07458715535014	1.1022834463858544e-05	first_fixed_B2	0.0	0.0	0.0
ME:MALME-3M	ordinal	EX_glcur_e	0.0	18.283735368672726	0.0	5.035322837622734e-08	0.0	2.460303666930503e-09	18.283735368672726	5.035322837622734e-08	2.460303666930503e-09	False	True	True	18.283735318319497	4.7892924709296833e-08	first_fixed_B1	0.0	0.0	0.0
ME:MALME-3M	ordinal	EX_gln__L_e	-10.0	31.44223233881293	-10.0	-9.999988200426078	-10.0	-9.99999925830189	41.44223233881293	1.1799573922388618e-05	7.416981091523667e-07	False	False	True	41.442220539239	1.1057875813236251e-05	first_fixed_B2	0.0	0.0	0.0
ME:MALME-3M	ordinal	EX_glu__L_e	-10.0	65.07460134290554	-10.0	-9.999999510770058	-10.0	-9.999999976623585	75.07460134290554	4.892299418912671e-07	2.3376415470011125e-08	False	True	True	75.07460085367559	4.65853526421256e-07	first_fixed_B1	0.0	0.0	0.0
ME:MALME-3M	ordinal	EX_gly_e	-10.0	136.67340860229442	-10.0	-9.999989512720488	-10.0	-9.999998617988108	146.67340860229442	1.048727951236117e-05	1.382011891593038e-06	False	False	True	146.6733981150149	9.105267620768132e-06	first_fixed_B2	0.0	0.0	0.0
ME:MALME-3M	ordinal	EX_glyald_e	0.0	58.40513229375357	0.0	6.144499400572628e-08	0.0	2.9871064324683554e-09	58.40513229375357	6.144499400572628e-08	2.9871064324683554e-09	False	True	True	58.405132232308574	5.845788757325793e-08	first_fixed_B1	0.0	0.0	0.0
ME:MALME-3M	ordinal	EX_glyc3p_e	0.0	6.071678091942406	0.0	2.861408719297504e-08	0.0	1.3762208593470885e-09	6.071678091942406	2.861408719297504e-08	1.3762208593470885e-09	False	True	True	6.071678063328319	2.7237866333627953e-08	first_fixed_B1	0.0	0.0	0.0
ME:MALME-3M	ordinal	EX_hom__L_e	0.0	0.0	0.0	0.0	0.0	0.0	0.0	0.0	0.0	True	True	True	0.0	0.0	already_fixed_B0	0.0	0.0	0.0
ME:MALME-3M	ordinal	EX_hxan_e	0.0	9.75111349148557	0.0	9.003388712986948e-09	0.0	4.358650360920249e-10	9.75111349148557	9.003388712986948e-09	4.358650360920249e-10	False	True	True	9.751113482482182	8.567523676894923e-09	first_fixed_B1	0.0	0.0	0.0
ME:MALME-3M	ordinal	EX_icit_e	0.0	62.31950881136539	0.0	5.843886774086956e-07	0.0	2.734882016689716e-08	62.31950881136539	5.843886774086956e-07	2.734882016689716e-08	False	True	True	62.31950822697671	5.570398572417984e-07	first_fixed_B1	0.0	0.0	0.0
ME:MALME-3M	ordinal	EX_ins_e	0.0	7.422489374115851	0.0	6.577561637492541e-09	0.0	3.440687106605785e-10	7.422489374115851	6.577561637492541e-09	3.440687106605785e-10	False	True	True	7.422489367538289	6.2334929268319625e-09	first_fixed_B1	0.0	0.0	0.0
ME:MALME-3M	ordinal	EX_lac__L_e	-1.0	108.03961591890892	16.743089959795757	16.743104686766152	16.743090166101418	16.74309383827948	109.03961591890892	1.4726970395173566e-05	3.672178063851561e-06	False	False	True	109.03960119193853	1.1054792331322005e-05	first_fixed_B2	0.0	0.0	0.0
ME:MALME-3M	ordinal	EX_leu__L_e	-10.0	-1.7922337326704607	-1.7922380868938694	-1.7922337326704494	-1.792233973702408	-1.7922337326704476	8.20776626732954	4.354223420044434e-06	2.4103196039071406e-07	False	True	True	8.207761913106118	4.11319145965372e-06	first_fixed_B1	1.1324274851176597e-14	1.7763568394002505e-15	1.3100631690576847e-14
ME:MALME-3M	ordinal	EX_lys__L_e	-10.0	-1.9452265708841594	-1.9452438450099805	-1.945226570884162	-1.9452274012982367	-1.9452265708841623	8.05477342911584	1.7274125818422803e-05	8.304140743931043e-07	False	False	True	8.054756154990022	1.64437117440297e-05	first_fixed_B2	0.0	0.0	0.0
ME:MALME-3M	ordinal	EX_mal__L_e	0.0	69.54957388179433	0.0	6.665588531940159e-07	0.0	3.058577056799234e-08	69.54957388179433	6.665588531940159e-07	3.058577056799234e-08	False	True	True	69.54957321523548	6.359730826260235e-07	first_fixed_B1	0.0	0.0	0.0
ME:MALME-3M	ordinal	EX_met__L_e	-10.0	-0.5026982632120802	-8.987485605310733	-8.987474495832778	-8.987483478233596	-8.987480713125517	9.49730173678792	1.1109477954462932e-05	2.765108078506273e-06	False	False	True	9.497290627309965	8.344369875956659e-06	first_fixed_B2	0.0	0.0	0.0
ME:MALME-3M	ordinal	EX_nac_e	0.0	12.871302969659153	0.0	1.2310119865592772e-07	0.0	5.8533365441136265e-09	12.871302969659153	1.2310119865592772e-07	5.8533365441136265e-09	False	True	True	12.871302846557954	1.1724786211181409e-07	first_fixed_B1	0.0	0.0	0.0
ME:MALME-3M	ordinal	EX_ncam_e	-10.0	0.0	-8.668535621427576e-07	1.1324810493066805e-12	-4.014003304738238e-08	0.0	10.0	8.668546946238068e-07	4.014003304738238e-08	False	True	True	9.999999133145305	8.267146615764244e-07	first_fixed_B1	1.1324810493066805e-12	0.0	0.0
ME:MALME-3M	ordinal	EX_orn_e	0.0	75.07460134290598	0.0	6.43362968762218e-07	0.0	2.7566961686194257e-08	75.07460134290598	6.43362968762218e-07	2.7566961686194257e-08	False	True	True	75.07460069954301	6.157960070760238e-07	first_fixed_B1	0.0	0.0	0.0
ME:MALME-3M	ordinal	EX_orot_e	0.0	16.576892935524832	0.0	2.4349762867596257e-08	0.0	1.1788845571643364e-09	16.576892935524832	2.4349762867596257e-08	1.1788845571643364e-09	False	True	True	16.57689291117507	2.317087831043192e-08	first_fixed_B1	0.0	0.0	0.0
ME:MALME-3M	ordinal	EX_phe__L_e	-10.0	-0.8524036882104262	-7.720560606394793	-7.720535616069447	-7.720553832214196	-7.720549646048459	9.147596311789574	2.4990325345974895e-05	4.186165736719261e-06	False	False	True	9.147571321464227	2.0804159609255635e-05	first_fixed_B2	0.0	0.0	0.0
ME:MALME-3M	ordinal	EX_pro__L_e	-10.0	73.71949939148276	-1.3551059597751887	-1.3551017167456054	-1.3551021288598302	-1.3551019404678692	83.71949939148276	4.2430295832396325e-06	1.8839196092024224e-07	False	True	True	83.71949514845318	4.05463762231939e-06	first_fixed_B1	0.0	0.0	0.0
ME:MALME-3M	ordinal	EX_sbt__D_e	0.0	0.0	0.0	0.0	0.0	0.0	0.0	0.0	0.0	True	True	True	0.0	0.0	already_fixed_B0	0.0	0.0	0.0
ME:MALME-3M	ordinal	EX_ser__L_e	-10.0	57.23433743957334	-10.0	-9.999999927680804	-10.0	-9.999999996460454	67.23433743957334	7.231919596506486e-08	3.539545545550027e-09	False	True	True	67.23433736725414	6.877965041951484e-08	first_fixed_B1	0.0	0.0	0.0
ME:MALME-3M	ordinal	EX_sprm_e	0.0	3.3387831585264007	0.0	4.983212924612829e-09	0.0	2.560365329349752e-10	3.3387831585264007	4.983212924612829e-09	2.560365329349752e-10	False	True	True	3.3387831535431878	4.727176391677854e-09	first_fixed_B1	0.0	0.0	0.0
ME:MALME-3M	ordinal	EX_srtn_e	0.0	8.61390890897742	0.0	4.5660200461907776e-08	0.0	2.198159840579652e-09	8.61390890897742	4.5660200461907776e-08	2.198159840579652e-09	False	True	True	8.613908863317219	4.346204062132812e-08	first_fixed_B1	0.0	0.0	0.0
ME:MALME-3M	ordinal	EX_succ_e	0.0	115.44565627115217	14.644323111791447	14.644331396295133	14.644323227872233	14.644325676541875	115.44565627115217	8.284503685729305e-06	2.4486696421632814e-06	False	True	True	115.44564798664848	5.835834043566024e-06	first_fixed_B1	0.0	0.0	0.0
ME:MALME-3M	ordinal	EX_taur_e	0.0	16.909696464552468	0.0	3.4543238385356385e-08	0.0	1.6758522497754482e-09	16.909696464552468	3.4543238385356385e-08	1.6758522497754482e-09	False	True	True	16.90969643000923	3.2867386135580934e-08	first_fixed_B1	0.0	0.0	0.0
ME:MALME-3M	ordinal	EX_tchola_e	0.0	1.4423577198570345	0.0	7.636331119885573e-09	0.0	3.817856961072404e-10	1.4423577198570345	7.636331119885573e-09	3.817856961072404e-10	False	True	True	1.4423577122207034	7.254545423778333e-09	first_fixed_B1	0.0	0.0	0.0
ME:MALME-3M	ordinal	EX_thr__L_e	-10.0	-1.0272564007096072	-1.027260538699407	-1.027256400709607	-1.027256628565255	-1.0272564007095937	8.972743599290393	4.137989799923858e-06	2.2785566122784928e-07	False	True	True	8.972739461300593	3.910134138696009e-06	first_fixed_B1	2.220446049250313e-16	1.3322676295501878e-14	0.0
ME:MALME-3M	ordinal	EX_thym_e	0.0	12.751456104250027	0.0	1.4472545100424334e-08	0.0	7.037407394536227e-10	12.751456104250027	1.4472545100424334e-08	7.037407394536227e-10	False	True	True	12.75145608977748	1.3768804360970712e-08	first_fixed_B1	0.0	0.0	0.0
ME:MALME-3M	ordinal	EX_thymd_e	0.0	9.041941601195571	0.0	9.340969125756905e-09	0.0	4.5289188941551404e-10	9.041941601195571	9.340969125756905e-09	4.5289188941551404e-10	False	True	True	9.041941591854602	8.88807723634139e-09	first_fixed_B1	0.0	0.0	0.0
ME:MALME-3M	ordinal	EX_ump_e	0.0	6.071678091942398	0.0	7.456865597422254e-09	0.0	3.599062447097143e-10	6.071678091942398	7.456865597422254e-09	3.599062447097143e-10	False	True	True	6.071678084485533	7.0969593527125395e-09	first_fixed_B1	0.0	0.0	0.0
ME:MALME-3M	ordinal	EX_ura_e	0.0	16.576892935525226	0.0	2.1657717352821112e-08	0.0	1.0523663345596976e-09	16.576892935525226	2.1657717352821112e-08	1.0523663345596976e-09	False	True	True	16.57689291386751	2.0605351018261416e-08	first_fixed_B1	0.0	0.0	0.0
ME:MALME-3M	ordinal	EX_urate_e	0.0	9.751113491485382	0.0	8.560213772645163e-09	0.0	4.166554250063535e-10	9.751113491485382	8.560213772645163e-09	4.166554250063535e-10	False	True	True	9.751113482925168	8.143558347638809e-09	first_fixed_B1	0.0	0.0	0.0
ME:MALME-3M	ordinal	EX_uri_e	0.0	10.811017131864451	0.0	1.1384721694896007e-08	0.0	5.52772849492825e-10	10.811017131864451	1.1384721694896007e-08	5.52772849492825e-10	False	True	True	10.811017120479729	1.0831948845403182e-08	first_fixed_B1	0.0	0.0	0.0
ME:MALME-3M	ordinal	EX_val__L_e	-10.0	-1.1583926498609252	-1.1583953221100247	-1.158392649860925	-1.1583927681179305	-1.1583926498609247	8.841607350139075	2.6722490997777015e-06	1.1825700574341624e-07	False	True	True	8.841604677889976	2.5539920940342853e-06	first_fixed_B1	2.220446049250313e-16	2.220446049250313e-16	0.0
ME:MALME-3M	ordinal	EX_xan_e	0.0	9.751113491485553	0.0	8.884894534619692e-09	0.0	4.3017356675221616e-10	9.751113491485553	8.884894534619692e-09	4.3017356675221616e-10	False	True	True	9.751113482600658	8.454720967867475e-09	first_fixed_B1	0.0	0.0	0.0
ME:MALME-3M	magnitude_g1.00	EX_4abut_e	0.0	179.01124760682066	0.0	2.705532432586589e-07	0.0	9.930530015043764e-09	179.01124760682066	2.705532432586589e-07	9.930530015043764e-09	False	True	True	179.01124733626742	2.606227132436151e-07	first_fixed_B1	0.0	0.0	0.0
ME:MALME-3M	magnitude_g1.00	EX_L2aadp_e	0.0	10.926076398774978	0.0	9.510768284553955e-08	0.0	3.305336706171749e-09	10.926076398774978	9.510768284553955e-08	3.305336706171749e-09	False	True	True	10.926076303667294	9.18023461393678e-08	first_fixed_B1	0.0	0.0	0.0
ME:MALME-3M	magnitude_g1.00	EX_Lkynr_e	0.0	8.61390890897742	0.0	4.284396630568793e-08	0.0	1.4063931238455014e-09	8.61390890897742	4.284396630568793e-08	1.4063931238455014e-09	False	True	True	8.613908866133453	4.1437573181842426e-08	first_fixed_B1	0.0	0.0	0.0
ME:MALME-3M	magnitude_g1.00	EX_ala__L_e	0.0	161.4259027078193	11.272488840320577	11.272493311893204	11.272491624766026	11.27249182541054	161.4259027078193	4.471572626840725e-06	2.006445143365454e-07	False	True	True	161.42589823624667	4.27092811250418e-06	first_fixed_B1	0.0	0.0	0.0
ME:MALME-3M	magnitude_g1.00	EX_anth_e	0.0	8.613908908977418	0.0	3.7274929454310974e-08	0.0	1.2314635679520174e-09	8.613908908977418	3.7274929454310974e-08	1.2314635679520174e-09	False	True	True	8.613908871702488	3.604346588635895e-08	first_fixed_B1	0.0	0.0	0.0
ME:MALME-3M	magnitude_g1.00	EX_cala_e	0.0	16.576892935525144	0.0	2.0602076212961407e-08	0.0	7.009671963191002e-10	16.576892935525144	2.0602076212961407e-08	7.009671963191002e-10	False	True	True	16.576892914923068	1.9901109016642307e-08	first_fixed_B1	0.0	0.0	0.0
ME:MALME-3M	magnitude_g1.00	EX_chol_e	-10.0	5.802857235090938	-2.2595709046457886	-2.2595697338289353	-2.2595698906842716	-2.2595698508875643	15.802857235090938	1.1708168532464924e-06	3.979670726295126e-08	False	True	True	15.802856064274085	1.1310201459835412e-06	first_fixed_B1	0.0	0.0	0.0
ME:MALME-3M	magnitude_g1.00	EX_cholp_e	0.0	6.071678091942405	0.0	5.347565595245128e-08	0.0	1.8313554514053259e-09	6.071678091942405	5.347565595245128e-08	1.8313554514053259e-09	False	True	True	6.071678038466749	5.1644300501045954e-08	first_fixed_B1	0.0	0.0	0.0
ME:MALME-3M	magnitude_g1.00	EX_cit_e	0.0	62.319508811365594	0.0	1.8430311694630658e-06	0.0	4.905884608507725e-08	62.319508811365594	1.8430311694630658e-06	4.905884608507725e-08	False	True	True	62.31950696833442	1.7939723233779884e-06	first_fixed_B1	0.0	0.0	0.0
ME:MALME-3M	magnitude_g1.00	EX_cmp_e	0.0	0.0	0.0	0.0	0.0	4.470289211831685e-10	0.0	0.0	4.470289211831685e-10	True	True	True	0.0	-4.470289211831685e-10	already_fixed_B0	0.0	4.470289211831685e-10	0.0
ME:MALME-3M	magnitude_g1.00	EX_crn_e	-1.0	-3.3306690738754696e-16	-1.702004096881815e-06	4.440892098500626e-16	-7.741140678544753e-08	1.4460307407461385e-14	0.9999999999999997	1.7020040973259043e-06	7.741142124575495e-08	False	True	True	0.9999982979959023	1.6245926760801494e-06	first_fixed_B1	7.771561172376096e-16	1.4016218197611322e-14	2.974428259218738e-16
ME:MALME-3M	magnitude_g1.00	EX_cytd_e	0.0	10.81101713186418	0.0	1.2367747918861502e-08	0.0	4.4058394772479765e-10	10.81101713186418	1.2367747918861502e-08	4.4058394772479765e-10	False	True	True	10.811017119496432	1.1927163971136705e-08	first_fixed_B1	0.0	0.0	0.0
ME:MALME-3M	magnitude_g1.00	EX_dhap_e	0.0	6.071678091942327	0.0	3.500877079440135e-08	0.0	1.1986091814532026e-09	6.071678091942327	3.500877079440135e-08	1.1986091814532026e-09	False	True	True	6.071678056933556	3.3810161612948144e-08	first_fixed_B1	0.0	0.0	0.0
ME:MALME-3M	magnitude_g1.00	EX_duri_e	0.0	10.811017131864169	0.0	1.2431979219973513e-08	0.0	4.449607071749732e-10	10.811017131864169	1.2431979219973513e-08	4.449607071749732e-10	False	True	True	10.81101711943219	1.198701851279854e-08	first_fixed_B1	0.0	0.0	0.0
ME:MALME-3M	magnitude_g1.00	EX_fum_e	0.0	75.07460134290541	16.183882374250953	16.183893660963534	16.183882374198017	16.18388285431126	75.07460134290541	1.1286712581437541e-05	4.801132433840394e-07	False	False	True	75.07459005619283	1.0806599338053502e-05	first_fixed_B2	0.0	5.2935433814127464e-11	0.0
ME:MALME-3M	magnitude_g1.00	EX_glcur_e	0.0	18.283735368672726	0.0	4.1244135580387494e-08	0.0	1.3492723082182898e-09	18.283735368672726	4.1244135580387494e-08	1.3492723082182898e-09	False	True	True	18.28373532742859	3.98948632721692e-08	first_fixed_B1	0.0	0.0	0.0
ME:MALME-3M	magnitude_g1.00	EX_gln__L_e	-10.0	31.44223233881293	-10.0	-9.999998707039206	-10.0	-9.999999958087628	41.44223233881293	1.292960794430087e-06	4.191237223949429e-08	False	True	True	41.44223104585213	1.2510484221905926e-06	first_fixed_B1	0.0	0.0	0.0
ME:MALME-3M	magnitude_g1.00	EX_glu__L_e	-10.0	65.07460134290554	-10.0	-9.999999326305495	-10.0	-9.999999976926443	75.07460134290554	6.736945046270648e-07	2.307355728703442e-08	False	True	True	75.07460066921104	6.506209473400304e-07	first_fixed_B1	0.0	0.0	0.0
ME:MALME-3M	magnitude_g1.00	EX_gly_e	-10.0	136.67340860229442	-6.440751971249757	-6.44074738474448	-6.440748998166388	-6.440748759743983	146.67340860229442	4.586505276904518e-06	2.3842240448601615e-07	False	True	True	146.67340401578915	4.348082872418502e-06	first_fixed_B1	0.0	0.0	0.0
ME:MALME-3M	magnitude_g1.00	EX_glyald_e	0.0	58.40513229375357	0.0	8.429075028032262e-08	0.0	2.881321396269284e-09	58.40513229375357	8.429075028032262e-08	2.881321396269284e-09	False	True	True	58.40513220946282	8.140942888405333e-08	first_fixed_B1	0.0	0.0	0.0
ME:MALME-3M	magnitude_g1.00	EX_glyc3p_e	0.0	6.071678091942406	0.0	3.400768267699854e-08	0.0	1.1660594613624145e-09	6.071678091942406	3.400768267699854e-08	1.1660594613624145e-09	False	True	True	6.071678057934723	3.2841623215636125e-08	first_fixed_B1	0.0	0.0	0.0
ME:MALME-3M	magnitude_g1.00	EX_hom__L_e	0.0	0.0	0.0	0.0	0.0	0.0	0.0	0.0	0.0	True	True	True	0.0	0.0	already_fixed_B0	0.0	0.0	0.0
ME:MALME-3M	magnitude_g1.00	EX_hxan_e	0.0	9.75111349148557	0.0	9.412609256485043e-09	0.0	3.897931938458092e-10	9.75111349148557	9.412609256485043e-09	3.897931938458092e-10	False	True	True	9.751113482072961	9.022816062639235e-09	first_fixed_B1	0.0	0.0	0.0
ME:MALME-3M	magnitude_g1.00	EX_icit_e	0.0	62.31950881136539	0.0	6.214126847658902e-07	0.0	2.0217985743219823e-08	62.31950881136539	6.214126847658902e-07	2.0217985743219823e-08	False	True	True	62.31950818995271	6.011946990226704e-07	first_fixed_B1	0.0	0.0	0.0
ME:MALME-3M	magnitude_g1.00	EX_ins_e	0.0	7.422489374115851	0.0	7.154866666871358e-09	0.0	2.443687901735353e-10	7.422489374115851	7.154866666871358e-09	2.443687901735353e-10	False	True	True	7.422489366960984	6.910497876697823e-09	first_fixed_B1	0.0	0.0	0.0
ME:MALME-3M	magnitude_g1.00	EX_lac__L_e	-1.0	108.03961591890892	11.05876574165932	11.0587829921673	11.058782112845023	11.058782992009426	109.03961591890892	1.725050798029315e-05	8.79164403499999e-07	False	False	True	109.03959866840094	1.637134357679315e-05	first_fixed_B2	0.0	0.0	0.0
ME:MALME-3M	magnitude_g1.00	EX_leu__L_e	-10.0	-1.7922337326704607	-1.7922347529780456	-1.7922337326704474	-1.7922337675998408	-1.7922337326704472	8.20776626732954	1.0203075981873866e-06	3.4929393599725245e-08	False	True	True	8.20776524702194	9.853782045876613e-07	first_fixed_B1	1.3322676295501878e-14	2.220446049250313e-16	1.354472090042691e-14
ME:MALME-3M	magnitude_g1.00	EX_lys__L_e	-10.0	-1.9452265708841594	-1.945230553372359	-1.9452265708841718	-1.9452266944228238	-1.9452265708841663	8.05477342911584	3.982488187226352e-06	1.2353865752601223e-07	False	True	True	8.054769446627652	3.8589495297003396e-06	first_fixed_B1	0.0	5.551115123125783e-15	9.547918011776346e-15
ME:MALME-3M	magnitude_g1.00	EX_mal__L_e	0.0	69.54957388179433	0.0	1.2432946292164657e-06	0.0	4.334368495724212e-08	69.54957388179433	1.2432946292164657e-06	4.334368495724212e-08	False	True	True	69.5495726384997	1.1999509442592237e-06	first_fixed_B1	0.0	0.0	0.0
ME:MALME-3M	magnitude_g1.00	EX_met__L_e	-10.0	-0.5026982632120802	-4.271595322692788	-4.271584527997626	-4.271593712209924	-4.271593114792892	9.49730173678792	1.079469516174214e-05	5.974170322886607e-07	False	False	True	9.497290942092757	1.019727812945348e-05	first_fixed_B2	0.0	0.0	0.0
ME:MALME-3M	magnitude_g1.00	EX_nac_e	0.0	12.871302969659153	0.0	1.5749561070726575e-07	0.0	5.429842754864215e-09	12.871302969659153	1.5749561070726575e-07	5.429842754864215e-09	False	True	True	12.871302812163542	1.5206576795240152e-07	first_fixed_B1	0.0	0.0	0.0
ME:MALME-3M	magnitude_g1.00	EX_ncam_e	-10.0	0.0	-1.1037328577331998e-06	-5.23577068317084e-13	-3.6720452167703e-08	2.604609544814446e-24	10.0	1.1037323341561314e-06	3.6720452167703e-08	False	True	True	9.999998896267666	1.0670118819884283e-06	first_fixed_B1	0.0	5.235770683196887e-13	5.23577068317084e-13
ME:MALME-3M	magnitude_g1.00	EX_orn_e	0.0	75.07460134290598	0.0	7.75709571753967e-07	0.0	2.9171218395578502e-08	75.07460134290598	7.75709571753967e-07	2.9171218395578502e-08	False	True	True	75.07460056719641	7.465383533583885e-07	first_fixed_B1	0.0	0.0	0.0
ME:MALME-3M	magnitude_g1.00	EX_orot_e	0.0	16.576892935524832	0.0	2.50981894593246e-08	0.0	8.536777551418588e-10	16.576892935524832	2.50981894593246e-08	8.536777551418588e-10	False	True	True	16.576892910426643	2.4244511704182743e-08	first_fixed_B1	0.0	0.0	0.0
ME:MALME-3M	magnitude_g1.00	EX_phe__L_e	-10.0	-0.8524036882104262	-0.8524053013595593	-0.8524036882104289	-0.8524037353254829	-0.8524036882104455	9.147596311789574	1.6131491303861267e-06	4.711503731602562e-08	False	True	True	9.147594698640443	1.5660340930701011e-06	first_fixed_B1	0.0	0.0	1.6764367671839864e-14
ME:MALME-3M	magnitude_g1.00	EX_pro__L_e	-10.0	73.71949939148276	-1.355104025148864	-1.3551016504295206	-1.3551020202122244	-1.355101940584525	83.71949939148276	2.3747193433898417e-06	7.962769932312597e-08	False	True	True	83.71949701676341	2.2950916440667157e-06	first_fixed_B1	0.0	0.0	0.0
ME:MALME-3M	magnitude_g1.00	EX_sbt__D_e	0.0	0.0	0.0	0.0	0.0	0.0	0.0	0.0	0.0	True	True	True	0.0	0.0	already_fixed_B0	0.0	0.0	0.0
ME:MALME-3M	magnitude_g1.00	EX_ser__L_e	-10.0	57.23433743957334	-10.0	-9.999999899416043	-10.0	-9.999999996569395	67.23433743957334	1.005839571632805e-07	3.4306051333032883e-09	False	True	True	67.23433733898938	9.715335202997721e-08	first_fixed_B1	0.0	0.0	0.0
ME:MALME-3M	magnitude_g1.00	EX_sprm_e	0.0	3.3387831585264007	0.0	5.329932063456409e-09	0.0	2.39772257379123e-10	3.3387831585264007	5.329932063456409e-09	2.39772257379123e-10	False	True	True	3.3387831531964687	5.090159806077286e-09	first_fixed_B1	0.0	0.0	0.0
ME:MALME-3M	magnitude_g1.00	EX_srtn_e	0.0	8.61390890897742	0.0	4.0347469932278467e-08	0.0	1.317718471132863e-09	8.61390890897742	4.0347469932278467e-08	1.317718471132863e-09	False	True	True	8.61390886862995	3.9029751461145604e-08	first_fixed_B1	0.0	0.0	0.0
ME:MALME-3M	magnitude_g1.00	EX_succ_e	0.0	115.44565627115217	15.014099742795546	15.014104457326686	15.014101229310427	15.01410143498323	115.44565627115217	4.714531140592726e-06	2.056728032329147e-07	False	True	True	115.44565155662103	4.508858337359811e-06	first_fixed_B1	0.0	0.0	0.0
ME:MALME-3M	magnitude_g1.00	EX_taur_e	0.0	16.909696464552468	0.0	3.306857692081586e-08	0.0	1.0953986162296798e-09	16.909696464552468	3.306857692081586e-08	1.0953986162296798e-09	False	True	True	16.90969643148389	3.1973178304586174e-08	first_fixed_B1	0.0	0.0	0.0
ME:MALME-3M	magnitude_g1.00	EX_tchola_e	0.0	1.4423577198570345	0.0	7.071618498685105e-09	0.0	5.979766102290116e-10	1.4423577198570345	7.071618498685105e-09	5.979766102290116e-10	False	True	True	1.4423577127854161	6.473641888456093e-09	first_fixed_B1	0.0	0.0	0.0
ME:MALME-3M	magnitude_g1.00	EX_thr__L_e	-10.0	-1.0272564007096072	-1.0272576339099597	-1.0272564007096079	-1.0272564419611665	-1.0272564007096077	8.972743599290393	1.233200351835606e-06	4.1251558835497804e-08	False	True	True	8.97274236609004	1.1919487930001083e-06	first_fixed_B1	0.0	2.220446049250313e-16	2.220446049250313e-16
ME:MALME-3M	magnitude_g1.00	EX_thym_e	0.0	12.751456104250027	0.0	1.5847924252044933e-08	0.0	5.391604042661335e-10	12.751456104250027	1.5847924252044933e-08	5.391604042661335e-10	False	True	True	12.751456088402103	1.5308763847778798e-08	first_fixed_B1	0.0	0.0	0.0
ME:MALME-3M	magnitude_g1.00	EX_thymd_e	0.0	9.041941601195571	0.0	1.0536585513257835e-08	0.0	3.6595223469053895e-10	9.041941601195571	1.0536585513257835e-08	3.6595223469053895e-10	False	True	True	9.041941590658986	1.0170633278567296e-08	first_fixed_B1	0.0	0.0	0.0
ME:MALME-3M	magnitude_g1.00	EX_ump_e	0.0	6.071678091942398	0.0	7.91418074812691e-09	0.0	4.4918899288779487e-10	6.071678091942398	7.91418074812691e-09	4.4918899288779487e-10	False	True	True	6.071678084028218	7.464991755239115e-09	first_fixed_B1	0.0	0.0	0.0
ME:MALME-3M	magnitude_g1.00	EX_ura_e	0.0	16.576892935525226	0.0	2.2278598794735196e-08	0.0	7.571161739379288e-10	16.576892935525226	2.2278598794735196e-08	7.571161739379288e-10	False	True	True	16.576892913246628	2.1521482620797266e-08	first_fixed_B1	0.0	0.0	0.0
ME:MALME-3M	magnitude_g1.00	EX_urate_e	0.0	9.751113491485382	0.0	8.996679038714445e-09	0.0	3.5024670456964043e-10	9.751113491485382	8.996679038714445e-09	3.5024670456964043e-10	False	True	True	9.751113482488703	8.646432334144804e-09	first_fixed_B1	0.0	0.0	0.0
ME:MALME-3M	magnitude_g1.00	EX_uri_e	0.0	10.811017131864451	0.0	1.2710105049187114e-08	0.0	4.338221974644774e-10	10.811017131864451	1.2710105049187114e-08	4.338221974644774e-10	False	True	True	10.811017119154346	1.2276282851722637e-08	first_fixed_B1	0.0	0.0	0.0
ME:MALME-3M	magnitude_g1.00	EX_val__L_e	-10.0	-1.1583926498609252	-1.15839362260504	-1.158392649860925	-1.1583926828728692	-1.1583926498609252	8.841607350139075	9.7274411503534e-07	3.3011944067240506e-08	False	True	True	8.84160637739496	9.397321709680995e-07	first_fixed_B1	2.220446049250313e-16	0.0	0.0
ME:MALME-3M	magnitude_g1.00	EX_xan_e	0.0	9.751113491485553	0.0	9.25494672388507e-09	0.0	3.262759623664135e-10	9.751113491485553	9.25494672388507e-09	3.262759623664135e-10	False	True	True	9.751113482230606	8.928670761518657e-09	first_fixed_B1	0.0	0.0	0.0
RE:786-0	magnitude_g1.00	EX_4abut_e	0.0	179.01124760682066	0.0	2.425031603705149e-07	0.0	1.1828666356203094e-09	179.01124760682066	2.425031603705149e-07	1.1828666356203094e-09	False	True	True	179.0112473643175	2.4132029373489457e-07	first_fixed_B1	0.0	0.0	0.0
RE:786-0	magnitude_g1.00	EX_L2aadp_e	0.0	10.926076398774978	0.0	9.560751915735742e-08	0.0	4.6273993761780626e-10	10.926076398774978	9.560751915735742e-08	4.6273993761780626e-10	False	True	True	10.92607630316746	9.514477921973962e-08	first_fixed_B1	0.0	0.0	0.0
RE:786-0	magnitude_g1.00	EX_Lkynr_e	0.0	8.61390890897742	0.0	4.122440749812741e-08	0.0	2.122840522203767e-10	8.61390890897742	4.122440749812741e-08	2.122840522203767e-10	False	True	True	8.613908867753013	4.1012123445907035e-08	first_fixed_B1	0.0	0.0	0.0
RE:786-0	magnitude_g1.00	EX_ala__L_e	0.0	161.4259027078193	11.272489190591717	11.272493555860953	11.272491719775703	11.272491741629436	161.4259027078193	4.3652692358620016e-06	2.1853733045418267e-08	False	True	True	161.42589834255006	4.343415502816583e-06	first_fixed_B1	0.0	0.0	0.0
RE:786-0	magnitude_g1.00	EX_anth_e	0.0	8.613908908977418	0.0	3.64963614768065e-08	0.0	1.7556838990925294e-10	8.613908908977418	3.64963614768065e-08	1.7556838990925294e-10	False	True	True	8.613908872481057	3.632079308689725e-08	first_fixed_B1	0.0	0.0	0.0
RE:786-0	magnitude_g1.00	EX_cala_e	0.0	16.576892935525144	0.0	2.0384926148687823e-08	0.0	1.0312539829799637e-10	16.576892935525144	2.0384926148687823e-08	1.0312539829799637e-10	False	True	True	16.576892915140217	2.0281800750389825e-08	first_fixed_B1	0.0	0.0	0.0
RE:786-0	magnitude_g1.00	EX_chol_e	-10.0	5.802857235090938	-2.2595707746405425	-2.259569739366116	-2.259569859231905	-2.259569854239922	15.802857235090938	1.0352744266306502e-06	4.991983271196432e-09	False	True	True	15.802856199816512	1.0302824433594537e-06	first_fixed_B1	0.0	0.0	0.0
RE:786-0	magnitude_g1.00	EX_cholp_e	0.0	6.071678091942405	0.0	5.296676559505573e-08	0.0	2.5607976447693766e-10	6.071678091942405	5.296676559505573e-08	2.5607976447693766e-10	False	True	True	6.07167803897564	5.271068583057879e-08	first_fixed_B1	0.0	0.0	0.0
RE:786-0	magnitude_g1.00	EX_cit_e	0.0	62.319508811365594	0.0	1.5622602911673082e-06	0.0	7.303236590753479e-09	62.319508811365594	1.5622602911673082e-06	7.303236590753479e-09	False	True	True	62.3195072491053	1.5549570545765548e-06	first_fixed_B1	0.0	0.0	0.0
RE:786-0	magnitude_g1.00	EX_cmp_e	0.0	0.0	0.0	0.0	0.0	6.24608905176506e-11	0.0	0.0	6.24608905176506e-11	True	True	True	0.0	-6.24608905176506e-11	already_fixed_B0	0.0	6.24608905176506e-11	0.0
RE:786-0	magnitude_g1.00	EX_crn_e	-1.0	-3.3306690738754696e-16	-7.515576796457424e-07	-2.220446049250313e-16	-3.684193153129239e-09	-6.000405814391472e-16	0.9999999999999997	7.515576794236978e-07	3.684192553088658e-09	False	True	True	0.9999992484423202	7.478734868706091e-07	first_fixed_B1	1.1102230246251565e-16	0.0	5.7452555271664e-16
RE:786-0	magnitude_g1.00	EX_cytd_e	0.0	10.81101713186418	0.0	1.2227093644234629e-08	0.0	6.170815360780888e-11	10.81101713186418	1.2227093644234629e-08	6.170815360780888e-11	False	True	True	10.811017119637086	1.216538549062682e-08	first_fixed_B1	0.0	0.0	0.0
RE:786-0	magnitude_g1.00	EX_dhap_e	0.0	6.071678091942327	0.0	3.4594867662943346e-08	0.0	1.669165632453773e-10	6.071678091942327	3.4594867662943346e-08	1.669165632453773e-10	False	True	True	6.07167805734746	3.442795109969797e-08	first_fixed_B1	0.0	0.0	0.0
RE:786-0	magnitude_g1.00	EX_duri_e	0.0	10.811017131864169	0.0	1.2304018970959583e-08	0.0	6.22237303212459e-11	10.811017131864169	1.2304018970959583e-08	6.22237303212459e-11	False	True	True	10.81101711956015	1.2241795240638337e-08	first_fixed_B1	0.0	0.0	0.0
RE:786-0	magnitude_g1.00	EX_fum_e	0.0	75.07460134290541	16.198219139142733	16.19825478708993	16.198219139336707	16.198219324473595	75.07460134290541	3.5647947196792984e-05	1.851368871541581e-07	False	False	True	75.07456569495821	3.5462810309638826e-05	first_fixed_B2	0.0	0.0	0.0
RE:786-0	magnitude_g1.00	EX_glcur_e	0.0	18.283735368672726	0.0	3.969348867311607e-08	0.0	2.8332455304918907e-10	18.283735368672726	3.969348867311607e-08	2.8332455304918907e-10	False	True	True	18.283735328979237	3.941016412006689e-08	first_fixed_B1	0.0	0.0	0.0
RE:786-0	magnitude_g1.00	EX_gln__L_e	-10.0	31.44223233881293	-10.0	-9.999998832943032	-10.0	-9.999999994403085	41.44223233881293	1.1670569683985832e-06	5.596914931516039e-09	False	True	True	41.442231171755964	1.1614600534670672e-06	first_fixed_B1	0.0	0.0	0.0
RE:786-0	magnitude_g1.00	EX_glu__L_e	-10.0	65.07460134290554	-10.0	-9.99999929227362	-10.0	-9.999999996579982	75.07460134290554	7.077263806110068e-07	3.420018046540463e-09	False	True	True	75.07460063517915	7.043063625644663e-07	first_fixed_B1	0.0	0.0	0.0
RE:786-0	magnitude_g1.00	EX_gly_e	-10.0	136.67340860229442	-6.440752459206362	-6.440745308261391	-6.4407488307626295	-6.440748794653947	146.67340860229442	7.150944970391038e-06	3.61086822664447e-08	False	True	True	146.67340145134943	7.114836288124593e-06	first_fixed_B1	0.0	0.0	0.0
RE:786-0	magnitude_g1.00	EX_glyald_e	0.0	58.40513229375357	0.0	8.265801187041839e-08	0.0	4.691608281561339e-10	58.40513229375357	8.265801187041839e-08	4.691608281561339e-10	False	True	True	58.405132211095555	8.218885104226226e-08	first_fixed_B1	0.0	0.0	0.0
RE:786-0	magnitude_g1.00	EX_glyc3p_e	0.0	6.071678091942406	0.0	3.3732249516533235e-08	0.0	1.7387976509073736e-10	6.071678091942406	3.3732249516533235e-08	1.7387976509073736e-10	False	True	True	6.071678058210156	3.35583697514425e-08	first_fixed_B1	0.0	0.0	0.0
RE:786-0	magnitude_g1.00	EX_hom__L_e	0.0	0.0	0.0	0.0	0.0	0.0	0.0	0.0	0.0	True	True	True	0.0	0.0	already_fixed_B0	0.0	0.0	0.0
RE:786-0	magnitude_g1.00	EX_hxan_e	0.0	9.75111349148557	0.0	9.32957192895016e-09	0.0	5.4035932392745606e-11	9.75111349148557	9.32957192895016e-09	5.4035932392745606e-11	False	True	True	9.751113482155999	9.275535996557416e-09	first_fixed_B1	0.0	0.0	0.0
RE:786-0	magnitude_g1.00	EX_icit_e	0.0	62.31950881136539	0.0	7.020042230646884e-07	0.0	3.364691912055154e-09	62.31950881136539	7.020042230646884e-07	3.364691912055154e-09	False	True	True	62.319508109361166	6.986395311526332e-07	first_fixed_B1	0.0	0.0	0.0
RE:786-0	magnitude_g1.00	EX_ins_e	0.0	7.422489374115851	0.0	7.066438401115915e-09	0.0	3.411282795264332e-11	7.422489374115851	7.066438401115915e-09	3.411282795264332e-11	False	True	True	7.422489367049413	7.032325573163272e-09	first_fixed_B1	0.0	0.0	0.0
RE:786-0	magnitude_g1.00	EX_lac__L_e	-1.0	108.03961591890892	11.073095558908882	11.073132928832068	11.073095559057336	11.073095744109958	109.03961591890892	3.736992318614796e-05	1.8505262211476747e-07	False	False	True	109.03957854898573	3.718487056403319e-05	first_fixed_B2	0.0	0.0	0.0
RE:786-0	magnitude_g1.00	EX_leu__L_e	-10.0	-1.7922337326704607	-1.7922346943108958	-1.7922337326704472	-1.792233737322453	-1.7922337326704474	8.20776626732954	9.616404486045838e-07	4.652005669569803e-09	False	True	True	8.20776530568909	9.56988442935014e-07	first_fixed_B1	1.354472090042691e-14	0.0	1.3322676295501878e-14
RE:786-0	magnitude_g1.00	EX_lys__L_e	-10.0	-1.9452265708841594	-1.945229808207631	-1.945226570884159	-1.945226586347137	-1.9452265708841618	8.05477342911584	3.237323471960707e-06	1.5462975122559897e-08	False	True	True	8.054770191792368	3.221860496838147e-06	first_fixed_B1	4.440892098500626e-16	0.0	0.0
RE:786-0	magnitude_g1.00	EX_mal__L_e	0.0	69.54957388179433	0.0	1.3859080073197097e-06	0.0	6.711697352686191e-09	69.54957388179433	1.3859080073197097e-06	6.711697352686191e-09	False	True	True	69.54957249588632	1.3791963099670235e-06	first_fixed_B1	0.0	0.0	0.0
RE:786-0	magnitude_g1.00	EX_met__L_e	-10.0	-0.5026982632120802	-4.285957827025629	-4.2859183189099666	-4.28591851145527	-4.285918319200693	9.49730173678792	3.950811566255652e-05	1.9225457670302148e-07	False	False	True	9.497262228672257	3.93158610858535e-05	first_fixed_B2	0.0	0.0	0.0
RE:786-0	magnitude_g1.00	EX_nac_e	0.0	12.871302969659153	0.0	1.668894370860499e-07	0.0	8.069393681859865e-10	12.871302969659153	1.668894370860499e-07	8.069393681859865e-10	False	True	True	12.871302802769716	1.660824977178639e-07	first_fixed_B1	0.0	0.0	0.0
RE:786-0	magnitude_g1.00	EX_ncam_e	-10.0	0.0	-1.1005102417874447e-06	2.4935088167588957e-13	-5.3001527293182895e-09	5.728183206483825e-25	10.0	1.1005104911383263e-06	5.30015272931829e-09	False	True	True	9.999998899489508	1.095210338409008e-06	first_fixed_B1	2.4935088167588957e-13	0.0	0.0
RE:786-0	magnitude_g1.00	EX_orn_e	0.0	75.07460134290598	0.0	5.782966357344463e-07	0.0	2.8276687348031296e-09	75.07460134290598	5.782966357344463e-07	2.8276687348031296e-09	False	True	True	75.07460076460934	5.754689669996432e-07	first_fixed_B1	0.0	0.0	0.0
RE:786-0	magnitude_g1.00	EX_orot_e	0.0	16.576892935524832	0.0	2.4759384699286764e-08	0.0	1.1952142014418974e-10	16.576892935524832	2.4759384699286764e-08	1.1952142014418974e-10	False	True	True	16.576892910765448	2.4639863279142573e-08	first_fixed_B1	0.0	0.0	0.0
RE:786-0	magnitude_g1.00	EX_phe__L_e	-10.0	-0.8524036882104262	-0.8524051313804528	-0.8524036882102632	-0.8524036950393108	-0.85240368821043	9.147596311789574	1.4431701895745164e-06	6.828880794174097e-09	False	True	True	9.147594868619384	1.4363413087803423e-06	first_fixed_B1	1.6298074001497298e-13	0.0	1.2212453270876722e-15
RE:786-0	magnitude_g1.00	EX_pro__L_e	-10.0	73.71949939148276	-1.3551038140916645	-1.3551016700685583	-1.355101960403433	-1.3551019500556654	83.71949939148276	2.144023106165349e-06	1.0347767531726504e-08	False	True	True	83.71949724745966	2.1336753386336227e-06	first_fixed_B1	0.0	0.0	0.0
RE:786-0	magnitude_g1.00	EX_sbt__D_e	0.0	0.0	0.0	0.0	0.0	0.0	0.0	0.0	0.0	True	True	True	0.0	0.0	already_fixed_B0	0.0	0.0	0.0
RE:786-0	magnitude_g1.00	EX_ser__L_e	-10.0	57.23433743957334	-10.0	-9.999999901569652	-10.0	-9.99999999952413	67.23433743957334	9.843034831646946e-08	4.758700100637725e-10	False	True	True	67.23433734114299	9.795447830640569e-08	first_fixed_B1	0.0	0.0	0.0
RE:786-0	magnitude_g1.00	EX_sprm_e	0.0	3.3387831585264007	0.0	5.249945281784395e-09	0.0	2.556691021561894e-11	3.3387831585264007	5.249945281784395e-09	2.556691021561894e-11	False	True	True	3.3387831532764554	5.224378371568776e-09	first_fixed_B1	0.0	0.0	0.0
RE:786-0	magnitude_g1.00	EX_srtn_e	0.0	8.61390890897742	0.0	3.92623390353685e-08	0.0	1.9016722315394928e-10	8.61390890897742	3.92623390353685e-08	1.9016722315394928e-10	False	True	True	8.61390886971508	3.907217181221455e-08	first_fixed_B1	0.0	0.0	0.0
RE:786-0	magnitude_g1.00	EX_succ_e	0.0	115.44565627115217	15.014099498834101	15.014109898185087	15.014101313057147	15.014101364208745	115.44565627115217	1.0399350985679234e-05	5.115159851243334e-08	False	False	True	115.44564587180119	1.0348199387166801e-05	first_fixed_B2	0.0	0.0	0.0
RE:786-0	magnitude_g1.00	EX_taur_e	0.0	16.909696464552468	0.0	3.219390580471109e-08	0.0	1.5479392131822672e-10	16.909696464552468	3.219390580471109e-08	1.5479392131822672e-10	False	True	True	16.90969643235856	3.203911188339286e-08	first_fixed_B1	0.0	0.0	0.0
RE:786-0	magnitude_g1.00	EX_tchola_e	0.0	1.4423577198570345	0.0	6.840883403924548e-09	0.0	6.272033141786858e-11	1.4423577198570345	6.840883403924548e-09	6.272033141786858e-11	False	True	True	1.4423577130161511	6.77816307250668e-09	first_fixed_B1	0.0	0.0	0.0
RE:786-0	magnitude_g1.00	EX_thr__L_e	-10.0	-1.0272564007096072	-1.027257560961169	-1.0272564007096077	-1.0272564062933909	-1.0272564007096077	8.972743599290393	1.1602515612718634e-06	5.583783213580773e-09	False	True	True	8.972742439038832	1.1546677780582826e-06	first_fixed_B1	0.0	0.0	0.0
RE:786-0	magnitude_g1.00	EX_thym_e	0.0	12.751456104250027	0.0	1.5668069074331456e-08	0.0	7.574030552773564e-11	12.751456104250027	1.5668069074331456e-08	7.574030552773564e-11	False	True	True	12.751456088581957	1.559232876880372e-08	first_fixed_B1	0.0	0.0	0.0
RE:786-0	magnitude_g1.00	EX_thymd_e	0.0	9.041941601195571	0.0	1.0393803015092806e-08	0.0	5.130363217454786e-11	9.041941601195571	1.0393803015092806e-08	5.130363217454786e-11	False	True	True	9.041941590801768	1.0342499382918258e-08	first_fixed_B1	0.0	0.0	0.0
RE:786-0	magnitude_g1.00	EX_ump_e	0.0	6.071678091942398	0.0	7.82095504790941e-09	0.0	6.273983486895673e-11	6.071678091942398	7.82095504790941e-09	6.273983486895673e-11	False	True	True	6.071678084121443	7.758215213040453e-09	first_fixed_B1	0.0	0.0	0.0
RE:786-0	magnitude_g1.00	EX_ura_e	0.0	16.576892935525226	0.0	2.188727903314797e-08	0.0	1.0567779772726945e-10	16.576892935525226	2.188727903314797e-08	1.0567779772726945e-10	False	True	True	16.57689291363795	2.1781601235420702e-08	first_fixed_B1	0.0	0.0	0.0
RE:786-0	magnitude_g1.00	EX_urate_e	0.0	9.751113491485382	0.0	8.90190311711954e-09	0.0	4.916878004973742e-11	9.751113491485382	8.90190311711954e-09	4.916878004973742e-11	False	True	True	9.751113482583479	8.852734337069803e-09	first_fixed_B1	0.0	0.0	0.0
RE:786-0	magnitude_g1.00	EX_uri_e	0.0	10.811017131864451	0.0	1.2524038464340556e-08	0.0	6.053269342430915e-11	10.811017131864451	1.2524038464340556e-08	6.053269342430915e-11	False	True	True	10.811017119340413	1.2463505770916247e-08	first_fixed_B1	0.0	0.0	0.0
RE:786-0	magnitude_g1.00	EX_val__L_e	-10.0	-1.1583926498609252	-1.1583935922379778	-1.158392649860925	-1.158392654414837	-1.158392649860925	8.841607350139075	9.423770528371733e-07	4.553912136273652e-09	False	True	True	8.841606407762022	9.378231407008997e-07	first_fixed_B1	2.220446049250313e-16	0.0	0.0
RE:786-0	magnitude_g1.00	EX_xan_e	0.0	9.751113491485553	0.0	9.155574041844775e-09	0.0	4.629345906012015e-11	9.751113491485553	9.155574041844775e-09	4.629345906012015e-11	False	True	True	9.751113482329979	9.109280582784655e-09	first_fixed_B1	0.0	0.0	0.0
RE:786-0	ordinal	EX_4abut_e	0.0	179.01124760682066	0.0	1.4643378368178567e-07	0.0	2.2026675545985574e-09	179.01124760682066	1.4643378368178567e-07	2.2026675545985574e-09	False	True	True	179.01124746038687	1.4423111612718712e-07	first_fixed_B1	0.0	0.0	0.0
RE:786-0	ordinal	EX_L2aadp_e	0.0	10.926076398774978	0.0	7.185153179567717e-08	0.0	1.0687680253249304e-09	10.926076398774978	7.185153179567717e-08	1.0687680253249304e-09	False	True	True	10.926076326923447	7.078276377035224e-08	first_fixed_B1	0.0	0.0	0.0
RE:786-0	ordinal	EX_Lkynr_e	0.0	8.61390890897742	0.0	3.699955999492631e-08	0.0	5.480289441086411e-10	8.61390890897742	3.699955999492631e-08	5.480289441086411e-10	False	True	True	8.61390887197786	3.645153105081767e-08	first_fixed_B1	0.0	0.0	0.0
RE:786-0	ordinal	EX_ala__L_e	0.0	161.4259027078193	13.676439975027266	13.67645066768732	13.676446668721916	13.676446895963917	161.4259027078193	1.0692660053379655e-05	2.2724200121615468e-07	False	False	True	161.42589201515923	1.04654180521635e-05	first_fixed_B2	0.0	0.0	0.0
RE:786-0	ordinal	EX_anth_e	0.0	8.613908908977418	0.0	3.328413034923374e-08	0.0	4.927656767739285e-10	8.613908908977418	3.328413034923374e-08	4.927656767739285e-10	False	True	True	8.613908875693287	3.279136467245981e-08	first_fixed_B1	0.0	0.0	0.0
RE:786-0	ordinal	EX_cala_e	0.0	16.576892935525144	0.0	1.8910740479976222e-08	0.0	2.8269019576498203e-10	16.576892935525144	1.8910740479976222e-08	2.8269019576498203e-10	False	True	True	16.576892916614405	1.862805028421124e-08	first_fixed_B1	0.0	0.0	0.0
RE:786-0	ordinal	EX_chol_e	-10.0	5.802857235090938	-2.259570530188095	-2.2595697835348503	-2.259569864792132	-2.259569853733424	15.802857235090938	7.46653244565465e-07	1.105870817141863e-08	False	True	True	15.802856488437694	7.355945363940464e-07	first_fixed_B1	0.0	0.0	0.0
RE:786-0	ordinal	EX_cholp_e	0.0	6.071678091942405	0.0	4.851356247260002e-08	0.0	7.214034663382744e-10	6.071678091942405	4.851356247260002e-08	7.214034663382744e-10	False	True	True	6.071678043428843	4.779215900626175e-08	first_fixed_B1	0.0	0.0	0.0
RE:786-0	ordinal	EX_cit_e	0.0	62.319508811365594	0.0	9.821948109086348e-07	0.0	1.4339318974790004e-08	62.319508811365594	9.821948109086348e-07	1.4339318974790004e-08	False	True	True	62.31950782917078	9.678554919338448e-07	first_fixed_B1	0.0	0.0	0.0
RE:786-0	ordinal	EX_cmp_e	0.0	0.0	0.0	0.0	0.0	1.6674082760705852e-10	0.0	0.0	1.6674082760705852e-10	True	True	True	0.0	-1.6674082760705852e-10	already_fixed_B0	0.0	1.6674082760705852e-10	0.0
RE:786-0	ordinal	EX_crn_e	-1.0	-3.3306690738754696e-16	-3.2344620526369994e-07	-2.220446049250313e-16	-4.878309486212322e-09	5.197981006273758e-15	0.9999999999999997	3.2344620504165533e-07	4.878314684193328e-09	False	True	True	0.9999996765537946	3.18567890357462e-07	first_fixed_B1	1.1102230246251565e-16	5.420025611198789e-15	0.0
RE:786-0	ordinal	EX_cytd_e	0.0	10.81101713186418	0.0	1.0636701569499143e-08	0.0	1.6561511894502278e-10	10.81101713186418	1.0636701569499143e-08	1.6561511894502278e-10	False	True	True	10.811017121227477	1.047108645055412e-08	first_fixed_B1	0.0	0.0	0.0
RE:786-0	ordinal	EX_dhap_e	0.0	6.071678091942327	0.0	2.810949753911442e-08	0.0	4.1875706078211415e-10	6.071678091942327	2.810949753911442e-08	4.1875706078211415e-10	False	True	True	6.071678063832829	2.7690740478332306e-08	first_fixed_B1	0.0	0.0	0.0
RE:786-0	ordinal	EX_duri_e	0.0	10.811017131864169	0.0	1.069982345322467e-08	0.0	1.6646306753286567e-10	10.811017131864169	1.069982345322467e-08	1.6646306753286567e-10	False	True	True	10.811017121164346	1.0533360385691805e-08	first_fixed_B1	0.0	0.0	0.0
RE:786-0	ordinal	EX_fum_e	0.0	75.07460134290541	15.583061044745792	15.583068422682581	15.583064549423963	15.583064662935339	75.07460134290541	7.377936789509931e-06	1.1351137629844743e-07	False	True	True	75.07459396496861	7.264425413211484e-06	first_fixed_B1	0.0	0.0	0.0
RE:786-0	ordinal	EX_glcur_e	0.0	18.283735368672726	0.0	3.9224217231334585e-08	0.0	5.804552274175058e-10	18.283735368672726	3.9224217231334585e-08	5.804552274175058e-10	False	True	True	18.283735329448508	3.864376200391708e-08	first_fixed_B1	0.0	0.0	0.0
RE:786-0	ordinal	EX_gln__L_e	-10.0	31.44223233881293	-10.0	-9.999999014945208	-10.0	-9.99999998525892	41.44223233881293	9.850547915135621e-07	1.4741079468194584e-08	False	True	True	41.44223135375814	9.703137120453675e-07	first_fixed_B1	0.0	0.0	0.0
RE:786-0	ordinal	EX_glu__L_e	-10.0	65.07460134290554	-10.0	-9.999999510100793	-10.0	-9.999999992732146	75.07460134290554	4.898992074231501e-07	7.267853874282082e-09	False	True	True	75.07460085300633	4.82631353548868e-07	first_fixed_B1	0.0	0.0	0.0
RE:786-0	ordinal	EX_gly_e	-10.0	136.67340860229442	-10.0	-9.99999869450874	-10.0	-9.999999980412005	146.67340860229442	1.3054912599841373e-06	1.9587995225833765e-08	False	True	True	146.67340729680316	1.2859032647583035e-06	first_fixed_B1	0.0	0.0	0.0
RE:786-0	ordinal	EX_glyald_e	0.0	58.40513229375357	0.0	5.734524422461391e-08	0.0	8.555667302704141e-10	58.40513229375357	5.734524422461391e-08	8.555667302704141e-10	False	True	True	58.40513223640832	5.6489677494343494e-08	first_fixed_B1	0.0	0.0	0.0
RE:786-0	ordinal	EX_glyc3p_e	0.0	6.071678091942406	0.0	2.6478808791069692e-08	0.0	3.947241707590856e-10	6.071678091942406	2.6478808791069692e-08	3.947241707590856e-10	False	True	True	6.071678065463598	2.6084084620310607e-08	first_fixed_B1	0.0	0.0	0.0
RE:786-0	ordinal	EX_hom__L_e	0.0	0.0	0.0	0.0	0.0	0.0	0.0	0.0	0.0	True	True	True	0.0	0.0	already_fixed_B0	0.0	0.0	0.0
RE:786-0	ordinal	EX_hxan_e	0.0	9.75111349148557	0.0	8.686276107363937e-09	0.0	1.5318587842043251e-10	9.75111349148557	8.686276107363937e-09	1.5318587842043251e-10	False	True	True	9.751113482799294	8.533090228943505e-09	first_fixed_B1	0.0	0.0	0.0
RE:786-0	ordinal	EX_icit_e	0.0	62.31950881136539	0.0	6.460573249145825e-07	0.0	9.373673336234253e-09	62.31950881136539	6.460573249145825e-07	9.373673336234253e-09	False	True	True	62.319508165308065	6.366836515783482e-07	first_fixed_B1	0.0	0.0	0.0
RE:786-0	ordinal	EX_ins_e	0.0	7.422489374115851	0.0	6.243267836144742e-09	0.0	1.0181821053275036e-10	7.422489374115851	6.243267836144742e-09	1.0181821053275036e-10	False	True	True	7.422489367872583	6.141449625611992e-09	first_fixed_B1	0.0	0.0	0.0
RE:786-0	ordinal	EX_lac__L_e	-1.0	108.03961591890892	15.715507258532448	15.715538569476957	15.715526117720655	15.71552688726913	109.03961591890892	3.131094450914418e-05	7.695484747216597e-07	False	False	True	109.03958460796441	3.054139603442252e-05	first_fixed_B2	0.0	0.0	0.0
RE:786-0	ordinal	EX_leu__L_e	-10.0	-1.7922337326704607	-1.7922374869904183	-1.7922337326703188	-1.7922337874040928	-1.7922337326704476	8.20776626732954	3.7543200994694104e-06	5.4733645171722856e-08	False	True	True	8.20776251300944	3.6995864542976875e-06	first_fixed_B1	1.41886502547095e-13	0.0	1.3322676295501878e-14
RE:786-0	ordinal	EX_lys__L_e	-10.0	-1.9452265708841594	-10.0	-5.258481797209637	-10.0	-5.258481797331189	8.05477342911584	4.741518202790363	4.741518202668811	False	False	False	3.3132552263254773	1.2155254580648034e-10	still_variable_B2	0.0	0.0	0.0
RE:786-0	ordinal	EX_mal__L_e	0.0	69.54957388179433	0.0	5.657918104946351e-07	0.0	8.355922359192516e-09	69.54957388179433	5.657918104946351e-07	8.355922359192516e-09	False	True	True	69.54957331600252	5.574358881354426e-07	first_fixed_B1	0.0	0.0	0.0
RE:786-0	ordinal	EX_met__L_e	-10.0	-0.5026982632120802	-6.802577384922177	-6.802558598573875	-6.802566069544155	-6.802565607894714	9.49730173678792	1.8786348301880196e-05	4.6164944134119423e-07	False	False	True	9.497282950439619	1.8324698860539e-05	first_fixed_B2	0.0	0.0	0.0
RE:786-0	ordinal	EX_nac_e	0.0	12.871302969659153	0.0	1.3822812706550598e-07	0.0	2.0506179753349662e-09	12.871302969659153	1.3822812706550598e-07	2.0506179753349662e-09	False	True	True	12.871302831431025	1.36177509090171e-07	first_fixed_B1	0.0	0.0	0.0
RE:786-0	ordinal	EX_ncam_e	-10.0	0.0	-8.613299990803172e-07	1.823928927931589e-13	-1.2683573315993373e-08	-1.139495517830868e-13	10.0	8.6133018147321e-07	1.268345936644159e-08	False	True	True	9.999999138669818	8.486467221067684e-07	first_fixed_B1	1.823928927931589e-13	0.0	1.139495517830868e-13
RE:786-0	ordinal	EX_orn_e	0.0	75.07460134290598	0.0	2.4809995627713404e-07	0.0	3.743280901154647e-09	75.07460134290598	2.4809995627713404e-07	3.743280901154647e-09	False	True	True	75.07460109480603	2.443566753759794e-07	first_fixed_B1	0.0	0.0	0.0
RE:786-0	ordinal	EX_orot_e	0.0	16.576892935524832	0.0	2.2903878705126615e-08	0.0	3.4035007849863696e-10	16.576892935524832	2.2903878705126615e-08	3.4035007849863696e-10	False	True	True	16.576892912620952	2.2563528626627978e-08	first_fixed_B1	0.0	0.0	0.0
RE:786-0	ordinal	EX_phe__L_e	-10.0	-0.8524036882104262	-10.0	-9.9999974577236	-10.0	-9.999999953612921	9.147596311789574	2.54227640006377e-06	4.638707906678974e-08	False	True	True	9.147593769513174	2.49588932099698e-06	first_fixed_B1	0.0	0.0	0.0
RE:786-0	ordinal	EX_pro__L_e	-10.0	73.71949939148276	-1.355104215962456	-1.3551017792697349	-1.3551019848627446	-1.3551019488283675	83.71949939148276	2.4366927211527667e-06	3.6034377037807985e-08	False	True	True	83.71949695479003	2.4006583441149587e-06	first_fixed_B1	0.0	0.0	0.0
RE:786-0	ordinal	EX_sbt__D_e	0.0	0.0	0.0	0.0	0.0	0.0	0.0	0.0	0.0	True	True	True	0.0	0.0	already_fixed_B0	0.0	0.0	0.0
RE:786-0	ordinal	EX_ser__L_e	-10.0	57.23433743957334	-10.0	-9.999999935283794	-10.0	-9.999999999036037	67.23433743957334	6.471620572767733e-08	9.639631315394581e-10	False	True	True	67.23433737485713	6.375224259613788e-08	first_fixed_B1	0.0	0.0	0.0
RE:786-0	ordinal	EX_sprm_e	0.0	3.3387831585264007	0.0	4.532349776569468e-09	0.0	6.740860479612587e-11	3.3387831585264007	4.532349776569468e-09	6.740860479612587e-11	False	True	True	3.338783153994051	4.464941171773343e-09	first_fixed_B1	0.0	0.0	0.0
RE:786-0	ordinal	EX_srtn_e	0.0	8.61390890897742	0.0	3.507763968518372e-08	0.0	5.19491841607239e-10	8.61390890897742	3.507763968518372e-08	5.19491841607239e-10	False	True	True	8.61390887389978	3.455814784357648e-08	first_fixed_B1	0.0	0.0	0.0
RE:786-0	ordinal	EX_succ_e	0.0	115.44565627115217	12.610142387005556	12.610153079699746	12.61014615877995	12.610146385990902	115.44565627115217	1.0692694189629037e-05	2.272109522749588e-07	False	False	True	115.44564557845798	1.0465483237354078e-05	first_fixed_B2	0.0	0.0	0.0
RE:786-0	ordinal	EX_taur_e	0.0	16.909696464552468	0.0	2.9824311721177006e-08	0.0	4.416331998621704e-10	16.909696464552468	2.9824311721177006e-08	4.416331998621704e-10	False	True	True	16.909696434728158	2.9382678521314837e-08	first_fixed_B1	0.0	0.0	0.0
RE:786-0	ordinal	EX_tchola_e	0.0	1.4423577198570345	0.0	6.507890604829224e-09	0.0	2.0099305144750415e-10	1.4423577198570345	6.507890604829224e-09	2.0099305144750415e-10	False	True	True	1.4423577133491439	6.30689755338172e-09	first_fixed_B1	0.0	0.0	0.0
RE:786-0	ordinal	EX_thr__L_e	-10.0	-1.0272564007096072	-1.0272586652356315	-1.0272564007096074	-1.02725643416251	-1.0272564007096077	8.972743599290393	2.26452602403171e-06	3.345290222611652e-08	False	True	True	8.972741334764368	2.2310731218055935e-06	first_fixed_B1	0.0	0.0	0.0
RE:786-0	ordinal	EX_thym_e	0.0	12.751456104250027	0.0	1.370161979729847e-08	0.0	2.037075444450689e-10	12.751456104250027	1.370161979729847e-08	2.037075444450689e-10	False	True	True	12.751456090548407	1.3497912252853401e-08	first_fixed_B1	0.0	0.0	0.0
RE:786-0	ordinal	EX_thymd_e	0.0	9.041941601195571	0.0	8.767216640376753e-09	0.0	1.3463216134629302e-10	9.041941601195571	8.767216640376753e-09	1.3463216134629302e-10	False	True	True	9.041941592428355	8.63258447903046e-09	first_fixed_B1	0.0	0.0	0.0
RE:786-0	ordinal	EX_ump_e	0.0	6.071678091942398	0.0	6.96747803487485e-09	0.0	1.63628708689652e-10	6.071678091942398	6.96747803487485e-09	1.63628708689652e-10	False	True	True	6.07167808497492	6.803849326185198e-09	first_fixed_B1	0.0	0.0	0.0
RE:786-0	ordinal	EX_ura_e	0.0	16.576892935525226	0.0	2.0134892633674986e-08	0.0	2.9918728281662723e-10	16.576892935525226	2.0134892633674986e-08	2.9918728281662723e-10	False	True	True	16.576892915390335	1.983570535085836e-08	first_fixed_B1	0.0	0.0	0.0
RE:786-0	ordinal	EX_urate_e	0.0	9.751113491485382	0.0	8.31540494413113e-09	0.0	1.4212978619630694e-10	9.751113491485382	8.31540494413113e-09	1.4212978619630694e-10	False	True	True	9.751113483169977	8.173275157934823e-09	first_fixed_B1	0.0	0.0	0.0
RE:786-0	ordinal	EX_uri_e	0.0	10.811017131864451	0.0	1.0639249598952752e-08	0.0	1.58252757332292e-10	10.811017131864451	1.0639249598952752e-08	1.58252757332292e-10	False	True	True	10.811017121225202	1.048099684162046e-08	first_fixed_B1	0.0	0.0	0.0
RE:786-0	ordinal	EX_val__L_e	-10.0	-1.1583926498609252	-1.1583941595629248	-1.158392649860925	-1.1583926721569124	-1.158392649860925	8.841607350139075	1.509701999857782e-06	2.2295987500697834e-08	False	True	True	8.841605840437076	1.4874060123570843e-06	first_fixed_B1	2.220446049250313e-16	0.0	8.814726726313893e-12
RE:786-0	ordinal	EX_xan_e	0.0	9.751113491485553	0.0	8.606487652289239e-09	0.0	1.2782485964512901e-10	9.751113491485553	8.606487652289239e-09	1.2782485964512901e-10	False	True	True	9.751113482879065	8.47866279264411e-09	first_fixed_B1	0.0	0.0	0.0
RE:UO-31	ordinal	EX_4abut_e	0.0	179.01124760682066	0.0	1.401306775723403e-07	0.0	5.258609244967986e-09	179.01124760682066	1.401306775723403e-07	5.258609244967986e-09	False	True	True	179.01124746668998	1.348720683273723e-07	first_fixed_B1	0.0	0.0	0.0
RE:UO-31	ordinal	EX_L2aadp_e	0.0	10.926076398774978	0.0	7.12278744520563e-08	0.0	2.7071117650974647e-09	10.926076398774978	7.12278744520563e-08	2.7071117650974647e-09	False	True	True	10.926076327547102	6.852076268695883e-08	first_fixed_B1	0.0	0.0	0.0
RE:UO-31	ordinal	EX_Lkynr_e	0.0	8.61390890897742	0.0	4.652041206340396e-08	0.0	1.7851920052876902e-09	8.61390890897742	4.652041206340396e-08	1.7851920052876902e-09	False	True	True	8.613908862457007	4.473522005811627e-08	first_fixed_B1	0.0	0.0	0.0
RE:UO-31	ordinal	EX_ala__L_e	0.0	161.4259027078193	13.052112792130435	13.052123731229392	13.052117117318268	13.052118856502727	161.4259027078193	1.093909895644174e-05	1.7391844586711613e-06	False	False	True	161.42589176872033	9.199914497770578e-06	first_fixed_B2	0.0	0.0	0.0
RE:UO-31	ordinal	EX_anth_e	0.0	8.613908908977418	0.0	4.0774052395740505e-08	0.0	1.5556188305071604e-09	8.613908908977418	4.0774052395740505e-08	1.5556188305071604e-09	False	True	True	8.613908868203366	3.921843356523335e-08	first_fixed_B1	0.0	0.0	0.0
RE:UO-31	ordinal	EX_cala_e	0.0	16.576892935525144	0.0	2.0095237393710534e-08	0.0	7.611869394610388e-10	16.576892935525144	2.0095237393710534e-08	7.611869394610388e-10	False	True	True	16.57689291542991	1.9334050454249495e-08	first_fixed_B1	0.0	0.0	0.0
RE:UO-31	ordinal	EX_chol_e	-10.0	5.802857235090938	-2.259570432324891	-2.2595697663204786	-2.2595698763794343	-2.2595698514430835	15.802857235090938	6.660044125084141e-07	2.4936350762061466e-08	False	True	True	15.802856569086526	6.410680617463527e-07	first_fixed_B1	0.0	0.0	0.0
RE:UO-31	ordinal	EX_cholp_e	0.0	6.071678091942405	0.0	4.951507235186958e-08	0.0	1.8664664402001024e-09	6.071678091942405	4.951507235186958e-08	1.8664664402001024e-09	False	True	True	6.071678042427333	4.764860591166948e-08	first_fixed_B1	0.0	0.0	0.0
RE:UO-31	ordinal	EX_cit_e	0.0	62.319508811365594	0.0	1.980589206140337e-06	0.0	7.352290950978439e-08	62.319508811365594	1.980589206140337e-06	7.352290950978439e-08	False	True	True	62.31950683077639	1.9070662966305526e-06	first_fixed_B1	0.0	0.0	0.0
RE:UO-31	ordinal	EX_cmp_e	0.0	0.0	0.0	0.0	0.0	0.0	0.0	0.0	0.0	True	True	True	0.0	0.0	already_fixed_B0	0.0	0.0	0.0
RE:UO-31	ordinal	EX_crn_e	-1.0	-3.3306690738754696e-16	-4.3099091617815333e-07	-1.1324274851176597e-14	-1.6546849382206178e-08	-3.506423230577623e-15	0.9999999999999997	4.309909048538785e-07	1.654684587578295e-08	False	True	True	0.9999995690090948	4.144440589780955e-07	first_fixed_B1	0.0	7.817851620598973e-15	1.1354354014287833e-14
RE:UO-31	ordinal	EX_cytd_e	0.0	10.81101713186418	0.0	1.1125873583885312e-08	0.0	4.240107743073901e-10	10.81101713186418	1.1125873583885312e-08	4.240107743073901e-10	False	True	True	10.811017120738306	1.070186280957792e-08	first_fixed_B1	0.0	0.0	0.0
RE:UO-31	ordinal	EX_dhap_e	0.0	6.071678091942327	0.0	2.9375807706026558e-08	0.0	1.112992179615717e-09	6.071678091942327	2.9375807706026558e-08	1.112992179615717e-09	False	True	True	6.071678062566519	2.826281552641084e-08	first_fixed_B1	0.0	0.0	0.0
RE:UO-31	ordinal	EX_duri_e	0.0	10.811017131864169	0.0	1.12141411769415e-08	0.0	4.2608323125594064e-10	10.811017131864169	1.12141411769415e-08	4.2608323125594064e-10	False	True	True	10.811017120650028	1.078805794568556e-08	first_fixed_B1	0.0	0.0	0.0
RE:UO-31	ordinal	EX_fum_e	0.0	75.07460134290541	16.434307299794117	16.434331897312116	16.434330077978725	16.434331897274916	75.07460134290541	2.459751799932519e-05	1.819296191030162e-06	False	False	True	75.07457674538742	2.277822180829503e-05	first_fixed_B2	0.0	0.0	0.0
RE:UO-31	ordinal	EX_glcur_e	0.0	18.283735368672726	0.0	4.9974275241982655e-08	0.0	1.9091120724117954e-09	18.283735368672726	4.9974275241982655e-08	1.9091120724117954e-09	False	True	True	18.28373531869845	4.806516316957086e-08	first_fixed_B1	0.0	0.0	0.0
RE:UO-31	ordinal	EX_gln__L_e	-10.0	31.44223233881293	-10.0	-9.999999313908384	-10.0	-9.999999973086563	41.44223233881293	6.860916155204677e-07	2.6913436812492364e-08	False	True	True	41.44223165272131	6.591781787079753e-07	first_fixed_B1	0.0	0.0	0.0
RE:UO-31	ordinal	EX_glu__L_e	-10.0	65.07460134290554	-10.0	-9.9999995237915	-10.0	-9.999999982084917	75.07460134290554	4.7620850018859073e-07	1.791508275061915e-08	False	True	True	75.07460086669704	4.582934174379716e-07	first_fixed_B1	0.0	0.0	0.0
RE:UO-31	ordinal	EX_gly_e	-10.0	136.67340860229442	-10.0	-9.999997085013808	-10.0	-9.999999881304454	146.67340860229442	2.9149861919819386e-06	1.1869554583654462e-07	False	True	True	146.67340568730822	2.796290646145394e-06	first_fixed_B1	0.0	0.0	0.0
RE:UO-31	ordinal	EX_glyald_e	0.0	58.40513229375357	0.0	6.108275926487032e-08	0.0	2.3256967109746264e-09	58.40513229375357	6.108275926487032e-08	2.3256967109746264e-09	False	True	True	58.40513223267081	5.875706255389569e-08	first_fixed_B1	0.0	0.0	0.0
RE:UO-31	ordinal	EX_glyc3p_e	0.0	6.071678091942406	0.0	2.767944129202428e-08	0.0	1.0467419571083384e-09	6.071678091942406	2.767944129202428e-08	1.0467419571083384e-09	False	True	True	6.071678064262965	2.663269933491594e-08	first_fixed_B1	0.0	0.0	0.0
RE:UO-31	ordinal	EX_hom__L_e	0.0	0.0	0.0	0.0	0.0	0.0	0.0	0.0	0.0	True	True	True	0.0	0.0	already_fixed_B0	0.0	0.0	0.0
RE:UO-31	ordinal	EX_hxan_e	0.0	9.75111349148557	0.0	9.046874046436916e-09	0.0	3.427129123400732e-10	9.75111349148557	9.046874046436916e-09	3.427129123400732e-10	False	True	True	9.751113482438697	8.704161134096843e-09	first_fixed_B1	0.0	0.0	0.0
RE:UO-31	ordinal	EX_icit_e	0.0	62.31950881136539	0.0	5.790893078562825e-07	0.0	2.1359342730283553e-08	62.31950881136539	5.790893078562825e-07	2.1359342730283553e-08	False	True	True	62.31950823227608	5.577299651259989e-07	first_fixed_B1	0.0	0.0	0.0
RE:UO-31	ordinal	EX_ins_e	0.0	7.422489374115851	0.0	6.52498500053237e-09	0.0	2.4740062958329273e-10	7.422489374115851	6.52498500053237e-09	2.4740062958329273e-10	False	True	True	7.422489367590866	6.277584370949078e-09	first_fixed_B1	0.0	0.0	0.0
RE:UO-31	ordinal	EX_lac__L_e	-1.0	108.03961591890892	16.197886318239036	16.197904884713072	16.19789425264459	16.197897167578194	109.03961591890892	1.8566474036418867e-05	2.914933602937708e-06	False	False	True	109.03959735243488	1.565154043348116e-05	first_fixed_B2	0.0	0.0	0.0
RE:UO-31	ordinal	EX_leu__L_e	-10.0	-1.7922337326704607	-1.792240916797026	-1.7922337326704392	-1.792233972152279	-1.7922337326704438	8.20776626732954	7.184126586734507e-06	2.394818352513539e-07	False	True	True	8.207759083202953	6.944644751483153e-06	first_fixed_B1	2.1538326677728037e-14	0.0	1.354472090042691e-14
RE:UO-31	ordinal	EX_lys__L_e	-10.0	-1.9452265708841594	-10.0	-5.078311499109934	-10.0	-5.078311499092896	8.05477342911584	4.921688500890066	4.921688500907104	False	False	False	3.1330849282257747	-1.7037926625107502e-11	still_variable_B2	0.0	1.7037926625107502e-11	0.0
RE:UO-31	ordinal	EX_mal__L_e	0.0	69.54957388179433	0.0	6.378288454771197e-07	0.0	2.3412608498025495e-08	69.54957388179433	6.378288454771197e-07	2.3412608498025495e-08	False	True	True	69.54957324396548	6.144162369790942e-07	first_fixed_B1	0.0	0.0	0.0
RE:UO-31	ordinal	EX_met__L_e	-10.0	-0.5026982632120802	-8.32230141042328	-8.322276813017172	-8.322301410426219	-8.322299589805422	9.49730173678792	2.4597406108384234e-05	1.8206207972326638e-06	False	False	True	9.497277139381811	2.277678531115157e-05	first_fixed_B2	0.0	2.9380942123680143e-12	0.0
RE:UO-31	ordinal	EX_nac_e	0.0	12.871302969659153	0.0	1.437476482774072e-07	0.0	5.357137221397701e-09	12.871302969659153	1.437476482774072e-07	5.357137221397701e-09	False	True	True	12.871302825911505	1.383905110560095e-07	first_fixed_B1	0.0	0.0	0.0
RE:UO-31	ordinal	EX_ncam_e	-10.0	0.0	-8.535976272348251e-07	8.63149002811004e-13	-3.133562024064902e-08	-8.319581660538831e-25	10.0	8.535984903838279e-07	3.133562024064902e-08	False	True	True	9.99999914640151	8.222628701431789e-07	first_fixed_B1	8.63149002811004e-13	0.0	8.319581660538831e-25
RE:UO-31	ordinal	EX_orn_e	0.0	75.07460134290598	0.0	2.2368881134180153e-07	0.0	8.438935540213835e-09	75.07460134290598	2.2368881134180153e-07	8.438935540213835e-09	False	True	True	75.07460111921716	2.152498758015877e-07	first_fixed_B1	0.0	0.0	0.0
RE:UO-31	ordinal	EX_orot_e	0.0	16.576892935524832	0.0	2.3709030078155462e-08	0.0	8.984888777095049e-10	16.576892935524832	2.3709030078155462e-08	8.984888777095049e-10	False	True	True	16.5768929118158	2.2810541200445957e-08	first_fixed_B1	0.0	0.0	0.0
RE:UO-31	ordinal	EX_phe__L_e	-10.0	-0.8524036882104262	-8.682805113815158	-8.682734715392177	-8.682739924468164	-8.682734715350195	9.147596311789574	7.039842298084409e-05	5.209117968973942e-06	False	False	True	9.147525913366593	6.518930501187015e-05	first_fixed_B2	0.0	4.198241754238552e-11	0.0
RE:UO-31	ordinal	EX_pro__L_e	-10.0	73.71949939148276	-1.3551054706352592	-1.3551018064475149	-1.3551020779202836	-1.355101945914949	83.71949939148276	3.664187744334413e-06	1.3200533466317665e-07	False	True	True	83.71949572729501	3.532182409671236e-06	first_fixed_B1	0.0	0.0	0.0
RE:UO-31	ordinal	EX_sbt__D_e	0.0	0.0	0.0	0.0	0.0	0.0	0.0	0.0	0.0	True	True	True	0.0	0.0	already_fixed_B0	0.0	0.0	0.0
RE:UO-31	ordinal	EX_ser__L_e	-10.0	57.23433743957334	-10.0	-9.999999931428942	-10.0	-9.999999997376825	67.23433743957334	6.857105816493458e-08	2.6231745664517803e-09	False	True	True	67.23433737100228	6.59478835984828e-08	first_fixed_B1	0.0	0.0	0.0
RE:UO-31	ordinal	EX_sprm_e	0.0	3.3387831585264007	0.0	4.939978229416169e-09	0.0	1.9066616773178212e-10	3.3387831585264007	4.939978229416169e-09	1.9066616773178212e-10	False	True	True	3.3387831535864225	4.749312061684387e-09	first_fixed_B1	0.0	0.0	0.0
RE:UO-31	ordinal	EX_srtn_e	0.0	8.61390890897742	0.0	4.616342911615591e-08	0.0	1.758340641691925e-09	8.61390890897742	4.616342911615591e-08	1.758340641691925e-09	False	True	True	8.613908862813991	4.4405088474463985e-08	first_fixed_B1	0.0	0.0	0.0
RE:UO-31	ordinal	EX_succ_e	0.0	115.44565627115217	13.58776029400518	13.587796156466288	13.587791385835288	13.587793967776232	115.44565627115217	3.5862461107427634e-05	2.5819409437133345e-06	False	False	True	115.44562040869107	3.32805201637143e-05	first_fixed_B2	0.0	0.0	0.0
RE:UO-31	ordinal	EX_taur_e	0.0	16.909696464552468	0.0	3.4531208254249625e-08	0.0	1.3158160287772972e-09	16.909696464552468	3.4531208254249625e-08	1.3158160287772972e-09	False	True	True	16.90969643002126	3.3215392225472325e-08	first_fixed_B1	0.0	0.0	0.0
RE:UO-31	ordinal	EX_tchola_e	0.0	1.4423577198570345	0.0	7.666910150912728e-09	0.0	2.9911653279164063e-10	1.4423577198570345	7.666910150912728e-09	2.9911653279164063e-10	False	True	True	1.4423577121901243	7.367793618121088e-09	first_fixed_B1	0.0	0.0	0.0
RE:UO-31	ordinal	EX_thr__L_e	-10.0	-1.0272564007096072	-1.0272599199094499	-1.0272564007096077	-1.0272565271891574	-1.0272564007096077	8.972743599290393	3.5191998422057225e-06	1.264795497224469e-07	False	True	True	8.972740080090551	3.3927202924832756e-06	first_fixed_B1	0.0	0.0	0.0
RE:UO-31	ordinal	EX_thym_e	0.0	12.751456104250027	0.0	1.4259141979589257e-08	0.0	5.431351945183897e-10	12.751456104250027	1.4259141979589257e-08	5.431351945183897e-10	False	True	True	12.751456089990885	1.3716006785070866e-08	first_fixed_B1	0.0	0.0	0.0
RE:UO-31	ordinal	EX_thymd_e	0.0	9.041941601195571	0.0	9.161219806074812e-09	0.0	3.484729015237578e-10	9.041941601195571	9.161219806074812e-09	3.484729015237578e-10	False	True	True	9.041941592034352	8.812746904551055e-09	first_fixed_B1	0.0	0.0	0.0
RE:UO-31	ordinal	EX_ump_e	0.0	6.071678091942398	0.0	7.247187797058566e-09	0.0	2.7465212458486026e-10	6.071678091942398	7.247187797058566e-09	2.7465212458486026e-10	False	True	True	6.07167808469521	6.972535672473706e-09	first_fixed_B1	0.0	0.0	0.0
RE:UO-31	ordinal	EX_ura_e	0.0	16.576892935525226	0.0	2.1088127087977968e-08	0.0	8.025930893319483e-10	16.576892935525226	2.1088127087977968e-08	8.025930893319483e-10	False	True	True	16.5768929144371	2.028553399864602e-08	first_fixed_B1	0.0	0.0	0.0
RE:UO-31	ordinal	EX_urate_e	0.0	9.751113491485382	0.0	8.61045206608336e-09	0.0	3.3079111032153315e-10	9.751113491485382	8.61045206608336e-09	3.3079111032153315e-10	False	True	True	9.75111348287493	8.279660955761828e-09	first_fixed_B1	0.0	0.0	0.0
RE:UO-31	ordinal	EX_uri_e	0.0	10.811017131864451	0.0	1.1119002183516063e-08	0.0	4.230648178475335e-10	10.811017131864451	1.1119002183516063e-08	4.230648178475335e-10	False	True	True	10.811017120745449	1.0695937365668529e-08	first_fixed_B1	0.0	0.0	0.0
RE:UO-31	ordinal	EX_val__L_e	-10.0	-1.1583926498609252	-1.1583949960479112	-1.158392649860925	-1.158392734200353	-1.158392649860925	8.841607350139075	2.3461869862462237e-06	8.433942810803785e-08	False	True	True	8.841605003952088	2.261847558138186e-06	first_fixed_B1	2.220446049250313e-16	0.0	0.0
RE:UO-31	ordinal	EX_xan_e	0.0	9.751113491485553	0.0	8.928669039117269e-09	0.0	3.3826180157446766e-10	9.751113491485553	8.928669039117269e-09	3.3826180157446766e-10	False	True	True	9.751113482556883	8.590407237542802e-09	first_fixed_B1	0.0	0.0	0.0
RE:UO-31	magnitude_g1.00	EX_4abut_e	0.0	179.01124760682066	0.0	2.5964171205303234e-07	0.0	1.721631231411211e-09	179.01124760682066	2.5964171205303234e-07	1.721631231411211e-09	False	True	True	179.01124734717894	2.579200808216211e-07	first_fixed_B1	0.0	0.0	0.0
RE:UO-31	magnitude_g1.00	EX_L2aadp_e	0.0	10.926076398774978	0.0	9.388230166401897e-08	0.0	6.206270440213243e-10	10.926076398774978	9.388230166401897e-08	6.206270440213243e-10	False	True	True	10.926076304892677	9.326167461999765e-08	first_fixed_B1	0.0	0.0	0.0
RE:UO-31	magnitude_g1.00	EX_Lkynr_e	0.0	8.61390890897742	0.0	4.100059976662349e-08	0.0	2.819512435935536e-10	8.61390890897742	4.100059976662349e-08	2.819512435935536e-10	False	True	True	8.61390886797682	4.071864852302994e-08	first_fixed_B1	0.0	0.0	0.0
RE:UO-31	magnitude_g1.00	EX_ala__L_e	0.0	161.4259027078193	11.429734562299405	11.429745716734422	11.429741391040023	11.429741493264032	161.4259027078193	1.1154435016536013e-05	1.0222400881332305e-07	False	False	True	161.42589155338428	1.105221100772269e-05	first_fixed_B2	0.0	0.0	0.0
RE:UO-31	magnitude_g1.00	EX_anth_e	0.0	8.613908908977418	0.0	3.589782958297366e-08	0.0	2.35377321263774e-10	8.613908908977418	3.589782958297366e-08	2.35377321263774e-10	False	True	True	8.61390887307959	3.5662452261709884e-08	first_fixed_B1	0.0	0.0	0.0
RE:UO-31	magnitude_g1.00	EX_cala_e	0.0	16.576892935525144	0.0	2.0373072701161472e-08	0.0	1.3399770541489763e-10	16.576892935525144	2.0373072701161472e-08	1.3399770541489763e-10	False	True	True	16.576892915152072	2.0239074995746575e-08	first_fixed_B1	0.0	0.0	0.0
RE:UO-31	magnitude_g1.00	EX_chol_e	-10.0	5.802857235090938	-2.259570783968674	-2.259569747293193	-2.259569860883574	-2.2595698540864873	15.802857235090938	1.0366754810142709e-06	6.7970868933286965e-09	False	True	True	15.802856198415457	1.0298783941209422e-06	first_fixed_B1	0.0	0.0	0.0
RE:UO-31	magnitude_g1.00	EX_cholp_e	0.0	6.071678091942405	0.0	5.240022736510344e-08	0.0	3.4510268895775575e-10	6.071678091942405	5.240022736510344e-08	3.4510268895775575e-10	False	True	True	6.071678039542178	5.205512467614569e-08	first_fixed_B1	0.0	0.0	0.0
RE:UO-31	magnitude_g1.00	EX_cit_e	0.0	62.319508811365594	0.0	1.6360865266590276e-06	0.0	1.0769269771455129e-08	62.319508811365594	1.6360865266590276e-06	1.0769269771455129e-08	False	True	True	62.31950717527907	1.6253172568875724e-06	first_fixed_B1	0.0	0.0	0.0
RE:UO-31	magnitude_g1.00	EX_cmp_e	0.0	0.0	0.0	0.0	0.0	8.481905619880103e-11	0.0	0.0	8.481905619880103e-11	True	True	True	0.0	-8.481905619880103e-11	already_fixed_B0	0.0	8.481905619880103e-11	0.0
RE:UO-31	magnitude_g1.00	EX_crn_e	-1.0	-3.3306690738754696e-16	-1.1912561860283333e-06	1.1102230246251565e-15	-8.132021921437211e-09	1.641333306595311e-15	0.9999999999999997	1.1912561871385563e-06	8.132023562770517e-09	False	True	True	0.9999988087438125	1.1831241635757857e-06	first_fixed_B1	1.4432899320127035e-15	5.311102819701545e-16	4.638526804940488e-16
RE:UO-31	magnitude_g1.00	EX_cytd_e	0.0	10.81101713186418	0.0	1.2167381861708234e-08	0.0	8.37645438132197e-11	10.81101713186418	1.2167381861708234e-08	8.37645438132197e-11	False	True	True	10.811017119696798	1.2083617317895015e-08	first_fixed_B1	0.0	0.0	0.0
RE:UO-31	magnitude_g1.00	EX_dhap_e	0.0	6.071678091942327	0.0	3.4224171403209865e-08	0.0	2.2532565491487957e-10	6.071678091942327	3.4224171403209865e-08	2.2532565491487957e-10	False	True	True	6.071678057718156	3.3998845748294984e-08	first_fixed_B1	0.0	0.0	0.0
RE:UO-31	magnitude_g1.00	EX_duri_e	0.0	10.811017131864169	0.0	1.2290154138949305e-08	0.0	8.445194500323188e-11	10.811017131864169	1.2290154138949305e-08	8.445194500323188e-11	False	True	True	10.811017119574014	1.2205702193946073e-08	first_fixed_B1	0.0	0.0	0.0
RE:UO-31	magnitude_g1.00	EX_fum_e	0.0	75.07460134290541	15.947903201291137	15.948022872154514	15.947903201878724	15.94790472253966	75.07460134290541	0.00011967086337705268	1.5206609358386913e-06	False	False	True	75.07448167204203	0.00011815020244121399	first_fixed_B2	0.0	0.0	0.0
RE:UO-31	magnitude_g1.00	EX_glcur_e	0.0	18.283735368672726	0.0	3.8811984320569266e-08	0.0	2.5411214711191924e-10	18.283735368672726	3.8811984320569266e-08	2.5411214711191924e-10	False	True	True	18.283735329860743	3.8557872173457345e-08	first_fixed_B1	0.0	0.0	0.0
RE:UO-31	magnitude_g1.00	EX_gln__L_e	-10.0	31.44223233881293	-10.0	-9.999998971128301	-10.0	-9.999999993257937	41.44223233881293	1.028871698949274e-06	6.742062907960644e-09	False	True	True	41.44223130994123	1.0221296360413135e-06	first_fixed_B1	0.0	0.0	0.0
RE:UO-31	magnitude_g1.00	EX_glu__L_e	-10.0	65.07460134290554	-10.0	-9.999999365499152	-10.0	-9.999999995821394	75.07460134290554	6.345008483066295e-07	4.1786059057358216e-09	False	True	True	75.07460070840469	6.303222424008936e-07	first_fixed_B1	0.0	0.0	0.0
RE:UO-31	magnitude_g1.00	EX_gly_e	-10.0	136.67340860229442	-6.755256780861086	-6.755241591343647	-6.7552483340277005	-6.755248181249122	146.67340860229442	1.5189517439395672e-05	1.5277857823292607e-07	False	False	True	146.673393412777	1.5036738861162746e-05	first_fixed_B2	0.0	0.0	0.0
RE:UO-31	magnitude_g1.00	EX_glyald_e	0.0	58.40513229375357	0.0	8.243752864256066e-08	0.0	5.427696741013472e-10	58.40513229375357	8.243752864256066e-08	5.427696741013472e-10	False	True	True	58.40513221131604	8.18947589684593e-08	first_fixed_B1	0.0	0.0	0.0
RE:UO-31	magnitude_g1.00	EX_glyc3p_e	0.0	6.071678091942406	0.0	3.336104773568825e-08	0.0	2.3356600395199167e-10	6.071678091942406	3.336104773568825e-08	2.3356600395199167e-10	False	True	True	6.071678058581358	3.312748173173626e-08	first_fixed_B1	0.0	0.0	0.0
RE:UO-31	magnitude_g1.00	EX_hom__L_e	0.0	0.0	0.0	0.0	0.0	0.0	0.0	0.0	0.0	True	True	True	0.0	0.0	already_fixed_B0	0.0	0.0	0.0
RE:UO-31	magnitude_g1.00	EX_hxan_e	0.0	9.75111349148557	0.0	9.161400333561851e-09	0.0	7.078701509331316e-11	9.75111349148557	9.161400333561851e-09	7.078701509331316e-11	False	True	True	9.75111348232417	9.090613318468539e-09	first_fixed_B1	0.0	0.0	0.0
RE:UO-31	magnitude_g1.00	EX_icit_e	0.0	62.31950881136539	0.0	5.471679666376455e-07	0.0	3.599162335563733e-09	62.31950881136539	5.471679666376455e-07	3.599162335563733e-09	False	True	True	62.319508264197424	5.435688043020818e-07	first_fixed_B1	0.0	0.0	0.0
RE:UO-31	magnitude_g1.00	EX_ins_e	0.0	7.422489374115851	0.0	6.95651642325037e-09	0.0	4.943657118240095e-11	7.422489374115851	6.95651642325037e-09	4.943657118240095e-11	False	True	True	7.422489367159335	6.907079852067969e-09	first_fixed_B1	0.0	0.0	0.0
RE:UO-31	magnitude_g1.00	EX_lac__L_e	-1.0	108.03961591890892	10.98002932238416	10.980147385457766	10.980029322321554	10.980030903035214	109.03961591890892	0.00011806307360551216	1.5807136595213933e-06	False	False	True	109.03949785583532	0.00011648235994599077	first_fixed_B2	0.0	6.260592044782243e-11	0.0
RE:UO-31	magnitude_g1.00	EX_leu__L_e	-10.0	-1.7922337326704607	-1.792235173465586	-1.7922337326704485	-1.792233741813542	-1.7922337326704472	8.20776626732954	1.4407951374195704e-06	9.143094725772016e-09	False	True	True	8.207764826534401	1.4316520426937984e-06	first_fixed_B1	1.2212453270876722e-14	1.3322676295501878e-15	1.3766765505351941e-14
RE:UO-31	magnitude_g1.00	EX_lys__L_e	-10.0	-1.9452265708841594	-1.9452336124117735	-1.9452265708841492	-1.9452266139666983	-1.9452265708841623	8.05477342911584	7.041527624318533e-06	4.308253598317435e-08	False	True	True	8.054766387588217	6.998445088335359e-06	first_fixed_B1	1.021405182655144e-14	0.0	0.0
RE:UO-31	magnitude_g1.00	EX_mal__L_e	0.0	69.54957388179433	0.0	1.1626967410017644e-06	0.0	7.696201808823089e-09	69.54957388179433	1.1626967410017644e-06	7.696201808823089e-09	False	True	True	69.54957271909758	1.1550005391929413e-06	first_fixed_B1	0.0	0.0	0.0
RE:UO-31	magnitude_g1.00	EX_met__L_e	-10.0	-0.5026982632120802	-3.563982882771134	-3.563948706394487	-3.563968055503791	-3.5639677115557102	9.49730173678792	3.417637664737683e-05	3.439480806832762e-07	False	False	True	9.497267560411272	3.383242856669355e-05	first_fixed_B2	0.0	0.0	0.0
RE:UO-31	magnitude_g1.00	EX_nac_e	0.0	12.871302969659153	0.0	1.6593269346895035e-07	0.0	1.0942635004762213e-09	12.871302969659153	1.6593269346895035e-07	1.0942635004762213e-09	False	True	True	12.87130280372646	1.6483842996847413e-07	first_fixed_B1	0.0	0.0	0.0
RE:UO-31	magnitude_g1.00	EX_ncam_e	-10.0	0.0	-1.1102800763349705e-06	4.620401875017636e-13	-7.25798841725013e-09	-4.6103882835574365e-26	10.0	1.110280538375158e-06	7.25798841725013e-09	False	True	True	9.999998889719462	1.1030225499579079e-06	first_fixed_B1	4.620401875017636e-13	0.0	4.6103882835574365e-26
RE:UO-31	magnitude_g1.00	EX_orn_e	0.0	75.07460134290598	0.0	6.647690514111078e-07	0.0	4.43624531719119e-09	75.07460134290598	6.647690514111078e-07	4.43624531719119e-09	False	True	True	75.07460067813693	6.603328060939166e-07	first_fixed_B1	0.0	0.0	0.0
RE:UO-31	magnitude_g1.00	EX_orot_e	0.0	16.576892935524832	0.0	2.4558763863100768e-08	0.0	1.612959255999296e-10	16.576892935524832	2.4558763863100768e-08	1.612959255999296e-10	False	True	True	16.57689291096607	2.4397467937500837e-08	first_fixed_B1	0.0	0.0	0.0
RE:UO-31	magnitude_g1.00	EX_phe__L_e	-10.0	-0.8524036882104262	-0.852405129006563	-0.8524036882104289	-0.8524036973474386	-0.8524036882104281	9.147596311789574	1.4407961340667796e-06	9.137010481552466e-09	False	True	True	9.147594870993439	1.4316591235852272e-06	first_fixed_B1	0.0	7.771561172376096e-16	1.1102230246251565e-16
RE:UO-31	magnitude_g1.00	EX_pro__L_e	-10.0	73.71949939148276	-1.3551045537640205	-1.355101656859269	-1.3551019681878018	-1.355101949474119	83.71949939148276	2.8969047514149082e-06	1.8713682825577393e-08	False	True	True	83.71949649457801	2.878191068589331e-06	first_fixed_B1	0.0	0.0	0.0
RE:UO-31	magnitude_g1.00	EX_sbt__D_e	0.0	0.0	0.0	0.0	0.0	0.0	0.0	0.0	0.0	True	True	True	0.0	0.0	already_fixed_B0	0.0	0.0	0.0
RE:UO-31	magnitude_g1.00	EX_ser__L_e	-10.0	57.23433743957334	-10.0	-9.999999904448476	-10.0	-9.999999999371287	67.23433743957334	9.555152402640488e-08	6.287130815962882e-10	False	True	True	67.23433734402181	9.492281094480859e-08	first_fixed_B1	0.0	0.0	0.0
RE:UO-31	magnitude_g1.00	EX_sprm_e	0.0	3.3387831585264007	0.0	5.225507338887822e-09	0.0	3.651907754535344e-11	3.3387831585264007	5.225507338887822e-09	3.651907754535344e-11	False	True	True	3.3387831533008936	5.188988261342468e-09	first_fixed_B1	0.0	0.0	0.0
RE:UO-31	magnitude_g1.00	EX_srtn_e	0.0	8.61390890897742	0.0	3.8675048622199065e-08	0.0	2.558926187843047e-10	8.61390890897742	3.8675048622199065e-08	2.558926187843047e-10	False	True	True	8.613908870302371	3.841915600341476e-08	first_fixed_B1	0.0	0.0	0.0
RE:UO-31	magnitude_g1.00	EX_succ_e	0.0	115.44565627115217	14.856847337949748	14.85696632623528	14.856964654591765	14.856966324959819	115.44565627115217	0.00011898828553214003	1.6703680536522825e-06	False	False	True	115.44553728286664	0.00011731791747848774	first_fixed_B2	0.0	0.0	0.0
RE:UO-31	magnitude_g1.00	EX_taur_e	0.0	16.909696464552468	0.0	3.1682722189475166e-08	0.0	2.092039270182278e-10	16.909696464552468	3.1682722189475166e-08	2.092039270182278e-10	False	True	True	16.909696432869747	3.147351826245694e-08	first_fixed_B1	0.0	0.0	0.0
RE:UO-31	magnitude_g1.00	EX_tchola_e	0.0	1.4423577198570345	0.0	6.749670816446577e-09	0.0	8.343329834228363e-11	1.4423577198570345	6.749670816446577e-09	8.343329834228363e-11	False	True	True	1.4423577131073637	6.666237518104293e-09	first_fixed_B1	0.0	0.0	0.0
RE:UO-31	magnitude_g1.00	EX_thr__L_e	-10.0	-1.0272564007096072	-1.027257911730131	-1.0272564007096077	-1.0272564104022692	-1.0272564007096077	8.972743599290393	1.5110205233703766e-06	9.692661562255012e-09	False	True	True	8.97274208826987	1.5013278618081216e-06	first_fixed_B1	0.0	0.0	2.220446049250313e-16
RE:UO-31	magnitude_g1.00	EX_thym_e	0.0	12.751456104250027	0.0	1.5588914910156212e-08	0.0	1.0248180656082705e-10	12.751456104250027	1.5588914910156212e-08	1.0248180656082705e-10	False	True	True	12.751456088661111	1.5486433103595385e-08	first_fixed_B1	0.0	0.0	0.0
RE:UO-31	magnitude_g1.00	EX_thymd_e	0.0	9.041941601195571	0.0	1.0352453556150413e-08	0.0	6.928920206001922e-11	9.041941601195571	1.0352453556150413e-08	6.928920206001922e-11	False	True	True	9.041941590843118	1.0283164354090394e-08	first_fixed_B1	0.0	0.0	0.0
RE:UO-31	magnitude_g1.00	EX_ump_e	0.0	6.071678091942398	0.0	7.764801530210626e-09	0.0	8.508012454676644e-11	6.071678091942398	7.764801530210626e-09	8.508012454676644e-11	False	True	True	6.071678084177597	7.67972140566386e-09	first_fixed_B1	0.0	0.0	0.0
RE:UO-31	magnitude_g1.00	EX_ura_e	0.0	16.576892935525226	0.0	2.1882066632958017e-08	0.0	1.4393351709267974e-10	16.576892935525226	2.1882066632958017e-08	1.4393351709267974e-10	False	True	True	16.57689291364316	2.1738133115865338e-08	first_fixed_B1	0.0	0.0	0.0
RE:UO-31	magnitude_g1.00	EX_urate_e	0.0	9.751113491485382	0.0	8.725290183265936e-09	0.0	5.935135353045775e-11	9.751113491485382	8.725290183265936e-09	5.935135353045775e-11	False	True	True	9.751113482760092	8.665938829735479e-09	first_fixed_B1	0.0	0.0	0.0
RE:UO-31	magnitude_g1.00	EX_uri_e	0.0	10.811017131864451	0.0	1.2457688518453733e-08	0.0	8.200114971476461e-11	10.811017131864451	1.2457688518453733e-08	8.200114971476461e-11	False	True	True	10.811017119406763	1.2375687368738968e-08	first_fixed_B1	0.0	0.0	0.0
RE:UO-31	magnitude_g1.00	EX_val__L_e	-10.0	-1.1583926498609252	-1.1583937782846114	-1.158392649860925	-1.158392657142242	-1.158392649860925	8.841607350139075	1.1284236864916863e-06	7.281317104812501e-09	False	True	True	8.841606221715388	1.1211423693868738e-06	first_fixed_B1	2.220446049250313e-16	0.0	1.9697576902899527e-12
RE:UO-31	magnitude_g1.00	EX_xan_e	0.0	9.751113491485553	0.0	8.980555000932673e-09	0.0	6.11882215052545e-11	9.751113491485553	8.980555000932673e-09	6.11882215052545e-11	False	True	True	9.751113482504998	8.919366779427417e-09	first_fixed_B1	0.0	0.0	0.0
