scenario	context	arm_a	arm_b	relative_l1_full_vector	relative_l1_panel_exchanges	reactions_differing	panel_exchanges_differing	max_abs_difference_full	max_abs_difference_panel
half_serum	BR:BT-549	magnitude_g0.50	magnitude_g0.80	0.1525897238635218	0.0657846576863533	105	8	7.771061464142959	2.6287705907057592
half_serum	BR:BT-549	magnitude_g0.50	magnitude_g1.00	0.21241692683277608	0.10596492682145559	112	8	7.771061464142959	3.2325034393417766
half_serum	BR:BT-549	magnitude_g0.50	magnitude_g1.25	0.21688918249508507	0.10596495039832711	118	8	7.771061464142959	3.232511934890127
half_serum	BR:BT-549	magnitude_g0.50	magnitude_g2.00	0.2833610769427658	0.20500609791221494	135	9	7.44986331962508	6.085855025469989
half_serum	BR:BT-549	magnitude_g0.50	ordinal	0.6348789373421653	0.32697968479006884	230	11	16.66003401803967	8.168009879844622
half_serum	BR:BT-549	magnitude_g0.80	magnitude_g1.00	0.13808788094057325	0.05493495105322755	76	5	7.299633037611065	1.193119935191696
half_serum	BR:BT-549	magnitude_g0.80	magnitude_g1.25	0.13808809393908084	0.054934975341279224	78	5	7.299613288920617	1.1931203763040754
half_serum	BR:BT-549	magnitude_g0.80	magnitude_g2.00	0.18803460140282177	0.1569668389519613	97	6	7.452704408572191	3.45708443476423
half_serum	BR:BT-549	magnitude_g0.80	ordinal	0.6015016516301543	0.3515458034995126	222	11	16.107375032331824	7.295533483751194
half_serum	BR:BT-549	magnitude_g1.00	magnitude_g1.25	0.00451234146460904	2.7949389926564444e-07	40	2	0.4262018684962454	8.495548350140325e-06
half_serum	BR:BT-549	magnitude_g1.00	magnitude_g2.00	0.1491117888287871	0.11470163162846302	97	6	7.44986331962508	2.8533515861282126
half_serum	BR:BT-549	magnitude_g1.00	ordinal	0.5814956760188952	0.3487947520730001	225	11	15.874826796757919	7.075149269835276
half_serum	BR:BT-549	magnitude_g1.25	magnitude_g2.00	0.1481899633467794	0.11470135226551155	86	6	7.44986331962508	2.8533430905798625
half_serum	BR:BT-549	magnitude_g1.25	ordinal	0.579019959931482	0.3487949991773413	225	11	15.87480947957231	7.075157765383626
half_serum	BR:BT-549	magnitude_g2.00	ordinal	0.5997526164344715	0.41163008799105827	230	11	11.506944336144404	9.928500855963488
half_serum	BR:MCF7	magnitude_g0.50	magnitude_g0.80	0.08755521953920307	0.050788493978476165	93	6	2.0606102416417853	0.8133547422086167
half_serum	BR:MCF7	magnitude_g0.50	magnitude_g1.00	0.08185907772537455	0.05582919825680852	115	9	2.0606102416417853	0.8723878791206339
half_serum	BR:MCF7	magnitude_g0.50	magnitude_g1.25	0.15743665528195733	0.09146286384062328	121	10	5.578106375859625	1.8219853404895066
half_serum	BR:MCF7	magnitude_g0.50	magnitude_g2.00	0.2018402829041723	0.17601219881668953	134	10	6.198770637660681	3.179872022480989
half_serum	BR:MCF7	magnitude_g0.50	ordinal	0.5323885013287696	0.33439041719676316	172	11	12.233040964889685	10.396633433908395
half_serum	BR:MCF7	magnitude_g0.80	magnitude_g1.00	0.0269740243624531	0.008822335662225978	105	8	1.5058581770481725	0.24354013039043054
half_serum	BR:MCF7	magnitude_g0.80	magnitude_g1.25	0.1214301334335405	0.07427639023875746	115	9	6.899128951354799	1.3998318272192716
half_serum	BR:MCF7	magnitude_g0.80	magnitude_g2.00	0.18092166705635926	0.15900062185303887	128	9	7.519793213155855	3.993226764689606
half_serum	BR:MCF7	magnitude_g0.80	ordinal	0.5255677320272943	0.30563268331954635	172	10	12.32992071568134	9.583278691699778
half_serum	BR:MCF7	magnitude_g1.00	magnitude_g1.25	0.10727282506733707	0.07863292951718438	80	6	5.393270774306626	1.4588649641312887
half_serum	BR:MCF7	magnitude_g1.00	magnitude_g2.00	0.1666847766473533	0.16360590148458673	93	6	6.013935036107682	4.052259901601623
half_serum	BR:MCF7	magnitude_g1.00	ordinal	0.524855673097672	0.30121723621423174	196	11	12.205483812069051	9.524245554787761
half_serum	BR:MCF7	magnitude_g1.25	magnitude_g2.00	0.09329560841378952	0.08545351295706799	81	5	2.8648085926636813	2.5933949374703342
half_serum	BR:MCF7	magnitude_g1.25	ordinal	0.519862622377691	0.3308263013946216	201	11	11.059608580637445	10.98311051891905
half_serum	BR:MCF7	magnitude_g2.00	ordinal	0.5468193878859124	0.40414174818338416	201	11	13.653003518107779	13.576505456389384
half_serum	BR:T-47D	magnitude_g0.50	magnitude_g0.80	0.03872115156494112	0.016327100273543414	97	8	1.8355999437847048	0.3291284700682644
half_serum	BR:T-47D	magnitude_g0.50	magnitude_g1.00	0.0654991870750813	0.05134106508054633	88	8	7.011300869780637	1.0097475831371006
half_serum	BR:T-47D	magnitude_g0.50	magnitude_g1.25	0.11755648711598392	0.08259846755404893	137	12	11.110028246895448	1.063195098447136
half_serum	BR:T-47D	magnitude_g0.50	magnitude_g2.00	0.2813409117331324	0.16116257580765822	140	12	7.985043652541518	3.8796052647919055
half_serum	BR:T-47D	magnitude_g0.50	ordinal	0.5957976768751326	0.33476422875476053	203	10	14.925922381535424	8.177423969879008
half_serum	BR:T-47D	magnitude_g0.80	magnitude_g1.00	0.06025605550634969	0.04199283239720351	84	10	6.434477209183287	0.783243347420517
half_serum	BR:T-47D	magnitude_g0.80	magnitude_g1.25	0.09637303194089414	0.07320046145321919	120	12	10.533204586298098	0.961412944409189
half_serum	BR:T-47D	magnitude_g0.80	magnitude_g2.00	0.2703719418341803	0.1537953991557439	126	12	8.087528504640687	3.8796052647919055
half_serum	BR:T-47D	magnitude_g0.80	ordinal	0.6084392166350265	0.338326153493824	205	11	15.835455097391495	8.177423969879008
half_serum	BR:T-47D	magnitude_g1.00	magnitude_g1.25	0.0642179193206772	0.031182435008101136	115	10	4.098727377114811	0.5579781642172712
half_serum	BR:T-47D	magnitude_g1.00	magnitude_g2.00	0.25103118178138384	0.12615842862453722	120	10	7.588987501747849	3.6622006235245106
half_serum	BR:T-47D	magnitude_g1.00	ordinal	0.60425283654365	0.35030796558499555	198	11	15.835455097391453	7.960019328611613
half_serum	BR:T-47D	magnitude_g1.25	magnitude_g2.00	0.23712746202397847	0.11090880753029558	82	5	7.442263972775057	3.1405753450550318
half_serum	BR:T-47D	magnitude_g1.25	ordinal	0.6228897922638849	0.36406643813006634	188	10	15.835455097391497	8.122611284572805
half_serum	BR:T-47D	magnitude_g2.00	ordinal	0.5881065206769472	0.35380812778598564	194	10	13.644143181928564	10.799787980254365
half_serum	CNS:SF-268	magnitude_g0.50	magnitude_g0.80	0.13877166837188032	0.038963104653536675	115	6	5.616372141765787	1.242460756464995
half_serum	CNS:SF-268	magnitude_g0.50	magnitude_g1.00	0.12341345168755634	0.04129221630256444	111	6	5.282626505666508	1.3282569693510862
half_serum	CNS:SF-268	magnitude_g0.50	magnitude_g1.25	0.2516402849937285	0.15845580412354887	119	6	7.77369998990939	4.977239784708178
half_serum	CNS:SF-268	magnitude_g0.50	magnitude_g2.00	0.2738581155294052	0.18894548504464606	131	8	7.77369998990939	5.136276081493996
half_serum	CNS:SF-268	magnitude_g0.50	ordinal	0.5516499180531664	0.48676046208894647	179	12	12.452761935889828	8.944150812655312
half_serum	CNS:SF-268	magnitude_g0.80	magnitude_g1.00	0.029602767757300523	0.0034873773146036654	77	5	3.0106760735245497	0.08579621288609118
half_serum	CNS:SF-268	magnitude_g0.80	magnitude_g1.25	0.20526015958275362	0.1550120327240572	83	5	6.797278179903797	3.7347790282431834
half_serum	CNS:SF-268	magnitude_g0.80	magnitude_g2.00	0.2300769009948209	0.18607304635618682	96	7	7.461877371862036	3.893815325029001
half_serum	CNS:SF-268	magnitude_g0.80	ordinal	0.5499904343977161	0.49741845301532334	181	12	12.87673405111586	10.186611569120307
half_serum	CNS:SF-268	magnitude_g1.00	magnitude_g1.25	0.19247943475840393	0.15152624579582144	73	5	6.79726983899637	3.6489828153570922
half_serum	CNS:SF-268	magnitude_g1.00	magnitude_g2.00	0.2186721729333088	0.18259273162480294	86	7	7.461869030954609	3.80801911214291
half_serum	CNS:SF-268	magnitude_g1.00	ordinal	0.5537183975939408	0.4992312532366436	180	12	12.790937838229784	10.272407782006399
half_serum	CNS:SF-268	magnitude_g1.25	magnitude_g2.00	0.03306018880422824	0.03324705034397454	80	7	0.6836935458889677	0.6698608820609699
half_serum	CNS:SF-268	magnitude_g1.25	ordinal	0.563370215609852	0.5780225636321793	187	12	13.92140925454567	13.92139059736349
half_serum	CNS:SF-268	magnitude_g2.00	ordinal	0.5689101400223505	0.5583060681305309	193	12	14.1569249558677	14.080426894149308
half_serum	CNS:SF-295	magnitude_g0.50	magnitude_g0.80	0.13910722371371181	0.08021851936339085	104	7	3.2863455761070215	2.1139038400405763
half_serum	CNS:SF-295	magnitude_g0.50	magnitude_g1.00	0.1722046569248286	0.11600822942712097	118	7	4.949578103847299	2.5297476406540405
half_serum	CNS:SF-295	magnitude_g0.50	magnitude_g1.25	0.15607409850740403	0.11600889021296998	116	7	4.9499786150075025	2.5298719330113695
half_serum	CNS:SF-295	magnitude_g0.50	magnitude_g2.00	0.30388000924236086	0.2559156048406315	114	8	8.658007949069729	6.545245392899975
half_serum	CNS:SF-295	magnitude_g0.50	ordinal	0.5454642046892834	0.3918822064326244	172	9	13.430699405087637	9.018298990739332
half_serum	CNS:SF-295	magnitude_g0.80	magnitude_g1.00	0.041763957264189	0.03666817272132057	61	5	1.663232527740277	0.8316876012263683
half_serum	CNS:SF-295	magnitude_g0.80	magnitude_g1.25	0.05717203692855447	0.036670440458543944	80	6	2.9520919474827174	0.8316876012263987
half_serum	CNS:SF-295	magnitude_g0.80	magnitude_g2.00	0.26416732318699193	0.26609562015168003	83	7	7.992027736413707	4.431341552859399
half_serum	CNS:SF-295	magnitude_g0.80	ordinal	0.5586179102261672	0.44196543317639597	176	9	13.370864909866354	11.132202830779908
half_serum	CNS:SF-295	magnitude_g1.00	magnitude_g1.25	0.018261823923495162	5.064738605280549e-06	62	5	2.952119719181379	0.00012429235732902555
half_serum	CNS:SF-295	magnitude_g1.00	magnitude_g2.00	0.26195760843397004	0.2788419824443902	88	7	7.992027736413707	4.015497752245935
half_serum	CNS:SF-295	magnitude_g1.00	ordinal	0.5751830870693768	0.4792195488412408	190	9	13.419382461888683	11.548046631393373
half_serum	CNS:SF-295	magnitude_g1.25	magnitude_g2.00	0.2598994388980764	0.278836905990904	87	7	7.99183517529885	4.015373459888606
half_serum	CNS:SF-295	magnitude_g1.25	ordinal	0.5723123970728266	0.4792221701291331	188	9	13.419258169531318	11.548170923750702
half_serum	CNS:SF-295	magnitude_g2.00	ordinal	0.5799999814443954	0.532261661306225	190	10	16.040033015990872	15.563544383639307
half_serum	CNS:SF-539	magnitude_g0.50	magnitude_g0.80	0.1802803175371724	0.12884860421191796	118	8	4.731257492208522	4.2007837106877
half_serum	CNS:SF-539	magnitude_g0.50	magnitude_g1.00	0.2059736394642842	0.12416252202001296	113	8	5.637034368288833	4.200783710687681
half_serum	CNS:SF-539	magnitude_g0.50	magnitude_g1.25	0.21417773624509603	0.08813256795144825	119	7	4.670536403520443	1.7670365987500207
half_serum	CNS:SF-539	magnitude_g0.50	magnitude_g2.00	0.21916086236207782	0.09003244803048073	141	8	4.7083176132219595	1.767036598750098
half_serum	CNS:SF-539	magnitude_g0.50	ordinal	0.5364692629611378	0.3174684675499318	164	8	12.187652320638211	8.646689366396252
half_serum	CNS:SF-539	magnitude_g0.80	magnitude_g1.00	0.06295513486171099	0.02304730511391744	69	4	2.3783034825740432	0.4968561160791989
half_serum	CNS:SF-539	magnitude_g0.80	magnitude_g1.25	0.14652662019069496	0.15190305487754793	82	5	4.446563358605995	2.8346957040988303
half_serum	CNS:SF-539	magnitude_g0.80	magnitude_g2.00	0.1452593652474829	0.15380326294079608	98	6	4.7083176132219595	2.834695704098843
half_serum	CNS:SF-539	magnitude_g0.80	ordinal	0.5345460779759494	0.3736902106326635	181	10	12.617658859240036	8.411937039001772
half_serum	CNS:SF-539	magnitude_g1.00	magnitude_g1.25	0.110234091561812	0.12929013440036444	75	5	4.470367549117209	2.58315329085477
half_serum	CNS:SF-539	magnitude_g1.00	magnitude_g2.00	0.12153769626084379	0.13120061890553286	97	6	5.661021948387798	2.5831532908548587
half_serum	CNS:SF-539	magnitude_g1.00	ordinal	0.5393219363112176	0.37748804941231356	185	10	12.209922304427216	8.819673593814612
half_serum	CNS:SF-539	magnitude_g1.25	magnitude_g2.00	0.018151970261683935	0.0019324923125064494	52	2	1.1906543992705896	0.061732612237576194
half_serum	CNS:SF-539	magnitude_g1.25	ordinal	0.5499302060306435	0.3334971947370003	186	10	11.815685697139555	9.678271553738098
half_serum	CNS:SF-539	magnitude_g2.00	ordinal	0.5493311592832321	0.3354165476378934	189	11	11.753953084902175	9.740004165975494
half_serum	CNS:SNB-19	magnitude_g0.50	magnitude_g0.80	0.11980191204579639	0.12518387633439484	111	8	3.3325156557261733	3.3325156557261195
half_serum	CNS:SNB-19	magnitude_g0.50	magnitude_g1.00	0.1818332172830569	0.12647407128720498	132	9	5.420638441601792	4.046775687223576
half_serum	CNS:SNB-19	magnitude_g0.50	magnitude_g1.25	0.21128235275281412	0.14061495876587896	135	9	6.210413044508323	4.400167475379675
half_serum	CNS:SNB-19	magnitude_g0.50	magnitude_g2.00	0.2414551039084204	0.17122722215258285	146	9	7.4618811933249605	4.559204637300658
half_serum	CNS:SNB-19	magnitude_g0.50	ordinal	0.680437141075991	0.4932612394239245	211	11	18.58717095067351	10.373003292302796
half_serum	CNS:SNB-19	magnitude_g0.80	magnitude_g1.00	0.14812646976247093	0.07760908928916174	99	6	7.645766707030383	1.711795115781789
half_serum	CNS:SNB-19	magnitude_g0.80	magnitude_g1.25	0.1699983268708814	0.08331200509718746	92	6	8.435541309936914	1.8507333723104282
half_serum	CNS:SNB-19	magnitude_g0.80	magnitude_g2.00	0.1908903519696426	0.09620854818021973	102	6	8.435541309936914	2.2960374256894043
half_serum	CNS:SNB-19	magnitude_g0.80	ordinal	0.6918754615472471	0.5463716330529393	190	9	18.36946365213124	13.705518948028915
half_serum	CNS:SNB-19	magnitude_g1.00	magnitude_g1.25	0.0380449992171283	0.020437367370090376	75	7	1.3463471285528303	0.35339178815609884
half_serum	CNS:SNB-19	magnitude_g1.00	magnitude_g2.00	0.0890474125386629	0.05163996144285298	95	7	3.47030821179291	0.8901807198085514
half_serum	CNS:SNB-19	magnitude_g1.00	ordinal	0.6853385513054973	0.5708992376045715	197	10	16.007713044384264	14.419778979526372
half_serum	CNS:SNB-19	magnitude_g1.25	magnitude_g2.00	0.05909564693792484	0.03324714942638681	87	6	2.3603108892282982	0.669864526011696
half_serum	CNS:SNB-19	magnitude_g1.25	ordinal	0.6824718723312694	0.57474971608577	194	9	15.173170767682471	14.77317076768247
half_serum	CNS:SNB-19	magnitude_g2.00	ordinal	0.6773329546095843	0.5549779508301814	200	9	15.408705991321845	14.932207929603454
half_serum	CNS:SNB-75	magnitude_g0.50	magnitude_g0.80	0.1179915463018815	0.09149430516808701	101	7	3.9010316001503536	2.449780058689555
half_serum	CNS:SNB-75	magnitude_g0.50	magnitude_g1.00	0.08782168129775926	0.02899429505629827	127	9	3.0141881076128865	0.7503856487248566
half_serum	CNS:SNB-75	magnitude_g0.50	magnitude_g1.25	0.1601637332251153	0.10136740685954418	139	10	3.3525233453117997	1.563222471361243
half_serum	CNS:SNB-75	magnitude_g0.50	magnitude_g2.00	0.26498155064238627	0.2579290933146665	142	11	6.949114001868149	4.548937170430875
half_serum	CNS:SNB-75	magnitude_g0.50	ordinal	0.6723238072263449	0.3615767557166625	218	12	17.377817474665402	10.71746714925962
half_serum	CNS:SNB-75	magnitude_g0.80	magnitude_g1.00	0.11774532645825608	0.07485441469933138	102	9	3.839026516083434	2.139652439762863
half_serum	CNS:SNB-75	magnitude_g0.80	magnitude_g1.25	0.1892456776261045	0.0980539451457468	125	9	4.468436381145398	1.694740544248182
half_serum	CNS:SNB-75	magnitude_g0.80	magnitude_g2.00	0.23562724953833422	0.1890740228091836	130	10	6.949114001868149	3.367229286129647
half_serum	CNS:SNB-75	magnitude_g0.80	ordinal	0.7352093002323532	0.4266439710283407	216	11	18.824184968289348	13.167247207949176
half_serum	CNS:SNB-75	magnitude_g1.00	magnitude_g1.25	0.10375800835677368	0.0731335976086739	115	9	3.0606339301926235	1.1582732567445646
half_serum	CNS:SNB-75	magnitude_g1.00	magnitude_g2.00	0.22774525902565979	0.23040099622873655	121	10	7.686061122858438	3.7985515217060186
half_serum	CNS:SNB-75	magnitude_g1.00	ordinal	0.7041130869432632	0.3732663844202574	225	11	17.9798656040529	11.467852797984477
half_serum	CNS:SNB-75	magnitude_g1.25	magnitude_g2.00	0.13790200008784567	0.15765742427420684	100	9	4.625427192665814	2.985714699069632
half_serum	CNS:SNB-75	magnitude_g1.25	ordinal	0.7097745533170434	0.4013688309499549	228	10	17.846705756188776	12.280689620620864
half_serum	CNS:SNB-75	magnitude_g2.00	ordinal	0.7358947723847303	0.5060220849239071	228	10	16.50637068929912	15.266404319690496
half_serum	CNS:U251	magnitude_g0.50	magnitude_g0.80	0.05684871861296704	0.022773447952752063	111	8	4.102073546321866	0.6952331270626022
half_serum	CNS:U251	magnitude_g0.50	magnitude_g1.00	0.04465944313847983	0.01474649518081607	136	8	1.0782650891727639	0.25314790863161774
half_serum	CNS:U251	magnitude_g0.50	magnitude_g1.25	0.2227094798559283	0.15972391409670114	146	8	6.794551524844976	3.828935919953473
half_serum	CNS:U251	magnitude_g0.50	magnitude_g2.00	0.24606601811451026	0.18450084228940503	149	9	7.4967999521022755	3.974053170362259
half_serum	CNS:U251	magnitude_g0.50	ordinal	0.6444801712943499	0.4667949461978456	193	10	17.984498983534998	10.634296731960067
half_serum	CNS:U251	magnitude_g0.80	magnitude_g1.00	0.05721740638540851	0.014645014246410553	115	6	4.650826377097744	0.45916919728508
half_serum	CNS:U251	magnitude_g0.80	magnitude_g1.25	0.20748896638747347	0.1498452579634043	138	8	8.773946568652793	3.1337027928908707
half_serum	CNS:U251	magnitude_g0.80	magnitude_g2.00	0.23061817955073127	0.17483978993633748	139	9	8.773946568652793	3.278820043299657
half_serum	CNS:U251	magnitude_g0.80	ordinal	0.6616949395624941	0.47260694338645354	170	7	18.07497666246715	11.329529859022669
half_serum	CNS:U251	magnitude_g1.00	magnitude_g1.25	0.20028383930040317	0.15234734622886628	110	8	6.794551043565183	3.5928719901759507
half_serum	CNS:U251	magnitude_g1.00	magnitude_g2.00	0.2283613277819746	0.17719762284884485	117	9	7.4967994708224825	3.737989240584737
half_serum	CNS:U251	magnitude_g1.00	ordinal	0.6488875454360146	0.4680741430724765	181	8	18.144142439847624	10.870360661737589
half_serum	CNS:U251	magnitude_g1.25	magnitude_g2.00	0.03446501706458497	0.02622773384953238	99	9	2.6947868295766675	0.45563238220380686
half_serum	CNS:U251	magnitude_g1.25	ordinal	0.6597567362124036	0.5462403094771224	207	10	14.49195535718522	14.46323265191354
half_serum	CNS:U251	magnitude_g2.00	ordinal	0.6611935847100264	0.534631725608194	204	10	14.637072607594005	14.608349902322326
half_serum	CO:COLO 205	magnitude_g0.50	magnitude_g0.80	0.06323923183124834	0.022563801887102993	121	8	3.1036524827096885	0.831315548099326
half_serum	CO:COLO 205	magnitude_g0.50	magnitude_g1.00	0.05987489791549806	0.01017653998915333	128	9	2.4548993053717902	0.3011261804834265
half_serum	CO:COLO 205	magnitude_g0.50	magnitude_g1.25	0.17183621252408507	0.15361233555413578	130	10	3.9425626314090856	3.9425626314090856
half_serum	CO:COLO 205	magnitude_g0.50	magnitude_g2.00	0.3182372056555587	0.255549107371274	150	11	8.000242011432542	8.00024201143254
half_serum	CO:COLO 205	magnitude_g0.50	ordinal	0.5439955201150806	0.30287843021816907	207	10	11.218042952606918	6.101988206671351
half_serum	CO:COLO 205	magnitude_g0.80	magnitude_g1.00	0.06552559720391	0.028202220998024014	76	6	1.8336620239794943	0.8313155480992123
half_serum	CO:COLO 205	magnitude_g0.80	magnitude_g1.25	0.11645497284077917	0.13188728023726248	80	7	3.952740611648329	3.1112470833097596
half_serum	CO:COLO 205	magnitude_g0.80	magnitude_g2.00	0.31042579427946904	0.25263677910193355	107	8	7.168926463333216	7.168926463333214
half_serum	CO:COLO 205	magnitude_g0.80	ordinal	0.538880381359331	0.31315510052596085	204	10	11.218042952606918	6.933303754770677
half_serum	CO:COLO 205	magnitude_g1.00	magnitude_g1.25	0.16000174166609749	0.15073984331855206	82	7	4.052981419900306	3.942562631408972
half_serum	CO:COLO 205	magnitude_g1.00	magnitude_g2.00	0.3065255617602146	0.24472142142912864	95	8	8.000242011432428	8.000242011432427
half_serum	CO:COLO 205	magnitude_g1.00	ordinal	0.5503335575768515	0.30654844060998987	208	11	11.809129444867583	6.101988206671464
half_serum	CO:COLO 205	magnitude_g1.25	magnitude_g2.00	0.25164947431767976	0.1693735647377176	89	6	7.0818108149545305	4.057679380023455
half_serum	CO:COLO 205	magnitude_g1.25	ordinal	0.5660022991444378	0.373316018233924	206	11	11.218042952606918	10.044550838080436
half_serum	CO:COLO 205	magnitude_g2.00	ordinal	0.5909806077252602	0.456822989675735	215	12	14.13095292337558	14.102230218103891
half_serum	CO:HCC-2998	magnitude_g0.50	magnitude_g0.80	0.12981046347100006	0.05642938058074487	108	9	9.6493995196601	1.0793654651118083
half_serum	CO:HCC-2998	magnitude_g0.50	magnitude_g1.00	0.1681560447328106	0.06434684526910078	123	8	10.2915089505661	1.3001540453659062
half_serum	CO:HCC-2998	magnitude_g0.50	magnitude_g1.25	0.20924390411917437	0.09638171944591462	118	9	9.848301977090149	3.260931772891753
half_serum	CO:HCC-2998	magnitude_g0.50	magnitude_g2.00	0.264214150214044	0.10844417297628024	135	9	6.104213402020436	2.026882215373162
half_serum	CO:HCC-2998	magnitude_g0.50	ordinal	0.518541471011046	0.2968468279691816	193	9	12.654018411996606	8.694958293944632
half_serum	CO:HCC-2998	magnitude_g0.80	magnitude_g1.00	0.05428853996561232	0.012531977053232283	81	6	3.010731148133028	0.22078858025409787
half_serum	CO:HCC-2998	magnitude_g0.80	magnitude_g1.25	0.11115649532651263	0.07253797551552066	74	6	3.460769750575253	2.345607758470178
half_serum	CO:HCC-2998	magnitude_g0.80	magnitude_g2.00	0.1966532296047527	0.05611750963314886	90	6	7.589099017837974	0.9475167502613537
half_serum	CO:HCC-2998	magnitude_g0.80	ordinal	0.5094107426334866	0.3217221633201685	192	10	12.510641368367217	9.151557872471052
half_serum	CO:HCC-2998	magnitude_g1.00	magnitude_g1.25	0.08856453912571309	0.06943074405480767	86	6	2.2025220684667888	2.1267116517606444
half_serum	CO:HCC-2998	magnitude_g1.00	magnitude_g2.00	0.167843263167304	0.043870586712242636	91	6	8.231208448743974	0.7267281700072559
half_serum	CO:HCC-2998	magnitude_g1.00	ordinal	0.5042362957164718	0.3255649878814828	193	9	12.44431068074504	9.217886063558357
half_serum	CO:HCC-2998	magnitude_g1.25	magnitude_g2.00	0.1442534278336837	0.09169339572028551	90	7	7.788001475268022	1.7574997142224982
half_serum	CO:HCC-2998	magnitude_g1.25	ordinal	0.5288664008865922	0.3894971389785975	202	10	12.520075764088553	9.142123476749708
half_serum	CO:HCC-2998	magnitude_g2.00	ordinal	0.559158791668457	0.35398431000128994	209	10	12.172602654557062	9.915708908057871
half_serum	CO:HCT-116	magnitude_g0.50	magnitude_g0.80	0.09803540159402878	0.045110393762699326	117	7	5.170685613625522	1.2318366552863091
half_serum	CO:HCT-116	magnitude_g0.50	magnitude_g1.00	0.10473919481972685	0.04000660286330632	126	7	6.019333666702954	1.08955980592288
half_serum	CO:HCT-116	magnitude_g0.50	magnitude_g1.25	0.13839558342607647	0.04782324902841293	127	7	5.279828356797118	1.1085961445558734
half_serum	CO:HCT-116	magnitude_g0.50	magnitude_g2.00	0.14434651610333285	0.05405511192409585	144	7	3.885555321505649	0.9429317547786367
half_serum	CO:HCT-116	magnitude_g0.50	ordinal	0.6680918323471439	0.4012590234067505	195	9	19.050502518942306	10.10011456236922
half_serum	CO:HCT-116	magnitude_g0.80	magnitude_g1.00	0.040925153699200904	0.017030506479257367	96	4	0.9218833591640836	0.5751154639078244
half_serum	CO:HCT-116	magnitude_g0.80	magnitude_g1.25	0.06960993621488398	0.02354615784071169	97	4	3.8021884443004548	0.5336350500401048
half_serum	CO:HCT-116	magnitude_g0.80	magnitude_g2.00	0.07292832143887133	0.019933768949605683	113	5	1.9869455424014628	0.7268364765935089
half_serum	CO:HCT-116	magnitude_g0.80	ordinal	0.6725004255081853	0.40706585356314523	180	6	19.050502518942306	10.85078478586891
half_serum	CO:HCT-116	magnitude_g1.00	magnitude_g1.25	0.04042212510982313	0.011208497815254872	74	4	3.5801525610182474	0.3116170567065182
half_serum	CO:HCT-116	magnitude_g1.00	magnitude_g2.00	0.06302128429739165	0.019574992622611	101	5	2.4482522391834105	0.5073030092733042
half_serum	CO:HCT-116	magnitude_g1.00	ordinal	0.6740883177991039	0.3976250993296963	186	6	19.050502518942306	10.275669321961086
half_serum	CO:HCT-116	magnitude_g1.25	magnitude_g2.00	0.05659960991561445	0.013099825537558006	98	5	3.1359113496450104	0.35149448091988056
half_serum	CO:HCT-116	magnitude_g1.25	ordinal	0.6776379938110735	0.39994459201703814	184	6	19.050502518942306	10.43147785031451
half_serum	CO:HCT-116	magnitude_g2.00	ordinal	0.665422084359646	0.40348186793790497	183	7	19.050502518942306	10.78297233123439
half_serum	CO:HCT-15	magnitude_g0.50	magnitude_g0.80	0.030458868772434963	0.010710117509411988	90	5	2.7989820056602133	0.3516006048191347
half_serum	CO:HCT-15	magnitude_g0.50	magnitude_g1.00	0.04596949055099148	0.011628414290522514	91	5	3.2469010456011125	0.5863800175880763
half_serum	CO:HCT-15	magnitude_g0.50	magnitude_g1.25	0.12380982158682134	0.07144219161928615	91	5	2.8426305614100036	1.2856751095831145
half_serum	CO:HCT-15	magnitude_g0.50	magnitude_g2.00	0.12798864561996232	0.07788530097849368	100	6	3.1486228435432553	1.3621732187962596
half_serum	CO:HCT-15	magnitude_g0.50	ordinal	0.5984566331832128	0.4093662218692409	171	8	14.97849801860201	9.609944467333385
half_serum	CO:HCT-15	magnitude_g0.80	magnitude_g1.00	0.03017761323736863	0.011571713259713767	85	5	0.8868739520778055	0.4253216871392187
half_serum	CO:HCT-15	magnitude_g0.80	magnitude_g1.25	0.1109190523290247	0.060652850477439194	81	5	3.8533853297195346	1.2792053311173346
half_serum	CO:HCT-15	magnitude_g0.80	magnitude_g2.00	0.12108535155268205	0.06708701561798276	104	6	4.448975823140879	1.3557034403304797
half_serum	CO:HCT-15	magnitude_g0.80	ordinal	0.6012864898418974	0.41995034857832586	174	8	14.621610078297405	9.96154507215252
half_serum	CO:HCT-15	magnitude_g1.00	magnitude_g1.25	0.12236149255985873	0.062111870078110774	72	5	4.301304369660434	1.2754286895681544
half_serum	CO:HCT-15	magnitude_g1.00	magnitude_g2.00	0.12780566126099527	0.06851011587718907	88	6	4.896894863081778	1.3519267987812995
half_serum	CO:HCT-15	magnitude_g1.00	ordinal	0.6029920762327227	0.41624398739372914	171	8	14.964725229932668	9.536223385013301
half_serum	CO:HCT-15	magnitude_g1.25	magnitude_g2.00	0.01771299601538766	0.0064315169684771144	49	4	0.677550975711251	0.15299610621805493
half_serum	CO:HCT-15	magnitude_g1.25	ordinal	0.6009347674816854	0.43015263685653593	176	8	13.47713958053335	10.700359609908432
half_serum	CO:HCT-15	magnitude_g2.00	ordinal	0.611744701553424	0.4346387044254537	190	9	13.788504809508133	10.8151067027103
half_serum	CO:KM12	magnitude_g0.50	magnitude_g0.80	0.07494488100666687	0.02444054454443404	110	7	2.9786526292343565	0.5078525993774186
half_serum	CO:KM12	magnitude_g0.50	magnitude_g1.00	0.10937291756901447	0.032213047823785305	132	7	4.712179843919232	0.8791948021484437
half_serum	CO:KM12	magnitude_g0.50	magnitude_g1.25	0.12661096380030853	0.05357049940754909	132	7	5.617804682132117	1.375977957881707
half_serum	CO:KM12	magnitude_g0.50	magnitude_g2.00	0.15359711292142142	0.060065280383896115	140	8	4.278618879757703	1.2865818267054578
half_serum	CO:KM12	magnitude_g0.50	ordinal	0.5808408995985933	0.37188168828184825	184	9	14.92001472211205	9.605975258782074
half_serum	CO:KM12	magnitude_g0.80	magnitude_g1.00	0.04641940151278558	0.02018973566821086	92	5	1.7335272146848761	0.4647998321436635
half_serum	CO:KM12	magnitude_g0.80	magnitude_g1.25	0.08636318739095168	0.03095264141612425	94	5	3.7421742367181516	0.8681253585042885
half_serum	CO:KM12	magnitude_g0.80	magnitude_g2.00	0.10293993599363808	0.035642764104495045	111	6	3.1914904831083866	0.7787292273280393
half_serum	CO:KM12	magnitude_g0.80	ordinal	0.5757318526988685	0.3750081920490116	161	6	14.109090414563983	10.01243149455231
half_serum	CO:KM12	magnitude_g1.00	magnitude_g1.25	0.06738160352553356	0.023044021014845362	71	4	4.836506662080469	0.49678315573326337
half_serum	CO:KM12	magnitude_g1.00	magnitude_g2.00	0.08503848599220797	0.029438765819694953	85	5	3.1914904831083866	0.7205722121994675
half_serum	CO:KM12	magnitude_g1.00	ordinal	0.5886357993336117	0.3661600117416648	172	7	14.368594099522838	9.547631662408646
half_serum	CO:KM12	magnitude_g1.25	magnitude_g2.00	0.06124775220741826	0.010987179645717736	85	5	3.1914318286383505	0.31289408704456
half_serum	CO:KM12	magnitude_g1.25	ordinal	0.5836753945725086	0.3699102323535743	173	7	13.554983281543851	9.955309787563554
half_serum	CO:KM12	magnitude_g2.00	ordinal	0.5915715025728483	0.3728158574543505	179	7	13.270764259805352	10.268203874608114
half_serum	CO:SW-620	magnitude_g0.50	magnitude_g0.80	0.20958895081979229	0.1233603546102363	140	9	5.451612461982329	3.1221692268548367
half_serum	CO:SW-620	magnitude_g0.50	magnitude_g1.00	0.21500013371105306	0.12332667644253804	138	9	5.462126439677341	3.0507435873024953
half_serum	CO:SW-620	magnitude_g0.50	magnitude_g1.25	0.21568345946918416	0.123326740669686	140	9	5.462128988723832	3.050744987390443
half_serum	CO:SW-620	magnitude_g0.50	magnitude_g2.00	0.22663284146323828	0.12672462821795966	145	9	5.596436944818752	3.1245148223008474
half_serum	CO:SW-620	magnitude_g0.50	ordinal	0.5694082806235962	0.39343886110410903	209	11	16.49182858323606	9.26517693423028
half_serum	CO:SW-620	magnitude_g0.80	magnitude_g1.00	0.030842702453163468	0.01493286432309958	81	5	2.263863441143195	0.4291776735297397
half_serum	CO:SW-620	magnitude_g0.80	magnitude_g1.25	0.015299300179154205	0.014932911270106172	76	5	0.8554223758442728	0.4291807750383363
half_serum	CO:SW-620	magnitude_g0.80	magnitude_g2.00	0.028266262604201627	0.016974192632846705	89	5	0.8554223758442728	0.5317781493901812
half_serum	CO:SW-620	magnitude_g0.80	ordinal	0.5342986128772248	0.36158852504326805	208	10	14.695389149217256	6.918434036225314
half_serum	CO:SW-620	magnitude_g1.00	magnitude_g1.25	0.015655443290386883	1.2507464097772112e-07	44	4	2.2061999137033528	3.1015085966146216e-06
half_serum	CO:SW-620	magnitude_g1.00	magnitude_g2.00	0.032438006492722084	0.004723621682143591	76	5	2.6350831436092887	0.10260047586044152
half_serum	CO:SW-620	magnitude_g1.00	ordinal	0.5351561879557213	0.3743114505708799	203	11	14.309218330853046	7.3476117097550535
half_serum	CO:SW-620	magnitude_g1.25	magnitude_g2.00	0.017244537147073413	0.00472349657995385	71	5	0.677550975711251	0.1025973743518449
half_serum	CO:SW-620	magnitude_g1.25	ordinal	0.5355614374814874	0.3743115210203191	203	11	14.309215229344478	7.34761481126365
half_serum	CO:SW-620	magnitude_g2.00	ordinal	0.5431360246152094	0.37615549146410016	208	11	14.670979207628415	7.450212185615495
half_serum	LC:A549/ATCC	magnitude_g0.50	magnitude_g0.80	0.04921337523548319	0.01375754367385053	83	4	2.585306047603211	0.6080707489848329
half_serum	LC:A549/ATCC	magnitude_g0.50	magnitude_g1.00	0.13167508299527697	0.06316626276388032	112	7	3.342334772036372	1.334760881136539
half_serum	LC:A549/ATCC	magnitude_g0.50	magnitude_g1.25	0.15223985166738557	0.0631663486093792	130	7	4.143478016101051	1.33475982097029
half_serum	LC:A549/ATCC	magnitude_g0.50	magnitude_g2.00	0.1522626675972287	0.06568114136362524	132	7	3.6571682639308967	1.3037932024821828
half_serum	LC:A549/ATCC	magnitude_g0.50	ordinal	0.6225098316998791	0.39376829372531025	202	9	15.390293007533227	9.11423095606799
half_serum	LC:A549/ATCC	magnitude_g0.80	magnitude_g1.00	0.11065925093266224	0.05099591296121644	102	7	3.269339758138522	1.2691629060813172
half_serum	LC:A549/ATCC	magnitude_g0.80	magnitude_g1.25	0.11290140777498861	0.05099599837891822	118	7	3.2311011383666832	1.2691649243014815
half_serum	LC:A549/ATCC	magnitude_g0.80	magnitude_g2.00	0.11710995830370137	0.053498317348562405	121	7	3.1966327385974544	1.3281155408001828
half_serum	LC:A549/ATCC	magnitude_g0.80	ordinal	0.6345907285058663	0.4070115479892213	201	9	15.390293007533227	9.722301705052823
half_serum	LC:A549/ATCC	magnitude_g1.00	magnitude_g1.25	0.02134288063990156	1.1600757708853394e-07	59	4	2.036136926707637	2.618880928118017e-06
half_serum	LC:A549/ATCC	magnitude_g1.00	magnitude_g2.00	0.024939570864424464	0.0033911028793413866	83	5	2.036136926707637	0.07649806171837148
half_serum	LC:A549/ATCC	magnitude_g1.00	ordinal	0.6452709391758127	0.40635566200160783	184	7	15.390293007533227	10.096739222789116
half_serum	LC:A549/ATCC	magnitude_g1.25	magnitude_g2.00	0.007916686888762792	0.0033909869471108306	72	5	0.677550975711251	0.07649544283744336
half_serum	LC:A549/ATCC	magnitude_g1.25	ordinal	0.6446449558003972	0.40635567434798436	197	8	15.390293007533227	10.096740015661343
half_serum	LC:A549/ATCC	magnitude_g2.00	ordinal	0.6475146543217039	0.4067194490440349	196	8	15.390293007533227	10.119899186428741
half_serum	LC:EKVX	magnitude_g0.50	magnitude_g0.80	0.018896555481571358	0.011903496595991745	100	9	0.7766728918224617	0.4996689887013641
half_serum	LC:EKVX	magnitude_g0.50	magnitude_g1.00	0.024341526707851096	0.013622128449653957	109	9	0.7855885387363344	0.5093188633495558
half_serum	LC:EKVX	magnitude_g0.50	magnitude_g1.25	0.08450113284642977	0.04564129645176953	116	9	2.612225738623796	0.8187789707518291
half_serum	LC:EKVX	magnitude_g0.50	magnitude_g2.00	0.17916015029493212	0.17550533010921415	126	10	4.884217255842757	3.556548620362968
half_serum	LC:EKVX	magnitude_g0.50	ordinal	0.4826135468240774	0.3083638287908952	171	9	11.723792663635173	10.047453169290323
half_serum	LC:EKVX	magnitude_g0.80	magnitude_g1.00	0.0055094961476278796	0.001706737179416897	91	8	0.5136282003548042	0.028720331511914776
half_serum	LC:EKVX	magnitude_g0.80	magnitude_g1.25	0.08443995410298301	0.04982906629670514	100	8	2.6420391705912705	1.0252153598207254
half_serum	LC:EKVX	magnitude_g0.80	magnitude_g2.00	0.18033772853513597	0.18424525882138412	116	10	4.884217255842757	3.5726723669384906
half_serum	LC:EKVX	magnitude_g0.80	ordinal	0.48855125498255747	0.30347831232689	192	13	12.000800583127567	9.547784180588959
half_serum	LC:EKVX	magnitude_g1.00	magnitude_g1.25	0.08642472033449994	0.048972499908224054	81	5	2.6512914410394783	1.034865234468917
half_serum	LC:EKVX	magnitude_g1.00	magnitude_g2.00	0.179430117935614	0.18365538453965793	99	8	4.884217255842757	3.5823217600822397
half_serum	LC:EKVX	magnitude_g1.00	ordinal	0.49057025574093777	0.30494434984538243	197	13	12.028786686905164	9.538134305940767
half_serum	LC:EKVX	magnitude_g1.25	magnitude_g2.00	0.11261484786753514	0.14567833715074122	80	8	3.8473087698195076	2.737769649611139
half_serum	LC:EKVX	magnitude_g1.25	ordinal	0.49257139638117026	0.3209498240031447	204	13	10.60172224568137	10.572999540409684
half_serum	LC:EKVX	magnitude_g2.00	ordinal	0.5077466474402855	0.33463204634557714	201	12	11.073770149237884	10.997272087519496
half_serum	LC:NCI-H322M	magnitude_g0.50	magnitude_g0.80	0.03907640438852957	0.06952779513669477	83	8	1.3091990654948535	1.1783679649455898
half_serum	LC:NCI-H322M	magnitude_g0.50	magnitude_g1.00	0.061227412243346865	0.0806147319161328	82	8	3.2618925379310544	1.5080114189167944
half_serum	LC:NCI-H322M	magnitude_g0.50	magnitude_g1.25	0.0629943844572498	0.08188641724799263	81	8	3.0234559809017667	1.5449343714381651
half_serum	LC:NCI-H322M	magnitude_g0.50	magnitude_g2.00	0.2506446614372119	0.24029104460960504	109	8	6.843172954280149	5.3369117630046965
half_serum	LC:NCI-H322M	magnitude_g0.50	ordinal	0.5783273614149685	0.45151748040858114	195	11	13.823403806027036	9.422091983270892
half_serum	LC:NCI-H322M	magnitude_g0.80	magnitude_g1.00	0.032471394985608505	0.01110780199613165	61	5	3.5453352638546645	0.3794384551814396
half_serum	LC:NCI-H322M	magnitude_g0.80	magnitude_g1.25	0.03351050498567198	0.012608924022457647	70	5	3.2939861215958204	0.4163614077028104
half_serum	LC:NCI-H322M	magnitude_g0.80	magnitude_g2.00	0.21840584936961926	0.17018599558044964	96	6	6.843172954280149	4.208338799269342
half_serum	LC:NCI-H322M	magnitude_g0.80	ordinal	0.5922279642945794	0.48800797110072985	209	11	13.757971307407697	10.023384924202864
half_serum	LC:NCI-H322M	magnitude_g1.00	magnitude_g1.25	0.0063744266865249245	0.001498802529841591	68	5	0.3117164781757946	0.03692295252137079
half_serum	LC:NCI-H322M	magnitude_g1.00	magnitude_g2.00	0.21877701163140326	0.15883236306732348	102	6	6.843172954280149	3.828900344087902
half_serum	LC:NCI-H322M	magnitude_g1.00	ordinal	0.5862511512645141	0.4992635023874722	211	11	13.378532852226192	10.402823379384303
half_serum	LC:NCI-H322M	magnitude_g1.25	magnitude_g2.00	0.21466640994735234	0.15733428775866073	99	6	6.843172954280149	3.7919773915665314
half_serum	LC:NCI-H322M	magnitude_g1.25	ordinal	0.5853303714259874	0.500041416235716	207	11	13.341609899704808	10.439746331905674
half_serum	LC:NCI-H322M	magnitude_g2.00	ordinal	0.5979035208349386	0.5817248992194154	211	11	14.308221785190597	14.231723723472205
half_serum	LC:NCI-H460	magnitude_g0.50	magnitude_g0.80	0.11347844256188949	0.05059022353964161	113	7	4.034341559991863	1.1919056129992782
half_serum	LC:NCI-H460	magnitude_g0.50	magnitude_g1.00	0.12580957444038518	0.045112338868416056	109	7	5.705196380891697	1.0764094034907057
half_serum	LC:NCI-H460	magnitude_g0.50	magnitude_g1.25	0.13837317411021757	0.045112418739574354	120	7	5.705191289059313	1.0764094034906853
half_serum	LC:NCI-H460	magnitude_g0.50	magnitude_g2.00	0.12492355342580132	0.07218354867864252	125	8	4.596267627732422	1.5803114787598505
half_serum	LC:NCI-H460	magnitude_g0.50	ordinal	0.635970922340162	0.3969383498214415	188	9	15.740145125818714	10.27996945763456
half_serum	LC:NCI-H460	magnitude_g0.80	magnitude_g1.00	0.04983489292498131	0.00882977767501931	89	4	4.037017448560299	0.23666223293837518
half_serum	LC:NCI-H460	magnitude_g0.80	magnitude_g1.25	0.04949855798190996	0.008829856852856966	92	5	4.0370123567279155	0.23666223293841782
half_serum	LC:NCI-H460	magnitude_g0.80	magnitude_g2.00	0.07021998165131808	0.03405166231747583	114	7	4.034341559991863	1.5515929051390023
half_serum	LC:NCI-H460	magnitude_g0.80	ordinal	0.6480075145304938	0.4017621137022208	180	7	14.32263553153054	10.891071486229208
half_serum	LC:NCI-H460	magnitude_g1.00	magnitude_g1.25	0.01407238587998945	7.875034523214504e-08	24	1	0.8000000000000254	5.104965824287433e-06
half_serum	LC:NCI-H460	magnitude_g1.00	magnitude_g2.00	0.029292255252728702	0.0276383637669124	83	7	3.173666701072441	1.5515924925774103
half_serum	LC:NCI-H460	magnitude_g1.00	ordinal	0.6235106912928166	0.39620374845278084	168	7	14.248350469505723	10.654409253290833
half_serum	LC:NCI-H460	magnitude_g1.25	magnitude_g2.00	0.03052405167424014	0.027638285086272585	81	7	3.173649814393448	1.551587387611586
half_serum	LC:NCI-H460	magnitude_g1.25	ordinal	0.6362469390950403	0.3962038405571886	180	7	14.710972636331377	10.65440925329079
half_serum	LC:NCI-H460	magnitude_g2.00	ordinal	0.6309789317968416	0.42499439181659393	175	8	14.64954970562498	10.677583153137993
half_serum	LC:NCI-H522	magnitude_g0.50	magnitude_g0.80	0.12516057115912765	0.040458858205693726	102	6	5.724393712530359	1.0869775689132064
half_serum	LC:NCI-H522	magnitude_g0.50	magnitude_g1.00	0.10728311358783653	0.04446898124523887	113	6	5.341967809838192	1.0205350837708846
half_serum	LC:NCI-H522	magnitude_g0.50	magnitude_g1.25	0.17176794008354943	0.11274326412164982	113	6	4.572714232216042	3.3240481410642904
half_serum	LC:NCI-H522	magnitude_g0.50	magnitude_g2.00	0.25141866575060884	0.15690310466697768	120	6	6.843171313249003	4.390567521549276
half_serum	LC:NCI-H522	magnitude_g0.50	ordinal	0.6215611459857436	0.5043805388938852	214	11	13.153735275938738	10.606248376830617
half_serum	LC:NCI-H522	magnitude_g0.80	magnitude_g1.00	0.03899730584135279	0.006001575018170532	91	5	3.5751857056516485	0.14740706177847862
half_serum	LC:NCI-H522	magnitude_g0.80	magnitude_g1.25	0.1616952806462419	0.10540672455888965	91	5	7.302995448226091	2.5535951533007974
half_serum	LC:NCI-H522	magnitude_g0.80	magnitude_g2.00	0.21153136099651632	0.15035258700222198	101	5	8.067318840811001	3.6201145337857827
half_serum	LC:NCI-H522	magnitude_g0.80	ordinal	0.6306697833306637	0.500194266323542	221	11	13.153735275938738	11.37670136459411
half_serum	LC:NCI-H522	magnitude_g1.00	magnitude_g1.25	0.12426413425200909	0.09940637058240787	62	5	4.6109369521743195	2.406188091522319
half_serum	LC:NCI-H522	magnitude_g1.00	magnitude_g2.00	0.20303113725628194	0.14435354094085875	88	5	6.843167003358777	3.472707472007304
half_serum	LC:NCI-H522	magnitude_g1.00	ordinal	0.6144709109279961	0.5033136334242212	215	11	13.153735275938738	11.524108426372589
half_serum	LC:NCI-H522	magnitude_g1.25	magnitude_g2.00	0.09807978348466787	0.04495969844392505	88	5	3.7621768924882084	1.0665193804849853
half_serum	LC:NCI-H522	magnitude_g1.25	ordinal	0.6151909116440739	0.5549912273325103	214	11	14.006783808815449	13.930296517894908
half_serum	LC:NCI-H522	magnitude_g2.00	ordinal	0.6330691207385732	0.578363946135171	216	11	15.073313960098284	14.996815898379893
half_serum	LE:CCRF-CEM	magnitude_g0.50	magnitude_g0.80	0.09225914030288043	0.044791569171114994	112	9	6.227851408704196	1.2639220829739326
half_serum	LE:CCRF-CEM	magnitude_g0.50	magnitude_g1.00	0.09246198038669615	0.04479159186711741	112	9	6.227850194120594	1.2639210785428254
half_serum	LE:CCRF-CEM	magnitude_g0.50	magnitude_g1.25	0.20487119650805705	0.09882393465643267	122	9	8.398039909456617	2.136964176198042
half_serum	LE:CCRF-CEM	magnitude_g0.50	magnitude_g2.00	0.23662163385490428	0.13881523544905666	130	10	9.047801084976575	3.066512962499917
half_serum	LE:CCRF-CEM	magnitude_g0.50	ordinal	0.7531489186342447	0.4653150385257947	226	11	18.282651877237736	12.529172315674728
half_serum	LE:CCRF-CEM	magnitude_g0.80	magnitude_g1.00	0.010711135945583422	5.354353041274056e-08	46	2	1.3551051272455088	1.120141588373258e-06
half_serum	LE:CCRF-CEM	magnitude_g0.80	magnitude_g1.25	0.16222812539140521	0.09166410659075575	70	5	5.4219067611301845	1.9186229112033528
half_serum	LE:CCRF-CEM	magnitude_g0.80	magnitude_g2.00	0.2117647333721722	0.13615331951533993	82	6	6.977622701988299	2.848171697505228
half_serum	LE:CCRF-CEM	magnitude_g0.80	ordinal	0.7509903032635178	0.4602756191292925	214	9	18.85700215042784	11.265250232700796
half_serum	LE:CCRF-CEM	magnitude_g1.00	magnitude_g1.25	0.16829935387295308	0.09166405338585132	78	5	5.42190244025565	1.9186217910617644
half_serum	LE:CCRF-CEM	magnitude_g1.00	magnitude_g2.00	0.21737093591264317	0.13615327869266644	86	6	6.977619560931329	2.8481705773636397
half_serum	LE:CCRF-CEM	magnitude_g1.00	ordinal	0.7434719992082724	0.460275641301012	208	9	18.857000573872767	11.265251237131903
half_serum	LE:CCRF-CEM	magnitude_g1.25	magnitude_g2.00	0.06113978428669178	0.0696233850638964	75	6	2.176182437905224	1.3983069599656912
half_serum	LE:CCRF-CEM	magnitude_g1.25	ordinal	0.7430098245710586	0.49933632164701697	213	9	16.156616216274863	12.98567955933275
half_serum	LE:CCRF-CEM	magnitude_g2.00	ordinal	0.7512575350955648	0.48368926656710853	221	9	15.355876333217548	13.317661268726177
half_serum	LE:HL-60(TB)	magnitude_g0.50	magnitude_g0.80	0.03334617788732325	0.004175376307708495	103	8	3.6335665375502635	0.10521181137579128
half_serum	LE:HL-60(TB)	magnitude_g0.50	magnitude_g1.00	0.022156721626137604	0.0142769909219661	104	8	1.2776231628037862	0.4037906009055854
half_serum	LE:HL-60(TB)	magnitude_g0.50	magnitude_g1.25	0.17650559269033456	0.09047955820251956	123	8	4.749544363579783	2.191754751405659
half_serum	LE:HL-60(TB)	magnitude_g0.50	magnitude_g2.00	0.1688257736976501	0.09047955796802591	126	8	3.9495443635798075	2.191754751405756
half_serum	LE:HL-60(TB)	magnitude_g0.50	ordinal	0.7128197632894325	0.43906987355726806	212	10	19.50133284539305	14.080807859456321
half_serum	LE:HL-60(TB)	magnitude_g0.80	magnitude_g1.00	0.03921797606421892	0.010355169725800117	67	5	4.211355593114199	0.349894311299785
half_serum	LE:HL-60(TB)	magnitude_g0.80	magnitude_g1.25	0.17572593077722043	0.08855013753463577	93	5	4.761368938327413	2.1318793809921477
half_serum	LE:HL-60(TB)	magnitude_g0.80	magnitude_g2.00	0.1867745672892288	0.08855013729968483	99	5	5.650677469236947	2.1318793809922445
half_serum	LE:HL-60(TB)	magnitude_g0.80	ordinal	0.7232743704499804	0.4373841908526372	185	7	19.648370428356976	14.072581923566755
half_serum	LE:HL-60(TB)	magnitude_g1.00	magnitude_g1.25	0.17505992684758007	0.08854694490451372	90	5	4.761239516183283	2.1318082946502095
half_serum	LE:HL-60(TB)	magnitude_g1.00	magnitude_g2.00	0.16642639697662426	0.08854694466956127	96	5	3.9612395161833076	2.1318082946503063
half_serum	LE:HL-60(TB)	magnitude_g1.00	ordinal	0.722209125067826	0.4477790641085711	187	7	19.298418030610573	14.42247623486654
half_serum	LE:HL-60(TB)	magnitude_g1.25	magnitude_g2.00	0.03660879355128173	1.416125276850882e-07	50	2	2.667957252366534	4.619798220417692e-06
half_serum	LE:HL-60(TB)	magnitude_g1.25	ordinal	0.6967156176209398	0.4299639903079284	182	7	17.202733835923606	14.6971042771314
half_serum	LE:HL-60(TB)	magnitude_g2.00	ordinal	0.7022709076012759	0.4299641296863241	190	7	17.20273383592365	14.69710889692962
half_serum	LE:K-562	magnitude_g0.50	magnitude_g0.80	0.11023329380860897	0.10697084879684055	78	5	6.325419507469934	3.642764907050786
half_serum	LE:K-562	magnitude_g0.50	magnitude_g1.00	0.1612675133891644	0.05694644143897658	84	5	8.066174952867062	1.9226295502024122
half_serum	LE:K-562	magnitude_g0.50	magnitude_g1.25	0.20565204587202826	0.0746959811706526	99	4	6.613101923697099	1.928012359780464
half_serum	LE:K-562	magnitude_g0.50	magnitude_g2.00	0.27023048712797204	0.20706194314488213	109	6	7.955431559900118	6.02213888023995
half_serum	LE:K-562	magnitude_g0.50	ordinal	0.5980259427709461	0.39090235002044754	200	9	17.21065509020436	8.080091986459633
half_serum	LE:K-562	magnitude_g0.80	magnitude_g1.00	0.14158359571848955	0.08543869824902049	74	5	4.360384737538524	2.3525662674714023
half_serum	LE:K-562	magnitude_g0.80	magnitude_g1.25	0.18241095246990455	0.12335174438661393	85	5	6.608387027915473	3.0225057761484226
half_serum	LE:K-562	magnitude_g0.80	magnitude_g2.00	0.20995836405312354	0.11520840777101965	99	6	5.673344070917678	2.379373973189164
half_serum	LE:K-562	magnitude_g0.80	ordinal	0.5866490491141125	0.48765203447224464	190	10	14.103262015823434	10.774781486807598
half_serum	LE:K-562	magnitude_g1.00	magnitude_g1.25	0.10011389065674388	0.03764085720644081	90	5	4.788776932177128	0.8229284821021698
half_serum	LE:K-562	magnitude_g1.00	magnitude_g2.00	0.1750454755661623	0.15169326602740202	92	6	6.374139354460883	4.099509330037538
half_serum	LE:K-562	magnitude_g1.00	ordinal	0.5983775828284355	0.42342836809556217	199	10	15.823397372671792	9.054646129959224
half_serum	LE:K-562	magnitude_g1.25	magnitude_g2.00	0.15004278385595018	0.13524757835634146	80	6	5.673215668433053	4.094126520459486
half_serum	LE:K-562	magnitude_g1.25	ordinal	0.5819419520516601	0.40971300966435586	194	9	15.818014563093731	9.060028939537276
half_serum	LE:K-562	magnitude_g2.00	ordinal	0.608226668505915	0.5264111451748307	204	10	13.182878165268454	13.154155459996762
half_serum	LE:MOLT-4	magnitude_g0.50	magnitude_g0.80	0.04269705568095097	0.022216485790179735	119	9	1.5479077720279095	0.8134333884521716
half_serum	LE:MOLT-4	magnitude_g0.50	magnitude_g1.00	0.07777475876295194	0.027698134474568925	122	9	4.836310738977588	0.9427156157053513
half_serum	LE:MOLT-4	magnitude_g0.50	magnitude_g1.25	0.1462772309000514	0.08478109714531247	125	9	7.500366656478292	1.5953860522747627
half_serum	LE:MOLT-4	magnitude_g0.50	magnitude_g2.00	0.20027605770036688	0.10238048712845003	129	9	9.49892978980524	2.136965276265716
half_serum	LE:MOLT-4	magnitude_g0.50	ordinal	0.6325093214644371	0.5308352109195135	207	11	15.211155234776918	12.7229186371383
half_serum	LE:MOLT-4	magnitude_g0.80	magnitude_g1.00	0.0363984781796338	0.005452535173454938	71	6	4.396147178846723	0.18206176554724296
half_serum	LE:MOLT-4	magnitude_g0.80	magnitude_g1.25	0.14087688621539807	0.08145233305384451	83	6	6.165750396408978	1.6783852991677524
half_serum	LE:MOLT-4	magnitude_g0.80	magnitude_g2.00	0.19822325869231086	0.10750306239791074	85	6	8.31992491910109	2.2199645231587057
half_serum	LE:MOLT-4	magnitude_g0.80	ordinal	0.6411256191745407	0.5164156604439093	201	9	15.527167787937184	11.909485248686128
half_serum	LE:MOLT-4	magnitude_g1.00	magnitude_g1.25	0.14820810263702594	0.07985857190001536	81	6	5.16411347613907	1.6783687454695224
half_serum	LE:MOLT-4	magnitude_g1.00	magnitude_g2.00	0.19569078954722563	0.10590511461931006	85	6	6.707953391089665	2.219947969460476
half_serum	LE:MOLT-4	magnitude_g1.00	ordinal	0.6357210265856446	0.5124522709437292	202	9	15.656453664798931	11.780203021432948
half_serum	LE:MOLT-4	magnitude_g1.25	magnitude_g2.00	0.06608514694487876	0.02604882273936838	81	5	4.397467285424975	0.5415792239909534
half_serum	LE:MOLT-4	magnitude_g1.25	ordinal	0.6068892643686622	0.5395102818937613	198	9	14.139074679163755	12.44023420344546
half_serum	LE:MOLT-4	magnitude_g2.00	ordinal	0.6111926748684812	0.5506315269095301	202	9	12.954591076571255	12.925868371299565
half_serum	ME:LOX IMVI	magnitude_g0.50	magnitude_g0.80	0.126735188463901	0.05197296661853801	84	6	3.9204068098586924	2.102044914324768
half_serum	ME:LOX IMVI	magnitude_g0.50	magnitude_g1.00	0.0983493392482292	0.05197237071602113	77	6	2.4741586826313773	2.1020248265346417
half_serum	ME:LOX IMVI	magnitude_g0.50	magnitude_g1.25	0.23829970558867639	0.12309285522804479	92	6	5.751031072784009	4.23850420239776
half_serum	ME:LOX IMVI	magnitude_g0.50	magnitude_g2.00	0.2764552536129536	0.1862380825702212	97	7	6.949112494928424	4.561676794891424
half_serum	ME:LOX IMVI	magnitude_g0.50	ordinal	0.6369908022294508	0.4567521544288576	194	9	17.464212259138353	8.420524833272026
half_serum	ME:LOX IMVI	magnitude_g0.80	magnitude_g1.00	0.036627068546026924	9.159666297690286e-07	69	5	4.4340350028044755	2.607657379716244e-05
half_serum	ME:LOX IMVI	magnitude_g0.80	magnitude_g1.25	0.18667079592614566	0.10622132764217096	73	5	7.400179147554108	2.1364592880729916
half_serum	ME:LOX IMVI	magnitude_g0.80	magnitude_g2.00	0.23274280931059727	0.17242961748076982	90	7	7.400179147554108	3.3085844717503567
half_serum	ME:LOX IMVI	magnitude_g0.80	ordinal	0.6405866123422962	0.481738267948567	188	9	16.892910546106272	10.522569747596794
half_serum	ME:LOX IMVI	magnitude_g1.00	magnitude_g1.25	0.19106718625302138	0.10622178329839833	79	5	5.587245142664312	2.136479375863118
half_serum	ME:LOX IMVI	magnitude_g1.00	magnitude_g2.00	0.23030468799834655	0.1724300812864388	88	7	6.949112494928424	3.3085771739896446
half_serum	ME:LOX IMVI	magnitude_g1.00	ordinal	0.6300236618373793	0.48173754573305777	189	9	16.892887438258093	10.522549659806668
half_serum	ME:LOX IMVI	magnitude_g1.25	magnitude_g2.00	0.0670058567468701	0.07177329252858942	83	7	1.4412113409512748	1.4412113409512748
half_serum	ME:LOX IMVI	magnitude_g1.25	ordinal	0.6188456090866433	0.5145243639634002	191	9	13.059029035669791	12.659029035669786
half_serum	ME:LOX IMVI	magnitude_g2.00	ordinal	0.6271985510660368	0.470490521606439	202	10	13.458699689881845	12.98220162816345
half_serum	ME:M14	magnitude_g0.50	magnitude_g0.80	0.11237592309708323	0.03847874895781343	96	5	4.114894243252611	1.2785989704222391
half_serum	ME:M14	magnitude_g0.50	magnitude_g1.00	0.08849295012652969	0.039865032735370905	86	5	2.469368801941732	1.3735167801189263
half_serum	ME:M14	magnitude_g0.50	magnitude_g1.25	0.10165903702259751	0.0444684123784019	101	5	2.354620463421904	1.5427515091989434
half_serum	ME:M14	magnitude_g0.50	magnitude_g2.00	0.2637905032227442	0.18873378965793478	113	6	7.442665746683488	5.181356315307102
half_serum	ME:M14	magnitude_g0.50	ordinal	0.5925811016004374	0.42704675657722013	198	10	10.773155724320823	9.63976071465287
half_serum	ME:M14	magnitude_g0.80	magnitude_g1.00	0.03403132010106783	0.003858253078128015	73	5	4.114894230709242	0.09491780969668717
half_serum	ME:M14	magnitude_g0.80	magnitude_g1.25	0.04784236607105191	0.010747668640698121	90	5	3.3499179397258247	0.2641525387767043
half_serum	ME:M14	magnitude_g0.80	magnitude_g2.00	0.22284370309576837	0.18750107793977802	83	6	7.977155259971267	3.902757344884863
half_serum	ME:M14	magnitude_g0.80	ordinal	0.5848378033956037	0.4367503093024472	192	10	10.9470823903468	10.918359685075108
half_serum	ME:M14	magnitude_g1.00	magnitude_g1.25	0.024276659699311802	0.006889421361155697	77	5	0.9692347290800498	0.16923472908001713
half_serum	ME:M14	magnitude_g1.00	magnitude_g2.00	0.22424778808130671	0.18365090007357368	90	6	7.442665746683488	3.807839535188176
half_serum	ME:M14	magnitude_g1.00	ordinal	0.604874783147909	0.4387253633890262	199	10	11.042000200043486	11.013277494771796
half_serum	ME:M14	magnitude_g1.25	magnitude_g2.00	0.22204939069876684	0.17677565006745039	90	6	7.4426647181838765	3.638604806108159
half_serum	ME:M14	magnitude_g1.25	ordinal	0.5906450831994644	0.4422521696292837	196	10	11.211234929123503	11.182512223851813
half_serum	ME:M14	magnitude_g2.00	ordinal	0.6036897153514257	0.4953878223172693	197	10	14.849839735231662	14.821117029959971
half_serum	ME:MDA-MB-435	magnitude_g0.50	magnitude_g0.80	0.056686486463110274	0.05338082174854332	89	6	3.0201764616503297	1.1157265291991214
half_serum	ME:MDA-MB-435	magnitude_g0.50	magnitude_g1.00	0.0497529406957121	0.06672206303571165	94	6	1.3736606322478355	1.3144983573945495
half_serum	ME:MDA-MB-435	magnitude_g0.50	magnitude_g1.25	0.22711790011375604	0.2204159392633428	101	6	6.746196831278259	4.400731419654868
half_serum	ME:MDA-MB-435	magnitude_g0.50	magnitude_g2.00	0.2570210092413807	0.24419413150655814	113	7	7.447958911861482	4.719671230522236
half_serum	ME:MDA-MB-435	magnitude_g0.50	ordinal	0.6200342092063522	0.4071272590095352	181	10	13.976189641676916	10.310286939591627
half_serum	ME:MDA-MB-435	magnitude_g0.80	magnitude_g1.00	0.041231761464896176	0.014686570666969413	69	5	2.991918174699788	0.3618905617666943
half_serum	ME:MDA-MB-435	magnitude_g0.80	magnitude_g1.25	0.21017638029228672	0.16628061280578108	76	5	6.746196831278259	4.012718439780288
half_serum	ME:MDA-MB-435	magnitude_g0.80	magnitude_g2.00	0.23751889945330024	0.18959131714344143	87	6	7.447958911861482	4.331658250647656
half_serum	ME:MDA-MB-435	magnitude_g0.80	ordinal	0.6316516700706679	0.42875358802651403	185	10	13.976189641676916	10.698299919466207
half_serum	ME:MDA-MB-435	magnitude_g1.00	magnitude_g1.25	0.1979896090311703	0.15160123031443334	79	5	6.746189899364215	3.650827878013594
half_serum	ME:MDA-MB-435	magnitude_g1.00	magnitude_g2.00	0.22658783414821998	0.17487640153714631	87	6	7.4479519799474385	3.969767688880962
half_serum	ME:MDA-MB-435	magnitude_g1.00	ordinal	0.6294470261845229	0.43617734192858465	179	10	13.976189641676916	11.060190481232901
half_serum	ME:MDA-MB-435	magnitude_g1.25	magnitude_g2.00	0.03563290574941636	0.02681418858635267	81	6	0.7017620805832232	0.47574235747849025
half_serum	ME:MDA-MB-435	magnitude_g1.25	ordinal	0.6506570964438484	0.5128158833147916	188	10	14.711018359246502	14.711018359246495
half_serum	ME:MDA-MB-435	magnitude_g2.00	ordinal	0.6556002181180751	0.4994624840436122	190	10	15.029958170113868	15.029958170113863
half_serum	ME:SK-MEL-2	magnitude_g0.50	magnitude_g0.80	0.05906579002358929	0.019913200228249384	112	9	4.687492548797853	0.4581510959661852
half_serum	ME:SK-MEL-2	magnitude_g0.50	magnitude_g1.00	0.059066337931599815	0.019913657732014353	112	9	4.687505458382411	0.4581524343176966
half_serum	ME:SK-MEL-2	magnitude_g0.50	magnitude_g1.25	0.2030258292815596	0.1591061373266465	116	9	6.729782591225678	3.1797907824913114
half_serum	ME:SK-MEL-2	magnitude_g0.50	magnitude_g2.00	0.2227510270129504	0.1603973480112849	129	10	7.0096468430608425	3.405226010439941
half_serum	ME:SK-MEL-2	magnitude_g0.50	ordinal	0.642519518433983	0.4554067504705812	199	10	15.717710342477652	11.381689553557706
half_serum	ME:SK-MEL-2	magnitude_g0.80	magnitude_g1.00	7.327188994554089e-07	5.75735007245644e-07	83	8	1.4354246824499484e-05	9.511119580807303e-06
half_serum	ME:SK-MEL-2	magnitude_g0.80	magnitude_g1.25	0.20181035602346634	0.15219668641451647	102	8	8.681838437582995	3.6379418784574966
half_serum	ME:SK-MEL-2	magnitude_g0.80	magnitude_g2.00	0.21789404938759618	0.15345433110920603	115	9	8.681838437582995	3.8633771064061264
half_serum	ME:SK-MEL-2	magnitude_g0.80	ordinal	0.652662424443948	0.45451806267907063	201	9	16.21346179370081	10.92353845759152
half_serum	ME:SK-MEL-2	magnitude_g1.00	magnitude_g1.25	0.20181029791868924	0.15219637076377224	102	8	8.681851347167552	3.637943216809008
half_serum	ME:SK-MEL-2	magnitude_g1.00	magnitude_g2.00	0.21789397011079048	0.15345401317064358	115	9	8.681851347167552	3.863378444757638
half_serum	ME:SK-MEL-2	magnitude_g1.00	ordinal	0.6526630439558812	0.45451862789537617	201	9	16.21347329610865	10.92353711924001
half_serum	ME:SK-MEL-2	magnitude_g1.25	magnitude_g2.00	0.02960404798874732	0.011082920413798958	80	6	1.0254352279487238	0.2254352279486298
half_serum	ME:SK-MEL-2	magnitude_g1.25	ordinal	0.6582838574771797	0.5345424491239019	209	9	14.561480336049017	14.561480336049017
half_serum	ME:SK-MEL-2	magnitude_g2.00	ordinal	0.6529142907582574	0.5353789735854972	198	9	14.786915563997647	14.786915563997647
half_serum	ME:SK-MEL-28	magnitude_g0.50	magnitude_g0.80	0.04524599598479871	0.012836713685065405	87	5	4.255067361296938	0.6750620178691769
half_serum	ME:SK-MEL-28	magnitude_g0.50	magnitude_g1.00	0.1873227853196028	0.15011158682925138	101	5	6.618085295136863	3.188894938905751
half_serum	ME:SK-MEL-28	magnitude_g0.50	magnitude_g1.25	0.20612828516611031	0.1564446097819232	104	5	6.7297912184009006	3.337616733571309
half_serum	ME:SK-MEL-28	magnitude_g0.50	magnitude_g2.00	0.21890265238730208	0.156444758209976	121	5	7.171710751594408	3.3376430390084604
half_serum	ME:SK-MEL-28	magnitude_g0.50	ordinal	0.6295904516743941	0.4744265903499438	211	11	16.278897344762388	11.04619006165885
half_serum	ME:SK-MEL-28	magnitude_g0.80	magnitude_g1.00	0.20646174323596367	0.1599788345975552	86	5	6.618085295136863	3.8639569567749277
half_serum	ME:SK-MEL-28	magnitude_g0.80	magnitude_g1.25	0.2252546633946255	0.1662790066698081	89	5	6.7297912184009006	4.012678751440486
half_serum	ME:SK-MEL-28	magnitude_g0.80	magnitude_g2.00	0.2383089402287708	0.16627915868932372	107	5	7.171710751594408	4.012705056877637
half_serum	ME:SK-MEL-28	magnitude_g0.80	ordinal	0.6276734534726117	0.46418714738943556	217	11	16.403682596556813	10.371128043789673
half_serum	ME:SK-MEL-28	magnitude_g1.00	magnitude_g1.25	0.02209422406007818	0.006303427681122894	82	5	0.9487217946654967	0.14872179466555835
half_serum	ME:SK-MEL-28	magnitude_g1.00	magnitude_g2.00	0.04088322580465626	0.006303506504293859	100	5	1.0950683326398303	0.14874810010270956
half_serum	ME:SK-MEL-28	magnitude_g1.00	ordinal	0.6209888388248584	0.5474059784155024	214	11	14.263807705836292	14.2350850005646
half_serum	ME:SK-MEL-28	magnitude_g1.25	magnitude_g2.00	0.019919126396103593	1.288259143566918e-06	88	5	1.0950683326398063	2.6305437151208366e-05
half_serum	ME:SK-MEL-28	magnitude_g1.25	ordinal	0.6249561494301309	0.5506851270208153	218	11	14.412529500501847	14.383806795230159
half_serum	ME:SK-MEL-28	magnitude_g2.00	ordinal	0.6321118417357815	0.5506852318914794	228	11	14.460331162385703	14.38383310066731
half_serum	ME:SK-MEL-5	magnitude_g0.50	magnitude_g0.80	0.14916338528354514	0.08771773321680376	125	9	3.7459963551601207	2.430144490047728
half_serum	ME:SK-MEL-5	magnitude_g0.50	magnitude_g1.00	0.12912496003072416	0.0877185094693379	119	9	3.1750001693454895	2.430179887428131
half_serum	ME:SK-MEL-5	magnitude_g0.50	magnitude_g1.25	0.19222184388881483	0.11841293527436797	132	9	5.074225307372551	3.0945472119458737
half_serum	ME:SK-MEL-5	magnitude_g0.50	magnitude_g2.00	0.2656407829922012	0.2470703796198657	137	11	6.712140501536046	5.432386799965548
half_serum	ME:SK-MEL-5	magnitude_g0.50	ordinal	0.5278018155975718	0.35028889155757353	193	11	11.43727009574497	9.506017493234916
half_serum	ME:SK-MEL-5	magnitude_g0.80	magnitude_g1.00	0.02268861298778049	1.6276327788403117e-06	62	4	2.44646136325301	3.539738040281293e-05
half_serum	ME:SK-MEL-5	magnitude_g0.80	magnitude_g1.25	0.07310845048885885	0.030763992822431772	83	4	2.0096335605015243	0.6644027218981456
half_serum	ME:SK-MEL-5	magnitude_g0.80	magnitude_g2.00	0.1621762107898297	0.15975993302924169	80	6	4.807737138996619	3.00224230991782
half_serum	ME:SK-MEL-5	magnitude_g0.80	ordinal	0.5305665248501124	0.335311205672286	186	10	11.17306893609026	9.493579423282142
half_serum	ME:SK-MEL-5	magnitude_g1.00	magnitude_g1.25	0.07420721645066149	0.03076236535384271	79	4	2.446446963615256	0.6643673245177428
half_serum	ME:SK-MEL-5	magnitude_g1.00	magnitude_g2.00	0.16764637525255066	0.15975833667399916	84	6	5.412591098519225	3.0022069125374173
half_serum	ME:SK-MEL-5	magnitude_g1.00	ordinal	0.5317558188365933	0.33531145510979427	192	10	11.173083335727988	9.493608471542766
half_serum	ME:SK-MEL-5	magnitude_g1.25	magnitude_g2.00	0.1286470227011983	0.12957844752305414	93	6	3.7919466841545653	2.5831532908550408
half_serum	ME:SK-MEL-5	magnitude_g1.25	ordinal	0.5382716939697126	0.34002229991808414	190	10	10.375495906409675	10.038810261885544
half_serum	ME:SK-MEL-5	magnitude_g2.00	ordinal	0.5494306530337404	0.3379207862562109	186	10	10.935445138704104	10.906724360772621
half_serum	ME:UACC-257	magnitude_g0.50	magnitude_g0.80	0.048651681734506624	0.018568223636474958	117	9	3.392945847744624	0.5998902605893583
half_serum	ME:UACC-257	magnitude_g0.50	magnitude_g1.00	0.030271039882371984	0.018485293059356613	110	8	0.8405173859040072	0.5972043988940587
half_serum	ME:UACC-257	magnitude_g0.50	magnitude_g1.25	0.16633578071811092	0.13590781345455613	112	8	6.26014923891515	2.6663911497726733
half_serum	ME:UACC-257	magnitude_g0.50	magnitude_g2.00	0.2079741718558373	0.1606936774146724	128	8	7.106073704697811	3.2502586153684057
half_serum	ME:UACC-257	magnitude_g0.50	ordinal	0.6456245213857107	0.48746468281049077	206	11	15.592668054783594	11.801237219977258
half_serum	ME:UACC-257	magnitude_g0.80	magnitude_g1.00	0.03421202091766607	0.007889290225562886	82	7	3.791361165516005	0.16076802671081758
half_serum	ME:UACC-257	magnitude_g0.80	magnitude_g1.25	0.18290985416547198	0.14383087309249906	111	9	6.038057144136591	3.2662814103620317
half_serum	ME:UACC-257	magnitude_g0.80	magnitude_g2.00	0.22527871672423933	0.1684874216464709	130	9	7.1762901081978026	3.850148875957764
half_serum	ME:UACC-257	magnitude_g0.80	ordinal	0.64756473002985	0.484525122157554	222	11	15.878203849396495	11.2013469593879
half_serum	ME:UACC-257	magnitude_g1.00	magnitude_g1.25	0.17100128120638383	0.13602858199846254	90	8	6.728772003604407	3.263595548666732
half_serum	ME:UACC-257	magnitude_g1.00	magnitude_g2.00	0.2117900387301191	0.16070182458836327	111	8	7.1762811516156875	3.8474630142624644
half_serum	ME:UACC-257	magnitude_g1.00	ordinal	0.6582378288790378	0.48510833482233107	219	11	16.073246973195563	11.2040328210832
half_serum	ME:UACC-257	magnitude_g1.25	magnitude_g2.00	0.046168126907763396	0.0246832456001959	82	5	1.1382329640612117	0.5838674655957323
half_serum	ME:UACC-257	magnitude_g1.25	ordinal	0.6442639267145501	0.5572794576974933	219	11	14.907357013175844	14.467628369749931
half_serum	ME:UACC-257	magnitude_g2.00	ordinal	0.6538334357779266	0.5701566323070584	219	11	15.567722540489967	15.051495835345664
half_serum	ME:UACC-62	magnitude_g0.50	magnitude_g0.80	0.049093979501861985	0.017830893247910453	104	7	3.013559982189797	0.6127778662354348
half_serum	ME:UACC-62	magnitude_g0.50	magnitude_g1.00	0.05186932205705914	0.018117508478114584	112	7	2.5382696033332213	0.6023736995029534
half_serum	ME:UACC-62	magnitude_g0.50	magnitude_g1.25	0.03781072835108822	0.0192952557902551	108	7	0.8655748593425567	0.6215130575124661
half_serum	ME:UACC-62	magnitude_g0.50	magnitude_g2.00	0.17237127744692818	0.12739446830496995	126	8	6.576413269452578	2.500813446765672
half_serum	ME:UACC-62	magnitude_g0.50	ordinal	0.6507516537002218	0.41418381680200017	191	9	15.420285630926152	10.358436073683318
half_serum	ME:UACC-62	magnitude_g0.80	magnitude_g1.00	0.006613812013462449	0.0006012389480423953	95	7	0.5138061581454556	0.012756017890501958
half_serum	ME:UACC-62	magnitude_g0.80	magnitude_g1.25	0.01927201581086857	0.001563753560244353	98	7	2.4562561291108516	0.028724347883247958
half_serum	ME:UACC-62	magnitude_g0.80	magnitude_g2.00	0.15233335828661665	0.12787667556447757	112	8	5.350893972197418	2.500813446765636
half_serum	ME:UACC-62	magnitude_g0.80	ordinal	0.650306464171228	0.40399798920637103	176	7	15.420285630926152	9.745658207447883
half_serum	ME:UACC-62	magnitude_g1.00	magnitude_g1.25	0.01807209101627868	0.001770402352123241	101	7	2.176182647545389	0.028546379580028258
half_serum	ME:UACC-62	magnitude_g1.00	magnitude_g2.00	0.1497057270915077	0.12728637916282246	111	8	5.348889066332345	2.500813446765696
half_serum	ME:UACC-62	magnitude_g1.00	ordinal	0.651722442233433	0.404107957056672	196	9	15.420285630926152	9.756062374180365
half_serum	ME:UACC-62	magnitude_g1.25	magnitude_g2.00	0.15525768962249412	0.12674190206665523	86	5	6.006667628711586	2.500813446765613
half_serum	ME:UACC-62	magnitude_g1.25	ordinal	0.6579768769254084	0.40535269209127167	196	9	15.420285630926152	9.736923016170852
half_serum	ME:UACC-62	magnitude_g2.00	ordinal	0.6575422518868388	0.3360496927830935	192	8	15.420285630926152	10.595520976094308
half_serum	OV:IGROV1	magnitude_g0.50	magnitude_g0.80	0.07141666460749119	0.050819892716746765	108	10	1.7650590581198298	0.9694508713601486
half_serum	OV:IGROV1	magnitude_g0.50	magnitude_g1.00	0.09102211945618668	0.051778997676729416	111	10	4.04524923213345	0.9592927017183612
half_serum	OV:IGROV1	magnitude_g0.50	magnitude_g1.25	0.11255564941873036	0.06036889048432614	122	9	3.2174920620206016	1.3396210159330133
half_serum	OV:IGROV1	magnitude_g0.50	magnitude_g2.00	0.18137237889278876	0.09279600683986722	138	10	4.07363710335113	2.1917534136554933
half_serum	OV:IGROV1	magnitude_g0.50	ordinal	0.64010900764666	0.42246170400775573	172	13	16.05150305691447	9.694878216690636
half_serum	OV:IGROV1	magnitude_g0.80	magnitude_g1.00	0.03340969034995099	0.0017368550016916128	102	8	3.7556026870462356	0.028675905795291556
half_serum	OV:IGROV1	magnitude_g0.80	magnitude_g1.25	0.04909778214257126	0.020981048331727255	108	8	2.927845516933387	0.3701701445728647
half_serum	OV:IGROV1	magnitude_g0.80	magnitude_g2.00	0.11821990288355877	0.05932929825476813	124	9	3.783990558263915	1.2223025422953446
half_serum	OV:IGROV1	magnitude_g0.80	ordinal	0.6209453782732569	0.39896678320364776	165	11	15.639319472723852	9.469176236154892
half_serum	OV:IGROV1	magnitude_g1.00	magnitude_g1.25	0.04343597754065566	0.020215192627018222	89	5	1.955305537885617	0.3803283142146521
half_serum	OV:IGROV1	magnitude_g1.00	magnitude_g2.00	0.1088907427428006	0.058565462676783885	107	7	2.7770649835480428	1.232460711937132
half_serum	OV:IGROV1	magnitude_g1.00	ordinal	0.626958163337817	0.39835143939093576	150	8	15.664589132858065	9.456624396079448
half_serum	OV:IGROV1	magnitude_g1.25	magnitude_g2.00	0.07400692979729898	0.038373349883481775	100	7	1.7527662626769471	0.85213239772248
half_serum	OV:IGROV1	magnitude_g1.25	ordinal	0.6159537293814781	0.403793814148585	150	8	15.32982700042874	9.787243810257992
half_serum	OV:IGROV1	magnitude_g2.00	ordinal	0.62829815646538	0.40905433219555026	158	10	15.530322904269433	10.113409992977267
half_serum	OV:NCI/ADR-RES	magnitude_g0.50	magnitude_g0.80	0.18852672873265405	0.2128461203237593	105	7	6.1377389905590505	6.137738988892716
half_serum	OV:NCI/ADR-RES	magnitude_g0.50	magnitude_g1.00	0.20127664317262958	0.21122737602373837	106	6	6.137742071620405	6.137742071620405
half_serum	OV:NCI/ADR-RES	magnitude_g0.50	magnitude_g1.25	0.20420372538745674	0.21122390501783267	103	6	6.137738995917797	6.1377389959177115
half_serum	OV:NCI/ADR-RES	magnitude_g0.50	magnitude_g2.00	0.2667359762048711	0.22202102945930927	119	7	8.02313216990559	3.8531242926942335
half_serum	OV:NCI/ADR-RES	magnitude_g0.50	ordinal	0.6885179495684222	0.6613253021584546	170	10	18.366128569939466	11.191663159253972
half_serum	OV:NCI/ADR-RES	magnitude_g0.80	magnitude_g1.00	0.016368688298867163	0.005994950825780296	72	7	1.1618447977541768	0.130485964185854
half_serum	OV:NCI/ADR-RES	magnitude_g0.80	magnitude_g1.25	0.020786642214772385	0.005994898980822995	69	6	2.104065937070055	0.130485964185997
half_serum	OV:NCI/ADR-RES	magnitude_g0.80	magnitude_g2.00	0.19090096317261504	0.2889697903770875	95	8	10.0	4.304584700278295
half_serum	OV:NCI/ADR-RES	magnitude_g0.80	ordinal	0.6334517861214305	0.544564319695225	170	10	17.930815318242608	9.87517081824856
half_serum	OV:NCI/ADR-RES	magnitude_g1.00	magnitude_g1.25	0.0044222108380806415	3.6641977141118354e-06	24	3	0.9422211393158783	0.00010696159504774982
half_serum	OV:NCI/ADR-RES	magnitude_g1.00	magnitude_g2.00	0.1860032797104458	0.28432290395744053	92	7	10.0	4.304587783005985
half_serum	OV:NCI/ADR-RES	magnitude_g1.00	ordinal	0.6281230780610256	0.5415317891035982	169	10	17.978703481485812	9.891133539329449
half_serum	OV:NCI/ADR-RES	magnitude_g1.25	magnitude_g2.00	0.1860000883653612	0.2843193181495915	87	7	9.999786076810798	4.30458470730329
half_serum	OV:NCI/ADR-RES	magnitude_g1.25	ordinal	0.6268005076548011	0.541535315422455	165	9	17.97859651989114	9.891240500924496
half_serum	OV:NCI/ADR-RES	magnitude_g2.00	ordinal	0.664540166513906	0.5939781993601488	180	9	14.218725654359577	13.040362763062735
half_serum	OV:OVCAR-3	magnitude_g0.50	magnitude_g0.80	0.03614674555641521	0.005200530873624977	114	7	3.0975273046347325	0.07893842933789452
half_serum	OV:OVCAR-3	magnitude_g0.50	magnitude_g1.00	0.015742753075118545	0.005200709916518193	107	7	0.8000000000000007	0.07894130282372691
half_serum	OV:OVCAR-3	magnitude_g0.50	magnitude_g1.25	0.05589343477996083	0.015232860025744102	116	7	3.182747836631413	0.4274698133710242
half_serum	OV:OVCAR-3	magnitude_g0.50	magnitude_g2.00	0.08546723610423942	0.015174481307165835	132	8	4.610570161066626	0.40451863020716416
half_serum	OV:OVCAR-3	magnitude_g0.50	ordinal	0.6846280827726212	0.39841254170898066	206	9	16.056696091239026	10.991124707933304
half_serum	OV:OVCAR-3	magnitude_g0.80	magnitude_g1.00	0.02103534195194714	1.7959460037447726e-07	69	3	3.0688068453268453	5.693816619967151e-06
half_serum	OV:OVCAR-3	magnitude_g0.80	magnitude_g1.25	0.03515738118631585	0.01004023630564027	85	5	3.1827254989755698	0.3517069136529667
half_serum	OV:OVCAR-3	magnitude_g0.80	magnitude_g2.00	0.06368243232179163	0.010805663486820659	102	6	4.540066621301875	0.32875573048910667
half_serum	OV:OVCAR-3	magnitude_g0.80	ordinal	0.6755589466274311	0.3966361959435251	185	6	16.056696091239026	10.915361808215247
half_serum	OV:OVCAR-3	magnitude_g1.00	magnitude_g1.25	0.04153636181248991	0.010040057027816086	84	5	3.182642374891445	0.3517012198363467
half_serum	OV:OVCAR-3	magnitude_g1.00	magnitude_g2.00	0.07209684421964305	0.010805548026799675	101	6	4.5400723569025	0.3287500366724867
half_serum	OV:OVCAR-3	magnitude_g1.00	ordinal	0.6904513149218592	0.39663609358032736	190	6	16.056696091239026	10.915356114398627
half_serum	OV:OVCAR-3	magnitude_g1.25	magnitude_g2.00	0.03274230048001712	0.0033831121976858067	80	6	4.264282508337061	0.07649630113275063
half_serum	OV:OVCAR-3	magnitude_g1.25	ordinal	0.6896839371407525	0.38934371961097214	195	7	16.056696091239026	10.56365489456228
half_serum	OV:OVCAR-3	magnitude_g2.00	ordinal	0.6827450116757166	0.3896809724967948	199	7	16.073676651035967	10.58660607772614
half_serum	OV:OVCAR-4	magnitude_g0.50	magnitude_g0.80	0.08891199352478144	0.04404391801534316	102	9	4.303200257135305	0.9387300600813671
half_serum	OV:OVCAR-4	magnitude_g0.50	magnitude_g1.00	0.08139632834705128	0.04448626266146914	119	9	1.856239847109141	0.9387270199598943
half_serum	OV:OVCAR-4	magnitude_g0.50	magnitude_g1.25	0.09877908417037647	0.05093442733178213	128	9	2.189874694232873	0.8680511614137787
half_serum	OV:OVCAR-4	magnitude_g0.50	magnitude_g2.00	0.19843391090404436	0.09706768783371238	147	9	5.082524432361245	2.188251904598874
half_serum	OV:OVCAR-4	magnitude_g0.50	ordinal	0.5239779621508027	0.39206846296085923	183	13	12.546866634327277	10.006436454368608
half_serum	OV:OVCAR-4	magnitude_g0.80	magnitude_g1.00	0.04625573679195941	0.003441793535866914	88	5	5.054190891522982	0.11419016727102438
half_serum	OV:OVCAR-4	magnitude_g0.80	magnitude_g1.25	0.04650324192833929	0.011691559922133884	95	5	3.0155566312296034	0.31724378989155966
half_serum	OV:OVCAR-4	magnitude_g0.80	magnitude_g2.00	0.12235882180911106	0.053220849106348354	124	7	3.328529028559063	1.2495218445175071
half_serum	OV:OVCAR-4	magnitude_g0.80	ordinal	0.5239498755947699	0.3755050623349791	170	9	11.883275809476395	10.001139574468114
half_serum	OV:OVCAR-4	magnitude_g1.00	magnitude_g1.25	0.04456595655071711	0.015132487615045048	89	5	2.0386620548124625	0.43143395716258404
half_serum	OV:OVCAR-4	magnitude_g1.00	magnitude_g2.00	0.1275643651501451	0.05322033984772638	106	7	5.833515066748921	1.24952488463898
half_serum	OV:OVCAR-4	magnitude_g1.00	ordinal	0.5142012029666047	0.37893457142877557	170	9	11.654895474934293	10.115329741739139
half_serum	OV:OVCAR-4	magnitude_g1.25	magnitude_g2.00	0.12122141019680889	0.05585221409320278	91	6	3.7948530119364583	1.3202007431850955
half_serum	OV:OVCAR-4	magnitude_g1.25	ordinal	0.5143629259626596	0.3659760840645035	173	8	11.76925488053184	9.683895784576555
half_serum	OV:OVCAR-4	magnitude_g2.00	ordinal	0.5434274124738464	0.373230820014963	191	10	11.333433416109726	10.470994053746434
half_serum	OV:OVCAR-5	magnitude_g0.50	magnitude_g0.80	0.054812772694218546	0.023626107768996225	109	6	2.713811590646877	0.4746172705683662
half_serum	OV:OVCAR-5	magnitude_g0.50	magnitude_g1.00	0.0986676170664747	0.06324429901195129	127	10	2.5030610134533586	1.0910307406250515
half_serum	OV:OVCAR-5	magnitude_g0.50	magnitude_g1.25	0.1426355956558412	0.07762492625389439	139	10	3.5114154323778104	1.5556162232410418
half_serum	OV:OVCAR-5	magnitude_g0.50	magnitude_g2.00	0.2167393554243809	0.19768111570579555	157	10	4.631859979926255	3.8256744325259975
half_serum	OV:OVCAR-5	magnitude_g0.50	ordinal	0.674846311506612	0.4370673372261371	208	10	18.530436674518725	13.264187399887376
half_serum	OV:OVCAR-5	magnitude_g0.80	magnitude_g1.00	0.0894774865831225	0.04090158235084985	118	8	4.91071313806296	0.7541379718283387
half_serum	OV:OVCAR-5	magnitude_g0.80	magnitude_g1.25	0.13132898788034525	0.05515953979109456	131	8	4.680783708342546	1.297914501474648
half_serum	OV:OVCAR-5	magnitude_g0.80	magnitude_g2.00	0.19502943563965242	0.18220126423275626	139	9	5.902570885988325	3.7122445578747856
half_serum	OV:OVCAR-5	magnitude_g0.80	ordinal	0.6972794871962449	0.44988862566506505	204	10	19.122530031550134	13.738804670455742
half_serum	OV:OVCAR-5	magnitude_g1.00	magnitude_g1.25	0.049014967664422315	0.02621611126070253	98	8	2.6424008186453194	0.5437765296463093
half_serum	OV:OVCAR-5	magnitude_g1.00	magnitude_g2.00	0.13956796389666318	0.15668234010280452	134	10	2.958106586046448	2.958106586046447
half_serum	OV:OVCAR-5	magnitude_g1.00	ordinal	0.6892469376760592	0.46042886636211394	199	11	17.96218289802289	14.203851688413693
half_serum	OV:OVCAR-5	magnitude_g1.25	magnitude_g2.00	0.11779511827018872	0.13094929528858903	113	8	2.6424008186453194	2.583153290855013
half_serum	OV:OVCAR-5	magnitude_g1.25	ordinal	0.6853185266682275	0.4531163635288546	186	10	17.49336997084832	14.23882062803961
half_serum	OV:OVCAR-5	magnitude_g2.00	ordinal	0.6942019355647892	0.4009871498069184	196	8	16.513227736687607	14.712112589779611
half_serum	OV:OVCAR-8	magnitude_g0.50	magnitude_g0.80	0.16449250646585228	0.09141813169780834	95	7	8.147808040215926	2.9965483679710676
half_serum	OV:OVCAR-8	magnitude_g0.50	magnitude_g1.00	0.149691064929057	0.09141828264227507	88	7	8.147811246561806	2.99653667576176
half_serum	OV:OVCAR-8	magnitude_g0.50	magnitude_g1.25	0.2088498347431413	0.10580817511498762	89	8	9.467655748609143	2.463732686610676
half_serum	OV:OVCAR-8	magnitude_g0.50	magnitude_g2.00	0.2573347052112895	0.17141046585240252	103	7	6.8431750545685635	5.78650381615298
half_serum	OV:OVCAR-8	magnitude_g0.50	ordinal	0.653288087644147	0.572923278555716	198	10	17.01721491451672	8.299003704095282
half_serum	OV:OVCAR-8	magnitude_g0.80	magnitude_g1.00	0.025734595359960775	8.465220443180375e-07	73	6	2.575774124216963	1.5913659144661807e-05
half_serum	OV:OVCAR-8	magnitude_g0.80	magnitude_g1.25	0.12631812984262325	0.08740456937394732	84	7	3.9597943177593127	2.0705415799458216
half_serum	OV:OVCAR-8	magnitude_g0.80	magnitude_g2.00	0.1591136901261287	0.11177194642631795	92	7	8.213135946782536	2.789955448181912
half_serum	OV:OVCAR-8	magnitude_g0.80	ordinal	0.6385071021143306	0.6195195537039715	202	11	16.005891214115938	9.329511981905002
half_serum	OV:OVCAR-8	magnitude_g1.00	magnitude_g1.25	0.11518416165633487	0.0874042073981693	80	7	3.9597846807777084	2.070525666286677
half_serum	OV:OVCAR-8	magnitude_g1.00	magnitude_g2.00	0.16907017365763527	0.11177241541186436	92	7	8.213139153128417	2.7899671403912194
half_serum	OV:OVCAR-8	magnitude_g1.00	ordinal	0.6490457275014648	0.6195192715094031	202	11	16.005883743355508	9.329500289695694
half_serum	OV:OVCAR-8	magnitude_g1.25	magnitude_g2.00	0.16421895853077184	0.14557231131708007	94	8	9.532983655175753	4.67914396211652
half_serum	OV:OVCAR-8	magnitude_g1.25	ordinal	0.6282279172512142	0.5401962240569664	209	11	17.469051756135723	7.440323467970394
half_serum	OV:OVCAR-8	magnitude_g2.00	ordinal	0.6344287693980302	0.6891872838735453	202	10	13.254269146655098	12.119467430086914
half_serum	OV:SK-OV-3	magnitude_g0.50	magnitude_g0.80	0.10790661515347275	0.047355131227355206	119	7	3.1981949635663907	1.1159176973253335
half_serum	OV:SK-OV-3	magnitude_g0.50	magnitude_g1.00	0.1108636467355576	0.049077876850941275	120	9	2.6356419669027153	1.1412136851906616
half_serum	OV:SK-OV-3	magnitude_g0.50	magnitude_g1.25	0.13756741861518548	0.05509267878582955	137	9	2.940427979262751	1.1600350841452864
half_serum	OV:SK-OV-3	magnitude_g0.50	magnitude_g2.00	0.13994774003904176	0.055093070342907176	136	9	4.029553826224346	1.1600351028723312
half_serum	OV:SK-OV-3	magnitude_g0.50	ordinal	0.6638342254903862	0.36965286429594424	221	9	15.252723436569589	9.054139113980696
half_serum	OV:SK-OV-3	magnitude_g0.80	magnitude_g1.00	0.019111288020295828	0.007946119442730663	95	8	1.037732185502065	0.29507380801158317
half_serum	OV:SK-OV-3	magnitude_g0.80	magnitude_g1.25	0.04664200879251765	0.01266097625518355	113	9	3.2136664451572057	0.2950700925204174
half_serum	OV:SK-OV-3	magnitude_g0.80	magnitude_g2.00	0.060479230652978465	0.012660975720813525	117	9	3.3226447256434954	0.2950573549623082
half_serum	OV:SK-OV-3	magnitude_g0.80	ordinal	0.68691034874203	0.3894808360455168	219	9	15.252723436569589	9.961913249713485
half_serum	OV:SK-OV-3	magnitude_g1.00	magnitude_g1.25	0.037099691255791115	0.007356780208146976	119	9	3.207013436523658	0.26671308954214273
half_serum	OV:SK-OV-3	magnitude_g1.00	magnitude_g2.00	0.047841594314938084	0.0073575603335205445	119	9	3.207013436523658	0.26673854641465583
half_serum	OV:SK-OV-3	magnitude_g1.00	ordinal	0.6885635814562006	0.3915270195833615	221	11	15.252723436569589	9.821682785940803
half_serum	OV:SK-OV-3	magnitude_g1.25	magnitude_g2.00	0.033130982491336246	7.817902770344695e-07	38	3	2.387421358295101	2.5456872513096584e-05
half_serum	OV:SK-OV-3	magnitude_g1.25	ordinal	0.70752977185241	0.39716838189163756	205	10	15.458933453637371	9.908164541980664
half_serum	OV:SK-OV-3	magnitude_g2.00	ordinal	0.7073678091942907	0.3971687653718604	210	10	15.458920715833514	9.908177279935853
half_serum	PR:DU-145	magnitude_g0.50	magnitude_g0.80	0.10679165116202641	0.06994501415544949	125	11	3.0640544047514795	1.7791635660579272
half_serum	PR:DU-145	magnitude_g0.50	magnitude_g1.00	0.15994071493279802	0.09229639530069017	122	9	3.816815661685971	2.458032913597143
half_serum	PR:DU-145	magnitude_g0.50	magnitude_g1.25	0.21370666492933868	0.12307703079579749	143	9	5.636983199864395	3.1224371956630943
half_serum	PR:DU-145	magnitude_g0.50	magnitude_g2.00	0.27236681906260113	0.25030382896289716	139	12	5.4602767836827795	5.4602767836827795
half_serum	PR:DU-145	magnitude_g0.50	ordinal	0.6086359757062387	0.3794423524096046	197	10	15.962497461069379	9.26309977508176
half_serum	PR:DU-145	magnitude_g0.80	magnitude_g1.00	0.060329447303961864	0.03098904623917687	72	6	3.816815661685971	0.6788693475392158
half_serum	PR:DU-145	magnitude_g0.80	magnitude_g1.25	0.11997452904968801	0.061749975347130955	87	6	5.636983199864395	1.343273629605167
half_serum	PR:DU-145	magnitude_g0.80	magnitude_g2.00	0.20502230120524184	0.1898701143682159	85	7	6.836235864434324	3.6811132176248518
half_serum	PR:DU-145	magnitude_g0.80	ordinal	0.6044520323458425	0.3838474923504487	178	9	15.846473292514945	7.678709328655662
half_serum	PR:DU-145	magnitude_g1.00	magnitude_g1.25	0.06404827175598116	0.03076406468998032	87	4	1.8201675381784241	0.6644042820659513
half_serum	PR:DU-145	magnitude_g1.00	magnitude_g2.00	0.15985744118978318	0.15961688082941763	88	7	6.986273997679133	3.002243870085636
half_serum	PR:DU-145	magnitude_g1.00	ordinal	0.6009469247929456	0.38001790369213084	174	7	15.584524777475274	7.9406578530977665
half_serum	PR:DU-145	magnitude_g1.25	magnitude_g2.00	0.12461042879676766	0.1294342902294444	96	7	5.951487678359781	2.5831532908548054
half_serum	PR:DU-145	magnitude_g1.25	ordinal	0.5927520969559124	0.3852066448801257	180	7	15.03936174469391	8.4858899720264
half_serum	PR:DU-145	magnitude_g2.00	ordinal	0.5987996323954288	0.3123387973289951	184	9	14.64039800823699	9.34914597497189
half_serum	PR:PC-3	magnitude_g0.50	magnitude_g0.80	0.052239652757003985	0.012909549300366694	84	4	3.556920996056312	0.7073485807185644
half_serum	PR:PC-3	magnitude_g0.50	magnitude_g1.00	0.05325360511385013	0.012909549582442063	89	4	3.5569450262596627	0.7073485780399569
half_serum	PR:PC-3	magnitude_g0.50	magnitude_g1.25	0.06993684091776023	0.012909420832433034	87	4	9.251391145113635	0.7073436885884377
half_serum	PR:PC-3	magnitude_g0.50	magnitude_g2.00	0.15755202226414367	0.11579271960223897	100	5	9.251391145113635	2.50082616669237
half_serum	PR:PC-3	magnitude_g0.50	ordinal	0.6514578638764982	0.4088412025959049	191	7	15.008081689570265	10.571412089368218
half_serum	PR:PC-3	magnitude_g0.80	magnitude_g1.00	0.006568317178991284	7.51093702620739e-10	24	0	0.6775509987406974	2.3029518625428125e-08
half_serum	PR:PC-3	magnitude_g0.80	magnitude_g1.25	0.039794181709856394	3.209687864227544e-07	76	4	5.694470149057323	9.7842605133458e-06
half_serum	PR:PC-3	magnitude_g0.80	magnitude_g2.00	0.13501537077829245	0.12674229562007353	90	5	5.694470149057323	2.5008261666923355
half_serum	PR:PC-3	magnitude_g0.80	ordinal	0.6625456978878994	0.3973614604861631	197	7	14.862222810134371	9.864063508649654
half_serum	PR:PC-3	magnitude_g1.00	magnitude_g1.25	0.04006774447426793	3.2139207040297136e-07	72	4	5.694446118853972	9.778904130453014e-06
half_serum	PR:PC-3	magnitude_g1.00	magnitude_g2.00	0.1328855921562193	0.1267422955024156	86	5	5.694446118853972	2.500826158635049
half_serum	PR:PC-3	magnitude_g1.00	ordinal	0.6587361193430407	0.39736146054783583	195	7	14.862222807455758	9.864063511328261
half_serum	PR:PC-3	magnitude_g1.25	magnitude_g2.00	0.11390221074170154	0.12674202287859507	82	5	3.4718411605161217	2.500826166692317
half_serum	PR:PC-3	magnitude_g1.25	ordinal	0.6383152905315628	0.3973615074722858	192	7	14.862217918004255	9.86406840077978
half_serum	PR:PC-3	magnitude_g2.00	ordinal	0.6472245431306554	0.337874770856397	192	7	14.467986202846767	10.722661468573094
half_serum	RE:A498	magnitude_g0.50	magnitude_g0.80	0.11488053148619948	0.06013672531140941	118	7	4.652086950920089	1.2482492608264084
half_serum	RE:A498	magnitude_g0.50	magnitude_g1.00	0.1255361613584849	0.060140122773066136	128	7	4.613875827609823	1.2482707508384165
half_serum	RE:A498	magnitude_g0.50	magnitude_g1.25	0.15028511372627534	0.06061793174503639	130	7	4.891606431716364	1.3331278546175214
half_serum	RE:A498	magnitude_g0.50	magnitude_g2.00	0.20771368754587352	0.17942869375276937	153	8	4.564234890615506	3.398354337868404
half_serum	RE:A498	magnitude_g0.50	ordinal	0.5788329989074944	0.3692666634091825	175	9	20.48526511318087	8.547114967035352
half_serum	RE:A498	magnitude_g0.80	magnitude_g1.00	0.02006944279225132	4.804736910333077e-06	109	7	0.8961168663352242	8.355506621471331e-05
half_serum	RE:A498	magnitude_g0.80	magnitude_g1.25	0.05027933561251745	0.00729137059551167	115	7	3.144061230283539	0.175278458021495
half_serum	RE:A498	magnitude_g0.80	magnitude_g2.00	0.1156139034510648	0.1201960918182236	137	8	2.9828776757509585	2.5008331510250885
half_serum	RE:A498	magnitude_g0.80	ordinal	0.5876427299387472	0.3822571096946513	186	9	20.48526511318087	9.556928691669548
half_serum	RE:A498	magnitude_g1.00	magnitude_g1.25	0.03640149871304253	0.0072887450224959	103	7	3.144061230283539	0.17532644412438536
half_serum	RE:A498	magnitude_g1.00	magnitude_g2.00	0.10357747474263315	0.12019287610960573	126	8	2.982849146263077	2.5008331510251365
half_serum	RE:A498	magnitude_g1.00	ordinal	0.5870212623217308	0.38225641283510037	186	9	20.48526511318087	9.556976677772438
half_serum	RE:A498	magnitude_g1.25	magnitude_g2.00	0.10900720874248901	0.1195182482539301	112	6	3.4203822078912336	2.500833151025062
half_serum	RE:A498	magnitude_g1.25	ordinal	0.5864542430894847	0.3785239380540849	167	6	20.48526511318087	9.381650233648053
half_serum	RE:A498	magnitude_g2.00	ordinal	0.6015592376178955	0.3354665626448425	172	7	20.48526511318087	9.790370660662786
half_serum	RE:ACHN	magnitude_g0.50	magnitude_g0.80	0.02799060352812512	0.010811173336063504	75	5	0.8000000000000006	0.26787236802156844
half_serum	RE:ACHN	magnitude_g0.50	magnitude_g1.00	0.16804827901348857	0.11357892794938637	88	6	4.211417459793755	3.6779655402782243
half_serum	RE:ACHN	magnitude_g0.50	magnitude_g1.25	0.2550027018184378	0.16350812209013724	98	6	8.280008983241952	5.27794725598725
half_serum	RE:ACHN	magnitude_g0.50	magnitude_g2.00	0.3001938500046636	0.1505973672945506	99	5	7.614829653512752	2.6947939651324466
half_serum	RE:ACHN	magnitude_g0.50	ordinal	0.5627109121306512	0.333290676492709	167	9	13.033782780520857	8.70915687078114
half_serum	RE:ACHN	magnitude_g0.80	magnitude_g1.00	0.1597871672766723	0.1121137818017148	80	6	3.8363796521060154	3.6276008072524792
half_serum	RE:ACHN	magnitude_g0.80	magnitude_g1.25	0.2594091196705808	0.16119979567367262	100	6	7.904510530486596	5.227582522961505
half_serum	RE:ACHN	magnitude_g0.80	magnitude_g2.00	0.3028390492461001	0.14970949715386292	99	5	7.239791845825012	2.667291732672257
half_serum	RE:ACHN	magnitude_g0.80	ordinal	0.57172406660847	0.332699754767569	176	9	12.884568917388506	8.957132779604077
half_serum	RE:ACHN	magnitude_g1.00	magnitude_g1.25	0.11254234784944438	0.05008585170221212	96	5	4.561205813666591	1.5999817157090255
half_serum	RE:ACHN	magnitude_g1.00	magnitude_g2.00	0.19469895868926876	0.12978670469332126	98	5	4.53981198067703	2.630950422500205
half_serum	RE:ACHN	magnitude_g1.00	ordinal	0.5451669068339573	0.36732396170551096	184	10	10.195849894634726	8.921028163822005
half_serum	RE:ACHN	magnitude_g1.25	magnitude_g2.00	0.14521038546343573	0.1535952653175585	83	5	5.611010175866894	2.872093549214327
half_serum	RE:ACHN	magnitude_g1.25	ordinal	0.5689143895723281	0.4198124334445867	187	10	10.195849894634726	9.37963708738412
half_serum	RE:ACHN	magnitude_g2.00	ordinal	0.5790070545797598	0.35331528501987575	185	9	10.753159571905314	10.676661510186925
half_serum	RE:CAKI-1	magnitude_g0.50	magnitude_g0.80	0.06670499088158734	0.036393067090092705	122	8	1.658175879161695	0.6450885034729965
half_serum	RE:CAKI-1	magnitude_g0.50	magnitude_g1.00	0.17132394278083712	0.08563818953118647	102	5	5.431547691387589	1.7350627752340362
half_serum	RE:CAKI-1	magnitude_g0.50	magnitude_g1.25	0.1903275993034986	0.08702148699618044	130	8	6.03534082665028	1.764797309588202
half_serum	RE:CAKI-1	magnitude_g0.50	magnitude_g2.00	0.24882924343496612	0.21149984956947607	136	10	7.0375663838495806	4.088427819672155
half_serum	RE:CAKI-1	magnitude_g0.50	ordinal	0.6669848772795773	0.3904667603462009	183	10	16.988191208767553	8.753949500011823
half_serum	RE:CAKI-1	magnitude_g0.80	magnitude_g1.00	0.11537128474192733	0.05555610442537032	111	7	3.794193094063163	1.0899742717610397
half_serum	RE:CAKI-1	magnitude_g0.80	magnitude_g1.25	0.1324885796164168	0.05693994621373233	120	7	4.377164947488587	1.1197088061152054
half_serum	RE:CAKI-1	magnitude_g0.80	magnitude_g2.00	0.19797515054758866	0.18189380275511474	134	9	5.379390504687887	3.4685831110633756
half_serum	RE:CAKI-1	magnitude_g0.80	ordinal	0.6770147313077414	0.38811852673037356	193	9	17.17277241276379	8.964107809461932
half_serum	RE:CAKI-1	magnitude_g1.00	magnitude_g1.25	0.028353146070977952	0.008490587692676467	106	7	0.7378956336209672	0.23012720339152892
half_serum	RE:CAKI-1	magnitude_g1.00	magnitude_g2.00	0.12715659443004498	0.12737551876894598	123	9	3.794193094063163	2.580099187813185
half_serum	RE:CAKI-1	magnitude_g1.00	ordinal	0.6945718060488588	0.4009206326053997	194	9	16.77668614167771	9.963468279324669
half_serum	RE:CAKI-1	magnitude_g1.25	magnitude_g2.00	0.10951357463499625	0.1260092493181229	83	6	3.20521079961764	2.580099187813171
half_serum	RE:CAKI-1	magnitude_g1.25	ordinal	0.6997895736420842	0.3933675069098277	174	6	17.16066642208056	9.73334107593314
half_serum	RE:CAKI-1	magnitude_g2.00	ordinal	0.6904708986793578	0.32745363882888157	169	6	17.106795326715613	10.251193845674495
half_serum	RE:RXF 393	magnitude_g0.50	magnitude_g0.80	0.14632910127672472	0.06245468107034716	119	7	5.886717400367113	1.2490202234900378
half_serum	RE:RXF 393	magnitude_g0.50	magnitude_g1.00	0.13275844277061208	0.06245421292254842	116	7	4.313107263987415	1.2490504845889827
half_serum	RE:RXF 393	magnitude_g0.50	magnitude_g1.25	0.15245167258028258	0.05659672158698883	122	8	5.009968991169952	1.3560816222412235
half_serum	RE:RXF 393	magnitude_g0.50	magnitude_g2.00	0.21197051323374727	0.18180040525620328	136	8	6.953061006478171	3.466299843281585
half_serum	RE:RXF 393	magnitude_g0.50	ordinal	0.5251852162985995	0.33404353385372754	196	9	12.020793185225855	9.002408444093327
half_serum	RE:RXF 393	magnitude_g0.80	magnitude_g1.00	0.02576044515317617	2.787644795267261e-06	114	7	1.573663181926105	8.04545500479037e-05
half_serum	RE:RXF 393	magnitude_g0.80	magnitude_g1.25	0.05427501683524203	0.01348090438485149	118	8	3.15578327518847	0.5525926139024726
half_serum	RE:RXF 393	magnitude_g0.80	magnitude_g2.00	0.10844932722513168	0.12044214164074067	120	8	2.997639424502291	2.5769544947934424
half_serum	RE:RXF 393	magnitude_g0.80	ordinal	0.5222189594637171	0.345683630342307	188	9	10.982338862016185	10.04328607934862
half_serum	RE:RXF 393	magnitude_g1.00	magnitude_g1.25	0.033689759961415565	0.013478452459356697	104	8	3.1545071251981844	0.5525121593524247
half_serum	RE:RXF 393	magnitude_g1.00	magnitude_g2.00	0.11037144733237952	0.12044249309969901	118	8	2.99758637895588	2.576954494793479
half_serum	RE:RXF 393	magnitude_g1.00	ordinal	0.5331199033848455	0.34568227991743067	205	9	10.982346338667877	10.043205624798572
half_serum	RE:RXF 393	magnitude_g1.25	magnitude_g2.00	0.11881141557160227	0.12558459437078814	77	5	3.166134744433966	2.5769275603772375
half_serum	RE:RXF 393	magnitude_g1.25	ordinal	0.5393577872698951	0.33612090503302294	184	6	11.362948888682592	9.490693465446148
half_serum	RE:RXF 393	magnitude_g2.00	ordinal	0.5415367818692808	0.32864062120549814	180	6	10.362844685734215	10.286346624015822
half_serum	RE:SN12C	magnitude_g0.50	magnitude_g0.80	0.04024602607098521	0.06244737610502121	80	7	1.135210042142928	1.1352100421429245
half_serum	RE:SN12C	magnitude_g0.50	magnitude_g1.00	0.059808765023633546	0.08388461954518743	101	7	1.4544775082805916	1.4544749479735035
half_serum	RE:SN12C	magnitude_g0.50	magnitude_g1.25	0.1925012774666513	0.22753283704305516	101	7	6.137836393705441	6.137836393705405
half_serum	RE:SN12C	magnitude_g0.50	magnitude_g2.00	0.2428357424951127	0.22094853487815555	104	7	6.8431803803864835	4.927187753828276
half_serum	RE:SN12C	magnitude_g0.50	ordinal	0.5860505603374323	0.6027851116243366	190	11	13.915173455187045	9.259148719467714
half_serum	RE:SN12C	magnitude_g0.80	magnitude_g1.00	0.02195441182612929	0.02109903748202949	80	6	0.5472723814488383	0.5472723814488383
half_serum	RE:SN12C	magnitude_g0.80	magnitude_g1.25	0.16163798833894255	0.17468943509380785	84	6	6.137824455617739	6.137824455617726
half_serum	RE:SN12C	magnitude_g0.80	magnitude_g2.00	0.22119392249443742	0.1573347874226442	103	7	6.8431803803864835	3.7919777116853517
half_serum	RE:SN12C	magnitude_g0.80	ordinal	0.6034392326533508	0.6364846209672231	200	11	13.694422113840664	10.121058174967583
half_serum	RE:SN12C	magnitude_g1.00	magnitude_g1.25	0.14138018828488336	0.15878548230869025	69	6	5.590552074168913	5.590552074168888
half_serum	RE:SN12C	magnitude_g1.00	magnitude_g2.00	0.20428834671020316	0.1531875770752677	89	7	6.8431803803864835	3.4727128058547727
half_serum	RE:SN12C	magnitude_g1.00	ordinal	0.6024138393004043	0.638017346963358	209	11	13.37516237533528	10.440323080798162
half_serum	RE:SN12C	magnitude_g1.25	magnitude_g2.00	0.15366517369261187	0.19915438604262656	86	7	10.0	6.137836393705425
half_serum	RE:SN12C	magnitude_g1.25	ordinal	0.5583311954917933	0.570724608912173	205	11	13.231377697842285	11.04846394360181
half_serum	RE:SN12C	magnitude_g2.00	ordinal	0.6187611200456374	0.72605073366108	208	11	14.029296645758484	13.913035886652935
half_serum	RE:TK-10	magnitude_g0.50	magnitude_g0.80	0.07718169124106708	0.024005999364443364	110	7	3.298710278443573	0.5888401198216502
half_serum	RE:TK-10	magnitude_g0.50	magnitude_g1.00	0.13556579997929216	0.04984015912614893	117	8	5.6369496094512	1.28926838297651
half_serum	RE:TK-10	magnitude_g0.50	magnitude_g1.25	0.20387000434374777	0.17900168153536805	130	8	5.8142103009634445	3.4205207815746825
half_serum	RE:TK-10	magnitude_g0.50	magnitude_g2.00	0.20020105965137364	0.18090289907179252	130	10	6.585004564586636	3.4205207815746164
half_serum	RE:TK-10	magnitude_g0.50	ordinal	0.5419240655769307	0.3467228345880918	205	11	14.189142662287196	7.185095335666667
half_serum	RE:TK-10	magnitude_g0.80	magnitude_g1.00	0.067900674997868	0.028177986629354418	104	8	2.3382393310076277	0.7342820830189059
half_serum	RE:TK-10	magnitude_g0.80	magnitude_g1.25	0.14915637673167936	0.15515108352932538	117	8	4.446568709957642	3.0721170140342733
half_serum	RE:TK-10	magnitude_g0.80	magnitude_g2.00	0.160971009547779	0.15705821934417596	129	10	4.708313673867821	3.072117014034207
half_serum	RE:TK-10	magnitude_g0.80	ordinal	0.5646164253935567	0.35991515134277613	202	11	14.35648062830073	7.092330030926405
half_serum	RE:TK-10	magnitude_g1.00	magnitude_g1.25	0.10461905752443608	0.12928988462237095	75	5	3.4307057936051573	2.5831481451828067
half_serum	RE:TK-10	magnitude_g1.00	magnitude_g2.00	0.11820259653774552	0.13120134637774006	87	7	3.692450757515336	2.583148145182781
half_serum	RE:TK-10	magnitude_g1.00	ordinal	0.5743184420055946	0.35375938770593185	184	9	14.585000137080165	7.016405862810972
half_serum	RE:TK-10	magnitude_g1.25	magnitude_g2.00	0.024788620015095204	0.001933479894616894	52	3	0.8000000000000219	0.06176417392989464
half_serum	RE:TK-10	magnitude_g1.25	ordinal	0.5649871910466917	0.31333256546334837	184	9	13.726417324469779	7.875002276888166
half_serum	RE:TK-10	magnitude_g2.00	ordinal	0.5765528589464406	0.31529376802554604	195	11	14.129000901708972	7.936766450818061
lower_task	BR:BT-549	magnitude_g0.50	magnitude_g0.80	0.12225978583615875	0.038752220547973025	120	8	6.1331560826038425	1.0735855918934867
lower_task	BR:BT-549	magnitude_g0.50	magnitude_g1.00	0.11656240023179465	0.038752222173533156	116	8	6.133155645562466	1.0735855702279977
lower_task	BR:BT-549	magnitude_g0.50	magnitude_g1.25	0.11466322818829876	0.03875228442169382	118	9	6.133160731109637	1.073584734819864
lower_task	BR:BT-549	magnitude_g0.50	magnitude_g2.00	0.235343571552985	0.2441519144307319	132	9	6.6887487748145595	5.032959738248705
lower_task	BR:BT-549	magnitude_g0.50	ordinal	0.7684878682830775	0.46430434302889545	195	11	23.94123429245422	10.166516479528344
lower_task	BR:BT-549	magnitude_g0.80	magnitude_g1.00	0.01287557898923631	3.3708687726858998e-09	16	0	1.7970900658329843	6.490518544843837e-08
lower_task	BR:BT-549	magnitude_g0.80	magnitude_g1.25	0.010965501864591165	1.3382390506713916e-07	33	4	1.7970917759305713	2.5675630312971265e-06
lower_task	BR:BT-549	magnitude_g0.80	magnitude_g2.00	0.1891275258123843	0.2075260418766223	76	6	9.712327834042316	4.548326691565037
lower_task	BR:BT-549	magnitude_g0.80	ordinal	0.7956842128826889	0.4745662635960694	203	11	23.47023121709517	11.24010207142183
lower_task	BR:BT-549	magnitude_g1.00	magnitude_g1.25	0.0019102688724084254	1.3045304161767898e-07	27	4	0.3278597866795224	2.502657845848688e-06
lower_task	BR:BT-549	magnitude_g1.00	magnitude_g2.00	0.18913002791377173	0.20752604025503035	86	6	7.915237768209333	4.548326626659851
lower_task	BR:BT-549	magnitude_g1.00	ordinal	0.7857735832152674	0.4745662608215151	193	11	23.470231217002688	11.240102049756342
lower_task	BR:BT-549	magnitude_g1.25	magnitude_g2.00	0.18912998992058944	0.20752597729384747	84	6	7.915236058111746	4.548324124002005
lower_task	BR:BT-549	magnitude_g1.25	ordinal	0.7857735705500499	0.4745661534618672	194	11	23.47023121343771	11.240101214348208
lower_task	BR:BT-549	magnitude_g2.00	ordinal	0.7898186050267973	0.44379665467574814	206	11	20.203948597968104	13.066207862357171
lower_task	BR:MCF7	magnitude_g0.50	magnitude_g0.80	0.11799327043023863	0.07052481538093393	91	6	4.567032667705441	1.2279352860182158
lower_task	BR:MCF7	magnitude_g0.50	magnitude_g1.00	0.16869865681190396	0.12133334700499912	110	9	5.470060020574401	3.7820529903061164
lower_task	BR:MCF7	magnitude_g0.50	magnitude_g1.25	0.22333485384453033	0.1268754724454386	115	9	6.569195982457877	3.511568265790206
lower_task	BR:MCF7	magnitude_g0.50	magnitude_g2.00	0.23064928213364272	0.11746121105104482	123	9	6.56919598245773	3.163483938228348
lower_task	BR:MCF7	magnitude_g0.50	ordinal	0.7223309767313684	0.4860258547885526	155	12	20.774726177858465	16.531812493094662
lower_task	BR:MCF7	magnitude_g0.80	magnitude_g1.00	0.1417845271354572	0.09457909482937336	101	8	4.06439634809259	3.2506866341333813
lower_task	BR:MCF7	magnitude_g0.80	magnitude_g1.25	0.16686691727163339	0.07523403527585745	107	8	5.004144107292448	2.980201909617471
lower_task	BR:MCF7	magnitude_g0.80	magnitude_g2.00	0.17149722553371943	0.07523403520575131	107	8	5.0041441072923005	2.632117582055613
lower_task	BR:MCF7	magnitude_g0.80	ordinal	0.7063219455864759	0.446137051457722	158	11	20.855687604561748	15.359514287300499
lower_task	BR:MCF7	magnitude_g1.00	magnitude_g1.25	0.07651771474957937	0.036960168686928876	70	5	4.509648335122027	0.8260306471624119
lower_task	BR:MCF7	magnitude_g1.00	magnitude_g2.00	0.09194052842047741	0.04672973169388101	81	5	5.463859091819255	1.1741149747245867
lower_task	BR:MCF7	magnitude_g1.00	ordinal	0.7020452756428144	0.38232068216515924	155	10	18.92324344639162	14.70609540568342
lower_task	BR:MCF7	magnitude_g1.25	magnitude_g2.00	0.018482557279473448	0.009835286682913192	33	2	2.1046923880155495	0.3480843275621748
lower_task	BR:MCF7	magnitude_g1.25	ordinal	0.6909538806222711	0.3944728750811624	158	11	17.40875885714417	15.532126052845832
lower_task	BR:MCF7	magnitude_g2.00	ordinal	0.6880634907194879	0.4040673909542575	161	11	17.06068106625126	15.880210380408007
lower_task	BR:T-47D	magnitude_g0.50	magnitude_g0.80	0.2061515028224168	0.14728551297517195	124	9	9.999999999999998	2.857073069553671
lower_task	BR:T-47D	magnitude_g0.50	magnitude_g1.00	0.21286478554156085	0.1503788631768613	124	9	9.999999999999998	2.8111201717151957
lower_task	BR:T-47D	magnitude_g0.50	magnitude_g1.25	0.21841705337694228	0.151218437783361	125	10	9.999999999999998	2.791765904821748
lower_task	BR:T-47D	magnitude_g0.50	magnitude_g2.00	0.31626170627596434	0.2157729489929068	138	10	9.999999999999998	5.063318638795163
lower_task	BR:T-47D	magnitude_g0.50	ordinal	0.7363215097225029	0.43095223459526344	189	12	20.803462032541365	11.666341316945307
lower_task	BR:T-47D	magnitude_g0.80	magnitude_g1.00	0.008587199257472729	0.005042208739766574	99	8	0.18108316524645518	0.100528935781389
lower_task	BR:T-47D	magnitude_g0.80	magnitude_g1.25	0.01490653681020475	0.006823023183082408	106	9	0.5706980003942265	0.13244157569482695
lower_task	BR:T-47D	magnitude_g0.80	magnitude_g2.00	0.144927963273077	0.07300473181056459	115	9	4.138433643197556	2.206245569241492
lower_task	BR:T-47D	magnitude_g0.80	ordinal	0.836284799788572	0.539749730926924	202	12	23.706186200744046	14.523414386498978
lower_task	BR:T-47D	magnitude_g1.00	magnitude_g1.25	0.006421802030958337	0.0017810193516829085	105	9	0.5706980003942265	0.03191263991343796
lower_task	BR:T-47D	magnitude_g1.00	magnitude_g2.00	0.1402691351413852	0.07028152553867978	116	9	4.010359162608368	2.2521984670799675
lower_task	BR:T-47D	magnitude_g1.00	ordinal	0.8375314705506228	0.5372974895198932	204	12	23.731007072067523	14.477461488660502
lower_task	BR:T-47D	magnitude_g1.25	magnitude_g2.00	0.13812831809022322	0.06947988263049162	87	7	3.9587957556241653	2.271552733973415
lower_task	BR:T-47D	magnitude_g1.25	ordinal	0.8376670063437776	0.5364097658578361	181	11	23.727770261986926	14.458107221767055
lower_task	BR:T-47D	magnitude_g2.00	ordinal	0.8303114966741193	0.5626796871972725	186	10	20.98749264669444	16.72965995574047
lower_task	CNS:SF-268	magnitude_g0.50	magnitude_g0.80	0.06034542013766797	0.029105828617153856	108	8	1.1642766278462773	0.5281222107660515
lower_task	CNS:SF-268	magnitude_g0.50	magnitude_g1.00	0.1399369634196614	0.06752927806352371	134	10	5.376200222860156	1.378529131736924
lower_task	CNS:SF-268	magnitude_g0.50	magnitude_g1.25	0.18679027461412562	0.07396318454456065	134	10	5.376200222860156	1.842635691216857
lower_task	CNS:SF-268	magnitude_g0.50	magnitude_g2.00	0.3019195613473043	0.211992382335344	147	11	7.031135411669696	4.7128327867608135
lower_task	CNS:SF-268	magnitude_g0.50	ordinal	0.6994954307854456	0.6137219846089536	184	13	16.321616767590342	16.321616767590335
lower_task	CNS:SF-268	magnitude_g0.80	magnitude_g1.00	0.09110233396605882	0.03856550903049229	115	9	5.872909328992281	1.09173794048872
lower_task	CNS:SF-268	magnitude_g0.80	magnitude_g1.25	0.1430410399841464	0.04728707159192285	118	9	4.998950730075962	1.4653861984326633
lower_task	CNS:SF-268	magnitude_g0.80	magnitude_g2.00	0.26480179696767997	0.20057913333629598	131	10	7.031135411669696	4.33558329397662
lower_task	CNS:SF-268	magnitude_g0.80	ordinal	0.7178114550712248	0.6221003957302046	193	12	17.070290037381277	16.03482557634213
lower_task	CNS:SF-268	magnitude_g1.00	magnitude_g1.25	0.0945656563857562	0.047951317526268945	72	5	4.135477876607191	1.0328742935657278
lower_task	CNS:SF-268	magnitude_g1.00	magnitude_g2.00	0.23683013627070937	0.20007876393245663	85	6	9.415985479654582	4.056886440786821
lower_task	CNS:SF-268	magnitude_g1.00	ordinal	0.7263579927447145	0.6039754647647967	194	12	18.332556606763916	14.94308763585341
lower_task	CNS:SF-268	magnitude_g1.25	magnitude_g2.00	0.15920680958749495	0.18171046066085866	81	6	5.280507603047391	4.056886440786817
lower_task	CNS:SF-268	magnitude_g1.25	ordinal	0.7190755197541346	0.6277024106757468	191	12	17.299682313198183	15.975961929419137
lower_task	CNS:SF-268	magnitude_g2.00	ordinal	0.7209351896101803	0.5115695899861049	199	12	17.1867588773493	16.604842423752306
lower_task	CNS:SF-295	magnitude_g0.50	magnitude_g0.80	0.13584534632736298	0.05877279928674499	137	10	4.21832746692707	1.0965765425022944
lower_task	CNS:SF-295	magnitude_g0.50	magnitude_g1.00	0.1229653950273768	0.05877281082054687	139	10	3.4492397284998266	1.096576940798096
lower_task	CNS:SF-295	magnitude_g0.50	magnitude_g1.25	0.17515510777780094	0.1243141640465838	140	10	4.970423566727211	2.5918776267495343
lower_task	CNS:SF-295	magnitude_g0.50	magnitude_g2.00	0.3038836545845962	0.2886833726681548	147	11	9.230647058255988	5.954197257214785
lower_task	CNS:SF-295	magnitude_g0.50	ordinal	0.6907677775166441	0.5711539640868222	186	13	16.625323639328176	14.24507253408483
lower_task	CNS:SF-295	magnitude_g0.80	magnitude_g1.00	0.029684058826168643	1.6009061582754017e-08	34	0	3.873455713206361	3.982958016734983e-07
lower_task	CNS:SF-295	magnitude_g0.80	magnitude_g1.25	0.09747717672542743	0.06612621901918035	77	5	3.873455713206361	1.9186201836506882
lower_task	CNS:SF-295	magnitude_g0.80	magnitude_g2.00	0.21467646407279029	0.23213831338039756	80	6	6.877753522768905	4.857620714712491
lower_task	CNS:SF-295	magnitude_g0.80	ordinal	0.7103094133734912	0.5693034611261585	180	11	18.087519300866223	14.918329977183676
lower_task	CNS:SF-295	magnitude_g1.00	magnitude_g1.25	0.08488770507773818	0.06612620751517749	69	5	3.151581235419325	1.9186200202231696
lower_task	CNS:SF-295	magnitude_g1.00	magnitude_g2.00	0.21883490118692742	0.23213830225898285	70	6	8.444133503061812	4.857620316416689
lower_task	CNS:SF-295	magnitude_g1.00	ordinal	0.7149313335515584	0.5693034600548903	178	11	18.603476195922948	14.918330140611195
lower_task	CNS:SF-295	magnitude_g1.25	magnitude_g2.00	0.1528595535647422	0.19647076670575706	69	6	6.1790529618802115	4.454035135756696
lower_task	CNS:SF-295	magnitude_g1.25	ordinal	0.7258529937355801	0.6095627157516221	182	11	16.921940909598007	16.836950160834363
lower_task	CNS:SF-295	magnitude_g2.00	ordinal	0.7174472568882017	0.49310876995089825	182	11	17.313906392253642	17.228913478576047
lower_task	CNS:SF-539	magnitude_g0.50	magnitude_g0.80	0.01381977350403469	0.00232974014672868	100	7	1.2491537252188731	0.04279837672885556
lower_task	CNS:SF-539	magnitude_g0.50	magnitude_g1.00	0.08117261142324639	0.03176918782433621	112	8	4.722910050289586	0.8513591910010936
lower_task	CNS:SF-539	magnitude_g0.50	magnitude_g1.25	0.08522833633847808	0.03458289532822022	118	8	3.9622358221669254	0.8547131776755377
lower_task	CNS:SF-539	magnitude_g0.50	magnitude_g2.00	0.16828895176080258	0.10472042059515824	131	9	6.37231585032652	2.6768039459684463
lower_task	CNS:SF-539	magnitude_g0.50	ordinal	0.6717302978650082	0.38796018638650626	132	7	17.01240380809654	12.535178810726315
lower_task	CNS:SF-539	magnitude_g0.80	magnitude_g1.00	0.084186469612457	0.030120420976059242	89	5	4.616556003558619	0.8411171648111111
lower_task	CNS:SF-539	magnitude_g0.80	magnitude_g1.25	0.08400487369591533	0.032935730195894034	98	6	3.8558817754359582	0.8119148009466821
lower_task	CNS:SF-539	magnitude_g0.80	magnitude_g2.00	0.16247255319453704	0.10349213897412199	109	7	5.950862117182604	2.6423376026352177
lower_task	CNS:SF-539	magnitude_g0.80	ordinal	0.6797594186428135	0.38961396435478746	149	9	17.009853406855672	12.569645154059543
lower_task	CNS:SF-539	magnitude_g1.00	magnitude_g1.25	0.019920929265084195	0.01060691163072534	95	7	1.1564617510072255	0.19832252859925045
lower_task	CNS:SF-539	magnitude_g1.00	magnitude_g2.00	0.1237281937271726	0.0773474773464436	110	8	7.026242841013732	2.538403606753766
lower_task	CNS:SF-539	magnitude_g1.00	ordinal	0.6758805484217845	0.3840247502735015	152	9	17.01240380809654	12.673579149940995
lower_task	CNS:SF-539	magnitude_g1.25	magnitude_g2.00	0.11177386183953335	0.07556585835213794	72	6	5.869781090006507	2.463780314288803
lower_task	CNS:SF-539	magnitude_g1.25	ordinal	0.6862169167818335	0.3902977238234645	163	10	17.01240380809654	12.748202442405958
lower_task	CNS:SF-539	magnitude_g2.00	ordinal	0.719738644795407	0.45926028388261325	169	11	15.296980603048533	15.211982756694761
lower_task	CNS:SNB-19	magnitude_g0.50	magnitude_g0.80	0.209402446646886	0.138753242680242	127	10	9.319607842273658	3.528793835692518
lower_task	CNS:SNB-19	magnitude_g0.50	magnitude_g1.00	0.2161963349955349	0.1365446650398075	129	10	9.319607842273658	3.3556941342236932
lower_task	CNS:SNB-19	magnitude_g0.50	magnitude_g1.25	0.22899877532869772	0.13411856619552148	127	10	9.319607842273658	3.165808838828834
lower_task	CNS:SNB-19	magnitude_g0.50	magnitude_g2.00	0.3080671000921394	0.13739799933784258	148	11	12.039191175026502	3.2080495641009517
lower_task	CNS:SNB-19	magnitude_g0.50	ordinal	0.7990834783527268	0.5943573681415341	195	12	23.646322052211836	16.429526728851947
lower_task	CNS:SNB-19	magnitude_g0.80	magnitude_g1.00	0.013391942777921008	0.008569014613486274	66	6	0.3842819924165486	0.17309970146882492
lower_task	CNS:SNB-19	magnitude_g0.80	magnitude_g1.25	0.040680089736705165	0.0184429661275511	98	9	4.119574031019543	0.362984996863684
lower_task	CNS:SNB-19	magnitude_g0.80	magnitude_g2.00	0.1525150961215883	0.0910116534837902	130	11	7.170591816573765	1.4721542778260592
lower_task	CNS:SNB-19	magnitude_g0.80	ordinal	0.8140960327846856	0.6744052160552213	204	11	19.96449124418416	19.958320564544465
lower_task	CNS:SNB-19	magnitude_g1.00	magnitude_g1.25	0.02993229455085305	0.009868989617717523	96	9	4.119232119256886	0.21249726908140565
lower_task	CNS:SNB-19	magnitude_g1.00	magnitude_g2.00	0.14446910422925013	0.08381733717665434	126	11	6.809118677779542	1.359309866352456
lower_task	CNS:SNB-19	magnitude_g1.00	ordinal	0.8131494375566278	0.6692174059263564	201	11	19.79139154271533	19.785220863075644
lower_task	CNS:SNB-19	magnitude_g1.25	magnitude_g2.00	0.1241493267569097	0.07722632524854074	123	11	6.123299588922679	1.2975661493312254
lower_task	CNS:SNB-19	magnitude_g1.25	ordinal	0.816212118894653	0.6658656726559812	201	11	20.119090988394916	19.595335567680785
lower_task	CNS:SNB-19	magnitude_g2.00	ordinal	0.8346426231586692	0.6561865443457486	214	12	20.717484422070857	19.6375762929529
lower_task	CNS:SNB-75	magnitude_g0.50	magnitude_g0.80	0.09626322035460502	0.06923387169589376	99	7	2.009918741261364	1.0252121460896062
lower_task	CNS:SNB-75	magnitude_g0.50	magnitude_g1.00	0.1418297227835783	0.08004273851001033	118	10	3.831074925205236	1.8055734658416451
lower_task	CNS:SNB-75	magnitude_g0.50	magnitude_g1.25	0.22737566787711552	0.12008500093930871	132	10	5.84742321498074	2.733615081946005
lower_task	CNS:SNB-75	magnitude_g0.50	magnitude_g2.00	0.3512003668252042	0.23881884745494916	134	10	8.809801616681506	4.40553527281023
lower_task	CNS:SNB-75	magnitude_g0.50	ordinal	0.7948336276390462	0.5035683315015446	183	10	22.642816401173626	15.247633084398762
lower_task	CNS:SNB-75	magnitude_g0.80	magnitude_g1.00	0.07278618833997708	0.05615089470682021	104	9	1.8211561839438728	1.0002859233166355
lower_task	CNS:SNB-75	magnitude_g0.80	magnitude_g1.25	0.15995739567146883	0.07905853609475227	118	9	4.820942048894647	1.9442210787888232
lower_task	CNS:SNB-75	magnitude_g0.80	magnitude_g2.00	0.2979527817588545	0.23592668376112821	118	10	9.180690827181529	4.405531882852868
lower_task	CNS:SNB-75	magnitude_g0.80	ordinal	0.8325852952146633	0.550954316563127	183	10	24.00611621088922	16.200657356326126
lower_task	CNS:SNB-75	magnitude_g1.00	magnitude_g1.25	0.09658931048409881	0.04187086457857804	115	8	3.7178393079047813	0.9439351554721878
lower_task	CNS:SNB-75	magnitude_g1.00	magnitude_g2.00	0.24143890633119555	0.19392885959303374	122	9	8.5919273764061	3.4052459595362325
lower_task	CNS:SNB-75	magnitude_g1.00	ordinal	0.8184179282464383	0.5203086028956767	202	11	23.68620384350631	15.576638714417031
lower_task	CNS:SNB-75	magnitude_g1.25	magnitude_g2.00	0.17160034506295616	0.16126045573517062	101	9	5.664797820219692	3.21239274188434
lower_task	CNS:SNB-75	magnitude_g1.25	ordinal	0.8377840920775015	0.5304604737950873	213	11	22.507759598776186	15.93266162259952
lower_task	CNS:SNB-75	magnitude_g2.00	ordinal	0.8451379945119376	0.4794137161800272	205	11	20.175213107091338	16.102858828435906
lower_task	CNS:U251	magnitude_g0.50	magnitude_g0.80	0.040895902920958536	0.01565717888581897	88	6	3.561734127552417	0.3821394808736847
lower_task	CNS:U251	magnitude_g0.50	magnitude_g1.00	0.11063273686612166	0.06985852335215932	125	9	2.2532169102923336	1.4337050844408807
lower_task	CNS:U251	magnitude_g0.50	magnitude_g1.25	0.2022414566746224	0.08521453111051669	133	9	5.598428470938567	1.9828345635119526
lower_task	CNS:U251	magnitude_g0.50	magnitude_g2.00	0.3046597405835258	0.13694123496403976	140	11	10.627207183752555	3.596926713510164
lower_task	CNS:U251	magnitude_g0.50	ordinal	0.8149340555026371	0.5852804284325722	177	10	24.798337678957306	16.784886468321474
lower_task	CNS:U251	magnitude_g0.80	magnitude_g1.00	0.09760978500945484	0.057339980756279524	118	9	3.8556469116783174	1.4252266776303646
lower_task	CNS:U251	magnitude_g0.80	magnitude_g1.25	0.1665756945725685	0.06974973963480643	119	9	5.598428470938569	1.8052394378098575
lower_task	CNS:U251	magnitude_g0.80	magnitude_g2.00	0.2733468238411473	0.12283911830607684	126	11	10.389257522940339	3.419331587808069
lower_task	CNS:U251	magnitude_g0.80	ordinal	0.8317304499689098	0.5855965169819126	179	10	25.428850638790937	16.776408061510956
lower_task	CNS:U251	magnitude_g1.00	magnitude_g1.25	0.1321941608811117	0.06924085572513003	113	8	4.959958501484892	1.734248812117901
lower_task	CNS:U251	magnitude_g1.00	magnitude_g2.00	0.24856592715396222	0.12851802884549576	120	10	9.361530030546325	3.9962793559785244
lower_task	CNS:U251	magnitude_g1.00	ordinal	0.8254519887156225	0.5592665247817364	194	10	25.611831956726377	15.351181383880594
lower_task	CNS:U251	magnitude_g1.25	magnitude_g2.00	0.13511937035944097	0.08855442935314801	97	10	5.424262347758602	2.2620305438606234
lower_task	CNS:U251	magnitude_g1.25	ordinal	0.8320035768041052	0.6020277555162454	201	10	23.500636736896766	17.085430195998494
lower_task	CNS:U251	magnitude_g2.00	ordinal	0.8344116533875177	0.6043707459575159	201	11	22.106896983917395	19.347460739859116
lower_task	CO:COLO 205	magnitude_g0.50	magnitude_g0.80	0.1339083199735933	0.054272197153193036	135	8	4.402192301720975	1.3007609237258129
lower_task	CO:COLO 205	magnitude_g0.50	magnitude_g1.00	0.12135202480554291	0.05733364337771865	142	8	2.842185212463256	1.3007609237258002
lower_task	CO:COLO 205	magnitude_g0.50	magnitude_g1.25	0.149742243280704	0.07145380594186679	153	8	5.395461381818189	1.3007609237258067
lower_task	CO:COLO 205	magnitude_g0.50	magnitude_g2.00	0.2719438125019715	0.19474556947537566	157	9	7.567148825737096	5.0439970357687525
lower_task	CO:COLO 205	magnitude_g0.50	ordinal	0.7084181489309094	0.427264911111859	162	9	15.366837808078685	12.726979262898418
lower_task	CO:COLO 205	magnitude_g0.80	magnitude_g1.00	0.038299316521316344	0.005030716700209898	100	7	5.159078959916327	0.10072668471851798
lower_task	CO:COLO 205	magnitude_g0.80	magnitude_g1.25	0.050901342008306635	0.018967962015389958	106	7	3.211753837891385	0.4932931421303999
lower_task	CO:COLO 205	magnitude_g0.80	magnitude_g2.00	0.2183762164336151	0.15548879896101755	118	8	6.19289464118588	4.287491321201882
lower_task	CO:COLO 205	magnitude_g0.80	ordinal	0.7196039498645225	0.45609356671067836	202	12	14.354750023989588	13.483484977465288
lower_task	CO:COLO 205	magnitude_g1.00	magnitude_g1.25	0.05871052153092554	0.01582518370065771	104	7	5.673101364312096	0.5188768808545023
lower_task	CO:COLO 205	magnitude_g1.00	magnitude_g2.00	0.20138844004390194	0.15241539942271873	112	8	6.19289464118588	4.335082948084791
lower_task	CO:COLO 205	magnitude_g1.00	ordinal	0.7348784682378349	0.4596176259522071	207	12	14.354750023989588	13.43589335058238
lower_task	CO:COLO 205	magnitude_g1.25	magnitude_g2.00	0.1859513061405475	0.13643996654105087	84	6	6.19289464118588	3.8564712113225585
lower_task	CO:COLO 205	magnitude_g1.25	ordinal	0.732064671015705	0.4745434322422892	210	12	14.354740493728148	13.914505087344612
lower_task	CO:COLO 205	magnitude_g2.00	ordinal	0.7475016847769029	0.5512239610527768	210	12	17.85584098036869	17.770976298667172
lower_task	CO:HCC-2998	magnitude_g0.50	magnitude_g0.80	0.07929995843613662	0.059498824232713896	112	10	3.9693153823951715	1.5160369881591462
lower_task	CO:HCC-2998	magnitude_g0.50	magnitude_g1.00	0.14115383722122513	0.1447030242039722	114	10	7.4615623832549485	3.2621704956104227
lower_task	CO:HCC-2998	magnitude_g0.50	magnitude_g1.25	0.1456656437109427	0.14470298777485713	121	10	7.419082543642931	3.262169123409854
lower_task	CO:HCC-2998	magnitude_g0.50	magnitude_g2.00	0.16746321986605808	0.12776342783369612	134	9	6.275139259842524	2.9664341173216773
lower_task	CO:HCC-2998	magnitude_g0.50	ordinal	0.6532511933675114	0.3668820507348338	176	10	17.710325918783376	12.326791091806808
lower_task	CO:HCC-2998	magnitude_g0.80	magnitude_g1.00	0.07571994531157736	0.08500054133647089	49	5	3.4922470008597766	1.7461335074512765
lower_task	CO:HCC-2998	magnitude_g0.80	magnitude_g1.25	0.07316296788312789	0.08500050471023693	58	5	3.449767161247759	1.7461321352507078
lower_task	CO:HCC-2998	magnitude_g0.80	magnitude_g2.00	0.15013914698195058	0.1049635794794363	96	7	7.253282583883809	2.5359292029224445
lower_task	CO:HCC-2998	magnitude_g0.80	ordinal	0.6675466620404457	0.40460920926183686	181	11	17.710305668812914	12.75729600620604
lower_task	CO:HCC-2998	magnitude_g1.00	magnitude_g1.25	0.012345886295598036	5.99609719203326e-08	27	2	2.03785818238984	1.3722005687277772e-06
lower_task	CO:HCC-2998	magnitude_g1.00	magnitude_g2.00	0.15103963898883568	0.11436060378742408	94	7	9.675612026567572	2.2983574209268975
lower_task	CO:HCC-2998	magnitude_g1.00	ordinal	0.6766910832766282	0.4896523684217939	180	11	16.30877793242793	14.158823742591016
lower_task	CO:HCC-2998	magnitude_g1.25	magnitude_g2.00	0.1510469938474141	0.11436054564828764	90	7	9.633131865080875	2.298356048726329
lower_task	CO:HCC-2998	magnitude_g1.25	ordinal	0.6836035377101931	0.48965233388877955	189	11	16.308795820587818	14.158824132757866
lower_task	CO:HCC-2998	magnitude_g2.00	ordinal	0.698068455581255	0.4454110119302644	194	10	15.647834601197866	15.293225209128485
lower_task	CO:HCT-116	magnitude_g0.50	magnitude_g0.80	0.04290797793263341	0.03426414889246956	105	8	1.2494865660230197	1.0210956729141643
lower_task	CO:HCT-116	magnitude_g0.50	magnitude_g1.00	0.06157079319055055	0.0390646261288619	107	8	1.8334903352148415	0.7271734277770321
lower_task	CO:HCT-116	magnitude_g0.50	magnitude_g1.25	0.09696006675332096	0.05221409683723218	115	9	3.0032357594472	0.8984635852015241
lower_task	CO:HCT-116	magnitude_g0.50	magnitude_g2.00	0.1649578138411542	0.07120006690366883	130	8	4.928903272585932	1.4801067551332636
lower_task	CO:HCT-116	magnitude_g0.50	ordinal	0.7554037231620586	0.4647925383935314	180	11	22.67348254067741	13.631436160806253
lower_task	CO:HCT-116	magnitude_g0.80	magnitude_g1.00	0.057805048166564475	0.04657488999807868	88	8	1.8334903352148415	1.4913762647262268
lower_task	CO:HCT-116	magnitude_g0.80	magnitude_g1.25	0.0962994643300718	0.059929784758616565	108	9	3.0032357594472	1.4913762647262268
lower_task	CO:HCT-116	magnitude_g0.80	magnitude_g2.00	0.16182344796309195	0.07058378908288948	124	8	5.207703371801419	1.3593001171641692
lower_task	CO:HCT-116	magnitude_g0.80	ordinal	0.7919942220980997	0.4979807769076588	181	11	23.922969106700428	14.652531833720417
lower_task	CO:HCT-116	magnitude_g1.00	magnitude_g1.25	0.04165018716860904	0.013420530430091884	84	5	1.1697454242323584	0.346459195094015
lower_task	CO:HCT-116	magnitude_g1.00	magnitude_g2.00	0.1138619027372299	0.036895494078790385	104	6	4.646285665974035	0.7659785151512004
lower_task	CO:HCT-116	magnitude_g1.00	ordinal	0.7795668238503208	0.4698994393602904	181	10	23.024842740030397	14.358609588583285
lower_task	CO:HCT-116	magnitude_g1.25	magnitude_g2.00	0.07525911412581782	0.023681689938039048	86	7	4.50964833512205	0.7613379095473825
lower_task	CO:HCT-116	magnitude_g1.25	ordinal	0.7809417637738518	0.4653898372315796	190	10	22.214098207529798	14.350205006392134
lower_task	CO:HCT-116	magnitude_g2.00	ordinal	0.7784038819753004	0.47585687267574345	199	11	20.72998298791661	15.111542915939516
lower_task	CO:HCT-15	magnitude_g0.50	magnitude_g0.80	0.05804746291125492	0.07367715370118416	100	6	1.866002353737404	1.631269203928337
lower_task	CO:HCT-15	magnitude_g0.50	magnitude_g1.00	0.051936791101669044	0.07150713094952982	95	6	1.7500231722324429	1.7500231722324422
lower_task	CO:HCT-15	magnitude_g0.50	magnitude_g1.25	0.1621666998340038	0.09255400962980244	102	6	4.927098649461496	1.5911770028569099
lower_task	CO:HCT-15	magnitude_g0.50	magnitude_g2.00	0.189824614248347	0.10150944686392276	112	8	5.525537336248331	1.726466452910572
lower_task	CO:HCT-15	magnitude_g0.50	ordinal	0.7661344354536058	0.5201980212881846	142	7	24.004170607467977	14.193602199019441
lower_task	CO:HCT-15	magnitude_g0.80	magnitude_g1.00	0.025084775563569146	0.011343046487707639	81	5	0.8538197683605635	0.4725793027202645
lower_task	CO:HCT-15	magnitude_g0.80	magnitude_g1.25	0.13960573426851822	0.0774974851304824	81	5	4.706346615852396	2.8691467339165126
lower_task	CO:HCT-15	magnitude_g0.80	magnitude_g2.00	0.17657471655033402	0.0863590672415377	105	7	5.304785302639231	3.193170032930078
lower_task	CO:HCT-15	magnitude_g0.80	ordinal	0.783047215200981	0.561773683782295	156	7	23.249349946604095	15.824871402947778
lower_task	CO:HCT-15	magnitude_g1.00	magnitude_g1.25	0.1394358393452863	0.07589148338169843	66	5	4.639138908500322	3.1359069753215785
lower_task	CO:HCT-15	magnitude_g1.00	magnitude_g2.00	0.17119855073646398	0.08470177549406561	85	7	5.237577595287157	3.459930274335144
lower_task	CO:HCT-15	magnitude_g1.00	ordinal	0.7892382619998206	0.5573000839323535	154	7	23.630590412244377	15.352292100227514
lower_task	CO:HCT-15	magnitude_g1.25	magnitude_g2.00	0.04284830206333563	0.013069891871538872	78	7	4.509648335121955	0.32785978667952176
lower_task	CO:HCT-15	magnitude_g1.25	ordinal	0.7671199875320382	0.5029578520194635	158	7	20.558761307551148	15.32691873509734
lower_task	CO:HCT-15	magnitude_g2.00	ordinal	0.767222555612893	0.503064286535811	167	9	20.09242571055892	15.330592690911573
lower_task	CO:KM12	magnitude_g0.50	magnitude_g0.80	0.11597556768269193	0.06939207399143874	123	9	2.878621196137944	2.25337843350556
lower_task	CO:KM12	magnitude_g0.50	magnitude_g1.00	0.13257359012774908	0.0700074480925658	124	8	3.2391827641184636	2.320292805367952
lower_task	CO:KM12	magnitude_g0.50	magnitude_g1.25	0.1373216041888098	0.0648887371334799	129	8	3.5971412866069694	1.812160101690349
lower_task	CO:KM12	magnitude_g0.50	magnitude_g2.00	0.1789461274920782	0.08662571056638876	137	10	5.783522161491842	2.541975760782085
lower_task	CO:KM12	magnitude_g0.50	ordinal	0.7141049969885095	0.40972798501834384	163	9	22.428957288401385	12.823792178652216
lower_task	CO:KM12	magnitude_g0.80	magnitude_g1.00	0.030256516199211183	0.012684395250067895	64	5	2.634360193710837	0.32780523743770845
lower_task	CO:KM12	magnitude_g0.80	magnitude_g1.25	0.05213497798872291	0.022332696955164395	97	6	3.4227403824565723	0.441218331815211
lower_task	CO:KM12	magnitude_g0.80	magnitude_g2.00	0.09223455567178357	0.022683641999286727	109	7	4.509648335121856	0.5182305810454708
lower_task	CO:KM12	magnitude_g0.80	ordinal	0.7474972706804185	0.44510871794079976	150	7	21.389699455269064	15.077170612157776
lower_task	CO:KM12	magnitude_g1.00	magnitude_g1.25	0.028968407034309192	0.011619355954465508	94	5	0.9832799815467883	0.5081327036776031
lower_task	CO:KM12	magnitude_g1.00	magnitude_g2.00	0.07235021499101413	0.019308251385001043	109	7	4.509648335121856	0.327859786679445
lower_task	CO:KM12	magnitude_g1.00	ordinal	0.7471948219061876	0.43963156247767354	149	6	21.25756236701292	15.144084984020168
lower_task	CO:KM12	magnitude_g1.25	magnitude_g2.00	0.06004074544086078	0.023795514459176176	88	7	4.509648335121856	0.7298156590917362
lower_task	CO:KM12	magnitude_g1.25	ordinal	0.7549889459801274	0.43042970225781746	160	7	21.444235659020457	14.635952280342565
lower_task	CO:KM12	magnitude_g2.00	ordinal	0.7590568204705941	0.44812095591346907	165	9	20.1842517778027	15.365767939434301
lower_task	CO:SW-620	magnitude_g0.50	magnitude_g0.80	0.0683522918229303	0.06585596852888742	110	10	6.15061612644054	1.2304678193871208
lower_task	CO:SW-620	magnitude_g0.50	magnitude_g1.00	0.08819076009147579	0.07572353869156691	129	10	5.100287421621474	1.4887450405822071
lower_task	CO:SW-620	magnitude_g0.50	magnitude_g1.25	0.06482114126908496	0.07533656340775556	129	10	4.1707094499349155	1.423195906253568
lower_task	CO:SW-620	magnitude_g0.50	magnitude_g2.00	0.10014365850739329	0.07565644980988512	141	11	5.579918126046275	1.327561760667876
lower_task	CO:SW-620	magnitude_g0.50	ordinal	0.7751286756636353	0.5310173819138083	165	8	25.44040918896732	12.917465626657986
lower_task	CO:SW-620	magnitude_g0.80	magnitude_g1.00	0.05468019097966593	0.013719728693980183	95	5	4.151983110129321	0.6488272208210217
lower_task	CO:SW-620	magnitude_g0.80	magnitude_g1.25	0.07030354198661815	0.012785760873974743	103	6	5.275566230262951	0.5832780864923826
lower_task	CO:SW-620	magnitude_g0.80	magnitude_g2.00	0.05267511800842592	0.012065287673302911	102	7	4.185887746395711	0.4876439409066906
lower_task	CO:SW-620	magnitude_g0.80	ordinal	0.7821261845083703	0.5644613065794931	181	12	25.439813922329506	14.147933446045107
lower_task	CO:SW-620	magnitude_g1.00	magnitude_g1.25	0.03110429824320821	0.0039900792447480835	73	6	4.225237525443886	0.06554913432863918
lower_task	CO:SW-620	magnitude_g1.00	magnitude_g2.00	0.028097238564965963	0.007131841439085435	86	7	1.0217589128742004	0.16118327991433112
lower_task	CO:SW-620	magnitude_g1.00	ordinal	0.7883378669516898	0.5705818460715669	194	12	25.058080155292647	14.09356531304026
lower_task	CO:SW-620	magnitude_g1.25	magnitude_g2.00	0.04297179894509584	0.00499105453127095	88	7	4.704868229868687	0.09563414558569194
lower_task	CO:SW-620	magnitude_g1.25	ordinal	0.7931142107091255	0.5701865662892848	195	12	25.058087100301606	14.15909361234211
lower_task	CO:SW-620	magnitude_g2.00	ordinal	0.7974471336289549	0.568641613285892	202	12	25.100579078469533	14.127215563813344
lower_task	LC:A549/ATCC	magnitude_g0.50	magnitude_g0.80	0.0770453754949227	0.034295216161305014	109	8	2.8049308981045247	0.891973209628329
lower_task	LC:A549/ATCC	magnitude_g0.50	magnitude_g1.00	0.11091300832341909	0.03911150217275275	114	8	5.518690313239664	1.4681895747062121
lower_task	LC:A549/ATCC	magnitude_g0.50	magnitude_g1.25	0.11402798905355574	0.02793436213925881	118	7	5.835903208098294	0.9036897662188679
lower_task	LC:A549/ATCC	magnitude_g0.50	magnitude_g2.00	0.13930270818284687	0.03511587454691612	129	7	6.847321372036229	1.0882223841686915
lower_task	LC:A549/ATCC	magnitude_g0.50	ordinal	0.7678095208991754	0.48217785300375504	185	10	20.773837294476575	14.082524858842849
lower_task	LC:A549/ATCC	magnitude_g0.80	magnitude_g1.00	0.05227208206994413	0.023161754714615655	95	7	2.941270214430247	0.5762163650778831
lower_task	LC:A549/ATCC	magnitude_g0.80	magnitude_g1.25	0.06249212605614769	0.022065889204532563	117	8	3.2584831092888775	0.48854844792782615
lower_task	LC:A549/ATCC	magnitude_g0.80	magnitude_g2.00	0.0869635559195068	0.024082080950810426	128	8	4.539783444974868	0.41305326357090255
lower_task	LC:A549/ATCC	magnitude_g0.80	ordinal	0.7909107105021072	0.4952367335500849	184	9	21.493979775987768	14.974498068471178
lower_task	LC:A549/ATCC	magnitude_g1.00	magnitude_g1.25	0.03468150320280601	0.017972782823732228	110	8	1.250953346331859	0.5644998084873443
lower_task	LC:A549/ATCC	magnitude_g1.00	magnitude_g2.00	0.04876381444445491	0.01631599078199005	118	8	4.539783444974868	0.3799671905375206
lower_task	LC:A549/ATCC	magnitude_g1.00	ordinal	0.792512068647924	0.5009621263301841	187	9	20.344016820106738	15.55071443354906
lower_task	LC:A549/ATCC	magnitude_g1.25	magnitude_g2.00	0.0334645355047243	0.009693745976950413	69	5	4.539711567034685	0.2276680515380174
lower_task	LC:A549/ATCC	magnitude_g1.25	ordinal	0.7975781520369586	0.49717882418549564	178	8	20.641945431924213	14.986214625061717
lower_task	LC:A549/ATCC	magnitude_g2.00	ordinal	0.798292661621445	0.4990071093120598	186	9	20.13748475562505	15.17074724301154
lower_task	LC:EKVX	magnitude_g0.50	magnitude_g0.80	0.030350289741030247	0.016330632022159963	107	8	1.0888329303493534	0.933542171651558
lower_task	LC:EKVX	magnitude_g0.50	magnitude_g1.00	0.05122332170938501	0.017729117446245075	109	8	4.899851673835566	0.9430086056952951
lower_task	LC:EKVX	magnitude_g0.50	magnitude_g1.25	0.15483697383084324	0.06015653416571949	124	8	4.495410712050209	2.196758732850249
lower_task	LC:EKVX	magnitude_g0.50	magnitude_g2.00	0.21571252480277248	0.18009741594151527	130	9	4.901784708430881	3.246140814553568
lower_task	LC:EKVX	magnitude_g0.50	ordinal	0.6851735341674995	0.4439684031019562	154	9	21.410317630125785	14.367773809050359
lower_task	LC:EKVX	magnitude_g0.80	magnitude_g1.00	0.027652290134996007	0.0016694873529729155	92	8	3.9223807625862457	0.03191160185805697
lower_task	LC:EKVX	magnitude_g0.80	magnitude_g1.25	0.15446820893974045	0.07621035984234918	110	8	4.436592864803865	3.130300904501807
lower_task	LC:EKVX	magnitude_g0.80	magnitude_g2.00	0.21287417922326254	0.18839803059398819	118	9	5.807657297413907	3.273062429944343
lower_task	LC:EKVX	magnitude_g0.80	ordinal	0.6981612770034946	0.45799398010628606	174	12	21.13601566809382	14.556340648679562
lower_task	LC:EKVX	magnitude_g1.00	magnitude_g1.25	0.1486778554576898	0.07534624891940349	90	6	4.435337550701239	3.139767338545544
lower_task	LC:EKVX	magnitude_g1.00	magnitude_g2.00	0.22365334791519906	0.18781464238298923	102	7	9.73003806000015	3.2833435282745054
lower_task	LC:EKVX	magnitude_g1.00	ordinal	0.7055035315729713	0.4594782929437609	177	12	21.167112605665444	14.545618900533182
lower_task	LC:EKVX	magnitude_g1.25	magnitude_g2.00	0.15428770698734018	0.1646816131266415	83	7	6.846873676375661	3.2582566551347227
lower_task	LC:EKVX	magnitude_g1.25	ordinal	0.681808447496873	0.40041724021906794	188	11	18.371862238797494	14.379734959517382
lower_task	LC:EKVX	magnitude_g2.00	ordinal	0.7015541414863476	0.4305122588930805	190	12	17.356430338156105	15.251362954329911
lower_task	LC:NCI-H322M	magnitude_g0.50	magnitude_g0.80	0.09381741002970886	0.06010574477769207	120	10	2.1058118696682055	1.0965756624018876
lower_task	LC:NCI-H322M	magnitude_g0.50	magnitude_g1.00	0.1106013961647087	0.06010578700052918	124	10	5.0208181379024985	1.0965779022123527
lower_task	LC:NCI-H322M	magnitude_g0.50	magnitude_g1.25	0.0896894267209831	0.06010583866408119	124	10	2.105820938740264	1.0965806436757468
lower_task	LC:NCI-H322M	magnitude_g0.50	magnitude_g2.00	0.16263318041583483	0.12303294687304418	127	10	5.197392044704492	2.0419303459021148
lower_task	LC:NCI-H322M	magnitude_g0.50	ordinal	0.7404100170334063	0.5554760268423466	195	12	17.779102434911294	13.880376399597058
lower_task	LC:NCI-H322M	magnitude_g0.80	magnitude_g1.00	0.040149042568873354	0.015742454022463156	58	4	3.873456071230685	0.6012979744800138
lower_task	LC:NCI-H322M	magnitude_g0.80	magnitude_g1.25	0.01742621077944158	0.01574253446157525	64	5	0.9718874959192998	0.6012990993478748
lower_task	LC:NCI-H322M	magnitude_g0.80	magnitude_g2.00	0.09882539164811231	0.08199057814637206	76	5	3.7707531702219717	2.5199138817428413
lower_task	LC:NCI-H322M	magnitude_g0.80	ordinal	0.7322498336035906	0.5553513901148864	190	11	18.67848135761281	13.151524865843896
lower_task	LC:NCI-H322M	magnitude_g1.00	magnitude_g1.25	0.024352087184736897	1.094907512275121e-07	57	5	3.873455160076974	2.741463394073662e-06
lower_task	LC:NCI-H322M	magnitude_g1.00	magnitude_g2.00	0.09779505867300678	0.0661260750781273	79	5	3.873455160076974	1.9186159072628275
lower_task	LC:NCI-H322M	magnitude_g1.00	ordinal	0.7267152509383592	0.5713117899460719	194	11	18.077183383132862	13.75282284032391
lower_task	LC:NCI-H322M	magnitude_g1.25	magnitude_g2.00	0.09012775280421352	0.06612599618152365	80	5	4.050027943585593	1.9186147823949664
lower_task	LC:NCI-H322M	magnitude_g1.25	ordinal	0.7354930661093505	0.5713117833779846	193	11	18.07718225826497	13.752823965191771
lower_task	LC:NCI-H322M	magnitude_g2.00	ordinal	0.7443121842253896	0.6114073697968163	200	11	16.67452453435423	15.671438747586738
lower_task	LC:NCI-H460	magnitude_g0.50	magnitude_g0.80	0.05103761846811649	0.018555437780951613	97	7	2.7606999039125593	0.5543810949411014
lower_task	LC:NCI-H460	magnitude_g0.50	magnitude_g1.00	0.060213508165171015	0.018554906044441186	108	7	2.7606999039125593	0.5543557555764256
lower_task	LC:NCI-H460	magnitude_g0.50	magnitude_g1.25	0.05530746178907455	0.008982787286827556	116	8	2.7606999039125593	0.28308724921491724
lower_task	LC:NCI-H460	magnitude_g0.50	magnitude_g2.00	0.07929502266731402	0.020192846856303338	117	9	4.520697063592278	0.378063401671481
lower_task	LC:NCI-H460	magnitude_g0.50	ordinal	0.7498812329036735	0.45724165351543694	170	9	21.247979303935477	14.401157635300315
lower_task	LC:NCI-H460	magnitude_g0.80	magnitude_g1.00	0.012526114535753198	5.620991534178897e-07	76	4	2.1491706183519077	2.5339364675858178e-05
lower_task	LC:NCI-H460	magnitude_g0.80	magnitude_g1.25	0.03594125100886619	0.013180925639086788	87	5	1.6842428507187348	0.6734152930418293
lower_task	LC:NCI-H460	magnitude_g0.80	magnitude_g2.00	0.044479398877382094	0.016114803358468086	88	6	4.520697063592278	0.49167246234859086
lower_task	LC:NCI-H460	magnitude_g0.80	ordinal	0.7490017318283735	0.461918497001007	150	7	20.141866544674595	14.955538730241416
lower_task	LC:NCI-H460	magnitude_g1.00	magnitude_g1.25	0.040731237835307715	0.013180364314209103	82	5	2.509869951001127	0.6733899536771535
lower_task	LC:NCI-H460	magnitude_g1.00	magnitude_g2.00	0.05341645117740867	0.016114387341950042	87	6	4.520697063592278	0.491647122983915
lower_task	LC:NCI-H460	magnitude_g1.00	ordinal	0.7454412785622494	0.46191807494019677	155	7	20.141884219709574	14.95551339087674
lower_task	LC:NCI-H460	magnitude_g1.25	magnitude_g2.00	0.037974284368348224	0.014616821838439788	62	6	4.541577742701189	0.32784844334210506
lower_task	LC:NCI-H460	magnitude_g1.25	ordinal	0.7714662931340703	0.45101722901696845	164	8	20.658293276397902	14.282123437199587
lower_task	LC:NCI-H460	magnitude_g2.00	ordinal	0.7702722458508489	0.45880775064023743	164	9	20.15861942384415	14.463866267892826
lower_task	LC:NCI-H522	magnitude_g0.50	magnitude_g0.80	0.0654155537767944	0.030227323680196767	121	9	1.3652277622493723	0.7608727194925966
lower_task	LC:NCI-H522	magnitude_g0.50	magnitude_g1.00	0.12246373673151578	0.06972409586448351	131	10	2.441260300077706	1.391586103314601
lower_task	LC:NCI-H522	magnitude_g0.50	magnitude_g1.25	0.20662272702431128	0.14132862083327516	134	10	5.035209141564137	2.519862670558038
lower_task	LC:NCI-H522	magnitude_g0.50	magnitude_g2.00	0.2397525786521654	0.14916677262566055	137	9	7.265057499260022	2.60266502292941
lower_task	LC:NCI-H522	magnitude_g0.50	ordinal	0.7693138053105295	0.6112416050932842	192	11	16.617400477422667	15.909969135250131
lower_task	LC:NCI-H522	magnitude_g0.80	magnitude_g1.00	0.05994856307085271	0.0434328408147819	110	10	1.294644384242325	0.7683137932055502
lower_task	LC:NCI-H522	magnitude_g0.80	magnitude_g1.25	0.15560516549031345	0.11832543113297622	118	10	4.998435898222813	1.9321013423263356
lower_task	LC:NCI-H522	magnitude_g0.80	magnitude_g2.00	0.19164362054013073	0.12617140990105188	126	10	7.228284255918698	2.0967502340248725
lower_task	LC:NCI-H522	magnitude_g0.80	ordinal	0.7881187509656651	0.6102448788054909	205	13	17.36508356231444	15.78207128574386
lower_task	LC:NCI-H522	magnitude_g1.00	magnitude_g1.25	0.11693536642716454	0.09453850407186917	70	6	4.743009653598196	2.313651793534241
lower_task	LC:NCI-H522	magnitude_g1.00	magnitude_g2.00	0.16053714994634394	0.11098005966090502	84	7	6.972858011294081	2.8650640272304226
lower_task	LC:NCI-H522	magnitude_g1.00	ordinal	0.7807092180273377	0.5911119324748021	187	11	18.303925984413805	15.01375749253831
lower_task	LC:NCI-H522	magnitude_g1.25	magnitude_g2.00	0.04623544332888722	0.01719442186818433	76	7	4.151946526050523	0.5514122336961815
lower_task	LC:NCI-H522	magnitude_g1.25	ordinal	0.7785612196642374	0.6356793037490238	188	11	17.412407132426324	17.32740928607255
lower_task	LC:NCI-H522	magnitude_g2.00	ordinal	0.7868012065167033	0.6491606637454455	192	12	17.963819366122507	17.878821519768735
lower_task	LE:CCRF-CEM	magnitude_g0.50	magnitude_g0.80	0.11955217972344488	0.0614196497580526	125	9	5.841036988122372	1.0402504614583599
lower_task	LE:CCRF-CEM	magnitude_g0.50	magnitude_g1.00	0.13113772390710812	0.06800354136747602	129	9	5.841036988122372	1.0686840402327809
lower_task	LE:CCRF-CEM	magnitude_g0.50	magnitude_g1.25	0.20823740115709752	0.1168296089772525	138	10	5.9259376739412986	2.4878806876780795
lower_task	LE:CCRF-CEM	magnitude_g0.50	magnitude_g2.00	0.24996047114107037	0.14182176028949123	137	9	10.000000000000002	2.6535587434227312
lower_task	LE:CCRF-CEM	magnitude_g0.50	ordinal	0.8172818785156776	0.5401506070775487	182	11	22.484106537528856	15.344674601245044
lower_task	LE:CCRF-CEM	magnitude_g0.80	magnitude_g1.00	0.01671414001937045	0.010094164896914608	85	7	0.7528252079339256	0.2565876324627031
lower_task	LE:CCRF-CEM	magnitude_g0.80	magnitude_g1.25	0.13632727306979117	0.06738246417593122	130	10	5.271883475155301	1.7383189435120503
lower_task	LE:CCRF-CEM	magnitude_g0.80	magnitude_g2.00	0.2112051990277229	0.12587432584897423	131	9	8.82371286127514	2.932430469820712
lower_task	LE:CCRF-CEM	magnitude_g0.80	ordinal	0.8379732725922987	0.5465295488877554	203	12	23.566439474175695	14.555754719092986
lower_task	LE:CCRF-CEM	magnitude_g1.00	magnitude_g1.25	0.13193322153850892	0.06286657109479926	123	10	5.215016317606527	1.6814517859632758
lower_task	LE:CCRF-CEM	magnitude_g1.00	magnitude_g2.00	0.21258105756918685	0.12972904419293563	127	9	8.82371286127514	3.13218037886797
lower_task	LE:CCRF-CEM	magnitude_g1.00	ordinal	0.8435620924594208	0.5487957712746282	205	12	23.779641280785082	14.356004810045729
lower_task	LE:CCRF-CEM	magnitude_g1.25	magnitude_g2.00	0.09928113862648646	0.08205724354618509	83	7	5.244088925728791	2.988539065718367
lower_task	LE:CCRF-CEM	magnitude_g1.25	ordinal	0.842949339966496	0.5594491525670233	198	11	22.13488373219145	14.499646123195332
lower_task	LE:CCRF-CEM	magnitude_g2.00	ordinal	0.8542011775413358	0.613648176798685	206	12	19.312035967162288	17.488185188913697
lower_task	LE:HL-60(TB)	magnitude_g0.50	magnitude_g0.80	0.0818885156536529	0.021116770641873187	116	7	4.338417949040746	0.6972269318527147
lower_task	LE:HL-60(TB)	magnitude_g0.50	magnitude_g1.00	0.12320486479622575	0.07938442503131089	128	8	4.448694534123354	2.4507223960053857
lower_task	LE:HL-60(TB)	magnitude_g0.50	magnitude_g1.25	0.20621629432997535	0.11982853612345773	128	8	5.8251048744582326	2.589140895067123
lower_task	LE:HL-60(TB)	magnitude_g0.50	magnitude_g2.00	0.2651473537511273	0.11600458674563573	143	9	6.331743931730011	2.2057272217767636
lower_task	LE:HL-60(TB)	magnitude_g0.50	ordinal	0.8107100878005352	0.5076342648458925	191	11	24.429545630058136	13.944729001417265
lower_task	LE:HL-60(TB)	magnitude_g0.80	magnitude_g1.00	0.09638580001862074	0.06223018906166735	110	8	4.338417949040746	1.9063587276204697
lower_task	LE:HL-60(TB)	magnitude_g0.80	magnitude_g1.25	0.17590310607645698	0.10261312113891073	126	8	5.8251048744582326	2.044777226682207
lower_task	LE:HL-60(TB)	magnitude_g0.80	magnitude_g2.00	0.22272403688786002	0.09443141595015873	135	9	6.331743931730011	1.6613635533918476
lower_task	LE:HL-60(TB)	magnitude_g0.80	ordinal	0.8139686422648122	0.5200093743727633	186	11	25.206558307305922	14.489092669802181
lower_task	LE:HL-60(TB)	magnitude_g1.00	magnitude_g1.25	0.09922147195529038	0.04705375846756544	84	5	2.6868648397845565	1.392648722773453
lower_task	LE:HL-60(TB)	magnitude_g1.00	magnitude_g2.00	0.18078820962770162	0.07985879824362715	102	6	4.434447731206563	2.3673282771703947
lower_task	LE:HL-60(TB)	magnitude_g1.00	ordinal	0.8386580790760008	0.5638213639973246	163	8	23.048635711361747	16.39545139742265
lower_task	LE:HL-60(TB)	magnitude_g1.25	magnitude_g2.00	0.10912952150621963	0.06227612028338524	83	6	4.33935721106113	2.105681694670692
lower_task	LE:HL-60(TB)	magnitude_g1.25	ordinal	0.8336677220633533	0.5567516467620298	168	8	21.6843489556164	16.53386989648439
lower_task	LE:HL-60(TB)	magnitude_g2.00	ordinal	0.8257335389591022	0.5219231004080921	172	9	20.2598099324611	16.150456223194027
lower_task	LE:K-562	magnitude_g0.50	magnitude_g0.80	0.14057759481420787	0.10892445545572438	102	7	7.988775239418792	2.9304415634715295
lower_task	LE:K-562	magnitude_g0.50	magnitude_g1.00	0.1628775751431377	0.09929954969132482	104	7	7.988775239418792	2.490070499110452
lower_task	LE:K-562	magnitude_g0.50	magnitude_g1.25	0.16946003897962308	0.09095067829519224	106	7	7.988775239418792	1.7979459543927425
lower_task	LE:K-562	magnitude_g0.50	magnitude_g2.00	0.1904891072964868	0.11758493356816398	112	7	7.988775239418792	2.7985877190955954
lower_task	LE:K-562	magnitude_g0.50	ordinal	0.7842161196987095	0.49097253379212374	174	10	24.290535997423888	12.858651122833876
lower_task	LE:K-562	magnitude_g0.80	magnitude_g1.00	0.039199833250517124	0.014056176544439119	60	5	3.6322320417807727	0.44037106436107765
lower_task	LE:K-562	magnitude_g0.80	magnitude_g1.25	0.08095900173924324	0.04497650284085818	68	5	4.002576302266361	1.132495609078787
lower_task	LE:K-562	magnitude_g0.80	magnitude_g2.00	0.07949241688730899	0.03269841184986384	75	5	3.423771365211598	0.8129793315566047
lower_task	LE:K-562	magnitude_g0.80	ordinal	0.7752874066844209	0.5659904642424218	174	10	20.636613480408244	14.731282498621772
lower_task	LE:K-562	magnitude_g1.00	magnitude_g1.25	0.07721448795018357	0.030870952636040446	68	5	4.002576302266361	0.6921245447177093
lower_task	LE:K-562	magnitude_g1.00	magnitude_g2.00	0.07566330151259482	0.03541714018847996	75	5	3.8089851651030955	0.8641532947783439
lower_task	LE:K-562	magnitude_g1.00	ordinal	0.7651049511533147	0.5552723691206799	174	10	20.584474805138235	14.402473363167324
lower_task	LE:K-562	magnitude_g1.25	magnitude_g2.00	0.037288170384506124	0.026608771589364328	66	5	4.002576302266361	1.0006742561479278
lower_task	LE:K-562	magnitude_g1.25	ordinal	0.7715118402378317	0.5422274350824763	174	10	20.72099576650783	14.26595240179774
lower_task	LE:K-562	magnitude_g2.00	ordinal	0.7718028475873593	0.5693919735741003	180	10	20.23627856884413	15.266626657945668
lower_task	LE:MOLT-4	magnitude_g0.50	magnitude_g0.80	0.14292578983619456	0.06384991941038097	131	9	5.921806863437018	0.8496539737591204
lower_task	LE:MOLT-4	magnitude_g0.50	magnitude_g1.00	0.17571173110706137	0.08407843596563538	139	9	6.738660572870475	1.766726574358784
lower_task	LE:MOLT-4	magnitude_g0.50	magnitude_g1.25	0.23632030348177147	0.1328579125460515	137	10	6.738660572870475	2.5328089223861117
lower_task	LE:MOLT-4	magnitude_g0.50	magnitude_g2.00	0.245917673722089	0.12679535440355091	136	9	6.738660572870475	2.6984150863230614
lower_task	LE:MOLT-4	magnitude_g0.50	ordinal	0.7687362132238035	0.5975101103361119	204	12	21.37389495880619	15.44021400619285
lower_task	LE:MOLT-4	magnitude_g0.80	magnitude_g1.00	0.05021423143906876	0.031353905617598495	116	9	7.4437444275027564	1.009889203163197
lower_task	LE:MOLT-4	magnitude_g0.80	magnitude_g1.25	0.16734636369977135	0.08707105377253384	131	10	8.860168150111846	1.7383202784681906
lower_task	LE:MOLT-4	magnitude_g0.80	magnitude_g2.00	0.17582826471593288	0.08425565612726114	135	9	7.4437444275027564	1.9039264424051403
lower_task	LE:MOLT-4	magnitude_g0.80	ordinal	0.7952901799933629	0.578687899326716	204	12	22.277165383278447	14.636365054247078
lower_task	LE:MOLT-4	magnitude_g1.00	magnitude_g1.25	0.14316835629368657	0.06304003722395789	100	7	8.860168150111846	1.6703717921419052
lower_task	LE:MOLT-4	magnitude_g1.00	magnitude_g2.00	0.15558775289932797	0.07155648439535227	103	6	6.512091099042571	1.835977956078855
lower_task	LE:MOLT-4	magnitude_g1.00	ordinal	0.7928895098645352	0.588788123448809	191	11	22.925060111334783	13.979358687738559
lower_task	LE:MOLT-4	magnitude_g1.25	magnitude_g2.00	0.0553952677580268	0.017192608223422622	80	7	4.151983110129307	0.551343269001368
lower_task	LE:MOLT-4	magnitude_g1.25	ordinal	0.7808198727571577	0.599792382218803	185	10	21.21674058041936	14.209120503247647
lower_task	LE:MOLT-4	magnitude_g2.00	ordinal	0.7905589836425617	0.613592632462276	194	11	20.831019208494713	14.760463772249015
lower_task	ME:LOX IMVI	magnitude_g0.50	magnitude_g0.80	0.06190346499513726	0.011741137939240276	96	5	3.9739936651861663	0.3776464687506307
lower_task	ME:LOX IMVI	magnitude_g0.50	magnitude_g1.00	0.06028902427961584	0.011741279308394966	91	5	3.9739936651861663	0.3776401518766317
lower_task	ME:LOX IMVI	magnitude_g0.50	magnitude_g1.25	0.10590660550541837	0.03442586570383173	97	5	3.9739936651861663	0.9439839062266717
lower_task	ME:LOX IMVI	magnitude_g0.50	magnitude_g2.00	0.22653783558869126	0.2313246003151268	107	6	6.689349038683416	5.060284481033088
lower_task	ME:LOX IMVI	magnitude_g0.50	ordinal	0.7919946437374589	0.5409793313525098	173	9	24.76997012155674	13.329566850351041
lower_task	ME:LOX IMVI	magnitude_g0.80	magnitude_g1.00	0.003521525949983633	8.530775109515922e-07	59	5	0.32785978667959226	2.7139229947792387e-05
lower_task	ME:LOX IMVI	magnitude_g0.80	magnitude_g1.25	0.07178690750687217	0.0326968995744695	73	5	2.001421008309171	0.812991106030406
lower_task	ME:LOX IMVI	magnitude_g0.80	magnitude_g2.00	0.2141283604158138	0.23075744377900467	83	6	8.009979495350757	4.929291680836823
lower_task	ME:LOX IMVI	magnitude_g0.80	ordinal	0.7985863734363403	0.5366454192016078	170	9	24.818239133303507	13.49799701919755
lower_task	ME:LOX IMVI	magnitude_g1.00	magnitude_g1.25	0.07259823004185446	0.032696591888993154	71	5	2.001421008309171	0.8129834084680603
lower_task	ME:LOX IMVI	magnitude_g1.00	magnitude_g2.00	0.2160461605783655	0.23075714518231544	86	6	7.730699517143002	4.929283983274477
lower_task	ME:LOX IMVI	magnitude_g1.00	ordinal	0.7985860977411157	0.5366447497394167	170	9	24.818215125438318	13.497976196841973
lower_task	ME:LOX IMVI	magnitude_g1.25	magnitude_g2.00	0.1668571000100067	0.20207219666579346	74	6	6.430668459916702	4.548240471755552
lower_task	ME:LOX IMVI	magnitude_g1.25	ordinal	0.7929925654810892	0.5398288540373659	172	9	23.015792482856906	14.033414355288485
lower_task	ME:LOX IMVI	magnitude_g2.00	ordinal	0.8021945893957731	0.4813940381892956	174	9	21.549267394654425	15.658029811784365
lower_task	ME:M14	magnitude_g0.50	magnitude_g0.80	0.08018686284032989	0.03138046666267732	124	10	1.5456553658573884	0.8736497992811723
lower_task	ME:M14	magnitude_g0.50	magnitude_g1.00	0.168129334004167	0.08538031903889794	123	10	4.665905395680749	1.737596118475441
lower_task	ME:M14	magnitude_g0.50	magnitude_g1.25	0.15486951290963233	0.08918314648069747	121	10	3.367329793238478	1.9013987395499132
lower_task	ME:M14	magnitude_g0.50	magnitude_g2.00	0.25264046865903594	0.1546921516859989	137	11	9.17840216773924	2.65133620152631
lower_task	ME:M14	magnitude_g0.50	ordinal	0.7216538233033877	0.562135050604765	197	13	14.861909694483495	14.861909694483494
lower_task	ME:M14	magnitude_g0.80	magnitude_g1.00	0.09736742292094303	0.0540833085104493	112	10	4.287754444535873	0.9195243575251713
lower_task	ME:M14	magnitude_g0.80	magnitude_g1.25	0.09040706876396278	0.05784156745407671	118	10	2.1468784917603316	1.1191295514916302
lower_task	ME:M14	magnitude_g0.80	magnitude_g2.00	0.2028169592469851	0.12618365636042214	130	11	8.998008265260513	2.195670231449755
lower_task	ME:M14	magnitude_g0.80	ordinal	0.7421340671311797	0.5605652568262169	195	13	14.786085994591907	14.786085994591904
lower_task	ME:M14	magnitude_g1.00	magnitude_g1.25	0.04433453664374162	0.007952988631933267	67	5	5.137885557035592	0.19960519396645893
lower_task	ME:M14	magnitude_g1.00	magnitude_g2.00	0.1391406087827404	0.09760998782420276	88	7	4.924306167948057	2.919044881501261
lower_task	ME:M14	magnitude_g1.00	ordinal	0.7400582379909786	0.5391820447378741	181	11	14.934445116681609	14.062711344540398
lower_task	ME:M14	magnitude_g1.25	magnitude_g2.00	0.15375981480304052	0.09191790506473194	86	7	9.87998267543804	2.8370995917428417
lower_task	ME:M14	magnitude_g1.25	ordinal	0.726685057600597	0.5386286615938268	177	11	14.933699126227246	14.144656634298817
lower_task	ME:M14	magnitude_g2.00	ordinal	0.765704765566617	0.6027600694058926	188	12	17.066754072395426	16.98175622604166
lower_task	ME:MDA-MB-435	magnitude_g0.50	magnitude_g0.80	0.08870649503716102	0.035547645501437734	114	7	5.653425160674946	1.2523049637917545
lower_task	ME:MDA-MB-435	magnitude_g0.50	magnitude_g1.00	0.09593861208082348	0.03898144375648551	117	8	4.971772530115458	1.019854151000171
lower_task	ME:MDA-MB-435	magnitude_g0.50	magnitude_g1.25	0.22427144272203015	0.16158139723490733	132	9	7.092338554945468	3.8826573590458313
lower_task	ME:MDA-MB-435	magnitude_g0.50	magnitude_g2.00	0.31959906402747695	0.16274395006634976	138	10	11.562594334135698	5.612984758672521
lower_task	ME:MDA-MB-435	magnitude_g0.50	ordinal	0.8200149063508755	0.5472541238940505	203	12	21.001705282720163	14.412105479283158
lower_task	ME:MDA-MB-435	magnitude_g0.80	magnitude_g1.00	0.052123477257091114	0.009517038901442827	111	8	4.329841079048425	0.23245081279158342
lower_task	ME:MDA-MB-435	magnitude_g0.80	magnitude_g1.25	0.1789968663077356	0.12578182649644562	123	9	5.653425160674946	2.630352395254077
lower_task	ME:MDA-MB-435	magnitude_g0.80	magnitude_g2.00	0.2679168512239463	0.12587332102728171	130	10	11.077815747996791	4.360679794880767
lower_task	ME:MDA-MB-435	magnitude_g0.80	ordinal	0.8272243735225577	0.5783956240681433	195	12	20.528795256887253	15.664410443074912
lower_task	ME:MDA-MB-435	magnitude_g1.00	magnitude_g1.25	0.15448819444535564	0.12200910128728572	73	6	4.43439524757331	2.8628032080456602
lower_task	ME:MDA-MB-435	magnitude_g1.00	magnitude_g2.00	0.2501379390218346	0.1219875619319959	82	7	10.765399678325156	4.59313060767235
lower_task	ME:MDA-MB-435	magnitude_g1.00	ordinal	0.8334846231938624	0.5764957897381486	187	11	20.307517248173312	15.431959630283329
lower_task	ME:MDA-MB-435	magnitude_g1.25	magnitude_g2.00	0.1500733076951664	0.08996770819430971	83	7	6.9213095985074915	1.73032739962669
lower_task	ME:MDA-MB-435	magnitude_g1.25	ordinal	0.8372496592636876	0.6327276999950274	187	10	20.004253083699826	18.29476283832899
lower_task	ME:MDA-MB-435	magnitude_g2.00	ordinal	0.8627300861278008	0.638726713899345	194	11	20.02509023795568	20.02509023795568
lower_task	ME:SK-MEL-2	magnitude_g0.50	magnitude_g0.80	0.13797411221128278	0.07180126498553056	122	9	2.759023750110155	1.6015759928968603
lower_task	ME:SK-MEL-2	magnitude_g0.50	magnitude_g1.00	0.14367420245168852	0.07558217437683662	118	9	3.1223697929086174	1.765350770719646
lower_task	ME:SK-MEL-2	magnitude_g0.50	magnitude_g1.25	0.21894335697001804	0.12525164563764601	130	9	6.978114263032449	2.4492079383945056
lower_task	ME:SK-MEL-2	magnitude_g0.50	magnitude_g2.00	0.31167063935842654	0.17524989414274864	134	11	11.405597092077207	4.507320435548756
lower_task	ME:SK-MEL-2	magnitude_g0.50	ordinal	0.7750617509749708	0.557422577357337	177	8	22.103814394125525	16.056189285099556
lower_task	ME:SK-MEL-2	magnitude_g0.80	magnitude_g1.00	0.018683599328404486	0.007948505323854474	73	5	0.7527790521827717	0.19957126497563316
lower_task	ME:SK-MEL-2	magnitude_g0.80	magnitude_g1.25	0.1160161938687174	0.07069466675071137	109	8	5.928087085556561	1.9251999932652542
lower_task	ME:SK-MEL-2	magnitude_g0.80	magnitude_g2.00	0.23536995333399446	0.12803622725798047	112	10	9.449536287313204	5.177771821631039
lower_task	ME:SK-MEL-2	magnitude_g0.80	ordinal	0.7978062299326989	0.5381828735610632	192	9	23.69541256708433	15.385737899017272
lower_task	ME:SK-MEL-2	magnitude_g1.00	magnitude_g1.25	0.10462720713605173	0.0649613305960485	105	8	5.944042000264718	1.8433126043536099
lower_task	ME:SK-MEL-2	magnitude_g1.00	magnitude_g2.00	0.23023962116062924	0.12669075930889498	108	10	8.943121277887755	5.095884432719394
lower_task	ME:SK-MEL-2	magnitude_g1.00	ordinal	0.7938932030356786	0.5376266594751227	196	9	23.694710675179362	15.467625287928916
lower_task	ME:SK-MEL-2	magnitude_g1.25	magnitude_g2.00	0.17536579679761286	0.09923506809518048	75	7	6.921340138888029	3.2525718283657845
lower_task	ME:SK-MEL-2	magnitude_g1.25	ordinal	0.805172925226404	0.577912381101735	200	9	22.17430190860219	17.310937892282524
lower_task	ME:SK-MEL-2	magnitude_g2.00	ordinal	0.8345768566097597	0.6246772778872572	197	10	20.563509720648312	20.563509720648312
lower_task	ME:SK-MEL-28	magnitude_g0.50	magnitude_g0.80	0.026051974256476727	0.013563740127708095	140	9	2.2707039566419565	0.45775762933237374
lower_task	ME:SK-MEL-28	magnitude_g0.50	magnitude_g1.00	0.17661701405857316	0.12945588317932114	149	9	5.636635161346226	2.843551272867135
lower_task	ME:SK-MEL-28	magnitude_g0.50	magnitude_g1.25	0.17471035406400276	0.13019922600396114	143	9	5.568255152931322	2.871872039127906
lower_task	ME:SK-MEL-28	magnitude_g0.50	magnitude_g2.00	0.27565209981131333	0.14855358539756006	150	9	7.973484895038375	5.2202895244707825
lower_task	ME:SK-MEL-28	magnitude_g0.50	ordinal	0.8024115936047133	0.5678935690270998	175	10	23.83839602536736	15.048182937631431
lower_task	ME:SK-MEL-28	magnitude_g0.80	magnitude_g1.00	0.16137600722047707	0.11697897613024569	93	6	7.101191948213635	2.484285653566465
lower_task	ME:SK-MEL-28	magnitude_g0.80	magnitude_g1.25	0.16164672141372502	0.1177216450306183	95	6	6.866414118360311	2.512606419827236
lower_task	ME:SK-MEL-28	magnitude_g0.80	magnitude_g2.00	0.2588932135643933	0.1342652658236198	98	5	7.811734739835556	4.8610239051701125
lower_task	ME:SK-MEL-28	magnitude_g0.80	ordinal	0.8087261941383287	0.5808075610839851	205	12	23.36067207941008	15.407448556932101
lower_task	ME:SK-MEL-28	magnitude_g1.00	magnitude_g1.25	0.003568266531759145	0.0007530454911457384	30	2	0.2914193623747051	0.02832076626077118
lower_task	ME:SK-MEL-28	magnitude_g1.00	magnitude_g2.00	0.1611380225170209	0.08996782749156294	88	6	5.922502930560417	2.3767382516036477
lower_task	ME:SK-MEL-28	magnitude_g1.00	ordinal	0.7918293867203099	0.6279316448652251	205	11	21.160185287198814	17.891734210498566
lower_task	ME:SK-MEL-28	magnitude_g1.25	magnitude_g2.00	0.15889825846243436	0.08996782701349403	84	6	5.865864381398519	2.3484174853428765
lower_task	ME:SK-MEL-28	magnitude_g1.25	ordinal	0.7922354415269353	0.6286992477333491	201	11	21.216823862128347	17.92005497675934
lower_task	ME:SK-MEL-28	magnitude_g2.00	ordinal	0.8238393664206707	0.6518463114546572	211	12	20.353470308455982	20.268472462102213
lower_task	ME:SK-MEL-5	magnitude_g0.50	magnitude_g0.80	0.09231282932326607	0.06879739010406306	109	9	3.7362866690419123	1.932101550782642
lower_task	ME:SK-MEL-5	magnitude_g0.50	magnitude_g1.00	0.10717590741431066	0.06879739432705707	114	9	3.838319103757353	1.932101550782626
lower_task	ME:SK-MEL-5	magnitude_g0.50	magnitude_g1.25	0.08784779746616829	0.06879739886672799	107	9	3.736287880709543	1.9321015461445334
lower_task	ME:SK-MEL-5	magnitude_g0.50	magnitude_g2.00	0.23137896897882856	0.19029864432331445	124	10	7.3813956965349705	3.759592405715688
lower_task	ME:SK-MEL-5	magnitude_g0.50	ordinal	0.7101686418156234	0.4605393210989111	154	11	20.469281284805106	14.862915039697498
lower_task	ME:SK-MEL-5	magnitude_g0.80	magnitude_g1.00	0.02105079795529541	4.267846913014435e-09	8	0	3.533564532991269	1.5983265466701368e-07
lower_task	ME:SK-MEL-5	magnitude_g0.80	magnitude_g1.25	0.009324272904569546	9.021762970904928e-09	10	0	1.6028092681325583	3.182818844038593e-07
lower_task	ME:SK-MEL-5	magnitude_g0.80	magnitude_g2.00	0.1816217551928857	0.13418296347535258	80	6	8.43208950129666	2.700674115579732
lower_task	ME:SK-MEL-5	magnitude_g0.80	ordinal	0.7415613760480212	0.4711151683862981	159	11	20.368478040456857	15.316303801161808
lower_task	ME:SK-MEL-5	magnitude_g1.00	magnitude_g1.25	0.02105080200836461	4.7539169940868456e-09	14	0	3.5335645316433317	1.5844927148123134e-07
lower_task	ME:SK-MEL-5	magnitude_g1.00	magnitude_g2.00	0.17445365534444743	0.13418296345812705	85	6	4.97882228807997	2.7006741155797434
lower_task	ME:SK-MEL-5	magnitude_g1.00	ordinal	0.7309869641377266	0.47111517267843783	158	11	20.368478200289506	15.316303960994421
lower_task	ME:SK-MEL-5	magnitude_g1.25	magnitude_g2.00	0.17941949171825858	0.1341829626120833	84	6	6.829280233164104	2.700674083111875
lower_task	ME:SK-MEL-5	magnitude_g1.25	ordinal	0.7331782636951201	0.471115176686112	154	11	20.36847837497208	15.316304119443693
lower_task	ME:SK-MEL-5	magnitude_g2.00	ordinal	0.7230251669961822	0.44591467530729617	164	11	16.580839445042194	16.393273035164064
lower_task	ME:UACC-257	magnitude_g0.50	magnitude_g0.80	0.05956791711428259	0.02096908225561572	92	5	1.5399921967992478	0.6656149737766834
lower_task	ME:UACC-257	magnitude_g0.50	magnitude_g1.00	0.13597328888509336	0.07500260143755691	130	10	2.809190886478791	1.6008910355773316
lower_task	ME:UACC-257	magnitude_g0.50	magnitude_g1.25	0.2072846345025203	0.13582310518363486	128	9	5.3153162169758765	2.5093504259625123
lower_task	ME:UACC-257	magnitude_g0.50	magnitude_g2.00	0.2567577847689513	0.16569736510327598	140	9	8.210726676108216	2.6057893145440207
lower_task	ME:UACC-257	magnitude_g0.50	ordinal	0.7995097841897927	0.5957713610791601	173	9	22.358596262112847	16.400832270909255
lower_task	ME:UACC-257	magnitude_g0.80	magnitude_g1.00	0.08751435158278568	0.05702457405265472	121	10	2.1257546429414766	0.9890485890267602
lower_task	ME:UACC-257	magnitude_g0.80	magnitude_g1.25	0.16224112240388613	0.11620417519400743	118	9	5.303518621814491	1.9442234248221268
lower_task	ME:UACC-257	magnitude_g0.80	magnitude_g2.00	0.2144000699781678	0.14611572135107892	130	9	8.484975372546598	2.491440666716054
lower_task	ME:UACC-257	magnitude_g0.80	ordinal	0.8203914831800219	0.5960454397844152	177	9	23.197459343202755	16.515180918737222
lower_task	ME:UACC-257	magnitude_g1.00	magnitude_g1.25	0.1073374181546316	0.08785678976094613	77	7	4.377132499917946	2.4570924482123484
lower_task	ME:UACC-257	magnitude_g1.00	magnitude_g2.00	0.166454011975218	0.11784714746876063	119	9	7.558589250650053	3.480489255742814
lower_task	ME:UACC-257	magnitude_g1.00	ordinal	0.8167473548601402	0.5706577560879552	205	11	23.81787208588948	15.526132329710464
lower_task	ME:UACC-257	magnitude_g1.25	magnitude_g2.00	0.06283314676012229	0.03118429696598772	107	8	4.151642678117695	1.0233968075304656
lower_task	ME:UACC-257	magnitude_g1.25	ordinal	0.8145795293301303	0.6231753221684507	204	11	21.768629819069744	17.983224777922814
lower_task	ME:UACC-257	magnitude_g2.00	ordinal	0.8213592585419232	0.6514212979307406	210	11	20.98494270190641	19.006621585453278
lower_task	ME:UACC-62	magnitude_g0.50	magnitude_g0.80	0.11507250811378017	0.05200814003918716	128	9	5.292820640061308	0.8978675018914224
lower_task	ME:UACC-62	magnitude_g0.50	magnitude_g1.00	0.11281656300868059	0.06475228191719061	129	9	5.680277563096819	0.9644218859618263
lower_task	ME:UACC-62	magnitude_g0.50	magnitude_g1.25	0.1290117094253553	0.06225606991977858	128	9	6.083256489552184	0.927067337303777
lower_task	ME:UACC-62	magnitude_g0.50	magnitude_g2.00	0.22933624668093563	0.18460545016329138	137	10	9.953417278837849	3.212289654467483
lower_task	ME:UACC-62	magnitude_g0.50	ordinal	0.7881250734109292	0.47372549831080374	179	11	21.452938008307623	14.200592550680387
lower_task	ME:UACC-62	magnitude_g0.80	magnitude_g1.00	0.03198295756909806	0.012714102072594729	82	5	2.6860194878157153	0.32779638183029497
lower_task	ME:UACC-62	magnitude_g0.80	magnitude_g1.25	0.04569691612635992	0.02357238877901345	108	8	2.602461480419301	0.47090071089857943
lower_task	ME:UACC-62	magnitude_g0.80	magnitude_g2.00	0.1683030687899648	0.16890930881056226	124	10	5.654619862890846	3.212289654467451
lower_task	ME:UACC-62	magnitude_g0.80	ordinal	0.8001396301753719	0.4772290825815112	186	10	21.43212579841742	15.09846005257181
lower_task	ME:UACC-62	magnitude_g1.00	magnitude_g1.25	0.029839823008605416	0.012829628946124267	104	7	1.3670839716582215	0.5374550949689834
lower_task	ME:UACC-62	magnitude_g1.00	magnitude_g2.00	0.17274688739204241	0.17505683885541223	121	10	7.519461313095721	3.2122896544675115
lower_task	ME:UACC-62	magnitude_g1.00	ordinal	0.8056131092220172	0.47189838555914915	187	9	21.30014275016118	15.165014436642213
lower_task	ME:UACC-62	magnitude_g1.25	magnitude_g2.00	0.1708514493185196	0.18308763340237078	88	7	6.152377341437499	3.21228965446746
lower_task	ME:UACC-62	magnitude_g1.25	ordinal	0.8077165278914771	0.4634956830774288	170	8	21.546044348678226	14.62755934167323
lower_task	ME:UACC-62	magnitude_g2.00	ordinal	0.8257332079813096	0.43596112226271344	173	9	20.750022568649857	16.27051111577999
lower_task	OV:IGROV1	magnitude_g0.50	magnitude_g0.80	0.1697793160276942	0.1016955783722188	114	9	4.788915490195544	1.8943345303883583
lower_task	OV:IGROV1	magnitude_g0.50	magnitude_g1.00	0.17551034333183274	0.10257611862117004	125	9	4.788915490195544	1.9060040360189308
lower_task	OV:IGROV1	magnitude_g0.50	magnitude_g1.25	0.2221251058792177	0.14909734519233894	122	9	6.340827374768635	4.0372999425845215
lower_task	OV:IGROV1	magnitude_g0.50	magnitude_g2.00	0.282509212606225	0.15965937273881273	135	9	7.877903276176756	3.7668158970920316
lower_task	OV:IGROV1	magnitude_g0.50	ordinal	0.7745300541803039	0.5908742968178224	135	9	23.28838918654557	16.18980302217038
lower_task	OV:IGROV1	magnitude_g0.80	magnitude_g1.00	0.006864887577443798	0.0016895096667960852	97	8	0.752834417456945	0.03190379336306037
lower_task	OV:IGROV1	magnitude_g0.80	magnitude_g1.25	0.1277103480634598	0.08060408236415441	96	8	3.753101440658846	2.8489214820999686
lower_task	OV:IGROV1	magnitude_g0.80	magnitude_g2.00	0.18006477519022226	0.07176939468914303	120	8	6.530947129959041	2.5784374366074787
lower_task	OV:IGROV1	magnitude_g0.80	ordinal	0.7813514940369272	0.5456161204429026	151	11	23.80314675125453	15.325579446657992
lower_task	OV:IGROV1	magnitude_g1.00	magnitude_g1.25	0.12380475071984343	0.07973910355977194	67	5	3.7634046584263574	2.8584475070989086
lower_task	OV:IGROV1	magnitude_g1.00	magnitude_g2.00	0.18052036410579878	0.07089924160030157	105	6	6.476013755232077	2.5879634616064187
lower_task	OV:IGROV1	magnitude_g1.00	ordinal	0.7830953253098465	0.5471386466917283	158	11	23.834273351849017	15.314872533106215
lower_task	OV:IGROV1	magnitude_g1.25	magnitude_g2.00	0.08663685435161236	0.026179444728033345	99	6	4.509648335121984	0.5097722269413474
lower_task	OV:IGROV1	magnitude_g1.25	ordinal	0.7615639940472072	0.4913828762099215	155	10	22.11320851110989	14.751098357064336
lower_task	OV:IGROV1	magnitude_g2.00	ordinal	0.7900672976660272	0.4950641379286037	173	11	20.920642396418316	15.043857566819872
lower_task	OV:NCI/ADR-RES	magnitude_g0.50	magnitude_g0.80	0.12323741303736348	0.06513353495657889	88	5	6.303071670575059	1.3255827332081545
lower_task	OV:NCI/ADR-RES	magnitude_g0.50	magnitude_g1.00	0.11876425477118742	0.1094557145081755	94	6	3.1514661611977277	3.151466161197691
lower_task	OV:NCI/ADR-RES	magnitude_g0.50	magnitude_g1.25	0.12017506753579985	0.10945623536217272	94	6	3.1515024184766447	3.1515024184765945
lower_task	OV:NCI/ADR-RES	magnitude_g0.50	magnitude_g2.00	0.2373704390457025	0.21047632604813102	104	6	9.77341468425389	4.548326351166906
lower_task	OV:NCI/ADR-RES	magnitude_g0.50	ordinal	0.8020440649960653	0.6902405515718041	155	10	23.767834630300122	12.865273892546758
lower_task	OV:NCI/ADR-RES	magnitude_g0.80	magnitude_g1.00	0.0386243239621406	0.04279502321594062	27	1	6.303071670575059	3.151466161197792
lower_task	OV:NCI/ADR-RES	magnitude_g0.80	magnitude_g1.25	0.04003837112738978	0.042795526091674696	25	1	6.303071670575059	3.1515024184766958
lower_task	OV:NCI/ADR-RES	magnitude_g0.80	magnitude_g2.00	0.1913972478675236	0.20753149575381122	86	6	7.915656403585746	4.548326351167004
lower_task	OV:NCI/ADR-RES	magnitude_g0.80	ordinal	0.8076024075929877	0.6567483830042764	154	10	23.89564928331437	11.539691159338604
lower_task	OV:NCI/ADR-RES	magnitude_g1.00	magnitude_g1.25	0.005234824320260839	5.031293658819951e-07	24	1	0.5707342585118051	3.625727890366193e-05
lower_task	OV:NCI/ADR-RES	magnitude_g1.00	magnitude_g2.00	0.1927023341522039	0.25561324491179727	88	7	9.811413943113099	4.548326351166943
lower_task	OV:NCI/ADR-RES	magnitude_g1.00	ordinal	0.7843763971996055	0.6260330576357155	149	10	23.89557960650804	11.539691159338298
lower_task	OV:NCI/ADR-RES	magnitude_g1.25	magnitude_g2.00	0.19295189753808364	0.2556138101227991	88	7	9.8114139431131	4.5483263511669545
lower_task	OV:NCI/ADR-RES	magnitude_g1.25	ordinal	0.7858510983192809	0.6260326961626814	151	10	23.895615864625537	11.539691159338384
lower_task	OV:NCI/ADR-RES	magnitude_g2.00	ordinal	0.8129941559927125	0.5705691855084174	162	9	21.62336561919852	13.365998786674265
lower_task	OV:OVCAR-3	magnitude_g0.50	magnitude_g0.80	0.07436652781809844	0.038414159878433864	112	7	2.3907663851543366	1.2778729783047638
lower_task	OV:OVCAR-3	magnitude_g0.50	magnitude_g1.00	0.08415491794559177	0.038414267683362556	108	7	4.475543594172886	1.277870023815911
lower_task	OV:OVCAR-3	magnitude_g0.50	magnitude_g1.25	0.1087972330194004	0.04327020234690732	122	8	4.481926006732041	1.405798635362224
lower_task	OV:OVCAR-3	magnitude_g0.50	magnitude_g2.00	0.10584327039302441	0.040853161227192444	121	9	4.52069942118918	0.8877323498139802
lower_task	OV:OVCAR-3	magnitude_g0.50	ordinal	0.7732334871225153	0.47629735120370764	179	9	20.99755593969745	14.162205859753797
lower_task	OV:OVCAR-3	magnitude_g0.80	magnitude_g1.00	0.02676060087194703	0.003835014742259415	87	7	4.475113153878959	0.13425484231593998
lower_task	OV:OVCAR-3	magnitude_g0.80	magnitude_g1.25	0.04327399705539944	0.009009810732194623	102	8	4.481495566438114	0.14708107348383723
lower_task	OV:OVCAR-3	magnitude_g0.80	magnitude_g2.00	0.05551515170684742	0.01635430344368325	118	9	4.520268980895253	0.39014062849078357
lower_task	OV:OVCAR-3	magnitude_g0.80	ordinal	0.7984010244411228	0.49644481972394555	179	9	20.946134745485338	15.440078838058561
lower_task	OV:OVCAR-3	magnitude_g1.00	magnitude_g1.25	0.02771281929371059	0.005447743937291772	102	8	3.502600549142535	0.14708107348383723
lower_task	OV:OVCAR-3	magnitude_g1.00	magnitude_g2.00	0.04037887881133814	0.014109754513621866	113	9	1.9985854710092399	0.3901376740019309
lower_task	OV:OVCAR-3	magnitude_g1.00	ordinal	0.8003367001936739	0.4964446979453209	177	9	20.8118872893918	15.440075883569708
lower_task	OV:OVCAR-3	magnitude_g1.25	magnitude_g2.00	0.042799153573392826	0.01260078289354632	92	6	2.077451278996846	0.5180662855482439
lower_task	OV:OVCAR-3	magnitude_g1.25	ordinal	0.8075011444304893	0.4998008226444949	164	7	20.556023797187297	15.568004495116021
lower_task	OV:OVCAR-3	magnitude_g2.00	ordinal	0.8139263781348579	0.49350570908640073	176	8	20.7605091102891	15.049938209567777
lower_task	OV:OVCAR-4	magnitude_g0.50	magnitude_g0.80	0.17219106748499566	0.08281232691332396	126	10	4.9819098264065	2.1891343829065133
lower_task	OV:OVCAR-4	magnitude_g0.50	magnitude_g1.00	0.16947662454864112	0.08281286503367112	124	10	4.981932682173393	2.1891343829065133
lower_task	OV:OVCAR-4	magnitude_g0.50	magnitude_g1.25	0.18958854511611778	0.08551781334973124	131	10	5.632326153888028	2.1891343829065133
lower_task	OV:OVCAR-4	magnitude_g0.50	magnitude_g2.00	0.23180603065613772	0.10209458581434278	140	10	6.350363856385436	2.1891343829065133
lower_task	OV:OVCAR-4	magnitude_g0.50	ordinal	0.6689786775916734	0.49035501636006634	170	13	20.206122223236246	14.869750494400417
lower_task	OV:OVCAR-4	magnitude_g0.80	magnitude_g1.00	0.0027444195701165275	9.12442021336652e-07	60	5	0.4735747707346447	2.856970848391649e-05
lower_task	OV:OVCAR-4	magnitude_g0.80	magnitude_g1.25	0.03132513908494969	0.018001435472054232	78	5	0.828071820654233	0.46114553215251775
lower_task	OV:OVCAR-4	magnitude_g0.80	magnitude_g2.00	0.08157832819251754	0.01957779413473664	100	6	5.419509752384174	0.4500164998752805
lower_task	OV:OVCAR-4	magnitude_g0.80	ordinal	0.6810884960264885	0.44534194707469926	150	8	18.84139104425354	15.198473839770717
lower_task	OV:OVCAR-4	magnitude_g1.00	magnitude_g1.25	0.032447745160994065	0.01800068907125711	80	5	0.8280269156586453	0.46115124609412916
lower_task	OV:OVCAR-4	magnitude_g1.00	magnitude_g2.00	0.08157744587031557	0.019577275628086022	102	6	4.945934981649531	0.45001977472412946
lower_task	OV:OVCAR-4	magnitude_g1.00	ordinal	0.6810883755233408	0.44534147736367247	151	8	18.84137961637014	15.198479553712328
lower_task	OV:OVCAR-4	magnitude_g1.25	magnitude_g2.00	0.06687868796784577	0.028030528955451314	82	6	5.139594084943482	0.5666407360980479
lower_task	OV:OVCAR-4	magnitude_g1.25	ordinal	0.6849619737982354	0.4306741521116801	153	7	18.932005987750088	14.7373283076182
lower_task	OV:OVCAR-4	magnitude_g2.00	ordinal	0.6913960122637537	0.4406813294974827	164	9	17.798729210682666	15.303969043716247
lower_task	OV:OVCAR-5	magnitude_g0.50	magnitude_g0.80	0.07584527122580835	0.09338971835550942	114	9	2.135286772066001	2.1352867720659923
lower_task	OV:OVCAR-5	magnitude_g0.50	magnitude_g1.00	0.10787007216304437	0.1275166736716837	116	9	3.073049415376147	3.07304941537614
lower_task	OV:OVCAR-5	magnitude_g0.50	magnitude_g1.25	0.18050012786007102	0.09193077657948213	121	9	5.21869835652842	1.7863738222886347
lower_task	OV:OVCAR-5	magnitude_g0.50	magnitude_g2.00	0.19402736055182784	0.09375735904615659	131	10	5.2186904053592995	2.219457529257145
lower_task	OV:OVCAR-5	magnitude_g0.50	ordinal	0.7365292176288498	0.4686541011689957	166	11	22.28024380225441	12.05268050154871
lower_task	OV:OVCAR-5	magnitude_g0.80	magnitude_g1.00	0.060677650553018686	0.03881491042839258	78	5	2.1914448327057032	0.9377626433101476
lower_task	OV:OVCAR-5	magnitude_g0.80	magnitude_g1.25	0.1616081699597058	0.07366533179000588	115	8	5.024412633867218	2.73090586183207
lower_task	OV:OVCAR-5	magnitude_g0.80	magnitude_g2.00	0.16874748567087014	0.06404192884956186	122	9	5.091707028883449	2.255324277341822
lower_task	OV:OVCAR-5	magnitude_g0.80	ordinal	0.7849419167687623	0.5357267794306318	168	11	23.52611751791366	14.187967273614703
lower_task	OV:OVCAR-5	magnitude_g1.00	magnitude_g1.25	0.14100529059570358	0.10599510978243783	112	8	4.509648335121955	3.065752846792532
lower_task	OV:OVCAR-5	magnitude_g1.00	magnitude_g2.00	0.14703610497124864	0.09357340392752315	119	9	4.509648335121983	2.5901712623022837
lower_task	OV:OVCAR-5	magnitude_g1.00	ordinal	0.7780643759071556	0.5511745575759981	169	11	21.98800686650728	15.12572991692485
lower_task	OV:OVCAR-5	magnitude_g1.25	magnitude_g2.00	0.019977366245585992	0.015225939816308508	70	7	1.0908176331696975	0.475581584490248
lower_task	OV:OVCAR-5	magnitude_g1.25	ordinal	0.765620448670168	0.4807607552081483	182	11	20.54071456743931	13.839054323837345
lower_task	OV:OVCAR-5	magnitude_g2.00	ordinal	0.7753543721387679	0.4940649486877974	185	11	20.235124493035634	14.272138030805856
lower_task	OV:OVCAR-8	magnitude_g0.50	magnitude_g0.80	0.09695187781523557	0.038877323812577455	99	6	6.133175043768239	1.111294423057556
lower_task	OV:OVCAR-8	magnitude_g0.50	magnitude_g1.00	0.09695187692458389	0.03887732374877368	99	6	6.133174411715749	1.111294423057382
lower_task	OV:OVCAR-8	magnitude_g0.50	magnitude_g1.25	0.09517126399753865	0.038877331736375996	97	6	6.133172615385758	1.111294737051475
lower_task	OV:OVCAR-8	magnitude_g0.50	magnitude_g2.00	0.13693362948484084	0.08020768418423585	103	6	6.851314833294801	2.687107117014195
lower_task	OV:OVCAR-8	magnitude_g0.50	ordinal	0.7915883775476962	0.6244720043023642	176	10	24.292396737106188	11.349976995948367
lower_task	OV:OVCAR-8	magnitude_g0.80	magnitude_g1.00	2.8124393317037005e-09	6.597148099315809e-11	0	0	6.320524903458136e-07	4.961549837645407e-09
lower_task	OV:OVCAR-8	magnitude_g0.80	magnitude_g1.25	0.004386172206744001	8.671217124633725e-09	7	0	0.7528350696767898	3.1399391886566264e-07
lower_task	OV:OVCAR-8	magnitude_g0.80	magnitude_g2.00	0.0821678651449648	0.041900740528976035	77	5	7.158743581500158	1.5758126939566388
lower_task	OV:OVCAR-8	magnitude_g0.80	ordinal	0.7931586763287324	0.6358869420509083	179	10	23.741091713846544	12.461271419005923
lower_task	OV:OVCAR-8	magnitude_g1.00	magnitude_g1.25	0.004386169396421543	8.605259351889126e-09	5	0	0.7528350647153417	3.139940929486329e-07
lower_task	OV:OVCAR-8	magnitude_g1.00	magnitude_g2.00	0.08216786424070943	0.041900740464392745	77	5	7.1587435765387095	1.575812693956813
lower_task	OV:OVCAR-8	magnitude_g1.00	ordinal	0.793158676672264	0.6358869420034311	179	10	23.741091713846572	12.46127141900575
lower_task	OV:OVCAR-8	magnitude_g1.25	magnitude_g2.00	0.0821678528914842	0.04190073186451515	79	5	6.405908511823368	1.57581237996272
lower_task	OV:OVCAR-8	magnitude_g1.25	ordinal	0.7970556351570064	0.6358869506293326	181	10	23.74109139985277	12.461271732999842
lower_task	OV:OVCAR-8	magnitude_g2.00	ordinal	0.8066073484118856	0.6801023447321675	181	10	22.25028486018693	14.037084112962562
lower_task	OV:SK-OV-3	magnitude_g0.50	magnitude_g0.80	0.09213896594297041	0.034999880713524605	116	8	4.149806246426262	0.8641052351318113
lower_task	OV:SK-OV-3	magnitude_g0.50	magnitude_g1.00	0.07279266207711943	0.03486186083389003	113	8	4.147693427885831	0.8631841043061783
lower_task	OV:SK-OV-3	magnitude_g0.50	magnitude_g1.25	0.15527331401869146	0.06710723654755245	125	8	4.594436260425201	1.795366907665371
lower_task	OV:SK-OV-3	magnitude_g0.50	magnitude_g2.00	0.17299189727945458	0.06710723632450148	127	8	4.865011327821241	1.339113094133526
lower_task	OV:SK-OV-3	magnitude_g0.50	ordinal	0.7939080313413388	0.48376718518734596	193	11	21.70371501728416	12.621356396655923
lower_task	OV:SK-OV-3	magnitude_g0.80	magnitude_g1.00	0.02083475590663201	0.00014004819048983355	66	5	3.475426201167572	0.004667274000397903
lower_task	OV:SK-OV-3	magnitude_g0.80	magnitude_g1.25	0.14104625593811154	0.07778894822756788	114	8	4.15118949845867	2.0358993742971014
lower_task	OV:SK-OV-3	magnitude_g0.80	magnitude_g2.00	0.15866540917682764	0.07070807283858024	120	8	4.509648335121926	1.5467510848574317
lower_task	OV:SK-OV-3	magnitude_g0.80	ordinal	0.8264130782911724	0.5044151461968963	196	11	22.802750603876294	13.485461631787734
lower_task	OV:SK-OV-3	magnitude_g1.00	magnitude_g1.25	0.14129712555993543	0.07764897644495668	115	8	4.149076679918239	2.0312321002967035
lower_task	OV:SK-OV-3	magnitude_g1.00	magnitude_g2.00	0.15624682574692764	0.07059318399243639	115	8	4.509648335121926	1.5420838108570338
lower_task	OV:SK-OV-3	magnitude_g1.00	ordinal	0.8347765055573968	0.5043241770519714	192	11	22.799941641892865	13.484540500962101
lower_task	OV:SK-OV-3	magnitude_g1.25	magnitude_g2.00	0.03753718516360019	0.017643748969120868	59	4	4.50958790620825	0.4891482894400916
lower_task	OV:SK-OV-3	magnitude_g1.25	ordinal	0.8226726662510917	0.46120733974026706	187	10	20.460902664388403	13.228625195914336
lower_task	OV:SK-OV-3	magnitude_g2.00	ordinal	0.8255524563441399	0.4749306477147736	185	10	19.836466737762198	13.717773485354428
lower_task	PR:DU-145	magnitude_g0.50	magnitude_g0.80	0.13907198441171395	0.07492964108194113	119	10	3.7780257363034098	1.782081244176073
lower_task	PR:DU-145	magnitude_g0.50	magnitude_g1.00	0.199176435045869	0.09477371519830846	127	11	5.4267470463748415	2.4601936314841026
lower_task	PR:DU-145	magnitude_g0.50	magnitude_g1.25	0.19653636711339761	0.0947736168767131	126	10	5.455076780267139	2.4601916562898305
lower_task	PR:DU-145	magnitude_g0.50	magnitude_g2.00	0.3190901153066921	0.27152853033865315	128	10	8.83139323968446	6.04848008923255
lower_task	PR:DU-145	magnitude_g0.50	ordinal	0.7632853905362964	0.5119217140026178	182	13	23.23797398191505	12.86075334525415
lower_task	PR:DU-145	magnitude_g0.80	magnitude_g1.00	0.06566523045843008	0.024109397761580487	94	7	4.2212463014982635	0.7181268335713398
lower_task	PR:DU-145	magnitude_g0.80	magnitude_g1.25	0.06944561814356405	0.024109158442859022	94	5	4.277903178956134	0.7181214553999649
lower_task	PR:DU-145	magnitude_g0.80	magnitude_g2.00	0.21612869203050553	0.21921901973842442	100	6	9.892436306014966	4.834499993849837
lower_task	PR:DU-145	magnitude_g0.80	ordinal	0.7881576410218939	0.5153040250680765	166	11	23.902176705480557	12.952158838491211
lower_task	PR:DU-145	magnitude_g1.00	magnitude_g1.25	0.0047014770822296865	0.001130244362143274	69	7	0.5706980003942266	0.042497625789568616
lower_task	PR:DU-145	magnitude_g1.00	magnitude_g2.00	0.17924682208834194	0.19902147614433593	81	7	9.7937648530231	4.5483124928864695
lower_task	PR:DU-145	magnitude_g1.00	ordinal	0.8000162677966888	0.5133231398814908	171	11	23.24230713965134	12.937417003534186
lower_task	PR:DU-145	magnitude_g1.25	magnitude_g2.00	0.1758642420632981	0.19902169536027647	71	6	9.223070789904709	4.548318435399191
lower_task	PR:DU-145	magnitude_g1.25	ordinal	0.7972645377238473	0.5121503719046572	173	11	23.28480538502105	12.894919377744618
lower_task	PR:DU-145	magnitude_g2.00	ordinal	0.7897139153508642	0.44537827791996365	169	10	20.443289683842448	14.231120316810564
lower_task	PR:PC-3	magnitude_g0.50	magnitude_g0.80	0.10318105335085562	0.08572038862136598	72	5	3.0646391892364027	1.917104968294976
lower_task	PR:PC-3	magnitude_g0.50	magnitude_g1.00	0.10147332542511416	0.07991891883743481	93	5	3.4830153397656414	2.044298702899817
lower_task	PR:PC-3	magnitude_g0.50	magnitude_g1.25	0.11893902986836838	0.07991779816568334	95	5	6.716552394641549	2.0442927711598733
lower_task	PR:PC-3	magnitude_g0.50	magnitude_g2.00	0.14453644823297637	0.08838906719239616	104	6	6.716552394641549	2.0902943260694373
lower_task	PR:PC-3	magnitude_g0.50	ordinal	0.805462517059988	0.43782100498623566	164	7	23.57294605240917	14.360030459676928
lower_task	PR:PC-3	magnitude_g0.80	magnitude_g1.00	0.02444875374805642	0.011583187636504672	85	5	0.7458316168380623	0.5252022943942265
lower_task	PR:PC-3	magnitude_g0.80	magnitude_g1.25	0.035257803157229956	0.011583101353528785	85	5	3.651913205405146	0.5252231031008492
lower_task	PR:PC-3	magnitude_g0.80	magnitude_g2.00	0.07339717317036942	0.012256433687902298	100	6	4.509648335122001	0.3278597866795493
lower_task	PR:PC-3	magnitude_g0.80	ordinal	0.8039155781452331	0.4925951886049057	163	7	21.93565052354213	15.18043623648964
lower_task	PR:PC-3	magnitude_g1.00	magnitude_g1.25	0.017975902849203997	1.1087504627286228e-06	63	4	3.2335370548759075	3.6411835445449015e-05
lower_task	PR:PC-3	magnitude_g1.00	magnitude_g2.00	0.06276639712253232	0.015963004120804987	81	6	4.509426362980565	0.48898805813657376
lower_task	PR:PC-3	magnitude_g1.00	ordinal	0.8078854389243998	0.4830235410386762	170	7	22.15627984598595	14.655233942095414
lower_task	PR:PC-3	magnitude_g1.25	magnitude_g2.00	0.05656841796242253	0.015962643799236786	82	6	4.508562192835293	0.48900886684319644
lower_task	PR:PC-3	magnitude_g1.25	ordinal	0.7996239641657433	0.4830233380854874	167	7	22.156295449114754	14.655213133388791
lower_task	PR:PC-3	magnitude_g2.00	ordinal	0.8102487090008427	0.4937783159439489	178	8	21.04371148855785	15.144222000231988
lower_task	RE:A498	magnitude_g0.50	magnitude_g0.80	0.05906288677902905	0.05733230088097689	113	8	2.1182360918927863	1.316877474711731
lower_task	RE:A498	magnitude_g0.50	magnitude_g1.00	0.1057973630076093	0.07560752184391722	123	9	2.5410233398075057	1.7603905024618687
lower_task	RE:A498	magnitude_g0.50	magnitude_g1.25	0.11518363573552137	0.0840823917817046	129	9	2.5474486657052156	1.8873904244720983
lower_task	RE:A498	magnitude_g0.50	magnitude_g2.00	0.14165856797334317	0.0807364687657191	121	8	6.83306867124519	1.7134160974668946
lower_task	RE:A498	magnitude_g0.50	ordinal	0.710446939454265	0.4154329485990972	155	10	24.034339342149767	12.331383737548176
lower_task	RE:A498	magnitude_g0.80	magnitude_g1.00	0.06158902836618324	0.02042142632708446	96	6	2.624189095982049	0.8593027791393979
lower_task	RE:A498	magnitude_g0.80	magnitude_g1.25	0.07466411604265266	0.03397121625707359	124	8	2.624189095982049	0.912090524029523
lower_task	RE:A498	magnitude_g0.80	magnitude_g2.00	0.14419602420777794	0.12397327618187169	120	8	4.714832579352404	2.9155490065300436
lower_task	RE:A498	magnitude_g0.80	ordinal	0.71282334130767	0.4487570563595796	152	10	24.034339342149767	12.531657851403377
lower_task	RE:A498	magnitude_g1.00	magnitude_g1.25	0.02700240652493621	0.01350362993347194	110	9	1.6640804221585226	0.32784773843251436
lower_task	RE:A498	magnitude_g1.00	magnitude_g2.00	0.11707450996198047	0.11862743207426245	105	9	5.939330959309655	2.915547988411194
lower_task	RE:A498	magnitude_g1.00	ordinal	0.7461366195511259	0.4664782831459982	162	10	24.034339342149767	13.390960630542775
lower_task	RE:A498	magnitude_g1.25	magnitude_g2.00	0.11457882042925517	0.12385766998821517	88	6	4.437626718236324	2.9155490065300107
lower_task	RE:A498	magnitude_g1.25	ordinal	0.7538333928099824	0.4603237708394818	148	6	24.034339342149767	13.4437483754329
lower_task	RE:A498	magnitude_g2.00	ordinal	0.7707266929924478	0.4065828532705138	142	7	24.034339342149767	13.844437588285114
lower_task	RE:ACHN	magnitude_g0.50	magnitude_g0.80	0.2688541259068555	0.2976401104311444	128	11	7.11711960737764	5.278885622643555
lower_task	RE:ACHN	magnitude_g0.50	magnitude_g1.00	0.2642900732153955	0.265667473540837	128	11	5.138934478273267	4.924747766266282
lower_task	RE:ACHN	magnitude_g0.50	magnitude_g1.25	0.23808509356464014	0.16825447480112804	131	11	5.667979802387605	3.403074401170457
lower_task	RE:ACHN	magnitude_g0.50	magnitude_g2.00	0.3181462886831245	0.2763557868950451	132	11	7.257910533518667	6.048468290049465
lower_task	RE:ACHN	magnitude_g0.50	ordinal	0.7244462942990113	0.5639683949841819	185	13	15.598133750427525	15.513135904073758
lower_task	RE:ACHN	magnitude_g0.80	magnitude_g1.00	0.05835577139844247	0.038678468478481144	96	6	2.192371841111355	1.1360105921097583
lower_task	RE:ACHN	magnitude_g0.80	magnitude_g1.25	0.14500582689333058	0.13565166758357608	101	6	4.856222196800983	3.911649134029489
lower_task	RE:ACHN	magnitude_g0.80	magnitude_g2.00	0.13978352243268088	0.07536085903087478	102	6	3.7137332125896947	1.55942867619898
lower_task	RE:ACHN	magnitude_g0.80	ordinal	0.6769970132211538	0.40405845652458366	157	9	15.24501411595752	13.750551270021987
lower_task	RE:ACHN	magnitude_g1.00	magnitude_g1.25	0.09505854745921447	0.09974982224520434	75	6	2.7756385419197422	2.7756385419197307
lower_task	RE:ACHN	magnitude_g1.00	magnitude_g2.00	0.10343949405549288	0.0635281127847764	79	7	3.7137332125896947	1.4443810851953636
lower_task	RE:ACHN	magnitude_g1.00	ordinal	0.686570683171722	0.41103317048232874	171	10	14.88775286927568	13.865598861025603
lower_task	RE:ACHN	magnitude_g1.25	magnitude_g2.00	0.11308537221265524	0.1376333590368853	69	7	5.086136644172511	2.9229795995493864
lower_task	RE:ACHN	magnitude_g1.25	ordinal	0.7135940664591514	0.4878655462049705	171	10	14.671499299995144	14.586501453641379
lower_task	RE:ACHN	magnitude_g2.00	ordinal	0.7127874082337207	0.4344925497007356	172	10	15.39497779257473	15.309979946220967
lower_task	RE:CAKI-1	magnitude_g0.50	magnitude_g0.80	0.06559918654837515	0.04990193080396061	87	5	1.4737260714840903	1.1403903865593907
lower_task	RE:CAKI-1	magnitude_g0.50	magnitude_g1.00	0.1109738858620364	0.068758693466989	107	8	2.908679619790873	1.3224417839708704
lower_task	RE:CAKI-1	magnitude_g0.50	magnitude_g1.25	0.11665676569607737	0.06875866289943205	120	8	2.908679619790872	1.3224414088237304
lower_task	RE:CAKI-1	magnitude_g0.50	magnitude_g2.00	0.15827711763377636	0.08989041876247936	131	11	4.542748766176848	1.706909120580748
lower_task	RE:CAKI-1	magnitude_g0.50	ordinal	0.7550392475295341	0.4691944239745853	170	10	20.392662218113866	12.865320413912453
lower_task	RE:CAKI-1	magnitude_g0.80	magnitude_g1.00	0.07472881402118188	0.032353512499601084	107	7	1.8449536169207583	1.4070461821622295
lower_task	RE:CAKI-1	magnitude_g0.80	magnitude_g1.25	0.07451953709270724	0.032353461001661823	116	7	1.8449533596105319	1.4070470362130791
lower_task	RE:CAKI-1	magnitude_g0.80	magnitude_g2.00	0.11126683534524065	0.05266909726059982	133	10	4.5096483351218835	1.42309939920675
lower_task	RE:CAKI-1	magnitude_g0.80	ordinal	0.7531523453796324	0.45072742857065456	171	9	20.542883590138707	12.41348518132859
lower_task	RE:CAKI-1	magnitude_g1.00	magnitude_g1.25	0.005738953773226426	8.936094372064325e-08	46	2	0.5707006818346576	1.5998407594253194e-06
lower_task	RE:CAKI-1	magnitude_g1.00	magnitude_g2.00	0.05607296535157819	0.022039248997546376	118	10	4.5096483351218835	0.646901119651418
lower_task	RE:CAKI-1	magnitude_g1.00	ordinal	0.7825119623933441	0.4722535213304564	167	9	20.233582610018573	13.820531363490819
lower_task	RE:CAKI-1	magnitude_g1.25	magnitude_g2.00	0.05461364115889124	0.02203927825441209	116	10	4.5096483351218835	0.6469011473759193
lower_task	RE:CAKI-1	magnitude_g1.25	ordinal	0.7840977027440567	0.4722535596157091	178	9	20.233580863707484	13.820532217541668
lower_task	RE:CAKI-1	magnitude_g2.00	ordinal	0.8096623305173604	0.4854573294212509	188	11	19.95574388139695	13.83658458053534
lower_task	RE:RXF 393	magnitude_g0.50	magnitude_g0.80	0.012549953236006458	0.005329025745073587	95	8	0.9634977181211086	0.1006244627371462
lower_task	RE:RXF 393	magnitude_g0.50	magnitude_g1.00	0.031555809338149866	0.012934002760884702	116	8	0.9373868476954791	0.28416454800092694
lower_task	RE:RXF 393	magnitude_g0.50	magnitude_g1.25	0.06684187346113812	0.03329886714903339	118	8	1.4735182267622946	1.1047812738006932
lower_task	RE:RXF 393	magnitude_g0.50	magnitude_g2.00	0.17749645093025668	0.1247334521783031	129	9	7.7518022292334505	2.2983694096982266
lower_task	RE:RXF 393	magnitude_g0.50	ordinal	0.6523910189953918	0.36041075341602896	177	10	19.84991360466392	12.648182180819997
lower_task	RE:RXF 393	magnitude_g0.80	magnitude_g1.00	0.026017624599701868	0.010707549070580163	93	5	0.9631837639926994	0.3409260084438266
lower_task	RE:RXF 393	magnitude_g0.80	magnitude_g1.25	0.06073341086194515	0.031074865545793594	116	8	1.37031289459701	1.161542734243593
lower_task	RE:RXF 393	magnitude_g0.80	magnitude_g2.00	0.17631967860049994	0.12161005265507357	123	9	8.71529994735456	2.355130870141126
lower_task	RE:RXF 393	magnitude_g0.80	ordinal	0.6489813288814931	0.35794579335514093	171	10	19.96343652554967	12.591420720377098
lower_task	RE:RXF 393	magnitude_g1.00	magnitude_g1.25	0.041082861000786015	0.02044361225407947	104	8	1.1267873464281202	0.8206167257997663
lower_task	RE:RXF 393	magnitude_g1.00	magnitude_g2.00	0.1560347681216725	0.11653718243172709	119	9	8.518940646802562	2.1095176989268047
lower_task	RE:RXF 393	magnitude_g1.00	ordinal	0.6557804135548593	0.3607374804233573	179	10	19.281619641035167	12.932346728820924
lower_task	RE:RXF 393	magnitude_g1.25	magnitude_g2.00	0.13314331918381975	0.10530211292585256	87	6	8.421901900942778	1.979335903519611
lower_task	RE:RXF 393	magnitude_g1.25	ordinal	0.6896382590694378	0.37700399631162035	159	7	20.13537941948829	13.75296345462069
lower_task	RE:RXF 393	magnitude_g2.00	ordinal	0.7433310248460699	0.4306104283827712	168	8	17.69405258292115	14.946551590518224
lower_task	RE:SN12C	magnitude_g0.50	magnitude_g0.80	0.07744879405225548	0.05229306955514051	94	7	1.802800740591659	1.0965802174693557
lower_task	RE:SN12C	magnitude_g0.50	magnitude_g1.00	0.10226308189908197	0.05271773385049982	101	8	4.955757173939846	1.1191115970534629
lower_task	RE:SN12C	magnitude_g0.50	magnitude_g1.25	0.15134310565682063	0.11494392843206938	103	8	4.230570870738139	3.066586648013865
lower_task	RE:SN12C	magnitude_g0.50	magnitude_g2.00	0.16731017915744403	0.11584376134520771	105	8	5.431409644005052	1.9084518546109415
lower_task	RE:SN12C	magnitude_g0.50	ordinal	0.7403611129212467	0.7079775619991575	182	11	18.255295226052596	14.352916121580062
lower_task	RE:SN12C	magnitude_g0.80	magnitude_g1.00	0.031373317015936084	0.0008992904180979254	78	6	4.152723741819961	0.022531379584107114
lower_task	RE:SN12C	magnitude_g0.80	magnitude_g1.25	0.0806526131145203	0.07557866937778636	74	6	3.873454218231427	3.0665866480138364
lower_task	RE:SN12C	magnitude_g0.80	magnitude_g2.00	0.11560090053111548	0.07829349650073586	80	6	4.628376211885167	2.306025394282919
lower_task	RE:SN12C	magnitude_g0.80	ordinal	0.7367292241937046	0.7097616551114544	187	11	19.117172037936953	13.784849154053877
lower_task	RE:SN12C	magnitude_g1.00	magnitude_g1.25	0.07992913110904351	0.07466982683283178	73	6	3.345856200326131	3.0665793542060404
lower_task	RE:SN12C	magnitude_g1.00	magnitude_g2.00	0.11935694327033186	0.0776471641879052	82	7	4.151983548405562	2.2967803967982388
lower_task	RE:SN12C	magnitude_g1.00	ordinal	0.7456773752548466	0.7097344364034874	189	11	19.10793269208575	13.794094151538557
lower_task	RE:SN12C	magnitude_g1.25	magnitude_g2.00	0.08580847023607997	0.0975684850963313	77	7	4.151983548405562	3.066586648013801
lower_task	RE:SN12C	magnitude_g1.25	ordinal	0.7307783892290686	0.6804707554663761	190	11	19.29030057764451	14.127677672830616
lower_task	RE:SN12C	magnitude_g2.00	ordinal	0.7606530740448031	0.7623928058959171	193	11	17.327103702138345	16.090874548336796
lower_task	RE:TK-10	magnitude_g0.50	magnitude_g0.80	0.0894082993162979	0.060536183007127584	116	9	3.2390694250459235	1.391767420273157
lower_task	RE:TK-10	magnitude_g0.50	magnitude_g1.00	0.0812197967256614	0.06155311077735861	122	9	2.4378526982051376	1.4021402503714504
lower_task	RE:TK-10	magnitude_g0.50	magnitude_g1.25	0.17959679873681358	0.18942970160409053	126	9	7.463260750358118	4.548221691067256
lower_task	RE:TK-10	magnitude_g0.50	magnitude_g2.00	0.1937089828216148	0.1506353664846609	121	9	8.323469431856198	3.212201744028248
lower_task	RE:TK-10	magnitude_g0.50	ordinal	0.7159373683246261	0.4746623288133225	186	13	19.861862388155426	11.244552390765435
lower_task	RE:TK-10	magnitude_g0.80	magnitude_g1.00	0.017566962747339692	0.0016798494831774412	113	9	2.5541404966811725	0.03191035117763086
lower_task	RE:TK-10	magnitude_g0.80	magnitude_g1.25	0.1156499240760675	0.13104310134001546	111	9	4.503473746322118	3.156454270794099
lower_task	RE:TK-10	magnitude_g0.80	magnitude_g2.00	0.1603923927447458	0.0891376249857139	115	9	6.743431178940927	2.040171148073517
lower_task	RE:TK-10	magnitude_g0.80	ordinal	0.7507073303611932	0.448198627061971	187	13	21.112348003246073	11.804041390493683
lower_task	RE:TK-10	magnitude_g1.00	magnitude_g1.25	0.11933477706967312	0.129939484083616	92	6	5.486714331981593	3.1460814406958053
lower_task	RE:TK-10	magnitude_g1.00	magnitude_g2.00	0.16336810113991035	0.08812580791130416	100	6	6.746165555731451	2.044155243682494
lower_task	RE:TK-10	magnitude_g1.00	ordinal	0.7453162843962533	0.44724235021214165	170	11	21.144359844266837	11.790173222192227
lower_task	RE:TK-10	magnitude_g1.25	magnitude_g2.00	0.12029902403785939	0.07152173797043714	76	5	4.509645833212073	1.643063519674806
lower_task	RE:TK-10	magnitude_g1.25	ordinal	0.770466360396953	0.42445542935371994	174	11	19.72012577703073	12.12829488970759
lower_task	RE:TK-10	magnitude_g2.00	ordinal	0.7546505939523366	0.4295834513193791	173	11	18.478997479189825	13.033398996746214
primary	BR:BT-549	magnitude_g0.50	magnitude_g0.80	0.01951030093660572	0.013752269328152072	106	9	1.0272564007096077	0.7431493119665129
primary	BR:BT-549	magnitude_g0.50	magnitude_g1.00	0.042679834342859664	0.013752555771515435	108	9	6.899426418613565	0.7431651112634681
primary	BR:BT-549	magnitude_g0.50	magnitude_g1.25	0.06211105165919024	0.02941898114210392	110	9	5.961363585086184	1.6042705915730338
primary	BR:BT-549	magnitude_g0.50	magnitude_g2.00	0.07296745254861628	0.03631221892122751	117	9	5.961363585086184	1.387638588969212
primary	BR:BT-549	magnitude_g0.50	ordinal	0.3938120886678479	0.2469657728995925	199	10	24.898365363721936	9.147583419420222
primary	BR:BT-549	magnitude_g0.80	magnitude_g1.00	0.02634019510486284	2.872621875520479e-07	91	6	6.899426418613565	1.5799296955165687e-05
primary	BR:BT-549	magnitude_g0.80	magnitude_g1.25	0.04669603240138329	0.015669525426367518	92	6	5.872166449844423	0.8611212796065209
primary	BR:BT-549	magnitude_g0.80	magnitude_g2.00	0.06099015907447174	0.02252217355907361	111	6	5.872166449844423	1.2922003800695911
primary	BR:BT-549	magnitude_g0.80	ordinal	0.39545299060122646	0.2501166609074833	197	9	24.898365363721936	9.147583419420222
primary	BR:BT-549	magnitude_g1.00	magnitude_g1.25	0.035531932990676286	0.01566923877552276	86	6	4.369081768966852	0.8611054803095657
primary	BR:BT-549	magnitude_g1.00	magnitude_g2.00	0.050138508647668285	0.022521885469749536	103	6	4.48237262537285	1.2921986209077794
primary	BR:BT-549	magnitude_g1.00	ordinal	0.3835064946776589	0.2501167355673795	198	9	24.898365363721936	9.14758341942022
primary	BR:BT-549	magnitude_g1.25	magnitude_g2.00	0.02258771930680754	0.01528312390439001	97	6	1.1965187017633019	1.1965187017631358
primary	BR:BT-549	magnitude_g1.25	ordinal	0.4016066873272239	0.2541824864566241	202	9	24.898365363721936	9.147583419420222
primary	BR:BT-549	magnitude_g2.00	ordinal	0.40832501604328325	0.26180323465078326	216	9	24.898365363721936	9.147583419420222
primary	BR:MCF7	magnitude_g0.50	magnitude_g0.80	0.024163026623347704	0.00046599713346589546	82	6	8.329042786452439	0.025263715696689726
primary	BR:MCF7	magnitude_g0.50	magnitude_g1.00	0.004278198482256032	0.00046621439380935015	80	6	1.3378573524851167	0.02527548432481108
primary	BR:MCF7	magnitude_g0.50	magnitude_g1.25	0.03139234472652373	0.000466158939162334	104	6	7.301785707256804	0.02530697082592792
primary	BR:MCF7	magnitude_g0.50	magnitude_g2.00	0.051972783035140926	0.026715386159695428	118	6	1.8641733699125567	1.8641733699125282
primary	BR:MCF7	magnitude_g0.50	ordinal	0.47704654719524126	0.3837220757819721	167	13	43.04715489488937	8.819750761076678
primary	BR:MCF7	magnitude_g0.80	magnitude_g1.00	0.02358617397343334	2.1726035056958302e-07	78	6	8.329042786452439	1.1768628121355817e-05
primary	BR:MCF7	magnitude_g0.80	magnitude_g1.25	0.010161921091123221	1.2166993364315718e-06	84	4	1.5999999999999996	6.673410709900907e-05
primary	BR:MCF7	magnitude_g0.80	magnitude_g2.00	0.07186705713361445	0.026600788324164917	117	6	8.388786149231404	1.8669804507030179
primary	BR:MCF7	magnitude_g0.80	ordinal	0.47872209695118956	0.3837080904070132	170	13	43.04715489488937	8.819750761076678
primary	BR:MCF7	magnitude_g1.00	magnitude_g1.25	0.0308390908600296	1.0817668697469754e-06	101	6	8.329040155350382	6.804275509253443e-05
primary	BR:MCF7	magnitude_g1.00	magnitude_g2.00	0.048251993451828845	0.02660073498591243	115	6	1.8669817593510656	1.8669817593510114
primary	BR:MCF7	magnitude_g1.00	ordinal	0.47872210899244777	0.38370808403930773	170	13	43.04715489488937	8.819750761076678
primary	BR:MCF7	magnitude_g1.25	magnitude_g2.00	0.0628012344339254	0.026599816354292826	102	6	8.388786149231404	1.8669137165959189
primary	BR:MCF7	magnitude_g1.25	ordinal	0.48144259837611336	0.38370860154204167	181	13	43.04715489488937	8.819750761076678
primary	BR:MCF7	magnitude_g2.00	ordinal	0.4990178619285136	0.3951166057358857	188	13	43.04715489488937	8.819750761076678
primary	BR:T-47D	magnitude_g0.50	magnitude_g0.80	0.03329089141189732	2.55107347783121e-07	74	4	13.864377456934054	1.2537695345926636e-05
primary	BR:T-47D	magnitude_g0.50	magnitude_g1.00	0.04334833891977219	1.521156897243491e-06	79	4	13.864377456934054	7.59387528894706e-05
primary	BR:T-47D	magnitude_g0.50	magnitude_g1.25	0.06572451619895794	0.016078366030591866	119	7	13.864377456934054	0.6559273968231167
primary	BR:T-47D	magnitude_g0.50	magnitude_g2.00	0.10625716890981357	0.049253093735350355	120	6	13.86437295217699	2.0158583556906966
primary	BR:T-47D	magnitude_g0.50	ordinal	0.3718648974432356	0.29358129612712913	183	11	16.449317813147218	7.030373688236742
primary	BR:T-47D	magnitude_g0.80	magnitude_g1.00	0.019158990904839693	1.2719842988244875e-06	77	4	6.737269200519918	6.340105754354397e-05
primary	BR:T-47D	magnitude_g0.80	magnitude_g1.25	0.051794920562029216	0.016078166478445136	119	7	6.737269057284944	0.6559182700488009
primary	BR:T-47D	magnitude_g0.80	magnitude_g2.00	0.0777227148288247	0.049253003666771364	128	7	3.1800429386827047	2.0158618616428363
primary	BR:T-47D	magnitude_g0.80	ordinal	0.38128870336976833	0.2935810519449571	188	11	18.204662786543448	7.030373688236742
primary	BR:T-47D	magnitude_g1.00	magnitude_g1.25	0.04340521887811655	0.01607717905655745	114	7	3.8457610518744327	0.655873154858611
primary	BR:T-47D	magnitude_g1.00	magnitude_g2.00	0.0964565532636691	0.049252566569655966	127	7	7.429771956268098	2.0158800617612123
primary	BR:T-47D	magnitude_g1.00	ordinal	0.38948952993372665	0.29357982786720516	193	11	18.204662786543448	7.030373688236742
primary	BR:T-47D	magnitude_g1.25	magnitude_g2.00	0.06908837174454159	0.039286394566345945	115	7	7.4297719562681	1.986422219107026
primary	BR:T-47D	magnitude_g1.25	ordinal	0.3934890601293856	0.2810235407507415	193	11	18.204662786543448	7.030373688236742
primary	BR:T-47D	magnitude_g2.00	ordinal	0.40141532199000685	0.27957718095332307	196	11	18.204658281786383	7.030373688236742
primary	CNS:SF-268	magnitude_g0.50	magnitude_g0.80	0.024452196265432036	0.015460428037347568	85	6	3.2165337741687896	0.8496381362014813
primary	CNS:SF-268	magnitude_g0.50	magnitude_g1.00	0.02477207030762502	0.015584698326482497	101	6	3.2165337741688504	0.8564451062621381
primary	CNS:SF-268	magnitude_g0.50	magnitude_g1.25	0.05609020131992052	0.015584582829992087	105	6	6.202227235163164	0.8564400882934775
primary	CNS:SF-268	magnitude_g0.50	magnitude_g2.00	0.0766977557941972	0.006090633342252245	127	6	10.0	0.30909151738117124
primary	CNS:SF-268	magnitude_g0.50	ordinal	0.24138552425849946	0.1605908320084172	184	11	11.471357718606395	3.9892696995418535
primary	CNS:SF-268	magnitude_g0.80	magnitude_g1.00	0.0034010854524919748	0.00012427200748978145	95	6	1.0954342265328672	0.006806970060656781
primary	CNS:SF-268	magnitude_g0.80	magnitude_g1.25	0.034705706004893866	0.00012415697732699488	99	6	6.270410172422816	0.0068019520919961884
primary	CNS:SF-268	magnitude_g0.80	magnitude_g2.00	0.06864107227784215	0.013904300912016934	125	6	10.000000000000002	0.9890302873798529
primary	CNS:SF-268	magnitude_g0.80	ordinal	0.2425230567307016	0.16040030017112733	187	11	11.471357718606395	4.002884518635593
primary	CNS:SF-268	magnitude_g1.00	magnitude_g1.25	0.03434191573139339	4.6690215341069235e-07	75	3	6.202227235163166	3.173789501254021e-05
primary	CNS:SF-268	magnitude_g1.00	magnitude_g2.00	0.06836314995183261	0.013981489589008585	126	6	10.000000000000002	0.9958372574405097
primary	CNS:SF-268	magnitude_g1.00	ordinal	0.24544172739553505	0.16039864780831659	200	11	11.471357718606395	4.00969148869625
primary	CNS:SF-268	magnitude_g1.25	magnitude_g2.00	0.04015326084393282	0.013981518552329665	125	6	3.7977727648368367	0.9958322394718491
primary	CNS:SF-268	magnitude_g1.25	ordinal	0.2425314264530337	0.16039821161249362	199	11	11.471357718606395	4.00968647072759
primary	CNS:SF-268	magnitude_g2.00	ordinal	0.24977489314122006	0.15831869808588245	213	11	11.471357718606395	3.989269699541854
primary	CNS:SF-295	magnitude_g0.50	magnitude_g0.80	0.04281052982545301	0.013722595867876905	107	6	6.055034984981987	0.734358481822615
primary	CNS:SF-295	magnitude_g0.50	magnitude_g1.00	0.03909943132088618	0.013638074856094376	117	6	4.271576355332943	0.7296806695813287
primary	CNS:SF-295	magnitude_g0.50	magnitude_g1.25	0.050701377354225814	0.029305122918017176	127	6	3.9509051142931817	1.5907927048753612
primary	CNS:SF-295	magnitude_g0.50	magnitude_g2.00	0.06548655454419311	0.01745501603856906	142	6	4.271576355332943	0.6809599106182755
primary	CNS:SF-295	magnitude_g0.50	ordinal	0.27103188795393596	0.1662466206451932	162	9	16.449322899831618	6.966039843313041
primary	CNS:SF-295	magnitude_g0.80	magnitude_g1.00	0.0331585481214685	8.453394301178402e-05	105	6	5.973959356189802	0.004677812241286272
primary	CNS:SF-295	magnitude_g0.80	magnitude_g1.25	0.04742722359037365	0.01558480717035037	120	6	6.106313037389208	0.8564342230527462
primary	CNS:SF-295	magnitude_g0.80	magnitude_g2.00	0.0637809589491719	0.006742633255460584	132	6	5.97343959684765	0.4651525357629076
primary	CNS:SF-295	magnitude_g0.80	ordinal	0.29500260711026244	0.1708841507524594	180	9	16.694109064235793	6.966039843313041
primary	CNS:SF-295	magnitude_g1.00	magnitude_g1.25	0.03200950170212485	0.015669341091990575	95	6	3.5418956857516153	0.8611120352940325
primary	CNS:SF-295	magnitude_g1.00	magnitude_g2.00	0.032075020572948656	0.006746852505729406	105	6	3.2579780371862666	0.46467184523526583
primary	CNS:SF-295	magnitude_g1.00	ordinal	0.27520297511592823	0.17086349109425722	188	9	16.692549786210222	6.966039843313041
primary	CNS:SF-295	magnitude_g1.25	magnitude_g2.00	0.03289818984199866	0.017705258960224225	105	6	3.5906164447146685	0.9098327942570856
primary	CNS:SF-295	magnitude_g1.25	ordinal	0.2928982157472853	0.17483808309459573	198	9	16.979590234343604	6.966039843313041
primary	CNS:SF-295	magnitude_g2.00	ordinal	0.29314292339207726	0.16938865926998642	208	9	17.0318650945243	6.966039843313041
primary	CNS:SF-539	magnitude_g0.50	magnitude_g0.80	0.008450929365175634	0.0015487752599307393	101	6	1.599999999999999	0.061589422073476285
primary	CNS:SF-539	magnitude_g0.50	magnitude_g1.00	0.02826610983552727	0.0017052960710906009	113	6	6.899428193414649	0.06468953800198207
primary	CNS:SF-539	magnitude_g0.50	magnitude_g1.25	0.04025848078083168	0.015522260139093847	129	6	3.1886443014772112	0.8284924889223526
primary	CNS:SF-539	magnitude_g0.50	magnitude_g2.00	0.057312679795201334	0.006754024333512308	150	6	7.3538271047877775	0.3443586428442096
primary	CNS:SF-539	magnitude_g0.50	ordinal	0.31419087780575156	0.282582054016082	178	9	14.454012469159888	9.14759631178957
primary	CNS:SF-539	magnitude_g0.80	magnitude_g1.00	0.02004001309585039	0.00025301196731747106	91	6	6.899428193414649	0.013950277679640521
primary	CNS:SF-539	magnitude_g0.80	magnitude_g1.25	0.03337586576360567	0.015415956365818797	114	6	3.2072332508546157	0.8471412298596896
primary	CNS:SF-539	magnitude_g0.80	magnitude_g2.00	0.04982147389241408	0.005929067671575732	134	6	7.3538271047877775	0.2931296248628179
primary	CNS:SF-539	magnitude_g0.80	ordinal	0.3212450286506048	0.2830618123745767	199	9	14.396567208723273	9.14759631178957
primary	CNS:SF-539	magnitude_g1.00	magnitude_g1.25	0.0486271781852696	0.01566896520507997	112	6	6.899428193414649	0.8610915075393302
primary	CNS:SF-539	magnitude_g1.00	magnitude_g2.00	0.043094382150337084	0.005868433003536926	126	6	3.7152038625188637	0.2977796469482925
primary	CNS:SF-539	magnitude_g1.00	ordinal	0.3133825592849466	0.2830586803511781	199	9	14.396567148000326	9.14759631178957
primary	CNS:SF-539	magnitude_g1.25	magnitude_g2.00	0.0374022475182152	0.014496071170327102	112	6	7.3538271047877775	1.0344192325354946
primary	CNS:SF-539	magnitude_g1.25	ordinal	0.33609990243764454	0.2832525081899536	212	9	14.454012558543791	9.14759631178957
primary	CNS:SF-539	magnitude_g2.00	ordinal	0.3310373175048459	0.28065392688576424	219	9	14.454012558543791	9.147596311789572
primary	CNS:SNB-19	magnitude_g0.50	magnitude_g0.80	0.016710254928217278	3.210661781026732e-09	10	0	4.771549534001406	1.0411399919973974e-07
primary	CNS:SNB-19	magnitude_g0.50	magnitude_g1.00	0.03316167999199372	1.321684025560434e-07	81	6	10.0	6.403071033389551e-06
primary	CNS:SNB-19	magnitude_g0.50	magnitude_g1.25	0.042318605888344775	3.0495509011149153e-07	105	6	10.0	1.3101800075077108e-05
primary	CNS:SNB-19	magnitude_g0.50	magnitude_g2.00	0.05715228318589063	0.006689975622530851	139	5	10.0	0.46664627088524036
primary	CNS:SNB-19	magnitude_g0.50	ordinal	0.32743091264222574	0.16285820903973877	151	9	24.516716186343544	6.92933475068574
primary	CNS:SNB-19	magnitude_g0.80	magnitude_g1.00	0.0190994370949715	1.3043861828029986e-07	78	6	5.228450465998596	6.325491459513444e-06
primary	CNS:SNB-19	magnitude_g0.80	magnitude_g1.25	0.031520737997051275	3.0322530757698595e-07	106	6	5.228450465998596	1.3197647277252145e-05
primary	CNS:SNB-19	magnitude_g0.80	magnitude_g2.00	0.057066086331301516	0.006689973980501925	134	5	10.0	0.46664636673244253
primary	CNS:SNB-19	magnitude_g0.80	ordinal	0.3278423209919054	0.16285821051664465	153	9	24.516716186343544	6.92933475068574
primary	CNS:SNB-19	magnitude_g1.00	magnitude_g1.25	0.02316098870612357	1.7285058150229494e-07	77	5	5.21752971469375	8.82957588821398e-06
primary	CNS:SNB-19	magnitude_g1.00	magnitude_g2.00	0.046491326874795326	0.006689900528270991	129	6	4.782470285306251	0.4666419986610535
primary	CNS:SNB-19	magnitude_g1.00	ordinal	0.3317407881950567	0.16285817341170217	160	9	24.516716186343544	6.92933475068574
primary	CNS:SNB-19	magnitude_g1.25	magnitude_g2.00	0.05600985878748403	0.0066897663877035505	125	6	10.0	0.4666331690851653
primary	CNS:SNB-19	magnitude_g1.25	ordinal	0.3327957901059458	0.16285813142159972	168	9	24.516716186343544	6.92933475068574
primary	CNS:SNB-19	magnitude_g2.00	ordinal	0.3554583577598858	0.16129920456516106	199	9	24.516716186343544	6.92933475068574
primary	CNS:SNB-75	magnitude_g0.50	magnitude_g0.80	0.04123153187574486	0.015328248221604217	89	7	7.175148630593478	0.8429164844252273
primary	CNS:SNB-75	magnitude_g0.50	magnitude_g1.00	0.034749268431123116	0.01569695716166491	105	7	4.410063670076048	0.8219165585308912
primary	CNS:SNB-75	magnitude_g0.50	magnitude_g1.25	0.04750453871923153	0.01569715338589518	118	7	6.063525481014967	0.8218623384419814
primary	CNS:SNB-75	magnitude_g0.50	magnitude_g2.00	0.04402830109970296	0.007773847753670816	135	7	3.934834342125814	0.5744482691507997
primary	CNS:SNB-75	magnitude_g0.50	ordinal	0.38996084453901464	0.21434802849953893	177	8	48.939650104072314	8.391196524090441
primary	CNS:SNB-75	magnitude_g0.80	magnitude_g1.00	0.009581023795093636	0.0020807738700952243	100	7	2.765084960517431	0.06772121779800777
primary	CNS:SNB-75	magnitude_g0.80	magnitude_g1.25	0.010737978269596115	0.002084928855294214	111	7	1.111623149578512	0.06786612125515212
primary	CNS:SNB-75	magnitude_g0.80	magnitude_g2.00	0.05019450827333707	0.02123102126849877	136	7	7.175148630593478	1.022174338497233
primary	CNS:SNB-75	magnitude_g0.80	ordinal	0.38769346827452195	0.22113666095822856	180	9	48.939650104072314	8.391196524090441
primary	CNS:SNB-75	magnitude_g1.00	magnitude_g1.25	0.013634352358240719	4.15596355798339e-06	102	6	2.6807844984077174	0.00016298025752448098
primary	CNS:SNB-75	magnitude_g1.00	magnitude_g2.00	0.04880595574189686	0.020095955399466948	130	6	6.212564723921324	1.001174412602897
primary	CNS:SNB-75	magnitude_g1.00	ordinal	0.39044495848328736	0.22272776167869593	196	9	48.939650104072314	8.391196524090441
primary	CNS:SNB-75	magnitude_g1.25	magnitude_g2.00	0.04079417216777315	0.020093889536149705	111	6	6.212564723921327	1.0011201925139872
primary	CNS:SNB-75	magnitude_g1.25	ordinal	0.39311732709647135	0.22273074005698226	204	9	48.939650104072314	8.391196524090443
primary	CNS:SNB-75	magnitude_g2.00	ordinal	0.4021887988406495	0.21940854002770097	221	9	48.939650104072314	8.391196524090441
primary	CNS:U251	magnitude_g0.50	magnitude_g0.80	0.048665632834883864	0.015464352992686696	124	7	6.130768459670043	0.8378772901396063
primary	CNS:U251	magnitude_g0.50	magnitude_g1.00	0.056358189506423684	0.019861657074462188	127	7	6.130768459670041	0.8296025693306457
primary	CNS:U251	magnitude_g0.50	magnitude_g1.25	0.048061910179110226	0.019805143721438295	134	7	3.1885393809900555	0.8261817255644219
primary	CNS:U251	magnitude_g0.50	magnitude_g2.00	0.07058075653259102	0.006754083794641297	139	6	10.000000000000002	0.34434802763875183
primary	CNS:U251	magnitude_g0.50	ordinal	0.2653542706287311	0.2682325603610187	143	10	14.440261445601845	9.14759631178957
primary	CNS:U251	magnitude_g0.80	magnitude_g1.00	0.017260963733827756	0.0061011250549667375	101	7	2.6796670151716735	0.3728243530528701
primary	CNS:U251	magnitude_g0.80	magnitude_g1.25	0.030841743530889615	0.006145590808174641	114	7	5.189412278977345	0.37320444692943333
primary	CNS:U251	magnitude_g0.80	magnitude_g2.00	0.05159673477170597	0.01558164000571945	131	7	9.013294767216982	1.0438361214275869
primary	CNS:U251	magnitude_g0.80	ordinal	0.2754454317475132	0.2682753514522646	181	11	14.440261445601845	9.14759631178957
primary	CNS:U251	magnitude_g1.00	magnitude_g1.25	0.02179292814545431	6.23132824844411e-05	89	6	5.266670527967969	0.003420843766223758
primary	CNS:U251	magnitude_g1.00	magnitude_g2.00	0.05780281738716941	0.020689469743891686	123	7	9.013294767216982	1.0355614006186262
primary	CNS:U251	magnitude_g1.00	ordinal	0.2748312503048316	0.26463429178825926	183	11	14.440261445601845	9.14759631178957
primary	CNS:U251	magnitude_g1.25	magnitude_g2.00	0.052509334026787015	0.0206328701589647	113	7	10.0	1.0321405568524025
primary	CNS:U251	magnitude_g1.25	ordinal	0.2862210074963531	0.26463375618859175	193	11	14.440261445601845	9.14759631178957
primary	CNS:U251	magnitude_g2.00	ordinal	0.29764799253680674	0.2662894818544801	190	10	14.440261445601845	9.14759631178957
primary	CO:COLO 205	magnitude_g0.50	magnitude_g0.80	0.10906249870269617	0.05278197595566659	95	7	10.992644696572096	2.342835979864785
primary	CO:COLO 205	magnitude_g0.50	magnitude_g1.00	0.10362202914147968	0.052781823711429476	97	7	10.992663796083331	2.3428273883122177
primary	CO:COLO 205	magnitude_g0.50	magnitude_g1.25	0.1018165741988216	0.052781692703788165	95	7	10.992680236478929	2.3428199949932482
primary	CO:COLO 205	magnitude_g0.50	magnitude_g2.00	0.1035885027342137	0.05278151915921898	101	7	10.992702120540581	2.3428100261631624
primary	CO:COLO 205	magnitude_g0.50	ordinal	0.36646399145669595	0.19780280527243543	168	11	30.076498061718382	7.873609803105652
primary	CO:COLO 205	magnitude_g0.80	magnitude_g1.00	0.014943247262835966	1.5475607679821748e-07	74	5	4.338232512293929	8.591552567160932e-06
primary	CO:COLO 205	magnitude_g0.80	magnitude_g1.25	0.03796939570700657	2.880115952149554e-07	88	6	9.459736034075016	1.5984871536645073e-05
primary	CO:COLO 205	magnitude_g0.80	magnitude_g2.00	0.039286744803630425	4.6445745193898053e-07	89	6	9.130563463851441	2.595370162250532e-05
primary	CO:COLO 205	magnitude_g0.80	ordinal	0.3963145688414451	0.21918716132835242	167	11	30.076498061718382	7.873609803105607
primary	CO:COLO 205	magnitude_g1.00	magnitude_g1.25	0.04335528526769073	1.3325551919130722e-07	77	5	9.993893527253393	7.393318969484142e-06
primary	CO:COLO 205	magnitude_g1.00	magnitude_g2.00	0.03554886336317225	3.097466348734109e-07	89	6	9.993893527253395	1.736214905534439e-05
primary	CO:COLO 205	magnitude_g1.00	ordinal	0.39523181560763226	0.2191872421311007	169	11	30.076498061718382	7.873609803105652
primary	CO:COLO 205	magnitude_g1.25	magnitude_g2.00	0.03851306882154588	1.765592677928892e-07	84	5	9.459736034075018	9.968830085860247e-06
primary	CO:COLO 205	magnitude_g1.25	ordinal	0.40607858648338147	0.21918731171199196	171	11	30.076498061718382	7.8736098031055555
primary	CO:COLO 205	magnitude_g2.00	ordinal	0.4065144926469113	0.21918740750081064	175	11	30.076498061718382	7.873609803105707
primary	CO:HCC-2998	magnitude_g0.50	magnitude_g0.80	0.08258394287112425	0.05515426564065812	73	4	6.7189257080435185	2.447334091764162
primary	CO:HCC-2998	magnitude_g0.50	magnitude_g1.00	0.07910923254742502	0.05515427291940043	77	4	7.9168156431871335	2.4473340917641626
primary	CO:HCC-2998	magnitude_g0.50	magnitude_g1.25	0.10389182675007935	0.055154290510170685	58	3	10.0	2.4473340917641626
primary	CO:HCC-2998	magnitude_g0.50	magnitude_g2.00	0.11316728855016	0.05361159356832419	89	4	10.000000000000002	2.4473340917641626
primary	CO:HCC-2998	magnitude_g0.50	ordinal	0.30116488691409354	0.1431709463830704	174	11	14.394701740958805	6.700262220025408
primary	CO:HCC-2998	magnitude_g0.80	magnitude_g1.00	0.02118447875370916	1.8099128230468897e-08	24	1	6.23868095316147	1.1348368014196808e-06
primary	CO:HCC-2998	magnitude_g0.80	magnitude_g1.25	0.03201729892425726	5.965031964046856e-08	73	3	10.0	3.1430144904476265e-06
primary	CO:HCC-2998	magnitude_g0.80	magnitude_g2.00	0.05005899864493899	0.006689945239486291	82	3	10.000000000000002	0.46666304790959856
primary	CO:HCC-2998	magnitude_g0.80	ordinal	0.3447028169473147	0.19928736290185434	176	11	16.842035832722967	9.14759631178957
primary	CO:HCC-2998	magnitude_g1.00	magnitude_g1.25	0.047508405584968404	6.02157683877421e-08	79	3	10.0	3.842759248584571e-06
primary	CO:HCC-2998	magnitude_g1.00	magnitude_g2.00	0.06576286539513435	0.006689944698405104	87	3	10.000000000000002	0.4666623481648404
primary	CO:HCC-2998	magnitude_g1.00	ordinal	0.3290588096729844	0.19928736315905637	180	11	16.842035832722967	9.14759631178957
primary	CO:HCC-2998	magnitude_g1.25	magnitude_g2.00	0.01832218708425314	0.006690004927200633	73	3	1.3953468615057991	0.466666190924089
primary	CO:HCC-2998	magnitude_g1.25	ordinal	0.34169877583358027	0.19928742020154766	177	11	16.842035832722967	9.14759631178957
primary	CO:HCC-2998	magnitude_g2.00	ordinal	0.35074943201653835	0.1929681795264287	189	11	16.842035832722967	9.147596311789572
primary	CO:HCT-116	magnitude_g0.50	magnitude_g0.80	0.01786178760661533	0.013195675512270433	83	6	1.0272564007096077	0.7296692161138902
primary	CO:HCT-116	magnitude_g0.50	magnitude_g1.00	0.041419056225408195	0.013196717033602916	95	6	6.813774960804545	0.729726636427829
primary	CO:HCT-116	magnitude_g0.50	magnitude_g1.25	0.049225442564637685	0.02936306431693964	105	6	4.027480684904452	1.6180726723419663
primary	CO:HCT-116	magnitude_g0.50	magnitude_g2.00	0.062448085720772734	0.03519269835405549	115	6	4.027480684904436	1.3455335955980998
primary	CO:HCT-116	magnitude_g0.50	ordinal	0.3571312687355091	0.26482649083375565	171	11	17.550832565020688	9.14759631178957
primary	CO:HCT-116	magnitude_g0.80	magnitude_g1.00	0.026556898622107708	1.0423197694135986e-06	95	6	5.9486672162172844	5.742031393873859e-05
primary	CO:HCT-116	magnitude_g0.80	magnitude_g1.25	0.032745439856063735	0.016167676944469155	100	6	3.297791284599346	0.888403456228076
primary	CO:HCT-116	magnitude_g0.80	magnitude_g2.00	0.05386219718978762	0.021961975326756086	116	6	3.297791284599344	0.8644900577290056
primary	CO:HCT-116	magnitude_g0.80	ordinal	0.36194547046973574	0.26493518649703074	173	11	17.550832565020688	9.147596311789572
primary	CO:HCT-116	magnitude_g1.00	magnitude_g1.25	0.04008692565489469	0.016166635245246176	101	6	5.217188825977636	0.8883460359141373
primary	CO:HCT-116	magnitude_g1.00	magnitude_g2.00	0.06316723176133861	0.021960930485822417	117	6	7.208014168633356	0.8644836728529537
primary	CO:HCT-116	magnitude_g1.00	ordinal	0.3635751882782977	0.26493519525155046	178	11	17.550832565020688	9.147596311789572
primary	CO:HCT-116	magnitude_g1.25	magnitude_g2.00	0.033537942972005824	0.013937327275451002	109	6	1.9908253426557208	0.765785922435418
primary	CO:HCT-116	magnitude_g1.25	ordinal	0.3760768166000036	0.26506817499268887	187	11	17.550832565020688	9.14759631178957
primary	CO:HCT-116	magnitude_g2.00	ordinal	0.3901216095133551	0.26779959196168074	197	11	17.550832565020688	9.14759631178957
primary	CO:HCT-15	magnitude_g0.50	magnitude_g0.80	0.017520746792714093	9.800660703224732e-10	25	0	4.984818918936618	5.0723856670487066e-08
primary	CO:HCT-15	magnitude_g0.50	magnitude_g1.00	0.03432724174551926	1.0118469489091549e-07	72	2	10.000000000000002	6.9716007313758155e-06
primary	CO:HCT-15	magnitude_g0.50	magnitude_g1.25	0.014163789985862367	2.487280022014061e-07	79	3	4.132417951839319	1.7258078081283657e-05
primary	CO:HCT-15	magnitude_g0.50	magnitude_g2.00	0.055411443381479186	0.006692942754296058	115	6	10.000000000000002	0.4666608190261847
primary	CO:HCT-15	magnitude_g0.50	ordinal	0.36760562785898737	0.2047967986080807	174	9	16.842035832722804	9.14759631178957
primary	CO:HCT-15	magnitude_g0.80	magnitude_g1.00	0.02959877988986809	1.00703080369802e-07	73	2	10.000000000000002	6.9716016266596625e-06
primary	CO:HCT-15	magnitude_g0.80	magnitude_g1.25	0.0219578340739851	2.477479658016583e-07	76	3	4.984818918936618	1.7258078976567504e-05
primary	CO:HCT-15	magnitude_g0.80	magnitude_g2.00	0.0497549722111451	0.006692942307281279	115	6	10.000000000000002	0.46666081902708
primary	CO:HCT-15	magnitude_g0.80	ordinal	0.3586452190197098	0.20479679771499582	174	9	16.842035832722804	9.14759631178957
primary	CO:HCT-15	magnitude_g1.00	magnitude_g1.25	0.02979218775310971	1.5065384391432588e-07	79	3	10.000000000000002	1.0286477349907841e-05
primary	CO:HCT-15	magnitude_g1.00	magnitude_g2.00	0.025187545151756315	0.006692841776061798	106	6	1.5793149322991726	0.46665384742545335
primary	CO:HCT-15	magnitude_g1.00	ordinal	0.3529523997096238	0.204796702443537	177	9	16.842035832722804	9.147596311789572
primary	CO:HCT-15	magnitude_g1.25	magnitude_g2.00	0.0479758220219211	0.006692694591406525	110	6	10.000000000000002	0.46664356094810344
primary	CO:HCT-15	magnitude_g1.25	ordinal	0.3630896740786011	0.20479656178505906	182	9	16.842035832722804	9.147596311789572
primary	CO:HCT-15	magnitude_g2.00	ordinal	0.36489885687601264	0.19842274198284332	194	9	16.842035832722804	9.147596311789572
primary	CO:KM12	magnitude_g0.50	magnitude_g0.80	0.04964858741235385	6.585452504209248e-08	95	4	10.0	4.13733715376452e-06
primary	CO:KM12	magnitude_g0.50	magnitude_g1.00	0.02402269429506978	8.617166636853894e-08	84	3	5.559124913222237	5.141938380859301e-06
primary	CO:KM12	magnitude_g0.50	magnitude_g1.25	0.04123704802528354	1.3466090873587115e-07	96	4	10.000000000000002	7.452725935053195e-06
primary	CO:KM12	magnitude_g0.50	magnitude_g2.00	0.0450838162046941	0.006690256668969094	120	6	7.250895705684271	0.46662046148775893
primary	CO:KM12	magnitude_g0.50	ordinal	0.3695242836197679	0.3054375162022847	182	11	16.44931781314698	9.14759631178957
primary	CO:KM12	magnitude_g0.80	magnitude_g1.00	0.04015616289373629	5.115645627742007e-08	63	3	10.0	2.9211962289110716e-06
primary	CO:KM12	magnitude_g0.80	magnitude_g1.25	0.048444466087610265	1.0128223399700445e-07	87	3	8.737140842503983	6.42728239874657e-06
primary	CO:KM12	magnitude_g0.80	magnitude_g2.00	0.06246699481811102	0.006690207238112455	130	6	10.0	0.466619447193775
primary	CO:KM12	magnitude_g0.80	ordinal	0.367355388973498	0.30543745851180215	202	11	16.449320314872896	9.147596311789572
primary	CO:KM12	magnitude_g1.00	magnitude_g1.25	0.04436184358670402	5.048600352114491e-08	73	2	10.000000000000002	3.5060861698354984e-06
primary	CO:KM12	magnitude_g1.00	magnitude_g2.00	0.05174844517025338	0.0066901705421370085	128	6	5.425879110336836	0.4666165259975461
primary	CO:KM12	magnitude_g1.00	ordinal	0.35401547670588757	0.30543744674169965	201	11	16.449321614706008	9.147596311789572
primary	CO:KM12	magnitude_g1.25	magnitude_g2.00	0.057080250392964015	0.006690122048280746	125	6	10.000000000000002	0.46661301991137627
primary	CO:KM12	magnitude_g1.25	ordinal	0.36950703813266905	0.30543740907943695	210	11	16.449324019105966	9.14759631178957
primary	CO:KM12	magnitude_g2.00	ordinal	0.37258619662735537	0.30008799089371946	216	11	16.7826531040984	9.14759631178957
primary	CO:SW-620	magnitude_g0.50	magnitude_g0.80	0.07946556018390763	0.036354738003776914	50	2	7.014416559391836	2.4473406264495208
primary	CO:SW-620	magnitude_g0.50	magnitude_g1.00	0.08164227545987843	0.05731050657513437	54	3	7.2657640743022425	2.7428189959484026
primary	CO:SW-620	magnitude_g0.50	magnitude_g1.25	0.08226304104854021	0.057310507595496295	79	4	7.014416559391836	2.742820087090914
primary	CO:SW-620	magnitude_g0.50	magnitude_g2.00	0.09942504194717887	0.05576798734129796	87	4	8.605124879400947	2.6761594804820303
primary	CO:SW-620	magnitude_g0.50	ordinal	0.3796961933829365	0.2435538001613693	154	10	41.794547732252994	8.819750761076678
primary	CO:SW-620	magnitude_g0.80	magnitude_g1.00	0.039259832769886004	0.020966690802579197	39	1	3.895238801763438	2.742818995948493
primary	CO:SW-620	magnitude_g0.80	magnitude_g1.25	0.045954621474599625	0.020966749986321514	76	3	7.008446465133016	2.7428200870910047
primary	CO:SW-620	magnitude_g0.80	magnitude_g2.00	0.07119268241644879	0.02655220892260808	91	3	9.43999873813443	2.676159480482121
primary	CO:SW-620	magnitude_g0.80	ordinal	0.4066581535291411	0.2808385064064923	153	10	41.794561103051755	8.819750761076678
primary	CO:SW-620	magnitude_g1.00	magnitude_g1.25	0.017758726104189663	5.997204532923176e-08	67	3	4.271597563443433	3.8035478961973013e-06
primary	CO:SW-620	magnitude_g1.00	magnitude_g2.00	0.03811004323320439	0.006689953074236095	82	3	5.5447599363709905	0.466664371572568
primary	CO:SW-620	magnitude_g1.00	ordinal	0.4016125478340877	0.26467829711159596	164	10	41.87104579397066	8.819750761076678
primary	CO:SW-620	magnitude_g1.25	magnitude_g2.00	0.03451623190207316	0.006689909995161735	82	3	3.8528553996474106	0.4666605680246718
primary	CO:SW-620	magnitude_g1.25	ordinal	0.3944972581871014	0.2646782821856004	172	10	41.87104862883627	8.819750761076678
primary	CO:SW-620	magnitude_g2.00	ordinal	0.4051153938018057	0.2640403288817955	178	10	42.20438142239847	8.819750761076678
primary	LC:A549/ATCC	magnitude_g0.50	magnitude_g0.80	0.05479915496338054	0.01276017251856648	100	7	8.606000991344823	0.6381290440619027
primary	LC:A549/ATCC	magnitude_g0.50	magnitude_g1.00	0.044045381500003325	0.012760180007599814	99	7	9.49623632126623	0.6381262100601934
primary	LC:A549/ATCC	magnitude_g0.50	magnitude_g1.25	0.05404974760625669	0.012760192208618935	105	7	10.0	0.6381215918618666
primary	LC:A549/ATCC	magnitude_g0.50	magnitude_g2.00	0.04716031324531247	0.012760213905963045	106	7	8.827721579276202	0.6381179349054733
primary	LC:A549/ATCC	magnitude_g0.50	ordinal	0.3993741645131126	0.301738558482132	172	11	45.18737197325653	8.819749784706293
primary	LC:A549/ATCC	magnitude_g0.80	magnitude_g1.00	0.026915891877914738	5.147605616654125e-08	32	2	9.49623632126623	2.8340017093064773e-06
primary	LC:A549/ATCC	magnitude_g0.80	magnitude_g1.25	0.0546146259551914	1.3541153495376339e-07	94	5	10.0	7.4522000361731955e-06
primary	LC:A549/ATCC	magnitude_g0.80	magnitude_g2.00	0.038618366678897315	2.1404049333245632e-07	102	6	9.626587637257458	1.1109156429434108e-05
primary	LC:A549/ATCC	magnitude_g0.80	ordinal	0.3935515960543038	0.29117991302717433	166	10	45.18737197325653	8.819749784706293
primary	LC:A549/ATCC	magnitude_g1.00	magnitude_g1.25	0.043264559827383024	8.393547891066438e-08	93	5	10.0	4.618198326866718e-06
primary	LC:A549/ATCC	magnitude_g1.00	magnitude_g2.00	0.015542053799608031	1.6256443780937727e-07	101	6	2.548138447709554	8.275154720127631e-06
primary	LC:A549/ATCC	magnitude_g1.00	ordinal	0.4004191004224182	0.29117991361406625	167	10	45.18737197325653	8.819749784706293
primary	LC:A549/ATCC	magnitude_g1.25	magnitude_g2.00	0.0390665283855026	7.862895870917393e-08	66	4	10.000000000000002	3.656956393260913e-06
primary	LC:A549/ATCC	magnitude_g1.25	ordinal	0.3963076348521727	0.29117991453188463	168	10	45.18737197325653	8.819749784706293
primary	LC:A549/ATCC	magnitude_g2.00	ordinal	0.40270584953298966	0.29117992470070453	179	10	45.18737197325653	8.819749784706293
primary	LC:EKVX	magnitude_g0.50	magnitude_g0.80	0.042424929272415944	2.6357737449545765e-08	40	1	10.000000000000002	1.2700164500091538e-06
primary	LC:EKVX	magnitude_g0.50	magnitude_g1.00	0.036996904950705456	1.9415553948420956e-07	73	4	10.000000000000002	1.0038946365670265e-05
primary	LC:EKVX	magnitude_g0.50	magnitude_g1.25	0.0471848028704247	0.0005545916095162963	103	5	9.228907225300532	0.028720550065794603
primary	LC:EKVX	magnitude_g0.50	magnitude_g2.00	0.02437598550463864	0.002440038300524174	94	5	4.869266601153892	0.08619161969662237
primary	LC:EKVX	magnitude_g0.50	ordinal	0.3291835640832208	0.170725550805585	160	9	16.704871553284946	8.538810440183763
primary	LC:EKVX	magnitude_g0.80	magnitude_g1.00	0.014463881037509275	2.1830106440339728e-07	69	4	4.061923575859262	1.1308962815679419e-05
primary	LC:EKVX	magnitude_g0.80	magnitude_g1.25	0.014111763414326517	0.0005546159879408252	93	5	1.8967005884522157	0.028721820082244612
primary	LC:EKVX	magnitude_g0.80	magnitude_g2.00	0.03900590150294518	0.002440052612486207	102	5	5.13073339884611	0.08619098468829733
primary	LC:EKVX	magnitude_g0.80	ordinal	0.3470807605996421	0.17072555173151518	167	9	16.704873307943686	8.538810440183761
primary	LC:EKVX	magnitude_g1.00	magnitude_g1.25	0.023673103287262878	0.0005543977599334644	91	5	4.061917924528968	0.028710511119428933
primary	LC:EKVX	magnitude_g1.00	magnitude_g2.00	0.036439934090310676	0.00243992187882737	92	5	5.13073339884611	0.08619663916996778
primary	LC:EKVX	magnitude_g1.00	ordinal	0.3421171892274881	0.17072552846382924	173	9	16.70485917725432	8.538810440183761
primary	LC:EKVX	magnitude_g1.25	magnitude_g2.00	0.029879147714104128	0.0021077141133378466	84	4	4.3596406241466426	0.10054007022227296
primary	LC:EKVX	magnitude_g1.25	ordinal	0.35094494079084587	0.17085479641394086	185	8	16.668958346137323	8.538810440183763
primary	LC:EKVX	magnitude_g2.00	ordinal	0.3342963982915503	0.17093135516579588	177	8	16.56125289558954	8.538810440183761
primary	LC:NCI-H322M	magnitude_g0.50	magnitude_g0.80	0.02471628023073306	1.1020330338565001e-07	89	5	4.271585465720407	6.111727571145309e-06
primary	LC:NCI-H322M	magnitude_g0.50	magnitude_g1.00	0.033216318111116305	1.1741126668584135e-07	82	5	10.000000000000002	6.5119943117863954e-06
primary	LC:NCI-H322M	magnitude_g0.50	magnitude_g1.25	0.03321632587854671	1.2129814148654064e-07	82	5	10.000000000000002	6.730399004339915e-06
primary	LC:NCI-H322M	magnitude_g0.50	magnitude_g2.00	0.04341618116189149	2.5831771136441354e-07	90	3	10.000000000000002	1.793964785790081e-05
primary	LC:NCI-H322M	magnitude_g0.50	ordinal	0.40897166795997364	0.19912828354150197	183	10	47.946920144473516	7.8499112122081085
primary	LC:NCI-H322M	magnitude_g0.80	magnitude_g1.00	0.02479885303983266	7.3344291853097645e-09	19	0	5.973651217608054	4.0026674064108647e-07
primary	LC:NCI-H322M	magnitude_g0.80	magnitude_g1.25	0.02479886123684954	1.1428775171675852e-08	21	0	5.973651217608054	6.186714331946064e-07
primary	LC:NCI-H322M	magnitude_g0.80	magnitude_g2.00	0.04368262434471734	3.371911159174564e-07	113	6	10.000000000000002	1.8615571473645787e-05
primary	LC:NCI-H322M	magnitude_g0.80	ordinal	0.3988481083550426	0.19912828353691162	182	10	47.946920144473516	7.8499112122081085
primary	LC:NCI-H322M	magnitude_g1.00	magnitude_g1.25	8.381276087536775e-09	4.4985281654699976e-09	2	0	1.4208246827962512e-06	2.184046925535199e-07
primary	LC:NCI-H322M	magnitude_g1.00	magnitude_g2.00	0.022849204381075034	3.423095501185043e-07	108	6	5.8622952438385925	1.8660652241209164e-05
primary	LC:NCI-H322M	magnitude_g1.00	ordinal	0.40403961758827334	0.19912828340762836	184	10	47.946920144473516	7.8499112122081085
primary	LC:NCI-H322M	magnitude_g1.25	magnitude_g2.00	0.022849202355064487	3.44410417957281e-07	108	6	5.86229496877546	1.8634492262137314e-05
primary	LC:NCI-H322M	magnitude_g1.25	ordinal	0.4040396191617209	0.19912828252029124	184	10	47.946920144473516	7.8499112122081085
primary	LC:NCI-H322M	magnitude_g2.00	ordinal	0.4152167420350154	0.19912803926447692	202	10	47.946920144473516	7.8499112122081085
primary	LC:NCI-H460	magnitude_g0.50	magnitude_g0.80	0.007351360250328991	0.0005106410266776502	91	7	1.6130591399511776	0.0286592688801241
primary	LC:NCI-H460	magnitude_g0.50	magnitude_g1.00	0.01158015730639226	0.0018882517570145685	109	7	1.6138115595155265	0.07125697005901621
primary	LC:NCI-H460	magnitude_g0.50	magnitude_g1.25	0.027902290086699477	0.0019404545542333577	113	7	7.096850600864203	0.07249429371873894
primary	LC:NCI-H460	magnitude_g0.50	magnitude_g2.00	0.05823538490846394	0.020668345206050334	129	7	10.0	0.973631432335579
primary	LC:NCI-H460	magnitude_g0.50	ordinal	0.29291712197962194	0.1821373652314248	143	8	16.9736408934803	8.521576817019543
primary	LC:NCI-H460	magnitude_g0.80	magnitude_g1.00	0.0042966474462691195	0.0014484512462164087	96	6	1.0272564007096077	0.05970232250675345
primary	LC:NCI-H460	magnitude_g0.80	magnitude_g1.25	0.03426499611114384	0.0015492976725172928	110	6	7.096850600864203	0.061975796016835005
primary	LC:NCI-H460	magnitude_g0.80	magnitude_g2.00	0.06489779384991201	0.020372635828255253	129	6	10.0	0.9765266152076304
primary	LC:NCI-H460	magnitude_g0.80	ordinal	0.2996634584505885	0.18223414834270518	145	7	16.984159044453545	8.521576817019543
primary	LC:NCI-H460	magnitude_g1.00	magnitude_g1.25	0.03332141355260525	0.00012455890271377136	100	6	7.096850600864203	0.0068204198377528336
primary	LC:NCI-H460	magnitude_g1.00	magnitude_g2.00	0.06419545231918762	0.02004052841971307	119	6	10.0	0.9832984164056979
primary	LC:NCI-H460	magnitude_g1.00	ordinal	0.30048944518519066	0.18354256113591907	161	7	16.986416303145596	8.521576817019543
primary	LC:NCI-H460	magnitude_g1.25	magnitude_g2.00	0.04616112822608795	0.02015358757297117	104	6	5.132935729683155	0.9901188362434508
primary	LC:NCI-H460	magnitude_g1.25	ordinal	0.30069095643566524	0.18357431796502144	158	7	16.98868977665557	8.521576817019543
primary	LC:NCI-H460	magnitude_g2.00	ordinal	0.3190827949730034	0.18289301808630123	178	7	16.65865017471885	8.521576817019543
primary	LC:NCI-H522	magnitude_g0.50	magnitude_g0.80	0.026676992989946857	0.00025151379140162265	93	6	6.9071855485859235	0.013873122402434213
primary	LC:NCI-H522	magnitude_g0.50	magnitude_g1.00	0.030034656529423175	0.01559158559193409	104	7	3.1719181859168315	0.8405465175034719
primary	LC:NCI-H522	magnitude_g0.50	magnitude_g1.25	0.04274001010520987	0.015592341822347639	103	7	6.9071855485859235	0.8405178291164699
primary	LC:NCI-H522	magnitude_g0.50	magnitude_g2.00	0.05517687055897152	0.007387153473255854	125	7	8.573069745774843	0.5191017692204714
primary	LC:NCI-H522	magnitude_g0.50	ordinal	0.34664240176146544	0.19582928901865435	163	11	50.218737880494984	6.911363433062692
primary	LC:NCI-H522	magnitude_g0.80	magnitude_g1.00	0.04160316933866131	0.015843135822912805	99	7	7.090782958443067	0.8544196399059061
primary	LC:NCI-H522	magnitude_g0.80	magnitude_g1.25	0.031164678572032724	0.01584389182737835	98	7	3.1855169439925173	0.8543909515189041
primary	LC:NCI-H522	magnitude_g0.80	magnitude_g2.00	0.053214589072954094	0.007254759713359016	124	7	6.056572882968036	0.52064322149959
primary	LC:NCI-H522	magnitude_g0.80	ordinal	0.34552481418284836	0.195764536569318	172	11	50.218737880494984	6.911363433062692
primary	LC:NCI-H522	magnitude_g1.00	magnitude_g1.25	0.02679044371430998	1.831850217756872e-06	95	6	7.090782958443067	0.00014156027725498177
primary	LC:NCI-H522	magnitude_g1.00	magnitude_g2.00	0.0632953186102138	0.020093951011664102	117	6	8.573069745774847	1.0011104796600114
primary	LC:NCI-H522	magnitude_g1.00	ordinal	0.36256498788135033	0.1998514286388972	178	10	50.218737880494984	7.319195369336937
primary	LC:NCI-H522	magnitude_g1.25	magnitude_g2.00	0.045299138894913875	0.020092499121343747	110	6	5.015489953457913	1.0010817912730094
primary	LC:NCI-H522	magnitude_g1.25	ordinal	0.3508832000726667	0.19985231819595517	174	10	50.218737880494984	7.319166680949936
primary	LC:NCI-H522	magnitude_g2.00	ordinal	0.36491800542330805	0.1988594481937265	192	10	50.218737880494984	6.911363433062692
primary	LE:CCRF-CEM	magnitude_g0.50	magnitude_g0.80	0.025503827515441516	0.015838176762574995	84	6	3.23049984221894	0.8704216394000768
primary	LE:CCRF-CEM	magnitude_g0.50	magnitude_g1.00	0.025584790544033193	0.015838179210333803	87	6	3.230499842219005	0.8704211864209963
primary	LE:CCRF-CEM	magnitude_g0.50	magnitude_g1.25	0.030114406129103665	0.015838570477303457	95	6	3.2304998422191082	0.8703994441811038
primary	LE:CCRF-CEM	magnitude_g0.50	magnitude_g2.00	0.0512863530391896	0.006855022129253414	123	6	6.9738542200725195	0.5096292326589431
primary	LE:CCRF-CEM	magnitude_g0.50	ordinal	0.352724866687147	0.16880772498658855	151	8	59.53292577948869	8.0817017049721
primary	LE:CCRF-CEM	magnitude_g0.80	magnitude_g1.00	0.0001621622110195385	1.742867467543155e-08	10	1	0.0574454105434512	1.162971928536649e-06
primary	LE:CCRF-CEM	magnitude_g0.80	magnitude_g1.25	0.009532436664604595	1.1842412933716793e-06	96	6	1.5999999999999983	8.783867099282361e-05
primary	LE:CCRF-CEM	magnitude_g0.80	magnitude_g2.00	0.04906504767885167	0.02009395576308711	117	6	6.465494017159408	1.001126757972989
primary	LE:CCRF-CEM	magnitude_g0.80	ordinal	0.35822159859413544	0.17283652773467836	153	8	59.53292577948869	8.081701704972097
primary	LE:CCRF-CEM	magnitude_g1.00	magnitude_g1.25	0.009694568011773985	1.1668126175682874e-06	97	6	1.5999999999999983	8.667569906428696e-05
primary	LE:CCRF-CEM	magnitude_g1.00	magnitude_g2.00	0.04914612964879048	0.020093940059634267	120	6	6.465494017159406	1.0011263049939085
primary	LE:CCRF-CEM	magnitude_g1.00	ordinal	0.35829807805880404	0.17283653409594593	154	8	59.53292577948869	8.081701704972097
primary	LE:CCRF-CEM	magnitude_g1.25	magnitude_g2.00	0.05797846991280527	0.020092978548949415	121	6	7.090789640941975	1.001104562754016
primary	LE:CCRF-CEM	magnitude_g1.25	ordinal	0.36082515644863644	0.17283705908779665	165	8	59.53292577948869	8.081701704972097
primary	LE:CCRF-CEM	magnitude_g2.00	ordinal	0.3540123021932765	0.17187532225714547	176	8	59.53292577948869	8.081701704972097
primary	LE:HL-60(TB)	magnitude_g0.50	magnitude_g0.80	0.011764462505182137	3.0214813644779497e-09	19	0	2.4977535382997136	3.2213625367205623e-07
primary	LE:HL-60(TB)	magnitude_g0.50	magnitude_g1.00	0.019133571061062123	4.613014058815392e-08	62	3	6.379839940699102	2.3503707993199896e-06
primary	LE:HL-60(TB)	magnitude_g0.50	magnitude_g1.25	0.020018163600212108	8.998527295550011e-08	66	3	6.379849537060564	4.730721814283356e-06
primary	LE:HL-60(TB)	magnitude_g0.50	magnitude_g2.00	0.044014467729419304	0.008580054222499368	80	3	6.386691294993527	0.4666666666670043
primary	LE:HL-60(TB)	magnitude_g0.50	ordinal	0.34761343663805105	0.2822826530867695	161	11	16.338858318270972	8.819750761076678
primary	LE:HL-60(TB)	magnitude_g0.80	magnitude_g1.00	0.02144700244143708	4.3467738267717626e-08	67	3	5.752120168680793	2.350371644865845e-06
primary	LE:HL-60(TB)	magnitude_g0.80	magnitude_g1.25	0.024100633434984763	8.696381154944924e-08	71	3	6.379849537060565	4.730722659829212e-06
primary	LE:HL-60(TB)	magnitude_g0.80	magnitude_g2.00	0.055788782486453435	0.008580051424236072	89	3	7.014416559391506	0.46666666666784984
primary	LE:HL-60(TB)	magnitude_g0.80	ordinal	0.34370901945496196	0.28228265019642407	156	11	16.338858318271722	8.819750761076678
primary	LE:HL-60(TB)	magnitude_g1.00	magnitude_g1.25	0.0026537059515753273	4.40698946875703e-08	58	3	0.6277293683797724	2.3803510149633667e-06
primary	LE:HL-60(TB)	magnitude_g1.00	magnitude_g2.00	0.05435263534316078	0.008580008295898455	80	3	10.000000000000002	0.466664316296205
primary	LE:HL-60(TB)	magnitude_g1.00	ordinal	0.34851989855000687	0.28228261296374596	171	11	16.338859997108365	8.819750761076678
primary	LE:HL-60(TB)	magnitude_g1.25	magnitude_g2.00	0.05523784429657853	0.008579964563492975	80	3	10.000000000000002	0.46666193594519
primary	LE:HL-60(TB)	magnitude_g1.25	ordinal	0.34767395540906115	0.2822825747757514	171	11	16.33886169735864	8.819750761076678
primary	LE:HL-60(TB)	magnitude_g2.00	ordinal	0.34879269654729	0.2748415698644822	181	11	16.672191651603985	8.819750761076678
primary	LE:K-562	magnitude_g0.50	magnitude_g0.80	0.04547355451327643	7.326703678696714e-08	73	4	10.0	3.60182614050214e-06
primary	LE:K-562	magnitude_g0.50	magnitude_g1.00	0.004728371614044871	4.015832392767541e-07	61	4	1.355101951422501	2.060685533465667e-05
primary	LE:K-562	magnitude_g0.50	magnitude_g1.25	0.03459181563162994	0.0005545874157004261	70	4	9.068387889013332	0.028719945513040447
primary	LE:K-562	magnitude_g0.50	magnitude_g2.00	0.03989016423589461	0.0005545107158988853	83	4	9.068387889013332	0.028719945513040447
primary	LE:K-562	magnitude_g0.50	ordinal	0.42226390628013405	0.3276836937662236	161	11	41.82228876119429	9.14759631178957
primary	LE:K-562	magnitude_g0.80	magnitude_g1.00	0.0414946908764825	3.2831620250733187e-07	67	4	10.0	1.700502919415453e-05
primary	LE:K-562	magnitude_g0.80	magnitude_g1.25	0.042431075767676185	0.0005545141486707752	72	4	9.600469989163606	0.028716343686899945
primary	LE:K-562	magnitude_g0.80	magnitude_g2.00	0.04998472688264965	0.0005544374488681042	90	4	10.000000000000002	0.028716343686899945
primary	LE:K-562	magnitude_g0.80	ordinal	0.4157099441374272	0.32768371474029	164	11	41.82228651109184	9.147596311789572
primary	LE:K-562	magnitude_g1.00	magnitude_g1.25	0.03409138231082136	0.0005541866286627376	68	4	8.909911736042972	0.02869933865770579
primary	LE:K-562	magnitude_g1.00	magnitude_g2.00	0.0399528823379052	0.0005541095314211585	82	4	8.909911736042972	0.02869933865770579
primary	LE:K-562	magnitude_g1.00	ordinal	0.4207376534546638	0.32768382648799527	161	11	41.82227808399481	9.14759631178957
primary	LE:K-562	magnitude_g1.25	magnitude_g2.00	0.009350383990876872	1.4070592876020283e-07	70	3	1.0272564007096079	8.695665929536744e-06
primary	LE:K-562	magnitude_g1.25	ordinal	0.42881462661556624	0.3278710889833684	171	11	41.80792340294532	9.147596311789572
primary	LE:K-562	magnitude_g2.00	ordinal	0.43119551952176954	0.32787103438780624	184	11	41.80792936350027	9.14759631178957
primary	LE:MOLT-4	magnitude_g0.50	magnitude_g0.80	0.03874801200663996	0.01583808023854688	94	6	3.5575936555275858	0.870416585622253
primary	LE:MOLT-4	magnitude_g0.50	magnitude_g1.00	0.04151725768838955	0.015838159065443856	99	6	3.5512010757425814	0.8704207077051422
primary	LE:MOLT-4	magnitude_g0.50	magnitude_g1.25	0.046359477369973756	0.015838138878146092	103	6	6.2383788922614904	0.8704195467050182
primary	LE:MOLT-4	magnitude_g0.50	magnitude_g2.00	0.05174836315745025	0.006853669727386641	131	6	7.492719111444723	0.50952629268326
primary	LE:MOLT-4	magnitude_g0.50	ordinal	0.39971679482917505	0.2736330195018743	177	10	56.51851409773395	8.819750761076678
primary	LE:MOLT-4	magnitude_g0.80	magnitude_g1.00	0.02036557983674245	7.881300953893754e-08	56	3	6.063526378897545	4.122082889246315e-06
primary	LE:MOLT-4	magnitude_g0.80	magnitude_g1.25	0.007917866687660839	5.8819061953634454e-08	40	2	2.680785236733906	2.9610827652071237e-06
primary	LE:MOLT-4	magnitude_g0.80	magnitude_g2.00	0.03745974946855566	0.02009244013847467	117	6	3.9351254559171394	1.001129743397363
primary	LE:MOLT-4	magnitude_g0.80	ordinal	0.41021556101956513	0.2737870431299946	182	10	56.51851409773395	8.819750761076678
primary	LE:MOLT-4	magnitude_g1.00	magnitude_g1.25	0.020015288987623395	2.0345274274934943e-08	26	1	6.238378892261492	1.161000124039191e-06
primary	LE:MOLT-4	magnitude_g1.00	magnitude_g2.00	0.05600743573047525	0.02009250576946991	120	6	7.492719111444725	1.0011338654802522
primary	LE:MOLT-4	magnitude_g1.00	ordinal	0.39438032915854215	0.27378704690458416	180	10	56.51851409773395	8.819750761076678
primary	LE:MOLT-4	magnitude_g1.25	magnitude_g2.00	0.0371908498571289	0.020092485771993056	116	6	3.6819142335176913	1.0011327044801281
primary	LE:MOLT-4	magnitude_g1.25	ordinal	0.41047982638322966	0.2737870469675657	187	10	56.51851409773395	8.819750761076678
primary	LE:MOLT-4	magnitude_g2.00	ordinal	0.4231978260828614	0.2773157343857792	201	10	56.51851409773395	8.819750761076678
primary	ME:LOX IMVI	magnitude_g0.50	magnitude_g0.80	0.02497471072513566	0.0001674014155696702	83	6	8.700973842151049	0.009231911722601627
primary	ME:LOX IMVI	magnitude_g0.50	magnitude_g1.00	0.007251020980625688	8.613876272049784e-05	89	6	1.599999999999999	0.0047506234951426585
primary	ME:LOX IMVI	magnitude_g0.50	magnitude_g1.25	0.03789244945065161	8.593202425272231e-05	103	6	7.670612780493556	0.004739259074925339
primary	ME:LOX IMVI	magnitude_g0.50	magnitude_g2.00	0.04539422506635253	0.0072784282297181984	128	6	6.552410129900476	0.562536255780504
primary	ME:LOX IMVI	magnitude_g0.50	ordinal	0.355635772242726	0.3237479336591941	153	12	16.703446964206336	9.14759631178957
primary	ME:LOX IMVI	magnitude_g0.80	magnitude_g1.00	0.031568739593709	0.00025353942059706293	90	6	8.700973842151049	0.013982535217744285
primary	ME:LOX IMVI	magnitude_g0.80	magnitude_g1.25	0.01614757496419526	0.0002533332733329039	98	6	1.599999999999997	0.013971170797526966
primary	ME:LOX IMVI	magnitude_g0.80	magnitude_g2.00	0.04036953427134754	0.007398483361349317	126	6	3.6817910743986935	0.5615104914213198
primary	ME:LOX IMVI	magnitude_g0.80	ordinal	0.33318277861159706	0.3237511161089893	153	12	16.706524257283135	9.14759631178957
primary	ME:LOX IMVI	magnitude_g1.00	magnitude_g1.25	0.03064824638230806	2.0673847104788224e-07	92	6	7.670612780493556	1.1364420217319093e-05
primary	ME:LOX IMVI	magnitude_g1.00	magnitude_g2.00	0.05157628536668342	0.007240008666916661	128	6	6.552410129900476	0.5630641070776559
primary	ME:LOX IMVI	magnitude_g1.00	ordinal	0.36213344546640447	0.32374629679296774	163	12	16.701863410315177	9.14759631178957
primary	ME:LOX IMVI	magnitude_g1.25	magnitude_g2.00	0.041903850065161584	0.0072400971000357705	121	6	3.6817910743986935	0.5630628409147871
primary	ME:LOX IMVI	magnitude_g1.25	ordinal	0.3469151067125873	0.323746300231803	172	12	16.701867208803577	9.14759631178957
primary	ME:LOX IMVI	magnitude_g2.00	ordinal	0.3544540831859725	0.32791127485840466	187	12	16.64591800056558	9.147596311789572
primary	ME:M14	magnitude_g0.50	magnitude_g0.80	0.013624961551731369	9.191760940728189e-11	21	0	2.898844939346429	4.7595367647090825e-09
primary	ME:M14	magnitude_g0.50	magnitude_g1.00	0.028048181755886054	1.3440631971528149e-06	51	3	5.961363572106289	5.799120141780634e-05
primary	ME:M14	magnitude_g0.50	magnitude_g1.25	0.04429177335482069	0.013238376898543767	107	6	5.961363572106289	0.707636635167983
primary	ME:M14	magnitude_g0.50	magnitude_g2.00	0.0477671276355753	0.015703596296939792	132	6	4.078217688977094	0.6471193076776451
primary	ME:M14	magnitude_g0.50	ordinal	0.40324235875894754	0.2855280071099665	166	9	36.2244445552318	7.873609803105655
primary	ME:M14	magnitude_g0.80	magnitude_g1.00	0.01901037407916279	1.344155111218302e-06	42	3	6.73726920573635	5.7991201671825365e-05
primary	ME:M14	magnitude_g0.80	magnitude_g1.25	0.03532008310909724	0.01323837699085528	104	6	6.73726920573635	0.7076366399275198
primary	ME:M14	magnitude_g0.80	magnitude_g2.00	0.03571392690959645	0.01570359635250468	128	6	3.5251566749495726	0.6471193076778992
primary	ME:M14	magnitude_g0.80	ordinal	0.4074899221789825	0.2855280071290512	171	9	36.2244445552318	7.873609803105624
primary	ME:M14	magnitude_g1.00	magnitude_g1.25	0.017277366896529152	0.013237930468539348	97	6	1.1793727360969668	0.7076366309045827
primary	ME:M14	magnitude_g1.00	magnitude_g2.00	0.04905506115483162	0.015703149637502207	128	6	10.0	0.6470613164762273
primary	ME:M14	magnitude_g1.00	ordinal	0.4056916328347329	0.28552928694226215	188	9	36.2244445552318	7.873609803105695
primary	ME:M14	magnitude_g1.25	magnitude_g2.00	0.03958916900894038	0.00673334121942585	119	6	10.0	0.5110476053273043
primary	ME:M14	magnitude_g1.25	ordinal	0.41238326557550187	0.29027873218390293	190	9	36.2244445552318	7.8736098031055946
primary	ME:M14	magnitude_g2.00	ordinal	0.42319078378994435	0.2935342621372031	210	9	36.2244445552318	7.873609803105534
primary	ME:MDA-MB-435	magnitude_g0.50	magnitude_g0.80	0.04411679849319011	0.0005417827677871519	67	4	10.0	0.028654868850790032
primary	ME:MDA-MB-435	magnitude_g0.50	magnitude_g1.00	0.029482930897970945	0.0005417845737186992	69	4	7.413947256600089	0.028654868850790032
primary	ME:MDA-MB-435	magnitude_g0.50	magnitude_g1.25	0.056503431464912636	0.0005417821311396354	79	4	9.999999999999998	0.028654868850790032
primary	ME:MDA-MB-435	magnitude_g0.50	magnitude_g2.00	0.05228254732294171	0.021508429774991872	90	4	7.793532947334781	2.757149671817465
primary	ME:MDA-MB-435	magnitude_g0.50	ordinal	0.4448372393688238	0.26274812651121	163	10	40.885559119348	9.14759631178957
primary	ME:MDA-MB-435	magnitude_g0.80	magnitude_g1.00	0.04369315588360764	2.032658121447845e-09	16	0	10.0	9.514577925529011e-08
primary	ME:MDA-MB-435	magnitude_g0.80	magnitude_g1.25	0.035472280643796955	6.369962649494262e-10	32	0	9.27262368864843	8.420260777519673e-08
primary	ME:MDA-MB-435	magnitude_g0.80	magnitude_g2.00	0.07030487851987301	0.020966776354770945	86	3	10.000000000000002	2.742822237391911
primary	ME:MDA-MB-435	magnitude_g0.80	ordinal	0.4533156718892089	0.2629149499624379	165	9	40.885559119348	9.14759631178957
primary	ME:MDA-MB-435	magnitude_g1.00	magnitude_g1.25	0.03657056547706977	2.4431264502371106e-09	31	0	8.17207492027043	9.514615584294006e-08
primary	ME:MDA-MB-435	magnitude_g1.00	magnitude_g2.00	0.0359480770382424	0.020966775766800498	80	3	2.7428261376622953	2.742822205676114
primary	ME:MDA-MB-435	magnitude_g1.00	ordinal	0.4498611610893075	0.2629149504340161	164	9	40.885559119348	9.14759631178957
primary	ME:MDA-MB-435	magnitude_g1.25	magnitude_g2.00	0.06502671713350107	0.020966775717861756	87	3	10.000000000000002	2.742822237392221
primary	ME:MDA-MB-435	magnitude_g1.25	ordinal	0.4508623724416127	0.2629149494484881	159	9	40.885559119348	9.147596311789572
primary	ME:MDA-MB-435	magnitude_g2.00	ordinal	0.45563742482806724	0.2849361328614413	167	9	40.885559119348	9.14759631178957
primary	ME:SK-MEL-2	magnitude_g0.50	magnitude_g0.80	0.028400132520996026	5.670003094510322e-08	61	3	5.732249889183684	3.141757489721897e-06
primary	ME:SK-MEL-2	magnitude_g0.50	magnitude_g1.00	0.035938931870143014	5.646159691009232e-08	70	3	9.072029642545765	3.1417573920222708e-06
primary	ME:SK-MEL-2	magnitude_g0.50	magnitude_g1.25	0.025728524637758866	1.1480024934628697e-07	80	4	4.2715922489078055	5.595274668479533e-06
primary	ME:SK-MEL-2	magnitude_g0.50	magnitude_g2.00	0.0669680472957639	0.0066899846142490765	104	3	6.614364339325452	0.4666632422938921
primary	ME:SK-MEL-2	magnitude_g0.50	ordinal	0.45455255427813795	0.299196877439786	172	10	34.772957140915445	9.147593202516209
primary	ME:SK-MEL-2	magnitude_g0.80	magnitude_g1.00	0.022371722092429238	2.3843412081303564e-10	34	0	4.267755307687382	3.08641887603045e-08
primary	ME:SK-MEL-2	magnitude_g0.80	magnitude_g1.25	0.0320137089115454	7.72350088721259e-08	80	2	4.2715922489078055	5.252976139402676e-06
primary	ME:SK-MEL-2	magnitude_g0.80	magnitude_g2.00	0.06875105119053361	0.0066899851774322215	112	6	10.0	0.46666289999536303
primary	ME:SK-MEL-2	magnitude_g0.80	ordinal	0.44813989616502814	0.299196862447461	163	10	34.772957140915445	9.147593202516209
primary	ME:SK-MEL-2	magnitude_g1.00	magnitude_g1.25	0.03747874191361268	7.699657695687333e-08	70	2	7.349250423643071	5.252976178482527e-06
primary	ME:SK-MEL-2	magnitude_g1.00	magnitude_g2.00	0.0739382373225084	0.006689984938387404	109	6	10.000000000000002	0.4666628999954021
primary	ME:SK-MEL-2	magnitude_g1.00	ordinal	0.455298225143509	0.29919686219874575	172	10	34.772957140915445	9.147593202516209
primary	ME:SK-MEL-2	magnitude_g1.25	magnitude_g2.00	0.07250416982228837	0.006689907949152604	107	6	10.0	0.46665764701922363
primary	ME:SK-MEL-2	magnitude_g1.25	ordinal	0.4613849539630252	0.2991968451878592	180	10	34.772957140915445	9.147593202516207
primary	ME:SK-MEL-2	magnitude_g2.00	ordinal	0.4441680380720084	0.2975863491600794	177	10	34.772957140915445	9.147593202516207
primary	ME:SK-MEL-28	magnitude_g0.50	magnitude_g0.80	0.03955860360824301	0.011781073456299893	46	2	6.853103633408545	0.7837056002289629
primary	ME:SK-MEL-28	magnitude_g0.50	magnitude_g1.00	0.04054170261312143	0.012324118280461904	73	5	6.853103633408599	0.798066952864902
primary	ME:SK-MEL-28	magnitude_g0.50	magnitude_g1.25	0.0652644444217361	0.01232411820844554	81	5	7.327613302783654	0.7980669528646729
primary	ME:SK-MEL-28	magnitude_g0.50	magnitude_g2.00	0.0663801765419959	0.009166207604622008	102	5	7.028777912027684	0.7837056002289629
primary	ME:SK-MEL-28	magnitude_g0.50	ordinal	0.42027069930631317	0.2317800695278501	142	9	44.65328645372964	7.8736098031056425
primary	ME:SK-MEL-28	magnitude_g0.80	magnitude_g1.00	0.004623732448628463	0.0005430645432854375	66	4	1.3073119213893831	0.028722705271687955
primary	ME:SK-MEL-28	magnitude_g0.80	magnitude_g1.25	0.03011771341022948	0.0005430644704109424	70	4	7.849043111858782	0.028722705271687955
primary	ME:SK-MEL-28	magnitude_g0.80	magnitude_g2.00	0.042452742701972086	0.0052224199361212646	92	4	7.028777912028394	0.5189674131288502
primary	ME:SK-MEL-28	magnitude_g0.80	ordinal	0.4174645365110955	0.24395768371762172	145	9	44.65328645372964	7.873609803105534
primary	ME:SK-MEL-28	magnitude_g1.00	magnitude_g1.25	0.03256868874261451	7.291410122449906e-11	22	0	9.156355033248165	9.637790787664358e-09
primary	ME:SK-MEL-28	magnitude_g1.00	magnitude_g2.00	0.04198425932817751	0.004898424455775101	86	3	7.884966632588425	0.5333287657656847
primary	ME:SK-MEL-28	magnitude_g1.00	ordinal	0.4195557561221916	0.24431872498624332	154	10	44.65328645372964	7.873609803105653
primary	ME:SK-MEL-28	magnitude_g1.25	magnitude_g2.00	0.019073256815623774	0.004898424383161139	82	3	1.4620514710371042	0.5333287657654555
primary	ME:SK-MEL-28	magnitude_g1.25	ordinal	0.4201080546062491	0.24431872492732254	162	10	44.65328645372964	7.873609803105635
primary	ME:SK-MEL-28	magnitude_g2.00	ordinal	0.4205631280005096	0.23945388531288544	179	10	44.65328645372964	7.873609803105657
primary	ME:SK-MEL-5	magnitude_g0.50	magnitude_g0.80	0.024510907330855352	0.012893803934179406	117	9	3.563963530158547	0.5804866742992998
primary	ME:SK-MEL-5	magnitude_g0.50	magnitude_g1.00	0.03335158370319707	0.012893756021966107	109	9	3.8614572242901253	0.5804866742992998
primary	ME:SK-MEL-5	magnitude_g0.50	magnitude_g1.25	0.03798241537386599	0.012893781523073751	124	9	7.621811814121219	0.5804866742993
primary	ME:SK-MEL-5	magnitude_g0.50	magnitude_g2.00	0.056271403895597094	0.014583437781370423	124	9	10.0	0.7599099669996163
primary	ME:SK-MEL-5	magnitude_g0.50	ordinal	0.38684747236656797	0.3042640657207045	171	13	30.925273938122732	9.14759631178957
primary	ME:SK-MEL-5	magnitude_g0.80	magnitude_g1.00	0.0178293691966781	1.7361520387115648e-07	80	5	3.8614572242901253	6.12290471480037e-06
primary	ME:SK-MEL-5	magnitude_g0.80	magnitude_g1.25	0.0308342527013444	8.551820671520878e-08	75	5	9.70308171026223	2.866092751574456e-06
primary	ME:SK-MEL-5	magnitude_g0.80	magnitude_g2.00	0.05953591522124209	0.01278986161704742	124	6	9.70308171026223	0.7076102912227129
primary	ME:SK-MEL-5	magnitude_g0.80	ordinal	0.38655885496984044	0.2970296128718208	171	10	30.925273938122732	9.14759631178957
primary	ME:SK-MEL-5	magnitude_g1.00	magnitude_g1.25	0.02746670786313616	8.815459861770777e-08	64	4	6.138542775709875	3.256811963225914e-06
primary	ME:SK-MEL-5	magnitude_g1.00	magnitude_g2.00	0.04653016762290909	0.012789745063737853	98	6	9.768719846722924	0.7076058392174742
primary	ME:SK-MEL-5	magnitude_g1.00	ordinal	0.3872504133374795	0.29702948673217805	171	10	30.925273938122732	9.14759631178957
primary	ME:SK-MEL-5	magnitude_g1.25	magnitude_g2.00	0.040628480782313466	0.012789797169297812	118	6	5.7420649832713	0.7076075824401826
primary	ME:SK-MEL-5	magnitude_g1.25	ordinal	0.38800218956575344	0.29702955541362286	179	10	30.925273938122732	9.14759631178957
primary	ME:SK-MEL-5	magnitude_g2.00	ordinal	0.39545419981436747	0.2934984380512274	181	10	30.925273938122732	9.147596311789572
primary	ME:UACC-257	magnitude_g0.50	magnitude_g0.80	0.030138803979994216	3.6642321140811374e-10	25	0	7.144199858939204	1.3378114616102721e-08
primary	ME:UACC-257	magnitude_g0.50	magnitude_g1.00	0.03181683809786342	6.600224649103244e-08	68	2	10.0	4.578658343135089e-06
primary	ME:UACC-257	magnitude_g0.50	magnitude_g1.25	0.006236529009209507	1.1576850610693016e-07	72	3	1.9780110477878683	7.977796801839077e-06
primary	ME:UACC-257	magnitude_g0.50	magnitude_g2.00	0.05158105531699708	0.006689986167632447	113	5	9.185195120986467	0.4666631707026365
primary	ME:UACC-257	magnitude_g0.50	ordinal	0.38774809379856773	0.2043195866116868	163	11	22.95749214772615	7.8736094168977715
primary	ME:UACC-257	magnitude_g0.80	magnitude_g1.00	0.018099482769037716	6.563582420167161e-08	68	2	3.063423842615533	4.565280228518986e-06
primary	ME:UACC-257	magnitude_g0.80	magnitude_g1.25	0.03257364017193133	1.1540208307472337e-07	78	3	7.963832138069518	7.964418687222974e-06
primary	ME:UACC-257	magnitude_g0.80	magnitude_g2.00	0.03205055400462027	0.006689985810146493	105	5	4.338255081889197	0.4666631573245219
primary	ME:UACC-257	magnitude_g0.80	ordinal	0.3913787069025628	0.20431958641098627	170	11	22.95749214772615	7.873609416897825
primary	ME:UACC-257	magnitude_g1.00	magnitude_g1.25	0.031156396025698512	5.028882867388971e-08	54	2	10.0	3.3991384587039875e-06
primary	ME:UACC-257	magnitude_g1.00	magnitude_g2.00	0.033873067657537836	0.006689920211692559	106	5	2.3020878565377045	0.4666585920442934
primary	ME:UACC-257	magnitude_g1.00	ordinal	0.38528840757401556	0.20431957131671216	171	11	22.95749214772615	7.873609416897754
primary	ME:UACC-257	magnitude_g1.25	magnitude_g2.00	0.05357180690031574	0.006689870838208052	106	5	9.185195120986467	0.4666551929058347
primary	ME:UACC-257	magnitude_g1.25	ordinal	0.3852884234873097	0.20431955896392068	172	11	22.95749214772615	7.873609416897837
primary	ME:UACC-257	magnitude_g2.00	ordinal	0.3994147346877694	0.20276531357141106	191	11	22.95749214772615	7.873609416897838
primary	ME:UACC-62	magnitude_g0.50	magnitude_g0.80	0.04650181306924343	1.0247259073479473e-07	68	4	6.284257304628195	5.306262493329217e-06
primary	ME:UACC-62	magnitude_g0.50	magnitude_g1.00	0.04771773045878994	3.4444077882930216e-06	70	4	8.627854311307805	0.00017842977564130544
primary	ME:UACC-62	magnitude_g0.50	magnitude_g1.25	0.055106694263746786	0.0005545069213707772	84	4	8.627854311307805	0.02871955193570903
primary	ME:UACC-62	magnitude_g0.50	magnitude_g2.00	0.06232626185929364	0.0005545291939276969	88	4	10.0	0.02871955193570903
primary	ME:UACC-62	magnitude_g0.50	ordinal	0.4899414639089096	0.3102237512343004	199	11	56.357202200665554	9.14759631178957
primary	ME:UACC-62	magnitude_g0.80	magnitude_g1.00	0.013586382494543647	3.3419352083696633e-06	66	4	3.7713187690213053	0.00017312351314797622
primary	ME:UACC-62	magnitude_g0.80	magnitude_g1.25	0.024277064295118923	0.0005544044487945335	80	4	4.869927952838774	0.0287142456732157
primary	ME:UACC-62	magnitude_g0.80	magnitude_g2.00	0.030156270191772926	0.0005544267566698846	85	4	7.349250834261742	0.0287142456732157
primary	ME:UACC-62	magnitude_g0.80	ordinal	0.46655086349641983	0.31022385853126955	190	11	56.357202200665554	9.14759631178957
primary	ME:UACC-62	magnitude_g1.00	magnitude_g1.25	0.014498647012260222	0.0005510628581303056	73	4	1.6142705610797474	0.028541122160067725
primary	ME:UACC-62	magnitude_g1.00	magnitude_g2.00	0.02762837216554622	0.0005510853201363113	76	4	6.9366117779078325	0.028541122160067725
primary	ME:UACC-62	magnitude_g1.00	ordinal	0.47436595840084306	0.31022739770026614	199	11	56.357202200665554	9.147596311789572
primary	ME:UACC-62	magnitude_g1.25	magnitude_g2.00	0.0408457271281387	6.085677816584401e-08	79	2	7.731035010360843	3.3304628246355605e-06
primary	ME:UACC-62	magnitude_g1.25	ordinal	0.4820304581436417	0.31081104245553043	209	11	56.357202200665554	9.14759631178957
primary	ME:UACC-62	magnitude_g2.00	ordinal	0.4813478610019124	0.3108110463632348	211	11	56.357202200665554	9.14759631178957
primary	OV:IGROV1	magnitude_g0.50	magnitude_g0.80	0.06311454631674242	0.034355569592211796	90	7	6.138513097456942	2.1848840562528236
primary	OV:IGROV1	magnitude_g0.50	magnitude_g1.00	0.07650318116735015	0.044842261349568764	98	7	7.195028219517115	2.395616214470273
primary	OV:IGROV1	magnitude_g0.50	magnitude_g1.25	0.0831581652325584	0.04484270925947914	105	7	7.19504191664666	2.395575231147858
primary	OV:IGROV1	magnitude_g0.50	magnitude_g2.00	0.07556014472274582	0.048408914406679215	109	7	3.7832362789447505	2.0699628393881953
primary	OV:IGROV1	magnitude_g0.50	ordinal	0.3628342925363037	0.23655653424061965	164	11	17.29835228498917	9.147596311789572
primary	OV:IGROV1	magnitude_g0.80	magnitude_g1.00	0.02210956652951937	0.015217353701506002	90	6	1.1972746642501555	1.197274664250033
primary	OV:IGROV1	magnitude_g0.80	magnitude_g1.25	0.02877853685484812	0.015217358757945724	98	6	1.8817713197056505	1.1973156672214085
primary	OV:IGROV1	magnitude_g0.80	magnitude_g2.00	0.05316659246525727	0.017671386604808423	113	6	6.138513097456942	1.5229280647263028
primary	OV:IGROV1	magnitude_g0.80	ordinal	0.38668729580944844	0.2250632885305971	165	11	20.187239764275645	9.14759631178957
primary	OV:IGROV1	magnitude_g1.00	magnitude_g1.25	0.00721167528800969	1.0793092342056054e-06	86	6	1.6000136676569112	4.100297137554776e-05
primary	OV:IGROV1	magnitude_g1.00	magnitude_g2.00	0.04309679685725678	0.008593558354005127	99	6	7.195028219517115	0.3256534004762699
primary	OV:IGROV1	magnitude_g1.00	ordinal	0.38964304931442234	0.23708434920090155	169	11	19.693968516235085	9.14759631178957
primary	OV:IGROV1	magnitude_g1.25	magnitude_g2.00	0.03620477044185527	0.008592479052077289	94	6	7.19504191664666	0.32561239750489435
primary	OV:IGROV1	magnitude_g1.25	ordinal	0.39635068403164747	0.23708402042439627	179	11	19.693927513264015	9.14759631178957
primary	OV:IGROV1	magnitude_g2.00	ordinal	0.383375374432857	0.23446741508958358	181	11	19.36831511575941	9.14759631178957
primary	OV:NCI/ADR-RES	magnitude_g0.50	magnitude_g0.80	0.004290975243803407	0.0015024830933837135	97	6	1.0272564007096077	0.06047792896288229
primary	OV:NCI/ADR-RES	magnitude_g0.50	magnitude_g1.00	0.021538081757656348	0.001502647142799393	112	6	7.090782738780585	0.060481432267890156
primary	OV:NCI/ADR-RES	magnitude_g0.50	magnitude_g1.25	0.0015448508518639886	0.0014968693827051881	105	6	0.0934839698379264	0.06045036419148886
primary	OV:NCI/ADR-RES	magnitude_g0.50	magnitude_g2.00	0.04270586475773244	0.01464817490663636	137	6	1.9792541757063309	0.8850908398442492
primary	OV:NCI/ADR-RES	magnitude_g0.50	ordinal	0.2629304521826437	0.2823433198625047	147	10	11.343192872019772	8.96254192030858
primary	OV:NCI/ADR-RES	magnitude_g0.80	magnitude_g1.00	0.020257696669656527	3.8817154514324837e-07	91	6	7.090782738780584	1.757096484844567e-05
primary	OV:NCI/ADR-RES	magnitude_g0.80	magnitude_g1.25	0.0031615257563297914	5.476390589826316e-05	95	6	1.0276420819039238	0.003747327959711555
primary	OV:NCI/ADR-RES	magnitude_g0.80	magnitude_g2.00	0.042065725770266675	0.014139565027750222	124	6	1.9807704349160873	0.8291616885106841
primary	OV:NCI/ADR-RES	magnitude_g0.80	ordinal	0.26361371010124196	0.2830491817230331	158	10	11.343192872019772	8.959509401889177
primary	OV:NCI/ADR-RES	magnitude_g1.00	magnitude_g1.25	0.02019343681540993	5.459503302243544e-05	98	6	7.090782738780584	0.0037330312219143735
primary	OV:NCI/ADR-RES	magnitude_g1.00	magnitude_g2.00	0.06090576813228937	0.014139508823496464	129	6	7.090782738780584	0.8291759852484812
primary	OV:NCI/ADR-RES	magnitude_g1.00	ordinal	0.2664930401068068	0.2830492111832996	164	10	11.343192872019772	8.959505898584105
primary	OV:NCI/ADR-RES	magnitude_g1.25	magnitude_g2.00	0.042097921968713974	0.01414424684881136	125	6	1.9802193510521948	0.8329090164703956
primary	OV:NCI/ADR-RES	magnitude_g1.25	ordinal	0.26350045500605446	0.2829974713944633	168	10	11.343192872019772	8.959536966660213
primary	OV:NCI/ADR-RES	magnitude_g2.00	ordinal	0.27510974901465574	0.2920787596666063	192	10	11.343192872019772	9.096854644922711
primary	OV:OVCAR-3	magnitude_g0.50	magnitude_g0.80	0.005468069496815723	4.6586329744045454e-08	70	3	1.4316000871493548	2.5052098280298196e-06
primary	OV:OVCAR-3	magnitude_g0.50	magnitude_g1.00	0.012497572617311947	8.330970754285669e-07	103	5	1.956149798593176	7.458636678947528e-05
primary	OV:OVCAR-3	magnitude_g0.50	magnitude_g1.25	0.05296089955318959	0.021820864226442534	103	5	7.651299720028701	1.9767066354096912
primary	OV:OVCAR-3	magnitude_g0.50	magnitude_g2.00	0.058771361204497954	0.03576645013667271	130	6	2.7031471827784683	2.703147182778391
primary	OV:OVCAR-3	magnitude_g0.50	ordinal	0.3928352457954477	0.22826605424469992	160	8	54.73688268851997	9.497301736787929
primary	OV:OVCAR-3	magnitude_g0.80	magnitude_g1.00	0.010970418540756689	8.630894295064068e-07	104	5	1.599999999999998	7.673131584162718e-05
primary	OV:OVCAR-3	magnitude_g0.80	magnitude_g1.25	0.049881096066212556	0.021820854386281414	96	5	6.466809419323239	1.9767087803587433
primary	OV:OVCAR-3	magnitude_g0.80	magnitude_g2.00	0.06030929790523695	0.0357664403385933	128	6	2.7031493277275516	2.703149327727443
primary	OV:OVCAR-3	magnitude_g0.80	ordinal	0.39178179374317834	0.2282660657645164	162	8	54.73688268851997	9.497301736787929
primary	OV:OVCAR-3	magnitude_g1.00	magnitude_g1.25	0.05701509890702789	0.021820082592415014	105	5	6.466809419323241	1.9766320490429017
primary	OV:OVCAR-3	magnitude_g1.00	magnitude_g2.00	0.06573627775272159	0.035765670166317765	131	6	2.703072596411686	2.7030725964116016
primary	OV:OVCAR-3	magnitude_g1.00	ordinal	0.385371015058558	0.2282667239349505	158	8	54.73688268851997	9.497301736787929
primary	OV:OVCAR-3	magnitude_g1.25	magnitude_g2.00	0.053855446393290304	0.013989442665699615	129	6	6.887056622909598	0.7264405473686999
primary	OV:OVCAR-3	magnitude_g1.25	ordinal	0.40829491242794697	0.24667702044680104	168	8	54.73688268851997	9.497301736787929
primary	OV:OVCAR-3	magnitude_g2.00	ordinal	0.423048846714182	0.25529732569151725	190	8	54.73688268851997	9.192873156037548
primary	OV:OVCAR-4	magnitude_g0.50	magnitude_g0.80	0.03499369734102107	0.005591061010331775	113	6	10.000000000000002	0.38537003338961107
primary	OV:OVCAR-4	magnitude_g0.50	magnitude_g1.00	0.03957505550844139	0.005591032620388719	116	6	9.112076193923716	0.3853513776486821
primary	OV:OVCAR-4	magnitude_g0.50	magnitude_g1.25	0.04148632925702877	0.005590950328446255	116	6	7.232368896718185	0.38530154881418
primary	OV:OVCAR-4	magnitude_g0.50	magnitude_g2.00	0.0701133366841427	0.009798154906115188	137	6	8.719506876630083	0.6091954948803977
primary	OV:OVCAR-4	magnitude_g0.50	ordinal	0.3513530021127489	0.2881232337710065	160	11	16.44932220802538	9.14759631178957
primary	OV:OVCAR-4	magnitude_g0.80	magnitude_g1.00	0.01296837682690476	3.2233108392298836e-07	94	6	1.915162103035722	1.8655740928963382e-05
primary	OV:OVCAR-4	magnitude_g0.80	magnitude_g1.25	0.03959441287967815	1.1807519505342749e-06	96	6	10.000000000000002	6.848457543107145e-05
primary	OV:OVCAR-4	magnitude_g0.80	magnitude_g2.00	0.0674206853677603	0.011024106971991696	125	6	9.503575634813469	0.5822944513776331
primary	OV:OVCAR-4	magnitude_g0.80	ordinal	0.37652424705356863	0.29255299470941176	181	11	16.513839040937146	9.14759631178957
primary	OV:OVCAR-4	magnitude_g1.00	magnitude_g1.25	0.031115925161100306	8.584208678870038e-07	91	6	9.112076193923716	4.9828834502108066e-05
primary	OV:OVCAR-4	magnitude_g1.00	magnitude_g2.00	0.05885087202224126	0.011023862525271669	118	6	9.127695669451692	0.5822757956367042
primary	OV:OVCAR-4	magnitude_g1.00	ordinal	0.3681881049774228	0.29255295683025045	174	11	16.513844934596325	9.14759631178957
primary	OV:OVCAR-4	magnitude_g1.25	magnitude_g2.00	0.062174721196745844	0.011023207657508347	119	6	7.232368896718185	0.5822259668022021
primary	OV:OVCAR-4	magnitude_g1.25	ordinal	0.3668760285685491	0.29255284941114373	173	11	16.513860672292648	9.14759631178957
primary	OV:OVCAR-4	magnitude_g2.00	ordinal	0.3832965709961224	0.29503157536522456	193	11	17.001072292362487	9.14759631178957
primary	OV:OVCAR-5	magnitude_g0.50	magnitude_g0.80	0.022742854150799383	9.129165848045151e-08	91	5	3.3125342184723547	5.037684657871466e-06
primary	OV:OVCAR-5	magnitude_g0.50	magnitude_g1.00	0.030359072035246237	4.245304607366214e-08	45	2	7.425749435699135	2.412216830727232e-06
primary	OV:OVCAR-5	magnitude_g0.50	magnitude_g1.25	0.023021172139175827	6.651237238019292e-08	52	4	7.425749435699135	2.341569619090933e-06
primary	OV:OVCAR-5	magnitude_g0.50	magnitude_g2.00	0.03805792432943894	0.0071349891714023225	111	4	5.166407365028823	0.40921742425439156
primary	OV:OVCAR-5	magnitude_g0.50	ordinal	0.3457568980130924	0.1610035174340328	170	7	35.21445583613143	6.8972240383602825
primary	OV:OVCAR-5	magnitude_g0.80	magnitude_g1.00	0.04281961290720756	5.067608198039371e-08	55	3	10.0	2.6254678271442344e-06
primary	OV:OVCAR-5	magnitude_g0.80	magnitude_g1.25	0.044565795204042156	1.3989435024261874e-07	117	5	10.0	6.709397787574289e-06
primary	OV:OVCAR-5	magnitude_g0.80	magnitude_g2.00	0.043927701343721266	0.007134973143617498	130	6	4.498535869921657	0.40921682457095976
primary	OV:OVCAR-5	magnitude_g0.80	ordinal	0.347661333020364	0.16100349397338506	173	7	35.21445583613143	6.8972240383602825
primary	OV:OVCAR-5	magnitude_g1.00	magnitude_g1.25	0.014679014227447402	9.182951376493709e-08	76	4	4.271588994227292	4.083929960430055e-06
primary	OV:OVCAR-5	magnitude_g1.00	magnitude_g2.00	0.041505353433635234	0.007134976698347793	122	5	6.584271534071689	0.4092175431813292
primary	OV:OVCAR-5	magnitude_g1.00	ordinal	0.33814453389849314	0.16100351531531393	175	7	35.21445583613143	6.8972240383602825
primary	OV:OVCAR-5	magnitude_g1.25	magnitude_g2.00	0.04709885889368248	0.007134991094417242	115	4	6.584271534071689	0.4092193784729474
primary	OV:OVCAR-5	magnitude_g1.25	ordinal	0.34888453989619744	0.1610035647385729	194	7	35.21445583613143	6.8972240383602825
primary	OV:OVCAR-5	magnitude_g2.00	ordinal	0.350443626648999	0.1607219077075247	209	7	35.21445583613143	6.8972240383602825
primary	OV:OVCAR-8	magnitude_g0.50	magnitude_g0.80	0.003386180234104059	0.00016838415043060452	83	6	1.1016904339853113	0.009284991471400161
primary	OV:OVCAR-8	magnitude_g0.50	magnitude_g1.00	0.02668448255044107	0.00017767547381803824	92	6	6.121454130596966	0.009797283097401355
primary	OV:OVCAR-8	magnitude_g0.50	magnitude_g1.25	0.026077592557450676	0.015837825521650726	91	6	3.2305095591642625	0.8704015085605241
primary	OV:OVCAR-8	magnitude_g0.50	magnitude_g2.00	0.037254764858073046	0.016954902341906962	109	6	3.2305095591644153	1.0746700432774166
primary	OV:OVCAR-8	magnitude_g0.50	ordinal	0.31640625966427144	0.2768782826006441	165	12	27.237074021167192	9.147596311789572
primary	OV:OVCAR-8	magnitude_g0.80	magnitude_g1.00	0.026192374092579268	9.291511442230353e-06	91	6	5.019763696611656	0.0005122916260011934
primary	OV:OVCAR-8	magnitude_g0.80	magnitude_g1.25	0.025700297646261968	0.01566944328845839	85	6	3.221194171723431	0.861116517089124
primary	OV:OVCAR-8	magnitude_g0.80	magnitude_g2.00	0.03702998521790847	0.01678608770741417	103	6	3.2211941717235155	1.0736383784553016
primary	OV:OVCAR-8	magnitude_g0.80	ordinal	0.31359371570299466	0.27688004810698175	166	12	27.237074021167192	9.14759631178957
primary	OV:OVCAR-8	magnitude_g1.00	magnitude_g1.25	0.04814941261618136	0.015660152629987198	93	6	6.063526802118693	0.8606042254631228
primary	OV:OVCAR-8	magnitude_g1.00	magnitude_g2.00	0.06101665856774953	0.016776772775991846	113	6	6.663186056990295	1.0735814536114088
primary	OV:OVCAR-8	magnitude_g1.00	ordinal	0.31543748639945807	0.27688014498102737	172	12	27.237074021167192	9.14759631178957
primary	OV:OVCAR-8	magnitude_g1.25	magnitude_g2.00	0.02362016752864427	0.015256901202043888	103	6	0.9779567332835484	0.977956733283543
primary	OV:OVCAR-8	magnitude_g1.25	ordinal	0.3201386001320235	0.27704428617250704	166	12	27.237074021167192	9.14759631178957
primary	OV:OVCAR-8	magnitude_g2.00	ordinal	0.32865885159791225	0.2843626965292484	185	12	27.237074021167192	9.147596311789572
primary	OV:SK-OV-3	magnitude_g0.50	magnitude_g0.80	0.032590995208865485	0.0005113977249706815	93	7	8.962555189259207	0.02870948861702388
primary	OV:SK-OV-3	magnitude_g0.50	magnitude_g1.00	0.05910975775292027	0.016404432936194265	102	7	9.496076047467279	0.8939514294660298
primary	OV:SK-OV-3	magnitude_g0.50	magnitude_g1.25	0.06169191691886122	0.016404789086844243	107	7	7.937850844499366	0.8939710854978609
primary	OV:SK-OV-3	magnitude_g0.50	magnitude_g2.00	0.06317256839377705	0.0206081316185061	123	7	10.000000000000002	1.011917718134928
primary	OV:SK-OV-3	magnitude_g0.50	ordinal	0.44380434332994895	0.2357128409197004	186	12	51.73362350980502	8.36818083484374
primary	OV:SK-OV-3	magnitude_g0.80	magnitude_g1.00	0.04734558866096889	0.016311303668178134	87	6	9.496076047467279	0.8968218125987626
primary	OV:SK-OV-3	magnitude_g0.80	magnitude_g1.25	0.056651706084087504	0.016311660038613916	102	6	7.397942892745236	0.8968414686305937
primary	OV:SK-OV-3	magnitude_g0.80	magnitude_g2.00	0.05912712759832432	0.02031155268235352	118	6	10.000000000000002	1.0147881012676607
primary	OV:SK-OV-3	magnitude_g0.80	ordinal	0.428555334278114	0.23581864408974568	178	11	51.73362350980502	8.36818083484374
primary	OV:SK-OV-3	magnitude_g1.00	magnitude_g1.25	0.021554092793742017	3.564275388782579e-07	92	6	2.0981986812973235	1.965603183107234e-05
primary	OV:SK-OV-3	magnitude_g1.00	magnitude_g2.00	0.043235767427366616	0.006730812913193527	117	6	10.000000000000002	0.511073901204167
primary	OV:SK-OV-3	magnitude_g1.00	ordinal	0.4269062780095765	0.23159436265570357	177	11	51.73362350980502	8.368180834843738
primary	OV:SK-OV-3	magnitude_g1.25	magnitude_g2.00	0.044005818704153314	0.006730625522169297	118	6	10.000000000000002	0.5110760860709327
primary	OV:SK-OV-3	magnitude_g1.25	ordinal	0.43595002720889364	0.2315942702939053	187	11	51.73362350980502	8.36818083484374
primary	OV:SK-OV-3	magnitude_g2.00	ordinal	0.43860139079250904	0.23473113702082352	193	11	51.73362350980502	8.36818083484374
primary	PR:DU-145	magnitude_g0.50	magnitude_g0.80	0.01722706793964793	0.00018661880945226728	94	6	2.667112097494922	0.01022433153443325
primary	PR:DU-145	magnitude_g0.50	magnitude_g1.00	0.01487493880172618	6.17181657247421e-05	95	6	2.6602690429451576	0.003381276984669057
primary	PR:DU-145	magnitude_g0.50	magnitude_g1.25	0.008597078530300284	0.00043592706310577914	96	6	2.6568877659604886	0.023880036840774554
primary	PR:DU-145	magnitude_g0.50	magnitude_g2.00	0.05583282327171971	0.015737162949684226	135	6	4.68469534360424	0.6010912584563091
primary	PR:DU-145	magnitude_g0.50	ordinal	0.26455337206319607	0.2534591105675637	155	11	11.111927284372673	6.412102527578127
primary	PR:DU-145	magnitude_g0.80	magnitude_g1.00	0.0029169127522640282	0.000124901078634053	85	6	0.9273810384583387	0.006843054549764194
primary	PR:DU-145	magnitude_g0.80	magnitude_g1.25	0.010302991010433476	0.0006225458702346453	96	6	1.6037893765111813	0.034104368375207805
primary	PR:DU-145	magnitude_g0.80	magnitude_g2.00	0.05402628880430961	0.01590570115242771	124	6	6.143061831706875	0.6044993691169811
primary	PR:DU-145	magnitude_g0.80	ordinal	0.2529364852219921	0.25345796489071076	152	11	11.10738313682421	6.412102527578127
primary	PR:DU-145	magnitude_g1.00	magnitude_g1.25	0.007421413531107223	0.0004976447933878526	89	6	1.6030290350081895	0.02726131382544361
primary	PR:DU-145	magnitude_g1.00	magnitude_g2.00	0.05247129020246607	0.01579290114007861	123	6	5.215680793248537	0.602218344608211
primary	PR:DU-145	magnitude_g1.00	ordinal	0.2537991032858446	0.2534587317503483	155	11	11.11042450283593	6.412102527578127
primary	PR:DU-145	magnitude_g1.25	magnitude_g2.00	0.05846974380385149	0.0153434706741233	126	6	5.221738865131983	0.5931312395846184
primary	PR:DU-145	magnitude_g1.25	ordinal	0.260262464331114	0.2534617868254211	164	11	11.122540642867719	6.412102527578127
primary	PR:DU-145	magnitude_g2.00	ordinal	0.27264892199867286	0.24758396945467986	184	11	11.79234397047833	6.412102527578127
primary	PR:PC-3	magnitude_g0.50	magnitude_g0.80	0.030735560740125782	0.013026735320327465	89	6	5.270864767450968	0.7203534749947811
primary	PR:PC-3	magnitude_g0.50	magnitude_g1.00	0.02794141027156457	0.013195419486904562	95	6	1.7940126472261397	0.7296551293837465
primary	PR:PC-3	magnitude_g0.50	magnitude_g1.25	0.02290050845549212	0.01319692577708377	90	6	1.6810820157056066	0.7297381365523541
primary	PR:PC-3	magnitude_g0.50	magnitude_g2.00	0.05670433193708884	0.014971746847561222	132	7	3.950882910723913	0.6371888217330737
primary	PR:PC-3	magnitude_g0.50	ordinal	0.4010153349114386	0.21709345790410164	169	9	49.91365277210872	9.147596311789572
primary	PR:PC-3	magnitude_g0.80	magnitude_g1.00	0.017024135173236414	0.0001686855130609322	87	6	3.551200682858423	0.009301654388965463
primary	PR:PC-3	magnitude_g0.80	magnitude_g1.25	0.02231682731209183	0.00017019201093728664	90	6	5.35653074434849	0.009384661557573004
primary	PR:PC-3	magnitude_g0.80	magnitude_g2.00	0.06143020361376234	0.005475750309669406	134	7	7.1673076060866485	0.2739185064500127
primary	PR:PC-3	magnitude_g0.80	ordinal	0.4076514030324629	0.2230270028991722	171	9	49.91365277210872	9.14759631178957
primary	PR:PC-3	magnitude_g1.00	magnitude_g1.25	0.00529356456825578	1.5101777550654463e-06	84	6	1.8796786241236623	8.300716860754065e-05
primary	PR:PC-3	magnitude_g1.00	magnitude_g2.00	0.04448800464739275	0.005532206928646694	126	7	3.69045548586182	0.2708177503992619
primary	PR:PC-3	magnitude_g1.00	ordinal	0.41414932291843903	0.22310382868917145	176	9	49.91365277210872	9.14759631178957
primary	PR:PC-3	magnitude_g1.25	magnitude_g2.00	0.03918474592313879	0.005532716675650131	122	7	3.257815617995456	0.2707902813065832
primary	PR:PC-3	magnitude_g1.25	ordinal	0.41415049615728367	0.2231045140260448	173	9	49.91365277210872	9.14759631178957
primary	PR:PC-3	magnitude_g2.00	ordinal	0.43728509276698346	0.2267866603311816	201	10	49.91365277210872	9.147596311789572
primary	RE:A498	magnitude_g0.50	magnitude_g0.80	0.00827805692566012	0.0004849428931416078	105	6	2.644634441698141	0.028722705271687857
primary	RE:A498	magnitude_g0.50	magnitude_g1.00	0.031830295036401265	0.0018921079960406788	111	7	8.606000947713081	0.07182705059818062
primary	RE:A498	magnitude_g0.50	magnitude_g1.25	0.062104189766695406	0.019386341178319833	125	7	8.606000947713081	0.7070279716724741
primary	RE:A498	magnitude_g0.50	magnitude_g2.00	0.03781166557634043	0.017528959815559294	124	7	2.732669753572586	0.7560467546972824
primary	RE:A498	magnitude_g0.50	ordinal	0.3576053267663232	0.1852900850656001	145	8	50.1462967259001	8.521575354186124
primary	RE:A498	magnitude_g0.80	magnitude_g1.00	0.031091766660117398	0.0014803424885045699	112	6	7.578758119862432	0.057458763280688885
primary	RE:A498	magnitude_g0.80	magnitude_g1.25	0.05394576715584083	0.018905422782299	116	6	5.96136650601494	0.7070221046514833
primary	RE:A498	magnitude_g0.80	magnitude_g2.00	0.04331713362787463	0.017121224968302488	127	6	4.03863349398506	0.7607155119265934
primary	RE:A498	magnitude_g0.80	ordinal	0.3580206880808359	0.1853649692140399	165	7	50.1462967259001	8.521575354186126
primary	RE:A498	magnitude_g1.00	magnitude_g1.25	0.04582403255354795	0.018593518959459727	94	6	5.0484137181531965	0.7070009217804136
primary	RE:A498	magnitude_g1.00	magnitude_g2.00	0.05250439781992228	0.016540675132122245	107	6	10.0	0.7434901948880555
primary	RE:A498	magnitude_g1.00	ordinal	0.36927352340044806	0.18650584617423796	169	7	50.1462967259001	8.521575354186126
primary	RE:A498	magnitude_g1.25	magnitude_g2.00	0.05623290411099577	0.02009391897270276	112	6	10.0	1.0011015813599755
primary	RE:A498	magnitude_g1.25	ordinal	0.359645990790935	0.18344721242528614	170	7	50.1462967259001	8.521575354186124
primary	RE:A498	magnitude_g2.00	ordinal	0.37388838304926064	0.18247621351795487	183	7	50.1462967259001	8.521575354186124
primary	RE:ACHN	magnitude_g0.50	magnitude_g0.80	0.053010244876354244	0.02941234547352904	114	7	6.23976895680391	1.6214951344871067
primary	RE:ACHN	magnitude_g0.50	magnitude_g1.00	0.05734677503578348	0.03302066527279508	116	7	4.688278435511691	1.608941449086232
primary	RE:ACHN	magnitude_g0.50	magnitude_g1.25	0.06738782755258507	0.0330204396183731	125	7	3.9508930551488883	1.608924188555338
primary	RE:ACHN	magnitude_g0.50	magnitude_g2.00	0.06938722483950494	0.017454933938108586	146	6	6.613135567016389	0.6809546630994294
primary	RE:ACHN	magnitude_g0.50	ordinal	0.2835698059062176	0.144627623599499	164	7	14.265586741654227	5.382315436981978
primary	RE:ACHN	magnitude_g0.80	magnitude_g1.00	0.0297950112868596	0.008177027843122214	107	7	6.2397689568039105	0.47862607963965687
primary	RE:ACHN	magnitude_g0.80	magnitude_g1.25	0.042723182635909844	0.00817647092032968	120	7	6.23976895680391	0.4786213181139569
primary	RE:ACHN	magnitude_g0.80	magnitude_g2.00	0.03824172983085692	0.01854953180434687	141	7	2.4706373566005086	0.9405404713876773
primary	RE:ACHN	magnitude_g0.80	ordinal	0.2730426701264617	0.14416334267279834	174	8	13.905257606001827	5.562447303534684
primary	RE:ACHN	magnitude_g1.00	magnitude_g1.25	0.015861628970798715	1.0500018687585287e-06	108	7	1.6000047615256854	6.012494221377396e-05
primary	RE:ACHN	magnitude_g1.00	magnitude_g2.00	0.051049832249603994	0.015984769278038678	134	7	6.613135567016391	0.9279867859868025
primary	RE:ACHN	magnitude_g1.00	ordinal	0.2910495820240504	0.1400902667871065	182	8	13.929241834494782	5.083821223895027
primary	RE:ACHN	magnitude_g1.25	magnitude_g2.00	0.038468408199227595	0.015984614242695497	122	7	6.613135567016389	0.9279695254559086
primary	RE:ACHN	magnitude_g1.25	ordinal	0.2997038428919088	0.14008936766012062	195	8	13.929232311443323	5.083825985420727
primary	RE:ACHN	magnitude_g2.00	ordinal	0.28917687914803797	0.13839108145815204	201	7	14.099448612982583	5.05616366959889
primary	RE:CAKI-1	magnitude_g0.50	magnitude_g0.80	0.03379300855685913	0.022226705499133727	97	6	1.9896795352673857	1.9896795352673493
primary	RE:CAKI-1	magnitude_g0.50	magnitude_g1.00	0.08062263369570187	0.035678387231109616	103	6	8.911929024859313	3.1910550742164467
primary	RE:CAKI-1	magnitude_g0.50	magnitude_g1.25	0.08636790497624841	0.038086155583369606	130	6	8.758544334505775	3.420244648720078
primary	RE:CAKI-1	magnitude_g0.50	magnitude_g2.00	0.0955254654459481	0.03808614897672037	138	6	9.785801491615068	3.4202306369828275
primary	RE:CAKI-1	magnitude_g0.50	ordinal	0.3287688050218454	0.2192161214371214	162	9	41.868650093672784	9.147557163369697
primary	RE:CAKI-1	magnitude_g0.80	magnitude_g1.00	0.049809947527050744	0.01345432556694495	81	4	8.911929024859313	1.2013755389490974
primary	RE:CAKI-1	magnitude_g0.80	magnitude_g1.25	0.05266766745369841	0.0158617785152341	106	5	8.758544334505775	1.4305651134527286
primary	RE:CAKI-1	magnitude_g0.80	magnitude_g2.00	0.06665205468965638	0.015861772128647065	130	5	9.785801491615068	1.4305511017154782
primary	RE:CAKI-1	magnitude_g0.80	ordinal	0.3407271374486338	0.2343689033143138	170	10	41.868650093672784	9.147557163369699
primary	RE:CAKI-1	magnitude_g1.00	magnitude_g1.25	0.006509992247339463	0.002996872976163029	98	5	1.0272564007096077	0.2291895745036312
primary	RE:CAKI-1	magnitude_g1.00	magnitude_g2.00	0.02004027857974853	0.0029968539553687193	121	5	2.0612310638869173	0.22917556276638074
primary	RE:CAKI-1	magnitude_g1.00	ordinal	0.3476256349554929	0.2434680910683507	169	10	41.868650093672784	9.5635692333503
primary	RE:CAKI-1	magnitude_g1.25	magnitude_g2.00	0.017435454200416978	2.3655011329132094e-07	75	2	1.832055501120537	1.401173725046334e-05
primary	RE:CAKI-1	magnitude_g1.25	ordinal	0.34813633183341325	0.24526192418510895	187	10	41.868650093672784	9.792758807853932
primary	RE:CAKI-1	magnitude_g2.00	ordinal	0.35663261958270537	0.24526170518468912	198	10	41.868650093672784	9.792744796116681
primary	RE:RXF 393	magnitude_g0.50	magnitude_g0.80	0.12464197742035396	0.057664039241978084	74	4	7.255404625782239	2.4184682085942875
primary	RE:RXF 393	magnitude_g0.50	magnitude_g1.00	0.12129815921465842	0.05757830070713922	85	5	7.255404855398412	2.418472801612676
primary	RE:RXF 393	magnitude_g0.50	magnitude_g1.25	0.12925872942545283	0.058279048703937845	123	7	7.284139467481172	2.4902840740938963
primary	RE:RXF 393	magnitude_g0.50	magnitude_g2.00	0.14755594779588316	0.057076118667325884	136	7	10.0	2.4902913172131207
primary	RE:RXF 393	magnitude_g0.50	ordinal	0.38925182178678364	0.31210149069936344	192	13	24.49186894857579	9.14759631178957
primary	RE:RXF 393	magnitude_g0.80	magnitude_g1.00	0.01569685596887252	8.602001647642915e-05	72	4	1.600004240799496	0.011069713828709915
primary	RE:RXF 393	magnitude_g0.80	magnitude_g1.25	0.01056554923151642	0.0020599660971194348	109	7	1.027262464543446	0.07181586549965502
primary	RE:RXF 393	magnitude_g0.80	magnitude_g2.00	0.05678938696352257	0.006551173466152297	130	7	10.0	0.6161826764165048
primary	RE:RXF 393	magnitude_g0.80	ordinal	0.4228496559178265	0.3298407284591941	195	13	24.49186894857579	9.147596311789572
primary	RE:RXF 393	magnitude_g1.00	magnitude_g1.25	0.00856348465046203	0.0019738954727850535	108	7	1.614368627542155	0.07181391548274085
primary	RE:RXF 393	magnitude_g1.00	magnitude_g2.00	0.04691848774213471	0.006465104041430993	123	7	10.000000000000002	0.6051129625877949
primary	RE:RXF 393	magnitude_g1.00	ordinal	0.41957287634964635	0.329750655524564	197	13	24.49186894857579	9.14759631178957
primary	RE:RXF 393	magnitude_g1.25	magnitude_g2.00	0.052334963661534624	0.004497293077766269	108	6	10.0	0.5805658907398605
primary	RE:RXF 393	magnitude_g1.25	ordinal	0.42671528136886283	0.33088670124001474	213	12	24.49186894857579	9.147596311789572
primary	RE:RXF 393	magnitude_g2.00	ordinal	0.43747030571459844	0.326171150397902	223	12	24.49186894857579	9.14759631178957
primary	RE:SN12C	magnitude_g0.50	magnitude_g0.80	0.061168889262914285	0.02922584492499403	99	6	6.242929537222969	1.6112734186904665
primary	RE:SN12C	magnitude_g0.50	magnitude_g1.00	0.04652171410642503	0.02922592712921149	94	6	3.950905255305163	1.6112775452721513
primary	RE:SN12C	magnitude_g0.50	magnitude_g1.25	0.06685320615616491	0.02930619409508611	117	6	7.090795060399834	1.5908512297478166
primary	RE:SN12C	magnitude_g0.50	magnitude_g2.00	0.0774961879585474	0.018207355570442178	151	6	10.000000000000002	0.7268584163053817
primary	RE:SN12C	magnitude_g0.50	ordinal	0.3414017441455915	0.22564788738381678	139	7	16.44932285210218	8.606004303109653
primary	RE:SN12C	magnitude_g0.80	magnitude_g1.00	0.01770234521134004	8.307361942053007e-08	53	4	6.24292953722297	4.12658168480462e-06
primary	RE:SN12C	magnitude_g0.80	magnitude_g1.25	0.009551780650851131	0.0015790971196399672	100	6	0.9287227052716891	0.06198366195559224
primary	RE:SN12C	magnitude_g0.80	magnitude_g2.00	0.03465475193529656	0.017821914595278876	133	6	3.7570704627770324	0.8844150023850847
primary	RE:SN12C	magnitude_g0.80	ordinal	0.3588589019554688	0.23908950186588915	148	7	16.98641397845975	8.964065054015098
primary	RE:SN12C	magnitude_g1.00	magnitude_g1.25	0.02719016793621774	0.0015791230450767863	105	6	7.090795060399836	0.061983720186344016
primary	RE:SN12C	magnitude_g1.00	magnitude_g2.00	0.052288367646937964	0.017821961497316983	137	6	10.000000000000002	0.8844191289667696
primary	RE:SN12C	magnitude_g1.00	ordinal	0.35885891175932233	0.2390895570036452	149	7	16.98641536841501	8.964065980651661
primary	RE:SN12C	magnitude_g1.25	magnitude_g2.00	0.02736664794175162	0.017111432727399355	119	6	2.9092049396001674	0.8639928134424348
primary	RE:SN12C	magnitude_g1.25	ordinal	0.3628340371474024	0.24026165983792055	167	7	16.979606601340965	8.959526802601964
primary	RE:SN12C	magnitude_g2.00	ordinal	0.37280351612350615	0.23191882570325997	187	7	17.047164553019872	8.78236566749323
primary	RE:TK-10	magnitude_g0.50	magnitude_g0.80	0.026453041989473874	2.0146161561252607e-07	87	6	5.969302393570901	1.105047701122075e-05
primary	RE:TK-10	magnitude_g0.50	magnitude_g1.00	0.034221175149382596	0.015541155198710016	100	6	3.3952894790522574	0.8294654331344691
primary	RE:TK-10	magnitude_g0.50	magnitude_g1.25	0.031988064760570804	0.015852166953091478	107	6	3.1793000222567795	0.8464996705487771
primary	RE:TK-10	magnitude_g0.50	magnitude_g2.00	0.06526765950577111	0.0073513545843033315	138	6	9.30709968677123	0.5996862612912395
primary	RE:TK-10	magnitude_g0.50	ordinal	0.36441662211681464	0.20846070435765365	175	8	16.70652067406596	9.14759631178957
primary	RE:TK-10	magnitude_g0.80	magnitude_g1.00	0.05465725453504988	0.015540953714475558	105	6	6.153624358189134	0.8294543826574579
primary	RE:TK-10	magnitude_g0.80	magnitude_g1.25	0.04481260563163505	0.01585196593993612	106	6	6.157409738069251	0.8464886200717658
primary	RE:TK-10	magnitude_g0.80	magnitude_g2.00	0.08996625976327019	0.007351440499561404	147	6	9.30709968677123	0.5996850280246715
primary	RE:TK-10	magnitude_g0.80	ordinal	0.3814872429724348	0.2084607029553915	183	8	16.706524373865072	9.14759631178957
primary	RE:TK-10	magnitude_g1.00	magnitude_g1.25	0.019867928068469185	0.00031105587871119454	96	6	3.5909617669165104	0.017034237414307984
primary	RE:TK-10	magnitude_g1.00	magnitude_g2.00	0.05985639714288596	0.01987106887799033	121	6	7.634465739423338	0.9730894493183277
primary	RE:TK-10	magnitude_g1.00	ordinal	0.3789097106527788	0.2130220104194728	190	8	16.983009170692068	9.14759631178957
primary	RE:TK-10	magnitude_g1.25	magnitude_g2.00	0.07106729382370494	0.020153443389572402	123	6	9.30709968677123	0.9901236867326357
primary	RE:TK-10	magnitude_g1.25	ordinal	0.3787960822523886	0.21310290749333313	199	8	16.98868724051241	9.14759631178957
primary	RE:TK-10	magnitude_g2.00	ordinal	0.39002589122455145	0.21288999626868818	213	8	16.658654471288664	9.14759631178957
