scenario	context	vector_from_arm	scored_against_arm	regret	within_primary_cap	within_secondary_cap	cost_under_target	target_optimum	target_cap
half_serum	BR:BT-549	magnitude_g0.50	magnitude_g0.50	1.2651273578588947e-09	1	1	377.1771563794157	377.17715590223855	377.17715637941575
half_serum	BR:BT-549	magnitude_g0.50	magnitude_g0.80	0.0006811935389602711	0	0	387.2576972403182	386.99407937383285	386.99407986082696
half_serum	BR:BT-549	magnitude_g0.50	magnitude_g1.00	0.0017107262017378327	0	0	393.76526413614994	393.0927900005817	393.0927904936745
half_serum	BR:BT-549	magnitude_g0.50	magnitude_g1.25	0.0033048089527373133	0	0	401.6046478093336	400.2817929563537	400.2817934566355
half_serum	BR:BT-549	magnitude_g0.50	magnitude_g2.00	0.008066330452610234	0	0	422.9248239142462	419.54067022986254	419.54067074940326
half_serum	BR:BT-549	magnitude_g0.50	ordinal	0.1247705968103368	0	1	233.62948911156013	207.71301256815806	207.71301287587107
half_serum	BR:BT-549	magnitude_g0.80	magnitude_g0.50	0.0007438238070980439	0	1	377.45770925029217	377.17715590223855	377.17715637941575
half_serum	BR:BT-549	magnitude_g0.80	magnitude_g0.80	1.2584027017170275e-09	0	0	386.99407986082724	386.99407937383285	386.99407986082696
half_serum	BR:BT-549	magnitude_g0.80	magnitude_g1.00	0.00018959164387299897	0	0	393.16731710883255	393.0927900005817	393.0927904936745
half_serum	BR:BT-549	magnitude_g0.80	magnitude_g1.25	0.0008445803642661715	0	0	400.6198630988579	400.2817929563537	400.2817934566355
half_serum	BR:BT-549	magnitude_g0.80	magnitude_g2.00	0.0033980620007166085	0	0	420.9662954391258	419.54067022986254	419.54067074940326
half_serum	BR:BT-549	magnitude_g0.80	ordinal	0.15113273398082386	0	1	239.10524804097702	207.71301256815806	207.71301287587107
half_serum	BR:BT-549	magnitude_g1.00	magnitude_g0.50	0.0022157615356556185	0	1	378.0128905364147	377.17715590223855	377.17715637941575
half_serum	BR:BT-549	magnitude_g1.00	magnitude_g0.80	0.0004145061175692496	0	1	387.1544907871964	386.99407937383285	386.99407986082696
half_serum	BR:BT-549	magnitude_g1.00	magnitude_g1.00	1.2543929926170286e-09	0	1	393.09279049367456	393.0927900005817	393.0927904936745
half_serum	BR:BT-549	magnitude_g1.00	magnitude_g1.25	2.3113204812692333e-09	0	1	400.2817938815332	400.2817929563537	400.2817934566355
half_serum	BR:BT-549	magnitude_g1.00	magnitude_g2.00	0.0011278424768208777	0	0	420.0138460185017	419.54067022986254	419.54067074940326
half_serum	BR:BT-549	magnitude_g1.00	ordinal	0.16196330763663658	0	1	241.3548991228672	207.71301256815806	207.71301287587107
half_serum	BR:BT-549	magnitude_g1.25	magnitude_g0.50	0.0022157640709807368	0	1	378.01289149268143	377.17715590223855	377.17715637941575
half_serum	BR:BT-549	magnitude_g1.25	magnitude_g0.80	0.0004145072050304532	0	1	387.1544912080374	386.99407937383285	386.99407986082696
half_serum	BR:BT-549	magnitude_g1.25	magnitude_g1.00	1.378535454394928e-09	0	0	393.09279054247406	393.0927900005817	393.0927904936745
half_serum	BR:BT-549	magnitude_g1.25	magnitude_g1.25	1.2498250860158797e-09	0	0	400.2817934566359	400.2817929563537	400.2817934566355
half_serum	BR:BT-549	magnitude_g1.25	magnitude_g2.00	0.0011278380836288403	0	0	420.01384417537895	419.54067022986254	419.54067074940326
half_serum	BR:BT-549	magnitude_g1.25	ordinal	0.1619633646557014	0	1	241.35491096646894	207.71301256815806	207.71301287587107
half_serum	BR:BT-549	magnitude_g2.00	magnitude_g0.50	0.007517313276299351	0	1	380.0125147438193	377.17715590223855	377.17715637941575
half_serum	BR:BT-549	magnitude_g2.00	magnitude_g0.80	0.004146178964008649	0	1	388.5986260849285	386.99407937383285	386.99407986082696
half_serum	BR:BT-549	magnitude_g2.00	magnitude_g1.00	0.0027691534113717608	0	1	394.18132424099747	393.0927900005817	393.0927904936745
half_serum	BR:BT-549	magnitude_g2.00	magnitude_g1.25	0.0016572725263795057	0	1	400.9451689746302	400.2817929563537	400.2817934566355
half_serum	BR:BT-549	magnitude_g2.00	magnitude_g2.00	1.2383558968212013e-09	1	1	419.5406707494032	419.54067022986254	419.54067074940326
half_serum	BR:BT-549	magnitude_g2.00	ordinal	0.20611472604890324	0	1	250.52572325043636	207.71301256815806	207.71301287587107
half_serum	BR:BT-549	ordinal	magnitude_g0.50	0.06423380929630168	0	0	401.4046814053844	377.17715590223855	377.17715637941575
half_serum	BR:BT-549	ordinal	magnitude_g0.80	0.07325426775995163	0	0	415.34304728579957	386.99407937383285	386.99407986082696
half_serum	BR:BT-549	ordinal	magnitude_g1.00	0.07939141317096679	0	0	424.300982106046	393.0927900005817	393.0927904936745
half_serum	BR:BT-549	ordinal	magnitude_g1.25	0.08686712496717476	0	0	435.05312148717803	400.2817929563537	400.2817934566355
half_serum	BR:BT-549	ordinal	magnitude_g2.00	0.10618917229283899	0	0	464.09134674475456	419.54067022986254	419.54067074940326
half_serum	BR:BT-549	ordinal	ordinal	1.481432922087835e-09	1	0	207.71301287587096	207.71301256815806	207.71301287587107
half_serum	BR:MCF7	magnitude_g0.50	magnitude_g0.50	1.2554502333408283e-09	1	1	391.46379402528646	391.46379353382315	391.463794025287
half_serum	BR:MCF7	magnitude_g0.50	magnitude_g0.80	0.0003901088809124526	0	0	400.1360086246914	399.9799728850818	399.9799733850618
half_serum	BR:MCF7	magnitude_g0.50	magnitude_g1.00	0.001072729034745975	0	0	405.7487730948486	405.3139810192208	405.3139815245348
half_serum	BR:MCF7	magnitude_g0.50	magnitude_g1.25	0.0024786410580570953	0	0	412.5272673197057	411.50728845884186	411.5072889703492
half_serum	BR:MCF7	magnitude_g0.50	magnitude_g2.00	0.006607232249179192	0	0	431.076237293026	428.24671180816216	428.2467123364089
half_serum	BR:MCF7	magnitude_g0.50	ordinal	0.10006284820471639	0	1	244.14528201621576	221.93757603454807	221.93757635648564
half_serum	BR:MCF7	magnitude_g0.80	magnitude_g0.50	0.0006918865740106012	0	1	391.73464207678046	391.46379353382315	391.463794025287
half_serum	BR:MCF7	magnitude_g0.80	magnitude_g0.80	1.250012417882764e-09	1	1	399.9799733850617	399.9799728850818	399.9799733850618
half_serum	BR:MCF7	magnitude_g0.80	magnitude_g1.00	3.382432905486201e-05	0	0	405.32769049268535	405.3139810192208	405.3139815245348
half_serum	BR:MCF7	magnitude_g0.80	magnitude_g1.25	0.000704321073154173	0	0	411.79712171385995	411.50728845884186	411.5072889703492
half_serum	BR:MCF7	magnitude_g0.80	magnitude_g2.00	0.0030652734008303393	0	0	429.5594050628608	428.24671180816216	428.2467123364089
half_serum	BR:MCF7	magnitude_g0.80	ordinal	0.12729301483376362	0	1	250.18867919288334	221.93757603454807	221.93757635648564
half_serum	BR:MCF7	magnitude_g1.00	magnitude_g0.50	0.0007820919434039315	0	1	391.7699542128803	391.46379353382315	391.463794025287
half_serum	BR:MCF7	magnitude_g1.00	magnitude_g0.80	1.1609547060247893e-05	0	1	399.98461647140016	399.9799728850818	399.9799733850618
half_serum	BR:MCF7	magnitude_g1.00	magnitude_g1.00	1.2467223668898334e-09	1	1	405.3139815245348	405.3139810192208	405.3139815245348
half_serum	BR:MCF7	magnitude_g1.00	magnitude_g1.25	0.0006204986560275006	0	0	411.7626281782761	411.50728845884186	411.5072889703492
half_serum	BR:MCF7	magnitude_g1.00	magnitude_g2.00	0.0028673035357597763	0	0	429.4746251191072	428.24671180816216	428.2467123364089
half_serum	BR:MCF7	magnitude_g1.00	ordinal	0.1285835235102181	0	1	250.4750915603872	221.93757603454807	221.93757635648564
half_serum	BR:MCF7	magnitude_g1.25	magnitude_g0.50	0.0028023361340572864	0	1	392.5608066676181	391.46379353382315	391.463794025287
half_serum	BR:MCF7	magnitude_g1.25	magnitude_g0.80	0.0008701758952665299	0	1	400.32802581607575	399.9799728850818	399.9799733850618
half_serum	BR:MCF7	magnitude_g1.25	magnitude_g1.00	0.00016404755845309083	0	1	405.3804717882139	405.3139810192208	405.3139815245348
half_serum	BR:MCF7	magnitude_g1.25	magnitude_g1.25	1.2430091469924097e-09	1	0	411.5072889703492	411.50728845884186	411.5072889703492
half_serum	BR:MCF7	magnitude_g1.25	magnitude_g2.00	0.00037505107179957643	0	0	428.40732619642046	428.24671180816216	428.2467123364089
half_serum	BR:MCF7	magnitude_g1.25	ordinal	0.1594934910849137	0	1	257.3351748392216	221.93757603454807	221.93757635648564
half_serum	BR:MCF7	magnitude_g2.00	magnitude_g0.50	0.005098036812358115	0	1	393.45949036396394	391.46379353382315	391.463794025287
half_serum	BR:MCF7	magnitude_g2.00	magnitude_g0.80	0.002484046586382729	0	1	400.97354177134844	399.9799728850818	399.9799733850618
half_serum	BR:MCF7	magnitude_g2.00	magnitude_g1.00	0.0013688346548724282	0	1	405.86878884254423	405.3139810192208	405.3139815245348
half_serum	BR:MCF7	magnitude_g2.00	magnitude_g1.25	0.0007413353834823419	0	1	411.81235337233727	411.50728845884186	411.5072889703492
half_serum	BR:MCF7	magnitude_g2.00	magnitude_g2.00	1.2335095366730858e-09	1	0	428.24671233640856	428.24671180816216	428.2467123364089
half_serum	BR:MCF7	magnitude_g2.00	ordinal	0.18029573360110218	0	1	261.9519741193473	221.93757603454807	221.93757635648564
half_serum	BR:MCF7	ordinal	magnitude_g0.50	0.08139214796481604	0	0	423.3258725399963	391.46379353382315	391.463794025287
half_serum	BR:MCF7	ordinal	magnitude_g0.80	0.08956881194895801	0	0	435.805703859775	399.9799728850818	399.9799733850618
half_serum	BR:MCF7	ordinal	magnitude_g1.00	0.09501915379331995	0	0	443.8265725162689	405.3139810192208	405.3139815245348
half_serum	BR:MCF7	ordinal	magnitude_g1.25	0.10194700316497372	0	0	453.45922329776516	411.50728845884186	411.5072889703492
half_serum	BR:MCF7	ordinal	magnitude_g2.00	0.1197773145537753	0	0	479.54095291502836	428.24671180816216	428.2467123364089
half_serum	BR:MCF7	ordinal	ordinal	1.4505769602470324e-09	1	0	221.9375763564856	221.93757603454807	221.93757635648564
half_serum	BR:T-47D	magnitude_g0.50	magnitude_g0.50	1.2610063345823663e-09	0	1	383.13340244730955	383.1334019641759	383.1334024473093
half_serum	BR:T-47D	magnitude_g0.50	magnitude_g0.80	0.00030228362850746605	0	0	393.5805575747841	393.46162056844025	393.4616210619019
half_serum	BR:T-47D	magnitude_g0.50	magnitude_g1.00	0.0007787761941898977	0	0	400.2838276709848	399.97233873524334	399.9723392352157
half_serum	BR:T-47D	magnitude_g0.50	magnitude_g1.25	0.0016455200360699057	0	0	408.3170095716274	407.6462195497302	407.6462200573764
half_serum	BR:T-47D	magnitude_g0.50	magnitude_g2.00	0.008106191659569582	0	0	429.93082304058817	426.47374512483185	426.4737456513056
half_serum	BR:T-47D	magnitude_g0.50	ordinal	0.11317858377633945	0	1	237.21691384863408	213.09870429226282	213.09870460536152
half_serum	BR:T-47D	magnitude_g0.80	magnitude_g0.50	0.0001106443298704461	0	1	383.1757935026872	383.1334019641759	383.1334024473093
half_serum	BR:T-47D	magnitude_g0.80	magnitude_g0.80	1.254154880834172e-09	0	0	393.46162106190206	393.46162056844025	393.4616210619019
half_serum	BR:T-47D	magnitude_g0.80	magnitude_g1.00	0.000232582287994786	0	0	400.065365216921	399.97233873524334	399.9723392352157
half_serum	BR:T-47D	magnitude_g0.80	magnitude_g1.25	0.0008265255513032793	0	0	407.9831495660802	407.6462195497302	407.6462200573764
half_serum	BR:T-47D	magnitude_g0.80	magnitude_g2.00	0.006642580868416755	0	0	429.3066314650801	426.47374512483185	426.4737456513056
half_serum	BR:T-47D	magnitude_g0.80	ordinal	0.12075084153537063	0	1	238.83055216565066	213.09870429226282	213.09870460536152
half_serum	BR:T-47D	magnitude_g1.00	magnitude_g0.50	0.0009689585987969275	0	1	383.5046423684954	383.1334019641759	383.1334024473093
half_serum	BR:T-47D	magnitude_g1.00	magnitude_g0.80	0.00017568198485856163	0	1	393.5307446869074	393.46162056844025	393.4616210619019
half_serum	BR:T-47D	magnitude_g1.00	magnitude_g1.00	1.2500173747440205e-09	1	1	399.9723392352157	399.97233873524334	399.9723392352157
half_serum	BR:T-47D	magnitude_g1.00	magnitude_g1.25	0.00013247384836215036	0	0	407.7002220132042	407.6462195497302	407.6462200573764
half_serum	BR:T-47D	magnitude_g1.00	magnitude_g2.00	0.004836716496735878	0	0	428.53647772330186	426.47374512483185	426.4737456513056
half_serum	BR:T-47D	magnitude_g1.00	ordinal	0.13510664953906631	0	1	241.8897562503067	213.09870429226282	213.09870460536152
half_serum	BR:T-47D	magnitude_g1.25	magnitude_g0.50	0.0024003920341913107	0	1	384.0530723302833	383.1334019641759	383.1334024473093
half_serum	BR:T-47D	magnitude_g1.25	magnitude_g0.80	0.0009214370577714226	0	1	393.8241706864428	393.46162056844025	393.4616210619019
half_serum	BR:T-47D	magnitude_g1.25	magnitude_g1.00	0.000334061144599218	0	1	400.10595395252926	399.97233873524334	399.9723392352157
half_serum	BR:T-47D	magnitude_g1.25	magnitude_g1.25	1.2453106473048395e-09	1	1	407.64622005737635	407.6462195497302	407.6462200573764
half_serum	BR:T-47D	magnitude_g1.25	magnitude_g2.00	0.003578290489168246	0	0	427.999792070892	426.47374512483185	426.4737456513056
half_serum	BR:T-47D	magnitude_g1.25	ordinal	0.14931555825212528	0	1	244.9176562864666	213.09870429226282	213.09870460536152
half_serum	BR:T-47D	magnitude_g2.00	magnitude_g0.50	0.014310336931353265	0	1	388.61617003593886	383.1334019641759	383.1334024473093
half_serum	BR:T-47D	magnitude_g2.00	magnitude_g0.80	0.008739209085511734	0	1	396.90016393771214	393.46162056844025	393.4616210619019
half_serum	BR:T-47D	magnitude_g2.00	magnitude_g1.00	0.005737726379722533	0	1	402.26727057436386	399.97233873524334	399.9723392352157
half_serum	BR:T-47D	magnitude_g2.00	magnitude_g1.25	0.0027095042210244272	0	1	408.7507387022848	407.6462195497302	407.6462200573764
half_serum	BR:T-47D	magnitude_g2.00	magnitude_g2.00	1.234481013345808e-09	1	1	426.4737456513056	426.47374512483185	426.4737456513056
half_serum	BR:T-47D	magnitude_g2.00	ordinal	0.21927459213694325	0	1	259.82583576085983	213.09870429226282	213.09870460536152
half_serum	BR:T-47D	ordinal	magnitude_g0.50	0.08554941758932416	0	0	415.9102413612276	383.1334019641759	383.1334024473093
half_serum	BR:T-47D	ordinal	magnitude_g0.80	0.09404267890993524	0	0	430.46380541494085	393.46162056844025	393.4616210619019
half_serum	BR:T-47D	ordinal	magnitude_g1.00	0.0995318524671726	0	0	439.78232654518956	399.97233873524334	399.9723392352157
half_serum	BR:T-47D	ordinal	magnitude_g1.25	0.10618110838342038	0	0	450.93054696983165	407.6462195497302	407.6462200573764
half_serum	BR:T-47D	ordinal	magnitude_g2.00	0.12745014395390797	0	0	480.8278853335539	426.47374512483185	426.4737456513056
half_serum	BR:T-47D	ordinal	ordinal	1.46926673516453e-09	0	0	213.09870460536166	213.09870429226282	213.09870460536152
half_serum	CNS:SF-268	magnitude_g0.50	magnitude_g0.50	1.2672023565734586e-09	0	0	374.2487574719195	374.24875699767057	374.24875747191936
half_serum	CNS:SF-268	magnitude_g0.50	magnitude_g0.80	0.000693546401268399	0	0	384.80865523540626	384.5419575446145	384.5419580291565
half_serum	CNS:SF-268	magnitude_g0.50	magnitude_g1.00	0.0015437450307960046	0	0	391.60358275838075	390.9999784845539	390.99997897555386
half_serum	CNS:SF-268	magnitude_g0.50	magnitude_g1.25	0.0033304328029638165	0	0	399.76751831399815	398.4405388733039	398.4405393717445
half_serum	CNS:SF-268	magnitude_g0.50	magnitude_g2.00	0.010197310945952793	0	0	421.8603980099021	417.6019807604421	417.6019812780441
half_serum	CNS:SF-268	magnitude_g0.50	ordinal	0.12415672951166878	0	1	223.2233891103199	198.56963290811564	198.56963320668527
half_serum	CNS:SF-268	magnitude_g0.80	magnitude_g0.50	0.000680484284749176	0	1	374.5034273953944	374.24875699767057	374.24875747191936
half_serum	CNS:SF-268	magnitude_g0.80	magnitude_g0.80	1.2600491637709555e-09	1	1	384.54195802915626	384.5419575446145	384.5419580291565
half_serum	CNS:SF-268	magnitude_g0.80	magnitude_g1.00	3.480274730361074e-05	0	0	391.0135863580008	390.9999784845539	390.99997897555386
half_serum	CNS:SF-268	magnitude_g0.80	magnitude_g1.25	0.0009035710988697622	0	0	398.80055822884793	398.4405388733039	398.4405393717445
half_serum	CNS:SF-268	magnitude_g0.80	magnitude_g2.00	0.005574677742717068	0	0	419.9299772279019	417.6019807604421	417.6019812780441
half_serum	CNS:SF-268	magnitude_g0.80	ordinal	0.15969000665704725	0	1	230.27921890910005	198.56963290811564	198.56963320668527
half_serum	CNS:SF-268	magnitude_g1.00	magnitude_g0.50	0.0007496558684361113	0	1	374.5293147746088	374.24875699767057	374.24875747191936
half_serum	CNS:SF-268	magnitude_g1.00	magnitude_g0.80	4.132975043408881e-06	0	1	384.54354684692817	384.5419575446145	384.5419580291565
half_serum	CNS:SF-268	magnitude_g1.00	magnitude_g1.00	1.2557556572759173e-09	0	1	390.9999789755543	390.9999784845539	390.99997897555386
half_serum	CNS:SF-268	magnitude_g1.00	magnitude_g1.25	0.0008247315193222077	0	0	398.76914534428846	398.4405388733039	398.4405393717445
half_serum	CNS:SF-268	magnitude_g1.00	magnitude_g2.00	0.0053902802418919	0	0	419.85297246631	417.6019807604421	417.6019812780441
half_serum	CNS:SF-268	magnitude_g1.00	ordinal	0.16074857941978898	0	1	230.4894193140042	198.56963290811564	198.56963320668527
half_serum	CNS:SF-268	magnitude_g1.25	magnitude_g0.50	0.006098697498365883	0	1	376.5311869557388	374.24875699767057	374.24875747191936
half_serum	CNS:SF-268	magnitude_g1.25	magnitude_g0.80	0.0026079779091677134	0	1	385.54483447503895	384.5419575446145	384.5419580291565
half_serum	CNS:SF-268	magnitude_g1.25	magnitude_g1.00	0.0009841501482566802	0	1	391.3847811713478	390.9999784845539	390.99997897555386
half_serum	CNS:SF-268	magnitude_g1.25	magnitude_g1.25	1.2509788072290651e-09	0	0	398.4405393717446	398.4405388733039	398.4405393717445
half_serum	CNS:SF-268	magnitude_g1.25	magnitude_g2.00	0.0003347067875096705	0	0	417.7417549778801	417.6019807604421	417.6019812780441
half_serum	CNS:SF-268	magnitude_g1.25	ordinal	0.20813185617795296	0	1	239.89829918585647	198.56963290811564	198.56963320668527
half_serum	CNS:SF-268	magnitude_g2.00	magnitude_g0.50	0.007464079624851265	0	1	377.0421795194028	374.24875699767057	374.24875747191936
half_serum	CNS:SF-268	magnitude_g2.00	magnitude_g0.80	0.0035216007958184014	0	1	385.89616080832917	384.5419575446145	384.5419580291565
half_serum	CNS:SF-268	magnitude_g2.00	magnitude_g1.00	0.0016321208638497636	0	1	391.6381377072033	390.9999784845539	390.99997897555386
half_serum	CNS:SF-268	magnitude_g2.00	magnitude_g1.25	0.00035236576328283276	0	1	398.58093567790684	398.4405388733039	398.4405393717445
half_serum	CNS:SF-268	magnitude_g2.00	magnitude_g2.00	1.2394629635686552e-09	0	0	417.60198127804426	417.6019807604421	417.6019812780441
half_serum	CNS:SF-268	magnitude_g2.00	ordinal	0.21686063243032694	0	1	241.63156908202745	198.56963290811564	198.56963320668527
half_serum	CNS:SF-268	ordinal	magnitude_g0.50	0.07797369600964486	0	0	403.4303158077944	374.24875699767057	374.24875747191936
half_serum	CNS:SF-268	ordinal	magnitude_g0.80	0.08722766220485775	0	0	418.0846535209109	384.5419575446145	384.5419580291565
half_serum	CNS:SF-268	ordinal	magnitude_g1.00	0.09331684447047459	0	0	427.4868626647559	390.9999784845539	390.99997897555386
half_serum	CNS:SF-268	ordinal	magnitude_g1.25	0.10118260025256565	0	0	438.7557886425383	398.4405388733039	398.4405393717445
half_serum	CNS:SF-268	ordinal	magnitude_g2.00	0.12331960441484277	0	0	469.10049183067457	417.6019807604421	417.6019812780441
half_serum	CNS:SF-268	ordinal	ordinal	1.5036023835903314e-09	0	1	198.5696332066854	198.56963290811564	198.56963320668527
half_serum	CNS:SF-295	magnitude_g0.50	magnitude_g0.50	1.2619932486750886e-09	1	1	381.6875380730729	381.6875375913858	381.68753807307337
half_serum	CNS:SF-295	magnitude_g0.50	magnitude_g0.80	0.0007770783973958572	0	0	391.78016588085063	391.4759583705011	391.47595886197706
half_serum	CNS:SF-295	magnitude_g0.50	magnitude_g1.00	0.0017105932522596195	0	0	398.26258803059915	397.58248611263826	397.58248661022077
half_serum	CNS:SF-295	magnitude_g0.50	magnitude_g1.25	0.0029048732019105617	0	0	406.0395265896907	404.8634496045015	404.863450109365
half_serum	CNS:SF-295	magnitude_g0.50	magnitude_g2.00	0.009795042127562674	0	0	427.02923840892845	422.8870420171699	422.887042540057
half_serum	CNS:SF-295	magnitude_g0.50	ordinal	0.12779771774610912	0	1	232.1846052786664	205.8743351092115	205.87433541508582
half_serum	CNS:SF-295	magnitude_g0.80	magnitude_g0.50	0.0007040026533452474	0	1	381.95624663059897	381.6875375913858	381.68753807307337
half_serum	CNS:SF-295	magnitude_g0.80	magnitude_g0.80	1.255443310945162e-09	1	0	391.47595886197695	391.4759583705011	391.47595886197706
half_serum	CNS:SF-295	magnitude_g0.80	magnitude_g1.00	5.6741807935243696e-05	0	0	397.6050456617037	397.58248611263826	397.58248661022077
half_serum	CNS:SF-295	magnitude_g0.80	magnitude_g1.25	0.00026775633891440063	0	0	404.97185435952787	404.8634496045015	404.863450109365
half_serum	CNS:SF-295	magnitude_g0.80	magnitude_g2.00	0.004813406785102476	0	0	424.92256937454727	422.8870420171699	422.887042540057
half_serum	CNS:SF-295	magnitude_g0.80	ordinal	0.16280759668992495	0	1	239.39224082847846	205.8743351092115	205.87433541508582
half_serum	CNS:SF-295	magnitude_g1.00	magnitude_g0.50	0.001165882713261349	0	1	382.1325404933309	381.6875375913858	381.68753807307337
half_serum	CNS:SF-295	magnitude_g1.00	magnitude_g0.80	0.00013417926039878354	0	1	391.52848632505913	391.4759583705011	391.47595886197706
half_serum	CNS:SF-295	magnitude_g1.00	magnitude_g1.00	1.251520323959491e-09	0	1	397.5824866102208	397.58248611263826	397.58248661022077
half_serum	CNS:SF-295	magnitude_g1.00	magnitude_g1.25	1.4809582358160758e-09	0	0	404.86345020408737	404.8634496045015	404.863450109365
half_serum	CNS:SF-295	magnitude_g1.00	magnitude_g2.00	0.004060116274655976	0	0	424.60401257880494	422.8870420171699	422.887042540057
half_serum	CNS:SF-295	magnitude_g1.00	ordinal	0.16942367394963073	0	1	240.75432133535156	205.8743351092115	205.87433541508582
half_serum	CNS:SF-295	magnitude_g1.25	magnitude_g0.50	0.0011660612699219955	0	1	382.13260864618303	381.6875375913858	381.68753807307337
half_serum	CNS:SF-295	magnitude_g1.25	magnitude_g0.80	0.0001342782931871423	0	1	391.52852509401487	391.4759583705011	391.47595886197706
half_serum	CNS:SF-295	magnitude_g1.25	magnitude_g1.00	5.33991834258591e-08	0	1	397.58250734321837	397.58248611263826	397.58248661022077
half_serum	CNS:SF-295	magnitude_g1.25	magnitude_g1.25	1.2469963340268008e-09	1	0	404.86345010936475	404.8634496045015	404.863450109365
half_serum	CNS:SF-295	magnitude_g1.25	magnitude_g2.00	0.004059992961321234	0	0	424.60396043119357	422.8870420171699	422.887042540057
half_serum	CNS:SF-295	magnitude_g1.25	ordinal	0.16942548661143403	0	1	240.7546945158951	205.8743351092115	205.87433541508582
half_serum	CNS:SF-295	magnitude_g2.00	magnitude_g0.50	0.008537031016993648	0	1	384.9460159386034	381.6875375913858	381.68753807307337
half_serum	CNS:SF-295	magnitude_g2.00	magnitude_g0.80	0.0045257448888669696	0	1	393.24767868821067	391.4759583705011	391.47595886197706
half_serum	CNS:SF-295	magnitude_g2.00	magnitude_g1.00	0.0026237866891648865	0	1	398.6256577475457	397.58248611263826	397.58248661022077
half_serum	CNS:SF-295	magnitude_g2.00	magnitude_g1.25	0.0006389364650123411	0	1	405.1221316258045	404.8634496045015	404.863450109365
half_serum	CNS:SF-295	magnitude_g2.00	magnitude_g2.00	1.2364690776348752e-09	1	0	422.88704254005665	422.8870420171699	422.887042540057
half_serum	CNS:SF-295	magnitude_g2.00	ordinal	0.22869728594295835	0	1	252.95723679399927	205.8743351092115	205.87433541508582
half_serum	CNS:SF-295	ordinal	magnitude_g0.50	0.08250364814819647	0	0	413.178151895377	381.6875375913858	381.68753807307337
half_serum	CNS:SF-295	ordinal	magnitude_g0.80	0.09223949783464175	0	0	427.5855041849312	391.4759583705011	391.47595886197706
half_serum	CNS:SF-295	ordinal	magnitude_g1.00	0.09864538269978633	0	0	436.80216260995195	397.58248611263826	397.58248661022077
half_serum	CNS:SF-295	ordinal	magnitude_g1.25	0.10610674086765302	0	0	447.82219073847045	404.8634496045015	404.863450109365
half_serum	CNS:SF-295	ordinal	magnitude_g2.00	0.1288224365817993	0	0	477.36438116869147	422.8870420171699	422.887042540057
half_serum	CNS:SF-295	ordinal	ordinal	1.48573300610395e-09	1	0	205.8743354150858	205.8743351092115	205.87433541508582
half_serum	CNS:SF-539	magnitude_g0.50	magnitude_g0.50	1.268036311180501e-09	0	1	373.08401021442506	373.084009741341	373.084010214425
half_serum	CNS:SF-539	magnitude_g0.50	magnitude_g0.80	0.0007915527627848711	0	0	383.3455133784248	383.04231517558406	383.0423156586264
half_serum	CNS:SF-539	magnitude_g0.50	magnitude_g1.00	0.0017217909017808724	0	0	389.97362543525173	389.3033265096344	389.3033269989378
half_serum	CNS:SF-539	magnitude_g0.50	magnitude_g1.25	0.0031333084476355003	0	0	397.9604960023888	396.717457840413	396.71745833713044
half_serum	CNS:SF-539	magnitude_g0.50	magnitude_g2.00	0.0077284775177736895	0	0	419.68062471098074	416.46200744940114	416.46200796586317
half_serum	CNS:SF-539	magnitude_g0.50	ordinal	0.13594248948736268	0	1	227.12149158025272	199.94101257956285	199.94101287950386
half_serum	CNS:SF-539	magnitude_g0.80	magnitude_g0.50	0.0006373504885854576	0	1	373.32179501723306	373.084009741341	373.084010214425
half_serum	CNS:SF-539	magnitude_g0.80	magnitude_g0.80	1.2610675727248731e-09	1	1	383.0423156586263	383.04231517558406	383.0423156586264
half_serum	CNS:SF-539	magnitude_g0.80	magnitude_g1.00	8.440864849500185e-05	0	0	389.3361870772797	389.3033265096344	389.3033269989378
half_serum	CNS:SF-539	magnitude_g0.80	magnitude_g1.25	0.0005478368922044117	0	0	396.9347942995995	396.717457840413	396.71745833713044
half_serum	CNS:SF-539	magnitude_g0.80	magnitude_g2.00	0.0029063293913280117	0	0	417.6723832220228	416.46200744940114	416.46200796586317
half_serum	CNS:SF-539	magnitude_g0.80	ordinal	0.17598778618368496	0	1	235.12818875076442	199.94101257956285	199.94101287950386
half_serum	CNS:SF-539	magnitude_g1.00	magnitude_g0.50	0.0012947969868712702	0	1	373.56707779300393	373.084009741341	373.084010214425
half_serum	CNS:SF-539	magnitude_g1.00	magnitude_g0.80	0.0001921244462924627	0	1	383.11590696829376	383.04231517558406	383.0423156586264
half_serum	CNS:SF-539	magnitude_g1.00	magnitude_g1.00	1.2568695283968491e-09	0	0	389.3033269989379	389.3033265096344	389.3033269989378
half_serum	CNS:SF-539	magnitude_g1.00	magnitude_g1.25	0.00015255988626164513	0	0	396.7779810106591	396.717457840413	396.71745833713044
half_serum	CNS:SF-539	magnitude_g1.00	magnitude_g2.00	0.0017744324794106458	0	0	417.2009911618599	416.46200744940114	416.46200796586317
half_serum	CNS:SF-539	magnitude_g1.00	ordinal	0.18725925997143772	0	1	237.3818186331517	199.94101257956285	199.94101287950386
half_serum	CNS:SF-539	magnitude_g1.25	magnitude_g0.50	0.0033932902583310434	0	1	374.34999207713537	373.084009741341	373.084010214425
half_serum	CNS:SF-539	magnitude_g1.25	magnitude_g0.80	0.0012979310964902774	0	1	383.5394777077221	383.04231517558406	383.0423156586264
half_serum	CNS:SF-539	magnitude_g1.25	magnitude_g1.00	0.0005139508150625804	0	1	389.5034092716006	389.3033265096344	389.3033269989378
half_serum	CNS:SF-539	magnitude_g1.25	magnitude_g1.25	1.252068287707274e-09	1	0	396.7174583371303	396.717457840413	396.71745833713044
half_serum	CNS:SF-539	magnitude_g1.25	magnitude_g2.00	4.270843702982953e-05	0	0	416.4797938908216	416.46200744940114	416.46200796586317
half_serum	CNS:SF-539	magnitude_g1.25	ordinal	0.20446321248154598	0	1	240.82159431839347	199.94101257956285	199.94101287950386
half_serum	CNS:SF-539	magnitude_g2.00	magnitude_g0.50	0.00362132830456711	0	1	374.4350694257987	373.084009741341	373.084010214425
half_serum	CNS:SF-539	magnitude_g2.00	magnitude_g0.80	0.0014568568575618886	0	1	383.600352999184	383.04231517558406	383.0423156586264
half_serum	CNS:SF-539	magnitude_g2.00	magnitude_g1.00	0.0006314126885136647	0	1	389.5491375696732	389.3033265096344	389.3033269989378
half_serum	CNS:SF-539	magnitude_g2.00	magnitude_g1.25	7.046909995069802e-05	0	1	396.7454141626017	396.717457840413	396.71745833713044
half_serum	CNS:SF-539	magnitude_g2.00	magnitude_g2.00	1.2401183893418491e-09	0	1	416.46200796586334	416.46200744940114	416.46200796586317
half_serum	CNS:SF-539	magnitude_g2.00	ordinal	0.20601243994157925	0	1	241.1313484254686	199.94101257956285	199.94101287950386
half_serum	CNS:SF-539	ordinal	magnitude_g0.50	0.07360135972465204	0	0	400.543500149829	373.084009741341	373.084010214425
half_serum	CNS:SF-539	ordinal	magnitude_g0.80	0.08462198048991026	0	0	415.4561144971824	383.04231517558406	383.0423156586264
half_serum	CNS:SF-539	ordinal	magnitude_g1.00	0.09174691266897439	0	0	425.02070480865507	389.3033265096344	389.3033269989378
half_serum	CNS:SF-539	ordinal	magnitude_g1.25	0.10022687262280525	0	0	436.47920795462716	396.717457840413	396.71745833713044
half_serum	CNS:SF-539	ordinal	magnitude_g2.00	0.1220372447495503	0	0	467.28588338139275	416.46200744940114	416.46200796586317
half_serum	CNS:SF-539	ordinal	ordinal	1.5001464898111242e-09	1	1	199.94101287950366	199.94101257956285	199.94101287950386
half_serum	CNS:SNB-19	magnitude_g0.50	magnitude_g0.50	1.2672625995097152e-09	0	1	374.1648498086143	374.1648493344492	374.16484980861406
half_serum	CNS:SNB-19	magnitude_g0.50	magnitude_g0.80	0.00036735859329583453	0	0	384.41370463757755	384.27253881827505	384.2725393025476
half_serum	CNS:SNB-19	magnitude_g0.50	magnitude_g1.00	0.0017535146781432083	0	0	391.02329998013823	390.3388351033352	390.33883559367405
half_serum	CNS:SNB-19	magnitude_g0.50	magnitude_g1.25	0.003909573284384599	0	0	398.9795887188474	397.42582333740296	397.4258238348288
half_serum	CNS:SNB-19	magnitude_g0.50	magnitude_g2.00	0.009725770089745667	0	0	420.59429053536354	416.54308822679707	416.5430887433402
half_serum	CNS:SNB-19	magnitude_g0.50	ordinal	0.13535738102009925	0	1	228.3093853081089	201.0903254999556	201.09032580104594
half_serum	CNS:SNB-19	magnitude_g0.80	magnitude_g0.50	9.684188548063743e-05	0	1	374.2010841639393	374.1648493344492	374.16484980861406
half_serum	CNS:SNB-19	magnitude_g0.80	magnitude_g0.80	1.2602327694650152e-09	0	1	384.2725393025479	384.27253881827505	384.2725393025476
half_serum	CNS:SNB-19	magnitude_g0.80	magnitude_g1.00	0.0011121322028413356	0	0	390.7729434918732	390.3388351033352	390.33883559367405
half_serum	CNS:SNB-19	magnitude_g0.80	magnitude_g1.25	0.00296095867647638	0	0	398.6025847772696	397.42582333740296	397.4258238348288
half_serum	CNS:SNB-19	magnitude_g0.80	magnitude_g2.00	0.008049043242340482	0	0	419.8958615562326	416.54308822679707	416.5430887433402
half_serum	CNS:SNB-19	magnitude_g0.80	ordinal	0.1444486491789628	0	1	230.13755138138214	201.0903254999556	201.09032580104594
half_serum	CNS:SNB-19	magnitude_g1.00	magnitude_g0.50	0.0027212856821417154	0	1	375.1830587817037	374.1648493344492	374.16484980861406
half_serum	CNS:SNB-19	magnitude_g1.00	magnitude_g0.80	0.00027313714525011647	0	1	384.3774979225259	384.27253881827505	384.2725393025476
half_serum	CNS:SNB-19	magnitude_g1.00	magnitude_g1.00	1.2561873855261506e-09	1	0	390.33883559367393	390.3388351033352	390.33883559367405
half_serum	CNS:SNB-19	magnitude_g1.00	magnitude_g1.25	0.00030153767810830746	0	0	397.5456621973924	397.42582333740296	397.4258238348288
half_serum	CNS:SNB-19	magnitude_g1.00	magnitude_g2.00	0.001782964546819541	0	0	417.28576978532817	416.54308822679707	416.5430887433402
half_serum	CNS:SNB-19	magnitude_g1.00	ordinal	0.18418919137987622	0	1	238.12898994810854	201.0903254999556	201.09032580104594
half_serum	CNS:SNB-19	magnitude_g1.25	magnitude_g0.50	0.003607912672181453	0	1	375.5148034358478	374.1648493344492	374.16484980861406
half_serum	CNS:SNB-19	magnitude_g1.25	magnitude_g0.80	0.0006318100446767428	0	1	384.5153260681939	384.27253881827505	384.2725393025476
half_serum	CNS:SNB-19	magnitude_g1.25	magnitude_g1.00	4.706506502995698e-05	0	1	390.35720642599307	390.3388351033352	390.33883559367405
half_serum	CNS:SNB-19	magnitude_g1.25	magnitude_g1.25	1.2516194775185215e-09	0	0	397.42582383482886	397.42582333740296	397.4258238348288
half_serum	CNS:SNB-19	magnitude_g1.25	magnitude_g2.00	0.0006670606871903603	0	0	416.82094774547403	416.54308822679707	416.5430887433402
half_serum	CNS:SNB-19	magnitude_g1.25	ordinal	0.1928305103917676	0	1	239.86667560095873	201.0903254999556	201.09032580104594
half_serum	CNS:SNB-19	magnitude_g2.00	magnitude_g0.50	0.00545120325936752	0	1	376.2044979806819	374.1648493344492	374.16484980861406
half_serum	CNS:SNB-19	magnitude_g2.00	magnitude_g0.80	0.001816026164400996	0	1	384.97038780302984	384.27253881827505	384.2725393025476
half_serum	CNS:SNB-19	magnitude_g2.00	magnitude_g1.00	0.0008416899927305905	0	1	390.6673793946158	390.3388351033352	390.33883559367405
half_serum	CNS:SNB-19	magnitude_g2.00	magnitude_g1.25	0.0003579677069600786	0	1	397.56808894806977	397.42582333740296	397.4258238348288
half_serum	CNS:SNB-19	magnitude_g2.00	magnitude_g2.00	1.2400715969491142e-09	0	0	416.5430887433403	416.54308822679707	416.5430887433402
half_serum	CNS:SNB-19	magnitude_g2.00	ordinal	0.2062091964592923	0	1	242.556999937039	201.0903254999556	201.09032580104594
half_serum	CNS:SNB-19	ordinal	magnitude_g0.50	0.13897258066382667	0	0	426.16350404014946	374.1648493344492	374.16484980861406
half_serum	CNS:SNB-19	ordinal	magnitude_g0.80	0.15042609826994277	0	0	442.0771575049933	384.27253881827505	384.2725393025476
half_serum	CNS:SNB-19	ordinal	magnitude_g1.00	0.1587238990907637	0	0	452.29493697748325	390.3388351033352	390.33883559367405
half_serum	CNS:SNB-19	ordinal	magnitude_g1.25	0.16889906620346506	0	0	464.5506737842336	397.42582333740296	397.4258238348288
half_serum	CNS:SNB-19	ordinal	magnitude_g2.00	0.1946382000928407	0	0	497.6182851803742	416.54308822679707	416.5430887433402
half_serum	CNS:SNB-19	ordinal	ordinal	1.4972881114473884e-09	1	1	201.09032580104576	201.0903254999556	201.09032580104594
half_serum	CNS:SNB-75	magnitude_g0.50	magnitude_g0.50	1.2649917718676278e-09	1	0	377.37000570935703	377.3700052319871	377.3700057093571
half_serum	CNS:SNB-75	magnitude_g0.50	magnitude_g0.80	0.0005403776501832305	0	0	387.2923495619759	387.0831784635723	387.0831789506555
half_serum	CNS:SNB-75	magnitude_g0.50	magnitude_g1.00	0.001113305330063352	0	0	393.71914084030004	393.28129867427174	393.2812991675531
half_serum	CNS:SNB-75	magnitude_g0.50	magnitude_g1.25	0.002822916221761386	0	0	401.4807729672688	400.3506167169464	400.35061721729704
half_serum	CNS:SNB-75	magnitude_g0.50	magnitude_g2.00	0.009405799885218688	0	0	422.68842389065577	418.7497475630915	418.74974808184123
half_serum	CNS:SNB-75	magnitude_g0.50	ordinal	0.21919712443926515	0	1	225.35404522371542	184.8380714704856	184.83807175532365
half_serum	CNS:SNB-75	magnitude_g0.80	magnitude_g0.50	0.00027890409060718946	0	1	377.47525527011874	377.3700052319871	377.3700057093571
half_serum	CNS:SNB-75	magnitude_g0.80	magnitude_g0.80	1.2583425692368158e-09	0	1	387.08317895065557	387.0831784635723	387.0831789506555
half_serum	CNS:SNB-75	magnitude_g0.80	magnitude_g1.00	7.340711861905797e-05	0	0	393.3101683212142	393.28129867427174	393.2812991675531
half_serum	CNS:SNB-75	magnitude_g0.80	magnitude_g1.25	0.0012071406207795918	0	0	400.83389620893956	400.3506167169464	400.35061721729704
half_serum	CNS:SNB-75	magnitude_g0.80	magnitude_g2.00	0.006344227041571521	0	0	421.4063910352325	418.7497475630915	418.74974808184123
half_serum	CNS:SNB-75	magnitude_g0.80	ordinal	0.24224777773256073	0	1	229.61468352458297	184.8380714704856	184.83807175532365
half_serum	CNS:SNB-75	magnitude_g1.00	magnitude_g0.50	0.0015083677991982944	0	1	377.9392179962623	377.3700052319871	377.3700057093571
half_serum	CNS:SNB-75	magnitude_g1.00	magnitude_g0.80	0.0004062513536727674	0	1	387.2404315288071	387.0831784635723	387.0831789506555
half_serum	CNS:SNB-75	magnitude_g1.00	magnitude_g1.00	1.2542708713110763e-09	1	0	393.281299167553	393.28129867427174	393.2812991675531
half_serum	CNS:SNB-75	magnitude_g1.00	magnitude_g1.25	0.0006050834970345809	0	0	400.5928622681494	400.3506167169464	400.35061721729704
half_serum	CNS:SNB-75	magnitude_g1.00	magnitude_g2.00	0.004550403123504811	0	0	420.65522772236943	418.7497475630915	418.74974808184123
half_serum	CNS:SNB-75	magnitude_g1.00	ordinal	0.2531960229398982	0	1	231.6383360546932	184.8380714704856	184.83807175532365
half_serum	CNS:SNB-75	magnitude_g1.25	magnitude_g0.50	0.005429586583785501	0	1	379.41896834951774	377.3700052319871	377.3700057093571
half_serum	CNS:SNB-75	magnitude_g1.25	magnitude_g0.80	0.0023183427646605668	0	1	387.98056994968516	387.0831784635723	387.0831789506555
half_serum	CNS:SNB-75	magnitude_g1.25	magnitude_g1.00	0.0007239353602287393	0	1	393.5660089128987	393.28129867427174	393.2812991675531
half_serum	CNS:SNB-75	magnitude_g1.25	magnitude_g1.25	1.249781888957157e-09	0	1	400.3506172172973	400.3506167169464	400.35061721729704
half_serum	CNS:SNB-75	magnitude_g1.25	magnitude_g2.00	0.0008238115993497456	0	0	419.09471846235874	418.7497475630915	418.74974808184123
half_serum	CNS:SNB-75	magnitude_g1.25	ordinal	0.2959390112170241	0	1	239.53886757672274	184.8380714704856	184.83807175532365
half_serum	CNS:SNB-75	magnitude_g2.00	magnitude_g0.50	0.008572661160277908	0	1	380.6050704188932	377.3700052319871	377.3700057093571
half_serum	CNS:SNB-75	magnitude_g2.00	magnitude_g0.80	0.004448115796511069	0	1	388.80496926425985	387.0831784635723	387.0831789506555
half_serum	CNS:SNB-75	magnitude_g2.00	magnitude_g1.00	0.0022466234526734223	0	1	394.1648536633712	393.28129867427174	393.2812991675531
half_serum	CNS:SNB-75	magnitude_g2.00	magnitude_g1.25	0.0008361169977659708	0	1	400.6853566726495	400.3506167169464	400.35061721729704
half_serum	CNS:SNB-75	magnitude_g2.00	magnitude_g2.00	1.2388062404042423e-09	0	1	418.7497480818413	418.7497475630915	418.74974808184123
half_serum	CNS:SNB-75	magnitude_g2.00	ordinal	0.3233806917969313	0	1	244.61113489302187	184.8380714704856	184.83807175532365
half_serum	CNS:SNB-75	ordinal	magnitude_g0.50	0.14684330969669085	0	0	432.7842657805096	377.3700052319871	377.3700057093571
half_serum	CNS:SNB-75	ordinal	magnitude_g0.80	0.16170118810609982	0	0	449.67498831701744	387.0831784635723	387.0831789506555
half_serum	CNS:SNB-75	ordinal	magnitude_g1.00	0.1709431690867872	0	0	460.510050212219	393.28129867427174	393.2812991675531
half_serum	CNS:SNB-75	ordinal	magnitude_g1.25	0.18270010039103882	0	0	473.4947145827468	400.3506167169464	400.35061721729704
half_serum	CNS:SNB-75	ordinal	magnitude_g2.00	0.214227965331578	0	0	508.4576539666445	418.7497475630915	418.74974808184123
half_serum	CNS:SNB-75	ordinal	ordinal	1.5410149006419072e-09	0	0	184.83807175532382	184.8380714704856	184.83807175532365
half_serum	CNS:U251	magnitude_g0.50	magnitude_g0.50	1.269671207746261e-09	1	0	370.8219776463226	370.8219771755006	370.8219776463226
half_serum	CNS:U251	magnitude_g0.50	magnitude_g0.80	0.00024147457674624935	0	0	381.3872703610333	381.29519726465844	381.29519774595366
half_serum	CNS:U251	magnitude_g0.50	magnitude_g1.00	0.0005133279220906768	0	0	388.1880812748123	387.98891573090594	387.9889162188949
half_serum	CNS:U251	magnitude_g0.50	magnitude_g1.25	0.0025808668170338917	0	0	396.3609857827423	395.3406641811331	395.3406646764738
half_serum	CNS:U251	magnitude_g0.50	magnitude_g2.00	0.008354713618177101	0	0	418.48665859822506	415.0192912736152	415.0192917886345
half_serum	CNS:U251	magnitude_g0.50	ordinal	0.1616966769500925	0	1	230.03868958925784	198.0195813189371	198.01958161695669
half_serum	CNS:U251	magnitude_g0.80	magnitude_g0.50	5.085666756878834e-05	0	1	370.840835945521	370.8219771755006	370.8219776463226
half_serum	CNS:U251	magnitude_g0.80	magnitude_g0.80	1.2622653840321576e-09	0	0	381.29519774595417	381.29519726465844	381.29519774595366
half_serum	CNS:U251	magnitude_g0.80	magnitude_g1.00	9.904384761169517e-05	0	0	388.0273436459506	387.98891573090594	387.9889162188949
half_serum	CNS:U251	magnitude_g0.80	magnitude_g1.25	0.00197187874186927	0	0	396.12022803262835	395.3406641811331	395.3406646764738
half_serum	CNS:U251	magnitude_g0.80	magnitude_g2.00	0.007280673056595076	0	0	418.0409110455582	415.0192912736152	415.0192917886345
half_serum	CNS:U251	magnitude_g0.80	ordinal	0.16838538213412216	0	1	231.3631841893652	198.0195813189371	198.01958161695669
half_serum	CNS:U251	magnitude_g1.00	magnitude_g0.50	0.0006496329647684443	0	1	371.0628753559344	370.8219771755006	370.8219776463226
half_serum	CNS:U251	magnitude_g1.00	magnitude_g0.80	0.00016231681960133707	0	1	381.3570878884077	381.29519726465844	381.29519774595366
half_serum	CNS:U251	magnitude_g1.00	magnitude_g1.00	1.2577389125649849e-09	1	0	387.9889162188947	387.98891573090594	387.9889162188949
half_serum	CNS:U251	magnitude_g1.00	magnitude_g1.25	0.0015767512250127807	0	0	395.96401805767806	395.3406641811331	395.3406646764738
half_serum	CNS:U251	magnitude_g1.00	magnitude_g2.00	0.006172731768624255	0	0	417.58109403745175	415.0192912736152	415.0192917886345
half_serum	CNS:U251	magnitude_g1.00	ordinal	0.17726037940199396	0	1	233.1206074325559	198.0195813189371	198.01958161695669
half_serum	CNS:U251	magnitude_g1.25	magnitude_g0.50	0.0054795402293330905	0	1	372.8539111173546	370.8219771755006	370.8219776463226
half_serum	CNS:U251	magnitude_g1.25	magnitude_g0.80	0.002136312322718902	0	1	382.10976289316847	381.29519726465844	381.29519774595366
half_serum	CNS:U251	magnitude_g1.25	magnitude_g1.00	0.00029442848234596504	0	1	388.10315071853165	387.98891573090594	387.9889162188949
half_serum	CNS:U251	magnitude_g1.25	magnitude_g1.25	1.2529471073347081e-09	0	1	395.34066467647403	395.3406641811331	395.3406646764738
half_serum	CNS:U251	magnitude_g1.25	magnitude_g2.00	0.00024303286438416582	0	0	415.1201546007481	415.0192912736152	415.0192917886345
half_serum	CNS:U251	magnitude_g1.25	ordinal	0.22270741004878236	0	1	242.12000941342183	198.0195813189371	198.01958161695669
half_serum	CNS:U251	magnitude_g2.00	magnitude_g0.50	0.006309137164792932	0	1	373.16154389322054	370.8219771755006	370.8219776463226
half_serum	CNS:U251	magnitude_g2.00	magnitude_g0.80	0.00268146785029523	0	1	382.3176280775956	381.29519726465844	381.29519774595366
half_serum	CNS:U251	magnitude_g2.00	magnitude_g1.00	0.0006721628074562532	0	1	388.24970744976554	387.98891573090594	387.9889162188949
half_serum	CNS:U251	magnitude_g2.00	magnitude_g1.25	0.0001915767144508005	0	1	395.4164022466657	395.3406641811331	395.3406646764738
half_serum	CNS:U251	magnitude_g2.00	magnitude_g2.00	1.2409530398108042e-09	0	1	415.01929178863463	415.0192912736152	415.0192917886345
half_serum	CNS:U251	magnitude_g2.00	ordinal	0.22817876054724703	0	1	243.20344394837696	198.0195813189371	198.01958161695669
half_serum	CNS:U251	ordinal	magnitude_g0.50	0.11396380660098047	0	0	413.08226126572254	370.8219771755006	370.8219776463226
half_serum	CNS:U251	ordinal	magnitude_g0.80	0.12617381914590353	0	0	429.40466852553106	381.29519726465844	381.29519774595366
half_serum	CNS:U251	ordinal	magnitude_g1.00	0.13374911795610264	0	0	439.88209098665925	387.98891573090594	387.9889162188949
half_serum	CNS:U251	ordinal	magnitude_g1.25	0.1444403552176433	0	0	452.443810147435	395.3406641811331	395.3406646764738
half_serum	CNS:U251	ordinal	magnitude_g2.00	0.17171948925818248	0	0	486.28619200341325	415.0192912736152	415.0192917886345
half_serum	CNS:U251	ordinal	ordinal	1.5050015905755865e-09	0	0	198.01958161695688	198.0195813189371	198.01958161695669
half_serum	CO:COLO 205	magnitude_g0.50	magnitude_g0.50	1.2582033276265897e-09	1	1	387.2912331358166	387.29123264852547	387.2912331358167
half_serum	CO:COLO 205	magnitude_g0.50	magnitude_g0.80	0.0002377104896686036	0	0	397.2835320342866	397.18911601502765	397.1891165122168
half_serum	CO:COLO 205	magnitude_g0.50	magnitude_g1.00	0.0004586320680189636	0	0	403.66666078158096	403.48161117583976	403.4816116793214
half_serum	CO:COLO 205	magnitude_g0.50	magnitude_g1.25	0.0010422241255738543	0	0	411.28992110806996	410.86171112046566	410.8617116313274
half_serum	CO:COLO 205	magnitude_g0.50	magnitude_g2.00	0.00647412175076092	0	0	431.6880220830785	428.91119876202833	428.9111992909396
half_serum	CO:COLO 205	magnitude_g0.50	ordinal	0.07539872242496945	0	1	254.80576773777	236.94073874590063	236.94073908284136
half_serum	CO:COLO 205	magnitude_g0.80	magnitude_g0.50	0.00011454083099754211	0	1	387.3355933081511	387.29123264852547	387.2912331358167
half_serum	CO:COLO 205	magnitude_g0.80	magnitude_g0.80	1.2517691739975655e-09	1	1	397.18911651221674	397.18911601502765	397.1891165122168
half_serum	CO:COLO 205	magnitude_g0.80	magnitude_g1.00	1.4641924124626104e-05	0	0	403.4875189229763	403.48161117583976	403.4816116793214
half_serum	CO:COLO 205	magnitude_g0.80	magnitude_g1.25	0.00036882026613609234	0	0	411.01324524610624	410.86171112046566	410.8617116313274
half_serum	CO:COLO 205	magnitude_g0.80	magnitude_g2.00	0.005261761689070235	0	0	431.16802727568756	428.91119876202833	428.9111992909396
half_serum	CO:COLO 205	magnitude_g0.80	ordinal	0.08068073367930281	0	1	256.0572913864359	236.94073874590063	236.94073908284136
half_serum	CO:COLO 205	magnitude_g1.00	magnitude_g0.50	0.00021089717331909514	0	1	387.3729112747423	387.29123264852547	387.2912331358167
half_serum	CO:COLO 205	magnitude_g1.00	magnitude_g0.80	2.9188296019683232e-05	0	1	397.2007092885217	397.18911601502765	397.1891165122168
half_serum	CO:COLO 205	magnitude_g1.00	magnitude_g1.00	1.2478427451307233e-09	1	1	403.48161167932136	403.48161117583976	403.4816116793214
half_serum	CO:COLO 205	magnitude_g1.00	magnitude_g1.25	0.0003013550757517712	0	0	410.98552638254387	410.86171112046566	410.8617116313274
half_serum	CO:COLO 205	magnitude_g1.00	magnitude_g2.00	0.005052558999952182	0	0	431.0782978995137	428.91119876202833	428.9111992909396
half_serum	CO:COLO 205	magnitude_g1.00	ordinal	0.08261497732187359	0	1	256.5155925040212	236.94073874590063	236.94073908284136
half_serum	CO:COLO 205	magnitude_g1.25	magnitude_g0.50	0.0026213154540559486	0	1	388.3064451418874	387.29123264852547	387.2912331358167
half_serum	CO:COLO 205	magnitude_g1.25	magnitude_g0.80	0.0012428812690621334	0	1	397.6827749275981	397.18911601502765	397.1891165122168
half_serum	CO:COLO 205	magnitude_g1.25	magnitude_g1.00	0.0005011383209468054	0	1	403.68381127299733	403.48161117583976	403.4816116793214
half_serum	CO:COLO 205	magnitude_g1.25	magnitude_g1.25	1.2433909976843677e-09	1	1	410.8617116313274	410.86171112046566	410.8617116313274
half_serum	CO:COLO 205	magnitude_g1.25	magnitude_g2.00	0.002828917459261425	0	0	430.124553140679	428.91119876202833	428.9111992909396
half_serum	CO:COLO 205	magnitude_g1.25	ordinal	0.10125374238140034	0	1	260.93187526653674	236.94073874590063	236.94073908284136
half_serum	CO:COLO 205	magnitude_g2.00	magnitude_g0.50	0.014216299750159068	0	1	392.7970809024655	387.29123264852547	387.2912331358167
half_serum	CO:COLO 205	magnitude_g2.00	magnitude_g0.80	0.009081245485050038	0	1	400.79608788155014	397.18911601502765	397.1891165122168
half_serum	CO:COLO 205	magnitude_g2.00	magnitude_g1.00	0.006108756893576723	0	1	405.9463822495416	403.48161117583976	403.4816116793214
half_serum	CO:COLO 205	magnitude_g2.00	magnitude_g1.25	0.0031038577473358506	0	1	412.1369674256106	410.86171112046566	410.8617116313274
half_serum	CO:COLO 205	magnitude_g2.00	magnitude_g2.00	1.233148466103097e-09	1	0	428.9111992909395	428.91119876202833	428.9111992909396
half_serum	CO:COLO 205	magnitude_g2.00	ordinal	0.1619323968663668	0	1	275.30912048631194	236.94073874590063	236.94073908284136
half_serum	CO:COLO 205	ordinal	magnitude_g0.50	0.07301429430465724	0	0	415.5690286907384	387.29123264852547	387.2912331358167
half_serum	CO:COLO 205	ordinal	magnitude_g0.80	0.0802117668644862	0	0	429.0483567899364	397.18911601502765	397.1891165122168
half_serum	CO:COLO 205	ordinal	magnitude_g1.00	0.08468410510953842	0	0	437.6500903464205	403.48161117583976	403.4816116793214
half_serum	CO:COLO 205	ordinal	magnitude_g1.25	0.09018077318303873	0	0	447.91353790061555	410.86171112046566	410.8617116313274
half_serum	CO:COLO 205	ordinal	magnitude_g2.00	0.10820436531499014	0	0	475.3212628005652	428.91119876202833	428.9111992909396
half_serum	CO:COLO 205	ordinal	ordinal	1.4220465410236724e-09	0	0	236.9407390828414	236.94073874590063	236.94073908284136
half_serum	CO:HCC-2998	magnitude_g0.50	magnitude_g0.50	1.262286782512924e-09	0	1	381.26275045169706	381.26274997043413	381.2627504516969
half_serum	CO:HCC-2998	magnitude_g0.50	magnitude_g0.80	0.0008177038740512381	0	0	391.48123712513825	391.1613829469233	391.1613834380847
half_serum	CO:HCC-2998	magnitude_g0.50	magnitude_g1.00	0.0015847909798295484	0	0	398.0163302273927	397.38655559857455	397.3865560959611
half_serum	CO:HCC-2998	magnitude_g0.50	magnitude_g1.25	0.0026904896878212244	0	0	405.827967487621	404.7390213244886	404.7390218292276
half_serum	CO:HCC-2998	magnitude_g0.50	magnitude_g2.00	0.007750492197533496	0	0	426.7609804901725	423.47881126762206	423.4788117911009
half_serum	CO:HCC-2998	magnitude_g0.50	ordinal	0.09972539244591644	0	1	235.69924958106566	214.32554999647982	214.32555031080537
half_serum	CO:HCC-2998	magnitude_g0.80	magnitude_g0.50	0.000384795828513776	0	1	381.40945828619044	381.26274997043413	381.2627504516969
half_serum	CO:HCC-2998	magnitude_g0.80	magnitude_g0.80	1.2556494773817093e-09	0	0	391.1613834380849	391.1613829469233	391.1613834380847
half_serum	CO:HCC-2998	magnitude_g0.80	magnitude_g1.00	6.793727414391487e-05	0	0	397.41355295794335	397.38655559857455	397.3865560959611
half_serum	CO:HCC-2998	magnitude_g0.80	magnitude_g1.25	0.0004024715469967159	0	0	404.901917264531	404.7390213244886	404.7390218292276
half_serum	CO:HCC-2998	magnitude_g0.80	magnitude_g2.00	0.0036981833716394044	0	0	425.0449135656936	423.47881126762206	423.4788117911009
half_serum	CO:HCC-2998	magnitude_g0.80	ordinal	0.11894515607064904	0	1	239.8185359907388	214.32554999647982	214.32555031080537
half_serum	CO:HCC-2998	magnitude_g1.00	magnitude_g0.50	0.0009878490183997315	0	1	381.6393800037448	381.26274997043413	381.2627504516969
half_serum	CO:HCC-2998	magnitude_g1.00	magnitude_g0.80	0.00018241597494439747	0	1	391.2327370319542	391.1613829469233	391.1613834380847
half_serum	CO:HCC-2998	magnitude_g1.00	magnitude_g1.00	1.2516441704044932e-09	1	0	397.3865560959611	397.38655559857455	397.3865560959611
half_serum	CO:HCC-2998	magnitude_g1.00	magnitude_g1.25	5.278374273545533e-05	0	0	404.7603849648652	404.7390213244886	404.7390218292276
half_serum	CO:HCC-2998	magnitude_g1.00	magnitude_g2.00	0.0026777029273718413	0	0	424.6127617202333	423.47881126762206	423.4788117911009
half_serum	CO:HCC-2998	magnitude_g1.00	ordinal	0.1273741310477804	0	1	241.62508068861905	214.32554999647982	214.32555031080537
half_serum	CO:HCC-2998	magnitude_g1.25	magnitude_g0.50	0.0019384789840822577	0	1	382.0018197986652	381.26274997043413	381.2627504516969
half_serum	CO:HCC-2998	magnitude_g1.25	magnitude_g0.80	0.0006928345445444703	0	1	391.4323930655207	391.1613829469233	391.1613834380847
half_serum	CO:HCC-2998	magnitude_g1.25	magnitude_g1.00	0.0002464563284704336	0	1	397.4844940300509	397.38655559857455	397.3865560959611
half_serum	CO:HCC-2998	magnitude_g1.25	magnitude_g1.25	1.2470722628686467e-09	1	0	404.7390218292274	404.7390213244886	404.7390218292276
half_serum	CO:HCC-2998	magnitude_g1.25	magnitude_g2.00	0.001900351508434146	0	0	424.2835698654044	423.47881126762206	423.4788117911009
half_serum	CO:HCC-2998	magnitude_g1.25	ordinal	0.13833591893093192	0	1	243.97447190562025	214.32554999647982	214.32555031080537
half_serum	CO:HCC-2998	magnitude_g2.00	magnitude_g0.50	0.0070998170371224896	0	1	383.9696457382944	381.26274997043413	381.2627504516969
half_serum	CO:HCC-2998	magnitude_g2.00	magnitude_g0.80	0.004031373354878769	0	1	392.73830052359307	391.1613829469233	391.1613834380847
half_serum	CO:HCC-2998	magnitude_g2.00	magnitude_g1.00	0.0024970243617998935	0	1	398.37883950895593	397.38655559857455	397.3865560959611
half_serum	CO:HCC-2998	magnitude_g2.00	magnitude_g1.25	0.0010237792708470133	0	1	405.1533847446235	404.7390213244886	404.7390218292276
half_serum	CO:HCC-2998	magnitude_g2.00	magnitude_g2.00	1.2361389693627204e-09	1	0	423.4788117911007	423.47881126762206	423.4788117911009
half_serum	CO:HCC-2998	magnitude_g2.00	ordinal	0.17301365762933363	0	1	251.4067973247894	214.32554999647982	214.32555031080537
half_serum	CO:HCC-2998	ordinal	magnitude_g0.50	0.0842014595042601	0	0	413.3656299725525	381.26274997043413	381.2627504516969
half_serum	CO:HCC-2998	ordinal	magnitude_g0.80	0.09357760235249146	0	0	427.76532729598114	391.1613829469233	391.1613834380847
half_serum	CO:HCC-2998	ordinal	magnitude_g1.00	0.09955387469493018	0	0	436.94792696008494	397.38655559857455	397.3865560959611
half_serum	CO:HCC-2998	ordinal	magnitude_g1.25	0.10663282562979609	0	0	447.8974868109571	404.7390213244886	404.7390218292276
half_serum	CO:HCC-2998	ordinal	magnitude_g2.00	0.12660181211280241	0	0	477.09199616547846	423.47881126762206	423.4788117911009
half_serum	CO:HCC-2998	ordinal	ordinal	1.4665801803499012e-09	0	1	214.32555031080543	214.32554999647982	214.32555031080537
half_serum	CO:HCT-116	magnitude_g0.50	magnitude_g0.50	1.26485331800116e-09	0	0	377.56829146714097	377.56829098957246	377.5682914671408
half_serum	CO:HCT-116	magnitude_g0.50	magnitude_g0.80	0.00038814039547898277	0	0	387.23122699938585	387.08098523269524	387.08098571977627
half_serum	CO:HCT-116	magnitude_g0.50	magnitude_g1.00	0.0009170910494243962	0	0	393.47789319210796	393.11736877183404	393.11736926495144
half_serum	CO:HCT-116	magnitude_g0.50	magnitude_g1.25	0.0018998044567809546	0	0	401.0113133182364	400.25091484638057	400.25091534663153
half_serum	CO:HCT-116	magnitude_g0.50	magnitude_g2.00	0.004855726797370418	0	0	421.54534108363816	419.5083232765841	419.50832379609244
half_serum	CO:HCT-116	magnitude_g0.50	ordinal	0.19613804092706447	0	1	235.37662729540253	196.78048790503672	196.7804882018172
half_serum	CO:HCT-116	magnitude_g0.80	magnitude_g0.50	0.00025493023266438326	0	1	377.6645445618411	377.56829098957246	377.5682914671408
half_serum	CO:HCT-116	magnitude_g0.80	magnitude_g0.80	1.2583444124497998e-09	0	0	387.08098571977644	387.08098523269524	387.08098571977627
half_serum	CO:HCT-116	magnitude_g0.80	magnitude_g1.00	0.00015299267291451986	0	0	393.17751284885156	393.11736877183404	393.11736926495144
half_serum	CO:HCT-116	magnitude_g0.80	magnitude_g1.25	0.00071917444062888	0	0	400.5387650741764	400.25091484638057	400.25091534663153
half_serum	CO:HCT-116	magnitude_g0.80	magnitude_g2.00	0.0027201127002029674	0	0	420.6494331945696	419.5083232765841	419.50832379609244
half_serum	CO:HCT-116	magnitude_g0.80	ordinal	0.20714011176970137	0	1	237.5416201637824	196.78048790503672	196.7804882018172
half_serum	CO:HCT-116	magnitude_g1.00	magnitude_g0.50	0.0008856732949032766	0	1	377.9026931419042	377.56829098957246	377.5682914671408
half_serum	CO:HCT-116	magnitude_g1.00	magnitude_g0.80	0.00014024952985329482	0	1	387.1352731588893	387.08098523269524	387.08098571977627
half_serum	CO:HCT-116	magnitude_g1.00	magnitude_g1.00	1.2543767410625988e-09	1	1	393.1173692649513	393.11736877183404	393.11736926495144
half_serum	CO:HCT-116	magnitude_g1.00	magnitude_g1.25	0.0002349192894193706	0	0	400.34494150688573	400.25091484638057	400.25091534663153
half_serum	CO:HCT-116	magnitude_g1.00	magnitude_g2.00	0.0014438667404390257	0	0	420.1140373919005	419.5083232765841	419.50832379609244
half_serum	CO:HCT-116	magnitude_g1.00	ordinal	0.2178234052245737	0	1	239.64388386226486	196.78048790503672	196.7804882018172
half_serum	CO:HCT-116	magnitude_g1.25	magnitude_g0.50	0.0017028278006491655	0	1	378.2112247721131	377.56829098957246	377.5682914671408
half_serum	CO:HCT-116	magnitude_g1.25	magnitude_g0.80	0.000490988623762123	0	1	387.27103759291913	387.08098523269524	387.08098571977627
half_serum	CO:HCT-116	magnitude_g1.25	magnitude_g1.00	7.45172023106634e-05	0	1	393.14666277833464	393.11736877183404	393.11736926495144
half_serum	CO:HCT-116	magnitude_g1.25	magnitude_g1.25	1.2498438214792057e-09	0	1	400.2509153466317	400.25091484638057	400.25091534663153
half_serum	CO:HCT-116	magnitude_g1.25	magnitude_g2.00	0.00048210627688259925	0	0	419.71057087244026	419.5083232765841	419.50832379609244
half_serum	CO:HCT-116	magnitude_g1.25	ordinal	0.22803177524812962	0	1	241.65269189621534	196.78048790503672	196.7804882018172
half_serum	CO:HCT-116	magnitude_g2.00	magnitude_g0.50	0.0032623819068605207	0	1	378.8000629507011	377.56829098957246	377.5682914671408
half_serum	CO:HCT-116	magnitude_g2.00	magnitude_g0.80	0.0015128600264869682	0	1	387.666584582267	387.08098523269524	387.08098571977627
half_serum	CO:HCT-116	magnitude_g2.00	magnitude_g1.00	0.0007789506670702491	0	1	393.42358780847576	393.11736877183404	393.11736926495144
half_serum	CO:HCT-116	magnitude_g2.00	magnitude_g1.25	0.00034966400820017515	0	1	400.39086818555154	400.25091484638057	400.25091534663153
half_serum	CO:HCT-116	magnitude_g2.00	magnitude_g2.00	1.2383748249526342e-09	0	1	419.50832379609267	419.5083232765841	419.50832379609244
half_serum	CO:HCT-116	magnitude_g2.00	ordinal	0.24063769313644742	0	1	244.13329056876935	196.78048790503672	196.7804882018172
half_serum	CO:HCT-116	ordinal	magnitude_g0.50	0.12653051820944203	0	0	425.34220250793646	377.56829098957246	377.5682914671408
half_serum	CO:HCT-116	ordinal	magnitude_g0.80	0.14025689156643556	0	0	441.3717610059064	387.08098523269524	387.08098571977627
half_serum	CO:HCT-116	ordinal	magnitude_g1.00	0.14890878039045705	0	0	451.6559967059534	393.11736877183404	393.11736926495144
half_serum	CO:HCT-116	ordinal	magnitude_g1.25	0.1592294657031403	0	0	463.98265416456286	400.25091484638057	400.25091534663153
half_serum	CO:HCT-116	ordinal	magnitude_g2.00	0.1851615917479443	0	0	497.18515216598763	419.5083232765841	419.50832379609244
half_serum	CO:HCT-116	ordinal	ordinal	1.5081801602804826e-09	1	0	196.78048820181715	196.78048790503672	196.7804882018172
half_serum	CO:HCT-15	magnitude_g0.50	magnitude_g0.50	1.2671495564817688e-09	1	0	374.32222029138813	374.3222198170659	374.32222029138813
half_serum	CO:HCT-15	magnitude_g0.50	magnitude_g0.80	4.587991698602916e-05	0	0	384.40683183244744	384.3891960880406	384.3891965724298
half_serum	CO:HCT-15	magnitude_g0.50	magnitude_g1.00	0.00017943645800801793	0	0	390.89786122988437	390.8277324858758	390.82773297670354
half_serum	CO:HCT-15	magnitude_g0.50	magnitude_g1.25	0.0010336571684796505	0	0	398.6985690354779	398.2868769500071	398.28687744829404
half_serum	CO:HCT-15	magnitude_g0.50	magnitude_g2.00	0.004100600255188378	0	0	419.8237426554431	418.1092437836871	418.10924430179637
half_serum	CO:HCT-15	magnitude_g0.50	ordinal	0.17315274327184685	0	1	221.05984698796598	188.4322806691347	188.43228095756697
half_serum	CO:HCT-15	magnitude_g0.80	magnitude_g0.50	7.060638322105074e-05	0	1	374.34864935516646	374.3222198170659	374.32222029138813
half_serum	CO:HCT-15	magnitude_g0.80	magnitude_g0.80	1.2601536063085553e-09	0	1	384.38919657243	384.3891960880406	384.3891965724298
half_serum	CO:HCT-15	magnitude_g0.80	magnitude_g1.00	6.355444421164397e-05	0	0	390.85257132519644	390.8277324858758	390.82773297670354
half_serum	CO:HCT-15	magnitude_g0.80	magnitude_g1.25	0.0008382281897337202	0	0	398.6207322378676	398.2868769500071	398.28687744829404
half_serum	CO:HCT-15	magnitude_g0.80	magnitude_g2.00	0.003712274860411722	0	0	419.661380218291	418.1092437836871	418.10924430179637
half_serum	CO:HCT-15	magnitude_g0.80	ordinal	0.17597228870162537	0	1	221.5911403637494	188.4322806691347	188.43228095756697
half_serum	CO:HCT-15	magnitude_g1.00	magnitude_g0.50	0.0004415237205070384	0	1	374.487491956228	374.3222198170659	374.32222029138813
half_serum	CO:HCT-15	magnitude_g1.00	magnitude_g0.80	0.00010025523854951336	0	1	384.42773311859025	384.3891960880406	384.3891965724298
half_serum	CO:HCT-15	magnitude_g1.00	magnitude_g1.00	1.2558675282205497e-09	0	0	390.82773297670366	390.8277324858758	390.82773297670354
half_serum	CO:HCT-15	magnitude_g1.00	magnitude_g1.25	0.0005876365411523405	0	0	398.5209248727644	398.2868769500071	398.28687744829404
half_serum	CO:HCT-15	magnitude_g1.00	magnitude_g2.00	0.0030037572032527264	0	0	419.3651424364489	418.1092437836871	418.10924430179637
half_serum	CO:HCT-15	magnitude_g1.00	ordinal	0.1840622085970467	0	1	223.11554242007423	188.4322806691347	188.43228095756697
half_serum	CO:HCT-15	magnitude_g1.25	magnitude_g0.50	0.003049445696572421	0	1	375.4636950994185	374.3222198170659	374.32222029138813
half_serum	CO:HCT-15	magnitude_g1.25	magnitude_g0.80	0.0012864800228577172	0	1	384.8837051098102	384.3891960880406	384.3891965724298
half_serum	CO:HCT-15	magnitude_g1.25	magnitude_g1.00	0.0003479318491222178	0	1	390.96371390152785	390.8277324858758	390.82773297670354
half_serum	CO:HCT-15	magnitude_g1.25	magnitude_g1.25	1.251075101324818e-09	1	1	398.2868774482939	398.2868769500071	398.28687744829404
half_serum	CO:HCT-15	magnitude_g1.25	magnitude_g2.00	0.00023014081383388132	0	0	418.2054677853229	418.1092437836871	418.10924430179637
half_serum	CO:HCT-15	magnitude_g1.25	ordinal	0.2139162378464662	0	1	228.7410052387054	188.4322806691347	188.43228095756697
half_serum	CO:HCT-15	magnitude_g2.00	magnitude_g0.50	0.003955343641198159	0	1	375.8027928289785	374.3222198170659	374.32222029138813
half_serum	CO:HCT-15	magnitude_g2.00	magnitude_g0.80	0.0018955347010701463	0	1	385.11781914794193	384.3891960880406	384.3891965724298
half_serum	CO:HCT-15	magnitude_g2.00	magnitude_g1.00	0.0007808377110111849	0	1	391.13290551790976	390.8277324858758	390.82773297670354
half_serum	CO:HCT-15	magnitude_g2.00	magnitude_g1.25	0.00023551719266977258	0	1	398.3806803571436	398.2868769500071	398.28687744829404
half_serum	CO:HCT-15	magnitude_g2.00	magnitude_g2.00	1.2391728658687527e-09	0	1	418.1092443017967	418.1092437836871	418.10924430179637
half_serum	CO:HCT-15	magnitude_g2.00	ordinal	0.22065036531334273	0	1	230.00993223560562	188.4322806691347	188.43228095756697
half_serum	CO:HCT-15	ordinal	magnitude_g0.50	0.11732207273825465	0	0	418.23847851798865	374.3222198170659	374.32222029138813
half_serum	CO:HCT-15	ordinal	magnitude_g0.80	0.1286733919545102	0	0	433.8498577793561	384.3891960880406	384.3891965724298
half_serum	CO:HCT-15	ordinal	magnitude_g1.00	0.13567437894271864	0	0	443.853042364488	390.8277324858758	390.82773297670354
half_serum	CO:HCT-15	ordinal	magnitude_g1.25	0.14447655326176784	0	0	455.829992141138	398.2868769500071	398.28687744829404
half_serum	CO:HCT-15	ordinal	magnitude_g2.00	0.1672235712644363	0	0	488.02696470786805	418.1092437836871	418.10924430179637
half_serum	CO:HCT-15	ordinal	ordinal	1.5306951327492344e-09	0	1	188.4322809575671	188.4322806691347	188.43228095756697
half_serum	CO:KM12	magnitude_g0.50	magnitude_g0.50	1.2690986195756553e-09	1	0	371.61061626709727	371.61061579548675	371.6106162670974
half_serum	CO:KM12	magnitude_g0.50	magnitude_g0.80	0.00023430334381763126	0	0	381.41372728388757	381.3243817061746	381.324382187499
half_serum	CO:KM12	magnitude_g0.50	magnitude_g1.00	0.0005724142549335496	0	0	387.76056485007064	387.538732155446	387.5387326429847
half_serum	CO:KM12	magnitude_g0.50	magnitude_g1.25	0.0015344985366251651	0	0	395.42565097740277	394.81980057119563	394.81980106601543
half_serum	CO:KM12	magnitude_g0.50	magnitude_g2.00	0.004333364030224282	0	0	416.39538759801604	414.59878015710837	414.5987806717072
half_serum	CO:KM12	magnitude_g0.50	ordinal	0.16849910576565785	0	1	221.91038400882695	189.91061517622677	189.9106154661374
half_serum	CO:KM12	magnitude_g0.80	magnitude_g0.50	0.00021204414609739223	0	1	371.68941365119383	371.61061579548675	371.6106162670974
half_serum	CO:KM12	magnitude_g0.80	magnitude_g0.80	1.2622449512363173e-09	0	1	381.3243821874994	381.3243817061746	381.324382187499
half_serum	CO:KM12	magnitude_g0.80	magnitude_g1.00	7.531769966229686e-05	0	0	387.567920681282	387.538732155446	387.5387326429847
half_serum	CO:KM12	magnitude_g0.80	magnitude_g1.25	0.0007441474352112327	0	0	395.1136047131613	394.81980057119563	394.81980106601543
half_serum	CO:KM12	magnitude_g0.80	magnitude_g2.00	0.0028592839218370965	0	0	415.78423578322486	414.59878015710837	414.5987806717072
half_serum	CO:KM12	magnitude_g0.80	ordinal	0.1776768582163944	0	1	223.65333662268145	189.91061517622677	189.9106154661374
half_serum	CO:KM12	magnitude_g1.00	magnitude_g0.50	0.0009444631929243806	0	1	371.96158834420555	371.61061579548675	371.6106162670974
half_serum	CO:KM12	magnitude_g1.00	magnitude_g0.80	0.00022616089661884166	0	1	381.4106223702439	381.3243817061746	381.324382187499
half_serum	CO:KM12	magnitude_g1.00	magnitude_g1.00	1.2580384190583084e-09	1	1	387.5387326429846	387.538732155446	387.5387326429847
half_serum	CO:KM12	magnitude_g1.00	magnitude_g1.25	0.0003294070909845536	0	0	394.9498570131649	394.81980057119563	394.81980106601543
half_serum	CO:KM12	magnitude_g1.00	magnitude_g2.00	0.0016382395115894432	0	0	415.2779922602185	414.59878015710837	414.5987806717072
half_serum	CO:KM12	magnitude_g1.00	ordinal	0.1896545102413771	0	1	225.9280198871127	189.91061517622677	189.9106154661374
half_serum	CO:KM12	magnitude_g1.25	magnitude_g0.50	0.001767426437887338	0	1	372.2674102224433	371.61061579548675	371.6106162670974
half_serum	CO:KM12	magnitude_g1.25	magnitude_g0.80	0.0005365239000827749	0	1	381.52897135064427	381.3243817061746	381.324382187499
half_serum	CO:KM12	magnitude_g1.25	magnitude_g1.00	8.073328451765876e-06	0	1	387.54186088291846	387.538732155446	387.5387326429847
half_serum	CO:KM12	magnitude_g1.25	magnitude_g1.25	1.253280968882669e-09	0	1	394.81980106601577	394.81980057119563	394.81980106601543
half_serum	CO:KM12	magnitude_g1.25	magnitude_g2.00	0.0005208608424419588	0	0	414.8147284270164	414.59878015710837	414.5987806717072
half_serum	CO:KM12	magnitude_g1.25	ordinal	0.20009764096421787	0	1	227.91128126705314	189.91061517622677	189.9106154661374
half_serum	CO:KM12	magnitude_g2.00	magnitude_g0.50	0.0033535054996493134	0	1	372.856814039285	371.61061579548675	371.6106162670974
half_serum	CO:KM12	magnitude_g2.00	magnitude_g0.80	0.0015648699695824681	0	1	381.9211047797762	381.3243817061746	381.324382187499
half_serum	CO:KM12	magnitude_g2.00	magnitude_g1.00	0.0007081880410895988	0	1	387.8131824510175	387.538732155446	387.5387326429847
half_serum	CO:KM12	magnitude_g2.00	magnitude_g1.25	0.0003343021566741611	0	1	394.95178968202424	394.81980057119563	394.81980106601543
half_serum	CO:KM12	magnitude_g2.00	magnitude_g2.00	1.2411965665163572e-09	1	1	414.59878067170695	414.59878015710837	414.5987806717072
half_serum	CO:KM12	magnitude_g2.00	ordinal	0.21245389975605636	0	1	230.25786597548785	189.91061517622677	189.9106154661374
half_serum	CO:KM12	ordinal	magnitude_g0.50	0.10298808109767799	0	0	409.8820800317904	371.61061579548675	371.6106162670974
half_serum	CO:KM12	ordinal	magnitude_g0.80	0.11479101933713615	0	0	425.0969961803296	381.3243817061746	381.324382187499
half_serum	CO:KM12	ordinal	magnitude_g1.00	0.12214528010822913	0	0	434.8747591473609	387.538732155446	387.5387326429847
half_serum	CO:KM12	ordinal	magnitude_g1.25	0.13117852763373788	0	0	446.6116806907711	394.81980057119563	394.81980106601543
half_serum	CO:KM12	ordinal	magnitude_g2.00	0.15373867847314895	0	0	478.3386487150418	414.59878015710837	414.5987806717072
half_serum	CO:KM12	ordinal	ordinal	1.5265636655168272e-09	0	0	189.91061546613741	189.91061517622677	189.9106154661374
half_serum	CO:SW-620	magnitude_g0.50	magnitude_g0.50	1.265616368267714e-09	0	1	376.48405985843823	376.48405938195384	376.48405985843794
half_serum	CO:SW-620	magnitude_g0.50	magnitude_g0.80	0.0014066046982846973	0	0	387.21800421787776	386.6741066028252	386.67410708949933
half_serum	CO:SW-620	magnitude_g0.50	magnitude_g1.00	0.0033788601639863016	0	0	394.11287144223405	392.7857034757764	392.78570396856213
half_serum	CO:SW-620	magnitude_g0.50	magnitude_g1.25	0.005591013216696893	0	0	402.3839426174414	400.14671703388706	400.14671753403377
half_serum	CO:SW-620	magnitude_g0.50	magnitude_g2.00	0.01094550600114567	0	0	424.6898518797352	420.0917352703024	420.0917357903942
half_serum	CO:SW-620	magnitude_g0.50	ordinal	0.1106891494010335	0	1	224.4821009104221	202.11064547761146	202.1106457797221
half_serum	CO:SW-620	magnitude_g0.80	magnitude_g0.50	0.0017961453009582063	0	1	377.1602794560984	376.48405938195384	376.48405985843794
half_serum	CO:SW-620	magnitude_g0.80	magnitude_g0.80	1.258615209879771e-09	1	0	386.6741070894991	386.6741066028252	386.67410708949933
half_serum	CO:SW-620	magnitude_g0.80	magnitude_g1.00	9.118266103990881e-05	0	0	392.82151872143777	392.7857034757764	392.78570396856213
half_serum	CO:SW-620	magnitude_g0.80	magnitude_g1.25	0.00021116490146228385	0	0	400.23121397596	400.14671703388706	400.14671753403377
half_serum	CO:SW-620	magnitude_g0.80	magnitude_g2.00	0.0007291986187098799	0	0	420.39806558339296	420.0917352703024	420.0917357903942
half_serum	CO:SW-620	magnitude_g0.80	ordinal	0.16383915594657542	0	1	235.22428304048086	202.11064547761146	202.1106457797221
half_serum	CO:SW-620	magnitude_g1.00	magnitude_g0.50	0.00198236787816501	0	1	377.2303892879138	376.48405938195384	376.48405985843794
half_serum	CO:SW-620	magnitude_g1.00	magnitude_g0.80	1.3576955804679119e-05	0	1	386.67935646008135	386.6741066028252	386.67410708949933
half_serum	CO:SW-620	magnitude_g1.00	magnitude_g1.00	1.254592072876019e-09	0	1	392.78570396856225	392.7857034757764	392.78570396856213
half_serum	CO:SW-620	magnitude_g1.00	magnitude_g1.25	0.0	1	0	400.1467173587927	400.14671703388706	400.14671753403377
half_serum	CO:SW-620	magnitude_g1.00	magnitude_g2.00	0.00022261598928120812	0	0	420.1852544075385	420.0917352703024	420.0917357903942
half_serum	CO:SW-620	magnitude_g1.00	ordinal	0.16799364383427504	0	1	236.06394926909275	202.11064547761146	202.1106457797221
half_serum	CO:SW-620	magnitude_g1.25	magnitude_g0.50	0.001982373581275842	0	1	377.2303914350441	376.48405938195384	376.48405985843794
half_serum	CO:SW-620	magnitude_g1.25	magnitude_g0.80	1.358034602192956e-05	0	1	386.6793577709906	386.6741066028252	386.67410708949933
half_serum	CO:SW-620	magnitude_g1.25	magnitude_g1.00	3.26113374072313e-09	0	1	392.7857047567031	392.7857034757764	392.78570396856213
half_serum	CO:SW-620	magnitude_g1.25	magnitude_g1.25	1.2499078957308773e-09	1	0	400.1467175340336	400.14671703388706	400.14671753403377
half_serum	CO:SW-620	magnitude_g1.25	magnitude_g2.00	0.00022261265312592784	0	0	420.1852530060472	420.0917352703024	420.0917357903942
half_serum	CO:SW-620	magnitude_g1.25	ordinal	0.16799369559474314	0	1	236.06395973043436	202.11064547761146	202.1106457797221
half_serum	CO:SW-620	magnitude_g2.00	magnitude_g0.50	0.0030191146339982903	0	1	377.620707915101	376.48405938195384	376.48405985843794
half_serum	CO:SW-620	magnitude_g2.00	magnitude_g0.80	0.0007232144206903993	0	1	386.95375489282793	386.6741066028252	386.67410708949933
half_serum	CO:SW-620	magnitude_g2.00	magnitude_g1.00	0.0005156339043825282	0	1	392.98823710164527	392.7857034757764	392.78570396856213
half_serum	CO:SW-620	magnitude_g2.00	magnitude_g1.25	0.0002970435516066585	0	1	400.26557803587855	400.14671703388706	400.14671753403377
half_serum	CO:SW-620	magnitude_g2.00	magnitude_g2.00	1.2380443864101e-09	0	1	420.09173579039464	420.0917352703024	420.0917357903942
half_serum	CO:SW-620	magnitude_g2.00	ordinal	0.1752102216592511	0	1	237.52249647143807	202.11064547761146	202.1106457797221
half_serum	CO:SW-620	ordinal	magnitude_g0.50	0.0866095272747825	0	0	409.091165791516	376.48405938195384	376.48405985843794
half_serum	CO:SW-620	ordinal	magnitude_g0.80	0.09597193399343033	0	0	423.7839684386802	386.6741066028252	386.67410708949933
half_serum	CO:SW-620	ordinal	magnitude_g1.00	0.10288479880424127	0	0	433.19738155106404	392.7857034757764	392.78570396856213
half_serum	CO:SW-620	ordinal	magnitude_g1.25	0.11075664263557419	0	0	444.4656239742075	400.14671703388706	400.14671753403377
half_serum	CO:SW-620	ordinal	magnitude_g2.00	0.1300582846842832	0	0	474.72814576960195	420.0917352703024	420.0917357903942
half_serum	CO:SW-620	ordinal	ordinal	1.4947797047341509e-09	0	0	202.11064577972235	202.11064547761146	202.1106457797221
half_serum	LC:A549/ATCC	magnitude_g0.50	magnitude_g0.50	1.265442063306561e-09	0	0	379.1421651193252	379.1421646395428	379.14216511868494
half_serum	LC:A549/ATCC	magnitude_g0.50	magnitude_g0.80	0.000502201303283128	0	0	388.70083957302813	388.5057314883417	388.50573197684747
half_serum	LC:A549/ATCC	magnitude_g0.50	magnitude_g1.00	0.0011484894120678134	0	0	394.87845148302483	394.42545802063813	394.4254585150636
half_serum	LC:A549/ATCC	magnitude_g0.50	magnitude_g1.25	0.0026995914767730905	0	0	402.32758311264706	401.24438718489967	401.2443876861441
half_serum	LC:A549/ATCC	magnitude_g0.50	magnitude_g2.00	0.006634043898022831	0	0	422.6374718787868	419.85215425676796	419.8521547766201
half_serum	LC:A549/ATCC	magnitude_g0.50	ordinal	0.1538649366765437	0	1	238.98464094438185	207.11665061313414	207.11665092025078
half_serum	LC:A549/ATCC	magnitude_g0.80	magnitude_g0.50	0.00016023791396445737	0	1	379.2029175891006	379.1421646395428	379.14216511868494
half_serum	LC:A549/ATCC	magnitude_g0.80	magnitude_g0.80	1.2573970874391868e-09	0	0	388.5057319768477	388.5057314883417	388.50573197684747
half_serum	LC:A549/ATCC	magnitude_g0.80	magnitude_g1.00	0.0002521528808736829	0	0	394.52491353616796	394.42545802063813	394.4254585150636
half_serum	LC:A549/ATCC	magnitude_g0.80	magnitude_g1.25	0.0013589826856357345	0	0	401.78967135979246	401.24438718489967	401.2443876861441
half_serum	LC:A549/ATCC	magnitude_g0.80	magnitude_g2.00	0.004236861496909494	0	0	421.63100968353297	419.85215425676796	419.8521547766201
half_serum	LC:A549/ATCC	magnitude_g0.80	ordinal	0.16584750639254944	0	1	241.46643064969933	207.11665061313414	207.11665092025078
half_serum	LC:A549/ATCC	magnitude_g1.00	magnitude_g0.50	0.0024876925596517226	0	1	380.0853537815668	379.1421646395428	379.14216511868494
half_serum	LC:A549/ATCC	magnitude_g1.00	magnitude_g0.80	0.0007050595743529313	0	1	388.77965117401857	388.5057314883417	388.50573197684747
half_serum	LC:A549/ATCC	magnitude_g1.00	magnitude_g1.00	1.2535328055250267e-09	1	1	394.4254585150634	394.42545802063813	394.4254585150636
half_serum	LC:A549/ATCC	magnitude_g1.00	magnitude_g1.25	3.7602430959684324e-05	0	0	401.25947494926675	401.24438718489967	401.2443876861441
half_serum	LC:A549/ATCC	magnitude_g1.00	magnitude_g2.00	0.0004226892331328025	0	0	420.0296212418799	419.85215425676796	419.8521547766201
half_serum	LC:A549/ATCC	magnitude_g1.00	ordinal	0.19497089296916784	0	1	247.49836893196004	207.11665061313414	207.11665092025078
half_serum	LC:A549/ATCC	magnitude_g1.25	magnitude_g0.50	0.0029398396886900686	0	1	380.256781822806	379.1421646395428	379.14216511868494
half_serum	LC:A549/ATCC	magnitude_g1.25	magnitude_g0.80	0.0009381386317609509	0	1	388.8702037237115	388.5057314883417	388.50573197684747
half_serum	LC:A549/ATCC	magnitude_g1.25	magnitude_g1.00	0.00010477717440268979	0	1	394.466784805642	394.42545802063813	394.4254585150636
half_serum	LC:A549/ATCC	magnitude_g1.25	magnitude_g1.25	1.2492241723462804e-09	1	0	401.24438768614385	401.24438718489967	401.2443876861441
half_serum	LC:A549/ATCC	magnitude_g1.25	magnitude_g2.00	5.684399627382645e-05	0	0	419.8760203310601	419.85215425676796	419.8521547766201
half_serum	LC:A549/ATCC	magnitude_g1.25	ordinal	0.1990472727745086	0	1	248.34265506386924	207.11665061313414	207.11665092025078
half_serum	LC:A549/ATCC	magnitude_g2.00	magnitude_g0.50	0.0031344282259475414	0	1	380.3305585420358	379.1421646395428	379.14216511868494
half_serum	LC:A549/ATCC	magnitude_g2.00	magnitude_g0.80	0.0010684121104887491	0	1	388.92081571685816	388.5057314883417	388.50573197684747
half_serum	LC:A549/ATCC	magnitude_g2.00	magnitude_g1.00	0.00019644451912159537	0	1	394.5029407400683	394.42545802063813	394.4254585150636
half_serum	LC:A549/ATCC	magnitude_g2.00	magnitude_g1.25	4.797873262388974e-05	0	1	401.26363838206925	401.24438718489967	401.2443876861441
half_serum	LC:A549/ATCC	magnitude_g2.00	magnitude_g2.00	1.2381797826146104e-09	0	1	419.8521547766204	419.85215425676796	419.8521547766201
half_serum	LC:A549/ATCC	magnitude_g2.00	ordinal	0.20052422797755518	0	1	248.6485570786299	207.11665061313414	207.11665092025078
half_serum	LC:A549/ATCC	ordinal	magnitude_g0.50	0.12465532386352716	0	0	426.4042539630037	379.1421646395428	379.14216511868494
half_serum	LC:A549/ATCC	ordinal	magnitude_g0.80	0.13832270163294327	0	0	442.244893867692	388.5057314883417	388.50573197684747
half_serum	LC:A549/ATCC	ordinal	magnitude_g1.00	0.14698423619605488	0	0	452.39978270408074	394.42545802063813	394.4254585150636
half_serum	LC:A549/ATCC	ordinal	magnitude_g1.25	0.157807928232965	0	0	464.56393264165433	401.24438718489967	401.2443876861441
half_serum	LC:A549/ATCC	ordinal	magnitude_g2.00	0.18446956754104687	0	0	497.30209958369085	419.85215425676796	419.8521547766201
half_serum	LC:A549/ATCC	ordinal	ordinal	1.4828193598621217e-09	1	0	207.11665092025072	207.11665061313414	207.11665092025078
half_serum	LC:EKVX	magnitude_g0.50	magnitude_g0.50	1.2604296089317147e-09	0	0	383.9823906374982	383.98239015351544	383.9823906374979
half_serum	LC:EKVX	magnitude_g0.50	magnitude_g0.80	0.00016511812872947954	0	0	393.216558215598	393.15164175220497	393.15164224535664
half_serum	LC:EKVX	magnitude_g0.50	magnitude_g1.00	0.00034882846762591285	0	0	399.1719969666142	399.0328029654233	399.0328034644561
half_serum	LC:EKVX	magnitude_g0.50	magnitude_g1.25	0.000978843261656507	0	0	406.33989140728045	405.94253729003435	405.94253779597693
half_serum	LC:EKVX	magnitude_g0.50	magnitude_g2.00	0.004132110929162841	0	0	425.806158243323	424.0539204042662	424.0539209283201
half_serum	LC:EKVX	magnitude_g0.50	ordinal	0.10806955074514382	0	1	241.520061990234	217.96471334116072	217.96471365912544
half_serum	LC:EKVX	magnitude_g0.80	magnitude_g0.50	0.00012940151010466612	0	1	384.0320780546549	383.98239015351544	383.9823906374979
half_serum	LC:EKVX	magnitude_g0.80	magnitude_g0.80	1.2543550086909458e-09	0	1	393.1516422453567	393.15164175220497	393.15164224535664
half_serum	LC:EKVX	magnitude_g0.80	magnitude_g1.00	8.496020810344988e-06	0	0	399.0361931564213	399.0328029654233	399.0328034644561
half_serum	LC:EKVX	magnitude_g0.80	magnitude_g1.25	0.00044130910755901294	0	0	406.12168342888606	405.94253729003435	405.94253779597693
half_serum	LC:EKVX	magnitude_g0.80	magnitude_g2.00	0.003125474537757526	0	0	425.379290135126	424.0539204042662	424.0539209283201
half_serum	LC:EKVX	magnitude_g0.80	ordinal	0.11383865253844866	0	1	242.77752260884768	217.96471334116072	217.96471365912544
half_serum	LC:EKVX	magnitude_g1.00	magnitude_g0.50	0.0001773572010107825	0	1	384.0504921954705	383.98239015351544	383.9823906374979
half_serum	LC:EKVX	magnitude_g1.00	magnitude_g0.80	1.2713184156588049e-05	0	1	393.156639961428	393.15164175220497	393.15164224535664
half_serum	LC:EKVX	magnitude_g1.00	magnitude_g1.00	1.2506058334395323e-09	1	0	399.03280346445604	399.0328029654233	399.0328034644561
half_serum	LC:EKVX	magnitude_g1.00	magnitude_g1.25	0.000408736701403724	0	0	406.10846090368574	405.94253729003435	405.94253779597693
half_serum	LC:EKVX	magnitude_g1.00	magnitude_g2.00	0.0030346299866405996	0	0	425.3407671470775	424.0539204042662	424.0539209283201
half_serum	LC:EKVX	magnitude_g1.00	ordinal	0.11460674222974507	0	1	242.9449390582314	217.96471334116072	217.96471365912544
half_serum	LC:EKVX	magnitude_g1.25	magnitude_g0.50	0.0022461049657614145	0	1	384.8448549068042	383.98239015351544	383.9823906374979
half_serum	LC:EKVX	magnitude_g1.25	magnitude_g0.80	0.0009809440254775603	0	1	393.5373015062885	393.15164175220497	393.15164224535664
half_serum	LC:EKVX	magnitude_g1.25	magnitude_g1.00	0.0003181040515881549	0	1	399.15973691676317	399.0328029654233	399.0328034644561
half_serum	LC:EKVX	magnitude_g1.25	magnitude_g1.25	1.2463408101633896e-09	0	0	405.9425377959771	405.94253729003435	405.94253779597693
half_serum	LC:EKVX	magnitude_g1.25	magnitude_g2.00	0.0009182481727149217	0	0	424.44330714181	424.0539204042662	424.0539209283201
half_serum	LC:EKVX	magnitude_g1.25	ordinal	0.13689378482625542	0	1	247.80272790900202	217.96471334116072	217.96471365912544
half_serum	LC:EKVX	magnitude_g2.00	magnitude_g0.50	0.005144217959150146	0	1	385.95767926094055	383.98239015351544	383.9823906374979
half_serum	LC:EKVX	magnitude_g2.00	magnitude_g0.80	0.00288216758459485	0	1	394.2847706698934	393.15164175220497	393.15164224535664
half_serum	LC:EKVX	magnitude_g2.00	magnitude_g1.00	0.0016272233969272397	0	1	399.6821184785501	399.0328029654233	399.0328034644561
half_serum	LC:EKVX	magnitude_g2.00	magnitude_g1.25	0.0006452127503506524	0	1	406.2044565910036	405.94253729003435	405.94253779597693
half_serum	LC:EKVX	magnitude_g2.00	magnitude_g2.00	1.235819058591841e-09	1	0	424.0539209283201	424.0539204042662	424.0539209283201
half_serum	LC:EKVX	magnitude_g2.00	ordinal	0.15835776120786296	0	1	252.48111736818055	217.96471334116072	217.96471365912544
half_serum	LC:EKVX	ordinal	magnitude_g0.50	0.056862810664911244	0	0	405.81670810347487	383.98239015351544	383.9823906374979
half_serum	LC:EKVX	ordinal	magnitude_g0.80	0.06594577057503914	0	0	419.07832972039586	393.15164175220497	393.15164224535664
half_serum	LC:EKVX	ordinal	magnitude_g1.00	0.0714722554283093	0	0	427.55257738324224	399.0328029654233	399.0328034644561
half_serum	LC:EKVX	ordinal	magnitude_g1.25	0.07817368592931698	0	0	437.67656170549554	405.94253729003435	405.94253779597693
half_serum	LC:EKVX	ordinal	magnitude_g2.00	0.09605454042603817	0	0	464.78622484455775	424.0539204042662	424.0539209283201
half_serum	LC:EKVX	ordinal	ordinal	1.4587901473236864e-09	0	1	217.9647136591255	217.96471334116072	217.96471365912544
half_serum	LC:NCI-H322M	magnitude_g0.50	magnitude_g0.50	1.2627689657589097e-09	0	1	380.56339350358564	380.563393023022	380.5633935035854
half_serum	LC:NCI-H322M	magnitude_g0.50	magnitude_g0.80	0.0004153782992934812	0	0	390.36187616092786	390.199795633433	390.1997961236328
half_serum	LC:NCI-H322M	magnitude_g0.50	magnitude_g1.00	0.0008637829292203693	0	0	396.67762862181013	396.3352809718589	396.3352814681942
half_serum	LC:NCI-H322M	magnitude_g0.50	magnitude_g1.25	0.0014001805017819795	0	0	404.276110832653	403.71084278223134	403.7108432859422
half_serum	LC:NCI-H322M	magnitude_g0.50	magnitude_g2.00	0.005293452412823552	0	0	424.89669980658766	422.6593725312596	422.65937305391896
half_serum	LC:NCI-H322M	magnitude_g0.50	ordinal	0.10056601015337525	0	1	237.30102553825597	215.61725816444724	215.6172584800645
half_serum	LC:NCI-H322M	magnitude_g0.80	magnitude_g0.50	0.0002884859769788576	0	1	380.67318022526064	380.563393023022	380.5633935035854
half_serum	LC:NCI-H322M	magnitude_g0.80	magnitude_g0.80	1.2562791107302767e-09	0	0	390.19979612363284	390.199795633433	390.1997961236328
half_serum	LC:NCI-H322M	magnitude_g0.80	magnitude_g1.00	3.145913018351099e-05	0	0	396.3477493350593	396.3352809718589	396.3352814681942
half_serum	LC:NCI-H322M	magnitude_g0.80	magnitude_g1.25	0.00010083050857619037	0	0	403.7515491518268	403.71084278223134	403.7108432859422
half_serum	LC:NCI-H322M	magnitude_g0.80	magnitude_g2.00	0.0028902260031178975	0	0	423.8809536402109	422.6593725312596	422.65937305391896
half_serum	LC:NCI-H322M	magnitude_g0.80	ordinal	0.11257857684074321	0	1	239.89114223090382	215.61725816444724	215.6172584800645
half_serum	LC:NCI-H322M	magnitude_g1.00	magnitude_g0.50	0.00041100921722660194	0	1	380.7198080852935	380.563393023022	380.5633935035854
half_serum	LC:NCI-H322M	magnitude_g1.00	magnitude_g0.80	2.6997733656442753e-05	0	1	390.2103301435883	390.199795633433	390.1997961236328
half_serum	LC:NCI-H322M	magnitude_g1.00	magnitude_g1.00	1.2523115415392142e-09	1	0	396.3352814681941	396.3352809718589	396.3352814681942
half_serum	LC:NCI-H322M	magnitude_g1.00	magnitude_g1.25	2.0577456415439316e-06	0	0	403.7116735164585	403.71084278223134	403.7108432859422
half_serum	LC:NCI-H322M	magnitude_g1.00	magnitude_g2.00	0.002623399961868696	0	0	423.76817711304153	422.6593725312596	422.65937305391896
half_serum	LC:NCI-H322M	magnitude_g1.00	ordinal	0.11506335518534636	0	1	240.42690332471355	215.61725816444724	215.6172584800645
half_serum	LC:NCI-H322M	magnitude_g1.25	magnitude_g0.50	0.0004463141240234022	0	1	380.73324384041445	380.563393023022	380.5633935035854
half_serum	LC:NCI-H322M	magnitude_g1.25	magnitude_g0.80	4.638991740576482e-05	0	1	390.21789696972417	390.199795633433	390.1997961236328
half_serum	LC:NCI-H322M	magnitude_g1.25	magnitude_g1.00	9.498137655703962e-06	0	1	396.33904541891536	396.3352809718589	396.3352814681942
half_serum	LC:NCI-H322M	magnitude_g1.25	magnitude_g1.25	1.2477017799409596e-09	1	1	403.7108432859421	403.71084278223134	403.7108432859422
half_serum	LC:NCI-H322M	magnitude_g1.25	magnitude_g2.00	0.0025917497535531547	0	0	423.7547998558544	422.6593725312596	422.65937305391896
half_serum	LC:NCI-H322M	magnitude_g1.25	ordinal	0.11557153412143341	0	1	240.53647547356957	215.61725816444724	215.6172584800645
half_serum	LC:NCI-H322M	magnitude_g2.00	magnitude_g0.50	0.010979752836626474	0	1	384.7418850170827	380.563393023022	380.5633935035854
half_serum	LC:NCI-H322M	magnitude_g2.00	magnitude_g0.80	0.0071863241266478485	0	1	393.0038978390066	390.199795633433	390.1997961236328
half_serum	LC:NCI-H322M	magnitude_g2.00	magnitude_g1.00	0.005125942735063273	0	1	398.36687292600584	396.3352809718589	396.3352814681942
half_serum	LC:NCI-H322M	magnitude_g2.00	magnitude_g1.25	0.002836180182178533	0	1	404.8558394738609	403.71084278223134	403.7108432859422
half_serum	LC:NCI-H322M	magnitude_g2.00	magnitude_g2.00	1.2365972883188125e-09	0	0	422.659373053919	422.6593725312596	422.65937305391896
half_serum	LC:NCI-H322M	magnitude_g2.00	ordinal	0.19082079067162977	0	1	256.761513849836	215.61725816444724	215.6172584800645
half_serum	LC:NCI-H322M	ordinal	magnitude_g0.50	0.09790639393352607	0	0	417.8229824970133	380.563393023022	380.5633935035854
half_serum	LC:NCI-H322M	ordinal	magnitude_g0.80	0.10843978048213151	0	0	432.51297581609504	390.199795633433	390.1997961236328
half_serum	LC:NCI-H322M	ordinal	magnitude_g1.00	0.11501830530423253	0	0	441.9210933215189	396.3352809718589	396.3352814681942
half_serum	LC:NCI-H322M	ordinal	magnitude_g1.25	0.12253894350546626	0	0	453.18114293846736	403.71084278223134	403.7108432859422
half_serum	LC:NCI-H322M	ordinal	magnitude_g2.00	0.1437907596070358	0	0	483.4338847625625	422.6593725312596	422.65937305391896
half_serum	LC:NCI-H322M	ordinal	ordinal	1.463783970405706e-09	1	0	215.61725848006432	215.61725816444724	215.6172584800645
half_serum	LC:NCI-H460	magnitude_g0.50	magnitude_g0.50	1.263069185444277e-09	1	1	380.12829499066595	380.1282945105376	380.12829499066595
half_serum	LC:NCI-H460	magnitude_g0.50	magnitude_g0.80	0.00023336103279697097	0	0	389.46513181982357	389.37426703872285	389.37426752809716
half_serum	LC:NCI-H460	magnitude_g0.50	magnitude_g1.00	0.001170661937087197	0	0	395.5014185931651	395.0389615172504	395.0389620122894
half_serum	LC:NCI-H460	magnitude_g0.50	magnitude_g1.25	0.0023435309258772	0	0	402.7818880759081	401.84016322612814	401.84016372796833
half_serum	LC:NCI-H460	magnitude_g0.50	magnitude_g2.00	0.005367898473122343	0	0	422.6394430553863	420.3828704867736	420.3828710071565
half_serum	LC:NCI-H460	magnitude_g0.50	ordinal	0.1760226985994226	0	1	236.11417326727184	200.77348298503986	200.77348328581334
half_serum	LC:NCI-H460	magnitude_g0.80	magnitude_g0.50	0.001157308062550246	0	1	380.56822005057813	380.1282945105376	380.12829499066595
half_serum	LC:NCI-H460	magnitude_g0.80	magnitude_g0.80	1.2568222912412e-09	1	1	389.3742675280971	389.37426703872285	389.37426752809716
half_serum	LC:NCI-H460	magnitude_g0.80	magnitude_g1.00	0.00011347424846336878	0	0	395.08378826652233	395.0389615172504	395.0389620122894
half_serum	LC:NCI-H460	magnitude_g0.80	magnitude_g1.25	0.00036376713325701147	0	0	401.98633947033244	401.84016322612814	401.84016372796833
half_serum	LC:NCI-H460	magnitude_g0.80	magnitude_g2.00	0.001230956807663158	0	0	420.90034364302426	420.3828704867736	420.3828710071565
half_serum	LC:NCI-H460	magnitude_g0.80	ordinal	0.19703066666849386	0	1	240.33201618693778	200.77348298503986	200.77348328581334
half_serum	LC:NCI-H460	magnitude_g1.00	magnitude_g0.50	0.0015243362174993528	0	1	380.7077378371563	380.1282945105376	380.12829499066595
half_serum	LC:NCI-H460	magnitude_g1.00	magnitude_g0.80	6.522615010705312e-05	0	1	389.39966442311254	389.37426703872285	389.37426752809716
half_serum	LC:NCI-H460	magnitude_g1.00	magnitude_g1.00	1.2531395146741958e-09	1	1	395.03896201228935	395.0389615172504	395.0389620122894
half_serum	LC:NCI-H460	magnitude_g1.00	magnitude_g1.25	4.9831710575467943e-05	0	0	401.8601876088396	401.84016322612814	401.84016372796833
half_serum	LC:NCI-H460	magnitude_g1.00	magnitude_g2.00	0.0004435099303592382	0	0	420.5693144643874	420.3828704867736	420.3828710071565
half_serum	LC:NCI-H460	magnitude_g1.00	ordinal	0.2034258285610753	0	1	241.61599511436455	200.77348298503986	200.77348328581334
half_serum	LC:NCI-H460	magnitude_g1.25	magnitude_g0.50	0.0018991712886281692	0	1	380.8502232534672	380.1282945105376	380.12829499066595
half_serum	LC:NCI-H460	magnitude_g1.25	magnitude_g0.80	0.00025059442692768324	0	1	389.4718420600318	389.37426703872285	389.37426752809716
half_serum	LC:NCI-H460	magnitude_g1.25	magnitude_g1.00	7.408457382367582e-05	0	1	395.06822781035817	395.0389615172504	395.0389620122894
half_serum	LC:NCI-H460	magnitude_g1.25	magnitude_g1.25	1.2488553746117702e-09	0	0	401.8401637279684	401.84016322612814	401.84016372796833
half_serum	LC:NCI-H460	magnitude_g1.25	magnitude_g2.00	0.00010659992793297791	0	0	420.42768327047173	420.3828704867736	420.3828710071565
half_serum	LC:NCI-H460	magnitude_g1.25	ordinal	0.20727193726549592	0	1	242.38819175489016	200.77348298503986	200.77348328581334
half_serum	LC:NCI-H460	magnitude_g2.00	magnitude_g0.50	0.0022967144974198332	0	1	381.00134067541944	380.1282945105376	380.12829499066595
half_serum	LC:NCI-H460	magnitude_g2.00	magnitude_g0.80	0.0005057681861311767	0	1	389.5712001554892	389.37426703872285	389.37426752809716
half_serum	LC:NCI-H460	magnitude_g2.00	magnitude_g1.00	0.0002477991316036504	0	1	395.136851828864	395.0389615172504	395.0389620122894
half_serum	LC:NCI-H460	magnitude_g2.00	magnitude_g1.25	8.527233670272249e-05	0	1	401.87442907582744	401.84016322612814	401.84016372796833
half_serum	LC:NCI-H460	magnitude_g2.00	magnitude_g2.00	1.237878487461117e-09	1	1	420.3828710071565	420.3828704867736	420.3828710071565
half_serum	LC:NCI-H460	magnitude_g2.00	ordinal	0.2069481945471571	0	1	242.32319280173823	200.77348298503986	200.77348328581334
half_serum	LC:NCI-H460	ordinal	magnitude_g0.50	0.13065513597802414	0	0	429.7940085189063	380.1282945105376	380.12829499066595
half_serum	LC:NCI-H460	ordinal	magnitude_g0.80	0.1447261641119861	0	0	445.72691111115336	389.37426703872285	389.37426752809716
half_serum	LC:NCI-H460	ordinal	magnitude_g1.00	0.15413144773875387	0	0	455.9268885691181	395.0389615172504	395.0389620122894
half_serum	LC:NCI-H460	ordinal	magnitude_g1.25	0.16496708873206248	0	0	468.1305650891593	401.84016322612814	401.84016372796833
half_serum	LC:NCI-H460	ordinal	magnitude_g2.00	0.19151711310221592	0	0	500.8933842400232	420.3828704867736	420.3828710071565
half_serum	LC:NCI-H460	ordinal	ordinal	1.4980744301908344e-09	0	0	200.77348328581348	200.77348298503986	200.77348328581334
half_serum	LC:NCI-H522	magnitude_g0.50	magnitude_g0.50	1.2641678476141976e-09	1	1	378.5468696873474	378.5468692088006	378.5468696873475
half_serum	LC:NCI-H522	magnitude_g0.50	magnitude_g0.80	0.0005425518579181975	0	0	389.1189939435526	388.907991190373	388.90799167928105
half_serum	LC:NCI-H522	magnitude_g0.50	magnitude_g1.00	0.001371531956730364	0	0	395.9077407741982	395.3654843777859	395.3654848731514
half_serum	LC:NCI-H522	magnitude_g0.50	magnitude_g1.25	0.002611637943073304	0	0	404.04995946175734	402.9974759625707	402.99747646556824
half_serum	LC:NCI-H522	magnitude_g0.50	magnitude_g2.00	0.008958020993643389	0	0	425.99867557824666	422.2164517397008	422.21645226191725
half_serum	LC:NCI-H522	magnitude_g0.50	ordinal	0.1089650041119324	0	1	228.33147662116193	205.89601635266345	205.89601665855946
half_serum	LC:NCI-H522	magnitude_g0.80	magnitude_g0.50	0.0008454539746885978	0	1	378.8669131639791	378.5468692088006	378.5468696873475
half_serum	LC:NCI-H522	magnitude_g0.80	magnitude_g0.80	1.2571310541835707e-09	0	0	388.90799167928134	388.907991190373	388.90799167928105
half_serum	LC:NCI-H522	magnitude_g0.80	magnitude_g1.00	5.8044538938420435e-06	0	0	395.3677792585112	395.3654843777859	395.3654848731514
half_serum	LC:NCI-H522	magnitude_g0.80	magnitude_g1.25	0.0003211805298289802	0	0	403.1269109054201	402.9974759625707	402.99747646556824
half_serum	LC:NCI-H522	magnitude_g0.80	magnitude_g2.00	0.004462435458204013	0	0	424.1005654049811	422.2164517397008	422.21645226191725
half_serum	LC:NCI-H522	magnitude_g0.80	ordinal	0.13927294925831457	0	1	234.57176179063705	205.89601635266345	205.89601665855946
half_serum	LC:NCI-H522	magnitude_g1.00	magnitude_g0.50	0.0009796483478971985	0	1	378.9177120238227	378.5468692088006	378.5468696873475
half_serum	LC:NCI-H522	magnitude_g1.00	magnitude_g0.80	4.6262248801126374e-05	0	1	388.9259829486222	388.907991190373	388.90799167928105
half_serum	LC:NCI-H522	magnitude_g1.00	magnitude_g1.00	1.25293070430134e-09	0	1	395.36548487315144	395.3654843777859	395.3654848731514
half_serum	LC:NCI-H522	magnitude_g1.00	magnitude_g1.25	0.0002570457720773122	0	0	403.1010647599247	402.9974759625707	402.99747646556824
half_serum	LC:NCI-H522	magnitude_g1.00	magnitude_g2.00	0.004260824410156999	0	0	424.0154419036432	422.2164517397008	422.21645226191725
half_serum	LC:NCI-H522	magnitude_g1.00	ordinal	0.14069050985135276	0	1	234.86363186968214	205.89601635266345	205.89601665855946
half_serum	LC:NCI-H522	magnitude_g1.25	magnitude_g0.50	0.004365612009482884	0	1	380.1994579671707	378.5468692088006	378.5468696873475
half_serum	LC:NCI-H522	magnitude_g1.25	magnitude_g0.80	0.0018109227897563963	0	1	389.61227353473805	388.907991190373	388.90799167928105
half_serum	LC:NCI-H522	magnitude_g1.25	magnitude_g1.00	0.0008093222566594257	0	1	395.68546246380777	395.3654843777859	395.3654848731514
half_serum	LC:NCI-H522	magnitude_g1.25	magnitude_g1.25	1.2481411922411167e-09	0	0	402.99747646556847	402.9974759625707	402.99747646556824
half_serum	LC:NCI-H522	magnitude_g1.25	magnitude_g2.00	0.0015088459208834003	0	0	422.8535113106381	422.2164517397008	422.21645226191725
half_serum	LC:NCI-H522	magnitude_g1.25	ordinal	0.1702205429337122	0	1	240.9437480441023	205.89601635266345	205.89601665855946
half_serum	LC:NCI-H522	magnitude_g2.00	magnitude_g0.50	0.008393536439848588	0	1	381.7242161496953	378.5468692088006	378.5468696873475
half_serum	LC:NCI-H522	magnitude_g2.00	magnitude_g0.80	0.004398973096281625	0	1	390.6187869805484	388.907991190373	388.90799167928105
half_serum	LC:NCI-H522	magnitude_g2.00	magnitude_g1.00	0.0025416925880615117	0	1	396.37038189900426	395.3654843777859	395.3654848731514
half_serum	LC:NCI-H522	magnitude_g2.00	magnitude_g1.25	0.0007704019945309872	0	1	403.30794602184324	402.9974759625707	402.99747646556824
half_serum	LC:NCI-H522	magnitude_g2.00	magnitude_g2.00	1.2368449417579713e-09	1	0	422.2164522619171	422.2164517397008	422.21645226191725
half_serum	LC:NCI-H522	magnitude_g2.00	ordinal	0.2007574805762416	0	1	247.2311818563088	205.89601635266345	205.89601665855946
half_serum	LC:NCI-H522	ordinal	magnitude_g0.50	0.10733572353962648	0	0	419.1784713089876	378.5468692088006	378.5468696873475
half_serum	LC:NCI-H522	ordinal	magnitude_g0.80	0.11664259235028991	0	0	434.27122746856185	388.907991190373	388.90799167928105
half_serum	LC:NCI-H522	ordinal	magnitude_g1.00	0.12286853698783975	0	0	443.94346301877306	395.3654843777859	395.3654848731514
half_serum	LC:NCI-H522	ordinal	magnitude_g1.25	0.1303420455432351	0	0	455.5249913282929	402.9974759625707	402.99747646556824
half_serum	LC:NCI-H522	ordinal	magnitude_g2.00	0.1525978606526566	0	0	486.64577900753477	422.2164517397008	422.21645226191725
half_serum	LC:NCI-H522	ordinal	ordinal	1.4856832598397838e-09	0	0	205.89601665855972	205.89601635266345	205.89601665855946
half_serum	LE:CCRF-CEM	magnitude_g0.50	magnitude_g0.50	1.2614317061602597e-09	0	0	382.50955236845374	382.50955188594406	382.5095523684536
half_serum	LE:CCRF-CEM	magnitude_g0.50	magnitude_g0.80	0.00017717802088182264	0	0	392.5300224686141	392.4604870962361	392.4604875886966
half_serum	LE:CCRF-CEM	magnitude_g0.50	magnitude_g1.00	0.0006989022302547233	0	0	398.97239666580384	398.69374871563787	398.69374921433166
half_serum	LE:CCRF-CEM	magnitude_g0.50	magnitude_g1.25	0.0017381256955888635	0	0	406.70673586425556	406.00105499812713	406.0010555041282
half_serum	LE:CCRF-CEM	magnitude_g0.50	magnitude_g2.00	0.007568777484816345	0	0	427.59641825730563	424.3843475625656	424.38434808694996
half_serum	LE:CCRF-CEM	magnitude_g0.50	ordinal	0.1781679763867724	0	1	234.6741284874493	199.18562818788567	199.18562848707128
half_serum	LE:CCRF-CEM	magnitude_g0.80	magnitude_g0.50	0.0006944777428161516	0	1	382.77519625614343	382.50955188594406	382.5095523684536
half_serum	LE:CCRF-CEM	magnitude_g0.80	magnitude_g0.80	1.2548027921925345e-09	1	0	392.4604875886966	392.4604870962361	392.4604875886966
half_serum	LE:CCRF-CEM	magnitude_g0.80	magnitude_g1.00	0.0	1	0	398.6937489724101	398.69374871563787	398.69374921433166
half_serum	LE:CCRF-CEM	magnitude_g0.80	magnitude_g1.25	0.0004493232041648131	0	0	406.1834806930532	406.00105499812713	406.0010555041282
half_serum	LE:CCRF-CEM	magnitude_g0.80	magnitude_g2.00	0.00486331689407456	0	0	426.44826312964744	424.3843475625656	424.38434808694996
half_serum	LE:CCRF-CEM	magnitude_g0.80	ordinal	0.19315142420450127	0	1	237.65861595344404	199.18562818788567	199.18562848707128
half_serum	LE:CCRF-CEM	magnitude_g1.00	magnitude_g0.50	0.000694480724400889	0	1	382.7751973966281	382.50955188594406	382.5095523684536
half_serum	LE:CCRF-CEM	magnitude_g1.00	magnitude_g0.80	2.7453562961382587e-09	0	1	392.46048817367995	392.4604870962361	392.4604875886966
half_serum	LE:CCRF-CEM	magnitude_g1.00	magnitude_g1.00	1.250818767266521e-09	1	1	398.6937492143315	398.69374871563787	398.69374921433166
half_serum	LE:CCRF-CEM	magnitude_g1.00	magnitude_g1.25	0.00044932281971164903	0	0	406.1834805369648	406.00105499812713	406.0010555041282
half_serum	LE:CCRF-CEM	magnitude_g1.00	magnitude_g2.00	0.004863314166494798	0	0	426.4482619721053	424.3843475625656	424.38434808694996
half_serum	LE:CCRF-CEM	magnitude_g1.00	ordinal	0.1931514570857217	0	1	237.6586225029106	199.18562818788567	199.18562848707128
half_serum	LE:CCRF-CEM	magnitude_g1.25	magnitude_g0.50	0.006249716011693653	0	1	384.9001279569914	382.50955188594406	382.5095523684536
half_serum	LE:CCRF-CEM	magnitude_g1.25	magnitude_g0.80	0.002889815147231257	0	1	393.59462535653654	392.4604870962361	392.4604875886966
half_serum	LE:CCRF-CEM	magnitude_g1.25	magnitude_g1.00	0.0013139653717792496	0	1	399.2176184953951	398.69374871563787	398.69374921433166
half_serum	LE:CCRF-CEM	magnitude_g1.25	magnitude_g1.25	1.2463045409305427e-09	1	1	406.0010555041281	406.00105499812713	406.0010555041282
half_serum	LE:CCRF-CEM	magnitude_g1.25	magnitude_g2.00	0.00026927234596093653	0	0	424.4986225314229	424.3843475625656	424.38434808694996
half_serum	LE:CCRF-CEM	magnitude_g1.25	ordinal	0.24670098674083213	0	1	248.32491920642957	199.18562818788567	199.18562848707128
half_serum	LE:CCRF-CEM	magnitude_g2.00	magnitude_g0.50	0.008942832918593782	0	1	385.93027089822624	382.50955188594406	382.5095523684536
half_serum	LE:CCRF-CEM	magnitude_g2.00	magnitude_g0.80	0.004813411690896914	0	1	394.3495609930402	392.4604870962361	392.4604875886966
half_serum	LE:CCRF-CEM	magnitude_g2.00	magnitude_g1.00	0.0027795617074332373	0	1	399.80194259256086	398.69374871563787	398.69374921433166
half_serum	LE:CCRF-CEM	magnitude_g2.00	magnitude_g1.25	0.0009505521976051082	0	1	406.3869801931856	406.00105499812713	406.0010555041282
half_serum	LE:CCRF-CEM	magnitude_g2.00	magnitude_g2.00	1.235635859432742e-09	0	1	424.3843480869501	424.3843475625656	424.38434808694996
half_serum	LE:CCRF-CEM	magnitude_g2.00	ordinal	0.2637997455665191	0	1	251.73074622435718	199.18562818788567	199.18562848707128
half_serum	LE:CCRF-CEM	ordinal	magnitude_g0.50	0.13953763083139875	0	0	435.8840285264887	382.50955188594406	382.5095523684536
half_serum	LE:CCRF-CEM	ordinal	magnitude_g0.80	0.1516230592580115	0	0	451.96654678765674	392.4604870962361	392.4604875886966
half_serum	LE:CCRF-CEM	ordinal	magnitude_g1.00	0.1594678055521233	0	0	462.2725659106703	398.69374871563787	398.69374921433166
half_serum	LE:CCRF-CEM	ordinal	magnitude_g1.25	0.16899399678946467	0	0	474.6127959829999	406.00105499812713	406.0010555041282
half_serum	LE:CCRF-CEM	ordinal	magnitude_g2.00	0.19650212148080792	0	0	507.7767721818583	424.3843475625656	424.38434808694996
half_serum	LE:CCRF-CEM	ordinal	ordinal	1.5020433308409621e-09	1	1	199.1856284870711	199.18562818788567	199.18562848707128
half_serum	LE:HL-60(TB)	magnitude_g0.50	magnitude_g0.50	1.2614940355822403e-09	0	0	382.41815069941583	382.4181502169976	382.4181506994158
half_serum	LE:HL-60(TB)	magnitude_g0.50	magnitude_g0.80	1.0557244483990821e-05	0	0	392.1850473061693	392.1809069564526	392.1809074486335
half_serum	LE:HL-60(TB)	magnitude_g0.50	magnitude_g1.00	2.9853470074445972e-05	0	0	398.44976782059126	398.4378730674711	398.437873565909
half_serum	LE:HL-60(TB)	magnitude_g0.50	magnitude_g1.25	0.0015490319261453507	0	0	405.9580496795582	405.33018028965927	405.3301807949895
half_serum	LE:HL-60(TB)	magnitude_g0.50	magnitude_g2.00	0.00558204477619953	0	0	426.18857155328345	423.8227738524659	423.8227743762887
half_serum	LE:HL-60(TB)	magnitude_g0.50	ordinal	0.17208521384140904	0	1	238.0471328650866	203.0971213133109	203.09712161640803
half_serum	LE:HL-60(TB)	magnitude_g0.80	magnitude_g0.50	1.329503740468574e-05	0	1	382.423234480609	382.4181502169976	382.4181506994158
half_serum	LE:HL-60(TB)	magnitude_g0.80	magnitude_g0.80	1.254984209283435e-09	1	0	392.18090744863343	392.1809069564526	392.1809074486335
half_serum	LE:HL-60(TB)	magnitude_g0.80	magnitude_g1.00	4.267726982424268e-06	0	0	398.4395734915328	398.4378730674711	398.437873565909
half_serum	LE:HL-60(TB)	magnitude_g0.80	magnitude_g1.25	0.0015057092749539715	0	0	405.9404897015402	405.33018028965927	405.3301807949895
half_serum	LE:HL-60(TB)	magnitude_g0.80	magnitude_g2.00	0.0054928954309592486	0	0	426.1507880304966	423.8227738524659	423.8227743762887
half_serum	LE:HL-60(TB)	magnitude_g0.80	ordinal	0.17288626564521367	0	1	238.20982418046216	203.0971213133109	203.09712161640803
half_serum	LE:HL-60(TB)	magnitude_g1.00	magnitude_g0.50	0.00014287714049929343	0	1	382.47278902877565	382.4181502169976	382.4181506994158
half_serum	LE:HL-60(TB)	magnitude_g1.00	magnitude_g0.80	4.686968109689896e-05	0	1	392.19928835049393	392.1809069564526	392.1809074486335
half_serum	LE:HL-60(TB)	magnitude_g1.00	magnitude_g1.00	1.25446451090282e-09	0	0	398.4378735672973	398.4378730674711	398.437873565909
half_serum	LE:HL-60(TB)	magnitude_g1.00	magnitude_g1.25	0.0014419222279084564	0	0	405.91463488626107	405.33018028965927	405.3301807949895
half_serum	LE:HL-60(TB)	magnitude_g1.00	magnitude_g2.00	0.005277188128058924	0	0	426.05936636304114	423.8227738524659	423.8227743762887
half_serum	LE:HL-60(TB)	magnitude_g1.00	ordinal	0.176392448008431	0	1	238.9219197252311	203.0971213133109	203.09712161640803
half_serum	LE:HL-60(TB)	magnitude_g1.25	magnitude_g0.50	0.004166512125463567	0	1	384.0115000768741	382.4181502169976	382.4181506994158
half_serum	LE:HL-60(TB)	magnitude_g1.25	magnitude_g0.80	0.0016282383832263692	0	1	392.8194709623276	392.1809069564526	392.1809074486335
half_serum	LE:HL-60(TB)	magnitude_g1.25	magnitude_g1.00	0.00014909585946960933	0	1	398.49727850460135	398.4378730674711	398.437873565909
half_serum	LE:HL-60(TB)	magnitude_g1.25	magnitude_g1.25	1.2467118080030048e-09	1	0	405.3301807949892	405.33018028965927	405.3301807949895
half_serum	LE:HL-60(TB)	magnitude_g1.25	magnitude_g2.00	0.00016445780420564754	0	0	423.892474815226	423.8227738524659	423.8227743762887
half_serum	LE:HL-60(TB)	magnitude_g1.25	ordinal	0.21700903553607898	0	1	247.17103172966654	203.0971213133109	203.09712161640803
half_serum	LE:HL-60(TB)	magnitude_g2.00	magnitude_g0.50	0.0048941772994919586	0	1	384.28977244670335	382.4181502169976	382.4181506994158
half_serum	LE:HL-60(TB)	magnitude_g2.00	magnitude_g0.80	0.0021237853060253886	0	1	393.0138150039504	392.1809069564526	392.1809074486335
half_serum	LE:HL-60(TB)	magnitude_g2.00	magnitude_g1.00	0.0005067053542242296	0	1	398.6397636710801	398.4378730674711	398.437873565909
half_serum	LE:HL-60(TB)	magnitude_g2.00	magnitude_g1.25	0.00020298314835031966	0	1	405.41245548577587	405.33018028965927	405.3301807949895
half_serum	LE:HL-60(TB)	magnitude_g2.00	magnitude_g2.00	1.2359470501940081e-09	1	0	423.8227743762884	423.8227738524659	423.8227743762887
half_serum	LE:HL-60(TB)	magnitude_g2.00	ordinal	0.22232429108958748	0	1	248.2505448316287	203.0971213133109	203.09712161640803
half_serum	LE:HL-60(TB)	ordinal	magnitude_g0.50	0.12579138968996803	0	0	430.5230607754607	382.4181502169976	382.4181506994158
half_serum	LE:HL-60(TB)	ordinal	magnitude_g0.80	0.13705392581398645	0	0	445.93083988412417	392.1809069564526	392.1809074486335
half_serum	LE:HL-60(TB)	ordinal	magnitude_g1.00	0.1439585259361593	0	0	455.7964019514028	398.4378730674711	398.437873565909
half_serum	LE:HL-60(TB)	ordinal	magnitude_g1.25	0.15363372870654016	0	0	467.6025672448538	405.33018028965927	405.3301807949895
half_serum	LE:HL-60(TB)	ordinal	magnitude_g2.00	0.17811671211579255	0	0	499.3126928508622	423.8227738524659	423.8227743762887
half_serum	LE:HL-60(TB)	ordinal	ordinal	1.4923740254541854e-09	1	1	203.09712161640778	203.0971213133109	203.09712161640803
half_serum	LE:K-562	magnitude_g0.50	magnitude_g0.50	1.2650850530831334e-09	0	1	377.2383862343564	377.2383857571178	377.2383862343562
half_serum	LE:K-562	magnitude_g0.50	magnitude_g0.80	0.00045024666517629253	0	0	387.7312632324895	387.55676709054046	387.55676757809726
half_serum	LE:K-562	magnitude_g0.50	magnitude_g1.00	0.0012183207404493123	0	0	394.477896778899	393.99788098879725	393.99788148279515
half_serum	LE:K-562	magnitude_g0.50	magnitude_g1.25	0.002505222656827371	0	0	402.57768511859217	401.571658700875	401.57165920244665
half_serum	LE:K-562	magnitude_g0.50	magnitude_g2.00	0.008061623911600486	0	0	424.45519645900015	421.06076294421234	421.0607634652731
half_serum	LE:K-562	magnitude_g0.50	ordinal	0.11015397691126377	0	1	221.88989170084128	199.87307735292404	199.87307765279712
half_serum	LE:K-562	magnitude_g0.80	magnitude_g0.50	0.0006148874426833744	0	1	377.470344903418	377.2383857571178	377.2383862343562
half_serum	LE:K-562	magnitude_g0.80	magnitude_g0.80	1.2580259310613934e-09	1	1	387.5567675780969	387.55676709054046	387.55676757809726
half_serum	LE:K-562	magnitude_g0.80	magnitude_g1.00	0.00012611179826513272	0	0	394.0475687700814	393.99788098879725	393.99788148279515
half_serum	LE:K-562	magnitude_g0.80	magnitude_g1.25	0.0006818894871040351	0	0	401.84548619326205	401.571658700875	401.57165920244665
half_serum	LE:K-562	magnitude_g0.80	magnitude_g2.00	0.00444973727877194	0	0	422.93437271771336	421.06076294421234	421.0607634652731
half_serum	LE:K-562	magnitude_g0.80	ordinal	0.13429083857998916	0	1	226.71420052021125	199.87307735292404	199.87307765279712
half_serum	LE:K-562	magnitude_g1.00	magnitude_g0.50	0.0016788247170275363	0	1	377.8717028833384	377.2383857571178	377.2383862343562
half_serum	LE:K-562	magnitude_g1.00	magnitude_g0.80	0.0003184821081210701	0	1	387.68019698674004	387.55676709054046	387.55676757809726
half_serum	LE:K-562	magnitude_g1.00	magnitude_g1.00	1.2538089581360243e-09	0	0	393.9978814827953	393.99788098879725	393.99788148279515
half_serum	LE:K-562	magnitude_g1.00	magnitude_g1.25	5.468473497394921e-05	0	0	401.5936185406041	401.571658700875	401.57165920244665
half_serum	LE:K-562	magnitude_g1.00	magnitude_g2.00	0.002630117133288343	0	0	422.1682020709874	421.06076294421234	421.0607634652731
half_serum	LE:K-562	magnitude_g1.00	ordinal	0.15045883435718255	0	1	229.94574759082798	199.87307735292404	199.87307765279712
half_serum	LE:K-562	magnitude_g1.25	magnitude_g0.50	0.0029741126374866044	0	1	378.3603352075431	377.2383857571178	377.2383862343562
half_serum	LE:K-562	magnitude_g1.25	magnitude_g0.80	0.0010164593022779112	0	1	387.9507027716104	387.55676709054046	387.55676757809726
half_serum	LE:K-562	magnitude_g1.25	magnitude_g1.00	0.0003435671978765708	0	1	394.1332457367379	393.99788098879725	393.99788148279515
half_serum	LE:K-562	magnitude_g1.25	magnitude_g1.25	1.2490214254783814e-09	1	0	401.5716592024466	401.571658700875	401.57165920244665
half_serum	LE:K-562	magnitude_g1.25	magnitude_g2.00	0.0016291559854737453	0	0	421.74673660641105	421.06076294421234	421.0607634652731
half_serum	LE:K-562	magnitude_g1.25	ordinal	0.1661145466909686	0	1	233.07490299313392	199.87307735292404	199.87307765279712
half_serum	LE:K-562	magnitude_g2.00	magnitude_g0.50	0.007187576606167397	0	1	379.949815553534	377.2383857571178	377.2383862343562
half_serum	LE:K-562	magnitude_g2.00	magnitude_g0.80	0.0037131410095758337	0	1	388.995820015963	387.55676709054046	387.55676757809726
half_serum	LE:K-562	magnitude_g2.00	magnitude_g1.00	0.0021390299477678427	0	1	394.84065425558936	393.99788098879725	393.99788148279515
half_serum	LE:K-562	magnitude_g2.00	magnitude_g1.25	0.0007818746047551291	0	1	401.8856373828026	401.571658700875	401.57165920244665
half_serum	LE:K-562	magnitude_g2.00	magnitude_g2.00	1.237495564399338e-09	0	1	421.06076346527317	421.06076294421234	421.0607634652731
half_serum	LE:K-562	magnitude_g2.00	ordinal	0.19759881610338645	0	1	239.36776080880242	199.87307735292404	199.87307765279712
half_serum	LE:K-562	ordinal	magnitude_g0.50	0.10403126348748078	0	0	416.4829716634084	377.2383857571178	377.2383862343562
half_serum	LE:K-562	ordinal	magnitude_g0.80	0.11370055036345611	0	0	431.6221848058167	387.55676709054046	387.55676757809726
half_serum	LE:K-562	ordinal	magnitude_g1.00	0.12008497373550399	0	0	441.3111061791812	393.99788098879725	393.99788148279515
half_serum	LE:K-562	ordinal	magnitude_g1.25	0.12781393391360482	0	0	452.8981121476453	401.571658700875	401.57165920244665
half_serum	LE:K-562	ordinal	magnitude_g2.00	0.14935789060861968	0	0	483.94951031561595	421.06076294421234	421.0607634652731
half_serum	LE:K-562	ordinal	ordinal	1.5003169488435141e-09	1	1	199.873077652797	199.87307735292404	199.87307765279712
half_serum	LE:MOLT-4	magnitude_g0.50	magnitude_g0.50	1.261833352083143e-09	1	1	381.92105305171515	381.9210525697944	381.9210530517155
half_serum	LE:MOLT-4	magnitude_g0.50	magnitude_g0.80	3.301600228598242e-05	0	0	392.1250083458867	392.11206237313905	392.1120628652511
half_serum	LE:MOLT-4	magnitude_g0.50	magnitude_g1.00	0.00027112211539234124	0	0	398.6804341645125	398.57237237977597	398.57237287834835
half_serum	LE:MOLT-4	magnitude_g0.50	magnitude_g1.25	0.0011346087654794917	0	0	406.54537179199406	406.08462461737673	406.08462512346136
half_serum	LE:MOLT-4	magnitude_g0.50	magnitude_g2.00	0.007216060149108084	0	0	427.7568531130084	424.692248304384	424.6922488290763
half_serum	LE:MOLT-4	magnitude_g0.50	ordinal	0.09644004267754709	0	1	233.3782640096378	212.85091288687292	212.85091319972383
half_serum	LE:MOLT-4	magnitude_g0.80	magnitude_g0.50	0.00030994152903652666	0	1	382.03942576479915	381.9210525697944	381.9210530517155
half_serum	LE:MOLT-4	magnitude_g0.80	magnitude_g0.80	1.2550294310877885e-09	0	0	392.11206286525123	392.11206237313905	392.1120628652511
half_serum	LE:MOLT-4	magnitude_g0.80	magnitude_g1.00	2.9307890441227316e-05	0	0	398.5840536951986	398.57237237977597	398.57237287834835
half_serum	LE:MOLT-4	magnitude_g0.80	magnitude_g1.25	0.0006532312157197296	0	0	406.34989177040063	406.08462461737673	406.08462512346136
half_serum	LE:MOLT-4	magnitude_g0.80	magnitude_g2.00	0.00614082945458039	0	0	427.30021097190354	424.692248304384	424.6922488290763
half_serum	LE:MOLT-4	magnitude_g0.80	ordinal	0.10600691758144604	0	1	235.4145820664072	212.85091288687292	212.85091319972383
half_serum	LE:MOLT-4	magnitude_g1.00	magnitude_g0.50	0.00043817739227023375	0	1	382.08840174066256	381.9210525697944	381.9210530517155
half_serum	LE:MOLT-4	magnitude_g1.00	magnitude_g0.80	3.0015833909761424e-05	0	1	392.12383194367726	392.11206237313905	392.1120628652511
half_serum	LE:MOLT-4	magnitude_g1.00	magnitude_g1.00	1.2508951877653842e-09	1	0	398.57237287834823	398.57237237977597	398.57237287834835
half_serum	LE:MOLT-4	magnitude_g1.00	magnitude_g1.25	0.0005563612158333717	0	0	406.3105543528601	406.08462461737673	406.08462512346136
half_serum	LE:MOLT-4	magnitude_g1.00	magnitude_g2.00	0.005879295690402181	0	0	427.1891396095872	424.692248304384	424.6922488290763
half_serum	LE:MOLT-4	magnitude_g1.00	ordinal	0.10833350441859026	0	1	235.90979819860394	212.85091288687292	212.85091319972383
half_serum	LE:MOLT-4	magnitude_g1.25	magnitude_g0.50	0.005587183866028244	0	1	384.0549157128089	381.9210525697944	381.9210530517155
half_serum	LE:MOLT-4	magnitude_g1.25	magnitude_g0.80	0.0026553382053539176	0	1	393.15325251313857	392.11206237313905	392.1120628652511
half_serum	LE:MOLT-4	magnitude_g1.25	magnitude_g1.00	0.0011266656333827633	0	1	399.0214301741521	398.57237237977597	398.57237287834835
half_serum	LE:MOLT-4	magnitude_g1.25	magnitude_g1.25	1.2462534089761986e-09	1	0	406.0846251234611	406.08462461737673	406.08462512346136
half_serum	LE:MOLT-4	magnitude_g1.25	magnitude_g2.00	0.0013278173178055085	0	0	425.2561620264203	424.692248304384	424.6922488290763
half_serum	LE:MOLT-4	magnitude_g1.25	ordinal	0.16189851203696462	0	1	247.31115896896722	212.85091288687292	212.85091319972383
half_serum	LE:MOLT-4	magnitude_g2.00	magnitude_g0.50	0.008853914944186171	0	1	385.30254908464144	381.9210525697944	381.9210530517155
half_serum	LE:MOLT-4	magnitude_g2.00	magnitude_g0.80	0.004734431672959327	0	1	393.96849014058785	392.11206237313905	392.1120628652511
half_serum	LE:MOLT-4	magnitude_g2.00	magnitude_g1.00	0.0024978212632789315	0	1	399.5679349264617	398.57237237977597	398.57237287834835
half_serum	LE:MOLT-4	magnitude_g2.00	magnitude_g1.25	0.0005739440744575709	0	1	406.3176944814042	406.08462461737673	406.08462512346136
half_serum	LE:MOLT-4	magnitude_g2.00	magnitude_g2.00	1.235464000526887e-09	1	1	424.692248829076	424.692248304384	424.6922488290763
half_serum	LE:MOLT-4	magnitude_g2.00	ordinal	0.18914507824645183	0	1	253.1106154596892	212.85091288687292	212.85091319972383
half_serum	LE:MOLT-4	ordinal	magnitude_g0.50	0.10003531762425522	0	0	420.1266463710037	381.9210525697944	381.9210530517155
half_serum	LE:MOLT-4	ordinal	magnitude_g0.80	0.10871809673939352	0	0	434.7417395029051	392.11206237313905	392.1120628652511
half_serum	LE:MOLT-4	ordinal	magnitude_g1.00	0.11420637454213048	0	0	444.09187802192616	398.57237237977597	398.57237287834835
half_serum	LE:MOLT-4	ordinal	magnitude_g1.25	0.12112723186637228	0	0	455.2725311007745	406.08462461737673	406.08462512346136
half_serum	LE:MOLT-4	ordinal	magnitude_g2.00	0.1425752233876922	0	0	485.2428404774028	424.692248304384	424.6922488290763
half_serum	LE:MOLT-4	ordinal	ordinal	1.4698110827511665e-09	1	1	212.85091319972355	212.85091288687292	212.85091319972383
half_serum	ME:LOX IMVI	magnitude_g0.50	magnitude_g0.50	1.2644074922318e-09	0	1	378.2045296894185	378.20452921121387	378.2045296894184
half_serum	ME:LOX IMVI	magnitude_g0.50	magnitude_g0.80	0.0006305914192307874	0	0	388.27422144959826	388.0295333554562	388.02953384348575
half_serum	ME:LOX IMVI	magnitude_g0.50	magnitude_g1.00	0.0011983227573276912	0	0	394.76049390738126	394.28800961252114	394.28801010680917
half_serum	ME:LOX IMVI	magnitude_g0.50	magnitude_g1.25	0.0028829381422455346	0	0	402.5600806995251	401.40286108090845	401.40286158231135
half_serum	ME:LOX IMVI	magnitude_g0.50	magnitude_g2.00	0.008843402469718943	0	0	423.6987962144335	419.98470245945936	419.9847029794441
half_serum	ME:LOX IMVI	magnitude_g0.50	ordinal	0.12568418454561914	0	1	238.36666464625065	211.75269930834733	211.75269962010003
half_serum	ME:LOX IMVI	magnitude_g0.80	magnitude_g0.50	0.0003268477214889343	0	1	378.32814449984335	378.20452921121387	378.2045296894184
half_serum	ME:LOX IMVI	magnitude_g0.80	magnitude_g0.80	1.2577127312966027e-09	0	1	388.02953384348586	388.0295333554562	388.02953384348575
half_serum	ME:LOX IMVI	magnitude_g0.80	magnitude_g1.00	1.005492481058322e-09	1	0	394.28801000897477	394.28800961252114	394.28801010680917
half_serum	ME:LOX IMVI	magnitude_g0.80	magnitude_g1.25	0.001045466003933919	0	0	401.82251412605035	401.40286108090845	401.40286158231135
half_serum	ME:LOX IMVI	magnitude_g0.80	magnitude_g2.00	0.005479933294239245	0	0	422.2861906135381	419.98470245945936	419.9847029794441
half_serum	ME:LOX IMVI	magnitude_g0.80	ordinal	0.14452816491892306	0	1	242.35692835601128	211.75269930834733	211.75269962010003
half_serum	ME:LOX IMVI	magnitude_g1.00	magnitude_g0.50	0.0003268606220152353	0	1	378.3281493788808	378.20452921121387	378.2045296894184
half_serum	ME:LOX IMVI	magnitude_g1.00	magnitude_g0.80	6.231965983687853e-09	0	1	388.02953577364303	388.0295333554562	388.02953384348575
half_serum	ME:LOX IMVI	magnitude_g1.00	magnitude_g1.00	1.2536216219009734e-09	1	0	394.2880101068091	394.28800961252114	394.28801010680917
half_serum	ME:LOX IMVI	magnitude_g1.00	magnitude_g1.25	0.0010454609342814092	0	0	401.82251209107733	401.40286108090845	401.40286158231135
half_serum	ME:LOX IMVI	magnitude_g1.00	magnitude_g2.00	0.005479915675958653	0	0	422.2861832141298	419.98470245945936	419.9847029794441
half_serum	ME:LOX IMVI	magnitude_g1.00	ordinal	0.1445283066660647	0	1	242.35695837135114	211.75269930834733	211.75269962010003
half_serum	ME:LOX IMVI	magnitude_g1.25	magnitude_g0.50	0.005262539460088977	0	1	380.19484547017225	378.20452921121387	378.2045296894184
half_serum	ME:LOX IMVI	magnitude_g1.25	magnitude_g0.80	0.0022865364326256888	0	1	388.9167770204082	388.0295333554562	388.02953384348575
half_serum	ME:LOX IMVI	magnitude_g1.25	magnitude_g1.00	0.0007156923466778482	0	1	394.57019852338766	394.28800961252114	394.28801010680917
half_serum	ME:LOX IMVI	magnitude_g1.25	magnitude_g1.25	1.249126217290769e-09	1	1	401.4028615823113	401.40286108090845	401.40286158231135
half_serum	ME:LOX IMVI	magnitude_g1.25	magnitude_g2.00	0.0002828501706904452	0	0	420.1034952042374	419.98470245945936	419.9847029794441
half_serum	ME:LOX IMVI	magnitude_g1.25	ordinal	0.1933578197518745	0	1	252.69673957318363	211.75269930834733	211.75269962010003
half_serum	ME:LOX IMVI	magnitude_g2.00	magnitude_g0.50	0.0064622455118871465	0	1	380.6485797326844	378.20452921121387	378.2045296894184
half_serum	ME:LOX IMVI	magnitude_g2.00	magnitude_g0.80	0.0031049988003805386	0	1	389.2343645910371	388.0295333554562	388.02953384348575
half_serum	ME:LOX IMVI	magnitude_g2.00	magnitude_g1.00	0.0013060469801562705	0	1	394.8029682767874	394.28800961252114	394.28801010680917
half_serum	ME:LOX IMVI	magnitude_g2.00	magnitude_g1.25	0.00033304914117556194	0	1	401.53654795905686	401.40286108090845	401.40286158231135
half_serum	ME:LOX IMVI	magnitude_g2.00	magnitude_g2.00	1.2381045025026332e-09	0	1	419.9847029794443	419.98470245945936	419.9847029794441
half_serum	ME:LOX IMVI	magnitude_g2.00	ordinal	0.20149330062789897	0	1	254.41944960885326	211.75269930834733	211.75269962010003
half_serum	ME:LOX IMVI	ordinal	magnitude_g0.50	0.10119638531282112	0	0	416.477460476326	378.20452921121387	378.2045296894184
half_serum	ME:LOX IMVI	ordinal	magnitude_g0.80	0.1125128337613493	0	0	431.68783573637256	388.0295333554562	388.02953384348575
half_serum	ME:LOX IMVI	ordinal	magnitude_g1.00	0.11957484838186523	0	0	441.43493858072577	394.28800961252114	394.28801010680917
half_serum	ME:LOX IMVI	ordinal	magnitude_g1.25	0.12880525088911887	0	0	453.105657310045	401.40286108090845	401.40286158231135
half_serum	ME:LOX IMVI	ordinal	magnitude_g2.00	0.15354397034291667	0	0	484.47082115837327	419.98470245945936	419.9847029794441
half_serum	ME:LOX IMVI	ordinal	ordinal	1.472248464510626e-09	1	1	211.75269962009992	211.75269930834733	211.75269962010003
half_serum	ME:M14	magnitude_g0.50	magnitude_g0.50	1.2617864490248318e-09	1	1	381.9899404423272	381.9899399603375	381.98994044232745
half_serum	ME:M14	magnitude_g0.50	magnitude_g0.80	0.0008253822815970966	0	0	391.7287583686416	391.40569903973807	391.4056995311438
half_serum	ME:M14	magnitude_g0.50	magnitude_g1.00	0.0016017891661629087	0	0	398.0050385711232	397.3685379520576	397.3685384494261
half_serum	ME:M14	magnitude_g0.50	magnitude_g1.25	0.002516846116511194	0	0	405.5555216664258	404.5373633744332	404.5373638789706
half_serum	ME:M14	magnitude_g0.50	magnitude_g2.00	0.00850919967869259	0	0	426.048201904596	422.4534610495704	422.4534615720239
half_serum	ME:M14	magnitude_g0.50	ordinal	0.10221647287624175	0	1	242.53248870608454	220.04070404899164	220.04070436903234
half_serum	ME:M14	magnitude_g0.80	magnitude_g0.50	0.0004422663714426784	0	1	382.15888126501136	381.9899399603375	381.98994044232745
half_serum	ME:M14	magnitude_g0.80	magnitude_g0.80	1.2554903283711269e-09	0	0	391.40569953114414	391.40569903973807	391.4056995311438
half_serum	ME:M14	magnitude_g0.80	magnitude_g1.00	2.6916352362525704e-05	0	0	397.3792336636429	397.3685379520576	397.3685384494261
half_serum	ME:M14	magnitude_g0.80	magnitude_g1.25	0.00010276677853360247	0	0	404.57893637606367	404.5373633744332	404.5373638789706
half_serum	ME:M14	magnitude_g0.80	magnitude_g2.00	0.004100264703859474	0	0	424.18563206493525	422.4534610495704	422.4534615720239
half_serum	ME:M14	magnitude_g0.80	ordinal	0.12597469429605665	0	1	247.76026447425244	220.04070404899164	220.04070436903234
half_serum	ME:M14	magnitude_g1.00	magnitude_g0.50	0.0005615593862781514	0	1	382.20444999658605	381.9899399603375	381.98994044232745
half_serum	ME:M14	magnitude_g1.00	magnitude_g0.80	2.7875113521465045e-05	0	1	391.41660951803175	391.40569903973807	391.4056995311438
half_serum	ME:M14	magnitude_g1.00	magnitude_g1.00	1.25165514708678e-09	1	0	397.36853844942596	397.3685379520576	397.3685384494261
half_serum	ME:M14	magnitude_g1.00	magnitude_g1.25	1.3896513378143357e-05	0	0	404.5429850333153	404.5373633744332	404.5373638789706
half_serum	ME:M14	magnitude_g1.00	magnitude_g2.00	0.0038625284270683157	0	0	424.0851995519878	422.4534610495704	422.4534615720239
half_serum	ME:M14	magnitude_g1.00	ordinal	0.12768385440653315	0	1	248.13634926829414	220.04070404899164	220.04070436903234
half_serum	ME:M14	magnitude_g1.25	magnitude_g0.50	0.0007223286068651014	0	1	382.26586222150553	381.9899399603375	381.98994044232745
half_serum	ME:M14	magnitude_g1.25	magnitude_g0.80	0.00010896879828908729	0	1	391.4483500484059	391.40569903973807	391.4056995311438
half_serum	ME:M14	magnitude_g1.25	magnitude_g1.00	3.554374505831153e-05	0	1	397.38266191806474	397.3685379520576	397.3685384494261
half_serum	ME:M14	magnitude_g1.25	magnitude_g1.25	1.2471966350065699e-09	0	0	404.53736387897084	404.5373633744332	404.5373638789706
half_serum	ME:M14	magnitude_g1.25	magnitude_g2.00	0.0037399213012818465	0	0	424.03340374734995	422.4534610495704	422.4534615720239
half_serum	ME:M14	magnitude_g1.25	ordinal	0.12852790939966674	0	1	248.32207572323932	220.04070404899164	220.04070436903234
half_serum	ME:M14	magnitude_g2.00	magnitude_g0.50	0.009031578725501881	0	1	385.439912175439	381.9899399603375	381.98994044232745
half_serum	ME:M14	magnitude_g2.00	magnitude_g0.80	0.005294195182380898	0	1	393.4778772059507	391.40569903973807	391.4056995311438
half_serum	ME:M14	magnitude_g2.00	magnitude_g1.00	0.0033609973468364377	0	1	398.7040925538307	397.3685379520576	397.3685384494261
half_serum	ME:M14	magnitude_g2.00	magnitude_g1.25	0.0012325210163131302	0	1	405.0359641766761	404.5373633744332	404.5373638789706
half_serum	ME:M14	magnitude_g2.00	magnitude_g2.00	1.2367126684050724e-09	0	0	422.45346157202397	422.4534610495704	422.4534615720239
half_serum	ME:M14	magnitude_g2.00	ordinal	0.18684197719907028	0	1	261.1535442577807	220.04070404899164	220.04070436903234
half_serum	ME:M14	ordinal	magnitude_g0.50	0.08127673192304483	0	0	413.03683390779383	381.9899399603375	381.98994044232745
half_serum	ME:M14	ordinal	magnitude_g0.80	0.09122341403093692	0	0	427.1110631773084	391.40569903973807	391.4056995311438
half_serum	ME:M14	ordinal	magnitude_g1.00	0.09755160750307919	0	0	436.1324776004291	397.3685379520576	397.3685384494261
half_serum	ME:M14	ordinal	magnitude_g1.25	0.10481111047275962	0	0	446.9373736574298	404.5373633744332	404.5373638789706
half_serum	ME:M14	ordinal	magnitude_g2.00	0.12677383852461463	0	0	476.00950790483324	422.4534610495704	422.4534615720239
half_serum	ME:M14	ordinal	ordinal	1.454460568084715e-09	1	1	220.04070436903217	220.04070404899164	220.04070436903234
half_serum	ME:MDA-MB-435	magnitude_g0.50	magnitude_g0.50	1.2626045797677104e-09	1	0	380.79914717979693	380.7991466989982	380.79914717979733
half_serum	ME:MDA-MB-435	magnitude_g0.50	magnitude_g0.80	0.0005845920527200117	0	0	390.44363737048974	390.2155204783701	390.2155209685856
half_serum	ME:MDA-MB-435	magnitude_g0.50	magnitude_g1.00	0.0010639131065770951	0	0	396.6665609539043	396.24499071486724	396.2449912111123
half_serum	ME:MDA-MB-435	magnitude_g0.50	magnitude_g1.25	0.002173283258155435	0	0	404.1606638436966	403.28421301527214	403.2842135185564
half_serum	ME:MDA-MB-435	magnitude_g0.50	magnitude_g2.00	0.008058581797130102	0	0	424.5430528164955	421.14918763911083	421.14918816026005
half_serum	ME:MDA-MB-435	magnitude_g0.50	ordinal	0.1356382048045758	0	1	236.70328306892966	208.43194783999215	208.43194814842408
half_serum	ME:MDA-MB-435	magnitude_g0.80	magnitude_g0.50	0.00016236547214170944	0	1	380.86097533224313	380.7991466989982	380.79914717979733
half_serum	ME:MDA-MB-435	magnitude_g0.80	magnitude_g0.80	1.2562689821639763e-09	0	0	390.21552096858574	390.2155204783701	390.2155209685856
half_serum	ME:MDA-MB-435	magnitude_g0.80	magnitude_g1.00	2.9024738677237726e-05	0	0	396.2564916221749	396.24499071486724	396.2449912111123
half_serum	ME:MDA-MB-435	magnitude_g0.80	magnitude_g1.25	0.0006255600858292874	0	0	403.5364915221796	403.28421301527214	403.2842135185564
half_serum	ME:MDA-MB-435	magnitude_g0.80	magnitude_g2.00	0.0052567583264949294	0	0	423.3630671379293	421.14918763911083	421.14918816026005
half_serum	ME:MDA-MB-435	magnitude_g0.80	ordinal	0.15365028198821906	0	1	240.4575754009607	208.43194783999215	208.43194814842408
half_serum	ME:MDA-MB-435	magnitude_g1.00	magnitude_g0.50	0.0003908671230298335	0	1	380.94798856592064	380.7991466989982	380.79914717979733
half_serum	ME:MDA-MB-435	magnitude_g1.00	magnitude_g0.80	6.414309082465983e-05	0	1	390.2405501079413	390.2155204783701	390.2155209685856
half_serum	ME:MDA-MB-435	magnitude_g1.00	magnitude_g1.00	1.2523695226179992e-09	0	1	396.2449912111124	396.24499071486724	396.2449912111123
half_serum	ME:MDA-MB-435	magnitude_g1.00	magnitude_g1.25	0.0004962642507241883	0	0	403.48434855307306	403.28421301527214	403.2842135185564
half_serum	ME:MDA-MB-435	magnitude_g1.00	magnitude_g2.00	0.004911401161572597	0	0	423.2176202484769	421.14918763911083	421.14918816026005
half_serum	ME:MDA-MB-435	magnitude_g1.00	ordinal	0.15429171693422267	0	1	240.59127093616888	208.43194783999215	208.43194814842408
half_serum	ME:MDA-MB-435	magnitude_g1.25	magnitude_g0.50	0.00548160196978499	0	1	382.88653605163586	380.7991466989982	380.79914717979733
half_serum	ME:MDA-MB-435	magnitude_g1.25	magnitude_g0.80	0.002684117482887015	0	1	391.26290477897993	390.2155204783701	390.2155209685856
half_serum	ME:MDA-MB-435	magnitude_g1.25	magnitude_g1.00	0.0011521471665927522	0	1	396.70152325819595	396.24499071486724	396.2449912111123
half_serum	ME:MDA-MB-435	magnitude_g1.25	magnitude_g1.25	1.2479642930468544e-09	0	1	403.28421351855644	403.28421301527214	403.2842135185564
half_serum	ME:MDA-MB-435	magnitude_g1.25	magnitude_g2.00	0.0005053319930636527	0	0	421.36200779747764	421.14918763911083	421.14918816026005
half_serum	ME:MDA-MB-435	magnitude_g1.25	ordinal	0.20523649402073768	0	1	251.2097900565854	208.43194783999215	208.43194814842408
half_serum	ME:MDA-MB-435	magnitude_g2.00	magnitude_g0.50	0.007143161568433381	0	1	383.5192565289907	380.7991466989982	380.79914717979733
half_serum	ME:MDA-MB-435	magnitude_g2.00	magnitude_g0.80	0.0037790316489745984	0	1	391.69015728017894	390.2155204783701	390.2155209685856
half_serum	ME:MDA-MB-435	magnitude_g2.00	magnitude_g1.00	0.0019111892610937007	0	1	397.00228988588367	396.24499071486724	396.2449912111123
half_serum	ME:MDA-MB-435	magnitude_g2.00	magnitude_g1.25	0.00038276707038807645	0	1	403.43857693202176	403.28421301527214	403.2842135185564
half_serum	ME:MDA-MB-435	magnitude_g2.00	magnitude_g2.00	1.2374460258468548e-09	0	0	421.1491881602602	421.14918763911083	421.14918816026005
half_serum	ME:MDA-MB-435	magnitude_g2.00	ordinal	0.21723082490924614	0	1	253.7097918067146	208.43194783999215	208.43194814842408
half_serum	ME:MDA-MB-435	ordinal	magnitude_g0.50	0.10141430935003579	0	0	419.41762916256005	380.7991466989982	380.79914717979733
half_serum	ME:MDA-MB-435	ordinal	magnitude_g0.80	0.11264817606501555	0	0	434.1725871325192	390.2155204783701	390.2155209685856
half_serum	ME:MDA-MB-435	ordinal	magnitude_g1.00	0.1195926472201284	0	0	443.6329781021734	396.24499071486724	396.2449912111123
half_serum	ME:MDA-MB-435	ordinal	magnitude_g1.25	0.12815380505612003	0	0	454.9666194322421	403.28421301527214	403.2842135185564
half_serum	ME:MDA-MB-435	ordinal	magnitude_g2.00	0.15273548850887886	0	0	485.4736145482879	421.14918763911083	421.14918816026005
half_serum	ME:MDA-MB-435	ordinal	ordinal	1.479774342784402e-09	0	1	208.4319481484244	208.43194783999215	208.43194814842408
half_serum	ME:SK-MEL-2	magnitude_g0.50	magnitude_g0.50	1.2620837552746752e-09	1	0	381.5568462362801	381.5568457547234	381.55684623628025
half_serum	ME:SK-MEL-2	magnitude_g0.50	magnitude_g0.80	0.0002091153554172828	0	0	391.07382272888736	390.9920602852355	390.99206077622756
half_serum	ME:SK-MEL-2	magnitude_g0.50	magnitude_g1.00	0.0004917853169093521	0	0	397.21737776624576	397.0221281131516	397.02212861017375
half_serum	ME:SK-MEL-2	magnitude_g0.50	magnitude_g1.25	0.0013151017799993624	0	0	404.61857388968485	404.0871581487286	404.08715865281573
half_serum	ME:SK-MEL-2	magnitude_g0.50	magnitude_g2.00	0.00670912138552324	0	0	424.7572881453485	421.9265318275447	421.92653234947124
half_serum	ME:SK-MEL-2	magnitude_g0.50	ordinal	0.15044360102697393	0	1	244.3090547420017	212.36074026046367	212.3607405728244
half_serum	ME:SK-MEL-2	magnitude_g0.80	magnitude_g0.50	0.00026392538851259675	0	1	381.65754829347884	381.5568457547234	381.55684623628025
half_serum	ME:SK-MEL-2	magnitude_g0.80	magnitude_g0.80	1.2557602985842116e-09	0	0	390.9920607762278	390.9920602852355	390.99206077622756
half_serum	ME:SK-MEL-2	magnitude_g0.80	magnitude_g1.00	0.0	1	0	397.0221282416662	397.0221281131516	397.02212861017375
half_serum	ME:SK-MEL-2	magnitude_g0.80	magnitude_g1.25	0.0005040969262567644	0	0	404.2908572430912	404.0871581487286	404.08715865281573
half_serum	ME:SK-MEL-2	magnitude_g0.80	magnitude_g2.00	0.005132218374288994	0	0	424.09195092679005	421.9265318275447	421.92653234947124
half_serum	ME:SK-MEL-2	magnitude_g0.80	ordinal	0.15992508394059524	0	1	246.32254947230527	212.36074026046367	212.3607405728244
half_serum	ME:SK-MEL-2	magnitude_g1.00	magnitude_g0.50	0.00026393799862540183	0	1	381.6575531049537	381.5568457547234	381.55684623628025
half_serum	ME:SK-MEL-2	magnitude_g1.00	magnitude_g0.80	6.577743613971223e-09	0	1	390.992062857081	390.9920602852355	390.99206077622756
half_serum	ME:SK-MEL-2	magnitude_g1.00	magnitude_g1.00	1.2518748796925264e-09	1	0	397.02212861017364	397.0221281131516	397.02212861017375
half_serum	ME:SK-MEL-2	magnitude_g1.00	magnitude_g1.25	0.0005040928541878021	0	0	404.2908555976204	404.0871581487286	404.08715865281573
half_serum	ME:SK-MEL-2	magnitude_g1.00	magnitude_g2.00	0.005132202082482976	0	0	424.09194405284484	421.9265318275447	421.92653234947124
half_serum	ME:SK-MEL-2	magnitude_g1.00	ordinal	0.15992525620198345	0	1	246.3225860538612	212.36074026046367	212.3607405728244
half_serum	ME:SK-MEL-2	magnitude_g1.25	magnitude_g0.50	0.00618580864697175	0	1	383.9170833905042	381.5568457547234	381.55684623628025
half_serum	ME:SK-MEL-2	magnitude_g1.25	magnitude_g0.80	0.0030701371658004776	0	1	392.1924595410501	390.9920602852355	390.99206077622756
half_serum	ME:SK-MEL-2	magnitude_g1.25	magnitude_g1.00	0.0013830299082014772	0	1	397.5712215905499	397.0221281131516	397.02212861017375
half_serum	ME:SK-MEL-2	magnitude_g1.25	magnitude_g1.25	1.2474720571845313e-09	0	1	404.087158652816	404.0871581487286	404.08715865281573
half_serum	ME:SK-MEL-2	magnitude_g1.25	magnitude_g2.00	0.0001957302429334158	0	0	422.00911561011935	421.9265318275447	421.92653234947124
half_serum	ME:SK-MEL-2	magnitude_g1.25	ordinal	0.21143383184664463	0	1	257.2609853075235	212.36074026046367	212.3607405728244
half_serum	ME:SK-MEL-2	magnitude_g2.00	magnitude_g0.50	0.00688044457312729	0	1	384.18212648343604	381.5568457547234	381.55684623628025
half_serum	ME:SK-MEL-2	magnitude_g2.00	magnitude_g0.80	0.0035315080446468587	0	1	392.37285189152584	390.9920602852355	390.99206077622756
half_serum	ME:SK-MEL-2	magnitude_g2.00	magnitude_g1.00	0.0017064656007546317	0	1	397.6996327175151	397.0221281131516	397.02212861017375
half_serum	ME:SK-MEL-2	magnitude_g2.00	magnitude_g1.25	0.0001690464463028154	0	1	404.1554676468102	404.0871581487286	404.08715865281573
half_serum	ME:SK-MEL-2	magnitude_g2.00	magnitude_g2.00	1.2370070560561277e-09	1	0	421.9265323494708	421.9265318275447	421.92653234947124
half_serum	ME:SK-MEL-2	magnitude_g2.00	ordinal	0.21631165368487285	0	1	258.2968431639483	212.36074026046367	212.3607405728244
half_serum	ME:SK-MEL-2	ordinal	magnitude_g0.50	0.09097384995295003	0	0	416.2685409889345	381.5568457547234	381.55684623628025
half_serum	ME:SK-MEL-2	ordinal	magnitude_g0.80	0.10226736020098443	0	0	430.9777861501507	390.9920602852355	390.99206077622756
half_serum	ME:SK-MEL-2	ordinal	magnitude_g1.00	0.10928509524639575	0	0	440.4107291989241	397.0221281131516	397.02212861017375
half_serum	ME:SK-MEL-2	ordinal	magnitude_g1.25	0.11786247230649428	0	0	451.7138696354431	404.0871581487286	404.08715865281573
half_serum	ME:SK-MEL-2	ordinal	magnitude_g2.00	0.14274042406241638	0	0	482.15250390379305	421.9265318275447	421.92653234947124
half_serum	ME:SK-MEL-2	ordinal	ordinal	1.4708967643749115e-09	1	0	212.3607405728244	212.36074026046367	212.3607405728244
half_serum	ME:SK-MEL-28	magnitude_g0.50	magnitude_g0.50	1.263570248487011e-09	1	0	379.4047455922524	379.4047451128479	379.40474559225265
half_serum	ME:SK-MEL-28	magnitude_g0.50	magnitude_g0.80	0.0001428788894243595	0	0	389.0841731959302	389.02858922314766	389.02858971217626
half_serum	ME:SK-MEL-28	magnitude_g0.50	magnitude_g1.00	0.0006871172751974708	0	0	395.339301829665	395.06784388925365	395.0678443843215
half_serum	ME:SK-MEL-28	magnitude_g0.50	magnitude_g1.25	0.0024931946890792587	0	0	402.8774889218099	401.875534972346	401.8755354742215
half_serum	ME:SK-MEL-28	magnitude_g0.50	magnitude_g2.00	0.0072010672936212465	0	0	423.3745954480048	420.3476437784411	420.3476442987888
half_serum	ME:SK-MEL-28	magnitude_g0.50	ordinal	0.09649502984715944	0	1	249.97778174256803	227.97894649592024	227.97894682389918
half_serum	ME:SK-MEL-28	magnitude_g0.80	magnitude_g0.50	0.00010271626137808741	0	1	379.443716149815	379.4047451128479	379.40474559225265
half_serum	ME:SK-MEL-28	magnitude_g0.80	magnitude_g0.80	1.257050528333716e-09	1	1	389.02858971217626	389.02858922314766	389.02858971217626
half_serum	ME:SK-MEL-28	magnitude_g0.80	magnitude_g1.00	0.00039639869748222753	0	0	395.22444826798846	395.06784388925365	395.0678443843215
half_serum	ME:SK-MEL-28	magnitude_g0.80	magnitude_g1.25	0.002034186254897044	0	0	402.6930246617661	401.875534972346	401.8755354742215
half_serum	ME:SK-MEL-28	magnitude_g0.80	magnitude_g2.00	0.006335375335485796	0	0	423.01070387316463	420.3476437784411	420.3476442987888
half_serum	ME:SK-MEL-28	magnitude_g0.80	ordinal	0.10071735299375831	0	1	250.94038252529498	227.97894649592024	227.97894682389918
half_serum	ME:SK-MEL-28	magnitude_g1.00	magnitude_g0.50	0.003576166777753974	0	1	380.76155975764266	379.4047451128479	379.40474559225265
half_serum	ME:SK-MEL-28	magnitude_g1.00	magnitude_g0.80	0.0010381970320509058	0	1	389.4324775498621	389.02858922314766	389.02858971217626
half_serum	ME:SK-MEL-28	magnitude_g1.00	magnitude_g1.00	1.2531205616887127e-09	1	0	395.0678443843213	395.06784388925365	395.0678443843215
half_serum	ME:SK-MEL-28	magnitude_g1.00	magnitude_g1.25	3.641132937035087e-05	0	0	401.89016779481574	401.875534972346	401.8755354742215
half_serum	ME:SK-MEL-28	magnitude_g1.00	magnitude_g2.00	0.0006065550830026512	0	0	420.6026077784031	420.3476437784411	420.3476442987888
half_serum	ME:SK-MEL-28	magnitude_g1.00	ordinal	0.13016387550937802	0	1	257.65356970637436	227.97894649592024	227.97894682389918
half_serum	ME:SK-MEL-28	magnitude_g1.25	magnitude_g0.50	0.0037758455991244704	0	1	380.83731884996917	379.4047451128479	379.40474559225265
half_serum	ME:SK-MEL-28	magnitude_g1.25	magnitude_g0.80	0.0011343003500780104	0	1	389.46986448809383	389.02858922314766	389.02858971217626
half_serum	ME:SK-MEL-28	magnitude_g1.25	magnitude_g1.00	3.39834017668675e-05	0	1	395.0812696385177	395.06784388925365	395.0678443843215
half_serum	ME:SK-MEL-28	magnitude_g1.25	magnitude_g1.25	1.248833857853886e-09	0	0	401.87553547422175	401.875534972346	401.8755354742215
half_serum	ME:SK-MEL-28	magnitude_g1.25	magnitude_g2.00	0.0004006489578011908	0	0	420.51605562383514	420.3476437784411	420.3476442987888
half_serum	ME:SK-MEL-28	magnitude_g1.25	ordinal	0.13179336418646215	0	1	258.025058818303	227.97894649592024	227.97894682389918
half_serum	ME:SK-MEL-28	magnitude_g2.00	magnitude_g0.50	0.0051965088994087305	0	1	381.3763252473047	379.4047451128479	379.40474559225265
half_serum	ME:SK-MEL-28	magnitude_g2.00	magnitude_g0.80	0.002084542182033188	0	1	389.8395357274002	389.02858922314766	389.02858971217626
half_serum	ME:SK-MEL-28	magnitude_g2.00	magnitude_g1.00	0.0007032788033471166	0	1	395.345686729745	395.06784388925365	395.0678443843215
half_serum	ME:SK-MEL-28	magnitude_g2.00	magnitude_g1.25	0.00035278785514632557	0	1	402.01731178036465	401.875534972346	401.8755354742215
half_serum	ME:SK-MEL-28	magnitude_g2.00	magnitude_g2.00	1.237897978314937e-09	1	1	420.3476442987886	420.3476437784411	420.3476442987888
half_serum	ME:SK-MEL-28	magnitude_g2.00	ordinal	0.13909942890337482	0	1	259.6906877554958	227.97894649592024	227.97894682389918
half_serum	ME:SK-MEL-28	ordinal	magnitude_g0.50	0.0971592003672116	0	0	416.2674067635379	379.4047451128479	379.40474559225265
half_serum	ME:SK-MEL-28	ordinal	magnitude_g0.80	0.10804038418940701	0	0	431.05938746347954	389.02858922314766	389.02858971217626
half_serum	ME:SK-MEL-28	ordinal	magnitude_g1.00	0.11507401435005582	0	0	440.52988662621124	395.06784388925365	395.0678443843215
half_serum	ME:SK-MEL-28	ordinal	magnitude_g1.25	0.12437828621624479	0	0	451.8601252844429	401.875534972346	401.8755354742215
half_serum	ME:SK-MEL-28	ordinal	magnitude_g2.00	0.1472984614714589	0	0	482.26420499015836	420.3476437784411	420.3476442987888
half_serum	ME:SK-MEL-28	ordinal	ordinal	1.438636584677723e-09	1	1	227.9789468238991	227.97894649592024	227.97894682389918
half_serum	ME:SK-MEL-5	magnitude_g0.50	magnitude_g0.50	1.2648603265676874e-09	1	1	377.55743597670494	377.5574354991475	377.557435976705
half_serum	ME:SK-MEL-5	magnitude_g0.50	magnitude_g0.80	0.0009125019105143183	0	0	387.77165689165844	387.4181371013855	387.4181375888037
half_serum	ME:SK-MEL-5	magnitude_g0.50	magnitude_g1.00	0.0019882365423153046	0	0	394.34648718689385	393.5639888824584	393.5639893760224
half_serum	ME:SK-MEL-5	magnitude_g0.50	magnitude_g1.25	0.003443066630076802	0	0	402.2485158025316	400.86829953733894	400.8683000382073
half_serum	ME:SK-MEL-5	magnitude_g0.50	magnitude_g2.00	0.008195730429086388	0	0	423.64922395974145	420.20533431483295	420.2053348350383
half_serum	ME:SK-MEL-5	magnitude_g0.50	ordinal	0.09618734896827107	0	1	238.80067130798622	217.84658574352719	217.84658606137376
half_serum	ME:SK-MEL-5	magnitude_g0.80	magnitude_g0.50	0.0009039985928655658	0	1	377.8987468895647	377.5574354991475	377.557435976705
half_serum	ME:SK-MEL-5	magnitude_g0.80	magnitude_g0.80	1.2581191122515188e-09	1	0	387.4181375888037	387.4181371013855	387.4181375888037
half_serum	ME:SK-MEL-5	magnitude_g0.80	magnitude_g1.00	0.0	1	0	393.5639889378389	393.5639888824584	393.5639893760224
half_serum	ME:SK-MEL-5	magnitude_g0.80	magnitude_g1.25	0.0002491342633470674	0	0	400.96816956584337	400.86829953733894	400.8683000382073
half_serum	ME:SK-MEL-5	magnitude_g0.80	magnitude_g2.00	0.0021587196483378863	0	0	421.1124398263548	420.20533431483295	420.2053348350383
half_serum	ME:SK-MEL-5	magnitude_g0.80	ordinal	0.1276308966986879	0	1	245.65054082472116	217.84658574352719	217.84658606137376
half_serum	ME:SK-MEL-5	magnitude_g1.00	magnitude_g0.50	0.0009040311101136691	0	1	377.8987591666935	377.5574354991475	377.557435976705
half_serum	ME:SK-MEL-5	magnitude_g1.00	magnitude_g0.80	1.394732469437969e-08	0	1	387.4181425048321	387.4181371013855	387.4181375888037
half_serum	ME:SK-MEL-5	magnitude_g1.00	magnitude_g1.00	1.2540898016600306e-09	0	0	393.56398937602296	393.5639888824584	393.5639893760224
half_serum	ME:SK-MEL-5	magnitude_g1.00	magnitude_g1.25	0.00024912254425055646	0	0	400.9681648680291	400.86829953733894	400.8683000382073
half_serum	ME:SK-MEL-5	magnitude_g1.00	magnitude_g2.00	0.0021586782399388178	0	0	421.1124224263246	420.20533431483295	420.2053348350383
half_serum	ME:SK-MEL-5	magnitude_g1.00	ordinal	0.1276313492037629	0	1	245.65063940140678	217.84658574352719	217.84658606137376
half_serum	ME:SK-MEL-5	magnitude_g1.25	magnitude_g0.50	0.0020319193061405587	0	1	378.32460174151515	377.5574354991475	377.557435976705
half_serum	ME:SK-MEL-5	magnitude_g1.25	magnitude_g0.80	0.0005175139665790212	0	1	387.6186313982415	387.4181371013855	387.4181375888037
half_serum	ME:SK-MEL-5	magnitude_g1.25	magnitude_g1.00	0.0001560858528380862	0	1	393.62541865330945	393.5639888824584	393.5639893760224
half_serum	ME:SK-MEL-5	magnitude_g1.25	magnitude_g1.25	1.2494588698309463e-09	0	1	400.8683000382074	400.86829953733894	400.8683000382073
half_serum	ME:SK-MEL-5	magnitude_g1.25	magnitude_g2.00	0.0009539414271712118	0	0	420.6061855911542	420.20533431483295	420.2053348350383
half_serum	ME:SK-MEL-5	magnitude_g1.25	ordinal	0.13929531266793796	0	1	248.19159401831456	217.84658574352719	217.84658606137376
half_serum	ME:SK-MEL-5	magnitude_g2.00	magnitude_g0.50	0.007381181631496862	0	1	380.3442555068889	377.5574354991475	377.557435976705
half_serum	ME:SK-MEL-5	magnitude_g2.00	magnitude_g0.80	0.0042647986097214645	0	1	389.0703974338764	387.4181371013855	387.4181375888037
half_serum	ME:SK-MEL-5	magnitude_g2.00	magnitude_g1.00	0.0029399869096875314	0	1	394.7210618578972	393.5639888824584	393.5639893760224
half_serum	ME:SK-MEL-5	magnitude_g2.00	magnitude_g1.25	0.0016895765411633966	0	1	401.5455972123333	400.86829953733894	400.8683000382073
half_serum	ME:SK-MEL-5	magnitude_g2.00	magnitude_g2.00	1.237979024525831e-09	0	1	420.20533483503834	420.20533431483295	420.2053348350383
half_serum	ME:SK-MEL-5	magnitude_g2.00	ordinal	0.1735513079474374	0	1	255.6541456311999	217.84658574352719	217.84658606137376
half_serum	ME:SK-MEL-5	ordinal	magnitude_g0.50	0.08370398034088847	0	0	409.1604956577244	377.5574354991475	377.557435976705
half_serum	ME:SK-MEL-5	ordinal	magnitude_g0.80	0.09406275513595691	0	0	423.85975446678174	387.4181371013855	387.4181375888037
half_serum	ME:SK-MEL-5	ordinal	magnitude_g1.00	0.10090020622935295	0	0	433.2746765251452	393.5639888824584	393.5639893760224
half_serum	ME:SK-MEL-5	ordinal	magnitude_g1.25	0.10895117305032496	0	0	444.54337101062106	400.86829953733894	400.8683000382073
half_serum	ME:SK-MEL-5	ordinal	magnitude_g2.00	0.12994656887995684	0	0	474.8095757341007	420.20533431483295	420.2053348350383
half_serum	ME:SK-MEL-5	ordinal	ordinal	1.459038697961092e-09	0	1	217.84658606137378	217.84658574352719	217.84658606137376
half_serum	ME:UACC-257	magnitude_g0.50	magnitude_g0.50	1.2637415367712982e-09	1	0	379.1578816299424	379.1578811507848	379.1578816299427
half_serum	ME:UACC-257	magnitude_g0.50	magnitude_g0.80	4.605209507313028e-05	0	0	389.275801920293	389.25787577958965	389.25787626884755
half_serum	ME:UACC-257	magnitude_g0.50	magnitude_g1.00	0.00024500415472922314	0	0	395.78378644414204	395.686841523997	395.68684201968387
half_serum	ME:UACC-257	magnitude_g0.50	magnitude_g1.25	0.0011796783781908605	0	0	403.597910471164	403.1223557443271	403.12235624744943
half_serum	ME:UACC-257	magnitude_g0.50	magnitude_g2.00	0.00631548925164639	0	0	424.6966117197701	422.0312777214616	422.0312782434929
half_serum	ME:UACC-257	magnitude_g0.50	ordinal	0.10961170495759204	0	1	242.61957354018398	218.65268044325163	218.6526807619043
half_serum	ME:UACC-257	magnitude_g0.80	magnitude_g0.50	0.00021488943560807986	0	1	379.23935817387166	379.1578811507848	379.1578816299427
half_serum	ME:UACC-257	magnitude_g0.80	magnitude_g0.80	1.2568997515217176e-09	0	0	389.2578762688478	389.25787577958965	389.25787626884755
half_serum	ME:UACC-257	magnitude_g0.80	magnitude_g1.00	4.041846894265103e-05	0	0	395.7028345803121	395.686841523997	395.68684201968387
half_serum	ME:UACC-257	magnitude_g0.80	magnitude_g1.25	0.0007934289380668323	0	0	403.4422046869563	403.1223557443271	403.12235624744943
half_serum	ME:UACC-257	magnitude_g0.80	magnitude_g2.00	0.005480378020228783	0	0	424.3441686597354	422.0312777214616	422.0312782434929
half_serum	ME:UACC-257	magnitude_g0.80	ordinal	0.11582672102280472	0	1	243.9785034618406	218.65268044325163	218.6526807619043
half_serum	ME:UACC-257	magnitude_g1.00	magnitude_g0.50	0.0003953018156669871	0	1	379.30776294962817	379.1578811507848	379.1578816299427
half_serum	ME:UACC-257	magnitude_g1.00	magnitude_g0.80	4.161607063216402e-05	0	1	389.2740751628422	389.25787577958965	389.25787626884755
half_serum	ME:UACC-257	magnitude_g1.00	magnitude_g1.00	1.2527248017783821e-09	1	1	395.6868420196837	395.686841523997	395.68684201968387
half_serum	ME:UACC-257	magnitude_g1.00	magnitude_g1.25	0.000661311178952082	0	0	403.3889450646663	403.1223557443271	403.12235624744943
half_serum	ME:UACC-257	magnitude_g1.00	magnitude_g2.00	0.005133582053093012	0	0	424.1978099146164	422.0312777214616	422.0312782434929
half_serum	ME:UACC-257	magnitude_g1.00	ordinal	0.11776107844561212	0	1	244.40145589727274	218.65268044325163	218.6526807619043
half_serum	ME:UACC-257	magnitude_g1.25	magnitude_g0.50	0.004778048289053173	0	1	380.96951581609835	379.1578811507848	379.1578816299427
half_serum	ME:UACC-257	magnitude_g1.25	magnitude_g0.80	0.0021884524566514424	0	1	390.1097481341104	389.25787577958965	389.25787626884755
half_serum	ME:UACC-257	magnitude_g1.25	magnitude_g1.00	0.0008224809145510563	0	1	396.01228639928945	395.686841523997	395.68684201968387
half_serum	ME:UACC-257	magnitude_g1.25	magnitude_g1.25	1.2480632075911613e-09	1	0	403.12235624744926	403.1223557443271	403.12235624744943
half_serum	ME:UACC-257	magnitude_g1.25	magnitude_g2.00	0.0009696782891568635	0	0	422.44051228881324	422.0312777214616	422.0312782434929
half_serum	ME:UACC-257	magnitude_g1.25	ordinal	0.1542842438783896	0	1	252.38734391742184	218.65268044325163	218.6526807619043
half_serum	ME:UACC-257	magnitude_g2.00	magnitude_g0.50	0.006741522497808299	0	1	381.71398253678416	379.1578811507848	379.1578816299427
half_serum	ME:UACC-257	magnitude_g2.00	magnitude_g0.80	0.0033904931024758213	0	1	390.57765192250474	389.25787577958965	389.25787626884755
half_serum	ME:UACC-257	magnitude_g2.00	magnitude_g1.00	0.0015714419810003084	0	1	396.3086404380972	395.686841523997	395.68684201968387
half_serum	ME:UACC-257	magnitude_g2.00	magnitude_g1.25	0.00023971282422550642	0	1	403.218989342731	403.1223557443271	403.12235624744943
half_serum	ME:UACC-257	magnitude_g2.00	magnitude_g2.00	1.2369490794802526e-09	1	1	422.0312782434928	422.0312777214616	422.0312782434929
half_serum	ME:UACC-257	magnitude_g2.00	ordinal	0.16784226458615628	0	1	255.35184148668014	218.65268044325163	218.6526807619043
half_serum	ME:UACC-257	ordinal	magnitude_g0.50	0.10474519947500774	0	0	418.87284904444505	379.1578811507848	379.1578816299427
half_serum	ME:UACC-257	ordinal	magnitude_g0.80	0.11596969012375068	0	0	434.3999910119781	389.25787577958965	389.25787626884755
half_serum	ME:UACC-257	ordinal	magnitude_g1.00	0.12293828486935726	0	0	444.33190316633033	395.686841523997	395.68684201968387
half_serum	ME:UACC-257	ordinal	magnitude_g1.25	0.13167502890790683	0	0	456.20350359038486	403.1223557443271	403.12235624744943
half_serum	ME:UACC-257	ordinal	magnitude_g2.00	0.15626981778359186	0	0	487.98202858997087	422.0312777214616	422.0312782434929
half_serum	ME:UACC-257	ordinal	ordinal	1.4573465237979642e-09	0	1	218.65268076190435	218.65268044325163	218.6526807619043
half_serum	ME:UACC-62	magnitude_g0.50	magnitude_g0.50	1.2640768006034653e-09	1	1	378.6778770187549	378.67787654007697	378.6778770187549
half_serum	ME:UACC-62	magnitude_g0.50	magnitude_g0.80	0.00011525181984033138	0	0	387.7248482946072	387.68016744979263	387.68016793747285
half_serum	ME:UACC-62	magnitude_g0.50	magnitude_g1.00	0.00038839160490925775	0	0	393.60906191400056	393.4562468108401	393.45624730429637
half_serum	ME:UACC-62	magnitude_g0.50	magnitude_g1.25	0.0007133255120588657	0	0	400.74052943501664	400.45487475642454	400.45487525687946
half_serum	ME:UACC-62	magnitude_g0.50	magnitude_g2.00	0.0029144415754422818	0	0	420.36853124275746	419.1469519398042	419.14695245895115
half_serum	ME:UACC-62	magnitude_g0.50	ordinal	0.19532324722193645	0	1	236.17584022692512	197.5832401618758	197.58324045945903
half_serum	ME:UACC-62	magnitude_g0.80	magnitude_g0.50	0.0003314792436694309	0	1	378.8034003961868	378.67787654007697	378.6778770187549
half_serum	ME:UACC-62	magnitude_g0.80	magnitude_g0.80	1.2579438175251138e-09	1	0	387.6801679374725	387.68016744979263	387.68016793747285
half_serum	ME:UACC-62	magnitude_g0.80	magnitude_g1.00	5.490007203614113e-06	0	0	393.4584068884694	393.4562468108401	393.45624730429637
half_serum	ME:UACC-62	magnitude_g0.80	magnitude_g1.25	2.7844321374510476e-05	0	0	400.46602515065325	400.45487475642454	400.45487525687946
half_serum	ME:UACC-62	magnitude_g0.80	magnitude_g2.00	0.0015037754454627116	0	0	419.7772548341718	419.1469519398042	419.14695245895115
half_serum	ME:UACC-62	magnitude_g0.80	ordinal	0.2055412694439105	0	1	238.1947501655888	197.5832401618758	197.58324045945903
half_serum	ME:UACC-62	magnitude_g1.00	magnitude_g0.50	0.00034849388651447203	0	1	378.80984346500946	378.67787654007697	378.6778770187549
half_serum	ME:UACC-62	magnitude_g1.00	magnitude_g0.80	2.8846030062065756e-06	0	1	387.6812857531691	387.68016744979263	387.68016793747285
half_serum	ME:UACC-62	magnitude_g1.00	magnitude_g1.00	1.2541581405514146e-09	0	0	393.4562473042965	393.4562468108401	393.45624730429637
half_serum	ME:UACC-62	magnitude_g1.00	magnitude_g1.25	1.2984617916870386e-05	0	0	400.4600745099662	400.45487475642454	400.45487525687946
half_serum	ME:UACC-62	magnitude_g1.00	magnitude_g2.00	0.0014669645105347777	0	0	419.7618256429987	419.1469519398042	419.14695245895115
half_serum	ME:UACC-62	magnitude_g1.00	ordinal	0.20582016540393075	0	1	238.24985533303766	197.5832401618758	197.58324045945903
half_serum	ME:UACC-62	magnitude_g1.25	magnitude_g0.50	0.00037991918873913694	0	1	378.82174353172553	378.67787654007697	378.6778770187549
half_serum	ME:UACC-62	magnitude_g1.25	magnitude_g0.80	1.4773263317661516e-05	0	1	387.6858947509894	387.68016744979263	387.68016793747285
half_serum	ME:UACC-62	magnitude_g1.25	magnitude_g1.00	2.1047677604527028e-07	0	1	393.45632962424247	393.4562468108401	393.45624730429637
half_serum	ME:UACC-62	magnitude_g1.25	magnitude_g1.25	1.249716272692606e-09	0	1	400.4548752568795	400.45487475642454	400.45487525687946
half_serum	ME:UACC-62	magnitude_g1.25	magnitude_g2.00	0.0014223237950432748	0	0	419.743114623168	419.1469519398042	419.14695245895115
half_serum	ME:UACC-62	magnitude_g1.25	ordinal	0.20627171925765167	0	1	238.33907480656342	197.5832401618758	197.58324045945903
half_serum	ME:UACC-62	magnitude_g2.00	magnitude_g0.50	0.005962091235792191	0	1	380.93558858898496	378.67787654007697	378.6778770187549
half_serum	ME:UACC-62	magnitude_g2.00	magnitude_g0.80	0.0038280347441730133	0	1	389.16422060041725	387.68016744979263	387.68016793747285
half_serum	ME:UACC-62	magnitude_g2.00	magnitude_g1.00	0.0027443614731076675	0	1	394.53603297594134	393.4562468108401	393.45624730429637
half_serum	ME:UACC-62	magnitude_g2.00	magnitude_g1.25	0.001526592356351377	0	1	401.06620610729135	400.45487475642454	400.45487525687946
half_serum	ME:UACC-62	magnitude_g2.00	magnitude_g2.00	1.2385797061637175e-09	1	0	419.1469524589511	419.1469519398042	419.14695245895115
half_serum	ME:UACC-62	magnitude_g2.00	ordinal	0.25313684909224715	0	1	247.5988390098898	197.5832401618758	197.58324045945903
half_serum	ME:UACC-62	ordinal	magnitude_g0.50	0.1180037069882523	0	0	423.3632697262458	378.67787654007697	378.6778770187549
half_serum	ME:UACC-62	ordinal	magnitude_g0.80	0.13283586782797457	0	0	439.17799893268034	387.68016744979263	387.68016793747285
half_serum	ME:UACC-62	ordinal	magnitude_g1.00	0.14200403278476711	0	0	449.3286205823381	393.4562468108401	393.45624730429637
half_serum	ME:UACC-62	ordinal	magnitude_g1.25	0.15244061258840574	0	0	461.5004611783072	400.45487475642454	400.45487525687946
half_serum	ME:UACC-62	ordinal	magnitude_g2.00	0.17936342782275191	0	0	494.3265860011857	419.1469519398042	419.14695245895115
half_serum	ME:UACC-62	ordinal	ordinal	1.5061160247846739e-09	0	1	197.5832404594591	197.5832401618758	197.58324045945903
half_serum	OV:IGROV1	magnitude_g0.50	magnitude_g0.50	1.271163334266872e-09	1	0	368.78084158305603	368.78084111427535	368.7808415830562
half_serum	OV:IGROV1	magnitude_g0.50	magnitude_g0.80	0.00029051630981005515	0	0	379.34074087416445	379.2305682089212	379.23056868815183
half_serum	OV:IGROV1	magnitude_g0.50	magnitude_g1.00	0.0008776017194610245	0	0	386.1719296248964	385.8333216384012	385.83332212423454
half_serum	OV:IGROV1	magnitude_g0.50	magnitude_g1.25	0.0015554601263702225	0	0	394.4161718410187	393.8036260031508	393.80362649695445
half_serum	OV:IGROV1	magnitude_g0.50	magnitude_g2.00	0.005808859851197226	0	0	416.92068096743196	414.512834008156	414.51283452266887
half_serum	OV:IGROV1	magnitude_g0.50	ordinal	0.14945697542520398	0	1	214.47744243222326	186.5902308808769	186.59023116746712
half_serum	OV:IGROV1	magnitude_g0.80	magnitude_g0.50	0.0006890272914347645	0	1	369.03494117836135	368.78084111427535	368.7808415830562
half_serum	OV:IGROV1	magnitude_g0.80	magnitude_g0.80	1.2636920760487983e-09	0	0	379.2305686881519	379.2305682089212	379.23056868815183
half_serum	OV:IGROV1	magnitude_g0.80	magnitude_g1.00	1.1486172810652142e-05	0	0	385.8377533866096	385.8333216384012	385.83332212423454
half_serum	OV:IGROV1	magnitude_g0.80	magnitude_g1.25	4.959322424599748e-05	0	0	393.82315599468404	393.8036260031508	393.80362649695445
half_serum	OV:IGROV1	magnitude_g0.80	magnitude_g2.00	0.0028227175658121035	0	0	415.6828866659654	414.512834008156	414.51283452266887
half_serum	OV:IGROV1	magnitude_g0.80	ordinal	0.16789138159955036	0	1	217.9171225364464	186.5902308808769	186.59023116746712
half_serum	OV:IGROV1	magnitude_g1.00	magnitude_g0.50	0.0007100342883938173	0	1	369.0426881563692	368.78084111427535	368.7808415830562
half_serum	OV:IGROV1	magnitude_g1.00	magnitude_g0.80	7.487686502645645e-07	0	1	379.2308521648819	379.2305682089212	379.23056868815183
half_serum	OV:IGROV1	magnitude_g1.00	magnitude_g1.00	1.2591796888513655e-09	0	1	385.83332212423466	385.8333216384012	385.83332212423454
half_serum	OV:IGROV1	magnitude_g1.00	magnitude_g1.25	2.4163935946962052e-05	0	0	393.8131418487452	393.8036260031508	393.80362649695445
half_serum	OV:IGROV1	magnitude_g1.00	magnitude_g2.00	0.0027630644350121196	0	0	415.65815967766	414.512834008156	414.51283452266887
half_serum	OV:IGROV1	magnitude_g1.00	ordinal	0.16843264147990644	0	1	218.0181163424886	186.5902308808769	186.59023116746712
half_serum	OV:IGROV1	magnitude_g1.25	magnitude_g0.50	0.0019671488584557008	0	1	369.5062879248936	368.78084111427535	368.7808415830562
half_serum	OV:IGROV1	magnitude_g1.25	magnitude_g0.80	0.000688999259296215	0	1	379.49185778951966	379.2305682089212	379.23056868815183
half_serum	OV:IGROV1	magnitude_g1.25	magnitude_g1.00	0.00035203365473763945	0	1	385.9691479527371	385.8333216384012	385.83332212423454
half_serum	OV:IGROV1	magnitude_g1.25	magnitude_g1.25	1.2539339214142463e-09	0	1	393.8036264969545	393.8036260031508	393.80362649695445
half_serum	OV:IGROV1	magnitude_g1.25	magnitude_g2.00	0.0018556908243727614	0	0	415.2820416708097	414.512834008156	414.51283452266887
half_serum	OV:IGROV1	magnitude_g1.25	ordinal	0.18162942193246334	0	1	220.48050665401544	186.5902308808769	186.59023116746712
half_serum	OV:IGROV1	magnitude_g2.00	magnitude_g0.50	0.005348121700334141	0	1	370.7531259333061	368.78084111427535	368.7808415830562
half_serum	OV:IGROV1	magnitude_g2.00	magnitude_g0.80	0.0027114614575848724	0	1	380.2588372781577	379.2305682089212	379.23056868815183
half_serum	OV:IGROV1	magnitude_g2.00	magnitude_g1.00	0.001566164343016221	0	1	386.43760002909875	385.8333216384012	385.83332212423454
half_serum	OV:IGROV1	magnitude_g2.00	magnitude_g1.25	0.00030441886721060377	0	1	393.9235072568821	393.8036260031508	393.80362649695445
half_serum	OV:IGROV1	magnitude_g2.00	magnitude_g2.00	1.2412476712380458e-09	0	0	414.5128345226691	414.512834008156	414.51283452266887
half_serum	OV:IGROV1	magnitude_g2.00	ordinal	0.2160328007016082	0	1	226.89984104163244	186.5902308808769	186.59023116746712
half_serum	OV:IGROV1	ordinal	magnitude_g0.50	0.1245273962581809	0	0	414.70415904813797	368.78084111427535	368.7808415830562
half_serum	OV:IGROV1	ordinal	magnitude_g0.80	0.13597081167088074	0	0	430.79485637869755	379.2305682089212	379.23056868815183
half_serum	OV:IGROV1	ordinal	magnitude_g1.00	0.14337765298914107	0	0	441.1531977399195	385.8333216384012	385.83332212423454
half_serum	OV:IGROV1	ordinal	magnitude_g1.25	0.151853692099917	0	0	453.6041605740641	393.8036260031508	393.80362649695445
half_serum	OV:IGROV1	ordinal	magnitude_g2.00	0.1756567463547004	0	0	487.3248097522947	414.512834008156	414.51283452266887
half_serum	OV:IGROV1	ordinal	ordinal	1.5359344512943067e-09	0	0	186.59023116746727	186.5902308808769	186.59023116746712
half_serum	OV:NCI/ADR-RES	magnitude_g0.50	magnitude_g0.50	1.2619554799047354e-09	0	1	381.7448612623598	381.7448607806148	381.7448612623597
half_serum	OV:NCI/ADR-RES	magnitude_g0.50	magnitude_g0.80	0.0005237772114177801	0	0	391.51504571006757	391.3100864042111	391.31008689552124
half_serum	OV:NCI/ADR-RES	magnitude_g0.50	magnitude_g1.00	0.0018335375265451607	0	0	397.8142563014117	397.0861838819915	397.0861843790777
half_serum	OV:NCI/ADR-RES	magnitude_g0.50	magnitude_g1.25	0.003304861339332932	0	0	405.394896031184	404.05953529420134	404.0595357982609
half_serum	OV:NCI/ADR-RES	magnitude_g0.50	magnitude_g2.00	0.008910124196433122	0	0	425.9699379479228	422.20801212317616	422.2080126453842
half_serum	OV:NCI/ADR-RES	magnitude_g0.50	ordinal	0.16123823855698222	0	1	239.73920662546575	206.45135396452216	206.4513542709735
half_serum	OV:NCI/ADR-RES	magnitude_g0.80	magnitude_g0.50	0.001643689199915125	0	1	382.37233068540297	381.7448607806148	381.7448612623597
half_serum	OV:NCI/ADR-RES	magnitude_g0.80	magnitude_g0.80	1.2555514525759752e-09	1	0	391.31008689552107	391.3100864042111	391.31008689552124
half_serum	OV:NCI/ADR-RES	magnitude_g0.80	magnitude_g1.00	5.189680889945059e-05	0	0	397.106791387793	397.0861838819915	397.0861843790777
half_serum	OV:NCI/ADR-RES	magnitude_g0.80	magnitude_g1.25	0.0001396706361409512	0	0	404.1159705465347	404.05953529420134	404.0595357982609
half_serum	OV:NCI/ADR-RES	magnitude_g0.80	magnitude_g2.00	0.002618607410090871	0	0	423.31360915232165	422.20801212317616	422.2080126453842
half_serum	OV:NCI/ADR-RES	magnitude_g0.80	ordinal	0.1924293909109164	0	1	246.17866226064916	206.45135396452216	206.4513542709735
half_serum	OV:NCI/ADR-RES	magnitude_g1.00	magnitude_g0.50	0.0018092429053840223	0	1	382.4355299616489	381.7448607806148	381.7448612623597
half_serum	OV:NCI/ADR-RES	magnitude_g1.00	magnitude_g0.80	2.6658288055571124e-05	0	1	391.32051806121353	391.3100864042111	391.31008689552124
half_serum	OV:NCI/ADR-RES	magnitude_g1.00	magnitude_g1.00	1.2518345519534458e-09	1	1	397.0861843790777	397.0861838819915	397.0861843790777
half_serum	OV:NCI/ADR-RES	magnitude_g1.00	magnitude_g1.25	3.4113972001962885e-06	0	0	404.06091370176875	404.05953529420134	404.0595357982609
half_serum	OV:NCI/ADR-RES	magnitude_g1.00	magnitude_g2.00	0.002302537945012906	0	0	423.18016209177824	422.20801212317616	422.2080126453842
half_serum	OV:NCI/ADR-RES	magnitude_g1.00	ordinal	0.1928673005761407	0	1	246.26906930394887	206.45135396452216	206.4513542709735
half_serum	OV:NCI/ADR-RES	magnitude_g1.25	magnitude_g0.50	0.0018511992166100845	0	1	382.4515465678368	381.7448607806148	381.7448612623597
half_serum	OV:NCI/ADR-RES	magnitude_g1.25	magnitude_g0.80	4.703488935427276e-05	0	1	391.32849163082835	391.3100864042111	391.31008689552124
half_serum	OV:NCI/ADR-RES	magnitude_g1.25	magnitude_g1.00	8.654820442283324e-06	0	1	397.0896205916131	397.0861838819915	397.0861843790777
half_serum	OV:NCI/ADR-RES	magnitude_g1.25	magnitude_g1.25	1.2474893896992745e-09	0	0	404.0595357982613	404.05953529420134	404.0595357982609
half_serum	OV:NCI/ADR-RES	magnitude_g1.25	magnitude_g2.00	0.002276584724797888	0	0	423.16920443426307	422.20801212317616	422.2080126453842
half_serum	OV:NCI/ADR-RES	magnitude_g1.25	ordinal	0.19235968098756503	0	1	246.1642705525885	206.45135396452216	206.4513542709735
half_serum	OV:NCI/ADR-RES	magnitude_g2.00	magnitude_g0.50	0.006479103378964896	0	1	384.21822519800094	381.7448607806148	381.7448612623597
half_serum	OV:NCI/ADR-RES	magnitude_g2.00	magnitude_g0.80	0.002931928518931274	0	1	392.4573796062851	391.3100864042111	391.31008689552124
half_serum	OV:NCI/ADR-RES	magnitude_g2.00	magnitude_g1.00	0.0018435713002478084	0	1	397.81824057432124	397.0861838819915	397.0861843790777
half_serum	OV:NCI/ADR-RES	magnitude_g2.00	magnitude_g1.25	0.0006380751321729653	0	1	404.31735563558993	404.05953529420134	404.0595357982609
half_serum	OV:NCI/ADR-RES	magnitude_g2.00	magnitude_g2.00	1.2368501434623706e-09	1	1	422.2080126453842	422.20801212317616	422.2080126453842
half_serum	OV:NCI/ADR-RES	magnitude_g2.00	ordinal	0.23817521878230732	0	1	255.6229503629258	206.45135396452216	206.4513542709735
half_serum	OV:NCI/ADR-RES	ordinal	magnitude_g0.50	0.12060654288132257	0	0	427.7857887020765	381.7448607806148	381.7448612623597
half_serum	OV:NCI/ADR-RES	ordinal	magnitude_g0.80	0.13231079281176306	0	0	443.0846341715918	391.3100864042111	391.31008689552124
half_serum	OV:NCI/ADR-RES	ordinal	magnitude_g1.00	0.14057124185429504	0	0	452.905081873466	397.0861838819915	397.0861843790777
half_serum	OV:NCI/ADR-RES	ordinal	magnitude_g1.25	0.1500326607739632	0	0	464.68166248548147	404.05953529420134	404.0595357982609
half_serum	OV:NCI/ADR-RES	ordinal	magnitude_g2.00	0.17580533607002705	0	0	496.4344335859492	422.20801212317616	422.2080126453842
half_serum	OV:NCI/ADR-RES	ordinal	ordinal	1.484375956506524e-09	0	1	206.45135427097358	206.45135396452216	206.4513542709735
half_serum	OV:OVCAR-3	magnitude_g0.50	magnitude_g0.50	1.2685537999436337e-09	0	1	372.36676645579996	372.3667659834327	372.36676645579945
half_serum	OV:OVCAR-3	magnitude_g0.50	magnitude_g0.80	8.468453115535266e-05	0	0	381.6922235488962	381.6599028589618	381.6599033406217
half_serum	OV:OVCAR-3	magnitude_g0.50	magnitude_g1.00	0.00017500077846900028	0	0	387.75780265974396	387.6899566155316	387.6899571032216
half_serum	OV:OVCAR-3	magnitude_g0.50	magnitude_g1.25	0.00046181736215135074	0	0	395.1103997158848	394.92801510171086	394.9280155966389
half_serum	OV:OVCAR-3	magnitude_g0.50	magnitude_g2.00	0.0015856755104728026	0	0	415.35735647173294	414.6997771908429	414.6997777055427
half_serum	OV:OVCAR-3	magnitude_g0.50	ordinal	0.24971240759745622	0	1	236.69348733815036	189.39836549529682	189.3983657846952
half_serum	OV:OVCAR-3	magnitude_g0.80	magnitude_g0.50	6.680410635923038e-05	0	1	372.3916416124721	372.3667659834327	372.36676645579945
half_serum	OV:OVCAR-3	magnitude_g0.80	magnitude_g0.80	1.2620135823147854e-09	0	1	381.6599033406218	381.6599028589618	381.6599033406217
half_serum	OV:OVCAR-3	magnitude_g0.80	magnitude_g1.00	0.0	1	0	387.68995688284787	387.6899566155316	387.6899571032216
half_serum	OV:OVCAR-3	magnitude_g0.80	magnitude_g1.25	0.0001850930170363145	0	0	395.0011135195382	394.92801510171086	394.9280155966389
half_serum	OV:OVCAR-3	magnitude_g0.80	magnitude_g2.00	0.0010674270335303687	0	0	415.1424389438154	414.6997771908429	414.6997777055427
half_serum	OV:OVCAR-3	magnitude_g0.80	ordinal	0.253055949183473	0	1	237.3267486495075	189.39836549529682	189.3983657846952
half_serum	OV:OVCAR-3	magnitude_g1.00	magnitude_g0.50	6.681267520176162e-05	0	1	372.39164480322427	372.3667659834327	372.36676645579945
half_serum	OV:OVCAR-3	magnitude_g1.00	magnitude_g0.80	4.810521727464601e-09	0	1	381.65990469494506	381.6599028589618	381.6599033406217
half_serum	OV:OVCAR-3	magnitude_g1.00	magnitude_g1.00	1.2579388860719361e-09	0	1	387.6899571032219	387.6899566155316	387.6899571032216
half_serum	OV:OVCAR-3	magnitude_g1.00	magnitude_g1.25	0.00018509024100269066	0	0	395.00111242320475	394.92801510171086	394.9280155966389
half_serum	OV:OVCAR-3	magnitude_g1.00	magnitude_g2.00	0.001067416360732882	0	0	415.1424345178087	414.6997771908429	414.6997777055427
half_serum	OV:OVCAR-3	magnitude_g1.00	ordinal	0.253056069960865	0	1	237.32677152454812	189.39836549529682	189.3983657846952
half_serum	OV:OVCAR-3	magnitude_g1.25	magnitude_g0.50	0.000767929847940701	0	1	372.6527175374125	372.3667659834327	372.36676645579945
half_serum	OV:OVCAR-3	magnitude_g1.25	magnitude_g0.80	0.0003099508638659434	0	1	381.7781986755559	381.6599028589618	381.6599033406217
half_serum	OV:OVCAR-3	magnitude_g1.25	magnitude_g1.00	7.704184750144207e-05	0	1	387.71982496604704	387.6899566155316	387.6899571032216
half_serum	OV:OVCAR-3	magnitude_g1.25	magnitude_g1.25	1.2532108863405948e-09	0	0	394.92801559663894	394.92801510171086	394.9280155966389
half_serum	OV:OVCAR-3	magnitude_g1.25	magnitude_g2.00	0.00025916112835243127	0	0	414.8072512530272	414.6997771908429	414.6997777055427
half_serum	OV:OVCAR-3	magnitude_g1.25	ordinal	0.2626248159600215	0	1	239.13907637662803	189.39836549529682	189.3983657846952
half_serum	OV:OVCAR-3	magnitude_g2.00	magnitude_g0.50	0.0020706072485144472	0	1	373.13779130818386	372.3667659834327	372.36676645579945
half_serum	OV:OVCAR-3	magnitude_g2.00	magnitude_g0.80	0.0011931053097401817	0	1	382.11526331557775	381.6599028589618	381.6599033406217
half_serum	OV:OVCAR-3	magnitude_g2.00	magnitude_g1.00	0.0007139777591277307	0	1	387.9667586219923	387.6899566155316	387.6899571032216
half_serum	OV:OVCAR-3	magnitude_g2.00	magnitude_g1.25	0.00036401772932937137	0	1	395.07177590101674	394.92801510171086	394.9280155966389
half_serum	OV:OVCAR-3	magnitude_g2.00	magnitude_g2.00	1.2411379950530938e-09	1	1	414.69977770554254	414.6997771908429	414.6997777055427
half_serum	OV:OVCAR-3	magnitude_g2.00	ordinal	0.26912534852023445	0	1	240.37026661838132	189.39836549529682	189.3983657846952
half_serum	OV:OVCAR-3	ordinal	magnitude_g0.50	0.12926851038116016	0	0	420.5020631375611	372.3667659834327	372.36676645579945
half_serum	OV:OVCAR-3	ordinal	magnitude_g0.80	0.14525826366325828	0	0	437.0991576581424	381.6599028589618	381.6599033406217
half_serum	OV:OVCAR-3	ordinal	magnitude_g1.00	0.15500879486575342	0	0	447.7853095720614	387.6899566155316	387.6899571032216
half_serum	OV:OVCAR-3	ordinal	magnitude_g1.25	0.16636972678530584	0	0	460.63208107404563	394.92801510171086	394.9280155966389
half_serum	OV:OVCAR-3	ordinal	magnitude_g2.00	0.19469958720155367	0	0	495.4416526224763	414.6997771908429	414.6997777055427
half_serum	OV:OVCAR-3	ordinal	ordinal	1.527987845080419e-09	0	1	189.39836578469522	189.39836549529682	189.3983657846952
half_serum	OV:OVCAR-4	magnitude_g0.50	magnitude_g0.50	1.2692757417742224e-09	1	0	371.36645645218937	371.36645598082293	371.3664564521894
half_serum	OV:OVCAR-4	magnitude_g0.50	magnitude_g0.80	0.0005656051906689324	0	0	381.6846946304595	381.46893382141116	381.4689343028801
half_serum	OV:OVCAR-4	magnitude_g0.50	magnitude_g1.00	0.0011289727470110626	0	0	388.35208178518326	387.9141372959958	387.91413778390995
half_serum	OV:OVCAR-4	magnitude_g0.50	magnitude_g1.25	0.0019159391042282512	0	0	396.39136236550564	395.6333529536448	395.6333534492782
half_serum	OV:OVCAR-4	magnitude_g0.50	magnitude_g2.00	0.005752248563983797	0	0	418.30609741272525	415.91365866691723	415.9136591828309
half_serum	OV:OVCAR-4	magnitude_g0.50	ordinal	0.11588031652708322	0	1	221.2008690047099	198.22992280493477	198.22992310316468
half_serum	OV:OVCAR-4	magnitude_g0.80	magnitude_g0.50	0.00035979084353724366	0	1	371.5000702312817	371.36645598082293	371.3664564521894
half_serum	OV:OVCAR-4	magnitude_g0.80	magnitude_g0.80	1.2621443870555034e-09	1	0	381.46893430288003	381.46893382141116	381.4689343028801
half_serum	OV:OVCAR-4	magnitude_g0.80	magnitude_g1.00	1.6270228019860336e-05	0	1	387.9204487474617	387.9141372959958	387.91413778390995
half_serum	OV:OVCAR-4	magnitude_g0.80	magnitude_g1.25	0.000191376956937837	0	0	395.7090680607962	395.6333529536448	395.6333534492782
half_serum	OV:OVCAR-4	magnitude_g0.80	magnitude_g2.00	0.002590390982230248	0	0	416.9910376577144	415.91365866691723	415.9136591828309
half_serum	OV:OVCAR-4	magnitude_g0.80	ordinal	0.13697845952019488	0	1	225.3831522615619	198.22992280493477	198.22992310316468
half_serum	OV:OVCAR-4	magnitude_g1.00	magnitude_g0.50	0.00039757311479434165	0	1	371.51410129945737	371.36645598082293	371.3664564521894
half_serum	OV:OVCAR-4	magnitude_g1.00	magnitude_g0.80	3.6366728189909923e-06	0	0	381.4703210991141	381.46893382141116	381.4689343028801
half_serum	OV:OVCAR-4	magnitude_g1.00	magnitude_g1.00	1.2577888192148405e-09	1	1	387.91413778390984	387.9141372959958	387.91413778390995
half_serum	OV:OVCAR-4	magnitude_g1.00	magnitude_g1.25	0.00015303740646665918	0	0	395.69389965589255	395.6333529536448	395.6333534492782
half_serum	OV:OVCAR-4	magnitude_g1.00	magnitude_g2.00	0.0025004946010342317	0	0	416.95364852491025	415.91365866691723	415.9136591828309
half_serum	OV:OVCAR-4	magnitude_g1.00	ordinal	0.1376723167687471	0	1	225.52069553038004	198.22992280493477	198.22992310316468
half_serum	OV:OVCAR-4	magnitude_g1.25	magnitude_g0.50	0.0012076073522741349	0	1	371.81492084345336	371.36645598082293	371.3664564521894
half_serum	OV:OVCAR-4	magnitude_g1.25	magnitude_g0.80	0.00038927403483445276	0	1	381.6174297724438	381.46893382141116	381.4689343028801
half_serum	OV:OVCAR-4	magnitude_g1.25	magnitude_g1.00	0.00013249177056827893	0	1	387.9655327268746	387.9141372959958	387.91413778390995
half_serum	OV:OVCAR-4	magnitude_g1.25	magnitude_g1.25	1.2527595414562092e-09	0	1	395.6333534492783	395.6333529536448	395.6333534492782
half_serum	OV:OVCAR-4	magnitude_g1.25	magnitude_g2.00	0.001663992771539759	0	0	416.60573598852363	415.91365866691723	415.9136591828309
half_serum	OV:OVCAR-4	magnitude_g1.25	ordinal	0.14868190813191992	0	1	227.70312597641566	198.22992280493477	198.22992310316468
half_serum	OV:OVCAR-4	magnitude_g2.00	magnitude_g0.50	0.0049376228279912025	0	1	373.20012347142404	371.36645598082293	371.3664564521894
half_serum	OV:OVCAR-4	magnitude_g2.00	magnitude_g0.80	0.0027115953589376784	0	1	382.5033232119402	381.46893382141116	381.4689343028801
half_serum	OV:OVCAR-4	magnitude_g2.00	magnitude_g1.00	0.0016195854995340756	0	1	388.54239740782464	387.9141372959958	387.91413778390995
half_serum	OV:OVCAR-4	magnitude_g2.00	magnitude_g1.25	0.0005498620405450548	0	1	395.8508967164076	395.6333529536448	395.6333534492782
half_serum	OV:OVCAR-4	magnitude_g2.00	magnitude_g2.00	1.2404331421276934e-09	1	0	415.9136591828303	415.91365866691723	415.9136591828309
half_serum	OV:OVCAR-4	magnitude_g2.00	ordinal	0.18462067035577354	0	1	234.82726403775507	198.22992280493477	198.22992310316468
half_serum	OV:OVCAR-4	ordinal	magnitude_g0.50	0.08473669281223838	0	0	402.83482128203957	371.36645598082293	371.3664564521894
half_serum	OV:OVCAR-4	ordinal	magnitude_g0.80	0.09476583608175128	0	0	417.61915627421143	381.46893382141116	381.4689343028801
half_serum	OV:OVCAR-4	ordinal	magnitude_g1.00	0.10106203064086798	0	0	427.11752772542957	387.9141372959958	387.91413778390995
half_serum	OV:OVCAR-4	ordinal	magnitude_g1.25	0.10838956260621627	0	0	438.51587903272116	395.6333529536448	395.6333534492782
half_serum	OV:OVCAR-4	ordinal	magnitude_g2.00	0.12834455929470934	0	0	469.2939138931729	415.91365866691723	415.9136591828309
half_serum	OV:OVCAR-4	ordinal	ordinal	1.504465342247785e-09	0	1	198.22992310316482	198.22992280493477	198.22992310316468
half_serum	OV:OVCAR-5	magnitude_g0.50	magnitude_g0.50	1.2637922331546142e-09	1	0	379.0860440324841	379.0860435533981	379.08604403248415
half_serum	OV:OVCAR-5	magnitude_g0.50	magnitude_g0.80	0.0005968092881016968	0	0	389.08254620856945	388.85047663243245	388.85047712128295
half_serum	OV:OVCAR-5	magnitude_g0.50	magnitude_g1.00	0.001215259517957723	0	0	395.5213892735613	395.04131155970185	395.0413120547432
half_serum	OV:OVCAR-5	magnitude_g0.50	magnitude_g1.25	0.002762123003562439	0	0	403.2627239222113	402.1519308231576	402.1519313253096
half_serum	OV:OVCAR-5	magnitude_g0.50	magnitude_g2.00	0.0069463485451799305	0	0	424.23118040593204	421.30465145323234	421.304651974537
half_serum	OV:OVCAR-5	magnitude_g0.50	ordinal	0.18890589350884435	0	1	235.3489918587993	197.9542646257801	197.95426492373437
half_serum	OV:OVCAR-5	magnitude_g0.80	magnitude_g0.50	0.00019503525662762947	0	1	379.1599786971865	379.0860435533981	379.08604403248415
half_serum	OV:OVCAR-5	magnitude_g0.80	magnitude_g0.80	1.2571681808873347e-09	1	1	388.8504771212829	388.85047663243245	388.85047712128295
half_serum	OV:OVCAR-5	magnitude_g0.80	magnitude_g1.00	0.00014531984482265314	0	0	395.09871890179625	395.04131155970185	395.0413120547432
half_serum	OV:OVCAR-5	magnitude_g0.80	magnitude_g1.25	0.0011568338158428487	0	0	402.61715377584034	402.1519308231576	402.1519313253096
half_serum	OV:OVCAR-5	magnitude_g0.80	magnitude_g2.00	0.004057024127463288	0	0	423.0138945891906	421.30465145323234	421.304651974537
half_serum	OV:OVCAR-5	magnitude_g0.80	ordinal	0.20582294860301106	0	1	238.6977950595989	197.9542646257801	197.95426492373437
half_serum	OV:OVCAR-5	magnitude_g1.00	magnitude_g0.50	0.0019256227796388174	0	1	379.8160202743077	379.0860435533981	379.08604403248415
half_serum	OV:OVCAR-5	magnitude_g1.00	magnitude_g0.80	0.0005529232973696814	0	1	389.0654811201558	388.85047663243245	388.85047712128295
half_serum	OV:OVCAR-5	magnitude_g1.00	magnitude_g1.00	1.2544108311610108e-09	0	0	395.04131205524595	395.04131155970185	395.0413120547432
half_serum	OV:OVCAR-5	magnitude_g1.00	magnitude_g1.25	0.0002281524572005393	0	0	402.24368277434286	402.1519308231576	402.1519313253096
half_serum	OV:OVCAR-5	magnitude_g1.00	magnitude_g2.00	0.0012825473308385935	0	0	421.84499460942357	421.30465145323234	421.304651974537
half_serum	OV:OVCAR-5	magnitude_g1.00	ordinal	0.23051370857656484	0	1	243.58543629321537	197.9542646257801	197.95426492373437
half_serum	OV:OVCAR-5	magnitude_g1.25	magnitude_g0.50	0.002779594888227028	0	1	380.13974918225733	379.0860435533981	379.08604403248415
half_serum	OV:OVCAR-5	magnitude_g1.25	magnitude_g0.80	0.0009263238278228416	0	1	389.21067809439734	388.85047663243245	388.85047712128295
half_serum	OV:OVCAR-5	magnitude_g1.25	magnitude_g1.00	8.944908086933676e-05	0	1	395.0766476419263	395.04131155970185	395.0413120547432
half_serum	OV:OVCAR-5	magnitude_g1.25	magnitude_g1.25	1.2486616479595514e-09	1	1	402.1519313253093	402.1519308231576	402.1519313253096
half_serum	OV:OVCAR-5	magnitude_g1.25	magnitude_g2.00	0.00030984639958463005	0	0	421.4351911826134	421.30465145323234	421.304651974537
half_serum	OV:OVCAR-5	magnitude_g1.25	ordinal	0.24069623042698066	0	1	245.60110991815037	197.9542646257801	197.95426492373437
half_serum	OV:OVCAR-5	magnitude_g2.00	magnitude_g0.50	0.007036544963031271	0	1	381.7534995437192	379.0860435533981	379.08604403248415
half_serum	OV:OVCAR-5	magnitude_g2.00	magnitude_g0.80	0.003981454895502732	0	1	390.3986672662392	388.85047663243245	388.85047712128295
half_serum	OV:OVCAR-5	magnitude_g2.00	magnitude_g1.00	0.002432759664993197	0	1	396.0023521284703	395.04131155970185	395.0413120547432
half_serum	OV:OVCAR-5	magnitude_g2.00	magnitude_g1.25	0.0015480385085443577	0	1	402.7744774983573	402.1519308231576	402.1519313253096
half_serum	OV:OVCAR-5	magnitude_g2.00	magnitude_g2.00	1.2373584138818882e-09	0	1	421.3046519745372	421.30465145323234	421.304651974537
half_serum	OV:OVCAR-5	magnitude_g2.00	ordinal	0.2617400536600858	0	1	249.7668244711746	197.9542646257801	197.95426492373437
half_serum	OV:OVCAR-5	ordinal	magnitude_g0.50	0.12530654877311842	0	0	426.5880073591305	379.0860435533981	379.08604403248415
half_serum	OV:OVCAR-5	ordinal	magnitude_g0.80	0.13915973947980115	0	0	442.96280765719825	388.85047663243245	388.85047712128295
half_serum	OV:OVCAR-5	ordinal	magnitude_g1.00	0.1478537708650759	0	0	453.4496591212891	395.04131155970185	395.0413120547432
half_serum	OV:OVCAR-5	ordinal	magnitude_g1.25	0.1587642371439966	0	0	465.9992753362815	402.1519308231576	402.1519313253096
half_serum	OV:OVCAR-5	ordinal	magnitude_g2.00	0.18604936885363446	0	0	499.68811595120667	421.30465145323234	421.304651974537
half_serum	OV:OVCAR-5	ordinal	ordinal	1.5051666590073246e-09	1	0	197.95426492373426	197.9542646257801	197.95426492373437
half_serum	OV:OVCAR-8	magnitude_g0.50	magnitude_g0.50	1.2625106688502282e-09	1	0	380.93598074574834	380.9359802648126	380.9359807457486
half_serum	OV:OVCAR-8	magnitude_g0.50	magnitude_g0.80	0.0003999607264918949	0	0	390.8975275513267	390.74124639854676	390.74124688928805
half_serum	OV:OVCAR-8	magnitude_g0.50	magnitude_g1.00	0.0013786292612728802	0	0	397.31628733932456	396.76928958672585	396.76929008349515
half_serum	OV:OVCAR-8	magnitude_g0.50	magnitude_g1.25	0.0025768520807094237	0	0	405.0367906479279	403.99575335030937	403.9957538543051
half_serum	OV:OVCAR-8	magnitude_g0.50	magnitude_g2.00	0.008001278071158689	0	0	425.970123678392	422.58887259895033	422.5888731215392
half_serum	OV:OVCAR-8	magnitude_g0.50	ordinal	0.11932259759968131	0	1	232.522178821755	207.73473109574002	207.73473140347474
half_serum	OV:OVCAR-8	magnitude_g0.80	magnitude_g0.50	0.0012655294566220276	0	1	381.4180659689249	380.9359802648126	380.9359807457486
half_serum	OV:OVCAR-8	magnitude_g0.80	magnitude_g0.80	1.2559242312915368e-09	0	1	390.74124688928816	390.74124639854676	390.74124688928805
half_serum	OV:OVCAR-8	magnitude_g0.80	magnitude_g1.00	2.890955127899704e-09	0	1	396.76929073376806	396.76928958672585	396.76929008349515
half_serum	OV:OVCAR-8	magnitude_g0.80	magnitude_g1.25	0.0001082302214934912	0	0	404.0394779001769	403.99575335030937	403.9957538543051
half_serum	OV:OVCAR-8	magnitude_g0.80	magnitude_g2.00	0.0029856455383499244	0	0	423.8505731809817	422.58887259895033	422.5888731215392
half_serum	OV:OVCAR-8	magnitude_g0.80	ordinal	0.15240814633840796	0	1	239.3951963921494	207.73473109574002	207.73473140347474
half_serum	OV:OVCAR-8	magnitude_g1.00	magnitude_g0.50	0.0012655355812530211	0	1	381.4180683020172	380.9359802648126	380.9359807457486
half_serum	OV:OVCAR-8	magnitude_g1.00	magnitude_g0.80	2.489167321249074e-09	0	0	390.7412473711671	390.74124639854676	390.74124688928805
half_serum	OV:OVCAR-8	magnitude_g1.00	magnitude_g1.00	1.2520355259871106e-09	1	0	396.7692900834951	396.76928958672585	396.76929008349515
half_serum	OV:OVCAR-8	magnitude_g1.00	magnitude_g1.25	0.00010822538967935568	0	0	404.0394759481445	403.99575335030937	403.9957538543051
half_serum	OV:OVCAR-8	magnitude_g1.00	magnitude_g2.00	0.00298563332590272	0	0	423.8505680201374	422.58887259895033	422.5888731215392
half_serum	OV:OVCAR-8	magnitude_g1.00	ordinal	0.15240825059379393	0	1	239.39521804961396	207.73473109574002	207.73473140347474
half_serum	OV:OVCAR-8	magnitude_g1.25	magnitude_g0.50	0.0031353387482003707	0	1	382.13034360432056	380.9359802648126	380.9359807457486
half_serum	OV:OVCAR-8	magnitude_g1.25	magnitude_g0.80	0.0009939781251957155	0	1	391.12963465007863	390.74124639854676	390.74124688928805
half_serum	OV:OVCAR-8	magnitude_g1.25	magnitude_g1.00	0.0004746103438732633	0	1	396.95760039569495	396.76928958672585	396.76929008349515
half_serum	OV:OVCAR-8	magnitude_g1.25	magnitude_g1.25	1.2475276275313718e-09	0	0	403.99575385430524	403.99575335030937	403.9957538543051
half_serum	OV:OVCAR-8	magnitude_g1.25	magnitude_g2.00	0.0015053771996393567	0	0	423.2250282525821	422.58887259895033	422.5888731215392
half_serum	OV:OVCAR-8	magnitude_g1.25	ordinal	0.17138122855696675	0	1	243.33656452487907	207.73473109574002	207.73473140347474
half_serum	OV:OVCAR-8	magnitude_g2.00	magnitude_g0.50	0.0070603287646545144	0	1	383.6255135237681	380.9359802648126	380.9359807457486
half_serum	OV:OVCAR-8	magnitude_g2.00	magnitude_g0.80	0.0035277257482488086	0	1	392.11967435436975	390.74124639854676	390.74124688928805
half_serum	OV:OVCAR-8	magnitude_g2.00	magnitude_g1.00	0.002176505651014048	0	1	397.6328601876602	396.76928958672585	396.76929008349515
half_serum	OV:OVCAR-8	magnitude_g2.00	magnitude_g1.25	0.0007601822573362317	0	1	404.30286375404546	403.99575335030937	403.9957538543051
half_serum	OV:OVCAR-8	magnitude_g2.00	magnitude_g2.00	1.2366366583623532e-09	1	1	422.5888731215392	422.58887259895033	422.5888731215392
half_serum	OV:OVCAR-8	magnitude_g2.00	ordinal	0.19507483620860638	0	1	248.2585497390804	207.73473109574002	207.73473140347474
half_serum	OV:OVCAR-8	ordinal	magnitude_g0.50	0.11079120548696995	0	0	423.1403367317118	380.9359802648126	380.9359807457486
half_serum	OV:OVCAR-8	ordinal	magnitude_g0.80	0.12094425993046977	0	0	437.99915726852834	390.74124639854676	390.74124688928805
half_serum	OV:OVCAR-8	ordinal	magnitude_g1.00	0.12790873258809815	0	0	447.51954654764404	396.76928958672585	396.76929008349515
half_serum	OV:OVCAR-8	ordinal	magnitude_g1.25	0.1359476047534115	0	0	458.91800834883395	403.99575335030937	403.9957538543051
half_serum	OV:OVCAR-8	ordinal	magnitude_g2.00	0.1584542315124455	0	0	489.54986765232775	422.58887259895033	422.5888731215392
half_serum	OV:OVCAR-8	ordinal	ordinal	1.4813827045146353e-09	1	0	207.73473140347465	207.73473109574002	207.73473140347474
half_serum	OV:SK-OV-3	magnitude_g0.50	magnitude_g0.50	1.2630544979335189e-09	1	0	380.14936708491337	380.149366604764	380.14936708491337
half_serum	OV:SK-OV-3	magnitude_g0.50	magnitude_g0.80	0.0008471172879384797	0	0	389.7982870881541	389.468361705848	389.4683621953164
half_serum	OV:SK-OV-3	magnitude_g0.50	magnitude_g1.00	0.0019672500364969385	0	0	396.03842004093065	395.26084313285173	395.2608436281126
half_serum	OV:SK-OV-3	magnitude_g0.50	magnitude_g1.25	0.0035628491021016642	0	0	403.5681484608424	402.13540070950125	402.1354012116367
half_serum	OV:SK-OV-3	magnitude_g0.50	magnitude_g2.00	0.008108946253275889	0	0	424.1271819272452	420.7156215640686	420.71562208478423
half_serum	OV:SK-OV-3	magnitude_g0.50	ordinal	0.2108463992372717	0	1	228.15743914908924	188.42806097685772	188.42806126528578
half_serum	OV:SK-OV-3	magnitude_g0.80	magnitude_g0.50	0.0009907916731494743	0	1	380.52601543174904	380.149366604764	380.14936708491337
half_serum	OV:SK-OV-3	magnitude_g0.80	magnitude_g0.80	1.2567606331220311e-09	0	0	389.4683621953165	389.468361705848	389.4683621953164
half_serum	OV:SK-OV-3	magnitude_g0.80	magnitude_g1.00	2.5872810557123237e-05	0	0	395.27106964176676	395.26084313285173	395.2608436281126
half_serum	OV:SK-OV-3	magnitude_g0.80	magnitude_g1.25	0.0003896310732244111	0	0	402.2920851572612	402.13540070950125	402.1354012116367
half_serum	OV:SK-OV-3	magnitude_g0.80	magnitude_g2.00	0.0020141601350242375	0	0	421.5630101972049	420.7156215640686	420.71562208478423
half_serum	OV:SK-OV-3	magnitude_g0.80	ordinal	0.2516098758658447	0	1	235.8384220088867	188.42806097685772	188.42806126528578
half_serum	OV:SK-OV-3	magnitude_g1.00	magnitude_g0.50	0.001393065619045218	0	1	380.6789396174829	380.149366604764	380.14936708491337
half_serum	OV:SK-OV-3	magnitude_g1.00	magnitude_g0.80	0.0001343907076469815	0	1	389.52070263458376	389.468361705848	389.4683621953164
half_serum	OV:SK-OV-3	magnitude_g1.00	magnitude_g1.00	1.2529982214073995e-09	0	0	395.26084362811287	395.26084313285173	395.2608436281126
half_serum	OV:SK-OV-3	magnitude_g1.00	magnitude_g1.25	0.00018241365152563154	0	0	402.2087556963524	402.13540070950125	402.1354012116367
half_serum	OV:SK-OV-3	magnitude_g1.00	magnitude_g2.00	0.0013711743651517458	0	0	421.29249603937615	420.7156215640686	420.71562208478423
half_serum	OV:SK-OV-3	magnitude_g1.00	ordinal	0.25891859441009263	0	1	237.21558967240495	188.42806097685772	188.42806126528578
half_serum	OV:SK-OV-3	magnitude_g1.25	magnitude_g0.50	0.002730877824319664	0	1	381.1875080799541	380.149366604764	380.14936708491337
half_serum	OV:SK-OV-3	magnitude_g1.25	magnitude_g0.80	0.0008107085158314532	0	1	389.78410702332985	389.468361705848	389.4683621953164
half_serum	OV:SK-OV-3	magnitude_g1.25	magnitude_g1.00	0.0002755496706970572	0	1	395.36975712801643	395.26084313285173	395.2608436281126
half_serum	OV:SK-OV-3	magnitude_g1.25	magnitude_g1.25	1.2497213941752794e-09	0	0	402.13540121205847	402.13540070950125	402.1354012116367
half_serum	OV:SK-OV-3	magnitude_g1.25	magnitude_g2.00	7.00227024626399e-05	0	0	420.7450812088588	420.7156215640686	420.71562208478423
half_serum	OV:SK-OV-3	magnitude_g1.25	ordinal	0.27899282878316767	0	1	240.99813873091847	188.42806097685772	188.42806126528578
half_serum	OV:SK-OV-3	magnitude_g2.00	magnitude_g0.50	0.002953638887269682	0	1	381.27219055693877	380.149366604764	380.14936708491337
half_serum	OV:SK-OV-3	magnitude_g2.00	magnitude_g0.80	0.0009489576773592062	0	1	389.8379506977773	389.468361705848	389.4683621953164
half_serum	OV:SK-OV-3	magnitude_g2.00	magnitude_g1.00	0.00036583640187012087	0	1	395.4054439375036	395.26084313285173	395.2608436281126
half_serum	OV:SK-OV-3	magnitude_g2.00	magnitude_g1.25	3.87273145321904e-05	0	1	402.15097433364906	402.13540070950125	402.1354012116367
half_serum	OV:SK-OV-3	magnitude_g2.00	magnitude_g2.00	1.237690369829645e-09	0	0	420.7156220847843	420.7156215640686	420.71562208478423
half_serum	OV:SK-OV-3	magnitude_g2.00	ordinal	0.2796361268488996	0	1	241.1193541380745	188.42806097685772	188.42806126528578
half_serum	OV:SK-OV-3	ordinal	magnitude_g0.50	0.1455782013530536	0	0	435.4908276405881	380.149366604764	380.14936708491337
half_serum	OV:SK-OV-3	ordinal	magnitude_g0.80	0.1599706480178019	0	0	451.77186791036416	389.468361705848	389.4683621953164
half_serum	OV:SK-OV-3	ordinal	magnitude_g1.00	0.16942781462589934	0	0	462.2290239920412	395.26084313285173	395.2608436281126
half_serum	OV:SK-OV-3	ordinal	magnitude_g1.25	0.18063843035300312	0	0	474.7765082830415	402.13540070950125	402.1354012116367
half_serum	OV:SK-OV-3	ordinal	magnitude_g2.00	0.20903621941456038	0	0	508.6604245444684	420.7156215640686	420.71562208478423
half_serum	OV:SK-OV-3	ordinal	ordinal	1.5307066351990014e-09	0	1	188.4280612652858	188.42806097685772	188.42806126528578
half_serum	PR:DU-145	magnitude_g0.50	magnitude_g0.50	1.2644594483090307e-09	1	1	378.1296042497253	378.1296037715957	378.12960424972533
half_serum	PR:DU-145	magnitude_g0.50	magnitude_g0.80	0.0011754552252696735	0	0	388.06416106628404	387.6085445772016	387.6085450648102
half_serum	PR:DU-145	magnitude_g0.50	magnitude_g1.00	0.002437967223379567	0	0	394.49468290143216	393.5352568440022	393.5352573375375
half_serum	PR:DU-145	magnitude_g0.50	magnitude_g1.25	0.004089218856925923	0	0	402.25702068299563	400.618802720472	400.61880322109084
half_serum	PR:DU-145	magnitude_g0.50	magnitude_g2.00	0.009937156395405827	0	0	423.44609837340795	419.2796509089149	419.2796514281946
half_serum	PR:DU-145	magnitude_g0.50	ordinal	0.13627706126914235	0	1	229.1816732369229	201.6952388187287	201.69523912042393
half_serum	PR:DU-145	magnitude_g0.80	magnitude_g0.50	0.0007345736622340962	0	1	378.40736781943735	378.1296037715957	378.12960424972533
half_serum	PR:DU-145	magnitude_g0.80	magnitude_g0.80	1.2579922144435034e-09	1	0	387.60854506481013	387.6085445772016	387.6085450648102
half_serum	PR:DU-145	magnitude_g0.80	magnitude_g1.00	0.00013049867725002258	0	0	393.5866126744716	393.5352568440022	393.5352573375375
half_serum	PR:DU-145	magnitude_g0.80	magnitude_g1.25	0.0005123846492841173	0	0	400.82407364520054	400.618802720472	400.61880322109084
half_serum	PR:DU-145	magnitude_g0.80	magnitude_g2.00	0.0033611548389090484	0	0	420.6889147364235	419.2796509089149	419.2796514281946
half_serum	PR:DU-145	magnitude_g0.80	ordinal	0.17546739253995447	0	1	237.08617646197445	201.6952388187287	201.69523912042393
half_serum	PR:DU-145	magnitude_g1.00	magnitude_g0.50	0.0014406878679852782	0	1	378.67437050427554	378.1296037715957	378.12960424972533
half_serum	PR:DU-145	magnitude_g1.00	magnitude_g0.80	0.00017872000661578837	0	1	387.6778179788528	387.6085445772016	387.6085450648102
half_serum	PR:DU-145	magnitude_g1.00	magnitude_g1.00	1.254106830254445e-09	1	1	393.5352573375375	393.5352568440022	393.5352573375375
half_serum	PR:DU-145	magnitude_g1.00	magnitude_g1.25	3.849580164586732e-05	0	0	400.6342248624371	400.618802720472	400.61880322109084
half_serum	PR:DU-145	magnitude_g1.00	magnitude_g2.00	0.0020944885239319194	0	0	420.1578273260618	419.2796509089149	419.2796514281946
half_serum	PR:DU-145	magnitude_g1.00	ordinal	0.18623642146436797	0	1	239.25823832272982	201.6952388187287	201.69523912042393
half_serum	PR:DU-145	magnitude_g1.25	magnitude_g0.50	0.003028945150393397	0	1	379.2749376011599	378.1296037715957	378.12960424972533
half_serum	PR:DU-145	magnitude_g1.25	magnitude_g0.80	0.0010457756614835536	0	1	388.0138961593035	387.6085445772016	387.6085450648102
half_serum	PR:DU-145	magnitude_g1.25	magnitude_g1.00	0.0004400467268243919	0	1	393.7084307456664	393.5352568440022	393.5352573375375
half_serum	PR:DU-145	magnitude_g1.25	magnitude_g1.25	1.2496145388406461e-09	0	0	400.61880322109107	400.618802720472	400.61880322109084
half_serum	PR:DU-145	magnitude_g1.25	magnitude_g2.00	0.0009300121364481818	0	0	419.66958607282595	419.2796509089149	419.2796514281946
half_serum	PR:DU-145	magnitude_g1.25	ordinal	0.2023154377187375	0	1	242.5012993461251	201.6952388187287	201.69523912042393
half_serum	PR:DU-145	magnitude_g2.00	magnitude_g0.50	0.00758433283289753	0	1	380.9974645405712	378.1296037715957	378.12960424972533
half_serum	PR:DU-145	magnitude_g2.00	magnitude_g0.80	0.004157766097436263	0	1	389.2201302429213	387.6085445772016	387.6085450648102
half_serum	PR:DU-145	magnitude_g2.00	magnitude_g1.00	0.0026981888960237108	0	1	394.59708930421255	393.5352568440022	393.5352573375375
half_serum	PR:DU-145	magnitude_g2.00	magnitude_g1.25	0.0013025947184827707	0	1	401.14064665702057	400.618802720472	400.61880322109084
half_serum	PR:DU-145	magnitude_g2.00	magnitude_g2.00	1.2385045411033017e-09	0	1	419.27965142819465	419.2796509089149	419.2796514281946
half_serum	PR:DU-145	magnitude_g2.00	ordinal	0.2323004100292063	0	1	248.54912549725807	201.6952388187287	201.69523912042393
half_serum	PR:DU-145	ordinal	magnitude_g0.50	0.08901281815374577	0	0	411.7879854306647	378.1296037715957	378.12960424972533
half_serum	PR:DU-145	ordinal	magnitude_g0.80	0.10111623471705376	0	0	426.8020611490055	387.6085445772016	387.6085450648102
half_serum	PR:DU-145	ordinal	magnitude_g1.00	0.10900271170660628	0	0	436.43166699215425	393.5352568440022	393.5352573375375
half_serum	PR:DU-145	ordinal	magnitude_g1.25	0.11819786040147669	0	0	447.97108803863307	400.618802720472	400.61880322109084
half_serum	PR:DU-145	ordinal	magnitude_g2.00	0.14254306357441365	0	0	479.0450568438823	419.2796509089149	419.2796514281946
half_serum	PR:DU-145	ordinal	ordinal	1.495797870600736e-09	0	1	201.69523912042402	201.6952388187287	201.69523912042393
half_serum	PR:PC-3	magnitude_g0.50	magnitude_g0.50	1.2687887061333872e-09	1	0	372.03932203308193	372.03932156104264	372.039322033082
half_serum	PR:PC-3	magnitude_g0.50	magnitude_g0.80	0.00031890763245015464	0	0	381.5631120450508	381.4414674497481	381.44146793118955
half_serum	PR:PC-3	magnitude_g0.50	magnitude_g1.00	0.0005783863643822935	0	0	387.732641090506	387.5085114514004	387.50851193890895
half_serum	PR:PC-3	magnitude_g0.50	magnitude_g1.25	0.0009088230075626357	0	0	395.1873487579738	394.8285195153963	394.82852001022485
half_serum	PR:PC-3	magnitude_g0.50	magnitude_g2.00	0.0027814391347095015	0	0	415.6006232371791	414.447861735252	414.4478622496999
half_serum	PR:PC-3	magnitude_g0.50	ordinal	0.22676100041279965	0	1	230.0577510174615	187.53265790161905	187.5326581891517
half_serum	PR:PC-3	magnitude_g0.80	magnitude_g0.50	0.00010940045439050557	0	1	372.08002283187255	372.03932156104264	372.039322033082
half_serum	PR:PC-3	magnitude_g0.80	magnitude_g0.80	1.2621632920674985e-09	1	1	381.4414679311895	381.4414674497481	381.44146793118955
half_serum	PR:PC-3	magnitude_g0.80	magnitude_g1.00	2.7810845222424692e-09	0	1	387.50851252909433	387.5085114514004	387.50851193890895
half_serum	PR:PC-3	magnitude_g0.80	magnitude_g1.25	3.452607357422427e-05	0	0	394.8421513939103	394.8285195153963	394.82852001022485
half_serum	PR:PC-3	magnitude_g0.80	magnitude_g2.00	0.0011871328820212852	0	0	414.9398664198013	414.447861735252	414.4478622496999
half_serum	PR:PC-3	magnitude_g0.80	ordinal	0.23692468133915784	0	1	231.96377311564544	187.53265790161905	187.5326581891517
half_serum	PR:PC-3	magnitude_g1.00	magnitude_g0.50	0.00010940127851325488	0	1	372.0800231384786	372.03932156104264	372.039322033082
half_serum	PR:PC-3	magnitude_g1.00	magnitude_g0.80	0.0	1	0	381.44146768532255	381.4414674497481	381.44146793118955
half_serum	PR:PC-3	magnitude_g1.00	magnitude_g1.00	1.2580584911539564e-09	1	1	387.5085119389088	387.5085114514004	387.50851193890895
half_serum	PR:PC-3	magnitude_g1.00	magnitude_g1.25	3.4523560144414455e-05	0	0	394.8421504015365	394.8285195153963	394.82852001022485
half_serum	PR:PC-3	magnitude_g1.00	magnitude_g2.00	0.0011871280198400204	0	0	414.9398644046807	414.447861735252	414.4478622496999
half_serum	PR:PC-3	magnitude_g1.00	ordinal	0.2369247054451732	0	1	231.96377763631057	187.53265790161905	187.5326581891517
half_serum	PR:PC-3	magnitude_g1.25	magnitude_g0.50	0.00037445042128054676	0	1	372.1786318417341	372.03932156104264	372.039322033082
half_serum	PR:PC-3	magnitude_g1.25	magnitude_g0.80	0.00012318489636157189	0	1	381.4884552773839	381.4414674497481	381.44146793118955
half_serum	PR:PC-3	magnitude_g1.25	magnitude_g1.00	4.561185343280501e-05	0	1	387.5261864328287	387.5085114514004	387.50851193890895
half_serum	PR:PC-3	magnitude_g1.25	magnitude_g1.25	1.2532747443641662e-09	0	1	394.8285200102249	394.8285195153963	394.82852001022485
half_serum	PR:PC-3	magnitude_g1.25	magnitude_g2.00	0.0010013716335919532	0	0	414.8628780675965	414.447861735252	414.4478622496999
half_serum	PR:PC-3	magnitude_g1.25	ordinal	0.23448363003783476	0	1	231.50599627703411	187.53265790161905	187.5326581891517
half_serum	PR:PC-3	magnitude_g2.00	magnitude_g0.50	0.003313213567912409	0	1	373.2719672890356	372.03932156104264	372.039322033082
half_serum	PR:PC-3	magnitude_g2.00	magnitude_g0.80	0.002065171734505887	0	1	382.22920958669374	381.4414674497481	381.44146793118955
half_serum	PR:PC-3	magnitude_g2.00	magnitude_g1.00	0.0013864037545871083	0	1	388.0457547066111	387.5085114514004	387.50851193890895
half_serum	PR:PC-3	magnitude_g2.00	magnitude_g1.25	0.0006570090217153887	0	1	395.08792541474844	394.8285195153963	394.82852001022485
half_serum	PR:PC-3	magnitude_g2.00	magnitude_g2.00	1.2412849431905156e-09	1	0	414.4478622496999	414.447861735252	414.4478622496999
half_serum	PR:PC-3	magnitude_g2.00	ordinal	0.2632995052100319	0	1	236.90991393783753	187.53265790161905	187.5326581891517
half_serum	PR:PC-3	ordinal	magnitude_g0.50	0.12059388623573872	0	0	416.90498918059643	372.03932156104264	372.039322033082
half_serum	PR:PC-3	ordinal	magnitude_g0.80	0.1351039975735835	0	0	432.97573454254297	381.4414674497481	381.44146793118955
half_serum	PR:PC-3	ordinal	magnitude_g1.00	0.14398839983402906	0	0	443.3052419373541	387.5085114514004	387.50851193890895
half_serum	PR:PC-3	ordinal	magnitude_g1.25	0.1541878215558745	0	0	455.7062688276063	394.8285195153963	394.82852001022485
half_serum	PR:PC-3	ordinal	magnitude_g2.00	0.18043910821520046	0	0	489.23046430845756	414.447861735252	414.4478622496999
half_serum	PR:PC-3	ordinal	ordinal	1.5332415132843745e-09	0	0	187.5326581891519	187.53265790161905	187.5326581891517
half_serum	RE:A498	magnitude_g0.50	magnitude_g0.50	1.262071640409122e-09	0	1	381.57667815111176	381.57667766953466	381.57667815111137
half_serum	RE:A498	magnitude_g0.50	magnitude_g0.80	0.0007580185498481874	0	0	390.88834309484514	390.5922669110993	390.5922674016916
half_serum	RE:A498	magnitude_g0.50	magnitude_g1.00	0.0017452848228327038	0	0	396.9075906222457	396.21608071002026	396.21608120623637
half_serum	RE:A498	magnitude_g0.50	magnitude_g1.25	0.002981931145550927	0	0	404.16726055788126	402.9656447512106	402.9656452541763
half_serum	RE:A498	magnitude_g0.50	magnitude_g2.00	0.006907686323457159	0	0	423.971146414663	421.06257820189813	421.0625787229607
half_serum	RE:A498	magnitude_g0.50	ordinal	0.18150045966290346	0	1	235.30528093431968	199.15801048562872	199.15801078478674
half_serum	RE:A498	magnitude_g0.80	magnitude_g0.50	0.0007698199375732579	0	1	381.87042300371763	381.57667766953466	381.57667815111137
half_serum	RE:A498	magnitude_g0.80	magnitude_g0.80	1.2560208088397376e-09	1	0	390.5922674016913	390.5922669110993	390.5922674016916
half_serum	RE:A498	magnitude_g0.80	magnitude_g1.00	8.212215152931274e-05	0	0	396.2486188270387	396.21608071002026	396.21608120623637
half_serum	RE:A498	magnitude_g0.80	magnitude_g1.25	0.00030454042571169594	0	0	403.08836408021034	402.9656447512106	402.9656452541763
half_serum	RE:A498	magnitude_g0.80	magnitude_g2.00	0.0018425256439216027	0	0	421.8383967999309	421.06257820189813	421.0625787229607
half_serum	RE:A498	magnitude_g0.80	ordinal	0.2155959791291634	0	1	242.09567675769404	199.15801048562872	199.15801078478674
half_serum	RE:A498	magnitude_g1.00	magnitude_g0.50	0.001005194903266176	0	1	381.9602366011333	381.57667766953466	381.57667815111137
half_serum	RE:A498	magnitude_g1.00	magnitude_g0.80	3.461824470929554e-05	0	1	390.60578852977676	390.5922669110993	390.5922674016916
half_serum	RE:A498	magnitude_g1.00	magnitude_g1.00	1.2523865868370664e-09	1	0	396.21608120623597	396.21608071002026	396.21608120623637
half_serum	RE:A498	magnitude_g1.00	magnitude_g1.25	9.374465079445854e-05	0	0	403.00342062486	402.9656447512106	402.9656452541763
half_serum	RE:A498	magnitude_g1.00	magnitude_g2.00	0.0013398721737002725	0	0	421.62674823381735	421.06257820189813	421.0625787229607
half_serum	RE:A498	magnitude_g1.00	ordinal	0.21944119555590308	0	1	242.86148241113017	199.15801048562872	199.15801078478674
half_serum	RE:A498	magnitude_g1.25	magnitude_g0.50	0.0013435725144799397	0	1	382.089353605818	381.57667766953466	381.57667815111137
half_serum	RE:A498	magnitude_g1.25	magnitude_g0.80	0.00018077559462656437	0	1	390.66287646040666	390.5922669110993	390.5922674016916
half_serum	RE:A498	magnitude_g1.25	magnitude_g1.00	3.284782157955705e-05	0	1	396.2290955451464	396.21608071002026	396.21608120623637
half_serum	RE:A498	magnitude_g1.25	magnitude_g1.25	1.2481600854508488e-09	1	1	402.96564525417625	402.9656447512106	402.9656452541763
half_serum	RE:A498	magnitude_g1.25	magnitude_g2.00	0.0009494742890843638	0	0	421.4623662939964	421.06257820189813	421.0625787229607
half_serum	RE:A498	magnitude_g1.25	ordinal	0.22388470208491795	0	1	243.74644233102867	199.15801048562872	199.15801078478674
half_serum	RE:A498	magnitude_g2.00	magnitude_g0.50	0.004062261218658949	0	1	383.12674180917634	381.57667766953466	381.57667815111137
half_serum	RE:A498	magnitude_g2.00	magnitude_g0.80	0.001962826139366025	0	1	391.3589316224266	390.5922669110993	390.5922674016916
half_serum	RE:A498	magnitude_g2.00	magnitude_g1.00	0.0012522571765269796	0	1	396.7122451405448	396.21608071002026	396.21608120623637
half_serum	RE:A498	magnitude_g2.00	magnitude_g1.25	0.0005814036025469053	0	1	403.1999304287716	402.9656447512106	402.9656452541763
half_serum	RE:A498	magnitude_g2.00	magnitude_g2.00	1.2374946843864108e-09	0	1	421.06257872296084	421.06257820189813	421.0625787229607
half_serum	RE:A498	magnitude_g2.00	ordinal	0.24355917346032896	0	1	247.66477090751198	199.15801048562872	199.15801078478674
half_serum	RE:A498	ordinal	magnitude_g0.50	0.0893852356827492	0	0	415.68399893406644	381.57667766953466	381.57667815111137
half_serum	RE:A498	ordinal	magnitude_g0.80	0.1018724869378951	0	0	430.38287252004307	390.5922669110993	390.5922674016916
half_serum	RE:A498	ordinal	magnitude_g1.00	0.11000594770413628	0	0	439.8022061641446	396.21608071002026	396.21608120623637
half_serum	RE:A498	ordinal	magnitude_g1.25	0.11940663629315132	0	0	451.08241693265364	402.9656447512106	402.9656452541763
half_serum	RE:A498	ordinal	magnitude_g2.00	0.1433782292965109	0	0	481.43378508750993	421.06257820189813	421.0625787229607
half_serum	RE:A498	ordinal	ordinal	1.5021140508565062e-09	0	0	199.15801078478677	199.15801048562872	199.15801078478674
half_serum	RE:ACHN	magnitude_g0.50	magnitude_g0.50	1.2635209796329035e-09	0	1	379.4766747335521	379.47667425407536	379.47667473355204
half_serum	RE:ACHN	magnitude_g0.50	magnitude_g0.80	0.00017998486874405752	0	0	389.6237341623109	389.5536204050735	389.55362089462716
half_serum	RE:ACHN	magnitude_g0.50	magnitude_g1.00	0.0010101653012561569	0	0	396.1510843121207	395.75131007076055	395.7513105665119
half_serum	RE:ACHN	magnitude_g0.50	magnitude_g1.25	0.002903832269461398	0	0	403.99212530981833	402.8223966356061	402.8223971384285
half_serum	RE:ACHN	magnitude_g0.50	magnitude_g2.00	0.009201007756980316	0	0	425.2104278115398	421.33373286715164	421.33373338848537
half_serum	RE:ACHN	magnitude_g0.50	ordinal	0.0989562429488499	0	1	227.91986554666278	207.39667025784496	207.39667056524164
half_serum	RE:ACHN	magnitude_g0.80	magnitude_g0.50	4.2902314853862875e-05	0	1	379.4929546818339	379.47667425407536	379.47667473355204
half_serum	RE:ACHN	magnitude_g0.80	magnitude_g0.80	1.256704162499729e-09	1	1	389.55362089462716	389.5536204050735	389.55362089462716
half_serum	RE:ACHN	magnitude_g0.80	magnitude_g1.00	0.0006985690811810803	0	0	396.0277696998129	395.75131007076055	395.7513105665119
half_serum	RE:ACHN	magnitude_g0.80	magnitude_g1.25	0.0024446552930984526	0	0	403.8071585397199	402.8223966356061	402.8223971384285
half_serum	RE:ACHN	magnitude_g0.80	magnitude_g2.00	0.008393102738715302	0	0	424.87003017439207	421.33373286715164	421.33373338848537
half_serum	RE:ACHN	magnitude_g0.80	ordinal	0.10343855471106807	0	1	228.8494820812044	207.39667025784496	207.39667056524164
half_serum	RE:ACHN	magnitude_g1.00	magnitude_g0.50	0.0025330969836542742	0	1	380.4379254729955	379.47667425407536	379.47667473355204
half_serum	RE:ACHN	magnitude_g1.00	magnitude_g0.80	0.00048228154098485965	0	1	389.7414949254187	389.5536204050735	389.55362089462716
half_serum	RE:ACHN	magnitude_g1.00	magnitude_g1.00	1.2526830374588916e-09	1	1	395.7513105665115	395.75131007076055	395.7513105665119
half_serum	RE:ACHN	magnitude_g1.00	magnitude_g1.25	0.00042885342935236457	0	0	402.9951484018232	402.8223966356061	402.8223971384285
half_serum	RE:ACHN	magnitude_g1.00	magnitude_g2.00	0.0033050882218312863	0	0	422.72627802511107	421.33373286715164	421.33373338848537
half_serum	RE:ACHN	magnitude_g1.00	ordinal	0.1456067749561944	0	1	237.59503055074305	207.39667025784496	207.39667056524164
half_serum	RE:ACHN	magnitude_g1.25	magnitude_g0.50	0.004204493551868145	0	1	381.072181484061	379.47667425407536	379.47667473355204
half_serum	RE:ACHN	magnitude_g1.25	magnitude_g0.80	0.0012165149969870582	0	1	390.0275182264269	389.5536204050735	389.55362089462716
half_serum	RE:ACHN	magnitude_g1.25	magnitude_g1.00	0.00018410976345344777	0	1	395.8241717508441	395.75131007076055	395.7513105665119
half_serum	RE:ACHN	magnitude_g1.25	magnitude_g1.25	1.2482486228604366e-09	0	1	402.8223971384286	402.8223966356061	402.8223971384285
half_serum	RE:ACHN	magnitude_g1.25	magnitude_g2.00	0.0014446506760587194	0	0	421.9424129291845	421.33373286715164	421.33373338848537
half_serum	RE:ACHN	magnitude_g1.25	ordinal	0.1686047012974563	0	1	242.36472389675595	207.39667025784496	207.39667056524164
half_serum	RE:ACHN	magnitude_g2.00	magnitude_g0.50	0.00957038890200889	0	1	383.1084136059278	379.47667425407536	379.47667473355204
half_serum	RE:ACHN	magnitude_g2.00	magnitude_g0.80	0.004786032751122261	0	1	391.41803679065043	389.5536204050735	389.55362089462716
half_serum	RE:ACHN	magnitude_g2.00	magnitude_g1.00	0.0026942054428126644	0	1	396.81754540435344	395.75131007076055	395.7513105665119
half_serum	RE:ACHN	magnitude_g2.00	magnitude_g1.25	0.0013268863729502575	0	1	403.35689618442103	402.8223966356061	402.8223971384285
half_serum	RE:ACHN	magnitude_g2.00	magnitude_g2.00	1.2373415444150859e-09	1	0	421.33373338848537	421.33373286715164	421.33373338848537
half_serum	RE:ACHN	magnitude_g2.00	ordinal	0.20569264998679432	0	1	250.05664096161846	207.39667025784496	207.39667056524164
half_serum	RE:ACHN	ordinal	magnitude_g0.50	0.0704054993877724	0	0	406.19391901094457	379.47667425407536	379.47667473355204
half_serum	RE:ACHN	ordinal	magnitude_g0.80	0.07829978755633628	0	0	420.0555861245924	389.5536204050735	389.55362089462716
half_serum	RE:ACHN	ordinal	magnitude_g1.00	0.0838515117089327	0	0	428.9356556809844	395.75131007076055	395.7513105665119
half_serum	RE:ACHN	ordinal	magnitude_g1.25	0.09121707502872005	0	0	439.566677412765	402.8223966356061	402.8223971384285
half_serum	RE:ACHN	ordinal	magnitude_g2.00	0.11110280269727661	0	0	468.14509145959784	421.33373286715164	421.33373338848537
half_serum	RE:ACHN	ordinal	ordinal	1.4821682532720975e-09	0	1	207.39667056524172	207.39667025784496	207.39667056524164
half_serum	RE:CAKI-1	magnitude_g0.50	magnitude_g0.50	1.2639620649554744e-09	1	1	378.8413671368761	378.841366658035	378.8413671368764
half_serum	RE:CAKI-1	magnitude_g0.50	magnitude_g0.80	0.00047408311521315535	0	0	388.6419475401663	388.4577862627261	388.4577867511839
half_serum	RE:CAKI-1	magnitude_g0.50	magnitude_g1.00	0.0013484583503185843	0	0	394.96677694736906	394.4348979156177	394.4348984100526
half_serum	RE:CAKI-1	magnitude_g0.50	magnitude_g1.25	0.0033478184907795583	0	0	402.58601598863163	401.2427281639934	401.24272866523614
half_serum	RE:CAKI-1	magnitude_g0.50	magnitude_g2.00	0.009123123546415344	0	0	423.331112392338	419.5039262449986	419.5039267645025
half_serum	RE:CAKI-1	magnitude_g0.50	ordinal	0.2114386481379543	0	1	231.04606419517512	190.72040053394798	190.7204008246684
half_serum	RE:CAKI-1	magnitude_g0.80	magnitude_g0.50	0.0005176586650959249	0	1	379.0374771741823	378.841366658035	378.8413671368764
half_serum	RE:CAKI-1	magnitude_g0.80	magnitude_g0.80	1.2574278997473381e-09	1	1	388.45778675118373	388.4577862627261	388.4577867511839
half_serum	RE:CAKI-1	magnitude_g0.80	magnitude_g1.00	0.00028988365957872134	0	0	394.549238147291	394.4348979156177	394.4348984100526
half_serum	RE:CAKI-1	magnitude_g0.80	magnitude_g1.25	0.0016360394590794424	0	0	401.89917709993836	401.2427281639934	401.24272866523614
half_serum	RE:CAKI-1	magnitude_g0.80	magnitude_g2.00	0.005888207543336126	0	0	421.9740524279735	419.5039262449986	419.5039267645025
half_serum	RE:CAKI-1	magnitude_g0.80	ordinal	0.23012769885484785	0	1	234.61044743350033	190.72040053394798	190.7204008246684
half_serum	RE:CAKI-1	magnitude_g1.00	magnitude_g0.50	0.0027195359917665963	0	1	379.87163938983156	378.841366658035	378.8413671368764
half_serum	RE:CAKI-1	magnitude_g1.00	magnitude_g0.80	0.0006341152565853815	0	1	388.70411327153465	388.4577862627261	388.4577867511839
half_serum	RE:CAKI-1	magnitude_g1.00	magnitude_g1.00	1.2535273043971024e-09	1	1	394.4348984100526	394.4348979156177	394.4348984100526
half_serum	RE:CAKI-1	magnitude_g1.00	magnitude_g1.25	0.0003138083068689549	0	0	401.368641465162	401.2427281639934	401.24272866523614
half_serum	RE:CAKI-1	magnitude_g1.00	magnitude_g2.00	0.00215152562035455	0	0	420.406499690154	419.5039262449986	419.5039267645025
half_serum	RE:CAKI-1	magnitude_g1.00	ordinal	0.2620511181372375	0	1	240.69889474545084	190.72040053394798	190.7204008246684
half_serum	RE:CAKI-1	magnitude_g1.25	magnitude_g0.50	0.003813859704300422	0	1	380.28621448065417	378.841366658035	378.8413671368764
half_serum	RE:CAKI-1	magnitude_g1.25	magnitude_g0.80	0.0011057627206174845	0	1	388.887328401309	388.4577862627261	388.4577867511839
half_serum	RE:CAKI-1	magnitude_g1.25	magnitude_g1.00	0.00010199889131068069	0	1	394.4751298378993	394.4348979156177	394.4348984100526
half_serum	RE:CAKI-1	magnitude_g1.25	magnitude_g1.25	1.2492257958113335e-09	1	1	401.24272866523614	401.2427281639934	401.24272866523614
half_serum	RE:CAKI-1	magnitude_g1.25	magnitude_g2.00	0.0008482616705352235	0	0	419.85977534627125	419.5039262449986	419.5039267645025
half_serum	RE:CAKI-1	magnitude_g1.25	ordinal	0.2769956133446569	0	1	243.54911485718753	190.72040053394798	190.7204008246684
half_serum	RE:CAKI-1	magnitude_g2.00	magnitude_g0.50	0.0072041491184477325	0	1	381.570596355676	378.841366658035	378.8413671368764
half_serum	RE:CAKI-1	magnitude_g2.00	magnitude_g0.80	0.003363065663172192	0	1	389.76419530529813	388.4577862627261	388.4577867511839
half_serum	RE:CAKI-1	magnitude_g2.00	magnitude_g1.00	0.0016943503747272502	0	1	395.1032088327065	394.4348979156177	394.4348984100526
half_serum	RE:CAKI-1	magnitude_g2.00	magnitude_g1.25	0.0008540346546085765	0	1	401.5854033587551	401.2427281639934	401.24272866523614
half_serum	RE:CAKI-1	magnitude_g2.00	magnitude_g2.00	1.23837723586344e-09	0	1	419.5039267645027	419.5039262449986	419.5039267645025
half_serum	RE:CAKI-1	magnitude_g2.00	ordinal	0.30025028289935035	0	1	247.98425474894327	190.72040053394798	190.7204008246684
half_serum	RE:CAKI-1	ordinal	magnitude_g0.50	0.12486159303111066	0	0	426.1441032050403	378.841366658035	378.8413671368764
half_serum	RE:CAKI-1	ordinal	magnitude_g0.80	0.13829084896088248	0	0	442.1779433104635	388.4577862627261	388.4577867511839
half_serum	RE:CAKI-1	ordinal	magnitude_g1.00	0.1471720389685566	0	0	452.4846860822136	394.4348979156177	394.4348984100526
half_serum	RE:CAKI-1	ordinal	magnitude_g1.25	0.15855051571568574	0	0	464.8599696415632	401.2427281639934	401.24272866523614
half_serum	RE:CAKI-1	ordinal	magnitude_g2.00	0.18790428110855045	0	0	498.3305099282794	419.5039262449986	419.5039267645025
half_serum	RE:CAKI-1	ordinal	ordinal	1.5243274976878588e-09	1	0	190.72040082466833	190.72040053394798	190.7204008246684
half_serum	RE:RXF 393	magnitude_g0.50	magnitude_g0.50	1.268133579836381e-09	1	1	372.94848747687956	372.94848700393106	372.94848747687956
half_serum	RE:RXF 393	magnitude_g0.50	magnitude_g0.80	0.0006433985513499276	0	0	382.73294698446375	382.4868554957274	382.4868559782143
half_serum	RE:RXF 393	magnitude_g0.50	magnitude_g1.00	0.00154920675150654	0	0	389.07989545019575	388.47806261278384	388.4780631012619
half_serum	RE:RXF 393	magnitude_g0.50	magnitude_g1.25	0.002794974864693546	0	0	396.75568471716446	395.64985332191003	395.6498538175599
half_serum	RE:RXF 393	magnitude_g0.50	magnitude_g2.00	0.006847780477759422	0	0	417.7925679231747	414.95107405900814	414.9510745739592
half_serum	RE:RXF 393	magnitude_g0.50	ordinal	0.17151850729105692	0	1	225.73003283427965	192.68157645775744	192.681576750439
half_serum	RE:RXF 393	magnitude_g0.80	magnitude_g0.50	0.0008400541580237223	0	1	373.2617839311674	372.94848700393106	372.94848747687956
half_serum	RE:RXF 393	magnitude_g0.80	magnitude_g0.80	1.2614457745859931e-09	1	0	382.48685597821384	382.4868554957274	382.4868559782143
half_serum	RE:RXF 393	magnitude_g0.80	magnitude_g1.00	2.6172416070996473e-05	0	0	388.488230022273	388.47806261278384	388.4780631012619
half_serum	RE:RXF 393	magnitude_g0.80	magnitude_g1.25	0.0002854102673871848	0	0	395.76277585233834	395.64985332191003	395.6498538175599
half_serum	RE:RXF 393	magnitude_g0.80	magnitude_g2.00	0.0020124591837178693	0	0	415.7861461587918	414.95107405900814	414.9510745739592
half_serum	RE:RXF 393	magnitude_g0.80	ordinal	0.2021256540926547	0	1	231.62746613088552	192.68157645775744	192.681576750439
half_serum	RE:RXF 393	magnitude_g1.00	magnitude_g0.50	0.0011198826710968502	0	1	373.36614555173855	372.94848700393106	372.94848747687956
half_serum	RE:RXF 393	magnitude_g1.00	magnitude_g0.80	8.668803029294401e-05	0	1	382.5200125278433	382.4868554957274	382.4868559782143
half_serum	RE:RXF 393	magnitude_g1.00	magnitude_g1.00	1.2574145065902074e-09	1	0	388.4780631012618	388.47806261278384	388.4780631012619
half_serum	RE:RXF 393	magnitude_g1.00	magnitude_g1.25	0.0001343536589604047	0	0	395.703010327371	395.64985332191003	395.6498538175599
half_serum	RE:RXF 393	magnitude_g1.00	magnitude_g2.00	0.0015762883638639	0	0	415.6051566086202	414.95107405900814	414.9510745739592
half_serum	RE:RXF 393	magnitude_g1.00	ordinal	0.20578221446589468	0	1	232.33201794801437	192.68157645775744	192.681576750439
half_serum	RE:RXF 393	magnitude_g1.25	magnitude_g0.50	0.0016200021716362624	0	1	373.5526643627859	372.94848700393106	372.94848747687956
half_serum	RE:RXF 393	magnitude_g1.25	magnitude_g0.80	0.0003075203929536365	0	1	382.60447800382906	382.4868554957274	382.4868559782143
half_serum	RE:RXF 393	magnitude_g1.25	magnitude_g1.00	5.4040556375790245e-05	0	1	388.49905618342723	388.47806261278384	388.4780631012619
half_serum	RE:RXF 393	magnitude_g1.25	magnitude_g1.25	1.2527482420222048e-09	1	0	395.6498538175597	395.64985332191003	395.6498538175599
half_serum	RE:RXF 393	magnitude_g1.25	magnitude_g2.00	0.0009906943884966718	0	0	415.36216375957906	414.95107405900814	414.9510745739592
half_serum	RE:RXF 393	magnitude_g1.25	ordinal	0.2133728494660331	0	1	233.79459346615647	192.68157645775744	192.681576750439
half_serum	RE:RXF 393	magnitude_g2.00	magnitude_g0.50	0.0035545336110168533	0	1	374.2741449361644	372.94848700393106	372.94848747687956
half_serum	RE:RXF 393	magnitude_g2.00	magnitude_g0.80	0.0015004434007429427	0	1	383.0607553739269	382.4868554957274	382.4868559782143
half_serum	RE:RXF 393	magnitude_g2.00	magnitude_g1.00	0.0007995295677808987	0	1	388.788662310277	388.47806261278384	388.4780631012619
half_serum	RE:RXF 393	magnitude_g2.00	magnitude_g1.25	0.00023661422091050463	0	1	395.74346970370715	395.64985332191003	395.6498538175599
half_serum	RE:RXF 393	magnitude_g2.00	magnitude_g2.00	1.2409917054614606e-09	1	0	414.951074573959	414.95107405900814	414.9510745739592
half_serum	RE:RXF 393	magnitude_g2.00	ordinal	0.2295995129350123	0	1	236.92117256400888	192.68157645775744	192.681576750439
half_serum	RE:RXF 393	ordinal	magnitude_g0.50	0.07228860208976334	0	0	399.9084117809375	372.94848700393106	372.94848747687956
half_serum	RE:RXF 393	ordinal	magnitude_g0.80	0.08432287987193486	0	0	414.73924866428774	382.4868554957274	382.4868559782143
half_serum	RE:RXF 393	ordinal	magnitude_g1.00	0.09212584832572832	0	0	424.26693368692196	388.47806261278384	388.4780631012619
half_serum	RE:RXF 393	ordinal	magnitude_g1.25	0.101224538389941	0	0	435.69932708846824	395.64985332191003	395.6498538175599
half_serum	RE:RXF 393	ordinal	magnitude_g2.00	0.12437878743826465	0	0	466.5621854966731	414.95107405900814	414.9510745739592
half_serum	RE:RXF 393	ordinal	ordinal	1.5189901692396294e-09	1	0	192.68157675043886	192.68157645775744	192.681576750439
half_serum	RE:SN12C	magnitude_g0.50	magnitude_g0.50	1.2644104078256968e-09	0	0	378.20055559470023	378.2005551164995	378.2005555947001
half_serum	RE:SN12C	magnitude_g0.50	magnitude_g0.80	0.0004994575214618439	0	0	388.1570261768846	387.96325501111846	387.96325549908175
half_serum	RE:SN12C	magnitude_g0.50	magnitude_g1.00	0.0008838115660908106	0	0	394.580656469995	394.2322294658673	394.2322299600996
half_serum	RE:SN12C	magnitude_g0.50	magnitude_g1.25	0.0016363028805057708	0	0	402.314803221467	401.65756978305404	401.65757028471165
half_serum	RE:SN12C	magnitude_g0.50	magnitude_g2.00	0.006363908532379487	0	0	423.3239165361057	420.6469577724183	420.6469582930653
half_serum	RE:SN12C	magnitude_g0.50	ordinal	0.1171911028656648	0	1	239.89912188697943	214.73418582695766	214.73418614169182
half_serum	RE:SN12C	magnitude_g0.80	magnitude_g0.50	7.363903812920774e-05	0	1	378.2284054415982	378.2005551164995	378.2005555947001
half_serum	RE:SN12C	magnitude_g0.80	magnitude_g0.80	1.257756315735634e-09	1	1	387.9632554990817	387.96325501111846	387.96325549908175
half_serum	RE:SN12C	magnitude_g0.80	magnitude_g1.00	4.324897717627953e-05	0	0	394.24927960656163	394.2322294658673	394.2322299600996
half_serum	RE:SN12C	magnitude_g0.80	magnitude_g1.25	0.000411700135531075	0	0	401.8229322589708	401.65756978305404	401.65757028471165
half_serum	RE:SN12C	magnitude_g0.80	magnitude_g2.00	0.0042213943918436615	0	0	422.4226744809049	420.6469577724183	420.6469582930653
half_serum	RE:SN12C	magnitude_g0.80	ordinal	0.12834583382838619	0	1	242.29442395837816	214.73418582695766	214.73418614169182
half_serum	RE:SN12C	magnitude_g1.00	magnitude_g0.50	0.0003300329076892488	0	1	378.3253737453943	378.2005551164995	378.2005555947001
half_serum	RE:SN12C	magnitude_g1.00	magnitude_g0.80	6.786566947305034e-05	0	1	387.98958439715074	387.96325501111846	387.96325549908175
half_serum	RE:SN12C	magnitude_g1.00	magnitude_g1.00	1.253657549465888e-09	1	0	394.2322299600995	394.2322294658673	394.2322299600996
half_serum	RE:SN12C	magnitude_g1.00	magnitude_g1.25	0.00024455379880050773	0	0	401.75579666756147	401.65756978305404	401.65757028471165
half_serum	RE:SN12C	magnitude_g1.00	magnitude_g2.00	0.00376507741436155	0	0	422.23072613254715	420.6469577724183	420.6469582930653
half_serum	RE:SN12C	magnitude_g1.00	ordinal	0.1313934170237094	0	1	242.9488442545658	214.73418582695766	214.73418614169182
half_serum	RE:SN12C	magnitude_g1.25	magnitude_g0.50	0.0032356445059153797	0	1	379.42427766479636	378.2005551164995	378.2005555947001
half_serum	RE:SN12C	magnitude_g1.25	magnitude_g0.80	0.0015537934899980533	0	1	388.5660697911132	387.96325501111846	387.96325549908175
half_serum	RE:SN12C	magnitude_g1.25	magnitude_g1.00	0.0006616967567166057	0	1	394.493091653498	394.2322294658673	394.2322299600996
half_serum	RE:SN12C	magnitude_g1.25	magnitude_g1.25	1.248967968948583e-09	1	0	401.6575702847115	401.65756978305404	401.65757028471165
half_serum	RE:SN12C	magnitude_g1.25	magnitude_g2.00	0.0014740567053050633	0	0	421.2670152410889	420.6469577724183	420.6469582930653
half_serum	RE:SN12C	magnitude_g1.25	ordinal	0.14974497367681053	0	1	246.88955083112677	214.73418582695766	214.73418614169182
half_serum	RE:SN12C	magnitude_g2.00	magnitude_g0.50	0.007594128176446272	0	1	381.07265860845735	378.2005551164995	378.2005555947001
half_serum	RE:SN12C	magnitude_g2.00	magnitude_g0.80	0.004479087749081115	0	1	389.7009764737324	387.96325501111846	387.96325549908175
half_serum	RE:SN12C	magnitude_g2.00	magnitude_g1.00	0.0027103732347229224	0	1	395.30074594887674	394.2322294658673	394.2322299600996
half_serum	RE:SN12C	magnitude_g2.00	magnitude_g1.25	0.0010397880002822985	0	1	402.075208504337	401.65756978305404	401.65757028471165
half_serum	RE:SN12C	magnitude_g2.00	magnitude_g2.00	1.2377286211226236e-09	1	0	420.6469582930651	420.6469577724183	420.6469582930653
half_serum	RE:SN12C	magnitude_g2.00	ordinal	0.19433249328240954	0	1	256.4640155516786	214.73418582695766	214.73418614169182
half_serum	RE:SN12C	ordinal	magnitude_g0.50	0.09134926998408695	0	0	412.7488997339682	378.2005551164995	378.2005555947001
half_serum	RE:SN12C	ordinal	magnitude_g0.80	0.10146551479659544	0	0	427.32814640298443	387.96325501111846	387.96325549908175
half_serum	RE:SN12C	ordinal	magnitude_g1.00	0.1076862866831548	0	0	436.68563434786796	394.2322294658673	394.2322299600996
half_serum	RE:SN12C	ordinal	magnitude_g1.25	0.11514089069954755	0	0	447.90478012409056	401.65756978305404	401.65757028471165
half_serum	RE:SN12C	ordinal	magnitude_g2.00	0.13666088922891287	0	0	478.13294507303397	420.6469577724183	420.6469582930653
half_serum	RE:SN12C	ordinal	ordinal	1.4656920743668985e-09	0	1	214.73418614169185	214.73418582695766	214.73418614169182
half_serum	RE:TK-10	magnitude_g0.50	magnitude_g0.50	1.2607876143059992e-09	0	1	383.4545117833309	383.4545112998762	383.4545117833307
half_serum	RE:TK-10	magnitude_g0.50	magnitude_g0.80	0.0005728267922375385	0	0	392.7289074357714	392.5040705880763	392.5040710805804
half_serum	RE:TK-10	magnitude_g0.50	magnitude_g1.00	0.001471583836819339	0	0	398.7089805202995	398.12310898804844	398.1231094861716
half_serum	RE:TK-10	magnitude_g0.50	magnitude_g1.25	0.0025800703441781086	0	0	405.90763363998184	404.86305846937177	404.86305897423483
half_serum	RE:TK-10	magnitude_g0.50	magnitude_g2.00	0.0069613372045877	0	0	425.47872858871636	422.5373039345109	422.5373044570482
half_serum	RE:TK-10	magnitude_g0.50	ordinal	0.1782712570191769	0	1	239.06767122746348	202.8969728348152	202.89697313771217
half_serum	RE:TK-10	magnitude_g0.80	magnitude_g0.50	0.00014731881613111661	0	1	383.511001364521	383.4545112998762	383.4545117833307
half_serum	RE:TK-10	magnitude_g0.80	magnitude_g0.80	1.25477497272377e-09	0	0	392.50407108058056	392.5040705880763	392.5040710805804
half_serum	RE:TK-10	magnitude_g0.80	magnitude_g1.00	0.00046669559134151773	0	0	398.30891128782434	398.12310898804844	398.1231094861716
half_serum	RE:TK-10	magnitude_g0.80	magnitude_g1.25	0.0010858863991274358	0	0	405.3026937580728	404.86305846937177	404.86305897423483
half_serum	RE:TK-10	magnitude_g0.80	magnitude_g2.00	0.0042875497123110486	0	0	424.348953630436	422.5373039345109	422.5373044570482
half_serum	RE:TK-10	magnitude_g0.80	ordinal	0.19343126573922648	0	1	242.14359110491094	202.8969728348152	202.89697313771217
half_serum	RE:TK-10	magnitude_g1.00	magnitude_g0.50	0.0011442301465645892	0	1	383.8932715115417	383.4545112998762	383.4545117833307
half_serum	RE:TK-10	magnitude_g1.00	magnitude_g0.80	7.963711654035454e-05	0	1	392.53532848048826	392.5040705880763	392.5040710805804
half_serum	RE:TK-10	magnitude_g1.00	magnitude_g1.00	1.251178243507518e-09	1	0	398.1231094861714	398.12310898804844	398.1231094861716
half_serum	RE:TK-10	magnitude_g1.00	magnitude_g1.25	4.239039951487641e-06	0	0	404.8647747000515	404.86305846937177	404.86305897423483
half_serum	RE:TK-10	magnitude_g1.00	magnitude_g2.00	0.001745684172135071	0	0	423.274920618126	422.5373039345109	422.5373044570482
half_serum	RE:TK-10	magnitude_g1.00	ordinal	0.2143796274006471	0	1	246.39395027186208	202.8969728348152	202.89697313771217
half_serum	RE:TK-10	magnitude_g1.25	magnitude_g0.50	0.003138288800425674	0	1	384.6579022981613	383.4545112998762	383.4545117833307
half_serum	RE:TK-10	magnitude_g1.25	magnitude_g0.80	0.0011928397765514714	0	1	392.9722650559321	392.5040705880763	392.5040710805804
half_serum	RE:TK-10	magnitude_g1.25	magnitude_g1.00	0.0005877641433883894	0	1	398.3571114761659	398.12310898804844	398.1231094861716
half_serum	RE:TK-10	magnitude_g1.25	magnitude_g1.25	1.246995853921369e-09	1	0	404.8630589742343	404.86305846937177	404.86305897423483
half_serum	RE:TK-10	magnitude_g1.25	magnitude_g2.00	0.0003400443854142191	0	0	422.68098537234187	422.5373039345109	422.5373044570482
half_serum	RE:TK-10	magnitude_g1.25	ordinal	0.23173670752599362	0	1	249.91564928654623	202.8969728348152	202.89697313771217
half_serum	RE:TK-10	magnitude_g2.00	magnitude_g0.50	0.003846701304864995	0	1	384.9295462688498	383.4545112998762	383.4545117833307
half_serum	RE:TK-10	magnitude_g2.00	magnitude_g0.80	0.0016278261809703585	0	1	393.142998990317	392.5040705880763	392.5040710805804
half_serum	RE:TK-10	magnitude_g2.00	magnitude_g1.00	0.0008604932209255187	0	1	398.46569122442645	398.12310898804844	398.1231094861716
half_serum	RE:TK-10	magnitude_g2.00	magnitude_g1.25	9.046630503572412e-05	0	1	404.89968493431695	404.86305846937177	404.86305897423483
half_serum	RE:TK-10	magnitude_g2.00	magnitude_g2.00	1.2366658354472752e-09	0	0	422.5373044570483	422.5373039345109	422.5373044570482
half_serum	RE:TK-10	magnitude_g2.00	ordinal	0.2388607200303161	0	1	251.36108985811063	202.8969728348152	202.89697313771217
half_serum	RE:TK-10	ordinal	magnitude_g0.50	0.07546766132976165	0	0	412.3929264940245	383.4545112998762	383.4545117833307
half_serum	RE:TK-10	ordinal	magnitude_g0.80	0.08661441937773343	0	0	426.5005827654594	392.5040705880763	392.5040710805804
half_serum	RE:TK-10	ordinal	magnitude_g1.00	0.09396145738670432	0	0	435.5313365278912	398.12310898804844	398.1231094861716
half_serum	RE:TK-10	ordinal	magnitude_g1.25	0.1024404087098886	0	0	446.33739565050973	404.86305846937177	404.86305897423483
half_serum	RE:TK-10	ordinal	magnitude_g2.00	0.12503600995942096	0	0	475.36968247749326	422.5373039345109	422.5373044570482
half_serum	RE:TK-10	ordinal	ordinal	1.492860724015128e-09	1	1	202.8969731377121	202.8969728348152	202.89697313771217
lower_task	BR:BT-549	magnitude_g0.50	magnitude_g0.50	1.2405603350399953e-09	0	1	415.69662232105134	415.6966218053546	415.6966223210512
lower_task	BR:BT-549	magnitude_g0.50	magnitude_g0.80	0.0006940005824895222	0	0	425.20961899117174	424.91472792248516	424.9147284473999
lower_task	BR:BT-549	magnitude_g0.50	magnitude_g1.00	0.0014212023289833118	0	0	431.3884126350893	430.77619250702776	430.776193037804
lower_task	BR:BT-549	magnitude_g0.50	magnitude_g1.25	0.002238615395275352	0	0	438.8682909499758	437.8880280689339	437.888028606822
lower_task	BR:BT-549	magnitude_g0.50	magnitude_g2.00	0.005167937072726322	0	0	459.40067312917915	457.03872575467994	457.0387263117187
lower_task	BR:BT-549	magnitude_g0.50	ordinal	0.19255218236206048	0	1	273.94923875567133	229.7167728233631	229.71677315307986
lower_task	BR:BT-549	magnitude_g0.80	magnitude_g0.50	0.0005286672585222106	0	1	415.9163869987814	415.6966218053546	415.6966223210512
lower_task	BR:BT-549	magnitude_g0.80	magnitude_g0.80	1.235342065512635e-09	0	1	424.9147284474002	424.91472792248516	424.9147284473999
lower_task	BR:BT-549	magnitude_g0.80	magnitude_g1.00	1.106351901872019e-09	1	0	430.7761929836178	430.77619250702776	430.776193037804
lower_task	BR:BT-549	magnitude_g0.80	magnitude_g1.25	0.0	1	0	437.8880284898254	437.8880280689339	437.888028606822
lower_task	BR:BT-549	magnitude_g0.80	magnitude_g2.00	0.0009907558611563718	0	0	457.49153955099683	457.03872575467994	457.0387263117187
lower_task	BR:BT-549	magnitude_g0.80	ordinal	0.21506023551218476	0	1	279.1197160878546	229.7167728233631	229.71677315307986
lower_task	BR:BT-549	magnitude_g1.00	magnitude_g0.50	0.0005286674289738586	0	1	415.91638706963755	415.6966218053546	415.6966223210512
lower_task	BR:BT-549	magnitude_g1.00	magnitude_g0.80	1.3778060797662135e-09	0	1	424.91472850793525	424.91472792248516	424.9147284473999
lower_task	BR:BT-549	magnitude_g1.00	magnitude_g1.00	1.2321394318903486e-09	0	1	430.7761930378041	430.77619250702776	430.776193037804
lower_task	BR:BT-549	magnitude_g1.00	magnitude_g1.25	1.0681955787646325e-09	1	0	437.888028536684	437.8880280689339	437.888028606822
lower_task	BR:BT-549	magnitude_g1.00	magnitude_g2.00	0.0009907559240289454	0	0	457.49153957973203	457.03872575467994	457.0387263117187
lower_task	BR:BT-549	magnitude_g1.00	ordinal	0.21506023613969993	0	1	279.1197162320054	229.7167728233631	229.71677315307986
lower_task	BR:BT-549	magnitude_g1.25	magnitude_g0.50	0.000528668040307576	0	1	415.9163873237669	415.6966218053546	415.6966223210512
lower_task	BR:BT-549	magnitude_g1.25	magnitude_g0.80	1.7900434351530564e-09	0	1	424.914728683101	424.91472792248516	424.9147284473999
lower_task	BR:BT-549	magnitude_g1.25	magnitude_g1.00	1.5257622088971166e-09	0	1	430.7761931642898	430.77619250702776	430.776193037804
lower_task	BR:BT-549	magnitude_g1.25	magnitude_g1.25	1.2283693687331672e-09	0	0	437.88802860682216	437.8880280689339	437.888028606822
lower_task	BR:BT-549	magnitude_g1.25	magnitude_g2.00	0.0009907557695724685	0	0	457.49153950913944	457.03872575467994	457.0387263117187
lower_task	BR:BT-549	magnitude_g1.25	ordinal	0.21506023896006468	0	1	279.11971687989046	229.7167728233631	229.71677315307986
lower_task	BR:BT-549	magnitude_g2.00	magnitude_g0.50	0.007003772327468727	0	1	418.60806630177717	415.6966218053546	415.6966223210512
lower_task	BR:BT-549	magnitude_g2.00	magnitude_g0.80	0.004580351898516725	0	1	426.86098690323263	424.91472792248516	424.9147284473999
lower_task	BR:BT-549	magnitude_g2.00	magnitude_g1.00	0.0034385277748627953	0	1	432.2574284097128	430.77619250702776	430.776193037804
lower_task	BR:BT-549	magnitude_g2.00	magnitude_g1.25	0.0021404987268970454	0	1	438.82532683553893	437.8880280689339	437.888028606822
lower_task	BR:BT-549	magnitude_g2.00	magnitude_g2.00	1.2187997282339971e-09	1	0	457.0387263117186	457.03872575467994	457.0387263117187
lower_task	BR:BT-549	magnitude_g2.00	ordinal	0.25743505919519943	0	1	288.85392383327576	229.7167728233631	229.71677315307986
lower_task	BR:BT-549	ordinal	magnitude_g0.50	0.0867453219975004	0	0	451.75635911713323	415.6966218053546	415.6966223210512
lower_task	BR:BT-549	ordinal	magnitude_g0.80	0.10087371021315115	0	0	467.7774530522379	424.91472792248516	424.9147284473999
lower_task	BR:BT-549	ordinal	magnitude_g1.00	0.1097945941949679	0	0	478.07308975219024	430.77619250702776	430.776193037804
lower_task	BR:BT-549	ordinal	magnitude_g1.25	0.11998912936027574	0	0	490.4298313142133	437.8880280689339	437.888028606822
lower_task	BR:BT-549	ordinal	magnitude_g2.00	0.14606101348914582	0	0	523.7942652421963	457.03872575467994	457.0387263117187
lower_task	BR:BT-549	ordinal	ordinal	1.4353188407744439e-09	0	1	229.7167731530799	229.7167728233631	229.71677315307986
lower_task	BR:MCF7	magnitude_g0.50	magnitude_g0.50	1.2317400983928554e-09	1	1	431.5180946628549	431.51809413133674	431.5180946628549
lower_task	BR:MCF7	magnitude_g0.50	magnitude_g0.80	0.0004483229432260378	0	0	439.79995761786597	439.60287356373925	439.6028741033422
lower_task	BR:MCF7	magnitude_g0.50	magnitude_g1.00	0.0015438879795259641	0	0	445.1863828373457	444.5001244383276	444.50012498282774
lower_task	BR:MCF7	magnitude_g0.50	magnitude_g1.25	0.0032885574010416458	0	0	451.7174672182881	450.2368375339941	450.23683808423095
lower_task	BR:MCF7	magnitude_g0.50	magnitude_g2.00	0.007732563229612364	0	0	469.72804133617194	466.12371027365936	466.1237108397831
lower_task	BR:MCF7	magnitude_g0.50	ordinal	0.16320236480566228	0	1	286.14987785553416	246.00180201949777	246.00180236549957
lower_task	BR:MCF7	magnitude_g0.80	magnitude_g0.50	0.0008326837354925314	0	1	431.87741222989064	431.51809413133674	431.5180946628549
lower_task	BR:MCF7	magnitude_g0.80	magnitude_g0.80	1.2274786680624846e-09	0	1	439.6028741033424	439.60287356373925	439.6028741033422
lower_task	BR:MCF7	magnitude_g0.80	magnitude_g1.00	0.00032850053268620923	0	0	444.64614296598467	444.5001244383276	444.50012498282774
lower_task	BR:MCF7	magnitude_g0.80	magnitude_g1.25	0.001204997283440602	0	0	450.77937170012746	450.2368375339941	450.23683808423095
lower_task	BR:MCF7	magnitude_g0.80	magnitude_g2.00	0.003573028276166231	0	0	467.78918347065866	466.12371027365936	466.1237108397831
lower_task	BR:MCF7	magnitude_g0.80	ordinal	0.19304171216090335	0	1	293.4904110760092	246.00180201949777	246.00180236549957
lower_task	BR:MCF7	magnitude_g1.00	magnitude_g0.50	0.0015983090724182617	0	1	432.2077934160995	431.51809413133674	431.5180946628549
lower_task	BR:MCF7	magnitude_g1.00	magnitude_g0.80	6.97792842110005e-05	0	1	439.6335487375936	439.60287356373925	439.6028741033422
lower_task	BR:MCF7	magnitude_g1.00	magnitude_g1.00	1.2249723922386025e-09	0	1	444.50012498282797	444.5001244383276	444.50012498282774
lower_task	BR:MCF7	magnitude_g1.00	magnitude_g1.25	0.0004418649755119267	0	0	450.43578142318563	450.2368375339941	450.23683808423095
lower_task	BR:MCF7	magnitude_g1.00	magnitude_g2.00	0.0018365384121209049	0	0	466.97976437237725	466.12371027365936	466.1237108397831
lower_task	BR:MCF7	magnitude_g1.00	ordinal	0.20303933611566602	0	1	295.9498445847941	246.00180201949777	246.00180236549957
lower_task	BR:MCF7	magnitude_g1.25	magnitude_g0.50	0.002911178302243889	0	1	432.7743202439975	431.51809413133674	431.5180946628549
lower_task	BR:MCF7	magnitude_g1.25	magnitude_g0.80	0.0006090077859360472	0	1	439.87059513645943	439.60287356373925	439.6028741033422
lower_task	BR:MCF7	magnitude_g1.25	magnitude_g1.00	7.815163788518306e-05	0	1	444.5348628510926	444.5001244383276	444.50012498282774
lower_task	BR:MCF7	magnitude_g1.25	magnitude_g1.25	1.2221061078853184e-09	0	1	450.2368380842313	450.2368375339941	450.23683808423095
lower_task	BR:MCF7	magnitude_g1.25	magnitude_g2.00	0.00015823030998208718	0	0	466.19746517282596	466.12371027365936	466.1237108397831
lower_task	BR:MCF7	magnitude_g1.25	ordinal	0.221982037077934	0	1	300.6097831566285	246.00180201949777	246.00180236549957
lower_task	BR:MCF7	magnitude_g2.00	magnitude_g0.50	0.0032947583480282556	0	1	432.9398419743012	431.51809413133674	431.5180946628549
lower_task	BR:MCF7	magnitude_g2.00	magnitude_g0.80	0.0008587371088537359	0	1	439.98037686442717	439.60287356373925	439.6028741033422
lower_task	BR:MCF7	magnitude_g2.00	magnitude_g1.00	0.00024629323421178947	0	1	444.60960181158305	444.5001244383276	444.50012498282774
lower_task	BR:MCF7	magnitude_g2.00	magnitude_g1.25	7.430919971744332e-05	0	1	450.27029427307457	450.2368375339941	450.23683808423095
lower_task	BR:MCF7	magnitude_g2.00	magnitude_g2.00	1.2145362195298466e-09	0	1	466.1237108397835	466.12371027365936	466.1237108397831
lower_task	BR:MCF7	magnitude_g2.00	ordinal	0.226136241846756	0	1	301.6317250157167	246.00180201949777	246.00180236549957
lower_task	BR:MCF7	ordinal	magnitude_g0.50	0.09538521934533802	0	0	472.6785421915365	431.51809413133674	431.5180946628549
lower_task	BR:MCF7	ordinal	magnitude_g0.80	0.10705792041620986	0	0	486.6658430164632	439.60287356373925	439.6028741033422
lower_task	BR:MCF7	ordinal	magnitude_g1.00	0.11509671012262906	0	0	495.6606264102783	444.5001244383276	444.50012498282774
lower_task	BR:MCF7	ordinal	magnitude_g1.25	0.12489221716995236	0	0	506.46791442520225	450.2368375339941	450.23683808423095
lower_task	BR:MCF7	ordinal	magnitude_g2.00	0.14938818446454363	0	0	535.7570850873183	466.12371027365936	466.1237108397831
lower_task	BR:MCF7	ordinal	ordinal	1.4065011860110935e-09	0	1	246.0018023654996	246.00180201949777	246.00180236549957
lower_task	BR:T-47D	magnitude_g0.50	magnitude_g0.50	1.2352566931454282e-09	0	0	425.06792868308986	425.06792815802186	425.0679286830898
lower_task	BR:T-47D	magnitude_g0.50	magnitude_g0.80	0.002076435722807156	0	0	435.91311245209533	435.0098424754067	435.00984301041655
lower_task	BR:T-47D	magnitude_g0.50	magnitude_g1.00	0.004676904906708134	0	0	442.8810356293259	440.8193653764249	440.8193659172443
lower_task	BR:T-47D	magnitude_g0.50	magnitude_g1.25	0.007654175691527158	0	0	451.24060406340453	447.8129649527128	447.81296550052576
lower_task	BR:T-47D	magnitude_g0.50	magnitude_g2.00	0.01711074852640944	0	0	473.7825190896459	465.8121249589214	465.8121255247336
lower_task	BR:T-47D	magnitude_g0.50	ordinal	0.14704399827899364	0	1	271.28042080899746	236.50393639304355	236.50393672954746
lower_task	BR:T-47D	magnitude_g0.80	magnitude_g0.50	0.0021150818347444914	0	1	425.96698161140137	425.06792815802186	425.0679286830898
lower_task	BR:T-47D	magnitude_g0.80	magnitude_g0.80	1.229879766687856e-09	1	1	435.0098430104165	435.0098424754067	435.00984301041655
lower_task	BR:T-47D	magnitude_g0.80	magnitude_g1.00	7.678506996091353e-05	0	0	440.85321372223547	440.8193653764249	440.8193659172443
lower_task	BR:T-47D	magnitude_g0.80	magnitude_g1.25	0.00018680135794065894	0	0	447.8966170226694	447.8129649527128	447.81296550052576
lower_task	BR:T-47D	magnitude_g0.80	magnitude_g2.00	0.002690502152047967	0	0	467.0653934835734	465.8121249589214	465.8121255247336
lower_task	BR:T-47D	magnitude_g0.80	ordinal	0.22660728645364142	0	1	290.09745165467575	236.50393639304355	236.50393672954746
lower_task	BR:T-47D	magnitude_g1.00	magnitude_g0.50	0.002264691057216043	0	1	426.0305756936307	425.06792815802186	425.0679286830898
lower_task	BR:T-47D	magnitude_g1.00	magnitude_g0.80	7.974670866693593e-06	0	1	435.0133115357242	435.0098424754067	435.00984301041655
lower_task	BR:T-47D	magnitude_g1.00	magnitude_g1.00	1.2268500440305082e-09	1	1	440.81936591724417	440.8193653764249	440.8193659172443
lower_task	BR:T-47D	magnitude_g1.00	magnitude_g1.25	1.4103346306798412e-05	0	0	447.8192806140382	447.8129649527128	447.81296550052576
lower_task	BR:T-47D	magnitude_g1.00	magnitude_g2.00	0.002287060519157959	0	0	466.87746547926	465.8121249589214	465.8121255247336
lower_task	BR:T-47D	magnitude_g1.00	ordinal	0.2293875607262363	0	1	290.75499746439675	236.50393639304355	236.50393672954746
lower_task	BR:T-47D	magnitude_g1.25	magnitude_g0.50	0.0023619167453905626	0	1	426.07190321546676	425.06792815802186	425.0679286830898
lower_task	BR:T-47D	magnitude_g1.25	magnitude_g0.80	5.603227892403056e-05	0	1	435.03421706823497	435.0098424754067	435.00984301041655
lower_task	BR:T-47D	magnitude_g1.25	magnitude_g1.00	1.883521313378929e-05	0	1	440.8276683031253	440.8193653764249	440.8193659172443
lower_task	BR:T-47D	magnitude_g1.25	magnitude_g1.25	1.2233083269026549e-09	0	1	447.8129655005261	447.8129649527128	447.81296550052576
lower_task	BR:T-47D	magnitude_g1.25	magnitude_g2.00	0.0021944766966257934	0	0	466.8343388121495	465.8121249589214	465.8121255247336
lower_task	BR:T-47D	magnitude_g1.25	ordinal	0.23037230338709294	0	1	290.9878929800235	236.50393639304355	236.50393672954746
lower_task	BR:T-47D	magnitude_g2.00	magnitude_g0.50	0.009873468638014075	0	1	429.2648230157157	425.06792815802186	425.0679286830898
lower_task	BR:T-47D	magnitude_g2.00	magnitude_g0.80	0.005055620524877677	0	1	437.20908716354916	435.0098424754067	435.00984301041655
lower_task	BR:T-47D	magnitude_g2.00	magnitude_g1.00	0.003524875848550469	0	1	442.3731989110136	440.8193653764249	440.8193659172443
lower_task	BR:T-47D	magnitude_g2.00	magnitude_g1.25	0.0018201232041461907	0	1	448.6280397213407	447.8129649527128	447.81296550052576
lower_task	BR:T-47D	magnitude_g2.00	magnitude_g2.00	1.2146785611171636e-09	1	0	465.8121255247334	465.8121249589214	465.8121255247336
lower_task	BR:T-47D	magnitude_g2.00	ordinal	0.2791825814752743	0	1	302.5317158843175	236.50393639304355	236.50393672954746
lower_task	BR:T-47D	ordinal	magnitude_g0.50	0.10921070770393874	0	0	471.4898974144064	425.06792815802186	425.0679286830898
lower_task	BR:T-47D	ordinal	magnitude_g0.80	0.1225961734063762	0	0	488.34038455700204	435.0098424754067	435.00984301041655
lower_task	BR:T-47D	ordinal	magnitude_g1.00	0.13227014040185492	0	0	499.1266047266212	440.8193653764249	440.8193659172443
lower_task	BR:T-47D	ordinal	magnitude_g1.25	0.14339689870302177	0	0	512.0279553259368	447.8129649527128	447.81296550052576
lower_task	BR:T-47D	ordinal	magnitude_g2.00	0.17346582438204627	0	0	546.6146092220735	465.8121249589214	465.8121255247336
lower_task	BR:T-47D	ordinal	ordinal	1.4228260986381323e-09	0	1	236.50393672954752	236.50393639304355	236.50393672954746
lower_task	CNS:SF-268	magnitude_g0.50	magnitude_g0.50	1.2421410995134693e-09	0	0	412.9828564565951	412.9828559436121	412.98285645659496
lower_task	CNS:SF-268	magnitude_g0.50	magnitude_g0.80	0.00045278179955248095	0	0	423.36602190026764	423.174416226564	423.17441674973844
lower_task	CNS:SF-268	magnitude_g0.50	magnitude_g1.00	0.001416101692253989	0	0	430.0661635011553	429.4580072902795	429.45800781973753
lower_task	CNS:SF-268	magnitude_g0.50	magnitude_g1.25	0.003324340178355743	0	0	438.1344781206974	436.68279595690115	436.68279649358396
lower_task	CNS:SF-268	magnitude_g0.50	magnitude_g2.00	0.009546872175440424	0	0	460.0617083526772	455.7110928007779	455.711093356489
lower_task	CNS:SF-268	magnitude_g0.50	ordinal	0.18734046437395016	0	1	261.6301782486369	220.3497531658595	220.34975348620927
lower_task	CNS:SF-268	magnitude_g0.80	magnitude_g0.50	0.0006100597049632789	0	1	413.23480014286395	412.9828559436121	412.98285645659496
lower_task	CNS:SF-268	magnitude_g0.80	magnitude_g0.80	1.236309898438086e-09	0	1	423.1744167497387	423.174416226564	423.17441674973844
lower_task	CNS:SF-268	magnitude_g0.80	magnitude_g1.00	0.00032770207554144856	0	0	429.59874157062643	429.4580072902795	429.45800781973753
lower_task	CNS:SF-268	magnitude_g0.80	magnitude_g1.25	0.0015171378609813743	0	0	437.34530395988656	436.68279595690115	436.68279649358396
lower_task	CNS:SF-268	magnitude_g0.80	magnitude_g2.00	0.0060203282204634185	0	0	458.45462315314467	455.7110928007779	455.711093356489
lower_task	CNS:SF-268	magnitude_g0.80	ordinal	0.2074594164854014	0	1	266.06338438035095	220.3497531658595	220.34975348620927
lower_task	CNS:SF-268	magnitude_g1.00	magnitude_g0.50	0.0015941661559814647	0	1	413.64121923555797	412.9828559436121	412.98285645659496
lower_task	CNS:SF-268	magnitude_g1.00	magnitude_g0.80	0.00016126194372950372	0	1	423.2426581554613	423.174416226564	423.17441674973844
lower_task	CNS:SF-268	magnitude_g1.00	magnitude_g1.00	1.2328515354377509e-09	1	1	429.4580078197375	429.4580072902795	429.45800781973753
lower_task	CNS:SF-268	magnitude_g1.00	magnitude_g1.25	0.00063969399270549	0	0	436.9621393181926	436.68279595690115	436.68279649358396
lower_task	CNS:SF-268	magnitude_g1.00	magnitude_g2.00	0.003843779117847158	0	0	457.46274558305686	455.7110928007779	455.711093356489
lower_task	CNS:SF-268	magnitude_g1.00	ordinal	0.2233256759059278	0	1	269.55951072732944	220.3497531658595	220.34975348620927
lower_task	CNS:SF-268	magnitude_g1.25	magnitude_g0.50	0.004200185020951121	0	1	414.71746034905607	412.9828559436121	412.98285645659496
lower_task	CNS:SF-268	magnitude_g1.25	magnitude_g0.80	0.0013273416410420616	0	1	423.7361132506452	423.174416226564	423.17441674973844
lower_task	CNS:SF-268	magnitude_g1.25	magnitude_g1.00	0.000314265989403607	0	1	429.5929713358479	429.4580072902795	429.45800781973753
lower_task	CNS:SF-268	magnitude_g1.25	magnitude_g1.25	1.2289994882562117e-09	0	1	436.6827964935841	436.68279595690115	436.68279649358396
lower_task	CNS:SF-268	magnitude_g1.25	magnitude_g2.00	0.000964960481166844	0	0	456.15083599616	455.7110928007779	455.711093356489
lower_task	CNS:SF-268	magnitude_g1.25	ordinal	0.24945440445391504	0	1	275.3169696134162	220.3497531658595	220.34975348620927
lower_task	CNS:SF-268	magnitude_g2.00	magnitude_g0.50	0.009437476528636583	0	1	416.88037195330924	412.9828559436121	412.98285645659496
lower_task	CNS:SF-268	magnitude_g2.00	magnitude_g0.80	0.004925871209620907	0	1	425.25891890010257	423.174416226564	423.17441674973844
lower_task	CNS:SF-268	magnitude_g2.00	magnitude_g1.00	0.0029458305010078697	0	1	430.7231177870573	429.4580072902795	429.45800781973753
lower_task	CNS:SF-268	magnitude_g2.00	magnitude_g1.25	0.0015521034975479828	0	1	437.3605728518249	436.68279595690115	436.68279649358396
lower_task	CNS:SF-268	magnitude_g2.00	magnitude_g2.00	1.2194371579500744e-09	1	1	455.71109335648896	455.7110928007779	455.711093356489
lower_task	CNS:SF-268	magnitude_g2.00	ordinal	0.27981249046168893	0	1	282.0063663718171	220.3497531658595	220.34975348620927
lower_task	CNS:SF-268	ordinal	magnitude_g0.50	0.09510160897484793	0	0	452.25819002287744	412.9828559436121	412.98285645659496
lower_task	CNS:SF-268	ordinal	magnitude_g0.80	0.10793749763534596	0	0	468.85080377735767	423.174416226564	423.17441674973844
lower_task	CNS:SF-268	ordinal	magnitude_g1.00	0.1165214445066629	0	0	479.49907465469585	429.4580072902795	429.45800781973753
lower_task	CNS:SF-268	ordinal	magnitude_g1.25	0.12727979681907092	0	0	492.2636935006793	436.68279595690115	436.68279649358396
lower_task	CNS:SF-268	ordinal	magnitude_g2.00	0.15565800092788118	0	0	526.6461705068072	455.7110928007779	455.711093356489
lower_task	CNS:SF-268	ordinal	ordinal	1.4538238531568488e-09	1	1	220.34975348620924	220.3497531658595	220.34975348620927
lower_task	CNS:SF-295	magnitude_g0.50	magnitude_g0.50	1.2372631015113953e-09	1	1	421.47300612489823	421.47300560342524	421.4730061248983
lower_task	CNS:SF-295	magnitude_g0.50	magnitude_g0.80	0.0016138493734991024	0	0	431.2911091860283	430.5961917916742	430.5961923222704
lower_task	CNS:SF-295	magnitude_g0.50	magnitude_g1.00	0.0031139844442484243	0	0	437.6257709845455	436.26724158072795	436.2672421169952
lower_task	CNS:SF-295	magnitude_g0.50	magnitude_g1.25	0.004968035517010162	0	0	445.25329146229853	443.05219243439524	443.0521929774475
lower_task	CNS:SF-295	magnitude_g0.50	magnitude_g2.00	0.01155648352979788	0	0	465.9847161515045	460.6610938080926	460.6610943687537
lower_task	CNS:SF-295	magnitude_g0.50	ordinal	0.19239799898420248	0	1	270.45281469456586	226.81421381532272	226.81421414213693
lower_task	CNS:SF-295	magnitude_g0.80	magnitude_g0.50	0.0008263415799846328	0	1	421.82128627279644	421.47300560342524	421.4730061248983
lower_task	CNS:SF-295	magnitude_g0.80	magnitude_g0.80	1.232235760318978e-09	1	1	430.5961923222702	430.5961917916742	430.5961923222704
lower_task	CNS:SF-295	magnitude_g0.80	magnitude_g1.00	4.404614574013846e-05	0	0	436.28645747123227	436.26724158072795	436.2672421169952
lower_task	CNS:SF-295	magnitude_g0.80	magnitude_g1.25	0.000257585781216264	0	0	443.16631637950303	443.05219243439524	443.0521929774475
lower_task	CNS:SF-295	magnitude_g0.80	magnitude_g2.00	0.0029414897692146722	0	0	462.0161237026043	460.6610938080926	460.6610943687537
lower_task	CNS:SF-295	magnitude_g0.80	ordinal	0.23635865747685925	0	1	280.4237168893817	226.81421381532272	226.81421414213693
lower_task	CNS:SF-295	magnitude_g1.00	magnitude_g0.50	0.0010738151299865778	0	1	421.9255896937231	421.47300560342524	421.4730061248983
lower_task	CNS:SF-295	magnitude_g1.00	magnitude_g0.80	6.357655010473518e-05	0	1	430.62356761203654	430.5961917916742	430.5961923222704
lower_task	CNS:SF-295	magnitude_g1.00	magnitude_g1.00	1.229218463634592e-09	0	1	436.2672421169957	436.26724158072795	436.2672421169952
lower_task	CNS:SF-295	magnitude_g1.00	magnitude_g1.25	9.427723960240708e-05	0	0	443.09396217209775	443.05219243439524	443.0521929774475
lower_task	CNS:SF-295	magnitude_g1.00	magnitude_g2.00	0.0025043121440719448	0	0	461.81473297961765	460.6610938080926	460.6610943687537
lower_task	CNS:SF-295	magnitude_g1.00	ordinal	0.23970138341618155	0	1	281.18189464530917	226.81421381532272	226.81421414213693
lower_task	CNS:SF-295	magnitude_g1.25	magnitude_g0.50	0.0031583795314948995	0	1	422.80417731740073	421.47300560342524	421.4730061248983
lower_task	CNS:SF-295	magnitude_g1.25	magnitude_g0.80	0.001189246764678009	0	1	431.1082769196451	430.5961917916742	430.5961923222704
lower_task	CNS:SF-295	magnitude_g1.25	magnitude_g1.00	0.000552813053876032	0	1	436.50841580685227	436.26724158072795	436.2672421169952
lower_task	CNS:SF-295	magnitude_g1.25	magnitude_g1.25	1.2257067600333167e-09	1	0	443.0521929774473	443.05219243439524	443.0521929774475
lower_task	CNS:SF-295	magnitude_g1.25	magnitude_g2.00	0.0008606345349327731	0	0	461.0575546543237	460.6610938080926	460.6610943687537
lower_task	CNS:SF-295	magnitude_g1.25	ordinal	0.2595619990959775	0	1	285.68656457661035	226.81421381532272	226.81421414213693
lower_task	CNS:SF-295	magnitude_g2.00	magnitude_g0.50	0.006354516488083167	0	1	424.15126276681417	421.47300560342524	421.4730061248983
lower_task	CNS:SF-295	magnitude_g2.00	magnitude_g0.80	0.0033496150097579217	0	1	432.0385232588442	430.5961917916742	430.5961923222704
lower_task	CNS:SF-295	magnitude_g2.00	magnitude_g1.00	0.002091184449727446	0	1	437.17955685224706	436.26724158072795	436.2672421169952
lower_task	CNS:SF-295	magnitude_g2.00	magnitude_g1.25	0.0008331289913975577	0	1	443.4213120606146	443.05219243439524	443.0521929774475
lower_task	CNS:SF-295	magnitude_g2.00	magnitude_g2.00	1.2170800335628516e-09	0	0	460.661094368754	460.6610938080926	460.6610943687537
lower_task	CNS:SF-295	magnitude_g2.00	ordinal	0.28089885825456057	0	1	290.52606751195265	226.81421381532272	226.81421414213693
lower_task	CNS:SF-295	ordinal	magnitude_g0.50	0.09128539980687013	0	0	459.9473374277371	421.47300560342524	421.4730061248983
lower_task	CNS:SF-295	ordinal	magnitude_g0.80	0.10556130879182714	0	0	476.0504893579799	430.5961917916742	430.5961923222704
lower_task	CNS:SF-295	ordinal	magnitude_g1.00	0.1148147780311769	0	0	486.35716808509306	436.26724158072795	436.2672421169952
lower_task	CNS:SF-295	ordinal	magnitude_g1.25	0.12556864154127886	0	0	498.6856543702675	443.05219243439524	443.0521929774475
lower_task	CNS:SF-295	ordinal	magnitude_g2.00	0.1543480665305602	0	0	531.7632429632247	460.6610938080926	460.6610943687537
lower_task	CNS:SF-295	ordinal	ordinal	1.4408893634081349e-09	1	1	226.8142141421369	226.81421381532272	226.81421414213693
lower_task	CNS:SF-539	magnitude_g0.50	magnitude_g0.50	1.243219551055596e-09	1	0	411.1504146251272	411.150414113977	411.15041462512744
lower_task	CNS:SF-539	magnitude_g0.50	magnitude_g0.80	3.4193667440306876e-05	0	0	420.92018514704284	420.90579283433897	420.9057933552448
lower_task	CNS:SF-539	magnitude_g0.50	magnitude_g1.00	0.00021515145322969256	0	0	427.26652651344534	427.17461927332585	427.17461980050047
lower_task	CNS:SF-539	magnitude_g0.50	magnitude_g1.25	0.0008864880932697272	0	0	434.94887370465693	434.5636382136126	434.56363874817623
lower_task	CNS:SF-539	magnitude_g0.50	magnitude_g2.00	0.0039829830495093305	0	0	456.02358006927136	454.2144516076758	454.2144521618903
lower_task	CNS:SF-539	magnitude_g0.50	ordinal	0.20796851446369535	0	1	267.01635172929184	221.0457876444236	221.04578796546937
lower_task	CNS:SF-539	magnitude_g0.80	magnitude_g0.50	1.1345081336839308e-05	0	1	411.1550786488668	411.150414113977	411.15041462512744
lower_task	CNS:SF-539	magnitude_g0.80	magnitude_g0.80	1.2375831766579832e-09	0	1	420.9057933552449	420.90579283433897	420.9057933552448
lower_task	CNS:SF-539	magnitude_g0.80	magnitude_g1.00	0.0001543770979471076	0	0	427.2405652513659	427.17461927332585	427.17461980050047
lower_task	CNS:SF-539	magnitude_g0.80	magnitude_g1.25	0.0007962281044989957	0	0	434.9096499955516	434.5636382136126	434.56363874817623
lower_task	CNS:SF-539	magnitude_g0.80	magnitude_g2.00	0.0038242684068711605	0	0	455.95148958490336	454.2144516076758	454.2144521618903
lower_task	CNS:SF-539	magnitude_g0.80	ordinal	0.208962805625145	0	1	267.23613560222236	221.0457876444236	221.04578796546937
lower_task	CNS:SF-539	magnitude_g1.00	magnitude_g0.50	0.001210992156393674	0	1	411.648314040567	411.150414113977	411.15041462512744
lower_task	CNS:SF-539	magnitude_g1.00	magnitude_g0.80	0.000353946644522166	0	1	421.0547710273726	420.90579283433897	420.9057933552448
lower_task	CNS:SF-539	magnitude_g1.00	magnitude_g1.00	1.2340967069361023e-09	0	1	427.17461980050064	427.17461927332585	427.17461980050047
lower_task	CNS:SF-539	magnitude_g1.00	magnitude_g1.25	6.490585296629424e-05	0	0	434.591843937219	434.5636382136126	434.56363874817623
lower_task	CNS:SF-539	magnitude_g1.00	magnitude_g2.00	0.001696639178514036	0	0	454.98508964172066	454.2144516076758	454.2144521618903
lower_task	CNS:SF-539	magnitude_g1.00	ordinal	0.23279889454767164	0	1	272.5050026524648	221.0457876444236	221.04578796546937
lower_task	CNS:SF-539	magnitude_g1.25	magnitude_g0.50	0.001795815617348764	0	1	411.88876444872227	411.150414113977	411.15041462512744
lower_task	CNS:SF-539	magnitude_g1.25	magnitude_g0.80	0.0006553162858403498	0	1	421.18161925518785	420.90579283433897	420.9057933552448
lower_task	CNS:SF-539	magnitude_g1.25	magnitude_g1.00	0.00013003193664560525	0	1	427.2301656163558	427.17461927332585	427.17461980050047
lower_task	CNS:SF-539	magnitude_g1.25	magnitude_g1.25	1.2301152428590292e-09	1	0	434.56363874817595	434.5636382136126	434.56363874817623
lower_task	CNS:SF-539	magnitude_g1.25	magnitude_g2.00	0.0011609346499290645	0	0	454.7417649030457	454.2144516076758	454.2144521618903
lower_task	CNS:SF-539	magnitude_g1.25	ordinal	0.2380509401539581	0	1	273.6659452102508	221.0457876444236	221.04578796546937
lower_task	CNS:SF-539	magnitude_g2.00	magnitude_g0.50	0.005983115683261307	0	1	413.6103746048417	411.150414113977	411.15041462512744
lower_task	CNS:SF-539	magnitude_g2.00	magnitude_g0.80	0.0034752199807395745	0	1	422.3685330556059	420.90579283433897	420.9057933552448
lower_task	CNS:SF-539	magnitude_g2.00	magnitude_g1.00	0.002129068778364133	0	1	428.08410341813027	427.17461927332585	427.17461980050047
lower_task	CNS:SF-539	magnitude_g2.00	magnitude_g1.25	0.0010699252758812458	0	1	435.02858883411625	434.5636382136126	434.56363874817623
lower_task	CNS:SF-539	magnitude_g2.00	magnitude_g2.00	1.2201603545592034e-09	1	1	454.2144521618903	454.2144516076758	454.2144521618903
lower_task	CNS:SF-539	magnitude_g2.00	ordinal	0.2675643228020978	0	1	280.1897541237601	221.0457876444236	221.04578796546937
lower_task	CNS:SF-539	ordinal	magnitude_g0.50	0.08806902073652852	0	0	447.3600284604131	411.150414113977	411.15041462512744
lower_task	CNS:SF-539	ordinal	magnitude_g0.80	0.10271575644060553	0	0	464.1394497355509	420.90579283433897	420.9057933552448
lower_task	CNS:SF-539	ordinal	magnitude_g1.00	0.1117341046313243	0	0	474.90459287905776	427.17461927332585	427.17461980050047
lower_task	CNS:SF-539	ordinal	magnitude_g1.25	0.12251560115484736	0	0	487.80446358939093	434.5636382136126	434.56363874817623
lower_task	CNS:SF-539	ordinal	magnitude_g2.00	0.15034186682878717	0	0	522.5019002029876	454.2144516076758	454.2144521618903
lower_task	CNS:SF-539	ordinal	ordinal	1.4523945152260035e-09	1	0	221.0457879654693	221.0457876444236	221.04578796546937
lower_task	CNS:SNB-19	magnitude_g0.50	magnitude_g0.50	1.24219498550261e-09	1	1	412.8893908769546	412.8893903640655	412.8893908769549
lower_task	CNS:SNB-19	magnitude_g0.50	magnitude_g0.80	0.00044714433303249423	0	0	423.07097335413215	422.8818841161075	422.88188463898945
lower_task	CNS:SNB-19	magnitude_g0.50	magnitude_g1.00	0.0022225429484002447	0	0	429.6535904490782	428.70078454341757	428.7007850721184
lower_task	CNS:SNB-19	magnitude_g0.50	magnitude_g1.25	0.004319557598122733	0	0	437.59304947674605	435.7109708420598	435.71097137777076
lower_task	CNS:SNB-19	magnitude_g0.50	magnitude_g2.00	0.010554438821240563	0	0	459.2403250293194	454.4439244312256	454.4439249856695
lower_task	CNS:SNB-19	magnitude_g0.50	ordinal	0.20451505339552853	0	1	266.3937065309267	221.1626212391142	221.16262156027682
lower_task	CNS:SNB-19	magnitude_g0.80	magnitude_g0.50	0.002472630902606	0	1	413.91031343003783	412.8893903640655	412.8893908769549
lower_task	CNS:SNB-19	magnitude_g0.80	magnitude_g0.80	1.236473943024983e-09	0	1	422.88188463898996	422.8818841161075	422.88188463898945
lower_task	CNS:SNB-19	magnitude_g0.80	magnitude_g1.00	5.035623195703215e-05	0	0	428.7223722995642	428.70078454341757	428.7007850721184
lower_task	CNS:SNB-19	magnitude_g0.80	magnitude_g1.25	0.00021878774612088463	0	0	435.80629906333047	435.7109708420598	435.71097137777076
lower_task	CNS:SNB-19	magnitude_g0.80	magnitude_g2.00	0.001954761123343427	0	0	455.33225374744336	454.4439244312256	454.4439249856695
lower_task	CNS:SNB-19	magnitude_g0.80	ordinal	0.24679720884485049	0	1	275.74493886173843	221.1626212391142	221.16262156027682
lower_task	CNS:SNB-19	magnitude_g1.00	magnitude_g0.50	0.0026498540753124985	0	1	413.983486997775	412.8893903640655	412.8893908769549
lower_task	CNS:SNB-19	magnitude_g1.00	magnitude_g0.80	3.387546058869631e-05	0	1	422.8962094347066	422.8818841161075	422.88188463898945
lower_task	CNS:SNB-19	magnitude_g1.00	magnitude_g1.00	1.23326457645452e-09	0	0	428.70078507211906	428.70078454341757	428.7007850721184
lower_task	CNS:SNB-19	magnitude_g1.00	magnitude_g1.25	7.468378299668667e-05	0	0	435.74351138565544	435.7109708420598	435.71097137777076
lower_task	CNS:SNB-19	magnitude_g1.00	magnitude_g2.00	0.0015944456534228884	0	0	455.1685105712594	454.4439244312256	454.4439249856695
lower_task	CNS:SNB-19	magnitude_g1.00	ordinal	0.2488718697773476	0	1	276.2037763117519	221.1626212391142	221.16262156027682
lower_task	CNS:SNB-19	magnitude_g1.25	magnitude_g0.50	0.002921377031672668	0	1	414.0955959456964	412.8893903640655	412.8893908769549
lower_task	CNS:SNB-19	magnitude_g1.25	magnitude_g0.80	0.00014923106621962665	0	1	422.94499123055914	422.8818841161075	422.88188463898945
lower_task	CNS:SNB-19	magnitude_g1.25	magnitude_g1.00	2.492875142144241e-05	0	1	428.71147151870963	428.70078454341757	428.7007850721184
lower_task	CNS:SNB-19	magnitude_g1.25	magnitude_g1.25	1.2303341888008233e-09	0	0	435.7109713781299	435.7109708420598	435.71097137777076
lower_task	CNS:SNB-19	magnitude_g1.25	magnitude_g2.00	0.0012939354742554556	0	0	455.031945546107	454.4439244312256	454.4439249856695
lower_task	CNS:SNB-19	magnitude_g1.25	ordinal	0.251341800299622	0	1	276.7500326203366	221.1626212391142	221.16262156027682
lower_task	CNS:SNB-19	magnitude_g2.00	magnitude_g0.50	0.007817167557532192	0	1	416.1170159112687	412.8893903640655	412.8893908769549
lower_task	CNS:SNB-19	magnitude_g2.00	magnitude_g0.80	0.0033888364737159364	0	1	424.3149616690739	422.8818841161075	422.88188463898945
lower_task	CNS:SNB-19	magnitude_g2.00	magnitude_g1.00	0.002298901137014764	0	1	429.68632526444355	428.70078454341757	428.7007850721184
lower_task	CNS:SNB-19	magnitude_g2.00	magnitude_g1.25	0.0011999354624993898	0	1	436.2337958873732	435.7109708420598	435.71097137777076
lower_task	CNS:SNB-19	magnitude_g2.00	magnitude_g2.00	1.2200495681082467e-09	0	0	454.4439249856697	454.4439244312256	454.4439249856695
lower_task	CNS:SNB-19	magnitude_g2.00	ordinal	0.2850749883175198	0	1	284.21055290512675	221.1626212391142	221.16262156027682
lower_task	CNS:SNB-19	ordinal	magnitude_g0.50	0.13099493666355522	0	0	466.9758099038602	412.8893903640655	412.8893908769549
lower_task	CNS:SNB-19	ordinal	magnitude_g0.80	0.14519607664418985	0	0	484.2826745736693	422.8818841161075	422.88188463898945
lower_task	CNS:SNB-19	ordinal	magnitude_g1.00	0.15558406219018606	0	0	495.3997940668022	428.70078454341757	428.7007850721184
lower_task	CNS:SNB-19	ordinal	magnitude_g1.25	0.16760702200170055	0	0	508.7391891183672	435.7109708420598	435.71097137777076
lower_task	CNS:SNB-19	ordinal	magnitude_g2.00	0.1987371119897425	0	0	544.7587975339721	454.4439244312256	454.4439249856695
lower_task	CNS:SNB-19	ordinal	ordinal	1.4521556936627166e-09	1	1	221.16262156027676	221.1626212391142	221.16262156027682
lower_task	CNS:SNB-75	magnitude_g0.50	magnitude_g0.50	1.2394275142134481e-09	0	1	417.6640531434505	417.66405262578616	417.66405314345025
lower_task	CNS:SNB-75	magnitude_g0.50	magnitude_g0.80	0.0005774077397943826	0	0	427.671506435155	427.4247081005184	427.4247086279431
lower_task	CNS:SNB-75	magnitude_g0.50	magnitude_g1.00	0.0019409956524838318	0	0	434.16683057304704	433.32574718165813	433.3257477149839
lower_task	CNS:SNB-75	magnitude_g0.50	magnitude_g1.25	0.00449430828504703	0	0	442.0235757366339	440.04587391967596	440.04587445972186
lower_task	CNS:SNB-75	magnitude_g0.50	magnitude_g2.00	0.01272419716728775	0	0	463.54938696666255	457.7252012574266	457.7252018151518
lower_task	CNS:SNB-75	magnitude_g0.50	ordinal	0.29891077004021077	0	1	262.5701750887926	202.1464300281875	202.1464303303339
lower_task	CNS:SNB-75	magnitude_g0.80	magnitude_g0.50	0.0013323334785201018	0	1	418.2205204258739	417.66405262578616	417.66405314345025
lower_task	CNS:SNB-75	magnitude_g0.80	magnitude_g0.80	1.2339601864595602e-09	0	0	427.42470862794346	427.4247081005184	427.4247086279431
lower_task	CNS:SNB-75	magnitude_g0.80	magnitude_g1.00	0.00022144187121721283	0	0	433.42170364596063	433.32574718165813	433.3257477149839
lower_task	CNS:SNB-75	magnitude_g0.80	magnitude_g1.25	0.0014817205164154427	0	0	440.6978989192267	440.04587391967596	440.04587445972186
lower_task	CNS:SNB-75	magnitude_g0.80	magnitude_g2.00	0.006604691115832268	0	0	460.74833482766405	457.7252012574266	457.7252018151518
lower_task	CNS:SNB-75	magnitude_g0.80	ordinal	0.3401375106533825	0	1	270.90401352544336	202.1464300281875	202.1464303303339
lower_task	CNS:SNB-75	magnitude_g1.00	magnitude_g0.50	0.0028277305489327878	0	1	418.84509402658716	417.66405262578616	417.66405314345025
lower_task	CNS:SNB-75	magnitude_g1.00	magnitude_g0.80	0.0004143294641880948	0	1	427.6018027508064	427.4247081005184	427.4247086279431
lower_task	CNS:SNB-75	magnitude_g1.00	magnitude_g1.00	1.2311846800584794e-09	0	0	433.32574771516215	433.32574718165813	433.3257477149839
lower_task	CNS:SNB-75	magnitude_g1.00	magnitude_g1.25	0.0005518890401138169	0	0	440.28873041463953	440.04587391967596	440.04587445972186
lower_task	CNS:SNB-75	magnitude_g1.00	magnitude_g2.00	0.00403485317864585	0	0	459.57205524066643	457.7252012574266	457.7252018151518
lower_task	CNS:SNB-75	magnitude_g1.00	ordinal	0.3580795753027536	0	1	274.53093784164867	202.1464300281875	202.1464303303339
lower_task	CNS:SNB-75	magnitude_g1.25	magnitude_g0.50	0.005979841324205195	0	1	420.16161738731284	417.66405262578616	417.66405314345025
lower_task	CNS:SNB-75	magnitude_g1.25	magnitude_g0.80	0.0019276352022939698	0	1	428.24862701418317	427.4247081005184	427.4247086279431
lower_task	CNS:SNB-75	magnitude_g1.25	magnitude_g1.00	0.0005409497314045024	0	1	433.5601546282067	433.32574718165813	433.3257477149839
lower_task	CNS:SNB-75	magnitude_g1.25	magnitude_g1.25	1.2272485841620876e-09	1	0	440.04587445972163	440.04587391967596	440.04587445972186
lower_task	CNS:SNB-75	magnitude_g1.25	magnitude_g2.00	0.0008943535994374122	0	0	458.1345694387244	457.7252012574266	457.7252018151518
lower_task	CNS:SNB-75	magnitude_g1.25	ordinal	0.39408958433793373	0	1	281.8102326133931	202.1464300281875	202.1464303303339
lower_task	CNS:SNB-75	magnitude_g2.00	magnitude_g0.50	0.011869112761504826	0	1	422.6213543628287	417.66405262578616	417.66405314345025
lower_task	CNS:SNB-75	magnitude_g2.00	magnitude_g0.80	0.006004863646059709	0	1	429.9913351916189	427.4247081005184	427.4247086279431
lower_task	CNS:SNB-75	magnitude_g2.00	magnitude_g1.00	0.0035573636529729635	0	1	434.8672444445795	433.32574718165813	433.3257477149839
lower_task	CNS:SNB-75	magnitude_g2.00	magnitude_g1.25	0.0018379291071737136	0	1	440.8546470398446	440.04587391967596	440.04587445972186
lower_task	CNS:SNB-75	magnitude_g2.00	magnitude_g2.00	1.218472003966388e-09	0	1	457.72520181515193	457.7252012574266	457.7252018151518
lower_task	CNS:SNB-75	magnitude_g2.00	ordinal	0.4335800231507505	0	1	289.7930838396506	202.1464300281875	202.1464303303339
lower_task	CNS:SNB-75	ordinal	magnitude_g0.50	0.12810202036046162	0	0	471.1676615990875	417.66405262578616	417.66405314345025
lower_task	CNS:SNB-75	ordinal	magnitude_g0.80	0.1453485183457269	0	0	489.55025612728355	427.4247081005184	427.4247086279431
lower_task	CNS:SNB-75	ordinal	magnitude_g1.00	0.15697117416468065	0	0	501.34539851255056	433.32574718165813	433.3257477149839
lower_task	CNS:SNB-75	ordinal	magnitude_g1.25	0.17143051085245029	0	0	515.4831628842389	440.04587391967596	440.04587445972186
lower_task	CNS:SNB-75	ordinal	magnitude_g2.00	0.20937248669955646	0	0	553.560264869749	457.7252012574266	457.7252018151518
lower_task	CNS:SNB-75	ordinal	ordinal	1.494690843985269e-09	1	0	202.1464303303339	202.1464300281875	202.1464303303339
lower_task	CNS:U251	magnitude_g0.50	magnitude_g0.50	1.2441574554254189e-09	1	1	409.57129528136284	409.57129477179166	409.57129528136295
lower_task	CNS:U251	magnitude_g0.50	magnitude_g0.80	0.0002540587552346024	0	0	420.223964798638	420.1172303380457	420.11723085816294
lower_task	CNS:U251	magnitude_g0.50	magnitude_g1.00	0.0009371252261299386	0	0	427.08996684165857	426.6901047807285	426.69010530741866
lower_task	CNS:U251	magnitude_g0.50	magnitude_g1.25	0.003119432351975931	0	0	435.3502220923864	433.9963996825755	433.9964002165719
lower_task	CNS:U251	magnitude_g0.50	magnitude_g2.00	0.009850079762214184	0	0	457.7612986956197	453.29629404337635	453.2962945966727
lower_task	CNS:U251	magnitude_g0.50	ordinal	0.2272990309802174	0	1	265.4726601247081	216.30642037799117	216.3064206942976
lower_task	CNS:U251	magnitude_g0.80	magnitude_g0.50	0.0003784977420752312	0	1	409.7263165820816	409.57129477179166	409.57129528136295
lower_task	CNS:U251	magnitude_g0.80	magnitude_g0.80	1.2380289238741362e-09	0	0	420.117230858163	420.1172303380457	420.11723085816294
lower_task	CNS:U251	magnitude_g0.80	magnitude_g1.00	0.00030471118620973865	0	0	426.8201220287002	426.6901047807285	426.69010530741866
lower_task	CNS:U251	magnitude_g0.80	magnitude_g1.25	0.002058266990049012	0	0	434.88968014584225	433.9963996825755	433.9964002165719
lower_task	CNS:U251	magnitude_g0.80	magnitude_g2.00	0.00775809428106385	0	0	456.8130094298217	453.29629404337635	453.2962945966727
lower_task	CNS:U251	magnitude_g0.80	ordinal	0.2389113683615808	0	1	267.98448325589237	216.30642037799117	216.3064206942976
lower_task	CNS:U251	magnitude_g1.00	magnitude_g0.50	0.0021773931052460156	0	1	410.46309248513444	409.57129477179166	409.57129528136295
lower_task	CNS:U251	magnitude_g1.00	magnitude_g0.80	0.00047734514651996495	0	1	420.317771258917	420.1172303380457	420.11723085816294
lower_task	CNS:U251	magnitude_g1.00	magnitude_g1.00	1.2343619511085453e-09	1	1	426.69010530741855	426.6901047807285	426.69010530741866
lower_task	CNS:U251	magnitude_g1.00	magnitude_g1.25	0.0008772497590678424	0	0	434.37712291963334	433.9963996825755	433.9964002165719
lower_task	CNS:U251	magnitude_g1.00	magnitude_g2.00	0.00452138514868939	0	0	455.34582117522	453.29629404337635	453.2962945966727
lower_task	CNS:U251	magnitude_g1.00	ordinal	0.25910511087458815	0	1	272.35251941291585	216.30642037799117	216.3064206942976
lower_task	CNS:U251	magnitude_g1.25	magnitude_g0.50	0.005501759446484129	0	1	411.8246575118111	409.57129477179166	409.57129528136295
lower_task	CNS:U251	magnitude_g1.25	magnitude_g0.80	0.0019351559618533485	0	1	420.9302227010117	420.1172303380457	420.11723085816294
lower_task	CNS:U251	magnitude_g1.25	magnitude_g1.00	0.0003556517039771138	0	1	426.84185784356396	426.6901047807285	426.69010530741866
lower_task	CNS:U251	magnitude_g1.25	magnitude_g1.25	1.2304170495883026e-09	0	0	433.99640021657206	433.9963996825755	433.9964002165719
lower_task	CNS:U251	magnitude_g1.25	magnitude_g2.00	0.0007500682979636845	0	0	453.6362972231227	453.29629404337635	453.2962945966727
lower_task	CNS:U251	magnitude_g1.25	ordinal	0.29121503436740676	0	1	279.2981020222586	216.30642037799117	216.3064206942976
lower_task	CNS:U251	magnitude_g2.00	magnitude_g0.50	0.009351164724170979	0	1	413.40126341549467	409.57129477179166	409.57129528136295
lower_task	CNS:U251	magnitude_g2.00	magnitude_g0.80	0.004531526719117433	0	1	422.0210027924842	420.1172303380457	420.11723085816294
lower_task	CNS:U251	magnitude_g2.00	magnitude_g1.00	0.0022271311374455925	0	1	427.6403995991256	426.6901047807285	426.69010530741866
lower_task	CNS:U251	magnitude_g2.00	magnitude_g1.25	0.0010747506080667146	0	1	434.4628375770331	433.9963996825755	433.9964002165719
lower_task	CNS:U251	magnitude_g2.00	magnitude_g2.00	1.2206063422286674e-09	1	0	453.2962945966727	453.29629404337635	453.2962945966727
lower_task	CNS:U251	magnitude_g2.00	ordinal	0.3154141472646443	0	1	284.53252550938294	216.30642037799117	216.3064206942976
lower_task	CNS:U251	ordinal	magnitude_g0.50	0.12397550308612953	0	0	460.348102090762	409.57129477179166	409.57129528136295
lower_task	CNS:U251	ordinal	magnitude_g0.80	0.13949848358045466	0	0	478.7229468962237	420.1172303380457	420.11723085816294
lower_task	CNS:U251	ordinal	magnitude_g1.00	0.1496019304555861	0	0	490.5237681622218	426.6901047807285	426.69010530741866
lower_task	CNS:U251	ordinal	magnitude_g1.25	0.16286231287739766	0	0	504.6780571153432	433.9963996825755	433.9964002165719
lower_task	CNS:U251	ordinal	magnitude_g2.00	0.19754488724111224	0	0	542.8426593369892	453.29629404337635	453.2962945966727
lower_task	CNS:U251	ordinal	ordinal	1.4623083384539253e-09	0	1	216.30642069429786	216.30642037799117	216.3064206942976
lower_task	CO:COLO 205	magnitude_g0.50	magnitude_g0.50	1.2337546490467511e-09	1	1	427.7982038286591	427.7982033008611	427.7982038286593
lower_task	CO:COLO 205	magnitude_g0.50	magnitude_g0.80	0.0008170853649627791	0	0	437.5593096778364	437.2020782581603	437.2020787953624
lower_task	CO:COLO 205	magnitude_g0.50	magnitude_g1.00	0.00185572953605055	0	0	443.8047008288721	442.9826448508646	442.98264539384724
lower_task	CO:COLO 205	magnitude_g0.50	magnitude_g1.25	0.0031260310407803856	0	0	451.27342365423306	449.867125057078	449.86712560694514
lower_task	CO:COLO 205	magnitude_g0.50	magnitude_g2.00	0.008408966198472055	0	0	471.31286596142655	467.38266096363145	467.38266153101415
lower_task	CO:COLO 205	magnitude_g0.50	ordinal	0.1250566089373263	0	1	295.2424239643322	262.42450523729985	262.4245055997244
lower_task	CO:COLO 205	magnitude_g0.80	magnitude_g0.50	0.0008295631939825983	0	1	428.15308894477135	427.7982033008611	427.7982038286593
lower_task	CO:COLO 205	magnitude_g0.80	magnitude_g0.80	1.2287273260215134e-09	0	0	437.20207879536247	437.2020782581603	437.2020787953624
lower_task	CO:COLO 205	magnitude_g0.80	magnitude_g1.00	6.296999137514971e-05	0	0	443.0105394641902	442.9826448508646	442.98264539384724
lower_task	CO:COLO 205	magnitude_g0.80	magnitude_g1.25	0.00023987331969352278	0	0	449.9750361777864	449.867125057078	449.86712560694514
lower_task	CO:COLO 205	magnitude_g0.80	magnitude_g2.00	0.002941022564816333	0	0	468.7572439159294	467.38266096363145	467.38266153101415
lower_task	CO:COLO 205	magnitude_g0.80	ordinal	0.1466114077899297	0	1	300.89893138871616	262.42450523729985	262.4245055997244
lower_task	CO:COLO 205	magnitude_g1.00	magnitude_g0.50	0.0009736790952557102	0	1	428.2147414684031	427.7982033008611	427.7982038286593
lower_task	CO:COLO 205	magnitude_g1.00	magnitude_g0.80	1.4250220567532166e-05	0	1	437.2083084842081	437.2020782581603	437.2020787953624
lower_task	CO:COLO 205	magnitude_g1.00	magnitude_g1.00	1.2280602268619402e-09	0	0	442.98264539487394	442.9826448508646	442.98264539384724
lower_task	CO:COLO 205	magnitude_g1.00	magnitude_g1.25	8.999243954077211e-05	0	0	449.9076096971311	449.867125057078	449.86712560694514
lower_task	CO:COLO 205	magnitude_g1.00	magnitude_g2.00	0.002583555062440072	0	0	468.59016980346075	467.38266096363145	467.38266153101415
lower_task	CO:COLO 205	magnitude_g1.00	ordinal	0.14880934970453621	0	1	301.4757252081971	262.42450523729985	262.4245055997244
lower_task	CO:COLO 205	magnitude_g1.25	magnitude_g0.50	0.0013084998639701518	0	1	428.3579771916869	427.7982033008611	427.7982038286593
lower_task	CO:COLO 205	magnitude_g1.25	magnitude_g0.80	0.00016573504450699295	0	1	437.274537964059	437.2020782581603	437.2020787953624
lower_task	CO:COLO 205	magnitude_g1.25	magnitude_g1.00	3.9281426462356415e-05	0	1	443.0000458410524	442.9826448508646	442.98264539384724
lower_task	CO:COLO 205	magnitude_g1.25	magnitude_g1.25	1.222288394139469e-09	0	0	449.86712560694536	449.867125057078	449.86712560694514
lower_task	CO:COLO 205	magnitude_g1.25	magnitude_g2.00	0.0021719501733547973	0	0	468.39779281513444	467.38266096363145	467.38266153101415
lower_task	CO:COLO 205	magnitude_g1.25	ordinal	0.15143379922256414	0	1	302.16444507448585	262.42450523729985	262.4245055997244
lower_task	CO:COLO 205	magnitude_g2.00	magnitude_g0.50	0.009712543449331973	0	1	431.95321193796684	427.7982033008611	427.7982038286593
lower_task	CO:COLO 205	magnitude_g2.00	magnitude_g0.80	0.005836664203380451	0	1	439.75387997797327	437.2020782581603	437.2020787953624
lower_task	CO:COLO 205	magnitude_g2.00	magnitude_g1.00	0.004081773108606416	0	1	444.7907994981962	442.9826448508646	442.98264539384724
lower_task	CO:COLO 205	magnitude_g2.00	magnitude_g1.25	0.0022059727394839863	0	1	450.85951967134395	449.867125057078	449.86712560694514
lower_task	CO:COLO 205	magnitude_g2.00	magnitude_g2.00	1.2139574049083603e-09	1	1	467.3826615310141	467.38266096363145	467.38266153101415
lower_task	CO:COLO 205	magnitude_g2.00	ordinal	0.19411749615729543	0	1	313.36569312428156	262.42450523729985	262.4245055997244
lower_task	CO:COLO 205	ordinal	magnitude_g0.50	0.08530018434194625	0	0	464.2894689035779	427.7982033008611	427.7982038286593
lower_task	CO:COLO 205	ordinal	magnitude_g0.80	0.09658728899499913	0	0	479.4302417400955	437.2020782581603	437.2020787953624
lower_task	CO:COLO 205	ordinal	magnitude_g1.00	0.10409618166261457	0	0	489.09544672264565	442.9826448508646	442.98264539384724
lower_task	CO:COLO 205	ordinal	magnitude_g1.25	0.11284226041495178	0	0	500.6311483348945	449.867125057078	449.86712560694514
lower_task	CO:COLO 205	ordinal	magnitude_g2.00	0.1370887634041338	0	0	531.4555719916692	467.38266096363145	467.38266153101415
lower_task	CO:COLO 205	ordinal	ordinal	1.3810625538518438e-09	0	1	262.4245055997245	262.42450523729985	262.4245055997244
lower_task	CO:HCC-2998	magnitude_g0.50	magnitude_g0.50	1.2381983057915863e-09	1	0	419.8176862631512	419.81768574333364	419.81768626315136
lower_task	CO:HCC-2998	magnitude_g0.50	magnitude_g0.80	0.0004018683293918266	0	0	429.50867200590375	429.3361354104188	429.33613593975497
lower_task	CO:HCC-2998	magnitude_g0.50	magnitude_g1.00	0.0009858555064323478	0	0	435.7333497765636	435.3042027313278	435.30420326663204
lower_task	CO:HCC-2998	magnitude_g0.50	magnitude_g1.25	0.001780895582913648	0	0	443.200851173659	442.41295988757145	442.4129604299844
lower_task	CO:HCC-2998	magnitude_g0.50	magnitude_g2.00	0.005014051539519657	0	0	463.3574325154704	461.0457254858093	461.04572604685507
lower_task	CO:HCC-2998	magnitude_g0.50	ordinal	0.1570898730614922	0	1	273.7494489329089	236.58443073968618	236.58443107627062
lower_task	CO:HCC-2998	magnitude_g0.80	magnitude_g0.50	0.0004105348305582628	0	1	419.99003552581564	419.81768574333364	419.81768626315136
lower_task	CO:HCC-2998	magnitude_g0.80	magnitude_g0.80	1.2329167052148455e-09	1	1	429.3361359397545	429.3361354104188	429.33613593975497
lower_task	CO:HCC-2998	magnitude_g0.80	magnitude_g1.00	0.0001029484875210942	0	0	435.34901664061056	435.3042027313278	435.30420326663204
lower_task	CO:HCC-2998	magnitude_g0.80	magnitude_g1.25	0.0003589809990598282	0	0	442.5717777339089	442.41295988757145	442.4129604299844
lower_task	CO:HCC-2998	magnitude_g0.80	magnitude_g2.00	0.0023201502159094474	0	0	462.11542082533936	461.0457254858093	461.04572604685507
lower_task	CO:HCC-2998	magnitude_g0.80	ordinal	0.1726342297142078	0	1	277.42700170280625	236.58443073968618	236.58443107627062
lower_task	CO:HCC-2998	magnitude_g1.00	magnitude_g0.50	0.000893300682081868	0	1	420.1927091683582	419.81768574333364	419.81768626315136
lower_task	CO:HCC-2998	magnitude_g1.00	magnitude_g0.80	0.00011581942821853458	0	1	429.3858608761356	429.3361354104188	429.33613593975497
lower_task	CO:HCC-2998	magnitude_g1.00	magnitude_g1.00	1.229725566325435e-09	0	0	435.3042032666325	435.3042027313278	435.30420326663204
lower_task	CO:HCC-2998	magnitude_g1.00	magnitude_g1.25	9.083559830060352e-06	0	0	442.4169785721622	442.41295988757145	442.4129604299844
lower_task	CO:HCC-2998	magnitude_g1.00	magnitude_g2.00	0.0013760083905400798	0	0	461.68012827250044	461.0457254858093	461.04572604685507
lower_task	CO:HCC-2998	magnitude_g1.00	ordinal	0.18219447814788137	0	1	279.6888076362169	236.58443073968618	236.58443107627062
lower_task	CO:HCC-2998	magnitude_g1.25	magnitude_g0.50	0.0009253286090903078	0	1	420.20615505855403	419.81768574333364	419.81768626315136
lower_task	CO:HCC-2998	magnitude_g1.25	magnitude_g0.80	0.00012904753540163595	0	1	429.3915401805524	429.3361354104188	429.33613593975497
lower_task	CO:HCC-2998	magnitude_g1.25	magnitude_g1.00	2.5245450410649424e-06	0	1	435.30530167639415	435.3042027313278	435.30420326663204
lower_task	CO:HCC-2998	magnitude_g1.25	magnitude_g1.25	1.2260328141466575e-09	1	0	442.41296042998425	442.41295988757145	442.4129604299844
lower_task	CO:HCC-2998	magnitude_g1.25	magnitude_g2.00	0.0013413315605227871	0	0	461.66414066824757	461.0457254858093	461.04572604685507
lower_task	CO:HCC-2998	magnitude_g1.25	ordinal	0.1824009004000843	0	1	279.7376439272463	236.58443073968618	236.58443107627062
lower_task	CO:HCC-2998	magnitude_g2.00	magnitude_g0.50	0.005768168848882246	0	1	422.2392650404482	419.81768574333364	419.81768626315136
lower_task	CO:HCC-2998	magnitude_g2.00	magnitude_g0.80	0.00339506761272975	0	1	430.7937606187253	429.3361354104188	429.33613593975497
lower_task	CO:HCC-2998	magnitude_g2.00	magnitude_g1.00	0.00232096306734156	0	1	436.31452770892577	435.3042027313278	435.30420326663204
lower_task	CO:HCC-2998	magnitude_g2.00	magnitude_g1.25	0.001243744036093932	0	1	442.9632083679223	442.41295988757145	442.4129604299844
lower_task	CO:HCC-2998	magnitude_g2.00	magnitude_g2.00	1.2168984995222074e-09	0	0	461.0457260468552	461.0457254858093	461.04572604685507
lower_task	CO:HCC-2998	magnitude_g2.00	ordinal	0.21244061507929324	0	1	286.84457272420957	236.58443073968618	236.58443107627062
lower_task	CO:HCC-2998	ordinal	magnitude_g0.50	0.0981205553971991	0	0	461.01043023403633	419.81768574333364	419.81768626315136
lower_task	CO:HCC-2998	ordinal	magnitude_g0.80	0.11126000390437912	0	0	477.10407551247306	429.3361354104188	429.33613593975497
lower_task	CO:HCC-2998	ordinal	magnitude_g1.00	0.11960967447459102	0	0	487.3707967174433	435.3042027313278	435.30420326663204
lower_task	CO:HCC-2998	ordinal	magnitude_g1.25	0.12930017445451786	0	0	499.61703278197405	442.41295988757145	442.4129604299844
lower_task	CO:HCC-2998	ordinal	magnitude_g2.00	0.15452895776578293	0	0	532.2906409275007	461.0457254858093	461.04572604685507
lower_task	CO:HCC-2998	ordinal	ordinal	1.422681380205275e-09	1	1	236.58443107627045	236.58443073968618	236.58443107627062
lower_task	CO:HCT-116	magnitude_g0.50	magnitude_g0.50	1.2396483025947705e-09	0	0	417.2790007601446	417.2790002428654	417.2790007601444
lower_task	CO:HCT-116	magnitude_g0.50	magnitude_g0.80	0.0003779914779204724	0	0	426.52823796336054	426.36707484260415	426.36707536897126
lower_task	CO:HCT-116	magnitude_g0.50	magnitude_g1.00	0.0008682542091503866	0	0	432.54318987927564	432.1679582304821	432.1679587626501
lower_task	CO:HCT-116	magnitude_g0.50	magnitude_g1.25	0.0018195868666028205	0	0	439.8320565862325	439.0331975459752	439.03319808500845
lower_task	CO:HCT-116	magnitude_g0.50	magnitude_g2.00	0.005049463844371494	0	0	459.8828486811103	457.5723536252954	457.5723541828678
lower_task	CO:HCT-116	magnitude_g0.50	ordinal	0.27241275234721846	0	1	273.89024055803	215.25266864292655	215.2526689581792
lower_task	CO:HCT-116	magnitude_g0.80	magnitude_g0.50	0.00019428847304528245	0	1	417.3600727426564	417.2790002428654	417.2790007601444
lower_task	CO:HCT-116	magnitude_g0.80	magnitude_g0.80	1.2345412184212878e-09	0	0	426.3670753689719	426.36707484260415	426.36707536897126
lower_task	CO:HCT-116	magnitude_g0.80	magnitude_g1.00	0.0001391681382309276	0	0	432.2281022406321	432.1679582304821	432.1679587626501
lower_task	CO:HCT-116	magnitude_g0.80	magnitude_g1.25	0.0006849809569718969	0	0	439.3339269257727	439.0331975459752	439.03319808500845
lower_task	CO:HCT-116	magnitude_g0.80	magnitude_g2.00	0.002899582121115509	0	0	458.89912224098407	457.5723536252954	457.5723541828678
lower_task	CO:HCT-116	magnitude_g0.80	ordinal	0.28694708765003657	0	1	277.01879501891267	215.25266864292655	215.2526689581792
lower_task	CO:HCT-116	magnitude_g1.00	magnitude_g0.50	0.0006649758035334478	0	1	417.5564806813495	417.2790002428654	417.2790007601444
lower_task	CO:HCT-116	magnitude_g1.00	magnitude_g0.80	8.071732272801908e-05	0	1	426.4014900513848	426.36707484260415	426.36707536897126
lower_task	CO:HCT-116	magnitude_g1.00	magnitude_g1.00	1.231391817093184e-09	0	1	432.1679587626502	432.1679582304821	432.1679587626501
lower_task	CO:HCT-116	magnitude_g1.00	magnitude_g1.25	0.0003097959446877434	0	0	439.16920825015825	439.0331975459752	439.03319808500845
lower_task	CO:HCT-116	magnitude_g1.00	magnitude_g2.00	0.002016888090127751	0	0	458.495225855694	457.5723536252954	457.5723541828678
lower_task	CO:HCT-116	magnitude_g1.00	ordinal	0.29331129712321996	0	1	278.388708091818	215.25266864292655	215.2526689581792
lower_task	CO:HCT-116	magnitude_g1.25	magnitude_g0.50	0.0018229450451949629	0	1	418.039676928822	417.2790002428654	417.2790007601444
lower_task	CO:HCT-116	magnitude_g1.25	magnitude_g0.80	0.0005915292109278668	0	1	426.6192834219514	426.36707484260415	426.36707536897126
lower_task	CO:HCT-116	magnitude_g1.25	magnitude_g1.00	0.00012508365325500094	0	1	432.2220153775173	432.1679582304821	432.1679587626501
lower_task	CO:HCT-116	magnitude_g1.25	magnitude_g1.25	1.227772781740129e-09	1	0	439.0331980850082	439.0331975459752	439.03319808500845
lower_task	CO:HCT-116	magnitude_g1.25	magnitude_g2.00	0.0006679868701224124	0	0	457.8780059496481	457.5723536252954	457.5723541828678
lower_task	CO:HCT-116	magnitude_g1.25	ordinal	0.3092092919212303	0	1	281.8107938981611	215.25266864292655	215.2526689581792
lower_task	CO:HCT-116	magnitude_g2.00	magnitude_g0.50	0.004480138421732123	0	1	419.1484679244354	417.2790002428654	417.2790007601444
lower_task	CO:HCT-116	magnitude_g2.00	magnitude_g0.80	0.0023812561923378115	0	1	427.38236407978206	426.36707484260415	426.36707536897126
lower_task	CO:HCT-116	magnitude_g2.00	magnitude_g1.00	0.0014000330900763322	0	1	432.7730076724755	432.1679582304821	432.1679587626501
lower_task	CO:HCT-116	magnitude_g2.00	magnitude_g1.25	0.0006972874699536017	0	1	439.3393298935177	439.0331975459752	439.03319808500845
lower_task	CO:HCT-116	magnitude_g2.00	magnitude_g2.00	1.2185447245322313e-09	1	1	457.5723541828678	457.5723536252954	457.5723541828678
lower_task	CO:HCT-116	magnitude_g2.00	ordinal	0.33025025071456765	0	1	286.3399164292328	215.25266864292655	215.2526689581792
lower_task	CO:HCT-116	ordinal	magnitude_g0.50	0.11354784492489577	0	0	464.6601314528578	417.2790002428654	417.2790007601444
lower_task	CO:HCT-116	ordinal	magnitude_g0.80	0.130498947461374	0	0	482.00752934174886	426.36707484260415	426.36707536897126
lower_task	CO:HCT-116	ordinal	magnitude_g1.00	0.14109327198345986	0	0	493.14394950363203	432.1679582304821	432.1679587626501
lower_task	CO:HCT-116	ordinal	magnitude_g1.25	0.15366871611962565	0	0	506.4988653467592	439.0331975459752	439.03319808500845
lower_task	CO:HCT-116	ordinal	magnitude_g2.00	0.18562579898407208	0	0	542.5095873600133	457.5723536252954	457.5723541828678
lower_task	CO:HCT-116	ordinal	ordinal	1.4645706849456889e-09	0	1	215.2526689581793	215.25266864292655	215.2526689581792
lower_task	CO:HCT-15	magnitude_g0.50	magnitude_g0.50	1.2421881651866432e-09	0	1	412.9023201200136	412.9023196071112	412.90232012001354
lower_task	CO:HCT-15	magnitude_g0.50	magnitude_g0.80	0.0006360984349364697	0	0	423.00857830565144	422.7396742604688	422.7396747832085
lower_task	CO:HCT-15	magnitude_g0.50	magnitude_g1.00	0.001153093771103385	0	0	429.5228904428451	429.028180720029	429.02818124905724
lower_task	CO:HCT-15	magnitude_g0.50	magnitude_g1.25	0.002143809471856217	0	0	437.36106819388266	436.4254551693315	436.425455705757
lower_task	CO:HCT-15	magnitude_g0.50	magnitude_g2.00	0.0063253866325231264	0	0	458.64058596484887	455.7577420357073	455.75774259146505
lower_task	CO:HCT-15	magnitude_g0.50	ordinal	0.2333464117576617	0	1	256.92613437984613	208.31627832256518	208.31627863088144
lower_task	CO:HCT-15	magnitude_g0.80	magnitude_g0.50	0.00012278800580146988	0	1	412.9530190595266	412.9023196071112	412.90232012001354
lower_task	CO:HCT-15	magnitude_g0.80	magnitude_g0.80	1.2365529258489439e-09	0	0	422.7396747832088	422.7396742604688	422.7396747832085
lower_task	CO:HCT-15	magnitude_g0.80	magnitude_g1.00	6.432844193707668e-05	0	0	429.05577943444183	429.028180720029	429.02818124905724
lower_task	CO:HCT-15	magnitude_g0.80	magnitude_g1.25	0.0005444120492000307	0	0	436.6630504457033	436.4254551693315	436.425455705757
lower_task	CO:HCT-15	magnitude_g0.80	magnitude_g2.00	0.0035050168185165958	0	0	457.3551805867116	455.7577420357073	455.75774259146505
lower_task	CO:HCT-15	magnitude_g0.80	ordinal	0.2489738485433663	0	1	260.18158385076526	208.31627832256518	208.31627863088144
lower_task	CO:HCT-15	magnitude_g1.00	magnitude_g0.50	0.0004964082831130404	0	1	413.1072877386808	412.9023196071112	412.90232012001354
lower_task	CO:HCT-15	magnitude_g1.00	magnitude_g0.80	0.00010128825104039076	0	1	422.78249282272003	422.7396742604688	422.7396747832085
lower_task	CO:HCT-15	magnitude_g1.00	magnitude_g1.00	1.2330862232643602e-09	0	1	429.02818124905775	429.028180720029	429.02818124905724
lower_task	CO:HCT-15	magnitude_g1.00	magnitude_g1.25	0.0002903097310071619	0	0	436.5521537258264	436.4254551693315	436.425455705757
lower_task	CO:HCT-15	magnitude_g1.00	magnitude_g2.00	0.0027828089700394263	0	0	457.02602876840916	455.7577420357073	455.75774259146505
lower_task	CO:HCT-15	magnitude_g1.00	ordinal	0.2571046308507411	0	1	261.87535816088854	208.31627832256518	208.31627863088144
lower_task	CO:HCT-15	magnitude_g1.25	magnitude_g0.50	0.00351705701651102	0	1	414.3545206074191	412.9023196071112	412.90232012001354
lower_task	CO:HCT-15	magnitude_g1.25	magnitude_g0.80	0.0016253093203900287	0	1	423.426756993143	422.7396742604688	422.7396747832085
lower_task	CO:HCT-15	magnitude_g1.25	magnitude_g1.00	0.0006590239475153565	0	1	429.31092056528246	429.028180720029	429.02818124905724
lower_task	CO:HCT-15	magnitude_g1.25	magnitude_g1.25	1.2291345434835122e-09	0	1	436.4254557057571	436.4254551693315	436.425455705757
lower_task	CO:HCT-15	magnitude_g1.25	magnitude_g2.00	0.0003433536768977801	0	0	455.91422813220987	455.7577420357073	455.75774259146505
lower_task	CO:HCT-15	magnitude_g1.25	ordinal	0.28602240463344986	0	1	267.8994011726763	208.31627832256518	208.31627863088144
lower_task	CO:HCT-15	magnitude_g2.00	magnitude_g0.50	0.004888753209550652	0	1	414.9208971473214	412.9023196071112	412.90232012001354
lower_task	CO:HCT-15	magnitude_g2.00	magnitude_g0.80	0.0025382181656035518	0	1	423.81267978099805	422.7396742604688	422.7396747832085
lower_task	CO:HCT-15	magnitude_g2.00	magnitude_g1.00	0.0013031954675819693	0	1	429.5872883006083	429.028180720029	429.02818124905724
lower_task	CO:HCT-15	magnitude_g2.00	magnitude_g1.25	0.00034603293878705555	0	1	436.5764727521452	436.4254551693315	436.425455705757
lower_task	CO:HCT-15	magnitude_g2.00	magnitude_g2.00	1.2194144900950652e-09	1	1	455.7577425914649	455.7577420357073	455.75774259146505
lower_task	CO:HCT-15	magnitude_g2.00	ordinal	0.29607953612624466	0	1	269.99446537585595	208.31627832256518	208.31627863088144
lower_task	CO:HCT-15	ordinal	magnitude_g0.50	0.14391658303952734	0	0	472.3258105740615	412.9023196071112	412.90232012001354
lower_task	CO:HCT-15	ordinal	magnitude_g0.80	0.15965303514908222	0	0	490.231346334087	422.7396742604688	422.7396747832085
lower_task	CO:HCT-15	ordinal	magnitude_g1.00	0.16940310358293922	0	0	501.70688605854406	429.028180720029	429.02818124905724
lower_task	CO:HCT-15	ordinal	magnitude_g1.25	0.18106949337374675	0	0	515.4487912322492	436.4254551693315	436.425455705757
lower_task	CO:HCT-15	ordinal	magnitude_g2.00	0.21204597222589963	0	0	552.3993355451496	455.7577420357073	455.75774259146505
lower_task	CO:HCT-15	ordinal	ordinal	1.4800390718141247e-09	1	1	208.3162786308814	208.31627832256518	208.31627863088144
lower_task	CO:KM12	magnitude_g0.50	magnitude_g0.50	1.2455451012905496e-09	0	0	411.26492862037014	411.2649281081211	411.26492861938607
lower_task	CO:KM12	magnitude_g0.50	magnitude_g0.80	0.0010880186504930995	0	0	420.93741121259126	420.4799212161502	420.47992173663016
lower_task	CO:KM12	magnitude_g0.50	magnitude_g1.00	0.0021271145085607268	0	0	427.2255635921766	426.31873482605687	426.3187353523756
lower_task	CO:KM12	magnitude_g0.50	magnitude_g1.25	0.003369895309101915	0	0	434.8453633472056	433.38490160026726	433.3849021336522
lower_task	CO:KM12	magnitude_g0.50	magnitude_g2.00	0.007342352699109033	0	0	455.8285021882329	452.50604322043023	452.50604377293627
lower_task	CO:KM12	magnitude_g0.50	ordinal	0.23068867965592757	0	1	258.10552148702936	209.72446220858208	209.72446251830655
lower_task	CO:KM12	magnitude_g0.80	magnitude_g0.50	0.0006064586066911406	0	1	411.5143432634025	411.2649281081211	411.26492861938607
lower_task	CO:KM12	magnitude_g0.80	magnitude_g0.80	1.2378240783936144e-09	0	0	420.4799217366304	420.4799212161502	420.47992173663016
lower_task	CO:KM12	magnitude_g0.80	magnitude_g1.00	3.2732902542092126e-05	0	0	426.3326894756558	426.31873482605687	426.3187353523756
lower_task	CO:KM12	magnitude_g0.80	magnitude_g1.25	0.000144652112482228	0	0	433.44759164180164	433.38490160026726	433.3849021336522
lower_task	CO:KM12	magnitude_g0.80	magnitude_g2.00	0.0014288370887494473	0	0	453.15260063786684	452.50604322043023	452.50604377293627
lower_task	CO:KM12	magnitude_g0.80	ordinal	0.2666051474806759	0	1	265.63808338600654	209.72446220858208	209.72446251830655
lower_task	CO:KM12	magnitude_g1.00	magnitude_g0.50	0.0006836366099021512	0	1	411.5460838693446	411.2649281081211	411.26492861938607
lower_task	CO:KM12	magnitude_g1.00	magnitude_g0.80	7.569022503909864e-06	0	1	420.48310383813634	420.4799212161502	420.47992173663016
lower_task	CO:KM12	magnitude_g1.00	magnitude_g1.00	1.2345660004169356e-09	1	0	426.3187353523755	426.31873482605687	426.3187353523756
lower_task	CO:KM12	magnitude_g1.00	magnitude_g1.25	6.761069087949472e-05	0	0	433.4142030528812	433.38490160026726	433.3849021336522
lower_task	CO:KM12	magnitude_g1.00	magnitude_g2.00	0.0012511406123146829	0	0	453.07219190842113	452.50604322043023	452.50604377293627
lower_task	CO:KM12	magnitude_g1.00	ordinal	0.2678638051995275	0	1	265.9020546991974	209.72446220858208	209.72446251830655
lower_task	CO:KM12	magnitude_g1.25	magnitude_g0.50	0.001456337233204439	0	1	411.86386853563613	411.2649281081211	411.26492861938607
lower_task	CO:KM12	magnitude_g1.25	magnitude_g0.80	0.0004119130306935461	0	1	420.65312237484414	420.4799212161502	420.47992173663016
lower_task	CO:KM12	magnitude_g1.25	magnitude_g1.00	0.0001832280557504195	0	1	426.396848378969	426.31873482605687	426.3187353523756
lower_task	CO:KM12	magnitude_g1.25	magnitude_g1.25	1.230743159042017e-09	0	0	433.38490213365276	433.38490160026726	433.3849021336522
lower_task	CO:KM12	magnitude_g1.25	magnitude_g2.00	0.0005771607039273397	0	0	452.7672119268667	452.50604322043023	452.50604377293627
lower_task	CO:KM12	magnitude_g1.25	ordinal	0.2774534316671832	0	1	267.91323395290766	209.72446220858208	209.72446251830655
lower_task	CO:KM12	magnitude_g2.00	magnitude_g0.50	0.0038948587120437887	0	1	412.8667468963211	411.2649281081211	411.26492861938607
lower_task	CO:KM12	magnitude_g2.00	magnitude_g0.80	0.0020692906687480904	0	1	421.35001639351873	420.4799212161502	420.47992173663016
lower_task	CO:KM12	magnitude_g2.00	magnitude_g1.00	0.0013756262917062783	0	1	426.90519008633055	426.31873482605687	426.3187353523756
lower_task	CO:KM12	magnitude_g2.00	magnitude_g1.25	0.00066865193300102	0	1	433.67468525245573	433.38490160026726	433.3849021336522
lower_task	CO:KM12	magnitude_g2.00	magnitude_g2.00	1.2209916364364435e-09	0	1	452.5060437729363	452.50604322043023	452.50604377293627
lower_task	CO:KM12	magnitude_g2.00	ordinal	0.2953213550791091	0	1	271.66057458125795	209.72446220858208	209.72446251830655
lower_task	CO:KM12	ordinal	magnitude_g0.50	0.12126322852742498	0	0	461.1362410706112	411.2649281081211	411.26492861938607
lower_task	CO:KM12	ordinal	magnitude_g0.80	0.13787452681026682	0	0	478.4533913870452	420.4799212161502	420.47992173663016
lower_task	CO:KM12	ordinal	magnitude_g1.00	0.14839949811874795	0	0	489.5842211128633	426.31873482605687	426.3187353523756
lower_task	CO:KM12	ordinal	magnitude_g1.25	0.1605094693811033	0	0	502.9472821939078	433.38490160026726	433.3849021336522
lower_task	CO:KM12	ordinal	magnitude_g2.00	0.19132021905345858	0	0	539.0795985323767	452.50604322043023	452.50604377293627
lower_task	CO:KM12	ordinal	ordinal	1.4768161367991612e-09	1	1	209.72446251830655	209.72446220858208	209.72446251830655
lower_task	CO:SW-620	magnitude_g0.50	magnitude_g0.50	1.2410973483948016e-09	0	0	414.77111434285325	414.7711138280819	414.7711143428531
lower_task	CO:SW-620	magnitude_g0.50	magnitude_g0.80	0.00053800535312906	0	0	424.5620026601979	424.3337088533217	424.33370937765545
lower_task	CO:SW-620	magnitude_g0.50	magnitude_g1.00	0.001022729864874589	0	0	430.8982258659853	430.45798363055263	430.45798416101064
lower_task	CO:SW-620	magnitude_g0.50	magnitude_g1.25	0.0018265179463393018	0	0	438.54521205426704	437.7456617471537	437.74566228489937
lower_task	CO:SW-620	magnitude_g0.50	magnitude_g2.00	0.003909786826023791	0	0	459.40953921307533	457.6203412316075	457.62034178922784
lower_task	CO:SW-620	magnitude_g0.50	ordinal	0.20048804537345472	0	1	266.05206052773275	221.6199166272978	221.61991694891773
lower_task	CO:SW-620	magnitude_g0.80	magnitude_g0.50	0.00011600693786291895	0	1	414.8192301549111	414.7711138280819	414.7711143428531
lower_task	CO:SW-620	magnitude_g0.80	magnitude_g0.80	1.2356640927830062e-09	0	0	424.3337093776556	424.3337088533217	424.33370937765545
lower_task	CO:SW-620	magnitude_g0.80	magnitude_g1.00	9.668954217839495e-05	0	0	430.4996044159169	430.45798363055263	430.45798416101064
lower_task	CO:SW-620	magnitude_g0.80	magnitude_g1.25	0.00046489871094131054	0	0	437.9491691410201	437.7456617471537	437.74566228489937
lower_task	CO:SW-620	magnitude_g0.80	magnitude_g2.00	0.0015199574715154846	0	0	458.31590468837993	457.6203412316075	457.62034178922784
lower_task	CO:SW-620	magnitude_g0.80	ordinal	0.21295988918859707	0	1	268.8160695142333	221.6199166272978	221.61991694891773
lower_task	CO:SW-620	magnitude_g1.00	magnitude_g0.50	0.000850109285443496	0	1	415.1237146032809	414.7711138280819	414.7711143428531
lower_task	CO:SW-620	magnitude_g1.00	magnitude_g0.80	0.000214975667546846	0	1	424.42493027564507	424.3337088533217	424.33370937765545
lower_task	CO:SW-620	magnitude_g1.00	magnitude_g1.00	1.2323098472561207e-09	1	0	430.45798416101024	430.45798363055263	430.45798416101064
lower_task	CO:SW-620	magnitude_g1.00	magnitude_g1.25	1.5002911438147855e-05	0	0	437.7522292065493	437.7456617471537	437.74566228489937
lower_task	CO:SW-620	magnitude_g1.00	magnitude_g2.00	0.00022029720457120554	0	0	457.7211537135357	457.6203412316075	457.62034178922784
lower_task	CO:SW-620	magnitude_g1.00	ordinal	0.22453760166114614	0	1	271.3819211871344	221.6199166272978	221.61991694891773
lower_task	CO:SW-620	magnitude_g1.25	magnitude_g0.50	0.0009169365515766414	0	1	415.15143262288905	414.7711138280819	414.7711143428531
lower_task	CO:SW-620	magnitude_g1.25	magnitude_g0.80	0.0002442925657177923	0	1	424.437370423778	424.3337088533217	424.33370937765545
lower_task	CO:SW-620	magnitude_g1.25	magnitude_g1.00	8.030061512083648e-06	0	1	430.46144023463955	430.45798363055263	430.45798416101064
lower_task	CO:SW-620	magnitude_g1.25	magnitude_g1.25	1.2284430605905885e-09	1	1	437.7456622848993	437.7456617471537	437.74566228489937
lower_task	CO:SW-620	magnitude_g1.25	magnitude_g2.00	0.00015447290554755305	0	0	457.6910311753552	457.6203412316075	457.62034178922784
lower_task	CO:SW-620	magnitude_g1.25	ordinal	0.22539446812652456	0	1	271.5718198617523	221.6199166272978	221.61991694891773
lower_task	CO:SW-620	magnitude_g2.00	magnitude_g0.50	0.0017882507439098557	0	1	415.5128285809373	414.7711138280819	414.7711143428531
lower_task	CO:SW-620	magnitude_g2.00	magnitude_g0.80	0.0008477847850662425	0	1	424.69345251547827	424.3337088533217	424.33370937765545
lower_task	CO:SW-620	magnitude_g2.00	magnitude_g1.00	0.00045250820464953724	0	1	430.65276939990235	430.45798363055263	430.45798416101064
lower_task	CO:SW-620	magnitude_g2.00	magnitude_g1.25	0.00026608365122666485	0	1	437.86213871114	437.7456617471537	437.74566228489937
lower_task	CO:SW-620	magnitude_g2.00	magnitude_g2.00	1.2185222783592906e-09	0	0	457.62034178922806	457.6203412316075	457.62034178922784
lower_task	CO:SW-620	magnitude_g2.00	ordinal	0.23120442107863418	0	1	272.8594211506074	221.6199166272978	221.61991694891773
lower_task	CO:SW-620	ordinal	magnitude_g0.50	0.13454253784853396	0	0	470.5754721087752	414.7711138280819	414.7711143428531
lower_task	CO:SW-620	ordinal	magnitude_g0.80	0.15040920427448715	0	0	488.1574043487917	424.3337088533217	424.33370937765545
lower_task	CO:SW-620	ordinal	magnitude_g1.00	0.16021073835688707	0	0	499.4219750196203	430.45798363055263	430.45798416101064
lower_task	CO:SW-620	ordinal	magnitude_g1.25	0.1716988421072193	0	0	512.9060850065985	437.7456617471537	437.74566228489937
lower_task	CO:SW-620	ordinal	magnitude_g2.00	0.1999421837820163	0	0	549.1179516005266	457.6203412316075	457.62034178922784
lower_task	CO:SW-620	ordinal	ordinal	1.451223391676963e-09	0	1	221.61991694891782	221.6199166272978	221.61991694891773
lower_task	LC:A549/ATCC	magnitude_g0.50	magnitude_g0.50	1.2384139780059498e-09	0	0	419.4395675265837	419.43956700714386	419.43956752658346
lower_task	LC:A549/ATCC	magnitude_g0.50	magnitude_g0.80	0.0005187405061832262	0	0	428.33618070321086	428.11410057797286	428.114101106087
lower_task	LC:A549/ATCC	magnitude_g0.50	magnitude_g1.00	0.0012216596205144297	0	0	434.13197247620064	433.60225810610854	433.60225863971084
lower_task	LC:A549/ATCC	magnitude_g0.50	magnitude_g1.25	0.0024106454177771634	0	0	441.16506856587284	440.10413355297857	440.10413409308273
lower_task	LC:A549/ATCC	magnitude_g0.50	magnitude_g2.00	0.0059024410195988525	0	0	460.568863661901	457.86633462690577	457.86633518477214
lower_task	LC:A549/ATCC	magnitude_g0.50	ordinal	0.23261013440794467	0	1	280.5253529299438	227.58644043170028	227.58644075928672
lower_task	LC:A549/ATCC	magnitude_g0.80	magnitude_g0.50	0.0004176534928207144	0	1	419.6147474073316	419.43956700714386	419.43956752658346
lower_task	LC:A549/ATCC	magnitude_g0.80	magnitude_g0.80	1.2335831851585064e-09	0	0	428.1141011060872	428.11410057797286	428.114101106087
lower_task	LC:A549/ATCC	magnitude_g0.80	magnitude_g1.00	0.00014409874524242482	0	0	433.6647396474359	433.60225810610854	433.60225863971084
lower_task	LC:A549/ATCC	magnitude_g0.80	magnitude_g1.25	0.0007023469434641959	0	0	440.41323934598546	440.10413355297857	440.10413409308273
lower_task	LC:A549/ATCC	magnitude_g0.80	magnitude_g2.00	0.0026863998804938687	0	0	459.09634669352965	457.86633462690577	457.86633518477214
lower_task	LC:A549/ATCC	magnitude_g0.80	ordinal	0.24998650454264879	0	1	284.4799791565248	227.58644043170028	227.58644075928672
lower_task	LC:A549/ATCC	magnitude_g1.00	magnitude_g0.50	0.0012457327044127723	0	1	419.9620765932894	419.43956700714386	419.43956752658346
lower_task	LC:A549/ATCC	magnitude_g1.00	magnitude_g0.80	0.0002163059972616332	0	1	428.20670422544015	428.11410057797286	428.114101106087
lower_task	LC:A549/ATCC	magnitude_g1.00	magnitude_g1.00	1.230625817025439e-09	1	0	433.60225863971067	433.60225810610854	433.60225863971084
lower_task	LC:A549/ATCC	magnitude_g1.00	magnitude_g1.25	0.00015659931947065395	0	0	440.1730535607892	440.10413355297857	440.10413409308273
lower_task	LC:A549/ATCC	magnitude_g1.00	magnitude_g2.00	0.0012105321092245086	0	0	458.42059652670457	457.86633462690577	457.86633518477214
lower_task	LC:A549/ATCC	magnitude_g1.00	ordinal	0.2601477470565819	0	1	286.7925401706341	227.58644043170028	227.58644075928672
lower_task	LC:A549/ATCC	magnitude_g1.25	magnitude_g0.50	0.0022979324629727703	0	1	420.4034108044248	419.43956700714386	419.43956752658346
lower_task	LC:A549/ATCC	magnitude_g1.25	magnitude_g0.80	0.0007390536453886294	0	1	428.4304998646473	428.11410057797286	428.114101106087
lower_task	LC:A549/ATCC	magnitude_g1.25	magnitude_g1.00	0.0002045450495639649	0	1	433.6909493014839	433.60225810610854	433.60225863971084
lower_task	LC:A549/ATCC	magnitude_g1.25	magnitude_g1.25	1.2272205793048034e-09	0	0	440.1041340930834	440.10413355297857	440.10413409308273
lower_task	LC:A549/ATCC	magnitude_g1.25	magnitude_g2.00	0.0001816314634077143	0	0	457.9494975593092	457.86633462690577	457.86633518477214
lower_task	LC:A549/ATCC	magnitude_g1.25	ordinal	0.2723749564211867	0	1	289.57528722633765	227.58644043170028	227.58644075928672
lower_task	LC:A549/ATCC	magnitude_g2.00	magnitude_g0.50	0.002999666258554173	0	1	420.69774572379777	419.43956700714386	419.43956752658346
lower_task	LC:A549/ATCC	magnitude_g2.00	magnitude_g0.80	0.0012034112419302035	0	1	428.62929789943723	428.11410057797286	428.114101106087
lower_task	LC:A549/ATCC	magnitude_g2.00	magnitude_g1.00	0.0005301733916634108	0	1	433.83214248592157	433.60225810610854	433.60225863971084
lower_task	LC:A549/ATCC	magnitude_g2.00	magnitude_g1.25	0.00017192104040009788	0	1	440.1797967135034	440.10413355297857	440.10413409308273
lower_task	LC:A549/ATCC	magnitude_g2.00	magnitude_g2.00	1.218404060408965e-09	1	0	457.86633518477197	457.86633462690577	457.86633518477214
lower_task	LC:A549/ATCC	magnitude_g2.00	ordinal	0.27714197605093	0	1	290.660196255339	227.58644043170028	227.58644075928672
lower_task	LC:A549/ATCC	ordinal	magnitude_g0.50	0.1348912226495317	0	0	476.0182830283277	419.43956700714386	419.43956752658346
lower_task	LC:A549/ATCC	ordinal	magnitude_g0.80	0.15373081258770543	0	0	493.9284291400793	428.11410057797286	428.114101106087
lower_task	LC:A549/ATCC	ordinal	magnitude_g1.00	0.16561177550346906	0	0	505.41189793337463	433.60225810610854	433.60225863971084
lower_task	LC:A549/ATCC	ordinal	magnitude_g1.25	0.17965102182465104	0	0	519.1692908550239	440.10413355297857	440.10413409308273
lower_task	LC:A549/ATCC	ordinal	magnitude_g2.00	0.21477440528172706	0	0	556.2043043449237	457.86633462690577	457.86633518477214
lower_task	LC:A549/ATCC	ordinal	ordinal	1.4393930874646826e-09	1	0	227.58644075928663	227.58644043170028	227.58644075928672
lower_task	LC:EKVX	magnitude_g0.50	magnitude_g0.50	1.2360111979907863e-09	1	1	423.7086616032688	423.70866107956016	423.70866160326887
lower_task	LC:EKVX	magnitude_g0.50	magnitude_g0.80	0.00013153090884515062	0	0	432.5155805549341	432.45869886923384	432.45869940169257
lower_task	LC:EKVX	magnitude_g0.50	magnitude_g1.00	0.000408954209504335	0	0	438.22528683368637	438.046146018315	438.0461465563612
lower_task	LC:EKVX	magnitude_g0.50	magnitude_g1.25	0.0013081815384525161	0	0	445.1264237484304	444.5448783455651	444.54487889011
lower_task	LC:EKVX	magnitude_g0.50	magnitude_g2.00	0.004461985948369207	0	0	464.01936095265864	461.95811035551714	461.95811091747527
lower_task	LC:EKVX	magnitude_g0.50	ordinal	0.16319403558154288	0	1	281.4676433805397	241.97823817057227	241.9782385125505
lower_task	LC:EKVX	magnitude_g0.80	magnitude_g0.50	0.00031211611050812823	0	1	423.8409073788449	423.70866107956016	423.70866160326887
lower_task	LC:EKVX	magnitude_g0.80	magnitude_g0.80	1.2312352326528427e-09	1	0	432.45869940169223	432.45869886923384	432.45869940169257
lower_task	LC:EKVX	magnitude_g0.80	magnitude_g1.00	8.599294341312463e-06	0	0	438.0499129060597	438.046146018315	438.0461465563612
lower_task	LC:EKVX	magnitude_g0.80	magnitude_g1.25	0.0006005476667541223	0	0	444.81184873502303	444.5448783455651	444.54487889011
lower_task	LC:EKVX	magnitude_g0.80	magnitude_g2.00	0.0030020286882773465	0	0	463.3449218555868	461.95811035551714	461.95811091747527
lower_task	LC:EKVX	magnitude_g0.80	ordinal	0.17257981657222576	0	1	283.73879812852	241.97823817057227	241.9782385125505
lower_task	LC:EKVX	magnitude_g1.00	magnitude_g0.50	0.0003604038498950887	0	1	423.8613673122471	423.70866107956016	423.70866160326887
lower_task	LC:EKVX	magnitude_g1.00	magnitude_g0.80	1.2841583079583776e-05	0	1	432.46425232354386	432.45869886923384	432.45869940169257
lower_task	LC:EKVX	magnitude_g1.00	magnitude_g1.00	1.228286853002477e-09	0	0	438.04614655636135	438.046146018315	438.0461465563612
lower_task	LC:EKVX	magnitude_g1.00	magnitude_g1.25	0.0005674989336593053	0	0	444.7971570899899	444.5448783455651	444.54487889011
lower_task	LC:EKVX	magnitude_g1.00	magnitude_g2.00	0.002909372854305303	0	0	463.30211874161165	461.95811035551714	461.95811091747527
lower_task	LC:EKVX	magnitude_g1.00	ordinal	0.17334855271036506	0	1	283.924815544845	241.97823817057227	241.9782385125505
lower_task	LC:EKVX	magnitude_g1.25	magnitude_g0.50	0.002582860237656276	0	1	424.80304133261313	423.70866107956016	423.70866160326887
lower_task	LC:EKVX	magnitude_g1.25	magnitude_g0.80	0.0009631171701436487	0	1	432.8752072674928	432.45869886923384	432.45869940169257
lower_task	LC:EKVX	magnitude_g1.25	magnitude_g1.00	0.00022317923469653133	0	1	438.14390882194516	438.046146018315	438.0461465563612
lower_task	LC:EKVX	magnitude_g1.25	magnitude_g1.25	1.2249495748042325e-09	0	0	444.54487889011017	444.5448783455651	444.54487889011
lower_task	LC:EKVX	magnitude_g1.25	magnitude_g2.00	0.0005848744486833492	0	0	462.2282978506261	461.95811035551714	461.95811091747527
lower_task	LC:EKVX	magnitude_g1.25	ordinal	0.1939965387614373	0	1	288.921178831254	241.97823817057227	241.9782385125505
lower_task	LC:EKVX	magnitude_g2.00	magnitude_g0.50	0.006571036610750416	0	1	426.492866203806	423.70866107956016	423.70866160326887
lower_task	LC:EKVX	magnitude_g2.00	magnitude_g0.80	0.003816425847202491	0	1	434.10914542544594	432.45869886923384	432.45869940169257
lower_task	LC:EKVX	magnitude_g2.00	magnitude_g1.00	0.0023835369263083815	0	1	439.09024518277675	438.046146018315	438.0461465563612
lower_task	LC:EKVX	magnitude_g2.00	magnitude_g1.25	0.0013659495000734121	0	1	445.15210419990143	444.5448783455651	444.54487889011
lower_task	LC:EKVX	magnitude_g2.00	magnitude_g2.00	1.2164687823336638e-09	1	0	461.95811091747476	461.95811035551714	461.95811091747527
lower_task	LC:EKVX	magnitude_g2.00	ordinal	0.2218990122895454	0	1	295.6729702161866	241.97823817057227	241.9782385125505
lower_task	LC:EKVX	ordinal	magnitude_g0.50	0.06944931376617199	0	0	453.13493682831916	423.70866107956016	423.70866160326887
lower_task	LC:EKVX	ordinal	magnitude_g0.80	0.08218938306342184	0	0	468.0022125297063	432.45869886923384	432.45869940169257
lower_task	LC:EKVX	ordinal	magnitude_g1.00	0.09008049020835326	0	0	477.50555758552474	438.046146018315	438.0461465563612
lower_task	LC:EKVX	ordinal	magnitude_g1.25	0.09969114383495595	0	0	488.86206575380584	444.5448783455651	444.54487889011
lower_task	LC:EKVX	ordinal	magnitude_g2.00	0.12410478956485453	0	0	519.2893244289664	461.95811035551714	461.95811091747527
lower_task	LC:EKVX	ordinal	ordinal	1.4132598826281857e-09	1	0	241.9782385125504	241.97823817057227	241.9782385125505
lower_task	LC:NCI-H322M	magnitude_g0.50	magnitude_g0.50	1.2381161149392684e-09	1	1	419.9624453175287	419.96244479756643	419.9624453175289
lower_task	LC:NCI-H322M	magnitude_g0.50	magnitude_g0.80	0.0004533579733011975	0	0	429.3343968514996	429.1398428820678	429.13984341120766
lower_task	LC:NCI-H322M	magnitude_g0.50	magnitude_g1.00	0.001258656333358329	0	0	435.4076158170186	434.8602761762834	434.8602767111437
lower_task	LC:NCI-H322M	magnitude_g0.50	magnitude_g1.25	0.002207222047474549	0	0	442.74601292984397	441.7709264011581	441.770926942929
lower_task	LC:NCI-H322M	magnitude_g0.50	magnitude_g2.00	0.005435370931401102	0	0	462.82674919709274	460.32471362962474	460.3247141899495
lower_task	LC:NCI-H322M	magnitude_g0.50	ordinal	0.1592201204552148	0	1	275.860565014948	237.97082206149094	237.97082239946175
lower_task	LC:NCI-H322M	magnitude_g0.80	magnitude_g0.50	0.0008286002720521761	0	1	420.3104257935774	419.96244479756643	419.9624453175289
lower_task	LC:NCI-H322M	magnitude_g0.80	magnitude_g0.80	1.2330240666571906e-09	1	1	429.13984341120755	429.1398428820678	429.13984341120766
lower_task	LC:NCI-H322M	magnitude_g0.80	magnitude_g1.00	4.543731728777017e-05	0	0	434.88003506062785	434.8602761762834	434.8602767111437
lower_task	LC:NCI-H322M	magnitude_g0.80	magnitude_g1.25	0.0001430416631083498	0	0	441.8341180491834	441.7709264011581	441.770926942929
lower_task	LC:NCI-H322M	magnitude_g0.80	magnitude_g2.00	0.0013768424192286393	0	0	460.9585082219693	460.32471362962474	460.3247141899495
lower_task	LC:NCI-H322M	magnitude_g0.80	ordinal	0.1805013934714171	0	1	280.9248870491287	237.97082206149094	237.97082239946175
lower_task	LC:NCI-H322M	magnitude_g1.00	magnitude_g0.50	0.0010045459320685822	0	1	420.3843163631094	419.96244479756643	419.9624453175289
lower_task	LC:NCI-H322M	magnitude_g1.00	magnitude_g0.80	3.8899289945042064e-05	0	1	429.15653611724304	429.1398428820678	429.13984341120766
lower_task	LC:NCI-H322M	magnitude_g1.00	magnitude_g1.00	1.2299585962455038e-09	1	0	434.8602767111435	434.8602761762834	434.8602767111437
lower_task	LC:NCI-H322M	magnitude_g1.00	magnitude_g1.25	0.0	1	0	441.77092665603243	441.7709264011581	441.770926942929
lower_task	LC:NCI-H322M	magnitude_g1.00	magnitude_g2.00	0.0009886006521476337	0	0	460.77979094171866	460.32471362962474	460.3247141899495
lower_task	LC:NCI-H322M	magnitude_g1.00	ordinal	0.18406913266661376	0	1	281.77390487831065	237.97082206149094	237.97082239946175
lower_task	LC:NCI-H322M	magnitude_g1.25	magnitude_g0.50	0.0010045491067739937	0	1	420.38431769636645	419.96244479756643	419.9624453175289
lower_task	LC:NCI-H322M	magnitude_g1.25	magnitude_g0.80	3.89014058017436e-05	0	1	429.15653702524145	429.1398428820678	429.13984341120766
lower_task	LC:NCI-H322M	magnitude_g1.25	magnitude_g1.00	2.675208988401664e-09	0	1	434.8602773396255	434.8602761762834	434.8602767111437
lower_task	LC:NCI-H322M	magnitude_g1.25	magnitude_g1.25	1.2263616683732834e-09	1	1	441.770926942929	441.7709264011581	441.770926942929
lower_task	LC:NCI-H322M	magnitude_g1.25	magnitude_g2.00	0.0009885992052526891	0	0	460.77979027567716	460.32471362962474	460.3247141899495
lower_task	LC:NCI-H322M	magnitude_g1.25	ordinal	0.18406917194469385	0	1	281.77391422534765	237.97082206149094	237.97082239946175
lower_task	LC:NCI-H322M	magnitude_g2.00	magnitude_g0.50	0.005263150345255342	0	1	422.172770283897	419.96244479756643	419.9624453175289
lower_task	LC:NCI-H322M	magnitude_g2.00	magnitude_g0.80	0.0029530743892760246	0	1	430.40712476150077	429.1398428820678	429.13984341120766
lower_task	LC:NCI-H322M	magnitude_g2.00	magnitude_g1.00	0.00210945014406362	0	1	435.777592248511	434.8602761762834	434.8602767111437
lower_task	LC:NCI-H322M	magnitude_g2.00	magnitude_g1.25	0.0011983807978447063	0	1	442.3003361964033	441.7709264011581	441.770926942929
lower_task	LC:NCI-H322M	magnitude_g2.00	magnitude_g2.00	1.2172381282083292e-09	0	0	460.32471418994953	460.32471362962474	460.3247141899495
lower_task	LC:NCI-H322M	magnitude_g2.00	ordinal	0.21447439160825302	0	1	289.00946934364504	237.97082206149094	237.97082239946175
lower_task	LC:NCI-H322M	ordinal	magnitude_g0.50	0.10389357643919171	0	0	463.59384515773223	419.96244479756643	419.9624453175289
lower_task	LC:NCI-H322M	ordinal	magnitude_g0.80	0.11832814849606363	0	0	479.91916593619453	429.1398428820678	429.13984341120766
lower_task	LC:NCI-H322M	ordinal	magnitude_g1.00	0.1276716956467996	0	0	490.37962500514504	434.8602761762834	434.8602767111437
lower_task	LC:NCI-H322M	ordinal	magnitude_g1.25	0.1383818360339768	0	0	502.90399830298117	441.7709264011581	441.770926942929
lower_task	LC:NCI-H322M	ordinal	magnitude_g2.00	0.1656517408553309	0	0	536.5783038011037	460.32471362962474	460.3247141899495
lower_task	LC:NCI-H322M	ordinal	ordinal	1.4202189685191766e-09	1	0	237.9708223994616	237.97082206149094	237.97082239946175
lower_task	LC:NCI-H460	magnitude_g0.50	magnitude_g0.50	1.238464714324948e-09	1	0	419.348855231352	419.34885471200323	419.3488552313521
lower_task	LC:NCI-H460	magnitude_g0.50	magnitude_g0.80	0.00022742742582037624	0	0	427.9986097404144	427.90129325078516	427.90129377868647
lower_task	LC:NCI-H460	magnitude_g0.50	magnitude_g1.00	0.0006921215235380514	0	0	433.63948876796746	433.3395651279418	433.33956566128137
lower_task	LC:NCI-H460	magnitude_g0.50	magnitude_g1.25	0.001374054722223806	0	0	440.4897847146131	439.8853581609949	439.88535870088026
lower_task	LC:NCI-H460	magnitude_g0.50	magnitude_g2.00	0.0035077412168635484	0	0	459.41211056975624	457.8062447357591	457.8062452935654
lower_task	LC:NCI-H460	magnitude_g0.50	ordinal	0.2550995909840372	0	1	276.0609705738479	219.95144652816555	219.951446848117
lower_task	LC:NCI-H460	magnitude_g0.80	magnitude_g0.50	0.0005563244826873179	0	1	419.5821487466664	419.34885471200323	419.3488552313521
lower_task	LC:NCI-H460	magnitude_g0.80	magnitude_g0.80	1.2336982561660219e-09	1	1	427.90129377868624	427.90129325078516	427.90129377868647
lower_task	LC:NCI-H460	magnitude_g0.80	magnitude_g1.00	1.3907865991524383e-09	0	0	433.33956573062466	433.3395651279418	433.33956566128137
lower_task	LC:NCI-H460	magnitude_g0.80	magnitude_g1.25	0.00016157301517868966	0	0	439.9564317646459	439.8853581609949	439.88535870088026
lower_task	LC:NCI-H460	magnitude_g0.80	magnitude_g2.00	0.0010794493534267828	0	0	458.30042339063385	457.8062447357591	457.8062452935654
lower_task	LC:NCI-H460	magnitude_g0.80	ordinal	0.2650360251816596	0	1	278.2465036489469	219.95144652816555	219.951446848117
lower_task	LC:NCI-H460	magnitude_g1.00	magnitude_g0.50	0.0005563376670978618	0	1	419.58215427553387	419.34885471200323	419.3488552313521
lower_task	LC:NCI-H460	magnitude_g1.00	magnitude_g0.80	6.11612096896722e-09	0	1	427.90129586788123	427.90129325078516	427.90129377868647
lower_task	LC:NCI-H460	magnitude_g1.00	magnitude_g1.00	1.2307660623606789e-09	0	1	433.3395656612814	433.3395651279418	433.33956566128137
lower_task	LC:NCI-H460	magnitude_g1.00	magnitude_g1.25	0.00016156707794776968	0	0	439.95642915294496	439.8853581609949	439.88535870088026
lower_task	LC:NCI-H460	magnitude_g1.00	magnitude_g2.00	0.001079429160975769	0	0	458.3004141464037	457.8062447357591	457.8062452935654
lower_task	LC:NCI-H460	magnitude_g1.00	ordinal	0.2650362896338305	0	1	278.2465618155844	219.95144652816555	219.951446848117
lower_task	LC:NCI-H460	magnitude_g1.25	magnitude_g0.50	0.0012887912879719701	0	1	419.8893078625771	419.34885471200323	419.3488552313521
lower_task	LC:NCI-H460	magnitude_g1.25	magnitude_g0.80	0.00034042729652502613	0	1	428.0469625312261	427.90129325078516	427.90129377868647
lower_task	LC:NCI-H460	magnitude_g1.25	magnitude_g1.00	0.00010512112567798696	0	1	433.38511827082885	433.3395651279418	433.33956566128137
lower_task	LC:NCI-H460	magnitude_g1.25	magnitude_g1.25	1.2273320020247394e-09	1	0	439.88535870088026	439.8853581609949	439.88535870088026
lower_task	LC:NCI-H460	magnitude_g1.25	magnitude_g2.00	0.0002757500453827087	0	0	457.93248482852147	457.8062447357591	457.8062452935654
lower_task	LC:NCI-H460	magnitude_g1.25	ordinal	0.2754178715664439	0	1	280.5300057789134	219.95144652816555	219.951446848117
lower_task	LC:NCI-H460	magnitude_g2.00	magnitude_g0.50	0.0019298328301240457	0	1	420.1581278991014	419.34885471200323	419.3488552313521
lower_task	LC:NCI-H460	magnitude_g2.00	magnitude_g0.80	0.0007448006583442942	0	1	428.2199944157047	427.90129325078516	427.90129377868647
lower_task	LC:NCI-H460	magnitude_g2.00	magnitude_g1.00	0.0003682613971478792	0	1	433.49914736163527	433.3395651279418	433.33956566128137
lower_task	LC:NCI-H460	magnitude_g2.00	magnitude_g1.25	0.00010383924831906665	0	1	439.9310355259329	439.8853581609949	439.88535870088026
lower_task	LC:NCI-H460	magnitude_g2.00	magnitude_g2.00	1.2184327412620066e-09	1	1	457.8062452935652	457.8062447357591	457.8062452935654
lower_task	LC:NCI-H460	magnitude_g2.00	ordinal	0.2805790544411682	0	1	281.6652154180054	219.95144652816555	219.951446848117
lower_task	LC:NCI-H460	ordinal	magnitude_g0.50	0.1281410709510071	0	0	473.0846660568776	419.34885471200323	419.3488552313521
lower_task	LC:NCI-H460	ordinal	magnitude_g0.80	0.14665822491209035	0	0	490.65653735653314	427.90129325078516	427.90129377868647
lower_task	LC:NCI-H460	ordinal	magnitude_g1.00	0.15823624941377593	0	0	501.909592636384	433.3395651279418	433.33956566128137
lower_task	LC:NCI-H460	ordinal	magnitude_g1.25	0.17161633372665847	0	0	515.3768705886229	439.8853581609949	439.88535870088026
lower_task	LC:NCI-H460	ordinal	magnitude_g2.00	0.20476795091202568	0	0	551.5502913850298	457.8062447357591	457.8062452935654
lower_task	LC:NCI-H460	ordinal	ordinal	1.4546459559484674e-09	0	0	219.95144684811703	219.95144652816555	219.951446848117
lower_task	LC:NCI-H522	magnitude_g0.50	magnitude_g0.50	1.2395317521966314e-09	0	0	417.48195243020245	417.4819519127203	417.4819524302023
lower_task	LC:NCI-H522	magnitude_g0.50	magnitude_g0.80	0.0004909128212764996	0	0	428.10699289470347	427.896932804205	427.8969333321019
lower_task	LC:NCI-H522	magnitude_g0.50	magnitude_g1.00	0.0015177546677784687	0	0	434.9423613545239	434.2832259611834	434.28322649546664
lower_task	LC:NCI-H522	magnitude_g0.50	magnitude_g1.25	0.0038049299507860617	0	0	443.1526969496464	441.4729234009371	441.47292394241003
lower_task	LC:NCI-H522	magnitude_g0.50	magnitude_g2.00	0.010625897372945763	0	0	465.3475726402777	460.4548269047107	460.4548274651656
lower_task	LC:NCI-H522	magnitude_g0.50	ordinal	0.1638522843901913	0	1	265.02527457526884	227.71384146410875	227.7138417918226
lower_task	LC:NCI-H522	magnitude_g0.80	magnitude_g0.50	0.0009410780516550245	0	1	417.8748350146275	417.4819519127203	417.4819524302023
lower_task	LC:NCI-H522	magnitude_g0.80	magnitude_g0.80	1.2337007319386377e-09	1	0	427.89693333210175	427.896932804205	427.8969333321019
lower_task	LC:NCI-H522	magnitude_g0.80	magnitude_g1.00	0.00017123735769266284	0	0	434.35759147328724	434.2832259611834	434.28322649546664
lower_task	LC:NCI-H522	magnitude_g0.80	magnitude_g1.25	0.0014904069207797154	0	0	442.1308977013107	441.4729234009371	441.47292394241003
lower_task	LC:NCI-H522	magnitude_g0.80	magnitude_g2.00	0.005992604812049759	0	0	463.21415071615144	460.4548269047107	460.4548274651656
lower_task	LC:NCI-H522	magnitude_g0.80	ordinal	0.19285534020263045	0	1	271.6296718285173	227.71384146410875	227.7138417918226
lower_task	LC:NCI-H522	magnitude_g1.00	magnitude_g0.50	0.002302722421364876	0	1	418.4432969639049	417.4819519127203	417.4819524302023
lower_task	LC:NCI-H522	magnitude_g1.00	magnitude_g0.80	0.00040120059971920024	0	1	428.06860531026405	427.896932804205	427.8969333321019
lower_task	LC:NCI-H522	magnitude_g1.00	magnitude_g1.00	1.2313981288543884e-09	0	0	434.28322649595896	434.2832259611834	434.28322649546664
lower_task	LC:NCI-H522	magnitude_g1.00	magnitude_g1.25	0.0006735467839751104	0	0	441.77027606870587	441.4729234009371	441.47292394241003
lower_task	LC:NCI-H522	magnitude_g1.00	magnitude_g2.00	0.0036390916258001826	0	0	462.13046420935893	460.4548269047107	460.4548274651656
lower_task	LC:NCI-H522	magnitude_g1.00	ordinal	0.2123922195108584	0	1	276.07848966601455	227.71384146410875	227.7138417918226
lower_task	LC:NCI-H522	magnitude_g1.25	magnitude_g0.50	0.005356328052462928	0	1	419.7181222031474	417.4819519127203	417.4819524302023
lower_task	LC:NCI-H522	magnitude_g1.25	magnitude_g0.80	0.001802278303535769	0	1	428.6681221623475	427.896932804205	427.8969333321019
lower_task	LC:NCI-H522	magnitude_g1.25	magnitude_g1.00	0.00042305944844655283	0	1	434.46695358322813	434.2832259611834	434.28322649546664
lower_task	LC:NCI-H522	magnitude_g1.25	magnitude_g1.25	1.2265154358076983e-09	0	0	441.47292394241043	441.4729234009371	441.47292394241003
lower_task	LC:NCI-H522	magnitude_g1.25	magnitude_g2.00	0.0003803533507716844	0	0	460.62996244100293	460.4548269047107	460.4548274651656
lower_task	LC:NCI-H522	magnitude_g1.25	ordinal	0.24231408852687397	0	1	282.89211340343735	227.71384146410875	227.7138417918226
lower_task	LC:NCI-H522	magnitude_g2.00	magnitude_g0.50	0.006781723701539132	0	1	420.31319916097164	417.4819519127203	417.4819524302023
lower_task	LC:NCI-H522	magnitude_g2.00	magnitude_g0.80	0.0027494885108327455	0	1	429.0734305047707	427.896932804205	427.8969333321019
lower_task	LC:NCI-H522	magnitude_g2.00	magnitude_g1.00	0.0010895419233313663	0	1	434.7563957424677	434.2832259611834	434.28322649546664
lower_task	LC:NCI-H522	magnitude_g2.00	magnitude_g1.25	0.0003536816834655335	0	1	441.62906428768997	441.4729234009371	441.47292394241003
lower_task	LC:NCI-H522	magnitude_g2.00	magnitude_g2.00	1.2171762510693375e-09	1	1	460.4548274651654	460.4548269047107	460.4548274651656
lower_task	LC:NCI-H522	magnitude_g2.00	ordinal	0.2523374677240785	0	1	285.1745755848842	227.71384146410875	227.7138417918226
lower_task	LC:NCI-H522	ordinal	magnitude_g0.50	0.11974978184899626	0	0	467.4753245801617	417.4819519127203	417.4819524302023
lower_task	LC:NCI-H522	ordinal	magnitude_g0.80	0.13198761403111828	0	0	484.37402801626575	427.896932804205	427.8969333321019
lower_task	LC:NCI-H522	ordinal	magnitude_g1.00	0.14028974941458955	0	0	495.2087109062374	434.2832259611834	434.28322649546664
lower_task	LC:NCI-H522	ordinal	magnitude_g1.25	0.15111762696926892	0	0	508.1872639564725	441.4729234009371	441.47292394241003
lower_task	LC:NCI-H522	ordinal	magnitude_g2.00	0.1794642293238315	0	0	543.0899975536029	460.4548269047107	460.4548274651656
lower_task	LC:NCI-H522	ordinal	ordinal	1.439147565285487e-09	1	0	227.71384179182257	227.71384146410875	227.7138417918226
lower_task	LE:CCRF-CEM	magnitude_g0.50	magnitude_g0.50	1.2370476368725372e-09	0	0	421.8569068709188	421.8569063490617	421.85690687091864
lower_task	LE:CCRF-CEM	magnitude_g0.50	magnitude_g0.80	0.00010649276029643628	0	0	432.0899419663051	432.04393241537286	432.0439329474168
lower_task	LE:CCRF-CEM	magnitude_g0.50	magnitude_g1.00	0.0012585336361666559	0	0	438.68122406225973	438.1298229430781	438.12982348120795
lower_task	LE:CCRF-CEM	magnitude_g0.50	magnitude_g1.25	0.003583412757539811	0	0	446.6065486271865	445.01188735278964	445.01188789780156
lower_task	LE:CCRF-CEM	magnitude_g0.50	magnitude_g2.00	0.011069480815920744	0	0	468.07795665446264	462.9533039378554	462.95330450080877
lower_task	LE:CCRF-CEM	magnitude_g0.50	ordinal	0.213947495714643	0	1	266.5167498096829	219.54553285913425	219.5455331786798
lower_task	LE:CCRF-CEM	magnitude_g0.80	magnitude_g0.50	0.0017420321157318736	0	1	422.5917946281651	421.8569063490617	421.85690687091864
lower_task	LE:CCRF-CEM	magnitude_g0.80	magnitude_g0.80	1.2314577008102518e-09	1	1	432.0439329474167	432.04393241537286	432.0439329474168
lower_task	LE:CCRF-CEM	magnitude_g0.80	magnitude_g1.00	4.325532169014229e-05	0	0	438.1487743895116	438.1298229430781	438.12982348120795
lower_task	LE:CCRF-CEM	magnitude_g0.80	magnitude_g1.25	0.0011098138996610831	0	0	445.5057677308882	445.01188735278964	445.01188789780156
lower_task	LE:CCRF-CEM	magnitude_g0.80	magnitude_g2.00	0.005560671547208686	0	0	465.5276352027489	462.9533039378554	462.95330450080877
lower_task	LE:CCRF-CEM	magnitude_g0.80	ordinal	0.25380152334671974	0	1	275.26652354274984	219.54553285913425	219.5455331786798
lower_task	LE:CCRF-CEM	magnitude_g1.00	magnitude_g0.50	0.001938093217117872	0	1	422.67450435785116	421.8569063490617	421.85690687091864
lower_task	LE:CCRF-CEM	magnitude_g1.00	magnitude_g0.80	4.7040828919344924e-05	0	1	432.06425612008326	432.04393241537286	432.0439329474168
lower_task	LE:CCRF-CEM	magnitude_g1.00	magnitude_g1.00	1.2282425967795448e-09	1	1	438.12982348120784	438.1298229430781	438.12982348120795
lower_task	LE:CCRF-CEM	magnitude_g1.00	magnitude_g1.25	0.000963227382588922	0	0	445.4405349882654	445.01188735278964	445.01188789780156
lower_task	LE:CCRF-CEM	magnitude_g1.00	magnitude_g2.00	0.005160578949121073	0	0	465.34241101258317	462.9533039378554	462.95330450080877
lower_task	LE:CCRF-CEM	magnitude_g1.00	ordinal	0.25789193420086914	0	1	276.16455497333686	219.54553285913425	219.5455331786798
lower_task	LE:CCRF-CEM	magnitude_g1.25	magnitude_g0.50	0.006289648637010401	0	1	424.5102380650935	421.8569063490617	421.85690687091864
lower_task	LE:CCRF-CEM	magnitude_g1.25	magnitude_g0.80	0.002056429673331293	0	1	432.9324003781746	432.04393241537286	432.0439329474168
lower_task	LE:CCRF-CEM	magnitude_g1.25	magnitude_g1.00	0.0006131729202887378	0	1	438.3984722860777	438.1298229430781	438.12982348120795
lower_task	LE:CCRF-CEM	magnitude_g1.25	magnitude_g1.25	1.2247134152726005e-09	0	0	445.01188789780167	445.01188735278964	445.01188789780156
lower_task	LE:CCRF-CEM	magnitude_g1.25	magnitude_g2.00	0.0004274602375842365	0	0	463.1511980671471	462.9533039378554	462.95330450080877
lower_task	LE:CCRF-CEM	magnitude_g1.25	ordinal	0.30950272346440977	0	1	287.49547320348137	219.54553285913425	219.5455331786798
lower_task	LE:CCRF-CEM	magnitude_g2.00	magnitude_g0.50	0.008063983873663314	0	1	425.25875363885405	421.8569063490617	421.85690687091864
lower_task	LE:CCRF-CEM	magnitude_g2.00	magnitude_g0.80	0.003265220495167573	0	1	433.45465111830833	432.04393241537286	432.0439329474168
lower_task	LE:CCRF-CEM	magnitude_g2.00	magnitude_g1.00	0.0014855143161356342	0	1	438.78067106738604	438.1298229430781	438.12982348120795
lower_task	LE:CCRF-CEM	magnitude_g2.00	magnitude_g1.25	0.0004922511857697186	0	1	445.2309449820207	445.01188735278964	445.01188789780156
lower_task	LE:CCRF-CEM	magnitude_g2.00	magnitude_g2.00	1.2160052117355306e-09	0	1	462.95330450080905	462.9533039378554	462.95330450080877
lower_task	LE:CCRF-CEM	magnitude_g2.00	ordinal	0.32449094662972344	0	1	290.7860706449218	219.54553285913425	219.5455331786798
lower_task	LE:CCRF-CEM	ordinal	magnitude_g0.50	0.13193267357694136	0	0	477.5136158705908	421.8569063490617	421.85690687091864
lower_task	LE:CCRF-CEM	ordinal	magnitude_g0.80	0.1456992595987449	0	0	494.9924134824229	432.04393241537286	432.0439329474168
lower_task	LE:CCRF-CEM	ordinal	magnitude_g1.00	0.15535479502899133	0	0	506.1953917824883	438.1298229430781	438.12982348120795
lower_task	LE:CCRF-CEM	ordinal	magnitude_g1.25	0.16763592002326244	0	0	519.611864510463	445.01188735278964	445.01188789780156
lower_task	LE:CCRF-CEM	ordinal	magnitude_g2.00	0.20029566192617068	0	0	555.6808423909958	462.9533039378554	462.95330450080877
lower_task	LE:CCRF-CEM	ordinal	ordinal	1.455486000989676e-09	1	0	219.5455331786797	219.54553285913425	219.5455331786798
lower_task	LE:HL-60(TB)	magnitude_g0.50	magnitude_g0.50	1.2373354366093653e-09	1	0	421.3435311511661	421.3435306298228	421.34353115116636
lower_task	LE:HL-60(TB)	magnitude_g0.50	magnitude_g0.80	0.00037931284252542847	0	0	431.3897058355368	431.2261362240344	431.22613675526054
lower_task	LE:HL-60(TB)	magnitude_g0.50	magnitude_g1.00	0.0010849774521824406	0	0	437.8346699965438	437.3601441017102	437.36014463907037
lower_task	LE:HL-60(TB)	magnitude_g0.50	magnitude_g1.25	0.0034209024066609067	0	0	445.56020293883705	444.041181392754	444.0411819367952
lower_task	LE:HL-60(TB)	magnitude_g0.50	magnitude_g2.00	0.009863488857211132	0	0	466.38365187166806	461.82841247131375	461.82841303314217
lower_task	LE:HL-60(TB)	magnitude_g0.50	ordinal	0.23755364732632575	0	1	272.8711141174416	220.4923517513494	220.49235207184174
lower_task	LE:HL-60(TB)	magnitude_g0.80	magnitude_g0.50	0.0007302778496990427	0	1	421.65122847735574	421.3435306298228	421.34353115116636
lower_task	LE:HL-60(TB)	magnitude_g0.80	magnitude_g0.80	1.231897942179241e-09	0	0	431.226136755261	431.2261362240344	431.22613675526054
lower_task	LE:HL-60(TB)	magnitude_g0.80	magnitude_g1.00	4.270912662869173e-05	0	0	437.378823371487	437.3601441017102	437.36014463907037
lower_task	LE:HL-60(TB)	magnitude_g0.80	magnitude_g1.25	0.0016279315278653391	0	0	444.76405003161386	444.041181392754	444.0411819367952
lower_task	LE:HL-60(TB)	magnitude_g0.80	magnitude_g2.00	0.006271390755842061	0	0	464.72471890807157	461.82841247131375	461.82841303314217
lower_task	LE:HL-60(TB)	magnitude_g0.80	ordinal	0.25808364732308037	0	1	277.3978220981812	220.4923517513494	220.49235207184174
lower_task	LE:HL-60(TB)	magnitude_g1.00	magnitude_g0.50	0.0020642286751996336	0	1	422.21328002785873	421.3435306298228	421.34353115116636
lower_task	LE:HL-60(TB)	magnitude_g1.00	magnitude_g0.80	0.00047443721451656144	0	1	431.4307259509313	431.2261362240344	431.22613675526054
lower_task	LE:HL-60(TB)	magnitude_g1.00	magnitude_g1.00	1.2308132366436114e-09	0	0	437.36014464001886	437.3601441017102	437.36014463907037
lower_task	LE:HL-60(TB)	magnitude_g1.00	magnitude_g1.25	0.0009967588502316964	0	0	444.4837833701746	444.041181392754	444.0411819367952
lower_task	LE:HL-60(TB)	magnitude_g1.00	magnitude_g2.00	0.004208846675882808	0	0	463.7721774499719	461.82841247131375	461.82841303314217
lower_task	LE:HL-60(TB)	magnitude_g1.00	ordinal	0.2816663166509252	0	1	282.59762031885214	220.4923517513494	220.49235207184174
lower_task	LE:HL-60(TB)	magnitude_g1.25	magnitude_g0.50	0.004701112189091603	0	1	423.32431383746155	421.3435306298228	421.34353115116636
lower_task	LE:HL-60(TB)	magnitude_g1.25	magnitude_g0.80	0.0014951987197104881	0	1	431.8709049908223	431.2261362240344	431.22613675526054
lower_task	LE:HL-60(TB)	magnitude_g1.25	magnitude_g1.00	6.785276700871496e-05	0	1	437.38982019766684	437.3601441017102	437.36014463907037
lower_task	LE:HL-60(TB)	magnitude_g1.25	magnitude_g1.25	1.2252052745277803e-09	0	0	444.0411819367956	444.041181392754	444.0411819367952
lower_task	LE:HL-60(TB)	magnitude_g1.25	magnitude_g2.00	0.0007258702759826097	0	0	462.1636399885309	461.82841247131375	461.82841303314217
lower_task	LE:HL-60(TB)	magnitude_g1.25	ordinal	0.3096084030794553	0	1	288.7586366683182	220.4923517513494	220.49235207184174
lower_task	LE:HL-60(TB)	magnitude_g2.00	magnitude_g0.50	0.007379796659088362	0	1	424.45296020949326	421.3435306298228	421.34353115116636
lower_task	LE:HL-60(TB)	magnitude_g2.00	magnitude_g0.80	0.003247671271721496	0	1	432.62661695826466	431.2261362240344	431.22613675526054
lower_task	LE:HL-60(TB)	magnitude_g2.00	magnitude_g1.00	0.0012836791256855568	0	1	437.9215741891004	437.3601441017102	437.36014463907037
lower_task	LE:HL-60(TB)	magnitude_g2.00	magnitude_g1.25	0.0006254877163648986	0	1	444.31892369727535	444.041181392754	444.0411819367952
lower_task	LE:HL-60(TB)	magnitude_g2.00	magnitude_g2.00	1.2165305184503877e-09	1	0	461.8284130331421	461.82841247131375	461.82841303314217
lower_task	LE:HL-60(TB)	magnitude_g2.00	ordinal	0.3288489094487907	0	1	293.0010211665798	220.4923517513494	220.49235207184174
lower_task	LE:HL-60(TB)	ordinal	magnitude_g0.50	0.1182969816712136	0	0	471.18719855002337	421.3435306298228	421.34353115116636
lower_task	LE:HL-60(TB)	ordinal	magnitude_g0.80	0.13201275682770497	0	0	488.15348728312864	431.2261362240344	431.22613675526054
lower_task	LE:HL-60(TB)	ordinal	magnitude_g1.00	0.14097502469316078	0	0	499.01700121625316	437.3601441017102	437.36014463907037
lower_task	LE:HL-60(TB)	ordinal	magnitude_g1.25	0.15308496507101696	0	0	512.0172101363569	444.041181392754	444.0411819367952
lower_task	LE:HL-60(TB)	ordinal	magnitude_g2.00	0.18427275005726132	0	0	546.9308040919819	461.82841247131375	461.82841303314217
lower_task	LE:HL-60(TB)	ordinal	ordinal	1.4535309658991314e-09	0	0	220.49235207184185	220.4923517513494	220.49235207184174
lower_task	LE:K-562	magnitude_g0.50	magnitude_g0.50	1.2410068072500518e-09	0	0	414.9263750074952	414.92637449256875	414.92637500749515
lower_task	LE:K-562	magnitude_g0.50	magnitude_g0.80	0.0008752618868365495	0	0	425.3802664825448	425.0082729396505	425.0082734646588
lower_task	LE:K-562	magnitude_g0.50	magnitude_g1.00	0.00209925852074705	0	0	432.1205068273899	431.21527448814436	431.21527501935964
lower_task	LE:K-562	magnitude_g0.50	magnitude_g1.25	0.003573779119141656	0	0	440.2310627454375	438.66337672935	438.6633772680134
lower_task	LE:K-562	magnitude_g0.50	magnitude_g2.00	0.008415945884051689	0	0	462.2355081552519	458.3778251840536	458.37782574243147
lower_task	LE:K-562	magnitude_g0.50	ordinal	0.15772779373639462	0	1	256.67398486462884	221.7049519354214	221.70495225712637
lower_task	LE:K-562	magnitude_g0.80	magnitude_g0.50	0.0011322299542587937	0	1	415.39616656258124	414.92637449256875	414.92637500749515
lower_task	LE:K-562	magnitude_g0.80	magnitude_g0.80	1.2352892416594092e-09	1	1	425.00827346465866	425.0082729396505	425.0082734646588
lower_task	LE:K-562	magnitude_g0.80	magnitude_g1.00	1.5621172091276716e-05	0	1	431.2220105761555	431.21527448814436	431.21527501935964
lower_task	LE:K-562	magnitude_g0.80	magnitude_g1.25	0.00011762012001056835	0	0	438.7149723683651	438.66337672935	438.6633772680134
lower_task	LE:K-562	magnitude_g0.80	magnitude_g2.00	0.0016376581584526544	0	0	459.12849136912007	458.3778251840536	458.37782574243147
lower_task	LE:K-562	magnitude_g0.80	ordinal	0.20085650678386832	0	1	266.2358341178556	221.7049519354214	221.70495225712637
lower_task	LE:K-562	magnitude_g1.00	magnitude_g0.50	0.0012986688474250134	0	1	415.46522644909726	414.92637449256875	414.92637500749515
lower_task	LE:K-562	magnitude_g1.00	magnitude_g0.80	5.255722882025411e-05	0	0	425.0306101967019	425.0082729396505	425.0082734646588
lower_task	LE:K-562	magnitude_g1.00	magnitude_g1.00	1.2319028713950707e-09	0	1	431.2152750193597	431.21527448814436	431.21527501935964
lower_task	LE:K-562	magnitude_g1.00	magnitude_g1.25	2.4937879650240942e-05	0	0	438.6743160638458	438.66337672935	438.6633772680134
lower_task	LE:K-562	magnitude_g1.00	magnitude_g2.00	0.0013611334753343767	0	0	459.0017385862626	458.3778251840536	458.37782574243147
lower_task	LE:K-562	magnitude_g1.00	ordinal	0.20329384318882	0	1	266.77620366836584	221.7049519354214	221.70495225712637
lower_task	LE:K-562	magnitude_g1.25	magnitude_g0.50	0.002242924181657235	0	1	415.8570228915255	414.92637449256875	414.92637500749515
lower_task	LE:K-562	magnitude_g1.25	magnitude_g0.80	0.0005690160110717043	0	1	425.2501094517911	425.0082729396505	425.0082734646588
lower_task	LE:K-562	magnitude_g1.25	magnitude_g1.00	0.0002619018354177042	0	1	431.32821055999295	431.21527448814436	431.21527501935964
lower_task	LE:K-562	magnitude_g1.25	magnitude_g1.25	1.22796545081451e-09	0	0	438.66337726801345	438.66337672935	438.6633772680134
lower_task	LE:K-562	magnitude_g1.25	magnitude_g2.00	0.0006530340960647739	0	0	458.6771615327788	458.3778251840536	458.37782574243147
lower_task	LE:K-562	magnitude_g1.25	ordinal	0.21459997863836658	0	1	269.2828298847829	221.7049519354214	221.70495225712637
lower_task	LE:K-562	magnitude_g2.00	magnitude_g0.50	0.0037909528443412083	0	1	416.49934081214354	414.92637449256875	414.92637500749515
lower_task	LE:K-562	magnitude_g2.00	magnitude_g0.80	0.0015508762741936067	0	1	425.6674081864886	425.0082729396505	425.0082734646588
lower_task	LE:K-562	magnitude_g2.00	magnitude_g1.00	0.0009054683288395696	0	1	431.60572626210524	431.21527448814436	431.21527501935964
lower_task	LE:K-562	magnitude_g2.00	magnitude_g1.25	0.00026117950254784454	0	1	438.7779466118701	438.66337672935	438.6633772680134
lower_task	LE:K-562	magnitude_g2.00	magnitude_g2.00	1.21816069226942e-09	1	1	458.37782574243147	458.3778251840536	458.37782574243147
lower_task	LE:K-562	magnitude_g2.00	ordinal	0.22536340094839746	0	1	271.66913391068897	221.7049519354214	221.70495225712637
lower_task	LE:K-562	ordinal	magnitude_g0.50	0.1293727108447076	0	0	468.6065243616387	414.92637449256875	414.92637500749515
lower_task	LE:K-562	ordinal	magnitude_g0.80	0.14312846362390969	0	0	485.83905407295396	425.0082729396505	425.0082734646588
lower_task	LE:K-562	ordinal	magnitude_g1.00	0.15225179786769838	0	0	496.8685752969774	431.21527448814436	431.21527501935964
lower_task	LE:K-562	ordinal	magnitude_g1.25	0.16275844152183427	0	0	510.05954427852424	438.66337672935	438.6633772680134
lower_task	LE:K-562	ordinal	magnitude_g2.00	0.18987443792973174	0	0	545.4120571003286	458.3778251840536	458.37782574243147
lower_task	LE:K-562	ordinal	ordinal	1.451048668669939e-09	1	1	221.70495225712608	221.7049519354214	221.70495225712637
lower_task	LE:MOLT-4	magnitude_g0.50	magnitude_g0.50	1.2376308997017026e-09	0	0	420.8215879870722	420.8215874662504	420.821587987072
lower_task	LE:MOLT-4	magnitude_g0.50	magnitude_g0.80	0.0004973836607037534	0	0	431.3664508264701	431.15200286496537	431.1520033961174
lower_task	LE:MOLT-4	magnitude_g0.50	magnitude_g1.00	0.0017432147845112868	0	0	438.1508106618928	437.388348825647	437.38834936303533
lower_task	LE:MOLT-4	magnitude_g0.50	magnitude_g1.25	0.003976106666174685	0	0	446.30031505296756	444.5328052028671	444.53280574739995
lower_task	LE:MOLT-4	magnitude_g0.50	magnitude_g2.00	0.012057103523258618	0	0	468.33254957346196	462.7530876894823	462.7530882522354
lower_task	LE:MOLT-4	magnitude_g0.50	ordinal	0.13680689658867756	0	1	265.2200823601237	233.30266833883073	233.3026686721334
lower_task	LE:MOLT-4	magnitude_g0.80	magnitude_g0.50	0.001334278380346604	0	1	421.38308061238973	420.8215874662504	420.821587987072
lower_task	LE:MOLT-4	magnitude_g0.80	magnitude_g0.80	1.2319371782191592e-09	0	1	431.15200339611755	431.15200286496537	431.1520033961174
lower_task	LE:MOLT-4	magnitude_g0.80	magnitude_g1.00	0.000145956448133244	0	0	437.4521884754964	437.388348825647	437.38834936303533
lower_task	LE:MOLT-4	magnitude_g0.80	magnitude_g1.25	0.0011298164555882697	0	0	445.0350456812341	444.5328052028671	444.53280574739995
lower_task	LE:MOLT-4	magnitude_g0.80	magnitude_g2.00	0.006186486872165767	0	0	465.61590359152746	462.7530876894823	462.7530882522354
lower_task	LE:MOLT-4	magnitude_g0.80	ordinal	0.17574792923015878	0	1	274.30512918325076	233.30266833883073	233.3026686721334
lower_task	LE:MOLT-4	magnitude_g1.00	magnitude_g0.50	0.0020362137795355687	0	1	421.6784701813752	420.8215874662504	420.821587987072
lower_task	LE:MOLT-4	magnitude_g1.00	magnitude_g0.80	0.00017387699267628012	0	1	431.2269702786099	431.15200286496537	431.1520033961174
lower_task	LE:MOLT-4	magnitude_g1.00	magnitude_g1.00	1.2286298001129452e-09	1	1	437.38834936303533	437.388348825647	437.38834936303533
lower_task	LE:MOLT-4	magnitude_g1.00	magnitude_g1.25	0.0006181677301838909	0	0	444.80760103805164	444.5328052028671	444.53280574739995
lower_task	LE:MOLT-4	magnitude_g1.00	magnitude_g2.00	0.004778757603382455	0	0	464.9644725257671	462.7530876894823	462.7530882522354
lower_task	LE:MOLT-4	magnitude_g1.00	ordinal	0.18826236586033776	0	1	277.2247806418287	233.30266833883073	233.3026686721334
lower_task	LE:MOLT-4	magnitude_g1.25	magnitude_g0.50	0.0066408626884293855	0	1	423.6162058449406	420.8215874662504	420.821587987072
lower_task	LE:MOLT-4	magnitude_g1.25	magnitude_g0.80	0.002477559911187501	0	1	432.2202077828918	431.15200286496537	431.1520033961174
lower_task	LE:MOLT-4	magnitude_g1.25	magnitude_g1.00	0.0009314430092177162	0	1	437.7957511454739	437.388348825647	437.38834936303533
lower_task	LE:MOLT-4	magnitude_g1.25	magnitude_g1.25	1.2249550951372494e-09	1	0	444.53280574739983	444.5328052028671	444.53280574739995
lower_task	LE:MOLT-4	magnitude_g1.25	magnitude_g2.00	0.0004472603715943134	0	0	462.9600588074387	462.7530876894823	462.7530882522354
lower_task	LE:MOLT-4	magnitude_g1.25	ordinal	0.2386231932825189	0	1	288.97409605917494	233.30266833883073	233.3026686721334
lower_task	LE:MOLT-4	magnitude_g2.00	magnitude_g0.50	0.007943113109670386	0	1	424.16422093448585	420.8215874662504	420.821587987072
lower_task	LE:MOLT-4	magnitude_g2.00	magnitude_g0.80	0.0033166205021639013	0	1	432.58197043721634	431.15200286496537	431.1520033961174
lower_task	LE:MOLT-4	magnitude_g2.00	magnitude_g1.00	0.001498637574480689	0	1	438.04383543983715	437.388348825647	437.38834936303533
lower_task	LE:MOLT-4	magnitude_g2.00	magnitude_g1.25	0.0002640183941253518	0	1	444.6501700402328	444.5328052028671	444.53280574739995
lower_task	LE:MOLT-4	magnitude_g2.00	magnitude_g2.00	1.216098821750978e-09	0	0	462.7530882522358	462.7530876894823	462.7530882522354
lower_task	LE:MOLT-4	magnitude_g2.00	ordinal	0.248549711541151	0	1	291.2899792562279	233.30266833883073	233.3026686721334
lower_task	LE:MOLT-4	ordinal	magnitude_g0.50	0.11578771891649353	0	0	469.5475591497852	420.8215874662504	420.821587987072
lower_task	LE:MOLT-4	ordinal	magnitude_g0.80	0.12742419434999067	0	0	486.09119947241845	431.15200286496537	431.1520033961174
lower_task	LE:MOLT-4	ordinal	magnitude_g1.00	0.13555968185122771	0	0	496.6805742378855	437.388348825647	437.38834936303533
lower_task	LE:MOLT-4	ordinal	magnitude_g1.25	0.14580622984085836	0	0	509.34845757007787	444.5328052028671	444.53280574739995
lower_task	LE:MOLT-4	ordinal	magnitude_g2.00	0.17413406031658138	0	0	543.3341617728869	462.7530876894823	462.7530882522354
lower_task	LE:MOLT-4	ordinal	ordinal	1.4286289653588662e-09	0	1	233.30266867213368	233.30266833883073	233.3026686721334
lower_task	ME:LOX IMVI	magnitude_g0.50	magnitude_g0.50	1.2398505624342093e-09	1	1	416.92576073056955	416.9257602136439	416.9257607305697
lower_task	ME:LOX IMVI	magnitude_g0.50	magnitude_g0.80	0.0005071157300683202	0	0	426.37385943108694	426.15774813351794	426.1577486596757
lower_task	ME:LOX IMVI	magnitude_g0.50	magnitude_g1.00	0.0009129925115967149	0	0	432.4962609305335	432.1017552637299	432.10175579583165
lower_task	ME:LOX IMVI	magnitude_g0.50	magnitude_g1.25	0.0017753222257185807	0	0	439.8941199005429	439.1145500801492	439.11455061926375
lower_task	ME:LOX IMVI	magnitude_g0.50	magnitude_g2.00	0.005433250808776255	0	0	460.1323903559177	457.6458854785085	457.6458860361544
lower_task	ME:LOX IMVI	magnitude_g0.50	ordinal	0.19730998182855775	0	1	278.9872045903522	233.01167519231475	233.0116755253264
lower_task	ME:LOX IMVI	magnitude_g0.80	magnitude_g0.50	0.00017199697640208386	0	1	416.9974701837848	416.9257602136439	416.9257607305697
lower_task	ME:LOX IMVI	magnitude_g0.80	magnitude_g0.80	1.234654358421082e-09	1	1	426.15774865967546	426.15774813351794	426.1577486596757
lower_task	ME:LOX IMVI	magnitude_g0.80	magnitude_g1.00	0.0	1	0	432.10175564355166	432.1017552637299	432.10175579583165
lower_task	ME:LOX IMVI	magnitude_g0.80	magnitude_g1.25	0.0004036893154144848	0	0	439.29181593225957	439.1145500801492	439.11455061926375
lower_task	ME:LOX IMVI	magnitude_g0.80	magnitude_g2.00	0.0029616799556314594	0	0	459.0012861243074	457.6458854785085	457.6458860361544
lower_task	ME:LOX IMVI	magnitude_g0.80	ordinal	0.2108317392034466	0	1	282.13793192781907	233.01167519231475	233.0116755253264
lower_task	ME:LOX IMVI	magnitude_g1.00	magnitude_g0.50	0.00017200939393442044	0	1	416.9974753609739	416.9257602136439	416.9257607305697
lower_task	ME:LOX IMVI	magnitude_g1.00	magnitude_g0.80	6.110183747103238e-09	0	1	426.1577507374201	426.15774813351794	426.1577486596757
lower_task	ME:LOX IMVI	magnitude_g1.00	magnitude_g1.00	1.2314276182409954e-09	0	0	432.10175579583193	432.1017552637299	432.10175579583165
lower_task	ME:LOX IMVI	magnitude_g1.00	magnitude_g1.25	0.00040368455907597195	0	0	439.2918138436821	439.1145500801492	439.11455061926375
lower_task	ME:LOX IMVI	magnitude_g1.00	magnitude_g2.00	0.0029616630794957696	0	0	459.00127840101334	457.6458854785085	457.6458860361544
lower_task	ME:LOX IMVI	magnitude_g1.00	ordinal	0.21083187467762188	0	1	282.1379634948836	233.01167519231475	233.0116755253264
lower_task	ME:LOX IMVI	magnitude_g1.25	magnitude_g0.50	0.002212777324292987	0	1	417.8483240817583	416.9257602136439	416.9257607305697
lower_task	ME:LOX IMVI	magnitude_g1.25	magnitude_g0.80	0.0009624203498249282	0	1	426.5678910225572	426.15774813351794	426.1577486596757
lower_task	ME:LOX IMVI	magnitude_g1.25	magnitude_g1.00	0.00031958014425777936	0	1	432.2398464050111	432.1017552637299	432.10175579583165
lower_task	ME:LOX IMVI	magnitude_g1.25	magnitude_g1.25	1.2277309499116583e-09	1	0	439.1145506192637	439.1145500801492	439.11455061926375
lower_task	ME:LOX IMVI	magnitude_g1.25	magnitude_g2.00	0.0008461282206878524	0	0	458.03311257729354	457.6458854785085	457.6458860361544
lower_task	ME:LOX IMVI	magnitude_g1.25	ordinal	0.23071174924645063	0	1	286.7702063707795	233.01167519231475	233.0116755253264
lower_task	ME:LOX IMVI	magnitude_g2.00	magnitude_g0.50	0.005608170531002559	0	1	419.2639509756899	416.9257602136439	416.9257607305697
lower_task	ME:LOX IMVI	magnitude_g2.00	magnitude_g0.80	0.0032777528276015477	0	1	427.5545878974669	426.15774813351794	426.1577486596757
lower_task	ME:LOX IMVI	magnitude_g2.00	magnitude_g1.00	0.0019849866708666775	0	1	432.9594714883865	432.1017552637299	432.10175579583165
lower_task	ME:LOX IMVI	magnitude_g2.00	magnitude_g1.25	0.0009285014205952916	0	1	439.52226856370265	439.1145500801492	439.11455061926375
lower_task	ME:LOX IMVI	magnitude_g2.00	magnitude_g2.00	1.218510158299608e-09	0	0	457.64588603615465	457.6458854785085	457.6458860361544
lower_task	ME:LOX IMVI	magnitude_g2.00	ordinal	0.253999192275451	0	1	292.19645248191244	233.01167519231475	233.0116755253264
lower_task	ME:LOX IMVI	ordinal	magnitude_g0.50	0.11736450540852707	0	0	465.8580458531924	416.9257602136439	416.9257607305697
lower_task	ME:LOX IMVI	ordinal	magnitude_g0.80	0.13352981810625958	0	0	483.0625147263598	426.15774813351794	426.1577486596757
lower_task	ME:LOX IMVI	ordinal	magnitude_g1.00	0.14346219741869573	0	0	494.09202258234006	432.1017552637299	432.10175579583165
lower_task	ME:LOX IMVI	ordinal	magnitude_g1.25	0.1552857655033471	0	0	507.302789133003	439.1145500801492	439.11455061926375
lower_task	ME:LOX IMVI	ordinal	magnitude_g2.00	0.18613872657017116	0	0	542.8315078215564	457.6458854785085	457.6458860361544
lower_task	ME:LOX IMVI	ordinal	ordinal	1.4291628386768848e-09	1	1	233.01167552532638	233.01167519231475	233.0116755253264
lower_task	ME:M14	magnitude_g0.50	magnitude_g0.50	1.2371604689537494e-09	0	1	421.6560109605857	421.65601043892957	421.6560109605856
lower_task	ME:M14	magnitude_g0.50	magnitude_g0.80	0.0006606850887207905	0	0	431.3427003507625	431.0579068193518	431.0579073504097
lower_task	ME:M14	magnitude_g0.50	magnitude_g1.00	0.001768776879910001	0	0	437.6091901355071	436.8365237919237	436.8365243287602
lower_task	ME:M14	magnitude_g0.50	magnitude_g1.25	0.0036927507359900543	0	0	445.1705771599661	443.53272137666676	443.5327219201995
lower_task	ME:M14	magnitude_g0.50	magnitude_g2.00	0.01063758600580476	0	0	465.80656971734436	460.90366731588085	460.90366787678454
lower_task	ME:M14	magnitude_g0.50	ordinal	0.14654291083959872	0	1	279.24069026025967	243.55014332239452	243.55014366594466
lower_task	ME:M14	magnitude_g0.80	magnitude_g0.50	0.0009474243969054066	0	1	422.0554976303212	421.65601043892957	421.6560109605856
lower_task	ME:M14	magnitude_g0.80	magnitude_g0.80	1.231988382319644e-09	0	0	431.0579073504101	431.0579068193518	431.0579073504097
lower_task	ME:M14	magnitude_g0.80	magnitude_g1.00	0.0001450882875662025	0	0	436.89990365510704	436.8365237919237	436.8365243287602
lower_task	ME:M14	magnitude_g0.80	magnitude_g1.25	0.0009787593059338473	0	0	443.96683315520033	443.53272137666676	443.5327219201995
lower_task	ME:M14	magnitude_g0.80	magnitude_g2.00	0.005301161925224836	0	0	463.3469922882523	460.90366731588085	460.90366787678454
lower_task	ME:M14	magnitude_g0.80	ordinal	0.17323685461550167	0	1	285.7420040927208	243.55014332239452	243.55014366594466
lower_task	ME:M14	magnitude_g1.00	magnitude_g0.50	0.002711704857004126	0	1	422.7994170904218	421.65601043892957	421.6560109605856
lower_task	ME:M14	magnitude_g1.00	magnitude_g0.80	0.0005686132175143758	0	1	431.30301204268335	431.0579068193518	431.0579073504097
lower_task	ME:M14	magnitude_g1.00	magnitude_g1.00	1.2289187173786154e-09	0	0	436.8365243287603	436.8365237919237	436.8365243287602
lower_task	ME:M14	magnitude_g1.00	magnitude_g1.25	2.8164472515482433e-05	0	0	443.5452132418077	443.53272137666676	443.5327219201995
lower_task	ME:M14	magnitude_g1.00	magnitude_g2.00	0.00242772306655035	0	0	462.02261378048127	460.90366731588085	460.90366787678454
lower_task	ME:M14	magnitude_g1.00	ordinal	0.1938713028654159	0	1	290.7675269213659	243.55014332239452	243.55014366594466
lower_task	ME:M14	magnitude_g1.25	magnitude_g0.50	0.0029820225693230813	0	1	422.9133981785492	421.65601043892957	421.6560109605856
lower_task	ME:M14	magnitude_g1.25	magnitude_g0.80	0.0007055178385317009	0	1	431.362025862053	431.0579068193518	431.0579073504097
lower_task	ME:M14	magnitude_g1.25	magnitude_g1.00	5.870494429397046e-05	0	1	436.8621682557185	436.8365237919237	436.8365243287602
lower_task	ME:M14	magnitude_g1.25	magnitude_g1.25	1.225462539893908e-09	1	1	443.5327219201995	443.53272137666676	443.5327219201995
lower_task	ME:M14	magnitude_g1.25	magnitude_g2.00	0.0021990865840993273	0	0	461.9172343872374	460.90366731588085	460.90366787678454
lower_task	ME:M14	magnitude_g1.25	ordinal	0.19539849152499295	0	1	291.13947393828624	243.55014332239452	243.55014366594466
lower_task	ME:M14	magnitude_g2.00	magnitude_g0.50	0.006866730539736211	0	1	424.5514086430739	421.65601043892957	421.6560109605856
lower_task	ME:M14	magnitude_g2.00	magnitude_g0.80	0.003009240157381697	0	1	432.3550635827095	431.0579068193518	431.0579073504097
lower_task	ME:M14	magnitude_g2.00	magnitude_g1.00	0.0014238816415058579	0	1	437.45852729849025	436.8365237919237	436.8365243287602
lower_task	ME:M14	magnitude_g2.00	magnitude_g1.25	0.0003099237818261539	0	1	443.67018271503946	443.53272137666676	443.5327219201995
lower_task	ME:M14	magnitude_g2.00	magnitude_g2.00	1.216964871952265e-09	1	0	460.9036678767844	460.90366731588085	460.90366787678454
lower_task	ME:M14	magnitude_g2.00	ordinal	0.22430962656213102	0	1	298.1807850201943	243.55014332239452	243.55014366594466
lower_task	ME:M14	ordinal	magnitude_g0.50	0.08388575835204742	0	0	457.026944638298	421.65601043892957	421.6560109605856
lower_task	ME:M14	ordinal	magnitude_g0.80	0.096252618654765	0	0	472.5483591425561	431.0579068193518	431.0579073504097
lower_task	ME:M14	ordinal	magnitude_g1.00	0.10453544149405947	0	0	482.50142266724265	436.8365237919237	436.8365243287602
lower_task	ME:M14	ordinal	magnitude_g1.25	0.11474554602278367	0	0	494.42612567000356	443.53272137666676	443.5327219201995
lower_task	ME:M14	ordinal	magnitude_g2.00	0.1423926797510103	0	0	526.5329756120573	460.90366731588085	460.90366787678454
lower_task	ME:M14	ordinal	ordinal	1.4105931737886752e-09	0	1	243.5501436659447	243.55014332239452	243.55014366594466
lower_task	ME:MDA-MB-435	magnitude_g0.50	magnitude_g0.50	1.2381978079907215e-09	0	0	419.8193700154711	419.8193694956517	419.81937001547107
lower_task	ME:MDA-MB-435	magnitude_g0.50	magnitude_g0.80	0.0002498423580586546	0	0	429.25754977729207	429.15032984692147	429.1503303760718
lower_task	ME:MDA-MB-435	magnitude_g0.50	magnitude_g1.00	0.0009758656730184934	0	0	435.3671169333133	434.94267131065027	434.94267184559294
lower_task	ME:MDA-MB-435	magnitude_g0.50	magnitude_g1.25	0.002541676150484825	0	0	442.7442821426647	441.621822488911	441.6218230305328
lower_task	ME:MDA-MB-435	magnitude_g0.50	magnitude_g2.00	0.009095691796709783	0	0	462.9135338524419	458.740967398461	458.740967957202
lower_task	ME:MDA-MB-435	magnitude_g0.50	ordinal	0.19269995094433973	0	1	275.59063814516594	231.06451704551722	231.06451737658173
lower_task	ME:MDA-MB-435	magnitude_g0.80	magnitude_g0.50	0.0007911530832023156	0	1	420.15151088421624	419.8193694956517	419.81937001547107
lower_task	ME:MDA-MB-435	magnitude_g0.80	magnitude_g0.80	1.2330180427125766e-09	1	0	429.15033037607157	429.15032984692147	429.1503303760718
lower_task	ME:MDA-MB-435	magnitude_g0.80	magnitude_g1.00	0.00010026742338206901	0	0	434.9862818916215	434.94267131065027	434.94267184559294
lower_task	ME:MDA-MB-435	magnitude_g0.80	magnitude_g1.25	0.0009550611889172149	0	0	442.04359835174904	441.621822488911	441.6218230305328
lower_task	ME:MDA-MB-435	magnitude_g0.80	magnitude_g2.00	0.005783066167182573	0	0	461.39389676652365	458.740967398461	458.740967957202
lower_task	ME:MDA-MB-435	magnitude_g0.80	ordinal	0.2138337850685881	0	1	280.47391732040546	231.06451704551722	231.06451737658173
lower_task	ME:MDA-MB-435	magnitude_g1.00	magnitude_g0.50	0.0015686505476773557	0	1	420.4779193795366	419.8193694956517	419.81937001547107
lower_task	ME:MDA-MB-435	magnitude_g1.00	magnitude_g0.80	0.000228691980839849	0	1	429.24847308593223	429.15032984692147	429.1503303760718
lower_task	ME:MDA-MB-435	magnitude_g1.00	magnitude_g1.00	1.229915489147867e-09	0	1	434.942671845593	434.94267131065027	434.94267184559294
lower_task	ME:MDA-MB-435	magnitude_g1.00	magnitude_g1.25	0.00048188658017316364	0	0	441.83463411868	441.621822488911	441.6218230305328
lower_task	ME:MDA-MB-435	magnitude_g1.00	magnitude_g2.00	0.004408015674516228	0	0	460.76310477329616	458.740967398461	458.740967957202
lower_task	ME:MDA-MB-435	magnitude_g1.00	ordinal	0.22627147867802935	0	1	283.3478269874311	231.06451704551722	231.06451737658173
lower_task	ME:MDA-MB-435	magnitude_g1.25	magnitude_g0.50	0.005170610557485542	0	1	421.99009195980284	419.8193694956517	419.81937001547107
lower_task	ME:MDA-MB-435	magnitude_g1.25	magnitude_g0.80	0.002024667985188138	0	1	430.01921678059546	429.15032984692147	429.1503303760718
lower_task	ME:MDA-MB-435	magnitude_g1.25	magnitude_g1.00	0.0007233256025725865	0	1	435.2572764804606	434.94267131065027	434.94267184559294
lower_task	ME:MDA-MB-435	magnitude_g1.25	magnitude_g1.25	1.2264388749189959e-09	0	1	441.62182303053316	441.621822488911	441.6218230305328
lower_task	ME:MDA-MB-435	magnitude_g1.25	magnitude_g2.00	0.001071553366152118	0	0	459.2325328262687	458.740967398461	458.740967957202
lower_task	ME:MDA-MB-435	magnitude_g1.25	ordinal	0.2596148603059757	0	1	291.0522993599569	231.06451704551722	231.06451737658173
lower_task	ME:MDA-MB-435	magnitude_g2.00	magnitude_g0.50	0.008255785423704332	0	1	423.28530812692264	419.8193694956517	419.81937001547107
lower_task	ME:MDA-MB-435	magnitude_g2.00	magnitude_g0.80	0.0039290520508126325	0	1	430.83648383051343	429.15032984692147	429.1503303760718
lower_task	ME:MDA-MB-435	magnitude_g2.00	magnitude_g1.00	0.001958362148154166	0	1	435.7944465747621	434.94267131065027	434.94267184559294
lower_task	ME:MDA-MB-435	magnitude_g2.00	magnitude_g1.25	0.0005122376767512156	0	1	441.84803782526535	441.621822488911	441.6218230305328
lower_task	ME:MDA-MB-435	magnitude_g2.00	magnitude_g2.00	1.2179883089704012e-09	0	0	458.74096795720214	458.740967398461	458.740967957202
lower_task	ME:MDA-MB-435	magnitude_g2.00	ordinal	0.27257834172735196	0	1	294.04769993381575	231.06451704551722	231.06451737658173
lower_task	ME:MDA-MB-435	ordinal	magnitude_g0.50	0.12115264540396373	0	0	470.681596701874	419.8193694956517	419.81937001547107
lower_task	ME:MDA-MB-435	ordinal	magnitude_g0.80	0.13607171313832736	0	0	487.5455504230703	429.15032984692147	429.1503303760718
lower_task	ME:MDA-MB-435	ordinal	magnitude_g1.00	0.14579866067992836	0	0	498.3567302602934	434.94267131065027	434.94267184559294
lower_task	ME:MDA-MB-435	ordinal	magnitude_g1.25	0.15779417708051807	0	0	511.30717454934734	441.621822488911	441.6218230305328
lower_task	ME:MDA-MB-435	ordinal	magnitude_g2.00	0.19056039153820165	0	0	546.1588257605251	458.740967398461	458.740967957202
lower_task	ME:MDA-MB-435	ordinal	ordinal	1.432779172072977e-09	1	1	231.06451737658165	231.06451704551722	231.06451737658173
lower_task	ME:SK-MEL-2	magnitude_g0.50	magnitude_g0.50	1.2373798935367135e-09	1	0	421.2654112733586	421.26541075209326	421.26541127335867
lower_task	ME:SK-MEL-2	magnitude_g0.50	magnitude_g0.80	0.0012748648207923112	0	0	431.00489981725195	430.456126444753	430.45612697520914
lower_task	ME:SK-MEL-2	magnitude_g0.50	magnitude_g1.00	0.0028261816215533336	0	0	437.30334612741507	436.07093047800447	436.0709310140754
lower_task	ME:SK-MEL-2	magnitude_g0.50	magnitude_g1.25	0.004891049451245199	0	0	444.90250317277173	442.7370543460665	442.7370548888036
lower_task	ME:SK-MEL-2	magnitude_g0.50	magnitude_g2.00	0.012131481740542096	0	0	465.6422027147988	460.0609813203748	460.0609818804358
lower_task	ME:SK-MEL-2	magnitude_g0.50	ordinal	0.19595616752931258	0	1	278.6909858093852	233.027759190476	233.02775952350373
lower_task	ME:SK-MEL-2	magnitude_g0.80	magnitude_g0.50	0.0012322015551574992	0	1	421.78449464635605	421.26541075209326	421.26541127335867
lower_task	ME:SK-MEL-2	magnitude_g0.80	magnitude_g0.80	1.2323123908755183e-09	0	0	430.45612697520943	430.456126444753	430.45612697520914
lower_task	ME:SK-MEL-2	magnitude_g0.80	magnitude_g1.00	5.268203207702599e-05	0	0	436.09390358075177	436.07093047800447	436.0709310140754
lower_task	ME:SK-MEL-2	magnitude_g0.80	magnitude_g1.25	0.0004254495886986048	0	0	442.92541664373965	442.7370543460665	442.7370548888036
lower_task	ME:SK-MEL-2	magnitude_g0.80	magnitude_g2.00	0.0036223369767765224	0	0	461.7274772245837	460.0609813203748	460.0609818804358
lower_task	ME:SK-MEL-2	magnitude_g0.80	ordinal	0.24070201630325772	0	1	289.11801068225355	233.027759190476	233.02775952350373
lower_task	ME:SK-MEL-2	magnitude_g1.00	magnitude_g0.50	0.0013679677650112038	0	1	421.8416882545163	421.26541075209326	421.26541127335867
lower_task	ME:SK-MEL-2	magnitude_g1.00	magnitude_g0.80	1.6624792489713496e-05	0	1	430.4632826885311	430.456126444753	430.45612697520914
lower_task	ME:SK-MEL-2	magnitude_g1.00	magnitude_g1.00	1.22932055096231e-09	1	0	436.0709310140754	436.07093047800447	436.0709310140754
lower_task	ME:SK-MEL-2	magnitude_g1.00	magnitude_g1.25	0.0002963551282344406	0	0	442.86826174258135	442.7370543460665	442.7370548888036
lower_task	ME:SK-MEL-2	magnitude_g1.00	magnitude_g2.00	0.0033199032390313207	0	0	461.58833926241226	460.0609813203748	460.0609818804358
lower_task	ME:SK-MEL-2	magnitude_g1.00	ordinal	0.24226120846240404	0	1	289.4813457372468	233.027759190476	233.02775952350373
lower_task	ME:SK-MEL-2	magnitude_g1.25	magnitude_g0.50	0.0038585568269350256	0	1	422.89088727870234	421.26541075209326	421.26541127335867
lower_task	ME:SK-MEL-2	magnitude_g1.25	magnitude_g0.80	0.0012741036913310252	0	1	431.0045721844123	430.456126444753	430.45612697520914
lower_task	ME:SK-MEL-2	magnitude_g1.25	magnitude_g1.00	0.000525669249252157	0	1	436.30015955664953	436.07093047800447	436.0709310140754
lower_task	ME:SK-MEL-2	magnitude_g1.25	magnitude_g1.25	1.2258679264503113e-09	0	1	442.73705488880364	442.7370543460665	442.7370548888036
lower_task	ME:SK-MEL-2	magnitude_g1.25	magnitude_g2.00	0.0010813163961626061	0	0	460.5584528027112	460.0609813203748	460.0609818804358
lower_task	ME:SK-MEL-2	magnitude_g1.25	ordinal	0.26461520799784644	0	1	294.69044815793586	233.027759190476	233.02775952350373
lower_task	ME:SK-MEL-2	magnitude_g2.00	magnitude_g0.50	0.007749428272439753	0	1	424.5299768363765	421.26541075209326	421.26541127335867
lower_task	ME:SK-MEL-2	magnitude_g2.00	magnitude_g0.80	0.0038233826924158627	0	1	432.10192494844625	430.456126444753	430.45612697520914
lower_task	ME:SK-MEL-2	magnitude_g2.00	magnitude_g1.00	0.002295736293419079	0	1	437.07203433960785	436.07093047800447	436.0709310140754
lower_task	ME:SK-MEL-2	magnitude_g2.00	magnitude_g1.25	0.0009082436313608531	0	1	443.13916745604377	442.7370543460665	442.7370548888036
lower_task	ME:SK-MEL-2	magnitude_g2.00	magnitude_g2.00	1.2173621208692719e-09	1	1	460.06098188043563	460.0609813203748	460.0609818804358
lower_task	ME:SK-MEL-2	magnitude_g2.00	ordinal	0.28938982451319717	0	1	300.4636215293114	233.027759190476	233.02775952350373
lower_task	ME:SK-MEL-2	ordinal	magnitude_g0.50	0.10575101143534217	0	0	465.814654021852	421.26541075209326	421.26541127335867
lower_task	ME:SK-MEL-2	ordinal	magnitude_g0.80	0.12093213548133168	0	0	482.5121050467391	430.456126444753	430.45612697520914
lower_task	ME:SK-MEL-2	ordinal	magnitude_g1.00	0.13106195922661823	0	0	493.22324098822617	436.07093047800447	436.0709310140754
lower_task	ME:SK-MEL-2	ordinal	magnitude_g1.25	0.1430285903080471	0	0	506.0611111063216	442.7370543460665	442.7370548888036
lower_task	ME:SK-MEL-2	ordinal	magnitude_g2.00	0.17516905885761538	0	0	540.6494304353758	460.0609813203748	460.0609818804358
lower_task	ME:SK-MEL-2	ordinal	ordinal	1.4291331066541196e-09	1	0	233.02775952350368	233.027759190476	233.02775952350373
lower_task	ME:SK-MEL-28	magnitude_g0.50	magnitude_g0.50	1.2391537249161683e-09	1	1	418.1394648462407	418.1394643281016	418.1394648462411
lower_task	ME:SK-MEL-28	magnitude_g0.50	magnitude_g0.80	5.863014709298986e-05	0	0	427.4526807852457	427.42762064097593	427.42762116840356
lower_task	ME:SK-MEL-28	magnitude_g0.50	magnitude_g1.00	0.0007057803674214937	0	0	433.50538853050875	433.1996447260871	433.1996452592868
lower_task	ME:SK-MEL-28	magnitude_g0.50	magnitude_g1.25	0.002204963389413697	0	0	440.83242695116144	439.86254614054724	439.8625466804098
lower_task	ME:SK-MEL-28	magnitude_g0.50	magnitude_g2.00	0.006229170639798515	0	0	460.92205998519046	458.0686720621693	458.068672620238
lower_task	ME:SK-MEL-28	magnitude_g0.50	ordinal	0.141924996627242	0	1	287.5105015584262	251.77704525919762	251.77704561097465
lower_task	ME:SK-MEL-28	magnitude_g0.80	magnitude_g0.50	0.0002560783133997606	0	1	418.24654077689263	418.1394643281016	418.1394648462411
lower_task	ME:SK-MEL-28	magnitude_g0.80	magnitude_g0.80	1.2339574966662491e-09	1	1	427.42762116840345	427.42762064097593	427.42762116840356
lower_task	ME:SK-MEL-28	magnitude_g0.80	magnitude_g1.00	0.0004608660563376325	0	0	433.3992917379589	433.1996447260871	433.1996452592868
lower_task	ME:SK-MEL-28	magnitude_g0.80	magnitude_g1.25	0.0017513547582226768	0	0	440.6329015036944	439.86254614054724	439.8625466804098
lower_task	ME:SK-MEL-28	magnitude_g0.80	magnitude_g2.00	0.005287262002097265	0	0	460.49060114631476	458.0686720621693	458.068672620238
lower_task	ME:SK-MEL-28	magnitude_g0.80	ordinal	0.14540918057091134	0	1	288.3877390969028	251.77704525919762	251.77704561097465
lower_task	ME:SK-MEL-28	magnitude_g1.00	magnitude_g0.50	0.0028757027018319046	0	1	419.3419091154125	418.1394643281016	418.1394648462411
lower_task	ME:SK-MEL-28	magnitude_g1.00	magnitude_g0.80	0.0006862008765495337	0	1	427.72092184892125	427.42762064097593	427.42762116840356
lower_task	ME:SK-MEL-28	magnitude_g1.00	magnitude_g1.00	1.230840402083189e-09	1	1	433.19964525928674	433.1996447260871	433.1996452592868
lower_task	ME:SK-MEL-28	magnitude_g1.00	magnitude_g1.25	2.678725489376625e-06	0	1	439.8637244115614	439.86254614054724	439.8625466804098
lower_task	ME:SK-MEL-28	magnitude_g1.00	magnitude_g2.00	0.0005048494460921425	0	0	458.29992777753205	458.0686720621693	458.068672620238
lower_task	ME:SK-MEL-28	magnitude_g1.00	ordinal	0.1708817944978718	0	1	294.8011585664612	251.77704525919762	251.77704561097465
lower_task	ME:SK-MEL-28	magnitude_g1.25	magnitude_g0.50	0.002896941611026836	0	1	419.35078994152616	418.1394643281016	418.1394648462411
lower_task	ME:SK-MEL-28	magnitude_g1.25	magnitude_g0.80	0.0006966861279283678	0	1	427.7254035349699	427.42762064097593	427.42762116840356
lower_task	ME:SK-MEL-28	magnitude_g1.25	magnitude_g1.00	4.2311141587185354e-06	0	0	433.20147764323747	433.1996447260871	433.1996452592868
lower_task	ME:SK-MEL-28	magnitude_g1.25	magnitude_g1.25	1.2273435738781968e-09	1	0	439.8625466804097	439.86254614054724	439.8625466804098
lower_task	ME:SK-MEL-28	magnitude_g1.25	magnitude_g2.00	0.0004863789091487546	0	0	458.2914670032021	458.0686720621693	458.068672620238
lower_task	ME:SK-MEL-28	magnitude_g1.25	ordinal	0.1710340626347802	0	1	294.8394961880591	251.77704525919762	251.77704561097465
lower_task	ME:SK-MEL-28	magnitude_g2.00	magnitude_g0.50	0.007725942977235325	0	1	421.36998598603225	418.1394643281016	418.1394648462411
lower_task	ME:SK-MEL-28	magnitude_g2.00	magnitude_g0.80	0.004078310238864455	0	1	429.1708030826095	427.42762064097593	427.42762116840356
lower_task	ME:SK-MEL-28	magnitude_g2.00	magnitude_g1.00	0.00254739199375955	0	1	434.30317403276183	433.1996447260871	433.1996452592868
lower_task	ME:SK-MEL-28	magnitude_g2.00	magnitude_g1.25	0.0016202927867367063	0	1	440.5752522512144	439.86254614054724	439.8625466804098
lower_task	ME:SK-MEL-28	magnitude_g2.00	magnitude_g2.00	1.2183082626233154e-09	0	1	458.06867262023815	458.0686720621693	458.068672620238
lower_task	ME:SK-MEL-28	magnitude_g2.00	ordinal	0.19340915694834693	0	1	300.4730313217248	251.77704525919762	251.77704561097465
lower_task	ME:SK-MEL-28	ordinal	magnitude_g0.50	0.11492857053918008	0	0	466.1956352493488	418.1394643281016	418.1394648462411
lower_task	ME:SK-MEL-28	ordinal	magnitude_g0.80	0.129797571108332	0	0	482.90668762478816	427.42762064097593	427.42762116840356
lower_task	ME:SK-MEL-28	ordinal	magnitude_g1.00	0.13945012819173375	0	0	493.6093907157535	433.1996447260871	433.1996452592868
lower_task	ME:SK-MEL-28	ordinal	magnitude_g1.25	0.15130850792842815	0	0	506.4174916906728	439.86254614054724	439.8625466804098
lower_task	ME:SK-MEL-28	ordinal	magnitude_g2.00	0.18062855331239994	0	0	540.8089536144911	458.0686720621693	458.068672620238
lower_task	ME:SK-MEL-28	ordinal	ordinal	1.3971774216371917e-09	0	1	251.77704561097482	251.77704525919762	251.77704561097465
lower_task	ME:SK-MEL-5	magnitude_g0.50	magnitude_g0.50	1.2403118859073343e-09	1	1	416.12554067357394	416.1255401574485	416.12554067357405
lower_task	ME:SK-MEL-5	magnitude_g0.50	magnitude_g0.80	0.00043786084453309963	0	0	425.7588581537933	425.5725166122594	425.57251713783194
lower_task	ME:SK-MEL-5	magnitude_g0.50	magnitude_g1.00	0.0011656272691212824	0	0	431.99068690569555	431.4877330377754	431.4877335692631
lower_task	ME:SK-MEL-5	magnitude_g0.50	magnitude_g1.25	0.001987166972755863	0	0	439.511217583483	438.63956752195946	438.63956806059906
lower_task	ME:SK-MEL-5	magnitude_g0.50	magnitude_g2.00	0.004924771218084597	0	0	460.04415273337685	457.7896434732625	457.7896440310522
lower_task	ME:SK-MEL-5	magnitude_g0.50	ordinal	0.1597445536795759	0	1	279.38088326888044	240.89863787889809	240.8986382197967
lower_task	ME:SK-MEL-5	magnitude_g0.80	magnitude_g0.50	0.000780008132969503	0	1	416.4501214631076	416.1255401574485	416.12554067357405
lower_task	ME:SK-MEL-5	magnitude_g0.80	magnitude_g0.80	1.2349772469754182e-09	1	1	425.57251713783177	425.5725166122594	425.57251713783194
lower_task	ME:SK-MEL-5	magnitude_g0.80	magnitude_g1.00	1.166182806990729e-09	1	0	431.487733540969	431.4877330377754	431.4877335692631
lower_task	ME:SK-MEL-5	magnitude_g0.80	magnitude_g1.25	1.087709300574998e-09	1	0	438.6395679990718	438.63956752195946	438.63956806059906
lower_task	ME:SK-MEL-5	magnitude_g0.80	magnitude_g2.00	0.0009718730506906356	0	0	458.23455689063945	457.7896434732625	457.7896440310522
lower_task	ME:SK-MEL-5	magnitude_g0.80	ordinal	0.18298612477291246	0	1	284.9797460874308	240.89863787889809	240.8986382197967
lower_task	ME:SK-MEL-5	magnitude_g1.00	magnitude_g0.50	0.0007800082098010787	0	1	416.4501214950792	416.1255401574485	416.12554067357405
lower_task	ME:SK-MEL-5	magnitude_g1.00	magnitude_g0.80	1.3047623924733162e-09	0	1	425.5725171675304	425.5725166122594	425.57251713783194
lower_task	ME:SK-MEL-5	magnitude_g1.00	magnitude_g1.00	1.2317558930875862e-09	1	1	431.48773356926296	431.4877330377754	431.4877335692631
lower_task	ME:SK-MEL-5	magnitude_g1.00	magnitude_g1.25	1.1484779350909561e-09	1	0	438.6395680257273	438.63956752195946	438.63956806059906
lower_task	ME:SK-MEL-5	magnitude_g1.00	magnitude_g2.00	0.0009718730996238935	0	0	458.2345569130406	457.7896434732625	457.7896440310522
lower_task	ME:SK-MEL-5	magnitude_g1.00	ordinal	0.18298612519344026	0	1	284.97974618873536	240.89863787889809	240.8986382197967
lower_task	ME:SK-MEL-5	magnitude_g1.25	magnitude_g0.50	0.0007800083350490461	0	1	416.4501215471981	416.1255401574485	416.12554067357405
lower_task	ME:SK-MEL-5	magnitude_g1.25	magnitude_g0.80	1.4093225697450186e-09	0	1	425.57251721202834	425.5725166122594	425.57251713783194
lower_task	ME:SK-MEL-5	magnitude_g1.25	magnitude_g1.00	1.324390377508199e-09	0	1	431.4877336092336	431.4877330377754	431.4877335692631
lower_task	ME:SK-MEL-5	magnitude_g1.25	magnitude_g1.25	1.2279793611250752e-09	0	0	438.6395680605998	438.63956752195946	438.63956806059906
lower_task	ME:SK-MEL-5	magnitude_g1.25	magnitude_g2.00	0.0009718731490211721	0	0	458.23455693565415	457.7896434732625	457.7896440310522
lower_task	ME:SK-MEL-5	magnitude_g1.25	ordinal	0.1829861258923908	0	1	284.9797463571116	240.89863787889809	240.8986382197967
lower_task	ME:SK-MEL-5	magnitude_g2.00	magnitude_g0.50	0.008115633279299948	0	1	419.50266243951694	416.1255401574485	416.12554067357405
lower_task	ME:SK-MEL-5	magnitude_g2.00	magnitude_g0.80	0.005194172963080603	0	1	427.78301387187696	425.5725166122594	425.57251713783194
lower_task	ME:SK-MEL-5	magnitude_g2.00	magnitude_g1.00	0.003916640258536743	0	1	433.1777152640559	431.4877330377754	431.4877335692631
lower_task	ME:SK-MEL-5	magnitude_g2.00	magnitude_g1.25	0.002473988116209013	0	1	439.72475659930785	438.63956752195946	438.63956806059906
lower_task	ME:SK-MEL-5	magnitude_g2.00	magnitude_g2.00	1.2184409173541393e-09	1	1	457.78964403105215	457.7896434732625	457.7896440310522
lower_task	ME:SK-MEL-5	magnitude_g2.00	ordinal	0.2258451975867874	0	1	295.30443834904577	240.89863787889809	240.8986382197967
lower_task	ME:SK-MEL-5	ordinal	magnitude_g0.50	0.10451696128136713	0	0	459.6177171262725	416.1255401574485	416.12554067357405
lower_task	ME:SK-MEL-5	ordinal	magnitude_g0.80	0.11956254604090778	0	0	476.45505022345765	425.5725166122594	425.57251713783194
lower_task	ME:SK-MEL-5	ordinal	magnitude_g1.00	0.1292048276206763	0	0	487.2380312053576	431.4877330377754	431.4877335692631
lower_task	ME:SK-MEL-5	ordinal	magnitude_g1.25	0.14021323282294795	0	0	500.14263932827316	438.63956752195946	438.63956806059906
lower_task	ME:SK-MEL-5	ordinal	magnitude_g2.00	0.16820834944568627	0	0	534.7936837952292	457.7896434732625	457.7896440310522
lower_task	ME:SK-MEL-5	ordinal	ordinal	1.4151119360590864e-09	1	1	240.89863821979662	240.89863787889809	240.8986382197967
lower_task	ME:UACC-257	magnitude_g0.50	magnitude_g0.50	1.239266911826726e-09	1	1	417.9430279793001	417.94302746135713	417.94302797930015
lower_task	ME:UACC-257	magnitude_g0.50	magnitude_g0.80	0.0006572758184078891	0	0	428.4387632575383	428.15734578767837	428.15734631583575
lower_task	ME:UACC-257	magnitude_g0.50	magnitude_g1.00	0.0016537225003218133	0	0	435.19818834895716	434.47967952699076	434.47968006147045
lower_task	ME:UACC-257	magnitude_g0.50	magnitude_g1.25	0.0039201338555723405	0	0	443.3224766575453	441.5913793410615	441.5913798826529
lower_task	ME:UACC-257	magnitude_g0.50	magnitude_g2.00	0.011043842707551389	0	0	465.30138057041876	460.21879657004064	460.2187971302595
lower_task	ME:UACC-257	magnitude_g0.50	ordinal	0.14100790909690739	0	1	275.0761946649901	241.08175979490736	241.0817601359891
lower_task	ME:UACC-257	magnitude_g0.80	magnitude_g0.50	0.000539723385653314	0	1	418.1686010871488	417.94302746135713	417.94302797930015
lower_task	ME:UACC-257	magnitude_g0.80	magnitude_g0.80	1.2335588254636559e-09	1	0	428.15734631583564	428.15734578767837	428.15734631583575
lower_task	ME:UACC-257	magnitude_g0.80	magnitude_g1.00	0.0002811401367031852	0	0	434.60182920348774	434.47967952699076	434.47968006147045
lower_task	ME:UACC-257	magnitude_g0.80	magnitude_g1.25	0.0017382135491963483	0	0	442.35895945984043	441.5913793410615	441.5913798826529
lower_task	ME:UACC-257	magnitude_g0.80	magnitude_g2.00	0.006922907720780196	0	0	463.40484883006354	460.21879657004064	460.2187971302595
lower_task	ME:UACC-257	magnitude_g0.80	ordinal	0.1602791330439249	0	1	279.72213524753886	241.08175979490736	241.0817601359891
lower_task	ME:UACC-257	magnitude_g1.00	magnitude_g0.50	0.0026228640954179495	0	1	419.0392352220158	417.94302746135713	417.94302797930015
lower_task	ME:UACC-257	magnitude_g1.00	magnitude_g0.80	0.0006001727794172864	0	1	428.4143141719277	428.15734578767837	428.15734631583575
lower_task	ME:UACC-257	magnitude_g1.00	magnitude_g1.00	1.2301602357669213e-09	1	1	434.4796800614704	434.47967952699076	434.47968006147045
lower_task	ME:UACC-257	magnitude_g1.00	magnitude_g1.25	0.0004655758107566811	0	0	441.7969736055214	441.5913793410615	441.5913798826529
lower_task	ME:UACC-257	magnitude_g1.00	magnitude_g2.00	0.0032991599377879665	0	0	461.7371319863015	460.21879657004064	460.2187971302595
lower_task	ME:UACC-257	magnitude_g1.00	ordinal	0.18478589211064955	0	1	285.63026785021464	241.08175979490736	241.0817601359891
lower_task	ME:UACC-257	magnitude_g1.25	magnitude_g0.50	0.005082662628661503	0	1	420.0672908679446	417.94302746135713	417.94302797930015
lower_task	ME:UACC-257	magnitude_g1.25	magnitude_g0.80	0.001768570521428261	0	1	428.9145722479714	428.15734578767837	428.15734631583575
lower_task	ME:UACC-257	magnitude_g1.25	magnitude_g1.00	0.0003999201880181139	0	1	434.65343672211725	434.47967952699076	434.47968006147045
lower_task	ME:UACC-257	magnitude_g1.25	magnitude_g1.25	1.226453656745092e-09	1	1	441.59137988265286	441.5913793410615	441.5913798826529
lower_task	ME:UACC-257	magnitude_g1.25	magnitude_g2.00	0.0007712871487905841	0	0	460.573757413467	460.21879657004064	460.2187971302595
lower_task	ME:UACC-257	magnitude_g1.25	ordinal	0.20589590536469854	0	1	290.7195069947946	241.08175979490736	241.0817601359891
lower_task	ME:UACC-257	magnitude_g2.00	magnitude_g0.50	0.006660909280807098	0	1	420.7269080518231	417.94302746135713	417.94302797930015
lower_task	ME:UACC-257	magnitude_g2.00	magnitude_g0.80	0.002743324292509598	0	1	429.33192023539414	428.15734578767837	428.15734631583575
lower_task	ME:UACC-257	magnitude_g2.00	magnitude_g1.00	0.0010143911607954593	0	1	434.9204118734482	434.47967952699076	434.47968006147045
lower_task	ME:UACC-257	magnitude_g2.00	magnitude_g1.25	0.00020756783144520508	0	1	441.6830395060562	441.5913793410615	441.5913798826529
lower_task	ME:UACC-257	magnitude_g2.00	magnitude_g2.00	1.217288039578243e-09	1	0	460.2187971302595	460.21879657004064	460.2187971302595
lower_task	ME:UACC-257	magnitude_g2.00	ordinal	0.21764605991684643	0	1	293.55225493208854	241.08175979490736	241.0817601359891
lower_task	ME:UACC-257	ordinal	magnitude_g0.50	0.12049534719805424	0	0	468.3032176643193	417.94302746135713	417.94302797930015
lower_task	ME:UACC-257	ordinal	magnitude_g0.80	0.13488348595896427	0	0	485.9087011264581	428.15734578767837	428.15734631583575
lower_task	ME:UACC-257	ordinal	magnitude_g1.00	0.14429509392623685	0	0	497.1729656933792	434.47967952699076	434.47968006147045
lower_task	ME:UACC-257	ordinal	magnitude_g1.25	0.15636300685320204	0	0	510.63993521528283	441.5913793410615	441.5913798826529
lower_task	ME:UACC-257	ordinal	magnitude_g2.00	0.18791981582780132	0	0	546.703028061975	460.21879657004064	460.2187971302595
lower_task	ME:UACC-257	ordinal	ordinal	1.4147981526642728e-09	0	0	241.08176013598938	241.08175979490736	241.0817601359891
lower_task	ME:UACC-62	magnitude_g0.50	magnitude_g0.50	1.2388325539857174e-09	1	1	418.7028610701234	418.70286055142066	418.70286107012356
lower_task	ME:UACC-62	magnitude_g0.50	magnitude_g0.80	0.0009025687874980419	0	0	427.71613893332784	427.3304438127947	427.3304443401252
lower_task	ME:UACC-62	magnitude_g0.50	magnitude_g1.00	0.001859483081864434	0	0	433.6050927918007	432.800307941358	432.8003084741584
lower_task	ME:UACC-62	magnitude_g0.50	magnitude_g1.25	0.0031778005325066995	0	0	440.76793801526287	439.371702385454	439.37170292482574
lower_task	ME:UACC-62	magnitude_g0.50	magnitude_g2.00	0.007129307915428832	0	0	460.6142139528939	457.3535993171324	457.35359987448606
lower_task	ME:UACC-62	magnitude_g0.50	ordinal	0.25240424159409114	0	1	271.9499847487446	217.14233768691165	217.14233800405398
lower_task	ME:UACC-62	magnitude_g0.80	magnitude_g0.50	0.0006391115458483308	0	1	418.9704583838788	418.70286055142066	418.70286107012356
lower_task	ME:UACC-62	magnitude_g0.80	magnitude_g0.80	1.2340106401520767e-09	1	1	427.33044434012504	427.3304438127947	427.3304443401252
lower_task	ME:UACC-62	magnitude_g0.80	magnitude_g1.00	3.8381532422247014e-05	0	0	432.81691948040964	432.800307941358	432.8003084741584
lower_task	ME:UACC-62	magnitude_g0.80	magnitude_g1.25	0.0003220120487120034	0	0	439.5131853674852	439.371702385454	439.37170292482574
lower_task	ME:UACC-62	magnitude_g0.80	magnitude_g2.00	0.0018111699371567026	0	0	458.181944406866	457.3535993171324	457.35359987448606
lower_task	ME:UACC-62	magnitude_g0.80	ordinal	0.28349449785676856	0	1	278.70099567290754	217.14233768691165	217.14233800405398
lower_task	ME:UACC-62	magnitude_g1.00	magnitude_g0.50	0.0007259894866172181	0	1	419.00683442619754	418.70286055142066	418.70286107012356
lower_task	ME:UACC-62	magnitude_g1.00	magnitude_g0.80	6.4678379606363e-06	0	1	427.33320771686095	427.3304438127947	427.3304443401252
lower_task	ME:UACC-62	magnitude_g1.00	magnitude_g1.00	1.2310547347989286e-09	0	0	432.8003084741589	432.800307941358	432.8003084741584
lower_task	ME:UACC-62	magnitude_g1.00	magnitude_g1.25	0.00023603311618383138	0	0	439.47540865753103	439.371702385454	439.37170292482574
lower_task	ME:UACC-62	magnitude_g1.00	magnitude_g2.00	0.0016258584751581173	0	0	458.09719154272625	457.3535993171324	457.35359987448606
lower_task	ME:UACC-62	magnitude_g1.00	ordinal	0.28421566056648734	0	1	278.8575906295485	217.14233768691165	217.14233800405398
lower_task	ME:UACC-62	magnitude_g1.25	magnitude_g0.50	0.0013152032403716458	0	1	419.25353991037076	418.70286055142066	418.70286107012356
lower_task	ME:UACC-62	magnitude_g1.25	magnitude_g0.80	0.000234148674985323	0	1	427.4305026699944	427.3304438127947	427.3304443401252
lower_task	ME:UACC-62	magnitude_g1.25	magnitude_g1.00	1.0467056122617011e-05	0	1	432.80483808647114	432.800307941358	432.8003084741584
lower_task	ME:UACC-62	magnitude_g1.25	magnitude_g1.25	1.2275983287170594e-09	0	0	439.37170292482597	439.371702385454	439.37170292482574
lower_task	ME:UACC-62	magnitude_g1.25	magnitude_g2.00	0.0007943075812030041	0	0	457.7168787483605	457.3535993171324	457.35359987448606
lower_task	ME:UACC-62	magnitude_g1.25	ordinal	0.29317782305328827	0	1	280.8036555426624	217.14233768691165	217.14233800405398
lower_task	ME:UACC-62	magnitude_g2.00	magnitude_g0.50	0.007252221809576019	0	1	421.73938656844354	418.70286055142066	418.70286107012356
lower_task	ME:UACC-62	magnitude_g2.00	magnitude_g0.80	0.004509873693456689	0	1	429.2576501397592	427.3304438127947	427.3304443401252
lower_task	ME:UACC-62	magnitude_g2.00	magnitude_g1.00	0.0032702454944993956	0	1	434.2156711984212	432.800307941358	432.8003084741584
lower_task	ME:UACC-62	magnitude_g2.00	magnitude_g1.25	0.0020911071889869004	0	1	440.29047571094964	439.371702385454	439.37170292482574
lower_task	ME:UACC-62	magnitude_g2.00	magnitude_g2.00	1.2186496738815588e-09	0	0	457.35359987448624	457.3535993171324	457.35359987448606
lower_task	ME:UACC-62	magnitude_g2.00	ordinal	0.3395183778870021	0	1	290.86615194896353	217.14233768691165	217.14233800405398
lower_task	ME:UACC-62	ordinal	magnitude_g0.50	0.13251598292350963	0	0	474.18768167027736	418.70286055142066	418.70286107012356
lower_task	ME:UACC-62	ordinal	magnitude_g0.80	0.15169917089339555	0	0	492.15611783670244	427.3304438127947	427.3304443401252
lower_task	ME:UACC-62	ordinal	magnitude_g1.00	0.16379574903449398	0	0	503.6911585629724	432.800307941358	432.8003084741584
lower_task	ME:UACC-62	ordinal	magnitude_g1.25	0.17787528696089913	0	0	517.5250700297654	439.371702385454	439.37170292482574
lower_task	ME:UACC-62	ordinal	magnitude_g2.00	0.21316134372528422	0	0	554.8437071051676	457.3535993171324	457.35359987448606
lower_task	ME:UACC-62	ordinal	ordinal	1.4605280700549093e-09	0	1	217.14233800405412	217.14233768691165	217.14233800405398
lower_task	OV:IGROV1	magnitude_g0.50	magnitude_g0.50	1.2455864427462009e-09	0	0	407.1901426662775	407.190142159087	407.19014266627715
lower_task	OV:IGROV1	magnitude_g0.50	magnitude_g0.80	0.0013427071784403815	0	0	418.1466868808159	417.58599117285195	417.58599169043794
lower_task	OV:IGROV1	magnitude_g0.50	magnitude_g1.00	0.002877849709101175	0	0	425.234789069477	424.0145389518996	424.0145394759142
lower_task	OV:IGROV1	magnitude_g0.50	magnitude_g1.25	0.004732164241857013	0	0	433.78954595664123	431.7464508404255	431.746451372172
lower_task	OV:IGROV1	magnitude_g0.50	magnitude_g2.00	0.011392127404333804	0	0	457.1447239394179	451.99553323857424	451.9955337905698
lower_task	OV:IGROV1	magnitude_g0.50	ordinal	0.21476254249561758	0	1	247.35577392065792	203.624795190415	203.6247954940398
lower_task	OV:IGROV1	magnitude_g0.80	magnitude_g0.50	0.0012266873302019686	0	1	407.68963714745666	407.190142159087	407.19014266627715
lower_task	OV:IGROV1	magnitude_g0.80	magnitude_g0.80	1.2394721724525787e-09	0	0	417.58599169043816	417.58599117285195	417.58599169043794
lower_task	OV:IGROV1	magnitude_g0.80	magnitude_g1.00	9.194040864453494e-06	0	0	424.01843735889787	424.0145389518996	424.0145394759142
lower_task	OV:IGROV1	magnitude_g0.80	magnitude_g1.25	0.00015097421688028774	0	0	431.811633422732	431.7464508404255	431.746451372172
lower_task	OV:IGROV1	magnitude_g0.80	magnitude_g2.00	0.002768262801752242	0	0	453.24677565979675	451.99553323857424	451.9955337905698
lower_task	OV:IGROV1	magnitude_g0.80	ordinal	0.26594793048378634	0	1	257.7783880664907	203.624795190415	203.6247954940398
lower_task	OV:IGROV1	magnitude_g1.00	magnitude_g0.50	0.001250202584078132	0	1	407.6992123270254	407.190142159087	407.19014266627715
lower_task	OV:IGROV1	magnitude_g1.00	magnitude_g0.80	3.2017939853917964e-06	0	1	417.58732819716687	417.58599117285195	417.58599169043794
lower_task	OV:IGROV1	magnitude_g1.00	magnitude_g1.00	1.235841202990427e-09	0	0	424.01453947591426	424.0145389518996	424.0145394759142
lower_task	OV:IGROV1	magnitude_g1.00	magnitude_g1.25	0.00012752518134215868	0	0	431.80150938486275	431.7464508404255	431.746451372172
lower_task	OV:IGROV1	magnitude_g1.00	magnitude_g2.00	0.0027092690209237205	0	0	453.2201107343734	451.99553323857424	451.9955337905698
lower_task	OV:IGROV1	magnitude_g1.00	ordinal	0.2665239517156255	0	1	257.8956802718493	203.624795190415	203.6247954940398
lower_task	OV:IGROV1	magnitude_g1.25	magnitude_g0.50	0.0025381764608130987	0	1	408.2236625929903	407.190142159087	407.19014266627715
lower_task	OV:IGROV1	magnitude_g1.25	magnitude_g0.80	0.0006387867166118013	0	1	417.85273955705634	417.58599117285195	417.58599169043794
lower_task	OV:IGROV1	magnitude_g1.25	magnitude_g1.00	0.0002679095422570024	0	1	424.12813649294054	424.0145389518996	424.0145394759142
lower_task	OV:IGROV1	magnitude_g1.25	magnitude_g1.25	1.2316173574992741e-09	1	1	431.7464513721719	431.7464508404255	431.746451372172
lower_task	OV:IGROV1	magnitude_g1.25	magnitude_g2.00	0.0017236776942711597	0	0	452.77462785712777	451.99553323857424	451.9955337905698
lower_task	OV:IGROV1	magnitude_g1.25	ordinal	0.27586982929659987	0	1	259.7987326801499	203.624795190415	203.6247954940398
lower_task	OV:IGROV1	magnitude_g2.00	magnitude_g0.50	0.0077735006554854645	0	1	410.35543499606786	407.190142159087	407.19014266627715
lower_task	OV:IGROV1	magnitude_g2.00	magnitude_g0.80	0.004098907213764781	0	1	419.29763740443747	417.58599117285195	417.58599169043794
lower_task	OV:IGROV1	magnitude_g2.00	magnitude_g1.00	0.002663764884348706	0	1	425.144013991213	424.0145389518996	424.0145394759142
lower_task	OV:IGROV1	magnitude_g2.00	magnitude_g1.25	0.0011885634717902506	0	1	432.2596089009695	431.7464508404255	431.746451372172
lower_task	OV:IGROV1	magnitude_g2.00	magnitude_g2.00	1.2212401036763743e-09	1	1	451.9955337905693	451.99553323857424	451.9955337905698
lower_task	OV:IGROV1	magnitude_g2.00	ordinal	0.32480428779963344	0	1	269.76300177058397	203.624795190415	203.6247954940398
lower_task	OV:IGROV1	ordinal	magnitude_g0.50	0.13009892006652046	0	0	460.16513991571713	407.190142159087	407.19014266627715
lower_task	OV:IGROV1	ordinal	magnitude_g0.80	0.14517626580207596	0	0	478.20956602258525	417.58599117285195	417.58599169043794
lower_task	OV:IGROV1	ordinal	magnitude_g1.00	0.15521745412670102	0	0	489.8289962007204	424.0145389518996	424.0145394759142
lower_task	OV:IGROV1	ordinal	magnitude_g1.25	0.16688640412583775	0	0	503.7990635152769	431.7464508404255	431.746451372172
lower_task	OV:IGROV1	ordinal	magnitude_g2.00	0.19835357978122287	0	0	541.6504653015681	451.99553323857424	451.9955337905698
lower_task	OV:IGROV1	ordinal	ordinal	1.491099778523402e-09	0	1	203.6247954940399	203.624795190415	203.6247954940398
lower_task	OV:NCI/ADR-RES	magnitude_g0.50	magnitude_g0.50	1.2380113468748998e-09	1	1	420.1480815716027	420.1480810514546	420.1480815716027
lower_task	OV:NCI/ADR-RES	magnitude_g0.50	magnitude_g0.80	0.0003350118072879718	0	0	429.41890053548525	429.27508831232603	429.27508884160113
lower_task	OV:NCI/ADR-RES	magnitude_g0.50	magnitude_g1.00	0.001060450801551872	0	0	435.429106323965	434.9678443248015	434.96784485976934
lower_task	OV:NCI/ADR-RES	magnitude_g0.50	magnitude_g1.25	0.0019250107659764103	0	0	442.69403975168785	441.84348628371515	441.84348682555867
lower_task	OV:NCI/ADR-RES	magnitude_g0.50	magnitude_g2.00	0.005841632917607207	0	0	462.57897562965195	459.8924527391717	459.8924532990642
lower_task	OV:NCI/ADR-RES	magnitude_g0.50	ordinal	0.2379095526795143	0	1	280.18339909478505	226.33592130242045	226.33592162875635
lower_task	OV:NCI/ADR-RES	magnitude_g0.80	magnitude_g0.50	0.0008527240834062989	0	1	420.5063514387641	420.1480810514546	420.1480815716027
lower_task	OV:NCI/ADR-RES	magnitude_g0.80	magnitude_g0.80	1.2329519405459898e-09	0	1	429.2750888416016	429.27508831232603	429.27508884160113
lower_task	OV:NCI/ADR-RES	magnitude_g0.80	magnitude_g1.00	2.6117636796939924e-05	0	0	434.9792046569779	434.9678443248015	434.96784485976934
lower_task	OV:NCI/ADR-RES	magnitude_g0.80	magnitude_g1.25	0.00011189954470562242	0	0	441.89292836866144	441.84348628371515	441.84348682555867
lower_task	OV:NCI/ADR-RES	magnitude_g0.80	magnitude_g2.00	0.002221561105124066	0	0	460.91413192471714	459.8924527391717	459.8924532990642
lower_task	OV:NCI/ADR-RES	magnitude_g0.80	ordinal	0.2602706195793518	0	1	285.2445117728648	226.33592130242045	226.33592162875635
lower_task	OV:NCI/ADR-RES	magnitude_g1.00	magnitude_g0.50	0.0010596438458060683	0	1	420.593288379868	420.1480810514546	420.1480815716027
lower_task	OV:NCI/ADR-RES	magnitude_g1.00	magnitude_g0.80	5.6555442818582004e-05	0	1	429.2993661550365	429.27508831232603	429.27508884160113
lower_task	OV:NCI/ADR-RES	magnitude_g1.00	magnitude_g1.00	1.229901026846091e-09	1	1	434.9678448597689	434.9678443248015	434.96784485976934
lower_task	OV:NCI/ADR-RES	magnitude_g1.00	magnitude_g1.25	1.7419501503947798e-09	0	1	441.8434870533845	441.84348628371515	441.84348682555867
lower_task	OV:NCI/ADR-RES	magnitude_g1.00	magnitude_g2.00	0.0019470025606352077	0	0	460.78786452227166	459.8924527391717	459.8924532990642
lower_task	OV:NCI/ADR-RES	magnitude_g1.00	ordinal	0.2566770849149892	0	1	284.43116579387413	226.33592130242045	226.33592162875635
lower_task	OV:NCI/ADR-RES	magnitude_g1.25	magnitude_g0.50	0.0010596439832234118	0	1	420.59328843760363	420.1480810514546	420.1480815716027
lower_task	OV:NCI/ADR-RES	magnitude_g1.25	magnitude_g0.80	5.6555244263445153e-05	0	1	429.29936606980175	429.27508831232603	429.27508884160113
lower_task	OV:NCI/ADR-RES	magnitude_g1.25	magnitude_g1.00	0.0	1	0	434.9678447017619	434.9678443248015	434.96784485976934
lower_task	OV:NCI/ADR-RES	magnitude_g1.25	magnitude_g1.25	1.2263245610869854e-09	1	1	441.84348682555867	441.84348628371515	441.84348682555867
lower_task	OV:NCI/ADR-RES	magnitude_g1.25	magnitude_g2.00	0.0019470018339960474	0	0	460.7878641880958	459.8924527391717	459.8924532990642
lower_task	OV:NCI/ADR-RES	magnitude_g1.25	ordinal	0.25667708444928644	0	1	284.43116568846887	226.33592130242045	226.33592162875635
lower_task	OV:NCI/ADR-RES	magnitude_g2.00	magnitude_g0.50	0.005825925226374885	0	1	422.59583235566527	420.1480810514546	420.1480815716027
lower_task	OV:NCI/ADR-RES	magnitude_g2.00	magnitude_g0.80	0.003099004210744402	0	1	430.6054136185736	429.27508831232603	429.27508884160113
lower_task	OV:NCI/ADR-RES	magnitude_g2.00	magnitude_g1.00	0.002010640319491469	0	1	435.8424082102832	434.9678443248015	434.96784485976934
lower_task	OV:NCI/ADR-RES	magnitude_g2.00	magnitude_g1.25	0.0008436664827203614	0	1	442.21625482370104	441.84348628371515	441.84348682555867
lower_task	OV:NCI/ADR-RES	magnitude_g2.00	magnitude_g2.00	1.2174427360679956e-09	0	1	459.8924532990644	459.8924527391717	459.8924532990642
lower_task	OV:NCI/ADR-RES	magnitude_g2.00	ordinal	0.2976657696455981	0	1	293.70837751535095	226.33592130242045	226.33592162875635
lower_task	OV:NCI/ADR-RES	ordinal	magnitude_g0.50	0.11703050432540703	0	0	469.3182228682583	420.1480810514546	420.1480815716027
lower_task	OV:NCI/ADR-RES	ordinal	magnitude_g0.80	0.13229766978046775	0	0	486.06718219085127	429.27508831232603	429.27508884160113
lower_task	OV:NCI/ADR-RES	ordinal	magnitude_g1.00	0.14220420800988487	0	0	496.8221021367768	434.9678443248015	434.96784485976934
lower_task	OV:NCI/ADR-RES	ordinal	magnitude_g1.25	0.15362776653552473	0	0	509.7229142397521	441.84348628371515	441.84348682555867
lower_task	OV:NCI/ADR-RES	ordinal	magnitude_g2.00	0.18403036970192663	0	0	544.5266308398873	459.8924527391717	459.8924532990642
lower_task	OV:NCI/ADR-RES	ordinal	ordinal	1.4418216049797218e-09	0	0	226.33592162875647	226.33592130242045	226.33592162875635
lower_task	OV:OVCAR-3	magnitude_g0.50	magnitude_g0.50	1.2432114524166768e-09	0	0	411.1656210934202	411.1656205822544	411.16562109342004
lower_task	OV:OVCAR-3	magnitude_g0.50	magnitude_g0.80	0.0004865177297898057	0	0	420.4500910498507	420.24563409799526	420.2456346182409
lower_task	OV:OVCAR-3	magnitude_g0.50	magnitude_g1.00	0.0011727999606204848	0	0	426.51656733718335	426.0169346929518	426.01693521896874
lower_task	OV:OVCAR-3	magnitude_g0.50	magnitude_g1.25	0.0019740158157013823	0	0	433.8965957568124	433.0417644648995	433.04176499794124
lower_task	OV:OVCAR-3	magnitude_g0.50	magnitude_g2.00	0.004612158738695875	0	0	454.3530747085158	452.26714683501564	452.2671473872828
lower_task	OV:OVCAR-3	magnitude_g0.50	ordinal	0.3242866184863202	0	1	272.1164425825049	205.48153155359836	205.4815318590799
lower_task	OV:OVCAR-3	magnitude_g0.80	magnitude_g0.50	0.0005834993650337534	0	1	411.40553546078786	411.1656205822544	411.16562109342004
lower_task	OV:OVCAR-3	magnitude_g0.80	magnitude_g0.80	1.2379567496279128e-09	0	1	420.2456346182412	420.24563409799526	420.2456346182409
lower_task	OV:OVCAR-3	magnitude_g0.80	magnitude_g1.00	4.53441500994702e-05	0	0	426.0362520687834	426.0169346929518	426.01693521896874
lower_task	OV:OVCAR-3	magnitude_g0.80	magnitude_g1.25	0.00012134762847402894	0	0	433.0943130560475	433.0417644648995	433.04176499794124
lower_task	OV:OVCAR-3	magnitude_g0.80	magnitude_g2.00	0.0010146525589474203	0	0	452.72604085287963	452.26714683501564	452.2671473872828
lower_task	OV:OVCAR-3	magnitude_g0.80	ordinal	0.3481717143319048	0	1	277.0243886581601	205.48153155359836	205.4815318590799
lower_task	OV:OVCAR-3	magnitude_g1.00	magnitude_g0.50	0.0006964988409832451	0	1	411.4519969604421	411.1656205822544	411.16562109342004
lower_task	OV:OVCAR-3	magnitude_g1.00	magnitude_g0.80	1.2701502577895234e-05	0	1	420.2509718490001	420.24563409799526	420.2456346182409
lower_task	OV:OVCAR-3	magnitude_g1.00	magnitude_g1.00	1.2347319487159956e-09	1	1	426.0169352189685	426.0169346929518	426.01693521896874
lower_task	OV:OVCAR-3	magnitude_g1.00	magnitude_g1.25	1.2361520793585336e-05	0	0	433.0471175196754	433.0417644648995	433.04176499794124
lower_task	OV:OVCAR-3	magnitude_g1.00	magnitude_g2.00	0.0007633528755340006	0	0	452.6123862620617	452.26714683501564	452.2671473872828
lower_task	OV:OVCAR-3	magnitude_g1.00	ordinal	0.3499468363350268	0	1	277.3891434460561	205.48153155359836	205.4815318590799
lower_task	OV:OVCAR-3	magnitude_g1.25	magnitude_g0.50	0.0009355731624158771	0	1	411.55029610217923	411.1656205822544	411.16562109342004
lower_task	OV:OVCAR-3	magnitude_g1.25	magnitude_g0.80	0.00014114252560208984	0	1	420.3049486281651	420.24563409799526	420.2456346182409
lower_task	OV:OVCAR-3	magnitude_g1.25	magnitude_g1.00	6.23196064008288e-05	0	1	426.04348390064195	426.0169346929518	426.01693521896874
lower_task	OV:OVCAR-3	magnitude_g1.25	magnitude_g1.25	1.230925541986409e-09	0	0	433.04176499794164	433.0417644648995	433.04176499794124
lower_task	OV:OVCAR-3	magnitude_g1.25	magnitude_g2.00	0.0005727279727473088	0	0	452.52617288116267	452.26714683501564	452.2671473872828
lower_task	OV:OVCAR-3	magnitude_g1.25	ordinal	0.35243338591703643	0	1	277.9000834624514	205.48153155359836	205.4815318590799
lower_task	OV:OVCAR-3	magnitude_g2.00	magnitude_g0.50	0.0024986259175624006	0	1	412.19296965825185	411.1656205822544	411.16562109342004
lower_task	OV:OVCAR-3	magnitude_g2.00	magnitude_g0.80	0.0011682784753905282	0	1	420.7365980266888	420.24563409799526	420.2456346182409
lower_task	OV:OVCAR-3	magnitude_g2.00	magnitude_g1.00	0.0007652005746758402	0	1	426.3429230962005	426.0169346929518	426.01693521896874
lower_task	OV:OVCAR-3	magnitude_g2.00	magnitude_g1.25	0.00033257884895772653	0	1	433.18578499647583	433.0417644648995	433.04176499794124
lower_task	OV:OVCAR-3	magnitude_g2.00	magnitude_g2.00	1.2211082063797707e-09	1	1	452.26714738728276	452.26714683501564	452.2671473872828
lower_task	OV:OVCAR-3	magnitude_g2.00	ordinal	0.36762127070111206	0	1	281.02091328894284	205.48153155359836	205.4815318590799
lower_task	OV:OVCAR-3	ordinal	magnitude_g0.50	0.12533296029690222	0	0	462.69822498214126	411.1656205822544	411.16562109342004
lower_task	OV:OVCAR-3	ordinal	magnitude_g0.80	0.14486316595433277	0	0	481.12374713191696	420.24563409799526	420.2456346182409
lower_task	OV:OVCAR-3	ordinal	magnitude_g1.00	0.15720961897625027	0	0	492.99089467346084	426.0169346929518	426.01693521896874
lower_task	OV:OVCAR-3	ordinal	magnitude_g1.25	0.17139064739852902	0	0	507.2610728271399	433.0417644648995	433.04176499794124
lower_task	OV:OVCAR-3	ordinal	magnitude_g2.00	0.20713162765855908	0	0	545.945977095445	452.26714683501564	452.2671473872828
lower_task	OV:OVCAR-3	ordinal	ordinal	1.4866609292762783e-09	1	1	205.48153185907972	205.48153155359836	205.4815318590799
lower_task	OV:OVCAR-4	magnitude_g0.50	magnitude_g0.50	1.2439459105936005e-09	1	1	409.9269583741024	409.92695786417545	409.9269583741024
lower_task	OV:OVCAR-4	magnitude_g0.50	magnitude_g0.80	0.001696844180440044	0	0	420.3405998442963	419.6285555718278	419.6285560914564
lower_task	OV:OVCAR-4	magnitude_g0.50	magnitude_g1.00	0.00304411567965199	0	0	427.0822378934488	425.78609576315836	425.78609628894446
lower_task	OV:OVCAR-4	magnitude_g0.50	magnitude_g1.25	0.00471328205945631	0	0	435.2235160664073	433.1818080221735	433.18180855535536
lower_task	OV:OVCAR-4	magnitude_g0.50	magnitude_g2.00	0.00993662207305755	0	0	457.4830927947661	452.9819820333957	452.9819825863777
lower_task	OV:OVCAR-4	magnitude_g0.50	ordinal	0.1787267707431093	0	1	255.9858267934223	217.1714710713155	217.17147138848696
lower_task	OV:OVCAR-4	magnitude_g0.80	magnitude_g0.50	0.0005925288872568522	0	1	410.1698514283753	409.92695786417545	409.9269583741024
lower_task	OV:OVCAR-4	magnitude_g0.80	magnitude_g0.80	1.238306776366644e-09	0	0	419.6285560914567	419.6285555718278	419.6285560914564
lower_task	OV:OVCAR-4	magnitude_g0.80	magnitude_g1.00	0.0	1	0	425.7860958819211	425.78609576315836	425.78609628894446
lower_task	OV:OVCAR-4	magnitude_g0.80	magnitude_g1.25	0.00016761708272591675	0	0	433.25441669312414	433.1818080221735	433.18180855535536
lower_task	OV:OVCAR-4	magnitude_g0.80	magnitude_g2.00	0.0018874683239559764	0	0	453.8369711758065	452.9819820333957	452.9819825863777
lower_task	OV:OVCAR-4	magnitude_g0.80	ordinal	0.22610461682406166	0	1	266.2749433230131	217.1714710713155	217.17147138848696
lower_task	OV:OVCAR-4	magnitude_g1.00	magnitude_g0.50	0.0005925417917588398	0	1	410.16985671827854	409.92695786417545	409.9269583741024
lower_task	OV:OVCAR-4	magnitude_g1.00	magnitude_g0.80	6.593229931806812e-09	0	1	419.62855833853536	419.6285555718278	419.6285560914564
lower_task	OV:OVCAR-4	magnitude_g1.00	magnitude_g1.00	1.2348605379591932e-09	0	0	425.7860962889448	425.78609576315836	425.78609628894446
lower_task	OV:OVCAR-4	magnitude_g1.00	magnitude_g1.25	0.00016761317611980098	0	0	433.25441500085344	433.1818080221735	433.18180855535536
lower_task	OV:OVCAR-4	magnitude_g1.00	magnitude_g2.00	0.0018874532660610407	0	0	453.83696435485143	452.9819820333957	452.9819825863777
lower_task	OV:OVCAR-4	magnitude_g1.00	ordinal	0.22610479041422266	0	1	266.2749810218437	217.1714710713155	217.17147138848696
lower_task	OV:OVCAR-4	magnitude_g1.25	magnitude_g0.50	0.0014492355402965194	0	1	410.52103858043785	409.92695786417545	409.9269583741024
lower_task	OV:OVCAR-4	magnitude_g1.25	magnitude_g0.80	0.0004067626505428156	0	1	419.79924479533565	419.6285555718278	419.6285560914564
lower_task	OV:OVCAR-4	magnitude_g1.25	magnitude_g1.00	0.00013732064982611606	0	1	425.8445649865155	425.78609576315836	425.78609628894446
lower_task	OV:OVCAR-4	magnitude_g1.25	magnitude_g1.25	1.2308502728406215e-09	0	1	433.1818085553555	433.1818080221735	433.18180855535536
lower_task	OV:OVCAR-4	magnitude_g1.25	magnitude_g2.00	0.0009861782575938912	0	0	453.4287030151588	452.9819820333957	452.9819825863777
lower_task	OV:OVCAR-4	magnitude_g1.25	ordinal	0.23782473050902872	0	1	268.8202176531004	217.1714710713155	217.17147138848696
lower_task	OV:OVCAR-4	magnitude_g2.00	magnitude_g0.50	0.0033442752306040487	0	1	411.2978664357175	409.92695786417545	409.9269583741024
lower_task	OV:OVCAR-4	magnitude_g2.00	magnitude_g0.80	0.001556205075609318	0	1	420.2815836598793	419.6285555718278	419.6285560914564
lower_task	OV:OVCAR-4	magnitude_g2.00	magnitude_g1.00	0.0008425483751678563	0	1	426.1448411463127	425.78609576315836	425.78609628894446
lower_task	OV:OVCAR-4	magnitude_g2.00	magnitude_g1.25	0.00020479930648013316	0	1	433.2705233560363	433.1818080221735	433.18180855535536
lower_task	OV:OVCAR-4	magnitude_g2.00	magnitude_g2.00	1.2207584657685032e-09	1	1	452.9819825863773	452.9819820333957	452.9819825863777
lower_task	OV:OVCAR-4	magnitude_g2.00	ordinal	0.25601686993421785	0	1	272.7710313340032	217.1714710713155	217.17147138848696
lower_task	OV:OVCAR-4	ordinal	magnitude_g0.50	0.09747513844029725	0	0	449.88464483239585	409.92695786417545	409.9269583741024
lower_task	OV:OVCAR-4	ordinal	magnitude_g0.80	0.11216566699255287	0	0	466.6964723966634	419.6285555718278	419.6285560914564
lower_task	OV:OVCAR-4	ordinal	magnitude_g1.00	0.12145044877330695	0	0	477.4980081750282	425.78609576315836	425.78609628894446
lower_task	OV:OVCAR-4	ordinal	magnitude_g1.25	0.13222766226204863	0	0	490.4604258313931	433.1818080221735	433.18180855535536
lower_task	OV:OVCAR-4	ordinal	magnitude_g2.00	0.16000194957705863	0	0	525.4599822820192	452.9819820333957	452.9819825863777
lower_task	OV:OVCAR-4	ordinal	ordinal	1.460464714891468e-09	1	1	217.17147138848676	217.1714710713155	217.17147138848696
lower_task	OV:OVCAR-5	magnitude_g0.50	magnitude_g0.50	1.2384216486657815e-09	0	1	419.42710108324815	419.42710056382055	419.4271010832477
lower_task	OV:OVCAR-5	magnitude_g0.50	magnitude_g0.80	0.0007280223696703171	0	0	429.2161444022	428.90389277382195	428.90389330272586
lower_task	OV:OVCAR-5	magnitude_g0.50	magnitude_g1.00	0.0016911017474895906	0	0	435.5424161835767	434.8071131147674	434.80711364957455
lower_task	OV:OVCAR-5	magnitude_g0.50	magnitude_g1.25	0.0033638694949289618	0	0	443.1691316401061	441.68336643733005	441.68336697901344
lower_task	OV:OVCAR-5	magnitude_g0.50	magnitude_g2.00	0.008747063033670588	0	0	463.93690603490234	459.9140092063066	459.91400976622066
lower_task	OV:OVCAR-5	magnitude_g0.50	ordinal	0.27349163127556364	0	1	274.62039508645336	215.64365900966789	215.64365932531155
lower_task	OV:OVCAR-5	magnitude_g0.80	magnitude_g0.50	0.000591999148700022	0	1	419.67540105029605	419.42710056382055	419.4271010832477
lower_task	OV:OVCAR-5	magnitude_g0.80	magnitude_g0.80	1.2331529051879934e-09	0	0	428.90389330272603	428.90389277382195	428.90389330272586
lower_task	OV:OVCAR-5	magnitude_g0.80	magnitude_g1.00	0.00016490323408856458	0	0	434.8788142139247	434.8071131147674	434.80711364957455
lower_task	OV:OVCAR-5	magnitude_g0.80	magnitude_g1.25	0.0009262861972368449	0	0	442.09249164321005	441.68336643733005	441.68336697901344
lower_task	OV:OVCAR-5	magnitude_g0.80	magnitude_g2.00	0.004078196336724831	0	0	461.7896288338602	459.9140092063066	459.91400976622066
lower_task	OV:OVCAR-5	magnitude_g0.80	ordinal	0.30459692986902204	0	1	281.328055489735	215.64365900966789	215.64365932531155
lower_task	OV:OVCAR-5	magnitude_g1.00	magnitude_g0.50	0.0016786487767245	0	1	420.1311713531071	419.42710056382055	419.4271010832477
lower_task	OV:OVCAR-5	magnitude_g1.00	magnitude_g0.80	0.0003007699519510382	0	1	429.03289417704315	428.90389277382195	428.90389330272586
lower_task	OV:OVCAR-5	magnitude_g1.00	magnitude_g1.00	1.2299873997875711e-09	0	1	434.80711364957466	434.8071131147674	434.80711364957455
lower_task	OV:OVCAR-5	magnitude_g1.00	magnitude_g1.25	0.00023929482281004392	0	0	441.7890589802398	441.68336643733005	441.68336697901344
lower_task	OV:OVCAR-5	magnitude_g1.00	magnitude_g2.00	0.0021633740993044367	0	0	460.9089752617308	459.9140092063066	459.91400976622066
lower_task	OV:OVCAR-5	magnitude_g1.00	ordinal	0.3197720953275107	0	1	284.6004836952806	215.64365900966789	215.64365932531155
lower_task	OV:OVCAR-5	magnitude_g1.25	magnitude_g0.50	0.004095730963921867	0	1	421.14496112670776	419.42710056382055	419.4271010832477
lower_task	OV:OVCAR-5	magnitude_g1.25	magnitude_g0.80	0.0015186226844359826	0	1	429.5552359548312	428.90389277382195	428.90389330272586
lower_task	OV:OVCAR-5	magnitude_g1.25	magnitude_g1.00	0.0005239276110846253	0	1	435.0349205668242	434.8071131147674	434.80711364957455
lower_task	OV:OVCAR-5	magnitude_g1.25	magnitude_g1.25	1.2264062043225977e-09	1	0	441.6833669790133	441.68336643733005	441.68336697901344
lower_task	OV:OVCAR-5	magnitude_g1.25	magnitude_g2.00	0.00018941124932433397	0	0	460.00112209337215	459.9140092063066	459.91400976622066
lower_task	OV:OVCAR-5	magnitude_g1.25	ordinal	0.3428794345751709	0	1	289.58343488062377	215.64365900966789	215.64365932531155
lower_task	OV:OVCAR-5	magnitude_g2.00	magnitude_g0.50	0.005418425533896095	0	1	421.69973507512356	419.42710056382055	419.4271010832477
lower_task	OV:OVCAR-5	magnitude_g2.00	magnitude_g0.80	0.002457981411066682	0	1	429.95813056939414	428.90389277382195	428.90389330272586
lower_task	OV:OVCAR-5	magnitude_g2.00	magnitude_g1.00	0.0012325535907702573	0	1	435.34303618332945	434.8071131147674	434.80711364957455
lower_task	OV:OVCAR-5	magnitude_g2.00	magnitude_g1.25	0.0004464409490526208	0	1	441.8805519786231	441.68336643733005	441.68336697901344
lower_task	OV:OVCAR-5	magnitude_g2.00	magnitude_g2.00	1.2174318985514709e-09	1	1	459.9140097662206	459.9140092063066	459.91400976622066
lower_task	OV:OVCAR-5	magnitude_g2.00	ordinal	0.352972324284374	0	1	291.75990254749735	215.64365900966789	215.64365932531155
lower_task	OV:OVCAR-5	ordinal	magnitude_g0.50	0.10478175330581317	0	0	463.3754075448713	419.42710056382055	419.4271010832477
lower_task	OV:OVCAR-5	ordinal	magnitude_g0.80	0.12157321551438534	0	0	481.04711816497263	428.90389277382195	428.90389330272586
lower_task	OV:OVCAR-5	ordinal	magnitude_g1.00	0.13238086810067107	0	0	492.367256205247	434.8071131147674	434.80711364957455
lower_task	OV:OVCAR-5	ordinal	magnitude_g1.25	0.1454284936202826	0	0	505.91671307544624	441.68336643733005	441.68336697901344
lower_task	OV:OVCAR-5	ordinal	magnitude_g2.00	0.17914054746543587	0	0	542.3032566025479	459.9140092063066	459.91400976622066
lower_task	OV:OVCAR-5	ordinal	ordinal	1.463729312556356e-09	0	0	215.64365932531183	215.64365900966789	215.64365932531155
lower_task	OV:OVCAR-8	magnitude_g0.50	magnitude_g0.50	1.2381436789431493e-09	1	0	419.9144854863805	419.91448496646603	419.91448548638056
lower_task	OV:OVCAR-8	magnitude_g0.50	magnitude_g0.80	0.0005043775754103001	0	0	429.25746070578595	429.04106201517527	429.04106254421635
lower_task	OV:OVCAR-8	magnitude_g0.50	magnitude_g1.00	0.0012536700140784761	0	0	435.3162643248737	434.77120470255335	434.7712052373246
lower_task	OV:OVCAR-8	magnitude_g0.50	magnitude_g1.25	0.002095200846216599	0	0	442.6415154289839	441.7160316257342	441.7160321674503
lower_task	OV:OVCAR-8	magnitude_g0.50	magnitude_g2.00	0.004789325982817442	0	0	462.70012781583637	460.4946687339201	460.4946692944148
lower_task	OV:OVCAR-8	magnitude_g0.50	ordinal	0.1878627917255118	0	1	273.14608444986726	229.94750433515148	229.947504665099
lower_task	OV:OVCAR-8	magnitude_g0.80	magnitude_g0.50	0.0007568766493166282	0	1	420.23230843484697	419.91448496646603	419.91448548638056
lower_task	OV:OVCAR-8	magnitude_g0.80	magnitude_g0.80	1.2330775544998159e-09	1	1	429.0410625442162	429.04106201517527	429.04106254421635
lower_task	OV:OVCAR-8	magnitude_g0.80	magnitude_g1.00	1.1154956281235965e-09	1	0	434.7712051875387	434.77120470255335	434.7712052373246
lower_task	OV:OVCAR-8	magnitude_g0.80	magnitude_g1.25	0.0	1	0	441.71603206008103	441.7160316257342	441.7160321674503
lower_task	OV:OVCAR-8	magnitude_g0.80	magnitude_g2.00	0.0007036757900367651	0	0	460.81870768374915	460.4946687339201	460.4946692944148
lower_task	OV:OVCAR-8	magnitude_g0.80	ordinal	0.21403642413229065	0	1	279.1646459011917	229.94750433515148	229.947504665099
lower_task	OV:OVCAR-8	magnitude_g1.00	magnitude_g0.50	0.0007568768027127582	0	1	420.2323084992602	419.91448496646603	419.91448548638056
lower_task	OV:OVCAR-8	magnitude_g1.00	magnitude_g0.80	1.3620830721965963e-09	0	1	429.04106259956484	429.04106201517527	429.04106254421635
lower_task	OV:OVCAR-8	magnitude_g1.00	magnitude_g1.00	1.230005049115719e-09	1	1	434.7712052373241	434.77120470255335	434.7712052373246
lower_task	OV:OVCAR-8	magnitude_g1.00	magnitude_g1.25	1.08151804437723e-09	1	0	441.7160321034581	441.7160316257342	441.7160321674503
lower_task	OV:OVCAR-8	magnitude_g1.00	magnitude_g2.00	0.0007036758499700492	0	0	460.8187077113481	460.4946687339201	460.4946692944148
lower_task	OV:OVCAR-8	magnitude_g1.00	ordinal	0.21403642442107293	0	1	279.16464596759647	229.94750433515148	229.947504665099
lower_task	OV:OVCAR-8	magnitude_g1.25	magnitude_g0.50	0.0007568772597915863	0	1	420.23230869119425	419.91448496646603	419.91448548638056
lower_task	OV:OVCAR-8	magnitude_g1.25	magnitude_g0.80	1.682931473919416e-09	0	1	429.041062737222	429.04106201517527	429.04106254421635
lower_task	OV:OVCAR-8	magnitude_g1.25	magnitude_g1.00	1.46859430012339e-09	0	1	434.77120534105586	434.77120470255335	434.7712052373246
lower_task	OV:OVCAR-8	magnitude_g1.25	magnitude_g1.25	1.2263901496488318e-09	0	1	441.7160321674504	441.7160316257342	441.7160321674503
lower_task	OV:OVCAR-8	magnitude_g1.25	magnitude_g2.00	0.000703675767909051	0	0	460.81870767355946	460.4946687339201	460.4946692944148
lower_task	OV:OVCAR-8	magnitude_g1.25	ordinal	0.21403642660952654	0	1	279.1646464708259	229.94750433515148	229.947504665099
lower_task	OV:OVCAR-8	magnitude_g2.00	magnitude_g0.50	0.003168099393278142	0	1	421.244815791517	419.91448496646603	419.91448548638056
lower_task	OV:OVCAR-8	magnitude_g2.00	magnitude_g0.80	0.0016215168859765796	0	1	429.7367593420102	429.04106201517527	429.04106254421635
lower_task	OV:OVCAR-8	magnitude_g2.00	magnitude_g1.00	0.0011457021455855503	0	1	435.2693230046199	434.77120470255335	434.7712052373246
lower_task	OV:OVCAR-8	magnitude_g2.00	magnitude_g1.25	0.0006045012088841369	0	1	441.9830495008355	441.7160316257342	441.7160321674503
lower_task	OV:OVCAR-8	magnitude_g2.00	magnitude_g2.00	1.2171589540815418e-09	0	0	460.4946692944153	460.4946687339201	460.4946692944148
lower_task	OV:OVCAR-8	magnitude_g2.00	ordinal	0.22852463424571098	0	1	282.496173659056	229.94750433515148	229.947504665099
lower_task	OV:OVCAR-8	ordinal	magnitude_g0.50	0.12638188955106022	0	0	472.9840710263883	419.91448496646603	419.91448548638056
lower_task	OV:OVCAR-8	ordinal	magnitude_g0.80	0.14139942459914834	0	0	489.7072213135286	429.04106201517527	429.04106254421635
lower_task	OV:OVCAR-8	ordinal	magnitude_g1.00	0.15100424486856118	0	0	500.42350215925705	434.77120470255335	434.7712052373246
lower_task	OV:OVCAR-8	ordinal	magnitude_g1.25	0.161957525659204	0	0	513.2552671518408	441.7160316257342	441.7160321674503
lower_task	OV:OVCAR-8	ordinal	magnitude_g2.00	0.18947839622796278	0	0	547.7484600371503	460.4946687339201	460.4946692944148
lower_task	OV:OVCAR-8	ordinal	ordinal	1.434882267193245e-09	0	0	229.94750466509907	229.94750433515148	229.947504665099
lower_task	OV:SK-OV-3	magnitude_g0.50	magnitude_g0.50	1.2392045335405737e-09	0	0	419.9128910301412	419.91289050978327	419.9128910296962
lower_task	OV:SK-OV-3	magnitude_g0.50	magnitude_g0.80	0.0004455840844806595	0	0	429.0740411599825	428.88293774881635	428.8829382776993
lower_task	OV:SK-OV-3	magnitude_g0.50	magnitude_g1.00	0.0010740065649315143	0	0	435.02837911441526	434.56165704188476	434.56165757644646
lower_task	OV:SK-OV-3	magnitude_g0.50	magnitude_g1.25	0.002472434258543127	0	0	442.2423383772963	441.15161999879945	441.15162053995107
lower_task	OV:SK-OV-3	magnitude_g0.50	magnitude_g2.00	0.006995347179141992	0	0	462.09294419520444	458.8828990021135	458.8828995609964
lower_task	OV:SK-OV-3	magnitude_g0.50	ordinal	0.32244498637540525	0	1	270.13193650898074	204.26705026828074	204.2670505725478
lower_task	OV:SK-OV-3	magnitude_g0.80	magnitude_g0.50	0.0005933948252454465	0	1	420.16206464606563	419.91289050978327	419.9128910296962
lower_task	OV:SK-OV-3	magnitude_g0.80	magnitude_g0.80	1.233164382379996e-09	0	1	428.8829382776995	428.88293774881635	428.8829382776993
lower_task	OV:SK-OV-3	magnitude_g0.80	magnitude_g1.00	0.0	1	0	434.5616573767244	434.56165704188476	434.56165757644646
lower_task	OV:SK-OV-3	magnitude_g0.80	magnitude_g1.25	0.0006808231940983198	0	0	441.4519662538087	441.15161999879945	441.15162053995107
lower_task	OV:SK-OV-3	magnitude_g0.80	magnitude_g2.00	0.0034496347008507564	0	0	460.4658773741382	458.8828990021135	458.8828995609964
lower_task	OV:SK-OV-3	magnitude_g0.80	ordinal	0.3487920689181272	0	1	275.51377734315747	204.26705026828074	204.2670505725478
lower_task	OV:SK-OV-3	magnitude_g1.00	magnitude_g0.50	0.0005946800977643033	0	1	420.1626043485641	419.91289050978327	419.9128910296962
lower_task	OV:SK-OV-3	magnitude_g1.00	magnitude_g0.80	4.603055660363717e-07	0	1	428.88313516601977	428.88293774881635	428.8829382776993
lower_task	OV:SK-OV-3	magnitude_g1.00	magnitude_g1.00	1.230117188391497e-09	0	1	434.5616575764465	434.56165704188476	434.56165757644646
lower_task	OV:SK-OV-3	magnitude_g1.00	magnitude_g1.25	0.0006803377275103118	0	0	441.4517520894369	441.15161999879945	441.15162053995107
lower_task	OV:SK-OV-3	magnitude_g1.00	magnitude_g2.00	0.003448130133135912	0	0	460.46518695374345	458.8828990021135	458.8828995609964
lower_task	OV:SK-OV-3	magnitude_g1.00	ordinal	0.3487998003163676	0	1	275.5153566130705	204.26705026828074	204.2670505725478
lower_task	OV:SK-OV-3	magnitude_g1.25	magnitude_g0.50	0.0035190649178787788	0	1	421.3905912313413	419.91289050978327	419.9128910296962
lower_task	OV:SK-OV-3	magnitude_g1.25	magnitude_g0.80	0.0013204485534809834	0	1	429.44925560357945	428.88293774881635	428.8829382776993
lower_task	OV:SK-OV-3	magnitude_g1.25	magnitude_g1.00	0.00037486250915720696	0	1	434.724557915027	434.56165704188476	434.56165757644646
lower_task	OV:SK-OV-3	magnitude_g1.25	magnitude_g1.25	1.2266793091447802e-09	1	1	441.151620539951	441.15161999879945	441.15162053995107
lower_task	OV:SK-OV-3	magnitude_g1.25	magnitude_g2.00	0.00029676198974286464	0	0	459.01907800428035	458.8828990021135	458.8828995609964
lower_task	OV:SK-OV-3	magnitude_g1.25	ordinal	0.3853096353014552	0	1	282.973112911256	204.26705026828074	204.2670505725478
lower_task	OV:SK-OV-3	magnitude_g2.00	magnitude_g0.50	0.004380417406224557	0	1	421.7522842444704	419.91289050978327	419.9128910296962
lower_task	OV:SK-OV-3	magnitude_g2.00	magnitude_g0.80	0.001883630493883713	0	1	429.69079472866645	428.88293774881635	428.8829382776993
lower_task	OV:SK-OV-3	magnitude_g2.00	magnitude_g1.00	0.0007598196443369024	0	1	434.8918455255808	434.56165704188476	434.56165757644646
lower_task	OV:SK-OV-3	magnitude_g2.00	magnitude_g1.25	0.00018380547832100145	0	1	441.2327060833254	441.15161999879945	441.15162053995107
lower_task	OV:SK-OV-3	magnitude_g2.00	magnitude_g2.00	1.2179191653501883e-09	1	1	458.8828995609958	458.8828990021135	458.8828995609964
lower_task	OV:SK-OV-3	magnitude_g2.00	ordinal	0.39313169330004427	0	1	284.5709016256552	204.26705026828074	204.2670505725478
lower_task	OV:SK-OV-3	ordinal	magnitude_g0.50	0.1330006578695519	0	0	475.76158119548955	419.91289050978327	419.9128910296962
lower_task	OV:SK-OV-3	ordinal	magnitude_g0.80	0.1508484528146465	0	0	493.57926534682565	428.88293774881635	428.8829382776993
lower_task	OV:SK-OV-3	ordinal	magnitude_g1.00	0.16215795033822264	0	0	505.02928464337845	434.56165704188476	434.56165757644646
lower_task	OV:SK-OV-3	ordinal	magnitude_g1.25	0.17595350754199052	0	0	518.7737948954195	441.15161999879945	441.15162053995107
lower_task	OV:SK-OV-3	ordinal	magnitude_g2.00	0.2114623832404929	0	0	555.9193704534068	458.8828990021135	458.8828995609964
lower_task	OV:SK-OV-3	ordinal	ordinal	1.4895552009663452e-09	1	0	204.2670505725478	204.26705026828074	204.2670505725478
lower_task	PR:DU-145	magnitude_g0.50	magnitude_g0.50	1.2395767075751825e-09	0	0	417.40435433144575	417.40435381404103	417.4043543314454
lower_task	PR:DU-145	magnitude_g0.50	magnitude_g0.80	0.0017855237699414817	0	0	427.26966787602777	426.5081274763455	426.50812800285365
lower_task	PR:DU-145	magnitude_g0.50	magnitude_g1.00	0.0036135017499765664	0	0	433.68390270364677	432.12242755547095	432.1224280875934
lower_task	PR:DU-145	magnitude_g0.50	magnitude_g1.25	0.005807734835005713	0	0	441.4534796094721	438.90443900979625	438.90443954870074
lower_task	PR:DU-145	magnitude_g0.50	magnitude_g2.00	0.012191373413577644	0	0	462.79507035732513	457.22091939646356	457.2209199536845
lower_task	PR:DU-145	magnitude_g0.50	ordinal	0.20042889208386552	0	1	264.7146033734338	220.51668792635164	220.5166882468683
lower_task	PR:DU-145	magnitude_g0.80	magnitude_g0.50	0.0006382953965773856	0	1	417.6707810915919	417.40435381404103	417.4043543314454
lower_task	PR:DU-145	magnitude_g0.80	magnitude_g0.80	1.2344619962752687e-09	1	1	426.5081280028536	426.5081274763455	426.50812800285365
lower_task	PR:DU-145	magnitude_g0.80	magnitude_g1.00	0.00038942548678951104	0	0	432.2907070421744	432.12242755547095	432.1224280875934
lower_task	PR:DU-145	magnitude_g0.80	magnitude_g1.25	0.0009707117565843763	0	0	439.33048870876013	438.90443900979625	438.90443954870074
lower_task	PR:DU-145	magnitude_g0.80	magnitude_g2.00	0.003562783526834907	0	0	458.8498985562136	457.22091939646356	457.2209199536845
lower_task	PR:DU-145	magnitude_g0.80	ordinal	0.24361451053960761	0	1	274.2377529213452	220.51668792635164	220.5166882468683
lower_task	PR:DU-145	magnitude_g1.00	magnitude_g0.50	0.0016291493150887655	0	1	418.08436783117224	417.40435381404103	417.4043543314454
lower_task	PR:DU-145	magnitude_g1.00	magnitude_g0.80	0.00012584469802731123	0	1	426.561801262854	426.5081274763455	426.50812800285365
lower_task	PR:DU-145	magnitude_g1.00	magnitude_g1.00	1.2314165902863856e-09	0	0	432.1224280875937	432.12242755547095	432.1224280875934
lower_task	PR:DU-145	magnitude_g1.00	magnitude_g1.25	1.1199126860251458e-06	0	0	438.90493054444545	438.90443900979625	438.90443954870074
lower_task	PR:DU-145	magnitude_g1.00	magnitude_g2.00	0.0012163964243422397	0	0	457.7770812879519	457.22091939646356	457.2209199536845
lower_task	PR:DU-145	magnitude_g1.00	ordinal	0.26278370724295685	0	1	278.4648806885765	220.51668792635164	220.5166882468683
lower_task	PR:DU-145	magnitude_g1.25	magnitude_g0.50	0.001641229963516644	0	1	418.08941034642294	417.40435381404103	417.4043543314454
lower_task	PR:DU-145	magnitude_g1.25	magnitude_g0.80	0.00013210695154078873	0	1	426.5644721648738	426.5081274763455	426.50812800285365
lower_task	PR:DU-145	magnitude_g1.25	magnitude_g1.00	2.7927710274024912e-06	0	1	432.1236343744669	432.12242755547095	432.1224280875934
lower_task	PR:DU-145	magnitude_g1.25	magnitude_g1.25	1.2278413042798658e-09	0	0	438.90443954870125	438.90443900979625	438.90443954870074
lower_task	PR:DU-145	magnitude_g1.25	magnitude_g2.00	0.001206043343862721	0	0	457.77234764297646	457.22091939646356	457.2209199536845
lower_task	PR:DU-145	magnitude_g1.25	ordinal	0.26295167796303887	0	1	278.5019210354376	220.51668792635164	220.5166882468683
lower_task	PR:DU-145	magnitude_g2.00	magnitude_g0.50	0.008090569855753864	0	1	420.78139289666933	417.40435381404103	417.4043543314454
lower_task	PR:DU-145	magnitude_g2.00	magnitude_g0.80	0.004581609901491259	0	1	428.46222133625764	426.5081274763455	426.50812800285365
lower_task	PR:DU-145	magnitude_g2.00	magnitude_g1.00	0.0032647994116655546	0	1	433.53322060272154	432.12242755547095	432.1224280875934
lower_task	PR:DU-145	magnitude_g2.00	magnitude_g1.25	0.0019279283846381074	0	1	439.7506153359069	438.90443900979625	438.90443954870074
lower_task	PR:DU-145	magnitude_g2.00	magnitude_g2.00	1.218712393544424e-09	1	0	457.22091995368436	457.22091939646356	457.2209199536845
lower_task	PR:DU-145	magnitude_g2.00	ordinal	0.3045866865904805	0	1	287.6831352397461	220.51668792635164	220.5166882468683
lower_task	PR:DU-145	ordinal	magnitude_g0.50	0.10111255499496793	0	0	459.6091744942023	417.40435381404103	417.4043543314454
lower_task	PR:DU-145	ordinal	magnitude_g0.80	0.11752345157588764	0	0	476.6328347425343	426.5081274763455	426.50812800285365
lower_task	PR:DU-145	ordinal	magnitude_g1.00	0.1282771605007865	0	0	487.5538655509936	432.12242755547095	432.1224280875934
lower_task	PR:DU-145	ordinal	magnitude_g1.25	0.1406657224910721	0	0	500.6432490276479	438.90443900979625	438.90443954870074
lower_task	PR:DU-145	ordinal	magnitude_g2.00	0.17208811037852703	0	0	535.9032034409338	457.22091939646356	457.2209199536845
lower_task	PR:DU-145	ordinal	ordinal	1.4534792061751177e-09	1	0	220.51668824686806	220.51668792635164	220.5166882468683
lower_task	PR:PC-3	magnitude_g0.50	magnitude_g0.50	1.243677128216939e-09	1	1	410.3786393202573	410.3786388098788	410.37863932025743
lower_task	PR:PC-3	magnitude_g0.50	magnitude_g0.80	0.00020950908324190523	0	1	419.6787508926274	419.59084279981573	419.5908433194066
lower_task	PR:PC-3	magnitude_g0.50	magnitude_g1.00	0.0005347595539545029	0	0	425.7252896681844	425.4977506808217	425.4977512063195
lower_task	PR:PC-3	magnitude_g0.50	magnitude_g1.25	0.0010244007776092868	0	0	433.0529780627104	432.6098122346558	432.6098127672656
lower_task	PR:PC-3	magnitude_g0.50	magnitude_g2.00	0.002679353082748087	0	0	453.2340002427887	452.02287136891374	452.0228719209366
lower_task	PR:PC-3	magnitude_g0.50	ordinal	0.3043967213882728	0	1	267.6248594792993	205.17136779864447	205.17136810381584
lower_task	PR:PC-3	magnitude_g0.80	magnitude_g0.50	0.00021292355173338308	0	0	410.4660180872097	410.3786388098788	410.37863932025743
lower_task	PR:PC-3	magnitude_g0.80	magnitude_g0.80	1.2383269015919433e-09	1	1	419.59084331940636	419.59084279981573	419.5908433194066
lower_task	PR:PC-3	magnitude_g0.80	magnitude_g1.00	8.665097576288167e-05	0	0	425.5346204761031	425.4977506808217	425.4977512063195
lower_task	PR:PC-3	magnitude_g0.80	magnitude_g1.25	0.00031949549456045687	0	0	432.7480291205674	432.6098122346558	432.6098127672656
lower_task	PR:PC-3	magnitude_g0.80	magnitude_g2.00	0.00141581640366546	0	0	452.6628527650298	452.02287136891374	452.0228719209366
lower_task	PR:PC-3	magnitude_g0.80	ordinal	0.3089882451130239	0	1	268.5669086821864	205.17136779864447	205.17136810381584
lower_task	PR:PC-3	magnitude_g1.00	magnitude_g0.50	0.0006323522906690333	0	1	410.63814268217186	410.3786388098788	410.37863932025743
lower_task	PR:PC-3	magnitude_g1.00	magnitude_g0.80	0.00010309064034219321	0	1	419.6340986884817	419.59084279981573	419.5908433194066
lower_task	PR:PC-3	magnitude_g1.00	magnitude_g1.00	1.2350185753451789e-09	1	0	425.4977512063193	425.4977506808217	425.4977512063195
lower_task	PR:PC-3	magnitude_g1.00	magnitude_g1.25	1.7891126810029984e-05	0	0	432.61755211166576	432.6098122346558	432.6098127672656
lower_task	PR:PC-3	magnitude_g1.00	magnitude_g2.00	0.0005964377226581563	0	0	452.2924748609024	452.02287136891374	452.0228719209366
lower_task	PR:PC-3	magnitude_g1.00	ordinal	0.3172344706792299	0	1	270.25879806078103	205.17136779864447	205.17136810381584
lower_task	PR:PC-3	magnitude_g1.25	magnitude_g0.50	0.0007688045262081811	0	1	410.694139764855	410.3786388098788	410.37863932025743
lower_task	PR:PC-3	magnitude_g1.25	magnitude_g0.80	0.0001666842344467109	0	1	419.66078197822867	419.59084279981573	419.5908433194066
lower_task	PR:PC-3	magnitude_g1.25	magnitude_g1.00	2.3591195337987625e-05	0	1	425.5077886813739	425.4977506808217	425.4977512063195
lower_task	PR:PC-3	magnitude_g1.25	magnitude_g1.25	1.2311555888247185e-09	0	0	432.6098127672658	432.6098122346558	432.6098127672656
lower_task	PR:PC-3	magnitude_g1.25	magnitude_g2.00	0.0004997249847156879	0	0	452.2487584913997	452.02287136891374	452.0228719209366
lower_task	PR:PC-3	magnitude_g1.25	ordinal	0.31596744695778356	0	1	269.99884107081857	205.17136779864447	205.17136810381584
lower_task	PR:PC-3	magnitude_g2.00	magnitude_g0.50	0.002645370522520051	0	1	411.46424236405835	410.3786388098788	410.37863932025743
lower_task	PR:PC-3	magnitude_g2.00	magnitude_g0.80	0.0014302240588974027	0	1	420.19095171808107	419.59084279981573	419.5908433194066
lower_task	PR:PC-3	magnitude_g2.00	magnitude_g1.00	0.00092164248579349	0	1	425.8899074854587	425.4977506808217	425.4977512063195
lower_task	PR:PC-3	magnitude_g2.00	magnitude_g1.25	0.00048585960192151166	0	1	432.8199998658155	432.6098122346558	432.6098127672656
lower_task	PR:PC-3	magnitude_g2.00	magnitude_g2.00	1.2212271083020832e-09	1	1	452.0228719209363	452.02287136891374	452.0228719209366
lower_task	PR:PC-3	magnitude_g2.00	ordinal	0.33228427209785916	0	1	273.3465864029392	205.17136779864447	205.17136810381584
lower_task	PR:PC-3	ordinal	magnitude_g0.50	0.13739143058029837	0	0	466.7611470755636	410.3786388098788	410.37863932025743
lower_task	PR:PC-3	ordinal	magnitude_g0.80	0.15591882459132755	0	0	485.0129538184475	419.59084279981573	419.5908433194066
lower_task	PR:PC-3	ordinal	magnitude_g1.00	0.16744901042323826	0	0	496.74692796963905	425.4977506808217	425.4977512063195
lower_task	PR:PC-3	ordinal	magnitude_g1.25	0.18082507705117154	0	0	510.8365148650803	432.6098122346558	432.6098127672656
lower_task	PR:PC-3	ordinal	magnitude_g2.00	0.21440178408578328	0	0	548.9373814379874	452.02287136891374	452.0228719209366
lower_task	PR:PC-3	ordinal	ordinal	1.48739772601576e-09	0	1	205.1713681038159	205.17136779864447	205.17136810381584
lower_task	RE:A498	magnitude_g0.50	magnitude_g0.50	1.2369161078044364e-09	0	0	422.0927117485354	422.09271122644213	422.0927117485349
lower_task	RE:A498	magnitude_g0.50	magnitude_g0.80	3.3779990871971506e-05	0	1	430.73782502685333	430.7232751985488	430.7232757292721
lower_task	RE:A498	magnitude_g0.50	magnitude_g1.00	0.0006819617104126595	0	0	436.3704264375442	436.0730413204205	436.07304185649355
lower_task	RE:A498	magnitude_g0.50	magnitude_g1.25	0.0014963894758605765	0	0	443.2066383013773	442.5444194894525	442.54442003199694
lower_task	RE:A498	magnitude_g0.50	magnitude_g2.00	0.004754013862021524	0	0	462.077605901302	459.8912763982818	459.8912769581731
lower_task	RE:A498	magnitude_g0.50	ordinal	0.2810511061698165	0	1	278.7946537984343	217.62961091536437	217.62961123299397
lower_task	RE:A498	magnitude_g0.80	magnitude_g0.50	0.0001461040333002358	0	0	422.15438067397895	422.09271122644213	422.0927117485349
lower_task	RE:A498	magnitude_g0.80	magnitude_g0.80	1.2345459464754314e-09	0	0	430.72327573029645	430.7232751985488	430.7232757292721
lower_task	RE:A498	magnitude_g0.80	magnitude_g1.00	0.0005444385916350059	0	0	436.31045631288697	436.0730413204205	436.07304185649355
lower_task	RE:A498	magnitude_g0.80	magnitude_g1.25	0.0012448129659052654	0	0	443.09530452082197	442.5444194894525	442.54442003199694
lower_task	RE:A498	magnitude_g0.80	magnitude_g2.00	0.004240429746286121	0	0	461.84141304677854	459.8912763982818	459.8912769581731
lower_task	RE:A498	magnitude_g0.80	ordinal	0.2834041397290006	0	1	279.3067435763903	217.62961091536437	217.62961123299397
lower_task	RE:A498	magnitude_g1.00	magnitude_g0.50	0.001178074827540836	0	1	422.58996802442647	422.09271122644213	422.0927117485349
lower_task	RE:A498	magnitude_g1.00	magnitude_g0.80	4.564502558461593e-05	0	1	430.7429355734651	430.7232751985488	430.7232757292721
lower_task	RE:A498	magnitude_g1.00	magnitude_g1.00	1.229319162703362e-09	1	1	436.07304185649343	436.0730413204205	436.07304185649355
lower_task	RE:A498	magnitude_g1.00	magnitude_g1.25	3.3083146488300536e-05	0	0	442.55906025131003	442.5444194894525	442.54442003199694
lower_task	RE:A498	magnitude_g1.00	magnitude_g2.00	0.001424677350935896	0	0	460.5464730836594	459.8912763982818	459.8912769581731
lower_task	RE:A498	magnitude_g1.00	ordinal	0.3058748190840032	0	1	284.19702878142346	217.62961091536437	217.62961123299397
lower_task	RE:A498	magnitude_g1.25	magnitude_g0.50	0.001409487674721362	0	1	422.6876457005055	422.09271122644213	422.0927117485349
lower_task	RE:A498	magnitude_g1.25	magnitude_g0.80	0.00015780316766802221	0	1	430.79124469576345	430.7232751985488	430.7232757292721
lower_task	RE:A498	magnitude_g1.25	magnitude_g1.00	4.303261859364529e-05	0	1	436.0918066852866	436.0730413204205	436.07304185649355
lower_task	RE:A498	magnitude_g1.25	magnitude_g1.25	1.225966741207587e-09	0	0	442.5444200319972	442.5444194894525	442.54442003199694
lower_task	RE:A498	magnitude_g1.25	magnitude_g2.00	0.001218634450855715	0	0	460.45171575134873	459.8912763982818	459.8912769581731
lower_task	RE:A498	magnitude_g1.25	ordinal	0.3077643625844936	0	1	284.60824939824283	217.62961091536437	217.62961123299397
lower_task	RE:A498	magnitude_g2.00	magnitude_g0.50	0.004901839801417361	0	1	424.1617420782201	422.09271122644213	422.0927117485349
lower_task	RE:A498	magnitude_g2.00	magnitude_g0.80	0.0024576359166854174	0	1	431.7818361898291	430.7232751985488	430.7232757292721
lower_task	RE:A498	magnitude_g2.00	magnitude_g1.00	0.0016237837390155844	0	1	436.78112963393966	436.0730413204205	436.07304185649355
lower_task	RE:A498	magnitude_g2.00	magnitude_g1.25	0.0007621736387318319	0	1	442.8817151799552	442.5444194894525	442.54442003199694
lower_task	RE:A498	magnitude_g2.00	magnitude_g2.00	1.2174427600784533e-09	1	1	459.8912769581731	459.8912763982818	459.8912769581731
lower_task	RE:A498	magnitude_g2.00	ordinal	0.33281946099293636	0	1	290.0609807163184	217.62961091536437	217.62961123299397
lower_task	RE:A498	ordinal	magnitude_g0.50	0.09413428616063321	0	0	461.82610729134956	422.09271122644213	422.0927117485349
lower_task	RE:A498	ordinal	magnitude_g0.80	0.11060875756149323	0	0	478.3650415210774	430.7232751985488	430.7232757292721
lower_task	RE:A498	ordinal	magnitude_g1.00	0.1212987604507671	0	0	488.96816069858363	436.0730413204205	436.07304185649355
lower_task	RE:A498	ordinal	magnitude_g1.25	0.1336048284546267	0	0	501.67049073889314	442.5444194894525	442.54442003199694
lower_task	RE:A498	ordinal	magnitude_g2.00	0.16521289927773056	0	0	535.871247524578	459.8912763982818	459.8912769581731
lower_task	RE:A498	ordinal	ordinal	1.4594965022197666e-09	0	0	217.62961123299402	217.62961091536437	217.62961123299397
lower_task	RE:ACHN	magnitude_g0.50	magnitude_g0.50	1.2386280987022135e-09	1	1	419.0610039743184	419.06100345525766	419.0610039743187
lower_task	RE:ACHN	magnitude_g0.50	magnitude_g0.80	0.002092261368059482	0	0	429.3868187346998	428.4903050229123	428.4903055514026
lower_task	RE:ACHN	magnitude_g0.50	magnitude_g1.00	0.004203403987601153	0	0	436.0457423495429	434.2205380085793	434.22053854279983
lower_task	RE:ACHN	magnitude_g0.50	magnitude_g1.25	0.0068600897106592	0	0	444.06025576145333	441.03471803025053	441.0347185712853
lower_task	RE:ACHN	magnitude_g0.50	magnitude_g2.00	0.014336284553637777	0	0	465.8214169922063	459.23765528824856	459.2376558474862
lower_task	RE:ACHN	magnitude_g0.50	ordinal	0.15200084773901973	0	1	264.034215978472	229.1961993749224	229.19619970411858
lower_task	RE:ACHN	magnitude_g0.80	magnitude_g0.50	0.0011279535974711879	0	1	419.5336848216649	419.06100345525766	419.0610039743187
lower_task	RE:ACHN	magnitude_g0.80	magnitude_g0.80	1.2333776723133786e-09	0	1	428.4903055514027	428.4903050229123	428.4903055514026
lower_task	RE:ACHN	magnitude_g0.80	magnitude_g1.00	0.00021190773418945354	0	0	434.3125526989272	434.2205380085793	434.22053854279983
lower_task	RE:ACHN	magnitude_g0.80	magnitude_g1.25	0.0007514003336498443	0	0	441.3661116645296	441.03471803025053	441.0347185712853
lower_task	RE:ACHN	magnitude_g0.80	magnitude_g2.00	0.0033289154325016087	0	0	460.76641860612347	459.23765528824856	459.2376558474862
lower_task	RE:ACHN	magnitude_g0.80	ordinal	0.1938437885753361	0	1	273.62445898882544	229.1961993749224	229.19619970411858
lower_task	RE:ACHN	magnitude_g1.00	magnitude_g0.50	0.0018426972504310038	0	1	419.8332060140875	419.06100345525766	419.0610039743187
lower_task	RE:ACHN	magnitude_g1.00	magnitude_g0.80	0.0001348910180617618	0	1	428.54810451638645	428.4903050229123	428.4903055514026
lower_task	RE:ACHN	magnitude_g1.00	magnitude_g1.00	1.230297577139748e-09	1	1	434.2205385427998	434.2205380085793	434.22053854279983
lower_task	RE:ACHN	magnitude_g1.00	magnitude_g1.25	0.0001471267407264648	0	0	441.09960603086154	441.03471803025053	441.0347185712853
lower_task	RE:ACHN	magnitude_g1.00	magnitude_g2.00	0.0017815323996450772	0	0	460.0558020502816	459.23765528824856	459.2376558474862
lower_task	RE:ACHN	magnitude_g1.00	ordinal	0.2089164850750322	0	1	277.0790637408875	229.1961993749224	229.19619970411858
lower_task	RE:ACHN	magnitude_g1.25	magnitude_g0.50	0.0030173944702260144	0	1	420.3254758097709	419.06100345525766	419.0610039743187
lower_task	RE:ACHN	magnitude_g1.25	magnitude_g0.80	0.00072905812869227	0	1	428.8026993628551	428.4903050229123	428.4903055514026
lower_task	RE:ACHN	magnitude_g1.25	magnitude_g1.00	0.00024670291738873324	0	1	434.3276614820961	434.2205380085793	434.22053854279983
lower_task	RE:ACHN	magnitude_g1.25	magnitude_g1.25	1.2267406257407386e-09	0	0	441.03471857128574	441.03471803025053	441.0347185712853
lower_task	RE:ACHN	magnitude_g1.25	magnitude_g2.00	0.0006829709991436575	0	0	459.55130128852517	459.23765528824856	459.2376558474862
lower_task	RE:ACHN	magnitude_g1.25	ordinal	0.22576761461023234	0	1	280.94127858552986	229.1961993749224	229.19619970411858
lower_task	RE:ACHN	magnitude_g2.00	magnitude_g0.50	0.0067401531179901416	0	1	421.8855387843247	419.06100345525766	419.0610039743187
lower_task	RE:ACHN	magnitude_g2.00	magnitude_g0.80	0.0032962632443468247	0	1	429.9027218659183	428.4903050229123	428.4903055514026
lower_task	RE:ACHN	magnitude_g2.00	magnitude_g1.00	0.002130043979317918	0	1	435.14544685126066	434.2205380085793	434.22053854279983
lower_task	RE:ACHN	magnitude_g2.00	magnitude_g1.25	0.0011165525603676278	0	1	441.5271564738782	441.03471803025053	441.0347185712853
lower_task	RE:ACHN	magnitude_g2.00	magnitude_g2.00	1.2177520704533963e-09	1	1	459.23765584748617	459.23765528824856	459.2376558474862
lower_task	RE:ACHN	magnitude_g2.00	ordinal	0.2480108724266825	0	1	286.03934873877677	229.1961993749224	229.19619970411858
lower_task	RE:ACHN	ordinal	magnitude_g0.50	0.07917081838602026	0	0	452.2384060524773	419.06100345525766	419.0610039743187
lower_task	RE:ACHN	ordinal	magnitude_g0.80	0.09154214778230325	0	0	467.71522784860394	428.4903050229123	428.4903055514026
lower_task	RE:ACHN	ordinal	magnitude_g1.00	0.09998372964005545	0	0	477.6355268849885	434.2205380085793	434.22053854279983
lower_task	RE:ACHN	ordinal	magnitude_g1.25	0.1099294712955256	0	0	489.5174314062872	441.03471803025053	441.0347185712853
lower_task	RE:ACHN	ordinal	magnitude_g2.00	0.1355533922448774	0	0	521.4888773091543	459.23765528824856	459.2376558474862
lower_task	RE:ACHN	ordinal	ordinal	1.436307710882038e-09	0	0	229.19619970411867	229.1961993749224	229.19619970411858
lower_task	RE:CAKI-1	magnitude_g0.50	magnitude_g0.50	1.2383204234271757e-09	1	1	419.6026781372071	419.6026776176045	419.6026781372072
lower_task	RE:CAKI-1	magnitude_g0.50	magnitude_g0.80	0.0003778487346577413	0	0	428.7640906527869	428.6021438750521	428.6021444036543
lower_task	RE:CAKI-1	magnitude_g0.50	magnitude_g1.00	0.0014215945058135195	0	0	434.71548141930793	434.09836956215577	434.09837009625414
lower_task	RE:CAKI-1	magnitude_g0.50	magnitude_g1.25	0.0029476491832875697	0	0	441.9224483561581	440.6236444305153	440.62364497113896
lower_task	RE:CAKI-1	magnitude_g0.50	magnitude_g2.00	0.00762384217000401	0	0	461.73790188119256	458.24431951391756	458.2443200721619
lower_task	RE:CAKI-1	magnitude_g0.50	ordinal	0.3250538544228141	0	1	274.0951807710323	206.8558797486964	206.85588005555226
lower_task	RE:CAKI-1	magnitude_g0.80	magnitude_g0.50	0.0004687006744841406	0	1	419.79934567561924	419.6026776176045	419.6026781372072
lower_task	RE:CAKI-1	magnitude_g0.80	magnitude_g0.80	1.2333175058441192e-09	0	0	428.6021444036546	428.6021438750521	428.6021444036543
lower_task	RE:CAKI-1	magnitude_g0.80	magnitude_g1.00	0.0005459860683251377	0	0	434.33538122421936	434.09836956215577	434.09837009625414
lower_task	RE:CAKI-1	magnitude_g0.80	magnitude_g1.25	0.0015185959060709828	0	0	441.29277369306556	440.6236444305153	440.62364497113896
lower_task	RE:CAKI-1	magnitude_g0.80	magnitude_g2.00	0.004923258754875733	0	0	460.5003748718365	458.24431951391756	458.2443200721619
lower_task	RE:CAKI-1	magnitude_g0.80	ordinal	0.33908476940139476	0	1	276.99755803260575	206.8558797486964	206.85588005555226
lower_task	RE:CAKI-1	magnitude_g1.00	magnitude_g0.50	0.0022159690631644064	0	1	420.5325041700261	419.6026776176045	419.6026781372072
lower_task	RE:CAKI-1	magnitude_g1.00	magnitude_g0.80	0.0003128633273208133	0	1	428.7362377678817	428.6021438750521	428.6021444036543
lower_task	RE:CAKI-1	magnitude_g1.00	magnitude_g1.00	1.2303635958794742e-09	0	0	434.0983700962546	434.09836956215577	434.09837009625414
lower_task	RE:CAKI-1	magnitude_g1.00	magnitude_g1.25	0.0	1	0	440.62364465491476	440.6236444305153	440.62364497113896
lower_task	RE:CAKI-1	magnitude_g1.00	magnitude_g2.00	0.0010630717003940599	0	0	458.73146608185914	458.24431951391756	458.2443200721619
lower_task	RE:CAKI-1	magnitude_g1.00	ordinal	0.37257029372319894	0	1	283.92423562503893	206.8558797486964	206.85588005555226
lower_task	RE:CAKI-1	magnitude_g1.25	magnitude_g0.50	0.0022163211349050544	0	1	420.53265190027116	419.6026776176045	419.6026781372072
lower_task	RE:CAKI-1	magnitude_g1.25	magnitude_g0.80	0.000313059467084341	0	1	428.7363218338048	428.6021438750521	428.6021444036543
lower_task	RE:CAKI-1	magnitude_g1.25	magnitude_g1.00	1.051878233185039e-07	0	1	434.09841522401837	434.09836956215577	434.09837009625414
lower_task	RE:CAKI-1	magnitude_g1.25	magnitude_g1.25	1.229630041196692e-09	0	0	440.62364497231937	440.6236444305153	440.62364497113896
lower_task	RE:CAKI-1	magnitude_g1.25	magnitude_g2.00	0.0010628301582596236	0	0	458.7313553965481	458.24431951391756	458.2443200721619
lower_task	RE:CAKI-1	magnitude_g1.25	ordinal	0.37257384023208084	0	1	283.92496924125373	206.8558797486964	206.85588005555226
lower_task	RE:CAKI-1	magnitude_g2.00	magnitude_g0.50	0.004686279657485109	0	1	421.5690531099502	419.6026776176045	419.6026781372072
lower_task	RE:CAKI-1	magnitude_g2.00	magnitude_g0.80	0.001879390529920494	0	1	429.4076546853545	428.6021438750521	428.6021444036543
lower_task	RE:CAKI-1	magnitude_g2.00	magnitude_g1.00	0.001025392901767815	0	1	434.5434909489738	434.09836956215577	434.09837009625414
lower_task	RE:CAKI-1	magnitude_g2.00	magnitude_g1.25	0.0004123043585235526	0	1	440.80531547958253	440.6236444305153	440.62364497113896
lower_task	RE:CAKI-1	magnitude_g2.00	magnitude_g2.00	1.218225325387954e-09	0	0	458.2443200721624	458.24431951391756	458.2443200721619
lower_task	RE:CAKI-1	magnitude_g2.00	ordinal	0.3963647092381218	0	1	288.84625037948433	206.8558797486964	206.85588005555226
lower_task	RE:CAKI-1	ordinal	magnitude_g0.50	0.10750218707377274	0	0	464.7108831635082	419.6026776176045	419.6026781372072
lower_task	RE:CAKI-1	ordinal	magnitude_g0.80	0.12496261267255125	0	0	482.1613875707353	428.6021438750521	428.6021444036543
lower_task	RE:CAKI-1	ordinal	magnitude_g1.00	0.13657668663059042	0	0	493.38608654869654	434.09836956215577	434.09837009625414
lower_task	RE:CAKI-1	ordinal	magnitude_g1.25	0.15034843508174614	0	0	506.870719830659	440.6236444305153	440.62364497113896
lower_task	RE:CAKI-1	ordinal	magnitude_g2.00	0.1857849403435565	0	0	543.3792130775844	458.24431951391756	458.2443200721619
lower_task	RE:CAKI-1	ordinal	ordinal	1.483427342549672e-09	1	1	206.85588005555206	206.8558797486964	206.85588005555226
lower_task	RE:RXF 393	magnitude_g0.50	magnitude_g0.50	1.242442552819712e-09	0	0	412.4701604683694	412.4701599558989	412.4701604683691
lower_task	RE:RXF 393	magnitude_g0.50	magnitude_g0.80	1.9463305849606085e-05	0	0	421.78240005285954	421.77419093278195	421.77419145455616
lower_task	RE:RXF 393	magnitude_g0.50	magnitude_g1.00	0.00010269611422111893	0	0	427.86284834376823	427.81891300381244	427.8189135316314
lower_task	RE:RXF 393	magnitude_g0.50	magnitude_g1.25	0.0009401508703451103	0	0	435.25476304061357	434.8459422495416	434.8459427843876
lower_task	RE:RXF 393	magnitude_g0.50	magnitude_g2.00	0.004767537854613409	0	0	455.71153333411917	453.5492202576106	453.54922081115984
lower_task	RE:RXF 393	magnitude_g0.50	ordinal	0.2647341156649789	0	1	265.67274097729853	210.06212901722165	210.06212932728377
lower_task	RE:RXF 393	magnitude_g0.80	magnitude_g0.50	5.9734845306491566e-05	0	1	412.4947987970974	412.4701599558989	412.4701604683691
lower_task	RE:RXF 393	magnitude_g0.80	magnitude_g0.80	1.2370938750003812e-09	0	0	421.7741914545562	421.77419093278195	421.77419145455616
lower_task	RE:RXF 393	magnitude_g0.80	magnitude_g1.00	3.577813004349345e-05	0	0	427.83421956451696	427.81891300381244	427.8189135316314
lower_task	RE:RXF 393	magnitude_g0.80	magnitude_g1.25	0.000819492733533116	0	0	435.2022953394215	434.8459422495416	434.8459427843876
lower_task	RE:RXF 393	magnitude_g0.80	magnitude_g2.00	0.004517492775059402	0	0	455.5981255832582	453.5492202576106	453.54922081115984
lower_task	RE:RXF 393	magnitude_g0.80	ordinal	0.2664230166469193	0	1	266.0275151132642	210.06212901722165	210.06212932728377
lower_task	RE:RXF 393	magnitude_g1.00	magnitude_g0.50	0.0006950365228083642	0	1	412.75684178163687	412.4701599558989	412.4701604683691
lower_task	RE:RXF 393	magnitude_g1.00	magnitude_g0.80	0.00021348426845160925	0	1	421.864233087385	421.77419093278195	421.77419145455616
lower_task	RE:RXF 393	magnitude_g1.00	magnitude_g1.00	1.233743024093955e-09	1	0	427.81891353163104	427.81891300381244	427.8189135316314
lower_task	RE:RXF 393	magnitude_g1.00	magnitude_g1.25	0.0005051173350595475	0	0	435.06559047305217	434.8459422495416	434.8459427843876
lower_task	RE:RXF 393	magnitude_g1.00	magnitude_g2.00	0.0035511378431374746	0	0	455.1598360573929	453.5492202576106	453.54922081115984
lower_task	RE:RXF 393	magnitude_g1.00	ordinal	0.27498301683555343	0	1	267.8256469772765	210.06212901722165	210.06212932728377
lower_task	RE:RXF 393	magnitude_g1.25	magnitude_g0.50	0.002200983976794316	0	1	413.37800016886763	412.4701599558989	412.4701604683691
lower_task	RE:RXF 393	magnitude_g1.25	magnitude_g0.80	0.0008413732063425332	0	1	422.1290604361596	421.77419093278195	421.77419145455616
lower_task	RE:RXF 393	magnitude_g1.25	magnitude_g1.00	9.80864543257392e-05	0	1	427.8608762440825	427.81891300381244	427.8189135316314
lower_task	RE:RXF 393	magnitude_g1.25	magnitude_g1.25	1.229965936564714e-09	1	0	434.8459427843873	434.8459422495416	434.8459427843876
lower_task	RE:RXF 393	magnitude_g1.25	magnitude_g2.00	0.0015744647038934457	0	0	454.2633174963846	453.5492202576106	453.54922081115984
lower_task	RE:RXF 393	magnitude_g1.25	ordinal	0.29577279222754027	0	1	272.1927914579071	210.06212901722165	210.06212932728377
lower_task	RE:RXF 393	magnitude_g2.00	magnitude_g0.50	0.006670782056128588	0	1	415.2216584976212	412.4701599558989	412.4701604683691
lower_task	RE:RXF 393	magnitude_g2.00	magnitude_g0.80	0.0037799115940607207	0	1	423.36846008716435	421.77419093278195	421.77419145455616
lower_task	RE:RXF 393	magnitude_g2.00	magnitude_g1.00	0.0021127107703413075	0	1	428.7227706290713	427.81891300381244	427.8189135316314
lower_task	RE:RXF 393	magnitude_g2.00	magnitude_g1.25	0.0009651856739893749	0	1	435.2656493233933	434.8459422495416	434.8459427843876
lower_task	RE:RXF 393	magnitude_g2.00	magnitude_g2.00	1.2204832531168247e-09	1	0	453.54922081115984	453.5492202576106	453.54922081115984
lower_task	RE:RXF 393	magnitude_g2.00	ordinal	0.3332158307704403	0	1	280.0581558511026	210.06212901722165	210.06212932728377
lower_task	RE:RXF 393	ordinal	magnitude_g0.50	0.07618613515045	0	0	443.89466730782675	412.4701599558989	412.4701604683691
lower_task	RE:RXF 393	ordinal	magnitude_g0.80	0.09195145965942587	0	0	460.55694343572463	421.77419093278195	421.77419145455616
lower_task	RE:RXF 393	ordinal	magnitude_g1.00	0.101558346646676	0	0	471.26749447265775	427.81891300381244	427.8189135316314
lower_task	RE:RXF 393	ordinal	magnitude_g1.25	0.11332637500360089	0	0	484.12545656970735	434.8459422495416	434.8459427843876
lower_task	RE:RXF 393	ordinal	magnitude_g2.00	0.14402221041739482	0	0	518.8703814921976	453.5492202576106	453.54922081115984
lower_task	RE:RXF 393	ordinal	ordinal	1.4760509457221933e-09	0	0	210.06212932728405	210.06212901722165	210.06212932728377
lower_task	RE:SN12C	magnitude_g0.50	magnitude_g0.50	1.2400271684847579e-09	0	0	416.6202184157126	416.6202178990922	416.62021841571243
lower_task	RE:SN12C	magnitude_g0.50	magnitude_g0.80	0.0009403528782971045	0	0	426.302961219645	425.902462613053	425.90246313895545
lower_task	RE:SN12C	magnitude_g0.50	magnitude_g1.00	0.0016001033993466073	0	0	432.5738717465452	431.88281458680547	431.8828151186883
lower_task	RE:SN12C	magnitude_g0.50	magnitude_g1.25	0.0025105351114449717	0	0	440.14741008700497	439.0451717677716	439.04517230681677
lower_task	RE:SN12C	magnitude_g0.50	magnitude_g2.00	0.00589543491123396	0	0	460.841208131881	458.1402719782184	458.1402725363587
lower_task	RE:SN12C	magnitude_g0.50	ordinal	0.17071007634122468	0	1	278.2461964806099	237.67301751617453	237.67301785384754
lower_task	RE:SN12C	magnitude_g0.80	magnitude_g0.50	0.00017102878921350994	0	1	416.69147195052136	416.6202178990922	416.62021841571243
lower_task	RE:SN12C	magnitude_g0.80	magnitude_g0.80	1.2347956813970163e-09	0	1	425.9024631389555	425.902462613053	425.90246313895545
lower_task	RE:SN12C	magnitude_g0.80	magnitude_g1.00	6.788815865612917e-08	0	0	431.8828439065345	431.88281458680547	431.8828151186883
lower_task	RE:SN12C	magnitude_g0.80	magnitude_g1.25	0.00017070480782113386	0	0	439.120118889443	439.0451717677716	439.04517230681677
lower_task	RE:SN12C	magnitude_g0.80	magnitude_g2.00	0.0018154856263945807	0	0	458.97201905686734	458.1402719782184	458.1402725363587
lower_task	RE:SN12C	magnitude_g0.80	ordinal	0.19027759591030996	0	1	282.8968679019012	237.67301751617453	237.67301785384754
lower_task	RE:SN12C	magnitude_g1.00	magnitude_g0.50	0.00018705219517150526	0	1	416.69814762540307	416.6202178990922	416.62021841571243
lower_task	RE:SN12C	magnitude_g1.00	magnitude_g0.80	6.019153782486752e-06	0	1	425.9050261854718	425.902462613053	425.90246313895545
lower_task	RE:SN12C	magnitude_g1.00	magnitude_g1.00	1.2315446292873366e-09	0	1	431.8828151186884	431.88281458680547	431.8828151186883
lower_task	RE:SN12C	magnitude_g1.00	magnitude_g1.25	0.0001636712624387291	0	0	439.11703084530245	439.0451717677716	439.04517230681677
lower_task	RE:SN12C	magnitude_g1.00	magnitude_g2.00	0.0017913472125391523	0	0	458.9609602773785	458.1402719782184	458.1402725363587
lower_task	RE:SN12C	magnitude_g1.00	ordinal	0.19049981747519415	0	1	282.9496839717844	237.67301751617453	237.67301785384754
lower_task	RE:SN12C	magnitude_g1.25	magnitude_g0.50	0.0018101640793449735	0	1	417.374368852262	416.6202178990922	416.62021841571243
lower_task	RE:SN12C	magnitude_g1.25	magnitude_g0.80	0.0008280583978110591	0	1	426.25513472386814	425.902462613053	425.90246313895545
lower_task	RE:SN12C	magnitude_g1.25	magnitude_g1.00	0.0003538869715107838	0	1	432.03565228810714	431.88281458680547	431.8828151186883
lower_task	RE:SN12C	magnitude_g1.25	magnitude_g1.25	1.2277666145792113e-09	1	0	439.0451723068166	439.0451717677716	439.04517230681677
lower_task	RE:SN12C	magnitude_g1.25	magnitude_g2.00	0.00044921079168182287	0	0	458.34607353249504	458.1402719782184	458.1402725363587
lower_task	RE:SN12C	magnitude_g1.25	ordinal	0.2012651626291103	0	1	285.50831603911877	237.67301751617453	237.67301785384754
lower_task	RE:SN12C	magnitude_g2.00	magnitude_g0.50	0.0038509200956907672	0	1	418.2245890684709	416.6202178990922	416.62021841571243
lower_task	RE:SN12C	magnitude_g2.00	magnitude_g0.80	0.0022612551724504153	0	1	426.8655367595961	425.902462613053	425.90246313895545
lower_task	RE:SN12C	magnitude_g2.00	magnitude_g1.00	0.0014143409347853887	0	1	432.4936441305059	431.88281458680547	431.8828151186883
lower_task	RE:SN12C	magnitude_g2.00	magnitude_g1.25	0.0006300670406009292	0	1	439.32179965983744	439.0451717677716	439.04517230681677
lower_task	RE:SN12C	magnitude_g2.00	magnitude_g2.00	1.2182734498747976e-09	1	0	458.1402725363585	458.1402719782184	458.1402725363587
lower_task	RE:SN12C	magnitude_g2.00	ordinal	0.22082876187629402	0	1	290.1580557056741	237.67301751617453	237.67301785384754
lower_task	RE:SN12C	ordinal	magnitude_g0.50	0.10626319889368521	0	0	460.8916149768339	416.6202178990922	416.62021841571243
lower_task	RE:SN12C	ordinal	magnitude_g0.80	0.12084248315796252	0	0	477.3695737783056	425.902462613053	425.90246313895545
lower_task	RE:SN12C	ordinal	magnitude_g1.00	0.12981003276559258	0	0	487.945536899215	431.88281458680547	431.8828151186883
lower_task	RE:SN12C	ordinal	magnitude_g1.25	0.14025870342732785	0	0	500.6250783059477	439.0451717677716	439.04517230681677
lower_task	RE:SN12C	ordinal	magnitude_g2.00	0.16729076842957574	0	0	534.7829101259894	458.1402719782184	458.1402725363587
lower_task	RE:SN12C	ordinal	ordinal	1.4207467070532471e-09	0	1	237.67301785384768	237.67301751617453	237.67301785384754
lower_task	RE:TK-10	magnitude_g0.50	magnitude_g0.50	1.2359189286964502e-09	0	1	423.8750072012182	423.87500667734304	423.87500720121807
lower_task	RE:TK-10	magnitude_g0.50	magnitude_g0.80	0.00031341564678271424	0	0	432.55998263762183	432.4244540476718	432.42445458009627
lower_task	RE:TK-10	magnitude_g0.50	magnitude_g1.00	0.0007296483897870214	0	0	438.19357829615194	437.8740841757037	437.87408471357776
lower_task	RE:TK-10	magnitude_g0.50	magnitude_g1.25	0.0013290379923973311	0	0	445.0084523431906	444.4178041969151	444.41780474133293
lower_task	RE:TK-10	magnitude_g0.50	magnitude_g2.00	0.005320305071904352	0	0	463.714928127136	461.26087953029986	461.26088009156075
lower_task	RE:TK-10	magnitude_g0.50	ordinal	0.2608881556363485	0	1	280.7155288701432	222.63317140010005	222.6331717227332
lower_task	RE:TK-10	magnitude_g0.80	magnitude_g0.50	0.0003610861015015123	0	1	424.0280620510281	423.87500667734304	423.87500720121807
lower_task	RE:TK-10	magnitude_g0.80	magnitude_g0.80	1.2312532084226206e-09	1	1	432.4244545800958	432.4244540476718	432.42445458009627
lower_task	RE:TK-10	magnitude_g0.80	magnitude_g1.00	5.965690956391978e-06	0	0	437.8766963971677	437.8740841757037	437.87408471357776
lower_task	RE:TK-10	magnitude_g0.80	magnitude_g1.25	0.00013558081415392676	0	0	444.4780587246326	444.4178041969151	444.41780474133293
lower_task	RE:TK-10	magnitude_g0.80	magnitude_g2.00	0.0029693987549792925	0	0	462.6305470116978	461.26087953029986	461.26088009156075
lower_task	RE:TK-10	magnitude_g0.80	ordinal	0.2744763770142759	0	1	283.7407176891978	222.63317140010005	222.6331717227332
lower_task	RE:TK-10	magnitude_g1.00	magnitude_g0.50	0.00038897319676968895	0	1	424.0398826937211	423.87500667734304	423.87500720121807
lower_task	RE:TK-10	magnitude_g1.00	magnitude_g0.80	6.780080401512195e-06	0	1	432.42738592023784	432.4244540476718	432.42445458009627
lower_task	RE:TK-10	magnitude_g1.00	magnitude_g1.00	1.2283769400890924e-09	0	0	437.8740847135781	437.8740841757037	437.87408471357776
lower_task	RE:TK-10	magnitude_g1.00	magnitude_g1.25	0.00011510473482247876	0	0	444.46895879041756	444.4178041969151	444.41780474133293
lower_task	RE:TK-10	magnitude_g1.00	magnitude_g2.00	0.0029135019088385363	0	0	462.60476398328393	461.26087953029986	461.26088009156075
lower_task	RE:TK-10	magnitude_g1.00	ordinal	0.27495606360157415	0	1	283.8475118354061	222.63317140010005	222.6331717227332
lower_task	RE:TK-10	magnitude_g1.25	magnitude_g0.50	0.0028929627676250974	0	1	425.10126128978743	423.87500667734304	423.87500720121807
lower_task	RE:TK-10	magnitude_g1.25	magnitude_g0.80	0.0013647767219548803	0	1	433.0146168765601	432.4244540476718	432.42445458009627
lower_task	RE:TK-10	magnitude_g1.25	magnitude_g1.00	0.0006679020673387878	0	1	438.1665411817587	437.8740841757037	437.87408471357776
lower_task	RE:TK-10	magnitude_g1.25	magnitude_g1.25	1.225014344741864e-09	0	1	444.41780474133327	444.4178041969151	444.41780474133293
lower_task	RE:TK-10	magnitude_g1.25	magnitude_g2.00	0.0009156037095702828	0	0	461.68321170267745	461.26087953029986	461.26088009156075
lower_task	RE:TK-10	magnitude_g1.25	ordinal	0.29992280390310555	0	1	289.40593640825875	222.63317140010005	222.6331717227332
lower_task	RE:TK-10	magnitude_g2.00	magnitude_g0.50	0.005714100822058623	0	1	426.29707120144815	423.87500667734304	423.87500720121807
lower_task	RE:TK-10	magnitude_g2.00	magnitude_g0.80	0.003207185516695189	0	1	433.81131949375833	432.4244540476718	432.42445458009627
lower_task	RE:TK-10	magnitude_g2.00	magnitude_g1.00	0.0019316915957466468	0	1	438.71992186410114	437.8740841757037	437.87408471357776
lower_task	RE:TK-10	magnitude_g2.00	magnitude_g1.25	0.0006156501313487759	0	1	444.69141007644265	444.4178041969151	444.41780474133293
lower_task	RE:TK-10	magnitude_g2.00	magnitude_g2.00	1.2167969543319393e-09	1	1	461.2608800915607	461.26087953029986	461.26088009156075
lower_task	RE:TK-10	magnitude_g2.00	ordinal	0.32741053392610026	0	1	295.5256169178678	222.63317140010005	222.6331717227332
lower_task	RE:TK-10	ordinal	magnitude_g0.50	0.08990308370523964	0	0	461.9826768832152	423.87500667734304	423.87500720121807
lower_task	RE:TK-10	ordinal	magnitude_g0.80	0.10543757122976434	0	0	478.01823822281517	432.4244540476718	432.42445458009627
lower_task	RE:TK-10	ordinal	magnitude_g1.00	0.115128128658641	0	0	488.2857080749687	437.8740841757037	437.87408471357776
lower_task	RE:TK-10	ordinal	magnitude_g1.25	0.1263591500779579	0	0	500.5740602147496	444.4178041969151	444.41780474133293
lower_task	RE:TK-10	ordinal	magnitude_g2.00	0.15683081534057242	0	0	533.6007993517463	461.26087953029986	461.26088009156075
lower_task	RE:TK-10	ordinal	ordinal	1.449168144723148e-09	1	1	222.63317172273295	222.63317140010005	222.6331717227332
primary	BR:BT-549	magnitude_g0.50	magnitude_g0.50	1.1021971359815864e-09	1	1	978.4995448279794	978.49954374948	978.4995448279795
primary	BR:BT-549	magnitude_g0.50	magnitude_g0.80	8.743993192804277e-05	0	0	991.3557604646248	991.2690839634007	991.2690850546697
primary	BR:BT-549	magnitude_g0.50	magnitude_g1.00	0.00014814696905496964	0	0	999.6749729749562	999.5268960948108	999.5268971943377
primary	BR:BT-549	magnitude_g0.50	magnitude_g1.25	0.00027916534753524624	0	0	1009.7155756532351	1009.4337767221426	1009.4337778315763
primary	BR:BT-549	magnitude_g0.50	magnitude_g2.00	0.0009439741894698957	0	0	1037.1103543231727	1036.1322722013379	1036.1322733374702
primary	BR:BT-549	magnitude_g0.50	ordinal	0.042314852169664983	0	1	795.3375967914544	763.0492793380936	763.0492802011428
primary	BR:BT-549	magnitude_g0.80	magnitude_g0.50	1.6257167469161003e-05	0	1	978.5154513804313	978.49954374948	978.4995448279795
primary	BR:BT-549	magnitude_g0.80	magnitude_g0.80	1.1008813120896758e-09	0	0	991.2690850546703	991.2690839634007	991.2690850546697
primary	BR:BT-549	magnitude_g0.80	magnitude_g1.00	0.0	1	0	999.526896474034	999.5268960948108	999.5268971943377
primary	BR:BT-549	magnitude_g0.80	magnitude_g1.25	6.377337421834208e-05	0	0	1009.4981517201342	1009.4337767221426	1009.4337778315763
primary	BR:BT-549	magnitude_g0.80	magnitude_g2.00	0.0005748733417920456	0	0	1036.7279170231968	1036.1322722013379	1036.1322733374702
primary	BR:BT-549	magnitude_g0.80	ordinal	0.04324967681058882	0	1	796.0509140600188	763.0492793380936	763.0492802011428
primary	BR:BT-549	magnitude_g1.00	magnitude_g0.50	1.6262114592377892e-05	0	1	978.5154562211891	978.49954374948	978.4995448279795
primary	BR:BT-549	magnitude_g1.00	magnitude_g0.80	3.453752252828154e-09	0	1	991.2690873869985	991.2690839634007	991.2690850546697
primary	BR:BT-549	magnitude_g1.00	magnitude_g1.00	1.1000471214003071e-09	1	1	999.5268971943375	999.5268960948108	999.5268971943377
primary	BR:BT-549	magnitude_g1.00	magnitude_g1.25	6.377217142121235e-05	0	0	1009.4981505059901	1009.4337767221426	1009.4337778315763
primary	BR:BT-549	magnitude_g1.00	magnitude_g2.00	0.0005748671416819137	0	0	1036.7279105990626	1036.1322722013379	1036.1322733374702
primary	BR:BT-549	magnitude_g1.00	ordinal	0.04324973339919313	0	1	796.0509572399126	763.0492793380936	763.0492802011428
primary	BR:BT-549	magnitude_g1.25	magnitude_g0.50	0.0002872194801620244	0	1	978.7805878797745	978.49954374948	978.4995448279795
primary	BR:BT-549	magnitude_g1.25	magnitude_g0.80	0.0001297659229074669	0	1	991.3977169109309	991.2690839634007	991.2690850546697
primary	BR:BT-549	magnitude_g1.25	magnitude_g1.00	4.092388905988188e-05	0	1	999.567800622619	999.5268960948108	999.5268971943377
primary	BR:BT-549	magnitude_g1.25	magnitude_g1.25	1.099065922826186e-09	0	0	1009.4337778315769	1009.4337767221426	1009.4337778315763
primary	BR:BT-549	magnitude_g1.25	magnitude_g2.00	0.0002390711748736295	0	0	1036.3799815609775	1036.1322722013379	1036.1322733374702
primary	BR:BT-549	magnitude_g1.25	ordinal	0.04633242582772108	0	1	798.4032034759218	763.0492793380936	763.0492802011428
primary	BR:BT-549	magnitude_g2.00	magnitude_g0.50	0.0010580944414923972	0	1	979.5348886777242	978.49954374948	978.4995448279795
primary	BR:BT-549	magnitude_g2.00	magnitude_g0.80	0.0006371377817737458	0	1	991.900658948698	991.2690839634007	991.2690850546697
primary	BR:BT-549	magnitude_g2.00	magnitude_g1.00	0.00039165613941962785	0	1	999.9183669401814	999.5268960948108	999.5268971943377
primary	BR:BT-549	magnitude_g2.00	magnitude_g1.25	0.0001749021773930608	0	1	1009.6103288876254	1009.4337767221426	1009.4337778315763
primary	BR:BT-549	magnitude_g2.00	magnitude_g2.00	1.0965126477928153e-09	1	1	1036.13227333747	1036.1322722013379	1036.1322733374702
primary	BR:BT-549	magnitude_g2.00	ordinal	0.04977943749040087	0	1	801.0334432409996	763.0492793380936	763.0492802011428
primary	BR:BT-549	ordinal	magnitude_g0.50	0.05563589268731903	0	0	1032.9392393601167	978.49954374948	978.4995448279795
primary	BR:BT-549	ordinal	magnitude_g0.80	0.06230343958537588	0	0	1053.0285574489653	991.2690839634007	991.2690850546697
primary	BR:BT-549	ordinal	magnitude_g1.00	0.06642304253719249	0	0	1065.9185136311844	999.5268960948108	999.5268971943377
primary	BR:BT-549	ordinal	magnitude_g1.25	0.07126028522066448	0	0	1081.366315562735	1009.4337767221426	1009.4337778315763
primary	BR:BT-549	ordinal	magnitude_g2.00	0.08375966474423824	0	0	1122.9183639516077	1036.1322722013379	1036.1322733374702
primary	BR:BT-549	ordinal	ordinal	1.1310525769254572e-09	1	0	763.0492802011424	763.0492793380936	763.0492802011428
primary	BR:MCF7	magnitude_g0.50	magnitude_g0.50	1.1005819457519841e-09	0	0	994.2156598287237	994.2156587345079	994.2156598287235
primary	BR:MCF7	magnitude_g0.50	magnitude_g0.80	9.994459872270745e-07	0	1	1004.8478098856087	1004.8468055955011	1004.8468067003479
primary	BR:MCF7	magnitude_g0.50	magnitude_g1.00	2.240074107159629e-06	0	1	1011.7970205363895	1011.7947540411592	1011.7947551529539
primary	BR:MCF7	magnitude_g0.50	magnitude_g1.25	6.3953079750253595e-06	0	0	1020.2566216243258	1020.2500968107452	1020.2500979309953
primary	BR:MCF7	magnitude_g0.50	magnitude_g2.00	0.00029071248383109194	0	0	1043.761222418188	1043.4578761872285	1043.4578773306864
primary	BR:MCF7	magnitude_g0.50	ordinal	0.03808337193846305	0	1	797.1283425183791	767.8847037399925	767.8847046078771
primary	BR:MCF7	magnitude_g0.80	magnitude_g0.50	1.131571439322363e-06	0	0	994.2167837605518	994.2156587345079	994.2156598287235
primary	BR:MCF7	magnitude_g0.80	magnitude_g0.80	1.0995175127493188e-09	1	1	1004.8468067003478	1004.8468055955011	1004.8468067003479
primary	BR:MCF7	magnitude_g0.80	magnitude_g1.00	1.6247495167678514e-09	0	1	1011.7947556850722	1011.7947540411592	1011.7947551529539
primary	BR:MCF7	magnitude_g0.80	magnitude_g1.25	2.7909268120833003e-06	0	0	1020.2529442540954	1020.2500968107452	1020.2500979309953
primary	BR:MCF7	magnitude_g0.80	magnitude_g2.00	0.00028403106777433965	0	0	1043.7542506419795	1043.4578761872285	1043.4578773306864
primary	BR:MCF7	magnitude_g0.80	ordinal	0.03809856465892268	0	1	797.1400087760283	767.8847037399925	767.8847046078771
primary	BR:MCF7	magnitude_g1.00	magnitude_g0.50	1.1314164894160345e-06	0	0	994.2167836064982	994.2156587345079	994.2156598287235
primary	BR:MCF7	magnitude_g1.00	magnitude_g0.80	0.0	1	0	1004.8468063469923	1004.8468055955011	1004.8468067003479
primary	BR:MCF7	magnitude_g1.00	magnitude_g1.00	1.098833928181167e-09	1	1	1011.7947551529536	1011.7947540411592	1011.7947551529539
primary	BR:MCF7	magnitude_g1.00	magnitude_g1.25	2.7901491733495944e-06	0	0	1020.2529434607094	1020.2500968107452	1020.2500979309953
primary	BR:MCF7	magnitude_g1.00	magnitude_g2.00	0.00028402942121021735	0	0	1043.7542489238592	1043.4578761872285	1043.4578773306864
primary	BR:MCF7	magnitude_g1.00	ordinal	0.03809858816247265	0	1	797.1400268240448	767.8847037399925	767.8847046078771
primary	BR:MCF7	magnitude_g1.25	magnitude_g0.50	1.916474905141232e-05	0	1	994.2347126281105	994.2156587345079	994.2156598287235
primary	BR:MCF7	magnitude_g1.25	magnitude_g0.80	9.20835184407928e-06	0	1	1004.8560585784364	1004.8468055955011	1004.8468067003479
primary	BR:MCF7	magnitude_g1.25	magnitude_g1.00	3.6859715090328736e-06	0	1	1011.7984834877956	1011.7947540411592	1011.7947551529539
primary	BR:MCF7	magnitude_g1.25	magnitude_g1.25	1.098014730682078e-09	1	0	1020.2500979309948	1020.2500968107452	1020.2500979309953
primary	BR:MCF7	magnitude_g1.25	magnitude_g2.00	0.0002646249980166152	0	0	1043.734001225645	1043.4578761872285	1043.4578773306864
primary	BR:MCF7	magnitude_g1.25	ordinal	0.03831519957512113	0	1	797.306359414473	767.8847037399925	767.8847046078771
primary	BR:MCF7	magnitude_g2.00	magnitude_g0.50	0.0006077123697528805	0	1	994.8198558885229	994.2156587345079	994.2156598287235
primary	BR:MCF7	magnitude_g2.00	magnitude_g0.80	0.00037351576862825625	0	1	1005.2221317224468	1004.8468055955011	1004.8468067003479
primary	BR:MCF7	magnitude_g2.00	magnitude_g1.00	0.0002351595460000517	0	1	1012.0326872361647	1011.7947540411592	1011.7947551529539
primary	BR:MCF7	magnitude_g2.00	magnitude_g1.25	8.280164697473569e-05	0	1	1020.3345751990872	1020.2500968107452	1020.2500979309953
primary	BR:MCF7	magnitude_g2.00	magnitude_g2.00	1.0958365297163768e-09	0	0	1043.4578773306878	1043.4578761872285	1043.4578773306864
primary	BR:MCF7	magnitude_g2.00	ordinal	0.04218442718555937	0	1	800.277480111817	767.8847037399925	767.8847046078771
primary	BR:MCF7	ordinal	magnitude_g0.50	0.07735980455191845	0	0	1071.1279877766663	994.2156587345079	994.2156598287235
primary	BR:MCF7	ordinal	magnitude_g0.80	0.0830673928825933	0	0	1088.3168099827215	1004.8468055955011	1004.8468067003479
primary	BR:MCF7	ordinal	magnitude_g1.00	0.08661376932244653	0	0	1099.4301114693417	1011.7947540411592	1011.7947551529539
primary	BR:MCF7	ordinal	magnitude_g1.25	0.09075273730195421	0	0	1112.840585828904	1020.2500968107452	1020.2500979309953
primary	BR:MCF7	ordinal	magnitude_g2.00	0.10159995229356734	0	0	1149.473146628198	1043.4578761872285	1043.4578773306864
primary	BR:MCF7	ordinal	ordinal	1.1302294255556281e-09	0	0	767.8847046078783	767.8847037399925	767.8847046078771
primary	BR:T-47D	magnitude_g0.50	magnitude_g0.50	1.1013286460573054e-09	1	0	986.8785897476367	986.8785886607591	986.8785897476376
primary	BR:T-47D	magnitude_g0.50	magnitude_g0.80	0.0001799071974453724	0	0	999.6385763207144	999.458766495072	999.4587675945307
primary	BR:T-47D	magnitude_g0.50	magnitude_g1.00	0.0004004379494685186	0	0	1007.8787321349982	1007.4753007914092	1007.4753018988844
primary	BR:T-47D	magnitude_g0.50	magnitude_g1.25	0.0006947911862879373	0	0	1017.806056642884	1017.0993849546386	1017.099386071738
primary	BR:T-47D	magnitude_g0.50	magnitude_g2.00	0.0021661845442433373	0	0	1044.7886346252965	1042.5303215558372	1042.5303226983676
primary	BR:T-47D	magnitude_g0.50	ordinal	0.04194697089393335	0	1	795.2295725861264	763.2150145835762	763.2150154467912
primary	BR:T-47D	magnitude_g0.80	magnitude_g0.50	0.0001693326929244977	0	1	987.0456994697665	986.8785886607591	986.8785897476376
primary	BR:T-47D	magnitude_g0.80	magnitude_g0.80	1.100053858714209e-09	1	0	999.4587675945305	999.458766495072	999.4587675945307
primary	BR:T-47D	magnitude_g0.80	magnitude_g1.00	2.3161548964896153e-06	0	0	1007.4776342602602	1007.4753007914092	1007.4753018988844
primary	BR:T-47D	magnitude_g0.80	magnitude_g1.25	4.1318820269096136e-05	0	0	1017.1414103013213	1017.0993849546386	1017.099386071738
primary	BR:T-47D	magnitude_g0.80	magnitude_g2.00	0.0008604183980118966	0	0	1043.427333824989	1042.5303215558372	1042.5303226983676
primary	BR:T-47D	magnitude_g0.80	ordinal	0.04770079129275486	0	1	799.6209747057243	763.2150145835762	763.2150154467912
primary	BR:T-47D	magnitude_g1.00	magnitude_g0.50	0.00017917011397760487	0	1	987.0554078099715	986.8785886607591	986.8785897476376
primary	BR:T-47D	magnitude_g1.00	magnitude_g0.80	2.3942829660997135e-06	0	1	999.461159482172	999.458766495072	999.4587675945307
primary	BR:T-47D	magnitude_g1.00	magnitude_g1.00	1.0992578172394148e-09	1	1	1007.4753018988843	1007.4753007914092	1007.4753018988844
primary	BR:T-47D	magnitude_g1.00	magnitude_g1.25	3.343676783623784e-05	0	0	1017.1333934706397	1017.0993849546386	1017.099386071738
primary	BR:T-47D	magnitude_g1.00	magnitude_g2.00	0.0008380033837833379	0	0	1043.4039654929977	1042.5303215558372	1042.5303226983676
primary	BR:T-47D	magnitude_g1.00	ordinal	0.04784398007560881	0	1	799.7302585347184	763.2150145835762	763.2150154467912
primary	BR:T-47D	magnitude_g1.25	magnitude_g0.50	0.0004654976149955647	0	1	987.3379782900709	986.8785886607591	986.8785897476376
primary	BR:T-47D	magnitude_g1.25	magnitude_g0.80	0.0001481463105109514	0	1	999.6068326238361	999.458766495072	999.4587675945307
primary	BR:T-47D	magnitude_g1.25	magnitude_g1.00	6.164192290431826e-05	0	1	1007.5374035062285	1007.4753007914092	1007.4753018988844
primary	BR:T-47D	magnitude_g1.25	magnitude_g1.25	1.0983201383969202e-09	0	0	1017.0993860717393	1017.0993849546386	1017.099386071738
primary	BR:T-47D	magnitude_g1.25	magnitude_g2.00	0.000576751524714073	0	0	1043.1316025083552	1042.5303215558372	1042.5303226983676
primary	BR:T-47D	magnitude_g1.25	ordinal	0.04999627023581764	0	1	801.3729187007302	763.2150145835762	763.2150154467912
primary	BR:T-47D	magnitude_g2.00	magnitude_g0.50	0.0019440802136733415	0	1	988.7971597982723	986.8785886607591	986.8785897476376
primary	BR:T-47D	magnitude_g2.00	magnitude_g0.80	0.0011079068363658137	0	1	1000.5660736951377	999.458766495072	999.4587675945307
primary	BR:T-47D	magnitude_g2.00	magnitude_g1.00	0.0007078468562625098	0	1	1008.1884390158365	1007.4753007914092	1007.4753018988844
primary	BR:T-47D	magnitude_g2.00	magnitude_g1.25	0.00028907583033269547	0	1	1017.3934038038752	1017.0993849546386	1017.099386071738
primary	BR:T-47D	magnitude_g2.00	magnitude_g2.00	1.0959210179367482e-09	0	1	1042.530322698368	1042.5303215558372	1042.5303226983676
primary	BR:T-47D	magnitude_g2.00	ordinal	0.05781075076033843	0	1	807.3370475682154	763.2150145835762	763.2150154467912
primary	BR:T-47D	ordinal	magnitude_g0.50	0.04773323784143997	0	0	1033.9854990539277	986.8785886607591	986.8785897476376
primary	BR:T-47D	ordinal	magnitude_g0.80	0.05325795105439182	0	0	1052.6878925619494	999.458766495072	999.4587675945307
primary	BR:T-47D	ordinal	magnitude_g1.00	0.05679329244032191	0	0	1064.693140175657	1007.4753007914092	1007.4753018988844
primary	BR:T-47D	ordinal	magnitude_g1.25	0.06094398018305534	0	0	1079.0854697155119	1017.0993849546386	1017.099386071738
primary	BR:T-47D	ordinal	magnitude_g2.00	0.0722269943729974	0	0	1117.8291532245298	1042.5303215558372	1042.5303226983676
primary	BR:T-47D	ordinal	ordinal	1.1310238468292865e-09	1	1	763.2150154467906	763.2150145835762	763.2150154467912
primary	CNS:SF-268	magnitude_g0.50	magnitude_g0.50	1.1037621281993743e-09	1	0	963.7428365595033	963.7428354957605	963.7428365595033
primary	CNS:SF-268	magnitude_g0.50	magnitude_g0.80	2.347597075426801e-05	0	0	978.085133216965	978.0621722580132	978.0621733360754
primary	CNS:SF-268	magnitude_g0.50	magnitude_g1.00	0.00010974272548127425	0	0	987.3158107506486	987.2074719120654	987.2074729992729
primary	CNS:SF-268	magnitude_g0.50	magnitude_g1.25	0.00021422029319683928	0	0	998.4078068121664	998.193973406516	998.1939745047099
primary	CNS:SF-268	magnitude_g0.50	magnitude_g2.00	0.0008428080677181407	0	0	1028.4226482754152	1027.5566152700285	1027.5566163975852
primary	CNS:SF-268	magnitude_g0.50	ordinal	0.02740975212878711	0	1	759.1927846092195	738.9386591242456	738.9386599631843
primary	CNS:SF-268	magnitude_g0.80	magnitude_g0.50	0.0001089926041021677	0	1	963.847876337086	963.7428354957605	963.7428365595033
primary	CNS:SF-268	magnitude_g0.80	magnitude_g0.80	1.1022425065942992e-09	1	0	978.0621733360749	978.0621722580132	978.0621733360754
primary	CNS:SF-268	magnitude_g0.80	magnitude_g1.00	3.8172341319130235e-06	0	0	987.2112403141225	987.2074719120654	987.2074729992729
primary	CNS:SF-268	magnitude_g0.80	magnitude_g1.25	1.1938099434586e-05	0	0	998.2058899454255	998.193973406516	998.1939745047099
primary	CNS:SF-268	magnitude_g0.80	magnitude_g2.00	0.0003937367862416523	0	0	1027.9612021094063	1027.5566152700285	1027.5566163975852
primary	CNS:SF-268	magnitude_g0.80	ordinal	0.03047928317665864	0	1	761.460979765874	738.9386591242456	738.9386599631843
primary	CNS:SF-268	magnitude_g1.00	magnitude_g0.50	0.00012609195436202875	0	1	963.8643557133905	963.7428354957605	963.7428365595033
primary	CNS:SF-268	magnitude_g1.00	magnitude_g0.80	3.7393312194683057e-06	0	1	978.0658295564285	978.0621722580132	978.0621733360754
primary	CNS:SF-268	magnitude_g1.00	magnitude_g1.00	1.101296744419771e-09	0	0	987.2074729992738	987.2074719120654	987.2074729992729
primary	CNS:SF-268	magnitude_g1.00	magnitude_g1.25	0.0	1	0	998.1939738321072	998.193973406516	998.1939745047099
primary	CNS:SF-268	magnitude_g1.00	magnitude_g2.00	0.000364325517935386	0	0	1027.9309803660947	1027.5566152700285	1027.5566163975852
primary	CNS:SF-268	magnitude_g1.00	ordinal	0.03055069252605056	0	1	761.5137468947626	738.9386591242456	738.9386599631843
primary	CNS:SF-268	magnitude_g1.25	magnitude_g0.50	0.00012610061526842538	0	1	963.864364060277	963.7428354957605	963.7428365595033
primary	CNS:SF-268	magnitude_g1.25	magnitude_g0.80	3.744573185562164e-06	0	1	978.0658346833973	978.0621722580132	978.0621733360754
primary	CNS:SF-268	magnitude_g1.25	magnitude_g1.00	4.229800561915925e-09	0	1	987.2074760877562	987.2074719120654	987.2074729992729
primary	CNS:SF-268	magnitude_g1.25	magnitude_g1.25	1.1001805482799844e-09	1	1	998.1939745047096	998.193973406516	998.1939745047099
primary	CNS:SF-268	magnitude_g1.25	magnitude_g2.00	0.0003643199938895	0	0	1027.9309746898248	1027.5566152700285	1027.5566163975852
primary	CNS:SF-268	magnitude_g1.25	ordinal	0.03055077369840337	0	1	761.5138068761521	738.9386591242456	738.9386599631843
primary	CNS:SF-268	magnitude_g2.00	magnitude_g0.50	0.0021886850441903668	0	1	965.8521650262556	963.7428354957605	963.7428365595033
primary	CNS:SF-268	magnitude_g2.00	magnitude_g0.80	0.0014653509461609177	0	1	979.4953765875357	978.0621722580132	978.0621733360754
primary	CNS:SF-268	magnitude_g2.00	magnitude_g1.00	0.0010946897469940957	0	1	988.2881578097235	987.2074719120654	987.2074729992729
primary	CNS:SF-268	magnitude_g2.00	magnitude_g1.25	0.00067332917809244	0	1	998.8660865342066	998.193973406516	998.1939745047099
primary	CNS:SF-268	magnitude_g2.00	magnitude_g2.00	1.0973194695046592e-09	0	0	1027.5566163975864	1027.5566152700285	1027.5566163975852
primary	CNS:SF-268	magnitude_g2.00	ordinal	0.0417937525517575	0	1	769.8216785946119	738.9386591242456	738.9386599631843
primary	CNS:SF-268	ordinal	magnitude_g0.50	0.02532199416077051	0	0	988.1467259486685	963.7428354957605	963.7428365595033
primary	CNS:SF-268	ordinal	magnitude_g0.80	0.02898445501663963	0	0	1006.4107712933024	978.0621722580132	978.0621733360754
primary	CNS:SF-268	ordinal	magnitude_g1.00	0.03127844118201725	0	0	1018.0857827567149	987.2074719120654	987.2074729992729
primary	CNS:SF-268	ordinal	magnitude_g1.25	0.03390427326879905	0	0	1032.0370146561588	998.193973406516	998.1939745047099
primary	CNS:SF-268	ordinal	magnitude_g2.00	0.0407009413154399	0	0	1069.379136766426	1027.5566152700285	1027.5566163975852
primary	CNS:SF-268	ordinal	ordinal	1.1353299248793845e-09	0	1	738.9386599631848	738.9386591242456	738.9386599631843
primary	CNS:SF-295	magnitude_g0.50	magnitude_g0.50	1.1017230529797268e-09	1	1	983.0604843808073	983.0604832977469	983.0604843808073
primary	CNS:SF-295	magnitude_g0.50	magnitude_g0.80	4.048583151068079e-05	0	0	995.7143326594912	995.6740219687982	995.6740230644722
primary	CNS:SF-295	magnitude_g0.50	magnitude_g1.00	0.00013737168318060395	0	0	1003.8690054232128	1003.7311211896342	1003.7311222933653
primary	CNS:SF-295	magnitude_g0.50	magnitude_g1.25	0.00032423563871783717	0	0	1013.6793088657136	1013.3507444398449	1013.3507455531956
primary	CNS:SF-295	magnitude_g0.50	magnitude_g2.00	0.0010369611400100616	0	0	1040.2977889069925	1039.2201579872446	1039.220159126465
primary	CNS:SF-295	magnitude_g0.50	ordinal	0.034681611879859096	0	1	789.3963521488422	762.9364850841691	762.9364859471056
primary	CNS:SF-295	magnitude_g0.80	magnitude_g0.50	5.832752590999746e-05	0	1	983.1178227835576	983.0604832977469	983.0604843808073
primary	CNS:SF-295	magnitude_g0.80	magnitude_g0.80	1.1004341782740545e-09	1	1	995.674023064472	995.6740219687982	995.6740230644722
primary	CNS:SF-295	magnitude_g0.80	magnitude_g1.00	3.8476626675111606e-05	0	0	1003.7697413772664	1003.7311211896342	1003.7311222933653
primary	CNS:SF-295	magnitude_g0.80	magnitude_g1.25	0.00016002986571814193	0	0	1013.512910823403	1013.3507444398449	1013.3507455531956
primary	CNS:SF-295	magnitude_g0.80	magnitude_g2.00	0.0007199162984316012	0	0	1039.9683095166383	1039.2201579872446	1039.220159126465
primary	CNS:SF-295	magnitude_g0.80	ordinal	0.03582676418222471	0	1	790.2700306212951	762.9364850841691	762.9364859471056
primary	CNS:SF-295	magnitude_g1.00	magnitude_g0.50	0.00027370737756557715	0	1	983.3295542046187	983.0604832977469	983.0604843808073
primary	CNS:SF-295	magnitude_g1.00	magnitude_g0.80	5.5733025338287725e-05	0	1	995.7295138942933	995.6740219687982	995.6740230644722
primary	CNS:SF-295	magnitude_g1.00	magnitude_g1.00	1.0996280920819795e-09	1	1	1003.7311222933652	1003.7311211896342	1003.7311222933653
primary	CNS:SF-295	magnitude_g1.00	magnitude_g1.25	1.646873206210238e-05	0	0	1013.36743304174	1013.3507444398449	1013.3507455531956
primary	CNS:SF-295	magnitude_g1.00	magnitude_g2.00	0.00033236843103717995	0	0	1039.565561960657	1039.2201579872446	1039.220159126465
primary	CNS:SF-295	magnitude_g1.00	ordinal	0.03772734883561935	0	1	791.7200559963609	762.9364850841691	762.9364859471056
primary	CNS:SF-295	magnitude_g1.25	magnitude_g0.50	0.0005709850837224162	0	1	983.6217961701069	983.0604832977469	983.0604843808073
primary	CNS:SF-295	magnitude_g1.25	magnitude_g0.80	0.00022121221139799572	0	1	995.8942772210295	995.6740219687982	995.6740230644722
primary	CNS:SF-295	magnitude_g1.25	magnitude_g1.00	8.21731028241133e-05	0	1	1003.8136008902635	1003.7311211896342	1003.7311222933653
primary	CNS:SF-295	magnitude_g1.25	magnitude_g1.25	1.0986822104319594e-09	1	0	1013.3507455531953	1013.3507444398449	1013.3507455531956
primary	CNS:SF-295	magnitude_g1.25	magnitude_g2.00	5.6459833158762565e-05	0	0	1039.2788321839798	1039.2201579872446	1039.220159126465
primary	CNS:SF-295	magnitude_g1.25	ordinal	0.041185382046768707	0	1	794.3583156997795	762.9364850841691	762.9364859471056
primary	CNS:SF-295	magnitude_g2.00	magnitude_g0.50	0.0021241245656825063	0	1	985.1486262198714	983.0604832977469	983.0604843808073
primary	CNS:SF-295	magnitude_g2.00	magnitude_g0.80	0.0013853905408184044	0	1	997.0534193405724	995.6740219687982	995.6740230644722
primary	CNS:SF-295	magnitude_g2.00	magnitude_g1.00	0.001005832528340339	0	1	1004.7407066010343	1003.7311211896342	1003.7311222933653
primary	CNS:SF-295	magnitude_g2.00	magnitude_g1.25	0.0006446190639946813	0	1	1014.003969648224	1013.3507444398449	1013.3507455531956
primary	CNS:SF-295	magnitude_g2.00	magnitude_g2.00	1.0962259482607653e-09	1	1	1039.2201591264648	1039.2201579872446	1039.220159126465
primary	CNS:SF-295	magnitude_g2.00	ordinal	0.049238398433286645	0	1	800.5022557160347	762.9364850841691	762.9364859471056
primary	CNS:SF-295	ordinal	magnitude_g0.50	0.0322378684075956	0	0	1014.752257795007	983.0604832977469	983.0604843808073
primary	CNS:SF-295	ordinal	magnitude_g0.80	0.03680859515071789	0	0	1032.3233839455347	995.6740219687982	995.6740230644722
primary	CNS:SF-295	ordinal	magnitude_g1.00	0.039685371320684136	0	0	1043.5645634401715	1003.7311211896342	1003.7311222933653
primary	CNS:SF-295	ordinal	magnitude_g1.25	0.043080393335067996	0	0	1057.0062930966974	1013.3507444398449	1013.3507455531956
primary	CNS:SF-295	ordinal	magnitude_g2.00	0.05178607571886018	0	0	1093.037291777338	1039.2201579872446	1039.220159126465
primary	CNS:SF-295	ordinal	ordinal	1.1310731662976431e-09	0	1	762.9364859471061	762.9364850841691	762.9364859471056
primary	CNS:SF-539	magnitude_g0.50	magnitude_g0.50	1.103525254479584e-09	1	1	965.9360634576371	965.9360623917023	965.9360634576383
primary	CNS:SF-539	magnitude_g0.50	magnitude_g0.80	2.5085442252800676e-06	0	0	979.9589565250669	979.9564982608522	979.9564993408087
primary	CNS:SF-539	magnitude_g0.50	magnitude_g1.00	1.4557111895248866e-05	0	0	989.0283081849327	989.0139109987643	989.0139120877782
primary	CNS:SF-539	magnitude_g0.50	magnitude_g1.25	0.0001158806101970622	0	0	999.9664185434084	999.85055525096	999.8505563508105
primary	CNS:SF-539	magnitude_g0.50	magnitude_g2.00	0.0008676161463890995	0	0	1029.737883227393	1028.845240484613	1028.8452416134583
primary	CNS:SF-539	magnitude_g0.50	ordinal	0.0403526891637918	0	1	774.1862998892636	744.157541911613	744.1575427557705
primary	CNS:SF-539	magnitude_g0.80	magnitude_g0.50	1.3324019402728596e-05	0	1	965.9489325425394	965.9360623917023	965.9360634576383
primary	CNS:SF-539	magnitude_g0.80	magnitude_g0.80	1.1020447870507253e-09	1	1	979.9564993408081	979.9564982608522	979.9564993408087
primary	CNS:SF-539	magnitude_g0.80	magnitude_g1.00	2.9060314197449874e-06	0	0	989.0167851042643	989.0139109987643	989.0139120877782
primary	CNS:SF-539	magnitude_g0.80	magnitude_g1.25	9.421091517961613e-05	0	0	999.9447520868131	999.85055525096	999.8505563508105
primary	CNS:SF-539	magnitude_g0.80	magnitude_g2.00	0.0008234698053000168	0	0	1029.6924634744787	1028.845240484613	1028.8452416134583
primary	CNS:SF-539	magnitude_g0.80	ordinal	0.040475341534061925	0	1	774.2775725756335	744.157541911613	744.1575427557705
primary	CNS:SF-539	magnitude_g1.00	magnitude_g0.50	3.0253335751807995e-05	0	1	965.9652851797126	965.9360623917023	965.9360634576383
primary	CNS:SF-539	magnitude_g1.00	magnitude_g0.80	4.52176148263431e-06	0	1	979.9609293904007	979.9564982608522	979.9564993408087
primary	CNS:SF-539	magnitude_g1.00	magnitude_g1.00	1.101109816503022e-09	1	1	989.0139120877773	989.0139109987643	989.0139120877782
primary	CNS:SF-539	magnitude_g1.00	magnitude_g1.25	8.290382379759495e-05	0	0	999.9334466852165	999.85055525096	999.8505563508105
primary	CNS:SF-539	magnitude_g1.00	magnitude_g2.00	0.0007919278524623341	0	0	1029.660011686426	1028.845240484613	1028.8452416134583
primary	CNS:SF-539	magnitude_g1.00	ordinal	0.04065520984829688	0	1	774.4114229382224	744.157541911613	744.1575427557705
primary	CNS:SF-539	magnitude_g1.25	magnitude_g0.50	0.0006122503072189	0	1	966.5274570426554	965.9360623917023	965.9360634576383
primary	CNS:SF-539	magnitude_g1.25	magnitude_g0.80	0.0002999892036872224	0	1	980.2504746304136	979.9564982608522	979.9564993408087
primary	CNS:SF-539	magnitude_g1.25	magnitude_g1.00	0.00011975715822864122	0	1	989.1323524941942	989.0139109987643	989.0139120877782
primary	CNS:SF-539	magnitude_g1.25	magnitude_g1.25	1.1000142878501112e-09	1	1	999.8505563508099	999.85055525096	999.8505563508105
primary	CNS:SF-539	magnitude_g1.25	magnitude_g2.00	0.00020405733700677413	0	0	1029.0551839045784	1028.845240484613	1028.8452416134583
primary	CNS:SF-539	magnitude_g1.25	ordinal	0.046088506578937205	0	1	778.4546516777721	744.157541911613	744.1575427557705
primary	CNS:SF-539	magnitude_g2.00	magnitude_g0.50	0.0021235413610636816	0	1	967.9872675723341	965.9360623917023	965.9360634576383
primary	CNS:SF-539	magnitude_g2.00	magnitude_g0.80	0.001393995214341867	0	1	981.322552929691	979.9564982608522	979.9564993408087
primary	CNS:SF-539	magnitude_g2.00	magnitude_g1.00	0.0009564826438237213	0	1	989.9598856391349	989.0139109987643	989.0139120877782
primary	CNS:SF-539	magnitude_g2.00	magnitude_g1.25	0.0005390968680647736	0	1	1000.3895715538287	999.85055525096	999.8505563508105
primary	CNS:SF-539	magnitude_g2.00	magnitude_g2.00	1.0971946083779833e-09	1	0	1028.8452416134564	1028.845240484613	1028.8452416134583
primary	CNS:SF-539	magnitude_g2.00	ordinal	0.05440139066500169	0	1	784.640747065454	744.157541911613	744.1575427557705
primary	CNS:SF-539	ordinal	magnitude_g0.50	0.038631531044214525	0	0	1003.2516513727137	965.9360623917023	965.9360634576383
primary	CNS:SF-539	ordinal	magnitude_g0.80	0.04303260649694977	0	0	1022.1265806346403	979.9564982608522	979.9564993408087
primary	CNS:SF-539	ordinal	magnitude_g1.00	0.04576432383593033	0	0	1034.2754638999518	989.0139109987643	989.0139120877782
primary	CNS:SF-539	ordinal	magnitude_g1.25	0.04902534283237228	0	0	1048.8685715032761	999.85055525096	999.8505563508105
primary	CNS:SF-539	ordinal	magnitude_g2.00	0.057750911427917356	0	0	1088.2619908408742	1028.845240484613	1028.8452416134583
primary	CNS:SF-539	ordinal	ordinal	1.1343790374225129e-09	1	1	744.1575427557697	744.157541911613	744.1575427557705
primary	CNS:SNB-19	magnitude_g0.50	magnitude_g0.50	1.1038084574309924e-09	1	1	963.3074000623885	963.3073989990817	963.307400062389
primary	CNS:SNB-19	magnitude_g0.50	magnitude_g0.80	1.1065518471806842e-09	0	1	977.2011322750609	977.2011311937372	977.2011322709383
primary	CNS:SNB-19	magnitude_g0.50	magnitude_g1.00	8.783788967814369e-08	0	0	986.1655228007626	986.1654361780718	986.1654372642372
primary	CNS:SNB-19	magnitude_g0.50	magnitude_g1.25	9.113120322726413e-06	0	0	996.9588220698348	996.9497367469281	996.9497378438779
primary	CNS:SNB-19	magnitude_g0.50	magnitude_g2.00	0.0002848327883147931	0	0	1026.2717796450545	1025.97954702992	1025.9795481558997
primary	CNS:SNB-19	magnitude_g0.50	ordinal	0.02849393658954494	0	1	774.2993015586424	752.847706741175	752.8477075940226
primary	CNS:SNB-19	magnitude_g0.80	magnitude_g0.50	1.1050322957492675e-09	0	0	963.3074000635675	963.3073989990817	963.307400062389
primary	CNS:SNB-19	magnitude_g0.80	magnitude_g0.80	1.102332688273474e-09	1	1	977.2011322709379	977.2011311937372	977.2011322709383
primary	CNS:SNB-19	magnitude_g0.80	magnitude_g1.00	8.783043406411967e-08	0	0	986.1655227934101	986.1654361780718	986.1654372642372
primary	CNS:SNB-19	magnitude_g0.80	magnitude_g1.25	9.113109240722808e-06	0	0	996.9588220587866	996.9497367469281	996.9497378438779
primary	CNS:SNB-19	magnitude_g0.80	magnitude_g2.00	0.0002848327687675805	0	0	1026.2717796249995	1025.97954702992	1025.9795481558997
primary	CNS:SNB-19	magnitude_g0.80	ordinal	0.0284939366667734	0	1	774.2993016167836	752.847706741175	752.8477075940226
primary	CNS:SNB-19	magnitude_g1.00	magnitude_g0.50	2.2412730647194096e-05	0	1	963.3289893483459	963.3073989990817	963.307400062389
primary	CNS:SNB-19	magnitude_g1.00	magnitude_g0.80	8.148925034279499e-06	0	1	977.2090943324987	977.2011311937372	977.2011322709383
primary	CNS:SNB-19	magnitude_g1.00	magnitude_g1.00	1.1014037619677284e-09	0	1	986.1654372642381	986.1654361780718	986.1654372642372
primary	CNS:SNB-19	magnitude_g1.00	magnitude_g1.25	0.0	1	0	996.9497375860644	996.9497367469281	996.9497378438779
primary	CNS:SNB-19	magnitude_g1.00	magnitude_g2.00	0.0002554146174167587	0	0	1026.241597203402	1025.97954702992	1025.9795481558997
primary	CNS:SNB-19	magnitude_g1.00	ordinal	0.02862393606854933	0	1	774.3971713682884	752.847706741175	752.8477075940226
primary	CNS:SNB-19	magnitude_g1.25	magnitude_g0.50	2.2414935757305704e-05	0	1	963.3289914725448	963.3073989990817	963.307400062389
primary	CNS:SNB-19	magnitude_g1.25	magnitude_g0.80	8.15031873429183e-06	0	1	977.2090956944239	977.2011311937372	977.2011322709383
primary	CNS:SNB-19	magnitude_g1.25	magnitude_g1.00	1.977289292897977e-09	0	1	986.1654381280061	986.1654361780718	986.1654372642372
primary	CNS:SNB-19	magnitude_g1.25	magnitude_g1.25	1.100307336538426e-09	0	1	996.9497378438792	996.9497367469281	996.9497378438779
primary	CNS:SNB-19	magnitude_g1.25	magnitude_g2.00	0.00025541323433362517	0	0	1026.241595784387	1025.97954702992	1025.9795481558997
primary	CNS:SNB-19	magnitude_g1.25	ordinal	0.028623954438226604	0	1	774.3971851978578	752.847706741175	752.8477075940226
primary	CNS:SNB-19	magnitude_g2.00	magnitude_g0.50	0.0006161678698246791	0	1	963.9009580671093	963.3073989990817	963.307400062389
primary	CNS:SNB-19	magnitude_g2.00	magnitude_g0.80	0.00038750095809035763	0	1	977.5797975683217	977.2011311937372	977.2011322709383
primary	CNS:SNB-19	magnitude_g2.00	magnitude_g1.00	0.0002498777964152776	0	1	986.4118570241649	986.1654361780718	986.1654372642372
primary	CNS:SNB-19	magnitude_g2.00	magnitude_g1.25	0.00010247129791144035	0	1	997.051895480405	996.9497367469281	996.9497378438779
primary	CNS:SNB-19	magnitude_g2.00	magnitude_g2.00	1.097467737206605e-09	1	0	1025.9795481558995	1025.97954702992	1025.9795481558997
primary	CNS:SNB-19	magnitude_g2.00	ordinal	0.03218710365235438	0	1	777.0796939124905	752.847706741175	752.8477075940226
primary	CNS:SNB-19	ordinal	magnitude_g0.50	0.05238132715891185	0	0	1013.766719020653	963.3073989990817	963.307400062389
primary	CNS:SNB-19	ordinal	magnitude_g0.80	0.05749898430094262	0	0	1033.3892036951092	977.2011311937372	977.2011322709383
primary	CNS:SNB-19	ordinal	magnitude_g1.00	0.06063449370214926	0	0	1045.9610781072884	986.1654361780718	986.1654372642372
primary	CNS:SNB-19	ordinal	magnitude_g1.25	0.06425712049469526	0	0	1061.0108561082302	996.9497367469281	996.9497378438779
primary	CNS:SNB-19	ordinal	magnitude_g2.00	0.07353205298692658	0	0	1101.421929445627	1025.97954702992	1025.9795481558997
primary	CNS:SNB-19	ordinal	ordinal	1.1328285721940765e-09	1	0	752.8477075940224	752.847706741175	752.8477075940226
primary	CNS:SNB-75	magnitude_g0.50	magnitude_g0.50	1.1013972271017676e-09	1	1	986.2115444492312	986.2115433630205	986.211544449232
primary	CNS:SNB-75	magnitude_g0.50	magnitude_g0.80	9.723216741800822e-05	0	0	997.5743097757047	997.4773228936494	997.4773239911267
primary	CNS:SNB-75	magnitude_g0.50	magnitude_g1.00	0.00017447009088565515	0	0	1005.0273063157408	1004.8519896977716	1004.8519908026236
primary	CNS:SNB-75	magnitude_g0.50	magnitude_g1.25	0.00031190056766901416	0	0	1014.11496267854	1013.7987582703333	1013.798759384132
primary	CNS:SNB-75	magnitude_g0.50	magnitude_g2.00	0.0009771239315634734	0	0	1039.3591458931282	1038.3445545796399	1038.3445557179846
primary	CNS:SNB-75	magnitude_g0.50	ordinal	0.04927570015928758	0	1	796.7937860312317	759.3750488172676	759.3750496766427
primary	CNS:SNB-75	magnitude_g0.80	magnitude_g0.50	2.0126707810004015e-05	0	1	986.2313925545926	986.2115433630205	986.211544449232
primary	CNS:SNB-75	magnitude_g0.80	magnitude_g0.80	1.1002531767483587e-09	0	1	997.477323991127	997.4773228936494	997.4773239911267
primary	CNS:SNB-75	magnitude_g0.80	magnitude_g1.00	3.2514173776710387e-06	0	0	1004.8552568909929	1004.8519896977716	1004.8519908026236
primary	CNS:SNB-75	magnitude_g0.80	magnitude_g1.25	5.341629374882156e-05	0	0	1013.8529116426073	1013.7987582703333	1013.798759384132
primary	CNS:SNB-75	magnitude_g0.80	magnitude_g2.00	0.0004921444795456874	0	0	1038.8555701200426	1038.3445545796399	1038.3445557179846
primary	CNS:SNB-75	magnitude_g0.80	ordinal	0.05169797013134633	0	1	798.6331974095124	759.3750488172676	759.3750496766427
primary	CNS:SNB-75	magnitude_g1.00	magnitude_g0.50	6.352931396335245e-05	0	1	986.2741967057931	986.2115433630205	986.211544449232
primary	CNS:SNB-75	magnitude_g1.00	magnitude_g0.80	1.3968765368954792e-05	0	1	997.4912564203338	997.4773228936494	997.4773239911267
primary	CNS:SNB-75	magnitude_g1.00	magnitude_g1.00	1.0995169314661618e-09	1	0	1004.8519908026234	1004.8519896977716	1004.8519908026236
primary	CNS:SNB-75	magnitude_g1.00	magnitude_g1.25	3.1082077020634775e-05	0	0	1013.8302692414213	1013.7987582703333	1013.798759384132
primary	CNS:SNB-75	magnitude_g1.00	magnitude_g2.00	0.0004258780809280706	0	0	1038.7867627658864	1038.3445545796399	1038.3445557179846
primary	CNS:SNB-75	magnitude_g1.00	ordinal	0.05200651855052986	0	1	798.8675013803924	759.3750488172676	759.3750496766427
primary	CNS:SNB-75	magnitude_g1.25	magnitude_g0.50	0.0003666888091578648	0	1	986.573176099434	986.2115433630205	986.211544449232
primary	CNS:SNB-75	magnitude_g1.25	magnitude_g0.80	0.00017037992209201425	0	1	997.6472730022126	997.4773228936494	997.4773239911267
primary	CNS:SNB-75	magnitude_g1.25	magnitude_g1.00	6.840949301279175e-05	0	1	1004.9207311129397	1004.8519896977716	1004.8519908026236
primary	CNS:SNB-75	magnitude_g1.25	magnitude_g1.25	1.098637841857209e-09	1	1	1013.798759384131	1013.7987582703333	1013.798759384132
primary	CNS:SNB-75	magnitude_g1.25	magnitude_g2.00	0.0001574583674035484	0	1	1038.5080506180063	1038.3445545796399	1038.3445557179846
primary	CNS:SNB-75	magnitude_g1.25	ordinal	0.054086306738141965	0	1	800.4468406368899	759.3750488172676	759.3750496766427
primary	CNS:SNB-75	magnitude_g2.00	magnitude_g0.50	0.0016043438016645896	0	1	987.793765739745	986.2115433630205	986.211544449232
primary	CNS:SNB-75	magnitude_g2.00	magnitude_g0.80	0.0010785652676024474	0	1	998.5531672893436	997.4773228936494	997.4773239911267
primary	CNS:SNB-75	magnitude_g2.00	magnitude_g1.00	0.0007702930819476547	0	1	1005.6260202338171	1004.8519896977716	1004.8519908026236
primary	CNS:SNB-75	magnitude_g2.00	magnitude_g1.25	0.0004602302208556431	0	0	1014.2653390967553	1013.7987582703333	1013.798759384132
primary	CNS:SNB-75	magnitude_g2.00	magnitude_g2.00	1.0963070804353393e-09	1	1	1038.3445557179843	1038.3445545796399	1038.3445557179846
primary	CNS:SNB-75	magnitude_g2.00	ordinal	0.06142216804178409	0	1	806.0175106724598	759.3750488172676	759.3750496766427
primary	CNS:SNB-75	ordinal	magnitude_g0.50	0.059133161503145126	0	0	1044.529349832972	986.2115433630205	986.211544449232
primary	CNS:SNB-75	ordinal	magnitude_g0.80	0.0658937554762837	0	0	1063.2048497015417	997.4773228936494	997.4773239911267
primary	CNS:SNB-75	ordinal	magnitude_g1.00	0.07006662874632495	0	0	1075.2585810049313	1004.8519896977716	1004.8519908026236
primary	CNS:SNB-75	ordinal	magnitude_g1.25	0.07493638838761009	0	0	1089.7691757669559	1013.7987582703333	1013.798759384132
primary	CNS:SNB-75	ordinal	magnitude_g2.00	0.08741924470120574	0	0	1129.1158512806019	1038.3445545796399	1038.3445557179846
primary	CNS:SNB-75	ordinal	ordinal	1.131688152007365e-09	0	0	759.3750496766434	759.3750488172676	759.3750496766427
primary	CNS:U251	magnitude_g0.50	magnitude_g0.50	1.1046550516740482e-09	0	0	955.5229791805369	955.5229781250137	955.5229791805366
primary	CNS:U251	magnitude_g0.50	magnitude_g0.80	9.256521568974648e-05	0	0	970.9504807535685	970.8606128315371	970.8606139023976
primary	CNS:U251	magnitude_g0.50	magnitude_g1.00	0.0001893295839269799	0	0	980.8339447616912	980.6482790310436	980.6482801116917
primary	CNS:U251	magnitude_g0.50	magnitude_g1.25	0.00034546348614881154	0	0	992.6648566596493	992.3220456263849	992.3220467187069
primary	CNS:U251	magnitude_g0.50	magnitude_g2.00	0.0012028479069074388	0	0	1024.4372351661164	1023.2064734012515	1023.2064745244579
primary	CNS:U251	magnitude_g0.50	ordinal	0.03132449984086426	0	1	761.9242995711015	738.7823131213	738.7823139600823
primary	CNS:U251	magnitude_g0.80	magnitude_g0.50	4.799657773924248e-05	0	1	955.5688399579149	955.5229781250137	955.5229791805366
primary	CNS:U251	magnitude_g0.80	magnitude_g0.80	1.1030002776351688e-09	1	0	970.8606139023966	970.8606128315371	970.8606139023976
primary	CNS:U251	magnitude_g0.80	magnitude_g1.00	9.894347897300144e-06	0	0	980.6579819062812	980.6482790310436	980.6482801116917
primary	CNS:U251	magnitude_g0.80	magnitude_g1.25	6.511458258735385e-05	0	0	992.3866602621781	992.3220456263849	992.3220467187069
primary	CNS:U251	magnitude_g0.80	magnitude_g2.00	0.0006672110326648803	0	0	1023.889168048999	1023.2064734012515	1023.2064745244579
primary	CNS:U251	magnitude_g0.80	ordinal	0.033693548942447527	0	1	763.6745111462672	738.7823131213	738.7823139600823
primary	CNS:U251	magnitude_g1.00	magnitude_g0.50	9.746645265269964e-05	0	1	955.6161095601196	955.5229781250137	955.5229791805366
primary	CNS:U251	magnitude_g1.00	magnitude_g0.80	1.2661620090780367e-05	0	1	970.8729054997779	970.8606128315371	970.8606139023976
primary	CNS:U251	magnitude_g1.00	magnitude_g1.00	1.101973500673638e-09	0	1	980.648280111692	980.6482790310436	980.6482801116917
primary	CNS:U251	magnitude_g1.00	magnitude_g1.25	2.9198285240340195e-05	0	0	992.3510197285234	992.3220456263849	992.3220467187069
primary	CNS:U251	magnitude_g1.00	magnitude_g2.00	0.0005662246672260912	0	0	1023.7858381461567	1023.2064734012515	1023.2064745244579
primary	CNS:U251	magnitude_g1.00	ordinal	0.03436035358315739	0	1	764.1671346211308	738.7823131213	738.7823139600823
primary	CNS:U251	magnitude_g1.25	magnitude_g0.50	0.00046074579206731737	0	1	955.9632313164084	955.5229781250137	955.5229791805366
primary	CNS:U251	magnitude_g1.25	magnitude_g0.80	0.00020179551141980798	0	1	971.0565281454208	970.8606128315371	970.8606139023976
primary	CNS:U251	magnitude_g1.25	magnitude_g1.00	8.608114070519265e-05	0	1	980.7326943535331	980.6482790310436	980.6482801116917
primary	CNS:U251	magnitude_g1.25	magnitude_g1.25	1.102007350872321e-09	0	0	992.3220467199311	992.3220456263849	992.3220467187069
primary	CNS:U251	magnitude_g1.25	magnitude_g2.00	0.00026729861387873866	0	1	1023.4799750733034	1023.2064734012515	1023.2064745244579
primary	CNS:U251	magnitude_g1.25	ordinal	0.03644855240379733	0	1	765.7098589761003	738.7823131213	738.7823139600823
primary	CNS:U251	magnitude_g2.00	magnitude_g0.50	0.0010364647525425963	0	1	956.5133440120848	955.5229781250137	955.5229791805366
primary	CNS:U251	magnitude_g2.00	magnitude_g0.80	0.0006012791986015247	0	1	971.4443711227742	970.8606128315371	970.8606139023976
primary	CNS:U251	magnitude_g2.00	magnitude_g1.00	0.00036838774518378325	0	1	981.0095378393742	980.6482790310436	980.6482801116917
primary	CNS:U251	magnitude_g2.00	magnitude_g1.25	0.00013816760305324514	0	0	992.459152384886	992.3220456263849	992.3220467187069
primary	CNS:U251	magnitude_g2.00	magnitude_g2.00	1.097732027150545e-09	0	1	1023.206474524458	1023.2064734012515	1023.2064745244579
primary	CNS:U251	magnitude_g2.00	ordinal	0.042505055433900235	0	1	770.1842962941059	738.7823131213	738.7823139600823
primary	CNS:U251	ordinal	magnitude_g0.50	0.0391027043262368	0	0	992.8865106155613	955.5229781250137	955.5229791805366
primary	CNS:U251	ordinal	magnitude_g0.80	0.044009948758839325	0	0	1013.5881386542284	970.8606128315371	970.8606139023976
primary	CNS:U251	ordinal	magnitude_g1.00	0.047042106187273815	0	0	1026.7800395055892	980.6482790310436	980.6482801116917
primary	CNS:U251	ordinal	magnitude_g1.25	0.05056845241537615	0	0	1042.5022357713715	992.3220456263849	992.3220467187069
primary	CNS:U251	ordinal	magnitude_g2.00	0.059767063917223744	0	0	1084.3605200975412	1023.2064734012515	1023.2064745244579
primary	CNS:U251	ordinal	ordinal	1.1353569075755634e-09	1	0	738.7823139600816	738.7823131213	738.7823139600823
primary	CO:COLO 205	magnitude_g0.50	magnitude_g0.50	1.101422585633584e-09	0	0	985.9757961419939	985.9757950560179	985.9757961419937
primary	CO:COLO 205	magnitude_g0.50	magnitude_g0.80	0.00030910030197366296	0	0	999.4628908186357	999.1540519994445	999.1540530985985
primary	CO:COLO 205	magnitude_g0.50	magnitude_g1.00	0.0007221718797695374	0	0	1008.028680803782	1007.3012361765582	1007.3012372838593
primary	CO:COLO 205	magnitude_g0.50	magnitude_g1.25	0.0011795805543541441	0	0	1018.2121217299006	1017.0124735925152	1017.0124747095276
primary	CO:COLO 205	magnitude_g0.50	magnitude_g2.00	0.0023361616166987505	0	0	1045.2326028020734	1042.7964617341408	1042.7964628769373
primary	CO:COLO 205	magnitude_g0.50	ordinal	0.036846383579566114	0	1	815.3931332859279	786.4165282333319	786.4165291197484
primary	CO:COLO 205	magnitude_g0.80	magnitude_g0.50	0.00038972795097577223	0	1	986.3600573823368	985.9757950560179	985.9757961419937
primary	CO:COLO 205	magnitude_g0.80	magnitude_g0.80	1.1000834959226717e-09	1	1	999.1540530985974	999.1540519994445	999.1540530985985
primary	CO:COLO 205	magnitude_g0.80	magnitude_g1.00	6.0349088323780455e-06	0	0	1007.3073151476852	1007.3012361765582	1007.3012372838593
primary	CO:COLO 205	magnitude_g0.80	magnitude_g1.25	1.4553296275014407e-05	0	0	1017.0272744763588	1017.0124735925152	1017.0124747095276
primary	CO:COLO 205	magnitude_g0.80	magnitude_g2.00	0.00015370900727793	0	0	1042.956748943067	1042.7964617341408	1042.7964628769373
primary	CO:COLO 205	magnitude_g0.80	ordinal	0.04078403417890353	0	1	818.4897667996547	786.4165282333319	786.4165291197484
primary	CO:COLO 205	magnitude_g1.00	magnitude_g0.50	0.0004053051157765802	0	1	986.375416089786	985.9757950560179	985.9757961419937
primary	CO:COLO 205	magnitude_g1.00	magnitude_g0.80	1.8168996363070739e-06	0	1	999.1558673620782	999.1540519994445	999.1540530985985
primary	CO:COLO 205	magnitude_g1.00	magnitude_g1.00	1.0992746406869657e-09	1	0	1007.3012372838589	1007.3012361765582	1007.3012372838593
primary	CO:COLO 205	magnitude_g1.00	magnitude_g1.25	1.5180771610600073e-09	0	1	1017.0124751364186	1017.0124735925152	1017.0124747095276
primary	CO:COLO 205	magnitude_g1.00	magnitude_g2.00	0.00012038015743916614	0	0	1042.9219937363814	1042.7964617341408	1042.7964628769373
primary	CO:COLO 205	magnitude_g1.00	ordinal	0.0408636882657531	0	1	818.5524080900946	786.4165282333319	786.4165291197484
primary	CO:COLO 205	magnitude_g1.25	magnitude_g0.50	0.00040530495756085813	0	1	986.3754159337891	985.9757950560179	985.9757961419937
primary	CO:COLO 205	magnitude_g1.25	magnitude_g0.80	1.816675155919935e-06	0	1	999.1558671377877	999.1540519994445	999.1540530985985
primary	CO:COLO 205	magnitude_g1.25	magnitude_g1.00	0.0	1	0	1007.3012369817422	1007.3012361765582	1007.3012372838593
primary	CO:COLO 205	magnitude_g1.25	magnitude_g1.25	1.0983266939497657e-09	1	1	1017.0124747095272	1017.0124735925152	1017.0124747095276
primary	CO:COLO 205	magnitude_g1.25	magnitude_g2.00	0.0001203792816751293	0	0	1042.9219928231378	1042.7964617341408	1042.7964628769373
primary	CO:COLO 205	magnitude_g1.25	ordinal	0.04086369474569134	0	1	818.5524131860251	786.4165282333319	786.4165291197484
primary	CO:COLO 205	magnitude_g2.00	magnitude_g0.50	0.0009229816416456964	0	1	986.8858326139616	985.9757950560179	985.9757961419937
primary	CO:COLO 205	magnitude_g2.00	magnitude_g0.80	0.00035710574250398893	0	1	999.5108556490596	999.1540519994445	999.1540530985985
primary	CO:COLO 205	magnitude_g2.00	magnitude_g1.00	0.000257714404846008	0	1	1007.5608322151401	1007.3012361765582	1007.3012372838593
primary	CO:COLO 205	magnitude_g2.00	magnitude_g1.25	0.00014696688456089385	0	1	1017.1619407473187	1017.0124735925152	1017.0124747095276
primary	CO:COLO 205	magnitude_g2.00	magnitude_g2.00	1.0958968649323748e-09	0	0	1042.7964628769382	1042.7964617341408	1042.7964628769373
primary	CO:COLO 205	magnitude_g2.00	ordinal	0.04333299687234286	0	1	820.4943131916256	786.4165282333319	786.4165291197484
primary	CO:COLO 205	ordinal	magnitude_g0.50	0.05822467893709732	0	0	1043.3839191629038	985.9757950560179	985.9757961419937
primary	CO:COLO 205	ordinal	magnitude_g0.80	0.06497640399632813	0	0	1064.0754893367287	999.1540519994445	999.1540530985985
primary	CO:COLO 205	ordinal	magnitude_g1.00	0.06939197462149012	0	0	1077.1998579935175	1007.3012361765582	1007.3012372838593
primary	CO:COLO 205	ordinal	magnitude_g1.25	0.07450240475271423	0	0	1092.7823485386639	1017.0124735925152	1017.0124747095276
primary	CO:COLO 205	ordinal	magnitude_g2.00	0.08744754109622628	0	0	1133.9864481766365	1042.7964617341408	1042.7964628769373
primary	CO:COLO 205	ordinal	ordinal	1.1271588980887693e-09	1	1	786.4165291197482	786.4165282333319	786.4165291197484
primary	CO:HCC-2998	magnitude_g0.50	magnitude_g0.50	1.1026034440908473e-09	1	0	974.6241325591359	974.624131484512	974.6241325591361
primary	CO:HCC-2998	magnitude_g0.50	magnitude_g0.80	0.0003501293841497235	0	0	989.2249982818405	988.8787627696332	988.878763858512
primary	CO:HCC-2998	magnitude_g0.50	magnitude_g1.00	0.0006886581549945764	0	0	998.4956763466334	997.8085273671389	997.8085284649475
primary	CO:HCC-2998	magnitude_g0.50	magnitude_g1.25	0.0010741306739936313	0	0	1009.5132773935824	1008.4300916995097	1008.4300928079398
primary	CO:HCC-2998	magnitude_g0.50	magnitude_g2.00	0.0022731717386544363	0	0	1038.713175378556	1036.3573571231968	1036.3573582595543
primary	CO:HCC-2998	magnitude_g0.50	ordinal	0.03847803344596527	0	1	779.7395477362701	750.8483787075136	750.8483795583619
primary	CO:HCC-2998	magnitude_g0.80	magnitude_g0.50	0.00021585637434136428	0	1	974.8345103158798	974.624131484512	974.6241325591361
primary	CO:HCC-2998	magnitude_g0.80	magnitude_g0.80	1.1011239541837648e-09	1	1	988.8787638585113	988.8787627696332	988.878763858512
primary	CO:HCC-2998	magnitude_g0.80	magnitude_g1.00	0.0	1	0	997.8085282354348	997.8085273671389	997.8085284649475
primary	CO:HCC-2998	magnitude_g0.80	magnitude_g1.25	2.9569614783409295e-06	0	0	1008.4330735884445	1008.4300916995097	1008.4300928079398
primary	CO:HCC-2998	magnitude_g0.80	magnitude_g2.00	0.00028546440925721284	0	0	1036.6532002639274	1036.3573571231968	1036.3573582595543
primary	CO:HCC-2998	magnitude_g0.80	ordinal	0.04461928291672508	0	1	784.3506949446285	750.8483787075136	750.8483795583619
primary	CO:HCC-2998	magnitude_g1.00	magnitude_g0.50	0.00021585728740533704	0	1	974.834511205774	974.624131484512	974.6241325591361
primary	CO:HCC-2998	magnitude_g1.00	magnitude_g0.80	1.5825999488135997e-09	0	1	988.8787643346327	988.8787627696332	988.878763858512
primary	CO:HCC-2998	magnitude_g1.00	magnitude_g1.00	1.100219750793629e-09	0	1	997.8085284649476	997.8085273671389	997.8085284649475
primary	CO:HCC-2998	magnitude_g1.00	magnitude_g1.25	2.9569136674850718e-06	0	0	1008.4330735402306	1008.4300916995097	1008.4300928079398
primary	CO:HCC-2998	magnitude_g1.00	magnitude_g2.00	0.00028546372684133263	0	0	1036.6531995567007	1036.3573571231968	1036.3573582595543
primary	CO:HCC-2998	magnitude_g1.00	ordinal	0.04461928678027866	0	1	784.3506978455714	750.8483787075136	750.8483795583619
primary	CO:HCC-2998	magnitude_g1.25	magnitude_g0.50	0.0002454865621602281	0	1	974.8633886119485	974.624131484512	974.6241325591361
primary	CO:HCC-2998	magnitude_g1.25	magnitude_g0.80	1.491448891220884e-05	0	1	988.8935113909761	988.8787627696332	988.878763858512
primary	CO:HCC-2998	magnitude_g1.25	magnitude_g1.00	6.4012859527560225e-06	0	1	997.8149146248487	997.8085273671389	997.8085284649475
primary	CO:HCC-2998	magnitude_g1.25	magnitude_g1.25	1.0991634523769728e-09	1	0	1008.4300928079392	1008.4300916995097	1008.4300928079398
primary	CO:HCC-2998	magnitude_g1.25	magnitude_g2.00	0.0002612892091033973	0	0	1036.628146117388	1036.3573571231968	1036.3573582595543
primary	CO:HCC-2998	magnitude_g1.25	ordinal	0.044767268497339606	0	1	784.461809677905	750.8483787075136	750.8483795583619
primary	CO:HCC-2998	magnitude_g2.00	magnitude_g0.50	0.0008225533750196402	0	1	975.4258118532401	974.624131484512	974.6241325591361
primary	CO:HCC-2998	magnitude_g2.00	magnitude_g0.80	0.00037668399883505313	0	1	989.2512575763564	988.8787627696332	988.878763858512
primary	CO:HCC-2998	magnitude_g2.00	magnitude_g1.00	0.0002392971488287596	0	1	998.0473001028149	997.8085273671389	997.8085284649475
primary	CO:HCC-2998	magnitude_g2.00	magnitude_g1.25	8.721825132382113e-05	0	1	1008.5180452086901	1008.4300916995097	1008.4300928079398
primary	CO:HCC-2998	magnitude_g2.00	magnitude_g2.00	1.09649323662244e-09	0	0	1036.3573582595557	1036.3573571231968	1036.3573582595543
primary	CO:HCC-2998	magnitude_g2.00	ordinal	0.047783497743875414	0	1	786.7265405174766	750.8483787075136	750.8483795583619
primary	CO:HCC-2998	ordinal	magnitude_g0.50	0.03727759313311879	0	0	1010.9557733157109	974.624131484512	974.6241325591361
primary	CO:HCC-2998	ordinal	magnitude_g0.80	0.042355746058310856	0	0	1030.7634605279604	988.8787627696332	988.878763858512
primary	CO:HCC-2998	ordinal	magnitude_g1.00	0.04560516635358648	0	0	1043.3137512467445	997.8085273671389	997.8085284649475
primary	CO:HCC-2998	ordinal	magnitude_g1.25	0.04935408739544213	0	0	1058.200238577441	1008.4300916995097	1008.4300928079398
primary	CO:HCC-2998	ordinal	magnitude_g2.00	0.058974927411235036	0	0	1097.4764570316368	1036.3573571231968	1036.3573582595543
primary	CO:HCC-2998	ordinal	ordinal	1.1331830613762929e-09	0	0	750.8483795583622	750.8483787075136	750.8483795583619
primary	CO:HCT-116	magnitude_g0.50	magnitude_g0.50	1.102129163249342e-09	0	0	979.1548736154513	979.1548725362961	979.1548736154509
primary	CO:HCT-116	magnitude_g0.50	magnitude_g0.80	0.00010192406499485461	0	0	991.9172449103985	991.8161549761558	991.8161560679719
primary	CO:HCT-116	magnitude_g0.50	magnitude_g1.00	0.00018093082707274844	0	0	1000.1759855346597	999.995055602181	999.995056702176
primary	CO:HCT-116	magnitude_g0.50	magnitude_g1.25	0.00033886612788521604	0	0	1010.1450165502733	1009.8028285758263	1009.8028296856291
primary	CO:HCT-116	magnitude_g0.50	magnitude_g2.00	0.0011107756903571124	0	0	1037.3653279913424	1036.21432630768	1036.2143274438945
primary	CO:HCT-116	magnitude_g0.50	ordinal	0.04953502039565324	0	1	791.7504223629314	754.3820901416493	754.3820909960314
primary	CO:HCT-116	magnitude_g0.80	magnitude_g0.50	2.9553077546372667e-05	0	1	979.1838095761741	979.1548725362961	979.1548736154509
primary	CO:HCT-116	magnitude_g0.80	magnitude_g0.80	1.100825542804439e-09	0	1	991.8161560679723	991.8161549761558	991.8161560679719
primary	CO:HCT-116	magnitude_g0.80	magnitude_g1.00	0.0	1	0	999.9950559884658	999.995055602181	999.995056702176
primary	CO:HCT-116	magnitude_g0.80	magnitude_g1.25	6.839626787589573e-05	0	0	1009.8718953205914	1009.8028285758263	1009.8028296856291
primary	CO:HCT-116	magnitude_g0.80	magnitude_g2.00	0.0006253831797333539	0	0	1036.8623573179516	1036.21432630768	1036.2143274438945
primary	CO:HCT-116	magnitude_g0.80	ordinal	0.051365734342277515	0	1	793.1314801764373	754.3820901416493	754.3820909960314
primary	CO:HCT-116	magnitude_g1.00	magnitude_g0.50	2.9698852483091184e-05	0	1	979.1839523124137	979.1548725362961	979.1548736154509
primary	CO:HCT-116	magnitude_g1.00	magnitude_g0.80	5.460229628754332e-08	0	1	991.8162091315953	991.8161549761558	991.8161560679719
primary	CO:HCT-116	magnitude_g1.00	magnitude_g1.00	1.100001195547232e-09	0	1	999.9950567021767	999.995055602181	999.995056702176
primary	CO:HCT-116	magnitude_g1.00	magnitude_g1.25	6.833962361011258e-05	0	0	1009.8718381210516	1009.8028285758263	1009.8028296856291
primary	CO:HCT-116	magnitude_g1.00	magnitude_g2.00	0.0006252001552647719	0	0	1036.8621676653752	1036.21432630768	1036.2143274438945
primary	CO:HCT-116	magnitude_g1.00	ordinal	0.05136634886669566	0	1	793.1319437626523	754.3820901416493	754.3820909960314
primary	CO:HCT-116	magnitude_g1.25	magnitude_g0.50	0.00031244687259557633	0	1	979.4608064140068	979.1548725362961	979.1548736154509
primary	CO:HCT-116	magnitude_g1.25	magnitude_g0.80	0.00013409393716534013	0	1	991.9491515093207	991.8161549761558	991.8161560679719
primary	CO:HCT-116	magnitude_g1.25	magnitude_g1.00	4.0959747597534794e-05	0	1	1000.0360151472572	999.995055602181	999.995056702176
primary	CO:HCT-116	magnitude_g1.25	magnitude_g1.25	1.0990289050562796e-09	1	1	1009.8028296856288	1009.8028285758263	1009.8028296856291
primary	CO:HCT-116	magnitude_g1.25	magnitude_g2.00	0.0002741691946502476	0	0	1036.4984243550089	1036.21432630768	1036.2143274438945
primary	CO:HCT-116	magnitude_g1.25	ordinal	0.05462973850217468	0	1	795.5937864568116	754.3820901416493	754.3820909960314
primary	CO:HCT-116	magnitude_g2.00	magnitude_g0.50	0.0012449454885090166	0	1	980.3738669774118	979.1548725362961	979.1548736154509
primary	CO:HCT-116	magnitude_g2.00	magnitude_g0.80	0.0007536735891984891	0	1	992.5636606175017	991.8161549761558	991.8161560679719
primary	CO:HCT-116	magnitude_g2.00	magnitude_g1.00	0.0004740247686818111	0	1	1000.4690780270957	999.995055602181	999.995056702176
primary	CO:HCT-116	magnitude_g2.00	magnitude_g1.25	0.00022315531854819577	0	1	1010.028171447708	1009.8028285758263	1009.8028296856291
primary	CO:HCT-116	magnitude_g2.00	magnitude_g2.00	1.0965061292570031e-09	0	0	1036.2143274438954	1036.21432630768	1036.2143274438945
primary	CO:HCT-116	magnitude_g2.00	ordinal	0.059125257072912454	0	1	798.9851251524753	754.3820901416493	754.3820909960314
primary	CO:HCT-116	ordinal	magnitude_g0.50	0.04267239578172464	0	0	1020.9377567887691	979.1548725362961	979.1548736154509
primary	CO:HCT-116	ordinal	magnitude_g0.80	0.04828422233767967	0	0	1039.705226721127	991.8161549761558	991.8161560679719
primary	CO:HCT-116	ordinal	magnitude_g1.00	0.05175150746618318	0	0	1051.7463071883235	999.995055602181	999.995056702176
primary	CO:HCT-116	ordinal	magnitude_g1.25	0.05582837844233194	0	0	1066.1784830416948	1009.8028285758263	1009.8028296856291
primary	CO:HCT-116	ordinal	magnitude_g2.00	0.06641653853147947	0	0	1105.036095037765	1036.21432630768	1036.2143274438945
primary	CO:HCT-116	ordinal	ordinal	1.1325590703549753e-09	0	0	754.3820909960316	754.3820901416493	754.3820909960314
primary	CO:HCT-15	magnitude_g0.50	magnitude_g0.50	1.1035875521103166e-09	0	1	965.3734628636012	965.373461798227	965.3734628636005
primary	CO:HCT-15	magnitude_g0.50	magnitude_g0.80	1.5745490320717112e-06	0	0	979.7666539306526	979.7651112424451	979.7651123222101
primary	CO:HCT-15	magnitude_g0.50	magnitude_g1.00	1.1810680994749532e-05	0	0	988.9616600215119	988.9499798487801	988.9499809377301
primary	CO:HCT-15	magnitude_g0.50	magnitude_g1.25	2.515654106320765e-05	0	0	999.9462174612135	999.9210629059345	999.9210640058556
primary	CO:HCT-15	magnitude_g0.50	magnitude_g2.00	0.00027184914561022695	0	0	1029.362456306812	1029.0827010537682	1029.082702182851
primary	CO:HCT-15	magnitude_g0.50	ordinal	0.04413726047375826	0	1	759.5313107045579	727.4247739803236	727.4247748077483
primary	CO:HCT-15	magnitude_g0.80	magnitude_g0.50	4.76591964021608e-06	0	1	965.3780626905688	965.373461798227	965.3734628636005
primary	CO:HCT-15	magnitude_g0.80	magnitude_g0.80	1.1020647735942697e-09	1	1	979.7651123222097	979.7651112424451	979.7651123222101
primary	CO:HCT-15	magnitude_g0.80	magnitude_g1.00	6.204708969407607e-06	0	0	988.9561159955904	988.9499798487801	988.9499809377301
primary	CO:HCT-15	magnitude_g0.80	magnitude_g1.25	1.4755106802417239e-05	0	0	999.9358168480117	999.9210629059345	999.9210640058556
primary	CO:HCT-15	magnitude_g0.80	magnitude_g2.00	0.0002487467749503558	0	0	1029.3386820568126	1029.0827010537682	1029.082702182851
primary	CO:HCT-15	magnitude_g0.80	ordinal	0.04432153560502292	0	1	759.6653570002683	727.4247739803236	727.4247748077483
primary	CO:HCT-15	magnitude_g1.00	magnitude_g0.50	2.014052016656568e-05	0	1	965.3929049219026	965.373461798227	965.3734628636005
primary	CO:HCT-15	magnitude_g1.00	magnitude_g0.80	1.6546899666877978e-06	0	1	979.7667324499444	979.7651112424451	979.7651123222101
primary	CO:HCT-15	magnitude_g1.00	magnitude_g1.00	1.1011169671662113e-09	1	1	988.9499809377297	988.9499798487801	988.9499809377301
primary	CO:HCT-15	magnitude_g1.00	magnitude_g1.25	0.0	1	0	999.9210634292974	999.9210629059345	999.9210640058556
primary	CO:HCT-15	magnitude_g1.00	magnitude_g2.00	0.0002150394555300267	0	0	1029.3039944374982	1029.0827010537682	1029.082702182851
primary	CO:HCT-15	magnitude_g1.00	ordinal	0.0444295444055616	0	1	759.743925277588	727.4247739803236	727.4247748077483
primary	CO:HCT-15	magnitude_g1.25	magnitude_g0.50	2.0143878603754875e-05	0	1	965.3929081640488	965.373461798227	965.3734628636005
primary	CO:HCT-15	magnitude_g1.25	magnitude_g0.80	1.6568409601920979e-06	0	1	979.7667345574127	979.7651112424451	979.7651123222101
primary	CO:HCT-15	magnitude_g1.25	magnitude_g1.00	2.518059413176155e-09	0	1	988.9499823390149	988.9499798487801	988.9499809377301
primary	CO:HCT-15	magnitude_g1.25	magnitude_g1.25	1.1000082369655241e-09	0	0	999.9210640058559	999.9210629059345	999.9210640058556
primary	CO:HCT-15	magnitude_g1.25	magnitude_g2.00	0.00021503797166726123	0	0	1029.3039929104807	1029.0827010537682	1029.082702182851
primary	CO:HCT-15	magnitude_g1.25	ordinal	0.044429567784532456	0	1	759.7439422840306	727.4247739803236	727.4247748077483
primary	CO:HCT-15	magnitude_g2.00	magnitude_g0.50	0.0006646234419979583	0	1	966.0150716312208	965.373461798227	965.3734628636005
primary	CO:HCT-15	magnitude_g2.00	magnitude_g0.80	0.000426936031032096	0	1	980.1834082703826	979.7651112424451	979.7651123222101
primary	CO:HCT-15	magnitude_g2.00	magnitude_g1.00	0.00029358312465562256	0	1	989.2403188739922	988.9499798487801	988.9499809377301
primary	CO:HCT-15	magnitude_g2.00	magnitude_g1.25	0.00014428394219613376	0	1	1000.0653354587755	999.9210629059345	999.9210640058556
primary	CO:HCT-15	magnitude_g2.00	magnitude_g2.00	1.097174310104345e-09	0	1	1029.0827021828513	1029.0827010537682	1029.082702182851
primary	CO:HCT-15	magnitude_g2.00	ordinal	0.04789548113176589	0	1	762.2651335172773	727.4247739803236	727.4247748077483
primary	CO:HCT-15	ordinal	magnitude_g0.50	0.042867846646705246	0	0	1006.7569433153924	965.373461798227	965.3734628636005
primary	CO:HCT-15	ordinal	magnitude_g0.80	0.048190463439705095	0	0	1026.9804460152727	979.7651112424451	979.7651123222101
primary	CO:HCT-15	ordinal	magnitude_g1.00	0.051462260109230655	0	0	1039.8435809467765	988.9499798487801	988.9499809377301
primary	CO:HCT-15	ordinal	magnitude_g1.25	0.055235220656981415	0	0	1055.1519234551072	999.9210629059345	999.9210640058556
primary	CO:HCT-15	ordinal	magnitude_g2.00	0.06484610358017975	0	0	1095.814704478872	1029.0827010537682	1029.082702182851
primary	CO:HCT-15	ordinal	ordinal	1.137470434357347e-09	1	0	727.4247748077478	727.4247739803236	727.4247748077483
primary	CO:KM12	magnitude_g0.50	magnitude_g0.50	1.1035112682338618e-09	0	0	966.0841931260387	966.0841920599539	966.084193126038
primary	CO:KM12	magnitude_g0.50	magnitude_g0.80	3.740037497706842e-06	0	0	979.280104749535	979.2764422189205	979.2764432981969
primary	CO:KM12	magnitude_g0.50	magnitude_g1.00	7.567248703800169e-06	0	0	987.8023190240023	987.7948441347484	987.7948452225431
primary	CO:KM12	magnitude_g0.50	magnitude_g1.25	1.2340549865013218e-05	0	0	998.0767022351445	998.0643855718258	998.0643866698902
primary	CO:KM12	magnitude_g0.50	magnitude_g2.00	0.00020711327644101077	0	0	1026.1081625512707	1025.89568593447	1025.8956870603658
primary	CO:KM12	magnitude_g0.50	ordinal	0.04963128879529175	0	1	768.2098480618198	731.8854308769018	731.8854317087871
primary	CO:KM12	magnitude_g0.80	magnitude_g0.50	2.263512238377372e-06	0	1	966.086378803346	966.0841920599539	966.084193126038
primary	CO:KM12	magnitude_g0.80	magnitude_g0.80	1.1021165615204602e-09	0	0	979.2764432981973	979.2764422189205	979.2764432981969
primary	CO:KM12	magnitude_g0.80	magnitude_g1.00	0.0	1	0	987.7948450176983	987.7948441347484	987.7948452225431
primary	CO:KM12	magnitude_g0.80	magnitude_g1.25	2.1393973038310095e-07	0	0	998.0645990974514	998.0643855718258	998.0643866698902
primary	CO:KM12	magnitude_g0.80	magnitude_g2.00	0.0001828649062898766	0	0	1026.0832862529417	1025.89568593447	1025.8956870603658
primary	CO:KM12	magnitude_g0.80	ordinal	0.04978210574287877	0	1	768.3202287884881	731.8854308769018	731.8854317087871
primary	CO:KM12	magnitude_g1.00	magnitude_g0.50	2.2640226763895843e-06	0	1	966.086379296472	966.0841920599539	966.084193126038
primary	CO:KM12	magnitude_g1.00	magnitude_g0.80	1.4308369641391875e-09	0	1	979.2764436201054	979.2764422189205	979.2764432981969
primary	CO:KM12	magnitude_g1.00	magnitude_g1.00	1.1012362133419225e-09	0	0	987.7948452225438	987.7948441347484	987.7948452225431
primary	CO:KM12	magnitude_g1.00	magnitude_g1.25	2.1399723159476562e-07	0	0	998.0645991548413	998.0643855718258	998.0643866698902
primary	CO:KM12	magnitude_g1.00	magnitude_g2.00	0.00018286453804248722	0	0	1026.0832858751583	1025.89568593447	1025.8956870603658
primary	CO:KM12	magnitude_g1.00	ordinal	0.04978211385628444	0	1	768.3202347265715	731.8854308769018	731.8854317087871
primary	CO:KM12	magnitude_g1.25	magnitude_g0.50	3.4693523127887635e-05	0	1	966.1177089242146	966.0841920599539	966.084193126038
primary	CO:KM12	magnitude_g1.25	magnitude_g0.80	1.77430892014393e-05	0	1	979.2938176081876	979.2764422189205	979.2764432981969
primary	CO:KM12	magnitude_g1.25	magnitude_g1.00	9.206241821614993e-06	0	1	987.8039380129536	987.7948441347484	987.7948452225431
primary	CO:KM12	magnitude_g1.25	magnitude_g1.25	1.1001938821697843e-09	1	1	998.0643866698902	998.0643855718258	998.0643866698902
primary	CO:KM12	magnitude_g1.25	magnitude_g2.00	0.00016112018905798948	0	0	1026.0609784413416	1025.89568593447	1025.8956870603658
primary	CO:KM12	magnitude_g1.25	ordinal	0.049949601773957054	0	1	768.442816693364	731.8854308769018	731.8854317087871
primary	CO:KM12	magnitude_g2.00	magnitude_g0.50	0.0006848770965002507	0	1	966.7458409963867	966.0841920599539	966.084193126038
primary	CO:KM12	magnitude_g2.00	magnitude_g0.80	0.0004655638376806625	0	1	979.7323579175102	979.2764422189205	979.2764432981969
primary	CO:KM12	magnitude_g2.00	magnitude_g1.00	0.0003341066500958658	0	1	988.1248729611042	987.7948441347484	987.7948452225431
primary	CO:KM12	magnitude_g2.00	magnitude_g1.25	0.00018423265572667602	0	1	998.2482616241659	998.0643855718258	998.0643866698902
primary	CO:KM12	magnitude_g2.00	magnitude_g2.00	1.0974761091179925e-09	0	0	1025.895687060366	1025.89568593447	1025.8956870603658
primary	CO:KM12	magnitude_g2.00	ordinal	0.05379448495752565	0	1	771.2568306788414	731.8854308769018	731.8854317087871
primary	CO:KM12	ordinal	magnitude_g0.50	0.04396971620299925	0	0	1008.5626398130339	966.0841920599539	966.084193126038
primary	CO:KM12	ordinal	magnitude_g0.80	0.04953941661527638	0	0	1027.7892258715292	979.2764422189205	979.2764432981969
primary	CO:KM12	ordinal	magnitude_g1.00	0.05298199640092151	0	0	1040.1301870115444	987.7948441347484	987.7948452225431
primary	CO:KM12	ordinal	magnitude_g1.25	0.056977498013199145	0	0	1054.9315971177894	998.0643855718258	998.0643866698902
primary	CO:KM12	ordinal	magnitude_g2.00	0.06724889278271201	0	0	1094.886034924124	1025.89568593447	1025.8956870603658
primary	CO:KM12	ordinal	ordinal	1.1366339299463335e-09	0	0	731.8854317087876	731.8854308769018	731.8854317087871
primary	CO:SW-620	magnitude_g0.50	magnitude_g0.50	1.1029344012528542e-09	1	0	971.485935897641	971.4859348261557	971.4859358976416
primary	CO:SW-620	magnitude_g0.50	magnitude_g0.80	0.0001490848999845032	0	0	985.6893208554422	985.5423913665949	985.5423924521373
primary	CO:SW-620	magnitude_g0.50	magnitude_g1.00	0.0005275414568648673	0	0	994.7934688482642	994.2689507574661	994.268951851735
primary	CO:SW-620	magnitude_g0.50	magnitude_g1.25	0.0009911141448999514	0	0	1005.6970551443952	1004.7012814929085	1004.7012825976097
primary	CO:SW-620	magnitude_g0.50	magnitude_g2.00	0.0021693662223564044	0	0	1035.0137561056313	1032.7732926092929	1032.7732937420662
primary	CO:SW-620	magnitude_g0.50	ordinal	0.05768844063055769	0	1	780.7790458721809	738.1937968488216	738.1937976870154
primary	CO:SW-620	magnitude_g0.80	magnitude_g0.50	0.0004534045278540493	0	1	971.9264109477524	971.4859348261557	971.4859358976416
primary	CO:SW-620	magnitude_g0.80	magnitude_g0.80	1.1014673326419895e-09	0	0	985.5423924521376	985.5423913665949	985.5423924521373
primary	CO:SW-620	magnitude_g0.80	magnitude_g1.00	1.7422081212968313e-05	0	0	994.2862729918737	994.2689507574661	994.268951851735
primary	CO:SW-620	magnitude_g0.80	magnitude_g1.25	7.23666267116073e-05	0	0	1004.773988335503	1004.7012814929085	1004.7012825976097
primary	CO:SW-620	magnitude_g0.80	magnitude_g2.00	0.0002698279198795445	0	0	1033.0519636785448	1032.7732926092929	1032.7732937420662
primary	CO:SW-620	magnitude_g0.80	ordinal	0.06592517257124311	0	1	786.8593502971014	738.1937968488216	738.1937976870154
primary	CO:SW-620	magnitude_g1.00	magnitude_g0.50	0.000567640332616142	0	1	972.0373894253323	971.4859348261557	971.4859358976416
primary	CO:SW-620	magnitude_g1.00	magnitude_g0.80	3.025097726900952e-05	0	1	985.5722049870737	985.5423913665949	985.5423924521373
primary	CO:SW-620	magnitude_g1.00	magnitude_g1.00	1.100577725321437e-09	0	0	994.2689518517363	994.2689507574661	994.268951851735
primary	CO:SW-620	magnitude_g1.00	magnitude_g1.25	4.005858088437337e-06	0	0	1004.7053061836634	1004.7012814929085	1004.7012825976097
primary	CO:SW-620	magnitude_g1.00	magnitude_g2.00	9.78171690640397e-05	0	0	1032.8743155690609	1032.7732926092929	1032.7732937420662
primary	CO:SW-620	magnitude_g1.00	ordinal	0.06522674191832988	0	1	786.3437731215918	738.1937968488216	738.1937976870154
primary	CO:SW-620	magnitude_g1.25	magnitude_g0.50	0.0005824857497135807	0	1	972.0518115392391	971.4859348261557	971.4859358976416
primary	CO:SW-620	magnitude_g1.25	magnitude_g0.80	3.716536722161372e-05	0	1	985.5790194114825	985.5423913665949	985.5423924521373
primary	CO:SW-620	magnitude_g1.25	magnitude_g1.00	1.9094495807626483e-06	0	1	994.2708492638973	994.2689507574661	994.268951851735
primary	CO:SW-620	magnitude_g1.25	magnitude_g1.25	1.0995331768104171e-09	0	0	1004.7012825976109	1004.7012814929085	1004.7012825976097
primary	CO:SW-620	magnitude_g1.25	magnitude_g2.00	7.841389160056413e-05	0	0	1032.8542763823075	1032.7732926092929	1032.7732937420662
primary	CO:SW-620	magnitude_g1.25	ordinal	0.06540042112389843	0	1	786.4719820337841	738.1937968488216	738.1937976870154
primary	CO:SW-620	magnitude_g2.00	magnitude_g0.50	0.0014396040663000923	0	1	972.8844899282848	971.4859348261557	971.4859358976416
primary	CO:SW-620	magnitude_g2.00	magnitude_g0.80	0.000659885926384459	0	1	986.192736920513	985.5423913665949	985.5423924521373
primary	CO:SW-620	magnitude_g2.00	magnitude_g1.00	0.00048263395257639287	0	1	994.7488187110941	994.2689507574661	994.268951851735
primary	CO:SW-620	magnitude_g2.00	magnitude_g1.25	0.0003184337173590595	0	1	1005.0212122568097	1004.7012814929085	1004.7012825976097
primary	CO:SW-620	magnitude_g2.00	magnitude_g2.00	1.0968267531971954e-09	1	0	1032.7732937420662	1032.7732926092929	1032.7732937420662
primary	CO:SW-620	magnitude_g2.00	ordinal	0.06950996949626655	0	1	789.5056251501164	738.1937968488216	738.1937976870154
primary	CO:SW-620	ordinal	magnitude_g0.50	0.05126164621836613	0	0	1021.2859031233328	971.4859348261557	971.4859358976416
primary	CO:SW-620	ordinal	magnitude_g0.80	0.05755846061347239	0	0	1042.2686942829764	985.5423913665949	985.5423924521373
primary	CO:SW-620	ordinal	magnitude_g1.00	0.06175684549505498	0	0	1055.6718647299253	994.2689507574661	994.268951851735
primary	CO:SW-620	ordinal	magnitude_g1.25	0.06666128922176136	0	0	1071.6759641999815	1004.7012814929085	1004.7012825976097
primary	CO:SW-620	ordinal	magnitude_g2.00	0.0790645634754274	0	0	1114.4290621585264	1032.7732926092929	1032.7732937420662
primary	CO:SW-620	ordinal	ordinal	1.1354663044914086e-09	0	0	738.1937976870158	738.1937968488216	738.1937976870154
primary	LC:A549/ATCC	magnitude_g0.50	magnitude_g0.50	1.1014296522578553e-09	1	1	985.902172430671	985.9021713447692	985.9021724306713
primary	LC:A549/ATCC	magnitude_g0.50	magnitude_g0.80	0.00015924995302659002	0	0	997.9912960815583	997.8323913201122	997.8323924179446
primary	LC:A549/ATCC	magnitude_g0.50	magnitude_g1.00	0.0003204378218345736	0	0	1005.8032514853195	1005.4810573254142	1005.4810584308952
primary	LC:A549/ATCC	magnitude_g0.50	magnitude_g1.25	0.0005358806120587537	0	0	1015.2235230810777	1014.6797758617453	1014.679776976425
primary	LC:A549/ATCC	magnitude_g0.50	magnitude_g2.00	0.0012963282457485036	0	0	1040.9143862254982	1039.566766462791	1039.566767602358
primary	LC:A549/ATCC	magnitude_g0.50	ordinal	0.03210313211773911	0	1	807.4228489274983	782.3083021468731	782.3083030291814
primary	LC:A549/ATCC	magnitude_g0.80	magnitude_g0.50	9.585175880146963e-05	0	1	985.9966718018987	985.9021713447692	985.9021724306713
primary	LC:A549/ATCC	magnitude_g0.80	magnitude_g0.80	1.1002170224626903e-09	1	1	997.8323924179443	997.8323913201122	997.8323924179446
primary	LC:A549/ATCC	magnitude_g0.80	magnitude_g1.00	0.0	1	0	1005.4810582272426	1005.4810573254142	1005.4810584308952
primary	LC:A549/ATCC	magnitude_g0.80	magnitude_g1.25	2.475546496039553e-05	0	0	1014.7048947313826	1014.6797758617453	1014.679776976425
primary	LC:A549/ATCC	magnitude_g0.80	magnitude_g2.00	0.0002851934132104025	0	0	1039.8632440571787	1039.566766462791	1039.566767602358
primary	LC:A549/ATCC	magnitude_g0.80	ordinal	0.03853571612300367	0	1	812.455112799074	782.3083021468731	782.3083030291814
primary	LC:A549/ATCC	magnitude_g1.00	magnitude_g0.50	9.585228244115291e-05	0	1	985.9966723181562	985.9021713447692	985.9021724306713
primary	LC:A549/ATCC	magnitude_g1.00	magnitude_g0.80	1.4131028260052288e-09	0	1	997.8323927301519	997.8323913201122	997.8323924179446
primary	LC:A549/ATCC	magnitude_g1.00	magnitude_g1.00	1.099453048760688e-09	1	1	1005.4810584308934	1005.4810573254142	1005.4810584308952
primary	LC:A549/ATCC	magnitude_g1.00	magnitude_g1.25	2.4755558963704867e-05	0	0	1014.7048948267659	1014.6797758617453	1014.679776976425
primary	LC:A549/ATCC	magnitude_g1.00	magnitude_g2.00	0.00028519333441446275	0	0	1039.863243975265	1039.566766462791	1039.566767602358
primary	LC:A549/ATCC	magnitude_g1.00	ordinal	0.03853571205654232	0	1	812.4551096178475	782.3083021468731	782.3083030291814
primary	LC:A549/ATCC	magnitude_g1.25	magnitude_g0.50	0.00041805644430400156	0	1	986.3143341009531	985.9021713447692	985.9021724306713
primary	LC:A549/ATCC	magnitude_g1.25	magnitude_g0.80	0.00016973988212624547	0	1	998.0017632725966	997.8323913201122	997.8323924179446
primary	LC:A549/ATCC	magnitude_g1.25	magnitude_g1.00	7.842145645467605e-05	0	1	1005.5599086143673	1005.4810573254142	1005.4810584308952
primary	LC:A549/ATCC	magnitude_g1.25	magnitude_g1.25	1.0985530363184492e-09	1	1	1014.6797769764248	1014.6797758617453	1014.679776976425
primary	LC:A549/ATCC	magnitude_g1.25	magnitude_g2.00	1.4530098736374021e-05	0	0	1039.5818714705508	1039.566766462791	1039.566767602358
primary	LC:A549/ATCC	magnitude_g1.25	ordinal	0.04057572572229457	0	1	814.0510292450585	782.3083021468731	782.3083030291814
primary	LC:A549/ATCC	magnitude_g2.00	magnitude_g0.50	0.0004582861443261482	0	1	986.3539966495575	985.9021713447692	985.9021724306713
primary	LC:A549/ATCC	magnitude_g2.00	magnitude_g0.80	0.0001953269323461662	0	1	998.0272948601043	997.8323913201122	997.8323924179446
primary	LC:A549/ATCC	magnitude_g2.00	magnitude_g1.00	9.544569429665288e-05	0	1	1005.5770261630328	1005.4810573254142	1005.4810584308952
primary	LC:A549/ATCC	magnitude_g2.00	magnitude_g1.25	7.520879929834159e-06	0	1	1014.6874071465068	1014.6797758617453	1014.679776976425
primary	LC:A549/ATCC	magnitude_g2.00	magnitude_g2.00	1.0961942148722818e-09	0	1	1039.5667676023581	1039.566766462791	1039.566767602358
primary	LC:A549/ATCC	magnitude_g2.00	ordinal	0.04075055391033074	0	1	814.1877987880085	782.3083021468731	782.3083030291814
primary	LC:A549/ATCC	ordinal	magnitude_g0.50	0.060593716077339585	0	0	1045.6416475952667	985.9021713447692	985.9021724306713
primary	LC:A549/ATCC	ordinal	magnitude_g0.80	0.06658310345375193	0	0	1064.2711686608839	997.8323913201122	997.8323924179446
primary	LC:A549/ATCC	ordinal	magnitude_g1.00	0.07035009443927415	0	0	1076.2167446651583	1005.4810573254142	1005.4810584308952
primary	LC:A549/ATCC	ordinal	magnitude_g1.25	0.07475356411654363	0	0	1090.5307055443864	1014.6797758617453	1014.679776976425
primary	LC:A549/ATCC	ordinal	magnitude_g2.00	0.08611394948067262	0	0	1129.087966471754	1039.566766462791	1039.566767602358
primary	LC:A549/ATCC	ordinal	ordinal	1.1278272928465906e-09	0	0	782.3083030291817	782.3083021468731	782.3083030291814
primary	LC:EKVX	magnitude_g0.50	magnitude_g0.50	1.1007949038101918e-09	1	1	992.0950348353841	992.095033743291	992.095034835386
primary	LC:EKVX	magnitude_g0.50	magnitude_g0.80	0.0	1	0	1003.4119174676551	1003.4119168549636	1003.4119179583755
primary	LC:EKVX	magnitude_g0.50	magnitude_g1.00	5.842755997979968e-06	0	0	1010.7339808648601	1010.728075427335	1010.7280765380631
primary	LC:EKVX	magnitude_g0.50	magnitude_g1.25	9.36347492506988e-05	0	0	1019.5711173357295	1019.4756589880329	1019.4756601075086
primary	LC:EKVX	magnitude_g0.50	magnitude_g2.00	0.00039122078496474925	0	0	1043.7043422063375	1043.2961830546521	1043.2961841979484
primary	LC:EKVX	magnitude_g0.50	ordinal	0.050928279172338733	0	1	811.0104691001105	771.7086742958558	771.7086751675644
primary	LC:EKVX	magnitude_g0.80	magnitude_g0.50	3.5874437658506617e-09	0	1	992.0950373023761	992.095033743291	992.095034835386
primary	LC:EKVX	magnitude_g0.80	magnitude_g0.80	1.0996598707558203e-09	1	1	1003.4119179583754	1003.4119168549636	1003.4119179583755
primary	LC:EKVX	magnitude_g0.80	magnitude_g1.00	5.841993641769616e-06	0	0	1010.7339800943253	1010.728075427335	1010.7280765380631
primary	LC:EKVX	magnitude_g0.80	magnitude_g1.25	9.363251978843406e-05	0	0	1019.571115062847	1019.4756589880329	1019.4756601075086
primary	LC:EKVX	magnitude_g0.80	magnitude_g2.00	0.0003912147991060418	0	0	1043.704335961314	1043.2961830546521	1043.2961841979484
primary	LC:EKVX	magnitude_g0.80	ordinal	0.05092831727006135	0	1	811.0104985004535	771.7086742958558	771.7086751675644
primary	LC:EKVX	magnitude_g1.00	magnitude_g0.50	2.9668433387180653e-05	0	1	992.1244676487133	992.095033743291	992.095034835386
primary	LC:EKVX	magnitude_g1.00	magnitude_g0.80	7.377929306920432e-06	0	1	1003.4193199571519	1003.4119168549636	1003.4119179583755
primary	LC:EKVX	magnitude_g1.00	magnitude_g1.00	1.0989374013582479e-09	1	1	1010.7280765380619	1010.728075427335	1010.7280765380631
primary	LC:EKVX	magnitude_g1.00	magnitude_g1.25	7.296246323549675e-05	0	0	1019.5500424433213	1019.4756589880329	1019.4756601075086
primary	LC:EKVX	magnitude_g1.00	magnitude_g2.00	0.0003355524669478138	0	0	1043.6462636626334	1043.2961830546521	1043.2961841979484
primary	LC:EKVX	magnitude_g1.00	ordinal	0.051177172092116516	0	1	811.2025419252739	771.7086742958558	771.7086751675644
primary	LC:EKVX	magnitude_g1.25	magnitude_g0.50	0.00032229445719082544	0	1	992.414780473673	992.095033743291	992.095034835386
primary	LC:EKVX	magnitude_g1.25	magnitude_g0.80	0.00013880625507155044	0	1	1003.5511967054364	1003.4119168549636	1003.4119179583755
primary	LC:EKVX	magnitude_g1.25	magnitude_g1.00	3.526668300718245e-05	0	1	1010.7637204539776	1010.728075427335	1010.7280765380631
primary	LC:EKVX	magnitude_g1.25	magnitude_g1.25	1.0980899705428472e-09	0	0	1019.4756601075089	1019.4756589880329	1019.4756601075086
primary	LC:EKVX	magnitude_g1.25	magnitude_g2.00	7.0182952582083715e-06	0	0	1043.3035052153066	1043.2961830546521	1043.2961841979484
primary	LC:EKVX	magnitude_g1.25	ordinal	0.05300938193808653	0	1	812.6164741565392	771.7086742958558	771.7086751675644
primary	LC:EKVX	magnitude_g2.00	magnitude_g0.50	0.0003581299982320994	0	1	992.4503327359715	992.095033743291	992.095034835386
primary	LC:EKVX	magnitude_g2.00	magnitude_g0.80	0.00016232453568516245	0	1	1003.574795228468	1003.4119168549636	1003.4119179583755
primary	LC:EKVX	magnitude_g2.00	magnitude_g1.00	5.178396429936881e-05	0	1	1010.7804149339094	1010.728075427335	1010.7280765380631
primary	LC:EKVX	magnitude_g2.00	magnitude_g1.25	8.984662523903986e-06	0	1	1019.4848186327803	1019.4756589880329	1019.4756601075086
primary	LC:EKVX	magnitude_g2.00	magnitude_g2.00	1.0958503222423132e-09	0	0	1043.2961841979486	1043.2961830546521	1043.2961841979484
primary	LC:EKVX	magnitude_g2.00	ordinal	0.053081211686761394	0	1	812.6719057966641	771.7086742958558	771.7086751675644
primary	LC:EKVX	ordinal	magnitude_g0.50	0.03012484066384838	0	0	1021.9817385582029	992.095033743291	992.095034835386
primary	LC:EKVX	ordinal	magnitude_g0.80	0.035229309277164236	0	0	1038.7614256062393	1003.4119168549636	1003.4119179583755
primary	LC:EKVX	ordinal	magnitude_g1.00	0.03837676214279114	0	0	1049.516546369051	1010.728075427335	1010.7280765380631
primary	LC:EKVX	ordinal	magnitude_g1.25	0.04210144732366429	0	0	1062.3970597426755	1019.4756589880329	1019.4756601075086
primary	LC:EKVX	ordinal	magnitude_g2.00	0.05151046894658974	0	0	1097.0368586939844	1043.2961830546521	1043.2961841979484
primary	LC:EKVX	ordinal	ordinal	1.129582492142885e-09	1	1	771.7086751675644	771.7086742958558	771.7086751675644
primary	LC:NCI-H322M	magnitude_g0.50	magnitude_g0.50	1.101260177217648e-09	1	1	987.5486112766611	987.5486101891131	987.5486112766616
primary	LC:NCI-H322M	magnitude_g0.50	magnitude_g0.80	2.4282845056314988e-06	0	0	999.2330854560482	999.2306590397213	999.230660138952
primary	LC:NCI-H322M	magnitude_g0.50	magnitude_g1.00	6.160514879976656e-06	0	0	1006.7929497392545	1006.7867474145161	1006.7867485213028
primary	LC:NCI-H322M	magnitude_g0.50	magnitude_g1.25	1.0622179944783723e-05	0	0	1015.9174709300448	1015.906679786485	1015.9066809023917
primary	LC:NCI-H322M	magnitude_g0.50	magnitude_g2.00	8.087514926382773e-05	0	0	1040.8372736594338	1040.7531025969145	1040.7531037376677
primary	LC:NCI-H322M	magnitude_g0.50	ordinal	0.0409437442368315	0	1	810.0757979354472	778.212850041531	778.2128509197439
primary	LC:NCI-H322M	magnitude_g0.80	magnitude_g0.50	3.403091702079951e-06	0	1	987.5519709075938	987.5486101891131	987.5486112766616
primary	LC:NCI-H322M	magnitude_g0.80	magnitude_g0.80	1.100077092339292e-09	0	1	999.2306601389521	999.2306590397213	999.230660138952
primary	LC:NCI-H322M	magnitude_g0.80	magnitude_g1.00	1.0419166580380813e-09	1	0	1006.786748463504	1006.7867474145161	1006.7867485213028
primary	LC:NCI-H322M	magnitude_g0.80	magnitude_g1.25	1.0026222378460056e-09	1	0	1015.9066808050557	1015.906679786485	1015.9066809023917
primary	LC:NCI-H322M	magnitude_g0.80	magnitude_g2.00	5.831403994413415e-05	0	0	1040.8137931149113	1040.7531025969145	1040.7531037376677
primary	LC:NCI-H322M	magnitude_g0.80	ordinal	0.0410803915924428	0	1	810.1821386635081	778.212850041531	778.2128509197439
primary	LC:NCI-H322M	magnitude_g1.00	magnitude_g0.50	3.4031628056386484e-06	0	1	987.5519709778121	987.5486101891131	987.5486112766616
primary	LC:NCI-H322M	magnitude_g1.00	magnitude_g0.80	1.1615337968235567e-09	0	1	999.2306602003615	999.2306590397213	999.230660138952
primary	LC:NCI-H322M	magnitude_g1.00	magnitude_g1.00	1.099325540438388e-09	1	1	1006.7867485213025	1006.7867474145161	1006.7867485213028
primary	LC:NCI-H322M	magnitude_g1.00	magnitude_g1.25	1.057208682882171e-09	1	0	1015.9066808605104	1015.906679786485	1015.9066809023917
primary	LC:NCI-H322M	magnitude_g1.00	magnitude_g2.00	5.831409708220927e-05	0	0	1040.813793174378	1040.7531025969145	1040.7531037376677
primary	LC:NCI-H322M	magnitude_g1.00	ordinal	0.041080391100635404	0	1	810.1821382807773	778.212850041531	778.2128509197439
primary	LC:NCI-H322M	magnitude_g1.25	magnitude_g0.50	3.403230239739544e-06	0	1	987.5519710444065	987.5486101891131	987.5486112766616
primary	LC:NCI-H322M	magnitude_g1.25	magnitude_g0.80	1.2162914664608708e-09	0	1	999.230660255077	999.2306590397213	999.230660138952
primary	LC:NCI-H322M	magnitude_g1.25	magnitude_g1.00	1.1473302927618856e-09	0	1	1006.786748569633	1006.7867474145161	1006.7867485213028
primary	LC:NCI-H322M	magnitude_g1.25	magnitude_g1.25	1.0984346902533351e-09	0	0	1015.9066809023922	1015.906679786485	1015.9066809023917
primary	LC:NCI-H322M	magnitude_g1.25	magnitude_g2.00	5.8314126688434724e-05	0	0	1040.8137932051907	1040.7531025969145	1040.7531037376677
primary	LC:NCI-H322M	magnitude_g1.25	ordinal	0.04108039097425606	0	1	810.1821381824273	778.212850041531	778.2128509197439
primary	LC:NCI-H322M	magnitude_g2.00	magnitude_g0.50	0.0006906826439170621	0	1	988.2306928741951	987.5486101891131	987.5486112766616
primary	LC:NCI-H322M	magnitude_g2.00	magnitude_g0.80	0.0004984575125920019	0	1	999.7287330685319	999.2306590397213	999.230660138952
primary	LC:NCI-H322M	magnitude_g2.00	magnitude_g1.00	0.0003846337966401056	0	1	1007.1739916235811	1006.7867474145161	1006.7867485213028
primary	LC:NCI-H322M	magnitude_g2.00	magnitude_g1.25	0.0002552192095222146	0	1	1016.1659586862485	1015.906679786485	1015.9066809023917
primary	LC:NCI-H322M	magnitude_g2.00	magnitude_g2.00	1.0960848790512328e-09	0	0	1040.7531037376682	1040.7531025969145	1040.7531037376677
primary	LC:NCI-H322M	magnitude_g2.00	ordinal	0.044022336804258946	0	1	812.4715982314616	778.212850041531	778.2128509197439
primary	LC:NCI-H322M	ordinal	magnitude_g0.50	0.06889421046126465	0	0	1055.5849919802113	987.5486101891131	987.5486112766616
primary	LC:NCI-H322M	ordinal	magnitude_g0.80	0.07531928386859164	0	0	1074.491996698134	999.2306590397213	999.230660138952
primary	LC:NCI-H322M	ordinal	magnitude_g1.00	0.07933364220859468	0	0	1086.658807014254	1006.7867474145161	1006.7867485213028
primary	LC:NCI-H322M	ordinal	magnitude_g1.25	0.08403531674259722	0	0	1101.2787194032626	1015.906679786485	1015.9066809023917
primary	LC:NCI-H322M	ordinal	magnitude_g2.00	0.09618935495294527	0	0	1140.8624722009881	1040.7531025969145	1040.7531037376677
primary	LC:NCI-H322M	ordinal	ordinal	1.1284995600268694e-09	1	1	778.2128509197439	778.212850041531	778.2128509197439
primary	LC:NCI-H460	magnitude_g0.50	magnitude_g0.50	1.1012966866807062e-09	1	1	987.1909047296351	987.190903642445	987.1909047296359
primary	LC:NCI-H460	magnitude_g0.50	magnitude_g0.80	4.977954556179697e-06	0	0	998.8177645598797	998.8127925151884	998.8127936140012
primary	LC:NCI-H460	magnitude_g0.50	magnitude_g1.00	1.1811940516157455e-05	0	0	1006.3483706811544	1006.3364838944674	1006.3364850008038
primary	LC:NCI-H460	magnitude_g0.50	magnitude_g1.25	6.647229879053581e-05	0	0	1015.4472485432865	1015.3797539168983	1015.379755032278
primary	LC:NCI-H460	magnitude_g0.50	magnitude_g2.00	0.0006109659606588763	0	0	1040.3661560858218	1039.7309158879696	1039.7309170277006
primary	LC:NCI-H460	magnitude_g0.50	ordinal	0.038287464162228536	0	1	805.1763497571023	775.484995773094	775.484996648579
primary	LC:NCI-H460	magnitude_g0.80	magnitude_g0.50	5.026351108763635e-07	0	1	987.1913998392544	987.190903642445	987.1909047296359
primary	LC:NCI-H460	magnitude_g0.80	magnitude_g0.80	1.100119028388751e-09	0	1	998.8127936140014	998.8127925151884	998.8127936140012
primary	LC:NCI-H460	magnitude_g0.80	magnitude_g1.00	3.474031297768198e-06	0	0	1006.3399799389085	1006.3364838944674	1006.3364850008038
primary	LC:NCI-H460	magnitude_g0.80	magnitude_g1.25	5.42586607000224e-05	0	0	1015.4348470624477	1015.3797539168983	1015.379755032278
primary	LC:NCI-H460	magnitude_g0.80	magnitude_g2.00	0.0005891173452814666	0	0	1040.3434394049445	1039.7309158879696	1039.7309170277006
primary	LC:NCI-H460	magnitude_g0.80	ordinal	0.03835699209619087	0	1	805.2302676266772	775.484995773094	775.484996648579
primary	LC:NCI-H460	magnitude_g1.00	magnitude_g0.50	8.2483761931579e-06	0	1	987.1990463643928	987.190903642445	987.1909047296359
primary	LC:NCI-H460	magnitude_g1.00	magnitude_g0.80	7.912624170394982e-07	0	1	998.8135828382128	998.8127925151884	998.8127936140012
primary	LC:NCI-H460	magnitude_g1.00	magnitude_g1.00	1.099370383660685e-09	0	1	1006.3364850008039	1006.3364838944674	1006.3364850008038
primary	LC:NCI-H460	magnitude_g1.00	magnitude_g1.25	4.587493619742971e-05	0	0	1015.4263343983254	1015.3797539168983	1015.379755032278
primary	LC:NCI-H460	magnitude_g1.00	magnitude_g2.00	0.0005685525012590576	0	0	1040.322057500834	1039.7309158879696	1039.7309170277006
primary	LC:NCI-H460	magnitude_g1.00	ordinal	0.03846268283920716	0	1	805.3122292120785	775.484995773094	775.484996648579
primary	LC:NCI-H460	magnitude_g1.25	magnitude_g0.50	0.0003198657130657208	0	1	987.5066721647706	987.190903642445	987.1909047296359
primary	LC:NCI-H460	magnitude_g1.25	magnitude_g0.80	0.00015487590442633323	0	1	998.9674845497818	998.8127925151884	998.8127936140012
primary	LC:NCI-H460	magnitude_g1.25	magnitude_g1.00	6.0059057121440026e-05	0	1	1006.396923514837	1006.3364838944674	1006.3364850008038
primary	LC:NCI-H460	magnitude_g1.25	magnitude_g1.25	1.098484416396937e-09	1	1	1015.3797550322771	1015.3797539168983	1015.379755032278
primary	LC:NCI-H460	magnitude_g1.25	magnitude_g2.00	0.00027133155476605306	0	1	1040.0130276939158	1039.7309158879696	1039.7309170277006
primary	LC:NCI-H460	magnitude_g1.25	ordinal	0.040544441768645065	0	1	806.9266020266742	775.484995773094	775.484996648579
primary	LC:NCI-H460	magnitude_g2.00	magnitude_g0.50	0.0007385471299504295	0	1	987.9199906510433	987.190903642445	987.1909047296359
primary	LC:NCI-H460	magnitude_g2.00	magnitude_g0.80	0.00043558455972899973	0	1	999.2478599456679	998.8127925151884	998.8127936140012
primary	LC:NCI-H460	magnitude_g2.00	magnitude_g1.00	0.00024700845800815034	0	1	1006.5850575175915	1006.3364838944674	1006.3364850008038
primary	LC:NCI-H460	magnitude_g2.00	magnitude_g1.25	6.963486460338145e-05	0	0	1015.4504597485833	1015.3797539168983	1015.379755032278
primary	LC:NCI-H460	magnitude_g2.00	magnitude_g2.00	1.09617926053874e-09	0	1	1039.730917027701	1039.7309158879696	1039.7309170277006
primary	LC:NCI-H460	magnitude_g2.00	ordinal	0.047334411958726924	0	1	812.1921220308293	775.484995773094	775.484996648579
primary	LC:NCI-H460	ordinal	magnitude_g0.50	0.039379520563582765	0	0	1026.0660081326146	987.190903642445	987.1909047296359
primary	LC:NCI-H460	ordinal	magnitude_g0.80	0.0448128187814964	0	0	1043.572409182812	998.8127925151884	998.8127936140012
primary	LC:NCI-H460	ordinal	magnitude_g1.00	0.0481465318837595	0	0	1054.7880955020828	1006.3364838944674	1006.3364850008038
primary	LC:NCI-H460	ordinal	magnitude_g1.25	0.052036968044569296	0	0	1068.2170377245745	1015.3797539168983	1015.379755032278
primary	LC:NCI-H460	ordinal	magnitude_g2.00	0.06212854141386059	0	0	1104.3278811549865	1039.7309158879696	1039.7309170277006
primary	LC:NCI-H460	ordinal	ordinal	1.128951199064184e-09	1	0	775.4849966485788	775.484995773094	775.484996648579
primary	LC:NCI-H522	magnitude_g0.50	magnitude_g0.50	1.102679276053158e-09	1	1	973.8926239982634	973.8926229243722	973.8926239982648
primary	LC:NCI-H522	magnitude_g0.50	magnitude_g0.80	1.752717293068856e-06	0	1	987.7648334940316	987.7631022245608	987.7631033123239
primary	LC:NCI-H522	magnitude_g0.50	magnitude_g1.00	8.222220849485686e-05	0	0	996.6743880843759	996.5924460524922	996.5924471490846
primary	LC:NCI-H522	magnitude_g0.50	magnitude_g1.25	0.00018769926514691573	0	0	1007.3632739859536	1007.1742281234599	1007.1742292306341
primary	LC:NCI-H522	magnitude_g0.50	magnitude_g2.00	0.0008725468747385963	0	0	1036.1995686864605	1035.2962242016047	1035.296225336901
primary	LC:NCI-H522	magnitude_g0.50	ordinal	0.04940270415961191	0	1	780.6243792719611	743.8749454120234	743.8749462558983
primary	LC:NCI-H522	magnitude_g0.80	magnitude_g0.50	1.585237955948199e-06	0	0	973.894166775923	973.8926229243722	973.8926239982648
primary	LC:NCI-H522	magnitude_g0.80	magnitude_g0.80	1.1012393750579351e-09	0	0	987.7631033123245	987.7631022245608	987.7631033123239
primary	LC:NCI-H522	magnitude_g0.80	magnitude_g1.00	7.861616321447112e-05	0	0	996.6707943268893	996.5924460524922	996.5924471490846
primary	LC:NCI-H522	magnitude_g0.80	magnitude_g1.25	0.00018213160845850397	0	0	1007.357666385626	1007.1742281234599	1007.1742292306341
primary	LC:NCI-H522	magnitude_g0.80	magnitude_g2.00	0.0008629118166274236	0	0	1036.189593547178	1035.2962242016047	1035.296225336901
primary	LC:NCI-H522	magnitude_g0.80	ordinal	0.04941929332466154	0	1	780.6367195362068	743.8749454120234	743.8749462558983
primary	LC:NCI-H522	magnitude_g1.00	magnitude_g0.50	0.0001538763842914729	0	1	974.0424819998759	973.8926229243722	973.8926239982648
primary	LC:NCI-H522	magnitude_g1.00	magnitude_g0.80	9.983704853131093e-06	0	1	987.7729637598383	987.7631022245608	987.7631033123239
primary	LC:NCI-H522	magnitude_g1.00	magnitude_g1.00	1.1003421300722982e-09	0	1	996.5924471490848	996.5924460524922	996.5924471490846
primary	LC:NCI-H522	magnitude_g1.00	magnitude_g1.25	0.0	1	0	1007.1742289216422	1007.1742281234599	1007.1742292306341
primary	LC:NCI-H522	magnitude_g1.00	magnitude_g2.00	0.0004162283695881274	0	0	1035.7271438610449	1035.2962242016047	1035.296225336901
primary	LC:NCI-H522	magnitude_g1.00	ordinal	0.05170992709660188	0	1	782.3406646082678	743.8749454120234	743.8749462558983
primary	LC:NCI-H522	magnitude_g1.25	magnitude_g0.50	0.00015390251776254424	0	1	974.0425074510706	973.8926229243722	973.8926239982648
primary	LC:NCI-H522	magnitude_g1.25	magnitude_g0.80	9.998009418191338e-06	0	1	987.7729778893598	987.7631022245608	987.7631033123239
primary	LC:NCI-H522	magnitude_g1.25	magnitude_g1.00	8.672216237967816e-09	0	1	996.5924546951574	996.5924460524922	996.5924471490846
primary	LC:NCI-H522	magnitude_g1.25	magnitude_g1.25	1.0992877436516952e-09	0	1	1007.1742292306342	1007.1742281234599	1007.1742292306341
primary	LC:NCI-H522	magnitude_g1.25	magnitude_g2.00	0.0004162130449587414	0	0	1035.727127995514	1035.2962242016047	1035.296225336901
primary	LC:NCI-H522	magnitude_g1.25	ordinal	0.051709977122172755	0	1	782.3407018210366	743.8749454120234	743.8749462558983
primary	LC:NCI-H522	magnitude_g2.00	magnitude_g0.50	0.0018363714231376283	0	1	975.681051506315	973.8926229243722	973.8926239982648
primary	LC:NCI-H522	magnitude_g2.00	magnitude_g0.80	0.0011739270074172044	0	1	988.9226640071925	987.7631022245608	987.7631033123239
primary	LC:NCI-H522	magnitude_g2.00	magnitude_g1.00	0.0008470687892752215	0	1	997.4366284091707	996.5924460524922	996.5924471490846
primary	LC:NCI-H522	magnitude_g2.00	magnitude_g1.25	0.000482849618784489	0	1	1007.6605418155589	1007.1742281234599	1007.1742292306341
primary	LC:NCI-H522	magnitude_g2.00	magnitude_g2.00	1.0965910204814419e-09	0	0	1035.2962253369012	1035.2962242016047	1035.296225336901
primary	LC:NCI-H522	magnitude_g2.00	ordinal	0.06107634177776259	0	1	789.3081058179226	743.8749454120234	743.8749462558983
primary	LC:NCI-H522	ordinal	magnitude_g0.50	0.049688072536981674	0	0	1022.2834702154697	973.8926229243722	973.8926239982648
primary	LC:NCI-H522	ordinal	magnitude_g0.80	0.05603885028109316	0	0	1043.1162108233111	987.7631022245608	987.7631033123239
primary	LC:NCI-H522	ordinal	magnitude_g1.00	0.06002258809049016	0	0	1056.410503935995	996.5924460524922	996.5924471490846
primary	LC:NCI-H522	ordinal	magnitude_g1.25	0.06463540824022794	0	0	1072.2733455272562	1007.1742281234599	1007.1742292306341
primary	LC:NCI-H522	ordinal	magnitude_g2.00	0.0765920911226621	0	0	1114.591726944602	1035.2962242016047	1035.296225336901
primary	LC:NCI-H522	ordinal	ordinal	1.1344309657578762e-09	1	1	743.8749462558982	743.8749454120234	743.8749462558983
primary	LE:CCRF-CEM	magnitude_g0.50	magnitude_g0.50	1.1020720253343654e-09	0	1	979.7034761871586	979.7034751074548	979.7034761871582
primary	LE:CCRF-CEM	magnitude_g0.50	magnitude_g0.80	3.50943222011078e-05	0	0	992.706439453058	992.6716023160064	992.671603408678
primary	LE:CCRF-CEM	magnitude_g0.50	magnitude_g1.00	0.00011712964224754955	0	0	1001.0909820966409	1000.9737384007628	1000.9737395017365
primary	LE:CCRF-CEM	magnitude_g0.50	magnitude_g1.25	0.00021364319370980575	0	0	1011.1822921076002	1010.9663060372454	1010.9663071482117
primary	LE:CCRF-CEM	magnitude_g0.50	magnitude_g2.00	0.0009495769747390606	0	0	1038.5763571314005	1037.591084528338	1037.591085665929
primary	LE:CCRF-CEM	magnitude_g0.50	ordinal	0.05525937746675242	0	1	777.2627069173357	736.5608148237702	736.560815660331
primary	LE:CCRF-CEM	magnitude_g0.80	magnitude_g0.50	9.640129853950349e-05	0	1	979.7979197946388	979.7034751074548	979.7034761871582
primary	LE:CCRF-CEM	magnitude_g0.80	magnitude_g0.80	1.1007382434644304e-09	1	1	992.671603408678	992.6716023160064	992.671603408678
primary	LE:CCRF-CEM	magnitude_g0.80	magnitude_g1.00	1.0696294934089724e-09	1	0	1000.9737394714339	1000.9737384007628	1000.9737395017365
primary	LE:CCRF-CEM	magnitude_g0.80	magnitude_g1.25	4.2510109853582613e-07	0	0	1010.9667358001327	1010.9663060372454	1010.9663071482117
primary	LE:CCRF-CEM	magnitude_g0.80	magnitude_g2.00	0.0004888465063110133	0	0	1038.098307304989	1037.591084528338	1037.591085665929
primary	LE:CCRF-CEM	magnitude_g0.80	ordinal	0.05819156061815303	0	1	779.4224381285438	736.5608148237702	736.560815660331
primary	LE:CCRF-CEM	magnitude_g1.00	magnitude_g0.50	9.640147695398304e-05	0	1	979.7979199694321	979.7034751074548	979.7034761871582
primary	LE:CCRF-CEM	magnitude_g1.00	magnitude_g0.80	1.1850783783564575e-09	0	1	992.6716034924001	992.6716023160064	992.671603408678
primary	LE:CCRF-CEM	magnitude_g1.00	magnitude_g1.00	1.0999023326828662e-09	1	1	1000.9737395017362	1000.9737384007628	1000.9737395017365
primary	LE:CCRF-CEM	magnitude_g1.00	magnitude_g1.25	4.2507250461225485e-07	0	0	1010.9667357712252	1010.9663060372454	1010.9663071482117
primary	LE:CCRF-CEM	magnitude_g1.00	magnitude_g2.00	0.000488846348293059	0	0	1038.098307141031	1037.591084528338	1037.591085665929
primary	LE:CCRF-CEM	magnitude_g1.00	ordinal	0.05819156114926751	0	1	779.422438519742	736.5608148237702	736.560815660331
primary	LE:CCRF-CEM	magnitude_g1.25	magnitude_g0.50	0.00011571674869308771	0	1	979.8168432082775	979.7034751074548	979.7034761871582
primary	LE:CCRF-CEM	magnitude_g1.25	magnitude_g0.80	1.1019302166365314e-05	0	1	992.6825408643443	992.6716023160064	992.671603408678
primary	LE:CCRF-CEM	magnitude_g1.25	magnitude_g1.00	5.7750364138481515e-06	0	1	1000.9795190605514	1000.9737384007628	1000.9737395017365
primary	LE:CCRF-CEM	magnitude_g1.25	magnitude_g1.25	1.0989151555783039e-09	1	1	1010.9663071482116	1010.9663060372454	1010.9663071482117
primary	LE:CCRF-CEM	magnitude_g1.25	magnitude_g2.00	0.0004722576499679734	0	0	1038.081094855545	1037.591084528338	1037.591085665929
primary	LE:CCRF-CEM	magnitude_g1.25	ordinal	0.058392057467241985	0	1	779.5701162510784	736.5608148237702	736.560815660331
primary	LE:CCRF-CEM	magnitude_g2.00	magnitude_g0.50	0.0014555082122053454	0	1	981.1294415609998	979.7034751074548	979.7034761871582
primary	LE:CCRF-CEM	magnitude_g2.00	magnitude_g0.80	0.0009169469183709992	0	1	993.5818294827045	992.6716023160064	992.671603408678
primary	LE:CCRF-CEM	magnitude_g2.00	magnitude_g1.00	0.0006421469964838842	0	1	1001.6165106804361	1000.9737384007628	1000.9737395017365
primary	LE:CCRF-CEM	magnitude_g2.00	magnitude_g1.25	0.0003223981820878403	0	1	1011.2922397364639	1010.9663060372454	1010.9663071482117
primary	LE:CCRF-CEM	magnitude_g2.00	magnitude_g2.00	1.0963769713517135e-09	1	1	1037.5910856659289	1037.591084528338	1037.591085665929
primary	LE:CCRF-CEM	magnitude_g2.00	ordinal	0.06742239568963522	0	1	786.2215095302986	736.5608148237702	736.560815660331
primary	LE:CCRF-CEM	ordinal	magnitude_g0.50	0.05939472945533001	0	0	1037.8926979579087	979.7034751074548	979.7034761871582
primary	LE:CCRF-CEM	ordinal	magnitude_g0.80	0.06598595226426185	0	0	1058.1739832805188	992.6716023160064	992.671603408678
primary	LE:CCRF-CEM	ordinal	magnitude_g1.00	0.07012532287306811	0	0	1071.1673449935784	1000.9737384007628	1000.9737395017365
primary	LE:CCRF-CEM	ordinal	magnitude_g1.25	0.07493313527419328	0	0	1086.7211810051858	1010.9663060372454	1010.9663071482117
primary	LE:CCRF-CEM	ordinal	magnitude_g2.00	0.08759572353463618	0	0	1128.4796263106855	1037.591084528338	1037.591085665929
primary	LE:CCRF-CEM	ordinal	ordinal	1.1357675429564662e-09	0	1	736.5608156603321	736.5608148237702	736.560815660331
primary	LE:HL-60(TB)	magnitude_g0.50	magnitude_g0.50	1.103080879904461e-09	1	1	970.1082203512757	970.1082192811679	970.108220351276
primary	LE:HL-60(TB)	magnitude_g0.50	magnitude_g0.80	1.066885025408723e-09	1	0	984.447635680511	984.4476346302185	984.4476357146661
primary	LE:HL-60(TB)	magnitude_g0.50	magnitude_g1.00	3.574081559719471e-07	0	0	993.5852376081418	993.5848824928012	993.584883586386
primary	LE:HL-60(TB)	magnitude_g0.50	magnitude_g1.25	6.176334903338344e-06	0	0	1004.4783162678534	1004.4721123116867	1004.4721134161588
primary	LE:HL-60(TB)	magnitude_g0.50	magnitude_g2.00	0.00015653471271609575	0	0	1033.5226893702845	1033.3609325135815	1033.3609336469424
primary	LE:HL-60(TB)	magnitude_g0.50	ordinal	0.029745582196069653	0	1	771.6952526694072	749.4038003286834	749.4038011780872
primary	LE:HL-60(TB)	magnitude_g0.80	magnitude_g0.50	2.857012278048066e-09	0	1	970.108222052779	970.1082192811679	970.108220351276
primary	LE:HL-60(TB)	magnitude_g0.80	magnitude_g0.80	1.1015787355131414e-09	1	1	984.4476357146651	984.4476346302185	984.4476357146661
primary	LE:HL-60(TB)	magnitude_g0.80	magnitude_g1.00	3.5636465728568426e-07	0	0	993.5852365713373	993.5848824928012	993.584883586386
primary	LE:HL-60(TB)	magnitude_g0.80	magnitude_g1.25	6.174025202658126e-06	0	0	1004.4783139478235	1004.4721123116867	1004.4721134161588
primary	LE:HL-60(TB)	magnitude_g0.80	magnitude_g2.00	0.0001565291403808404	0	0	1033.522683612051	1033.3609325135815	1033.3609336469424
primary	LE:HL-60(TB)	magnitude_g0.80	ordinal	0.029745615717678305	0	1	771.6952777906281	749.4038003286834	749.4038011780872
primary	LE:HL-60(TB)	magnitude_g1.00	magnitude_g0.50	1.2434317525440096e-05	0	1	970.1202819148004	970.1082192811679	970.108220351276
primary	LE:HL-60(TB)	magnitude_g1.00	magnitude_g0.80	4.584963049746003e-06	0	1	984.4521482862477	984.4476346302185	984.4476357146661
primary	LE:HL-60(TB)	magnitude_g1.00	magnitude_g1.00	1.1006468718095643e-09	0	0	993.5848835863873	993.5848824928012	993.584883586386
primary	LE:HL-60(TB)	magnitude_g1.00	magnitude_g1.25	0.0	1	0	1004.4721131877473	1004.4721123116867	1004.4721134161588
primary	LE:HL-60(TB)	magnitude_g1.00	magnitude_g2.00	0.0001352725411483868	0	0	1033.500717872846	1033.3609325135815	1033.3609336469424
primary	LE:HL-60(TB)	magnitude_g1.00	ordinal	0.029912950681473507	0	1	771.8206792484241	749.4038003286834	749.4038011780872
primary	LE:HL-60(TB)	magnitude_g1.25	magnitude_g0.50	1.2435205585795343e-05	0	1	970.1202827763151	970.1082192811679	970.108220351276
primary	LE:HL-60(TB)	magnitude_g1.25	magnitude_g0.80	4.585565127423505e-06	0	1	984.4521488789617	984.4476346302185	984.4476357146661
primary	LE:HL-60(TB)	magnitude_g1.25	magnitude_g1.00	1.528299988698967e-09	0	1	993.5848840112969	993.5848824928012	993.584883586386
primary	LE:HL-60(TB)	magnitude_g1.25	magnitude_g1.25	1.0995550695487774e-09	0	0	1004.4721134161591	1004.4721123116867	1004.4721134161588
primary	LE:HL-60(TB)	magnitude_g1.25	magnitude_g2.00	0.00013527227440812307	0	0	1033.500717597207	1033.3609325135815	1033.3609336469424
primary	LE:HL-60(TB)	magnitude_g1.25	ordinal	0.029912956318461286	0	1	771.8206834728041	749.4038003286834	749.4038011780872
primary	LE:HL-60(TB)	magnitude_g2.00	magnitude_g0.50	0.0007447267728546068	0	1	970.8306848446329	970.1082192811679	970.108220351276
primary	LE:HL-60(TB)	magnitude_g2.00	magnitude_g0.80	0.0005197737962488539	0	1	984.9593247144785	984.4476346302185	984.4476357146661
primary	LE:HL-60(TB)	magnitude_g2.00	magnitude_g1.00	0.0003835293912784707	0	1	993.9659514979671	993.5848824928012	993.584883586386
primary	LE:HL-60(TB)	magnitude_g2.00	magnitude_g1.25	0.00023306052737270583	0	1	1004.7062151119133	1004.4721123116867	1004.4721134161588
primary	LE:HL-60(TB)	magnitude_g2.00	magnitude_g2.00	1.096772248069194e-09	0	0	1033.360933646943	1033.3609325135815	1033.3609336469424
primary	LE:HL-60(TB)	magnitude_g2.00	ordinal	0.03379638507316922	0	1	774.730939739888	749.4038003286834	749.4038011780872
primary	LE:HL-60(TB)	ordinal	magnitude_g0.50	0.04067009102589218	0	0	1009.5626088642991	970.1082192811679	970.108220351276
primary	LE:HL-60(TB)	ordinal	magnitude_g0.80	0.04410923406536448	0	0	1027.8708657712173	984.4476346302185	984.4476357146661
primary	LE:HL-60(TB)	ordinal	magnitude_g1.00	0.04622516092705506	0	0	1039.51350358072	993.5848824928012	993.584883586386
primary	LE:HL-60(TB)	ordinal	magnitude_g1.25	0.04868019365593809	0	0	1053.3700092610088	1004.4721123116867	1004.4721134161588
primary	LE:HL-60(TB)	ordinal	magnitude_g2.00	0.05500358748428688	0	0	1090.1994909679365	1033.3609325135815	1033.3609336469424
primary	LE:HL-60(TB)	ordinal	ordinal	1.1334394328132037e-09	1	0	749.4038011780872	749.4038003286834	749.4038011780872
primary	LE:K-562	magnitude_g0.50	magnitude_g0.50	1.104279645801547e-09	0	1	958.9606447943853	958.9606437354246	958.9606447943852
primary	LE:K-562	magnitude_g0.50	magnitude_g0.80	1.4398820704354716e-05	0	0	973.9196910948272	973.9056680017306	973.9056690756363
primary	LE:K-562	magnitude_g0.50	magnitude_g1.00	3.0031576118669956e-05	0	0	983.502738713868	983.4732034634975	983.4732045469707
primary	LE:K-562	magnitude_g0.50	magnitude_g1.25	4.869911363050783e-05	0	0	994.9741005047888	994.9256485075782	994.9256496025039
primary	LE:K-562	magnitude_g0.50	magnitude_g2.00	0.00020065588889086813	0	0	1025.783127263007	1025.5773391303974	1025.5773402559748
primary	LE:K-562	magnitude_g0.50	ordinal	0.07494239037122327	0	1	750.3733066475551	698.0590898349625	698.0590906330216
primary	LE:K-562	magnitude_g0.80	magnitude_g0.50	1.4352881144415847e-05	0	1	958.9744075835663	958.9606437354246	958.9606447943852
primary	LE:K-562	magnitude_g0.80	magnitude_g0.80	1.1026799148482098e-09	0	1	973.9056690756369	973.9056680017306	973.9056690756363
primary	LE:K-562	magnitude_g0.80	magnitude_g1.00	0.0	1	0	983.4732038059993	983.4732034634975	983.4732045469707
primary	LE:K-562	magnitude_g0.80	magnitude_g1.25	2.566761640843228e-06	0	0	994.9282022445683	994.9256485075782	994.9256496025039
primary	LE:K-562	magnitude_g0.80	magnitude_g2.00	0.0001240096510375749	0	0	1025.704520618335	1025.5773391303974	1025.5773402559748
primary	LE:K-562	magnitude_g0.80	ordinal	0.07495611078208227	0	1	750.3828843050715	698.0590898349625	698.0590906330216
primary	LE:K-562	magnitude_g1.00	magnitude_g0.50	1.4358985001525852e-05	0	1	958.974413436925	958.9606437354246	958.9606447943852
primary	LE:K-562	magnitude_g1.00	magnitude_g0.80	3.877496356976506e-09	0	1	973.9056717780463	973.9056680017306	973.9056690756363
primary	LE:K-562	magnitude_g1.00	magnitude_g1.00	1.1016815983221427e-09	0	0	983.4732045469718	983.4732034634975	983.4732045469707
primary	LE:K-562	magnitude_g1.00	magnitude_g1.25	2.5652029416943807e-06	0	0	994.9282006937785	994.9256485075782	994.9256496025039
primary	LE:K-562	magnitude_g1.00	magnitude_g2.00	0.00012400242537194598	0	0	1025.704513207856	1025.5773391303974	1025.5773402559748
primary	LE:K-562	magnitude_g1.00	ordinal	0.07495616863629824	0	1	750.3829246907328	698.0590898349625	698.0590906330216
primary	LE:K-562	magnitude_g1.25	magnitude_g0.50	2.4718869562204756e-05	0	1	958.9843481584924	958.9606437354246	958.9606447943852
primary	LE:K-562	magnitude_g1.25	magnitude_g0.80	4.748840339095336e-06	0	1	973.9102929242533	973.9056680017306	973.9056690756363
primary	LE:K-562	magnitude_g1.25	magnitude_g1.00	1.3367031324916533e-06	0	1	983.4745180752093	983.4732034634975	983.4732045469707
primary	LE:K-562	magnitude_g1.25	magnitude_g1.25	1.1005080970301951e-09	1	1	994.925649602502	994.9256485075782	994.9256496025039
primary	LE:K-562	magnitude_g1.25	magnitude_g2.00	0.00011188032686549438	0	0	1025.6920810583251	1025.5773391303974	1025.5773402559748
primary	LE:K-562	magnitude_g1.25	ordinal	0.07505379469951443	0	1	750.4510734515657	698.0590898349625	698.0590906330216
primary	LE:K-562	magnitude_g2.00	magnitude_g0.50	0.0005697451385952669	0	1	959.507006900297	958.9606437354246	958.9606447943852
primary	LE:K-562	magnitude_g2.00	magnitude_g0.80	0.0003835724001406818	0	1	974.2792313363167	973.9056680017306	973.9056690756363
primary	LE:K-562	magnitude_g2.00	magnitude_g1.00	0.00027987860369339443	0	1	983.7484565704527	983.4732034634975	983.4732045469707
primary	LE:K-562	magnitude_g2.00	magnitude_g1.25	0.00016446833122423654	0	1	995.0892822686804	994.9256485075782	994.9256496025039
primary	LE:K-562	magnitude_g2.00	magnitude_g2.00	1.0975066111959394e-09	0	1	1025.5773402559753	1025.5773391303974	1025.5773402559748
primary	LE:K-562	magnitude_g2.00	ordinal	0.07790997196817069	0	1	752.4448539561312	698.0590898349625	698.0590906330216
primary	LE:K-562	ordinal	magnitude_g0.50	0.07008911542179176	0	0	1026.1733469791525	958.9606437354246	958.9606447943852
primary	LE:K-562	ordinal	magnitude_g0.80	0.07759531249126989	0	0	1049.4761826473439	973.9056680017306	973.9056690756363
primary	LE:K-562	ordinal	magnitude_g1.00	0.08224729194449971	0	0	1064.3612111483521	983.4732034634975	983.4732045469707
primary	LE:K-562	ordinal	magnitude_g1.25	0.0876553414635923	0	0	1082.136195958396	994.9256485075782	994.9256496025039
primary	LE:K-562	ordinal	magnitude_g2.00	0.10146814711684013	0	0	1129.640771456978	1025.5773391303974	1025.5773402559748
primary	LE:K-562	ordinal	ordinal	1.1432535354082514e-09	1	1	698.059090633021	698.0590898349625	698.0590906330216
primary	LE:MOLT-4	magnitude_g0.50	magnitude_g0.50	1.1027068005372406e-09	0	0	973.6552113100493	973.655210236393	973.6552113100482
primary	LE:MOLT-4	magnitude_g0.50	magnitude_g0.80	3.542379900752961e-05	0	0	987.3784502636574	987.3434748068545	987.3434758941979
primary	LE:MOLT-4	magnitude_g0.50	magnitude_g1.00	0.00012109410820553556	0	0	996.2095426998585	996.0889222001313	996.0889232962202
primary	LE:MOLT-4	magnitude_g0.50	magnitude_g1.25	0.00022423301623539812	0	0	1006.8200185379245	1006.5943068603718	1006.5943079669661
primary	LE:MOLT-4	magnitude_g0.50	magnitude_g2.00	0.000990813062890535	0	0	1035.5190893690392	1034.4940991021656	1034.4941002366597
primary	LE:MOLT-4	magnitude_g0.50	ordinal	0.0435466159730794	0	1	771.3541239315177	739.1659482430026	739.1659490821685
primary	LE:MOLT-4	magnitude_g0.80	magnitude_g0.50	9.97377825489027e-05	0	1	973.7523204480292	973.655210236393	973.6552113100482
primary	LE:MOLT-4	magnitude_g0.80	magnitude_g0.80	1.1012817210066775e-09	1	0	987.3434758941978	987.3434748068545	987.3434758941979
primary	LE:MOLT-4	magnitude_g0.80	magnitude_g1.00	1.6725014826806223e-06	0	0	996.0905881603305	996.0889222001313	996.0889232962202
primary	LE:MOLT-4	magnitude_g0.80	magnitude_g1.25	6.736795162895439e-06	0	0	1006.6010880800293	1006.5943068603718	1006.5943079669661
primary	LE:MOLT-4	magnitude_g0.80	magnitude_g2.00	0.0005222838340808307	0	0	1035.0343986465787	1034.4940991021656	1034.4941002366597
primary	LE:MOLT-4	magnitude_g0.80	ordinal	0.04657486480634114	0	1	773.5925023518714	739.1659482430026	739.1659490821685
primary	LE:MOLT-4	magnitude_g1.00	magnitude_g0.50	0.00010896693249170945	0	1	973.7613064579571	973.655210236393	973.6552113100482
primary	LE:MOLT-4	magnitude_g1.00	magnitude_g0.80	2.5771712693457736e-06	0	1	987.3460193600907	987.3434748068545	987.3434758941979
primary	LE:MOLT-4	magnitude_g1.00	magnitude_g1.00	1.1003936569096116e-09	0	1	996.0889232962212	996.0889222001313	996.0889232962202
primary	LE:MOLT-4	magnitude_g1.00	magnitude_g1.25	0.0	1	0	1006.594307584035	1006.5943068603718	1006.5943079669661
primary	LE:MOLT-4	magnitude_g1.00	magnitude_g2.00	0.0005020719783662189	0	0	1035.01348960111	1034.4940991021656	1034.4941002366597
primary	LE:MOLT-4	magnitude_g1.00	ordinal	0.046753982414363376	0	1	773.7248999884522	739.1659482430026	739.1659490821685
primary	LE:MOLT-4	magnitude_g1.25	magnitude_g0.50	0.00010897205055643155	0	1	973.7613114411874	973.655210236393	973.6552113100482
primary	LE:MOLT-4	magnitude_g1.25	magnitude_g0.80	2.580213003330531e-06	0	1	987.3460223633269	987.3434748068545	987.3434758941979
primary	LE:MOLT-4	magnitude_g1.25	magnitude_g1.00	2.8946143531695757e-09	0	1	996.0889250834246	996.0889222001313	996.0889232962202
primary	LE:MOLT-4	magnitude_g1.25	magnitude_g1.25	1.0993446113656038e-09	1	1	1006.5943079669659	1006.5943068603718	1006.5943079669661
primary	LE:MOLT-4	magnitude_g1.25	magnitude_g2.00	0.0005020689625731621	0	0	1035.0134864812899	1034.4940991021656	1034.4941002366597
primary	LE:MOLT-4	magnitude_g1.25	ordinal	0.04675401549374919	0	1	773.7249244396078	739.1659482430026	739.1659490821685
primary	LE:MOLT-4	magnitude_g2.00	magnitude_g0.50	0.0016567005279152197	0	1	975.2682653371991	973.655210236393	973.6552113100482
primary	LE:MOLT-4	magnitude_g2.00	magnitude_g0.80	0.0010421176818444298	0	1	988.3724029000044	987.3434748068545	987.3434758941979
primary	LE:MOLT-4	magnitude_g2.00	magnitude_g1.00	0.0007293587985321738	0	1	996.8154284196584	996.0889222001313	996.0889232962202
primary	LE:MOLT-4	magnitude_g2.00	magnitude_g1.25	0.0003733292727214253	0	1	1006.9700979808775	1006.5943068603718	1006.5943079669661
primary	LE:MOLT-4	magnitude_g2.00	magnitude_g2.00	1.0966665269299348e-09	0	1	1034.4941002366606	1034.4940991021656	1034.4941002366597
primary	LE:MOLT-4	magnitude_g2.00	ordinal	0.05591528196473186	0	1	780.4966206577385	739.1659482430026	739.1659490821685
primary	LE:MOLT-4	ordinal	magnitude_g0.50	0.05315762335569873	0	0	1025.4124071804529	973.655210236393	973.6552113100482
primary	LE:MOLT-4	ordinal	magnitude_g0.80	0.05948595233742195	0	0	1046.0765416898796	987.3434748068545	987.3434758941979
primary	LE:MOLT-4	ordinal	magnitude_g1.00	0.06341964380181259	0	0	1059.260526840995	996.0889222001313	996.0889232962202
primary	LE:MOLT-4	ordinal	magnitude_g1.25	0.0679454235905808	0	0	1074.9877834238669	1006.5943068603718	1006.5943079669661
primary	LE:MOLT-4	ordinal	magnitude_g2.00	0.07967006948023526	0	0	1116.9123158545285	1034.4940991021656	1034.4941002366597
primary	LE:MOLT-4	ordinal	ordinal	1.1352875033043892e-09	1	1	739.1659490821685	739.1659482430026	739.1659490821685
primary	ME:LOX IMVI	magnitude_g0.50	magnitude_g0.50	1.1016966655216767e-09	0	1	983.3171421731098	983.3171410897926	983.3171421731097
primary	ME:LOX IMVI	magnitude_g0.50	magnitude_g0.80	8.476954175792882e-06	0	0	995.8252362310949	995.8167947377584	995.8167958335752
primary	ME:LOX IMVI	magnitude_g0.50	magnitude_g1.00	1.657836422626041e-05	0	0	1003.9019198897759	1003.8852771140105	1003.8852782178957
primary	ME:LOX IMVI	magnitude_g0.50	magnitude_g1.25	4.399102047406235e-05	0	0	1013.6338974617161	1013.5893086336877	1013.589309747277
primary	ME:LOX IMVI	magnitude_g0.50	magnitude_g2.00	0.0006625059511136244	0	0	1040.1130046060587	1039.4243797687293	1039.4243809081538
primary	ME:LOX IMVI	magnitude_g0.50	ordinal	0.033959411484443765	0	1	806.4613216411014	779.9738681069445	779.9738689869183
primary	ME:LOX IMVI	magnitude_g0.80	magnitude_g0.50	3.494731977802879e-06	0	1	983.3205775196499	983.3171410897926	983.3171421731097
primary	ME:LOX IMVI	magnitude_g0.80	magnitude_g0.80	1.10042093839077e-09	0	0	995.8167958335761	995.8167947377584	995.8167958335752
primary	ME:LOX IMVI	magnitude_g0.80	magnitude_g1.00	1.3485749858202204e-06	0	1	1003.8866309285838	1003.8852771140105	1003.8852782178957
primary	ME:LOX IMVI	magnitude_g0.80	magnitude_g1.25	2.152202499103016e-05	0	0	1013.6111231281187	1013.5893086336877	1013.589309747277
primary	ME:LOX IMVI	magnitude_g0.80	magnitude_g2.00	0.0006246130656255149	0	0	1040.0736178170625	1039.4243797687293	1039.4243809081538
primary	ME:LOX IMVI	magnitude_g0.80	ordinal	0.03399779730414241	0	1	806.4912615773723	779.9738681069445	779.9738689869183
primary	ME:LOX IMVI	magnitude_g1.00	magnitude_g0.50	9.330053207758497e-06	0	1	983.326315491039	983.3171410897926	983.3171421731097
primary	ME:LOX IMVI	magnitude_g1.00	magnitude_g0.80	1.1935582591296585e-06	0	0	995.8179833031184	995.8167947377584	995.8167958335752
primary	ME:LOX IMVI	magnitude_g1.00	magnitude_g1.00	1.0996137026505553e-09	0	0	1003.8852782178965	1003.8852771140105	1003.8852782178957
primary	ME:LOX IMVI	magnitude_g1.00	magnitude_g1.25	1.7525779491478183e-05	0	0	1013.6070725764057	1013.5893086336877	1013.589309747277
primary	ME:LOX IMVI	magnitude_g1.00	magnitude_g2.00	0.0006152904508417641	0	0	1040.0639276639731	1039.4243797687293	1039.4243809081538
primary	ME:LOX IMVI	magnitude_g1.00	ordinal	0.03401022560813981	0	1	806.5009553297151	779.9738681069445	779.9738689869183
primary	ME:LOX IMVI	magnitude_g1.25	magnitude_g0.50	0.0003383768071669725	0	1	983.6498728044271	983.3171410897926	983.3171421731097
primary	ME:LOX IMVI	magnitude_g1.25	magnitude_g0.80	0.0001785455436536582	0	1	995.9945933887543	995.8167947377584	995.8167958335752
primary	ME:LOX IMVI	magnitude_g1.25	magnitude_g1.00	8.605539299261554e-05	0	1	1003.971666856052	1003.8852771140105	1003.8852782178957
primary	ME:LOX IMVI	magnitude_g1.25	magnitude_g1.25	1.0986600570985406e-09	0	0	1013.5893097472778	1013.5893086336877	1013.589309747277
primary	ME:LOX IMVI	magnitude_g1.25	magnitude_g2.00	0.0003484767603608401	0	0	1039.7865950092312	1039.4243797687293	1039.4243809081538
primary	ME:LOX IMVI	magnitude_g1.25	ordinal	0.03604038073780832	0	1	808.0844232790598	779.9738681069445	779.9738689869183
primary	ME:LOX IMVI	magnitude_g2.00	magnitude_g0.50	0.0022108061854566275	0	1	985.4910647075794	983.3171410897926	983.3171421731097
primary	ME:LOX IMVI	magnitude_g2.00	magnitude_g0.80	0.0015118239606382237	0	1	997.3222944284489	995.8167947377584	995.8167958335752
primary	ME:LOX IMVI	magnitude_g2.00	magnitude_g1.00	0.0010870111000172993	0	1	1004.9765115533773	1003.8852771140105	1003.8852782178957
primary	ME:LOX IMVI	magnitude_g2.00	magnitude_g1.25	0.0006162014359480586	0	1	1014.2138838211293	1013.5893086336877	1013.589309747277
primary	ME:LOX IMVI	magnitude_g2.00	magnitude_g2.00	1.0962067847414382e-09	1	1	1039.4243809081534	1039.4243797687293	1039.4243809081538
primary	ME:LOX IMVI	magnitude_g2.00	ordinal	0.04643935701544463	0	1	816.1953530306802	779.9738681069445	779.9738689869183
primary	ME:LOX IMVI	ordinal	magnitude_g0.50	0.04732519834267762	0	0	1029.8528198256217	983.3171410897926	983.3171421731097
primary	ME:LOX IMVI	ordinal	magnitude_g0.80	0.05275809344240266	0	0	1048.354190246047	995.8167947377584	995.8167958335752
primary	ME:LOX IMVI	ordinal	magnitude_g1.00	0.05610974012696873	0	0	1060.2130191301676	1003.8852771140105	1003.8852782178957
primary	ME:LOX IMVI	ordinal	magnitude_g1.25	0.06000906436499633	0	0	1074.4138546951588	1013.5893086336877	1013.589309747277
primary	ME:LOX IMVI	ordinal	magnitude_g2.00	0.07036650380986637	0	0	1112.5650393477936	1039.4243797687293	1039.4243809081538
primary	ME:LOX IMVI	ordinal	ordinal	1.1282086946028138e-09	1	0	779.9738689869178	779.9738681069445	779.9738689869183
primary	ME:M14	magnitude_g0.50	magnitude_g0.50	1.101158040998046e-09	1	1	988.5456507648705	988.5456496763255	988.5456507648711
primary	ME:M14	magnitude_g0.50	magnitude_g0.80	0.00017246232294347488	0	0	1000.2766240833002	1000.1041437994752	1000.1041448995793
primary	ME:M14	magnitude_g0.50	magnitude_g1.00	0.0003067240189389946	0	0	1007.9006633462596	1007.5916107979465	1007.5916119055381
primary	ME:M14	magnitude_g0.50	magnitude_g1.25	0.0004897566989584717	0	0	1017.1345400069731	1016.6366354043772	1016.6366365210138
primary	ME:M14	magnitude_g0.50	magnitude_g2.00	0.0018293811390681465	0	0	1042.509347293861	1040.6056828843853	1040.605684024991
primary	ME:M14	magnitude_g0.50	ordinal	0.05284539932660614	0	1	810.2429056769213	769.5744372299561	769.5744380995304
primary	ME:M14	magnitude_g0.80	magnitude_g0.50	4.0357452957305114e-05	0	1	988.5855448608785	988.5456496763255	988.5456507648711
primary	ME:M14	magnitude_g0.80	magnitude_g0.80	1.0999904525696533e-09	0	1	1000.1041448995802	1000.1041437994752	1000.1041448995793
primary	ME:M14	magnitude_g0.80	magnitude_g1.00	2.976250237008764e-06	0	0	1007.5946096427169	1007.5916107979465	1007.5916119055381
primary	ME:M14	magnitude_g0.80	magnitude_g1.25	3.382929333442473e-05	0	0	1016.6710275033308	1016.6366354043772	1016.6366365210138
primary	ME:M14	magnitude_g0.80	magnitude_g2.00	0.0009898858135383888	0	0	1041.63576368736	1040.6056828843853	1040.605684024991
primary	ME:M14	magnitude_g0.80	ordinal	0.056792088070280675	0	1	813.2801764457564	769.5744372299561	769.5744380995304
primary	ME:M14	magnitude_g1.00	magnitude_g0.50	4.610907743215342e-05	0	1	988.5912306042317	988.5456496763255	988.5456507648711
primary	ME:M14	magnitude_g1.00	magnitude_g0.80	1.9988579378036884e-07	0	1	1000.1043437060858	1000.1041437994752	1000.1041448995793
primary	ME:M14	magnitude_g1.00	magnitude_g1.00	1.0992469153873016e-09	0	0	1007.5916119055385	1007.5916107979465	1007.5916119055381
primary	ME:M14	magnitude_g1.00	magnitude_g1.25	2.7413812796153885e-05	0	0	1016.6645052907819	1016.6366354043772	1016.6366365210138
primary	ME:M14	magnitude_g1.00	magnitude_g2.00	0.0009759589764985092	0	0	1041.6212713415916	1040.6056828843853	1040.605684024991
primary	ME:M14	magnitude_g1.00	ordinal	0.05682494320026469	0	1	813.305460913924	769.5744372299561	769.5744380995304
primary	ME:M14	magnitude_g1.25	magnitude_g0.50	0.0002884302351397766	0	1	988.8307761305081	988.5456496763255	988.5456507648711
primary	ME:M14	magnitude_g1.25	magnitude_g0.80	0.0001245109504978351	0	1	1000.2286677170165	1000.1041437994752	1000.1041448995793
primary	ME:M14	magnitude_g1.25	magnitude_g1.00	5.32527842093321e-05	0	1	1007.6452678565674	1007.5916107979465	1007.5916119055381
primary	ME:M14	magnitude_g1.25	magnitude_g1.25	1.098363592938069e-09	0	0	1016.6366365210139	1016.6366354043772	1016.6366365210138
primary	ME:M14	magnitude_g1.25	magnitude_g2.00	0.0007541479749308566	0	0	1041.390453552834	1040.6056828843853	1040.605684024991
primary	ME:M14	magnitude_g1.25	ordinal	0.05864720878538011	0	1	814.7078299260727	769.5744372299561	769.5744380995304
primary	ME:M14	magnitude_g2.00	magnitude_g0.50	0.0019160453546016878	0	1	990.4397479761996	988.5456496763255	988.5456507648711
primary	ME:M14	magnitude_g2.00	magnitude_g0.80	0.0011586795501998264	0	1	1001.2629440189658	1000.1041437994752	1000.1041448995793
primary	ME:M14	magnitude_g2.00	magnitude_g1.00	0.0007259352497672955	0	1	1008.3230570655945	1007.5916107979465	1007.5916119055381
primary	ME:M14	magnitude_g2.00	magnitude_g1.25	0.0002586905441697373	0	1	1016.8996296888129	1016.6366354043772	1016.6366365210138
primary	ME:M14	magnitude_g2.00	magnitude_g2.00	1.0960976955114999e-09	1	1	1040.6056840249908	1040.6056828843853	1040.605684024991
primary	ME:M14	magnitude_g2.00	ordinal	0.06746596581999896	0	1	821.4945199080572	769.5744372299561	769.5744380995304
primary	ME:M14	ordinal	magnitude_g0.50	0.06549507969830458	0	0	1053.2905257872887	988.5456496763255	988.5456507648711
primary	ME:M14	ordinal	magnitude_g0.80	0.0733991575030419	0	0	1073.5109453696577	1000.1041437994752	1000.1041448995793
primary	ME:M14	ordinal	magnitude_g1.00	0.07833032785821403	0	0	1086.5165920189356	1007.5916107979465	1007.5916119055381
primary	ME:M14	ordinal	magnitude_g1.25	0.08409733693547064	0	0	1102.1330690729224	1016.6366354043772	1016.6366365210138
primary	ME:M14	ordinal	magnitude_g2.00	0.0996546869176917	0	0	1144.3069164169995	1040.6056828843853	1040.605684024991
primary	ME:M14	ordinal	ordinal	1.129941851557382e-09	1	0	769.5744380995304	769.5744372299561	769.5744380995304
primary	ME:MDA-MB-435	magnitude_g0.50	magnitude_g0.50	1.1019630143510725e-09	0	1	980.7541768367927	980.7541757560379	980.754176836792
primary	ME:MDA-MB-435	magnitude_g0.50	magnitude_g0.80	1.558573421016136e-05	0	0	992.6084202341814	992.5929499442847	992.5929510368776
primary	ME:MDA-MB-435	magnitude_g0.50	magnitude_g1.00	2.5382455512035374e-05	0	0	1000.3003718604157	1000.2749824251745	1000.2749835254494
primary	ME:MDA-MB-435	magnitude_g0.50	magnitude_g1.25	3.6154213868050954e-05	0	0	1009.6075094372089	1009.5710091910277	1009.5710103005987
primary	ME:MDA-MB-435	magnitude_g0.50	magnitude_g2.00	0.00034313437540713375	0	0	1035.1587447863426	1034.8036680760283	1034.8036692108321
primary	ME:MDA-MB-435	magnitude_g0.50	ordinal	0.0895639393459662	0	1	794.0642809526827	728.790897236684	728.790898065475
primary	ME:MDA-MB-435	magnitude_g0.80	magnitude_g0.50	1.3133602188851703e-06	0	1	980.7554638395568	980.7541757560379	980.754176836792
primary	ME:MDA-MB-435	magnitude_g0.80	magnitude_g0.80	1.1007468940425116e-09	0	0	992.5929510368783	992.5929499442847	992.5929510368776
primary	ME:MDA-MB-435	magnitude_g0.80	magnitude_g1.00	1.052121451624939e-09	1	0	1000.2749834775852	1000.2749824251745	1000.2749835254494
primary	ME:MDA-MB-435	magnitude_g0.80	magnitude_g1.25	0.0	1	0	1009.5710101922385	1009.5710091910277	1009.5710103005987
primary	ME:MDA-MB-435	magnitude_g0.80	magnitude_g2.00	0.0002826317537449054	0	0	1035.0961364515183	1034.8036680760283	1034.8036692108321
primary	ME:MDA-MB-435	magnitude_g0.80	ordinal	0.08968134098001623	0	1	794.1498421948991	728.790897236684	728.790898065475
primary	ME:MDA-MB-435	magnitude_g1.00	magnitude_g0.50	1.3134234337141146e-06	0	1	980.755463901555	980.7541757560379	980.754176836792
primary	ME:MDA-MB-435	magnitude_g1.00	magnitude_g0.80	1.1541530569785238e-09	0	1	992.5929510898889	992.5929499442847	992.5929510368776
primary	ME:MDA-MB-435	magnitude_g1.00	magnitude_g1.00	1.099973748683338e-09	0	0	1000.2749835254507	1000.2749824251745	1000.2749835254494
primary	ME:MDA-MB-435	magnitude_g1.00	magnitude_g1.25	1.0336057504395803e-09	1	0	1009.571010234526	1009.5710091910277	1009.5710103005987
primary	ME:MDA-MB-435	magnitude_g1.00	magnitude_g2.00	0.00028263178292830545	0	0	1035.0961364817174	1034.8036680760283	1034.8036692108321
primary	ME:MDA-MB-435	magnitude_g1.00	ordinal	0.08968134107248482	0	1	794.1498422622893	728.790897236684	728.790898065475
primary	ME:MDA-MB-435	magnitude_g1.25	magnitude_g0.50	1.3220412073080005e-06	0	1	980.7554723534724	980.7541757560379	980.754176836792
primary	ME:MDA-MB-435	magnitude_g1.25	magnitude_g0.80	6.020943160332105e-09	0	1	992.5929559206304	992.5929499442847	992.5929510368776
primary	ME:MDA-MB-435	magnitude_g1.25	magnitude_g1.00	3.7146274015637556e-09	0	1	1000.2749861408233	1000.2749824251745	1000.2749835254494
primary	ME:MDA-MB-435	magnitude_g1.25	magnitude_g1.25	1.0990512056126306e-09	1	0	1009.5710103005979	1009.5710091910277	1009.5710103005987
primary	ME:MDA-MB-435	magnitude_g1.25	magnitude_g2.00	0.00028262575133999396	0	0	1035.0961302402077	1034.8036680760283	1034.8036692108321
primary	ME:MDA-MB-435	magnitude_g1.25	ordinal	0.08968139210485138	0	1	794.1498794542135	728.790897236684	728.790898065475
primary	ME:MDA-MB-435	magnitude_g2.00	magnitude_g0.50	0.0005979138533305236	0	1	981.3405822644341	980.7541757560379	980.754176836792
primary	ME:MDA-MB-435	magnitude_g2.00	magnitude_g0.80	0.00036037387490824295	0	1	992.9506545118627	992.5929499442847	992.5929510368776
primary	ME:MDA-MB-435	magnitude_g2.00	magnitude_g1.00	0.0002214617492077573	0	1	1000.4965050724711	1000.2749824251745	1000.2749835254494
primary	ME:MDA-MB-435	magnitude_g2.00	magnitude_g1.25	6.740730572412459e-05	0	1	1009.6390616526944	1009.5710091910277	1009.5710103005987
primary	ME:MDA-MB-435	magnitude_g2.00	magnitude_g2.00	1.0966361804959645e-09	1	1	1034.8036692108315	1034.8036680760283	1034.8036692108321
primary	ME:MDA-MB-435	magnitude_g2.00	ordinal	0.09129432501600726	0	1	795.3253702777174	728.790897236684	728.790898065475
primary	ME:MDA-MB-435	ordinal	magnitude_g0.50	0.07521308425493632	0	0	1054.5197222105573	980.7541757560379	980.754176836792
primary	ME:MDA-MB-435	ordinal	magnitude_g0.80	0.08352300782156544	0	0	1075.4972986661119	992.5929499442847	992.5929510368776
primary	ME:MDA-MB-435	ordinal	magnitude_g1.00	0.08871693064799772	0	0	1089.0163086699158	1000.2749824251745	1000.2749835254494
primary	ME:MDA-MB-435	ordinal	magnitude_g1.25	0.09479904239630477	0	0	1105.277374093408	1009.5710091910277	1009.5710103005987
primary	ME:MDA-MB-435	ordinal	magnitude_g2.00	0.11069685975341546	0	0	1149.3531845933603	1034.8036680760283	1034.8036692108321
primary	ME:MDA-MB-435	ordinal	ordinal	1.1372129717589926e-09	1	0	728.7908980654745	728.790897236684	728.790898065475
primary	ME:SK-MEL-2	magnitude_g0.50	magnitude_g0.50	1.101352882362423e-09	1	0	986.6451586656194	986.6451575789749	986.6451586656201
primary	ME:SK-MEL-2	magnitude_g0.50	magnitude_g0.80	0.0	1	0	998.1868033663056	998.1868024825158	998.1868035807025
primary	ME:SK-MEL-2	magnitude_g0.50	magnitude_g1.00	9.108565702509459e-06	0	0	1005.6701698866138	1005.661009757232	1005.661010862893
primary	ME:SK-MEL-2	magnitude_g0.50	magnitude_g1.25	9.542130000437366e-05	0	0	1014.7195582060557	1014.6227415850396	1014.6227426996624
primary	ME:SK-MEL-2	magnitude_g0.50	magnitude_g2.00	0.0003828273122445914	0	0	1039.532882242499	1039.1350729554604	1039.1350740945954
primary	ME:SK-MEL-2	magnitude_g0.50	ordinal	0.06958354030525887	0	1	815.0814149887816	762.0549347236192	762.0549355856741
primary	ME:SK-MEL-2	magnitude_g0.80	magnitude_g0.50	1.8568056578517812e-07	0	1	986.645340779806	986.6451575789749	986.6451586656201
primary	ME:SK-MEL-2	magnitude_g0.80	magnitude_g0.80	1.1001815044276663e-09	1	0	998.1868035807024	998.1868024825158	998.1868035807025
primary	ME:SK-MEL-2	magnitude_g0.80	magnitude_g1.00	9.002679395428794e-06	0	0	1005.6700634008834	1005.661009757232	1005.661010862893
primary	ME:SK-MEL-2	magnitude_g0.80	magnitude_g1.25	9.519946286836468e-05	0	0	1014.7193331250526	1014.6227415850396	1014.6227426996624
primary	ME:SK-MEL-2	magnitude_g0.80	magnitude_g2.00	0.00038234658457130075	0	0	1039.5323827015131	1039.1350729554604	1039.1350740945954
primary	ME:SK-MEL-2	magnitude_g0.80	ordinal	0.06958511629224239	0	1	815.0826159774394	762.0549347236192	762.0549355856741
primary	ME:SK-MEL-2	magnitude_g1.00	magnitude_g0.50	2.3506934166680725e-05	0	1	986.66835058174	986.6451575789749	986.6451586656201
primary	ME:SK-MEL-2	magnitude_g1.00	magnitude_g0.80	3.08246472519068e-06	0	1	998.1898793581236	998.1868024825158	998.1868035807025
primary	ME:SK-MEL-2	magnitude_g1.00	magnitude_g1.00	1.0994367360503102e-09	1	0	1005.6610108628927	1005.661009757232	1005.661010862893
primary	ME:SK-MEL-2	magnitude_g1.00	magnitude_g1.25	7.255935358428335e-05	0	0	1014.696361955301	1014.6227415850396	1014.6227426996624
primary	ME:SK-MEL-2	magnitude_g1.00	magnitude_g2.00	0.0003270908535525672	0	0	1039.4749645334298	1039.1350729554604	1039.1350740945954
primary	ME:SK-MEL-2	magnitude_g1.00	ordinal	0.06985888257381152	0	1	815.2912409232702	762.0549347236192	762.0549355856741
primary	ME:SK-MEL-2	magnitude_g1.25	magnitude_g0.50	0.0002764093854292545	0	1	986.9178755606181	986.6451575789749	986.6451586656201
primary	ME:SK-MEL-2	magnitude_g1.25	magnitude_g0.80	0.000112782189464104	0	1	998.2993801755939	998.1868024825158	998.1868035807025
primary	ME:SK-MEL-2	magnitude_g1.25	magnitude_g1.00	2.406042394426394e-05	0	1	1005.685206387471	1005.661009757232	1005.661010862893
primary	ME:SK-MEL-2	magnitude_g1.25	magnitude_g1.25	1.0985576438345434e-09	1	1	1014.6227426996612	1014.6227415850396	1014.6227426996624
primary	ME:SK-MEL-2	magnitude_g1.25	magnitude_g2.00	2.499884538410486e-05	0	0	1039.1610501324824	1039.1350729554604	1039.1350740945954
primary	ME:SK-MEL-2	magnitude_g1.25	ordinal	0.07160027916874703	0	1	816.6182807917517	762.0549347236192	762.0549355856741
primary	ME:SK-MEL-2	magnitude_g2.00	magnitude_g0.50	0.0005297204872861899	0	1	987.1678037326262	986.6451575789749	986.6451586656201
primary	ME:SK-MEL-2	magnitude_g2.00	magnitude_g0.80	0.0002936622928323659	0	1	998.4799323076078	998.1868024825158	998.1868035807025
primary	ME:SK-MEL-2	magnitude_g2.00	magnitude_g1.00	0.00016179758983509614	0	1	1005.8237232848019	1005.661009757232	1005.661010862893
primary	ME:SK-MEL-2	magnitude_g2.00	magnitude_g1.25	8.925407958038403e-05	0	1	1014.7133008039611	1014.6227415850396	1014.6227426996624
primary	ME:SK-MEL-2	magnitude_g2.00	magnitude_g2.00	1.0962354044720113e-09	0	0	1039.135074094597	1039.1350729554604	1039.1350740945954
primary	ME:SK-MEL-2	magnitude_g2.00	ordinal	0.07298687950573939	0	1	817.6749464210461	762.0549347236192	762.0549355856741
primary	ME:SK-MEL-2	ordinal	magnitude_g0.50	0.07272603341849561	0	0	1058.3999462812603	986.6451575789749	986.6451586656201
primary	ME:SK-MEL-2	ordinal	magnitude_g0.80	0.08103982241211727	0	0	1079.079683689818	998.1868024825158	998.1868035807025
primary	ME:SK-MEL-2	ordinal	magnitude_g1.00	0.08624560468533798	0	0	1092.394851652212	1005.661009757232	1005.661010862893
primary	ME:SK-MEL-2	ordinal	magnitude_g1.25	0.09242586973656407	0	0	1108.400130930534	1014.6227415850396	1014.6227426996624
primary	ME:SK-MEL-2	ordinal	magnitude_g2.00	0.1083559977720705	0	0	1151.7315906055026	1039.1350729554604	1039.1350740945954
primary	ME:SK-MEL-2	ordinal	ordinal	1.1312242255786323e-09	0	1	762.0549355856742	762.0549347236192	762.0549355856741
primary	ME:SK-MEL-28	magnitude_g0.50	magnitude_g0.50	1.1017391414576054e-09	0	0	982.9097137126682	982.9097126297581	982.9097137126678
primary	ME:SK-MEL-28	magnitude_g0.50	magnitude_g0.80	0.00015428456739940817	0	0	994.8757653266218	994.722295027651	994.7222961223732
primary	ME:SK-MEL-28	magnitude_g0.50	magnitude_g1.00	0.00026051162766716553	0	0	1002.6814430848401	1002.4203009406355	1002.4203020430557
primary	ME:SK-MEL-28	magnitude_g0.50	magnitude_g1.25	0.0003934277752583273	0	0	1012.1549852357193	1011.7569319568773	1011.7569330686342
primary	ME:SK-MEL-28	magnitude_g0.50	magnitude_g2.00	0.0009360695309906772	0	0	1038.2206837793465	1037.2497458961852	1037.2497470334351
primary	ME:SK-MEL-28	magnitude_g0.50	ordinal	0.018906939847417824	0	1	818.5474544717131	803.3584054244358	803.3584063277941
primary	ME:SK-MEL-28	magnitude_g0.80	magnitude_g0.50	1.3908762467407972e-05	0	1	982.923383687478	982.9097126297581	982.9097137126678
primary	ME:SK-MEL-28	magnitude_g0.80	magnitude_g0.80	1.1005295260193146e-09	1	1	994.7222961223722	994.722295027651	994.7222961223732
primary	ME:SK-MEL-28	magnitude_g0.80	magnitude_g1.00	4.848646455754773e-06	0	0	1002.4251613222748	1002.4203009406355	1002.4203020430557
primary	ME:SK-MEL-28	magnitude_g0.80	magnitude_g1.25	2.249824737812879e-05	0	0	1011.779694714619	1011.7569319568773	1011.7569330686342
primary	ME:SK-MEL-28	magnitude_g0.80	magnitude_g2.00	0.0002857482270278766	0	0	1037.5461381720602	1037.2497458961852	1037.2497470334351
primary	ME:SK-MEL-28	magnitude_g0.80	ordinal	0.0204308715500256	0	1	819.7717178142958	803.3584054244358	803.3584063277941
primary	ME:SK-MEL-28	magnitude_g1.00	magnitude_g0.50	5.0490265338470474e-05	0	1	982.9593400019526	982.9097126297581	982.9097137126678
primary	ME:SK-MEL-28	magnitude_g1.00	magnitude_g0.80	1.0706827796591206e-05	0	1	994.7329453479692	994.722295027651	994.7222961223732
primary	ME:SK-MEL-28	magnitude_g1.00	magnitude_g1.00	1.0997592895698167e-09	0	0	1002.4203020430565	1002.4203009406355	1002.4203020430557
primary	ME:SK-MEL-28	magnitude_g1.00	magnitude_g1.25	0.0	1	0	1011.7569329265269	1011.7569319568773	1011.7569330686342
primary	ME:SK-MEL-28	magnitude_g1.00	magnitude_g2.00	0.0002206027512956387	0	0	1037.4785660439106	1037.2497458961852	1037.2497470334351
primary	ME:SK-MEL-28	magnitude_g1.00	ordinal	0.020717827318441216	0	1	820.0022461428375	803.3584054244358	803.3584063277941
primary	ME:SK-MEL-28	magnitude_g1.25	magnitude_g0.50	5.049048717655435e-05	0	1	982.9593402199994	982.9097126297581	982.9097137126678
primary	ME:SK-MEL-28	magnitude_g1.25	magnitude_g0.80	1.0707013752179252e-05	0	1	994.7329455329434	994.722295027651	994.7222961223732
primary	ME:SK-MEL-28	magnitude_g1.25	magnitude_g1.00	1.2642927037646603e-09	0	1	1002.4203022079881	1002.4203009406355	1002.4203020430557
primary	ME:SK-MEL-28	magnitude_g1.25	magnitude_g1.25	1.0988371381667167e-09	1	0	1011.7569330686334	1011.7569319568773	1011.7569330686342
primary	ME:SK-MEL-28	magnitude_g1.25	magnitude_g2.00	0.00022060283546326712	0	0	1037.4785661312135	1037.2497458961852	1037.2497470334351
primary	ME:SK-MEL-28	magnitude_g1.25	ordinal	0.020717827671153575	0	1	820.002246426192	803.3584054244358	803.3584063277941
primary	ME:SK-MEL-28	magnitude_g2.00	magnitude_g0.50	0.0007485194146093065	0	1	983.6454396324696	982.9097126297581	982.9097137126678
primary	ME:SK-MEL-28	magnitude_g2.00	magnitude_g0.80	0.00047573319889195824	0	1	995.1955174470736	994.722295027651	994.7222961223732
primary	ME:SK-MEL-28	magnitude_g2.00	magnitude_g1.00	0.0003242703981122497	0	1	1002.7453561706973	1002.4203009406355	1002.4203020430557
primary	ME:SK-MEL-28	magnitude_g2.00	magnitude_g1.25	0.0001642596955417462	0	1	1011.9231228424828	1011.7569319568773	1011.7569330686342
primary	ME:SK-MEL-28	magnitude_g2.00	magnitude_g2.00	1.0964085168453023e-09	1	1	1037.2497470334347	1037.2497458961852	1037.2497470334351
primary	ME:SK-MEL-28	magnitude_g2.00	ordinal	0.023347299908802965	0	1	822.1146550501378	803.3584054244358	803.3584063277941
primary	ME:SK-MEL-28	ordinal	magnitude_g0.50	0.06971100972592065	0	0	1051.429341166593	982.9097126297581	982.9097137126678
primary	ME:SK-MEL-28	ordinal	magnitude_g0.80	0.07713102384186872	0	0	1071.446244081467	994.722295027651	994.7222961223732
primary	ME:SK-MEL-28	ordinal	magnitude_g1.00	0.0817196201550529	0	0	1084.337707169218	1002.4203009406355	1002.4203020430557
primary	ME:SK-MEL-28	ordinal	magnitude_g1.25	0.08704521012162256	0	0	1099.825526691072	1011.7569319568773	1011.7569330686342
primary	ME:SK-MEL-28	ordinal	magnitude_g2.00	0.10063112318207222	0	0	1141.6293528460374	1037.2497458961852	1037.2497470334351
primary	ME:SK-MEL-28	ordinal	ordinal	1.1244775041964434e-09	0	1	803.3584063277942	803.3584054244358	803.3584063277941
primary	ME:SK-MEL-5	magnitude_g0.50	magnitude_g0.50	1.102916622545387e-09	0	0	971.6645628680326	971.6645617963676	971.6645628680321
primary	ME:SK-MEL-5	magnitude_g0.50	magnitude_g0.80	0.00019927823074568536	0	0	985.2395544501944	985.0432567727768	985.04325785782
primary	ME:SK-MEL-5	magnitude_g0.50	magnitude_g1.00	0.0003947925776654744	0	0	993.9762533589941	993.5839937729653	993.5839948665492
primary	ME:SK-MEL-5	magnitude_g0.50	magnitude_g1.25	0.0006317731285297309	0	0	1004.4774076385191	1003.8432064754109	1003.843207579254
primary	ME:SK-MEL-5	magnitude_g0.50	magnitude_g2.00	0.001453124588932508	0	0	1032.9340011712818	1031.4351973241596	1031.435198455595
primary	ME:SK-MEL-5	magnitude_g0.50	ordinal	0.053132489319655835	0	1	787.332472878544	747.6100878695482	747.6100887171583
primary	ME:SK-MEL-5	magnitude_g0.80	magnitude_g0.50	0.00011477932339277682	0	1	971.7760887973353	971.6645617963676	971.6645628680321
primary	ME:SK-MEL-5	magnitude_g0.80	magnitude_g0.80	1.101519720926901e-09	0	0	985.0432578578213	985.0432567727768	985.04325785782
primary	ME:SK-MEL-5	magnitude_g0.80	magnitude_g1.00	6.660774836741991e-07	0	0	993.5846555768917	993.5839937729653	993.5839948665492
primary	ME:SK-MEL-5	magnitude_g0.80	magnitude_g1.25	1.1026074421199522e-05	0	0	1003.8542749253127	1003.8432064754109	1003.843207579254
primary	ME:SK-MEL-5	magnitude_g0.80	magnitude_g2.00	0.00026101336373075097	0	1	1031.7044156944835	1031.4351973241596	1031.435198455595
primary	ME:SK-MEL-5	magnitude_g0.80	ordinal	0.05759210511656199	0	1	790.6665266363334	747.6100878695482	747.6100887171583
primary	ME:SK-MEL-5	magnitude_g1.00	magnitude_g0.50	0.00011933095814939421	0	1	971.7805114595266	971.6645617963676	971.6645628680321
primary	ME:SK-MEL-5	magnitude_g1.00	magnitude_g0.80	1.077799104139579e-06	0	1	985.0443184515165	985.0432567727768	985.04325785782
primary	ME:SK-MEL-5	magnitude_g1.00	magnitude_g1.00	1.1006454534524917e-09	1	1	993.583994866549	993.5839937729653	993.5839948665492
primary	ME:SK-MEL-5	magnitude_g1.00	magnitude_g1.25	8.709215099231543e-06	0	0	1003.851949161822	1003.8432064754109	1003.843207579254
primary	ME:SK-MEL-5	magnitude_g1.00	magnitude_g2.00	0.0002562110819213108	0	1	1031.6994624519978	1031.4351973241596	1031.435198455595
primary	ME:SK-MEL-5	magnitude_g1.00	ordinal	0.057576980780035904	0	1	790.6552195297742	747.6100878695482	747.6100887171583
primary	ME:SK-MEL-5	magnitude_g1.25	magnitude_g0.50	0.00014145661376509074	0	1	971.8020101749948	971.6645617963676	971.6645628680321
primary	ME:SK-MEL-5	magnitude_g1.25	magnitude_g0.80	9.285431350155e-06	0	1	985.0524033243145	985.0432567727768	985.04325785782
primary	ME:SK-MEL-5	magnitude_g1.25	magnitude_g1.00	1.4923665562487097e-07	0	1	993.5841420521176	993.5839937729653	993.5839948665492
primary	ME:SK-MEL-5	magnitude_g1.25	magnitude_g1.25	1.0996176573986926e-09	0	1	1003.8432075792546	1003.8432064754109	1003.843207579254
primary	ME:SK-MEL-5	magnitude_g1.25	magnitude_g2.00	0.00022749174284557799	0	1	1031.6698403148312	1031.4351973241596	1031.435198455595
primary	ME:SK-MEL-5	magnitude_g1.25	ordinal	0.05769733761807766	0	1	790.7451995160383	747.6100878695482	747.6100887171583
primary	ME:SK-MEL-5	magnitude_g2.00	magnitude_g0.50	0.0006405311403641913	0	1	972.2869432061865	971.6645617963676	971.6645628680321
primary	ME:SK-MEL-5	magnitude_g2.00	magnitude_g0.80	0.0003357837487873309	0	0	985.3740182902536	985.0432567727768	985.04325785782
primary	ME:SK-MEL-5	magnitude_g2.00	magnitude_g1.00	0.0002189922680315202	0	0	993.8015809852415	993.5839937729653	993.5839948665492
primary	ME:SK-MEL-5	magnitude_g2.00	magnitude_g1.25	9.303092020703253e-05	0	0	1003.9365949326528	1003.8432064754109	1003.843207579254
primary	ME:SK-MEL-5	magnitude_g2.00	magnitude_g2.00	1.0969519281767402e-09	1	1	1031.4351984555944	1031.4351973241596	1031.435198455595
primary	ME:SK-MEL-5	magnitude_g2.00	ordinal	0.06065543204405384	0	1	792.9567007497687	747.6100878695482	747.6100887171583
primary	ME:SK-MEL-5	ordinal	magnitude_g0.50	0.05798779525297295	0	0	1028.009247460385	971.6645617963676	971.6645628680321
primary	ME:SK-MEL-5	ordinal	magnitude_g0.80	0.06561895141989357	0	0	1049.6807623854434	985.0432567727768	985.04325785782
primary	ME:SK-MEL-5	ordinal	magnitude_g1.00	0.07044277638784775	0	0	1063.574808868859	993.5839937729653	993.5839948665492
primary	ME:SK-MEL-5	ordinal	magnitude_g1.25	0.07608063180415411	0	0	1080.216231856368	1003.8432064754109	1003.843207579254
primary	ME:SK-MEL-5	ordinal	magnitude_g2.00	0.09066179142108637	0	0	1124.9469600483296	1031.4351973241596	1031.435198455595
primary	ME:SK-MEL-5	ordinal	ordinal	1.1337601457864256e-09	0	1	747.6100887171588	747.6100878695482	747.6100887171583
primary	ME:UACC-257	magnitude_g0.50	magnitude_g0.50	1.1026862770576385e-09	1	1	973.8389116594991	973.8389105856603	973.8389116594992
primary	ME:UACC-257	magnitude_g0.50	magnitude_g0.80	6.779589581606297e-07	0	0	987.118895866616	987.1182266409714	987.1182277280897
primary	ME:UACC-257	magnitude_g0.50	magnitude_g1.00	7.3701537567557225e-06	0	0	995.6862989394886	995.6789606324563	995.6789617281353
primary	ME:UACC-257	magnitude_g0.50	magnitude_g1.25	2.111887228550904e-05	0	0	1005.9987381974493	1005.9774930872507	1005.9774941932282
primary	ME:UACC-257	magnitude_g0.50	magnitude_g2.00	0.0002672159553278005	0	0	1033.9739348256242	1033.6977143033764	1033.6977154370743
primary	ME:UACC-257	magnitude_g0.50	ordinal	0.03316829886530569	0	1	793.7025599138067	768.2219448520669	768.2219457202889
primary	ME:UACC-257	magnitude_g0.80	magnitude_g0.50	6.061720337583904e-06	0	1	973.8448137247901	973.8389105856603	973.8389116594992
primary	ME:UACC-257	magnitude_g0.80	magnitude_g0.80	1.1013046368925003e-09	1	1	987.1182277280893	987.1182266409714	987.1182277280897
primary	ME:UACC-257	magnitude_g0.80	magnitude_g1.00	2.411889221071631e-06	0	0	995.6813620998091	995.6789606324563	995.6789617281353
primary	ME:UACC-257	magnitude_g0.80	magnitude_g1.25	1.1077791757075414e-05	0	0	1005.9886370964314	1005.9774930872507	1005.9774941932282
primary	ME:UACC-257	magnitude_g0.80	magnitude_g2.00	0.00024379094358721742	0	0	1033.9497204445304	1033.6977143033764	1033.6977154370743
primary	ME:UACC-257	magnitude_g0.80	ordinal	0.033304880485538986	0	1	793.8074849117334	768.2219448520669	768.2219457202889
primary	ME:UACC-257	magnitude_g1.00	magnitude_g0.50	2.5326447197223928e-05	0	1	973.8635744654079	973.8389105856603	973.8389116594992
primary	ME:UACC-257	magnitude_g1.00	magnitude_g0.80	5.513211245077903e-06	0	1	987.1236688322788	987.1182266409714	987.1182277280897
primary	ME:UACC-257	magnitude_g1.00	magnitude_g1.00	1.1004340864845168e-09	0	1	995.6789617281354	995.6789606324563	995.6789617281353
primary	ME:UACC-257	magnitude_g1.00	magnitude_g1.25	0.0	1	0	1005.9774937925745	1005.9774930872507	1005.9774941932282
primary	ME:UACC-257	magnitude_g1.00	magnitude_g2.00	0.0002133064901370282	0	0	1033.9182087346771	1033.6977143033764	1033.6977154370743
primary	ME:UACC-257	magnitude_g1.00	ordinal	0.033414936921749704	0	1	793.8920326812026	768.2219448520669	768.2219457202889
primary	ME:UACC-257	magnitude_g1.25	magnitude_g0.50	2.5327826444227367e-05	0	1	973.8635758085723	973.8389105856603	973.8389116594992
primary	ME:UACC-257	magnitude_g1.25	magnitude_g0.80	5.5141672573711205e-06	0	1	987.1236697759759	987.1182266409714	987.1182277280897
primary	ME:UACC-257	magnitude_g1.25	magnitude_g1.00	1.7972139383169356e-09	0	1	995.6789624219044	995.6789606324563	995.6789617281353
primary	ME:UACC-257	magnitude_g1.25	magnitude_g1.25	1.0994068298135334e-09	0	0	1005.9774941932292	1005.9774930872507	1005.9774941932282
primary	ME:UACC-257	magnitude_g1.25	magnitude_g2.00	0.00021330614893718517	0	0	1033.9182083819796	1033.6977143033764	1033.6977154370743
primary	ME:UACC-257	magnitude_g1.25	ordinal	0.03341494387514834	0	1	793.8920380229561	768.2219448520669	768.2219457202889
primary	ME:UACC-257	magnitude_g2.00	magnitude_g0.50	0.0007017059789124641	0	1	974.5222591717159	973.8389105856603	973.8389116594992
primary	ME:UACC-257	magnitude_g2.00	magnitude_g0.80	0.0004565390136107908	0	1	987.5688846224793	987.1182266409714	987.1182277280897
primary	ME:UACC-257	magnitude_g2.00	magnitude_g1.00	0.0003150340897988584	0	1	995.992633447551	995.6789606324563	995.6789617281353
primary	ME:UACC-257	magnitude_g2.00	magnitude_g1.25	0.000160390770960265	0	1	1006.1388425929356	1005.9774930872507	1005.9774941932282
primary	ME:UACC-257	magnitude_g2.00	magnitude_g2.00	1.0967404593938477e-09	0	0	1033.6977154370745	1033.6977143033764	1033.6977154370743
primary	ME:UACC-257	magnitude_g2.00	ordinal	0.03657523684612291	0	1	796.3198444354205	768.2219448520669	768.2219457202889
primary	ME:UACC-257	ordinal	magnitude_g0.50	0.0688638397772641	0	0	1040.9011972930966	973.8389105856603	973.8389116594992
primary	ME:UACC-257	ordinal	magnitude_g0.80	0.07638892310122182	0	0	1062.523124947663	987.1182266409714	987.1182277280897
primary	ME:UACC-257	ordinal	magnitude_g1.00	0.08103882474285073	0	0	1076.3676134232937	995.6789606324563	995.6789617281353
primary	ME:UACC-257	ordinal	magnitude_g1.25	0.08643404633252567	0	0	1092.928198334232	1005.9774930872507	1005.9774941932282
primary	ME:UACC-257	ordinal	magnitude_g2.00	0.10022011663424149	0	0	1137.2950197954096	1033.6977143033764	1033.6977154370743
primary	ME:UACC-257	ordinal	ordinal	1.1301713085114369e-09	0	0	768.2219457202893	768.2219448520669	768.2219457202889
primary	ME:UACC-62	magnitude_g0.50	magnitude_g0.50	1.101602213514636e-09	1	1	984.2255151460979	984.2255140618729	984.2255151460984
primary	ME:UACC-62	magnitude_g0.50	magnitude_g0.80	2.484252468799031e-06	0	0	995.4960038134052	995.4935307561437	995.4935318516373
primary	ME:UACC-62	magnitude_g0.50	magnitude_g1.00	1.4552887801647257e-05	0	0	1002.8694436931776	1002.854849259075	1002.8548503619298
primary	ME:UACC-62	magnitude_g0.50	magnitude_g1.25	3.9237107073391376e-05	0	0	1011.8461802333352	1011.8064798741468	1011.8064809859533
primary	ME:UACC-62	magnitude_g0.50	magnitude_g2.00	0.0003167469865718942	0	0	1036.7459773434134	1036.4176951616412	1036.417696298059
primary	ME:UACC-62	magnitude_g0.50	ordinal	0.06265483930800464	0	1	799.1948617444509	752.073798736834	752.0737995889077
primary	ME:UACC-62	magnitude_g0.80	magnitude_g0.50	1.1852755792255184e-05	0	1	984.2371798465356	984.2255140618729	984.2255151460984
primary	ME:UACC-62	magnitude_g0.80	magnitude_g0.80	1.1004524583404303e-09	1	1	995.493531851637	995.4935307561437	995.4935318516373
primary	ME:UACC-62	magnitude_g0.80	magnitude_g1.00	4.821180307202776e-06	0	0	1002.8596842031252	1002.854849259075	1002.8548503619298
primary	ME:UACC-62	magnitude_g0.80	magnitude_g1.25	2.2675570553810573e-05	0	0	1011.829423163368	1011.8064798741468	1011.8064809859533
primary	ME:UACC-62	magnitude_g0.80	magnitude_g2.00	0.00029097369648799676	0	0	1036.719265449508	1036.4176951616412	1036.417696298059
primary	ME:UACC-62	magnitude_g0.80	ordinal	0.06266255510081475	0	1	799.2006645900599	752.073798736834	752.0737995889077
primary	ME:UACC-62	magnitude_g1.00	magnitude_g0.50	4.0329951344288184e-05	0	1	984.2652078289668	984.2255140618729	984.2255151460984
primary	ME:UACC-62	magnitude_g1.00	magnitude_g0.80	7.660417839535235e-06	0	1	995.5011566525459	995.4935307561437	995.4935318516373
primary	ME:UACC-62	magnitude_g1.00	magnitude_g1.00	1.0997128514559766e-09	1	1	1002.8548503619273	1002.854849259075	1002.8548503619298
primary	ME:UACC-62	magnitude_g1.00	magnitude_g1.25	3.7261468060483287e-06	0	0	1011.8102500136301	1011.8064798741468	1011.8064809859533
primary	ME:UACC-62	magnitude_g1.00	magnitude_g2.00	0.00023805062189797722	0	0	1036.6644150385205	1036.4176951616412	1036.417696298059
primary	ME:UACC-62	magnitude_g1.00	ordinal	0.0629608567212778	0	1	799.4250094229309	752.073798736834	752.0737995889077
primary	ME:UACC-62	magnitude_g1.25	magnitude_g0.50	4.953398509268544e-05	0	1	984.2742666738143	984.2255140618729	984.2255151460984
primary	ME:UACC-62	magnitude_g1.25	magnitude_g0.80	1.1252590976322564e-05	0	1	995.5047326376649	995.4935307561437	995.4935318516373
primary	ME:UACC-62	magnitude_g1.25	magnitude_g1.00	1.8091380462019848e-07	0	1	1002.8550306893612	1002.854849259075	1002.8548503619298
primary	ME:UACC-62	magnitude_g1.25	magnitude_g1.25	1.098833328694347e-09	0	1	1011.8064809859535	1011.8064798741468	1011.8064809859533
primary	ME:UACC-62	magnitude_g1.25	magnitude_g2.00	0.0002247713561058829	0	0	1036.6506521724748	1036.4176951616412	1036.417696298059
primary	ME:UACC-62	magnitude_g1.25	ordinal	0.06304324902220568	0	1	799.4869745136764	752.073798736834	752.0737995889077
primary	ME:UACC-62	magnitude_g2.00	magnitude_g0.50	0.0004031102190575533	0	1	984.6222654244484	984.2255140618729	984.2255151460984
primary	ME:UACC-62	magnitude_g2.00	magnitude_g0.80	0.00021780371227449912	0	1	995.7103529426877	995.4935307561437	995.4935318516373
primary	ME:UACC-62	magnitude_g2.00	magnitude_g1.00	0.00011816383031480889	0	1	1002.9733504293132	1002.854849259075	1002.8548503619298
primary	ME:UACC-62	magnitude_g2.00	magnitude_g1.25	1.7429294769367212e-05	0	1	1011.8241149475341	1011.8064798741468	1011.8064809859533
primary	ME:UACC-62	magnitude_g2.00	magnitude_g2.00	1.0964862216234107e-09	1	1	1036.417696298059	1036.4176951616412	1036.417696298059
primary	ME:UACC-62	magnitude_g2.00	ordinal	0.06519582017341445	0	1	801.1058668764173	752.073798736834	752.0737995889077
primary	ME:UACC-62	ordinal	magnitude_g0.50	0.07612709743192084	0	0	1059.1517456658435	984.2255140618729	984.2255151460984
primary	ME:UACC-62	ordinal	magnitude_g0.80	0.08434144598161446	0	0	1079.4548946054597	995.4935307561437	995.4935318516373
primary	ME:UACC-62	ordinal	magnitude_g1.00	0.08946772232041318	0	0	1092.5779884402657	1002.854849259075	1002.8548503619298
primary	ME:UACC-62	ordinal	magnitude_g1.25	0.09546439207966684	0	0	1108.3979703776	1011.8064798741468	1011.8064809859533
primary	ME:UACC-62	ordinal	magnitude_g2.00	0.11097842796384531	0	0	1151.437701684592	1036.4176951616412	1036.417696298059
primary	ME:UACC-62	ordinal	ordinal	1.1329660683142158e-09	0	1	752.0737995889081	752.073798736834	752.0737995889077
primary	OV:IGROV1	magnitude_g0.50	magnitude_g0.50	1.1050892621804987e-09	1	1	951.5680787920467	951.568077740479	951.568078792047
primary	OV:IGROV1	magnitude_g0.50	magnitude_g0.80	0.00012601263793877808	0	0	966.7229510458087	966.6011470854298	966.601148152031
primary	OV:IGROV1	magnitude_g0.50	magnitude_g1.00	0.00029841199956138836	0	0	976.5038199512287	976.2125064251895	976.212507501402
primary	OV:IGROV1	magnitude_g0.50	magnitude_g1.25	0.000530147455339816	0	0	988.28725428769	987.7635939318897	987.7635950196532
primary	OV:IGROV1	magnitude_g0.50	magnitude_g2.00	0.0012659564052983883	0	0	1020.3515935251329	1019.0615060841127	1019.0615072031742
primary	OV:IGROV1	magnitude_g0.50	ordinal	0.05542364225168134	0	1	733.4048412606869	694.8914273855121	694.8914281804035
primary	OV:IGROV1	magnitude_g0.80	magnitude_g0.50	0.00014510102905518994	0	1	951.7061512477752	951.568077740479	951.568078792047
primary	OV:IGROV1	magnitude_g0.80	magnitude_g0.80	1.1034561221468248e-09	0	0	966.6011481520318	966.6011470854298	966.601148152031
primary	OV:IGROV1	magnitude_g0.80	magnitude_g1.00	1.154053310196736e-05	0	0	976.2237724379345	976.2125064251895	976.212507501402
primary	OV:IGROV1	magnitude_g0.80	magnitude_g1.25	6.293854850594731e-05	0	0	987.8257623387588	987.7635939318897	987.7635950196532
primary	OV:IGROV1	magnitude_g0.80	magnitude_g2.00	0.0003754810038261407	0	0	1019.4441443213777	1019.0615060841127	1019.0615072031742
primary	OV:IGROV1	magnitude_g0.80	ordinal	0.05941985306134309	0	1	736.1817738943462	694.8914273855121	694.8914281804035
primary	OV:IGROV1	magnitude_g1.00	magnitude_g0.50	0.0002603928753167286	0	1	951.8158592883015	951.568077740479	951.568078792047
primary	OV:IGROV1	magnitude_g1.00	magnitude_g0.80	3.4238554491819396e-05	0	1	966.6342421114762	966.6011470854298	966.601148152031
primary	OV:IGROV1	magnitude_g1.00	magnitude_g1.00	1.1024376072460546e-09	0	0	976.2125075014029	976.2125064251895	976.212507501402
primary	OV:IGROV1	magnitude_g1.00	magnitude_g1.25	2.261109685898008e-06	0	0	987.7658273737193	987.7635939318897	987.7635950196532
primary	OV:IGROV1	magnitude_g1.00	magnitude_g2.00	0.0002095235950479447	0	0	1019.2750235144424	1019.0615060841127	1019.0615072031742
primary	OV:IGROV1	magnitude_g1.00	ordinal	0.059921837148835755	0	1	736.5305983334288	694.8914273855121	694.8914281804035
primary	OV:IGROV1	magnitude_g1.25	magnitude_g0.50	0.0002760061953486167	0	1	951.8307164252313	951.568077740479	951.568078792047
primary	OV:IGROV1	magnitude_g1.25	magnitude_g0.80	4.238560374299657e-05	0	1	966.6421170586277	966.6011470854298	966.601148152031
primary	OV:IGROV1	magnitude_g1.25	magnitude_g1.00	3.3950514062212154e-06	0	1	976.2158207168322	976.2125064251895	976.212507501402
primary	OV:IGROV1	magnitude_g1.25	magnitude_g1.25	1.1012366400539274e-09	1	1	987.7635950196511	987.7635939318897	987.7635950196532
primary	OV:IGROV1	magnitude_g1.25	magnitude_g2.00	0.00019231115641202233	0	0	1019.2574829808027	1019.0615060841127	1019.0615072031742
primary	OV:IGROV1	magnitude_g1.25	ordinal	0.06011548261307966	0	1	736.665160906484	694.8914273855121	694.8914281804035
primary	OV:IGROV1	magnitude_g2.00	magnitude_g0.50	0.0009164992539434854	0	1	952.4401891738046	951.568077740479	951.568078792047
primary	OV:IGROV1	magnitude_g2.00	magnitude_g0.80	0.00047272735602623317	0	1	967.0580858900234	966.6011470854298	966.601148152031
primary	OV:IGROV1	magnitude_g2.00	magnitude_g1.00	0.0003068105117581656	0	1	976.5120186838706	976.2125064251895	976.212507501402
primary	OV:IGROV1	magnitude_g2.00	magnitude_g1.25	0.00015884576108015378	0	1	987.920495991735	987.7635939318897	987.7635950196532
primary	OV:IGROV1	magnitude_g2.00	magnitude_g2.00	1.0981299383827084e-09	0	0	1019.0615072031746	1019.0615060841127	1019.0615072031742
primary	OV:IGROV1	magnitude_g2.00	ordinal	0.06383587617410516	0	1	739.2504304985408	694.8914273855121	694.8914281804035
primary	OV:IGROV1	ordinal	magnitude_g0.50	0.04564665641312332	0	0	995.0039788387949	951.568077740479	951.568078792047
primary	OV:IGROV1	ordinal	magnitude_g0.80	0.05132070269496628	0	0	1016.2077971796145	966.6011470854298	966.601148152031
primary	OV:IGROV1	ordinal	magnitude_g1.00	0.05492267337754732	0	0	1029.828707062657	976.2125064251895	976.212507501402
primary	OV:IGROV1	ordinal	magnitude_g1.25	0.05913340784807521	0	0	1046.1734213893446	987.7635939318897	987.7635950196532
primary	OV:IGROV1	ordinal	magnitude_g2.00	0.06989232610267211	0	0	1090.2860851860237	1019.0615060841127	1019.0615072031742
primary	OV:IGROV1	ordinal	ordinal	1.1439075470106293e-09	0	1	694.8914281804036	694.8914273855121	694.8914281804035
primary	OV:NCI/ADR-RES	magnitude_g0.50	magnitude_g0.50	1.1024547323731332e-09	0	0	976.0431766614802	976.0431755854368	976.04317666148
primary	OV:NCI/ADR-RES	magnitude_g0.50	magnitude_g0.80	1.1715027395184403e-05	0	0	989.2544192663506	989.2428302594936	989.2428313487364
primary	OV:NCI/ADR-RES	magnitude_g0.50	magnitude_g1.00	2.0984370696144734e-05	0	0	997.787892119994	997.7669546083501	997.7669557061171
primary	OV:NCI/ADR-RES	magnitude_g0.50	magnitude_g1.25	3.111925669075545e-05	0	0	1008.0709586004316	1008.0395891577022	1008.0395902657417
primary	OV:NCI/ADR-RES	magnitude_g0.50	magnitude_g2.00	0.0005230123169662285	0	0	1036.0304226110798	1035.4888491888728	1035.4888503243617
primary	OV:NCI/ADR-RES	magnitude_g0.50	ordinal	0.021119373469902926	0	1	783.4956715007161	767.2909670083831	767.290967875674
primary	OV:NCI/ADR-RES	magnitude_g0.80	magnitude_g0.50	4.367353094959869e-06	0	1	976.0474383106205	976.0431755854368	976.04317666148
primary	OV:NCI/ADR-RES	magnitude_g0.80	magnitude_g0.80	1.1010878444337922e-09	0	1	989.2428313487369	989.2428302594936	989.2428313487364
primary	OV:NCI/ADR-RES	magnitude_g0.80	magnitude_g1.00	1.1317010782297898e-09	0	1	997.7669557375241	997.7669546083501	997.7669557061171
primary	OV:NCI/ADR-RES	magnitude_g0.80	magnitude_g1.25	1.219870844702227e-09	0	0	1008.0395903873803	1008.0395891577022	1008.0395902657417
primary	OV:NCI/ADR-RES	magnitude_g0.80	magnitude_g2.00	0.0004692794226546904	0	0	1035.9747827981855	1035.4888491888728	1035.4888503243617
primary	OV:NCI/ADR-RES	magnitude_g0.80	ordinal	0.0212326754845354	0	1	783.5826071130874	767.2909670083831	767.290967875674
primary	OV:NCI/ADR-RES	magnitude_g1.00	magnitude_g0.50	4.3693306194917814e-06	0	1	976.0474402407698	976.0431755854368	976.04317666148
primary	OV:NCI/ADR-RES	magnitude_g1.00	magnitude_g0.80	1.8643348023266554e-09	0	0	989.2428321037735	989.2428302594936	989.2428313487364
primary	OV:NCI/ADR-RES	magnitude_g1.00	magnitude_g1.00	1.1002240037652538e-09	0	0	997.7669557061173	997.7669546083501	997.7669557061171
primary	OV:NCI/ADR-RES	magnitude_g1.00	magnitude_g1.25	0.0	1	0	1008.0395893826606	1008.0395891577022	1008.0395902657417
primary	OV:NCI/ADR-RES	magnitude_g1.00	magnitude_g2.00	0.00046927577640505473	0	0	1035.9747790225347	1035.4888491888728	1035.4888503243617
primary	OV:NCI/ADR-RES	magnitude_g1.00	ordinal	0.021232710546407338	0	1	783.582634015745	767.2909670083831	767.290967875674
primary	OV:NCI/ADR-RES	magnitude_g1.25	magnitude_g0.50	5.239728093662653e-06	0	1	976.0482897862845	976.0431755854368	976.04317666148
primary	OV:NCI/ADR-RES	magnitude_g1.25	magnitude_g0.80	4.993910479417858e-07	0	1	989.2433242785073	989.2428302594936	989.2428313487364
primary	OV:NCI/ADR-RES	magnitude_g1.25	magnitude_g1.00	2.6865657965613105e-07	0	1	997.7672226650075	997.7669546083501	997.7669557061171
primary	OV:NCI/ADR-RES	magnitude_g1.25	magnitude_g1.25	1.099203096047803e-09	0	0	1008.0395902657424	1008.0395891577022	1008.0395902657417
primary	OV:NCI/ADR-RES	magnitude_g1.25	magnitude_g2.00	0.000468604080957521	0	0	1035.9740834893887	1035.4888491888728	1035.4888503243617
primary	OV:NCI/ADR-RES	magnitude_g1.25	ordinal	0.021240096101709124	0	1	783.5883008856144	767.2909670083831	767.290967875674
primary	OV:NCI/ADR-RES	magnitude_g2.00	magnitude_g0.50	0.0012459030043962575	0	1	977.2592307103191	976.0431755854368	976.04317666148
primary	OV:NCI/ADR-RES	magnitude_g2.00	magnitude_g0.80	0.0008070366663680732	0	1	990.0411854954548	989.2428302594936	989.2428313487364
primary	OV:NCI/ADR-RES	magnitude_g2.00	magnitude_g1.00	0.0005452158058784083	0	1	998.3109529225858	997.7669546083501	997.7669557061171
primary	OV:NCI/ADR-RES	magnitude_g2.00	magnitude_g1.25	0.00024783377132994993	0	1	1008.289415410733	1008.0395891577022	1008.0395902657417
primary	OV:NCI/ADR-RES	magnitude_g2.00	magnitude_g2.00	1.0965719162712412e-09	1	1	1035.4888503243608	1035.4888491888728	1035.4888503243617
primary	OV:NCI/ADR-RES	magnitude_g2.00	ordinal	0.027985846155193474	0	1	788.7642539673493	767.2909670083831	767.290967875674
primary	OV:NCI/ADR-RES	ordinal	magnitude_g0.50	0.024775436010353768	0	0	1000.2250708254962	976.0431755854368	976.04317666148
primary	OV:NCI/ADR-RES	ordinal	magnitude_g0.80	0.026953105559377254	0	0	1015.9059966873349	989.2428302594936	989.2428313487364
primary	OV:NCI/ADR-RES	ordinal	magnitude_g1.00	0.02832525915364622	0	0	1026.028962172576	997.7669546083501	997.7669557061171
primary	OV:NCI/ADR-RES	ordinal	magnitude_g1.25	0.0299407041786425	0	0	1038.2210042970332	1008.0395891577022	1008.0395902657417
primary	OV:NCI/ADR-RES	ordinal	magnitude_g2.00	0.03461467419380671	0	0	1071.3319583348655	1035.4888491888728	1035.4888503243617
primary	OV:NCI/ADR-RES	ordinal	ordinal	1.1303289482663856e-09	0	1	767.2909678756743	767.2909670083831	767.290967875674
primary	OV:OVCAR-3	magnitude_g0.50	magnitude_g0.50	1.1028978167850041e-09	0	1	971.841317444902	971.8413163730603	971.8413174449016
primary	OV:OVCAR-3	magnitude_g0.50	magnitude_g0.80	6.586480280984759e-06	0	0	984.6790114803522	984.6725259541768	984.6725270388492
primary	OV:OVCAR-3	magnitude_g0.50	magnitude_g1.00	1.3160800297575218e-05	0	0	993.015850504625	993.0027817933188	993.0027828863216
primary	OV:OVCAR-3	magnitude_g0.50	magnitude_g1.25	7.16847191733388e-05	0	0	1003.1092284622403	1003.0373260132046	1003.037327116242
primary	OV:OVCAR-3	magnitude_g0.50	magnitude_g2.00	0.0006554481100792088	0	0	1030.8352199571912	1030.1600035297984	1030.1600046599585
primary	OV:OVCAR-3	magnitude_g0.50	ordinal	0.045221549297214565	0	1	787.5439448559154	753.470826721324	753.4708275747947
primary	OV:OVCAR-3	magnitude_g0.80	magnitude_g0.50	5.0294838552893976e-06	0	1	971.8462042332709	971.8413163730603	971.8413174449016
primary	OV:OVCAR-3	magnitude_g0.80	magnitude_g0.80	1.101555863061485e-09	1	1	984.6725270388486	984.6725259541768	984.6725270388492
primary	OV:OVCAR-3	magnitude_g0.80	magnitude_g1.00	0.0	1	0	993.0027823858036	993.0027817933188	993.0027828863216
primary	OV:OVCAR-3	magnitude_g0.80	magnitude_g1.25	5.145352776939079e-05	0	0	1003.0889358221124	1003.0373260132046	1003.037327116242
primary	OV:OVCAR-3	magnitude_g0.80	magnitude_g2.00	0.0006200294488907151	0	0	1030.7987330690562	1030.1600035297984	1030.1600046599585
primary	OV:OVCAR-3	magnitude_g0.80	ordinal	0.04528998767183718	0	1	787.5955111746217	753.470826721324	753.4708275747947
primary	OV:OVCAR-3	magnitude_g1.00	magnitude_g0.50	5.036399748813967e-06	0	1	971.846210954422	971.8413163730603	971.8413174449016
primary	OV:OVCAR-3	magnitude_g1.00	magnitude_g0.80	3.881133436096173e-09	0	1	984.6725297758222	984.6725259541768	984.6725270388492
primary	OV:OVCAR-3	magnitude_g1.00	magnitude_g1.00	1.1007038347333213e-09	1	1	993.0027828863208	993.0027817933188	993.0027828863216
primary	OV:OVCAR-3	magnitude_g1.00	magnitude_g1.25	5.145165969349414e-05	0	0	1003.0889339483625	1003.0373260132046	1003.037327116242
primary	OV:OVCAR-3	magnitude_g1.00	magnitude_g2.00	0.0006200229221172003	0	0	1030.7987263454352	1030.1600035297984	1030.1600046599585
primary	OV:OVCAR-3	magnitude_g1.00	ordinal	0.04528999164974986	0	1	787.5955141718629	753.470826721324	753.4708275747947
primary	OV:OVCAR-3	magnitude_g1.25	magnitude_g0.50	0.0002486833151382701	0	1	972.0829970934043	971.8413163730603	971.8413174449016
primary	OV:OVCAR-3	magnitude_g1.25	magnitude_g0.80	0.00010664875336677845	0	1	984.7775400515443	984.6725259541768	984.6725270388492
primary	OV:OVCAR-3	magnitude_g1.25	magnitude_g1.00	2.9950087820722428e-05	0	1	993.0325223138398	993.0027817933188	993.0027828863216
primary	OV:OVCAR-3	magnitude_g1.25	magnitude_g1.25	1.0996973088042795e-09	0	1	1003.0373271162421	1003.0373260132046	1003.037327116242
primary	OV:OVCAR-3	magnitude_g1.25	magnitude_g2.00	0.0004006267403247798	0	0	1030.5727131740255	1030.1600035297984	1030.1600046599585
primary	OV:OVCAR-3	magnitude_g1.25	ordinal	0.04580300987100165	0	1	787.9820584351526	753.470826721324	753.4708275747947
primary	OV:OVCAR-3	magnitude_g2.00	magnitude_g0.50	0.0012556969321345294	0	1	973.0616545325515	971.8413163730603	971.8413174449016
primary	OV:OVCAR-3	magnitude_g2.00	magnitude_g0.80	0.0007630266242545866	0	1	985.4238573076518	984.6725259541768	984.6725270388492
primary	OV:OVCAR-3	magnitude_g2.00	magnitude_g1.00	0.0004730887655056557	0	1	993.4725602535011	993.0027817933188	993.0027828863216
primary	OV:OVCAR-3	magnitude_g2.00	magnitude_g1.25	0.0001989578679392108	0	1	1003.2368881810517	1003.0373260132046	1003.037327116242
primary	OV:OVCAR-3	magnitude_g2.00	magnitude_g2.00	1.097072241616292e-09	1	0	1030.1600046599583	1030.1600035297984	1030.1600046599585
primary	OV:OVCAR-3	magnitude_g2.00	ordinal	0.051795752870573274	0	1	792.4974154573682	753.470826721324	753.4708275747947
primary	OV:OVCAR-3	ordinal	magnitude_g0.50	0.05528476011261372	0	0	1025.5693304162717	971.8413163730603	971.8413174449016
primary	OV:OVCAR-3	ordinal	magnitude_g0.80	0.06133825046741509	0	0	1045.0706159795363	984.6725259541768	984.6725270388492
primary	OV:OVCAR-3	ordinal	magnitude_g1.00	0.06508621775989584	0	0	1057.633577085301	993.0027817933188	993.0027828863216
primary	OV:OVCAR-3	ordinal	magnitude_g1.25	0.06949478592688343	0	0	1072.7431902611659	1003.0373260132046	1003.037327116242
primary	OV:OVCAR-3	ordinal	magnitude_g2.00	0.08109719699620867	0	0	1113.7030922736694	1030.1600035297984	1030.1600046599585
primary	OV:OVCAR-3	ordinal	ordinal	1.13271917247158e-09	0	0	753.4708275747948	753.470826721324	753.4708275747947
primary	OV:OVCAR-4	magnitude_g0.50	magnitude_g0.50	1.1051020910451394e-09	0	0	951.4649595790233	951.4649585275574	951.4649595790223
primary	OV:OVCAR-4	magnitude_g0.50	magnitude_g0.80	0.0001184995289517993	0	0	966.5418536752579	966.4273324915915	966.4273335580189
primary	OV:OVCAR-4	magnitude_g0.50	magnitude_g1.00	0.00032132896688265674	0	0	976.2626701204379	975.9490694142329	975.949070490182
primary	OV:OVCAR-4	magnitude_g0.50	magnitude_g1.25	0.000561900724282214	0	0	987.9635828570016	987.4087571611901	987.4087582485988
primary	OV:OVCAR-4	magnitude_g0.50	magnitude_g2.00	0.0014033565696631991	0	0	1019.7554685801696	1018.3263935457258	1018.3263946640521
primary	OV:OVCAR-4	magnitude_g0.50	ordinal	0.03765460931019084	0	1	730.5811424470453	704.0696739474024	704.069674751472
primary	OV:OVCAR-4	magnitude_g0.80	magnitude_g0.50	0.00020165506785883256	0	1	951.6568262583346	951.4649585275574	951.4649595790223
primary	OV:OVCAR-4	magnitude_g0.80	magnitude_g0.80	1.1034736572689223e-09	1	0	966.4273335580186	966.4273324915915	966.4273335580189
primary	OV:OVCAR-4	magnitude_g0.80	magnitude_g1.00	0.0	1	0	975.9490701287928	975.9490694142329	975.949070490182
primary	OV:OVCAR-4	magnitude_g0.80	magnitude_g1.25	0.0	1	0	987.4087575513031	987.4087571611901	987.4087582485988
primary	OV:OVCAR-4	magnitude_g0.80	magnitude_g2.00	0.0002059428205253528	0	0	1018.536110555428	1018.3263935457258	1018.3263946640521
primary	OV:OVCAR-4	magnitude_g0.80	ordinal	0.04730249278846015	0	1	737.3739246218729	704.0696739474024	704.069674751472
primary	OV:OVCAR-4	magnitude_g1.00	magnitude_g0.50	0.00020165605446380947	0	1	951.6568271970547	951.4649585275574	951.4649595790223
primary	OV:OVCAR-4	magnitude_g1.00	magnitude_g0.80	1.6759608055382444e-09	0	1	966.4273341112859	966.4273324915915	966.4273335580189
primary	OV:OVCAR-4	magnitude_g1.00	magnitude_g1.00	1.1024649338815735e-09	0	0	975.9490704901825	975.9490694142329	975.949070490182
primary	OV:OVCAR-4	magnitude_g1.00	magnitude_g1.25	0.0	1	0	987.4087577353681	987.4087571611901	987.4087582485988
primary	OV:OVCAR-4	magnitude_g1.00	magnitude_g2.00	0.00020594279149738865	0	0	1018.536110525868	1018.3263935457258	1018.3263946640521
primary	OV:OVCAR-4	magnitude_g1.00	ordinal	0.04730248889013964	0	1	737.3739218771836	704.0696739474024	704.069674751472
primary	OV:OVCAR-4	magnitude_g1.25	magnitude_g0.50	0.00020165869760496692	0	1	951.6568297119109	951.4649585275574	951.4649595790223
primary	OV:OVCAR-4	magnitude_g1.25	magnitude_g0.80	3.2195779466252627e-09	0	1	966.4273356030797	966.4273324915915	966.4273335580189
primary	OV:OVCAR-4	magnitude_g1.25	magnitude_g1.00	2.1096522973423377e-09	0	1	975.9490714731461	975.9490694142329	975.949070490182
primary	OV:OVCAR-4	magnitude_g1.25	magnitude_g1.25	1.101275574024033e-09	0	0	987.4087582485993	987.4087571611901	987.4087582485988
primary	OV:OVCAR-4	magnitude_g1.25	magnitude_g2.00	0.0002059427427038562	0	0	1018.5361104761803	1018.3263935457258	1018.3263946640521
primary	OV:OVCAR-4	magnitude_g1.25	ordinal	0.04730247862042258	0	1	737.3739146465873	704.0696739474024	704.069674751472
primary	OV:OVCAR-4	magnitude_g2.00	magnitude_g0.50	0.0009926374167629737	0	1	952.4094182461307	951.4649585275574	951.4649595790223
primary	OV:OVCAR-4	magnitude_g2.00	magnitude_g0.80	0.0005341130789784396	0	1	966.9435139697575	966.4273324915915	966.4273335580189
primary	OV:OVCAR-4	magnitude_g2.00	magnitude_g1.00	0.00038062102723648194	0	1	976.3205361515638	975.9490694142329	975.949070490182
primary	OV:OVCAR-4	magnitude_g2.00	magnitude_g1.25	0.00020734546995765913	0	1	987.613491893984	987.4087571611901	987.4087582485988
primary	OV:OVCAR-4	magnitude_g2.00	magnitude_g2.00	1.098200120078088e-09	1	1	1018.3263946640519	1018.3263935457258	1018.3263946640521
primary	OV:OVCAR-4	magnitude_g2.00	ordinal	0.05156729589233971	0	1	740.3766431526712	704.0696739474024	704.069674751472
primary	OV:OVCAR-4	ordinal	magnitude_g0.50	0.05734056105655409	0	0	1006.0224930751785	951.4649585275574	951.4649595790223
primary	OV:OVCAR-4	ordinal	magnitude_g0.80	0.0621365061734911	0	0	1026.4777504031858	966.4273324915915	966.4273335580189
primary	OV:OVCAR-4	ordinal	magnitude_g1.00	0.06523148021726635	0	0	1039.611671828787	975.9490694142329	975.949070490182
primary	OV:OVCAR-4	ordinal	magnitude_g1.25	0.06882543876725412	0	0	1055.367598115438	987.4087571611901	987.4087582485988
primary	OV:OVCAR-4	ordinal	magnitude_g2.00	0.07813637265365546	0	0	1097.8947241148676	1018.3263935457258	1018.3263946640521
primary	OV:OVCAR-4	ordinal	ordinal	1.1420319390759596e-09	0	1	704.0696747514725	704.0696739474024	704.069674751472
primary	OV:OVCAR-5	magnitude_g0.50	magnitude_g0.50	1.1018660953239799e-09	0	0	981.6858723433568	981.6858712616704	981.6858723433562
primary	OV:OVCAR-5	magnitude_g0.50	magnitude_g0.80	0.0	1	0	994.4185888521863	994.4185878947156	994.4185889891342
primary	OV:OVCAR-5	magnitude_g0.50	magnitude_g1.00	6.692925863211603e-06	0	0	1002.6149198994699	1002.6082095170538	1002.6082106196619
primary	OV:OVCAR-5	magnitude_g0.50	magnitude_g1.25	1.7484575546303684e-05	0	0	1012.4649419201166	1012.4472397098673	1012.4472408223145
primary	OV:OVCAR-5	magnitude_g0.50	magnitude_g2.00	0.0001610875435342399	0	0	1039.1186869993965	1038.9513248826195	1038.9513260215708
primary	OV:OVCAR-5	magnitude_g0.50	ordinal	0.0499712190933198	0	1	804.2411043129781	765.9649042641981	765.9649051301631
primary	OV:OVCAR-5	magnitude_g0.80	magnitude_g0.50	1.6526212275306245e-08	0	1	981.6858874852195	981.6858712616704	981.6858723433562
primary	OV:OVCAR-5	magnitude_g0.80	magnitude_g0.80	1.1005607360864153e-09	1	0	994.4185889891337	994.4185878947156	994.4185889891342
primary	OV:OVCAR-5	magnitude_g0.80	magnitude_g1.00	6.684270096186707e-06	0	0	1002.6149112211268	1002.6082095170538	1002.6082106196619
primary	OV:OVCAR-5	magnitude_g0.80	magnitude_g1.25	1.746631130993017e-05	0	0	1012.4649234285409	1012.4472397098673	1012.4472408223145
primary	OV:OVCAR-5	magnitude_g0.80	magnitude_g2.00	0.00016104779613152523	0	0	1039.1186457037797	1038.9513248826195	1038.9513260215708
primary	OV:OVCAR-5	magnitude_g0.80	ordinal	0.04997133952641511	0	1	804.2411965605024	765.9649042641981	765.9649051301631
primary	OV:OVCAR-5	magnitude_g1.00	magnitude_g0.50	1.421621577472635e-05	0	1	981.6998271198393	981.6858712616704	981.6858723433562
primary	OV:OVCAR-5	magnitude_g1.00	magnitude_g0.80	9.338549103892091e-07	0	1	994.4195165373969	994.4185878947156	994.4185889891342
primary	OV:OVCAR-5	magnitude_g1.00	magnitude_g1.00	1.0997403816522e-09	0	1	1002.6082106196625	1002.6082095170538	1002.6082106196619
primary	OV:OVCAR-5	magnitude_g1.00	magnitude_g1.25	2.4783318677463776e-06	0	0	1012.4497488901259	1012.4472397098673	1012.4472408223145
primary	OV:OVCAR-5	magnitude_g1.00	magnitude_g2.00	0.00012758691167758185	0	0	1039.0838814735446	1038.9513248826195	1038.9513260215708
primary	OV:OVCAR-5	magnitude_g1.00	ordinal	0.050067711587142204	0	1	804.315014176771	765.9649042641981	765.9649051301631
primary	OV:OVCAR-5	magnitude_g1.25	magnitude_g0.50	4.0642294290588855e-05	0	1	981.7257692277511	981.6858712616704	981.6858723433562
primary	OV:OVCAR-5	magnitude_g1.25	magnitude_g0.80	1.4553840653147116e-05	0	1	994.4330605043864	994.4185878947156	994.4185889891342
primary	OV:OVCAR-5	magnitude_g1.25	magnitude_g1.00	6.032194385112779e-06	0	1	1002.6142574446657	1002.6082095170538	1002.6082106196619
primary	OV:OVCAR-5	magnitude_g1.25	magnitude_g1.25	1.098770533699249e-09	1	1	1012.4472408223145	1012.4472397098673	1012.4472408223145
primary	OV:OVCAR-5	magnitude_g1.25	magnitude_g2.00	0.00010506024972649068	0	0	1039.0604773682653	1038.9513248826195	1038.9513260215708
primary	OV:OVCAR-5	magnitude_g1.25	ordinal	0.05021930602423034	0	1	804.4311301952622	765.9649042641981	765.9649051301631
primary	OV:OVCAR-5	magnitude_g2.00	magnitude_g0.50	0.000866861072886155	0	1	982.5368565292695	981.6858712616704	981.6858723433562
primary	OV:OVCAR-5	magnitude_g2.00	magnitude_g0.80	0.0006072440968295766	0	1	995.0224427119923	994.4185878947156	994.4185889891342
primary	OV:OVCAR-5	magnitude_g2.00	magnitude_g1.00	0.00045714251132446807	0	1	1003.0665443518269	1002.6082095170538	1002.6082106196619
primary	OV:OVCAR-5	magnitude_g2.00	magnitude_g1.25	0.0002894269114024663	0	1	1012.7402691874145	1012.4472397098673	1012.4472408223145
primary	OV:OVCAR-5	magnitude_g2.00	magnitude_g2.00	1.096250046257819e-09	1	1	1038.95132602157	1038.9513248826195	1038.9513260215708
primary	OV:OVCAR-5	magnitude_g2.00	ordinal	0.05414033918729181	0	1	807.4345039866233	765.9649042641981	765.9649051301631
primary	OV:OVCAR-5	ordinal	magnitude_g0.50	0.04256769499622688	0	0	1023.4739760116424	981.6858712616704	981.6858723433562
primary	OV:OVCAR-5	ordinal	magnitude_g0.80	0.04845856641430772	0	0	1042.6066870798338	994.4185878947156	994.4185889891342
primary	OV:OVCAR-5	ordinal	magnitude_g1.00	0.05208373932093081	0	0	1054.8277941425652	1002.6082095170538	1002.6082106196619
primary	OV:OVCAR-5	ordinal	magnitude_g1.25	0.05627224384409613	0	0	1069.419917662103	1012.4472397098673	1012.4472408223145
primary	OV:OVCAR-5	ordinal	magnitude_g2.00	0.0668381603835891	0	0	1108.3929201658664	1038.9513248826195	1038.9513260215708
primary	OV:OVCAR-5	ordinal	ordinal	1.1305537127559857e-09	1	1	765.9649051301626	765.9649042641981	765.9649051301631
primary	OV:OVCAR-8	magnitude_g0.50	magnitude_g0.50	1.1016122943518031e-09	0	0	984.1409658151541	984.1409647310123	984.1409658151532
primary	OV:OVCAR-8	magnitude_g0.50	magnitude_g0.80	9.482945083162057e-06	0	0	996.59426956882	996.5848190097106	996.5848201062954
primary	OV:OVCAR-8	magnitude_g0.50	magnitude_g1.00	1.646241741167936e-05	0	0	1004.6485295019188	1004.6319908307406	1004.6319919353725
primary	OV:OVCAR-8	magnitude_g0.50	magnitude_g1.25	0.00011836513748558024	0	0	1014.3655024746699	1014.2454511723978	1014.2454522866432
primary	OV:OVCAR-8	magnitude_g0.50	magnitude_g2.00	0.0006061987755386122	0	0	1040.8603178254857	1040.229731835768	1040.2297329759979
primary	OV:OVCAR-8	magnitude_g0.50	ordinal	0.03802489344785327	0	1	794.8845008409493	765.7663181859728	765.7663190517391
primary	OV:OVCAR-8	magnitude_g0.80	magnitude_g0.50	2.9097167384476165e-06	0	1	984.1438283024504	984.1409647310123	984.1409658151532
primary	OV:OVCAR-8	magnitude_g0.80	magnitude_g0.80	1.1003426799148075e-09	1	1	996.5848201062954	996.5848190097106	996.5848201062954
primary	OV:OVCAR-8	magnitude_g0.80	magnitude_g1.00	0.0	1	0	1004.6319908854432	1004.6319908307406	1004.6319919353725
primary	OV:OVCAR-8	magnitude_g0.80	magnitude_g1.25	9.442980331751337e-05	0	0	1014.3412261708677	1014.2454511723978	1014.2454522866432
primary	OV:OVCAR-8	magnitude_g0.80	magnitude_g2.00	0.0005664124596645563	0	0	1040.8189309167933	1040.229731835768	1040.2297329759979
primary	OV:OVCAR-8	magnitude_g0.80	ordinal	0.03805166475005338	0	1	794.9050014024681	765.7663181859728	765.7663190517391
primary	OV:OVCAR-8	magnitude_g1.00	magnitude_g0.50	3.03562590463568e-06	0	1	984.1439522148187	984.1409647310123	984.1409658151532
primary	OV:OVCAR-8	magnitude_g1.00	magnitude_g0.80	5.0514048282669956e-08	0	1	996.5848693512443	996.5848190097106	996.5848201062954
primary	OV:OVCAR-8	magnitude_g1.00	magnitude_g1.00	1.0995385125771905e-09	1	1	1004.6319919353722	1004.6319908307406	1004.6319919353725
primary	OV:OVCAR-8	magnitude_g1.00	magnitude_g1.25	9.437359261316729e-05	0	0	1014.3411691594165	1014.2454511723978	1014.2454522866432
primary	OV:OVCAR-8	magnitude_g1.00	magnitude_g2.00	0.0005662059999693114	0	0	1040.81871615128	1040.229731835768	1040.2297329759979
primary	OV:OVCAR-8	magnitude_g1.00	ordinal	0.03805360267387651	0	1	794.906485399259	765.7663181859728	765.7663190517391
primary	OV:OVCAR-8	magnitude_g1.25	magnitude_g0.50	0.00021459477442072457	0	1	984.352156239337	984.1409647310123	984.1409658151532
primary	OV:OVCAR-8	magnitude_g1.25	magnitude_g0.80	8.310990627629473e-05	0	1	996.6676450806149	996.5848190097106	996.5848201062954
primary	OV:OVCAR-8	magnitude_g1.25	magnitude_g1.00	1.8090952298965377e-06	0	1	1004.633808305683	1004.6319908307406	1004.6319919353725
primary	OV:OVCAR-8	magnitude_g1.25	magnitude_g1.25	1.0985948311707055e-09	1	1	1014.2454522866426	1014.2454511723978	1014.2454522866432
primary	OV:OVCAR-8	magnitude_g1.25	magnitude_g2.00	0.00021943901461370907	0	0	1040.457998823094	1040.229731835768	1040.2297329759979
primary	OV:OVCAR-8	magnitude_g1.25	ordinal	0.041309076439533514	0	1	797.3994175587372	765.7663181859728	765.7663190517391
primary	OV:OVCAR-8	magnitude_g2.00	magnitude_g0.50	0.0013190929527170496	0	1	985.4391381420692	984.1409647310123	984.1409658151532
primary	OV:OVCAR-8	magnitude_g2.00	magnitude_g0.80	0.0008526642226120187	0	1	997.4345712296785	996.5848190097106	996.5848201062954
primary	OV:OVCAR-8	magnitude_g2.00	magnitude_g1.00	0.0005691491192719012	0	1	1005.2037762435143	1004.6319908307406	1004.6319919353725
primary	OV:OVCAR-8	magnitude_g2.00	magnitude_g1.25	0.00033732329144755467	0	1	1014.587579786323	1014.2454511723978	1014.2454522866432
primary	OV:OVCAR-8	magnitude_g2.00	magnitude_g2.00	1.096132087573235e-09	1	1	1040.2297329759972	1040.229731835768	1040.2297329759979
primary	OV:OVCAR-8	magnitude_g2.00	ordinal	0.04641814838704685	0	1	801.3117727733318	765.7663181859728	765.7663190517391
primary	OV:OVCAR-8	ordinal	magnitude_g0.50	0.045903249543261	0	0	1029.3162330208056	984.1409647310123	984.1409658151532
primary	OV:OVCAR-8	ordinal	magnitude_g0.80	0.0514593033862733	0	0	1047.8683795612856	996.5848190097106	996.5848201062954
primary	OV:OVCAR-8	ordinal	magnitude_g1.00	0.054874068459327824	0	0	1059.7602354720175	1004.6319908307406	1004.6319919353725
primary	OV:OVCAR-8	ordinal	magnitude_g1.25	0.05891711949157798	0	0	1074.0018716129114	1014.2454511723978	1014.2454522866432
primary	OV:OVCAR-8	ordinal	magnitude_g2.00	0.06925763721326715	0	0	1112.2735852217038	1040.229731835768	1040.2297329759979
primary	OV:OVCAR-8	ordinal	ordinal	1.130588724503832e-09	0	1	765.7663190517395	765.7663181859728	765.7663190517391
primary	OV:SK-OV-3	magnitude_g0.50	magnitude_g0.50	1.1015192788302484e-09	0	0	985.041072978568	985.0410718935262	985.0410729785673
primary	OV:SK-OV-3	magnitude_g0.50	magnitude_g0.80	3.1810355936189252e-06	0	0	997.0218244024863	997.0186528506641	997.0186539476828
primary	OV:SK-OV-3	magnitude_g0.50	magnitude_g1.00	6.659456628771185e-05	0	1	1004.7867933322104	1004.719884447265	1004.7198855519849
primary	OV:SK-OV-3	magnitude_g0.50	magnitude_g1.25	0.00018443280607077794	0	0	1014.1742085858904	1013.9871960819971	1013.9871971959843
primary	OV:SK-OV-3	magnitude_g0.50	magnitude_g2.00	0.0008101826841714278	0	0	1039.9023529313804	1039.060524086959	1039.0605252260198
primary	OV:SK-OV-3	magnitude_g0.50	ordinal	0.053551178219999156	0	1	790.980362002022	750.775451970357	750.7754528211325
primary	OV:SK-OV-3	magnitude_g0.80	magnitude_g0.50	2.331527528473775e-06	0	1	985.043368543902	985.0410718935262	985.0410729785673
primary	OV:SK-OV-3	magnitude_g0.80	magnitude_g0.80	1.100298442675605e-09	1	1	997.0186539476822	997.0186528506641	997.0186539476828
primary	OV:SK-OV-3	magnitude_g0.80	magnitude_g1.00	6.001509837964755e-05	0	1	1004.7801828099741	1004.719884447265	1004.7198855519849
primary	OV:SK-OV-3	magnitude_g0.80	magnitude_g1.25	0.00017391418047316864	0	0	1014.163542834214	1013.9871960819971	1013.9871971959843
primary	OV:SK-OV-3	magnitude_g0.80	magnitude_g2.00	0.0007897746677198432	0	0	1039.8811477671106	1039.060524086959	1039.0605252260198
primary	OV:SK-OV-3	magnitude_g0.80	ordinal	0.05364336784800022	0	1	791.0495757116515	750.775451970357	750.7754528211325
primary	OV:SK-OV-3	magnitude_g1.00	magnitude_g0.50	0.00015790493611737873	0	0	985.1966147410566	985.0410718935262	985.0410729785673
primary	OV:SK-OV-3	magnitude_g1.00	magnitude_g0.80	2.75672274646591e-05	0	0	997.0461378906538	997.0186528506641	997.0186539476828
primary	OV:SK-OV-3	magnitude_g1.00	magnitude_g1.00	1.0995318279998826e-09	0	0	1004.7198855519865	1004.719884447265	1004.7198855519849
primary	OV:SK-OV-3	magnitude_g1.00	magnitude_g1.25	3.946767420235262e-06	0	0	1013.9911980536272	1013.9871960819971	1013.9871971959843
primary	OV:SK-OV-3	magnitude_g1.00	magnitude_g2.00	0.0003003517388518253	0	0	1039.3726077221409	1039.060524086959	1039.0605252260198
primary	OV:SK-OV-3	magnitude_g1.00	ordinal	0.059045302676419796	0	1	795.1052157739726	750.775451970357	750.7754528211325
primary	OV:SK-OV-3	magnitude_g1.25	magnitude_g0.50	0.0004893703202185384	0	1	985.5231217583072	985.0410718935262	985.0410729785673
primary	OV:SK-OV-3	magnitude_g1.25	magnitude_g0.80	0.00021236671278662342	0	1	997.230386424557	997.0186528506641	997.0186539476828
primary	OV:SK-OV-3	magnitude_g1.25	magnitude_g1.00	9.643093144061966e-05	0	1	1004.8167705215592	1004.719884447265	1004.7198855519849
primary	OV:SK-OV-3	magnitude_g1.25	magnitude_g1.25	1.0986219198512325e-09	0	0	1013.9871971959857	1013.9871960819971	1013.9871971959843
primary	OV:SK-OV-3	magnitude_g1.25	magnitude_g2.00	5.4374201885940967e-05	0	0	1039.1170221736675	1039.060524086959	1039.0605252260198
primary	OV:SK-OV-3	magnitude_g1.25	ordinal	0.061457094916442405	0	1	796.9159301830342	750.775451970357	750.7754528211325
primary	OV:SK-OV-3	magnitude_g2.00	magnitude_g0.50	0.0006415007074513094	0	1	985.6729764380145	985.0410718935262	985.0410729785673
primary	OV:SK-OV-3	magnitude_g2.00	magnitude_g0.80	0.00030922708849179947	0	1	997.3269580258572	997.0186528506641	997.0186539476828
primary	OV:SK-OV-3	magnitude_g2.00	magnitude_g1.00	0.0001609053567817908	0	1	1004.8815492587378	1004.719884447265	1004.7198855519849
primary	OV:SK-OV-3	magnitude_g2.00	magnitude_g1.25	2.853119951399971e-05	0	1	1014.0161263529932	1013.9871960819971	1013.9871971959843
primary	OV:SK-OV-3	magnitude_g2.00	magnitude_g2.00	1.0962409674794418e-09	1	0	1039.0605252260198	1039.060524086959	1039.0605252260198
primary	OV:SK-OV-3	magnitude_g2.00	ordinal	0.06212371250505029	0	1	797.4164103044127	750.775451970357	750.7754528211325
primary	OV:SK-OV-3	ordinal	magnitude_g0.50	0.08529518859091245	0	0	1069.060335890479	985.0410718935262	985.0410729785673
primary	OV:SK-OV-3	ordinal	magnitude_g0.80	0.0928326792102075	0	0	1089.574565617343	997.0186528506641	997.0186539476828
primary	OV:SK-OV-3	ordinal	magnitude_g1.00	0.0975799378737773	0	0	1102.7603883521779	1004.719884447265	1004.7198855519849
primary	OV:SK-OV-3	ordinal	magnitude_g1.25	0.10316201444762116	0	0	1118.592157853911	1013.9871960819971	1013.9871971959843
primary	OV:SK-OV-3	ordinal	magnitude_g2.00	0.1177343383937138	0	0	1161.3936274413627	1039.060524086959	1039.0605252260198
primary	OV:SK-OV-3	ordinal	ordinal	1.1331965236449035e-09	0	1	750.7754528211332	750.775451970357	750.7754528211325
primary	PR:DU-145	magnitude_g0.50	magnitude_g0.50	1.1021865146626976e-09	0	1	978.6078918559944	978.6078907773859	978.6078918559938
primary	PR:DU-145	magnitude_g0.50	magnitude_g0.80	5.9603938510146956e-06	0	0	990.6396873897929	990.6337828222852	990.633783912919
primary	PR:DU-145	magnitude_g0.50	magnitude_g1.00	1.3761188785826367e-05	0	0	998.5234743390336	998.5097336580842	998.509734756594
primary	PR:DU-145	magnitude_g0.50	magnitude_g1.25	2.9776159368992078e-05	0	0	1008.1272534212297	1008.0972361572665	1008.0972372653637
primary	PR:DU-145	magnitude_g0.50	magnitude_g2.00	0.0005289625865250898	0	0	1034.7422249316703	1034.19517437726	1034.195175511455
primary	PR:DU-145	magnitude_g0.50	ordinal	0.035914935498264446	0	1	784.6102110628909	757.4079532751417	757.4079541325497
primary	PR:DU-145	magnitude_g0.80	magnitude_g0.50	3.7414142213870184e-06	0	1	978.6115521548656	978.6078907773859	978.6078918559938
primary	PR:DU-145	magnitude_g0.80	magnitude_g0.80	1.1009459125695776e-09	0	1	990.6337839129194	990.6337828222852	990.633783912919
primary	PR:DU-145	magnitude_g0.80	magnitude_g1.00	1.8957393675707777e-06	0	0	998.5116265722952	998.5097336580842	998.509734756594
primary	PR:DU-145	magnitude_g0.80	magnitude_g1.25	1.1129627371756965e-05	0	0	1008.1084559038594	1008.0972361572665	1008.0972372653637
primary	PR:DU-145	magnitude_g0.80	magnitude_g2.00	0.0004934755516868661	0	0	1034.7055244114877	1034.19517437726	1034.195175511455
primary	PR:DU-145	magnitude_g0.80	ordinal	0.03607906059138166	0	1	784.7345207137499	757.4079532751417	757.4079541325497
primary	PR:DU-145	magnitude_g1.00	magnitude_g0.50	2.2087324458128988e-05	0	1	978.6295056073868	978.6078907773859	978.6078918559938
primary	PR:DU-145	magnitude_g1.00	magnitude_g0.80	5.457150705475612e-06	0	1	990.639188860132	990.6337828222852	990.633783912919
primary	PR:DU-145	magnitude_g1.00	magnitude_g1.00	1.1001490437651994e-09	1	1	998.5097347565937	998.5097336580842	998.509734756594
primary	PR:DU-145	magnitude_g1.00	magnitude_g1.25	1.274596716185031e-06	0	0	1008.0985210746933	1008.0972361572665	1008.0972372653637
primary	PR:DU-145	magnitude_g1.00	magnitude_g2.00	0.00046622704126759865	0	0	1034.677344133503	1034.19517437726	1034.195175511455
primary	PR:DU-145	magnitude_g1.00	ordinal	0.03617306659800915	0	1	784.8057216108252	757.4079532751417	757.4079541325497
primary	PR:DU-145	magnitude_g1.25	magnitude_g0.50	2.7659144513234516e-05	0	1	978.6349582344587	978.6078907773859	978.6078918559938
primary	PR:DU-145	magnitude_g1.25	magnitude_g0.80	8.021838695162627e-06	0	1	990.641729526697	990.6337828222852	990.633783912919
primary	PR:DU-145	magnitude_g1.25	magnitude_g1.00	7.632113020763573e-07	0	1	998.5104957319982	998.5097336580842	998.509734756594
primary	PR:DU-145	magnitude_g1.25	magnitude_g1.25	1.0991966260950007e-09	1	0	1008.0972372653636	1008.0972361572665	1008.0972372653637
primary	PR:DU-145	magnitude_g1.25	magnitude_g2.00	0.0004601306879122106	0	0	1034.6710393142816	1034.19517437726	1034.195175511455
primary	PR:DU-145	magnitude_g1.25	ordinal	0.03619895449800752	0	1	784.8253293121776	757.4079532751417	757.4079541325497
primary	PR:DU-145	magnitude_g2.00	magnitude_g0.50	0.0012061334871115144	0	1	979.7882225252041	978.6078907773859	978.6078918559938
primary	PR:DU-145	magnitude_g2.00	magnitude_g0.80	0.000776938968093919	0	1	991.4034448112701	990.6337828222852	990.633783912919
primary	PR:DU-145	magnitude_g2.00	magnitude_g1.00	0.0005206447418927366	0	1	999.029602500642	998.5097336580842	998.509734756594
primary	PR:DU-145	magnitude_g2.00	magnitude_g1.25	0.00023503525161897858	0	1	1008.3341745448231	1008.0972361572665	1008.0972372653637
primary	PR:DU-145	magnitude_g2.00	magnitude_g2.00	1.0966921996661565e-09	1	1	1034.1951755114537	1034.19517437726	1034.195175511455
primary	PR:DU-145	magnitude_g2.00	ordinal	0.042706945141797875	0	1	789.7545331856246	757.4079532751417	757.4079541325497
primary	PR:DU-145	ordinal	magnitude_g0.50	0.025019556713401614	0	0	1003.0922264008731	978.6078907773859	978.6078918559938
primary	PR:DU-145	ordinal	magnitude_g0.80	0.028584851783392567	0	0	1018.9509026758817	990.6337828222852	990.633783912919
primary	PR:DU-145	ordinal	magnitude_g1.00	0.030785096526387227	0	0	1029.2489521912855	998.5097336580842	998.509734756594
primary	PR:DU-145	ordinal	magnitude_g1.25	0.03333857634515704	0	0	1041.7057628282373	1008.0972361572665	1008.0972372653637
primary	PR:DU-145	ordinal	magnitude_g2.00	0.04021455892208838	0	0	1075.7848771541937	1034.19517437726	1034.195175511455
primary	PR:DU-145	ordinal	ordinal	1.1320296777388568e-09	0	1	757.40795413255	757.4079532751417	757.4079541325497
primary	PR:PC-3	magnitude_g0.50	magnitude_g0.50	1.1031588566100586e-09	1	0	969.3747327706308	969.3747317012565	969.3747327706311
primary	PR:PC-3	magnitude_g0.50	magnitude_g0.80	4.4923108127543516e-05	0	0	982.9788480217057	982.9346915402754	982.93469262321
primary	PR:PC-3	magnitude_g0.50	magnitude_g1.00	0.00010389472082495438	0	0	991.7235707151698	991.620546575319	991.6205476669396
primary	PR:PC-3	magnitude_g0.50	magnitude_g1.25	0.00016982658381755968	0	0	1002.2270760224637	1002.0569001223251	1002.056901224382
primary	PR:PC-3	magnitude_g0.50	magnitude_g2.00	0.0009628321402701995	0	0	1030.6839704039467	1029.6925493228619	1029.6925504525545
primary	PR:PC-3	magnitude_g0.50	ordinal	0.0606005252594149	0	1	775.0012413299617	730.719269765025	730.7192705957443
primary	PR:PC-3	magnitude_g0.80	magnitude_g0.50	4.521977225121069e-05	0	1	969.4185666058501	969.3747317012565	969.3747327706311
primary	PR:PC-3	magnitude_g0.80	magnitude_g0.80	1.1017362417739676e-09	0	0	982.9346926232101	982.9346915402754	982.93469262321
primary	PR:PC-3	magnitude_g0.80	magnitude_g1.00	6.531223198277385e-06	0	0	991.6270230704367	991.620546575319	991.6205476669396
primary	PR:PC-3	magnitude_g0.80	magnitude_g1.25	1.467239795514857e-05	0	0	1002.0716026999374	1002.0569001223251	1002.056901224382
primary	PR:PC-3	magnitude_g0.80	magnitude_g2.00	0.0006765920907441811	0	0	1030.389231157632	1029.6925493228619	1029.6925504525545
primary	PR:PC-3	magnitude_g0.80	ordinal	0.06162502606341941	0	1	775.7498638093375	730.719269765025	730.7192705957443
primary	PR:PC-3	magnitude_g1.00	magnitude_g0.50	5.948514557690321e-05	0	1	969.4323950982903	969.3747317012565	969.3747327706311
primary	PR:PC-3	magnitude_g1.00	magnitude_g0.80	1.0085851094600397e-06	0	1	982.9356829135688	982.9346915402754	982.93469262321
primary	PR:PC-3	magnitude_g1.00	magnitude_g1.00	1.1008451554503256e-09	0	0	991.6205476669397	991.620546575319	991.6205476669396
primary	PR:PC-3	magnitude_g1.00	magnitude_g1.25	0.0	1	0	1002.0569002582731	1002.0569001223251	1002.056901224382
primary	PR:PC-3	magnitude_g1.00	magnitude_g2.00	0.0006442247558765812	0	0	1030.3559027540773	1029.6925493228619	1029.6925504525545
primary	PR:PC-3	magnitude_g1.00	ordinal	0.06171020201874656	0	1	775.8121035212157	730.719269765025	730.7192705957443
primary	PR:PC-3	magnitude_g1.25	magnitude_g0.50	5.95177552590408e-05	0	1	969.4324267092921	969.3747317012565	969.3747327706311
primary	PR:PC-3	magnitude_g1.25	magnitude_g0.80	1.0278714617213443e-06	0	1	982.9357018707935	982.9346915402754	982.93469262321
primary	PR:PC-3	magnitude_g1.25	magnitude_g1.00	1.1988215628362578e-08	0	1	991.62055846308	991.620546575319	991.6205476669396
primary	PR:PC-3	magnitude_g1.25	magnitude_g1.25	1.099794958061519e-09	0	1	1002.0569012243823	1002.0569001223251	1002.056901224382
primary	PR:PC-3	magnitude_g1.25	magnitude_g2.00	0.0006441997180115576	0	0	1030.3558769727742	1029.6925493228619	1029.6925504525545
primary	PR:PC-3	magnitude_g1.25	ordinal	0.06171056830254679	0	1	775.8123711718467	730.719269765025	730.7192705957443
primary	PR:PC-3	magnitude_g2.00	magnitude_g0.50	0.002089538034068527	0	1	971.4002770724112	969.3747317012565	969.3747327706311
primary	PR:PC-3	magnitude_g2.00	magnitude_g0.80	0.0013922408748238367	0	1	984.3031733951201	982.9346915402754	982.93469262321
primary	PR:PC-3	magnitude_g2.00	magnitude_g1.00	0.0009943729836109586	0	1	992.6065872568271	991.620546575319	991.6205476669396
primary	PR:PC-3	magnitude_g2.00	magnitude_g1.25	0.0005317558159490955	0	1	1002.5897497068771	1002.0569001223251	1002.056901224382
primary	PR:PC-3	magnitude_g2.00	magnitude_g2.00	1.0971165054420824e-09	1	1	1029.6925504525545	1029.6925493228619	1029.6925504525545
primary	PR:PC-3	magnitude_g2.00	ordinal	0.07594597671234632	0	1	786.2144584098623	730.719269765025	730.7192705957443
primary	PR:PC-3	ordinal	magnitude_g0.50	0.0715161168758369	0	0	1038.7006483100865	969.3747317012565	969.3747327706311
primary	PR:PC-3	ordinal	magnitude_g0.80	0.07953048644341557	0	0	1061.107965700582	982.9346915402754	982.93469262321
primary	PR:PC-3	ordinal	magnitude_g1.00	0.08448176264447577	0	0	1075.3943982244805	991.620546575319	991.6205476669396
primary	PR:PC-3	ordinal	magnitude_g1.25	0.09019107929388426	0	0	1092.4334934582416	1002.0569001223251	1002.056901224382
primary	PR:PC-3	ordinal	magnitude_g2.00	0.10509191463543315	0	0	1137.9049108170416	1029.6925493228619	1029.6925504525545
primary	PR:PC-3	ordinal	ordinal	1.1368525548822777e-09	0	0	730.7192705957451	730.719269765025	730.7192705957443
primary	RE:A498	magnitude_g0.50	magnitude_g0.50	1.1009333849436855e-09	0	1	990.7562718087653	990.7562707180086	990.7562718087648
primary	RE:A498	magnitude_g0.50	magnitude_g0.80	4.303023116647506e-06	0	0	1002.1527622539716	1002.148449986025	1002.1484510881734
primary	RE:A498	magnitude_g0.50	magnitude_g1.00	7.14341499977906e-05	0	0	1009.5450096759292	1009.472898837455	1009.4728999469279
primary	RE:A498	magnitude_g0.50	magnitude_g1.25	0.0002606021328057421	0	0	1018.4873720905672	1018.222021260157	1018.222022378379
primary	RE:A498	magnitude_g0.50	magnitude_g2.00	0.0009938499986956442	0	0	1043.0317224767014	1041.9961346196687	1041.9961357616648
primary	RE:A498	magnitude_g0.50	ordinal	0.05673262686388008	0	1	803.4323094849503	760.2985741713472	760.2985750316458
primary	RE:A498	magnitude_g0.80	magnitude_g0.50	8.489428218418349e-06	0	1	990.7646816722508	990.7562707180086	990.7562718087648
primary	RE:A498	magnitude_g0.80	magnitude_g0.80	1.099785922985623e-09	0	1	1002.1484510881737	1002.148449986025	1002.1484510881734
primary	RE:A498	magnitude_g0.80	magnitude_g1.00	5.9148305451685284e-05	0	0	1009.5326074488206	1009.472898837455	1009.4728999469279
primary	RE:A498	magnitude_g0.80	magnitude_g1.25	0.0002389673134442015	0	0	1018.4653430410673	1018.222021260157	1018.222022378379
primary	RE:A498	magnitude_g0.80	magnitude_g2.00	0.0009482019965759806	0	0	1042.9841574349396	1041.9961346196687	1041.9961357616648
primary	RE:A498	magnitude_g0.80	ordinal	0.057003090431272184	0	1	803.6379425496038	760.2985741713472	760.2985750316458
primary	RE:A498	magnitude_g1.00	magnitude_g0.50	0.0001837930661859175	0	1	990.9383648508468	990.7562707180086	990.7562718087648
primary	RE:A498	magnitude_g1.00	magnitude_g0.80	2.8348945921244518e-05	0	1	1002.1768598382387	1002.148449986025	1002.1484510881734
primary	RE:A498	magnitude_g1.00	magnitude_g1.00	1.0990619571937904e-09	0	1	1009.4728999469282	1009.472898837455	1009.4728999469279
primary	RE:A498	magnitude_g1.00	magnitude_g1.25	8.148255917490628e-05	0	0	1018.3049885962575	1018.222021260157	1018.222022378379
primary	RE:A498	magnitude_g1.00	magnitude_g2.00	0.0005590110699629479	0	0	1042.5786219937797	1041.9961346196687	1041.9961357616648
primary	RE:A498	magnitude_g1.00	ordinal	0.0590538914359934	0	1	805.1971636294026	760.2985741713472	760.2985750316458
primary	RE:A498	magnitude_g1.25	magnitude_g0.50	0.0004849754612602752	0	1	991.2367631973966	990.7562707180086	990.7562718087648
primary	RE:A498	magnitude_g1.25	magnitude_g0.80	0.00015965461455975637	0	1	1002.3084476105391	1002.148449986025	1002.1484510881734
primary	RE:A498	magnitude_g1.25	magnitude_g1.00	3.0850203339294795e-05	0	1	1009.5040412816496	1009.472898837455	1009.4728999469279
primary	RE:A498	magnitude_g1.25	magnitude_g1.25	1.0982097470474135e-09	1	0	1018.2220223783784	1018.222021260157	1018.222022378379
primary	RE:A498	magnitude_g1.25	magnitude_g2.00	0.0002150534047707413	0	1	1042.2202194361766	1041.9961346196687	1041.9961357616648
primary	RE:A498	magnitude_g1.25	ordinal	0.061150090429637614	0	1	806.7909007354497	760.2985741713472	760.2985750316458
primary	RE:A498	magnitude_g2.00	magnitude_g0.50	0.001708297638322392	0	1	992.4487773154293	990.7562707180086	990.7562718087648
primary	RE:A498	magnitude_g2.00	magnitude_g0.80	0.0010324071527165208	0	1	1003.1830752138743	1002.148449986025	1002.1484510881734
primary	RE:A498	magnitude_g2.00	magnitude_g1.00	0.0006877336311243455	0	1	1010.1671472996941	1009.472898837455	1009.4728999469279
primary	RE:A498	magnitude_g2.00	magnitude_g1.25	0.00040735520128514603	0	0	1018.6367992965804	1018.222021260157	1018.222022378379
primary	RE:A498	magnitude_g2.00	magnitude_g2.00	1.0959687477793624e-09	1	1	1041.996135761664	1041.9961346196687	1041.9961357616648
primary	RE:A498	magnitude_g2.00	ordinal	0.0674592647517939	0	1	811.5877569767836	760.2985741713472	760.2985750316458
primary	RE:A498	ordinal	magnitude_g0.50	0.04780342138239951	0	0	1038.1178102143963	990.7562707180086	990.7562718087648
primary	RE:A498	ordinal	magnitude_g0.80	0.05408313101562584	0	0	1056.3477759037255	1002.148449986025	1002.1484510881734
primary	RE:A498	ordinal	magnitude_g1.00	0.05802458350463473	0	0	1068.0471433517146	1009.472898837455	1009.4728999469279
primary	RE:A498	ordinal	magnitude_g1.25	0.0627100869636079	0	0	1082.074812761642	1018.222021260157	1018.222022378379
primary	RE:A498	ordinal	magnitude_g2.00	0.07475969041970279	0	0	1119.8954430623621	1041.9961346196687	1041.9961357616648
primary	RE:A498	ordinal	ordinal	1.1315270832766032e-09	1	0	760.2985750316457	760.2985741713472	760.2985750316458
primary	RE:ACHN	magnitude_g0.50	magnitude_g0.50	1.102452766220341e-09	1	0	976.0594575350934	976.059456459034	976.0594575350934
primary	RE:ACHN	magnitude_g0.50	magnitude_g0.80	7.682047596377352e-05	0	0	989.2715032128688	989.1955127427586	989.1955138319541
primary	RE:ACHN	magnitude_g0.50	magnitude_g1.00	0.00022025760579535473	0	0	997.7971731208473	997.5774491003131	997.5774501978905
primary	RE:ACHN	magnitude_g0.50	magnitude_g1.25	0.0005111806235582942	0	0	1008.0642596635546	1007.5492200249965	1007.5492211325458
primary	RE:ACHN	magnitude_g0.50	magnitude_g2.00	0.0013858808813806732	0	0	1035.968354349778	1034.5346126090367	1034.5346137435713
primary	RE:ACHN	magnitude_g0.50	ordinal	0.03359550888760795	0	1	774.9718613083114	749.7825354740207	749.7825363238032
primary	RE:ACHN	magnitude_g0.80	magnitude_g0.50	0.00015352865281640634	0	1	976.2093095524529	976.059456459034	976.0594575350934
primary	RE:ACHN	magnitude_g0.80	magnitude_g0.80	1.1010913248134707e-09	1	0	989.1955138319532	989.1955127427586	989.1955138319541
primary	RE:ACHN	magnitude_g0.80	magnitude_g1.00	4.542279821269684e-06	0	0	997.5819803762303	997.5774491003131	997.5774501978905
primary	RE:ACHN	magnitude_g0.80	magnitude_g1.25	0.00013730670861558303	0	0	1007.6875632921664	1007.5492200249965	1007.5492211325458
primary	RE:ACHN	magnitude_g0.80	magnitude_g2.00	0.000626864432819847	0	0	1035.1831255622023	1034.5346126090367	1034.5346137435713
primary	RE:ACHN	magnitude_g0.80	ordinal	0.03752999386381109	0	1	777.9218694295535	749.7825354740207	749.7825363238032
primary	RE:ACHN	magnitude_g1.00	magnitude_g0.50	0.0002263252156713851	0	1	976.2803633260252	976.059456459034	976.0594575350934
primary	RE:ACHN	magnitude_g1.00	magnitude_g0.80	2.4320650648540116e-05	0	1	989.2195706212472	989.1955127427586	989.1955138319541
primary	RE:ACHN	magnitude_g1.00	magnitude_g1.00	1.1002418927842416e-09	1	1	997.5774501978896	997.5774491003131	997.5774501978905
primary	RE:ACHN	magnitude_g1.00	magnitude_g1.25	0.00010027560604075377	0	0	1007.6502526336504	1007.5492200249965	1007.5492211325458
primary	RE:ACHN	magnitude_g1.00	magnitude_g2.00	0.0005126853672733801	0	0	1035.0650033668592	1034.5346126090367	1034.5346137435713
primary	RE:ACHN	magnitude_g1.00	ordinal	0.03817239871617699	0	1	778.4035333685612	749.7825354740207	749.7825363238032
primary	RE:ACHN	magnitude_g1.25	magnitude_g0.50	0.00048642294754241093	0	1	976.5342341768214	976.059456459034	976.0594575350934
primary	RE:ACHN	magnitude_g1.25	magnitude_g0.80	0.00012552649484310564	0	1	989.3196829881878	989.1955127427586	989.1955138319541
primary	RE:ACHN	magnitude_g1.25	magnitude_g1.00	6.4247197602260225e-06	0	1	997.5838582558627	997.5774491003131	997.5774501978905
primary	RE:ACHN	magnitude_g1.25	magnitude_g1.25	1.0992508510384655e-09	0	1	1007.5492211325459	1007.5492200249965	1007.5492211325458
primary	RE:ACHN	magnitude_g1.25	magnitude_g2.00	0.0001602483732141033	0	1	1034.700395097741	1034.5346126090367	1034.5346137435713
primary	RE:ACHN	magnitude_g1.25	ordinal	0.0401139692195803	0	1	779.8592890234045	749.7825354740207	749.7825363238032
primary	RE:ACHN	magnitude_g2.00	magnitude_g0.50	0.0017139462357186395	0	1	977.7323698902695	976.059456459034	976.0594575350934
primary	RE:ACHN	magnitude_g2.00	magnitude_g0.80	0.001016792632376177	0	1	990.201319452095	989.1955127427586	989.1955138319541
primary	RE:ACHN	magnitude_g2.00	magnitude_g1.00	0.0006899321195445685	0	1	998.2657098241807	997.5774491003131	997.5774501978905
primary	RE:ACHN	magnitude_g2.00	magnitude_g1.25	0.0004427395846779022	0	0	1007.995301948213	1007.5492200249965	1007.5492211325458
primary	RE:ACHN	magnitude_g2.00	magnitude_g2.00	1.0966613830375672e-09	1	1	1034.5346137435708	1034.5346126090367	1034.5346137435713
primary	RE:ACHN	magnitude_g2.00	ordinal	0.046812008636948746	0	1	784.8813620004639	749.7825354740207	749.7825363238032
primary	RE:ACHN	ordinal	magnitude_g0.50	0.027608917866883957	0	0	1003.0074018256068	976.059456459034	976.0594575350934
primary	RE:ACHN	ordinal	magnitude_g0.80	0.031032805119765645	0	0	1019.8930243150513	989.1955127427586	989.1955138319541
primary	RE:ACHN	ordinal	magnitude_g1.00	0.033235885537821225	0	0	1030.7328190137227	997.5774491003131	997.5774501978905
primary	RE:ACHN	ordinal	magnitude_g1.25	0.035911231677219074	0	0	1043.7315534915156	1007.5492200249965	1007.5492211325458
primary	RE:ACHN	ordinal	magnitude_g2.00	0.04275880781739754	0	0	1078.7700792900323	1034.5346126090367	1034.5346137435713
primary	RE:ACHN	ordinal	ordinal	1.1333722731824988e-09	0	1	749.7825363238035	749.7825354740207	749.7825363238032
primary	RE:CAKI-1	magnitude_g0.50	magnitude_g0.50	1.1018499702444006e-09	0	1	981.8421088269837	981.842107745141	981.8421088269831
primary	RE:CAKI-1	magnitude_g0.50	magnitude_g0.80	9.691092397529797e-05	0	0	994.3517657868541	994.2554115762508	994.2554126705062
primary	RE:CAKI-1	magnitude_g0.50	magnitude_g1.00	0.000198215442423667	0	0	1002.418110192616	1002.2194548199733	1002.2194559221928
primary	RE:CAKI-1	magnitude_g0.50	magnitude_g1.25	0.0003229041093491866	0	0	1012.1294434028597	1011.8027281440912	1011.802729255894
primary	RE:CAKI-1	magnitude_g0.50	magnitude_g2.00	0.0009861235121316706	0	0	1038.5409298222264	1037.5178091164014	1037.5178102539194
primary	RE:CAKI-1	magnitude_g0.50	ordinal	0.040355907902822126	0	1	790.6394765378316	759.9701895590945	759.9701904190646
primary	RE:CAKI-1	magnitude_g0.80	magnitude_g0.50	3.1928153608764655e-05	0	1	981.8734561507766	981.842107745141	981.8421088269831
primary	RE:CAKI-1	magnitude_g0.80	magnitude_g0.80	1.100577390281782e-09	1	1	994.2554126705058	994.2554115762508	994.2554126705062
primary	RE:CAKI-1	magnitude_g0.80	magnitude_g1.00	2.9940113979142752e-05	0	0	1002.2494613846827	1002.2194548199733	1002.2194559221928
primary	RE:CAKI-1	magnitude_g0.80	magnitude_g1.25	7.95922006892836e-05	0	0	1011.8832597498877	1011.8027281440912	1011.802729255894
primary	RE:CAKI-1	magnitude_g0.80	magnitude_g2.00	0.0005911682670741673	0	0	1038.1311567216753	1037.5178091164014	1037.5178102539194
primary	RE:CAKI-1	magnitude_g0.80	ordinal	0.04045801385338322	0	1	790.7170740164346	759.9701895590945	759.9701904190646
primary	RE:CAKI-1	magnitude_g1.00	magnitude_g0.50	0.00010856784261743463	0	1	981.9487042245698	981.842107745141	981.8421088269831
primary	RE:CAKI-1	magnitude_g1.00	magnitude_g0.80	8.121748512452748e-06	0	1	994.2634866686608	994.2554115762508	994.2554126705062
primary	RE:CAKI-1	magnitude_g1.00	magnitude_g1.00	1.0997785624182922e-09	1	1	1002.2194559221928	1002.2194548199733	1002.2194559221928
primary	RE:CAKI-1	magnitude_g1.00	magnitude_g1.25	9.508094648735238e-06	0	0	1011.8123484601963	1011.8027281440912	1011.802729255894
primary	RE:CAKI-1	magnitude_g1.00	magnitude_g2.00	0.0004391468445659642	0	0	1037.9734317884559	1037.5178091164014	1037.5178102539194
primary	RE:CAKI-1	magnitude_g1.00	ordinal	0.040609859209607024	0	1	790.8324719605877	759.9701895590945	759.9701904190646
primary	RE:CAKI-1	magnitude_g1.25	magnitude_g0.50	0.0001461180343803777	0	1	981.9855725839966	981.842107745141	981.8421088269831
primary	RE:CAKI-1	magnitude_g1.25	magnitude_g0.80	2.503577889020859e-05	0	1	994.2803035348954	994.2554115762508	994.2554126705062
primary	RE:CAKI-1	magnitude_g1.25	magnitude_g1.00	4.531134290697894e-06	0	1	1002.2239960109118	1002.2194548199733	1002.2194559221928
primary	RE:CAKI-1	magnitude_g1.25	magnitude_g1.25	1.098833133425247e-09	1	1	1011.8027292558936	1011.8027281440912	1011.802729255894
primary	RE:CAKI-1	magnitude_g1.25	magnitude_g2.00	0.00039576755546218183	0	0	1037.9284250034639	1037.5178091164014	1037.5178102539194
primary	RE:CAKI-1	magnitude_g1.25	ordinal	0.04090208105780428	0	1	791.0545518539554	759.9701895590945	759.9701904190646
primary	RE:CAKI-1	magnitude_g2.00	magnitude_g0.50	0.000940453013814532	0	1	982.7654841144599	981.842107745141	981.8421088269831
primary	RE:CAKI-1	magnitude_g2.00	magnitude_g0.80	0.0005334128409536947	0	1	994.7857601799733	994.2554115762508	994.2554126705062
primary	RE:CAKI-1	magnitude_g2.00	magnitude_g1.00	0.00033573121035087385	0	1	1002.5559311705772	1002.2194548199733	1002.2194559221928
primary	RE:CAKI-1	magnitude_g2.00	magnitude_g1.25	0.00012515294083545388	0	1	1011.9293582310638	1011.8027281440912	1011.802729255894
primary	RE:CAKI-1	magnitude_g2.00	magnitude_g2.00	1.0963831794665409e-09	1	0	1037.5178102539185	1037.5178091164014	1037.5178102539194
primary	RE:CAKI-1	magnitude_g2.00	ordinal	0.046722477617896725	0	1	795.477879731038	759.9701895590945	759.9701904190646
primary	RE:CAKI-1	ordinal	magnitude_g0.50	0.0535283923161615	0	0	1034.3985372810498	981.842107745141	981.8421088269831
primary	RE:CAKI-1	ordinal	magnitude_g0.80	0.059252866995921034	0	0	1053.1678952383531	994.2554115762508	994.2554126705062
primary	RE:CAKI-1	ordinal	magnitude_g1.00	0.06280994553703757	0	0	1065.1688041933753	1002.2194548199733	1002.2194559221928
primary	RE:CAKI-1	ordinal	magnitude_g1.25	0.06692458227382295	0	0	1079.517203068649	1011.8027281440912	1011.802729255894
primary	RE:CAKI-1	ordinal	magnitude_g2.00	0.07757867941861456	0	0	1118.007070620946	1037.5178091164014	1037.5178102539194
primary	RE:CAKI-1	ordinal	ordinal	1.1315841410172735e-09	0	1	759.9701904190647	759.9701895590945	759.9701904190646
primary	RE:RXF 393	magnitude_g0.50	magnitude_g0.50	1.1021748834048445e-09	1	1	978.7033159883367	978.7033149096345	978.7033159883377
primary	RE:RXF 393	magnitude_g0.50	magnitude_g0.80	0.0007386761350998952	0	0	992.0057248703177	991.2734947963546	991.2734958876281
primary	RE:RXF 393	magnitude_g0.50	magnitude_g1.00	0.0012299214360867944	0	0	1000.622430431933	999.3932552442276	999.3932563436208
primary	RE:RXF 393	magnitude_g0.50	magnitude_g1.25	0.0018705507985045979	0	0	1011.0313394905952	1009.1436849648783	1009.143686074022
primary	RE:RXF 393	magnitude_g0.50	magnitude_g2.00	0.004134069901791746	0	0	1039.4869118647225	1035.2072925544578	1035.2072936896652
primary	RE:RXF 393	magnitude_g0.50	ordinal	0.046899761057213586	0	1	778.5582488676664	743.679841975929	743.6798428196088
primary	RE:RXF 393	magnitude_g0.80	magnitude_g0.50	2.8040216236646355e-05	0	1	978.7307579622161	978.7033149096345	978.7033159883377
primary	RE:RXF 393	magnitude_g0.80	magnitude_g0.80	1.100881230420605e-09	0	1	991.273495887629	991.2734947963546	991.2734958876281
primary	RE:RXF 393	magnitude_g0.80	magnitude_g1.00	2.3266845095236938e-05	0	0	999.4165079722866	999.3932552442276	999.3932563436208
primary	RE:RXF 393	magnitude_g0.80	magnitude_g1.25	0.00012539321958862334	0	0	1009.2702247405635	1009.1436849648783	1009.143686074022
primary	RE:RXF 393	magnitude_g0.80	magnitude_g2.00	0.001046404293044292	0	0	1036.2905379095776	1035.2072925544578	1035.2072936896652
primary	RE:RXF 393	magnitude_g0.80	ordinal	0.05979679635848074	0	1	788.1495140424707	743.679841975929	743.6798428196088
primary	RE:RXF 393	magnitude_g1.00	magnitude_g0.50	0.000247133934581638	0	1	978.9451857106362	978.7033149096345	978.7033159883377
primary	RE:RXF 393	magnitude_g1.00	magnitude_g0.80	6.71106626514007e-05	0	1	991.3400198174592	991.2734947963546	991.2734958876281
primary	RE:RXF 393	magnitude_g1.00	magnitude_g1.00	1.1000598762168617e-09	1	1	999.39325634362	999.3932552442276	999.3932563436208
primary	RE:RXF 393	magnitude_g1.00	magnitude_g1.25	7.000228265078233e-07	0	0	1009.144391388493	1009.1436849648783	1009.143686074022
primary	RE:RXF 393	magnitude_g1.00	magnitude_g2.00	0.0006835249328841091	0	0	1035.9148825496222	1035.2072925544578	1035.2072936896652
primary	RE:RXF 393	magnitude_g1.00	ordinal	0.061717746251047076	0	1	789.5780857550182	743.679841975929	743.6798428196088
primary	RE:RXF 393	magnitude_g1.25	magnitude_g0.50	0.00027844994826433696	0	1	978.9758347970372	978.7033149096345	978.7033159883377
primary	RE:RXF 393	magnitude_g1.25	magnitude_g0.80	8.45934909706181e-05	0	1	991.3573500817861	991.2734947963546	991.2734958876281
primary	RE:RXF 393	magnitude_g1.25	magnitude_g1.00	9.027019220404897e-06	0	1	999.4022767863514	999.3932552442276	999.3932563436208
primary	RE:RXF 393	magnitude_g1.25	magnitude_g1.25	1.099094251268037e-09	0	0	1009.1436860740223	1009.1436849648783	1009.143686074022
primary	RE:RXF 393	magnitude_g1.25	magnitude_g2.00	0.0006587500325022508	0	0	1035.8892353920746	1035.2072925544578	1035.2072936896652
primary	RE:RXF 393	magnitude_g1.25	ordinal	0.061961224132145054	0	1	789.7591553471577	743.679841975929	743.6798428196088
primary	RE:RXF 393	magnitude_g2.00	magnitude_g0.50	0.0021925639253256427	0	1	980.849184491502	978.7033149096345	978.7033159883377
primary	RE:RXF 393	magnitude_g2.00	magnitude_g0.80	0.0013766895879474643	0	1	992.638170695449	991.2734947963546	991.2734958876281
primary	RE:RXF 393	magnitude_g2.00	magnitude_g1.00	0.0009166030821356291	0	1	1000.30930218225	999.3932552442276	999.3932563436208
primary	RE:RXF 393	magnitude_g2.00	magnitude_g1.25	0.00046157162049636477	0	1	1009.6094770508612	1009.1436849648783	1009.143686074022
primary	RE:RXF 393	magnitude_g2.00	magnitude_g2.00	1.0966004441080401e-09	0	0	1035.2072936896666	1035.2072925544578	1035.2072936896652
primary	RE:RXF 393	magnitude_g2.00	ordinal	0.07464168112800552	0	1	799.1893556020218	743.679841975929	743.6798428196088
primary	RE:RXF 393	ordinal	magnitude_g0.50	0.059451673451434824	0	0	1036.888864793479	978.7033149096345	978.7033159883377
primary	RE:RXF 393	ordinal	magnitude_g0.80	0.06688266190297926	0	0	1057.5725048022039	991.2734947963546	991.2734958876281
primary	RE:RXF 393	ordinal	magnitude_g1.00	0.07150639609646005	0	0	1070.856265209852	999.3932552442276	999.3932563436208
primary	RE:RXF 393	ordinal	magnitude_g1.25	0.07693961522528889	0	0	1086.7868117931062	1009.1436849648783	1009.143686074022
primary	RE:RXF 393	ordinal	magnitude_g2.00	0.09126577009836367	0	0	1129.6862833208825	1035.2072925544578	1035.2072936896652
primary	RE:RXF 393	ordinal	ordinal	1.134465033201646e-09	1	0	743.6798428196078	743.679841975929	743.6798428196088
primary	RE:SN12C	magnitude_g0.50	magnitude_g0.50	1.1020450576452824e-09	0	1	979.9703916275021	979.9703905475305	979.9703916275009
primary	RE:SN12C	magnitude_g0.50	magnitude_g0.80	0.00010278064622899585	0	0	992.8304539182335	992.7284206496292	992.7284217423577
primary	RE:SN12C	magnitude_g0.50	magnitude_g1.00	0.0002793674412378053	0	0	1001.141805716937	1000.8621974058161	1000.8621985066783
primary	RE:SN12C	magnitude_g0.50	magnitude_g1.25	0.0005475990620302423	0	0	1011.1632846493992	1010.609875629426	1010.6098767400358
primary	RE:SN12C	magnitude_g0.50	magnitude_g2.00	0.0015636712529065152	0	0	1038.4585780238808	1036.8373053355865	1036.837306472424
primary	RE:SN12C	magnitude_g0.50	ordinal	0.052037916041716224	0	1	799.9213474228172	760.3541043772591	760.3541052376131
primary	RE:SN12C	magnitude_g0.80	magnitude_g0.50	0.0001867425922527258	0	1	980.1533927585923	979.9703905475305	979.9703916275009
primary	RE:SN12C	magnitude_g0.80	magnitude_g0.80	1.1007321594697796e-09	1	1	992.7284217423573	992.7284206496292	992.7284217423577
primary	RE:SN12C	magnitude_g0.80	magnitude_g1.00	0.0	1	0	1000.8621980834847	1000.8621974058161	1000.8621985066783
primary	RE:SN12C	magnitude_g0.80	magnitude_g1.25	6.543317504962125e-05	0	0	1010.676003042325	1010.609875629426	1010.6098767400358
primary	RE:SN12C	magnitude_g0.80	magnitude_g2.00	0.0005808606753114468	0	0	1037.4395633529518	1036.8373053355865	1036.837306472424
primary	RE:SN12C	magnitude_g0.80	ordinal	0.05671113487087636	0	1	803.4746485402222	760.3541043772591	760.3541052376131
primary	RE:SN12C	magnitude_g1.00	magnitude_g0.50	0.00018674407062314313	0	1	980.1533942073515	979.9703905475305	979.9703916275009
primary	RE:SN12C	magnitude_g1.00	magnitude_g0.80	1.9182435508578596e-09	0	1	992.7284225539241	992.7284206496292	992.7284217423577
primary	RE:SN12C	magnitude_g1.00	magnitude_g1.00	1.0999139348395944e-09	0	0	1000.8621985066784	1000.8621974058161	1000.8621985066783
primary	RE:SN12C	magnitude_g1.00	magnitude_g1.25	6.543315316764995e-05	0	0	1010.6760030202108	1010.609875629426	1010.6098767400358
primary	RE:SN12C	magnitude_g1.00	magnitude_g2.00	0.0005808596021329355	0	0	1037.4395622402403	1036.8373053355865	1036.837306472424
primary	RE:SN12C	magnitude_g1.00	ordinal	0.0567111417974563	0	1	803.4746538068757	760.3541043772591	760.3541052376131
primary	RE:SN12C	magnitude_g1.25	magnitude_g0.50	0.00046107747764816885	0	1	980.4222328233741	979.9703905475305	979.9703916275009
primary	RE:SN12C	magnitude_g1.25	magnitude_g0.80	0.00012500916565270673	0	1	992.8525208012144	992.7284206496292	992.7284217423577
primary	RE:SN12C	magnitude_g1.25	magnitude_g1.00	3.558767083374974e-05	0	1	1000.8978157602473	1000.8621974058161	1000.8621985066783
primary	RE:SN12C	magnitude_g1.25	magnitude_g1.25	1.098950513720963e-09	0	1	1010.6098767400363	1010.609875629426	1010.6098767400358
primary	RE:SN12C	magnitude_g1.25	magnitude_g2.00	0.0002747069125561447	0	0	1037.1221317105583	1036.8373053355865	1036.837306472424
primary	RE:SN12C	magnitude_g1.25	ordinal	0.05865350575266976	0	1	804.9515382124167	760.3541043772591	760.3541052376131
primary	RE:SN12C	magnitude_g2.00	magnitude_g0.50	0.0017143629871259124	0	1	981.6504155135646	979.9703905475305	979.9703916275009
primary	RE:SN12C	magnitude_g2.00	magnitude_g0.80	0.0010085624186664637	0	1	993.7296492266386	992.7284206496292	992.7284217423577
primary	RE:SN12C	magnitude_g2.00	magnitude_g1.00	0.0006906448737384075	0	1	1001.553437751773	1000.8621974058161	1000.8621985066783
primary	RE:SN12C	magnitude_g2.00	magnitude_g1.25	0.0003900593630096346	0	1	1011.0040734737653	1010.609875629426	1010.6098767400358
primary	RE:SN12C	magnitude_g2.00	magnitude_g2.00	1.0964479486483882e-09	0	1	1036.8373064724246	1036.8373053355865	1036.837306472424
primary	RE:SN12C	magnitude_g2.00	ordinal	0.06584781051630852	0	1	810.4217573675903	760.3541043772591	760.3541052376131
primary	RE:SN12C	ordinal	magnitude_g0.50	0.04774613649935325	0	0	1026.7601905799374	979.9703905475305	979.9703916275009
primary	RE:SN12C	ordinal	magnitude_g0.80	0.05344971542585141	0	0	1045.7894722285068	992.7284206496292	992.7284217423577
primary	RE:SN12C	ordinal	magnitude_g1.00	0.05709850698013197	0	0	1058.0099345705423	1000.8621974058161	1000.8621985066783
primary	RE:SN12C	ordinal	magnitude_g1.25	0.061406640208253496	0	0	1072.66803265311	1010.609875629426	1010.6098767400358
primary	RE:SN12C	ordinal	magnitude_g2.00	0.07266807553359067	0	0	1112.1822769557575	1036.8373053355865	1036.837306472424
primary	RE:SN12C	ordinal	ordinal	1.1315181580654505e-09	0	0	760.3541052376136	760.3541043772591	760.3541052376131
primary	RE:TK-10	magnitude_g0.50	magnitude_g0.50	1.1006500502206313e-09	0	1	993.5451395984694	993.5451385049239	993.545139598469
primary	RE:TK-10	magnitude_g0.50	magnitude_g0.80	0.0	1	0	1005.111766665377	1005.1117662928713	1005.111767397983
primary	RE:TK-10	magnitude_g0.50	magnitude_g1.00	3.125920798770453e-05	0	0	1012.5667901665892	1012.5351391200805	1012.5351402326156
primary	RE:TK-10	magnitude_g0.50	magnitude_g1.25	0.00014240837957873748	0	0	1021.5409861978778	1021.3955309154112	1021.3955320368067
primary	RE:TK-10	magnitude_g0.50	magnitude_g2.00	0.000957152439587493	0	0	1045.9585176818034	1044.9583332638526	1044.958334408811
primary	RE:TK-10	magnitude_g0.50	ordinal	0.041577293388473435	0	1	802.8988167275149	770.8490016285912	770.8490024994402
primary	RE:TK-10	magnitude_g0.80	magnitude_g0.50	3.731796517596647e-09	0	1	993.5451422126322	993.5451385049239	993.545139598469
primary	RE:TK-10	magnitude_g0.80	magnitude_g0.80	1.099491321723502e-09	1	0	1005.1117673979829	1005.1117662928713	1005.111767397983
primary	RE:TK-10	magnitude_g0.80	magnitude_g1.00	3.1258766070021754e-05	0	0	1012.566789719132	1012.5351391200805	1012.5351402326156
primary	RE:TK-10	magnitude_g0.80	magnitude_g1.25	0.00014240658140550223	0	0	1021.5409843612317	1021.3955309154112	1021.3955320368067
primary	RE:TK-10	magnitude_g0.80	magnitude_g2.00	0.0009571472217449824	0	0	1045.9585122293754	1044.9583332638526	1044.958334408811
primary	RE:TK-10	magnitude_g0.80	ordinal	0.041577340617473896	0	1	802.8988531339428	770.8490016285912	770.8490024994402
primary	RE:TK-10	magnitude_g1.00	magnitude_g0.50	0.00021069236174535314	0	1	993.7544708766561	993.5451385049239	993.545139598469
primary	RE:TK-10	magnitude_g1.00	magnitude_g0.80	6.097285879214222e-05	0	1	1005.1730508306678	1005.1117662928713	1005.111767397983
primary	RE:TK-10	magnitude_g1.00	magnitude_g1.00	1.098761603227133e-09	1	0	1012.5351402326153	1012.5351391200805	1012.5351402326156
primary	RE:TK-10	magnitude_g1.00	magnitude_g1.25	4.234133319430577e-06	0	0	1021.399855640261	1021.3955309154112	1021.3955320368067
primary	RE:TK-10	magnitude_g1.00	magnitude_g2.00	0.00054903090322392	0	0	1045.5320476813959	1044.9583332638526	1044.958334408811
primary	RE:TK-10	magnitude_g1.00	ordinal	0.045295585842992044	0	1	805.7650587538437	770.8490016285912	770.8490024994402
primary	RE:TK-10	magnitude_g1.25	magnitude_g0.50	0.0002257920556495502	0	1	993.7694731041275	993.5451385049239	993.545139598469
primary	RE:TK-10	magnitude_g1.25	magnitude_g0.80	6.723214550459028e-05	0	1	1005.179342113391	1005.1117662928713	1005.111767397983
primary	RE:TK-10	magnitude_g1.25	magnitude_g1.00	1.2227797163956443e-06	0	1	1012.5363772275108	1012.5351391200805	1012.5351402326156
primary	RE:TK-10	magnitude_g1.25	magnitude_g1.25	1.097906555506883e-09	0	0	1021.395532036808	1021.3955309154112	1021.3955320368067
primary	RE:TK-10	magnitude_g1.25	magnitude_g2.00	0.0005328711154131558	0	0	1045.5151613764592	1044.9583332638526	1044.958334408811
primary	RE:TK-10	magnitude_g1.25	ordinal	0.045369714530796336	0	1	805.8222007788297	770.8490016285912	770.8490024994402
primary	RE:TK-10	magnitude_g2.00	magnitude_g0.50	0.0012024559436051828	0	1	994.7398327619592	993.5451385049239	993.545139598469
primary	RE:TK-10	magnitude_g2.00	magnitude_g0.80	0.0006952298535885398	0	1	1005.8105499989912	1005.1117662928713	1005.111767397983
primary	RE:TK-10	magnitude_g2.00	magnitude_g1.00	0.000409165926510825	0	1	1012.9494339984034	1012.5351391200805	1012.5351402326156
primary	RE:TK-10	magnitude_g2.00	magnitude_g1.25	0.00014788955079412912	0	1	1021.5465846416614	1021.3955309154112	1021.3955320368067
primary	RE:TK-10	magnitude_g2.00	magnitude_g2.00	1.0956989005047536e-09	0	0	1044.9583344088123	1044.9583332638526	1044.958334408811
primary	RE:TK-10	magnitude_g2.00	ordinal	0.05592960781831636	0	1	813.962283976819	770.8490016285912	770.8490024994402
primary	RE:TK-10	ordinal	magnitude_g0.50	0.05769496567968803	0	0	1050.8676911721864	993.5451385049239	993.545139598469
primary	RE:TK-10	ordinal	magnitude_g0.80	0.06318736725576933	0	0	1068.622132602714	1005.1117662928713	1005.111767397983
primary	RE:TK-10	ordinal	magnitude_g1.00	0.06660839457169475	0	0	1079.9784791842967	1012.5351391200805	1012.5351402326156
primary	RE:TK-10	ordinal	magnitude_g1.25	0.0706519593025688	0	0	1093.5591263974725	1021.3955309154112	1021.3955320368067
primary	RE:TK-10	ordinal	magnitude_g2.00	0.0813753453687382	0	0	1129.9921785291397	1044.9583332638526	1044.958334408811
primary	RE:TK-10	ordinal	ordinal	1.129727265893003e-09	0	1	770.8490024994403	770.8490016285912	770.8490024994402
