metabolite_id	exchange_id	context_i	context_j	origin_i	origin_j	truth
core_001	EX_2pg_e	BR:HS 578T	BR:MDA-MB-231	BR:HS 578T	BR:MDA-MB-231	1
core_001	EX_2pg_e	BR:HS 578T	CO:HT29	BR:HS 578T	CO:HT29	1
core_001	EX_2pg_e	BR:HS 578T	LC:HOP-62	BR:HS 578T	LC:HOP-62	1
core_001	EX_2pg_e	BR:HS 578T	LC:HOP-92	BR:HS 578T	LC:HOP-92	1
core_001	EX_2pg_e	BR:HS 578T	LC:NCI-H226	BR:HS 578T	LC:NCI-H226	1
core_001	EX_2pg_e	BR:HS 578T	LE:RPMI-8226	BR:HS 578T	LE:RPMI-8226	1
core_001	EX_2pg_e	BR:HS 578T	LE:SR	BR:HS 578T	LE:SR	1
core_001	EX_2pg_e	BR:HS 578T	ME:MALME-3M	BR:HS 578T	ME:MALME-3M	1
core_001	EX_2pg_e	BR:HS 578T	RE:786-0	BR:HS 578T	RE:786-0	1
core_001	EX_2pg_e	BR:HS 578T	RE:UO-31	BR:HS 578T	RE:UO-31	1
core_001	EX_2pg_e	BR:MDA-MB-231	CO:HT29	BR:MDA-MB-231	CO:HT29	1
core_001	EX_2pg_e	BR:MDA-MB-231	LC:HOP-92	BR:MDA-MB-231	LC:HOP-92	-1
core_001	EX_2pg_e	CO:HT29	LC:HOP-92	CO:HT29	LC:HOP-92	-1
core_001	EX_2pg_e	CO:HT29	LC:NCI-H226	CO:HT29	LC:NCI-H226	-1
core_001	EX_2pg_e	CO:HT29	LE:RPMI-8226	CO:HT29	LE:RPMI-8226	-1
core_001	EX_2pg_e	CO:HT29	LE:SR	CO:HT29	LE:SR	-1
core_001	EX_2pg_e	LC:HOP-62	LC:HOP-92	LC:HOP-62	LC:HOP-92	-1
core_001	EX_2pg_e	LC:HOP-62	LE:SR	LC:HOP-62	LE:SR	-1
core_001	EX_2pg_e	LC:HOP-92	LC:NCI-H226	LC:HOP-92	LC:NCI-H226	1
core_001	EX_2pg_e	LC:HOP-92	LE:RPMI-8226	LC:HOP-92	LE:RPMI-8226	1
core_001	EX_2pg_e	LC:HOP-92	LE:SR	LC:HOP-92	LE:SR	1
core_001	EX_2pg_e	LC:HOP-92	ME:MALME-3M	LC:HOP-92	ME:MALME-3M	1
core_001	EX_2pg_e	LC:HOP-92	RE:786-0	LC:HOP-92	RE:786-0	1
core_001	EX_2pg_e	LC:HOP-92	RE:UO-31	LC:HOP-92	RE:UO-31	1
core_001	EX_2pg_e	LC:NCI-H226	RE:786-0	LC:NCI-H226	RE:786-0	1
core_001	EX_2pg_e	LE:RPMI-8226	RE:786-0	LE:RPMI-8226	RE:786-0	1
core_001	EX_2pg_e	LE:SR	RE:786-0	LE:SR	RE:786-0	1
core_002	EX_34hpp_e	BR:HS 578T	CO:HT29	BR:HS 578T	CO:HT29	-1
core_002	EX_34hpp_e	BR:MDA-MB-231	CO:HT29	BR:MDA-MB-231	CO:HT29	-1
core_002	EX_34hpp_e	BR:MDA-MB-231	LE:RPMI-8226	BR:MDA-MB-231	LE:RPMI-8226	-1
core_002	EX_34hpp_e	BR:MDA-MB-231	ME:MALME-3M	BR:MDA-MB-231	ME:MALME-3M	-1
core_002	EX_34hpp_e	BR:MDA-MB-231	RE:UO-31	BR:MDA-MB-231	RE:UO-31	-1
core_002	EX_34hpp_e	CO:HT29	LC:HOP-62	CO:HT29	LC:HOP-62	1
core_002	EX_34hpp_e	CO:HT29	LC:HOP-92	CO:HT29	LC:HOP-92	1
core_002	EX_34hpp_e	CO:HT29	LC:NCI-H226	CO:HT29	LC:NCI-H226	1
core_002	EX_34hpp_e	CO:HT29	LE:RPMI-8226	CO:HT29	LE:RPMI-8226	1
core_002	EX_34hpp_e	CO:HT29	LE:SR	CO:HT29	LE:SR	1
core_002	EX_34hpp_e	CO:HT29	ME:MALME-3M	CO:HT29	ME:MALME-3M	1
core_002	EX_34hpp_e	CO:HT29	RE:786-0	CO:HT29	RE:786-0	1
core_002	EX_34hpp_e	CO:HT29	RE:UO-31	CO:HT29	RE:UO-31	1
core_002	EX_34hpp_e	LC:HOP-62	ME:MALME-3M	LC:HOP-62	ME:MALME-3M	-1
core_002	EX_34hpp_e	LC:HOP-62	RE:UO-31	LC:HOP-62	RE:UO-31	-1
core_002	EX_34hpp_e	LC:HOP-92	LE:RPMI-8226	LC:HOP-92	LE:RPMI-8226	-1
core_002	EX_34hpp_e	LC:HOP-92	ME:MALME-3M	LC:HOP-92	ME:MALME-3M	-1
core_002	EX_34hpp_e	LC:HOP-92	RE:UO-31	LC:HOP-92	RE:UO-31	-1
core_002	EX_34hpp_e	LC:NCI-H226	ME:MALME-3M	LC:NCI-H226	ME:MALME-3M	-1
core_002	EX_34hpp_e	LC:NCI-H226	RE:UO-31	LC:NCI-H226	RE:UO-31	-1
core_002	EX_34hpp_e	LE:RPMI-8226	LE:SR	LE:RPMI-8226	LE:SR	1
core_002	EX_34hpp_e	LE:SR	ME:MALME-3M	LE:SR	ME:MALME-3M	-1
core_002	EX_34hpp_e	LE:SR	RE:UO-31	LE:SR	RE:UO-31	-1
core_004	EX_3hanthrn_e	BR:HS 578T	LC:HOP-62	BR:HS 578T	LC:HOP-62	-1
core_004	EX_3hanthrn_e	BR:HS 578T	LC:NCI-H226	BR:HS 578T	LC:NCI-H226	-1
core_004	EX_3hanthrn_e	BR:HS 578T	LE:RPMI-8226	BR:HS 578T	LE:RPMI-8226	-1
core_004	EX_3hanthrn_e	BR:MDA-MB-231	LC:HOP-92	BR:MDA-MB-231	LC:HOP-92	1
core_004	EX_3hanthrn_e	CO:HT29	LC:NCI-H226	CO:HT29	LC:NCI-H226	-1
core_004	EX_3hanthrn_e	CO:HT29	LE:RPMI-8226	CO:HT29	LE:RPMI-8226	-1
core_004	EX_3hanthrn_e	LC:HOP-62	LC:HOP-92	LC:HOP-62	LC:HOP-92	1
core_004	EX_3hanthrn_e	LC:HOP-92	LC:NCI-H226	LC:HOP-92	LC:NCI-H226	-1
core_004	EX_3hanthrn_e	LC:HOP-92	LE:RPMI-8226	LC:HOP-92	LE:RPMI-8226	-1
core_004	EX_3hanthrn_e	LC:NCI-H226	ME:MALME-3M	LC:NCI-H226	ME:MALME-3M	1
core_004	EX_3hanthrn_e	LC:NCI-H226	RE:UO-31	LC:NCI-H226	RE:UO-31	1
core_004	EX_3hanthrn_e	LE:RPMI-8226	ME:MALME-3M	LE:RPMI-8226	ME:MALME-3M	1
core_004	EX_3hanthrn_e	LE:RPMI-8226	RE:UO-31	LE:RPMI-8226	RE:UO-31	1
core_005	EX_3pg_e	BR:HS 578T	CO:HT29	BR:HS 578T	CO:HT29	1
core_005	EX_3pg_e	BR:HS 578T	LC:HOP-62	BR:HS 578T	LC:HOP-62	1
core_005	EX_3pg_e	BR:HS 578T	LC:NCI-H226	BR:HS 578T	LC:NCI-H226	1
core_005	EX_3pg_e	BR:HS 578T	LE:RPMI-8226	BR:HS 578T	LE:RPMI-8226	1
core_005	EX_3pg_e	BR:HS 578T	LE:SR	BR:HS 578T	LE:SR	1
core_005	EX_3pg_e	BR:HS 578T	RE:786-0	BR:HS 578T	RE:786-0	1
core_005	EX_3pg_e	BR:HS 578T	RE:UO-31	BR:HS 578T	RE:UO-31	1
core_006	EX_4abut_e	BR:HS 578T	BR:MDA-MB-231	BR:HS 578T	BR:MDA-MB-231	1
core_006	EX_4abut_e	BR:HS 578T	CO:HT29	BR:HS 578T	CO:HT29	-1
core_006	EX_4abut_e	BR:HS 578T	LC:HOP-62	BR:HS 578T	LC:HOP-62	1
core_006	EX_4abut_e	BR:HS 578T	LC:HOP-92	BR:HS 578T	LC:HOP-92	1
core_006	EX_4abut_e	BR:HS 578T	LC:NCI-H226	BR:HS 578T	LC:NCI-H226	1
core_006	EX_4abut_e	BR:HS 578T	LE:RPMI-8226	BR:HS 578T	LE:RPMI-8226	1
core_006	EX_4abut_e	BR:HS 578T	LE:SR	BR:HS 578T	LE:SR	1
core_006	EX_4abut_e	BR:HS 578T	ME:MALME-3M	BR:HS 578T	ME:MALME-3M	1
core_006	EX_4abut_e	BR:HS 578T	RE:786-0	BR:HS 578T	RE:786-0	1
core_006	EX_4abut_e	BR:HS 578T	RE:UO-31	BR:HS 578T	RE:UO-31	1
core_006	EX_4abut_e	BR:MDA-MB-231	CO:HT29	BR:MDA-MB-231	CO:HT29	-1
core_006	EX_4abut_e	BR:MDA-MB-231	LC:HOP-62	BR:MDA-MB-231	LC:HOP-62	-1
core_006	EX_4abut_e	BR:MDA-MB-231	LC:HOP-92	BR:MDA-MB-231	LC:HOP-92	-1
core_006	EX_4abut_e	BR:MDA-MB-231	LC:NCI-H226	BR:MDA-MB-231	LC:NCI-H226	-1
core_006	EX_4abut_e	BR:MDA-MB-231	LE:RPMI-8226	BR:MDA-MB-231	LE:RPMI-8226	-1
core_006	EX_4abut_e	BR:MDA-MB-231	ME:MALME-3M	BR:MDA-MB-231	ME:MALME-3M	-1
core_006	EX_4abut_e	CO:HT29	LC:HOP-62	CO:HT29	LC:HOP-62	1
core_006	EX_4abut_e	CO:HT29	LC:HOP-92	CO:HT29	LC:HOP-92	1
core_006	EX_4abut_e	CO:HT29	LC:NCI-H226	CO:HT29	LC:NCI-H226	1
core_006	EX_4abut_e	CO:HT29	LE:RPMI-8226	CO:HT29	LE:RPMI-8226	1
core_006	EX_4abut_e	CO:HT29	LE:SR	CO:HT29	LE:SR	1
core_006	EX_4abut_e	CO:HT29	ME:MALME-3M	CO:HT29	ME:MALME-3M	1
core_006	EX_4abut_e	CO:HT29	RE:786-0	CO:HT29	RE:786-0	1
core_006	EX_4abut_e	CO:HT29	RE:UO-31	CO:HT29	RE:UO-31	1
core_006	EX_4abut_e	LC:HOP-62	LC:HOP-92	LC:HOP-62	LC:HOP-92	-1
core_006	EX_4abut_e	LC:HOP-62	LC:NCI-H226	LC:HOP-62	LC:NCI-H226	1
core_006	EX_4abut_e	LC:HOP-62	LE:SR	LC:HOP-62	LE:SR	1
core_006	EX_4abut_e	LC:HOP-62	ME:MALME-3M	LC:HOP-62	ME:MALME-3M	1
core_006	EX_4abut_e	LC:HOP-62	RE:786-0	LC:HOP-62	RE:786-0	1
core_006	EX_4abut_e	LC:HOP-62	RE:UO-31	LC:HOP-62	RE:UO-31	1
core_006	EX_4abut_e	LC:HOP-92	LC:NCI-H226	LC:HOP-92	LC:NCI-H226	1
core_006	EX_4abut_e	LC:HOP-92	LE:RPMI-8226	LC:HOP-92	LE:RPMI-8226	1
core_006	EX_4abut_e	LC:HOP-92	LE:SR	LC:HOP-92	LE:SR	1
core_006	EX_4abut_e	LC:HOP-92	ME:MALME-3M	LC:HOP-92	ME:MALME-3M	1
core_006	EX_4abut_e	LC:HOP-92	RE:786-0	LC:HOP-92	RE:786-0	1
core_006	EX_4abut_e	LC:HOP-92	RE:UO-31	LC:HOP-92	RE:UO-31	1
core_006	EX_4abut_e	LC:NCI-H226	LE:SR	LC:NCI-H226	LE:SR	1
core_006	EX_4abut_e	LC:NCI-H226	RE:786-0	LC:NCI-H226	RE:786-0	1
core_006	EX_4abut_e	LC:NCI-H226	RE:UO-31	LC:NCI-H226	RE:UO-31	1
core_006	EX_4abut_e	LE:RPMI-8226	LE:SR	LE:RPMI-8226	LE:SR	1
core_006	EX_4abut_e	LE:RPMI-8226	RE:786-0	LE:RPMI-8226	RE:786-0	1
core_006	EX_4abut_e	LE:RPMI-8226	RE:UO-31	LE:RPMI-8226	RE:UO-31	1
core_006	EX_4abut_e	LE:SR	ME:MALME-3M	LE:SR	ME:MALME-3M	-1
core_006	EX_4abut_e	ME:MALME-3M	RE:786-0	ME:MALME-3M	RE:786-0	1
core_006	EX_4abut_e	ME:MALME-3M	RE:UO-31	ME:MALME-3M	RE:UO-31	1
core_007	EX_4hbz_e	BR:HS 578T	CO:HT29	BR:HS 578T	CO:HT29	-1
core_007	EX_4hbz_e	BR:HS 578T	ME:MALME-3M	BR:HS 578T	ME:MALME-3M	-1
core_007	EX_4hbz_e	BR:HS 578T	RE:786-0	BR:HS 578T	RE:786-0	-1
core_007	EX_4hbz_e	BR:MDA-MB-231	CO:HT29	BR:MDA-MB-231	CO:HT29	-1
core_007	EX_4hbz_e	BR:MDA-MB-231	LC:HOP-92	BR:MDA-MB-231	LC:HOP-92	1
core_007	EX_4hbz_e	BR:MDA-MB-231	RE:786-0	BR:MDA-MB-231	RE:786-0	-1
core_007	EX_4hbz_e	CO:HT29	LC:HOP-62	CO:HT29	LC:HOP-62	1
core_007	EX_4hbz_e	CO:HT29	LC:HOP-92	CO:HT29	LC:HOP-92	1
core_007	EX_4hbz_e	CO:HT29	LC:NCI-H226	CO:HT29	LC:NCI-H226	1
core_007	EX_4hbz_e	CO:HT29	LE:RPMI-8226	CO:HT29	LE:RPMI-8226	1
core_007	EX_4hbz_e	CO:HT29	LE:SR	CO:HT29	LE:SR	1
core_007	EX_4hbz_e	CO:HT29	ME:MALME-3M	CO:HT29	ME:MALME-3M	1
core_007	EX_4hbz_e	CO:HT29	RE:786-0	CO:HT29	RE:786-0	1
core_007	EX_4hbz_e	CO:HT29	RE:UO-31	CO:HT29	RE:UO-31	1
core_007	EX_4hbz_e	LC:HOP-62	ME:MALME-3M	LC:HOP-62	ME:MALME-3M	-1
core_007	EX_4hbz_e	LC:HOP-62	RE:786-0	LC:HOP-62	RE:786-0	-1
core_007	EX_4hbz_e	LC:HOP-92	LC:NCI-H226	LC:HOP-92	LC:NCI-H226	-1
core_007	EX_4hbz_e	LC:HOP-92	ME:MALME-3M	LC:HOP-92	ME:MALME-3M	-1
core_007	EX_4hbz_e	LC:HOP-92	RE:786-0	LC:HOP-92	RE:786-0	-1
core_007	EX_4hbz_e	LC:NCI-H226	RE:786-0	LC:NCI-H226	RE:786-0	-1
core_007	EX_4hbz_e	LC:NCI-H226	RE:UO-31	LC:NCI-H226	RE:UO-31	1
core_007	EX_4hbz_e	LE:RPMI-8226	ME:MALME-3M	LE:RPMI-8226	ME:MALME-3M	-1
core_007	EX_4hbz_e	LE:RPMI-8226	RE:786-0	LE:RPMI-8226	RE:786-0	-1
core_007	EX_4hbz_e	LE:SR	ME:MALME-3M	LE:SR	ME:MALME-3M	-1
core_007	EX_4hbz_e	LE:SR	RE:786-0	LE:SR	RE:786-0	-1
core_007	EX_4hbz_e	ME:MALME-3M	RE:UO-31	ME:MALME-3M	RE:UO-31	1
core_007	EX_4hbz_e	RE:786-0	RE:UO-31	RE:786-0	RE:UO-31	1
core_011	EX_acac_e	BR:HS 578T	BR:MDA-MB-231	BR:HS 578T	BR:MDA-MB-231	-1
core_011	EX_acac_e	BR:HS 578T	LC:HOP-62	BR:HS 578T	LC:HOP-62	-1
core_011	EX_acac_e	BR:HS 578T	LC:NCI-H226	BR:HS 578T	LC:NCI-H226	-1
core_011	EX_acac_e	BR:HS 578T	LE:RPMI-8226	BR:HS 578T	LE:RPMI-8226	-1
core_011	EX_acac_e	BR:MDA-MB-231	CO:HT29	BR:MDA-MB-231	CO:HT29	1
core_011	EX_acac_e	BR:MDA-MB-231	LC:HOP-92	BR:MDA-MB-231	LC:HOP-92	1
core_011	EX_acac_e	BR:MDA-MB-231	LC:NCI-H226	BR:MDA-MB-231	LC:NCI-H226	-1
core_011	EX_acac_e	BR:MDA-MB-231	LE:RPMI-8226	BR:MDA-MB-231	LE:RPMI-8226	-1
core_011	EX_acac_e	BR:MDA-MB-231	LE:SR	BR:MDA-MB-231	LE:SR	1
core_011	EX_acac_e	BR:MDA-MB-231	ME:MALME-3M	BR:MDA-MB-231	ME:MALME-3M	1
core_011	EX_acac_e	BR:MDA-MB-231	RE:786-0	BR:MDA-MB-231	RE:786-0	1
core_011	EX_acac_e	BR:MDA-MB-231	RE:UO-31	BR:MDA-MB-231	RE:UO-31	1
core_011	EX_acac_e	CO:HT29	LC:HOP-62	CO:HT29	LC:HOP-62	-1
core_011	EX_acac_e	CO:HT29	LC:NCI-H226	CO:HT29	LC:NCI-H226	-1
core_011	EX_acac_e	CO:HT29	LE:RPMI-8226	CO:HT29	LE:RPMI-8226	-1
core_011	EX_acac_e	CO:HT29	RE:UO-31	CO:HT29	RE:UO-31	1
core_011	EX_acac_e	LC:HOP-62	LC:HOP-92	LC:HOP-62	LC:HOP-92	1
core_011	EX_acac_e	LC:HOP-62	LC:NCI-H226	LC:HOP-62	LC:NCI-H226	-1
core_011	EX_acac_e	LC:HOP-62	LE:RPMI-8226	LC:HOP-62	LE:RPMI-8226	-1
core_011	EX_acac_e	LC:HOP-62	LE:SR	LC:HOP-62	LE:SR	1
core_011	EX_acac_e	LC:HOP-62	ME:MALME-3M	LC:HOP-62	ME:MALME-3M	1
core_011	EX_acac_e	LC:HOP-62	RE:786-0	LC:HOP-62	RE:786-0	1
core_011	EX_acac_e	LC:HOP-62	RE:UO-31	LC:HOP-62	RE:UO-31	1
core_011	EX_acac_e	LC:HOP-92	LC:NCI-H226	LC:HOP-92	LC:NCI-H226	-1
core_011	EX_acac_e	LC:HOP-92	LE:RPMI-8226	LC:HOP-92	LE:RPMI-8226	-1
core_011	EX_acac_e	LC:NCI-H226	LE:RPMI-8226	LC:NCI-H226	LE:RPMI-8226	1
core_011	EX_acac_e	LC:NCI-H226	LE:SR	LC:NCI-H226	LE:SR	1
core_011	EX_acac_e	LC:NCI-H226	ME:MALME-3M	LC:NCI-H226	ME:MALME-3M	1
core_011	EX_acac_e	LC:NCI-H226	RE:786-0	LC:NCI-H226	RE:786-0	1
core_011	EX_acac_e	LC:NCI-H226	RE:UO-31	LC:NCI-H226	RE:UO-31	1
core_011	EX_acac_e	LE:RPMI-8226	LE:SR	LE:RPMI-8226	LE:SR	1
core_011	EX_acac_e	LE:RPMI-8226	ME:MALME-3M	LE:RPMI-8226	ME:MALME-3M	1
core_011	EX_acac_e	LE:RPMI-8226	RE:786-0	LE:RPMI-8226	RE:786-0	1
core_011	EX_acac_e	LE:RPMI-8226	RE:UO-31	LE:RPMI-8226	RE:UO-31	1
core_012	EX_ade_e	BR:HS 578T	BR:MDA-MB-231	BR:HS 578T	BR:MDA-MB-231	-1
core_012	EX_ade_e	BR:HS 578T	CO:HT29	BR:HS 578T	CO:HT29	-1
core_012	EX_ade_e	BR:HS 578T	LC:HOP-62	BR:HS 578T	LC:HOP-62	-1
core_012	EX_ade_e	BR:HS 578T	LE:SR	BR:HS 578T	LE:SR	-1
core_012	EX_ade_e	BR:HS 578T	ME:MALME-3M	BR:HS 578T	ME:MALME-3M	-1
core_012	EX_ade_e	BR:HS 578T	RE:786-0	BR:HS 578T	RE:786-0	-1
core_012	EX_ade_e	BR:MDA-MB-231	LC:HOP-92	BR:MDA-MB-231	LC:HOP-92	1
core_012	EX_ade_e	BR:MDA-MB-231	LC:NCI-H226	BR:MDA-MB-231	LC:NCI-H226	1
core_012	EX_ade_e	BR:MDA-MB-231	LE:RPMI-8226	BR:MDA-MB-231	LE:RPMI-8226	1
core_012	EX_ade_e	BR:MDA-MB-231	LE:SR	BR:MDA-MB-231	LE:SR	-1
core_012	EX_ade_e	BR:MDA-MB-231	RE:UO-31	BR:MDA-MB-231	RE:UO-31	1
core_012	EX_ade_e	CO:HT29	LC:HOP-92	CO:HT29	LC:HOP-92	1
core_012	EX_ade_e	CO:HT29	LC:NCI-H226	CO:HT29	LC:NCI-H226	1
core_012	EX_ade_e	CO:HT29	LE:RPMI-8226	CO:HT29	LE:RPMI-8226	1
core_012	EX_ade_e	CO:HT29	LE:SR	CO:HT29	LE:SR	-1
core_012	EX_ade_e	CO:HT29	RE:UO-31	CO:HT29	RE:UO-31	1
core_012	EX_ade_e	LC:HOP-62	LC:HOP-92	LC:HOP-62	LC:HOP-92	1
core_012	EX_ade_e	LC:HOP-62	LE:SR	LC:HOP-62	LE:SR	-1
core_012	EX_ade_e	LC:HOP-92	LE:SR	LC:HOP-92	LE:SR	-1
core_012	EX_ade_e	LC:HOP-92	ME:MALME-3M	LC:HOP-92	ME:MALME-3M	-1
core_012	EX_ade_e	LC:HOP-92	RE:786-0	LC:HOP-92	RE:786-0	-1
core_012	EX_ade_e	LC:NCI-H226	LE:SR	LC:NCI-H226	LE:SR	-1
core_012	EX_ade_e	LC:NCI-H226	ME:MALME-3M	LC:NCI-H226	ME:MALME-3M	-1
core_012	EX_ade_e	LE:RPMI-8226	LE:SR	LE:RPMI-8226	LE:SR	-1
core_012	EX_ade_e	LE:RPMI-8226	ME:MALME-3M	LE:RPMI-8226	ME:MALME-3M	-1
core_012	EX_ade_e	LE:SR	ME:MALME-3M	LE:SR	ME:MALME-3M	1
core_012	EX_ade_e	LE:SR	RE:786-0	LE:SR	RE:786-0	1
core_012	EX_ade_e	LE:SR	RE:UO-31	LE:SR	RE:UO-31	1
core_012	EX_ade_e	ME:MALME-3M	RE:UO-31	ME:MALME-3M	RE:UO-31	1
core_013	EX_adn_e	BR:HS 578T	BR:MDA-MB-231	BR:HS 578T	BR:MDA-MB-231	-1
core_013	EX_adn_e	BR:HS 578T	ME:MALME-3M	BR:HS 578T	ME:MALME-3M	-1
core_013	EX_adn_e	BR:MDA-MB-231	CO:HT29	BR:MDA-MB-231	CO:HT29	1
core_013	EX_adn_e	BR:MDA-MB-231	LC:HOP-62	BR:MDA-MB-231	LC:HOP-62	1
core_013	EX_adn_e	BR:MDA-MB-231	LC:HOP-92	BR:MDA-MB-231	LC:HOP-92	1
core_013	EX_adn_e	BR:MDA-MB-231	LC:NCI-H226	BR:MDA-MB-231	LC:NCI-H226	1
core_013	EX_adn_e	BR:MDA-MB-231	LE:RPMI-8226	BR:MDA-MB-231	LE:RPMI-8226	1
core_013	EX_adn_e	BR:MDA-MB-231	LE:SR	BR:MDA-MB-231	LE:SR	1
core_013	EX_adn_e	BR:MDA-MB-231	ME:MALME-3M	BR:MDA-MB-231	ME:MALME-3M	1
core_013	EX_adn_e	BR:MDA-MB-231	RE:786-0	BR:MDA-MB-231	RE:786-0	1
core_013	EX_adn_e	BR:MDA-MB-231	RE:UO-31	BR:MDA-MB-231	RE:UO-31	1
core_013	EX_adn_e	CO:HT29	LC:HOP-62	CO:HT29	LC:HOP-62	-1
core_013	EX_adn_e	CO:HT29	LC:HOP-92	CO:HT29	LC:HOP-92	-1
core_013	EX_adn_e	CO:HT29	LE:SR	CO:HT29	LE:SR	-1
core_013	EX_adn_e	CO:HT29	ME:MALME-3M	CO:HT29	ME:MALME-3M	-1
core_013	EX_adn_e	LC:HOP-62	LC:NCI-H226	LC:HOP-62	LC:NCI-H226	1
core_013	EX_adn_e	LC:HOP-62	LE:RPMI-8226	LC:HOP-62	LE:RPMI-8226	1
core_013	EX_adn_e	LC:HOP-62	ME:MALME-3M	LC:HOP-62	ME:MALME-3M	-1
core_013	EX_adn_e	LC:HOP-62	RE:786-0	LC:HOP-62	RE:786-0	1
core_013	EX_adn_e	LC:HOP-62	RE:UO-31	LC:HOP-62	RE:UO-31	1
core_013	EX_adn_e	LC:HOP-92	LC:NCI-H226	LC:HOP-92	LC:NCI-H226	1
core_013	EX_adn_e	LC:HOP-92	LE:RPMI-8226	LC:HOP-92	LE:RPMI-8226	1
core_013	EX_adn_e	LC:HOP-92	ME:MALME-3M	LC:HOP-92	ME:MALME-3M	-1
core_013	EX_adn_e	LC:HOP-92	RE:786-0	LC:HOP-92	RE:786-0	1
core_013	EX_adn_e	LC:HOP-92	RE:UO-31	LC:HOP-92	RE:UO-31	1
core_013	EX_adn_e	LC:NCI-H226	LE:SR	LC:NCI-H226	LE:SR	-1
core_013	EX_adn_e	LC:NCI-H226	ME:MALME-3M	LC:NCI-H226	ME:MALME-3M	-1
core_013	EX_adn_e	LE:RPMI-8226	LE:SR	LE:RPMI-8226	LE:SR	-1
core_013	EX_adn_e	LE:RPMI-8226	ME:MALME-3M	LE:RPMI-8226	ME:MALME-3M	-1
core_013	EX_adn_e	LE:SR	ME:MALME-3M	LE:SR	ME:MALME-3M	-1
core_013	EX_adn_e	LE:SR	RE:786-0	LE:SR	RE:786-0	1
core_013	EX_adn_e	LE:SR	RE:UO-31	LE:SR	RE:UO-31	1
core_013	EX_adn_e	ME:MALME-3M	RE:786-0	ME:MALME-3M	RE:786-0	1
core_013	EX_adn_e	ME:MALME-3M	RE:UO-31	ME:MALME-3M	RE:UO-31	1
core_014	EX_ahcys_e	BR:HS 578T	BR:MDA-MB-231	BR:HS 578T	BR:MDA-MB-231	1
core_014	EX_ahcys_e	BR:HS 578T	CO:HT29	BR:HS 578T	CO:HT29	1
core_014	EX_ahcys_e	BR:HS 578T	LC:HOP-62	BR:HS 578T	LC:HOP-62	1
core_014	EX_ahcys_e	BR:HS 578T	LC:HOP-92	BR:HS 578T	LC:HOP-92	1
core_014	EX_ahcys_e	BR:HS 578T	LE:RPMI-8226	BR:HS 578T	LE:RPMI-8226	-1
core_014	EX_ahcys_e	BR:HS 578T	ME:MALME-3M	BR:HS 578T	ME:MALME-3M	1
core_014	EX_ahcys_e	BR:HS 578T	RE:786-0	BR:HS 578T	RE:786-0	1
core_014	EX_ahcys_e	BR:HS 578T	RE:UO-31	BR:HS 578T	RE:UO-31	1
core_014	EX_ahcys_e	BR:MDA-MB-231	LC:NCI-H226	BR:MDA-MB-231	LC:NCI-H226	-1
core_014	EX_ahcys_e	BR:MDA-MB-231	LE:RPMI-8226	BR:MDA-MB-231	LE:RPMI-8226	-1
core_014	EX_ahcys_e	BR:MDA-MB-231	LE:SR	BR:MDA-MB-231	LE:SR	-1
core_014	EX_ahcys_e	BR:MDA-MB-231	ME:MALME-3M	BR:MDA-MB-231	ME:MALME-3M	1
core_014	EX_ahcys_e	BR:MDA-MB-231	RE:786-0	BR:MDA-MB-231	RE:786-0	1
core_014	EX_ahcys_e	CO:HT29	LC:HOP-92	CO:HT29	LC:HOP-92	-1
core_014	EX_ahcys_e	CO:HT29	LC:NCI-H226	CO:HT29	LC:NCI-H226	-1
core_014	EX_ahcys_e	CO:HT29	LE:RPMI-8226	CO:HT29	LE:RPMI-8226	-1
core_014	EX_ahcys_e	CO:HT29	LE:SR	CO:HT29	LE:SR	-1
core_014	EX_ahcys_e	LC:HOP-62	LC:HOP-92	LC:HOP-62	LC:HOP-92	-1
core_014	EX_ahcys_e	LC:HOP-62	LC:NCI-H226	LC:HOP-62	LC:NCI-H226	-1
core_014	EX_ahcys_e	LC:HOP-62	LE:RPMI-8226	LC:HOP-62	LE:RPMI-8226	-1
core_014	EX_ahcys_e	LC:HOP-62	LE:SR	LC:HOP-62	LE:SR	-1
core_014	EX_ahcys_e	LC:HOP-92	LE:RPMI-8226	LC:HOP-92	LE:RPMI-8226	-1
core_014	EX_ahcys_e	LC:HOP-92	LE:SR	LC:HOP-92	LE:SR	-1
core_014	EX_ahcys_e	LC:HOP-92	ME:MALME-3M	LC:HOP-92	ME:MALME-3M	1
core_014	EX_ahcys_e	LC:HOP-92	RE:786-0	LC:HOP-92	RE:786-0	1
core_014	EX_ahcys_e	LC:HOP-92	RE:UO-31	LC:HOP-92	RE:UO-31	1
core_014	EX_ahcys_e	LC:NCI-H226	LE:RPMI-8226	LC:NCI-H226	LE:RPMI-8226	-1
core_014	EX_ahcys_e	LC:NCI-H226	LE:SR	LC:NCI-H226	LE:SR	-1
core_014	EX_ahcys_e	LC:NCI-H226	ME:MALME-3M	LC:NCI-H226	ME:MALME-3M	1
core_014	EX_ahcys_e	LC:NCI-H226	RE:786-0	LC:NCI-H226	RE:786-0	1
core_014	EX_ahcys_e	LC:NCI-H226	RE:UO-31	LC:NCI-H226	RE:UO-31	1
core_014	EX_ahcys_e	LE:RPMI-8226	LE:SR	LE:RPMI-8226	LE:SR	1
core_014	EX_ahcys_e	LE:RPMI-8226	ME:MALME-3M	LE:RPMI-8226	ME:MALME-3M	1
core_014	EX_ahcys_e	LE:RPMI-8226	RE:786-0	LE:RPMI-8226	RE:786-0	1
core_014	EX_ahcys_e	LE:RPMI-8226	RE:UO-31	LE:RPMI-8226	RE:UO-31	1
core_014	EX_ahcys_e	LE:SR	ME:MALME-3M	LE:SR	ME:MALME-3M	1
core_014	EX_ahcys_e	LE:SR	RE:786-0	LE:SR	RE:786-0	1
core_014	EX_ahcys_e	LE:SR	RE:UO-31	LE:SR	RE:UO-31	1
core_015	EX_akg_e	BR:HS 578T	BR:MDA-MB-231	BR:HS 578T	BR:MDA-MB-231	1
core_015	EX_akg_e	BR:HS 578T	LE:SR	BR:HS 578T	LE:SR	1
core_015	EX_akg_e	BR:HS 578T	RE:UO-31	BR:HS 578T	RE:UO-31	1
core_015	EX_akg_e	BR:MDA-MB-231	CO:HT29	BR:MDA-MB-231	CO:HT29	-1
core_015	EX_akg_e	BR:MDA-MB-231	LC:HOP-62	BR:MDA-MB-231	LC:HOP-62	-1
core_015	EX_akg_e	BR:MDA-MB-231	LC:HOP-92	BR:MDA-MB-231	LC:HOP-92	-1
core_015	EX_akg_e	BR:MDA-MB-231	LC:NCI-H226	BR:MDA-MB-231	LC:NCI-H226	-1
core_015	EX_akg_e	BR:MDA-MB-231	LE:RPMI-8226	BR:MDA-MB-231	LE:RPMI-8226	-1
core_015	EX_akg_e	BR:MDA-MB-231	ME:MALME-3M	BR:MDA-MB-231	ME:MALME-3M	-1
core_015	EX_akg_e	BR:MDA-MB-231	RE:786-0	BR:MDA-MB-231	RE:786-0	-1
core_015	EX_akg_e	CO:HT29	LE:SR	CO:HT29	LE:SR	1
core_015	EX_akg_e	CO:HT29	RE:786-0	CO:HT29	RE:786-0	1
core_015	EX_akg_e	CO:HT29	RE:UO-31	CO:HT29	RE:UO-31	1
core_015	EX_akg_e	LC:HOP-62	RE:UO-31	LC:HOP-62	RE:UO-31	1
core_015	EX_akg_e	LC:NCI-H226	LE:SR	LC:NCI-H226	LE:SR	1
core_015	EX_akg_e	LC:NCI-H226	RE:UO-31	LC:NCI-H226	RE:UO-31	1
core_015	EX_akg_e	LE:RPMI-8226	LE:SR	LE:RPMI-8226	LE:SR	1
core_015	EX_akg_e	LE:RPMI-8226	RE:UO-31	LE:RPMI-8226	RE:UO-31	1
core_015	EX_akg_e	LE:SR	ME:MALME-3M	LE:SR	ME:MALME-3M	-1
core_015	EX_akg_e	ME:MALME-3M	RE:UO-31	ME:MALME-3M	RE:UO-31	1
core_016	EX_ala__L_e	BR:HS 578T	BR:MDA-MB-231	BR:HS 578T	BR:MDA-MB-231	1
core_016	EX_ala__L_e	BR:HS 578T	CO:HT29	BR:HS 578T	CO:HT29	1
core_016	EX_ala__L_e	BR:HS 578T	LC:HOP-62	BR:HS 578T	LC:HOP-62	1
core_016	EX_ala__L_e	BR:HS 578T	LC:HOP-92	BR:HS 578T	LC:HOP-92	1
core_016	EX_ala__L_e	BR:HS 578T	LC:NCI-H226	BR:HS 578T	LC:NCI-H226	1
core_016	EX_ala__L_e	BR:HS 578T	LE:RPMI-8226	BR:HS 578T	LE:RPMI-8226	-1
core_016	EX_ala__L_e	BR:HS 578T	LE:SR	BR:HS 578T	LE:SR	1
core_016	EX_ala__L_e	BR:HS 578T	ME:MALME-3M	BR:HS 578T	ME:MALME-3M	1
core_016	EX_ala__L_e	BR:HS 578T	RE:786-0	BR:HS 578T	RE:786-0	1
core_016	EX_ala__L_e	BR:HS 578T	RE:UO-31	BR:HS 578T	RE:UO-31	1
core_016	EX_ala__L_e	BR:MDA-MB-231	CO:HT29	BR:MDA-MB-231	CO:HT29	-1
core_016	EX_ala__L_e	BR:MDA-MB-231	LC:HOP-62	BR:MDA-MB-231	LC:HOP-62	-1
core_016	EX_ala__L_e	BR:MDA-MB-231	LC:HOP-92	BR:MDA-MB-231	LC:HOP-92	-1
core_016	EX_ala__L_e	BR:MDA-MB-231	LC:NCI-H226	BR:MDA-MB-231	LC:NCI-H226	-1
core_016	EX_ala__L_e	BR:MDA-MB-231	LE:RPMI-8226	BR:MDA-MB-231	LE:RPMI-8226	-1
core_016	EX_ala__L_e	BR:MDA-MB-231	LE:SR	BR:MDA-MB-231	LE:SR	1
core_016	EX_ala__L_e	BR:MDA-MB-231	ME:MALME-3M	BR:MDA-MB-231	ME:MALME-3M	-1
core_016	EX_ala__L_e	BR:MDA-MB-231	RE:786-0	BR:MDA-MB-231	RE:786-0	-1
core_016	EX_ala__L_e	BR:MDA-MB-231	RE:UO-31	BR:MDA-MB-231	RE:UO-31	-1
core_016	EX_ala__L_e	CO:HT29	LC:HOP-62	CO:HT29	LC:HOP-62	1
core_016	EX_ala__L_e	CO:HT29	LC:HOP-92	CO:HT29	LC:HOP-92	-1
core_016	EX_ala__L_e	CO:HT29	LC:NCI-H226	CO:HT29	LC:NCI-H226	1
core_016	EX_ala__L_e	CO:HT29	LE:RPMI-8226	CO:HT29	LE:RPMI-8226	-1
core_016	EX_ala__L_e	CO:HT29	LE:SR	CO:HT29	LE:SR	1
core_016	EX_ala__L_e	CO:HT29	ME:MALME-3M	CO:HT29	ME:MALME-3M	1
core_016	EX_ala__L_e	CO:HT29	RE:UO-31	CO:HT29	RE:UO-31	-1
core_016	EX_ala__L_e	LC:HOP-62	LC:HOP-92	LC:HOP-62	LC:HOP-92	-1
core_016	EX_ala__L_e	LC:HOP-62	LE:RPMI-8226	LC:HOP-62	LE:RPMI-8226	-1
core_016	EX_ala__L_e	LC:HOP-62	LE:SR	LC:HOP-62	LE:SR	1
core_016	EX_ala__L_e	LC:HOP-62	RE:786-0	LC:HOP-62	RE:786-0	-1
core_016	EX_ala__L_e	LC:HOP-62	RE:UO-31	LC:HOP-62	RE:UO-31	-1
core_016	EX_ala__L_e	LC:HOP-92	LC:NCI-H226	LC:HOP-92	LC:NCI-H226	1
core_016	EX_ala__L_e	LC:HOP-92	LE:RPMI-8226	LC:HOP-92	LE:RPMI-8226	-1
core_016	EX_ala__L_e	LC:HOP-92	LE:SR	LC:HOP-92	LE:SR	1
core_016	EX_ala__L_e	LC:HOP-92	ME:MALME-3M	LC:HOP-92	ME:MALME-3M	1
core_016	EX_ala__L_e	LC:HOP-92	RE:786-0	LC:HOP-92	RE:786-0	1
core_016	EX_ala__L_e	LC:NCI-H226	LE:RPMI-8226	LC:NCI-H226	LE:RPMI-8226	-1
core_016	EX_ala__L_e	LC:NCI-H226	LE:SR	LC:NCI-H226	LE:SR	1
core_016	EX_ala__L_e	LC:NCI-H226	RE:786-0	LC:NCI-H226	RE:786-0	-1
core_016	EX_ala__L_e	LC:NCI-H226	RE:UO-31	LC:NCI-H226	RE:UO-31	-1
core_016	EX_ala__L_e	LE:RPMI-8226	LE:SR	LE:RPMI-8226	LE:SR	1
core_016	EX_ala__L_e	LE:RPMI-8226	ME:MALME-3M	LE:RPMI-8226	ME:MALME-3M	1
core_016	EX_ala__L_e	LE:RPMI-8226	RE:786-0	LE:RPMI-8226	RE:786-0	1
core_016	EX_ala__L_e	LE:RPMI-8226	RE:UO-31	LE:RPMI-8226	RE:UO-31	1
core_016	EX_ala__L_e	LE:SR	ME:MALME-3M	LE:SR	ME:MALME-3M	-1
core_016	EX_ala__L_e	LE:SR	RE:786-0	LE:SR	RE:786-0	-1
core_016	EX_ala__L_e	LE:SR	RE:UO-31	LE:SR	RE:UO-31	-1
core_016	EX_ala__L_e	ME:MALME-3M	RE:786-0	ME:MALME-3M	RE:786-0	-1
core_016	EX_ala__L_e	ME:MALME-3M	RE:UO-31	ME:MALME-3M	RE:UO-31	-1
core_016	EX_ala__L_e	RE:786-0	RE:UO-31	RE:786-0	RE:UO-31	-1
core_017	EX_amp_e	BR:HS 578T	CO:HT29	BR:HS 578T	CO:HT29	1
core_017	EX_amp_e	BR:MDA-MB-231	CO:HT29	BR:MDA-MB-231	CO:HT29	1
core_017	EX_amp_e	BR:MDA-MB-231	LC:HOP-92	BR:MDA-MB-231	LC:HOP-92	1
core_017	EX_amp_e	BR:MDA-MB-231	RE:786-0	BR:MDA-MB-231	RE:786-0	1
core_017	EX_amp_e	CO:HT29	LC:HOP-62	CO:HT29	LC:HOP-62	-1
core_017	EX_amp_e	CO:HT29	LC:NCI-H226	CO:HT29	LC:NCI-H226	-1
core_017	EX_amp_e	CO:HT29	LE:RPMI-8226	CO:HT29	LE:RPMI-8226	-1
core_017	EX_amp_e	CO:HT29	LE:SR	CO:HT29	LE:SR	-1
core_017	EX_amp_e	CO:HT29	ME:MALME-3M	CO:HT29	ME:MALME-3M	-1
core_017	EX_amp_e	LC:HOP-62	LE:RPMI-8226	LC:HOP-62	LE:RPMI-8226	-1
core_017	EX_amp_e	LC:HOP-92	LE:RPMI-8226	LC:HOP-92	LE:RPMI-8226	-1
core_017	EX_amp_e	LC:HOP-92	LE:SR	LC:HOP-92	LE:SR	-1
core_017	EX_amp_e	LC:HOP-92	ME:MALME-3M	LC:HOP-92	ME:MALME-3M	-1
core_017	EX_amp_e	LE:RPMI-8226	RE:786-0	LE:RPMI-8226	RE:786-0	1
core_017	EX_amp_e	LE:RPMI-8226	RE:UO-31	LE:RPMI-8226	RE:UO-31	1
core_017	EX_amp_e	LE:SR	RE:786-0	LE:SR	RE:786-0	1
core_017	EX_amp_e	LE:SR	RE:UO-31	LE:SR	RE:UO-31	1
core_017	EX_amp_e	ME:MALME-3M	RE:786-0	ME:MALME-3M	RE:786-0	1
core_018	EX_anth_e	BR:HS 578T	BR:MDA-MB-231	BR:HS 578T	BR:MDA-MB-231	-1
core_018	EX_anth_e	BR:HS 578T	CO:HT29	BR:HS 578T	CO:HT29	-1
core_018	EX_anth_e	BR:HS 578T	LC:HOP-62	BR:HS 578T	LC:HOP-62	-1
core_018	EX_anth_e	BR:HS 578T	LC:HOP-92	BR:HS 578T	LC:HOP-92	1
core_018	EX_anth_e	BR:HS 578T	LC:NCI-H226	BR:HS 578T	LC:NCI-H226	-1
core_018	EX_anth_e	BR:HS 578T	LE:RPMI-8226	BR:HS 578T	LE:RPMI-8226	-1
core_018	EX_anth_e	BR:HS 578T	LE:SR	BR:HS 578T	LE:SR	-1
core_018	EX_anth_e	BR:HS 578T	ME:MALME-3M	BR:HS 578T	ME:MALME-3M	-1
core_018	EX_anth_e	BR:HS 578T	RE:786-0	BR:HS 578T	RE:786-0	-1
core_018	EX_anth_e	BR:HS 578T	RE:UO-31	BR:HS 578T	RE:UO-31	-1
core_018	EX_anth_e	BR:MDA-MB-231	CO:HT29	BR:MDA-MB-231	CO:HT29	1
core_018	EX_anth_e	BR:MDA-MB-231	LC:HOP-62	BR:MDA-MB-231	LC:HOP-62	1
core_018	EX_anth_e	BR:MDA-MB-231	LC:HOP-92	BR:MDA-MB-231	LC:HOP-92	1
core_018	EX_anth_e	BR:MDA-MB-231	LC:NCI-H226	BR:MDA-MB-231	LC:NCI-H226	-1
core_018	EX_anth_e	BR:MDA-MB-231	LE:RPMI-8226	BR:MDA-MB-231	LE:RPMI-8226	1
core_018	EX_anth_e	BR:MDA-MB-231	LE:SR	BR:MDA-MB-231	LE:SR	1
core_018	EX_anth_e	BR:MDA-MB-231	ME:MALME-3M	BR:MDA-MB-231	ME:MALME-3M	1
core_018	EX_anth_e	BR:MDA-MB-231	RE:786-0	BR:MDA-MB-231	RE:786-0	-1
core_018	EX_anth_e	BR:MDA-MB-231	RE:UO-31	BR:MDA-MB-231	RE:UO-31	1
core_018	EX_anth_e	CO:HT29	LC:HOP-62	CO:HT29	LC:HOP-62	-1
core_018	EX_anth_e	CO:HT29	LC:HOP-92	CO:HT29	LC:HOP-92	1
core_018	EX_anth_e	CO:HT29	LC:NCI-H226	CO:HT29	LC:NCI-H226	-1
core_018	EX_anth_e	CO:HT29	LE:RPMI-8226	CO:HT29	LE:RPMI-8226	1
core_018	EX_anth_e	CO:HT29	LE:SR	CO:HT29	LE:SR	-1
core_018	EX_anth_e	CO:HT29	ME:MALME-3M	CO:HT29	ME:MALME-3M	1
core_018	EX_anth_e	CO:HT29	RE:786-0	CO:HT29	RE:786-0	-1
core_018	EX_anth_e	CO:HT29	RE:UO-31	CO:HT29	RE:UO-31	-1
core_018	EX_anth_e	LC:HOP-62	LC:HOP-92	LC:HOP-62	LC:HOP-92	1
core_018	EX_anth_e	LC:HOP-62	LC:NCI-H226	LC:HOP-62	LC:NCI-H226	-1
core_018	EX_anth_e	LC:HOP-62	LE:RPMI-8226	LC:HOP-62	LE:RPMI-8226	1
core_018	EX_anth_e	LC:HOP-62	ME:MALME-3M	LC:HOP-62	ME:MALME-3M	1
core_018	EX_anth_e	LC:HOP-62	RE:786-0	LC:HOP-62	RE:786-0	-1
core_018	EX_anth_e	LC:HOP-62	RE:UO-31	LC:HOP-62	RE:UO-31	1
core_018	EX_anth_e	LC:HOP-92	LC:NCI-H226	LC:HOP-92	LC:NCI-H226	-1
core_018	EX_anth_e	LC:HOP-92	LE:RPMI-8226	LC:HOP-92	LE:RPMI-8226	-1
core_018	EX_anth_e	LC:HOP-92	LE:SR	LC:HOP-92	LE:SR	-1
core_018	EX_anth_e	LC:HOP-92	ME:MALME-3M	LC:HOP-92	ME:MALME-3M	-1
core_018	EX_anth_e	LC:HOP-92	RE:786-0	LC:HOP-92	RE:786-0	-1
core_018	EX_anth_e	LC:HOP-92	RE:UO-31	LC:HOP-92	RE:UO-31	-1
core_018	EX_anth_e	LC:NCI-H226	LE:RPMI-8226	LC:NCI-H226	LE:RPMI-8226	1
core_018	EX_anth_e	LC:NCI-H226	LE:SR	LC:NCI-H226	LE:SR	1
core_018	EX_anth_e	LC:NCI-H226	ME:MALME-3M	LC:NCI-H226	ME:MALME-3M	1
core_018	EX_anth_e	LC:NCI-H226	RE:786-0	LC:NCI-H226	RE:786-0	-1
core_018	EX_anth_e	LC:NCI-H226	RE:UO-31	LC:NCI-H226	RE:UO-31	1
core_018	EX_anth_e	LE:RPMI-8226	LE:SR	LE:RPMI-8226	LE:SR	-1
core_018	EX_anth_e	LE:RPMI-8226	ME:MALME-3M	LE:RPMI-8226	ME:MALME-3M	-1
core_018	EX_anth_e	LE:RPMI-8226	RE:786-0	LE:RPMI-8226	RE:786-0	-1
core_018	EX_anth_e	LE:RPMI-8226	RE:UO-31	LE:RPMI-8226	RE:UO-31	-1
core_018	EX_anth_e	LE:SR	ME:MALME-3M	LE:SR	ME:MALME-3M	1
core_018	EX_anth_e	LE:SR	RE:786-0	LE:SR	RE:786-0	-1
core_018	EX_anth_e	LE:SR	RE:UO-31	LE:SR	RE:UO-31	1
core_018	EX_anth_e	ME:MALME-3M	RE:786-0	ME:MALME-3M	RE:786-0	-1
core_018	EX_anth_e	ME:MALME-3M	RE:UO-31	ME:MALME-3M	RE:UO-31	-1
core_018	EX_anth_e	RE:786-0	RE:UO-31	RE:786-0	RE:UO-31	1
core_019	EX_arg__L_e	BR:HS 578T	BR:MDA-MB-231	BR:HS 578T	BR:MDA-MB-231	-1
core_019	EX_arg__L_e	BR:HS 578T	LC:NCI-H226	BR:HS 578T	LC:NCI-H226	-1
core_019	EX_arg__L_e	BR:HS 578T	LE:RPMI-8226	BR:HS 578T	LE:RPMI-8226	1
core_019	EX_arg__L_e	BR:HS 578T	ME:MALME-3M	BR:HS 578T	ME:MALME-3M	-1
core_019	EX_arg__L_e	BR:HS 578T	RE:UO-31	BR:HS 578T	RE:UO-31	-1
core_019	EX_arg__L_e	BR:MDA-MB-231	CO:HT29	BR:MDA-MB-231	CO:HT29	1
core_019	EX_arg__L_e	BR:MDA-MB-231	LC:HOP-92	BR:MDA-MB-231	LC:HOP-92	1
core_019	EX_arg__L_e	BR:MDA-MB-231	LE:RPMI-8226	BR:MDA-MB-231	LE:RPMI-8226	1
core_019	EX_arg__L_e	CO:HT29	LC:HOP-62	CO:HT29	LC:HOP-62	-1
core_019	EX_arg__L_e	CO:HT29	LC:NCI-H226	CO:HT29	LC:NCI-H226	-1
core_019	EX_arg__L_e	CO:HT29	LE:SR	CO:HT29	LE:SR	-1
core_019	EX_arg__L_e	CO:HT29	ME:MALME-3M	CO:HT29	ME:MALME-3M	-1
core_019	EX_arg__L_e	CO:HT29	RE:786-0	CO:HT29	RE:786-0	-1
core_019	EX_arg__L_e	CO:HT29	RE:UO-31	CO:HT29	RE:UO-31	-1
core_019	EX_arg__L_e	LC:HOP-62	LC:HOP-92	LC:HOP-62	LC:HOP-92	1
core_019	EX_arg__L_e	LC:HOP-62	LE:RPMI-8226	LC:HOP-62	LE:RPMI-8226	1
core_019	EX_arg__L_e	LC:HOP-92	LC:NCI-H226	LC:HOP-92	LC:NCI-H226	-1
core_019	EX_arg__L_e	LC:HOP-92	LE:SR	LC:HOP-92	LE:SR	-1
core_019	EX_arg__L_e	LC:HOP-92	ME:MALME-3M	LC:HOP-92	ME:MALME-3M	-1
core_019	EX_arg__L_e	LC:HOP-92	RE:786-0	LC:HOP-92	RE:786-0	-1
core_019	EX_arg__L_e	LC:HOP-92	RE:UO-31	LC:HOP-92	RE:UO-31	-1
core_019	EX_arg__L_e	LC:NCI-H226	LE:RPMI-8226	LC:NCI-H226	LE:RPMI-8226	1
core_019	EX_arg__L_e	LE:RPMI-8226	LE:SR	LE:RPMI-8226	LE:SR	-1
core_019	EX_arg__L_e	LE:RPMI-8226	ME:MALME-3M	LE:RPMI-8226	ME:MALME-3M	-1
core_019	EX_arg__L_e	LE:RPMI-8226	RE:786-0	LE:RPMI-8226	RE:786-0	-1
core_019	EX_arg__L_e	LE:RPMI-8226	RE:UO-31	LE:RPMI-8226	RE:UO-31	-1
core_021	EX_asn__L_e	BR:HS 578T	CO:HT29	BR:HS 578T	CO:HT29	1
core_021	EX_asn__L_e	BR:HS 578T	LC:HOP-92	BR:HS 578T	LC:HOP-92	1
core_021	EX_asn__L_e	BR:HS 578T	LC:NCI-H226	BR:HS 578T	LC:NCI-H226	1
core_021	EX_asn__L_e	BR:HS 578T	LE:RPMI-8226	BR:HS 578T	LE:RPMI-8226	1
core_021	EX_asn__L_e	BR:HS 578T	ME:MALME-3M	BR:HS 578T	ME:MALME-3M	1
core_021	EX_asn__L_e	BR:MDA-MB-231	LC:HOP-92	BR:MDA-MB-231	LC:HOP-92	1
core_021	EX_asn__L_e	CO:HT29	RE:UO-31	CO:HT29	RE:UO-31	-1
core_021	EX_asn__L_e	LC:HOP-92	LE:SR	LC:HOP-92	LE:SR	-1
core_021	EX_asn__L_e	LC:HOP-92	RE:786-0	LC:HOP-92	RE:786-0	-1
core_021	EX_asn__L_e	LC:HOP-92	RE:UO-31	LC:HOP-92	RE:UO-31	-1
core_021	EX_asn__L_e	LE:RPMI-8226	RE:UO-31	LE:RPMI-8226	RE:UO-31	-1
core_022	EX_asp__L_e	BR:HS 578T	LC:HOP-92	BR:HS 578T	LC:HOP-92	1
core_022	EX_asp__L_e	BR:HS 578T	LC:NCI-H226	BR:HS 578T	LC:NCI-H226	1
core_022	EX_asp__L_e	BR:HS 578T	RE:786-0	BR:HS 578T	RE:786-0	1
core_022	EX_asp__L_e	BR:HS 578T	RE:UO-31	BR:HS 578T	RE:UO-31	1
core_022	EX_asp__L_e	BR:MDA-MB-231	CO:HT29	BR:MDA-MB-231	CO:HT29	1
core_022	EX_asp__L_e	BR:MDA-MB-231	LC:HOP-62	BR:MDA-MB-231	LC:HOP-62	1
core_022	EX_asp__L_e	BR:MDA-MB-231	LC:HOP-92	BR:MDA-MB-231	LC:HOP-92	1
core_022	EX_asp__L_e	BR:MDA-MB-231	LC:NCI-H226	BR:MDA-MB-231	LC:NCI-H226	1
core_022	EX_asp__L_e	BR:MDA-MB-231	LE:RPMI-8226	BR:MDA-MB-231	LE:RPMI-8226	1
core_022	EX_asp__L_e	BR:MDA-MB-231	LE:SR	BR:MDA-MB-231	LE:SR	1
core_022	EX_asp__L_e	BR:MDA-MB-231	RE:786-0	BR:MDA-MB-231	RE:786-0	1
core_022	EX_asp__L_e	BR:MDA-MB-231	RE:UO-31	BR:MDA-MB-231	RE:UO-31	1
core_022	EX_asp__L_e	CO:HT29	LC:NCI-H226	CO:HT29	LC:NCI-H226	1
core_022	EX_asp__L_e	CO:HT29	ME:MALME-3M	CO:HT29	ME:MALME-3M	-1
core_022	EX_asp__L_e	CO:HT29	RE:UO-31	CO:HT29	RE:UO-31	1
core_022	EX_asp__L_e	LC:HOP-62	LC:HOP-92	LC:HOP-62	LC:HOP-92	1
core_022	EX_asp__L_e	LC:HOP-62	LC:NCI-H226	LC:HOP-62	LC:NCI-H226	1
core_022	EX_asp__L_e	LC:HOP-62	ME:MALME-3M	LC:HOP-62	ME:MALME-3M	-1
core_022	EX_asp__L_e	LC:HOP-62	RE:786-0	LC:HOP-62	RE:786-0	1
core_022	EX_asp__L_e	LC:HOP-62	RE:UO-31	LC:HOP-62	RE:UO-31	1
core_022	EX_asp__L_e	LC:HOP-92	LC:NCI-H226	LC:HOP-92	LC:NCI-H226	1
core_022	EX_asp__L_e	LC:HOP-92	LE:RPMI-8226	LC:HOP-92	LE:RPMI-8226	-1
core_022	EX_asp__L_e	LC:HOP-92	LE:SR	LC:HOP-92	LE:SR	-1
core_022	EX_asp__L_e	LC:HOP-92	ME:MALME-3M	LC:HOP-92	ME:MALME-3M	-1
core_022	EX_asp__L_e	LC:HOP-92	RE:UO-31	LC:HOP-92	RE:UO-31	1
core_022	EX_asp__L_e	LC:NCI-H226	LE:RPMI-8226	LC:NCI-H226	LE:RPMI-8226	-1
core_022	EX_asp__L_e	LC:NCI-H226	LE:SR	LC:NCI-H226	LE:SR	-1
core_022	EX_asp__L_e	LC:NCI-H226	ME:MALME-3M	LC:NCI-H226	ME:MALME-3M	-1
core_022	EX_asp__L_e	LC:NCI-H226	RE:786-0	LC:NCI-H226	RE:786-0	-1
core_022	EX_asp__L_e	LC:NCI-H226	RE:UO-31	LC:NCI-H226	RE:UO-31	-1
core_022	EX_asp__L_e	LE:RPMI-8226	ME:MALME-3M	LE:RPMI-8226	ME:MALME-3M	-1
core_022	EX_asp__L_e	LE:RPMI-8226	RE:786-0	LE:RPMI-8226	RE:786-0	1
core_022	EX_asp__L_e	LE:RPMI-8226	RE:UO-31	LE:RPMI-8226	RE:UO-31	1
core_022	EX_asp__L_e	LE:SR	RE:786-0	LE:SR	RE:786-0	1
core_022	EX_asp__L_e	LE:SR	RE:UO-31	LE:SR	RE:UO-31	1
core_022	EX_asp__L_e	ME:MALME-3M	RE:786-0	ME:MALME-3M	RE:786-0	1
core_022	EX_asp__L_e	ME:MALME-3M	RE:UO-31	ME:MALME-3M	RE:UO-31	1
core_022	EX_asp__L_e	RE:786-0	RE:UO-31	RE:786-0	RE:UO-31	1
core_023	EX_bilirub_e	BR:HS 578T	LC:HOP-92	BR:HS 578T	LC:HOP-92	-1
core_023	EX_bilirub_e	BR:HS 578T	LC:NCI-H226	BR:HS 578T	LC:NCI-H226	-1
core_023	EX_bilirub_e	BR:HS 578T	LE:RPMI-8226	BR:HS 578T	LE:RPMI-8226	-1
core_023	EX_bilirub_e	BR:MDA-MB-231	LC:HOP-92	BR:MDA-MB-231	LC:HOP-92	-1
core_023	EX_bilirub_e	BR:MDA-MB-231	LC:NCI-H226	BR:MDA-MB-231	LC:NCI-H226	-1
core_023	EX_bilirub_e	BR:MDA-MB-231	LE:RPMI-8226	BR:MDA-MB-231	LE:RPMI-8226	-1
core_023	EX_bilirub_e	CO:HT29	LC:HOP-92	CO:HT29	LC:HOP-92	-1
core_023	EX_bilirub_e	CO:HT29	LC:NCI-H226	CO:HT29	LC:NCI-H226	-1
core_023	EX_bilirub_e	CO:HT29	LE:RPMI-8226	CO:HT29	LE:RPMI-8226	-1
core_023	EX_bilirub_e	LC:HOP-62	LC:HOP-92	LC:HOP-62	LC:HOP-92	-1
core_023	EX_bilirub_e	LC:HOP-62	LC:NCI-H226	LC:HOP-62	LC:NCI-H226	-1
core_023	EX_bilirub_e	LC:HOP-62	LE:RPMI-8226	LC:HOP-62	LE:RPMI-8226	-1
core_023	EX_bilirub_e	LC:HOP-92	ME:MALME-3M	LC:HOP-92	ME:MALME-3M	1
core_023	EX_bilirub_e	LC:HOP-92	RE:786-0	LC:HOP-92	RE:786-0	1
core_023	EX_bilirub_e	LC:HOP-92	RE:UO-31	LC:HOP-92	RE:UO-31	1
core_023	EX_bilirub_e	LC:NCI-H226	LE:SR	LC:NCI-H226	LE:SR	1
core_023	EX_bilirub_e	LC:NCI-H226	ME:MALME-3M	LC:NCI-H226	ME:MALME-3M	1
core_023	EX_bilirub_e	LC:NCI-H226	RE:786-0	LC:NCI-H226	RE:786-0	1
core_023	EX_bilirub_e	LC:NCI-H226	RE:UO-31	LC:NCI-H226	RE:UO-31	1
core_023	EX_bilirub_e	LE:RPMI-8226	LE:SR	LE:RPMI-8226	LE:SR	1
core_023	EX_bilirub_e	LE:RPMI-8226	ME:MALME-3M	LE:RPMI-8226	ME:MALME-3M	1
core_023	EX_bilirub_e	LE:RPMI-8226	RE:786-0	LE:RPMI-8226	RE:786-0	1
core_023	EX_bilirub_e	LE:RPMI-8226	RE:UO-31	LE:RPMI-8226	RE:UO-31	1
core_024	EX_cala_e	BR:HS 578T	BR:MDA-MB-231	BR:HS 578T	BR:MDA-MB-231	1
core_024	EX_cala_e	BR:HS 578T	CO:HT29	BR:HS 578T	CO:HT29	1
core_024	EX_cala_e	BR:HS 578T	LC:HOP-62	BR:HS 578T	LC:HOP-62	1
core_024	EX_cala_e	BR:HS 578T	LC:HOP-92	BR:HS 578T	LC:HOP-92	-1
core_024	EX_cala_e	BR:HS 578T	LC:NCI-H226	BR:HS 578T	LC:NCI-H226	1
core_024	EX_cala_e	BR:HS 578T	LE:RPMI-8226	BR:HS 578T	LE:RPMI-8226	1
core_024	EX_cala_e	BR:HS 578T	LE:SR	BR:HS 578T	LE:SR	1
core_024	EX_cala_e	BR:HS 578T	ME:MALME-3M	BR:HS 578T	ME:MALME-3M	1
core_024	EX_cala_e	BR:HS 578T	RE:786-0	BR:HS 578T	RE:786-0	1
core_024	EX_cala_e	BR:HS 578T	RE:UO-31	BR:HS 578T	RE:UO-31	1
core_024	EX_cala_e	BR:MDA-MB-231	CO:HT29	BR:MDA-MB-231	CO:HT29	1
core_024	EX_cala_e	BR:MDA-MB-231	LC:HOP-92	BR:MDA-MB-231	LC:HOP-92	-1
core_024	EX_cala_e	BR:MDA-MB-231	LC:NCI-H226	BR:MDA-MB-231	LC:NCI-H226	1
core_024	EX_cala_e	BR:MDA-MB-231	LE:RPMI-8226	BR:MDA-MB-231	LE:RPMI-8226	-1
core_024	EX_cala_e	BR:MDA-MB-231	LE:SR	BR:MDA-MB-231	LE:SR	1
core_024	EX_cala_e	BR:MDA-MB-231	ME:MALME-3M	BR:MDA-MB-231	ME:MALME-3M	1
core_024	EX_cala_e	BR:MDA-MB-231	RE:786-0	BR:MDA-MB-231	RE:786-0	1
core_024	EX_cala_e	BR:MDA-MB-231	RE:UO-31	BR:MDA-MB-231	RE:UO-31	-1
core_024	EX_cala_e	CO:HT29	LC:HOP-62	CO:HT29	LC:HOP-62	-1
core_024	EX_cala_e	CO:HT29	LC:HOP-92	CO:HT29	LC:HOP-92	-1
core_024	EX_cala_e	CO:HT29	LC:NCI-H226	CO:HT29	LC:NCI-H226	-1
core_024	EX_cala_e	CO:HT29	LE:RPMI-8226	CO:HT29	LE:RPMI-8226	-1
core_024	EX_cala_e	CO:HT29	LE:SR	CO:HT29	LE:SR	-1
core_024	EX_cala_e	CO:HT29	RE:786-0	CO:HT29	RE:786-0	-1
core_024	EX_cala_e	CO:HT29	RE:UO-31	CO:HT29	RE:UO-31	-1
core_024	EX_cala_e	LC:HOP-62	LC:HOP-92	LC:HOP-62	LC:HOP-92	-1
core_024	EX_cala_e	LC:HOP-62	LC:NCI-H226	LC:HOP-62	LC:NCI-H226	1
core_024	EX_cala_e	LC:HOP-62	LE:RPMI-8226	LC:HOP-62	LE:RPMI-8226	-1
core_024	EX_cala_e	LC:HOP-62	LE:SR	LC:HOP-62	LE:SR	1
core_024	EX_cala_e	LC:HOP-62	ME:MALME-3M	LC:HOP-62	ME:MALME-3M	1
core_024	EX_cala_e	LC:HOP-62	RE:786-0	LC:HOP-62	RE:786-0	1
core_024	EX_cala_e	LC:HOP-62	RE:UO-31	LC:HOP-62	RE:UO-31	-1
core_024	EX_cala_e	LC:HOP-92	LC:NCI-H226	LC:HOP-92	LC:NCI-H226	1
core_024	EX_cala_e	LC:HOP-92	LE:RPMI-8226	LC:HOP-92	LE:RPMI-8226	1
core_024	EX_cala_e	LC:HOP-92	LE:SR	LC:HOP-92	LE:SR	1
core_024	EX_cala_e	LC:HOP-92	ME:MALME-3M	LC:HOP-92	ME:MALME-3M	1
core_024	EX_cala_e	LC:HOP-92	RE:786-0	LC:HOP-92	RE:786-0	1
core_024	EX_cala_e	LC:HOP-92	RE:UO-31	LC:HOP-92	RE:UO-31	1
core_024	EX_cala_e	LC:NCI-H226	LE:RPMI-8226	LC:NCI-H226	LE:RPMI-8226	-1
core_024	EX_cala_e	LC:NCI-H226	LE:SR	LC:NCI-H226	LE:SR	1
core_024	EX_cala_e	LC:NCI-H226	ME:MALME-3M	LC:NCI-H226	ME:MALME-3M	1
core_024	EX_cala_e	LC:NCI-H226	RE:786-0	LC:NCI-H226	RE:786-0	1
core_024	EX_cala_e	LC:NCI-H226	RE:UO-31	LC:NCI-H226	RE:UO-31	-1
core_024	EX_cala_e	LE:RPMI-8226	LE:SR	LE:RPMI-8226	LE:SR	1
core_024	EX_cala_e	LE:RPMI-8226	ME:MALME-3M	LE:RPMI-8226	ME:MALME-3M	1
core_024	EX_cala_e	LE:RPMI-8226	RE:786-0	LE:RPMI-8226	RE:786-0	1
core_024	EX_cala_e	LE:RPMI-8226	RE:UO-31	LE:RPMI-8226	RE:UO-31	-1
core_024	EX_cala_e	LE:SR	ME:MALME-3M	LE:SR	ME:MALME-3M	1
core_024	EX_cala_e	LE:SR	RE:786-0	LE:SR	RE:786-0	1
core_024	EX_cala_e	LE:SR	RE:UO-31	LE:SR	RE:UO-31	-1
core_024	EX_cala_e	ME:MALME-3M	RE:786-0	ME:MALME-3M	RE:786-0	-1
core_024	EX_cala_e	ME:MALME-3M	RE:UO-31	ME:MALME-3M	RE:UO-31	-1
core_024	EX_cala_e	RE:786-0	RE:UO-31	RE:786-0	RE:UO-31	-1
core_026	EX_chol_e	BR:HS 578T	BR:MDA-MB-231	BR:HS 578T	BR:MDA-MB-231	1
core_026	EX_chol_e	BR:HS 578T	CO:HT29	BR:HS 578T	CO:HT29	1
core_026	EX_chol_e	BR:HS 578T	LC:HOP-92	BR:HS 578T	LC:HOP-92	1
core_026	EX_chol_e	BR:HS 578T	LC:NCI-H226	BR:HS 578T	LC:NCI-H226	1
core_026	EX_chol_e	BR:HS 578T	LE:RPMI-8226	BR:HS 578T	LE:RPMI-8226	1
core_026	EX_chol_e	BR:HS 578T	LE:SR	BR:HS 578T	LE:SR	-1
core_026	EX_chol_e	BR:HS 578T	ME:MALME-3M	BR:HS 578T	ME:MALME-3M	1
core_026	EX_chol_e	BR:MDA-MB-231	CO:HT29	BR:MDA-MB-231	CO:HT29	1
core_026	EX_chol_e	BR:MDA-MB-231	LC:HOP-62	BR:MDA-MB-231	LC:HOP-62	-1
core_026	EX_chol_e	BR:MDA-MB-231	LC:HOP-92	BR:MDA-MB-231	LC:HOP-92	1
core_026	EX_chol_e	BR:MDA-MB-231	LC:NCI-H226	BR:MDA-MB-231	LC:NCI-H226	-1
core_026	EX_chol_e	BR:MDA-MB-231	LE:RPMI-8226	BR:MDA-MB-231	LE:RPMI-8226	1
core_026	EX_chol_e	BR:MDA-MB-231	LE:SR	BR:MDA-MB-231	LE:SR	-1
core_026	EX_chol_e	BR:MDA-MB-231	ME:MALME-3M	BR:MDA-MB-231	ME:MALME-3M	1
core_026	EX_chol_e	BR:MDA-MB-231	RE:786-0	BR:MDA-MB-231	RE:786-0	-1
core_026	EX_chol_e	BR:MDA-MB-231	RE:UO-31	BR:MDA-MB-231	RE:UO-31	-1
core_026	EX_chol_e	CO:HT29	LC:HOP-62	CO:HT29	LC:HOP-62	-1
core_026	EX_chol_e	CO:HT29	LC:HOP-92	CO:HT29	LC:HOP-92	1
core_026	EX_chol_e	CO:HT29	LC:NCI-H226	CO:HT29	LC:NCI-H226	-1
core_026	EX_chol_e	CO:HT29	LE:RPMI-8226	CO:HT29	LE:RPMI-8226	1
core_026	EX_chol_e	CO:HT29	LE:SR	CO:HT29	LE:SR	-1
core_026	EX_chol_e	CO:HT29	RE:786-0	CO:HT29	RE:786-0	-1
core_026	EX_chol_e	CO:HT29	RE:UO-31	CO:HT29	RE:UO-31	-1
core_026	EX_chol_e	LC:HOP-62	LC:HOP-92	LC:HOP-62	LC:HOP-92	1
core_026	EX_chol_e	LC:HOP-62	LE:RPMI-8226	LC:HOP-62	LE:RPMI-8226	1
core_026	EX_chol_e	LC:HOP-62	LE:SR	LC:HOP-62	LE:SR	-1
core_026	EX_chol_e	LC:HOP-62	ME:MALME-3M	LC:HOP-62	ME:MALME-3M	1
core_026	EX_chol_e	LC:HOP-62	RE:UO-31	LC:HOP-62	RE:UO-31	-1
core_026	EX_chol_e	LC:HOP-92	LC:NCI-H226	LC:HOP-92	LC:NCI-H226	-1
core_026	EX_chol_e	LC:HOP-92	LE:RPMI-8226	LC:HOP-92	LE:RPMI-8226	-1
core_026	EX_chol_e	LC:HOP-92	LE:SR	LC:HOP-92	LE:SR	-1
core_026	EX_chol_e	LC:HOP-92	ME:MALME-3M	LC:HOP-92	ME:MALME-3M	-1
core_026	EX_chol_e	LC:HOP-92	RE:786-0	LC:HOP-92	RE:786-0	-1
core_026	EX_chol_e	LC:HOP-92	RE:UO-31	LC:HOP-92	RE:UO-31	-1
core_026	EX_chol_e	LC:NCI-H226	LE:RPMI-8226	LC:NCI-H226	LE:RPMI-8226	1
core_026	EX_chol_e	LC:NCI-H226	LE:SR	LC:NCI-H226	LE:SR	-1
core_026	EX_chol_e	LC:NCI-H226	ME:MALME-3M	LC:NCI-H226	ME:MALME-3M	1
core_026	EX_chol_e	LC:NCI-H226	RE:UO-31	LC:NCI-H226	RE:UO-31	-1
core_026	EX_chol_e	LE:RPMI-8226	LE:SR	LE:RPMI-8226	LE:SR	-1
core_026	EX_chol_e	LE:RPMI-8226	ME:MALME-3M	LE:RPMI-8226	ME:MALME-3M	-1
core_026	EX_chol_e	LE:RPMI-8226	RE:786-0	LE:RPMI-8226	RE:786-0	-1
core_026	EX_chol_e	LE:RPMI-8226	RE:UO-31	LE:RPMI-8226	RE:UO-31	-1
core_026	EX_chol_e	LE:SR	ME:MALME-3M	LE:SR	ME:MALME-3M	1
core_026	EX_chol_e	LE:SR	RE:786-0	LE:SR	RE:786-0	1
core_026	EX_chol_e	ME:MALME-3M	RE:786-0	ME:MALME-3M	RE:786-0	-1
core_026	EX_chol_e	ME:MALME-3M	RE:UO-31	ME:MALME-3M	RE:UO-31	-1
core_026	EX_chol_e	RE:786-0	RE:UO-31	RE:786-0	RE:UO-31	-1
core_027	EX_cholp_e	BR:HS 578T	BR:MDA-MB-231	BR:HS 578T	BR:MDA-MB-231	1
core_027	EX_cholp_e	BR:HS 578T	CO:HT29	BR:HS 578T	CO:HT29	1
core_027	EX_cholp_e	BR:HS 578T	LC:HOP-62	BR:HS 578T	LC:HOP-62	1
core_027	EX_cholp_e	BR:HS 578T	LC:HOP-92	BR:HS 578T	LC:HOP-92	-1
core_027	EX_cholp_e	BR:HS 578T	LC:NCI-H226	BR:HS 578T	LC:NCI-H226	1
core_027	EX_cholp_e	BR:HS 578T	LE:RPMI-8226	BR:HS 578T	LE:RPMI-8226	1
core_027	EX_cholp_e	BR:HS 578T	LE:SR	BR:HS 578T	LE:SR	1
core_027	EX_cholp_e	BR:HS 578T	ME:MALME-3M	BR:HS 578T	ME:MALME-3M	-1
core_027	EX_cholp_e	BR:HS 578T	RE:786-0	BR:HS 578T	RE:786-0	1
core_027	EX_cholp_e	BR:HS 578T	RE:UO-31	BR:HS 578T	RE:UO-31	1
core_027	EX_cholp_e	BR:MDA-MB-231	CO:HT29	BR:MDA-MB-231	CO:HT29	1
core_027	EX_cholp_e	BR:MDA-MB-231	LC:HOP-62	BR:MDA-MB-231	LC:HOP-62	1
core_027	EX_cholp_e	BR:MDA-MB-231	LC:HOP-92	BR:MDA-MB-231	LC:HOP-92	-1
core_027	EX_cholp_e	BR:MDA-MB-231	LC:NCI-H226	BR:MDA-MB-231	LC:NCI-H226	1
core_027	EX_cholp_e	BR:MDA-MB-231	LE:SR	BR:MDA-MB-231	LE:SR	1
core_027	EX_cholp_e	BR:MDA-MB-231	ME:MALME-3M	BR:MDA-MB-231	ME:MALME-3M	-1
core_027	EX_cholp_e	BR:MDA-MB-231	RE:786-0	BR:MDA-MB-231	RE:786-0	1
core_027	EX_cholp_e	BR:MDA-MB-231	RE:UO-31	BR:MDA-MB-231	RE:UO-31	1
core_027	EX_cholp_e	CO:HT29	LC:HOP-62	CO:HT29	LC:HOP-62	1
core_027	EX_cholp_e	CO:HT29	LC:HOP-92	CO:HT29	LC:HOP-92	-1
core_027	EX_cholp_e	CO:HT29	LE:RPMI-8226	CO:HT29	LE:RPMI-8226	-1
core_027	EX_cholp_e	CO:HT29	LE:SR	CO:HT29	LE:SR	1
core_027	EX_cholp_e	CO:HT29	ME:MALME-3M	CO:HT29	ME:MALME-3M	-1
core_027	EX_cholp_e	CO:HT29	RE:786-0	CO:HT29	RE:786-0	1
core_027	EX_cholp_e	LC:HOP-62	LC:HOP-92	LC:HOP-62	LC:HOP-92	-1
core_027	EX_cholp_e	LC:HOP-62	LC:NCI-H226	LC:HOP-62	LC:NCI-H226	-1
core_027	EX_cholp_e	LC:HOP-62	LE:RPMI-8226	LC:HOP-62	LE:RPMI-8226	-1
core_027	EX_cholp_e	LC:HOP-62	LE:SR	LC:HOP-62	LE:SR	-1
core_027	EX_cholp_e	LC:HOP-62	ME:MALME-3M	LC:HOP-62	ME:MALME-3M	-1
core_027	EX_cholp_e	LC:HOP-62	RE:786-0	LC:HOP-62	RE:786-0	-1
core_027	EX_cholp_e	LC:HOP-62	RE:UO-31	LC:HOP-62	RE:UO-31	-1
core_027	EX_cholp_e	LC:HOP-92	LC:NCI-H226	LC:HOP-92	LC:NCI-H226	1
core_027	EX_cholp_e	LC:HOP-92	LE:RPMI-8226	LC:HOP-92	LE:RPMI-8226	1
core_027	EX_cholp_e	LC:HOP-92	LE:SR	LC:HOP-92	LE:SR	1
core_027	EX_cholp_e	LC:HOP-92	ME:MALME-3M	LC:HOP-92	ME:MALME-3M	1
core_027	EX_cholp_e	LC:HOP-92	RE:786-0	LC:HOP-92	RE:786-0	1
core_027	EX_cholp_e	LC:HOP-92	RE:UO-31	LC:HOP-92	RE:UO-31	1
core_027	EX_cholp_e	LC:NCI-H226	LE:RPMI-8226	LC:NCI-H226	LE:RPMI-8226	-1
core_027	EX_cholp_e	LC:NCI-H226	LE:SR	LC:NCI-H226	LE:SR	1
core_027	EX_cholp_e	LC:NCI-H226	ME:MALME-3M	LC:NCI-H226	ME:MALME-3M	-1
core_027	EX_cholp_e	LC:NCI-H226	RE:786-0	LC:NCI-H226	RE:786-0	1
core_027	EX_cholp_e	LE:RPMI-8226	LE:SR	LE:RPMI-8226	LE:SR	1
core_027	EX_cholp_e	LE:RPMI-8226	ME:MALME-3M	LE:RPMI-8226	ME:MALME-3M	-1
core_027	EX_cholp_e	LE:RPMI-8226	RE:786-0	LE:RPMI-8226	RE:786-0	1
core_027	EX_cholp_e	LE:RPMI-8226	RE:UO-31	LE:RPMI-8226	RE:UO-31	1
core_027	EX_cholp_e	LE:SR	ME:MALME-3M	LE:SR	ME:MALME-3M	-1
core_027	EX_cholp_e	LE:SR	RE:UO-31	LE:SR	RE:UO-31	-1
core_027	EX_cholp_e	ME:MALME-3M	RE:786-0	ME:MALME-3M	RE:786-0	1
core_027	EX_cholp_e	ME:MALME-3M	RE:UO-31	ME:MALME-3M	RE:UO-31	1
core_028	EX_cit_e	BR:HS 578T	BR:MDA-MB-231	BR:HS 578T	BR:MDA-MB-231	1
core_028	EX_cit_e	BR:HS 578T	CO:HT29	BR:HS 578T	CO:HT29	1
core_028	EX_cit_e	BR:HS 578T	LC:HOP-62	BR:HS 578T	LC:HOP-62	1
core_028	EX_cit_e	BR:HS 578T	LC:HOP-92	BR:HS 578T	LC:HOP-92	1
core_028	EX_cit_e	BR:HS 578T	LC:NCI-H226	BR:HS 578T	LC:NCI-H226	-1
core_028	EX_cit_e	BR:HS 578T	LE:RPMI-8226	BR:HS 578T	LE:RPMI-8226	1
core_028	EX_cit_e	BR:HS 578T	LE:SR	BR:HS 578T	LE:SR	1
core_028	EX_cit_e	BR:HS 578T	RE:786-0	BR:HS 578T	RE:786-0	1
core_028	EX_cit_e	BR:HS 578T	RE:UO-31	BR:HS 578T	RE:UO-31	1
core_028	EX_cit_e	BR:MDA-MB-231	CO:HT29	BR:MDA-MB-231	CO:HT29	1
core_028	EX_cit_e	BR:MDA-MB-231	LC:NCI-H226	BR:MDA-MB-231	LC:NCI-H226	-1
core_028	EX_cit_e	BR:MDA-MB-231	LE:RPMI-8226	BR:MDA-MB-231	LE:RPMI-8226	1
core_028	EX_cit_e	BR:MDA-MB-231	LE:SR	BR:MDA-MB-231	LE:SR	1
core_028	EX_cit_e	BR:MDA-MB-231	ME:MALME-3M	BR:MDA-MB-231	ME:MALME-3M	-1
core_028	EX_cit_e	BR:MDA-MB-231	RE:786-0	BR:MDA-MB-231	RE:786-0	1
core_028	EX_cit_e	BR:MDA-MB-231	RE:UO-31	BR:MDA-MB-231	RE:UO-31	1
core_028	EX_cit_e	CO:HT29	LC:HOP-62	CO:HT29	LC:HOP-62	-1
core_028	EX_cit_e	CO:HT29	LC:HOP-92	CO:HT29	LC:HOP-92	-1
core_028	EX_cit_e	CO:HT29	LC:NCI-H226	CO:HT29	LC:NCI-H226	-1
core_028	EX_cit_e	CO:HT29	LE:RPMI-8226	CO:HT29	LE:RPMI-8226	1
core_028	EX_cit_e	CO:HT29	LE:SR	CO:HT29	LE:SR	1
core_028	EX_cit_e	CO:HT29	ME:MALME-3M	CO:HT29	ME:MALME-3M	-1
core_028	EX_cit_e	CO:HT29	RE:786-0	CO:HT29	RE:786-0	-1
core_028	EX_cit_e	LC:HOP-62	LC:HOP-92	LC:HOP-62	LC:HOP-92	-1
core_028	EX_cit_e	LC:HOP-62	LC:NCI-H226	LC:HOP-62	LC:NCI-H226	-1
core_028	EX_cit_e	LC:HOP-62	LE:RPMI-8226	LC:HOP-62	LE:RPMI-8226	1
core_028	EX_cit_e	LC:HOP-62	LE:SR	LC:HOP-62	LE:SR	1
core_028	EX_cit_e	LC:HOP-62	ME:MALME-3M	LC:HOP-62	ME:MALME-3M	-1
core_028	EX_cit_e	LC:HOP-62	RE:786-0	LC:HOP-62	RE:786-0	1
core_028	EX_cit_e	LC:HOP-62	RE:UO-31	LC:HOP-62	RE:UO-31	1
core_028	EX_cit_e	LC:HOP-92	LC:NCI-H226	LC:HOP-92	LC:NCI-H226	-1
core_028	EX_cit_e	LC:HOP-92	LE:RPMI-8226	LC:HOP-92	LE:RPMI-8226	1
core_028	EX_cit_e	LC:HOP-92	LE:SR	LC:HOP-92	LE:SR	1
core_028	EX_cit_e	LC:HOP-92	ME:MALME-3M	LC:HOP-92	ME:MALME-3M	-1
core_028	EX_cit_e	LC:HOP-92	RE:786-0	LC:HOP-92	RE:786-0	1
core_028	EX_cit_e	LC:HOP-92	RE:UO-31	LC:HOP-92	RE:UO-31	1
core_028	EX_cit_e	LC:NCI-H226	LE:RPMI-8226	LC:NCI-H226	LE:RPMI-8226	1
core_028	EX_cit_e	LC:NCI-H226	LE:SR	LC:NCI-H226	LE:SR	1
core_028	EX_cit_e	LC:NCI-H226	ME:MALME-3M	LC:NCI-H226	ME:MALME-3M	1
core_028	EX_cit_e	LC:NCI-H226	RE:786-0	LC:NCI-H226	RE:786-0	1
core_028	EX_cit_e	LC:NCI-H226	RE:UO-31	LC:NCI-H226	RE:UO-31	1
core_028	EX_cit_e	LE:RPMI-8226	ME:MALME-3M	LE:RPMI-8226	ME:MALME-3M	-1
core_028	EX_cit_e	LE:RPMI-8226	RE:786-0	LE:RPMI-8226	RE:786-0	-1
core_028	EX_cit_e	LE:RPMI-8226	RE:UO-31	LE:RPMI-8226	RE:UO-31	-1
core_028	EX_cit_e	LE:SR	ME:MALME-3M	LE:SR	ME:MALME-3M	-1
core_028	EX_cit_e	LE:SR	RE:786-0	LE:SR	RE:786-0	-1
core_028	EX_cit_e	LE:SR	RE:UO-31	LE:SR	RE:UO-31	-1
core_028	EX_cit_e	ME:MALME-3M	RE:786-0	ME:MALME-3M	RE:786-0	1
core_028	EX_cit_e	ME:MALME-3M	RE:UO-31	ME:MALME-3M	RE:UO-31	1
core_029	EX_citr__L_e	BR:HS 578T	BR:MDA-MB-231	BR:HS 578T	BR:MDA-MB-231	-1
core_029	EX_citr__L_e	BR:HS 578T	CO:HT29	BR:HS 578T	CO:HT29	-1
core_029	EX_citr__L_e	BR:HS 578T	LC:HOP-62	BR:HS 578T	LC:HOP-62	-1
core_029	EX_citr__L_e	BR:HS 578T	LC:NCI-H226	BR:HS 578T	LC:NCI-H226	1
core_029	EX_citr__L_e	BR:HS 578T	LE:RPMI-8226	BR:HS 578T	LE:RPMI-8226	1
core_029	EX_citr__L_e	BR:HS 578T	LE:SR	BR:HS 578T	LE:SR	-1
core_029	EX_citr__L_e	BR:HS 578T	ME:MALME-3M	BR:HS 578T	ME:MALME-3M	-1
core_029	EX_citr__L_e	BR:HS 578T	RE:UO-31	BR:HS 578T	RE:UO-31	-1
core_029	EX_citr__L_e	BR:MDA-MB-231	LC:NCI-H226	BR:MDA-MB-231	LC:NCI-H226	1
core_029	EX_citr__L_e	BR:MDA-MB-231	LE:RPMI-8226	BR:MDA-MB-231	LE:RPMI-8226	1
core_029	EX_citr__L_e	CO:HT29	LC:NCI-H226	CO:HT29	LC:NCI-H226	1
core_029	EX_citr__L_e	CO:HT29	LE:RPMI-8226	CO:HT29	LE:RPMI-8226	1
core_029	EX_citr__L_e	LC:HOP-62	LC:NCI-H226	LC:HOP-62	LC:NCI-H226	1
core_029	EX_citr__L_e	LC:HOP-62	LE:RPMI-8226	LC:HOP-62	LE:RPMI-8226	1
core_029	EX_citr__L_e	LC:HOP-92	LC:NCI-H226	LC:HOP-92	LC:NCI-H226	1
core_029	EX_citr__L_e	LC:HOP-92	LE:RPMI-8226	LC:HOP-92	LE:RPMI-8226	1
core_029	EX_citr__L_e	LC:HOP-92	LE:SR	LC:HOP-92	LE:SR	-1
core_029	EX_citr__L_e	LC:NCI-H226	LE:SR	LC:NCI-H226	LE:SR	-1
core_029	EX_citr__L_e	LC:NCI-H226	ME:MALME-3M	LC:NCI-H226	ME:MALME-3M	-1
core_029	EX_citr__L_e	LC:NCI-H226	RE:786-0	LC:NCI-H226	RE:786-0	-1
core_029	EX_citr__L_e	LC:NCI-H226	RE:UO-31	LC:NCI-H226	RE:UO-31	-1
core_029	EX_citr__L_e	LE:RPMI-8226	LE:SR	LE:RPMI-8226	LE:SR	-1
core_029	EX_citr__L_e	LE:RPMI-8226	ME:MALME-3M	LE:RPMI-8226	ME:MALME-3M	-1
core_029	EX_citr__L_e	LE:RPMI-8226	RE:786-0	LE:RPMI-8226	RE:786-0	-1
core_029	EX_citr__L_e	LE:RPMI-8226	RE:UO-31	LE:RPMI-8226	RE:UO-31	-1
core_029	EX_citr__L_e	LE:SR	RE:786-0	LE:SR	RE:786-0	1
core_030	EX_cmp_e	BR:HS 578T	BR:MDA-MB-231	BR:HS 578T	BR:MDA-MB-231	-1
core_030	EX_cmp_e	BR:HS 578T	CO:HT29	BR:HS 578T	CO:HT29	1
core_030	EX_cmp_e	BR:HS 578T	LC:HOP-62	BR:HS 578T	LC:HOP-62	-1
core_030	EX_cmp_e	BR:HS 578T	LC:HOP-92	BR:HS 578T	LC:HOP-92	-1
core_030	EX_cmp_e	BR:HS 578T	LC:NCI-H226	BR:HS 578T	LC:NCI-H226	1
core_030	EX_cmp_e	BR:HS 578T	LE:RPMI-8226	BR:HS 578T	LE:RPMI-8226	-1
core_030	EX_cmp_e	BR:HS 578T	LE:SR	BR:HS 578T	LE:SR	-1
core_030	EX_cmp_e	BR:MDA-MB-231	CO:HT29	BR:MDA-MB-231	CO:HT29	1
core_030	EX_cmp_e	BR:MDA-MB-231	LC:HOP-92	BR:MDA-MB-231	LC:HOP-92	-1
core_030	EX_cmp_e	BR:MDA-MB-231	LC:NCI-H226	BR:MDA-MB-231	LC:NCI-H226	1
core_030	EX_cmp_e	BR:MDA-MB-231	LE:RPMI-8226	BR:MDA-MB-231	LE:RPMI-8226	-1
core_030	EX_cmp_e	BR:MDA-MB-231	LE:SR	BR:MDA-MB-231	LE:SR	-1
core_030	EX_cmp_e	BR:MDA-MB-231	ME:MALME-3M	BR:MDA-MB-231	ME:MALME-3M	1
core_030	EX_cmp_e	BR:MDA-MB-231	RE:786-0	BR:MDA-MB-231	RE:786-0	1
core_030	EX_cmp_e	BR:MDA-MB-231	RE:UO-31	BR:MDA-MB-231	RE:UO-31	1
core_030	EX_cmp_e	CO:HT29	LC:HOP-62	CO:HT29	LC:HOP-62	-1
core_030	EX_cmp_e	CO:HT29	LC:HOP-92	CO:HT29	LC:HOP-92	-1
core_030	EX_cmp_e	CO:HT29	LE:RPMI-8226	CO:HT29	LE:RPMI-8226	-1
core_030	EX_cmp_e	CO:HT29	LE:SR	CO:HT29	LE:SR	-1
core_030	EX_cmp_e	CO:HT29	ME:MALME-3M	CO:HT29	ME:MALME-3M	-1
core_030	EX_cmp_e	CO:HT29	RE:UO-31	CO:HT29	RE:UO-31	-1
core_030	EX_cmp_e	LC:HOP-62	LC:HOP-92	LC:HOP-62	LC:HOP-92	-1
core_030	EX_cmp_e	LC:HOP-62	LC:NCI-H226	LC:HOP-62	LC:NCI-H226	1
core_030	EX_cmp_e	LC:HOP-62	LE:RPMI-8226	LC:HOP-62	LE:RPMI-8226	-1
core_030	EX_cmp_e	LC:HOP-62	LE:SR	LC:HOP-62	LE:SR	-1
core_030	EX_cmp_e	LC:HOP-62	ME:MALME-3M	LC:HOP-62	ME:MALME-3M	1
core_030	EX_cmp_e	LC:HOP-62	RE:786-0	LC:HOP-62	RE:786-0	1
core_030	EX_cmp_e	LC:HOP-62	RE:UO-31	LC:HOP-62	RE:UO-31	1
core_030	EX_cmp_e	LC:HOP-92	LC:NCI-H226	LC:HOP-92	LC:NCI-H226	1
core_030	EX_cmp_e	LC:HOP-92	LE:RPMI-8226	LC:HOP-92	LE:RPMI-8226	-1
core_030	EX_cmp_e	LC:HOP-92	LE:SR	LC:HOP-92	LE:SR	-1
core_030	EX_cmp_e	LC:HOP-92	ME:MALME-3M	LC:HOP-92	ME:MALME-3M	1
core_030	EX_cmp_e	LC:HOP-92	RE:786-0	LC:HOP-92	RE:786-0	1
core_030	EX_cmp_e	LC:HOP-92	RE:UO-31	LC:HOP-92	RE:UO-31	1
core_030	EX_cmp_e	LC:NCI-H226	LE:RPMI-8226	LC:NCI-H226	LE:RPMI-8226	-1
core_030	EX_cmp_e	LC:NCI-H226	LE:SR	LC:NCI-H226	LE:SR	-1
core_030	EX_cmp_e	LC:NCI-H226	ME:MALME-3M	LC:NCI-H226	ME:MALME-3M	-1
core_030	EX_cmp_e	LC:NCI-H226	RE:UO-31	LC:NCI-H226	RE:UO-31	-1
core_030	EX_cmp_e	LE:RPMI-8226	LE:SR	LE:RPMI-8226	LE:SR	1
core_030	EX_cmp_e	LE:RPMI-8226	ME:MALME-3M	LE:RPMI-8226	ME:MALME-3M	1
core_030	EX_cmp_e	LE:RPMI-8226	RE:786-0	LE:RPMI-8226	RE:786-0	1
core_030	EX_cmp_e	LE:RPMI-8226	RE:UO-31	LE:RPMI-8226	RE:UO-31	1
core_030	EX_cmp_e	LE:SR	ME:MALME-3M	LE:SR	ME:MALME-3M	1
core_030	EX_cmp_e	LE:SR	RE:786-0	LE:SR	RE:786-0	1
core_030	EX_cmp_e	LE:SR	RE:UO-31	LE:SR	RE:UO-31	1
core_032	EX_crn_e	BR:HS 578T	BR:MDA-MB-231	BR:HS 578T	BR:MDA-MB-231	1
core_032	EX_crn_e	BR:HS 578T	CO:HT29	BR:HS 578T	CO:HT29	1
core_032	EX_crn_e	BR:HS 578T	LC:HOP-62	BR:HS 578T	LC:HOP-62	1
core_032	EX_crn_e	BR:HS 578T	LC:HOP-92	BR:HS 578T	LC:HOP-92	1
core_032	EX_crn_e	BR:HS 578T	LC:NCI-H226	BR:HS 578T	LC:NCI-H226	1
core_032	EX_crn_e	BR:HS 578T	LE:RPMI-8226	BR:HS 578T	LE:RPMI-8226	1
core_032	EX_crn_e	BR:HS 578T	ME:MALME-3M	BR:HS 578T	ME:MALME-3M	1
core_032	EX_crn_e	BR:HS 578T	RE:786-0	BR:HS 578T	RE:786-0	1
core_032	EX_crn_e	BR:HS 578T	RE:UO-31	BR:HS 578T	RE:UO-31	1
core_032	EX_crn_e	BR:MDA-MB-231	LC:HOP-62	BR:MDA-MB-231	LC:HOP-62	1
core_032	EX_crn_e	BR:MDA-MB-231	LC:HOP-92	BR:MDA-MB-231	LC:HOP-92	1
core_032	EX_crn_e	BR:MDA-MB-231	LC:NCI-H226	BR:MDA-MB-231	LC:NCI-H226	1
core_032	EX_crn_e	BR:MDA-MB-231	LE:RPMI-8226	BR:MDA-MB-231	LE:RPMI-8226	1
core_032	EX_crn_e	BR:MDA-MB-231	LE:SR	BR:MDA-MB-231	LE:SR	-1
core_032	EX_crn_e	BR:MDA-MB-231	ME:MALME-3M	BR:MDA-MB-231	ME:MALME-3M	1
core_032	EX_crn_e	BR:MDA-MB-231	RE:786-0	BR:MDA-MB-231	RE:786-0	1
core_032	EX_crn_e	BR:MDA-MB-231	RE:UO-31	BR:MDA-MB-231	RE:UO-31	1
core_032	EX_crn_e	CO:HT29	LC:HOP-62	CO:HT29	LC:HOP-62	1
core_032	EX_crn_e	CO:HT29	LC:HOP-92	CO:HT29	LC:HOP-92	1
core_032	EX_crn_e	CO:HT29	LC:NCI-H226	CO:HT29	LC:NCI-H226	1
core_032	EX_crn_e	CO:HT29	LE:RPMI-8226	CO:HT29	LE:RPMI-8226	1
core_032	EX_crn_e	CO:HT29	LE:SR	CO:HT29	LE:SR	-1
core_032	EX_crn_e	CO:HT29	ME:MALME-3M	CO:HT29	ME:MALME-3M	1
core_032	EX_crn_e	CO:HT29	RE:786-0	CO:HT29	RE:786-0	1
core_032	EX_crn_e	CO:HT29	RE:UO-31	CO:HT29	RE:UO-31	1
core_032	EX_crn_e	LC:HOP-62	LC:HOP-92	LC:HOP-62	LC:HOP-92	-1
core_032	EX_crn_e	LC:HOP-62	LC:NCI-H226	LC:HOP-62	LC:NCI-H226	1
core_032	EX_crn_e	LC:HOP-62	LE:RPMI-8226	LC:HOP-62	LE:RPMI-8226	1
core_032	EX_crn_e	LC:HOP-62	LE:SR	LC:HOP-62	LE:SR	-1
core_032	EX_crn_e	LC:HOP-62	ME:MALME-3M	LC:HOP-62	ME:MALME-3M	-1
core_032	EX_crn_e	LC:HOP-62	RE:786-0	LC:HOP-62	RE:786-0	-1
core_032	EX_crn_e	LC:HOP-92	LC:NCI-H226	LC:HOP-92	LC:NCI-H226	1
core_032	EX_crn_e	LC:HOP-92	LE:RPMI-8226	LC:HOP-92	LE:RPMI-8226	1
core_032	EX_crn_e	LC:HOP-92	LE:SR	LC:HOP-92	LE:SR	-1
core_032	EX_crn_e	LC:HOP-92	RE:UO-31	LC:HOP-92	RE:UO-31	1
core_032	EX_crn_e	LC:NCI-H226	LE:RPMI-8226	LC:NCI-H226	LE:RPMI-8226	1
core_032	EX_crn_e	LC:NCI-H226	LE:SR	LC:NCI-H226	LE:SR	-1
core_032	EX_crn_e	LC:NCI-H226	ME:MALME-3M	LC:NCI-H226	ME:MALME-3M	-1
core_032	EX_crn_e	LC:NCI-H226	RE:786-0	LC:NCI-H226	RE:786-0	-1
core_032	EX_crn_e	LC:NCI-H226	RE:UO-31	LC:NCI-H226	RE:UO-31	-1
core_032	EX_crn_e	LE:RPMI-8226	LE:SR	LE:RPMI-8226	LE:SR	-1
core_032	EX_crn_e	LE:RPMI-8226	ME:MALME-3M	LE:RPMI-8226	ME:MALME-3M	-1
core_032	EX_crn_e	LE:RPMI-8226	RE:786-0	LE:RPMI-8226	RE:786-0	-1
core_032	EX_crn_e	LE:RPMI-8226	RE:UO-31	LE:RPMI-8226	RE:UO-31	-1
core_032	EX_crn_e	LE:SR	ME:MALME-3M	LE:SR	ME:MALME-3M	1
core_032	EX_crn_e	LE:SR	RE:786-0	LE:SR	RE:786-0	1
core_032	EX_crn_e	LE:SR	RE:UO-31	LE:SR	RE:UO-31	1
core_032	EX_crn_e	ME:MALME-3M	RE:786-0	ME:MALME-3M	RE:786-0	1
core_032	EX_crn_e	ME:MALME-3M	RE:UO-31	ME:MALME-3M	RE:UO-31	1
core_032	EX_crn_e	RE:786-0	RE:UO-31	RE:786-0	RE:UO-31	1
core_034	EX_cyst__L_e	BR:HS 578T	BR:MDA-MB-231	BR:HS 578T	BR:MDA-MB-231	1
core_034	EX_cyst__L_e	BR:HS 578T	CO:HT29	BR:HS 578T	CO:HT29	1
core_034	EX_cyst__L_e	BR:HS 578T	LC:HOP-62	BR:HS 578T	LC:HOP-62	1
core_034	EX_cyst__L_e	BR:HS 578T	LC:HOP-92	BR:HS 578T	LC:HOP-92	1
core_034	EX_cyst__L_e	BR:HS 578T	LC:NCI-H226	BR:HS 578T	LC:NCI-H226	1
core_034	EX_cyst__L_e	BR:HS 578T	LE:RPMI-8226	BR:HS 578T	LE:RPMI-8226	1
core_034	EX_cyst__L_e	BR:HS 578T	LE:SR	BR:HS 578T	LE:SR	1
core_034	EX_cyst__L_e	BR:HS 578T	ME:MALME-3M	BR:HS 578T	ME:MALME-3M	1
core_034	EX_cyst__L_e	BR:HS 578T	RE:786-0	BR:HS 578T	RE:786-0	1
core_034	EX_cyst__L_e	BR:HS 578T	RE:UO-31	BR:HS 578T	RE:UO-31	1
core_034	EX_cyst__L_e	BR:MDA-MB-231	LC:NCI-H226	BR:MDA-MB-231	LC:NCI-H226	-1
core_034	EX_cyst__L_e	BR:MDA-MB-231	LE:RPMI-8226	BR:MDA-MB-231	LE:RPMI-8226	-1
core_034	EX_cyst__L_e	CO:HT29	LC:HOP-92	CO:HT29	LC:HOP-92	1
core_034	EX_cyst__L_e	CO:HT29	LC:NCI-H226	CO:HT29	LC:NCI-H226	-1
core_034	EX_cyst__L_e	CO:HT29	LE:RPMI-8226	CO:HT29	LE:RPMI-8226	-1
core_034	EX_cyst__L_e	LC:HOP-62	LC:HOP-92	LC:HOP-62	LC:HOP-92	1
core_034	EX_cyst__L_e	LC:HOP-62	LC:NCI-H226	LC:HOP-62	LC:NCI-H226	-1
core_034	EX_cyst__L_e	LC:HOP-62	LE:RPMI-8226	LC:HOP-62	LE:RPMI-8226	-1
core_034	EX_cyst__L_e	LC:HOP-92	LC:NCI-H226	LC:HOP-92	LC:NCI-H226	-1
core_034	EX_cyst__L_e	LC:HOP-92	LE:RPMI-8226	LC:HOP-92	LE:RPMI-8226	-1
core_034	EX_cyst__L_e	LC:HOP-92	RE:UO-31	LC:HOP-92	RE:UO-31	-1
core_034	EX_cyst__L_e	LC:NCI-H226	LE:RPMI-8226	LC:NCI-H226	LE:RPMI-8226	1
core_034	EX_cyst__L_e	LC:NCI-H226	LE:SR	LC:NCI-H226	LE:SR	1
core_034	EX_cyst__L_e	LC:NCI-H226	ME:MALME-3M	LC:NCI-H226	ME:MALME-3M	1
core_034	EX_cyst__L_e	LC:NCI-H226	RE:786-0	LC:NCI-H226	RE:786-0	1
core_034	EX_cyst__L_e	LC:NCI-H226	RE:UO-31	LC:NCI-H226	RE:UO-31	1
core_034	EX_cyst__L_e	LE:RPMI-8226	LE:SR	LE:RPMI-8226	LE:SR	1
core_034	EX_cyst__L_e	LE:RPMI-8226	ME:MALME-3M	LE:RPMI-8226	ME:MALME-3M	1
core_034	EX_cyst__L_e	LE:RPMI-8226	RE:786-0	LE:RPMI-8226	RE:786-0	1
core_034	EX_cyst__L_e	LE:RPMI-8226	RE:UO-31	LE:RPMI-8226	RE:UO-31	1
core_035	EX_cytd_e	BR:HS 578T	BR:MDA-MB-231	BR:HS 578T	BR:MDA-MB-231	-1
core_035	EX_cytd_e	BR:HS 578T	LC:HOP-62	BR:HS 578T	LC:HOP-62	-1
core_035	EX_cytd_e	BR:HS 578T	LC:HOP-92	BR:HS 578T	LC:HOP-92	1
core_035	EX_cytd_e	BR:HS 578T	LC:NCI-H226	BR:HS 578T	LC:NCI-H226	-1
core_035	EX_cytd_e	BR:HS 578T	LE:RPMI-8226	BR:HS 578T	LE:RPMI-8226	-1
core_035	EX_cytd_e	BR:HS 578T	LE:SR	BR:HS 578T	LE:SR	-1
core_035	EX_cytd_e	BR:HS 578T	ME:MALME-3M	BR:HS 578T	ME:MALME-3M	-1
core_035	EX_cytd_e	BR:HS 578T	RE:786-0	BR:HS 578T	RE:786-0	-1
core_035	EX_cytd_e	BR:HS 578T	RE:UO-31	BR:HS 578T	RE:UO-31	-1
core_035	EX_cytd_e	BR:MDA-MB-231	CO:HT29	BR:MDA-MB-231	CO:HT29	1
core_035	EX_cytd_e	BR:MDA-MB-231	LC:HOP-62	BR:MDA-MB-231	LC:HOP-62	1
core_035	EX_cytd_e	BR:MDA-MB-231	LC:HOP-92	BR:MDA-MB-231	LC:HOP-92	1
core_035	EX_cytd_e	BR:MDA-MB-231	LC:NCI-H226	BR:MDA-MB-231	LC:NCI-H226	-1
core_035	EX_cytd_e	BR:MDA-MB-231	LE:RPMI-8226	BR:MDA-MB-231	LE:RPMI-8226	1
core_035	EX_cytd_e	BR:MDA-MB-231	ME:MALME-3M	BR:MDA-MB-231	ME:MALME-3M	-1
core_035	EX_cytd_e	BR:MDA-MB-231	RE:786-0	BR:MDA-MB-231	RE:786-0	1
core_035	EX_cytd_e	BR:MDA-MB-231	RE:UO-31	BR:MDA-MB-231	RE:UO-31	1
core_035	EX_cytd_e	CO:HT29	LC:HOP-62	CO:HT29	LC:HOP-62	-1
core_035	EX_cytd_e	CO:HT29	LC:HOP-92	CO:HT29	LC:HOP-92	1
core_035	EX_cytd_e	CO:HT29	LC:NCI-H226	CO:HT29	LC:NCI-H226	-1
core_035	EX_cytd_e	CO:HT29	LE:RPMI-8226	CO:HT29	LE:RPMI-8226	-1
core_035	EX_cytd_e	CO:HT29	LE:SR	CO:HT29	LE:SR	-1
core_035	EX_cytd_e	CO:HT29	ME:MALME-3M	CO:HT29	ME:MALME-3M	-1
core_035	EX_cytd_e	CO:HT29	RE:786-0	CO:HT29	RE:786-0	-1
core_035	EX_cytd_e	CO:HT29	RE:UO-31	CO:HT29	RE:UO-31	-1
core_035	EX_cytd_e	LC:HOP-62	LC:HOP-92	LC:HOP-62	LC:HOP-92	1
core_035	EX_cytd_e	LC:HOP-62	LC:NCI-H226	LC:HOP-62	LC:NCI-H226	-1
core_035	EX_cytd_e	LC:HOP-62	LE:SR	LC:HOP-62	LE:SR	-1
core_035	EX_cytd_e	LC:HOP-62	ME:MALME-3M	LC:HOP-62	ME:MALME-3M	-1
core_035	EX_cytd_e	LC:HOP-62	RE:786-0	LC:HOP-62	RE:786-0	-1
core_035	EX_cytd_e	LC:HOP-62	RE:UO-31	LC:HOP-62	RE:UO-31	-1
core_035	EX_cytd_e	LC:HOP-92	LC:NCI-H226	LC:HOP-92	LC:NCI-H226	-1
core_035	EX_cytd_e	LC:HOP-92	LE:RPMI-8226	LC:HOP-92	LE:RPMI-8226	-1
core_035	EX_cytd_e	LC:HOP-92	LE:SR	LC:HOP-92	LE:SR	-1
core_035	EX_cytd_e	LC:HOP-92	ME:MALME-3M	LC:HOP-92	ME:MALME-3M	-1
core_035	EX_cytd_e	LC:HOP-92	RE:786-0	LC:HOP-92	RE:786-0	-1
core_035	EX_cytd_e	LC:HOP-92	RE:UO-31	LC:HOP-92	RE:UO-31	-1
core_035	EX_cytd_e	LC:NCI-H226	LE:RPMI-8226	LC:NCI-H226	LE:RPMI-8226	1
core_035	EX_cytd_e	LC:NCI-H226	LE:SR	LC:NCI-H226	LE:SR	1
core_035	EX_cytd_e	LC:NCI-H226	ME:MALME-3M	LC:NCI-H226	ME:MALME-3M	1
core_035	EX_cytd_e	LC:NCI-H226	RE:786-0	LC:NCI-H226	RE:786-0	1
core_035	EX_cytd_e	LC:NCI-H226	RE:UO-31	LC:NCI-H226	RE:UO-31	1
core_035	EX_cytd_e	LE:RPMI-8226	LE:SR	LE:RPMI-8226	LE:SR	-1
core_035	EX_cytd_e	LE:RPMI-8226	ME:MALME-3M	LE:RPMI-8226	ME:MALME-3M	-1
core_035	EX_cytd_e	LE:RPMI-8226	RE:UO-31	LE:RPMI-8226	RE:UO-31	-1
core_035	EX_cytd_e	LE:SR	RE:786-0	LE:SR	RE:786-0	1
core_035	EX_cytd_e	LE:SR	RE:UO-31	LE:SR	RE:UO-31	1
core_035	EX_cytd_e	ME:MALME-3M	RE:786-0	ME:MALME-3M	RE:786-0	1
core_035	EX_cytd_e	ME:MALME-3M	RE:UO-31	ME:MALME-3M	RE:UO-31	1
core_035	EX_cytd_e	RE:786-0	RE:UO-31	RE:786-0	RE:UO-31	-1
core_037	EX_dcmp_e	BR:HS 578T	CO:HT29	BR:HS 578T	CO:HT29	1
core_037	EX_dcmp_e	BR:HS 578T	LC:HOP-62	BR:HS 578T	LC:HOP-62	1
core_037	EX_dcmp_e	BR:HS 578T	LC:HOP-92	BR:HS 578T	LC:HOP-92	1
core_037	EX_dcmp_e	BR:HS 578T	LE:RPMI-8226	BR:HS 578T	LE:RPMI-8226	-1
core_037	EX_dcmp_e	BR:HS 578T	ME:MALME-3M	BR:HS 578T	ME:MALME-3M	1
core_037	EX_dcmp_e	BR:HS 578T	RE:786-0	BR:HS 578T	RE:786-0	1
core_037	EX_dcmp_e	BR:HS 578T	RE:UO-31	BR:HS 578T	RE:UO-31	1
core_037	EX_dcmp_e	BR:MDA-MB-231	LE:RPMI-8226	BR:MDA-MB-231	LE:RPMI-8226	-1
core_037	EX_dcmp_e	BR:MDA-MB-231	LE:SR	BR:MDA-MB-231	LE:SR	-1
core_037	EX_dcmp_e	CO:HT29	LE:RPMI-8226	CO:HT29	LE:RPMI-8226	-1
core_037	EX_dcmp_e	CO:HT29	LE:SR	CO:HT29	LE:SR	-1
core_037	EX_dcmp_e	LC:HOP-62	LE:RPMI-8226	LC:HOP-62	LE:RPMI-8226	-1
core_037	EX_dcmp_e	LC:HOP-62	LE:SR	LC:HOP-62	LE:SR	-1
core_037	EX_dcmp_e	LC:HOP-92	LE:RPMI-8226	LC:HOP-92	LE:RPMI-8226	-1
core_037	EX_dcmp_e	LC:HOP-92	LE:SR	LC:HOP-92	LE:SR	-1
core_037	EX_dcmp_e	LC:NCI-H226	LE:RPMI-8226	LC:NCI-H226	LE:RPMI-8226	-1
core_037	EX_dcmp_e	LC:NCI-H226	LE:SR	LC:NCI-H226	LE:SR	-1
core_037	EX_dcmp_e	LE:RPMI-8226	LE:SR	LE:RPMI-8226	LE:SR	1
core_037	EX_dcmp_e	LE:RPMI-8226	ME:MALME-3M	LE:RPMI-8226	ME:MALME-3M	1
core_037	EX_dcmp_e	LE:RPMI-8226	RE:786-0	LE:RPMI-8226	RE:786-0	1
core_037	EX_dcmp_e	LE:RPMI-8226	RE:UO-31	LE:RPMI-8226	RE:UO-31	1
core_037	EX_dcmp_e	LE:SR	ME:MALME-3M	LE:SR	ME:MALME-3M	1
core_037	EX_dcmp_e	LE:SR	RE:786-0	LE:SR	RE:786-0	1
core_037	EX_dcmp_e	LE:SR	RE:UO-31	LE:SR	RE:UO-31	1
core_038	EX_dcyt_e	BR:HS 578T	CO:HT29	BR:HS 578T	CO:HT29	-1
core_038	EX_dcyt_e	BR:HS 578T	LC:HOP-92	BR:HS 578T	LC:HOP-92	1
core_038	EX_dcyt_e	BR:HS 578T	LC:NCI-H226	BR:HS 578T	LC:NCI-H226	-1
core_038	EX_dcyt_e	BR:HS 578T	LE:RPMI-8226	BR:HS 578T	LE:RPMI-8226	-1
core_038	EX_dcyt_e	BR:HS 578T	LE:SR	BR:HS 578T	LE:SR	-1
core_038	EX_dcyt_e	BR:MDA-MB-231	CO:HT29	BR:MDA-MB-231	CO:HT29	-1
core_038	EX_dcyt_e	BR:MDA-MB-231	LC:HOP-92	BR:MDA-MB-231	LC:HOP-92	1
core_038	EX_dcyt_e	BR:MDA-MB-231	LC:NCI-H226	BR:MDA-MB-231	LC:NCI-H226	-1
core_038	EX_dcyt_e	BR:MDA-MB-231	LE:RPMI-8226	BR:MDA-MB-231	LE:RPMI-8226	-1
core_038	EX_dcyt_e	BR:MDA-MB-231	LE:SR	BR:MDA-MB-231	LE:SR	-1
core_038	EX_dcyt_e	CO:HT29	LC:HOP-62	CO:HT29	LC:HOP-62	1
core_038	EX_dcyt_e	CO:HT29	LC:HOP-92	CO:HT29	LC:HOP-92	1
core_038	EX_dcyt_e	CO:HT29	LC:NCI-H226	CO:HT29	LC:NCI-H226	-1
core_038	EX_dcyt_e	CO:HT29	LE:RPMI-8226	CO:HT29	LE:RPMI-8226	-1
core_038	EX_dcyt_e	CO:HT29	LE:SR	CO:HT29	LE:SR	-1
core_038	EX_dcyt_e	CO:HT29	ME:MALME-3M	CO:HT29	ME:MALME-3M	1
core_038	EX_dcyt_e	CO:HT29	RE:786-0	CO:HT29	RE:786-0	1
core_038	EX_dcyt_e	CO:HT29	RE:UO-31	CO:HT29	RE:UO-31	1
core_038	EX_dcyt_e	LC:HOP-62	LC:HOP-92	LC:HOP-62	LC:HOP-92	1
core_038	EX_dcyt_e	LC:HOP-62	LC:NCI-H226	LC:HOP-62	LC:NCI-H226	-1
core_038	EX_dcyt_e	LC:HOP-62	LE:RPMI-8226	LC:HOP-62	LE:RPMI-8226	-1
core_038	EX_dcyt_e	LC:HOP-62	LE:SR	LC:HOP-62	LE:SR	-1
core_038	EX_dcyt_e	LC:HOP-92	LC:NCI-H226	LC:HOP-92	LC:NCI-H226	-1
core_038	EX_dcyt_e	LC:HOP-92	LE:RPMI-8226	LC:HOP-92	LE:RPMI-8226	-1
core_038	EX_dcyt_e	LC:HOP-92	LE:SR	LC:HOP-92	LE:SR	-1
core_038	EX_dcyt_e	LC:HOP-92	ME:MALME-3M	LC:HOP-92	ME:MALME-3M	-1
core_038	EX_dcyt_e	LC:HOP-92	RE:786-0	LC:HOP-92	RE:786-0	-1
core_038	EX_dcyt_e	LC:HOP-92	RE:UO-31	LC:HOP-92	RE:UO-31	-1
core_038	EX_dcyt_e	LC:NCI-H226	LE:RPMI-8226	LC:NCI-H226	LE:RPMI-8226	1
core_038	EX_dcyt_e	LC:NCI-H226	ME:MALME-3M	LC:NCI-H226	ME:MALME-3M	1
core_038	EX_dcyt_e	LC:NCI-H226	RE:786-0	LC:NCI-H226	RE:786-0	1
core_038	EX_dcyt_e	LC:NCI-H226	RE:UO-31	LC:NCI-H226	RE:UO-31	1
core_038	EX_dcyt_e	LE:RPMI-8226	LE:SR	LE:RPMI-8226	LE:SR	-1
core_038	EX_dcyt_e	LE:RPMI-8226	ME:MALME-3M	LE:RPMI-8226	ME:MALME-3M	1
core_038	EX_dcyt_e	LE:RPMI-8226	RE:786-0	LE:RPMI-8226	RE:786-0	1
core_038	EX_dcyt_e	LE:RPMI-8226	RE:UO-31	LE:RPMI-8226	RE:UO-31	1
core_038	EX_dcyt_e	LE:SR	ME:MALME-3M	LE:SR	ME:MALME-3M	1
core_038	EX_dcyt_e	LE:SR	RE:786-0	LE:SR	RE:786-0	1
core_038	EX_dcyt_e	LE:SR	RE:UO-31	LE:SR	RE:UO-31	1
core_039	EX_dhap_e	BR:HS 578T	BR:MDA-MB-231	BR:HS 578T	BR:MDA-MB-231	1
core_039	EX_dhap_e	BR:HS 578T	CO:HT29	BR:HS 578T	CO:HT29	1
core_039	EX_dhap_e	BR:HS 578T	LC:HOP-62	BR:HS 578T	LC:HOP-62	1
core_039	EX_dhap_e	BR:HS 578T	LC:HOP-92	BR:HS 578T	LC:HOP-92	1
core_039	EX_dhap_e	BR:HS 578T	LC:NCI-H226	BR:HS 578T	LC:NCI-H226	1
core_039	EX_dhap_e	BR:HS 578T	LE:RPMI-8226	BR:HS 578T	LE:RPMI-8226	1
core_039	EX_dhap_e	BR:HS 578T	LE:SR	BR:HS 578T	LE:SR	1
core_039	EX_dhap_e	BR:HS 578T	ME:MALME-3M	BR:HS 578T	ME:MALME-3M	1
core_039	EX_dhap_e	BR:HS 578T	RE:786-0	BR:HS 578T	RE:786-0	1
core_039	EX_dhap_e	BR:HS 578T	RE:UO-31	BR:HS 578T	RE:UO-31	1
core_039	EX_dhap_e	BR:MDA-MB-231	CO:HT29	BR:MDA-MB-231	CO:HT29	1
core_039	EX_dhap_e	BR:MDA-MB-231	LC:HOP-62	BR:MDA-MB-231	LC:HOP-62	-1
core_039	EX_dhap_e	BR:MDA-MB-231	LC:HOP-92	BR:MDA-MB-231	LC:HOP-92	-1
core_039	EX_dhap_e	BR:MDA-MB-231	LC:NCI-H226	BR:MDA-MB-231	LC:NCI-H226	1
core_039	EX_dhap_e	BR:MDA-MB-231	LE:RPMI-8226	BR:MDA-MB-231	LE:RPMI-8226	1
core_039	EX_dhap_e	BR:MDA-MB-231	LE:SR	BR:MDA-MB-231	LE:SR	-1
core_039	EX_dhap_e	BR:MDA-MB-231	ME:MALME-3M	BR:MDA-MB-231	ME:MALME-3M	1
core_039	EX_dhap_e	BR:MDA-MB-231	RE:UO-31	BR:MDA-MB-231	RE:UO-31	1
core_039	EX_dhap_e	CO:HT29	LC:HOP-62	CO:HT29	LC:HOP-62	-1
core_039	EX_dhap_e	CO:HT29	LC:HOP-92	CO:HT29	LC:HOP-92	-1
core_039	EX_dhap_e	CO:HT29	LC:NCI-H226	CO:HT29	LC:NCI-H226	-1
core_039	EX_dhap_e	CO:HT29	LE:RPMI-8226	CO:HT29	LE:RPMI-8226	-1
core_039	EX_dhap_e	CO:HT29	LE:SR	CO:HT29	LE:SR	-1
core_039	EX_dhap_e	CO:HT29	RE:786-0	CO:HT29	RE:786-0	-1
core_039	EX_dhap_e	CO:HT29	RE:UO-31	CO:HT29	RE:UO-31	-1
core_039	EX_dhap_e	LC:HOP-62	LC:HOP-92	LC:HOP-62	LC:HOP-92	-1
core_039	EX_dhap_e	LC:HOP-62	LC:NCI-H226	LC:HOP-62	LC:NCI-H226	1
core_039	EX_dhap_e	LC:HOP-62	LE:RPMI-8226	LC:HOP-62	LE:RPMI-8226	1
core_039	EX_dhap_e	LC:HOP-62	LE:SR	LC:HOP-62	LE:SR	-1
core_039	EX_dhap_e	LC:HOP-62	ME:MALME-3M	LC:HOP-62	ME:MALME-3M	1
core_039	EX_dhap_e	LC:HOP-62	RE:786-0	LC:HOP-62	RE:786-0	1
core_039	EX_dhap_e	LC:HOP-62	RE:UO-31	LC:HOP-62	RE:UO-31	1
core_039	EX_dhap_e	LC:HOP-92	LC:NCI-H226	LC:HOP-92	LC:NCI-H226	1
core_039	EX_dhap_e	LC:HOP-92	LE:RPMI-8226	LC:HOP-92	LE:RPMI-8226	1
core_039	EX_dhap_e	LC:HOP-92	LE:SR	LC:HOP-92	LE:SR	1
core_039	EX_dhap_e	LC:HOP-92	ME:MALME-3M	LC:HOP-92	ME:MALME-3M	1
core_039	EX_dhap_e	LC:HOP-92	RE:786-0	LC:HOP-92	RE:786-0	1
core_039	EX_dhap_e	LC:HOP-92	RE:UO-31	LC:HOP-92	RE:UO-31	1
core_039	EX_dhap_e	LC:NCI-H226	LE:SR	LC:NCI-H226	LE:SR	-1
core_039	EX_dhap_e	LC:NCI-H226	ME:MALME-3M	LC:NCI-H226	ME:MALME-3M	1
core_039	EX_dhap_e	LC:NCI-H226	RE:786-0	LC:NCI-H226	RE:786-0	-1
core_039	EX_dhap_e	LE:RPMI-8226	LE:SR	LE:RPMI-8226	LE:SR	-1
core_039	EX_dhap_e	LE:RPMI-8226	ME:MALME-3M	LE:RPMI-8226	ME:MALME-3M	1
core_039	EX_dhap_e	LE:RPMI-8226	RE:786-0	LE:RPMI-8226	RE:786-0	-1
core_039	EX_dhap_e	LE:SR	ME:MALME-3M	LE:SR	ME:MALME-3M	1
core_039	EX_dhap_e	LE:SR	RE:786-0	LE:SR	RE:786-0	1
core_039	EX_dhap_e	LE:SR	RE:UO-31	LE:SR	RE:UO-31	1
core_039	EX_dhap_e	ME:MALME-3M	RE:786-0	ME:MALME-3M	RE:786-0	-1
core_039	EX_dhap_e	ME:MALME-3M	RE:UO-31	ME:MALME-3M	RE:UO-31	-1
core_039	EX_dhap_e	RE:786-0	RE:UO-31	RE:786-0	RE:UO-31	1
core_040	EX_dmgly_e	BR:MDA-MB-231	CO:HT29	BR:MDA-MB-231	CO:HT29	1
core_040	EX_dmgly_e	CO:HT29	LC:HOP-92	CO:HT29	LC:HOP-92	-1
core_040	EX_dmgly_e	CO:HT29	LE:RPMI-8226	CO:HT29	LE:RPMI-8226	-1
core_040	EX_dmgly_e	CO:HT29	LE:SR	CO:HT29	LE:SR	-1
core_040	EX_dmgly_e	CO:HT29	ME:MALME-3M	CO:HT29	ME:MALME-3M	-1
core_040	EX_dmgly_e	LC:HOP-62	LC:HOP-92	LC:HOP-62	LC:HOP-92	-1
core_041	EX_duri_e	BR:HS 578T	BR:MDA-MB-231	BR:HS 578T	BR:MDA-MB-231	-1
core_041	EX_duri_e	BR:HS 578T	CO:HT29	BR:HS 578T	CO:HT29	-1
core_041	EX_duri_e	BR:HS 578T	LC:HOP-62	BR:HS 578T	LC:HOP-62	-1
core_041	EX_duri_e	BR:HS 578T	LC:HOP-92	BR:HS 578T	LC:HOP-92	1
core_041	EX_duri_e	BR:HS 578T	LC:NCI-H226	BR:HS 578T	LC:NCI-H226	-1
core_041	EX_duri_e	BR:HS 578T	LE:RPMI-8226	BR:HS 578T	LE:RPMI-8226	-1
core_041	EX_duri_e	BR:HS 578T	LE:SR	BR:HS 578T	LE:SR	-1
core_041	EX_duri_e	BR:HS 578T	ME:MALME-3M	BR:HS 578T	ME:MALME-3M	1
core_041	EX_duri_e	BR:HS 578T	RE:UO-31	BR:HS 578T	RE:UO-31	-1
core_041	EX_duri_e	BR:MDA-MB-231	CO:HT29	BR:MDA-MB-231	CO:HT29	1
core_041	EX_duri_e	BR:MDA-MB-231	LC:HOP-62	BR:MDA-MB-231	LC:HOP-62	1
core_041	EX_duri_e	BR:MDA-MB-231	LC:HOP-92	BR:MDA-MB-231	LC:HOP-92	1
core_041	EX_duri_e	BR:MDA-MB-231	LE:RPMI-8226	BR:MDA-MB-231	LE:RPMI-8226	1
core_041	EX_duri_e	BR:MDA-MB-231	LE:SR	BR:MDA-MB-231	LE:SR	1
core_041	EX_duri_e	BR:MDA-MB-231	ME:MALME-3M	BR:MDA-MB-231	ME:MALME-3M	1
core_041	EX_duri_e	BR:MDA-MB-231	RE:786-0	BR:MDA-MB-231	RE:786-0	1
core_041	EX_duri_e	BR:MDA-MB-231	RE:UO-31	BR:MDA-MB-231	RE:UO-31	-1
core_041	EX_duri_e	CO:HT29	LC:HOP-92	CO:HT29	LC:HOP-92	1
core_041	EX_duri_e	CO:HT29	LC:NCI-H226	CO:HT29	LC:NCI-H226	-1
core_041	EX_duri_e	CO:HT29	LE:RPMI-8226	CO:HT29	LE:RPMI-8226	1
core_041	EX_duri_e	CO:HT29	ME:MALME-3M	CO:HT29	ME:MALME-3M	1
core_041	EX_duri_e	CO:HT29	RE:786-0	CO:HT29	RE:786-0	1
core_041	EX_duri_e	CO:HT29	RE:UO-31	CO:HT29	RE:UO-31	-1
core_041	EX_duri_e	LC:HOP-62	LC:HOP-92	LC:HOP-62	LC:HOP-92	1
core_041	EX_duri_e	LC:HOP-62	LC:NCI-H226	LC:HOP-62	LC:NCI-H226	-1
core_041	EX_duri_e	LC:HOP-62	LE:RPMI-8226	LC:HOP-62	LE:RPMI-8226	1
core_041	EX_duri_e	LC:HOP-62	ME:MALME-3M	LC:HOP-62	ME:MALME-3M	1
core_041	EX_duri_e	LC:HOP-62	RE:786-0	LC:HOP-62	RE:786-0	1
core_041	EX_duri_e	LC:HOP-62	RE:UO-31	LC:HOP-62	RE:UO-31	-1
core_041	EX_duri_e	LC:HOP-92	LC:NCI-H226	LC:HOP-92	LC:NCI-H226	-1
core_041	EX_duri_e	LC:HOP-92	LE:RPMI-8226	LC:HOP-92	LE:RPMI-8226	-1
core_041	EX_duri_e	LC:HOP-92	LE:SR	LC:HOP-92	LE:SR	-1
core_041	EX_duri_e	LC:HOP-92	RE:786-0	LC:HOP-92	RE:786-0	-1
core_041	EX_duri_e	LC:HOP-92	RE:UO-31	LC:HOP-92	RE:UO-31	-1
core_041	EX_duri_e	LC:NCI-H226	LE:RPMI-8226	LC:NCI-H226	LE:RPMI-8226	1
core_041	EX_duri_e	LC:NCI-H226	LE:SR	LC:NCI-H226	LE:SR	1
core_041	EX_duri_e	LC:NCI-H226	ME:MALME-3M	LC:NCI-H226	ME:MALME-3M	1
core_041	EX_duri_e	LC:NCI-H226	RE:786-0	LC:NCI-H226	RE:786-0	1
core_041	EX_duri_e	LC:NCI-H226	RE:UO-31	LC:NCI-H226	RE:UO-31	-1
core_041	EX_duri_e	LE:RPMI-8226	LE:SR	LE:RPMI-8226	LE:SR	-1
core_041	EX_duri_e	LE:RPMI-8226	ME:MALME-3M	LE:RPMI-8226	ME:MALME-3M	1
core_041	EX_duri_e	LE:RPMI-8226	RE:786-0	LE:RPMI-8226	RE:786-0	1
core_041	EX_duri_e	LE:RPMI-8226	RE:UO-31	LE:RPMI-8226	RE:UO-31	-1
core_041	EX_duri_e	LE:SR	ME:MALME-3M	LE:SR	ME:MALME-3M	1
core_041	EX_duri_e	LE:SR	RE:786-0	LE:SR	RE:786-0	1
core_041	EX_duri_e	LE:SR	RE:UO-31	LE:SR	RE:UO-31	-1
core_041	EX_duri_e	ME:MALME-3M	RE:UO-31	ME:MALME-3M	RE:UO-31	-1
core_041	EX_duri_e	RE:786-0	RE:UO-31	RE:786-0	RE:UO-31	-1
core_042	EX_ethamp_e	BR:HS 578T	LC:HOP-62	BR:HS 578T	LC:HOP-62	1
core_042	EX_ethamp_e	BR:HS 578T	LC:HOP-92	BR:HS 578T	LC:HOP-92	-1
core_042	EX_ethamp_e	BR:HS 578T	LC:NCI-H226	BR:HS 578T	LC:NCI-H226	-1
core_042	EX_ethamp_e	BR:HS 578T	LE:SR	BR:HS 578T	LE:SR	-1
core_042	EX_ethamp_e	BR:HS 578T	RE:UO-31	BR:HS 578T	RE:UO-31	-1
core_042	EX_ethamp_e	BR:MDA-MB-231	CO:HT29	BR:MDA-MB-231	CO:HT29	-1
core_042	EX_ethamp_e	BR:MDA-MB-231	LC:HOP-92	BR:MDA-MB-231	LC:HOP-92	-1
core_042	EX_ethamp_e	BR:MDA-MB-231	LC:NCI-H226	BR:MDA-MB-231	LC:NCI-H226	-1
core_042	EX_ethamp_e	BR:MDA-MB-231	LE:RPMI-8226	BR:MDA-MB-231	LE:RPMI-8226	-1
core_042	EX_ethamp_e	BR:MDA-MB-231	LE:SR	BR:MDA-MB-231	LE:SR	-1
core_042	EX_ethamp_e	BR:MDA-MB-231	ME:MALME-3M	BR:MDA-MB-231	ME:MALME-3M	-1
core_042	EX_ethamp_e	BR:MDA-MB-231	RE:786-0	BR:MDA-MB-231	RE:786-0	-1
core_042	EX_ethamp_e	BR:MDA-MB-231	RE:UO-31	BR:MDA-MB-231	RE:UO-31	-1
core_042	EX_ethamp_e	CO:HT29	LC:HOP-62	CO:HT29	LC:HOP-62	1
core_042	EX_ethamp_e	CO:HT29	LC:HOP-92	CO:HT29	LC:HOP-92	-1
core_042	EX_ethamp_e	CO:HT29	LC:NCI-H226	CO:HT29	LC:NCI-H226	-1
core_042	EX_ethamp_e	CO:HT29	LE:SR	CO:HT29	LE:SR	-1
core_042	EX_ethamp_e	LC:HOP-62	LC:HOP-92	LC:HOP-62	LC:HOP-92	-1
core_042	EX_ethamp_e	LC:HOP-62	LC:NCI-H226	LC:HOP-62	LC:NCI-H226	-1
core_042	EX_ethamp_e	LC:HOP-62	LE:RPMI-8226	LC:HOP-62	LE:RPMI-8226	-1
core_042	EX_ethamp_e	LC:HOP-62	LE:SR	LC:HOP-62	LE:SR	-1
core_042	EX_ethamp_e	LC:HOP-62	ME:MALME-3M	LC:HOP-62	ME:MALME-3M	-1
core_042	EX_ethamp_e	LC:HOP-62	RE:786-0	LC:HOP-62	RE:786-0	-1
core_042	EX_ethamp_e	LC:HOP-62	RE:UO-31	LC:HOP-62	RE:UO-31	-1
core_042	EX_ethamp_e	LC:HOP-92	LC:NCI-H226	LC:HOP-92	LC:NCI-H226	1
core_042	EX_ethamp_e	LC:HOP-92	LE:RPMI-8226	LC:HOP-92	LE:RPMI-8226	1
core_042	EX_ethamp_e	LC:HOP-92	ME:MALME-3M	LC:HOP-92	ME:MALME-3M	1
core_042	EX_ethamp_e	LC:HOP-92	RE:786-0	LC:HOP-92	RE:786-0	1
core_042	EX_ethamp_e	LC:HOP-92	RE:UO-31	LC:HOP-92	RE:UO-31	1
core_042	EX_ethamp_e	LC:NCI-H226	LE:RPMI-8226	LC:NCI-H226	LE:RPMI-8226	1
core_042	EX_ethamp_e	LC:NCI-H226	LE:SR	LC:NCI-H226	LE:SR	-1
core_042	EX_ethamp_e	LC:NCI-H226	ME:MALME-3M	LC:NCI-H226	ME:MALME-3M	1
core_042	EX_ethamp_e	LC:NCI-H226	RE:786-0	LC:NCI-H226	RE:786-0	1
core_042	EX_ethamp_e	LC:NCI-H226	RE:UO-31	LC:NCI-H226	RE:UO-31	1
core_042	EX_ethamp_e	LE:RPMI-8226	LE:SR	LE:RPMI-8226	LE:SR	-1
core_042	EX_ethamp_e	LE:SR	ME:MALME-3M	LE:SR	ME:MALME-3M	1
core_042	EX_ethamp_e	LE:SR	RE:786-0	LE:SR	RE:786-0	1
core_042	EX_ethamp_e	LE:SR	RE:UO-31	LE:SR	RE:UO-31	1
core_043	EX_fol_e	BR:HS 578T	CO:HT29	BR:HS 578T	CO:HT29	-1
core_043	EX_fol_e	BR:HS 578T	ME:MALME-3M	BR:HS 578T	ME:MALME-3M	-1
core_043	EX_fol_e	BR:MDA-MB-231	CO:HT29	BR:MDA-MB-231	CO:HT29	-1
core_043	EX_fol_e	CO:HT29	LC:HOP-62	CO:HT29	LC:HOP-62	1
core_043	EX_fol_e	CO:HT29	LC:HOP-92	CO:HT29	LC:HOP-92	1
core_043	EX_fol_e	CO:HT29	LC:NCI-H226	CO:HT29	LC:NCI-H226	1
core_043	EX_fol_e	CO:HT29	LE:RPMI-8226	CO:HT29	LE:RPMI-8226	1
core_043	EX_fol_e	CO:HT29	LE:SR	CO:HT29	LE:SR	1
core_043	EX_fol_e	CO:HT29	RE:786-0	CO:HT29	RE:786-0	1
core_043	EX_fol_e	LC:HOP-92	LE:RPMI-8226	LC:HOP-92	LE:RPMI-8226	1
core_043	EX_fol_e	LE:RPMI-8226	ME:MALME-3M	LE:RPMI-8226	ME:MALME-3M	-1
core_043	EX_fol_e	LE:RPMI-8226	RE:UO-31	LE:RPMI-8226	RE:UO-31	-1
core_044	EX_fum_e	BR:HS 578T	BR:MDA-MB-231	BR:HS 578T	BR:MDA-MB-231	1
core_044	EX_fum_e	BR:HS 578T	CO:HT29	BR:HS 578T	CO:HT29	1
core_044	EX_fum_e	BR:HS 578T	LC:HOP-62	BR:HS 578T	LC:HOP-62	1
core_044	EX_fum_e	BR:HS 578T	LC:HOP-92	BR:HS 578T	LC:HOP-92	1
core_044	EX_fum_e	BR:HS 578T	LC:NCI-H226	BR:HS 578T	LC:NCI-H226	1
core_044	EX_fum_e	BR:HS 578T	LE:RPMI-8226	BR:HS 578T	LE:RPMI-8226	1
core_044	EX_fum_e	BR:HS 578T	LE:SR	BR:HS 578T	LE:SR	1
core_044	EX_fum_e	BR:HS 578T	ME:MALME-3M	BR:HS 578T	ME:MALME-3M	1
core_044	EX_fum_e	BR:HS 578T	RE:786-0	BR:HS 578T	RE:786-0	1
core_044	EX_fum_e	BR:HS 578T	RE:UO-31	BR:HS 578T	RE:UO-31	1
core_044	EX_fum_e	BR:MDA-MB-231	CO:HT29	BR:MDA-MB-231	CO:HT29	-1
core_044	EX_fum_e	BR:MDA-MB-231	LC:HOP-92	BR:MDA-MB-231	LC:HOP-92	-1
core_044	EX_fum_e	BR:MDA-MB-231	LC:NCI-H226	BR:MDA-MB-231	LC:NCI-H226	-1
core_044	EX_fum_e	BR:MDA-MB-231	LE:RPMI-8226	BR:MDA-MB-231	LE:RPMI-8226	1
core_044	EX_fum_e	BR:MDA-MB-231	LE:SR	BR:MDA-MB-231	LE:SR	1
core_044	EX_fum_e	BR:MDA-MB-231	ME:MALME-3M	BR:MDA-MB-231	ME:MALME-3M	-1
core_044	EX_fum_e	BR:MDA-MB-231	RE:786-0	BR:MDA-MB-231	RE:786-0	-1
core_044	EX_fum_e	BR:MDA-MB-231	RE:UO-31	BR:MDA-MB-231	RE:UO-31	-1
core_044	EX_fum_e	CO:HT29	LC:HOP-62	CO:HT29	LC:HOP-62	1
core_044	EX_fum_e	CO:HT29	LC:HOP-92	CO:HT29	LC:HOP-92	-1
core_044	EX_fum_e	CO:HT29	LC:NCI-H226	CO:HT29	LC:NCI-H226	-1
core_044	EX_fum_e	CO:HT29	LE:RPMI-8226	CO:HT29	LE:RPMI-8226	1
core_044	EX_fum_e	CO:HT29	LE:SR	CO:HT29	LE:SR	1
core_044	EX_fum_e	LC:HOP-62	LC:HOP-92	LC:HOP-62	LC:HOP-92	-1
core_044	EX_fum_e	LC:HOP-62	LC:NCI-H226	LC:HOP-62	LC:NCI-H226	-1
core_044	EX_fum_e	LC:HOP-62	LE:RPMI-8226	LC:HOP-62	LE:RPMI-8226	1
core_044	EX_fum_e	LC:HOP-62	LE:SR	LC:HOP-62	LE:SR	1
core_044	EX_fum_e	LC:HOP-62	ME:MALME-3M	LC:HOP-62	ME:MALME-3M	-1
core_044	EX_fum_e	LC:HOP-62	RE:UO-31	LC:HOP-62	RE:UO-31	-1
core_044	EX_fum_e	LC:HOP-92	LC:NCI-H226	LC:HOP-92	LC:NCI-H226	1
core_044	EX_fum_e	LC:HOP-92	LE:RPMI-8226	LC:HOP-92	LE:RPMI-8226	1
core_044	EX_fum_e	LC:HOP-92	LE:SR	LC:HOP-92	LE:SR	1
core_044	EX_fum_e	LC:HOP-92	ME:MALME-3M	LC:HOP-92	ME:MALME-3M	1
core_044	EX_fum_e	LC:HOP-92	RE:786-0	LC:HOP-92	RE:786-0	1
core_044	EX_fum_e	LC:HOP-92	RE:UO-31	LC:HOP-92	RE:UO-31	1
core_044	EX_fum_e	LC:NCI-H226	LE:RPMI-8226	LC:NCI-H226	LE:RPMI-8226	1
core_044	EX_fum_e	LC:NCI-H226	LE:SR	LC:NCI-H226	LE:SR	1
core_044	EX_fum_e	LC:NCI-H226	ME:MALME-3M	LC:NCI-H226	ME:MALME-3M	1
core_044	EX_fum_e	LC:NCI-H226	RE:786-0	LC:NCI-H226	RE:786-0	1
core_044	EX_fum_e	LC:NCI-H226	RE:UO-31	LC:NCI-H226	RE:UO-31	1
core_044	EX_fum_e	LE:RPMI-8226	ME:MALME-3M	LE:RPMI-8226	ME:MALME-3M	-1
core_044	EX_fum_e	LE:RPMI-8226	RE:786-0	LE:RPMI-8226	RE:786-0	-1
core_044	EX_fum_e	LE:RPMI-8226	RE:UO-31	LE:RPMI-8226	RE:UO-31	-1
core_044	EX_fum_e	LE:SR	ME:MALME-3M	LE:SR	ME:MALME-3M	-1
core_044	EX_fum_e	LE:SR	RE:786-0	LE:SR	RE:786-0	-1
core_044	EX_fum_e	LE:SR	RE:UO-31	LE:SR	RE:UO-31	-1
core_045	EX_g3pc_e	BR:HS 578T	BR:MDA-MB-231	BR:HS 578T	BR:MDA-MB-231	1
core_045	EX_g3pc_e	BR:HS 578T	CO:HT29	BR:HS 578T	CO:HT29	1
core_045	EX_g3pc_e	BR:HS 578T	LC:HOP-62	BR:HS 578T	LC:HOP-62	1
core_045	EX_g3pc_e	BR:HS 578T	LC:HOP-92	BR:HS 578T	LC:HOP-92	-1
core_045	EX_g3pc_e	BR:HS 578T	LE:RPMI-8226	BR:HS 578T	LE:RPMI-8226	-1
core_045	EX_g3pc_e	BR:HS 578T	LE:SR	BR:HS 578T	LE:SR	1
core_045	EX_g3pc_e	BR:HS 578T	ME:MALME-3M	BR:HS 578T	ME:MALME-3M	-1
core_045	EX_g3pc_e	BR:HS 578T	RE:786-0	BR:HS 578T	RE:786-0	1
core_045	EX_g3pc_e	BR:HS 578T	RE:UO-31	BR:HS 578T	RE:UO-31	1
core_045	EX_g3pc_e	BR:MDA-MB-231	CO:HT29	BR:MDA-MB-231	CO:HT29	1
core_045	EX_g3pc_e	BR:MDA-MB-231	LC:HOP-62	BR:MDA-MB-231	LC:HOP-62	1
core_045	EX_g3pc_e	BR:MDA-MB-231	LC:HOP-92	BR:MDA-MB-231	LC:HOP-92	-1
core_045	EX_g3pc_e	BR:MDA-MB-231	LC:NCI-H226	BR:MDA-MB-231	LC:NCI-H226	-1
core_045	EX_g3pc_e	BR:MDA-MB-231	LE:RPMI-8226	BR:MDA-MB-231	LE:RPMI-8226	-1
core_045	EX_g3pc_e	BR:MDA-MB-231	ME:MALME-3M	BR:MDA-MB-231	ME:MALME-3M	-1
core_045	EX_g3pc_e	BR:MDA-MB-231	RE:786-0	BR:MDA-MB-231	RE:786-0	1
core_045	EX_g3pc_e	BR:MDA-MB-231	RE:UO-31	BR:MDA-MB-231	RE:UO-31	1
core_045	EX_g3pc_e	CO:HT29	LC:HOP-92	CO:HT29	LC:HOP-92	-1
core_045	EX_g3pc_e	CO:HT29	LC:NCI-H226	CO:HT29	LC:NCI-H226	-1
core_045	EX_g3pc_e	CO:HT29	LE:RPMI-8226	CO:HT29	LE:RPMI-8226	-1
core_045	EX_g3pc_e	CO:HT29	ME:MALME-3M	CO:HT29	ME:MALME-3M	-1
core_045	EX_g3pc_e	LC:HOP-62	LC:HOP-92	LC:HOP-62	LC:HOP-92	-1
core_045	EX_g3pc_e	LC:HOP-62	LC:NCI-H226	LC:HOP-62	LC:NCI-H226	-1
core_045	EX_g3pc_e	LC:HOP-62	LE:RPMI-8226	LC:HOP-62	LE:RPMI-8226	-1
core_045	EX_g3pc_e	LC:HOP-62	ME:MALME-3M	LC:HOP-62	ME:MALME-3M	-1
core_045	EX_g3pc_e	LC:HOP-92	LC:NCI-H226	LC:HOP-92	LC:NCI-H226	1
core_045	EX_g3pc_e	LC:HOP-92	LE:RPMI-8226	LC:HOP-92	LE:RPMI-8226	1
core_045	EX_g3pc_e	LC:HOP-92	LE:SR	LC:HOP-92	LE:SR	1
core_045	EX_g3pc_e	LC:HOP-92	ME:MALME-3M	LC:HOP-92	ME:MALME-3M	1
core_045	EX_g3pc_e	LC:HOP-92	RE:786-0	LC:HOP-92	RE:786-0	1
core_045	EX_g3pc_e	LC:HOP-92	RE:UO-31	LC:HOP-92	RE:UO-31	1
core_045	EX_g3pc_e	LC:NCI-H226	LE:RPMI-8226	LC:NCI-H226	LE:RPMI-8226	-1
core_045	EX_g3pc_e	LC:NCI-H226	LE:SR	LC:NCI-H226	LE:SR	1
core_045	EX_g3pc_e	LC:NCI-H226	ME:MALME-3M	LC:NCI-H226	ME:MALME-3M	-1
core_045	EX_g3pc_e	LC:NCI-H226	RE:786-0	LC:NCI-H226	RE:786-0	1
core_045	EX_g3pc_e	LC:NCI-H226	RE:UO-31	LC:NCI-H226	RE:UO-31	1
core_045	EX_g3pc_e	LE:RPMI-8226	LE:SR	LE:RPMI-8226	LE:SR	1
core_045	EX_g3pc_e	LE:RPMI-8226	ME:MALME-3M	LE:RPMI-8226	ME:MALME-3M	1
core_045	EX_g3pc_e	LE:RPMI-8226	RE:786-0	LE:RPMI-8226	RE:786-0	1
core_045	EX_g3pc_e	LE:RPMI-8226	RE:UO-31	LE:RPMI-8226	RE:UO-31	1
core_045	EX_g3pc_e	LE:SR	ME:MALME-3M	LE:SR	ME:MALME-3M	-1
core_045	EX_g3pc_e	ME:MALME-3M	RE:786-0	ME:MALME-3M	RE:786-0	1
core_045	EX_g3pc_e	ME:MALME-3M	RE:UO-31	ME:MALME-3M	RE:UO-31	1
core_048	EX_glc__D_e	BR:HS 578T	BR:MDA-MB-231	BR:HS 578T	BR:MDA-MB-231	-1
core_048	EX_glc__D_e	BR:HS 578T	CO:HT29	BR:HS 578T	CO:HT29	-1
core_048	EX_glc__D_e	BR:HS 578T	LC:HOP-62	BR:HS 578T	LC:HOP-62	-1
core_048	EX_glc__D_e	BR:HS 578T	LC:NCI-H226	BR:HS 578T	LC:NCI-H226	-1
core_048	EX_glc__D_e	BR:HS 578T	LE:SR	BR:HS 578T	LE:SR	-1
core_048	EX_glc__D_e	BR:HS 578T	ME:MALME-3M	BR:HS 578T	ME:MALME-3M	-1
core_048	EX_glc__D_e	BR:HS 578T	RE:786-0	BR:HS 578T	RE:786-0	-1
core_048	EX_glc__D_e	BR:HS 578T	RE:UO-31	BR:HS 578T	RE:UO-31	-1
core_048	EX_glc__D_e	BR:MDA-MB-231	CO:HT29	BR:MDA-MB-231	CO:HT29	1
core_048	EX_glc__D_e	BR:MDA-MB-231	LC:HOP-62	BR:MDA-MB-231	LC:HOP-62	1
core_048	EX_glc__D_e	BR:MDA-MB-231	LC:HOP-92	BR:MDA-MB-231	LC:HOP-92	1
core_048	EX_glc__D_e	BR:MDA-MB-231	LE:RPMI-8226	BR:MDA-MB-231	LE:RPMI-8226	1
core_048	EX_glc__D_e	BR:MDA-MB-231	LE:SR	BR:MDA-MB-231	LE:SR	1
core_048	EX_glc__D_e	BR:MDA-MB-231	ME:MALME-3M	BR:MDA-MB-231	ME:MALME-3M	1
core_048	EX_glc__D_e	BR:MDA-MB-231	RE:786-0	BR:MDA-MB-231	RE:786-0	1
core_048	EX_glc__D_e	BR:MDA-MB-231	RE:UO-31	BR:MDA-MB-231	RE:UO-31	1
core_048	EX_glc__D_e	CO:HT29	LC:HOP-92	CO:HT29	LC:HOP-92	1
core_048	EX_glc__D_e	CO:HT29	LC:NCI-H226	CO:HT29	LC:NCI-H226	-1
core_048	EX_glc__D_e	CO:HT29	LE:RPMI-8226	CO:HT29	LE:RPMI-8226	1
core_048	EX_glc__D_e	LC:HOP-62	LC:HOP-92	LC:HOP-62	LC:HOP-92	1
core_048	EX_glc__D_e	LC:HOP-62	LE:RPMI-8226	LC:HOP-62	LE:RPMI-8226	1
core_048	EX_glc__D_e	LC:HOP-92	LC:NCI-H226	LC:HOP-92	LC:NCI-H226	-1
core_048	EX_glc__D_e	LC:HOP-92	LE:RPMI-8226	LC:HOP-92	LE:RPMI-8226	-1
core_048	EX_glc__D_e	LC:HOP-92	LE:SR	LC:HOP-92	LE:SR	-1
core_048	EX_glc__D_e	LC:HOP-92	ME:MALME-3M	LC:HOP-92	ME:MALME-3M	-1
core_048	EX_glc__D_e	LC:HOP-92	RE:786-0	LC:HOP-92	RE:786-0	-1
core_048	EX_glc__D_e	LC:HOP-92	RE:UO-31	LC:HOP-92	RE:UO-31	-1
core_048	EX_glc__D_e	LC:NCI-H226	LE:RPMI-8226	LC:NCI-H226	LE:RPMI-8226	1
core_048	EX_glc__D_e	LE:RPMI-8226	LE:SR	LE:RPMI-8226	LE:SR	-1
core_048	EX_glc__D_e	LE:RPMI-8226	ME:MALME-3M	LE:RPMI-8226	ME:MALME-3M	-1
core_048	EX_glc__D_e	LE:RPMI-8226	RE:786-0	LE:RPMI-8226	RE:786-0	-1
core_048	EX_glc__D_e	LE:RPMI-8226	RE:UO-31	LE:RPMI-8226	RE:UO-31	-1
core_049	EX_glcur_e	BR:HS 578T	BR:MDA-MB-231	BR:HS 578T	BR:MDA-MB-231	1
core_049	EX_glcur_e	BR:HS 578T	CO:HT29	BR:HS 578T	CO:HT29	1
core_049	EX_glcur_e	BR:HS 578T	LC:HOP-62	BR:HS 578T	LC:HOP-62	1
core_049	EX_glcur_e	BR:HS 578T	LC:HOP-92	BR:HS 578T	LC:HOP-92	1
core_049	EX_glcur_e	BR:HS 578T	LC:NCI-H226	BR:HS 578T	LC:NCI-H226	1
core_049	EX_glcur_e	BR:HS 578T	LE:RPMI-8226	BR:HS 578T	LE:RPMI-8226	1
core_049	EX_glcur_e	BR:HS 578T	LE:SR	BR:HS 578T	LE:SR	1
core_049	EX_glcur_e	BR:HS 578T	ME:MALME-3M	BR:HS 578T	ME:MALME-3M	1
core_049	EX_glcur_e	BR:HS 578T	RE:786-0	BR:HS 578T	RE:786-0	1
core_049	EX_glcur_e	BR:HS 578T	RE:UO-31	BR:HS 578T	RE:UO-31	1
core_049	EX_glcur_e	BR:MDA-MB-231	CO:HT29	BR:MDA-MB-231	CO:HT29	-1
core_049	EX_glcur_e	BR:MDA-MB-231	LC:HOP-62	BR:MDA-MB-231	LC:HOP-62	-1
core_049	EX_glcur_e	BR:MDA-MB-231	LC:HOP-92	BR:MDA-MB-231	LC:HOP-92	-1
core_049	EX_glcur_e	BR:MDA-MB-231	LC:NCI-H226	BR:MDA-MB-231	LC:NCI-H226	-1
core_049	EX_glcur_e	BR:MDA-MB-231	LE:SR	BR:MDA-MB-231	LE:SR	-1
core_049	EX_glcur_e	CO:HT29	LC:HOP-62	CO:HT29	LC:HOP-62	1
core_049	EX_glcur_e	CO:HT29	LC:HOP-92	CO:HT29	LC:HOP-92	1
core_049	EX_glcur_e	CO:HT29	LE:RPMI-8226	CO:HT29	LE:RPMI-8226	1
core_049	EX_glcur_e	CO:HT29	LE:SR	CO:HT29	LE:SR	1
core_049	EX_glcur_e	CO:HT29	ME:MALME-3M	CO:HT29	ME:MALME-3M	1
core_049	EX_glcur_e	CO:HT29	RE:786-0	CO:HT29	RE:786-0	1
core_049	EX_glcur_e	CO:HT29	RE:UO-31	CO:HT29	RE:UO-31	1
core_049	EX_glcur_e	LC:HOP-62	LC:NCI-H226	LC:HOP-62	LC:NCI-H226	-1
core_049	EX_glcur_e	LC:HOP-62	ME:MALME-3M	LC:HOP-62	ME:MALME-3M	1
core_049	EX_glcur_e	LC:HOP-62	RE:UO-31	LC:HOP-62	RE:UO-31	1
core_049	EX_glcur_e	LC:HOP-92	LC:NCI-H226	LC:HOP-92	LC:NCI-H226	-1
core_049	EX_glcur_e	LC:HOP-92	LE:RPMI-8226	LC:HOP-92	LE:RPMI-8226	1
core_049	EX_glcur_e	LC:HOP-92	ME:MALME-3M	LC:HOP-92	ME:MALME-3M	1
core_049	EX_glcur_e	LC:HOP-92	RE:786-0	LC:HOP-92	RE:786-0	1
core_049	EX_glcur_e	LC:HOP-92	RE:UO-31	LC:HOP-92	RE:UO-31	1
core_049	EX_glcur_e	LC:NCI-H226	LE:RPMI-8226	LC:NCI-H226	LE:RPMI-8226	1
core_049	EX_glcur_e	LC:NCI-H226	LE:SR	LC:NCI-H226	LE:SR	1
core_049	EX_glcur_e	LC:NCI-H226	ME:MALME-3M	LC:NCI-H226	ME:MALME-3M	1
core_049	EX_glcur_e	LC:NCI-H226	RE:786-0	LC:NCI-H226	RE:786-0	1
core_049	EX_glcur_e	LC:NCI-H226	RE:UO-31	LC:NCI-H226	RE:UO-31	1
core_049	EX_glcur_e	LE:RPMI-8226	LE:SR	LE:RPMI-8226	LE:SR	-1
core_049	EX_glcur_e	LE:RPMI-8226	ME:MALME-3M	LE:RPMI-8226	ME:MALME-3M	1
core_049	EX_glcur_e	LE:SR	ME:MALME-3M	LE:SR	ME:MALME-3M	1
core_049	EX_glcur_e	LE:SR	RE:786-0	LE:SR	RE:786-0	1
core_049	EX_glcur_e	LE:SR	RE:UO-31	LE:SR	RE:UO-31	1
core_049	EX_glcur_e	ME:MALME-3M	RE:786-0	ME:MALME-3M	RE:786-0	-1
core_050	EX_gln__L_e	BR:HS 578T	BR:MDA-MB-231	BR:HS 578T	BR:MDA-MB-231	-1
core_050	EX_gln__L_e	BR:HS 578T	CO:HT29	BR:HS 578T	CO:HT29	-1
core_050	EX_gln__L_e	BR:HS 578T	LC:HOP-62	BR:HS 578T	LC:HOP-62	-1
core_050	EX_gln__L_e	BR:HS 578T	LC:HOP-92	BR:HS 578T	LC:HOP-92	-1
core_050	EX_gln__L_e	BR:HS 578T	LC:NCI-H226	BR:HS 578T	LC:NCI-H226	-1
core_050	EX_gln__L_e	BR:HS 578T	LE:RPMI-8226	BR:HS 578T	LE:RPMI-8226	-1
core_050	EX_gln__L_e	BR:HS 578T	LE:SR	BR:HS 578T	LE:SR	-1
core_050	EX_gln__L_e	BR:HS 578T	ME:MALME-3M	BR:HS 578T	ME:MALME-3M	-1
core_050	EX_gln__L_e	BR:HS 578T	RE:786-0	BR:HS 578T	RE:786-0	-1
core_050	EX_gln__L_e	BR:HS 578T	RE:UO-31	BR:HS 578T	RE:UO-31	-1
core_050	EX_gln__L_e	BR:MDA-MB-231	CO:HT29	BR:MDA-MB-231	CO:HT29	1
core_050	EX_gln__L_e	BR:MDA-MB-231	LC:HOP-62	BR:MDA-MB-231	LC:HOP-62	1
core_050	EX_gln__L_e	BR:MDA-MB-231	LC:HOP-92	BR:MDA-MB-231	LC:HOP-92	1
core_050	EX_gln__L_e	BR:MDA-MB-231	LC:NCI-H226	BR:MDA-MB-231	LC:NCI-H226	1
core_050	EX_gln__L_e	BR:MDA-MB-231	LE:RPMI-8226	BR:MDA-MB-231	LE:RPMI-8226	1
core_050	EX_gln__L_e	BR:MDA-MB-231	ME:MALME-3M	BR:MDA-MB-231	ME:MALME-3M	1
core_050	EX_gln__L_e	BR:MDA-MB-231	RE:786-0	BR:MDA-MB-231	RE:786-0	1
core_050	EX_gln__L_e	BR:MDA-MB-231	RE:UO-31	BR:MDA-MB-231	RE:UO-31	1
core_050	EX_gln__L_e	CO:HT29	LC:HOP-62	CO:HT29	LC:HOP-62	1
core_050	EX_gln__L_e	CO:HT29	LC:HOP-92	CO:HT29	LC:HOP-92	1
core_050	EX_gln__L_e	CO:HT29	LC:NCI-H226	CO:HT29	LC:NCI-H226	-1
core_050	EX_gln__L_e	CO:HT29	LE:RPMI-8226	CO:HT29	LE:RPMI-8226	1
core_050	EX_gln__L_e	CO:HT29	LE:SR	CO:HT29	LE:SR	-1
core_050	EX_gln__L_e	CO:HT29	ME:MALME-3M	CO:HT29	ME:MALME-3M	-1
core_050	EX_gln__L_e	CO:HT29	RE:UO-31	CO:HT29	RE:UO-31	-1
core_050	EX_gln__L_e	LC:HOP-62	LC:HOP-92	LC:HOP-62	LC:HOP-92	1
core_050	EX_gln__L_e	LC:HOP-62	LC:NCI-H226	LC:HOP-62	LC:NCI-H226	-1
core_050	EX_gln__L_e	LC:HOP-62	LE:RPMI-8226	LC:HOP-62	LE:RPMI-8226	1
core_050	EX_gln__L_e	LC:HOP-62	LE:SR	LC:HOP-62	LE:SR	-1
core_050	EX_gln__L_e	LC:HOP-62	ME:MALME-3M	LC:HOP-62	ME:MALME-3M	-1
core_050	EX_gln__L_e	LC:HOP-62	RE:786-0	LC:HOP-62	RE:786-0	-1
core_050	EX_gln__L_e	LC:HOP-62	RE:UO-31	LC:HOP-62	RE:UO-31	-1
core_050	EX_gln__L_e	LC:HOP-92	LC:NCI-H226	LC:HOP-92	LC:NCI-H226	-1
core_050	EX_gln__L_e	LC:HOP-92	LE:RPMI-8226	LC:HOP-92	LE:RPMI-8226	1
core_050	EX_gln__L_e	LC:HOP-92	LE:SR	LC:HOP-92	LE:SR	-1
core_050	EX_gln__L_e	LC:HOP-92	ME:MALME-3M	LC:HOP-92	ME:MALME-3M	-1
core_050	EX_gln__L_e	LC:HOP-92	RE:786-0	LC:HOP-92	RE:786-0	-1
core_050	EX_gln__L_e	LC:HOP-92	RE:UO-31	LC:HOP-92	RE:UO-31	-1
core_050	EX_gln__L_e	LC:NCI-H226	LE:RPMI-8226	LC:NCI-H226	LE:RPMI-8226	1
core_050	EX_gln__L_e	LC:NCI-H226	LE:SR	LC:NCI-H226	LE:SR	-1
core_050	EX_gln__L_e	LC:NCI-H226	ME:MALME-3M	LC:NCI-H226	ME:MALME-3M	-1
core_050	EX_gln__L_e	LC:NCI-H226	RE:786-0	LC:NCI-H226	RE:786-0	1
core_050	EX_gln__L_e	LC:NCI-H226	RE:UO-31	LC:NCI-H226	RE:UO-31	-1
core_050	EX_gln__L_e	LE:RPMI-8226	LE:SR	LE:RPMI-8226	LE:SR	-1
core_050	EX_gln__L_e	LE:RPMI-8226	ME:MALME-3M	LE:RPMI-8226	ME:MALME-3M	-1
core_050	EX_gln__L_e	LE:RPMI-8226	RE:786-0	LE:RPMI-8226	RE:786-0	-1
core_050	EX_gln__L_e	LE:RPMI-8226	RE:UO-31	LE:RPMI-8226	RE:UO-31	-1
core_050	EX_gln__L_e	LE:SR	ME:MALME-3M	LE:SR	ME:MALME-3M	1
core_050	EX_gln__L_e	LE:SR	RE:786-0	LE:SR	RE:786-0	1
core_050	EX_gln__L_e	LE:SR	RE:UO-31	LE:SR	RE:UO-31	1
core_050	EX_gln__L_e	ME:MALME-3M	RE:786-0	ME:MALME-3M	RE:786-0	1
core_050	EX_gln__L_e	ME:MALME-3M	RE:UO-31	ME:MALME-3M	RE:UO-31	1
core_050	EX_gln__L_e	RE:786-0	RE:UO-31	RE:786-0	RE:UO-31	-1
core_051	EX_glu__L_e	BR:HS 578T	BR:MDA-MB-231	BR:HS 578T	BR:MDA-MB-231	1
core_051	EX_glu__L_e	BR:HS 578T	CO:HT29	BR:HS 578T	CO:HT29	1
core_051	EX_glu__L_e	BR:HS 578T	LC:HOP-62	BR:HS 578T	LC:HOP-62	1
core_051	EX_glu__L_e	BR:HS 578T	LC:HOP-92	BR:HS 578T	LC:HOP-92	1
core_051	EX_glu__L_e	BR:HS 578T	LC:NCI-H226	BR:HS 578T	LC:NCI-H226	1
core_051	EX_glu__L_e	BR:HS 578T	LE:RPMI-8226	BR:HS 578T	LE:RPMI-8226	1
core_051	EX_glu__L_e	BR:HS 578T	LE:SR	BR:HS 578T	LE:SR	1
core_051	EX_glu__L_e	BR:HS 578T	ME:MALME-3M	BR:HS 578T	ME:MALME-3M	1
core_051	EX_glu__L_e	BR:HS 578T	RE:786-0	BR:HS 578T	RE:786-0	1
core_051	EX_glu__L_e	BR:HS 578T	RE:UO-31	BR:HS 578T	RE:UO-31	1
core_051	EX_glu__L_e	BR:MDA-MB-231	CO:HT29	BR:MDA-MB-231	CO:HT29	-1
core_051	EX_glu__L_e	BR:MDA-MB-231	LC:HOP-62	BR:MDA-MB-231	LC:HOP-62	-1
core_051	EX_glu__L_e	BR:MDA-MB-231	LC:HOP-92	BR:MDA-MB-231	LC:HOP-92	-1
core_051	EX_glu__L_e	BR:MDA-MB-231	LC:NCI-H226	BR:MDA-MB-231	LC:NCI-H226	-1
core_051	EX_glu__L_e	BR:MDA-MB-231	LE:RPMI-8226	BR:MDA-MB-231	LE:RPMI-8226	-1
core_051	EX_glu__L_e	BR:MDA-MB-231	RE:786-0	BR:MDA-MB-231	RE:786-0	-1
core_051	EX_glu__L_e	BR:MDA-MB-231	RE:UO-31	BR:MDA-MB-231	RE:UO-31	1
core_051	EX_glu__L_e	CO:HT29	LC:HOP-62	CO:HT29	LC:HOP-62	-1
core_051	EX_glu__L_e	CO:HT29	LC:HOP-92	CO:HT29	LC:HOP-92	-1
core_051	EX_glu__L_e	CO:HT29	LC:NCI-H226	CO:HT29	LC:NCI-H226	-1
core_051	EX_glu__L_e	CO:HT29	LE:RPMI-8226	CO:HT29	LE:RPMI-8226	-1
core_051	EX_glu__L_e	CO:HT29	LE:SR	CO:HT29	LE:SR	1
core_051	EX_glu__L_e	CO:HT29	ME:MALME-3M	CO:HT29	ME:MALME-3M	1
core_051	EX_glu__L_e	CO:HT29	RE:786-0	CO:HT29	RE:786-0	-1
core_051	EX_glu__L_e	CO:HT29	RE:UO-31	CO:HT29	RE:UO-31	1
core_051	EX_glu__L_e	LC:HOP-62	LC:HOP-92	LC:HOP-62	LC:HOP-92	1
core_051	EX_glu__L_e	LC:HOP-62	LC:NCI-H226	LC:HOP-62	LC:NCI-H226	1
core_051	EX_glu__L_e	LC:HOP-62	LE:RPMI-8226	LC:HOP-62	LE:RPMI-8226	1
core_051	EX_glu__L_e	LC:HOP-62	LE:SR	LC:HOP-62	LE:SR	1
core_051	EX_glu__L_e	LC:HOP-62	ME:MALME-3M	LC:HOP-62	ME:MALME-3M	1
core_051	EX_glu__L_e	LC:HOP-62	RE:786-0	LC:HOP-62	RE:786-0	1
core_051	EX_glu__L_e	LC:HOP-62	RE:UO-31	LC:HOP-62	RE:UO-31	1
core_051	EX_glu__L_e	LC:HOP-92	LE:SR	LC:HOP-92	LE:SR	1
core_051	EX_glu__L_e	LC:HOP-92	ME:MALME-3M	LC:HOP-92	ME:MALME-3M	1
core_051	EX_glu__L_e	LC:HOP-92	RE:786-0	LC:HOP-92	RE:786-0	-1
core_051	EX_glu__L_e	LC:HOP-92	RE:UO-31	LC:HOP-92	RE:UO-31	1
core_051	EX_glu__L_e	LC:NCI-H226	LE:SR	LC:NCI-H226	LE:SR	1
core_051	EX_glu__L_e	LC:NCI-H226	ME:MALME-3M	LC:NCI-H226	ME:MALME-3M	1
core_051	EX_glu__L_e	LC:NCI-H226	RE:UO-31	LC:NCI-H226	RE:UO-31	1
core_051	EX_glu__L_e	LE:RPMI-8226	LE:SR	LE:RPMI-8226	LE:SR	1
core_051	EX_glu__L_e	LE:RPMI-8226	ME:MALME-3M	LE:RPMI-8226	ME:MALME-3M	1
core_051	EX_glu__L_e	LE:RPMI-8226	RE:UO-31	LE:RPMI-8226	RE:UO-31	1
core_051	EX_glu__L_e	LE:SR	RE:786-0	LE:SR	RE:786-0	-1
core_051	EX_glu__L_e	ME:MALME-3M	RE:786-0	ME:MALME-3M	RE:786-0	-1
core_051	EX_glu__L_e	ME:MALME-3M	RE:UO-31	ME:MALME-3M	RE:UO-31	1
core_051	EX_glu__L_e	RE:786-0	RE:UO-31	RE:786-0	RE:UO-31	1
core_052	EX_gly_e	BR:HS 578T	BR:MDA-MB-231	BR:HS 578T	BR:MDA-MB-231	1
core_052	EX_gly_e	BR:HS 578T	CO:HT29	BR:HS 578T	CO:HT29	1
core_052	EX_gly_e	BR:HS 578T	LC:HOP-62	BR:HS 578T	LC:HOP-62	1
core_052	EX_gly_e	BR:HS 578T	LC:HOP-92	BR:HS 578T	LC:HOP-92	-1
core_052	EX_gly_e	BR:HS 578T	LC:NCI-H226	BR:HS 578T	LC:NCI-H226	1
core_052	EX_gly_e	BR:HS 578T	LE:RPMI-8226	BR:HS 578T	LE:RPMI-8226	1
core_052	EX_gly_e	BR:HS 578T	LE:SR	BR:HS 578T	LE:SR	1
core_052	EX_gly_e	BR:HS 578T	ME:MALME-3M	BR:HS 578T	ME:MALME-3M	-1
core_052	EX_gly_e	BR:HS 578T	RE:786-0	BR:HS 578T	RE:786-0	1
core_052	EX_gly_e	BR:HS 578T	RE:UO-31	BR:HS 578T	RE:UO-31	1
core_052	EX_gly_e	BR:MDA-MB-231	LC:HOP-92	BR:MDA-MB-231	LC:HOP-92	-1
core_052	EX_gly_e	BR:MDA-MB-231	LC:NCI-H226	BR:MDA-MB-231	LC:NCI-H226	-1
core_052	EX_gly_e	BR:MDA-MB-231	ME:MALME-3M	BR:MDA-MB-231	ME:MALME-3M	-1
core_052	EX_gly_e	BR:MDA-MB-231	RE:786-0	BR:MDA-MB-231	RE:786-0	-1
core_052	EX_gly_e	BR:MDA-MB-231	RE:UO-31	BR:MDA-MB-231	RE:UO-31	-1
core_052	EX_gly_e	CO:HT29	LC:HOP-92	CO:HT29	LC:HOP-92	-1
core_052	EX_gly_e	CO:HT29	LC:NCI-H226	CO:HT29	LC:NCI-H226	-1
core_052	EX_gly_e	CO:HT29	LE:SR	CO:HT29	LE:SR	-1
core_052	EX_gly_e	CO:HT29	ME:MALME-3M	CO:HT29	ME:MALME-3M	-1
core_052	EX_gly_e	CO:HT29	RE:786-0	CO:HT29	RE:786-0	-1
core_052	EX_gly_e	CO:HT29	RE:UO-31	CO:HT29	RE:UO-31	-1
core_052	EX_gly_e	LC:HOP-62	LC:HOP-92	LC:HOP-62	LC:HOP-92	-1
core_052	EX_gly_e	LC:HOP-62	LC:NCI-H226	LC:HOP-62	LC:NCI-H226	-1
core_052	EX_gly_e	LC:HOP-62	ME:MALME-3M	LC:HOP-62	ME:MALME-3M	-1
core_052	EX_gly_e	LC:HOP-62	RE:786-0	LC:HOP-62	RE:786-0	-1
core_052	EX_gly_e	LC:HOP-62	RE:UO-31	LC:HOP-62	RE:UO-31	-1
core_052	EX_gly_e	LC:HOP-92	LC:NCI-H226	LC:HOP-92	LC:NCI-H226	1
core_052	EX_gly_e	LC:HOP-92	LE:RPMI-8226	LC:HOP-92	LE:RPMI-8226	1
core_052	EX_gly_e	LC:HOP-92	LE:SR	LC:HOP-92	LE:SR	1
core_052	EX_gly_e	LC:HOP-92	ME:MALME-3M	LC:HOP-92	ME:MALME-3M	1
core_052	EX_gly_e	LC:HOP-92	RE:786-0	LC:HOP-92	RE:786-0	1
core_052	EX_gly_e	LC:HOP-92	RE:UO-31	LC:HOP-92	RE:UO-31	1
core_052	EX_gly_e	LC:NCI-H226	LE:RPMI-8226	LC:NCI-H226	LE:RPMI-8226	1
core_052	EX_gly_e	LC:NCI-H226	LE:SR	LC:NCI-H226	LE:SR	1
core_052	EX_gly_e	LC:NCI-H226	ME:MALME-3M	LC:NCI-H226	ME:MALME-3M	-1
core_052	EX_gly_e	LC:NCI-H226	RE:786-0	LC:NCI-H226	RE:786-0	1
core_052	EX_gly_e	LE:RPMI-8226	LE:SR	LE:RPMI-8226	LE:SR	-1
core_052	EX_gly_e	LE:RPMI-8226	ME:MALME-3M	LE:RPMI-8226	ME:MALME-3M	-1
core_052	EX_gly_e	LE:RPMI-8226	RE:786-0	LE:RPMI-8226	RE:786-0	-1
core_052	EX_gly_e	LE:RPMI-8226	RE:UO-31	LE:RPMI-8226	RE:UO-31	-1
core_052	EX_gly_e	LE:SR	ME:MALME-3M	LE:SR	ME:MALME-3M	-1
core_052	EX_gly_e	LE:SR	RE:UO-31	LE:SR	RE:UO-31	-1
core_052	EX_gly_e	ME:MALME-3M	RE:786-0	ME:MALME-3M	RE:786-0	1
core_052	EX_gly_e	ME:MALME-3M	RE:UO-31	ME:MALME-3M	RE:UO-31	1
core_052	EX_gly_e	RE:786-0	RE:UO-31	RE:786-0	RE:UO-31	-1
core_053	EX_glyald_e	BR:HS 578T	BR:MDA-MB-231	BR:HS 578T	BR:MDA-MB-231	-1
core_053	EX_glyald_e	BR:HS 578T	CO:HT29	BR:HS 578T	CO:HT29	-1
core_053	EX_glyald_e	BR:HS 578T	LC:HOP-62	BR:HS 578T	LC:HOP-62	-1
core_053	EX_glyald_e	BR:HS 578T	LC:HOP-92	BR:HS 578T	LC:HOP-92	1
core_053	EX_glyald_e	BR:HS 578T	LC:NCI-H226	BR:HS 578T	LC:NCI-H226	-1
core_053	EX_glyald_e	BR:HS 578T	LE:RPMI-8226	BR:HS 578T	LE:RPMI-8226	-1
core_053	EX_glyald_e	BR:HS 578T	LE:SR	BR:HS 578T	LE:SR	-1
core_053	EX_glyald_e	BR:HS 578T	ME:MALME-3M	BR:HS 578T	ME:MALME-3M	-1
core_053	EX_glyald_e	BR:HS 578T	RE:786-0	BR:HS 578T	RE:786-0	-1
core_053	EX_glyald_e	BR:HS 578T	RE:UO-31	BR:HS 578T	RE:UO-31	-1
core_053	EX_glyald_e	BR:MDA-MB-231	CO:HT29	BR:MDA-MB-231	CO:HT29	1
core_053	EX_glyald_e	BR:MDA-MB-231	LC:HOP-62	BR:MDA-MB-231	LC:HOP-62	1
core_053	EX_glyald_e	BR:MDA-MB-231	LC:HOP-92	BR:MDA-MB-231	LC:HOP-92	1
core_053	EX_glyald_e	BR:MDA-MB-231	LC:NCI-H226	BR:MDA-MB-231	LC:NCI-H226	-1
core_053	EX_glyald_e	BR:MDA-MB-231	LE:RPMI-8226	BR:MDA-MB-231	LE:RPMI-8226	1
core_053	EX_glyald_e	BR:MDA-MB-231	LE:SR	BR:MDA-MB-231	LE:SR	1
core_053	EX_glyald_e	BR:MDA-MB-231	ME:MALME-3M	BR:MDA-MB-231	ME:MALME-3M	1
core_053	EX_glyald_e	BR:MDA-MB-231	RE:786-0	BR:MDA-MB-231	RE:786-0	1
core_053	EX_glyald_e	BR:MDA-MB-231	RE:UO-31	BR:MDA-MB-231	RE:UO-31	1
core_053	EX_glyald_e	CO:HT29	LC:HOP-62	CO:HT29	LC:HOP-62	-1
core_053	EX_glyald_e	CO:HT29	LC:HOP-92	CO:HT29	LC:HOP-92	1
core_053	EX_glyald_e	CO:HT29	LC:NCI-H226	CO:HT29	LC:NCI-H226	-1
core_053	EX_glyald_e	CO:HT29	LE:SR	CO:HT29	LE:SR	-1
core_053	EX_glyald_e	LC:HOP-62	LC:HOP-92	LC:HOP-62	LC:HOP-92	1
core_053	EX_glyald_e	LC:HOP-62	LC:NCI-H226	LC:HOP-62	LC:NCI-H226	-1
core_053	EX_glyald_e	LC:HOP-62	LE:RPMI-8226	LC:HOP-62	LE:RPMI-8226	1
core_053	EX_glyald_e	LC:HOP-62	ME:MALME-3M	LC:HOP-62	ME:MALME-3M	1
core_053	EX_glyald_e	LC:HOP-62	RE:786-0	LC:HOP-62	RE:786-0	1
core_053	EX_glyald_e	LC:HOP-62	RE:UO-31	LC:HOP-62	RE:UO-31	1
core_053	EX_glyald_e	LC:HOP-92	LC:NCI-H226	LC:HOP-92	LC:NCI-H226	-1
core_053	EX_glyald_e	LC:HOP-92	LE:RPMI-8226	LC:HOP-92	LE:RPMI-8226	-1
core_053	EX_glyald_e	LC:HOP-92	LE:SR	LC:HOP-92	LE:SR	-1
core_053	EX_glyald_e	LC:HOP-92	ME:MALME-3M	LC:HOP-92	ME:MALME-3M	-1
core_053	EX_glyald_e	LC:HOP-92	RE:786-0	LC:HOP-92	RE:786-0	-1
core_053	EX_glyald_e	LC:HOP-92	RE:UO-31	LC:HOP-92	RE:UO-31	-1
core_053	EX_glyald_e	LC:NCI-H226	LE:RPMI-8226	LC:NCI-H226	LE:RPMI-8226	1
core_053	EX_glyald_e	LC:NCI-H226	LE:SR	LC:NCI-H226	LE:SR	1
core_053	EX_glyald_e	LC:NCI-H226	ME:MALME-3M	LC:NCI-H226	ME:MALME-3M	1
core_053	EX_glyald_e	LC:NCI-H226	RE:786-0	LC:NCI-H226	RE:786-0	1
core_053	EX_glyald_e	LC:NCI-H226	RE:UO-31	LC:NCI-H226	RE:UO-31	1
core_053	EX_glyald_e	LE:RPMI-8226	LE:SR	LE:RPMI-8226	LE:SR	-1
core_053	EX_glyald_e	LE:RPMI-8226	ME:MALME-3M	LE:RPMI-8226	ME:MALME-3M	-1
core_053	EX_glyald_e	LE:SR	ME:MALME-3M	LE:SR	ME:MALME-3M	1
core_053	EX_glyald_e	LE:SR	RE:786-0	LE:SR	RE:786-0	1
core_053	EX_glyald_e	LE:SR	RE:UO-31	LE:SR	RE:UO-31	1
core_054	EX_glyb_e	BR:HS 578T	BR:MDA-MB-231	BR:HS 578T	BR:MDA-MB-231	1
core_054	EX_glyb_e	BR:HS 578T	LC:HOP-92	BR:HS 578T	LC:HOP-92	1
core_054	EX_glyb_e	BR:HS 578T	LC:NCI-H226	BR:HS 578T	LC:NCI-H226	1
core_054	EX_glyb_e	BR:MDA-MB-231	LE:RPMI-8226	BR:MDA-MB-231	LE:RPMI-8226	-1
core_054	EX_glyb_e	CO:HT29	LE:RPMI-8226	CO:HT29	LE:RPMI-8226	-1
core_054	EX_glyb_e	LC:HOP-62	LC:HOP-92	LC:HOP-62	LC:HOP-92	1
core_054	EX_glyb_e	LC:HOP-62	LE:RPMI-8226	LC:HOP-62	LE:RPMI-8226	-1
core_054	EX_glyb_e	LC:HOP-92	LE:RPMI-8226	LC:HOP-92	LE:RPMI-8226	-1
core_054	EX_glyb_e	LC:NCI-H226	LE:RPMI-8226	LC:NCI-H226	LE:RPMI-8226	-1
core_054	EX_glyb_e	LE:RPMI-8226	LE:SR	LE:RPMI-8226	LE:SR	1
core_054	EX_glyb_e	LE:RPMI-8226	ME:MALME-3M	LE:RPMI-8226	ME:MALME-3M	1
core_054	EX_glyb_e	LE:RPMI-8226	RE:786-0	LE:RPMI-8226	RE:786-0	1
core_054	EX_glyb_e	LE:RPMI-8226	RE:UO-31	LE:RPMI-8226	RE:UO-31	1
core_056	EX_glyc3p_e	BR:HS 578T	BR:MDA-MB-231	BR:HS 578T	BR:MDA-MB-231	1
core_056	EX_glyc3p_e	BR:HS 578T	CO:HT29	BR:HS 578T	CO:HT29	1
core_056	EX_glyc3p_e	BR:HS 578T	LC:HOP-62	BR:HS 578T	LC:HOP-62	1
core_056	EX_glyc3p_e	BR:HS 578T	LC:HOP-92	BR:HS 578T	LC:HOP-92	-1
core_056	EX_glyc3p_e	BR:HS 578T	LC:NCI-H226	BR:HS 578T	LC:NCI-H226	1
core_056	EX_glyc3p_e	BR:HS 578T	LE:RPMI-8226	BR:HS 578T	LE:RPMI-8226	1
core_056	EX_glyc3p_e	BR:HS 578T	LE:SR	BR:HS 578T	LE:SR	1
core_056	EX_glyc3p_e	BR:HS 578T	ME:MALME-3M	BR:HS 578T	ME:MALME-3M	1
core_056	EX_glyc3p_e	BR:HS 578T	RE:786-0	BR:HS 578T	RE:786-0	1
core_056	EX_glyc3p_e	BR:HS 578T	RE:UO-31	BR:HS 578T	RE:UO-31	1
core_056	EX_glyc3p_e	BR:MDA-MB-231	CO:HT29	BR:MDA-MB-231	CO:HT29	-1
core_056	EX_glyc3p_e	BR:MDA-MB-231	LC:HOP-92	BR:MDA-MB-231	LC:HOP-92	-1
core_056	EX_glyc3p_e	BR:MDA-MB-231	LC:NCI-H226	BR:MDA-MB-231	LC:NCI-H226	-1
core_056	EX_glyc3p_e	BR:MDA-MB-231	LE:RPMI-8226	BR:MDA-MB-231	LE:RPMI-8226	-1
core_056	EX_glyc3p_e	BR:MDA-MB-231	LE:SR	BR:MDA-MB-231	LE:SR	-1
core_056	EX_glyc3p_e	BR:MDA-MB-231	ME:MALME-3M	BR:MDA-MB-231	ME:MALME-3M	-1
core_056	EX_glyc3p_e	CO:HT29	LC:HOP-62	CO:HT29	LC:HOP-62	1
core_056	EX_glyc3p_e	CO:HT29	LC:HOP-92	CO:HT29	LC:HOP-92	-1
core_056	EX_glyc3p_e	CO:HT29	LE:SR	CO:HT29	LE:SR	1
core_056	EX_glyc3p_e	CO:HT29	RE:786-0	CO:HT29	RE:786-0	1
core_056	EX_glyc3p_e	CO:HT29	RE:UO-31	CO:HT29	RE:UO-31	1
core_056	EX_glyc3p_e	LC:HOP-62	LC:HOP-92	LC:HOP-62	LC:HOP-92	-1
core_056	EX_glyc3p_e	LC:HOP-62	LC:NCI-H226	LC:HOP-62	LC:NCI-H226	-1
core_056	EX_glyc3p_e	LC:HOP-62	LE:RPMI-8226	LC:HOP-62	LE:RPMI-8226	-1
core_056	EX_glyc3p_e	LC:HOP-62	LE:SR	LC:HOP-62	LE:SR	-1
core_056	EX_glyc3p_e	LC:HOP-62	ME:MALME-3M	LC:HOP-62	ME:MALME-3M	-1
core_056	EX_glyc3p_e	LC:HOP-62	RE:UO-31	LC:HOP-62	RE:UO-31	-1
core_056	EX_glyc3p_e	LC:HOP-92	LC:NCI-H226	LC:HOP-92	LC:NCI-H226	1
core_056	EX_glyc3p_e	LC:HOP-92	LE:RPMI-8226	LC:HOP-92	LE:RPMI-8226	1
core_056	EX_glyc3p_e	LC:HOP-92	LE:SR	LC:HOP-92	LE:SR	1
core_056	EX_glyc3p_e	LC:HOP-92	ME:MALME-3M	LC:HOP-92	ME:MALME-3M	1
core_056	EX_glyc3p_e	LC:HOP-92	RE:786-0	LC:HOP-92	RE:786-0	1
core_056	EX_glyc3p_e	LC:HOP-92	RE:UO-31	LC:HOP-92	RE:UO-31	1
core_056	EX_glyc3p_e	LC:NCI-H226	LE:RPMI-8226	LC:NCI-H226	LE:RPMI-8226	1
core_056	EX_glyc3p_e	LC:NCI-H226	LE:SR	LC:NCI-H226	LE:SR	1
core_056	EX_glyc3p_e	LC:NCI-H226	ME:MALME-3M	LC:NCI-H226	ME:MALME-3M	1
core_056	EX_glyc3p_e	LC:NCI-H226	RE:786-0	LC:NCI-H226	RE:786-0	1
core_056	EX_glyc3p_e	LC:NCI-H226	RE:UO-31	LC:NCI-H226	RE:UO-31	1
core_056	EX_glyc3p_e	LE:RPMI-8226	LE:SR	LE:RPMI-8226	LE:SR	1
core_056	EX_glyc3p_e	LE:RPMI-8226	RE:786-0	LE:RPMI-8226	RE:786-0	1
core_056	EX_glyc3p_e	LE:RPMI-8226	RE:UO-31	LE:RPMI-8226	RE:UO-31	1
core_056	EX_glyc3p_e	LE:SR	ME:MALME-3M	LE:SR	ME:MALME-3M	-1
core_056	EX_glyc3p_e	ME:MALME-3M	RE:786-0	ME:MALME-3M	RE:786-0	1
core_056	EX_glyc3p_e	ME:MALME-3M	RE:UO-31	ME:MALME-3M	RE:UO-31	1
core_057	EX_gmp_e	BR:HS 578T	LE:RPMI-8226	BR:HS 578T	LE:RPMI-8226	-1
core_057	EX_gmp_e	BR:MDA-MB-231	LE:RPMI-8226	BR:MDA-MB-231	LE:RPMI-8226	-1
core_057	EX_gmp_e	CO:HT29	LE:RPMI-8226	CO:HT29	LE:RPMI-8226	-1
core_057	EX_gmp_e	LC:HOP-62	LE:RPMI-8226	LC:HOP-62	LE:RPMI-8226	-1
core_057	EX_gmp_e	LC:HOP-62	RE:UO-31	LC:HOP-62	RE:UO-31	1
core_057	EX_gmp_e	LC:HOP-92	LE:RPMI-8226	LC:HOP-92	LE:RPMI-8226	-1
core_057	EX_gmp_e	LC:NCI-H226	LE:RPMI-8226	LC:NCI-H226	LE:RPMI-8226	-1
core_057	EX_gmp_e	LE:RPMI-8226	LE:SR	LE:RPMI-8226	LE:SR	1
core_057	EX_gmp_e	LE:RPMI-8226	ME:MALME-3M	LE:RPMI-8226	ME:MALME-3M	1
core_057	EX_gmp_e	LE:RPMI-8226	RE:786-0	LE:RPMI-8226	RE:786-0	1
core_057	EX_gmp_e	LE:RPMI-8226	RE:UO-31	LE:RPMI-8226	RE:UO-31	1
core_057	EX_gmp_e	LE:SR	RE:UO-31	LE:SR	RE:UO-31	1
core_058	EX_gthox_e	BR:HS 578T	BR:MDA-MB-231	BR:HS 578T	BR:MDA-MB-231	1
core_058	EX_gthox_e	BR:HS 578T	CO:HT29	BR:HS 578T	CO:HT29	1
core_058	EX_gthox_e	BR:HS 578T	LC:HOP-62	BR:HS 578T	LC:HOP-62	1
core_058	EX_gthox_e	BR:HS 578T	LC:HOP-92	BR:HS 578T	LC:HOP-92	1
core_058	EX_gthox_e	BR:HS 578T	LC:NCI-H226	BR:HS 578T	LC:NCI-H226	-1
core_058	EX_gthox_e	BR:HS 578T	LE:RPMI-8226	BR:HS 578T	LE:RPMI-8226	1
core_058	EX_gthox_e	BR:HS 578T	LE:SR	BR:HS 578T	LE:SR	1
core_058	EX_gthox_e	BR:HS 578T	ME:MALME-3M	BR:HS 578T	ME:MALME-3M	1
core_058	EX_gthox_e	BR:HS 578T	RE:786-0	BR:HS 578T	RE:786-0	1
core_058	EX_gthox_e	BR:HS 578T	RE:UO-31	BR:HS 578T	RE:UO-31	1
core_058	EX_gthox_e	BR:MDA-MB-231	LC:NCI-H226	BR:MDA-MB-231	LC:NCI-H226	-1
core_058	EX_gthox_e	CO:HT29	LC:NCI-H226	CO:HT29	LC:NCI-H226	-1
core_058	EX_gthox_e	LC:HOP-62	LC:NCI-H226	LC:HOP-62	LC:NCI-H226	-1
core_058	EX_gthox_e	LC:HOP-92	LC:NCI-H226	LC:HOP-92	LC:NCI-H226	-1
core_058	EX_gthox_e	LC:NCI-H226	LE:RPMI-8226	LC:NCI-H226	LE:RPMI-8226	1
core_058	EX_gthox_e	LC:NCI-H226	LE:SR	LC:NCI-H226	LE:SR	1
core_058	EX_gthox_e	LC:NCI-H226	ME:MALME-3M	LC:NCI-H226	ME:MALME-3M	1
core_058	EX_gthox_e	LC:NCI-H226	RE:786-0	LC:NCI-H226	RE:786-0	1
core_058	EX_gthox_e	LC:NCI-H226	RE:UO-31	LC:NCI-H226	RE:UO-31	1
core_060	EX_hcys__L_e	BR:HS 578T	BR:MDA-MB-231	BR:HS 578T	BR:MDA-MB-231	1
core_060	EX_hcys__L_e	BR:HS 578T	CO:HT29	BR:HS 578T	CO:HT29	1
core_060	EX_hcys__L_e	BR:HS 578T	LC:HOP-62	BR:HS 578T	LC:HOP-62	1
core_060	EX_hcys__L_e	BR:HS 578T	LC:HOP-92	BR:HS 578T	LC:HOP-92	1
core_060	EX_hcys__L_e	BR:HS 578T	LC:NCI-H226	BR:HS 578T	LC:NCI-H226	-1
core_060	EX_hcys__L_e	BR:HS 578T	LE:RPMI-8226	BR:HS 578T	LE:RPMI-8226	1
core_060	EX_hcys__L_e	BR:HS 578T	LE:SR	BR:HS 578T	LE:SR	1
core_060	EX_hcys__L_e	BR:HS 578T	ME:MALME-3M	BR:HS 578T	ME:MALME-3M	1
core_060	EX_hcys__L_e	BR:HS 578T	RE:786-0	BR:HS 578T	RE:786-0	1
core_060	EX_hcys__L_e	BR:HS 578T	RE:UO-31	BR:HS 578T	RE:UO-31	1
core_060	EX_hcys__L_e	BR:MDA-MB-231	LC:NCI-H226	BR:MDA-MB-231	LC:NCI-H226	-1
core_060	EX_hcys__L_e	CO:HT29	LC:NCI-H226	CO:HT29	LC:NCI-H226	-1
core_060	EX_hcys__L_e	LC:HOP-62	LC:NCI-H226	LC:HOP-62	LC:NCI-H226	-1
core_060	EX_hcys__L_e	LC:HOP-92	LC:NCI-H226	LC:HOP-92	LC:NCI-H226	-1
core_060	EX_hcys__L_e	LC:NCI-H226	LE:RPMI-8226	LC:NCI-H226	LE:RPMI-8226	1
core_060	EX_hcys__L_e	LC:NCI-H226	LE:SR	LC:NCI-H226	LE:SR	1
core_060	EX_hcys__L_e	LC:NCI-H226	ME:MALME-3M	LC:NCI-H226	ME:MALME-3M	1
core_060	EX_hcys__L_e	LC:NCI-H226	RE:786-0	LC:NCI-H226	RE:786-0	1
core_060	EX_hcys__L_e	LC:NCI-H226	RE:UO-31	LC:NCI-H226	RE:UO-31	1
core_060	EX_hcys__L_e	LE:RPMI-8226	RE:UO-31	LE:RPMI-8226	RE:UO-31	1
core_062	EX_hom__L_e	BR:HS 578T	BR:MDA-MB-231	BR:HS 578T	BR:MDA-MB-231	-1
core_062	EX_hom__L_e	BR:HS 578T	CO:HT29	BR:HS 578T	CO:HT29	-1
core_062	EX_hom__L_e	BR:HS 578T	LC:HOP-62	BR:HS 578T	LC:HOP-62	-1
core_062	EX_hom__L_e	BR:HS 578T	LC:HOP-92	BR:HS 578T	LC:HOP-92	1
core_062	EX_hom__L_e	BR:HS 578T	LC:NCI-H226	BR:HS 578T	LC:NCI-H226	-1
core_062	EX_hom__L_e	BR:HS 578T	LE:RPMI-8226	BR:HS 578T	LE:RPMI-8226	1
core_062	EX_hom__L_e	BR:HS 578T	LE:SR	BR:HS 578T	LE:SR	-1
core_062	EX_hom__L_e	BR:HS 578T	ME:MALME-3M	BR:HS 578T	ME:MALME-3M	-1
core_062	EX_hom__L_e	BR:HS 578T	RE:786-0	BR:HS 578T	RE:786-0	-1
core_062	EX_hom__L_e	BR:HS 578T	RE:UO-31	BR:HS 578T	RE:UO-31	-1
core_062	EX_hom__L_e	BR:MDA-MB-231	CO:HT29	BR:MDA-MB-231	CO:HT29	1
core_062	EX_hom__L_e	BR:MDA-MB-231	LC:HOP-62	BR:MDA-MB-231	LC:HOP-62	1
core_062	EX_hom__L_e	BR:MDA-MB-231	LC:HOP-92	BR:MDA-MB-231	LC:HOP-92	1
core_062	EX_hom__L_e	BR:MDA-MB-231	LC:NCI-H226	BR:MDA-MB-231	LC:NCI-H226	1
core_062	EX_hom__L_e	BR:MDA-MB-231	LE:RPMI-8226	BR:MDA-MB-231	LE:RPMI-8226	1
core_062	EX_hom__L_e	BR:MDA-MB-231	LE:SR	BR:MDA-MB-231	LE:SR	-1
core_062	EX_hom__L_e	BR:MDA-MB-231	ME:MALME-3M	BR:MDA-MB-231	ME:MALME-3M	1
core_062	EX_hom__L_e	BR:MDA-MB-231	RE:786-0	BR:MDA-MB-231	RE:786-0	1
core_062	EX_hom__L_e	CO:HT29	LC:HOP-62	CO:HT29	LC:HOP-62	-1
core_062	EX_hom__L_e	CO:HT29	LC:HOP-92	CO:HT29	LC:HOP-92	1
core_062	EX_hom__L_e	CO:HT29	LC:NCI-H226	CO:HT29	LC:NCI-H226	-1
core_062	EX_hom__L_e	CO:HT29	LE:RPMI-8226	CO:HT29	LE:RPMI-8226	1
core_062	EX_hom__L_e	CO:HT29	LE:SR	CO:HT29	LE:SR	-1
core_062	EX_hom__L_e	CO:HT29	ME:MALME-3M	CO:HT29	ME:MALME-3M	-1
core_062	EX_hom__L_e	CO:HT29	RE:786-0	CO:HT29	RE:786-0	-1
core_062	EX_hom__L_e	CO:HT29	RE:UO-31	CO:HT29	RE:UO-31	-1
core_062	EX_hom__L_e	LC:HOP-62	LC:HOP-92	LC:HOP-62	LC:HOP-92	1
core_062	EX_hom__L_e	LC:HOP-62	LE:RPMI-8226	LC:HOP-62	LE:RPMI-8226	1
core_062	EX_hom__L_e	LC:HOP-62	LE:SR	LC:HOP-62	LE:SR	-1
core_062	EX_hom__L_e	LC:HOP-62	ME:MALME-3M	LC:HOP-62	ME:MALME-3M	-1
core_062	EX_hom__L_e	LC:HOP-62	RE:UO-31	LC:HOP-62	RE:UO-31	-1
core_062	EX_hom__L_e	LC:HOP-92	LC:NCI-H226	LC:HOP-92	LC:NCI-H226	-1
core_062	EX_hom__L_e	LC:HOP-92	LE:RPMI-8226	LC:HOP-92	LE:RPMI-8226	1
core_062	EX_hom__L_e	LC:HOP-92	LE:SR	LC:HOP-92	LE:SR	-1
core_062	EX_hom__L_e	LC:HOP-92	ME:MALME-3M	LC:HOP-92	ME:MALME-3M	-1
core_062	EX_hom__L_e	LC:HOP-92	RE:786-0	LC:HOP-92	RE:786-0	-1
core_062	EX_hom__L_e	LC:HOP-92	RE:UO-31	LC:HOP-92	RE:UO-31	-1
core_062	EX_hom__L_e	LC:NCI-H226	LE:RPMI-8226	LC:NCI-H226	LE:RPMI-8226	1
core_062	EX_hom__L_e	LC:NCI-H226	LE:SR	LC:NCI-H226	LE:SR	-1
core_062	EX_hom__L_e	LC:NCI-H226	ME:MALME-3M	LC:NCI-H226	ME:MALME-3M	-1
core_062	EX_hom__L_e	LC:NCI-H226	RE:UO-31	LC:NCI-H226	RE:UO-31	-1
core_062	EX_hom__L_e	LE:RPMI-8226	LE:SR	LE:RPMI-8226	LE:SR	-1
core_062	EX_hom__L_e	LE:RPMI-8226	ME:MALME-3M	LE:RPMI-8226	ME:MALME-3M	-1
core_062	EX_hom__L_e	LE:RPMI-8226	RE:786-0	LE:RPMI-8226	RE:786-0	-1
core_062	EX_hom__L_e	LE:RPMI-8226	RE:UO-31	LE:RPMI-8226	RE:UO-31	-1
core_062	EX_hom__L_e	LE:SR	ME:MALME-3M	LE:SR	ME:MALME-3M	1
core_062	EX_hom__L_e	LE:SR	RE:786-0	LE:SR	RE:786-0	1
core_062	EX_hom__L_e	ME:MALME-3M	RE:786-0	ME:MALME-3M	RE:786-0	1
core_062	EX_hom__L_e	ME:MALME-3M	RE:UO-31	ME:MALME-3M	RE:UO-31	-1
core_062	EX_hom__L_e	RE:786-0	RE:UO-31	RE:786-0	RE:UO-31	-1
core_063	EX_hxan_e	BR:HS 578T	BR:MDA-MB-231	BR:HS 578T	BR:MDA-MB-231	-1
core_063	EX_hxan_e	BR:HS 578T	CO:HT29	BR:HS 578T	CO:HT29	-1
core_063	EX_hxan_e	BR:HS 578T	LC:HOP-62	BR:HS 578T	LC:HOP-62	-1
core_063	EX_hxan_e	BR:HS 578T	LC:HOP-92	BR:HS 578T	LC:HOP-92	1
core_063	EX_hxan_e	BR:HS 578T	LC:NCI-H226	BR:HS 578T	LC:NCI-H226	-1
core_063	EX_hxan_e	BR:HS 578T	LE:RPMI-8226	BR:HS 578T	LE:RPMI-8226	1
core_063	EX_hxan_e	BR:HS 578T	LE:SR	BR:HS 578T	LE:SR	-1
core_063	EX_hxan_e	BR:HS 578T	ME:MALME-3M	BR:HS 578T	ME:MALME-3M	-1
core_063	EX_hxan_e	BR:HS 578T	RE:786-0	BR:HS 578T	RE:786-0	-1
core_063	EX_hxan_e	BR:HS 578T	RE:UO-31	BR:HS 578T	RE:UO-31	-1
core_063	EX_hxan_e	BR:MDA-MB-231	CO:HT29	BR:MDA-MB-231	CO:HT29	1
core_063	EX_hxan_e	BR:MDA-MB-231	LC:HOP-62	BR:MDA-MB-231	LC:HOP-62	1
core_063	EX_hxan_e	BR:MDA-MB-231	LC:HOP-92	BR:MDA-MB-231	LC:HOP-92	1
core_063	EX_hxan_e	BR:MDA-MB-231	LC:NCI-H226	BR:MDA-MB-231	LC:NCI-H226	1
core_063	EX_hxan_e	BR:MDA-MB-231	LE:RPMI-8226	BR:MDA-MB-231	LE:RPMI-8226	1
core_063	EX_hxan_e	BR:MDA-MB-231	LE:SR	BR:MDA-MB-231	LE:SR	1
core_063	EX_hxan_e	BR:MDA-MB-231	ME:MALME-3M	BR:MDA-MB-231	ME:MALME-3M	1
core_063	EX_hxan_e	BR:MDA-MB-231	RE:786-0	BR:MDA-MB-231	RE:786-0	1
core_063	EX_hxan_e	BR:MDA-MB-231	RE:UO-31	BR:MDA-MB-231	RE:UO-31	1
core_063	EX_hxan_e	CO:HT29	LC:HOP-62	CO:HT29	LC:HOP-62	-1
core_063	EX_hxan_e	CO:HT29	LC:HOP-92	CO:HT29	LC:HOP-92	1
core_063	EX_hxan_e	CO:HT29	LE:RPMI-8226	CO:HT29	LE:RPMI-8226	1
core_063	EX_hxan_e	CO:HT29	LE:SR	CO:HT29	LE:SR	-1
core_063	EX_hxan_e	CO:HT29	ME:MALME-3M	CO:HT29	ME:MALME-3M	-1
core_063	EX_hxan_e	CO:HT29	RE:786-0	CO:HT29	RE:786-0	-1
core_063	EX_hxan_e	CO:HT29	RE:UO-31	CO:HT29	RE:UO-31	-1
core_063	EX_hxan_e	LC:HOP-62	LC:HOP-92	LC:HOP-62	LC:HOP-92	1
core_063	EX_hxan_e	LC:HOP-62	LC:NCI-H226	LC:HOP-62	LC:NCI-H226	1
core_063	EX_hxan_e	LC:HOP-62	LE:RPMI-8226	LC:HOP-62	LE:RPMI-8226	1
core_063	EX_hxan_e	LC:HOP-62	LE:SR	LC:HOP-62	LE:SR	-1
core_063	EX_hxan_e	LC:HOP-62	ME:MALME-3M	LC:HOP-62	ME:MALME-3M	1
core_063	EX_hxan_e	LC:HOP-62	RE:UO-31	LC:HOP-62	RE:UO-31	-1
core_063	EX_hxan_e	LC:HOP-92	LC:NCI-H226	LC:HOP-92	LC:NCI-H226	-1
core_063	EX_hxan_e	LC:HOP-92	LE:RPMI-8226	LC:HOP-92	LE:RPMI-8226	-1
core_063	EX_hxan_e	LC:HOP-92	LE:SR	LC:HOP-92	LE:SR	-1
core_063	EX_hxan_e	LC:HOP-92	ME:MALME-3M	LC:HOP-92	ME:MALME-3M	-1
core_063	EX_hxan_e	LC:HOP-92	RE:786-0	LC:HOP-92	RE:786-0	-1
core_063	EX_hxan_e	LC:HOP-92	RE:UO-31	LC:HOP-92	RE:UO-31	-1
core_063	EX_hxan_e	LC:NCI-H226	LE:RPMI-8226	LC:NCI-H226	LE:RPMI-8226	1
core_063	EX_hxan_e	LC:NCI-H226	LE:SR	LC:NCI-H226	LE:SR	-1
core_063	EX_hxan_e	LC:NCI-H226	ME:MALME-3M	LC:NCI-H226	ME:MALME-3M	-1
core_063	EX_hxan_e	LC:NCI-H226	RE:786-0	LC:NCI-H226	RE:786-0	-1
core_063	EX_hxan_e	LC:NCI-H226	RE:UO-31	LC:NCI-H226	RE:UO-31	-1
core_063	EX_hxan_e	LE:RPMI-8226	LE:SR	LE:RPMI-8226	LE:SR	-1
core_063	EX_hxan_e	LE:RPMI-8226	ME:MALME-3M	LE:RPMI-8226	ME:MALME-3M	-1
core_063	EX_hxan_e	LE:RPMI-8226	RE:786-0	LE:RPMI-8226	RE:786-0	-1
core_063	EX_hxan_e	LE:RPMI-8226	RE:UO-31	LE:RPMI-8226	RE:UO-31	-1
core_063	EX_hxan_e	LE:SR	ME:MALME-3M	LE:SR	ME:MALME-3M	1
core_063	EX_hxan_e	LE:SR	RE:786-0	LE:SR	RE:786-0	1
core_063	EX_hxan_e	ME:MALME-3M	RE:786-0	ME:MALME-3M	RE:786-0	-1
core_063	EX_hxan_e	ME:MALME-3M	RE:UO-31	ME:MALME-3M	RE:UO-31	-1
core_063	EX_hxan_e	RE:786-0	RE:UO-31	RE:786-0	RE:UO-31	-1
core_064	EX_icit_e	BR:HS 578T	CO:HT29	BR:HS 578T	CO:HT29	1
core_064	EX_icit_e	BR:HS 578T	LC:HOP-62	BR:HS 578T	LC:HOP-62	1
core_064	EX_icit_e	BR:HS 578T	LC:NCI-H226	BR:HS 578T	LC:NCI-H226	-1
core_064	EX_icit_e	BR:HS 578T	RE:786-0	BR:HS 578T	RE:786-0	1
core_064	EX_icit_e	BR:HS 578T	RE:UO-31	BR:HS 578T	RE:UO-31	-1
core_064	EX_icit_e	BR:MDA-MB-231	CO:HT29	BR:MDA-MB-231	CO:HT29	1
core_064	EX_icit_e	BR:MDA-MB-231	LC:HOP-62	BR:MDA-MB-231	LC:HOP-62	1
core_064	EX_icit_e	BR:MDA-MB-231	LE:SR	BR:MDA-MB-231	LE:SR	1
core_064	EX_icit_e	BR:MDA-MB-231	RE:786-0	BR:MDA-MB-231	RE:786-0	1
core_064	EX_icit_e	BR:MDA-MB-231	RE:UO-31	BR:MDA-MB-231	RE:UO-31	-1
core_064	EX_icit_e	CO:HT29	LC:HOP-62	CO:HT29	LC:HOP-62	-1
core_064	EX_icit_e	CO:HT29	LC:HOP-92	CO:HT29	LC:HOP-92	-1
core_064	EX_icit_e	CO:HT29	LC:NCI-H226	CO:HT29	LC:NCI-H226	-1
core_064	EX_icit_e	CO:HT29	LE:RPMI-8226	CO:HT29	LE:RPMI-8226	-1
core_064	EX_icit_e	CO:HT29	LE:SR	CO:HT29	LE:SR	-1
core_064	EX_icit_e	CO:HT29	ME:MALME-3M	CO:HT29	ME:MALME-3M	-1
core_064	EX_icit_e	CO:HT29	RE:786-0	CO:HT29	RE:786-0	-1
core_064	EX_icit_e	CO:HT29	RE:UO-31	CO:HT29	RE:UO-31	-1
core_064	EX_icit_e	LC:HOP-62	LC:HOP-92	LC:HOP-62	LC:HOP-92	-1
core_064	EX_icit_e	LC:HOP-62	LC:NCI-H226	LC:HOP-62	LC:NCI-H226	-1
core_064	EX_icit_e	LC:HOP-62	LE:RPMI-8226	LC:HOP-62	LE:RPMI-8226	-1
core_064	EX_icit_e	LC:HOP-62	LE:SR	LC:HOP-62	LE:SR	-1
core_064	EX_icit_e	LC:HOP-62	ME:MALME-3M	LC:HOP-62	ME:MALME-3M	-1
core_064	EX_icit_e	LC:HOP-62	RE:UO-31	LC:HOP-62	RE:UO-31	-1
core_064	EX_icit_e	LC:HOP-92	LE:SR	LC:HOP-92	LE:SR	1
core_064	EX_icit_e	LC:HOP-92	ME:MALME-3M	LC:HOP-92	ME:MALME-3M	1
core_064	EX_icit_e	LC:HOP-92	RE:786-0	LC:HOP-92	RE:786-0	1
core_064	EX_icit_e	LC:HOP-92	RE:UO-31	LC:HOP-92	RE:UO-31	-1
core_064	EX_icit_e	LC:NCI-H226	LE:RPMI-8226	LC:NCI-H226	LE:RPMI-8226	1
core_064	EX_icit_e	LC:NCI-H226	LE:SR	LC:NCI-H226	LE:SR	1
core_064	EX_icit_e	LC:NCI-H226	ME:MALME-3M	LC:NCI-H226	ME:MALME-3M	1
core_064	EX_icit_e	LC:NCI-H226	RE:786-0	LC:NCI-H226	RE:786-0	1
core_064	EX_icit_e	LC:NCI-H226	RE:UO-31	LC:NCI-H226	RE:UO-31	-1
core_064	EX_icit_e	LE:RPMI-8226	RE:UO-31	LE:RPMI-8226	RE:UO-31	-1
core_064	EX_icit_e	LE:SR	RE:UO-31	LE:SR	RE:UO-31	-1
core_064	EX_icit_e	ME:MALME-3M	RE:UO-31	ME:MALME-3M	RE:UO-31	-1
core_064	EX_icit_e	RE:786-0	RE:UO-31	RE:786-0	RE:UO-31	-1
core_065	EX_ile__L_e	BR:HS 578T	BR:MDA-MB-231	BR:HS 578T	BR:MDA-MB-231	-1
core_065	EX_ile__L_e	BR:HS 578T	CO:HT29	BR:HS 578T	CO:HT29	-1
core_065	EX_ile__L_e	BR:HS 578T	LC:HOP-62	BR:HS 578T	LC:HOP-62	-1
core_065	EX_ile__L_e	BR:HS 578T	LC:HOP-92	BR:HS 578T	LC:HOP-92	-1
core_065	EX_ile__L_e	BR:HS 578T	LC:NCI-H226	BR:HS 578T	LC:NCI-H226	-1
core_065	EX_ile__L_e	BR:HS 578T	LE:RPMI-8226	BR:HS 578T	LE:RPMI-8226	-1
core_065	EX_ile__L_e	BR:HS 578T	LE:SR	BR:HS 578T	LE:SR	-1
core_065	EX_ile__L_e	BR:HS 578T	ME:MALME-3M	BR:HS 578T	ME:MALME-3M	-1
core_065	EX_ile__L_e	BR:HS 578T	RE:786-0	BR:HS 578T	RE:786-0	-1
core_065	EX_ile__L_e	BR:HS 578T	RE:UO-31	BR:HS 578T	RE:UO-31	-1
core_065	EX_ile__L_e	BR:MDA-MB-231	CO:HT29	BR:MDA-MB-231	CO:HT29	1
core_065	EX_ile__L_e	BR:MDA-MB-231	LC:HOP-92	BR:MDA-MB-231	LC:HOP-92	1
core_065	EX_ile__L_e	BR:MDA-MB-231	LE:RPMI-8226	BR:MDA-MB-231	LE:RPMI-8226	1
core_065	EX_ile__L_e	BR:MDA-MB-231	RE:UO-31	BR:MDA-MB-231	RE:UO-31	-1
core_065	EX_ile__L_e	CO:HT29	LC:HOP-62	CO:HT29	LC:HOP-62	-1
core_065	EX_ile__L_e	CO:HT29	LC:HOP-92	CO:HT29	LC:HOP-92	1
core_065	EX_ile__L_e	CO:HT29	LC:NCI-H226	CO:HT29	LC:NCI-H226	-1
core_065	EX_ile__L_e	CO:HT29	LE:RPMI-8226	CO:HT29	LE:RPMI-8226	1
core_065	EX_ile__L_e	CO:HT29	LE:SR	CO:HT29	LE:SR	-1
core_065	EX_ile__L_e	CO:HT29	RE:786-0	CO:HT29	RE:786-0	-1
core_065	EX_ile__L_e	CO:HT29	RE:UO-31	CO:HT29	RE:UO-31	-1
core_065	EX_ile__L_e	LC:HOP-62	LC:HOP-92	LC:HOP-62	LC:HOP-92	1
core_065	EX_ile__L_e	LC:HOP-62	LE:RPMI-8226	LC:HOP-62	LE:RPMI-8226	1
core_065	EX_ile__L_e	LC:HOP-62	RE:UO-31	LC:HOP-62	RE:UO-31	-1
core_065	EX_ile__L_e	LC:HOP-92	LC:NCI-H226	LC:HOP-92	LC:NCI-H226	-1
core_065	EX_ile__L_e	LC:HOP-92	LE:SR	LC:HOP-92	LE:SR	-1
core_065	EX_ile__L_e	LC:HOP-92	ME:MALME-3M	LC:HOP-92	ME:MALME-3M	-1
core_065	EX_ile__L_e	LC:HOP-92	RE:786-0	LC:HOP-92	RE:786-0	-1
core_065	EX_ile__L_e	LC:HOP-92	RE:UO-31	LC:HOP-92	RE:UO-31	-1
core_065	EX_ile__L_e	LC:NCI-H226	LE:RPMI-8226	LC:NCI-H226	LE:RPMI-8226	1
core_065	EX_ile__L_e	LC:NCI-H226	ME:MALME-3M	LC:NCI-H226	ME:MALME-3M	1
core_065	EX_ile__L_e	LC:NCI-H226	RE:UO-31	LC:NCI-H226	RE:UO-31	-1
core_065	EX_ile__L_e	LE:RPMI-8226	LE:SR	LE:RPMI-8226	LE:SR	-1
core_065	EX_ile__L_e	LE:RPMI-8226	ME:MALME-3M	LE:RPMI-8226	ME:MALME-3M	-1
core_065	EX_ile__L_e	LE:RPMI-8226	RE:786-0	LE:RPMI-8226	RE:786-0	-1
core_065	EX_ile__L_e	LE:RPMI-8226	RE:UO-31	LE:RPMI-8226	RE:UO-31	-1
core_065	EX_ile__L_e	LE:SR	ME:MALME-3M	LE:SR	ME:MALME-3M	1
core_065	EX_ile__L_e	ME:MALME-3M	RE:UO-31	ME:MALME-3M	RE:UO-31	-1
core_065	EX_ile__L_e	RE:786-0	RE:UO-31	RE:786-0	RE:UO-31	-1
core_066	EX_imp_e	BR:HS 578T	BR:MDA-MB-231	BR:HS 578T	BR:MDA-MB-231	-1
core_066	EX_imp_e	BR:HS 578T	CO:HT29	BR:HS 578T	CO:HT29	1
core_066	EX_imp_e	BR:HS 578T	LC:NCI-H226	BR:HS 578T	LC:NCI-H226	-1
core_066	EX_imp_e	BR:HS 578T	LE:RPMI-8226	BR:HS 578T	LE:RPMI-8226	-1
core_066	EX_imp_e	BR:HS 578T	LE:SR	BR:HS 578T	LE:SR	-1
core_066	EX_imp_e	BR:MDA-MB-231	CO:HT29	BR:MDA-MB-231	CO:HT29	1
core_066	EX_imp_e	BR:MDA-MB-231	LC:HOP-62	BR:MDA-MB-231	LC:HOP-62	1
core_066	EX_imp_e	BR:MDA-MB-231	LC:HOP-92	BR:MDA-MB-231	LC:HOP-92	1
core_066	EX_imp_e	BR:MDA-MB-231	LE:RPMI-8226	BR:MDA-MB-231	LE:RPMI-8226	-1
core_066	EX_imp_e	BR:MDA-MB-231	ME:MALME-3M	BR:MDA-MB-231	ME:MALME-3M	1
core_066	EX_imp_e	BR:MDA-MB-231	RE:786-0	BR:MDA-MB-231	RE:786-0	1
core_066	EX_imp_e	BR:MDA-MB-231	RE:UO-31	BR:MDA-MB-231	RE:UO-31	1
core_066	EX_imp_e	CO:HT29	LC:HOP-92	CO:HT29	LC:HOP-92	-1
core_066	EX_imp_e	CO:HT29	LC:NCI-H226	CO:HT29	LC:NCI-H226	-1
core_066	EX_imp_e	CO:HT29	LE:RPMI-8226	CO:HT29	LE:RPMI-8226	-1
core_066	EX_imp_e	CO:HT29	LE:SR	CO:HT29	LE:SR	-1
core_066	EX_imp_e	CO:HT29	RE:UO-31	CO:HT29	RE:UO-31	-1
core_066	EX_imp_e	LC:HOP-62	LC:NCI-H226	LC:HOP-62	LC:NCI-H226	-1
core_066	EX_imp_e	LC:HOP-62	LE:RPMI-8226	LC:HOP-62	LE:RPMI-8226	-1
core_066	EX_imp_e	LC:HOP-62	LE:SR	LC:HOP-62	LE:SR	-1
core_066	EX_imp_e	LC:HOP-92	LC:NCI-H226	LC:HOP-92	LC:NCI-H226	-1
core_066	EX_imp_e	LC:HOP-92	LE:RPMI-8226	LC:HOP-92	LE:RPMI-8226	-1
core_066	EX_imp_e	LC:HOP-92	LE:SR	LC:HOP-92	LE:SR	-1
core_066	EX_imp_e	LC:NCI-H226	LE:RPMI-8226	LC:NCI-H226	LE:RPMI-8226	-1
core_066	EX_imp_e	LC:NCI-H226	ME:MALME-3M	LC:NCI-H226	ME:MALME-3M	1
core_066	EX_imp_e	LC:NCI-H226	RE:786-0	LC:NCI-H226	RE:786-0	1
core_066	EX_imp_e	LC:NCI-H226	RE:UO-31	LC:NCI-H226	RE:UO-31	1
core_066	EX_imp_e	LE:RPMI-8226	LE:SR	LE:RPMI-8226	LE:SR	1
core_066	EX_imp_e	LE:RPMI-8226	ME:MALME-3M	LE:RPMI-8226	ME:MALME-3M	1
core_066	EX_imp_e	LE:RPMI-8226	RE:786-0	LE:RPMI-8226	RE:786-0	1
core_066	EX_imp_e	LE:RPMI-8226	RE:UO-31	LE:RPMI-8226	RE:UO-31	1
core_066	EX_imp_e	LE:SR	ME:MALME-3M	LE:SR	ME:MALME-3M	1
core_066	EX_imp_e	LE:SR	RE:786-0	LE:SR	RE:786-0	1
core_066	EX_imp_e	LE:SR	RE:UO-31	LE:SR	RE:UO-31	1
core_067	EX_ins_e	BR:HS 578T	BR:MDA-MB-231	BR:HS 578T	BR:MDA-MB-231	-1
core_067	EX_ins_e	BR:HS 578T	LC:HOP-62	BR:HS 578T	LC:HOP-62	1
core_067	EX_ins_e	BR:HS 578T	LE:RPMI-8226	BR:HS 578T	LE:RPMI-8226	1
core_067	EX_ins_e	BR:HS 578T	LE:SR	BR:HS 578T	LE:SR	1
core_067	EX_ins_e	BR:HS 578T	ME:MALME-3M	BR:HS 578T	ME:MALME-3M	-1
core_067	EX_ins_e	BR:HS 578T	RE:786-0	BR:HS 578T	RE:786-0	1
core_067	EX_ins_e	BR:HS 578T	RE:UO-31	BR:HS 578T	RE:UO-31	1
core_067	EX_ins_e	BR:MDA-MB-231	CO:HT29	BR:MDA-MB-231	CO:HT29	1
core_067	EX_ins_e	BR:MDA-MB-231	LC:HOP-62	BR:MDA-MB-231	LC:HOP-62	1
core_067	EX_ins_e	BR:MDA-MB-231	LC:HOP-92	BR:MDA-MB-231	LC:HOP-92	1
core_067	EX_ins_e	BR:MDA-MB-231	LC:NCI-H226	BR:MDA-MB-231	LC:NCI-H226	1
core_067	EX_ins_e	BR:MDA-MB-231	LE:RPMI-8226	BR:MDA-MB-231	LE:RPMI-8226	1
core_067	EX_ins_e	BR:MDA-MB-231	LE:SR	BR:MDA-MB-231	LE:SR	1
core_067	EX_ins_e	BR:MDA-MB-231	ME:MALME-3M	BR:MDA-MB-231	ME:MALME-3M	1
core_067	EX_ins_e	BR:MDA-MB-231	RE:786-0	BR:MDA-MB-231	RE:786-0	1
core_067	EX_ins_e	BR:MDA-MB-231	RE:UO-31	BR:MDA-MB-231	RE:UO-31	1
core_067	EX_ins_e	CO:HT29	LC:HOP-62	CO:HT29	LC:HOP-62	1
core_067	EX_ins_e	CO:HT29	LC:HOP-92	CO:HT29	LC:HOP-92	-1
core_067	EX_ins_e	CO:HT29	LE:SR	CO:HT29	LE:SR	1
core_067	EX_ins_e	CO:HT29	ME:MALME-3M	CO:HT29	ME:MALME-3M	-1
core_067	EX_ins_e	CO:HT29	RE:786-0	CO:HT29	RE:786-0	1
core_067	EX_ins_e	LC:HOP-62	LC:HOP-92	LC:HOP-62	LC:HOP-92	-1
core_067	EX_ins_e	LC:HOP-62	LC:NCI-H226	LC:HOP-62	LC:NCI-H226	-1
core_067	EX_ins_e	LC:HOP-62	ME:MALME-3M	LC:HOP-62	ME:MALME-3M	-1
core_067	EX_ins_e	LC:HOP-92	LC:NCI-H226	LC:HOP-92	LC:NCI-H226	1
core_067	EX_ins_e	LC:HOP-92	LE:RPMI-8226	LC:HOP-92	LE:RPMI-8226	1
core_067	EX_ins_e	LC:HOP-92	LE:SR	LC:HOP-92	LE:SR	1
core_067	EX_ins_e	LC:HOP-92	ME:MALME-3M	LC:HOP-92	ME:MALME-3M	-1
core_067	EX_ins_e	LC:HOP-92	RE:786-0	LC:HOP-92	RE:786-0	1
core_067	EX_ins_e	LC:HOP-92	RE:UO-31	LC:HOP-92	RE:UO-31	1
core_067	EX_ins_e	LC:NCI-H226	LE:SR	LC:NCI-H226	LE:SR	1
core_067	EX_ins_e	LC:NCI-H226	ME:MALME-3M	LC:NCI-H226	ME:MALME-3M	-1
core_067	EX_ins_e	LC:NCI-H226	RE:786-0	LC:NCI-H226	RE:786-0	1
core_067	EX_ins_e	LC:NCI-H226	RE:UO-31	LC:NCI-H226	RE:UO-31	1
core_067	EX_ins_e	LE:RPMI-8226	LE:SR	LE:RPMI-8226	LE:SR	1
core_067	EX_ins_e	LE:RPMI-8226	ME:MALME-3M	LE:RPMI-8226	ME:MALME-3M	-1
core_067	EX_ins_e	LE:RPMI-8226	RE:786-0	LE:RPMI-8226	RE:786-0	1
core_067	EX_ins_e	LE:SR	ME:MALME-3M	LE:SR	ME:MALME-3M	-1
core_067	EX_ins_e	ME:MALME-3M	RE:786-0	ME:MALME-3M	RE:786-0	1
core_067	EX_ins_e	ME:MALME-3M	RE:UO-31	ME:MALME-3M	RE:UO-31	1
core_069	EX_L2aadp_e	BR:HS 578T	BR:MDA-MB-231	BR:HS 578T	BR:MDA-MB-231	-1
core_069	EX_L2aadp_e	BR:HS 578T	CO:HT29	BR:HS 578T	CO:HT29	-1
core_069	EX_L2aadp_e	BR:HS 578T	LC:HOP-62	BR:HS 578T	LC:HOP-62	-1
core_069	EX_L2aadp_e	BR:HS 578T	LC:HOP-92	BR:HS 578T	LC:HOP-92	-1
core_069	EX_L2aadp_e	BR:HS 578T	LC:NCI-H226	BR:HS 578T	LC:NCI-H226	-1
core_069	EX_L2aadp_e	BR:HS 578T	LE:RPMI-8226	BR:HS 578T	LE:RPMI-8226	-1
core_069	EX_L2aadp_e	BR:HS 578T	LE:SR	BR:HS 578T	LE:SR	-1
core_069	EX_L2aadp_e	BR:HS 578T	ME:MALME-3M	BR:HS 578T	ME:MALME-3M	-1
core_069	EX_L2aadp_e	BR:HS 578T	RE:786-0	BR:HS 578T	RE:786-0	-1
core_069	EX_L2aadp_e	BR:HS 578T	RE:UO-31	BR:HS 578T	RE:UO-31	-1
core_069	EX_L2aadp_e	BR:MDA-MB-231	CO:HT29	BR:MDA-MB-231	CO:HT29	1
core_069	EX_L2aadp_e	BR:MDA-MB-231	LC:HOP-62	BR:MDA-MB-231	LC:HOP-62	1
core_069	EX_L2aadp_e	BR:MDA-MB-231	LC:HOP-92	BR:MDA-MB-231	LC:HOP-92	1
core_069	EX_L2aadp_e	BR:MDA-MB-231	LC:NCI-H226	BR:MDA-MB-231	LC:NCI-H226	1
core_069	EX_L2aadp_e	BR:MDA-MB-231	LE:RPMI-8226	BR:MDA-MB-231	LE:RPMI-8226	1
core_069	EX_L2aadp_e	BR:MDA-MB-231	RE:786-0	BR:MDA-MB-231	RE:786-0	1
core_069	EX_L2aadp_e	CO:HT29	LC:HOP-62	CO:HT29	LC:HOP-62	1
core_069	EX_L2aadp_e	CO:HT29	LE:SR	CO:HT29	LE:SR	-1
core_069	EX_L2aadp_e	CO:HT29	ME:MALME-3M	CO:HT29	ME:MALME-3M	-1
core_069	EX_L2aadp_e	CO:HT29	RE:786-0	CO:HT29	RE:786-0	1
core_069	EX_L2aadp_e	CO:HT29	RE:UO-31	CO:HT29	RE:UO-31	-1
core_069	EX_L2aadp_e	LC:HOP-62	LC:HOP-92	LC:HOP-62	LC:HOP-92	-1
core_069	EX_L2aadp_e	LC:HOP-62	LC:NCI-H226	LC:HOP-62	LC:NCI-H226	-1
core_069	EX_L2aadp_e	LC:HOP-62	LE:RPMI-8226	LC:HOP-62	LE:RPMI-8226	-1
core_069	EX_L2aadp_e	LC:HOP-62	LE:SR	LC:HOP-62	LE:SR	-1
core_069	EX_L2aadp_e	LC:HOP-62	ME:MALME-3M	LC:HOP-62	ME:MALME-3M	-1
core_069	EX_L2aadp_e	LC:HOP-62	RE:UO-31	LC:HOP-62	RE:UO-31	-1
core_069	EX_L2aadp_e	LC:HOP-92	LE:SR	LC:HOP-92	LE:SR	-1
core_069	EX_L2aadp_e	LC:HOP-92	ME:MALME-3M	LC:HOP-92	ME:MALME-3M	-1
core_069	EX_L2aadp_e	LC:HOP-92	RE:786-0	LC:HOP-92	RE:786-0	1
core_069	EX_L2aadp_e	LC:HOP-92	RE:UO-31	LC:HOP-92	RE:UO-31	-1
core_069	EX_L2aadp_e	LC:NCI-H226	LE:SR	LC:NCI-H226	LE:SR	-1
core_069	EX_L2aadp_e	LC:NCI-H226	ME:MALME-3M	LC:NCI-H226	ME:MALME-3M	-1
core_069	EX_L2aadp_e	LC:NCI-H226	RE:786-0	LC:NCI-H226	RE:786-0	1
core_069	EX_L2aadp_e	LC:NCI-H226	RE:UO-31	LC:NCI-H226	RE:UO-31	-1
core_069	EX_L2aadp_e	LE:RPMI-8226	LE:SR	LE:RPMI-8226	LE:SR	-1
core_069	EX_L2aadp_e	LE:RPMI-8226	ME:MALME-3M	LE:RPMI-8226	ME:MALME-3M	-1
core_069	EX_L2aadp_e	LE:RPMI-8226	RE:786-0	LE:RPMI-8226	RE:786-0	1
core_069	EX_L2aadp_e	LE:RPMI-8226	RE:UO-31	LE:RPMI-8226	RE:UO-31	-1
core_069	EX_L2aadp_e	LE:SR	ME:MALME-3M	LE:SR	ME:MALME-3M	-1
core_069	EX_L2aadp_e	LE:SR	RE:786-0	LE:SR	RE:786-0	1
core_069	EX_L2aadp_e	LE:SR	RE:UO-31	LE:SR	RE:UO-31	-1
core_069	EX_L2aadp_e	ME:MALME-3M	RE:786-0	ME:MALME-3M	RE:786-0	1
core_069	EX_L2aadp_e	RE:786-0	RE:UO-31	RE:786-0	RE:UO-31	-1
core_070	EX_lac__L_e	BR:HS 578T	BR:MDA-MB-231	BR:HS 578T	BR:MDA-MB-231	1
core_070	EX_lac__L_e	BR:HS 578T	CO:HT29	BR:HS 578T	CO:HT29	1
core_070	EX_lac__L_e	BR:HS 578T	LC:HOP-62	BR:HS 578T	LC:HOP-62	1
core_070	EX_lac__L_e	BR:HS 578T	LC:HOP-92	BR:HS 578T	LC:HOP-92	-1
core_070	EX_lac__L_e	BR:HS 578T	LC:NCI-H226	BR:HS 578T	LC:NCI-H226	1
core_070	EX_lac__L_e	BR:HS 578T	LE:RPMI-8226	BR:HS 578T	LE:RPMI-8226	1
core_070	EX_lac__L_e	BR:HS 578T	LE:SR	BR:HS 578T	LE:SR	1
core_070	EX_lac__L_e	BR:HS 578T	ME:MALME-3M	BR:HS 578T	ME:MALME-3M	1
core_070	EX_lac__L_e	BR:HS 578T	RE:786-0	BR:HS 578T	RE:786-0	1
core_070	EX_lac__L_e	BR:HS 578T	RE:UO-31	BR:HS 578T	RE:UO-31	1
core_070	EX_lac__L_e	BR:MDA-MB-231	CO:HT29	BR:MDA-MB-231	CO:HT29	-1
core_070	EX_lac__L_e	BR:MDA-MB-231	LC:HOP-62	BR:MDA-MB-231	LC:HOP-62	-1
core_070	EX_lac__L_e	BR:MDA-MB-231	LC:HOP-92	BR:MDA-MB-231	LC:HOP-92	-1
core_070	EX_lac__L_e	BR:MDA-MB-231	LC:NCI-H226	BR:MDA-MB-231	LC:NCI-H226	-1
core_070	EX_lac__L_e	BR:MDA-MB-231	LE:RPMI-8226	BR:MDA-MB-231	LE:RPMI-8226	-1
core_070	EX_lac__L_e	BR:MDA-MB-231	LE:SR	BR:MDA-MB-231	LE:SR	-1
core_070	EX_lac__L_e	BR:MDA-MB-231	ME:MALME-3M	BR:MDA-MB-231	ME:MALME-3M	-1
core_070	EX_lac__L_e	BR:MDA-MB-231	RE:786-0	BR:MDA-MB-231	RE:786-0	-1
core_070	EX_lac__L_e	BR:MDA-MB-231	RE:UO-31	BR:MDA-MB-231	RE:UO-31	-1
core_070	EX_lac__L_e	CO:HT29	LC:HOP-62	CO:HT29	LC:HOP-62	1
core_070	EX_lac__L_e	CO:HT29	LC:HOP-92	CO:HT29	LC:HOP-92	-1
core_070	EX_lac__L_e	CO:HT29	LC:NCI-H226	CO:HT29	LC:NCI-H226	1
core_070	EX_lac__L_e	CO:HT29	LE:RPMI-8226	CO:HT29	LE:RPMI-8226	-1
core_070	EX_lac__L_e	CO:HT29	LE:SR	CO:HT29	LE:SR	1
core_070	EX_lac__L_e	CO:HT29	ME:MALME-3M	CO:HT29	ME:MALME-3M	1
core_070	EX_lac__L_e	CO:HT29	RE:786-0	CO:HT29	RE:786-0	1
core_070	EX_lac__L_e	CO:HT29	RE:UO-31	CO:HT29	RE:UO-31	1
core_070	EX_lac__L_e	LC:HOP-62	LC:HOP-92	LC:HOP-62	LC:HOP-92	-1
core_070	EX_lac__L_e	LC:HOP-62	LC:NCI-H226	LC:HOP-62	LC:NCI-H226	1
core_070	EX_lac__L_e	LC:HOP-62	LE:RPMI-8226	LC:HOP-62	LE:RPMI-8226	-1
core_070	EX_lac__L_e	LC:HOP-62	LE:SR	LC:HOP-62	LE:SR	1
core_070	EX_lac__L_e	LC:HOP-62	ME:MALME-3M	LC:HOP-62	ME:MALME-3M	1
core_070	EX_lac__L_e	LC:HOP-62	RE:UO-31	LC:HOP-62	RE:UO-31	1
core_070	EX_lac__L_e	LC:HOP-92	LC:NCI-H226	LC:HOP-92	LC:NCI-H226	1
core_070	EX_lac__L_e	LC:HOP-92	LE:RPMI-8226	LC:HOP-92	LE:RPMI-8226	1
core_070	EX_lac__L_e	LC:HOP-92	LE:SR	LC:HOP-92	LE:SR	1
core_070	EX_lac__L_e	LC:HOP-92	ME:MALME-3M	LC:HOP-92	ME:MALME-3M	1
core_070	EX_lac__L_e	LC:HOP-92	RE:786-0	LC:HOP-92	RE:786-0	1
core_070	EX_lac__L_e	LC:HOP-92	RE:UO-31	LC:HOP-92	RE:UO-31	1
core_070	EX_lac__L_e	LC:NCI-H226	LE:RPMI-8226	LC:NCI-H226	LE:RPMI-8226	-1
core_070	EX_lac__L_e	LC:NCI-H226	ME:MALME-3M	LC:NCI-H226	ME:MALME-3M	-1
core_070	EX_lac__L_e	LC:NCI-H226	RE:786-0	LC:NCI-H226	RE:786-0	-1
core_070	EX_lac__L_e	LC:NCI-H226	RE:UO-31	LC:NCI-H226	RE:UO-31	-1
core_070	EX_lac__L_e	LE:RPMI-8226	LE:SR	LE:RPMI-8226	LE:SR	1
core_070	EX_lac__L_e	LE:RPMI-8226	ME:MALME-3M	LE:RPMI-8226	ME:MALME-3M	1
core_070	EX_lac__L_e	LE:RPMI-8226	RE:786-0	LE:RPMI-8226	RE:786-0	1
core_070	EX_lac__L_e	LE:RPMI-8226	RE:UO-31	LE:RPMI-8226	RE:UO-31	1
core_070	EX_lac__L_e	LE:SR	ME:MALME-3M	LE:SR	ME:MALME-3M	-1
core_070	EX_lac__L_e	LE:SR	RE:786-0	LE:SR	RE:786-0	-1
core_070	EX_lac__L_e	ME:MALME-3M	RE:786-0	ME:MALME-3M	RE:786-0	-1
core_070	EX_lac__L_e	RE:786-0	RE:UO-31	RE:786-0	RE:UO-31	1
core_071	EX_lcts_e	BR:HS 578T	LC:HOP-92	BR:HS 578T	LC:HOP-92	1
core_071	EX_lcts_e	BR:HS 578T	LC:NCI-H226	BR:HS 578T	LC:NCI-H226	-1
core_071	EX_lcts_e	BR:HS 578T	LE:RPMI-8226	BR:HS 578T	LE:RPMI-8226	1
core_071	EX_lcts_e	BR:MDA-MB-231	CO:HT29	BR:MDA-MB-231	CO:HT29	1
core_071	EX_lcts_e	BR:MDA-MB-231	LC:HOP-92	BR:MDA-MB-231	LC:HOP-92	1
core_071	EX_lcts_e	BR:MDA-MB-231	LC:NCI-H226	BR:MDA-MB-231	LC:NCI-H226	-1
core_071	EX_lcts_e	BR:MDA-MB-231	LE:RPMI-8226	BR:MDA-MB-231	LE:RPMI-8226	1
core_071	EX_lcts_e	BR:MDA-MB-231	LE:SR	BR:MDA-MB-231	LE:SR	1
core_071	EX_lcts_e	BR:MDA-MB-231	RE:786-0	BR:MDA-MB-231	RE:786-0	1
core_071	EX_lcts_e	BR:MDA-MB-231	RE:UO-31	BR:MDA-MB-231	RE:UO-31	1
core_071	EX_lcts_e	CO:HT29	LC:HOP-62	CO:HT29	LC:HOP-62	-1
core_071	EX_lcts_e	CO:HT29	LC:HOP-92	CO:HT29	LC:HOP-92	1
core_071	EX_lcts_e	CO:HT29	LC:NCI-H226	CO:HT29	LC:NCI-H226	-1
core_071	EX_lcts_e	CO:HT29	LE:RPMI-8226	CO:HT29	LE:RPMI-8226	1
core_071	EX_lcts_e	LC:HOP-62	LC:HOP-92	LC:HOP-62	LC:HOP-92	1
core_071	EX_lcts_e	LC:HOP-62	LC:NCI-H226	LC:HOP-62	LC:NCI-H226	-1
core_071	EX_lcts_e	LC:HOP-62	LE:RPMI-8226	LC:HOP-62	LE:RPMI-8226	1
core_071	EX_lcts_e	LC:HOP-62	RE:786-0	LC:HOP-62	RE:786-0	1
core_071	EX_lcts_e	LC:HOP-62	RE:UO-31	LC:HOP-62	RE:UO-31	1
core_071	EX_lcts_e	LC:HOP-92	LC:NCI-H226	LC:HOP-92	LC:NCI-H226	-1
core_071	EX_lcts_e	LC:HOP-92	LE:SR	LC:HOP-92	LE:SR	-1
core_071	EX_lcts_e	LC:HOP-92	ME:MALME-3M	LC:HOP-92	ME:MALME-3M	-1
core_071	EX_lcts_e	LC:HOP-92	RE:786-0	LC:HOP-92	RE:786-0	-1
core_071	EX_lcts_e	LC:HOP-92	RE:UO-31	LC:HOP-92	RE:UO-31	-1
core_071	EX_lcts_e	LC:NCI-H226	LE:RPMI-8226	LC:NCI-H226	LE:RPMI-8226	1
core_071	EX_lcts_e	LC:NCI-H226	LE:SR	LC:NCI-H226	LE:SR	1
core_071	EX_lcts_e	LC:NCI-H226	ME:MALME-3M	LC:NCI-H226	ME:MALME-3M	1
core_071	EX_lcts_e	LC:NCI-H226	RE:786-0	LC:NCI-H226	RE:786-0	1
core_071	EX_lcts_e	LC:NCI-H226	RE:UO-31	LC:NCI-H226	RE:UO-31	1
core_071	EX_lcts_e	LE:RPMI-8226	LE:SR	LE:RPMI-8226	LE:SR	-1
core_071	EX_lcts_e	LE:RPMI-8226	ME:MALME-3M	LE:RPMI-8226	ME:MALME-3M	-1
core_071	EX_lcts_e	LE:RPMI-8226	RE:UO-31	LE:RPMI-8226	RE:UO-31	-1
core_071	EX_lcts_e	ME:MALME-3M	RE:786-0	ME:MALME-3M	RE:786-0	1
core_072	EX_leu__L_e	BR:HS 578T	BR:MDA-MB-231	BR:HS 578T	BR:MDA-MB-231	-1
core_072	EX_leu__L_e	BR:HS 578T	CO:HT29	BR:HS 578T	CO:HT29	-1
core_072	EX_leu__L_e	BR:HS 578T	LC:HOP-62	BR:HS 578T	LC:HOP-62	-1
core_072	EX_leu__L_e	BR:HS 578T	LC:NCI-H226	BR:HS 578T	LC:NCI-H226	-1
core_072	EX_leu__L_e	BR:HS 578T	LE:RPMI-8226	BR:HS 578T	LE:RPMI-8226	-1
core_072	EX_leu__L_e	BR:HS 578T	LE:SR	BR:HS 578T	LE:SR	-1
core_072	EX_leu__L_e	BR:HS 578T	ME:MALME-3M	BR:HS 578T	ME:MALME-3M	-1
core_072	EX_leu__L_e	BR:HS 578T	RE:786-0	BR:HS 578T	RE:786-0	-1
core_072	EX_leu__L_e	BR:HS 578T	RE:UO-31	BR:HS 578T	RE:UO-31	-1
core_072	EX_leu__L_e	BR:MDA-MB-231	CO:HT29	BR:MDA-MB-231	CO:HT29	1
core_072	EX_leu__L_e	BR:MDA-MB-231	LC:HOP-62	BR:MDA-MB-231	LC:HOP-62	1
core_072	EX_leu__L_e	BR:MDA-MB-231	LC:HOP-92	BR:MDA-MB-231	LC:HOP-92	1
core_072	EX_leu__L_e	BR:MDA-MB-231	LE:RPMI-8226	BR:MDA-MB-231	LE:RPMI-8226	1
core_072	EX_leu__L_e	BR:MDA-MB-231	ME:MALME-3M	BR:MDA-MB-231	ME:MALME-3M	1
core_072	EX_leu__L_e	BR:MDA-MB-231	RE:786-0	BR:MDA-MB-231	RE:786-0	1
core_072	EX_leu__L_e	CO:HT29	LC:HOP-62	CO:HT29	LC:HOP-62	-1
core_072	EX_leu__L_e	CO:HT29	LC:HOP-92	CO:HT29	LC:HOP-92	1
core_072	EX_leu__L_e	CO:HT29	LC:NCI-H226	CO:HT29	LC:NCI-H226	-1
core_072	EX_leu__L_e	CO:HT29	LE:RPMI-8226	CO:HT29	LE:RPMI-8226	1
core_072	EX_leu__L_e	CO:HT29	LE:SR	CO:HT29	LE:SR	-1
core_072	EX_leu__L_e	CO:HT29	ME:MALME-3M	CO:HT29	ME:MALME-3M	-1
core_072	EX_leu__L_e	CO:HT29	RE:UO-31	CO:HT29	RE:UO-31	-1
core_072	EX_leu__L_e	LC:HOP-62	LC:HOP-92	LC:HOP-62	LC:HOP-92	1
core_072	EX_leu__L_e	LC:HOP-62	LE:RPMI-8226	LC:HOP-62	LE:RPMI-8226	1
core_072	EX_leu__L_e	LC:HOP-62	LE:SR	LC:HOP-62	LE:SR	-1
core_072	EX_leu__L_e	LC:HOP-62	RE:UO-31	LC:HOP-62	RE:UO-31	-1
core_072	EX_leu__L_e	LC:HOP-92	LC:NCI-H226	LC:HOP-92	LC:NCI-H226	-1
core_072	EX_leu__L_e	LC:HOP-92	LE:SR	LC:HOP-92	LE:SR	-1
core_072	EX_leu__L_e	LC:HOP-92	ME:MALME-3M	LC:HOP-92	ME:MALME-3M	-1
core_072	EX_leu__L_e	LC:HOP-92	RE:786-0	LC:HOP-92	RE:786-0	-1
core_072	EX_leu__L_e	LC:HOP-92	RE:UO-31	LC:HOP-92	RE:UO-31	-1
core_072	EX_leu__L_e	LC:NCI-H226	LE:RPMI-8226	LC:NCI-H226	LE:RPMI-8226	1
core_072	EX_leu__L_e	LC:NCI-H226	LE:SR	LC:NCI-H226	LE:SR	-1
core_072	EX_leu__L_e	LC:NCI-H226	RE:786-0	LC:NCI-H226	RE:786-0	1
core_072	EX_leu__L_e	LC:NCI-H226	RE:UO-31	LC:NCI-H226	RE:UO-31	-1
core_072	EX_leu__L_e	LE:RPMI-8226	LE:SR	LE:RPMI-8226	LE:SR	-1
core_072	EX_leu__L_e	LE:RPMI-8226	ME:MALME-3M	LE:RPMI-8226	ME:MALME-3M	-1
core_072	EX_leu__L_e	LE:RPMI-8226	RE:786-0	LE:RPMI-8226	RE:786-0	-1
core_072	EX_leu__L_e	LE:RPMI-8226	RE:UO-31	LE:RPMI-8226	RE:UO-31	-1
core_072	EX_leu__L_e	LE:SR	ME:MALME-3M	LE:SR	ME:MALME-3M	1
core_072	EX_leu__L_e	LE:SR	RE:786-0	LE:SR	RE:786-0	1
core_072	EX_leu__L_e	ME:MALME-3M	RE:786-0	ME:MALME-3M	RE:786-0	1
core_072	EX_leu__L_e	ME:MALME-3M	RE:UO-31	ME:MALME-3M	RE:UO-31	-1
core_072	EX_leu__L_e	RE:786-0	RE:UO-31	RE:786-0	RE:UO-31	-1
core_073	EX_Lkynr_e	BR:HS 578T	BR:MDA-MB-231	BR:HS 578T	BR:MDA-MB-231	1
core_073	EX_Lkynr_e	BR:HS 578T	CO:HT29	BR:HS 578T	CO:HT29	1
core_073	EX_Lkynr_e	BR:HS 578T	LC:HOP-62	BR:HS 578T	LC:HOP-62	1
core_073	EX_Lkynr_e	BR:HS 578T	LC:HOP-92	BR:HS 578T	LC:HOP-92	1
core_073	EX_Lkynr_e	BR:HS 578T	LC:NCI-H226	BR:HS 578T	LC:NCI-H226	1
core_073	EX_Lkynr_e	BR:HS 578T	LE:RPMI-8226	BR:HS 578T	LE:RPMI-8226	1
core_073	EX_Lkynr_e	BR:HS 578T	LE:SR	BR:HS 578T	LE:SR	1
core_073	EX_Lkynr_e	BR:HS 578T	ME:MALME-3M	BR:HS 578T	ME:MALME-3M	1
core_073	EX_Lkynr_e	BR:HS 578T	RE:786-0	BR:HS 578T	RE:786-0	1
core_073	EX_Lkynr_e	BR:HS 578T	RE:UO-31	BR:HS 578T	RE:UO-31	1
core_073	EX_Lkynr_e	BR:MDA-MB-231	CO:HT29	BR:MDA-MB-231	CO:HT29	1
core_073	EX_Lkynr_e	BR:MDA-MB-231	LC:HOP-62	BR:MDA-MB-231	LC:HOP-62	1
core_073	EX_Lkynr_e	BR:MDA-MB-231	LC:HOP-92	BR:MDA-MB-231	LC:HOP-92	1
core_073	EX_Lkynr_e	BR:MDA-MB-231	LE:RPMI-8226	BR:MDA-MB-231	LE:RPMI-8226	1
core_073	EX_Lkynr_e	BR:MDA-MB-231	ME:MALME-3M	BR:MDA-MB-231	ME:MALME-3M	1
core_073	EX_Lkynr_e	BR:MDA-MB-231	RE:786-0	BR:MDA-MB-231	RE:786-0	1
core_073	EX_Lkynr_e	BR:MDA-MB-231	RE:UO-31	BR:MDA-MB-231	RE:UO-31	1
core_073	EX_Lkynr_e	CO:HT29	LC:HOP-62	CO:HT29	LC:HOP-62	-1
core_073	EX_Lkynr_e	CO:HT29	LC:HOP-92	CO:HT29	LC:HOP-92	1
core_073	EX_Lkynr_e	CO:HT29	LC:NCI-H226	CO:HT29	LC:NCI-H226	-1
core_073	EX_Lkynr_e	CO:HT29	LE:RPMI-8226	CO:HT29	LE:RPMI-8226	1
core_073	EX_Lkynr_e	CO:HT29	LE:SR	CO:HT29	LE:SR	-1
core_073	EX_Lkynr_e	CO:HT29	RE:786-0	CO:HT29	RE:786-0	-1
core_073	EX_Lkynr_e	CO:HT29	RE:UO-31	CO:HT29	RE:UO-31	-1
core_073	EX_Lkynr_e	LC:HOP-62	LC:HOP-92	LC:HOP-62	LC:HOP-92	1
core_073	EX_Lkynr_e	LC:HOP-62	LC:NCI-H226	LC:HOP-62	LC:NCI-H226	-1
core_073	EX_Lkynr_e	LC:HOP-62	LE:RPMI-8226	LC:HOP-62	LE:RPMI-8226	1
core_073	EX_Lkynr_e	LC:HOP-62	LE:SR	LC:HOP-62	LE:SR	-1
core_073	EX_Lkynr_e	LC:HOP-62	ME:MALME-3M	LC:HOP-62	ME:MALME-3M	1
core_073	EX_Lkynr_e	LC:HOP-92	LC:NCI-H226	LC:HOP-92	LC:NCI-H226	-1
core_073	EX_Lkynr_e	LC:HOP-92	LE:RPMI-8226	LC:HOP-92	LE:RPMI-8226	1
core_073	EX_Lkynr_e	LC:HOP-92	LE:SR	LC:HOP-92	LE:SR	-1
core_073	EX_Lkynr_e	LC:HOP-92	ME:MALME-3M	LC:HOP-92	ME:MALME-3M	-1
core_073	EX_Lkynr_e	LC:HOP-92	RE:786-0	LC:HOP-92	RE:786-0	-1
core_073	EX_Lkynr_e	LC:HOP-92	RE:UO-31	LC:HOP-92	RE:UO-31	-1
core_073	EX_Lkynr_e	LC:NCI-H226	LE:RPMI-8226	LC:NCI-H226	LE:RPMI-8226	1
core_073	EX_Lkynr_e	LC:NCI-H226	LE:SR	LC:NCI-H226	LE:SR	1
core_073	EX_Lkynr_e	LC:NCI-H226	ME:MALME-3M	LC:NCI-H226	ME:MALME-3M	1
core_073	EX_Lkynr_e	LC:NCI-H226	RE:786-0	LC:NCI-H226	RE:786-0	1
core_073	EX_Lkynr_e	LC:NCI-H226	RE:UO-31	LC:NCI-H226	RE:UO-31	1
core_073	EX_Lkynr_e	LE:RPMI-8226	LE:SR	LE:RPMI-8226	LE:SR	-1
core_073	EX_Lkynr_e	LE:RPMI-8226	ME:MALME-3M	LE:RPMI-8226	ME:MALME-3M	-1
core_073	EX_Lkynr_e	LE:RPMI-8226	RE:786-0	LE:RPMI-8226	RE:786-0	-1
core_073	EX_Lkynr_e	LE:RPMI-8226	RE:UO-31	LE:RPMI-8226	RE:UO-31	-1
core_073	EX_Lkynr_e	LE:SR	ME:MALME-3M	LE:SR	ME:MALME-3M	1
core_073	EX_Lkynr_e	LE:SR	RE:786-0	LE:SR	RE:786-0	1
core_073	EX_Lkynr_e	LE:SR	RE:UO-31	LE:SR	RE:UO-31	1
core_073	EX_Lkynr_e	ME:MALME-3M	RE:786-0	ME:MALME-3M	RE:786-0	-1
core_073	EX_Lkynr_e	ME:MALME-3M	RE:UO-31	ME:MALME-3M	RE:UO-31	-1
core_074	EX_lys__L_e	BR:HS 578T	BR:MDA-MB-231	BR:HS 578T	BR:MDA-MB-231	-1
core_074	EX_lys__L_e	BR:HS 578T	CO:HT29	BR:HS 578T	CO:HT29	1
core_074	EX_lys__L_e	BR:HS 578T	LC:HOP-92	BR:HS 578T	LC:HOP-92	1
core_074	EX_lys__L_e	BR:HS 578T	LE:RPMI-8226	BR:HS 578T	LE:RPMI-8226	1
core_074	EX_lys__L_e	BR:HS 578T	LE:SR	BR:HS 578T	LE:SR	-1
core_074	EX_lys__L_e	BR:HS 578T	ME:MALME-3M	BR:HS 578T	ME:MALME-3M	-1
core_074	EX_lys__L_e	BR:HS 578T	RE:UO-31	BR:HS 578T	RE:UO-31	-1
core_074	EX_lys__L_e	BR:MDA-MB-231	CO:HT29	BR:MDA-MB-231	CO:HT29	1
core_074	EX_lys__L_e	BR:MDA-MB-231	LC:HOP-62	BR:MDA-MB-231	LC:HOP-62	1
core_074	EX_lys__L_e	BR:MDA-MB-231	LC:HOP-92	BR:MDA-MB-231	LC:HOP-92	1
core_074	EX_lys__L_e	BR:MDA-MB-231	LC:NCI-H226	BR:MDA-MB-231	LC:NCI-H226	1
core_074	EX_lys__L_e	BR:MDA-MB-231	LE:RPMI-8226	BR:MDA-MB-231	LE:RPMI-8226	1
core_074	EX_lys__L_e	BR:MDA-MB-231	RE:786-0	BR:MDA-MB-231	RE:786-0	1
core_074	EX_lys__L_e	BR:MDA-MB-231	RE:UO-31	BR:MDA-MB-231	RE:UO-31	1
core_074	EX_lys__L_e	CO:HT29	LC:HOP-62	CO:HT29	LC:HOP-62	-1
core_074	EX_lys__L_e	CO:HT29	LC:NCI-H226	CO:HT29	LC:NCI-H226	-1
core_074	EX_lys__L_e	CO:HT29	LE:RPMI-8226	CO:HT29	LE:RPMI-8226	1
core_074	EX_lys__L_e	CO:HT29	LE:SR	CO:HT29	LE:SR	-1
core_074	EX_lys__L_e	CO:HT29	ME:MALME-3M	CO:HT29	ME:MALME-3M	-1
core_074	EX_lys__L_e	CO:HT29	RE:786-0	CO:HT29	RE:786-0	-1
core_074	EX_lys__L_e	CO:HT29	RE:UO-31	CO:HT29	RE:UO-31	-1
core_074	EX_lys__L_e	LC:HOP-62	LC:HOP-92	LC:HOP-62	LC:HOP-92	1
core_074	EX_lys__L_e	LC:HOP-62	LE:RPMI-8226	LC:HOP-62	LE:RPMI-8226	1
core_074	EX_lys__L_e	LC:HOP-62	LE:SR	LC:HOP-62	LE:SR	-1
core_074	EX_lys__L_e	LC:HOP-62	ME:MALME-3M	LC:HOP-62	ME:MALME-3M	-1
core_074	EX_lys__L_e	LC:HOP-62	RE:UO-31	LC:HOP-62	RE:UO-31	-1
core_074	EX_lys__L_e	LC:HOP-92	LC:NCI-H226	LC:HOP-92	LC:NCI-H226	-1
core_074	EX_lys__L_e	LC:HOP-92	LE:RPMI-8226	LC:HOP-92	LE:RPMI-8226	1
core_074	EX_lys__L_e	LC:HOP-92	LE:SR	LC:HOP-92	LE:SR	-1
core_074	EX_lys__L_e	LC:HOP-92	ME:MALME-3M	LC:HOP-92	ME:MALME-3M	-1
core_074	EX_lys__L_e	LC:HOP-92	RE:786-0	LC:HOP-92	RE:786-0	-1
core_074	EX_lys__L_e	LC:HOP-92	RE:UO-31	LC:HOP-92	RE:UO-31	-1
core_074	EX_lys__L_e	LC:NCI-H226	LE:RPMI-8226	LC:NCI-H226	LE:RPMI-8226	1
core_074	EX_lys__L_e	LC:NCI-H226	LE:SR	LC:NCI-H226	LE:SR	-1
core_074	EX_lys__L_e	LC:NCI-H226	ME:MALME-3M	LC:NCI-H226	ME:MALME-3M	-1
core_074	EX_lys__L_e	LC:NCI-H226	RE:786-0	LC:NCI-H226	RE:786-0	1
core_074	EX_lys__L_e	LE:RPMI-8226	LE:SR	LE:RPMI-8226	LE:SR	-1
core_074	EX_lys__L_e	LE:RPMI-8226	ME:MALME-3M	LE:RPMI-8226	ME:MALME-3M	-1
core_074	EX_lys__L_e	LE:RPMI-8226	RE:786-0	LE:RPMI-8226	RE:786-0	-1
core_074	EX_lys__L_e	LE:RPMI-8226	RE:UO-31	LE:RPMI-8226	RE:UO-31	-1
core_074	EX_lys__L_e	LE:SR	RE:786-0	LE:SR	RE:786-0	1
core_074	EX_lys__L_e	LE:SR	RE:UO-31	LE:SR	RE:UO-31	1
core_074	EX_lys__L_e	ME:MALME-3M	RE:786-0	ME:MALME-3M	RE:786-0	1
core_074	EX_lys__L_e	ME:MALME-3M	RE:UO-31	ME:MALME-3M	RE:UO-31	1
core_074	EX_lys__L_e	RE:786-0	RE:UO-31	RE:786-0	RE:UO-31	-1
core_075	EX_mal__L_e	BR:HS 578T	BR:MDA-MB-231	BR:HS 578T	BR:MDA-MB-231	1
core_075	EX_mal__L_e	BR:HS 578T	CO:HT29	BR:HS 578T	CO:HT29	1
core_075	EX_mal__L_e	BR:HS 578T	LC:HOP-62	BR:HS 578T	LC:HOP-62	1
core_075	EX_mal__L_e	BR:HS 578T	LC:HOP-92	BR:HS 578T	LC:HOP-92	1
core_075	EX_mal__L_e	BR:HS 578T	LC:NCI-H226	BR:HS 578T	LC:NCI-H226	1
core_075	EX_mal__L_e	BR:HS 578T	LE:RPMI-8226	BR:HS 578T	LE:RPMI-8226	1
core_075	EX_mal__L_e	BR:HS 578T	LE:SR	BR:HS 578T	LE:SR	1
core_075	EX_mal__L_e	BR:HS 578T	ME:MALME-3M	BR:HS 578T	ME:MALME-3M	1
core_075	EX_mal__L_e	BR:HS 578T	RE:786-0	BR:HS 578T	RE:786-0	1
core_075	EX_mal__L_e	BR:HS 578T	RE:UO-31	BR:HS 578T	RE:UO-31	1
core_075	EX_mal__L_e	BR:MDA-MB-231	CO:HT29	BR:MDA-MB-231	CO:HT29	-1
core_075	EX_mal__L_e	BR:MDA-MB-231	LC:HOP-62	BR:MDA-MB-231	LC:HOP-62	-1
core_075	EX_mal__L_e	BR:MDA-MB-231	LC:HOP-92	BR:MDA-MB-231	LC:HOP-92	-1
core_075	EX_mal__L_e	BR:MDA-MB-231	LC:NCI-H226	BR:MDA-MB-231	LC:NCI-H226	-1
core_075	EX_mal__L_e	BR:MDA-MB-231	LE:SR	BR:MDA-MB-231	LE:SR	1
core_075	EX_mal__L_e	BR:MDA-MB-231	ME:MALME-3M	BR:MDA-MB-231	ME:MALME-3M	-1
core_075	EX_mal__L_e	BR:MDA-MB-231	RE:786-0	BR:MDA-MB-231	RE:786-0	-1
core_075	EX_mal__L_e	BR:MDA-MB-231	RE:UO-31	BR:MDA-MB-231	RE:UO-31	-1
core_075	EX_mal__L_e	CO:HT29	LC:HOP-62	CO:HT29	LC:HOP-62	-1
core_075	EX_mal__L_e	CO:HT29	LC:HOP-92	CO:HT29	LC:HOP-92	-1
core_075	EX_mal__L_e	CO:HT29	LC:NCI-H226	CO:HT29	LC:NCI-H226	-1
core_075	EX_mal__L_e	CO:HT29	LE:RPMI-8226	CO:HT29	LE:RPMI-8226	1
core_075	EX_mal__L_e	CO:HT29	LE:SR	CO:HT29	LE:SR	1
core_075	EX_mal__L_e	CO:HT29	ME:MALME-3M	CO:HT29	ME:MALME-3M	-1
core_075	EX_mal__L_e	CO:HT29	RE:UO-31	CO:HT29	RE:UO-31	-1
core_075	EX_mal__L_e	LC:HOP-62	LC:HOP-92	LC:HOP-62	LC:HOP-92	-1
core_075	EX_mal__L_e	LC:HOP-62	LC:NCI-H226	LC:HOP-62	LC:NCI-H226	-1
core_075	EX_mal__L_e	LC:HOP-62	LE:RPMI-8226	LC:HOP-62	LE:RPMI-8226	1
core_075	EX_mal__L_e	LC:HOP-62	LE:SR	LC:HOP-62	LE:SR	1
core_075	EX_mal__L_e	LC:HOP-62	RE:786-0	LC:HOP-62	RE:786-0	1
core_075	EX_mal__L_e	LC:HOP-92	LE:RPMI-8226	LC:HOP-92	LE:RPMI-8226	1
core_075	EX_mal__L_e	LC:HOP-92	LE:SR	LC:HOP-92	LE:SR	1
core_075	EX_mal__L_e	LC:HOP-92	ME:MALME-3M	LC:HOP-92	ME:MALME-3M	1
core_075	EX_mal__L_e	LC:HOP-92	RE:786-0	LC:HOP-92	RE:786-0	1
core_075	EX_mal__L_e	LC:HOP-92	RE:UO-31	LC:HOP-92	RE:UO-31	1
core_075	EX_mal__L_e	LC:NCI-H226	LE:RPMI-8226	LC:NCI-H226	LE:RPMI-8226	1
core_075	EX_mal__L_e	LC:NCI-H226	LE:SR	LC:NCI-H226	LE:SR	1
core_075	EX_mal__L_e	LC:NCI-H226	ME:MALME-3M	LC:NCI-H226	ME:MALME-3M	1
core_075	EX_mal__L_e	LC:NCI-H226	RE:786-0	LC:NCI-H226	RE:786-0	1
core_075	EX_mal__L_e	LC:NCI-H226	RE:UO-31	LC:NCI-H226	RE:UO-31	1
core_075	EX_mal__L_e	LE:RPMI-8226	LE:SR	LE:RPMI-8226	LE:SR	1
core_075	EX_mal__L_e	LE:RPMI-8226	ME:MALME-3M	LE:RPMI-8226	ME:MALME-3M	-1
core_075	EX_mal__L_e	LE:RPMI-8226	RE:786-0	LE:RPMI-8226	RE:786-0	-1
core_075	EX_mal__L_e	LE:RPMI-8226	RE:UO-31	LE:RPMI-8226	RE:UO-31	-1
core_075	EX_mal__L_e	LE:SR	ME:MALME-3M	LE:SR	ME:MALME-3M	-1
core_075	EX_mal__L_e	LE:SR	RE:786-0	LE:SR	RE:786-0	-1
core_075	EX_mal__L_e	LE:SR	RE:UO-31	LE:SR	RE:UO-31	-1
core_075	EX_mal__L_e	ME:MALME-3M	RE:786-0	ME:MALME-3M	RE:786-0	1
core_075	EX_mal__L_e	RE:786-0	RE:UO-31	RE:786-0	RE:UO-31	-1
core_076	EX_met__L_e	BR:HS 578T	BR:MDA-MB-231	BR:HS 578T	BR:MDA-MB-231	-1
core_076	EX_met__L_e	BR:HS 578T	LC:HOP-62	BR:HS 578T	LC:HOP-62	-1
core_076	EX_met__L_e	BR:HS 578T	LC:NCI-H226	BR:HS 578T	LC:NCI-H226	-1
core_076	EX_met__L_e	BR:HS 578T	LE:SR	BR:HS 578T	LE:SR	-1
core_076	EX_met__L_e	BR:HS 578T	ME:MALME-3M	BR:HS 578T	ME:MALME-3M	-1
core_076	EX_met__L_e	BR:HS 578T	RE:UO-31	BR:HS 578T	RE:UO-31	-1
core_076	EX_met__L_e	BR:MDA-MB-231	CO:HT29	BR:MDA-MB-231	CO:HT29	1
core_076	EX_met__L_e	BR:MDA-MB-231	LC:HOP-62	BR:MDA-MB-231	LC:HOP-62	1
core_076	EX_met__L_e	BR:MDA-MB-231	LC:HOP-92	BR:MDA-MB-231	LC:HOP-92	1
core_076	EX_met__L_e	BR:MDA-MB-231	LC:NCI-H226	BR:MDA-MB-231	LC:NCI-H226	1
core_076	EX_met__L_e	BR:MDA-MB-231	LE:RPMI-8226	BR:MDA-MB-231	LE:RPMI-8226	1
core_076	EX_met__L_e	BR:MDA-MB-231	RE:786-0	BR:MDA-MB-231	RE:786-0	1
core_076	EX_met__L_e	CO:HT29	LC:HOP-62	CO:HT29	LC:HOP-62	-1
core_076	EX_met__L_e	CO:HT29	LC:NCI-H226	CO:HT29	LC:NCI-H226	-1
core_076	EX_met__L_e	CO:HT29	LE:SR	CO:HT29	LE:SR	-1
core_076	EX_met__L_e	CO:HT29	ME:MALME-3M	CO:HT29	ME:MALME-3M	-1
core_076	EX_met__L_e	CO:HT29	RE:786-0	CO:HT29	RE:786-0	-1
core_076	EX_met__L_e	CO:HT29	RE:UO-31	CO:HT29	RE:UO-31	-1
core_076	EX_met__L_e	LC:HOP-62	LC:HOP-92	LC:HOP-62	LC:HOP-92	1
core_076	EX_met__L_e	LC:HOP-62	LE:RPMI-8226	LC:HOP-62	LE:RPMI-8226	1
core_076	EX_met__L_e	LC:HOP-62	LE:SR	LC:HOP-62	LE:SR	-1
core_076	EX_met__L_e	LC:HOP-62	ME:MALME-3M	LC:HOP-62	ME:MALME-3M	-1
core_076	EX_met__L_e	LC:HOP-62	RE:UO-31	LC:HOP-62	RE:UO-31	-1
core_076	EX_met__L_e	LC:HOP-92	LC:NCI-H226	LC:HOP-92	LC:NCI-H226	-1
core_076	EX_met__L_e	LC:HOP-92	LE:SR	LC:HOP-92	LE:SR	-1
core_076	EX_met__L_e	LC:HOP-92	ME:MALME-3M	LC:HOP-92	ME:MALME-3M	-1
core_076	EX_met__L_e	LC:HOP-92	RE:UO-31	LC:HOP-92	RE:UO-31	-1
core_076	EX_met__L_e	LC:NCI-H226	LE:RPMI-8226	LC:NCI-H226	LE:RPMI-8226	1
core_076	EX_met__L_e	LC:NCI-H226	LE:SR	LC:NCI-H226	LE:SR	-1
core_076	EX_met__L_e	LC:NCI-H226	ME:MALME-3M	LC:NCI-H226	ME:MALME-3M	-1
core_076	EX_met__L_e	LC:NCI-H226	RE:UO-31	LC:NCI-H226	RE:UO-31	-1
core_076	EX_met__L_e	LE:RPMI-8226	LE:SR	LE:RPMI-8226	LE:SR	-1
core_076	EX_met__L_e	LE:RPMI-8226	ME:MALME-3M	LE:RPMI-8226	ME:MALME-3M	-1
core_076	EX_met__L_e	LE:RPMI-8226	RE:786-0	LE:RPMI-8226	RE:786-0	-1
core_076	EX_met__L_e	LE:RPMI-8226	RE:UO-31	LE:RPMI-8226	RE:UO-31	-1
core_076	EX_met__L_e	LE:SR	ME:MALME-3M	LE:SR	ME:MALME-3M	1
core_076	EX_met__L_e	LE:SR	RE:786-0	LE:SR	RE:786-0	1
core_076	EX_met__L_e	LE:SR	RE:UO-31	LE:SR	RE:UO-31	1
core_076	EX_met__L_e	ME:MALME-3M	RE:786-0	ME:MALME-3M	RE:786-0	1
core_076	EX_met__L_e	RE:786-0	RE:UO-31	RE:786-0	RE:UO-31	-1
core_077	EX_nac_e	BR:HS 578T	BR:MDA-MB-231	BR:HS 578T	BR:MDA-MB-231	-1
core_077	EX_nac_e	BR:HS 578T	LC:HOP-62	BR:HS 578T	LC:HOP-62	-1
core_077	EX_nac_e	BR:HS 578T	LC:HOP-92	BR:HS 578T	LC:HOP-92	1
core_077	EX_nac_e	BR:HS 578T	LE:SR	BR:HS 578T	LE:SR	-1
core_077	EX_nac_e	BR:HS 578T	RE:786-0	BR:HS 578T	RE:786-0	-1
core_077	EX_nac_e	BR:HS 578T	RE:UO-31	BR:HS 578T	RE:UO-31	-1
core_077	EX_nac_e	BR:MDA-MB-231	CO:HT29	BR:MDA-MB-231	CO:HT29	1
core_077	EX_nac_e	BR:MDA-MB-231	LC:HOP-92	BR:MDA-MB-231	LC:HOP-92	1
core_077	EX_nac_e	BR:MDA-MB-231	LC:NCI-H226	BR:MDA-MB-231	LC:NCI-H226	1
core_077	EX_nac_e	BR:MDA-MB-231	LE:RPMI-8226	BR:MDA-MB-231	LE:RPMI-8226	1
core_077	EX_nac_e	BR:MDA-MB-231	LE:SR	BR:MDA-MB-231	LE:SR	-1
core_077	EX_nac_e	BR:MDA-MB-231	ME:MALME-3M	BR:MDA-MB-231	ME:MALME-3M	1
core_077	EX_nac_e	BR:MDA-MB-231	RE:786-0	BR:MDA-MB-231	RE:786-0	-1
core_077	EX_nac_e	CO:HT29	LC:HOP-62	CO:HT29	LC:HOP-62	-1
core_077	EX_nac_e	CO:HT29	LC:HOP-92	CO:HT29	LC:HOP-92	1
core_077	EX_nac_e	CO:HT29	LE:SR	CO:HT29	LE:SR	-1
core_077	EX_nac_e	CO:HT29	RE:786-0	CO:HT29	RE:786-0	-1
core_077	EX_nac_e	CO:HT29	RE:UO-31	CO:HT29	RE:UO-31	-1
core_077	EX_nac_e	LC:HOP-62	LC:HOP-92	LC:HOP-62	LC:HOP-92	1
core_077	EX_nac_e	LC:HOP-62	LE:RPMI-8226	LC:HOP-62	LE:RPMI-8226	1
core_077	EX_nac_e	LC:HOP-62	LE:SR	LC:HOP-62	LE:SR	-1
core_077	EX_nac_e	LC:HOP-62	RE:786-0	LC:HOP-62	RE:786-0	-1
core_077	EX_nac_e	LC:HOP-92	LC:NCI-H226	LC:HOP-92	LC:NCI-H226	-1
core_077	EX_nac_e	LC:HOP-92	LE:RPMI-8226	LC:HOP-92	LE:RPMI-8226	-1
core_077	EX_nac_e	LC:HOP-92	LE:SR	LC:HOP-92	LE:SR	-1
core_077	EX_nac_e	LC:HOP-92	ME:MALME-3M	LC:HOP-92	ME:MALME-3M	-1
core_077	EX_nac_e	LC:HOP-92	RE:786-0	LC:HOP-92	RE:786-0	-1
core_077	EX_nac_e	LC:HOP-92	RE:UO-31	LC:HOP-92	RE:UO-31	-1
core_077	EX_nac_e	LC:NCI-H226	LE:SR	LC:NCI-H226	LE:SR	-1
core_077	EX_nac_e	LC:NCI-H226	RE:786-0	LC:NCI-H226	RE:786-0	-1
core_077	EX_nac_e	LC:NCI-H226	RE:UO-31	LC:NCI-H226	RE:UO-31	-1
core_077	EX_nac_e	LE:RPMI-8226	LE:SR	LE:RPMI-8226	LE:SR	-1
core_077	EX_nac_e	LE:RPMI-8226	ME:MALME-3M	LE:RPMI-8226	ME:MALME-3M	-1
core_077	EX_nac_e	LE:RPMI-8226	RE:786-0	LE:RPMI-8226	RE:786-0	-1
core_077	EX_nac_e	LE:RPMI-8226	RE:UO-31	LE:RPMI-8226	RE:UO-31	-1
core_077	EX_nac_e	LE:SR	ME:MALME-3M	LE:SR	ME:MALME-3M	1
core_077	EX_nac_e	LE:SR	RE:UO-31	LE:SR	RE:UO-31	1
core_077	EX_nac_e	ME:MALME-3M	RE:786-0	ME:MALME-3M	RE:786-0	-1
core_077	EX_nac_e	ME:MALME-3M	RE:UO-31	ME:MALME-3M	RE:UO-31	-1
core_077	EX_nac_e	RE:786-0	RE:UO-31	RE:786-0	RE:UO-31	1
core_078	EX_ncam_e	BR:HS 578T	BR:MDA-MB-231	BR:HS 578T	BR:MDA-MB-231	-1
core_078	EX_ncam_e	BR:HS 578T	CO:HT29	BR:HS 578T	CO:HT29	-1
core_078	EX_ncam_e	BR:HS 578T	LC:HOP-62	BR:HS 578T	LC:HOP-62	-1
core_078	EX_ncam_e	BR:HS 578T	LC:NCI-H226	BR:HS 578T	LC:NCI-H226	1
core_078	EX_ncam_e	BR:HS 578T	LE:RPMI-8226	BR:HS 578T	LE:RPMI-8226	-1
core_078	EX_ncam_e	BR:HS 578T	LE:SR	BR:HS 578T	LE:SR	-1
core_078	EX_ncam_e	BR:HS 578T	ME:MALME-3M	BR:HS 578T	ME:MALME-3M	-1
core_078	EX_ncam_e	BR:HS 578T	RE:786-0	BR:HS 578T	RE:786-0	-1
core_078	EX_ncam_e	BR:HS 578T	RE:UO-31	BR:HS 578T	RE:UO-31	1
core_078	EX_ncam_e	BR:MDA-MB-231	LC:HOP-92	BR:MDA-MB-231	LC:HOP-92	1
core_078	EX_ncam_e	BR:MDA-MB-231	LC:NCI-H226	BR:MDA-MB-231	LC:NCI-H226	1
core_078	EX_ncam_e	BR:MDA-MB-231	LE:RPMI-8226	BR:MDA-MB-231	LE:RPMI-8226	-1
core_078	EX_ncam_e	BR:MDA-MB-231	LE:SR	BR:MDA-MB-231	LE:SR	-1
core_078	EX_ncam_e	BR:MDA-MB-231	ME:MALME-3M	BR:MDA-MB-231	ME:MALME-3M	-1
core_078	EX_ncam_e	BR:MDA-MB-231	RE:786-0	BR:MDA-MB-231	RE:786-0	1
core_078	EX_ncam_e	BR:MDA-MB-231	RE:UO-31	BR:MDA-MB-231	RE:UO-31	1
core_078	EX_ncam_e	CO:HT29	LC:HOP-62	CO:HT29	LC:HOP-62	-1
core_078	EX_ncam_e	CO:HT29	LC:HOP-92	CO:HT29	LC:HOP-92	1
core_078	EX_ncam_e	CO:HT29	LC:NCI-H226	CO:HT29	LC:NCI-H226	1
core_078	EX_ncam_e	CO:HT29	LE:RPMI-8226	CO:HT29	LE:RPMI-8226	-1
core_078	EX_ncam_e	CO:HT29	LE:SR	CO:HT29	LE:SR	-1
core_078	EX_ncam_e	CO:HT29	ME:MALME-3M	CO:HT29	ME:MALME-3M	-1
core_078	EX_ncam_e	CO:HT29	RE:786-0	CO:HT29	RE:786-0	1
core_078	EX_ncam_e	CO:HT29	RE:UO-31	CO:HT29	RE:UO-31	1
core_078	EX_ncam_e	LC:HOP-62	LC:HOP-92	LC:HOP-62	LC:HOP-92	1
core_078	EX_ncam_e	LC:HOP-62	LC:NCI-H226	LC:HOP-62	LC:NCI-H226	1
core_078	EX_ncam_e	LC:HOP-62	LE:RPMI-8226	LC:HOP-62	LE:RPMI-8226	-1
core_078	EX_ncam_e	LC:HOP-62	LE:SR	LC:HOP-62	LE:SR	-1
core_078	EX_ncam_e	LC:HOP-62	ME:MALME-3M	LC:HOP-62	ME:MALME-3M	-1
core_078	EX_ncam_e	LC:HOP-62	RE:786-0	LC:HOP-62	RE:786-0	1
core_078	EX_ncam_e	LC:HOP-62	RE:UO-31	LC:HOP-62	RE:UO-31	1
core_078	EX_ncam_e	LC:HOP-92	LC:NCI-H226	LC:HOP-92	LC:NCI-H226	1
core_078	EX_ncam_e	LC:HOP-92	LE:RPMI-8226	LC:HOP-92	LE:RPMI-8226	-1
core_078	EX_ncam_e	LC:HOP-92	LE:SR	LC:HOP-92	LE:SR	-1
core_078	EX_ncam_e	LC:HOP-92	ME:MALME-3M	LC:HOP-92	ME:MALME-3M	-1
core_078	EX_ncam_e	LC:HOP-92	RE:786-0	LC:HOP-92	RE:786-0	-1
core_078	EX_ncam_e	LC:HOP-92	RE:UO-31	LC:HOP-92	RE:UO-31	1
core_078	EX_ncam_e	LC:NCI-H226	LE:RPMI-8226	LC:NCI-H226	LE:RPMI-8226	-1
core_078	EX_ncam_e	LC:NCI-H226	LE:SR	LC:NCI-H226	LE:SR	-1
core_078	EX_ncam_e	LC:NCI-H226	ME:MALME-3M	LC:NCI-H226	ME:MALME-3M	-1
core_078	EX_ncam_e	LC:NCI-H226	RE:786-0	LC:NCI-H226	RE:786-0	-1
core_078	EX_ncam_e	LC:NCI-H226	RE:UO-31	LC:NCI-H226	RE:UO-31	-1
core_078	EX_ncam_e	LE:RPMI-8226	RE:786-0	LE:RPMI-8226	RE:786-0	1
core_078	EX_ncam_e	LE:RPMI-8226	RE:UO-31	LE:RPMI-8226	RE:UO-31	1
core_078	EX_ncam_e	LE:SR	RE:786-0	LE:SR	RE:786-0	1
core_078	EX_ncam_e	LE:SR	RE:UO-31	LE:SR	RE:UO-31	1
core_078	EX_ncam_e	ME:MALME-3M	RE:786-0	ME:MALME-3M	RE:786-0	1
core_078	EX_ncam_e	ME:MALME-3M	RE:UO-31	ME:MALME-3M	RE:UO-31	1
core_078	EX_ncam_e	RE:786-0	RE:UO-31	RE:786-0	RE:UO-31	1
core_080	EX_orn_e	BR:HS 578T	BR:MDA-MB-231	BR:HS 578T	BR:MDA-MB-231	1
core_080	EX_orn_e	BR:HS 578T	CO:HT29	BR:HS 578T	CO:HT29	-1
core_080	EX_orn_e	BR:HS 578T	LC:HOP-62	BR:HS 578T	LC:HOP-62	1
core_080	EX_orn_e	BR:HS 578T	LC:HOP-92	BR:HS 578T	LC:HOP-92	-1
core_080	EX_orn_e	BR:HS 578T	LE:RPMI-8226	BR:HS 578T	LE:RPMI-8226	-1
core_080	EX_orn_e	BR:HS 578T	LE:SR	BR:HS 578T	LE:SR	-1
core_080	EX_orn_e	BR:HS 578T	ME:MALME-3M	BR:HS 578T	ME:MALME-3M	1
core_080	EX_orn_e	BR:HS 578T	RE:786-0	BR:HS 578T	RE:786-0	1
core_080	EX_orn_e	BR:HS 578T	RE:UO-31	BR:HS 578T	RE:UO-31	1
core_080	EX_orn_e	BR:MDA-MB-231	CO:HT29	BR:MDA-MB-231	CO:HT29	-1
core_080	EX_orn_e	BR:MDA-MB-231	LC:HOP-62	BR:MDA-MB-231	LC:HOP-62	-1
core_080	EX_orn_e	BR:MDA-MB-231	LC:HOP-92	BR:MDA-MB-231	LC:HOP-92	-1
core_080	EX_orn_e	BR:MDA-MB-231	LC:NCI-H226	BR:MDA-MB-231	LC:NCI-H226	-1
core_080	EX_orn_e	BR:MDA-MB-231	LE:RPMI-8226	BR:MDA-MB-231	LE:RPMI-8226	-1
core_080	EX_orn_e	BR:MDA-MB-231	LE:SR	BR:MDA-MB-231	LE:SR	-1
core_080	EX_orn_e	BR:MDA-MB-231	ME:MALME-3M	BR:MDA-MB-231	ME:MALME-3M	1
core_080	EX_orn_e	BR:MDA-MB-231	RE:786-0	BR:MDA-MB-231	RE:786-0	-1
core_080	EX_orn_e	CO:HT29	LC:HOP-62	CO:HT29	LC:HOP-62	1
core_080	EX_orn_e	CO:HT29	LC:NCI-H226	CO:HT29	LC:NCI-H226	1
core_080	EX_orn_e	CO:HT29	LE:RPMI-8226	CO:HT29	LE:RPMI-8226	-1
core_080	EX_orn_e	CO:HT29	LE:SR	CO:HT29	LE:SR	-1
core_080	EX_orn_e	CO:HT29	ME:MALME-3M	CO:HT29	ME:MALME-3M	1
core_080	EX_orn_e	CO:HT29	RE:786-0	CO:HT29	RE:786-0	1
core_080	EX_orn_e	CO:HT29	RE:UO-31	CO:HT29	RE:UO-31	1
core_080	EX_orn_e	LC:HOP-62	LC:HOP-92	LC:HOP-62	LC:HOP-92	-1
core_080	EX_orn_e	LC:HOP-62	LC:NCI-H226	LC:HOP-62	LC:NCI-H226	-1
core_080	EX_orn_e	LC:HOP-62	LE:RPMI-8226	LC:HOP-62	LE:RPMI-8226	-1
core_080	EX_orn_e	LC:HOP-62	LE:SR	LC:HOP-62	LE:SR	-1
core_080	EX_orn_e	LC:HOP-62	ME:MALME-3M	LC:HOP-62	ME:MALME-3M	1
core_080	EX_orn_e	LC:HOP-62	RE:786-0	LC:HOP-62	RE:786-0	-1
core_080	EX_orn_e	LC:HOP-62	RE:UO-31	LC:HOP-62	RE:UO-31	1
core_080	EX_orn_e	LC:HOP-92	LC:NCI-H226	LC:HOP-92	LC:NCI-H226	1
core_080	EX_orn_e	LC:HOP-92	LE:RPMI-8226	LC:HOP-92	LE:RPMI-8226	-1
core_080	EX_orn_e	LC:HOP-92	LE:SR	LC:HOP-92	LE:SR	-1
core_080	EX_orn_e	LC:HOP-92	ME:MALME-3M	LC:HOP-92	ME:MALME-3M	1
core_080	EX_orn_e	LC:HOP-92	RE:786-0	LC:HOP-92	RE:786-0	1
core_080	EX_orn_e	LC:HOP-92	RE:UO-31	LC:HOP-92	RE:UO-31	1
core_080	EX_orn_e	LC:NCI-H226	LE:RPMI-8226	LC:NCI-H226	LE:RPMI-8226	-1
core_080	EX_orn_e	LC:NCI-H226	LE:SR	LC:NCI-H226	LE:SR	-1
core_080	EX_orn_e	LC:NCI-H226	ME:MALME-3M	LC:NCI-H226	ME:MALME-3M	1
core_080	EX_orn_e	LC:NCI-H226	RE:UO-31	LC:NCI-H226	RE:UO-31	1
core_080	EX_orn_e	LE:RPMI-8226	LE:SR	LE:RPMI-8226	LE:SR	1
core_080	EX_orn_e	LE:RPMI-8226	ME:MALME-3M	LE:RPMI-8226	ME:MALME-3M	1
core_080	EX_orn_e	LE:RPMI-8226	RE:786-0	LE:RPMI-8226	RE:786-0	1
core_080	EX_orn_e	LE:RPMI-8226	RE:UO-31	LE:RPMI-8226	RE:UO-31	1
core_080	EX_orn_e	LE:SR	ME:MALME-3M	LE:SR	ME:MALME-3M	1
core_080	EX_orn_e	LE:SR	RE:786-0	LE:SR	RE:786-0	1
core_080	EX_orn_e	LE:SR	RE:UO-31	LE:SR	RE:UO-31	1
core_080	EX_orn_e	ME:MALME-3M	RE:786-0	ME:MALME-3M	RE:786-0	-1
core_080	EX_orn_e	ME:MALME-3M	RE:UO-31	ME:MALME-3M	RE:UO-31	-1
core_080	EX_orn_e	RE:786-0	RE:UO-31	RE:786-0	RE:UO-31	1
core_081	EX_orot_e	BR:HS 578T	CO:HT29	BR:HS 578T	CO:HT29	-1
core_081	EX_orot_e	BR:HS 578T	LC:HOP-62	BR:HS 578T	LC:HOP-62	1
core_081	EX_orot_e	BR:HS 578T	LC:HOP-92	BR:HS 578T	LC:HOP-92	-1
core_081	EX_orot_e	BR:HS 578T	LC:NCI-H226	BR:HS 578T	LC:NCI-H226	-1
core_081	EX_orot_e	BR:HS 578T	LE:RPMI-8226	BR:HS 578T	LE:RPMI-8226	-1
core_081	EX_orot_e	BR:HS 578T	LE:SR	BR:HS 578T	LE:SR	-1
core_081	EX_orot_e	BR:HS 578T	ME:MALME-3M	BR:HS 578T	ME:MALME-3M	1
core_081	EX_orot_e	BR:HS 578T	RE:786-0	BR:HS 578T	RE:786-0	-1
core_081	EX_orot_e	BR:HS 578T	RE:UO-31	BR:HS 578T	RE:UO-31	1
core_081	EX_orot_e	BR:MDA-MB-231	CO:HT29	BR:MDA-MB-231	CO:HT29	-1
core_081	EX_orot_e	BR:MDA-MB-231	LC:HOP-92	BR:MDA-MB-231	LC:HOP-92	-1
core_081	EX_orot_e	BR:MDA-MB-231	LC:NCI-H226	BR:MDA-MB-231	LC:NCI-H226	-1
core_081	EX_orot_e	BR:MDA-MB-231	LE:RPMI-8226	BR:MDA-MB-231	LE:RPMI-8226	-1
core_081	EX_orot_e	BR:MDA-MB-231	LE:SR	BR:MDA-MB-231	LE:SR	-1
core_081	EX_orot_e	BR:MDA-MB-231	ME:MALME-3M	BR:MDA-MB-231	ME:MALME-3M	1
core_081	EX_orot_e	BR:MDA-MB-231	RE:786-0	BR:MDA-MB-231	RE:786-0	-1
core_081	EX_orot_e	BR:MDA-MB-231	RE:UO-31	BR:MDA-MB-231	RE:UO-31	1
core_081	EX_orot_e	CO:HT29	LC:HOP-62	CO:HT29	LC:HOP-62	1
core_081	EX_orot_e	CO:HT29	LC:HOP-92	CO:HT29	LC:HOP-92	-1
core_081	EX_orot_e	CO:HT29	LC:NCI-H226	CO:HT29	LC:NCI-H226	-1
core_081	EX_orot_e	CO:HT29	LE:RPMI-8226	CO:HT29	LE:RPMI-8226	-1
core_081	EX_orot_e	CO:HT29	LE:SR	CO:HT29	LE:SR	-1
core_081	EX_orot_e	CO:HT29	ME:MALME-3M	CO:HT29	ME:MALME-3M	1
core_081	EX_orot_e	CO:HT29	RE:786-0	CO:HT29	RE:786-0	-1
core_081	EX_orot_e	CO:HT29	RE:UO-31	CO:HT29	RE:UO-31	1
core_081	EX_orot_e	LC:HOP-62	LC:HOP-92	LC:HOP-62	LC:HOP-92	-1
core_081	EX_orot_e	LC:HOP-62	LC:NCI-H226	LC:HOP-62	LC:NCI-H226	-1
core_081	EX_orot_e	LC:HOP-62	LE:RPMI-8226	LC:HOP-62	LE:RPMI-8226	-1
core_081	EX_orot_e	LC:HOP-62	LE:SR	LC:HOP-62	LE:SR	-1
core_081	EX_orot_e	LC:HOP-62	RE:786-0	LC:HOP-62	RE:786-0	-1
core_081	EX_orot_e	LC:HOP-62	RE:UO-31	LC:HOP-62	RE:UO-31	1
core_081	EX_orot_e	LC:HOP-92	LC:NCI-H226	LC:HOP-92	LC:NCI-H226	-1
core_081	EX_orot_e	LC:HOP-92	LE:RPMI-8226	LC:HOP-92	LE:RPMI-8226	-1
core_081	EX_orot_e	LC:HOP-92	LE:SR	LC:HOP-92	LE:SR	-1
core_081	EX_orot_e	LC:HOP-92	ME:MALME-3M	LC:HOP-92	ME:MALME-3M	1
core_081	EX_orot_e	LC:HOP-92	RE:UO-31	LC:HOP-92	RE:UO-31	1
core_081	EX_orot_e	LC:NCI-H226	LE:RPMI-8226	LC:NCI-H226	LE:RPMI-8226	1
core_081	EX_orot_e	LC:NCI-H226	LE:SR	LC:NCI-H226	LE:SR	1
core_081	EX_orot_e	LC:NCI-H226	ME:MALME-3M	LC:NCI-H226	ME:MALME-3M	1
core_081	EX_orot_e	LC:NCI-H226	RE:786-0	LC:NCI-H226	RE:786-0	1
core_081	EX_orot_e	LC:NCI-H226	RE:UO-31	LC:NCI-H226	RE:UO-31	1
core_081	EX_orot_e	LE:RPMI-8226	LE:SR	LE:RPMI-8226	LE:SR	1
core_081	EX_orot_e	LE:RPMI-8226	ME:MALME-3M	LE:RPMI-8226	ME:MALME-3M	1
core_081	EX_orot_e	LE:RPMI-8226	RE:786-0	LE:RPMI-8226	RE:786-0	1
core_081	EX_orot_e	LE:RPMI-8226	RE:UO-31	LE:RPMI-8226	RE:UO-31	1
core_081	EX_orot_e	LE:SR	ME:MALME-3M	LE:SR	ME:MALME-3M	1
core_081	EX_orot_e	LE:SR	RE:786-0	LE:SR	RE:786-0	1
core_081	EX_orot_e	LE:SR	RE:UO-31	LE:SR	RE:UO-31	1
core_081	EX_orot_e	ME:MALME-3M	RE:786-0	ME:MALME-3M	RE:786-0	-1
core_081	EX_orot_e	RE:786-0	RE:UO-31	RE:786-0	RE:UO-31	1
core_083	EX_oxa_e	BR:HS 578T	LC:HOP-62	BR:HS 578T	LC:HOP-62	-1
core_083	EX_oxa_e	BR:HS 578T	LC:NCI-H226	BR:HS 578T	LC:NCI-H226	-1
core_083	EX_oxa_e	BR:MDA-MB-231	CO:HT29	BR:MDA-MB-231	CO:HT29	1
core_083	EX_oxa_e	BR:MDA-MB-231	LC:HOP-92	BR:MDA-MB-231	LC:HOP-92	1
core_083	EX_oxa_e	BR:MDA-MB-231	LE:RPMI-8226	BR:MDA-MB-231	LE:RPMI-8226	1
core_083	EX_oxa_e	CO:HT29	LC:HOP-62	CO:HT29	LC:HOP-62	-1
core_083	EX_oxa_e	CO:HT29	LC:NCI-H226	CO:HT29	LC:NCI-H226	-1
core_083	EX_oxa_e	CO:HT29	LE:SR	CO:HT29	LE:SR	-1
core_083	EX_oxa_e	CO:HT29	ME:MALME-3M	CO:HT29	ME:MALME-3M	-1
core_083	EX_oxa_e	CO:HT29	RE:786-0	CO:HT29	RE:786-0	-1
core_083	EX_oxa_e	CO:HT29	RE:UO-31	CO:HT29	RE:UO-31	-1
core_083	EX_oxa_e	LC:HOP-62	LC:HOP-92	LC:HOP-62	LC:HOP-92	1
core_083	EX_oxa_e	LC:HOP-62	LE:RPMI-8226	LC:HOP-62	LE:RPMI-8226	1
core_083	EX_oxa_e	LC:HOP-92	LC:NCI-H226	LC:HOP-92	LC:NCI-H226	-1
core_083	EX_oxa_e	LC:HOP-92	LE:SR	LC:HOP-92	LE:SR	-1
core_083	EX_oxa_e	LC:HOP-92	ME:MALME-3M	LC:HOP-92	ME:MALME-3M	-1
core_083	EX_oxa_e	LC:HOP-92	RE:786-0	LC:HOP-92	RE:786-0	-1
core_083	EX_oxa_e	LC:HOP-92	RE:UO-31	LC:HOP-92	RE:UO-31	-1
core_083	EX_oxa_e	LC:NCI-H226	LE:RPMI-8226	LC:NCI-H226	LE:RPMI-8226	1
core_083	EX_oxa_e	LE:RPMI-8226	LE:SR	LE:RPMI-8226	LE:SR	-1
core_083	EX_oxa_e	LE:RPMI-8226	ME:MALME-3M	LE:RPMI-8226	ME:MALME-3M	-1
core_083	EX_oxa_e	LE:RPMI-8226	RE:786-0	LE:RPMI-8226	RE:786-0	-1
core_083	EX_oxa_e	LE:RPMI-8226	RE:UO-31	LE:RPMI-8226	RE:UO-31	-1
core_084	EX_pep_e	BR:HS 578T	BR:MDA-MB-231	BR:HS 578T	BR:MDA-MB-231	1
core_084	EX_pep_e	BR:HS 578T	CO:HT29	BR:HS 578T	CO:HT29	1
core_084	EX_pep_e	BR:HS 578T	LC:HOP-62	BR:HS 578T	LC:HOP-62	1
core_084	EX_pep_e	BR:HS 578T	LC:HOP-92	BR:HS 578T	LC:HOP-92	1
core_084	EX_pep_e	BR:HS 578T	LC:NCI-H226	BR:HS 578T	LC:NCI-H226	1
core_084	EX_pep_e	BR:HS 578T	LE:RPMI-8226	BR:HS 578T	LE:RPMI-8226	1
core_084	EX_pep_e	BR:HS 578T	LE:SR	BR:HS 578T	LE:SR	1
core_084	EX_pep_e	BR:HS 578T	ME:MALME-3M	BR:HS 578T	ME:MALME-3M	1
core_084	EX_pep_e	BR:HS 578T	RE:786-0	BR:HS 578T	RE:786-0	1
core_084	EX_pep_e	BR:HS 578T	RE:UO-31	BR:HS 578T	RE:UO-31	1
core_084	EX_pep_e	BR:MDA-MB-231	CO:HT29	BR:MDA-MB-231	CO:HT29	1
core_084	EX_pep_e	BR:MDA-MB-231	LC:HOP-62	BR:MDA-MB-231	LC:HOP-62	1
core_084	EX_pep_e	BR:MDA-MB-231	LC:HOP-92	BR:MDA-MB-231	LC:HOP-92	-1
core_084	EX_pep_e	BR:MDA-MB-231	ME:MALME-3M	BR:MDA-MB-231	ME:MALME-3M	1
core_084	EX_pep_e	BR:MDA-MB-231	RE:786-0	BR:MDA-MB-231	RE:786-0	1
core_084	EX_pep_e	CO:HT29	LC:HOP-92	CO:HT29	LC:HOP-92	-1
core_084	EX_pep_e	CO:HT29	LC:NCI-H226	CO:HT29	LC:NCI-H226	-1
core_084	EX_pep_e	CO:HT29	LE:RPMI-8226	CO:HT29	LE:RPMI-8226	-1
core_084	EX_pep_e	CO:HT29	LE:SR	CO:HT29	LE:SR	-1
core_084	EX_pep_e	LC:HOP-62	LC:HOP-92	LC:HOP-62	LC:HOP-92	-1
core_084	EX_pep_e	LC:HOP-62	LE:RPMI-8226	LC:HOP-62	LE:RPMI-8226	-1
core_084	EX_pep_e	LC:HOP-62	LE:SR	LC:HOP-62	LE:SR	-1
core_084	EX_pep_e	LC:HOP-92	LC:NCI-H226	LC:HOP-92	LC:NCI-H226	1
core_084	EX_pep_e	LC:HOP-92	LE:RPMI-8226	LC:HOP-92	LE:RPMI-8226	1
core_084	EX_pep_e	LC:HOP-92	LE:SR	LC:HOP-92	LE:SR	1
core_084	EX_pep_e	LC:HOP-92	ME:MALME-3M	LC:HOP-92	ME:MALME-3M	1
core_084	EX_pep_e	LC:HOP-92	RE:786-0	LC:HOP-92	RE:786-0	1
core_084	EX_pep_e	LC:HOP-92	RE:UO-31	LC:HOP-92	RE:UO-31	1
core_084	EX_pep_e	LC:NCI-H226	RE:786-0	LC:NCI-H226	RE:786-0	1
core_084	EX_pep_e	LE:RPMI-8226	ME:MALME-3M	LE:RPMI-8226	ME:MALME-3M	1
core_084	EX_pep_e	LE:RPMI-8226	RE:786-0	LE:RPMI-8226	RE:786-0	1
core_084	EX_pep_e	LE:RPMI-8226	RE:UO-31	LE:RPMI-8226	RE:UO-31	1
core_084	EX_pep_e	LE:SR	ME:MALME-3M	LE:SR	ME:MALME-3M	1
core_084	EX_pep_e	LE:SR	RE:786-0	LE:SR	RE:786-0	1
core_084	EX_pep_e	LE:SR	RE:UO-31	LE:SR	RE:UO-31	1
core_085	EX_phe__L_e	BR:HS 578T	BR:MDA-MB-231	BR:HS 578T	BR:MDA-MB-231	-1
core_085	EX_phe__L_e	BR:HS 578T	LC:HOP-62	BR:HS 578T	LC:HOP-62	-1
core_085	EX_phe__L_e	BR:HS 578T	LC:HOP-92	BR:HS 578T	LC:HOP-92	1
core_085	EX_phe__L_e	BR:HS 578T	LC:NCI-H226	BR:HS 578T	LC:NCI-H226	-1
core_085	EX_phe__L_e	BR:HS 578T	LE:RPMI-8226	BR:HS 578T	LE:RPMI-8226	1
core_085	EX_phe__L_e	BR:HS 578T	LE:SR	BR:HS 578T	LE:SR	-1
core_085	EX_phe__L_e	BR:HS 578T	ME:MALME-3M	BR:HS 578T	ME:MALME-3M	-1
core_085	EX_phe__L_e	BR:HS 578T	RE:786-0	BR:HS 578T	RE:786-0	-1
core_085	EX_phe__L_e	BR:HS 578T	RE:UO-31	BR:HS 578T	RE:UO-31	-1
core_085	EX_phe__L_e	BR:MDA-MB-231	CO:HT29	BR:MDA-MB-231	CO:HT29	1
core_085	EX_phe__L_e	BR:MDA-MB-231	LC:HOP-62	BR:MDA-MB-231	LC:HOP-62	1
core_085	EX_phe__L_e	BR:MDA-MB-231	LC:HOP-92	BR:MDA-MB-231	LC:HOP-92	1
core_085	EX_phe__L_e	BR:MDA-MB-231	LC:NCI-H226	BR:MDA-MB-231	LC:NCI-H226	1
core_085	EX_phe__L_e	BR:MDA-MB-231	LE:RPMI-8226	BR:MDA-MB-231	LE:RPMI-8226	1
core_085	EX_phe__L_e	BR:MDA-MB-231	RE:786-0	BR:MDA-MB-231	RE:786-0	1
core_085	EX_phe__L_e	CO:HT29	LC:HOP-62	CO:HT29	LC:HOP-62	-1
core_085	EX_phe__L_e	CO:HT29	LC:HOP-92	CO:HT29	LC:HOP-92	1
core_085	EX_phe__L_e	CO:HT29	LC:NCI-H226	CO:HT29	LC:NCI-H226	-1
core_085	EX_phe__L_e	CO:HT29	LE:RPMI-8226	CO:HT29	LE:RPMI-8226	1
core_085	EX_phe__L_e	CO:HT29	LE:SR	CO:HT29	LE:SR	-1
core_085	EX_phe__L_e	CO:HT29	ME:MALME-3M	CO:HT29	ME:MALME-3M	-1
core_085	EX_phe__L_e	CO:HT29	RE:786-0	CO:HT29	RE:786-0	-1
core_085	EX_phe__L_e	CO:HT29	RE:UO-31	CO:HT29	RE:UO-31	-1
core_085	EX_phe__L_e	LC:HOP-62	LC:HOP-92	LC:HOP-62	LC:HOP-92	1
core_085	EX_phe__L_e	LC:HOP-62	LE:RPMI-8226	LC:HOP-62	LE:RPMI-8226	1
core_085	EX_phe__L_e	LC:HOP-62	LE:SR	LC:HOP-62	LE:SR	-1
core_085	EX_phe__L_e	LC:HOP-62	ME:MALME-3M	LC:HOP-62	ME:MALME-3M	-1
core_085	EX_phe__L_e	LC:HOP-92	LC:NCI-H226	LC:HOP-92	LC:NCI-H226	-1
core_085	EX_phe__L_e	LC:HOP-92	LE:SR	LC:HOP-92	LE:SR	-1
core_085	EX_phe__L_e	LC:HOP-92	ME:MALME-3M	LC:HOP-92	ME:MALME-3M	-1
core_085	EX_phe__L_e	LC:HOP-92	RE:786-0	LC:HOP-92	RE:786-0	-1
core_085	EX_phe__L_e	LC:HOP-92	RE:UO-31	LC:HOP-92	RE:UO-31	-1
core_085	EX_phe__L_e	LC:NCI-H226	LE:RPMI-8226	LC:NCI-H226	LE:RPMI-8226	1
core_085	EX_phe__L_e	LC:NCI-H226	LE:SR	LC:NCI-H226	LE:SR	-1
core_085	EX_phe__L_e	LC:NCI-H226	ME:MALME-3M	LC:NCI-H226	ME:MALME-3M	-1
core_085	EX_phe__L_e	LC:NCI-H226	RE:UO-31	LC:NCI-H226	RE:UO-31	-1
core_085	EX_phe__L_e	LE:RPMI-8226	LE:SR	LE:RPMI-8226	LE:SR	-1
core_085	EX_phe__L_e	LE:RPMI-8226	ME:MALME-3M	LE:RPMI-8226	ME:MALME-3M	-1
core_085	EX_phe__L_e	LE:RPMI-8226	RE:786-0	LE:RPMI-8226	RE:786-0	-1
core_085	EX_phe__L_e	LE:RPMI-8226	RE:UO-31	LE:RPMI-8226	RE:UO-31	-1
core_085	EX_phe__L_e	LE:SR	RE:786-0	LE:SR	RE:786-0	1
core_085	EX_phe__L_e	LE:SR	RE:UO-31	LE:SR	RE:UO-31	1
core_085	EX_phe__L_e	ME:MALME-3M	RE:786-0	ME:MALME-3M	RE:786-0	1
core_085	EX_phe__L_e	RE:786-0	RE:UO-31	RE:786-0	RE:UO-31	-1
core_086	EX_pnto__R_e	BR:HS 578T	BR:MDA-MB-231	BR:HS 578T	BR:MDA-MB-231	-1
core_086	EX_pnto__R_e	BR:HS 578T	CO:HT29	BR:HS 578T	CO:HT29	-1
core_086	EX_pnto__R_e	BR:HS 578T	LC:HOP-62	BR:HS 578T	LC:HOP-62	-1
core_086	EX_pnto__R_e	BR:HS 578T	LC:NCI-H226	BR:HS 578T	LC:NCI-H226	-1
core_086	EX_pnto__R_e	BR:HS 578T	LE:RPMI-8226	BR:HS 578T	LE:RPMI-8226	-1
core_086	EX_pnto__R_e	BR:HS 578T	LE:SR	BR:HS 578T	LE:SR	-1
core_086	EX_pnto__R_e	BR:HS 578T	ME:MALME-3M	BR:HS 578T	ME:MALME-3M	-1
core_086	EX_pnto__R_e	BR:HS 578T	RE:786-0	BR:HS 578T	RE:786-0	-1
core_086	EX_pnto__R_e	BR:HS 578T	RE:UO-31	BR:HS 578T	RE:UO-31	-1
core_086	EX_pnto__R_e	BR:MDA-MB-231	CO:HT29	BR:MDA-MB-231	CO:HT29	1
core_086	EX_pnto__R_e	BR:MDA-MB-231	LC:HOP-92	BR:MDA-MB-231	LC:HOP-92	1
core_086	EX_pnto__R_e	BR:MDA-MB-231	ME:MALME-3M	BR:MDA-MB-231	ME:MALME-3M	1
core_086	EX_pnto__R_e	BR:MDA-MB-231	RE:786-0	BR:MDA-MB-231	RE:786-0	1
core_086	EX_pnto__R_e	BR:MDA-MB-231	RE:UO-31	BR:MDA-MB-231	RE:UO-31	1
core_086	EX_pnto__R_e	CO:HT29	LC:HOP-62	CO:HT29	LC:HOP-62	-1
core_086	EX_pnto__R_e	CO:HT29	LC:HOP-92	CO:HT29	LC:HOP-92	1
core_086	EX_pnto__R_e	CO:HT29	LC:NCI-H226	CO:HT29	LC:NCI-H226	-1
core_086	EX_pnto__R_e	CO:HT29	LE:RPMI-8226	CO:HT29	LE:RPMI-8226	-1
core_086	EX_pnto__R_e	CO:HT29	LE:SR	CO:HT29	LE:SR	-1
core_086	EX_pnto__R_e	LC:HOP-62	LC:HOP-92	LC:HOP-62	LC:HOP-92	1
core_086	EX_pnto__R_e	LC:HOP-62	ME:MALME-3M	LC:HOP-62	ME:MALME-3M	1
core_086	EX_pnto__R_e	LC:HOP-62	RE:786-0	LC:HOP-62	RE:786-0	1
core_086	EX_pnto__R_e	LC:HOP-92	LC:NCI-H226	LC:HOP-92	LC:NCI-H226	-1
core_086	EX_pnto__R_e	LC:HOP-92	LE:RPMI-8226	LC:HOP-92	LE:RPMI-8226	-1
core_086	EX_pnto__R_e	LC:HOP-92	LE:SR	LC:HOP-92	LE:SR	-1
core_086	EX_pnto__R_e	LC:HOP-92	ME:MALME-3M	LC:HOP-92	ME:MALME-3M	-1
core_086	EX_pnto__R_e	LC:HOP-92	RE:786-0	LC:HOP-92	RE:786-0	-1
core_086	EX_pnto__R_e	LC:HOP-92	RE:UO-31	LC:HOP-92	RE:UO-31	-1
core_086	EX_pnto__R_e	LC:NCI-H226	ME:MALME-3M	LC:NCI-H226	ME:MALME-3M	1
core_086	EX_pnto__R_e	LC:NCI-H226	RE:786-0	LC:NCI-H226	RE:786-0	1
core_086	EX_pnto__R_e	LC:NCI-H226	RE:UO-31	LC:NCI-H226	RE:UO-31	1
core_086	EX_pnto__R_e	LE:RPMI-8226	ME:MALME-3M	LE:RPMI-8226	ME:MALME-3M	1
core_086	EX_pnto__R_e	LE:RPMI-8226	RE:786-0	LE:RPMI-8226	RE:786-0	1
core_086	EX_pnto__R_e	LE:SR	ME:MALME-3M	LE:SR	ME:MALME-3M	1
core_086	EX_pnto__R_e	LE:SR	RE:786-0	LE:SR	RE:786-0	1
core_086	EX_pnto__R_e	LE:SR	RE:UO-31	LE:SR	RE:UO-31	1
core_086	EX_pnto__R_e	ME:MALME-3M	RE:UO-31	ME:MALME-3M	RE:UO-31	-1
core_088	EX_pro__L_e	BR:HS 578T	CO:HT29	BR:HS 578T	CO:HT29	1
core_088	EX_pro__L_e	BR:HS 578T	LC:HOP-62	BR:HS 578T	LC:HOP-62	1
core_088	EX_pro__L_e	BR:HS 578T	LE:RPMI-8226	BR:HS 578T	LE:RPMI-8226	-1
core_088	EX_pro__L_e	BR:HS 578T	LE:SR	BR:HS 578T	LE:SR	1
core_088	EX_pro__L_e	BR:HS 578T	ME:MALME-3M	BR:HS 578T	ME:MALME-3M	1
core_088	EX_pro__L_e	BR:HS 578T	RE:UO-31	BR:HS 578T	RE:UO-31	-1
core_088	EX_pro__L_e	BR:MDA-MB-231	LC:HOP-62	BR:MDA-MB-231	LC:HOP-62	1
core_088	EX_pro__L_e	BR:MDA-MB-231	LC:HOP-92	BR:MDA-MB-231	LC:HOP-92	-1
core_088	EX_pro__L_e	BR:MDA-MB-231	LE:RPMI-8226	BR:MDA-MB-231	LE:RPMI-8226	-1
core_088	EX_pro__L_e	BR:MDA-MB-231	ME:MALME-3M	BR:MDA-MB-231	ME:MALME-3M	1
core_088	EX_pro__L_e	BR:MDA-MB-231	RE:786-0	BR:MDA-MB-231	RE:786-0	-1
core_088	EX_pro__L_e	BR:MDA-MB-231	RE:UO-31	BR:MDA-MB-231	RE:UO-31	-1
core_088	EX_pro__L_e	CO:HT29	LC:HOP-92	CO:HT29	LC:HOP-92	-1
core_088	EX_pro__L_e	CO:HT29	LC:NCI-H226	CO:HT29	LC:NCI-H226	-1
core_088	EX_pro__L_e	CO:HT29	LE:RPMI-8226	CO:HT29	LE:RPMI-8226	-1
core_088	EX_pro__L_e	CO:HT29	RE:786-0	CO:HT29	RE:786-0	-1
core_088	EX_pro__L_e	CO:HT29	RE:UO-31	CO:HT29	RE:UO-31	-1
core_088	EX_pro__L_e	LC:HOP-62	LC:HOP-92	LC:HOP-62	LC:HOP-92	-1
core_088	EX_pro__L_e	LC:HOP-62	LC:NCI-H226	LC:HOP-62	LC:NCI-H226	-1
core_088	EX_pro__L_e	LC:HOP-62	LE:RPMI-8226	LC:HOP-62	LE:RPMI-8226	-1
core_088	EX_pro__L_e	LC:HOP-62	RE:786-0	LC:HOP-62	RE:786-0	-1
core_088	EX_pro__L_e	LC:HOP-62	RE:UO-31	LC:HOP-62	RE:UO-31	-1
core_088	EX_pro__L_e	LC:HOP-92	LC:NCI-H226	LC:HOP-92	LC:NCI-H226	1
core_088	EX_pro__L_e	LC:HOP-92	LE:SR	LC:HOP-92	LE:SR	1
core_088	EX_pro__L_e	LC:HOP-92	ME:MALME-3M	LC:HOP-92	ME:MALME-3M	1
core_088	EX_pro__L_e	LC:NCI-H226	LE:RPMI-8226	LC:NCI-H226	LE:RPMI-8226	-1
core_088	EX_pro__L_e	LC:NCI-H226	LE:SR	LC:NCI-H226	LE:SR	1
core_088	EX_pro__L_e	LC:NCI-H226	ME:MALME-3M	LC:NCI-H226	ME:MALME-3M	1
core_088	EX_pro__L_e	LC:NCI-H226	RE:786-0	LC:NCI-H226	RE:786-0	-1
core_088	EX_pro__L_e	LC:NCI-H226	RE:UO-31	LC:NCI-H226	RE:UO-31	-1
core_088	EX_pro__L_e	LE:RPMI-8226	LE:SR	LE:RPMI-8226	LE:SR	1
core_088	EX_pro__L_e	LE:RPMI-8226	ME:MALME-3M	LE:RPMI-8226	ME:MALME-3M	1
core_088	EX_pro__L_e	LE:SR	RE:786-0	LE:SR	RE:786-0	-1
core_088	EX_pro__L_e	LE:SR	RE:UO-31	LE:SR	RE:UO-31	-1
core_088	EX_pro__L_e	ME:MALME-3M	RE:786-0	ME:MALME-3M	RE:786-0	-1
core_088	EX_pro__L_e	ME:MALME-3M	RE:UO-31	ME:MALME-3M	RE:UO-31	-1
core_090	EX_quln_e	BR:HS 578T	CO:HT29	BR:HS 578T	CO:HT29	1
core_090	EX_quln_e	BR:HS 578T	LC:HOP-62	BR:HS 578T	LC:HOP-62	1
core_090	EX_quln_e	BR:HS 578T	LC:HOP-92	BR:HS 578T	LC:HOP-92	1
core_090	EX_quln_e	BR:HS 578T	RE:786-0	BR:HS 578T	RE:786-0	1
core_090	EX_quln_e	BR:HS 578T	RE:UO-31	BR:HS 578T	RE:UO-31	1
core_090	EX_quln_e	BR:MDA-MB-231	LC:HOP-62	BR:MDA-MB-231	LC:HOP-62	1
core_090	EX_quln_e	BR:MDA-MB-231	RE:786-0	BR:MDA-MB-231	RE:786-0	1
core_090	EX_quln_e	CO:HT29	LC:NCI-H226	CO:HT29	LC:NCI-H226	-1
core_090	EX_quln_e	CO:HT29	LE:RPMI-8226	CO:HT29	LE:RPMI-8226	-1
core_090	EX_quln_e	CO:HT29	LE:SR	CO:HT29	LE:SR	-1
core_090	EX_quln_e	CO:HT29	ME:MALME-3M	CO:HT29	ME:MALME-3M	-1
core_090	EX_quln_e	LC:HOP-62	LC:NCI-H226	LC:HOP-62	LC:NCI-H226	-1
core_090	EX_quln_e	LC:HOP-62	LE:RPMI-8226	LC:HOP-62	LE:RPMI-8226	-1
core_090	EX_quln_e	LC:HOP-62	LE:SR	LC:HOP-62	LE:SR	-1
core_090	EX_quln_e	LC:HOP-62	ME:MALME-3M	LC:HOP-62	ME:MALME-3M	-1
core_090	EX_quln_e	LC:HOP-92	LC:NCI-H226	LC:HOP-92	LC:NCI-H226	-1
core_090	EX_quln_e	LC:HOP-92	LE:RPMI-8226	LC:HOP-92	LE:RPMI-8226	-1
core_090	EX_quln_e	LC:HOP-92	LE:SR	LC:HOP-92	LE:SR	-1
core_090	EX_quln_e	LC:HOP-92	ME:MALME-3M	LC:HOP-92	ME:MALME-3M	-1
core_090	EX_quln_e	LC:NCI-H226	RE:786-0	LC:NCI-H226	RE:786-0	1
core_090	EX_quln_e	LC:NCI-H226	RE:UO-31	LC:NCI-H226	RE:UO-31	1
core_090	EX_quln_e	LE:RPMI-8226	RE:786-0	LE:RPMI-8226	RE:786-0	1
core_090	EX_quln_e	LE:RPMI-8226	RE:UO-31	LE:RPMI-8226	RE:UO-31	1
core_090	EX_quln_e	LE:SR	RE:786-0	LE:SR	RE:786-0	1
core_090	EX_quln_e	LE:SR	RE:UO-31	LE:SR	RE:UO-31	1
core_090	EX_quln_e	ME:MALME-3M	RE:786-0	ME:MALME-3M	RE:786-0	1
core_090	EX_quln_e	ME:MALME-3M	RE:UO-31	ME:MALME-3M	RE:UO-31	1
core_091	EX_sbt__D_e	BR:HS 578T	BR:MDA-MB-231	BR:HS 578T	BR:MDA-MB-231	1
core_091	EX_sbt__D_e	BR:HS 578T	CO:HT29	BR:HS 578T	CO:HT29	1
core_091	EX_sbt__D_e	BR:HS 578T	LC:HOP-62	BR:HS 578T	LC:HOP-62	1
core_091	EX_sbt__D_e	BR:HS 578T	LC:HOP-92	BR:HS 578T	LC:HOP-92	1
core_091	EX_sbt__D_e	BR:HS 578T	LC:NCI-H226	BR:HS 578T	LC:NCI-H226	1
core_091	EX_sbt__D_e	BR:HS 578T	LE:RPMI-8226	BR:HS 578T	LE:RPMI-8226	1
core_091	EX_sbt__D_e	BR:HS 578T	LE:SR	BR:HS 578T	LE:SR	1
core_091	EX_sbt__D_e	BR:HS 578T	ME:MALME-3M	BR:HS 578T	ME:MALME-3M	1
core_091	EX_sbt__D_e	BR:HS 578T	RE:786-0	BR:HS 578T	RE:786-0	1
core_091	EX_sbt__D_e	BR:HS 578T	RE:UO-31	BR:HS 578T	RE:UO-31	1
core_091	EX_sbt__D_e	BR:MDA-MB-231	CO:HT29	BR:MDA-MB-231	CO:HT29	-1
core_091	EX_sbt__D_e	BR:MDA-MB-231	LC:HOP-62	BR:MDA-MB-231	LC:HOP-62	-1
core_091	EX_sbt__D_e	BR:MDA-MB-231	LC:HOP-92	BR:MDA-MB-231	LC:HOP-92	-1
core_091	EX_sbt__D_e	BR:MDA-MB-231	LC:NCI-H226	BR:MDA-MB-231	LC:NCI-H226	-1
core_091	EX_sbt__D_e	BR:MDA-MB-231	LE:RPMI-8226	BR:MDA-MB-231	LE:RPMI-8226	-1
core_091	EX_sbt__D_e	BR:MDA-MB-231	RE:786-0	BR:MDA-MB-231	RE:786-0	-1
core_091	EX_sbt__D_e	BR:MDA-MB-231	RE:UO-31	BR:MDA-MB-231	RE:UO-31	-1
core_091	EX_sbt__D_e	CO:HT29	LC:HOP-62	CO:HT29	LC:HOP-62	-1
core_091	EX_sbt__D_e	CO:HT29	LE:SR	CO:HT29	LE:SR	1
core_091	EX_sbt__D_e	CO:HT29	ME:MALME-3M	CO:HT29	ME:MALME-3M	1
core_091	EX_sbt__D_e	CO:HT29	RE:786-0	CO:HT29	RE:786-0	-1
core_091	EX_sbt__D_e	CO:HT29	RE:UO-31	CO:HT29	RE:UO-31	-1
core_091	EX_sbt__D_e	LC:HOP-62	LC:HOP-92	LC:HOP-62	LC:HOP-92	1
core_091	EX_sbt__D_e	LC:HOP-62	LC:NCI-H226	LC:HOP-62	LC:NCI-H226	1
core_091	EX_sbt__D_e	LC:HOP-62	LE:SR	LC:HOP-62	LE:SR	1
core_091	EX_sbt__D_e	LC:HOP-62	ME:MALME-3M	LC:HOP-62	ME:MALME-3M	1
core_091	EX_sbt__D_e	LC:HOP-92	LE:RPMI-8226	LC:HOP-92	LE:RPMI-8226	-1
core_091	EX_sbt__D_e	LC:HOP-92	LE:SR	LC:HOP-92	LE:SR	1
core_091	EX_sbt__D_e	LC:HOP-92	ME:MALME-3M	LC:HOP-92	ME:MALME-3M	1
core_091	EX_sbt__D_e	LC:HOP-92	RE:786-0	LC:HOP-92	RE:786-0	-1
core_091	EX_sbt__D_e	LC:HOP-92	RE:UO-31	LC:HOP-92	RE:UO-31	-1
core_091	EX_sbt__D_e	LC:NCI-H226	LE:RPMI-8226	LC:NCI-H226	LE:RPMI-8226	-1
core_091	EX_sbt__D_e	LC:NCI-H226	ME:MALME-3M	LC:NCI-H226	ME:MALME-3M	1
core_091	EX_sbt__D_e	LC:NCI-H226	RE:786-0	LC:NCI-H226	RE:786-0	-1
core_091	EX_sbt__D_e	LC:NCI-H226	RE:UO-31	LC:NCI-H226	RE:UO-31	-1
core_091	EX_sbt__D_e	LE:RPMI-8226	LE:SR	LE:RPMI-8226	LE:SR	1
core_091	EX_sbt__D_e	LE:RPMI-8226	ME:MALME-3M	LE:RPMI-8226	ME:MALME-3M	1
core_091	EX_sbt__D_e	LE:SR	RE:786-0	LE:SR	RE:786-0	-1
core_091	EX_sbt__D_e	LE:SR	RE:UO-31	LE:SR	RE:UO-31	-1
core_091	EX_sbt__D_e	ME:MALME-3M	RE:786-0	ME:MALME-3M	RE:786-0	-1
core_091	EX_sbt__D_e	ME:MALME-3M	RE:UO-31	ME:MALME-3M	RE:UO-31	-1
core_092	EX_ser__L_e	BR:HS 578T	BR:MDA-MB-231	BR:HS 578T	BR:MDA-MB-231	-1
core_092	EX_ser__L_e	BR:HS 578T	CO:HT29	BR:HS 578T	CO:HT29	-1
core_092	EX_ser__L_e	BR:HS 578T	LC:HOP-62	BR:HS 578T	LC:HOP-62	-1
core_092	EX_ser__L_e	BR:HS 578T	LC:HOP-92	BR:HS 578T	LC:HOP-92	1
core_092	EX_ser__L_e	BR:HS 578T	LC:NCI-H226	BR:HS 578T	LC:NCI-H226	1
core_092	EX_ser__L_e	BR:HS 578T	LE:RPMI-8226	BR:HS 578T	LE:RPMI-8226	1
core_092	EX_ser__L_e	BR:HS 578T	LE:SR	BR:HS 578T	LE:SR	-1
core_092	EX_ser__L_e	BR:HS 578T	ME:MALME-3M	BR:HS 578T	ME:MALME-3M	-1
core_092	EX_ser__L_e	BR:HS 578T	RE:786-0	BR:HS 578T	RE:786-0	-1
core_092	EX_ser__L_e	BR:HS 578T	RE:UO-31	BR:HS 578T	RE:UO-31	-1
core_092	EX_ser__L_e	BR:MDA-MB-231	CO:HT29	BR:MDA-MB-231	CO:HT29	1
core_092	EX_ser__L_e	BR:MDA-MB-231	LC:HOP-62	BR:MDA-MB-231	LC:HOP-62	1
core_092	EX_ser__L_e	BR:MDA-MB-231	LC:HOP-92	BR:MDA-MB-231	LC:HOP-92	1
core_092	EX_ser__L_e	BR:MDA-MB-231	LC:NCI-H226	BR:MDA-MB-231	LC:NCI-H226	1
core_092	EX_ser__L_e	BR:MDA-MB-231	LE:RPMI-8226	BR:MDA-MB-231	LE:RPMI-8226	1
core_092	EX_ser__L_e	BR:MDA-MB-231	LE:SR	BR:MDA-MB-231	LE:SR	1
core_092	EX_ser__L_e	BR:MDA-MB-231	ME:MALME-3M	BR:MDA-MB-231	ME:MALME-3M	1
core_092	EX_ser__L_e	BR:MDA-MB-231	RE:786-0	BR:MDA-MB-231	RE:786-0	1
core_092	EX_ser__L_e	BR:MDA-MB-231	RE:UO-31	BR:MDA-MB-231	RE:UO-31	1
core_092	EX_ser__L_e	CO:HT29	LC:HOP-62	CO:HT29	LC:HOP-62	-1
core_092	EX_ser__L_e	CO:HT29	LC:HOP-92	CO:HT29	LC:HOP-92	1
core_092	EX_ser__L_e	CO:HT29	LC:NCI-H226	CO:HT29	LC:NCI-H226	1
core_092	EX_ser__L_e	CO:HT29	LE:RPMI-8226	CO:HT29	LE:RPMI-8226	1
core_092	EX_ser__L_e	CO:HT29	LE:SR	CO:HT29	LE:SR	-1
core_092	EX_ser__L_e	CO:HT29	ME:MALME-3M	CO:HT29	ME:MALME-3M	-1
core_092	EX_ser__L_e	CO:HT29	RE:UO-31	CO:HT29	RE:UO-31	-1
core_092	EX_ser__L_e	LC:HOP-62	LC:HOP-92	LC:HOP-62	LC:HOP-92	1
core_092	EX_ser__L_e	LC:HOP-62	LC:NCI-H226	LC:HOP-62	LC:NCI-H226	1
core_092	EX_ser__L_e	LC:HOP-62	LE:RPMI-8226	LC:HOP-62	LE:RPMI-8226	1
core_092	EX_ser__L_e	LC:HOP-62	LE:SR	LC:HOP-62	LE:SR	-1
core_092	EX_ser__L_e	LC:HOP-62	ME:MALME-3M	LC:HOP-62	ME:MALME-3M	-1
core_092	EX_ser__L_e	LC:HOP-62	RE:786-0	LC:HOP-62	RE:786-0	1
core_092	EX_ser__L_e	LC:HOP-62	RE:UO-31	LC:HOP-62	RE:UO-31	-1
core_092	EX_ser__L_e	LC:HOP-92	LC:NCI-H226	LC:HOP-92	LC:NCI-H226	-1
core_092	EX_ser__L_e	LC:HOP-92	LE:RPMI-8226	LC:HOP-92	LE:RPMI-8226	-1
core_092	EX_ser__L_e	LC:HOP-92	LE:SR	LC:HOP-92	LE:SR	-1
core_092	EX_ser__L_e	LC:HOP-92	ME:MALME-3M	LC:HOP-92	ME:MALME-3M	-1
core_092	EX_ser__L_e	LC:HOP-92	RE:786-0	LC:HOP-92	RE:786-0	-1
core_092	EX_ser__L_e	LC:HOP-92	RE:UO-31	LC:HOP-92	RE:UO-31	-1
core_092	EX_ser__L_e	LC:NCI-H226	LE:RPMI-8226	LC:NCI-H226	LE:RPMI-8226	1
core_092	EX_ser__L_e	LC:NCI-H226	LE:SR	LC:NCI-H226	LE:SR	-1
core_092	EX_ser__L_e	LC:NCI-H226	ME:MALME-3M	LC:NCI-H226	ME:MALME-3M	-1
core_092	EX_ser__L_e	LC:NCI-H226	RE:786-0	LC:NCI-H226	RE:786-0	-1
core_092	EX_ser__L_e	LC:NCI-H226	RE:UO-31	LC:NCI-H226	RE:UO-31	-1
core_092	EX_ser__L_e	LE:RPMI-8226	LE:SR	LE:RPMI-8226	LE:SR	-1
core_092	EX_ser__L_e	LE:RPMI-8226	ME:MALME-3M	LE:RPMI-8226	ME:MALME-3M	-1
core_092	EX_ser__L_e	LE:RPMI-8226	RE:786-0	LE:RPMI-8226	RE:786-0	-1
core_092	EX_ser__L_e	LE:RPMI-8226	RE:UO-31	LE:RPMI-8226	RE:UO-31	-1
core_092	EX_ser__L_e	LE:SR	ME:MALME-3M	LE:SR	ME:MALME-3M	1
core_092	EX_ser__L_e	LE:SR	RE:786-0	LE:SR	RE:786-0	1
core_092	EX_ser__L_e	LE:SR	RE:UO-31	LE:SR	RE:UO-31	1
core_092	EX_ser__L_e	ME:MALME-3M	RE:786-0	ME:MALME-3M	RE:786-0	1
core_092	EX_ser__L_e	RE:786-0	RE:UO-31	RE:786-0	RE:UO-31	-1
core_093	EX_spmd_e	BR:HS 578T	BR:MDA-MB-231	BR:HS 578T	BR:MDA-MB-231	-1
core_093	EX_spmd_e	BR:HS 578T	CO:HT29	BR:HS 578T	CO:HT29	1
core_093	EX_spmd_e	BR:HS 578T	LC:HOP-62	BR:HS 578T	LC:HOP-62	1
core_093	EX_spmd_e	BR:HS 578T	LC:NCI-H226	BR:HS 578T	LC:NCI-H226	-1
core_093	EX_spmd_e	BR:HS 578T	LE:RPMI-8226	BR:HS 578T	LE:RPMI-8226	-1
core_093	EX_spmd_e	BR:HS 578T	LE:SR	BR:HS 578T	LE:SR	-1
core_093	EX_spmd_e	BR:HS 578T	RE:786-0	BR:HS 578T	RE:786-0	1
core_093	EX_spmd_e	BR:MDA-MB-231	CO:HT29	BR:MDA-MB-231	CO:HT29	1
core_093	EX_spmd_e	BR:MDA-MB-231	LC:HOP-62	BR:MDA-MB-231	LC:HOP-62	1
core_093	EX_spmd_e	BR:MDA-MB-231	LC:HOP-92	BR:MDA-MB-231	LC:HOP-92	1
core_093	EX_spmd_e	BR:MDA-MB-231	LC:NCI-H226	BR:MDA-MB-231	LC:NCI-H226	1
core_093	EX_spmd_e	BR:MDA-MB-231	LE:SR	BR:MDA-MB-231	LE:SR	1
core_093	EX_spmd_e	BR:MDA-MB-231	ME:MALME-3M	BR:MDA-MB-231	ME:MALME-3M	1
core_093	EX_spmd_e	BR:MDA-MB-231	RE:786-0	BR:MDA-MB-231	RE:786-0	1
core_093	EX_spmd_e	BR:MDA-MB-231	RE:UO-31	BR:MDA-MB-231	RE:UO-31	1
core_093	EX_spmd_e	CO:HT29	LC:NCI-H226	CO:HT29	LC:NCI-H226	-1
core_093	EX_spmd_e	CO:HT29	LE:RPMI-8226	CO:HT29	LE:RPMI-8226	-1
core_093	EX_spmd_e	CO:HT29	LE:SR	CO:HT29	LE:SR	-1
core_093	EX_spmd_e	CO:HT29	RE:UO-31	CO:HT29	RE:UO-31	-1
core_093	EX_spmd_e	LC:HOP-62	LC:NCI-H226	LC:HOP-62	LC:NCI-H226	-1
core_093	EX_spmd_e	LC:HOP-62	LE:RPMI-8226	LC:HOP-62	LE:RPMI-8226	-1
core_093	EX_spmd_e	LC:HOP-62	LE:SR	LC:HOP-62	LE:SR	-1
core_093	EX_spmd_e	LC:HOP-62	RE:UO-31	LC:HOP-62	RE:UO-31	-1
core_093	EX_spmd_e	LC:HOP-92	LC:NCI-H226	LC:HOP-92	LC:NCI-H226	-1
core_093	EX_spmd_e	LC:HOP-92	LE:RPMI-8226	LC:HOP-92	LE:RPMI-8226	-1
core_093	EX_spmd_e	LC:HOP-92	LE:SR	LC:HOP-92	LE:SR	-1
core_093	EX_spmd_e	LC:NCI-H226	LE:RPMI-8226	LC:NCI-H226	LE:RPMI-8226	-1
core_093	EX_spmd_e	LC:NCI-H226	ME:MALME-3M	LC:NCI-H226	ME:MALME-3M	1
core_093	EX_spmd_e	LC:NCI-H226	RE:786-0	LC:NCI-H226	RE:786-0	1
core_093	EX_spmd_e	LC:NCI-H226	RE:UO-31	LC:NCI-H226	RE:UO-31	1
core_093	EX_spmd_e	LE:RPMI-8226	LE:SR	LE:RPMI-8226	LE:SR	1
core_093	EX_spmd_e	LE:RPMI-8226	ME:MALME-3M	LE:RPMI-8226	ME:MALME-3M	1
core_093	EX_spmd_e	LE:RPMI-8226	RE:786-0	LE:RPMI-8226	RE:786-0	1
core_093	EX_spmd_e	LE:RPMI-8226	RE:UO-31	LE:RPMI-8226	RE:UO-31	1
core_093	EX_spmd_e	LE:SR	ME:MALME-3M	LE:SR	ME:MALME-3M	1
core_093	EX_spmd_e	LE:SR	RE:786-0	LE:SR	RE:786-0	1
core_093	EX_spmd_e	LE:SR	RE:UO-31	LE:SR	RE:UO-31	1
core_093	EX_spmd_e	RE:786-0	RE:UO-31	RE:786-0	RE:UO-31	-1
core_094	EX_sprm_e	BR:HS 578T	BR:MDA-MB-231	BR:HS 578T	BR:MDA-MB-231	-1
core_094	EX_sprm_e	BR:HS 578T	CO:HT29	BR:HS 578T	CO:HT29	1
core_094	EX_sprm_e	BR:HS 578T	LC:HOP-62	BR:HS 578T	LC:HOP-62	1
core_094	EX_sprm_e	BR:HS 578T	LC:NCI-H226	BR:HS 578T	LC:NCI-H226	-1
core_094	EX_sprm_e	BR:HS 578T	LE:RPMI-8226	BR:HS 578T	LE:RPMI-8226	-1
core_094	EX_sprm_e	BR:HS 578T	LE:SR	BR:HS 578T	LE:SR	-1
core_094	EX_sprm_e	BR:HS 578T	ME:MALME-3M	BR:HS 578T	ME:MALME-3M	1
core_094	EX_sprm_e	BR:HS 578T	RE:786-0	BR:HS 578T	RE:786-0	1
core_094	EX_sprm_e	BR:MDA-MB-231	CO:HT29	BR:MDA-MB-231	CO:HT29	1
core_094	EX_sprm_e	BR:MDA-MB-231	LC:HOP-62	BR:MDA-MB-231	LC:HOP-62	1
core_094	EX_sprm_e	BR:MDA-MB-231	LC:HOP-92	BR:MDA-MB-231	LC:HOP-92	1
core_094	EX_sprm_e	BR:MDA-MB-231	LC:NCI-H226	BR:MDA-MB-231	LC:NCI-H226	-1
core_094	EX_sprm_e	BR:MDA-MB-231	LE:RPMI-8226	BR:MDA-MB-231	LE:RPMI-8226	-1
core_094	EX_sprm_e	BR:MDA-MB-231	LE:SR	BR:MDA-MB-231	LE:SR	-1
core_094	EX_sprm_e	BR:MDA-MB-231	ME:MALME-3M	BR:MDA-MB-231	ME:MALME-3M	1
core_094	EX_sprm_e	BR:MDA-MB-231	RE:786-0	BR:MDA-MB-231	RE:786-0	1
core_094	EX_sprm_e	BR:MDA-MB-231	RE:UO-31	BR:MDA-MB-231	RE:UO-31	1
core_094	EX_sprm_e	CO:HT29	LC:HOP-92	CO:HT29	LC:HOP-92	-1
core_094	EX_sprm_e	CO:HT29	LC:NCI-H226	CO:HT29	LC:NCI-H226	-1
core_094	EX_sprm_e	CO:HT29	LE:RPMI-8226	CO:HT29	LE:RPMI-8226	-1
core_094	EX_sprm_e	CO:HT29	LE:SR	CO:HT29	LE:SR	-1
core_094	EX_sprm_e	CO:HT29	RE:UO-31	CO:HT29	RE:UO-31	-1
core_094	EX_sprm_e	LC:HOP-62	LC:HOP-92	LC:HOP-62	LC:HOP-92	-1
core_094	EX_sprm_e	LC:HOP-62	LC:NCI-H226	LC:HOP-62	LC:NCI-H226	-1
core_094	EX_sprm_e	LC:HOP-62	LE:RPMI-8226	LC:HOP-62	LE:RPMI-8226	-1
core_094	EX_sprm_e	LC:HOP-62	LE:SR	LC:HOP-62	LE:SR	-1
core_094	EX_sprm_e	LC:HOP-62	RE:UO-31	LC:HOP-62	RE:UO-31	-1
core_094	EX_sprm_e	LC:HOP-92	LC:NCI-H226	LC:HOP-92	LC:NCI-H226	-1
core_094	EX_sprm_e	LC:HOP-92	LE:RPMI-8226	LC:HOP-92	LE:RPMI-8226	-1
core_094	EX_sprm_e	LC:HOP-92	LE:SR	LC:HOP-92	LE:SR	-1
core_094	EX_sprm_e	LC:HOP-92	ME:MALME-3M	LC:HOP-92	ME:MALME-3M	1
core_094	EX_sprm_e	LC:HOP-92	RE:786-0	LC:HOP-92	RE:786-0	1
core_094	EX_sprm_e	LC:NCI-H226	LE:RPMI-8226	LC:NCI-H226	LE:RPMI-8226	-1
core_094	EX_sprm_e	LC:NCI-H226	ME:MALME-3M	LC:NCI-H226	ME:MALME-3M	1
core_094	EX_sprm_e	LC:NCI-H226	RE:786-0	LC:NCI-H226	RE:786-0	1
core_094	EX_sprm_e	LC:NCI-H226	RE:UO-31	LC:NCI-H226	RE:UO-31	1
core_094	EX_sprm_e	LE:RPMI-8226	LE:SR	LE:RPMI-8226	LE:SR	1
core_094	EX_sprm_e	LE:RPMI-8226	ME:MALME-3M	LE:RPMI-8226	ME:MALME-3M	1
core_094	EX_sprm_e	LE:RPMI-8226	RE:786-0	LE:RPMI-8226	RE:786-0	1
core_094	EX_sprm_e	LE:RPMI-8226	RE:UO-31	LE:RPMI-8226	RE:UO-31	1
core_094	EX_sprm_e	LE:SR	ME:MALME-3M	LE:SR	ME:MALME-3M	1
core_094	EX_sprm_e	LE:SR	RE:786-0	LE:SR	RE:786-0	1
core_094	EX_sprm_e	LE:SR	RE:UO-31	LE:SR	RE:UO-31	1
core_094	EX_sprm_e	ME:MALME-3M	RE:UO-31	ME:MALME-3M	RE:UO-31	-1
core_094	EX_sprm_e	RE:786-0	RE:UO-31	RE:786-0	RE:UO-31	-1
core_095	EX_srtn_e	BR:HS 578T	BR:MDA-MB-231	BR:HS 578T	BR:MDA-MB-231	1
core_095	EX_srtn_e	BR:HS 578T	CO:HT29	BR:HS 578T	CO:HT29	1
core_095	EX_srtn_e	BR:HS 578T	LC:HOP-62	BR:HS 578T	LC:HOP-62	1
core_095	EX_srtn_e	BR:HS 578T	LC:HOP-92	BR:HS 578T	LC:HOP-92	-1
core_095	EX_srtn_e	BR:HS 578T	LC:NCI-H226	BR:HS 578T	LC:NCI-H226	1
core_095	EX_srtn_e	BR:HS 578T	LE:RPMI-8226	BR:HS 578T	LE:RPMI-8226	-1
core_095	EX_srtn_e	BR:HS 578T	LE:SR	BR:HS 578T	LE:SR	1
core_095	EX_srtn_e	BR:HS 578T	ME:MALME-3M	BR:HS 578T	ME:MALME-3M	1
core_095	EX_srtn_e	BR:HS 578T	RE:786-0	BR:HS 578T	RE:786-0	1
core_095	EX_srtn_e	BR:HS 578T	RE:UO-31	BR:HS 578T	RE:UO-31	1
core_095	EX_srtn_e	BR:MDA-MB-231	CO:HT29	BR:MDA-MB-231	CO:HT29	1
core_095	EX_srtn_e	BR:MDA-MB-231	LC:HOP-62	BR:MDA-MB-231	LC:HOP-62	-1
core_095	EX_srtn_e	BR:MDA-MB-231	LC:HOP-92	BR:MDA-MB-231	LC:HOP-92	-1
core_095	EX_srtn_e	BR:MDA-MB-231	LC:NCI-H226	BR:MDA-MB-231	LC:NCI-H226	-1
core_095	EX_srtn_e	BR:MDA-MB-231	LE:RPMI-8226	BR:MDA-MB-231	LE:RPMI-8226	-1
core_095	EX_srtn_e	BR:MDA-MB-231	LE:SR	BR:MDA-MB-231	LE:SR	-1
core_095	EX_srtn_e	BR:MDA-MB-231	ME:MALME-3M	BR:MDA-MB-231	ME:MALME-3M	1
core_095	EX_srtn_e	CO:HT29	LC:HOP-62	CO:HT29	LC:HOP-62	-1
core_095	EX_srtn_e	CO:HT29	LC:HOP-92	CO:HT29	LC:HOP-92	-1
core_095	EX_srtn_e	CO:HT29	LC:NCI-H226	CO:HT29	LC:NCI-H226	-1
core_095	EX_srtn_e	CO:HT29	LE:RPMI-8226	CO:HT29	LE:RPMI-8226	-1
core_095	EX_srtn_e	CO:HT29	LE:SR	CO:HT29	LE:SR	-1
core_095	EX_srtn_e	CO:HT29	ME:MALME-3M	CO:HT29	ME:MALME-3M	1
core_095	EX_srtn_e	CO:HT29	RE:786-0	CO:HT29	RE:786-0	-1
core_095	EX_srtn_e	LC:HOP-62	LC:HOP-92	LC:HOP-62	LC:HOP-92	-1
core_095	EX_srtn_e	LC:HOP-62	LE:RPMI-8226	LC:HOP-62	LE:RPMI-8226	-1
core_095	EX_srtn_e	LC:HOP-62	ME:MALME-3M	LC:HOP-62	ME:MALME-3M	1
core_095	EX_srtn_e	LC:HOP-62	RE:786-0	LC:HOP-62	RE:786-0	1
core_095	EX_srtn_e	LC:HOP-62	RE:UO-31	LC:HOP-62	RE:UO-31	1
core_095	EX_srtn_e	LC:HOP-92	LC:NCI-H226	LC:HOP-92	LC:NCI-H226	1
core_095	EX_srtn_e	LC:HOP-92	LE:RPMI-8226	LC:HOP-92	LE:RPMI-8226	1
core_095	EX_srtn_e	LC:HOP-92	LE:SR	LC:HOP-92	LE:SR	1
core_095	EX_srtn_e	LC:HOP-92	ME:MALME-3M	LC:HOP-92	ME:MALME-3M	1
core_095	EX_srtn_e	LC:HOP-92	RE:786-0	LC:HOP-92	RE:786-0	1
core_095	EX_srtn_e	LC:HOP-92	RE:UO-31	LC:HOP-92	RE:UO-31	1
core_095	EX_srtn_e	LC:NCI-H226	LE:RPMI-8226	LC:NCI-H226	LE:RPMI-8226	-1
core_095	EX_srtn_e	LC:NCI-H226	ME:MALME-3M	LC:NCI-H226	ME:MALME-3M	1
core_095	EX_srtn_e	LC:NCI-H226	RE:786-0	LC:NCI-H226	RE:786-0	1
core_095	EX_srtn_e	LC:NCI-H226	RE:UO-31	LC:NCI-H226	RE:UO-31	1
core_095	EX_srtn_e	LE:RPMI-8226	LE:SR	LE:RPMI-8226	LE:SR	1
core_095	EX_srtn_e	LE:RPMI-8226	ME:MALME-3M	LE:RPMI-8226	ME:MALME-3M	1
core_095	EX_srtn_e	LE:RPMI-8226	RE:786-0	LE:RPMI-8226	RE:786-0	1
core_095	EX_srtn_e	LE:RPMI-8226	RE:UO-31	LE:RPMI-8226	RE:UO-31	1
core_095	EX_srtn_e	LE:SR	ME:MALME-3M	LE:SR	ME:MALME-3M	1
core_095	EX_srtn_e	LE:SR	RE:786-0	LE:SR	RE:786-0	1
core_095	EX_srtn_e	LE:SR	RE:UO-31	LE:SR	RE:UO-31	1
core_095	EX_srtn_e	ME:MALME-3M	RE:786-0	ME:MALME-3M	RE:786-0	-1
core_095	EX_srtn_e	ME:MALME-3M	RE:UO-31	ME:MALME-3M	RE:UO-31	-1
core_096	EX_succ_e	BR:HS 578T	CO:HT29	BR:HS 578T	CO:HT29	-1
core_096	EX_succ_e	BR:HS 578T	LC:HOP-62	BR:HS 578T	LC:HOP-62	-1
core_096	EX_succ_e	BR:HS 578T	LC:HOP-92	BR:HS 578T	LC:HOP-92	1
core_096	EX_succ_e	BR:HS 578T	LC:NCI-H226	BR:HS 578T	LC:NCI-H226	-1
core_096	EX_succ_e	BR:HS 578T	LE:RPMI-8226	BR:HS 578T	LE:RPMI-8226	-1
core_096	EX_succ_e	BR:HS 578T	ME:MALME-3M	BR:HS 578T	ME:MALME-3M	1
core_096	EX_succ_e	BR:HS 578T	RE:786-0	BR:HS 578T	RE:786-0	-1
core_096	EX_succ_e	BR:MDA-MB-231	CO:HT29	BR:MDA-MB-231	CO:HT29	-1
core_096	EX_succ_e	BR:MDA-MB-231	LC:HOP-62	BR:MDA-MB-231	LC:HOP-62	-1
core_096	EX_succ_e	BR:MDA-MB-231	LC:HOP-92	BR:MDA-MB-231	LC:HOP-92	1
core_096	EX_succ_e	BR:MDA-MB-231	LC:NCI-H226	BR:MDA-MB-231	LC:NCI-H226	-1
core_096	EX_succ_e	BR:MDA-MB-231	LE:RPMI-8226	BR:MDA-MB-231	LE:RPMI-8226	-1
core_096	EX_succ_e	BR:MDA-MB-231	ME:MALME-3M	BR:MDA-MB-231	ME:MALME-3M	1
core_096	EX_succ_e	BR:MDA-MB-231	RE:786-0	BR:MDA-MB-231	RE:786-0	-1
core_096	EX_succ_e	CO:HT29	LC:HOP-62	CO:HT29	LC:HOP-62	1
core_096	EX_succ_e	CO:HT29	LC:HOP-92	CO:HT29	LC:HOP-92	1
core_096	EX_succ_e	CO:HT29	LC:NCI-H226	CO:HT29	LC:NCI-H226	-1
core_096	EX_succ_e	CO:HT29	LE:RPMI-8226	CO:HT29	LE:RPMI-8226	-1
core_096	EX_succ_e	CO:HT29	LE:SR	CO:HT29	LE:SR	1
core_096	EX_succ_e	CO:HT29	ME:MALME-3M	CO:HT29	ME:MALME-3M	1
core_096	EX_succ_e	CO:HT29	RE:UO-31	CO:HT29	RE:UO-31	1
core_096	EX_succ_e	LC:HOP-62	LC:HOP-92	LC:HOP-62	LC:HOP-92	1
core_096	EX_succ_e	LC:HOP-62	LC:NCI-H226	LC:HOP-62	LC:NCI-H226	-1
core_096	EX_succ_e	LC:HOP-62	LE:RPMI-8226	LC:HOP-62	LE:RPMI-8226	-1
core_096	EX_succ_e	LC:HOP-62	LE:SR	LC:HOP-62	LE:SR	1
core_096	EX_succ_e	LC:HOP-62	ME:MALME-3M	LC:HOP-62	ME:MALME-3M	1
core_096	EX_succ_e	LC:HOP-62	RE:786-0	LC:HOP-62	RE:786-0	-1
core_096	EX_succ_e	LC:HOP-62	RE:UO-31	LC:HOP-62	RE:UO-31	1
core_096	EX_succ_e	LC:HOP-92	LC:NCI-H226	LC:HOP-92	LC:NCI-H226	-1
core_096	EX_succ_e	LC:HOP-92	LE:RPMI-8226	LC:HOP-92	LE:RPMI-8226	-1
core_096	EX_succ_e	LC:HOP-92	LE:SR	LC:HOP-92	LE:SR	-1
core_096	EX_succ_e	LC:HOP-92	RE:786-0	LC:HOP-92	RE:786-0	-1
core_096	EX_succ_e	LC:HOP-92	RE:UO-31	LC:HOP-92	RE:UO-31	-1
core_096	EX_succ_e	LC:NCI-H226	LE:RPMI-8226	LC:NCI-H226	LE:RPMI-8226	1
core_096	EX_succ_e	LC:NCI-H226	LE:SR	LC:NCI-H226	LE:SR	1
core_096	EX_succ_e	LC:NCI-H226	ME:MALME-3M	LC:NCI-H226	ME:MALME-3M	1
core_096	EX_succ_e	LC:NCI-H226	RE:786-0	LC:NCI-H226	RE:786-0	1
core_096	EX_succ_e	LC:NCI-H226	RE:UO-31	LC:NCI-H226	RE:UO-31	1
core_096	EX_succ_e	LE:RPMI-8226	LE:SR	LE:RPMI-8226	LE:SR	1
core_096	EX_succ_e	LE:RPMI-8226	ME:MALME-3M	LE:RPMI-8226	ME:MALME-3M	1
core_096	EX_succ_e	LE:RPMI-8226	RE:786-0	LE:RPMI-8226	RE:786-0	1
core_096	EX_succ_e	LE:RPMI-8226	RE:UO-31	LE:RPMI-8226	RE:UO-31	1
core_096	EX_succ_e	LE:SR	ME:MALME-3M	LE:SR	ME:MALME-3M	1
core_096	EX_succ_e	LE:SR	RE:786-0	LE:SR	RE:786-0	-1
core_096	EX_succ_e	ME:MALME-3M	RE:786-0	ME:MALME-3M	RE:786-0	-1
core_096	EX_succ_e	ME:MALME-3M	RE:UO-31	ME:MALME-3M	RE:UO-31	-1
core_096	EX_succ_e	RE:786-0	RE:UO-31	RE:786-0	RE:UO-31	1
core_097	EX_sucr_e	BR:HS 578T	BR:MDA-MB-231	BR:HS 578T	BR:MDA-MB-231	1
core_097	EX_sucr_e	BR:HS 578T	CO:HT29	BR:HS 578T	CO:HT29	1
core_097	EX_sucr_e	BR:HS 578T	LC:HOP-92	BR:HS 578T	LC:HOP-92	1
core_097	EX_sucr_e	BR:HS 578T	LE:SR	BR:HS 578T	LE:SR	1
core_097	EX_sucr_e	BR:HS 578T	ME:MALME-3M	BR:HS 578T	ME:MALME-3M	1
core_097	EX_sucr_e	BR:HS 578T	RE:786-0	BR:HS 578T	RE:786-0	1
core_097	EX_sucr_e	BR:HS 578T	RE:UO-31	BR:HS 578T	RE:UO-31	1
core_097	EX_sucr_e	BR:MDA-MB-231	LC:HOP-62	BR:MDA-MB-231	LC:HOP-62	-1
core_097	EX_sucr_e	BR:MDA-MB-231	LC:NCI-H226	BR:MDA-MB-231	LC:NCI-H226	-1
core_097	EX_sucr_e	BR:MDA-MB-231	LE:RPMI-8226	BR:MDA-MB-231	LE:RPMI-8226	-1
core_097	EX_sucr_e	BR:MDA-MB-231	ME:MALME-3M	BR:MDA-MB-231	ME:MALME-3M	1
core_097	EX_sucr_e	CO:HT29	LC:HOP-62	CO:HT29	LC:HOP-62	-1
core_097	EX_sucr_e	CO:HT29	LC:NCI-H226	CO:HT29	LC:NCI-H226	-1
core_097	EX_sucr_e	CO:HT29	LE:RPMI-8226	CO:HT29	LE:RPMI-8226	-1
core_097	EX_sucr_e	CO:HT29	ME:MALME-3M	CO:HT29	ME:MALME-3M	1
core_097	EX_sucr_e	LC:HOP-62	LC:HOP-92	LC:HOP-62	LC:HOP-92	1
core_097	EX_sucr_e	LC:HOP-62	ME:MALME-3M	LC:HOP-62	ME:MALME-3M	1
core_097	EX_sucr_e	LC:HOP-62	RE:786-0	LC:HOP-62	RE:786-0	1
core_097	EX_sucr_e	LC:HOP-62	RE:UO-31	LC:HOP-62	RE:UO-31	1
core_097	EX_sucr_e	LC:HOP-92	LC:NCI-H226	LC:HOP-92	LC:NCI-H226	-1
core_097	EX_sucr_e	LC:HOP-92	LE:RPMI-8226	LC:HOP-92	LE:RPMI-8226	-1
core_097	EX_sucr_e	LC:HOP-92	ME:MALME-3M	LC:HOP-92	ME:MALME-3M	1
core_097	EX_sucr_e	LC:NCI-H226	LE:RPMI-8226	LC:NCI-H226	LE:RPMI-8226	-1
core_097	EX_sucr_e	LC:NCI-H226	ME:MALME-3M	LC:NCI-H226	ME:MALME-3M	1
core_097	EX_sucr_e	LC:NCI-H226	RE:786-0	LC:NCI-H226	RE:786-0	1
core_097	EX_sucr_e	LC:NCI-H226	RE:UO-31	LC:NCI-H226	RE:UO-31	1
core_097	EX_sucr_e	LE:RPMI-8226	LE:SR	LE:RPMI-8226	LE:SR	1
core_097	EX_sucr_e	LE:RPMI-8226	ME:MALME-3M	LE:RPMI-8226	ME:MALME-3M	1
core_097	EX_sucr_e	LE:RPMI-8226	RE:786-0	LE:RPMI-8226	RE:786-0	1
core_097	EX_sucr_e	LE:RPMI-8226	RE:UO-31	LE:RPMI-8226	RE:UO-31	1
core_097	EX_sucr_e	LE:SR	ME:MALME-3M	LE:SR	ME:MALME-3M	1
core_098	EX_taur_e	BR:HS 578T	CO:HT29	BR:HS 578T	CO:HT29	1
core_098	EX_taur_e	BR:HS 578T	LC:HOP-62	BR:HS 578T	LC:HOP-62	1
core_098	EX_taur_e	BR:HS 578T	LC:HOP-92	BR:HS 578T	LC:HOP-92	1
core_098	EX_taur_e	BR:HS 578T	LC:NCI-H226	BR:HS 578T	LC:NCI-H226	1
core_098	EX_taur_e	BR:HS 578T	LE:RPMI-8226	BR:HS 578T	LE:RPMI-8226	1
core_098	EX_taur_e	BR:HS 578T	LE:SR	BR:HS 578T	LE:SR	-1
core_098	EX_taur_e	BR:HS 578T	RE:786-0	BR:HS 578T	RE:786-0	1
core_098	EX_taur_e	BR:HS 578T	RE:UO-31	BR:HS 578T	RE:UO-31	1
core_098	EX_taur_e	BR:MDA-MB-231	CO:HT29	BR:MDA-MB-231	CO:HT29	1
core_098	EX_taur_e	BR:MDA-MB-231	LC:HOP-62	BR:MDA-MB-231	LC:HOP-62	1
core_098	EX_taur_e	BR:MDA-MB-231	LC:HOP-92	BR:MDA-MB-231	LC:HOP-92	1
core_098	EX_taur_e	BR:MDA-MB-231	LC:NCI-H226	BR:MDA-MB-231	LC:NCI-H226	1
core_098	EX_taur_e	BR:MDA-MB-231	LE:RPMI-8226	BR:MDA-MB-231	LE:RPMI-8226	1
core_098	EX_taur_e	BR:MDA-MB-231	LE:SR	BR:MDA-MB-231	LE:SR	-1
core_098	EX_taur_e	BR:MDA-MB-231	RE:786-0	BR:MDA-MB-231	RE:786-0	1
core_098	EX_taur_e	BR:MDA-MB-231	RE:UO-31	BR:MDA-MB-231	RE:UO-31	1
core_098	EX_taur_e	CO:HT29	LC:HOP-92	CO:HT29	LC:HOP-92	-1
core_098	EX_taur_e	CO:HT29	LC:NCI-H226	CO:HT29	LC:NCI-H226	-1
core_098	EX_taur_e	CO:HT29	LE:RPMI-8226	CO:HT29	LE:RPMI-8226	1
core_098	EX_taur_e	CO:HT29	LE:SR	CO:HT29	LE:SR	-1
core_098	EX_taur_e	CO:HT29	ME:MALME-3M	CO:HT29	ME:MALME-3M	-1
core_098	EX_taur_e	CO:HT29	RE:UO-31	CO:HT29	RE:UO-31	-1
core_098	EX_taur_e	LC:HOP-62	LC:HOP-92	LC:HOP-62	LC:HOP-92	-1
core_098	EX_taur_e	LC:HOP-62	LC:NCI-H226	LC:HOP-62	LC:NCI-H226	-1
core_098	EX_taur_e	LC:HOP-62	LE:RPMI-8226	LC:HOP-62	LE:RPMI-8226	1
core_098	EX_taur_e	LC:HOP-62	LE:SR	LC:HOP-62	LE:SR	-1
core_098	EX_taur_e	LC:HOP-62	ME:MALME-3M	LC:HOP-62	ME:MALME-3M	-1
core_098	EX_taur_e	LC:HOP-62	RE:UO-31	LC:HOP-62	RE:UO-31	-1
core_098	EX_taur_e	LC:HOP-92	LC:NCI-H226	LC:HOP-92	LC:NCI-H226	1
core_098	EX_taur_e	LC:HOP-92	LE:RPMI-8226	LC:HOP-92	LE:RPMI-8226	1
core_098	EX_taur_e	LC:HOP-92	LE:SR	LC:HOP-92	LE:SR	-1
core_098	EX_taur_e	LC:HOP-92	ME:MALME-3M	LC:HOP-92	ME:MALME-3M	-1
core_098	EX_taur_e	LC:HOP-92	RE:786-0	LC:HOP-92	RE:786-0	1
core_098	EX_taur_e	LC:HOP-92	RE:UO-31	LC:HOP-92	RE:UO-31	1
core_098	EX_taur_e	LC:NCI-H226	LE:RPMI-8226	LC:NCI-H226	LE:RPMI-8226	1
core_098	EX_taur_e	LC:NCI-H226	LE:SR	LC:NCI-H226	LE:SR	-1
core_098	EX_taur_e	LC:NCI-H226	ME:MALME-3M	LC:NCI-H226	ME:MALME-3M	-1
core_098	EX_taur_e	LC:NCI-H226	RE:786-0	LC:NCI-H226	RE:786-0	1
core_098	EX_taur_e	LE:RPMI-8226	LE:SR	LE:RPMI-8226	LE:SR	-1
core_098	EX_taur_e	LE:RPMI-8226	ME:MALME-3M	LE:RPMI-8226	ME:MALME-3M	-1
core_098	EX_taur_e	LE:RPMI-8226	RE:786-0	LE:RPMI-8226	RE:786-0	-1
core_098	EX_taur_e	LE:RPMI-8226	RE:UO-31	LE:RPMI-8226	RE:UO-31	-1
core_098	EX_taur_e	LE:SR	ME:MALME-3M	LE:SR	ME:MALME-3M	1
core_098	EX_taur_e	LE:SR	RE:786-0	LE:SR	RE:786-0	1
core_098	EX_taur_e	LE:SR	RE:UO-31	LE:SR	RE:UO-31	1
core_098	EX_taur_e	ME:MALME-3M	RE:786-0	ME:MALME-3M	RE:786-0	1
core_098	EX_taur_e	ME:MALME-3M	RE:UO-31	ME:MALME-3M	RE:UO-31	1
core_098	EX_taur_e	RE:786-0	RE:UO-31	RE:786-0	RE:UO-31	-1
core_099	EX_tchola_e	BR:HS 578T	BR:MDA-MB-231	BR:HS 578T	BR:MDA-MB-231	-1
core_099	EX_tchola_e	BR:HS 578T	CO:HT29	BR:HS 578T	CO:HT29	-1
core_099	EX_tchola_e	BR:HS 578T	LC:HOP-62	BR:HS 578T	LC:HOP-62	-1
core_099	EX_tchola_e	BR:HS 578T	LC:HOP-92	BR:HS 578T	LC:HOP-92	1
core_099	EX_tchola_e	BR:HS 578T	LC:NCI-H226	BR:HS 578T	LC:NCI-H226	-1
core_099	EX_tchola_e	BR:HS 578T	LE:RPMI-8226	BR:HS 578T	LE:RPMI-8226	-1
core_099	EX_tchola_e	BR:HS 578T	LE:SR	BR:HS 578T	LE:SR	-1
core_099	EX_tchola_e	BR:HS 578T	ME:MALME-3M	BR:HS 578T	ME:MALME-3M	-1
core_099	EX_tchola_e	BR:HS 578T	RE:786-0	BR:HS 578T	RE:786-0	-1
core_099	EX_tchola_e	BR:HS 578T	RE:UO-31	BR:HS 578T	RE:UO-31	-1
core_099	EX_tchola_e	BR:MDA-MB-231	CO:HT29	BR:MDA-MB-231	CO:HT29	1
core_099	EX_tchola_e	BR:MDA-MB-231	LC:HOP-62	BR:MDA-MB-231	LC:HOP-62	1
core_099	EX_tchola_e	BR:MDA-MB-231	LC:HOP-92	BR:MDA-MB-231	LC:HOP-92	1
core_099	EX_tchola_e	BR:MDA-MB-231	ME:MALME-3M	BR:MDA-MB-231	ME:MALME-3M	1
core_099	EX_tchola_e	BR:MDA-MB-231	RE:786-0	BR:MDA-MB-231	RE:786-0	1
core_099	EX_tchola_e	BR:MDA-MB-231	RE:UO-31	BR:MDA-MB-231	RE:UO-31	1
core_099	EX_tchola_e	CO:HT29	LC:HOP-92	CO:HT29	LC:HOP-92	1
core_099	EX_tchola_e	CO:HT29	LC:NCI-H226	CO:HT29	LC:NCI-H226	-1
core_099	EX_tchola_e	CO:HT29	LE:RPMI-8226	CO:HT29	LE:RPMI-8226	-1
core_099	EX_tchola_e	CO:HT29	LE:SR	CO:HT29	LE:SR	-1
core_099	EX_tchola_e	LC:HOP-62	LC:HOP-92	LC:HOP-62	LC:HOP-92	1
core_099	EX_tchola_e	LC:HOP-62	LC:NCI-H226	LC:HOP-62	LC:NCI-H226	-1
core_099	EX_tchola_e	LC:HOP-62	LE:RPMI-8226	LC:HOP-62	LE:RPMI-8226	-1
core_099	EX_tchola_e	LC:HOP-62	LE:SR	LC:HOP-62	LE:SR	-1
core_099	EX_tchola_e	LC:HOP-92	LC:NCI-H226	LC:HOP-92	LC:NCI-H226	-1
core_099	EX_tchola_e	LC:HOP-92	LE:RPMI-8226	LC:HOP-92	LE:RPMI-8226	-1
core_099	EX_tchola_e	LC:HOP-92	LE:SR	LC:HOP-92	LE:SR	-1
core_099	EX_tchola_e	LC:HOP-92	ME:MALME-3M	LC:HOP-92	ME:MALME-3M	-1
core_099	EX_tchola_e	LC:HOP-92	RE:786-0	LC:HOP-92	RE:786-0	-1
core_099	EX_tchola_e	LC:HOP-92	RE:UO-31	LC:HOP-92	RE:UO-31	-1
core_099	EX_tchola_e	LC:NCI-H226	ME:MALME-3M	LC:NCI-H226	ME:MALME-3M	1
core_099	EX_tchola_e	LE:RPMI-8226	ME:MALME-3M	LE:RPMI-8226	ME:MALME-3M	1
core_099	EX_tchola_e	LE:SR	ME:MALME-3M	LE:SR	ME:MALME-3M	1
core_099	EX_tchola_e	LE:SR	RE:786-0	LE:SR	RE:786-0	1
core_099	EX_tchola_e	LE:SR	RE:UO-31	LE:SR	RE:UO-31	1
core_099	EX_tchola_e	ME:MALME-3M	RE:786-0	ME:MALME-3M	RE:786-0	-1
core_099	EX_tchola_e	ME:MALME-3M	RE:UO-31	ME:MALME-3M	RE:UO-31	-1
core_102	EX_thr__L_e	BR:HS 578T	BR:MDA-MB-231	BR:HS 578T	BR:MDA-MB-231	-1
core_102	EX_thr__L_e	BR:HS 578T	CO:HT29	BR:HS 578T	CO:HT29	-1
core_102	EX_thr__L_e	BR:HS 578T	LC:HOP-62	BR:HS 578T	LC:HOP-62	-1
core_102	EX_thr__L_e	BR:HS 578T	LC:HOP-92	BR:HS 578T	LC:HOP-92	1
core_102	EX_thr__L_e	BR:HS 578T	LC:NCI-H226	BR:HS 578T	LC:NCI-H226	-1
core_102	EX_thr__L_e	BR:HS 578T	LE:RPMI-8226	BR:HS 578T	LE:RPMI-8226	1
core_102	EX_thr__L_e	BR:HS 578T	LE:SR	BR:HS 578T	LE:SR	-1
core_102	EX_thr__L_e	BR:HS 578T	ME:MALME-3M	BR:HS 578T	ME:MALME-3M	-1
core_102	EX_thr__L_e	BR:HS 578T	RE:786-0	BR:HS 578T	RE:786-0	-1
core_102	EX_thr__L_e	BR:HS 578T	RE:UO-31	BR:HS 578T	RE:UO-31	-1
core_102	EX_thr__L_e	BR:MDA-MB-231	CO:HT29	BR:MDA-MB-231	CO:HT29	1
core_102	EX_thr__L_e	BR:MDA-MB-231	LC:HOP-62	BR:MDA-MB-231	LC:HOP-62	1
core_102	EX_thr__L_e	BR:MDA-MB-231	LC:HOP-92	BR:MDA-MB-231	LC:HOP-92	1
core_102	EX_thr__L_e	BR:MDA-MB-231	LC:NCI-H226	BR:MDA-MB-231	LC:NCI-H226	1
core_102	EX_thr__L_e	BR:MDA-MB-231	LE:RPMI-8226	BR:MDA-MB-231	LE:RPMI-8226	1
core_102	EX_thr__L_e	BR:MDA-MB-231	ME:MALME-3M	BR:MDA-MB-231	ME:MALME-3M	1
core_102	EX_thr__L_e	BR:MDA-MB-231	RE:786-0	BR:MDA-MB-231	RE:786-0	1
core_102	EX_thr__L_e	CO:HT29	LC:HOP-62	CO:HT29	LC:HOP-62	-1
core_102	EX_thr__L_e	CO:HT29	LC:HOP-92	CO:HT29	LC:HOP-92	1
core_102	EX_thr__L_e	CO:HT29	LC:NCI-H226	CO:HT29	LC:NCI-H226	-1
core_102	EX_thr__L_e	CO:HT29	LE:RPMI-8226	CO:HT29	LE:RPMI-8226	1
core_102	EX_thr__L_e	CO:HT29	LE:SR	CO:HT29	LE:SR	-1
core_102	EX_thr__L_e	CO:HT29	ME:MALME-3M	CO:HT29	ME:MALME-3M	-1
core_102	EX_thr__L_e	CO:HT29	RE:786-0	CO:HT29	RE:786-0	-1
core_102	EX_thr__L_e	CO:HT29	RE:UO-31	CO:HT29	RE:UO-31	-1
core_102	EX_thr__L_e	LC:HOP-62	LC:HOP-92	LC:HOP-62	LC:HOP-92	1
core_102	EX_thr__L_e	LC:HOP-62	LE:RPMI-8226	LC:HOP-62	LE:RPMI-8226	1
core_102	EX_thr__L_e	LC:HOP-62	LE:SR	LC:HOP-62	LE:SR	-1
core_102	EX_thr__L_e	LC:HOP-62	ME:MALME-3M	LC:HOP-62	ME:MALME-3M	-1
core_102	EX_thr__L_e	LC:HOP-62	RE:UO-31	LC:HOP-62	RE:UO-31	-1
core_102	EX_thr__L_e	LC:HOP-92	LC:NCI-H226	LC:HOP-92	LC:NCI-H226	-1
core_102	EX_thr__L_e	LC:HOP-92	LE:RPMI-8226	LC:HOP-92	LE:RPMI-8226	1
core_102	EX_thr__L_e	LC:HOP-92	LE:SR	LC:HOP-92	LE:SR	-1
core_102	EX_thr__L_e	LC:HOP-92	ME:MALME-3M	LC:HOP-92	ME:MALME-3M	-1
core_102	EX_thr__L_e	LC:HOP-92	RE:786-0	LC:HOP-92	RE:786-0	-1
core_102	EX_thr__L_e	LC:HOP-92	RE:UO-31	LC:HOP-92	RE:UO-31	-1
core_102	EX_thr__L_e	LC:NCI-H226	LE:RPMI-8226	LC:NCI-H226	LE:RPMI-8226	1
core_102	EX_thr__L_e	LC:NCI-H226	LE:SR	LC:NCI-H226	LE:SR	-1
core_102	EX_thr__L_e	LC:NCI-H226	ME:MALME-3M	LC:NCI-H226	ME:MALME-3M	-1
core_102	EX_thr__L_e	LC:NCI-H226	RE:UO-31	LC:NCI-H226	RE:UO-31	-1
core_102	EX_thr__L_e	LE:RPMI-8226	LE:SR	LE:RPMI-8226	LE:SR	-1
core_102	EX_thr__L_e	LE:RPMI-8226	ME:MALME-3M	LE:RPMI-8226	ME:MALME-3M	-1
core_102	EX_thr__L_e	LE:RPMI-8226	RE:786-0	LE:RPMI-8226	RE:786-0	-1
core_102	EX_thr__L_e	LE:RPMI-8226	RE:UO-31	LE:RPMI-8226	RE:UO-31	-1
core_102	EX_thr__L_e	LE:SR	ME:MALME-3M	LE:SR	ME:MALME-3M	1
core_102	EX_thr__L_e	LE:SR	RE:786-0	LE:SR	RE:786-0	1
core_102	EX_thr__L_e	ME:MALME-3M	RE:786-0	ME:MALME-3M	RE:786-0	1
core_102	EX_thr__L_e	ME:MALME-3M	RE:UO-31	ME:MALME-3M	RE:UO-31	-1
core_102	EX_thr__L_e	RE:786-0	RE:UO-31	RE:786-0	RE:UO-31	-1
core_103	EX_thym_e	BR:HS 578T	BR:MDA-MB-231	BR:HS 578T	BR:MDA-MB-231	-1
core_103	EX_thym_e	BR:HS 578T	CO:HT29	BR:HS 578T	CO:HT29	-1
core_103	EX_thym_e	BR:HS 578T	LC:HOP-62	BR:HS 578T	LC:HOP-62	-1
core_103	EX_thym_e	BR:HS 578T	LC:HOP-92	BR:HS 578T	LC:HOP-92	1
core_103	EX_thym_e	BR:HS 578T	LC:NCI-H226	BR:HS 578T	LC:NCI-H226	-1
core_103	EX_thym_e	BR:HS 578T	LE:RPMI-8226	BR:HS 578T	LE:RPMI-8226	-1
core_103	EX_thym_e	BR:HS 578T	LE:SR	BR:HS 578T	LE:SR	-1
core_103	EX_thym_e	BR:HS 578T	ME:MALME-3M	BR:HS 578T	ME:MALME-3M	-1
core_103	EX_thym_e	BR:HS 578T	RE:786-0	BR:HS 578T	RE:786-0	-1
core_103	EX_thym_e	BR:HS 578T	RE:UO-31	BR:HS 578T	RE:UO-31	-1
core_103	EX_thym_e	BR:MDA-MB-231	CO:HT29	BR:MDA-MB-231	CO:HT29	-1
core_103	EX_thym_e	BR:MDA-MB-231	LC:HOP-62	BR:MDA-MB-231	LC:HOP-62	1
core_103	EX_thym_e	BR:MDA-MB-231	LC:HOP-92	BR:MDA-MB-231	LC:HOP-92	1
core_103	EX_thym_e	BR:MDA-MB-231	LC:NCI-H226	BR:MDA-MB-231	LC:NCI-H226	-1
core_103	EX_thym_e	BR:MDA-MB-231	LE:RPMI-8226	BR:MDA-MB-231	LE:RPMI-8226	-1
core_103	EX_thym_e	BR:MDA-MB-231	LE:SR	BR:MDA-MB-231	LE:SR	-1
core_103	EX_thym_e	BR:MDA-MB-231	ME:MALME-3M	BR:MDA-MB-231	ME:MALME-3M	-1
core_103	EX_thym_e	BR:MDA-MB-231	RE:UO-31	BR:MDA-MB-231	RE:UO-31	1
core_103	EX_thym_e	CO:HT29	LC:HOP-62	CO:HT29	LC:HOP-62	1
core_103	EX_thym_e	CO:HT29	LC:HOP-92	CO:HT29	LC:HOP-92	1
core_103	EX_thym_e	CO:HT29	LC:NCI-H226	CO:HT29	LC:NCI-H226	-1
core_103	EX_thym_e	CO:HT29	LE:RPMI-8226	CO:HT29	LE:RPMI-8226	1
core_103	EX_thym_e	CO:HT29	LE:SR	CO:HT29	LE:SR	1
core_103	EX_thym_e	CO:HT29	RE:786-0	CO:HT29	RE:786-0	1
core_103	EX_thym_e	CO:HT29	RE:UO-31	CO:HT29	RE:UO-31	1
core_103	EX_thym_e	LC:HOP-62	LC:HOP-92	LC:HOP-62	LC:HOP-92	1
core_103	EX_thym_e	LC:HOP-62	LC:NCI-H226	LC:HOP-62	LC:NCI-H226	-1
core_103	EX_thym_e	LC:HOP-62	LE:RPMI-8226	LC:HOP-62	LE:RPMI-8226	-1
core_103	EX_thym_e	LC:HOP-62	LE:SR	LC:HOP-62	LE:SR	-1
core_103	EX_thym_e	LC:HOP-62	ME:MALME-3M	LC:HOP-62	ME:MALME-3M	-1
core_103	EX_thym_e	LC:HOP-62	RE:786-0	LC:HOP-62	RE:786-0	-1
core_103	EX_thym_e	LC:HOP-92	LC:NCI-H226	LC:HOP-92	LC:NCI-H226	-1
core_103	EX_thym_e	LC:HOP-92	LE:RPMI-8226	LC:HOP-92	LE:RPMI-8226	-1
core_103	EX_thym_e	LC:HOP-92	LE:SR	LC:HOP-92	LE:SR	-1
core_103	EX_thym_e	LC:HOP-92	ME:MALME-3M	LC:HOP-92	ME:MALME-3M	-1
core_103	EX_thym_e	LC:HOP-92	RE:786-0	LC:HOP-92	RE:786-0	-1
core_103	EX_thym_e	LC:HOP-92	RE:UO-31	LC:HOP-92	RE:UO-31	-1
core_103	EX_thym_e	LC:NCI-H226	LE:RPMI-8226	LC:NCI-H226	LE:RPMI-8226	1
core_103	EX_thym_e	LC:NCI-H226	LE:SR	LC:NCI-H226	LE:SR	1
core_103	EX_thym_e	LC:NCI-H226	ME:MALME-3M	LC:NCI-H226	ME:MALME-3M	1
core_103	EX_thym_e	LC:NCI-H226	RE:786-0	LC:NCI-H226	RE:786-0	1
core_103	EX_thym_e	LC:NCI-H226	RE:UO-31	LC:NCI-H226	RE:UO-31	1
core_103	EX_thym_e	LE:RPMI-8226	LE:SR	LE:RPMI-8226	LE:SR	1
core_103	EX_thym_e	LE:RPMI-8226	ME:MALME-3M	LE:RPMI-8226	ME:MALME-3M	-1
core_103	EX_thym_e	LE:RPMI-8226	RE:786-0	LE:RPMI-8226	RE:786-0	1
core_103	EX_thym_e	LE:RPMI-8226	RE:UO-31	LE:RPMI-8226	RE:UO-31	1
core_103	EX_thym_e	LE:SR	ME:MALME-3M	LE:SR	ME:MALME-3M	-1
core_103	EX_thym_e	LE:SR	RE:786-0	LE:SR	RE:786-0	1
core_103	EX_thym_e	LE:SR	RE:UO-31	LE:SR	RE:UO-31	1
core_103	EX_thym_e	ME:MALME-3M	RE:786-0	ME:MALME-3M	RE:786-0	1
core_103	EX_thym_e	ME:MALME-3M	RE:UO-31	ME:MALME-3M	RE:UO-31	1
core_103	EX_thym_e	RE:786-0	RE:UO-31	RE:786-0	RE:UO-31	1
core_104	EX_thymd_e	BR:HS 578T	LC:HOP-62	BR:HS 578T	LC:HOP-62	1
core_104	EX_thymd_e	BR:HS 578T	LC:HOP-92	BR:HS 578T	LC:HOP-92	1
core_104	EX_thymd_e	BR:HS 578T	LC:NCI-H226	BR:HS 578T	LC:NCI-H226	-1
core_104	EX_thymd_e	BR:HS 578T	LE:RPMI-8226	BR:HS 578T	LE:RPMI-8226	1
core_104	EX_thymd_e	BR:HS 578T	LE:SR	BR:HS 578T	LE:SR	-1
core_104	EX_thymd_e	BR:HS 578T	ME:MALME-3M	BR:HS 578T	ME:MALME-3M	1
core_104	EX_thymd_e	BR:HS 578T	RE:786-0	BR:HS 578T	RE:786-0	1
core_104	EX_thymd_e	BR:HS 578T	RE:UO-31	BR:HS 578T	RE:UO-31	-1
core_104	EX_thymd_e	BR:MDA-MB-231	LC:HOP-62	BR:MDA-MB-231	LC:HOP-62	1
core_104	EX_thymd_e	BR:MDA-MB-231	LC:HOP-92	BR:MDA-MB-231	LC:HOP-92	1
core_104	EX_thymd_e	BR:MDA-MB-231	LC:NCI-H226	BR:MDA-MB-231	LC:NCI-H226	-1
core_104	EX_thymd_e	BR:MDA-MB-231	LE:RPMI-8226	BR:MDA-MB-231	LE:RPMI-8226	1
core_104	EX_thymd_e	BR:MDA-MB-231	LE:SR	BR:MDA-MB-231	LE:SR	-1
core_104	EX_thymd_e	BR:MDA-MB-231	ME:MALME-3M	BR:MDA-MB-231	ME:MALME-3M	1
core_104	EX_thymd_e	BR:MDA-MB-231	RE:786-0	BR:MDA-MB-231	RE:786-0	1
core_104	EX_thymd_e	BR:MDA-MB-231	RE:UO-31	BR:MDA-MB-231	RE:UO-31	-1
core_104	EX_thymd_e	CO:HT29	LC:HOP-62	CO:HT29	LC:HOP-62	1
core_104	EX_thymd_e	CO:HT29	LC:HOP-92	CO:HT29	LC:HOP-92	1
core_104	EX_thymd_e	CO:HT29	LC:NCI-H226	CO:HT29	LC:NCI-H226	-1
core_104	EX_thymd_e	CO:HT29	LE:RPMI-8226	CO:HT29	LE:RPMI-8226	1
core_104	EX_thymd_e	CO:HT29	LE:SR	CO:HT29	LE:SR	-1
core_104	EX_thymd_e	CO:HT29	ME:MALME-3M	CO:HT29	ME:MALME-3M	1
core_104	EX_thymd_e	CO:HT29	RE:786-0	CO:HT29	RE:786-0	1
core_104	EX_thymd_e	CO:HT29	RE:UO-31	CO:HT29	RE:UO-31	-1
core_104	EX_thymd_e	LC:HOP-62	LC:HOP-92	LC:HOP-62	LC:HOP-92	1
core_104	EX_thymd_e	LC:HOP-62	LC:NCI-H226	LC:HOP-62	LC:NCI-H226	-1
core_104	EX_thymd_e	LC:HOP-62	LE:SR	LC:HOP-62	LE:SR	-1
core_104	EX_thymd_e	LC:HOP-62	ME:MALME-3M	LC:HOP-62	ME:MALME-3M	1
core_104	EX_thymd_e	LC:HOP-62	RE:786-0	LC:HOP-62	RE:786-0	1
core_104	EX_thymd_e	LC:HOP-62	RE:UO-31	LC:HOP-62	RE:UO-31	-1
core_104	EX_thymd_e	LC:HOP-92	LC:NCI-H226	LC:HOP-92	LC:NCI-H226	-1
core_104	EX_thymd_e	LC:HOP-92	LE:RPMI-8226	LC:HOP-92	LE:RPMI-8226	-1
core_104	EX_thymd_e	LC:HOP-92	LE:SR	LC:HOP-92	LE:SR	-1
core_104	EX_thymd_e	LC:HOP-92	ME:MALME-3M	LC:HOP-92	ME:MALME-3M	-1
core_104	EX_thymd_e	LC:HOP-92	RE:786-0	LC:HOP-92	RE:786-0	-1
core_104	EX_thymd_e	LC:HOP-92	RE:UO-31	LC:HOP-92	RE:UO-31	-1
core_104	EX_thymd_e	LC:NCI-H226	LE:RPMI-8226	LC:NCI-H226	LE:RPMI-8226	1
core_104	EX_thymd_e	LC:NCI-H226	LE:SR	LC:NCI-H226	LE:SR	1
core_104	EX_thymd_e	LC:NCI-H226	ME:MALME-3M	LC:NCI-H226	ME:MALME-3M	1
core_104	EX_thymd_e	LC:NCI-H226	RE:786-0	LC:NCI-H226	RE:786-0	1
core_104	EX_thymd_e	LC:NCI-H226	RE:UO-31	LC:NCI-H226	RE:UO-31	1
core_104	EX_thymd_e	LE:RPMI-8226	LE:SR	LE:RPMI-8226	LE:SR	-1
core_104	EX_thymd_e	LE:RPMI-8226	ME:MALME-3M	LE:RPMI-8226	ME:MALME-3M	1
core_104	EX_thymd_e	LE:RPMI-8226	RE:786-0	LE:RPMI-8226	RE:786-0	1
core_104	EX_thymd_e	LE:RPMI-8226	RE:UO-31	LE:RPMI-8226	RE:UO-31	-1
core_104	EX_thymd_e	LE:SR	ME:MALME-3M	LE:SR	ME:MALME-3M	1
core_104	EX_thymd_e	LE:SR	RE:786-0	LE:SR	RE:786-0	1
core_104	EX_thymd_e	LE:SR	RE:UO-31	LE:SR	RE:UO-31	-1
core_104	EX_thymd_e	ME:MALME-3M	RE:UO-31	ME:MALME-3M	RE:UO-31	-1
core_104	EX_thymd_e	RE:786-0	RE:UO-31	RE:786-0	RE:UO-31	-1
core_107	EX_trp__L_e	BR:HS 578T	LE:RPMI-8226	BR:HS 578T	LE:RPMI-8226	1
core_107	EX_trp__L_e	BR:HS 578T	LE:SR	BR:HS 578T	LE:SR	-1
core_107	EX_trp__L_e	BR:MDA-MB-231	LE:RPMI-8226	BR:MDA-MB-231	LE:RPMI-8226	1
core_107	EX_trp__L_e	CO:HT29	LE:RPMI-8226	CO:HT29	LE:RPMI-8226	1
core_107	EX_trp__L_e	CO:HT29	LE:SR	CO:HT29	LE:SR	-1
core_107	EX_trp__L_e	LC:HOP-62	LE:RPMI-8226	LC:HOP-62	LE:RPMI-8226	1
core_107	EX_trp__L_e	LC:HOP-62	LE:SR	LC:HOP-62	LE:SR	-1
core_107	EX_trp__L_e	LC:HOP-92	LE:RPMI-8226	LC:HOP-92	LE:RPMI-8226	1
core_107	EX_trp__L_e	LC:HOP-92	LE:SR	LC:HOP-92	LE:SR	-1
core_107	EX_trp__L_e	LC:NCI-H226	LE:RPMI-8226	LC:NCI-H226	LE:RPMI-8226	1
core_107	EX_trp__L_e	LC:NCI-H226	LE:SR	LC:NCI-H226	LE:SR	-1
core_107	EX_trp__L_e	LE:RPMI-8226	LE:SR	LE:RPMI-8226	LE:SR	-1
core_107	EX_trp__L_e	LE:RPMI-8226	ME:MALME-3M	LE:RPMI-8226	ME:MALME-3M	-1
core_107	EX_trp__L_e	LE:RPMI-8226	RE:786-0	LE:RPMI-8226	RE:786-0	-1
core_107	EX_trp__L_e	LE:RPMI-8226	RE:UO-31	LE:RPMI-8226	RE:UO-31	-1
core_107	EX_trp__L_e	LE:SR	RE:786-0	LE:SR	RE:786-0	1
core_107	EX_trp__L_e	LE:SR	RE:UO-31	LE:SR	RE:UO-31	1
core_107	EX_trp__L_e	ME:MALME-3M	RE:786-0	ME:MALME-3M	RE:786-0	1
core_108	EX_tyr__L_e	BR:HS 578T	BR:MDA-MB-231	BR:HS 578T	BR:MDA-MB-231	-1
core_108	EX_tyr__L_e	BR:HS 578T	LC:HOP-92	BR:HS 578T	LC:HOP-92	1
core_108	EX_tyr__L_e	BR:HS 578T	LE:RPMI-8226	BR:HS 578T	LE:RPMI-8226	1
core_108	EX_tyr__L_e	BR:HS 578T	LE:SR	BR:HS 578T	LE:SR	-1
core_108	EX_tyr__L_e	BR:HS 578T	ME:MALME-3M	BR:HS 578T	ME:MALME-3M	-1
core_108	EX_tyr__L_e	BR:HS 578T	RE:UO-31	BR:HS 578T	RE:UO-31	-1
core_108	EX_tyr__L_e	BR:MDA-MB-231	CO:HT29	BR:MDA-MB-231	CO:HT29	1
core_108	EX_tyr__L_e	BR:MDA-MB-231	LC:HOP-92	BR:MDA-MB-231	LC:HOP-92	1
core_108	EX_tyr__L_e	BR:MDA-MB-231	LE:RPMI-8226	BR:MDA-MB-231	LE:RPMI-8226	1
core_108	EX_tyr__L_e	BR:MDA-MB-231	RE:786-0	BR:MDA-MB-231	RE:786-0	1
core_108	EX_tyr__L_e	CO:HT29	LC:HOP-92	CO:HT29	LC:HOP-92	1
core_108	EX_tyr__L_e	CO:HT29	LE:RPMI-8226	CO:HT29	LE:RPMI-8226	1
core_108	EX_tyr__L_e	CO:HT29	LE:SR	CO:HT29	LE:SR	-1
core_108	EX_tyr__L_e	CO:HT29	ME:MALME-3M	CO:HT29	ME:MALME-3M	-1
core_108	EX_tyr__L_e	CO:HT29	RE:UO-31	CO:HT29	RE:UO-31	-1
core_108	EX_tyr__L_e	LC:HOP-62	LC:HOP-92	LC:HOP-62	LC:HOP-92	1
core_108	EX_tyr__L_e	LC:HOP-62	LE:RPMI-8226	LC:HOP-62	LE:RPMI-8226	1
core_108	EX_tyr__L_e	LC:HOP-62	LE:SR	LC:HOP-62	LE:SR	-1
core_108	EX_tyr__L_e	LC:HOP-92	LC:NCI-H226	LC:HOP-92	LC:NCI-H226	-1
core_108	EX_tyr__L_e	LC:HOP-92	LE:SR	LC:HOP-92	LE:SR	-1
core_108	EX_tyr__L_e	LC:HOP-92	ME:MALME-3M	LC:HOP-92	ME:MALME-3M	-1
core_108	EX_tyr__L_e	LC:HOP-92	RE:786-0	LC:HOP-92	RE:786-0	-1
core_108	EX_tyr__L_e	LC:HOP-92	RE:UO-31	LC:HOP-92	RE:UO-31	-1
core_108	EX_tyr__L_e	LC:NCI-H226	LE:RPMI-8226	LC:NCI-H226	LE:RPMI-8226	1
core_108	EX_tyr__L_e	LC:NCI-H226	LE:SR	LC:NCI-H226	LE:SR	-1
core_108	EX_tyr__L_e	LC:NCI-H226	ME:MALME-3M	LC:NCI-H226	ME:MALME-3M	-1
core_108	EX_tyr__L_e	LE:RPMI-8226	LE:SR	LE:RPMI-8226	LE:SR	-1
core_108	EX_tyr__L_e	LE:RPMI-8226	ME:MALME-3M	LE:RPMI-8226	ME:MALME-3M	-1
core_108	EX_tyr__L_e	LE:RPMI-8226	RE:786-0	LE:RPMI-8226	RE:786-0	-1
core_108	EX_tyr__L_e	LE:RPMI-8226	RE:UO-31	LE:RPMI-8226	RE:UO-31	-1
core_108	EX_tyr__L_e	LE:SR	RE:786-0	LE:SR	RE:786-0	1
core_108	EX_tyr__L_e	LE:SR	RE:UO-31	LE:SR	RE:UO-31	1
core_108	EX_tyr__L_e	ME:MALME-3M	RE:786-0	ME:MALME-3M	RE:786-0	1
core_108	EX_tyr__L_e	RE:786-0	RE:UO-31	RE:786-0	RE:UO-31	-1
core_110	EX_ump_e	BR:HS 578T	BR:MDA-MB-231	BR:HS 578T	BR:MDA-MB-231	1
core_110	EX_ump_e	BR:HS 578T	CO:HT29	BR:HS 578T	CO:HT29	1
core_110	EX_ump_e	BR:HS 578T	LC:HOP-62	BR:HS 578T	LC:HOP-62	-1
core_110	EX_ump_e	BR:HS 578T	LC:HOP-92	BR:HS 578T	LC:HOP-92	1
core_110	EX_ump_e	BR:HS 578T	LC:NCI-H226	BR:HS 578T	LC:NCI-H226	1
core_110	EX_ump_e	BR:HS 578T	LE:RPMI-8226	BR:HS 578T	LE:RPMI-8226	-1
core_110	EX_ump_e	BR:HS 578T	ME:MALME-3M	BR:HS 578T	ME:MALME-3M	-1
core_110	EX_ump_e	BR:HS 578T	RE:786-0	BR:HS 578T	RE:786-0	1
core_110	EX_ump_e	BR:HS 578T	RE:UO-31	BR:HS 578T	RE:UO-31	1
core_110	EX_ump_e	BR:MDA-MB-231	CO:HT29	BR:MDA-MB-231	CO:HT29	1
core_110	EX_ump_e	BR:MDA-MB-231	LC:HOP-62	BR:MDA-MB-231	LC:HOP-62	-1
core_110	EX_ump_e	BR:MDA-MB-231	LC:HOP-92	BR:MDA-MB-231	LC:HOP-92	1
core_110	EX_ump_e	BR:MDA-MB-231	LC:NCI-H226	BR:MDA-MB-231	LC:NCI-H226	1
core_110	EX_ump_e	BR:MDA-MB-231	LE:RPMI-8226	BR:MDA-MB-231	LE:RPMI-8226	-1
core_110	EX_ump_e	BR:MDA-MB-231	ME:MALME-3M	BR:MDA-MB-231	ME:MALME-3M	-1
core_110	EX_ump_e	BR:MDA-MB-231	RE:786-0	BR:MDA-MB-231	RE:786-0	1
core_110	EX_ump_e	BR:MDA-MB-231	RE:UO-31	BR:MDA-MB-231	RE:UO-31	1
core_110	EX_ump_e	CO:HT29	LC:HOP-62	CO:HT29	LC:HOP-62	-1
core_110	EX_ump_e	CO:HT29	LC:HOP-92	CO:HT29	LC:HOP-92	-1
core_110	EX_ump_e	CO:HT29	LE:RPMI-8226	CO:HT29	LE:RPMI-8226	-1
core_110	EX_ump_e	CO:HT29	LE:SR	CO:HT29	LE:SR	-1
core_110	EX_ump_e	CO:HT29	ME:MALME-3M	CO:HT29	ME:MALME-3M	-1
core_110	EX_ump_e	LC:HOP-62	LC:HOP-92	LC:HOP-62	LC:HOP-92	1
core_110	EX_ump_e	LC:HOP-62	LC:NCI-H226	LC:HOP-62	LC:NCI-H226	1
core_110	EX_ump_e	LC:HOP-62	LE:RPMI-8226	LC:HOP-62	LE:RPMI-8226	-1
core_110	EX_ump_e	LC:HOP-62	LE:SR	LC:HOP-62	LE:SR	1
core_110	EX_ump_e	LC:HOP-62	RE:786-0	LC:HOP-62	RE:786-0	1
core_110	EX_ump_e	LC:HOP-62	RE:UO-31	LC:HOP-62	RE:UO-31	1
core_110	EX_ump_e	LC:HOP-92	LC:NCI-H226	LC:HOP-92	LC:NCI-H226	1
core_110	EX_ump_e	LC:HOP-92	LE:RPMI-8226	LC:HOP-92	LE:RPMI-8226	-1
core_110	EX_ump_e	LC:HOP-92	LE:SR	LC:HOP-92	LE:SR	-1
core_110	EX_ump_e	LC:HOP-92	ME:MALME-3M	LC:HOP-92	ME:MALME-3M	-1
core_110	EX_ump_e	LC:HOP-92	RE:786-0	LC:HOP-92	RE:786-0	1
core_110	EX_ump_e	LC:HOP-92	RE:UO-31	LC:HOP-92	RE:UO-31	1
core_110	EX_ump_e	LC:NCI-H226	LE:RPMI-8226	LC:NCI-H226	LE:RPMI-8226	-1
core_110	EX_ump_e	LC:NCI-H226	LE:SR	LC:NCI-H226	LE:SR	-1
core_110	EX_ump_e	LC:NCI-H226	ME:MALME-3M	LC:NCI-H226	ME:MALME-3M	-1
core_110	EX_ump_e	LE:RPMI-8226	LE:SR	LE:RPMI-8226	LE:SR	1
core_110	EX_ump_e	LE:RPMI-8226	ME:MALME-3M	LE:RPMI-8226	ME:MALME-3M	1
core_110	EX_ump_e	LE:RPMI-8226	RE:786-0	LE:RPMI-8226	RE:786-0	1
core_110	EX_ump_e	LE:RPMI-8226	RE:UO-31	LE:RPMI-8226	RE:UO-31	1
core_110	EX_ump_e	LE:SR	ME:MALME-3M	LE:SR	ME:MALME-3M	-1
core_110	EX_ump_e	LE:SR	RE:786-0	LE:SR	RE:786-0	1
core_110	EX_ump_e	LE:SR	RE:UO-31	LE:SR	RE:UO-31	1
core_110	EX_ump_e	ME:MALME-3M	RE:786-0	ME:MALME-3M	RE:786-0	1
core_110	EX_ump_e	ME:MALME-3M	RE:UO-31	ME:MALME-3M	RE:UO-31	1
core_111	EX_ura_e	BR:HS 578T	BR:MDA-MB-231	BR:HS 578T	BR:MDA-MB-231	-1
core_111	EX_ura_e	BR:HS 578T	CO:HT29	BR:HS 578T	CO:HT29	-1
core_111	EX_ura_e	BR:HS 578T	LC:HOP-62	BR:HS 578T	LC:HOP-62	-1
core_111	EX_ura_e	BR:HS 578T	LC:HOP-92	BR:HS 578T	LC:HOP-92	1
core_111	EX_ura_e	BR:HS 578T	LC:NCI-H226	BR:HS 578T	LC:NCI-H226	-1
core_111	EX_ura_e	BR:HS 578T	LE:RPMI-8226	BR:HS 578T	LE:RPMI-8226	-1
core_111	EX_ura_e	BR:HS 578T	LE:SR	BR:HS 578T	LE:SR	-1
core_111	EX_ura_e	BR:HS 578T	ME:MALME-3M	BR:HS 578T	ME:MALME-3M	-1
core_111	EX_ura_e	BR:HS 578T	RE:786-0	BR:HS 578T	RE:786-0	-1
core_111	EX_ura_e	BR:HS 578T	RE:UO-31	BR:HS 578T	RE:UO-31	-1
core_111	EX_ura_e	BR:MDA-MB-231	CO:HT29	BR:MDA-MB-231	CO:HT29	-1
core_111	EX_ura_e	BR:MDA-MB-231	LC:HOP-62	BR:MDA-MB-231	LC:HOP-62	-1
core_111	EX_ura_e	BR:MDA-MB-231	LC:HOP-92	BR:MDA-MB-231	LC:HOP-92	1
core_111	EX_ura_e	BR:MDA-MB-231	LC:NCI-H226	BR:MDA-MB-231	LC:NCI-H226	-1
core_111	EX_ura_e	BR:MDA-MB-231	LE:RPMI-8226	BR:MDA-MB-231	LE:RPMI-8226	-1
core_111	EX_ura_e	BR:MDA-MB-231	LE:SR	BR:MDA-MB-231	LE:SR	-1
core_111	EX_ura_e	BR:MDA-MB-231	ME:MALME-3M	BR:MDA-MB-231	ME:MALME-3M	-1
core_111	EX_ura_e	BR:MDA-MB-231	RE:786-0	BR:MDA-MB-231	RE:786-0	-1
core_111	EX_ura_e	BR:MDA-MB-231	RE:UO-31	BR:MDA-MB-231	RE:UO-31	1
core_111	EX_ura_e	CO:HT29	LC:HOP-62	CO:HT29	LC:HOP-62	1
core_111	EX_ura_e	CO:HT29	LC:HOP-92	CO:HT29	LC:HOP-92	1
core_111	EX_ura_e	CO:HT29	LC:NCI-H226	CO:HT29	LC:NCI-H226	-1
core_111	EX_ura_e	CO:HT29	LE:RPMI-8226	CO:HT29	LE:RPMI-8226	1
core_111	EX_ura_e	CO:HT29	LE:SR	CO:HT29	LE:SR	1
core_111	EX_ura_e	CO:HT29	ME:MALME-3M	CO:HT29	ME:MALME-3M	-1
core_111	EX_ura_e	CO:HT29	RE:786-0	CO:HT29	RE:786-0	1
core_111	EX_ura_e	CO:HT29	RE:UO-31	CO:HT29	RE:UO-31	1
core_111	EX_ura_e	LC:HOP-62	LC:HOP-92	LC:HOP-62	LC:HOP-92	1
core_111	EX_ura_e	LC:HOP-62	LC:NCI-H226	LC:HOP-62	LC:NCI-H226	-1
core_111	EX_ura_e	LC:HOP-62	LE:RPMI-8226	LC:HOP-62	LE:RPMI-8226	-1
core_111	EX_ura_e	LC:HOP-62	LE:SR	LC:HOP-62	LE:SR	-1
core_111	EX_ura_e	LC:HOP-62	ME:MALME-3M	LC:HOP-62	ME:MALME-3M	-1
core_111	EX_ura_e	LC:HOP-62	RE:786-0	LC:HOP-62	RE:786-0	-1
core_111	EX_ura_e	LC:HOP-62	RE:UO-31	LC:HOP-62	RE:UO-31	1
core_111	EX_ura_e	LC:HOP-92	LC:NCI-H226	LC:HOP-92	LC:NCI-H226	-1
core_111	EX_ura_e	LC:HOP-92	LE:RPMI-8226	LC:HOP-92	LE:RPMI-8226	-1
core_111	EX_ura_e	LC:HOP-92	LE:SR	LC:HOP-92	LE:SR	-1
core_111	EX_ura_e	LC:HOP-92	ME:MALME-3M	LC:HOP-92	ME:MALME-3M	-1
core_111	EX_ura_e	LC:HOP-92	RE:786-0	LC:HOP-92	RE:786-0	-1
core_111	EX_ura_e	LC:HOP-92	RE:UO-31	LC:HOP-92	RE:UO-31	-1
core_111	EX_ura_e	LC:NCI-H226	LE:RPMI-8226	LC:NCI-H226	LE:RPMI-8226	1
core_111	EX_ura_e	LC:NCI-H226	LE:SR	LC:NCI-H226	LE:SR	1
core_111	EX_ura_e	LC:NCI-H226	RE:786-0	LC:NCI-H226	RE:786-0	1
core_111	EX_ura_e	LC:NCI-H226	RE:UO-31	LC:NCI-H226	RE:UO-31	1
core_111	EX_ura_e	LE:RPMI-8226	LE:SR	LE:RPMI-8226	LE:SR	1
core_111	EX_ura_e	LE:RPMI-8226	ME:MALME-3M	LE:RPMI-8226	ME:MALME-3M	-1
core_111	EX_ura_e	LE:RPMI-8226	RE:786-0	LE:RPMI-8226	RE:786-0	-1
core_111	EX_ura_e	LE:RPMI-8226	RE:UO-31	LE:RPMI-8226	RE:UO-31	1
core_111	EX_ura_e	LE:SR	ME:MALME-3M	LE:SR	ME:MALME-3M	-1
core_111	EX_ura_e	LE:SR	RE:786-0	LE:SR	RE:786-0	-1
core_111	EX_ura_e	LE:SR	RE:UO-31	LE:SR	RE:UO-31	1
core_111	EX_ura_e	ME:MALME-3M	RE:786-0	ME:MALME-3M	RE:786-0	1
core_111	EX_ura_e	ME:MALME-3M	RE:UO-31	ME:MALME-3M	RE:UO-31	1
core_111	EX_ura_e	RE:786-0	RE:UO-31	RE:786-0	RE:UO-31	1
core_112	EX_urate_e	BR:HS 578T	CO:HT29	BR:HS 578T	CO:HT29	1
core_112	EX_urate_e	BR:HS 578T	LC:HOP-92	BR:HS 578T	LC:HOP-92	-1
core_112	EX_urate_e	BR:HS 578T	LC:NCI-H226	BR:HS 578T	LC:NCI-H226	-1
core_112	EX_urate_e	BR:HS 578T	LE:RPMI-8226	BR:HS 578T	LE:RPMI-8226	-1
core_112	EX_urate_e	BR:HS 578T	LE:SR	BR:HS 578T	LE:SR	-1
core_112	EX_urate_e	BR:HS 578T	ME:MALME-3M	BR:HS 578T	ME:MALME-3M	1
core_112	EX_urate_e	BR:HS 578T	RE:UO-31	BR:HS 578T	RE:UO-31	1
core_112	EX_urate_e	BR:MDA-MB-231	CO:HT29	BR:MDA-MB-231	CO:HT29	1
core_112	EX_urate_e	BR:MDA-MB-231	LC:HOP-62	BR:MDA-MB-231	LC:HOP-62	1
core_112	EX_urate_e	BR:MDA-MB-231	LC:NCI-H226	BR:MDA-MB-231	LC:NCI-H226	-1
core_112	EX_urate_e	BR:MDA-MB-231	LE:RPMI-8226	BR:MDA-MB-231	LE:RPMI-8226	-1
core_112	EX_urate_e	BR:MDA-MB-231	ME:MALME-3M	BR:MDA-MB-231	ME:MALME-3M	1
core_112	EX_urate_e	BR:MDA-MB-231	RE:786-0	BR:MDA-MB-231	RE:786-0	1
core_112	EX_urate_e	BR:MDA-MB-231	RE:UO-31	BR:MDA-MB-231	RE:UO-31	1
core_112	EX_urate_e	CO:HT29	LC:HOP-62	CO:HT29	LC:HOP-62	-1
core_112	EX_urate_e	CO:HT29	LC:HOP-92	CO:HT29	LC:HOP-92	-1
core_112	EX_urate_e	CO:HT29	LC:NCI-H226	CO:HT29	LC:NCI-H226	-1
core_112	EX_urate_e	CO:HT29	LE:RPMI-8226	CO:HT29	LE:RPMI-8226	-1
core_112	EX_urate_e	CO:HT29	LE:SR	CO:HT29	LE:SR	-1
core_112	EX_urate_e	CO:HT29	ME:MALME-3M	CO:HT29	ME:MALME-3M	1
core_112	EX_urate_e	LC:HOP-62	LC:HOP-92	LC:HOP-62	LC:HOP-92	-1
core_112	EX_urate_e	LC:HOP-62	LC:NCI-H226	LC:HOP-62	LC:NCI-H226	-1
core_112	EX_urate_e	LC:HOP-62	LE:RPMI-8226	LC:HOP-62	LE:RPMI-8226	-1
core_112	EX_urate_e	LC:HOP-62	LE:SR	LC:HOP-62	LE:SR	-1
core_112	EX_urate_e	LC:HOP-62	ME:MALME-3M	LC:HOP-62	ME:MALME-3M	1
core_112	EX_urate_e	LC:HOP-92	LC:NCI-H226	LC:HOP-92	LC:NCI-H226	-1
core_112	EX_urate_e	LC:HOP-92	LE:RPMI-8226	LC:HOP-92	LE:RPMI-8226	-1
core_112	EX_urate_e	LC:HOP-92	ME:MALME-3M	LC:HOP-92	ME:MALME-3M	1
core_112	EX_urate_e	LC:HOP-92	RE:786-0	LC:HOP-92	RE:786-0	1
core_112	EX_urate_e	LC:HOP-92	RE:UO-31	LC:HOP-92	RE:UO-31	1
core_112	EX_urate_e	LC:NCI-H226	LE:RPMI-8226	LC:NCI-H226	LE:RPMI-8226	-1
core_112	EX_urate_e	LC:NCI-H226	LE:SR	LC:NCI-H226	LE:SR	1
core_112	EX_urate_e	LC:NCI-H226	ME:MALME-3M	LC:NCI-H226	ME:MALME-3M	1
core_112	EX_urate_e	LC:NCI-H226	RE:786-0	LC:NCI-H226	RE:786-0	1
core_112	EX_urate_e	LC:NCI-H226	RE:UO-31	LC:NCI-H226	RE:UO-31	1
core_112	EX_urate_e	LE:RPMI-8226	LE:SR	LE:RPMI-8226	LE:SR	1
core_112	EX_urate_e	LE:RPMI-8226	ME:MALME-3M	LE:RPMI-8226	ME:MALME-3M	1
core_112	EX_urate_e	LE:RPMI-8226	RE:786-0	LE:RPMI-8226	RE:786-0	1
core_112	EX_urate_e	LE:RPMI-8226	RE:UO-31	LE:RPMI-8226	RE:UO-31	1
core_112	EX_urate_e	LE:SR	ME:MALME-3M	LE:SR	ME:MALME-3M	1
core_112	EX_urate_e	LE:SR	RE:786-0	LE:SR	RE:786-0	1
core_112	EX_urate_e	LE:SR	RE:UO-31	LE:SR	RE:UO-31	1
core_112	EX_urate_e	ME:MALME-3M	RE:786-0	ME:MALME-3M	RE:786-0	-1
core_112	EX_urate_e	ME:MALME-3M	RE:UO-31	ME:MALME-3M	RE:UO-31	-1
core_113	EX_uri_e	BR:HS 578T	BR:MDA-MB-231	BR:HS 578T	BR:MDA-MB-231	-1
core_113	EX_uri_e	BR:HS 578T	CO:HT29	BR:HS 578T	CO:HT29	1
core_113	EX_uri_e	BR:HS 578T	LC:HOP-62	BR:HS 578T	LC:HOP-62	-1
core_113	EX_uri_e	BR:HS 578T	LC:HOP-92	BR:HS 578T	LC:HOP-92	-1
core_113	EX_uri_e	BR:HS 578T	LC:NCI-H226	BR:HS 578T	LC:NCI-H226	-1
core_113	EX_uri_e	BR:HS 578T	LE:RPMI-8226	BR:HS 578T	LE:RPMI-8226	-1
core_113	EX_uri_e	BR:HS 578T	LE:SR	BR:HS 578T	LE:SR	-1
core_113	EX_uri_e	BR:HS 578T	ME:MALME-3M	BR:HS 578T	ME:MALME-3M	-1
core_113	EX_uri_e	BR:HS 578T	RE:786-0	BR:HS 578T	RE:786-0	-1
core_113	EX_uri_e	BR:HS 578T	RE:UO-31	BR:HS 578T	RE:UO-31	-1
core_113	EX_uri_e	BR:MDA-MB-231	CO:HT29	BR:MDA-MB-231	CO:HT29	1
core_113	EX_uri_e	BR:MDA-MB-231	LC:HOP-62	BR:MDA-MB-231	LC:HOP-62	1
core_113	EX_uri_e	BR:MDA-MB-231	LC:HOP-92	BR:MDA-MB-231	LC:HOP-92	1
core_113	EX_uri_e	BR:MDA-MB-231	LC:NCI-H226	BR:MDA-MB-231	LC:NCI-H226	-1
core_113	EX_uri_e	BR:MDA-MB-231	LE:RPMI-8226	BR:MDA-MB-231	LE:RPMI-8226	1
core_113	EX_uri_e	BR:MDA-MB-231	LE:SR	BR:MDA-MB-231	LE:SR	1
core_113	EX_uri_e	BR:MDA-MB-231	ME:MALME-3M	BR:MDA-MB-231	ME:MALME-3M	1
core_113	EX_uri_e	BR:MDA-MB-231	RE:786-0	BR:MDA-MB-231	RE:786-0	1
core_113	EX_uri_e	BR:MDA-MB-231	RE:UO-31	BR:MDA-MB-231	RE:UO-31	-1
core_113	EX_uri_e	CO:HT29	LC:HOP-62	CO:HT29	LC:HOP-62	-1
core_113	EX_uri_e	CO:HT29	LC:HOP-92	CO:HT29	LC:HOP-92	-1
core_113	EX_uri_e	CO:HT29	LC:NCI-H226	CO:HT29	LC:NCI-H226	-1
core_113	EX_uri_e	CO:HT29	LE:RPMI-8226	CO:HT29	LE:RPMI-8226	-1
core_113	EX_uri_e	CO:HT29	LE:SR	CO:HT29	LE:SR	-1
core_113	EX_uri_e	CO:HT29	ME:MALME-3M	CO:HT29	ME:MALME-3M	-1
core_113	EX_uri_e	CO:HT29	RE:786-0	CO:HT29	RE:786-0	-1
core_113	EX_uri_e	CO:HT29	RE:UO-31	CO:HT29	RE:UO-31	-1
core_113	EX_uri_e	LC:HOP-62	LC:NCI-H226	LC:HOP-62	LC:NCI-H226	-1
core_113	EX_uri_e	LC:HOP-62	LE:RPMI-8226	LC:HOP-62	LE:RPMI-8226	1
core_113	EX_uri_e	LC:HOP-62	LE:SR	LC:HOP-62	LE:SR	-1
core_113	EX_uri_e	LC:HOP-62	ME:MALME-3M	LC:HOP-62	ME:MALME-3M	-1
core_113	EX_uri_e	LC:HOP-62	RE:786-0	LC:HOP-62	RE:786-0	1
core_113	EX_uri_e	LC:HOP-62	RE:UO-31	LC:HOP-62	RE:UO-31	-1
core_113	EX_uri_e	LC:HOP-92	LC:NCI-H226	LC:HOP-92	LC:NCI-H226	-1
core_113	EX_uri_e	LC:HOP-92	LE:RPMI-8226	LC:HOP-92	LE:RPMI-8226	1
core_113	EX_uri_e	LC:HOP-92	LE:SR	LC:HOP-92	LE:SR	-1
core_113	EX_uri_e	LC:HOP-92	ME:MALME-3M	LC:HOP-92	ME:MALME-3M	-1
core_113	EX_uri_e	LC:HOP-92	RE:786-0	LC:HOP-92	RE:786-0	1
core_113	EX_uri_e	LC:HOP-92	RE:UO-31	LC:HOP-92	RE:UO-31	-1
core_113	EX_uri_e	LC:NCI-H226	LE:RPMI-8226	LC:NCI-H226	LE:RPMI-8226	1
core_113	EX_uri_e	LC:NCI-H226	LE:SR	LC:NCI-H226	LE:SR	1
core_113	EX_uri_e	LC:NCI-H226	ME:MALME-3M	LC:NCI-H226	ME:MALME-3M	1
core_113	EX_uri_e	LC:NCI-H226	RE:786-0	LC:NCI-H226	RE:786-0	1
core_113	EX_uri_e	LE:RPMI-8226	LE:SR	LE:RPMI-8226	LE:SR	-1
core_113	EX_uri_e	LE:RPMI-8226	ME:MALME-3M	LE:RPMI-8226	ME:MALME-3M	-1
core_113	EX_uri_e	LE:RPMI-8226	RE:UO-31	LE:RPMI-8226	RE:UO-31	-1
core_113	EX_uri_e	LE:SR	ME:MALME-3M	LE:SR	ME:MALME-3M	-1
core_113	EX_uri_e	LE:SR	RE:786-0	LE:SR	RE:786-0	1
core_113	EX_uri_e	LE:SR	RE:UO-31	LE:SR	RE:UO-31	-1
core_113	EX_uri_e	ME:MALME-3M	RE:786-0	ME:MALME-3M	RE:786-0	1
core_113	EX_uri_e	ME:MALME-3M	RE:UO-31	ME:MALME-3M	RE:UO-31	-1
core_113	EX_uri_e	RE:786-0	RE:UO-31	RE:786-0	RE:UO-31	-1
core_114	EX_val__L_e	BR:HS 578T	BR:MDA-MB-231	BR:HS 578T	BR:MDA-MB-231	-1
core_114	EX_val__L_e	BR:HS 578T	CO:HT29	BR:HS 578T	CO:HT29	-1
core_114	EX_val__L_e	BR:HS 578T	LC:HOP-62	BR:HS 578T	LC:HOP-62	-1
core_114	EX_val__L_e	BR:HS 578T	LC:NCI-H226	BR:HS 578T	LC:NCI-H226	-1
core_114	EX_val__L_e	BR:HS 578T	LE:RPMI-8226	BR:HS 578T	LE:RPMI-8226	1
core_114	EX_val__L_e	BR:HS 578T	LE:SR	BR:HS 578T	LE:SR	-1
core_114	EX_val__L_e	BR:HS 578T	ME:MALME-3M	BR:HS 578T	ME:MALME-3M	-1
core_114	EX_val__L_e	BR:HS 578T	RE:786-0	BR:HS 578T	RE:786-0	-1
core_114	EX_val__L_e	BR:HS 578T	RE:UO-31	BR:HS 578T	RE:UO-31	-1
core_114	EX_val__L_e	BR:MDA-MB-231	CO:HT29	BR:MDA-MB-231	CO:HT29	1
core_114	EX_val__L_e	BR:MDA-MB-231	LC:HOP-62	BR:MDA-MB-231	LC:HOP-62	1
core_114	EX_val__L_e	BR:MDA-MB-231	LC:HOP-92	BR:MDA-MB-231	LC:HOP-92	1
core_114	EX_val__L_e	BR:MDA-MB-231	LC:NCI-H226	BR:MDA-MB-231	LC:NCI-H226	1
core_114	EX_val__L_e	BR:MDA-MB-231	LE:RPMI-8226	BR:MDA-MB-231	LE:RPMI-8226	1
core_114	EX_val__L_e	BR:MDA-MB-231	RE:786-0	BR:MDA-MB-231	RE:786-0	1
core_114	EX_val__L_e	CO:HT29	LC:HOP-62	CO:HT29	LC:HOP-62	-1
core_114	EX_val__L_e	CO:HT29	LC:HOP-92	CO:HT29	LC:HOP-92	1
core_114	EX_val__L_e	CO:HT29	LE:RPMI-8226	CO:HT29	LE:RPMI-8226	1
core_114	EX_val__L_e	CO:HT29	LE:SR	CO:HT29	LE:SR	-1
core_114	EX_val__L_e	CO:HT29	ME:MALME-3M	CO:HT29	ME:MALME-3M	-1
core_114	EX_val__L_e	CO:HT29	RE:786-0	CO:HT29	RE:786-0	-1
core_114	EX_val__L_e	CO:HT29	RE:UO-31	CO:HT29	RE:UO-31	-1
core_114	EX_val__L_e	LC:HOP-62	LC:HOP-92	LC:HOP-62	LC:HOP-92	1
core_114	EX_val__L_e	LC:HOP-62	LE:RPMI-8226	LC:HOP-62	LE:RPMI-8226	1
core_114	EX_val__L_e	LC:HOP-62	LE:SR	LC:HOP-62	LE:SR	-1
core_114	EX_val__L_e	LC:HOP-62	ME:MALME-3M	LC:HOP-62	ME:MALME-3M	-1
core_114	EX_val__L_e	LC:HOP-62	RE:UO-31	LC:HOP-62	RE:UO-31	-1
core_114	EX_val__L_e	LC:HOP-92	LC:NCI-H226	LC:HOP-92	LC:NCI-H226	-1
core_114	EX_val__L_e	LC:HOP-92	LE:RPMI-8226	LC:HOP-92	LE:RPMI-8226	1
core_114	EX_val__L_e	LC:HOP-92	LE:SR	LC:HOP-92	LE:SR	-1
core_114	EX_val__L_e	LC:HOP-92	ME:MALME-3M	LC:HOP-92	ME:MALME-3M	-1
core_114	EX_val__L_e	LC:HOP-92	RE:786-0	LC:HOP-92	RE:786-0	-1
core_114	EX_val__L_e	LC:HOP-92	RE:UO-31	LC:HOP-92	RE:UO-31	-1
core_114	EX_val__L_e	LC:NCI-H226	LE:RPMI-8226	LC:NCI-H226	LE:RPMI-8226	1
core_114	EX_val__L_e	LC:NCI-H226	LE:SR	LC:NCI-H226	LE:SR	-1
core_114	EX_val__L_e	LC:NCI-H226	ME:MALME-3M	LC:NCI-H226	ME:MALME-3M	-1
core_114	EX_val__L_e	LC:NCI-H226	RE:UO-31	LC:NCI-H226	RE:UO-31	-1
core_114	EX_val__L_e	LE:RPMI-8226	LE:SR	LE:RPMI-8226	LE:SR	-1
core_114	EX_val__L_e	LE:RPMI-8226	ME:MALME-3M	LE:RPMI-8226	ME:MALME-3M	-1
core_114	EX_val__L_e	LE:RPMI-8226	RE:786-0	LE:RPMI-8226	RE:786-0	-1
core_114	EX_val__L_e	LE:RPMI-8226	RE:UO-31	LE:RPMI-8226	RE:UO-31	-1
core_114	EX_val__L_e	LE:SR	RE:786-0	LE:SR	RE:786-0	1
core_114	EX_val__L_e	ME:MALME-3M	RE:786-0	ME:MALME-3M	RE:786-0	1
core_114	EX_val__L_e	RE:786-0	RE:UO-31	RE:786-0	RE:UO-31	-1
core_115	EX_xan_e	BR:HS 578T	BR:MDA-MB-231	BR:HS 578T	BR:MDA-MB-231	1
core_115	EX_xan_e	BR:HS 578T	CO:HT29	BR:HS 578T	CO:HT29	1
core_115	EX_xan_e	BR:HS 578T	LC:HOP-62	BR:HS 578T	LC:HOP-62	1
core_115	EX_xan_e	BR:HS 578T	LC:HOP-92	BR:HS 578T	LC:HOP-92	1
core_115	EX_xan_e	BR:HS 578T	LC:NCI-H226	BR:HS 578T	LC:NCI-H226	1
core_115	EX_xan_e	BR:HS 578T	LE:RPMI-8226	BR:HS 578T	LE:RPMI-8226	-1
core_115	EX_xan_e	BR:HS 578T	LE:SR	BR:HS 578T	LE:SR	1
core_115	EX_xan_e	BR:HS 578T	ME:MALME-3M	BR:HS 578T	ME:MALME-3M	1
core_115	EX_xan_e	BR:HS 578T	RE:786-0	BR:HS 578T	RE:786-0	1
core_115	EX_xan_e	BR:HS 578T	RE:UO-31	BR:HS 578T	RE:UO-31	1
core_115	EX_xan_e	BR:MDA-MB-231	CO:HT29	BR:MDA-MB-231	CO:HT29	-1
core_115	EX_xan_e	BR:MDA-MB-231	LC:HOP-62	BR:MDA-MB-231	LC:HOP-62	-1
core_115	EX_xan_e	BR:MDA-MB-231	LC:HOP-92	BR:MDA-MB-231	LC:HOP-92	-1
core_115	EX_xan_e	BR:MDA-MB-231	LC:NCI-H226	BR:MDA-MB-231	LC:NCI-H226	-1
core_115	EX_xan_e	BR:MDA-MB-231	LE:RPMI-8226	BR:MDA-MB-231	LE:RPMI-8226	-1
core_115	EX_xan_e	BR:MDA-MB-231	LE:SR	BR:MDA-MB-231	LE:SR	-1
core_115	EX_xan_e	BR:MDA-MB-231	RE:UO-31	BR:MDA-MB-231	RE:UO-31	-1
core_115	EX_xan_e	CO:HT29	LC:HOP-62	CO:HT29	LC:HOP-62	1
core_115	EX_xan_e	CO:HT29	LC:HOP-92	CO:HT29	LC:HOP-92	-1
core_115	EX_xan_e	CO:HT29	LC:NCI-H226	CO:HT29	LC:NCI-H226	-1
core_115	EX_xan_e	CO:HT29	LE:RPMI-8226	CO:HT29	LE:RPMI-8226	-1
core_115	EX_xan_e	CO:HT29	ME:MALME-3M	CO:HT29	ME:MALME-3M	1
core_115	EX_xan_e	CO:HT29	RE:786-0	CO:HT29	RE:786-0	1
core_115	EX_xan_e	CO:HT29	RE:UO-31	CO:HT29	RE:UO-31	1
core_115	EX_xan_e	LC:HOP-62	LC:HOP-92	LC:HOP-62	LC:HOP-92	-1
core_115	EX_xan_e	LC:HOP-62	LC:NCI-H226	LC:HOP-62	LC:NCI-H226	-1
core_115	EX_xan_e	LC:HOP-62	LE:RPMI-8226	LC:HOP-62	LE:RPMI-8226	-1
core_115	EX_xan_e	LC:HOP-62	LE:SR	LC:HOP-62	LE:SR	-1
core_115	EX_xan_e	LC:HOP-62	ME:MALME-3M	LC:HOP-62	ME:MALME-3M	1
core_115	EX_xan_e	LC:HOP-92	LE:RPMI-8226	LC:HOP-92	LE:RPMI-8226	-1
core_115	EX_xan_e	LC:HOP-92	LE:SR	LC:HOP-92	LE:SR	1
core_115	EX_xan_e	LC:HOP-92	ME:MALME-3M	LC:HOP-92	ME:MALME-3M	1
core_115	EX_xan_e	LC:HOP-92	RE:786-0	LC:HOP-92	RE:786-0	1
core_115	EX_xan_e	LC:HOP-92	RE:UO-31	LC:HOP-92	RE:UO-31	1
core_115	EX_xan_e	LC:NCI-H226	LE:RPMI-8226	LC:NCI-H226	LE:RPMI-8226	-1
core_115	EX_xan_e	LC:NCI-H226	LE:SR	LC:NCI-H226	LE:SR	1
core_115	EX_xan_e	LC:NCI-H226	ME:MALME-3M	LC:NCI-H226	ME:MALME-3M	1
core_115	EX_xan_e	LC:NCI-H226	RE:786-0	LC:NCI-H226	RE:786-0	1
core_115	EX_xan_e	LC:NCI-H226	RE:UO-31	LC:NCI-H226	RE:UO-31	1
core_115	EX_xan_e	LE:RPMI-8226	LE:SR	LE:RPMI-8226	LE:SR	1
core_115	EX_xan_e	LE:RPMI-8226	ME:MALME-3M	LE:RPMI-8226	ME:MALME-3M	1
core_115	EX_xan_e	LE:RPMI-8226	RE:786-0	LE:RPMI-8226	RE:786-0	1
core_115	EX_xan_e	LE:RPMI-8226	RE:UO-31	LE:RPMI-8226	RE:UO-31	1
core_115	EX_xan_e	LE:SR	ME:MALME-3M	LE:SR	ME:MALME-3M	1
core_115	EX_xan_e	LE:SR	RE:786-0	LE:SR	RE:786-0	1
core_115	EX_xan_e	LE:SR	RE:UO-31	LE:SR	RE:UO-31	1
core_115	EX_xan_e	ME:MALME-3M	RE:UO-31	ME:MALME-3M	RE:UO-31	-1
core_116	EX_xmp_e	BR:HS 578T	LC:NCI-H226	BR:HS 578T	LC:NCI-H226	-1
core_116	EX_xmp_e	BR:HS 578T	LE:RPMI-8226	BR:HS 578T	LE:RPMI-8226	-1
core_116	EX_xmp_e	BR:MDA-MB-231	LE:RPMI-8226	BR:MDA-MB-231	LE:RPMI-8226	-1
core_116	EX_xmp_e	CO:HT29	LC:NCI-H226	CO:HT29	LC:NCI-H226	-1
core_116	EX_xmp_e	CO:HT29	LE:RPMI-8226	CO:HT29	LE:RPMI-8226	-1
core_116	EX_xmp_e	LC:HOP-62	LE:RPMI-8226	LC:HOP-62	LE:RPMI-8226	-1
core_116	EX_xmp_e	LC:HOP-92	LC:NCI-H226	LC:HOP-92	LC:NCI-H226	-1
core_116	EX_xmp_e	LC:HOP-92	LE:RPMI-8226	LC:HOP-92	LE:RPMI-8226	-1
core_116	EX_xmp_e	LC:HOP-92	LE:SR	LC:HOP-92	LE:SR	-1
core_116	EX_xmp_e	LC:NCI-H226	LE:RPMI-8226	LC:NCI-H226	LE:RPMI-8226	-1
core_116	EX_xmp_e	LE:RPMI-8226	LE:SR	LE:RPMI-8226	LE:SR	1
core_116	EX_xmp_e	LE:RPMI-8226	ME:MALME-3M	LE:RPMI-8226	ME:MALME-3M	1
core_116	EX_xmp_e	LE:RPMI-8226	RE:786-0	LE:RPMI-8226	RE:786-0	1
core_116	EX_xmp_e	LE:RPMI-8226	RE:UO-31	LE:RPMI-8226	RE:UO-31	1
core_117	EX_xtsn_e	BR:HS 578T	BR:MDA-MB-231	BR:HS 578T	BR:MDA-MB-231	1
core_117	EX_xtsn_e	BR:HS 578T	CO:HT29	BR:HS 578T	CO:HT29	1
core_117	EX_xtsn_e	BR:HS 578T	LC:HOP-62	BR:HS 578T	LC:HOP-62	1
core_117	EX_xtsn_e	BR:HS 578T	LC:HOP-92	BR:HS 578T	LC:HOP-92	1
core_117	EX_xtsn_e	BR:HS 578T	LC:NCI-H226	BR:HS 578T	LC:NCI-H226	1
core_117	EX_xtsn_e	BR:HS 578T	LE:RPMI-8226	BR:HS 578T	LE:RPMI-8226	1
core_117	EX_xtsn_e	BR:HS 578T	LE:SR	BR:HS 578T	LE:SR	1
core_117	EX_xtsn_e	BR:HS 578T	ME:MALME-3M	BR:HS 578T	ME:MALME-3M	1
core_117	EX_xtsn_e	BR:HS 578T	RE:786-0	BR:HS 578T	RE:786-0	1
core_117	EX_xtsn_e	BR:HS 578T	RE:UO-31	BR:HS 578T	RE:UO-31	1
core_117	EX_xtsn_e	BR:MDA-MB-231	CO:HT29	BR:MDA-MB-231	CO:HT29	1
core_117	EX_xtsn_e	BR:MDA-MB-231	LC:HOP-62	BR:MDA-MB-231	LC:HOP-62	1
core_117	EX_xtsn_e	BR:MDA-MB-231	LC:HOP-92	BR:MDA-MB-231	LC:HOP-92	-1
core_117	EX_xtsn_e	BR:MDA-MB-231	RE:786-0	BR:MDA-MB-231	RE:786-0	1
core_117	EX_xtsn_e	BR:MDA-MB-231	RE:UO-31	BR:MDA-MB-231	RE:UO-31	1
core_117	EX_xtsn_e	CO:HT29	LC:HOP-92	CO:HT29	LC:HOP-92	-1
core_117	EX_xtsn_e	CO:HT29	LE:RPMI-8226	CO:HT29	LE:RPMI-8226	-1
core_117	EX_xtsn_e	CO:HT29	LE:SR	CO:HT29	LE:SR	-1
core_117	EX_xtsn_e	LC:HOP-62	LC:HOP-92	LC:HOP-62	LC:HOP-92	-1
core_117	EX_xtsn_e	LC:HOP-62	LC:NCI-H226	LC:HOP-62	LC:NCI-H226	-1
core_117	EX_xtsn_e	LC:HOP-62	LE:RPMI-8226	LC:HOP-62	LE:RPMI-8226	-1
core_117	EX_xtsn_e	LC:HOP-62	LE:SR	LC:HOP-62	LE:SR	-1
core_117	EX_xtsn_e	LC:HOP-62	ME:MALME-3M	LC:HOP-62	ME:MALME-3M	-1
core_117	EX_xtsn_e	LC:HOP-92	LC:NCI-H226	LC:HOP-92	LC:NCI-H226	1
core_117	EX_xtsn_e	LC:HOP-92	LE:RPMI-8226	LC:HOP-92	LE:RPMI-8226	1
core_117	EX_xtsn_e	LC:HOP-92	LE:SR	LC:HOP-92	LE:SR	1
core_117	EX_xtsn_e	LC:HOP-92	ME:MALME-3M	LC:HOP-92	ME:MALME-3M	1
core_117	EX_xtsn_e	LC:HOP-92	RE:786-0	LC:HOP-92	RE:786-0	1
core_117	EX_xtsn_e	LC:HOP-92	RE:UO-31	LC:HOP-92	RE:UO-31	1
core_117	EX_xtsn_e	LC:NCI-H226	LE:RPMI-8226	LC:NCI-H226	LE:RPMI-8226	-1
core_117	EX_xtsn_e	LC:NCI-H226	LE:SR	LC:NCI-H226	LE:SR	-1
core_117	EX_xtsn_e	LE:RPMI-8226	ME:MALME-3M	LE:RPMI-8226	ME:MALME-3M	1
core_117	EX_xtsn_e	LE:RPMI-8226	RE:786-0	LE:RPMI-8226	RE:786-0	1
core_117	EX_xtsn_e	LE:RPMI-8226	RE:UO-31	LE:RPMI-8226	RE:UO-31	1
core_117	EX_xtsn_e	LE:SR	ME:MALME-3M	LE:SR	ME:MALME-3M	1
core_117	EX_xtsn_e	LE:SR	RE:786-0	LE:SR	RE:786-0	1
core_117	EX_xtsn_e	LE:SR	RE:UO-31	LE:SR	RE:UO-31	1
