context_id	task_label	arm	exchange_id	point	range_lo	range_hi	task_flux
S01	mu_0.5%_BAY	uniform_pfba	EX_glc__D_e	-0.006027018196770474	-0.006027046108744551	-0.006026997262797702	0.017940953683000735
S01	mu_0.5%_BAY	uniform_pfba	EX_lac__L_e	0.0	0.0	0.10514509573101155	0.017940953683000735
S01	mu_0.5%_DMSO	magnitude_g1.00	EX_glc__D_e	-0.27078641688684296	-0.2707864261421137	-0.27078641133178205	0.01983084473213053
S01	mu_0.5%_DMSO	magnitude_g1.00	EX_lac__L_e	0.5176119221342086	0.5176119221342725	0.5176119574495802	0.01983084473213053
S01	mu_0.5%_BAY	magnitude_g0.80	EX_glc__D_e	-0.24498060400870383	-0.24498062642808188	-0.2449806029193418	0.017940953683000735
S01	mu_0.5%_BAY	magnitude_g0.80	EX_lac__L_e	0.4682833719164256	0.4682833719164822	0.4682834464669962	0.017940953683000735
S01	mu_0.5%_BAY	magnitude_g2.00	EX_glc__D_e	-0.2435749718495346	-0.24357497252533603	-0.24357497169849324	0.017940953683000735
S01	mu_0.5%_BAY	magnitude_g2.00	EX_lac__L_e	0.46610800284548304	0.46610800284547893	0.4661080051405185	0.017940953683000735
S01	mu_0.5%_DMSO	magnitude_g1.25	EX_glc__D_e	-0.2702436558961281	-0.27024366031176816	-0.2702436543377186	0.01983084473213053
S01	mu_0.5%_DMSO	magnitude_g1.25	EX_lac__L_e	0.5172288169760575	0.5172288169760931	0.5172288286281559	0.01983084473213053
S01	mu_21%_BAY	magnitude_g1.25	EX_glc__D_e	-0.29909848737211897	-0.29909849182103226	-0.2990984858019757	0.021948251260647308
S01	mu_21%_BAY	magnitude_g1.25	EX_lac__L_e	0.5724550923286646	0.5724550923285889	0.5724551040684422	0.021948251260647308
S01	mu_0.5%_DMSO	magnitude_g0.80	EX_glc__D_e	-0.2707867615105616	-0.27078678408183	-0.2707867604138212	0.01983084473213053
S01	mu_0.5%_DMSO	magnitude_g0.80	EX_lac__L_e	0.5176121301158034	0.5176121301158964	0.5176122051715363	0.01983084473213053
S01	mu_0.5%_BAY	ordinal	EX_glc__D_e	-0.24602807406439792	-0.24602807743148766	-0.24602807071395366	0.017940953683000735
S01	mu_0.5%_BAY	ordinal	EX_lac__L_e	0.47037806430955076	0.4703780643095804	0.4703780881407812	0.017940953683000735
S01	mu_0.5%_BAY	magnitude_g1.00	EX_glc__D_e	-0.24498025970566986	-0.24498026889864005	-0.24498025418804184	0.017940953683000735
S01	mu_0.5%_BAY	magnitude_g1.00	EX_lac__L_e	0.4682831639236323	0.4682831639238358	0.4682831990014039	0.017940953683000735
S01	mu_21%_BAY	magnitude_g2.00	EX_glc__D_e	-0.2979799612541664	-0.29797996197431603	-0.29797996110095837	0.021948251260647308
S01	mu_21%_BAY	magnitude_g2.00	EX_lac__L_e	0.5702180467206956	0.5702180467207035	0.5702180490485357	0.021948251260647308
S01	mu_21%_BAY	ordinal	EX_glc__D_e	-0.3009810404790056	-0.3009810438946427	-0.300981037080252	0.021948251260647308
S01	mu_21%_BAY	ordinal	EX_lac__L_e	0.5754419765515166	0.5754419765515242	0.5754419987510371	0.021948251260647308
S01	mu_21%_BAY	magnitude_g0.80	EX_glc__D_e	-0.2996996061930844	-0.29969962893457985	-0.2996996050880554	0.021948251260647308
S01	mu_21%_BAY	magnitude_g0.80	EX_lac__L_e	0.5728793555483032	0.5728793555482116	0.5728794311699525	0.021948251260647308
S01	mu_0.5%_DMSO	magnitude_g0.50	EX_glc__D_e	-0.2719441680272412	-0.27194480653760816	-0.2719441678233469	0.01983084473213053
S01	mu_0.5%_DMSO	magnitude_g0.50	EX_lac__L_e	0.5199267115736036	0.5199267115736177	0.519927986936317	0.01983084473213053
S01	mu_0.5%_DMSO	uniform_pfba	EX_glc__D_e	-0.006661901266214585	-0.00666192930937618	-0.006661880233849028	0.01983084473213053
S01	mu_0.5%_DMSO	uniform_pfba	EX_lac__L_e	0.0	0.0	0.11622101852207631	0.01983084473213053
S01	mu_0.5%_DMSO	magnitude_g2.00	EX_glc__D_e	-0.26923303704473256	-0.26923303772510027	-0.26923303678741595	0.01983084473213053
S01	mu_0.5%_DMSO	magnitude_g2.00	EX_lac__L_e	0.5152075858517022	0.5152075858516875	0.5152075881621919	0.01983084473213053
S01	mu_21%_BAY	magnitude_g1.00	EX_glc__D_e	-0.2996992612100259	-0.2996992705351385	-0.2996992556130391	0.021948251260647308
S01	mu_21%_BAY	magnitude_g1.00	EX_lac__L_e	0.5728791475788879	0.5728791475789362	0.5728791831607617	0.021948251260647308
S01	mu_21%_BAY	magnitude_g0.50	EX_glc__D_e	-0.3009806361682722	-0.3009812751797044	-0.3009806359495928	0.021948251260647308
S01	mu_21%_BAY	magnitude_g0.50	EX_lac__L_e	0.5754411840216704	0.5754411840215612	0.575442460476008	0.021948251260647308
S01	mu_0.5%_BAY	magnitude_g1.25	EX_glc__D_e	-0.24448927807772614	-0.2444892824636633	-0.24448927652977162	0.017940953683000735
S01	mu_0.5%_BAY	magnitude_g1.25	EX_lac__L_e	0.46793660876782767	0.467936608767689	0.4679366203414302	0.017940953683000735
S01	mu_0.5%_BAY	magnitude_g0.50	EX_glc__D_e	-0.24602767041600182	-0.24602830847933094	-0.24602767022532446	0.017940953683000735
S01	mu_0.5%_BAY	magnitude_g0.50	EX_lac__L_e	0.47037727306734384	0.4703772730673764	0.4703785474561321	0.017940953683000735
S01	mu_0.5%_DMSO	ordinal	EX_glc__D_e	-0.27194457198794253	-0.27194457537793104	-0.2719445686147165	0.01983084473213053
S01	mu_0.5%_DMSO	ordinal	EX_lac__L_e	0.51992750342288	0.5199275034228726	0.5199275254557064	0.01983084473213053
S01	mu_21%_BAY	uniform_pfba	EX_glc__D_e	-0.007373215051580527	-0.007373243241693157	-0.007373193909004272	0.021948251260647308
S01	mu_21%_BAY	uniform_pfba	EX_lac__L_e	0.0	0.0	0.12863032181915476	0.021948251260647308
S01	mu_21%_DMSO	magnitude_g1.00	EX_glc__D_e	-0.37103189011344967	-0.37103189961071925	-0.37103188441312346	0.027172233116188327
S01	mu_21%_DMSO	magnitude_g1.00	EX_lac__L_e	0.7092322659063405	0.7092322659061685	0.7092323021451186	0.027172233116188327
S01	mu_21%_DMSO	magnitude_g0.80	EX_glc__D_e	-0.3710322359830433	-0.3710322591445869	-0.37103223485761233	0.027172233116188327
S01	mu_21%_DMSO	magnitude_g0.80	EX_lac__L_e	0.7092324738445259	0.7092324738446538	0.7092325508631208	0.027172233116188327
S01	mu_21%_DMSO	magnitude_g0.50	EX_glc__D_e	-0.3726182648782659	-0.37261890512575374	-0.37261826462308817	0.027172233116188327
S01	mu_21%_DMSO	magnitude_g0.50	EX_lac__L_e	0.7124043004015296	0.7124043004015619	0.7124055795490568	0.027172233116188327
S01	mu_21%_DMSO	magnitude_g1.25	EX_glc__D_e	-0.3702879892675333	-0.3702879937984956	-0.370287987668385	0.027172233116188327
S01	mu_21%_DMSO	magnitude_g1.25	EX_lac__L_e	0.7087071802035976	0.7087071802035929	0.7087071921600306	0.027172233116188327
S02	mu_0.5%_BAY	magnitude_g0.50	EX_glc__D_e	-0.24628886518833068	-0.24628887098083227	-0.2462888651883294	0.017940953683000735
S02	mu_0.5%_BAY	magnitude_g0.50	EX_lac__L_e	0.4664847900804503	0.46648479008045696	0.46648480792813307	0.017940953683000735
S02	mu_0.5%_BAY	magnitude_g0.80	EX_glc__D_e	-0.2464619718408691	-0.24646197701796763	-0.24646197184086527	0.017940953683000735
S02	mu_0.5%_BAY	magnitude_g0.80	EX_lac__L_e	0.4691224154115706	0.46912241541170696	0.4691224293149836	0.017940953683000735
S01	mu_21%_DMSO	magnitude_g2.00	EX_glc__D_e	-0.36890323859850055	-0.36890323929653973	-0.3689032384424858	0.027172233116188327
S01	mu_21%_DMSO	magnitude_g2.00	EX_lac__L_e	0.7059376856158912	0.705937685615868	0.7059376879864269	0.027172233116188327
S01	mu_21%_DMSO	ordinal	EX_glc__D_e	-0.3726186700524877	-0.37261867353141903	-0.3726186665907624	0.027172233116188327
S01	mu_21%_DMSO	ordinal	EX_lac__L_e	0.7124050946103772	0.7124050946104049	0.7124051172212573	0.027172233116188327
S02	mu_0.5%_BAY	magnitude_g2.00	EX_glc__D_e	-0.24498063072913592	-0.24498064455802318	-0.24498062593185546	0.017940953683000735
S02	mu_0.5%_BAY	magnitude_g2.00	EX_lac__L_e	0.46828318235789684	0.4682831823579125	0.46828322282021073	0.017940953683000735
S02	mu_0.5%_DMSO	magnitude_g1.00	EX_glc__D_e	-0.271681350715232	-0.2716813536641093	-0.27168134740353417	0.01983084473213053
S02	mu_0.5%_DMSO	magnitude_g1.00	EX_lac__L_e	0.5177510631352511	0.5177510631352412	0.5177510904127868	0.01983084473213053
S02	mu_0.5%_BAY	magnitude_g1.00	EX_glc__D_e	-0.2457899305194274	-0.24578993344838576	-0.24578992723009457	0.017940953683000735
S02	mu_0.5%_BAY	magnitude_g1.00	EX_lac__L_e	0.4684090253923741	0.4684090253923886	0.4684090524856431	0.017940953683000735
S01	mu_21%_DMSO	uniform_pfba	EX_glc__D_e	-0.009128140361530812	-0.009128168914266545	-0.009128118946977782	0.027172233116188327
S01	mu_21%_DMSO	uniform_pfba	EX_lac__L_e	0.0	0.0	0.15924606536724745	0.027172233116188327
S02	mu_0.5%_BAY	magnitude_g1.25	EX_glc__D_e	-0.24578936524740647	-0.24578937076176424	-0.2457893652474322	0.017940953683000735
S02	mu_0.5%_BAY	magnitude_g1.25	EX_lac__L_e	0.46840791047105307	0.4684079104711399	0.4684079247143275	0.017940953683000735
S02	mu_0.5%_BAY	uniform_pfba	EX_glc__D_e	-0.006027018196770474	-0.006027046108744551	-0.006026997262797702	0.017940953683000735
S02	mu_0.5%_BAY	uniform_pfba	EX_lac__L_e	0.0	0.0	0.10514509573101155	0.017940953683000735
S02	mu_0.5%_BAY	ordinal	EX_glc__D_e	-0.2504396793364658	-0.25043968488290574	-0.25043967933645744	0.017940953683000735
S02	mu_0.5%_BAY	ordinal	EX_lac__L_e	0.4747864183767205	0.4747864183767116	0.47478644077032134	0.017940953683000735
S02	mu_0.5%_DMSO	magnitude_g0.50	EX_glc__D_e	-0.2722328486811377	-0.2722328545131522	-0.2722328486811315	0.01983084473213053
S02	mu_0.5%_DMSO	magnitude_g0.50	EX_lac__L_e	0.5156241398418854	0.5156241398418814	0.5156241578113191	0.01983084473213053
S02	mu_0.5%_DMSO	magnitude_g0.80	EX_glc__D_e	-0.27242431348995744	-0.2724243187022435	-0.2724243134899055	0.01983084473213053
S02	mu_0.5%_DMSO	magnitude_g0.80	EX_lac__L_e	0.5185398576774033	0.5185398576774498	0.5185398716753388	0.01983084473213053
S02	mu_0.5%_DMSO	magnitude_g1.25	EX_glc__D_e	-0.27168078501252946	-0.27168079056441286	-0.271680785012582	0.01983084473213053
S02	mu_0.5%_DMSO	magnitude_g1.25	EX_lac__L_e	0.517749947458823	0.5177499474588572	0.517749961799028	0.01983084473213053
S02	mu_0.5%_DMSO	magnitude_g2.00	EX_glc__D_e	-0.2707867882529312	-0.2707868021753884	-0.27078678342316537	0.01983084473213053
S02	mu_0.5%_DMSO	magnitude_g2.00	EX_lac__L_e	0.5176119407042441	0.5176119407042566	0.517611981440415	0.01983084473213053
S02	mu_0.5%_DMSO	uniform_pfba	EX_glc__D_e	-0.006661901266214585	-0.00666192930937618	-0.006661880233849028	0.01983084473213053
S02	mu_0.5%_DMSO	uniform_pfba	EX_lac__L_e	0.0	0.0	0.11622101852207631	0.01983084473213053
S02	mu_0.5%_DMSO	ordinal	EX_glc__D_e	-0.27682093051322676	-0.2768209360979723	-0.2768209305132038	0.01983084473213053
S02	mu_0.5%_DMSO	ordinal	EX_lac__L_e	0.5248003035060633	0.5248003035060562	0.524800326054365	0.01983084473213053
S02	mu_21%_BAY	magnitude_g0.50	EX_glc__D_e	-0.3013001116054679	-0.3013001174817456	-0.3013001116054679	0.021948251260647308
S02	mu_21%_BAY	magnitude_g0.50	EX_lac__L_e	0.5706791548068108	0.5706791548068176	0.570679172912606	0.021948251260647308
S02	mu_21%_BAY	magnitude_g1.25	EX_glc__D_e	-0.3006891562987074	-0.3006891618925455	-0.30068915629866394	0.021948251260647308
S02	mu_21%_BAY	magnitude_g1.25	EX_lac__L_e	0.5730320502535916	0.5730320502535919	0.5730320647021895	0.021948251260647308
S02	mu_21%_BAY	magnitude_g0.80	EX_glc__D_e	-0.30151214462640136	-0.3015121498782501	-0.30151214462635906	0.021948251260647308
S02	mu_21%_BAY	magnitude_g0.80	EX_lac__L_e	0.5739064434519956	0.5739064434520463	0.5739064575561545	0.021948251260647308
S02	mu_21%_BAY	magnitude_g1.00	EX_glc__D_e	-0.300689722483756	-0.3006897254549364	-0.30068971914700354	0.021948251260647308
S02	mu_21%_BAY	magnitude_g1.00	EX_lac__L_e	0.5730331667757846	0.5730331667757202	0.5730331942595751	0.021948251260647308
S02	mu_21%_DMSO	magnitude_g0.80	EX_glc__D_e	-0.37327649409234864	-0.37327649944161007	-0.37327649409239216	0.027172233116188327
S02	mu_21%_DMSO	magnitude_g0.80	EX_lac__L_e	0.7105046996652672	0.7105046996652113	0.7105047140310874	0.027172233116188327
S02	mu_21%_BAY	magnitude_g2.00	EX_glc__D_e	-0.2996996329600129	-0.2996996469873379	-0.2996996280938675	0.021948251260647308
S02	mu_21%_BAY	magnitude_g2.00	EX_lac__L_e	0.572879166301317	0.5728791663013231	0.5728792073442416	0.021948251260647308
S02	mu_21%_BAY	ordinal	EX_glc__D_e	-0.3063781018104366	-0.3063781074381123	-0.306378101810425	0.021948251260647308
S02	mu_21%_BAY	ordinal	EX_lac__L_e	0.5808351352167481	0.5808351352167668	0.5808351579384398	0.021948251260647308
S02	mu_21%_DMSO	magnitude_g1.00	EX_glc__D_e	-0.3722580329317936	-0.37225803595802337	-0.37225802953319986	0.027172233116188327
S02	mu_21%_DMSO	magnitude_g1.00	EX_lac__L_e	0.7094229920004252	0.7094229920002889	0.7094230199934245	0.027172233116188327
S02	mu_21%_DMSO	magnitude_g1.25	EX_glc__D_e	-0.37225746555656475	-0.37225747125402403	-0.37225746555649913	0.027172233116188327
S02	mu_21%_DMSO	magnitude_g1.25	EX_lac__L_e	0.7094218733914882	0.7094218733914979	0.709421888107761	0.027172233116188327
S02	mu_21%_BAY	uniform_pfba	EX_glc__D_e	-0.007373215051580527	-0.007373243241693157	-0.007373193909004272	0.021948251260647308
S02	mu_21%_BAY	uniform_pfba	EX_lac__L_e	0.0	0.0	0.12863032181915476	0.021948251260647308
S02	mu_21%_DMSO	magnitude_g0.50	EX_glc__D_e	-0.37301371598986727	-0.37301372197536276	-0.37301371598985394	0.027172233116188327
S02	mu_21%_DMSO	magnitude_g0.50	EX_lac__L_e	0.7065087158098556	0.7065087158098506	0.7065087342522095	0.027172233116188327
S02	mu_21%_DMSO	ordinal	EX_glc__D_e	-0.3793003888054367	-0.3793003945390495	-0.37930038880544303	0.027172233116188327
S02	mu_21%_DMSO	ordinal	EX_lac__L_e	0.719082061440996	0.7190820614410035	0.7190820845903277	0.027172233116188327
S03	mu_0.5%_BAY	magnitude_g1.00	EX_glc__D_e	-0.2460282918048348	-0.24602830843743512	-0.24602829180480368	0.017940953683000735
S03	mu_0.5%_BAY	magnitude_g1.00	EX_lac__L_e	0.4703785173138638	0.47037851731380853	0.4703785488742755	0.017940953683000735
S03	mu_0.5%_BAY	magnitude_g0.50	EX_glc__D_e	-0.24663249657274486	-0.24663249768213824	-0.24663249650268348	0.017940953683000735
S03	mu_0.5%_BAY	magnitude_g0.50	EX_lac__L_e	0.4711533134270134	0.47115331342700834	0.4711533171490977	0.017940953683000735
S02	mu_21%_DMSO	magnitude_g2.00	EX_glc__D_e	-0.3710322628106204	-0.37103227709667647	-0.37103225785473043	0.027172233116188327
S02	mu_21%_DMSO	magnitude_g2.00	EX_lac__L_e	0.7092322850042677	0.7092322850042185	0.7092323268042385	0.027172233116188327
S02	mu_21%_DMSO	uniform_pfba	EX_glc__D_e	-0.009128140361530812	-0.009128168914266545	-0.009128118946977782	0.027172233116188327
S02	mu_21%_DMSO	uniform_pfba	EX_lac__L_e	0.0	0.0	0.15924606536724745	0.027172233116188327
S03	mu_0.5%_BAY	magnitude_g0.80	EX_glc__D_e	-0.24663206184118708	-0.24663206593506462	-0.24663179559485435	0.017940953683000735
S03	mu_0.5%_BAY	magnitude_g0.80	EX_lac__L_e	0.47115243218667474	0.4711524321866733	0.4711528262744666	0.017940953683000735
S03	mu_0.5%_BAY	magnitude_g1.25	EX_glc__D_e	-0.24601581859119184	-0.2460158234332878	-0.24601581859091587	0.017940953683000735
S03	mu_0.5%_BAY	magnitude_g1.25	EX_lac__L_e	0.47035357088657814	0.4703535708860636	0.47035358057074916	0.017940953683000735
S03	mu_0.5%_BAY	magnitude_g2.00	EX_glc__D_e	-0.2449808303744137	-0.24498083192210368	-0.24498082944904007	0.017940953683000735
S03	mu_0.5%_BAY	magnitude_g2.00	EX_lac__L_e	0.4682835944530214	0.46828359443721634	0.46828359767363936	0.017940953683000735
S03	mu_0.5%_BAY	ordinal	EX_glc__D_e	-0.24716260232002138	-0.24716260779788116	-0.24716260232002155	0.017940953683000735
S03	mu_0.5%_BAY	ordinal	EX_lac__L_e	0.4722135264248317	0.47221352642484005	0.4722135375082958	0.017940953683000735
S03	mu_0.5%_DMSO	magnitude_g0.50	EX_glc__D_e	-0.27261263989170403	-0.27261264100865645	-0.27261263980451633	0.01983084473213053
S03	mu_0.5%_DMSO	magnitude_g0.50	EX_lac__L_e	0.5207843669783532	0.5207843669783587	0.5207843707256972	0.01983084473213053
S03	mu_0.5%_BAY	uniform_pfba	EX_glc__D_e	-0.006027018196770474	-0.006027046108744551	-0.006026997262797702	0.017940953683000735
S03	mu_0.5%_BAY	uniform_pfba	EX_lac__L_e	0.0	0.0	0.10514509573101155	0.017940953683000735
S03	mu_0.5%_DMSO	magnitude_g1.25	EX_glc__D_e	-0.2719323078355314	-0.27193231271131213	-0.27193230783552397	0.01983084473213053
S03	mu_0.5%_DMSO	magnitude_g1.25	EX_lac__L_e	0.5199029927606669	0.519902992761535	0.519903002512272	0.01983084473213053
S03	mu_0.5%_DMSO	magnitude_g0.80	EX_glc__D_e	-0.27261220493051164	-0.2726122090522608	-0.27261193850931403	0.01983084473213053
S03	mu_0.5%_DMSO	magnitude_g0.80	EX_lac__L_e	0.5207834851985574	0.520783485198615	0.5207838796078685	0.01983084473213053
S03	mu_0.5%_DMSO	uniform_pfba	EX_glc__D_e	-0.006661901266214585	-0.00666192930937618	-0.006661880233849028	0.01983084473213053
S03	mu_0.5%_DMSO	uniform_pfba	EX_lac__L_e	0.0	0.0	0.11622101852207631	0.01983084473213053
S03	mu_21%_BAY	magnitude_g0.50	EX_glc__D_e	-0.30172041576094605	-0.30172041688636014	-0.30172041568987107	0.021948251260647308
S03	mu_21%_BAY	magnitude_g0.50	EX_lac__L_e	0.5763902797398596	0.5763902797398629	0.5763902835156158	0.021948251260647308
S03	mu_0.5%_DMSO	magnitude_g1.00	EX_glc__D_e	-0.27194478974974035	-0.27194480649544456	-0.2719447897497362	0.01983084473213053
S03	mu_0.5%_DMSO	magnitude_g1.00	EX_lac__L_e	0.519927956589084	0.5199279565890947	0.5199279883641281	0.01983084473213053
S03	mu_21%_BAY	magnitude_g1.00	EX_glc__D_e	-0.30098125826476774	-0.3009812751371667	-0.300981258264753	0.021948251260647308
S03	mu_21%_BAY	magnitude_g1.00	EX_lac__L_e	0.5754424298991269	0.5754424298991029	0.5754424619145792	0.021948251260647308
S03	mu_0.5%_DMSO	magnitude_g2.00	EX_glc__D_e	-0.2707869880582199	-0.2707869896163824	-0.27078698712659094	0.01983084473213053
S03	mu_0.5%_DMSO	magnitude_g2.00	EX_lac__L_e	0.5176123532060429	0.5176123522542295	0.5176123563223729	0.01983084473213053
S03	mu_0.5%_DMSO	ordinal	EX_glc__D_e	-0.27319862224478714	-0.27319862776006104	-0.27319862224478964	0.01983084473213053
S03	mu_0.5%_DMSO	ordinal	EX_lac__L_e	0.5219563331979881	0.5219563331979936	0.5219563443571585	0.01983084473213053
S03	mu_21%_BAY	magnitude_g0.80	EX_glc__D_e	-0.30171998054248855	-0.30171998469547945	-0.3017197139253537	0.021948251260647308
S03	mu_21%_BAY	magnitude_g0.80	EX_lac__L_e	0.5763893973556784	0.5763893973556822	0.5763897921253165	0.021948251260647308
S03	mu_21%_BAY	magnitude_g1.25	EX_glc__D_e	-0.30096876660355326	-0.30096877151580276	-0.3009687666032542	0.021948251260647308
S03	mu_21%_BAY	magnitude_g1.25	EX_lac__L_e	0.575417446576699	0.5754174465767546	0.5754174564011694	0.021948251260647308
S03	mu_21%_BAY	uniform_pfba	EX_glc__D_e	-0.007373215051580527	-0.007373243241693157	-0.007373193909004272	0.021948251260647308
S03	mu_21%_BAY	uniform_pfba	EX_lac__L_e	0.0	0.0	0.12863032181915476	0.021948251260647308
S03	mu_21%_BAY	magnitude_g2.00	EX_glc__D_e	-0.2996998329445811	-0.2996998345144788	-0.29969983200593814	0.021948251260647308
S03	mu_21%_BAY	magnitude_g2.00	EX_lac__L_e	0.5728795792587541	0.5728795791516456	0.5728795823985591	0.021948251260647308
S03	mu_21%_BAY	ordinal	EX_glc__D_e	-0.3023690014530158	-0.3023690070101948	-0.3023690014530095	0.021948251260647308
S03	mu_21%_BAY	ordinal	EX_lac__L_e	0.5776874526489467	0.5776874526489449	0.5776874638929093	0.021948251260647308
S03	mu_21%_DMSO	magnitude_g0.50	EX_glc__D_e	-0.3735339720847696	-0.3735339732310687	-0.37353397192986526	0.027172233116188327
S03	mu_21%_DMSO	magnitude_g0.50	EX_lac__L_e	0.7135789940536758	0.7135789940537219	0.7135789978995902	0.027172233116188327
S03	mu_21%_DMSO	magnitude_g0.80	EX_glc__D_e	-0.37353353623159047	-0.37353354046163945	-0.37353326913113616	0.027172233116188327
S03	mu_21%_DMSO	magnitude_g0.80	EX_lac__L_e	0.7135781101783778	0.7135781101784396	0.7135785058369422	0.027172233116188327
S03	mu_21%_DMSO	magnitude_g1.00	EX_glc__D_e	-0.372618887897312	-0.37261890508233714	-0.37261888789722075	0.027172233116188327
S03	mu_21%_DMSO	magnitude_g1.00	EX_lac__L_e	0.7124055484055112	0.7124055484054639	0.7124055810141853	0.027172233116188327
S03	mu_21%_DMSO	magnitude_g1.25	EX_glc__D_e	-0.37260637218718023	-0.37260637718996986	-0.37260637218729015	0.027172233116188327
S03	mu_21%_DMSO	magnitude_g1.25	EX_lac__L_e	0.7123805169852493	0.7123805169836446	0.7123805269908577	0.027172233116188327
S03	mu_21%_DMSO	magnitude_g2.00	EX_glc__D_e	-0.37103246323746014	-0.37103246483633157	-0.3710324622814956	0.027172233116188327
S03	mu_21%_DMSO	magnitude_g2.00	EX_lac__L_e	0.7092326990858081	0.7092326990858159	0.7092327022835521	0.027172233116188327
S03	mu_21%_DMSO	ordinal	EX_glc__D_e	-0.37433701026505056	-0.37433701592566787	-0.37433701026503435	0.027172233116188327
S03	mu_21%_DMSO	ordinal	EX_lac__L_e	0.7151850719675076	0.7151850719674967	0.7151850834207562	0.027172233116188327
S03	mu_21%_DMSO	uniform_pfba	EX_glc__D_e	-0.009128140361530812	-0.009128168914266545	-0.009128118946977782	0.027172233116188327
S03	mu_21%_DMSO	uniform_pfba	EX_lac__L_e	0.0	0.0	0.15924606536724745	0.027172233116188327
S04	mu_0.5%_BAY	magnitude_g1.00	EX_glc__D_e	-0.24662193870430563	-0.2466219471247255	-0.24662193870430488	0.017940953683000735
S04	mu_0.5%_BAY	magnitude_g1.00	EX_lac__L_e	0.4711458625118026	0.47114586251175705	0.47114586838739125	0.017940953683000735
S04	mu_0.5%_BAY	magnitude_g2.00	EX_glc__D_e	-0.24498083097822926	-0.24498083418694222	-0.24498083034612395	0.017940953683000735
S04	mu_0.5%_BAY	magnitude_g2.00	EX_lac__L_e	0.4682835948662129	0.4682835948662173	0.46828360207809777	0.017940953683000735
S04	mu_0.5%_BAY	magnitude_g0.80	EX_glc__D_e	-0.2466324839037643	-0.2466325001207943	-0.2466324713467975	0.017940953683000735
S04	mu_0.5%_BAY	magnitude_g0.80	EX_lac__L_e	0.4711532895923177	0.47115328959231123	0.4711533220263807	0.017940953683000735
S04	mu_0.5%_BAY	magnitude_g1.25	EX_glc__D_e	-0.24602802166741672	-0.24602803701481626	-0.24602802166741225	0.017940953683000735
S04	mu_0.5%_BAY	magnitude_g1.25	EX_lac__L_e	0.47037797703902773	0.4703779770390236	0.47037800773381166	0.017940953683000735
S04	mu_0.5%_BAY	magnitude_g0.50	EX_glc__D_e	-0.2471596600997065	-0.24715966644852336	-0.24715966009964505	0.017940953683000735
S04	mu_0.5%_BAY	magnitude_g0.50	EX_lac__L_e	0.4722076419842014	0.4722076419842175	0.47220765468182535	0.017940953683000735
S04	mu_0.5%_BAY	uniform_pfba	EX_glc__D_e	-0.006027018196770474	-0.006027046108744551	-0.006026997262797702	0.017940953683000735
S04	mu_0.5%_BAY	uniform_pfba	EX_lac__L_e	0.0	0.0	0.10514509573101155	0.017940953683000735
S04	mu_0.5%_DMSO	magnitude_g1.25	EX_glc__D_e	-0.2719445195235259	-0.27194453497526677	-0.2719445195235304	0.01983084473213053
S04	mu_0.5%_DMSO	magnitude_g1.25	EX_lac__L_e	0.5199274161366555	0.5199274161366567	0.5199274470401267	0.01983084473213053
S04	mu_0.5%_BAY	ordinal	EX_glc__D_e	-0.24990470432890968	-0.2499047471952248	-0.24990466956964125	0.017940953683000735
S04	mu_0.5%_BAY	ordinal	EX_lac__L_e	0.47838553340242806	0.47838553340210377	0.4783856319233777	0.017940953683000735
S04	mu_0.5%_DMSO	magnitude_g2.00	EX_glc__D_e	-0.27078698866611794	-0.2707869918965872	-0.2707869880297138	0.01983084473213053
S04	mu_0.5%_DMSO	magnitude_g2.00	EX_lac__L_e	0.51761235362202	0.5176123536220175	0.5176123608827914	0.01983084473213053
S04	mu_0.5%_DMSO	magnitude_g0.50	EX_glc__D_e	-0.27319567874071604	-0.27319568513283865	-0.2731956787407135	0.01983084473213053
S04	mu_0.5%_DMSO	magnitude_g0.50	EX_lac__L_e	0.5219504461898454	0.521950446189702	0.5219504589740865	0.01983084473213053
S04	mu_0.5%_DMSO	ordinal	EX_glc__D_e	-0.2762295986777237	-0.27622964136405054	-0.276229563678695	0.01983084473213053
S04	mu_0.5%_DMSO	ordinal	EX_lac__L_e	0.5287785573818885	0.5287785573817986	0.5287786565824748	0.01983084473213053
S04	mu_0.5%_DMSO	magnitude_g0.80	EX_glc__D_e	-0.272612627136483	-0.27261264346390923	-0.27261261449397106	0.01983084473213053
S04	mu_0.5%_DMSO	magnitude_g0.80	EX_lac__L_e	0.5207843429813789	0.5207843429814064	0.520784375636228	0.01983084473213053
S04	mu_0.5%_DMSO	magnitude_g1.00	EX_glc__D_e	-0.27260207604366443	-0.2726020845152617	-0.2726020760442013	0.01983084473213053
S04	mu_0.5%_DMSO	magnitude_g1.00	EX_lac__L_e	0.5207769118537701	0.5207769118542658	0.5207769177698518	0.01983084473213053
S04	mu_0.5%_DMSO	uniform_pfba	EX_glc__D_e	-0.006661901266214585	-0.00666192930937618	-0.006661880233849028	0.01983084473213053
S04	mu_0.5%_DMSO	uniform_pfba	EX_lac__L_e	0.0	0.0	0.11622101852207631	0.01983084473213053
S04	mu_21%_BAY	magnitude_g0.50	EX_glc__D_e	-0.3023660565104696	-0.3023660629514323	-0.3023660565105105	0.021948251260647308
S04	mu_21%_BAY	magnitude_g0.50	EX_lac__L_e	0.5776815627638562	0.5776815627640692	0.5776815756457535	0.021948251260647308
S04	mu_21%_BAY	magnitude_g1.00	EX_glc__D_e	-0.3017098452145254	-0.3017098537997376	-0.30170984521453703	0.021948251260647308
S04	mu_21%_BAY	magnitude_g1.00	EX_lac__L_e	0.5763828198999731	0.5763828199000623	0.5763828258607183	0.021948251260647308
S04	mu_21%_BAY	magnitude_g1.25	EX_glc__D_e	-0.30098098793907474	-0.30098100350774365	-0.30098098793906747	0.021948251260647308
S04	mu_21%_BAY	magnitude_g1.25	EX_lac__L_e	0.5754418892477416	0.5754418892477177	0.57544192038501	0.021948251260647308
S04	mu_21%_BAY	magnitude_g0.80	EX_glc__D_e	-0.3017204029090487	-0.30172041936022836	-0.3017203901707708	0.021948251260647308
S04	mu_21%_BAY	magnitude_g0.80	EX_lac__L_e	0.5763902555610124	0.5763902555609951	0.5763902884633674	0.021948251260647308
S04	mu_21%_BAY	magnitude_g2.00	EX_glc__D_e	-0.29969983355705826	-0.29969983681187207	-0.2996998329158595	0.021948251260647308
S04	mu_21%_BAY	magnitude_g2.00	EX_lac__L_e	0.5728795796778522	0.572879579321379	0.5728795869934018	0.021948251260647308
S04	mu_21%_BAY	uniform_pfba	EX_glc__D_e	-0.007373215051580527	-0.007373243241693157	-0.007373193909004272	0.021948251260647308
S04	mu_21%_BAY	uniform_pfba	EX_lac__L_e	0.0	0.0	0.12863032181915476	0.021948251260647308
S04	mu_21%_BAY	ordinal	EX_glc__D_e	-0.3057236286019707	-0.3057236710867047	-0.3057235933343494	0.021948251260647308
S04	mu_21%_BAY	ordinal	EX_lac__L_e	0.5852381707629789	0.5852381707628329	0.5852382707248139	0.021948251260647308
S04	mu_21%_DMSO	magnitude_g0.50	EX_glc__D_e	-0.3743340617741796	-0.37433406833487065	-0.37433406177427647	0.027172233116188327
S04	mu_21%_DMSO	magnitude_g0.50	EX_lac__L_e	0.715179174985768	0.7151791749860826	0.715179188107138	0.027172233116188327
S04	mu_21%_DMSO	magnitude_g0.80	EX_glc__D_e	-0.3735339589943785	-0.3735339757508494	-0.3735339460197206	0.027172233116188327
S04	mu_21%_DMSO	magnitude_g0.80	EX_lac__L_e	0.7135789694261638	0.7135789694261293	0.7135790029391006	0.027172233116188327
S04	mu_21%_DMSO	magnitude_g1.25	EX_glc__D_e	-0.3726186173261839	-0.37261863318322574	-0.37261861732617096	0.027172233116188327
S04	mu_21%_DMSO	magnitude_g1.25	EX_lac__L_e	0.7124050072632545	0.7124050072631795	0.7124050389772602	0.027172233116188327
S04	mu_21%_DMSO	magnitude_g1.00	EX_glc__D_e	-0.3735233850122543	-0.37352339370658233	-0.3735233850127718	0.027172233116188327
S04	mu_21%_DMSO	magnitude_g1.00	EX_lac__L_e	0.7135715225802994	0.7135715225807931	0.713571528651918	0.027172233116188327
S04	mu_21%_DMSO	ordinal	EX_glc__D_e	-0.3784901356924513	-0.378490177879943	-0.37849009976232945	0.027172233116188327
S04	mu_21%_DMSO	ordinal	EX_lac__L_e	0.724533101567327	0.7245331015668752	0.7245332034068861	0.027172233116188327
S05	mu_0.5%_BAY	magnitude_g0.80	EX_glc__D_e	-0.24498082574637653	-0.24498083400793508	-0.244980798845979	0.017940953683000735
S05	mu_0.5%_BAY	magnitude_g0.80	EX_lac__L_e	0.4682835320839813	0.4682835320838368	0.4682836012850119	0.017940953683000735
S05	mu_0.5%_BAY	magnitude_g0.50	EX_glc__D_e	-0.2460278040283957	-0.2460278092137699	-0.24602780233572247	0.017940953683000735
S05	mu_0.5%_BAY	magnitude_g0.50	EX_lac__L_e	0.4703775239433093	0.47037752394332905	0.47037755213172744	0.017940953683000735
S04	mu_21%_DMSO	uniform_pfba	EX_glc__D_e	-0.009128140361530812	-0.009128168914266545	-0.009128118946977782	0.027172233116188327
S04	mu_21%_DMSO	uniform_pfba	EX_lac__L_e	0.0	0.0	0.15924606536724745	0.027172233116188327
S04	mu_21%_DMSO	magnitude_g2.00	EX_glc__D_e	-0.3710324638612408	-0.3710324671760893	-0.3710324632082222	0.027172233116188327
S04	mu_21%_DMSO	magnitude_g2.00	EX_lac__L_e	0.7092326995126447	0.7092326994181293	0.7092327069631298	0.027172233116188327
S05	mu_0.5%_BAY	magnitude_g1.00	EX_glc__D_e	-0.2449800549701392	-0.24498006214764664	-0.24498004925106276	0.017940953683000735
S05	mu_0.5%_BAY	magnitude_g1.00	EX_lac__L_e	0.46828302099922897	0.468283020999122	0.4682830530595211	0.017940953683000735
S05	mu_0.5%_BAY	magnitude_g1.25	EX_glc__D_e	-0.24448927786825558	-0.2444892825926148	-0.24448927596315082	0.017940953683000735
S05	mu_0.5%_BAY	magnitude_g1.25	EX_lac__L_e	0.46793660625420236	0.4679366062542547	0.46793662043244716	0.017940953683000735
S05	mu_0.5%_BAY	magnitude_g2.00	EX_glc__D_e	-0.24357497153462457	-0.24357497465801575	-0.24357497039032705	0.017940953683000735
S05	mu_0.5%_BAY	magnitude_g2.00	EX_lac__L_e	0.4661079990665646	0.4661079990665896	0.466108008103795	0.017940953683000735
S05	mu_0.5%_BAY	uniform_pfba	EX_glc__D_e	-0.006027018196770474	-0.006027046108744551	-0.006026997262797702	0.017940953683000735
S05	mu_0.5%_BAY	uniform_pfba	EX_lac__L_e	0.0	0.0	0.10514509573101155	0.017940953683000735
S05	mu_0.5%_DMSO	magnitude_g0.80	EX_glc__D_e	-0.270786983398799	-0.2707869917163614	-0.2707869563161129	0.01983084473213053
S05	mu_0.5%_DMSO	magnitude_g0.80	EX_lac__L_e	0.517612290414191	0.5176122904141741	0.5176123600843394	0.01983084473213053
S05	mu_0.5%_DMSO	magnitude_g0.50	EX_glc__D_e	-0.27194430173018075	-0.2719443069508406	-0.271944300025983	0.01983084473213053
S05	mu_0.5%_DMSO	magnitude_g0.50	EX_lac__L_e	0.5199269626110087	0.5199269626110533	0.5199269909912948	0.01983084473213053
S05	mu_0.5%_BAY	ordinal	EX_glc__D_e	-0.24692119913555266	-0.24692120385553235	-0.24692119913556465	0.017940953683000735
S05	mu_0.5%_BAY	ordinal	EX_lac__L_e	0.4721643319753001	0.472164331975362	0.47216434032253757	0.017940953683000735
S05	mu_0.5%_DMSO	ordinal	EX_glc__D_e	-0.2729318538616192	-0.27293185861369534	-0.27293185386161684	0.01983084473213053
S05	mu_0.5%_DMSO	ordinal	EX_lac__L_e	0.521902084812842	0.521902084812854	0.5219020932168502	0.01983084473213053
S05	mu_0.5%_DMSO	magnitude_g1.00	EX_glc__D_e	-0.2707862119639285	-0.270786219190079	-0.27078620620602756	0.01983084473213053
S05	mu_0.5%_DMSO	magnitude_g1.00	EX_lac__L_e	0.5176117790881593	0.5176117790881778	0.5176118113658011	0.01983084473213053
S05	mu_0.5%_DMSO	magnitude_g2.00	EX_glc__D_e	-0.26923303672770243	-0.26923303987215946	-0.26923303557568556	0.01983084473213053
S05	mu_0.5%_DMSO	magnitude_g2.00	EX_lac__L_e	0.5152075820473301	0.5152075820473273	0.5152075911454603	0.01983084473213053
S05	mu_21%_BAY	magnitude_g0.50	EX_glc__D_e	-0.30098076997281087	-0.30098077523302735	-0.30098076825573816	0.021948251260647308
S05	mu_21%_BAY	magnitude_g0.50	EX_lac__L_e	0.5754414352403407	0.5754414352405078	0.5754414638356399	0.021948251260647308
S05	mu_0.5%_DMSO	magnitude_g1.25	EX_glc__D_e	-0.2702436556852497	-0.2702436604416316	-0.2702436537672139	0.01983084473213053
S05	mu_0.5%_DMSO	magnitude_g1.25	EX_lac__L_e	0.5172288144455132	0.5172288144455197	0.5172288287198441	0.01983084473213053
S05	mu_0.5%_DMSO	uniform_pfba	EX_glc__D_e	-0.006661901266214585	-0.00666192930937618	-0.006661880233849028	0.01983084473213053
S05	mu_0.5%_DMSO	uniform_pfba	EX_lac__L_e	0.0	0.0	0.11622101852207631	0.01983084473213053
S05	mu_21%_BAY	magnitude_g1.00	EX_glc__D_e	-0.29969905607720654	-0.29969906335784996	-0.2996990502758843	0.021948251260647308
S05	mu_21%_BAY	magnitude_g1.00	EX_lac__L_e	0.5728790043969091	0.5728790043970003	0.572879036917974	0.021948251260647308
S05	mu_21%_BAY	magnitude_g0.80	EX_glc__D_e	-0.2996998282500074	-0.2996998366303143	-0.2996998009629498	0.021948251260647308
S05	mu_21%_BAY	magnitude_g0.80	EX_lac__L_e	0.5728795159932336	0.5728795159931768	0.5728795861889172	0.021948251260647308
S05	mu_21%_BAY	ordinal	EX_glc__D_e	-0.30207381426902474	-0.30207381905733804	-0.3020738142690342	0.021948251260647308
S05	mu_21%_BAY	ordinal	EX_lac__L_e	0.5776275419076419	0.5776275419076645	0.5776275503757315	0.021948251260647308
S05	mu_21%_BAY	uniform_pfba	EX_glc__D_e	-0.007373215051580527	-0.007373243241693157	-0.007373193909004272	0.021948251260647308
S05	mu_21%_BAY	uniform_pfba	EX_lac__L_e	0.0	0.0	0.12863032181915476	0.021948251260647308
S05	mu_21%_BAY	magnitude_g2.00	EX_glc__D_e	-0.29797996093475737	-0.2979799641028054	-0.29797995965120777	0.021948251260647308
S05	mu_21%_BAY	magnitude_g2.00	EX_lac__L_e	0.5702180428877782	0.5702180428877704	0.5702180520541679	0.021948251260647308
S05	mu_21%_BAY	magnitude_g1.25	EX_glc__D_e	-0.29909848715964166	-0.2990984919518548	-0.299098485227156	0.021948251260647308
S05	mu_21%_BAY	magnitude_g1.25	EX_lac__L_e	0.572455089778948	0.5724550897789891	0.5724551041607908	0.021948251260647308
S05	mu_21%_DMSO	magnitude_g0.80	EX_glc__D_e	-0.371032458456099	-0.37103246699128833	-0.371032430664786	0.027172233116188327
S05	mu_21%_DMSO	magnitude_g0.80	EX_lac__L_e	0.7092326346509445	0.7092326346509393	0.7092327061440133	0.027172233116188327
S05	mu_21%_DMSO	magnitude_g0.50	EX_glc__D_e	-0.37261839893337023	-0.3726184042910908	-0.37261839718444906	0.027172233116188327
S05	mu_21%_DMSO	magnitude_g0.50	EX_lac__L_e	0.7124045520677087	0.7124045520677564	0.7124045811930821	0.027172233116188327
S05	mu_21%_DMSO	magnitude_g2.00	EX_glc__D_e	-0.3689032382732224	-0.36890324149948167	-0.3689032370912365	0.027172233116188327
S05	mu_21%_DMSO	magnitude_g2.00	EX_lac__L_e	0.7059376817125427	0.7059376817125274	0.705937691047333	0.027172233116188327
S05	mu_21%_DMSO	magnitude_g1.00	EX_glc__D_e	-0.3710316844628922	-0.3710316918780807	-0.37103167855441666	0.027172233116188327
S05	mu_21%_DMSO	magnitude_g1.00	EX_lac__L_e	0.7092321223884882	0.7092321223884066	0.7092321555102673	0.027172233116188327
S05	mu_21%_DMSO	magnitude_g1.25	EX_glc__D_e	-0.37028798905114424	-0.37028799393177825	-0.3702879870829958	0.027172233116188327
S05	mu_21%_DMSO	magnitude_g1.25	EX_lac__L_e	0.7087071776069302	0.7087071776068026	0.7087071922540843	0.027172233116188327
S05	mu_21%_DMSO	ordinal	EX_glc__D_e	-0.37397170933673873	-0.37397171421408615	-0.3739717093367355	0.027172233116188327
S05	mu_21%_DMSO	ordinal	EX_lac__L_e	0.7151111912843642	0.7151111912843553	0.7151112000994561	0.027172233116188327
S05	mu_21%_DMSO	uniform_pfba	EX_glc__D_e	-0.009128140361530812	-0.009128168914266545	-0.009128118946977782	0.027172233116188327
S05	mu_21%_DMSO	uniform_pfba	EX_lac__L_e	0.0	0.0	0.15924606536724745	0.027172233116188327
S06	mu_0.5%_BAY	magnitude_g0.50	EX_glc__D_e	-0.24628904611194236	-0.24628905375375723	-0.2462890461119373	0.017940953683000735
S06	mu_0.5%_BAY	magnitude_g0.50	EX_lac__L_e	0.4664851519276738	0.46648515192767276	0.4664851836011824	0.017940953683000735
S06	mu_0.5%_BAY	magnitude_g0.80	EX_glc__D_e	-0.24646304200376037	-0.24646304200375058	-0.2464630150051714	0.017940953683000735
S06	mu_0.5%_BAY	magnitude_g0.80	EX_lac__L_e	0.46912541480149467	0.46912541480142533	0.469125503524376	0.017940953683000735
S06	mu_0.5%_BAY	magnitude_g2.00	EX_glc__D_e	-0.24498083059574463	-0.24498083278592117	-0.24498082805407598	0.017940953683000735
S06	mu_0.5%_BAY	magnitude_g2.00	EX_lac__L_e	0.4682835902763931	0.4682835902763711	0.4682835992760295	0.017940953683000735
S06	mu_0.5%_BAY	magnitude_g1.00	EX_glc__D_e	-0.24587864293200556	-0.2458786493070233	-0.2458786429320041	0.017940953683000735
S06	mu_0.5%_BAY	magnitude_g1.00	EX_lac__L_e	0.46858646584025127	0.4685864658402588	0.46858648405746167	0.017940953683000735
S06	mu_0.5%_BAY	magnitude_g1.25	EX_glc__D_e	-0.24578946066670682	-0.24578946687616482	-0.2457894606667066	0.017940953683000735
S06	mu_0.5%_BAY	magnitude_g1.25	EX_lac__L_e	0.46840810130965393	0.4684081013096833	0.46840811952175004	0.017940953683000735
S06	mu_0.5%_DMSO	magnitude_g0.50	EX_glc__D_e	-0.2722330296919056	-0.2722330373858435	-0.27223302969190494	0.01983084473213053
S06	mu_0.5%_DMSO	magnitude_g0.50	EX_lac__L_e	0.5156245018634212	0.5156245018634189	0.5156245337529657	0.01983084473213053
S06	mu_0.5%_BAY	uniform_pfba	EX_glc__D_e	-0.006027018196770474	-0.006027046108744551	-0.006026997262797702	0.017940953683000735
S06	mu_0.5%_BAY	uniform_pfba	EX_lac__L_e	0.0	0.0	0.10514509573101155	0.017940953683000735
S06	mu_0.5%_DMSO	magnitude_g0.80	EX_glc__D_e	-0.27242538443786063	-0.2724253844378457	-0.27242535725548567	0.01983084473213053
S06	mu_0.5%_DMSO	magnitude_g0.80	EX_lac__L_e	0.5185428582708363	0.5185428582708101	0.518542947597689	0.01983084473213053
S06	mu_0.5%_BAY	ordinal	EX_glc__D_e	-0.24795898693529272	-0.24795900245495867	-0.24795898688942838	0.017940953683000735
S06	mu_0.5%_BAY	ordinal	EX_lac__L_e	0.4698258687739747	0.46982586877371313	0.4698260377535299	0.017940953683000735
S06	mu_0.5%_DMSO	magnitude_g1.00	EX_glc__D_e	-0.27177941613700907	-0.2717794225553892	-0.2717794161370188	0.01983084473213053
S06	mu_0.5%_DMSO	magnitude_g1.00	EX_lac__L_e	0.5179472097077829	0.5179472097077704	0.5179472280489039	0.01983084473213053
S06	mu_0.5%_DMSO	magnitude_g1.25	EX_glc__D_e	-0.2716808805139465	-0.2716808867655642	-0.2716808805139702	0.01983084473213053
S06	mu_0.5%_DMSO	magnitude_g1.25	EX_lac__L_e	0.5177501384616578	0.5177501384616567	0.5177501567974415	0.01983084473213053
S06	mu_0.5%_DMSO	magnitude_g2.00	EX_glc__D_e	-0.2707869882810397	-0.2707869904860593	-0.27078698572214754	0.01983084473213053
S06	mu_0.5%_DMSO	magnitude_g2.00	EX_lac__L_e	0.5176123490010798	0.517612349001111	0.5176123580617101	0.01983084473213053
S06	mu_0.5%_DMSO	ordinal	EX_glc__D_e	-0.2740788836662608	-0.2740788992923056	-0.2740788836201154	0.01983084473213053
S06	mu_0.5%_DMSO	ordinal	EX_lac__L_e	0.5193170443883467	0.519317044388308	0.5193172145261586	0.01983084473213053
S06	mu_0.5%_DMSO	uniform_pfba	EX_glc__D_e	-0.006661901266214585	-0.00666192930937618	-0.006661880233849028	0.01983084473213053
S06	mu_0.5%_DMSO	uniform_pfba	EX_lac__L_e	0.0	0.0	0.11622101852207631	0.01983084473213053
S06	mu_21%_BAY	magnitude_g0.80	EX_glc__D_e	-0.30151321645397605	-0.3015132164539372	-0.3015131890655353	0.021948251260647308
S06	mu_21%_BAY	magnitude_g0.80	EX_lac__L_e	0.573909445393412	0.5739094453933461	0.5739095353974236	0.021948251260647308
S06	mu_21%_BAY	magnitude_g2.00	EX_glc__D_e	-0.2996998331690857	-0.2996998353906909	-0.2996998305909297	0.021948251260647308
S06	mu_21%_BAY	magnitude_g2.00	EX_lac__L_e	0.5728795750221763	0.5728795750221513	0.5728795841509758	0.021948251260647308
S06	mu_21%_BAY	magnitude_g0.50	EX_glc__D_e	-0.3013002927138713	-0.3013003004662415	-0.30130029271387004	0.021948251260647308
S06	mu_21%_BAY	magnitude_g0.50	EX_lac__L_e	0.5706795170236179	0.5706795170236147	0.5706795491553246	0.021948251260647308
S06	mu_21%_BAY	magnitude_g1.25	EX_glc__D_e	-0.30068925189190726	-0.30068925819083253	-0.3006892518918874	0.021948251260647308
S06	mu_21%_BAY	magnitude_g1.25	EX_lac__L_e	0.5730322414399914	0.5730322414400104	0.573032259914517	0.021948251260647308
S06	mu_21%_BAY	magnitude_g1.00	EX_glc__D_e	-0.30079826688143363	-0.30079827334839404	-0.30079826688144595	0.021948251260647308
S06	mu_21%_BAY	magnitude_g1.00	EX_lac__L_e	0.5732502714190443	0.5732502714190593	0.5732502898989832	0.021948251260647308
S06	mu_21%_BAY	ordinal	EX_glc__D_e	-0.3033432372320238	-0.3033432529771586	-0.3033432371854994	0.021948251260647308
S06	mu_21%_BAY	ordinal	EX_lac__L_e	0.5747662399384516	0.574766239938827	0.574766411372966	0.021948251260647308
S06	mu_21%_DMSO	magnitude_g0.50	EX_glc__D_e	-0.37301389733915585	-0.3730139052355914	-0.37301389733915374	0.027172233116188327
S06	mu_21%_DMSO	magnitude_g0.50	EX_lac__L_e	0.7065090785084329	0.7065090785084098	0.7065091112373244	0.027172233116188327
S06	mu_21%_BAY	uniform_pfba	EX_glc__D_e	-0.007373215051580527	-0.007373243241693157	-0.007373193909004272	0.021948251260647308
S06	mu_21%_BAY	uniform_pfba	EX_lac__L_e	0.0	0.0	0.12863032181915476	0.021948251260647308
S06	mu_21%_DMSO	magnitude_g0.80	EX_glc__D_e	-0.37327756808983614	-0.3732775680898701	-0.3732775401933062	0.027172233116188327
S06	mu_21%_DMSO	magnitude_g0.80	EX_lac__L_e	0.7105077049330999	0.7105077049330117	0.7105077966068151	0.027172233116188327
S06	mu_21%_DMSO	magnitude_g2.00	EX_glc__D_e	-0.3710324634661095	-0.3710324657287046	-0.3710324608403644	0.027172233116188327
S06	mu_21%_DMSO	magnitude_g2.00	EX_lac__L_e	0.7092326947710478	0.7092326947710552	0.7092327040682993	0.027172233116188327
S07	mu_0.5%_BAY	magnitude_g0.80	EX_glc__D_e	-0.2466315878204772	-0.24663159538873303	-0.24663158200527371	0.017940953683000735
S07	mu_0.5%_BAY	magnitude_g0.80	EX_lac__L_e	0.4711526552579697	0.4711526552579373	0.47115267847564457	0.017940953683000735
S06	mu_21%_DMSO	uniform_pfba	EX_glc__D_e	-0.009128140361530812	-0.009128168914266545	-0.009128118946977782	0.027172233116188327
S06	mu_21%_DMSO	uniform_pfba	EX_lac__L_e	0.0	0.0	0.15924606536724745	0.027172233116188327
S06	mu_21%_DMSO	magnitude_g1.00	EX_glc__D_e	-0.37239243064538985	-0.3723924372322181	-0.37239243064539	0.027172233116188327
S06	mu_21%_DMSO	magnitude_g1.00	EX_lac__L_e	0.7096918035691373	0.7096918035691527	0.7096918223916313	0.027172233116188327
S06	mu_21%_DMSO	magnitude_g1.25	EX_glc__D_e	-0.37225756137646704	-0.37225756779208724	-0.3722575613764243	0.027172233116188327
S06	mu_21%_DMSO	magnitude_g1.25	EX_lac__L_e	0.709422065031292	0.7094220650312955	0.7094220838481472	0.027172233116188327
S06	mu_21%_DMSO	ordinal	EX_glc__D_e	-0.3755430958716228	-0.3755431119106908	-0.37554309582421996	0.027172233116188327
S06	mu_21%_DMSO	ordinal	EX_lac__L_e	0.7115683077297336	0.7115683077294852	0.7115684823646325	0.027172233116188327
S07	mu_0.5%_BAY	magnitude_g0.50	EX_glc__D_e	-0.24663249467904624	-0.2466325003986191	-0.2466324940184973	0.017940953683000735
S07	mu_0.5%_BAY	magnitude_g0.50	EX_lac__L_e	0.47115329070262624	0.47115329070259293	0.4711533225820199	0.017940953683000735
S07	mu_0.5%_BAY	magnitude_g1.25	EX_glc__D_e	-0.24498083040305607	-0.2449808356748968	-0.24498082666372373	0.017940953683000735
S07	mu_0.5%_BAY	magnitude_g1.25	EX_lac__L_e	0.4682835879641392	0.4682835879641537	0.4682836050539701	0.017940953683000735
S07	mu_0.5%_BAY	magnitude_g1.00	EX_glc__D_e	-0.2460280221487207	-0.24602803057784112	-0.24602801957881312	0.017940953683000735
S07	mu_0.5%_BAY	magnitude_g1.00	EX_lac__L_e	0.4703779697463717	0.4703779697463788	0.4703779948598923	0.017940953683000735
S07	mu_0.5%_BAY	magnitude_g2.00	EX_glc__D_e	-0.24498082804550728	-0.2449808320637568	-0.24498082804551816	0.017940953683000735
S07	mu_0.5%_BAY	magnitude_g2.00	EX_lac__L_e	0.4682835936933062	0.46828359369331335	0.46828359771148265	0.017940953683000735
S07	mu_0.5%_BAY	uniform_pfba	EX_glc__D_e	-0.006027018196770474	-0.006027046108744551	-0.006026997262797702	0.017940953683000735
S07	mu_0.5%_BAY	uniform_pfba	EX_lac__L_e	0.0	0.0	0.10514509573101155	0.017940953683000735
S07	mu_0.5%_BAY	ordinal	EX_glc__D_e	-0.24917147201615614	-0.24917147574771725	-0.24917147201615283	0.017940953683000735
S07	mu_0.5%_BAY	ordinal	EX_lac__L_e	0.4762312658171011	0.476231265817012	0.47623127501915435	0.017940953683000735
S07	mu_0.5%_DMSO	magnitude_g0.50	EX_glc__D_e	-0.27261263798507746	-0.2726126437436714	-0.27261263732001945	0.01983084473213053
S07	mu_0.5%_DMSO	magnitude_g0.50	EX_lac__L_e	0.5207843440988413	0.5207843440988008	0.5207843761957563	0.01983084473213053
S07	mu_0.5%_DMSO	magnitude_g1.00	EX_glc__D_e	-0.2719445200146061	-0.2719445285010131	-0.271944517427234	0.01983084473213053
S07	mu_0.5%_DMSO	magnitude_g1.00	EX_lac__L_e	0.5199274088074515	0.5199274088074349	0.5199274340916384	0.01983084473213053
S07	mu_0.5%_DMSO	magnitude_g2.00	EX_glc__D_e	-0.2707869857136166	-0.27078698975897497	-0.2707869857135808	0.01983084473213053
S07	mu_0.5%_DMSO	magnitude_g2.00	EX_lac__L_e	0.5176123524412267	0.5176123524412042	0.5176123564865035	0.01983084473213053
S07	mu_0.5%_DMSO	magnitude_g0.80	EX_glc__D_e	-0.2726117306445886	-0.2726117382643921	-0.2726117247897834	0.01983084473213053
S07	mu_0.5%_DMSO	magnitude_g0.80	EX_lac__L_e	0.520783708346236	0.5207837083461139	0.5207837317220586	0.01983084473213053
S07	mu_0.5%_DMSO	magnitude_g1.25	EX_glc__D_e	-0.27078698808705026	-0.270786993394593	-0.27078698432240167	0.01983084473213053
S07	mu_0.5%_DMSO	magnitude_g1.25	EX_lac__L_e	0.5176123466732075	0.5176123466732117	0.5176123638787792	0.01983084473213053
S07	mu_21%_BAY	magnitude_g0.80	EX_glc__D_e	-0.3017195059593924	-0.30171951363695293	-0.30171950006022946	0.021948251260647308
S07	mu_21%_BAY	magnitude_g0.80	EX_lac__L_e	0.5763896205889708	0.5763896205890161	0.5763896441419515	0.021948251260647308
S07	mu_0.5%_DMSO	uniform_pfba	EX_glc__D_e	-0.006661901266214585	-0.00666192930937618	-0.006661880233849028	0.01983084473213053
S07	mu_0.5%_DMSO	uniform_pfba	EX_lac__L_e	0.0	0.0	0.11622101852207631	0.01983084473213053
S07	mu_21%_BAY	magnitude_g0.50	EX_glc__D_e	-0.3017204138398662	-0.30172041964211477	-0.30172041316975706	0.021948251260647308
S07	mu_21%_BAY	magnitude_g0.50	EX_lac__L_e	0.5763902566869098	0.5763902566869307	0.5763902890271565	0.021948251260647308
S07	mu_0.5%_DMSO	ordinal	EX_glc__D_e	-0.27541921985087686	-0.2754192236080527	-0.2754192198508883	0.01983084473213053
S07	mu_0.5%_DMSO	ordinal	EX_lac__L_e	0.5263975284101673	0.5263975284103014	0.5263975376753701	0.01983084473213053
S07	mu_21%_BAY	magnitude_g2.00	EX_glc__D_e	-0.29969983058243693	-0.29969983465810185	-0.2996998305824551	0.021948251260647308
S07	mu_21%_BAY	magnitude_g2.00	EX_lac__L_e	0.5728795784882642	0.5728795784882772	0.5728795825638549	0.021948251260647308
S07	mu_21%_BAY	magnitude_g1.25	EX_glc__D_e	-0.2996998329736283	-0.2996998383211734	-0.2996998291806001	0.021948251260647308
S07	mu_21%_BAY	magnitude_g1.25	EX_lac__L_e	0.5728795726766892	0.5728795726766771	0.5728795900119285	0.021948251260647308
S07	mu_21%_BAY	magnitude_g1.00	EX_glc__D_e	-0.3009809884410669	-0.30098099699163144	-0.3009809858341315	0.021948251260647308
S07	mu_21%_BAY	magnitude_g1.00	EX_lac__L_e	0.5754418818774981	0.5754418818775129	0.575441907352883	0.021948251260647308
S07	mu_21%_BAY	uniform_pfba	EX_glc__D_e	-0.007373215051580527	-0.007373243241693157	-0.007373193909004272	0.021948251260647308
S07	mu_21%_BAY	uniform_pfba	EX_lac__L_e	0.0	0.0	0.12863032181915476	0.021948251260647308
S07	mu_21%_BAY	ordinal	EX_glc__D_e	-0.30482681593944805	-0.3048268197253188	-0.3048268159394257	0.021948251260647308
S07	mu_21%_BAY	ordinal	EX_lac__L_e	0.5826030816218112	0.5826030816216856	0.5826030909578329	0.021948251260647308
S07	mu_21%_DMSO	magnitude_g1.25	EX_glc__D_e	-0.37103246326704287	-0.3710324687132854	-0.3710324594040172	0.027172233116188327
S07	mu_21%_DMSO	magnitude_g1.25	EX_lac__L_e	0.7092326923822609	0.7092326923822633	0.7092327100374389	0.027172233116188327
S07	mu_21%_DMSO	magnitude_g2.00	EX_glc__D_e	-0.37103246083197394	-0.3710324649825303	-0.3710324608319546	0.027172233116188327
S07	mu_21%_DMSO	magnitude_g2.00	EX_lac__L_e	0.7092326983012768	0.7092326983012781	0.709232702451751	0.027172233116188327
S07	mu_21%_DMSO	magnitude_g0.50	EX_glc__D_e	-0.3735339701280167	-0.37353397603800786	-0.37353396944547396	0.027172233116188327
S07	mu_21%_DMSO	magnitude_g0.50	EX_lac__L_e	0.7135789705726512	0.7135789705725822	0.7135790035134428	0.027172233116188327
S07	mu_21%_DMSO	magnitude_g0.80	EX_glc__D_e	-0.37353306091533595	-0.373533068735322	-0.37353305490670524	0.027172233116188327
S07	mu_21%_DMSO	magnitude_g0.80	EX_lac__L_e	0.7135783336230719	0.7135783336229802	0.7135783576129627	0.027172233116188327
S07	mu_21%_DMSO	magnitude_g1.00	EX_glc__D_e	-0.3726186178551665	-0.37261862656406325	-0.37261861519996936	0.027172233116188327
S07	mu_21%_DMSO	magnitude_g1.00	EX_lac__L_e	0.7124049997919818	0.712404999791954	0.7124050257389484	0.027172233116188327
S07	mu_21%_DMSO	uniform_pfba	EX_glc__D_e	-0.009128140361530812	-0.009128168914266545	-0.009128118946977782	0.027172233116188327
S07	mu_21%_DMSO	uniform_pfba	EX_lac__L_e	0.0	0.0	0.15924606536724745	0.027172233116188327
S07	mu_21%_DMSO	ordinal	EX_glc__D_e	-0.37738007688031894	-0.37738008073717744	-0.3773800768802357	0.027172233116188327
S07	mu_21%_DMSO	ordinal	EX_lac__L_e	0.7212712051980452	0.7212712051979048	0.7212712147090956	0.027172233116188327
S08	mu_0.5%_BAY	magnitude_g0.50	EX_glc__D_e	-0.2479586482991403	-0.24795867073045985	-0.24795864829911743	0.017940953683000735
S08	mu_0.5%_BAY	magnitude_g0.50	EX_lac__L_e	0.46982701048936903	0.469827010489336	0.4698270686446733	0.017940953683000735
S08	mu_0.5%_BAY	magnitude_g0.80	EX_glc__D_e	-0.24663249244055774	-0.24663249924947922	-0.24663248827818476	0.017940953683000735
S08	mu_0.5%_BAY	magnitude_g0.80	EX_lac__L_e	0.4711532638407636	0.47115326384063394	0.4711533202837633	0.017940953683000735
S08	mu_0.5%_BAY	magnitude_g1.00	EX_glc__D_e	-0.24629647209807543	-0.24629648092028314	-0.24629647209809877	0.017940953683000735
S08	mu_0.5%_BAY	magnitude_g1.00	EX_lac__L_e	0.47091487790034586	0.470914877900334	0.47091488927933844	0.017940953683000735
S08	mu_0.5%_BAY	magnitude_g2.00	EX_glc__D_e	-0.24498083097797638	-0.24498083328371661	-0.24498083030326775	0.017940953683000735
S08	mu_0.5%_BAY	magnitude_g2.00	EX_lac__L_e	0.4682835948631826	0.4682835948023881	0.4682836002716103	0.017940953683000735
S08	mu_0.5%_BAY	magnitude_g1.25	EX_glc__D_e	-0.24602799345163434	-0.24602800306110348	-0.24602799345163703	0.017940953683000735
S08	mu_0.5%_BAY	magnitude_g1.25	EX_lac__L_e	0.4703779206074628	0.47037792060747535	0.47037793982638637	0.017940953683000735
S08	mu_0.5%_BAY	uniform_pfba	EX_glc__D_e	-0.006027018196770474	-0.006027046108744551	-0.006026997262797702	0.017940953683000735
S08	mu_0.5%_BAY	uniform_pfba	EX_lac__L_e	0.0	0.0	0.10514509573101155	0.017940953683000735
S08	mu_0.5%_DMSO	magnitude_g0.50	EX_glc__D_e	-0.2740785449123635	-0.2740785674976622	-0.2740785449123613	0.01983084473213053
S08	mu_0.5%_DMSO	magnitude_g0.50	EX_lac__L_e	0.5193181873188691	0.5193181873188357	0.5193182458731558	0.01983084473213053
S08	mu_0.5%_DMSO	magnitude_g0.80	EX_glc__D_e	-0.27261263573136285	-0.27261264258667456	-0.27261263154065174	0.01983084473213053
S08	mu_0.5%_DMSO	magnitude_g0.80	EX_lac__L_e	0.5207843170542567	0.5207843170541646	0.5207843738817597	0.01983084473213053
S08	mu_0.5%_DMSO	magnitude_g1.00	EX_glc__D_e	-0.27224131942464497	-0.27224132830677955	-0.27224131942462626	0.01983084473213053
S08	mu_0.5%_DMSO	magnitude_g1.00	EX_lac__L_e	0.5205210159388934	0.5205210159389253	0.5205210273952158	0.01983084473213053
S08	mu_0.5%_DMSO	magnitude_g2.00	EX_glc__D_e	-0.2707869886658652	-0.2707869909871657	-0.27078698796550893	0.01983084473213053
S08	mu_0.5%_DMSO	magnitude_g2.00	EX_lac__L_e	0.5176123536189894	0.5176123536189975	0.5176123590638889	0.01983084473213053
S08	mu_0.5%_DMSO	magnitude_g1.25	EX_glc__D_e	-0.2719444912897066	-0.2719445009644637	-0.2719444912897102	0.01983084473213053
S08	mu_0.5%_DMSO	magnitude_g1.25	EX_lac__L_e	0.5199273596690169	0.5199273596690347	0.5199273790185175	0.01983084473213053
S08	mu_0.5%_BAY	ordinal	EX_glc__D_e	-0.24990461269870237	-0.24990461861234933	-0.24990461269868203	0.017940953683000735
S08	mu_0.5%_BAY	ordinal	EX_lac__L_e	0.4783850119503188	0.47838501195027094	0.47838502832654967	0.017940953683000735
S08	mu_0.5%_DMSO	uniform_pfba	EX_glc__D_e	-0.006661901266214585	-0.00666192930937618	-0.006661880233849028	0.01983084473213053
S08	mu_0.5%_DMSO	uniform_pfba	EX_lac__L_e	0.0	0.0	0.11622101852207631	0.01983084473213053
S08	mu_0.5%_DMSO	ordinal	EX_glc__D_e	-0.27622950679063313	-0.2762295127450453	-0.2762295067906284	0.01983084473213053
S08	mu_0.5%_DMSO	ordinal	EX_lac__L_e	0.528778036342454	0.5287780363424561	0.5287780528315961	0.01983084473213053
S08	mu_21%_BAY	magnitude_g0.50	EX_glc__D_e	-0.3033428983461328	-0.3033429211039375	-0.3033428983460679	0.021948251260647308
S08	mu_21%_BAY	magnitude_g0.50	EX_lac__L_e	0.5747673842295475	0.574767384229734	0.5747674432308294	0.021948251260647308
S08	mu_21%_BAY	magnitude_g2.00	EX_glc__D_e	-0.2996998335568044	-0.29969983589558347	-0.2996998328724218	0.021948251260647308
S08	mu_21%_BAY	magnitude_g2.00	EX_lac__L_e	0.5728795796748066	0.5728795796748033	0.5728795851607619	0.021948251260647308
S08	mu_21%_BAY	uniform_pfba	EX_glc__D_e	-0.007373215051580527	-0.007373243241693157	-0.007373193909004272	0.021948251260647308
S08	mu_21%_BAY	uniform_pfba	EX_lac__L_e	0.0	0.0	0.12863032181915476	0.021948251260647308
S08	mu_21%_BAY	magnitude_g1.25	EX_glc__D_e	-0.3009809596850288	-0.30098096943294816	-0.30098095968503596	0.021948251260647308
S08	mu_21%_BAY	magnitude_g1.25	EX_lac__L_e	0.5754418327396494	0.5754418327396488	0.575441852235499	0.021948251260647308
S08	mu_21%_BAY	magnitude_g1.00	EX_glc__D_e	-0.30130955017576305	-0.30130955912520635	-0.30130955017577726	0.021948251260647308
S08	mu_21%_BAY	magnitude_g1.00	EX_lac__L_e	0.5760990137211189	0.5760990137211294	0.5760990252642387	0.021948251260647308
S08	mu_21%_BAY	magnitude_g0.80	EX_glc__D_e	-0.3017204115690729	-0.30172041847633985	-0.30172040734659117	0.021948251260647308
S08	mu_21%_BAY	magnitude_g0.80	EX_lac__L_e	0.576390229437388	0.576390229437175	0.5763902866955893	0.021948251260647308
S08	mu_21%_BAY	ordinal	EX_glc__D_e	-0.3057235364271266	-0.3057235424272206	-0.3057235364271093	0.021948251260647308
S08	mu_21%_BAY	ordinal	EX_lac__L_e	0.5852376501856839	0.5852376501856309	0.5852376668013295	0.021948251260647308
S08	mu_21%_DMSO	magnitude_g1.00	EX_glc__D_e	-0.3730255423443347	-0.3730255514594645	-0.37302554234434815	0.027172233116188327
S08	mu_21%_DMSO	magnitude_g1.00	EX_lac__L_e	0.7132188572995571	0.7132188572995888	0.7132188690563891	0.027172233116188327
S08	mu_21%_DMSO	ordinal	EX_glc__D_e	-0.37849004280780185	-0.37849004892062066	-0.3784900428078036	0.027172233116188327
S08	mu_21%_DMSO	ordinal	EX_lac__L_e	0.724532582129811	0.7245325821298055	0.7245325990576087	0.027172233116188327
S08	mu_21%_DMSO	magnitude_g0.50	EX_glc__D_e	-0.37554275666009307	-0.3755427798433193	-0.3755427566601157	0.027172233116188327
S08	mu_21%_DMSO	magnitude_g0.50	EX_lac__L_e	0.7115694553778135	0.7115694553776765	0.7115695154826064	0.027172233116188327
S08	mu_21%_DMSO	magnitude_g0.80	EX_glc__D_e	-0.3735339678151266	-0.3735339748505514	-0.37353396351427653	0.027172233116188327
S08	mu_21%_DMSO	magnitude_g0.80	EX_lac__L_e	0.7135789428179532	0.7135789428178633	0.7135790011384997	0.027172233116188327
S08	mu_21%_DMSO	uniform_pfba	EX_glc__D_e	-0.009128140361530812	-0.009128168914266545	-0.009128118946977782	0.027172233116188327
S08	mu_21%_DMSO	uniform_pfba	EX_lac__L_e	0.0	0.0	0.15924606536724745	0.027172233116188327
S09	mu_0.5%_BAY	magnitude_g1.00	EX_glc__D_e	-0.24498078870075246	-0.24498083210892452	-0.24498078870085213	0.017940953683000735
S09	mu_0.5%_BAY	magnitude_g1.00	EX_lac__L_e	0.4682835659205381	0.4682835659205191	0.46828359792203467	0.017940953683000735
S08	mu_21%_DMSO	magnitude_g1.25	EX_glc__D_e	-0.3726185890222499	-0.3726185989506141	-0.37261858902223804	0.027172233116188327
S08	mu_21%_DMSO	magnitude_g1.25	EX_lac__L_e	0.7124049506553868	0.712404950655311	0.7124049705121065	0.027172233116188327
S09	mu_0.5%_BAY	magnitude_g0.80	EX_glc__D_e	-0.2449808301805193	-0.2449808339854093	-0.24498082598165144	0.017940953683000735
S09	mu_0.5%_BAY	magnitude_g0.80	EX_lac__L_e	0.4682835852936843	0.4682835852936126	0.46828360167503397	0.017940953683000735
S08	mu_21%_DMSO	magnitude_g2.00	EX_glc__D_e	-0.37103246386098815	-0.37103246624291825	-0.37103246316398253	0.027172233116188327
S08	mu_21%_DMSO	magnitude_g2.00	EX_lac__L_e	0.709232699509583	0.7092326995037189	0.7092327050966083	0.027172233116188327
S09	mu_0.5%_BAY	magnitude_g0.50	EX_glc__D_e	-0.24629687146534035	-0.2462968886484395	-0.24629686723493946	0.017940953683000735
S09	mu_0.5%_BAY	magnitude_g0.50	EX_lac__L_e	0.4709156677145578	0.47091566771456583	0.47091571100121304	0.017940953683000735
S09	mu_0.5%_BAY	magnitude_g2.00	EX_glc__D_e	-0.2444892787923359	-0.24448927885610297	-0.24448927878945323	0.017940953683000735
S09	mu_0.5%_BAY	magnitude_g2.00	EX_lac__L_e	0.46793661769440126	0.46793661766458444	0.46793661779201146	0.017940953683000735
S09	mu_0.5%_BAY	magnitude_g1.25	EX_glc__D_e	-0.24448927872582416	-0.24448928091540323	-0.24448927853319793	0.017940953683000735
S09	mu_0.5%_BAY	magnitude_g1.25	EX_lac__L_e	0.4679366165450171	0.46793661654501734	0.46793661924851143	0.017940953683000735
S09	mu_0.5%_BAY	ordinal	EX_glc__D_e	-0.24719075038773275	-0.24719075626945056	-0.2471907503877773	0.017940953683000735
S09	mu_0.5%_BAY	ordinal	EX_lac__L_e	0.4727034344796609	0.47270343447969954	0.4727034450554133	0.017940953683000735
S09	mu_0.5%_DMSO	magnitude_g0.50	EX_glc__D_e	-0.27224171898360744	-0.272241736283753	-0.27224171472441006	0.01983084473213053
S09	mu_0.5%_DMSO	magnitude_g0.50	EX_lac__L_e	0.5205218060757583	0.5205218060757532	0.5205218496569848	0.01983084473213053
S09	mu_0.5%_BAY	uniform_pfba	EX_glc__D_e	-0.006027018196770474	-0.006027046108744551	-0.006026997262797702	0.017940953683000735
S09	mu_0.5%_BAY	uniform_pfba	EX_lac__L_e	0.0	0.0	0.10514509573101155	0.017940953683000735
S09	mu_0.5%_DMSO	magnitude_g1.00	EX_glc__D_e	-0.2707869461016877	-0.2707869898044911	-0.27078694610177406	0.01983084473213053
S09	mu_0.5%_DMSO	magnitude_g1.00	EX_lac__L_e	0.5176123244798655	0.5176123244795121	0.5176123566985665	0.01983084473213053
S09	mu_0.5%_DMSO	magnitude_g0.80	EX_glc__D_e	-0.27078698786299316	-0.2707869916937169	-0.27078698363572545	0.01983084473213053
S09	mu_0.5%_DMSO	magnitude_g0.80	EX_lac__L_e	0.5176123439845286	0.5176123439845606	0.517612360477004	0.01983084473213053
S09	mu_0.5%_DMSO	magnitude_g2.00	EX_glc__D_e	-0.27024365662528077	-0.2702436566792338	-0.27024365661265914	0.01983084473213053
S09	mu_0.5%_DMSO	magnitude_g2.00	EX_lac__L_e	0.517228825965334	0.5172288259662875	0.5172288260626731	0.01983084473213053
S09	mu_0.5%_DMSO	magnitude_g1.25	EX_glc__D_e	-0.27024365654862265	-0.27024365875307127	-0.2702436563546963	0.01983084473213053
S09	mu_0.5%_DMSO	magnitude_g1.25	EX_lac__L_e	0.5172288248060104	0.5172288247809739	0.5172288275278836	0.01983084473213053
S09	mu_0.5%_DMSO	ordinal	EX_glc__D_e	-0.2732297551770119	-0.2732297610988415	-0.2732297551769865	0.01983084473213053
S09	mu_0.5%_DMSO	ordinal	EX_lac__L_e	0.5224978874436281	0.5224978874436541	0.5224978980915213	0.01983084473213053
S09	mu_0.5%_DMSO	uniform_pfba	EX_glc__D_e	-0.006661901266214585	-0.00666192930937618	-0.006661880233849028	0.01983084473213053
S09	mu_0.5%_DMSO	uniform_pfba	EX_lac__L_e	0.0	0.0	0.11622101852207631	0.01983084473213053
S09	mu_21%_BAY	magnitude_g0.50	EX_glc__D_e	-0.301309949949496	-0.3013099673805692	-0.3013099456580201	0.021948251260647308
S09	mu_21%_BAY	magnitude_g0.50	EX_lac__L_e	0.576099804219501	0.5760998042195081	0.5760998481310324	0.021948251260647308
S09	mu_21%_BAY	magnitude_g1.25	EX_glc__D_e	-0.299098488029524	-0.2990984902505622	-0.2990984878341288	0.021948251260647308
S09	mu_21%_BAY	magnitude_g1.25	EX_lac__L_e	0.5724551002175333	0.5724551002175159	0.5724551029598836	0.021948251260647308
S09	mu_21%_DMSO	magnitude_g0.80	EX_glc__D_e	-0.3710324630371068	-0.37103246696801445	-0.37103245869930235	0.027172233116188327
S09	mu_21%_DMSO	magnitude_g0.80	EX_lac__L_e	0.7092326896230349	0.7092326896230668	0.7092327065469349	0.027172233116188327
S09	mu_21%_BAY	magnitude_g1.00	EX_glc__D_e	-0.2996997906709252	-0.29969983470401085	-0.29969979067157	0.021948251260647308
S09	mu_21%_BAY	magnitude_g1.00	EX_lac__L_e	0.5728795503154299	0.5728795503158373	0.5728795827776256	0.021948251260647308
S09	mu_21%_BAY	ordinal	EX_glc__D_e	-0.30240347858415745	-0.3024034845510156	-0.3024034785841636	0.021948251260647308
S09	mu_21%_BAY	ordinal	EX_lac__L_e	0.5782868705379081	0.578286870537949	0.5782868812667313	0.021948251260647308
S09	mu_21%_BAY	magnitude_g2.00	EX_glc__D_e	-0.2990984880940341	-0.2990984881622802	-0.2990984880940191	0.021948251260647308
S09	mu_21%_BAY	magnitude_g2.00	EX_lac__L_e	0.5724551013865254	0.572455101386532	0.5724551014907258	0.021948251260647308
S09	mu_21%_BAY	magnitude_g0.80	EX_glc__D_e	-0.2996998327478811	-0.2996998366074742	-0.2996998284886904	0.021948251260647308
S09	mu_21%_BAY	magnitude_g0.80	EX_lac__L_e	0.5728795699677175	0.5728795699675845	0.5728795865845644	0.021948251260647308
S09	mu_21%_DMSO	magnitude_g0.50	EX_glc__D_e	-0.3730259426478881	-0.3730259604023767	-0.3730259382767885	0.027172233116188327
S09	mu_21%_DMSO	magnitude_g0.50	EX_lac__L_e	0.7132196486896835	0.7132196486897444	0.7132196934156114	0.027172233116188327
S09	mu_21%_BAY	uniform_pfba	EX_glc__D_e	-0.007373215051580527	-0.007373243241693157	-0.007373193909004272	0.021948251260647308
S09	mu_21%_BAY	uniform_pfba	EX_lac__L_e	0.0	0.0	0.12863032181915476	0.021948251260647308
S09	mu_21%_DMSO	magnitude_g1.00	EX_glc__D_e	-0.37103242018422666	-0.371032465029364	-0.3710324201845667	0.027172233116188327
S09	mu_21%_DMSO	magnitude_g1.00	EX_lac__L_e	0.7092326696087478	0.7092326696083168	0.7092327026695747	0.027172233116188327
S09	mu_21%_DMSO	magnitude_g1.25	EX_glc__D_e	-0.3702879899370693	-0.3702879921990685	-0.37028798973807175	0.027172233116188327
S09	mu_21%_DMSO	magnitude_g1.25	EX_lac__L_e	0.7087071882380489	0.7087071882380421	0.7087071910309771	0.027172233116188327
S10	mu_0.5%_BAY	magnitude_g0.80	EX_glc__D_e	-0.24646273474479857	-0.24646273474479385	-0.24646272592081073	0.017940953683000735
S10	mu_0.5%_BAY	magnitude_g0.80	EX_lac__L_e	0.469125488753252	0.4691254887532563	0.4691254999816321	0.017940953683000735
S09	mu_21%_DMSO	ordinal	EX_glc__D_e	-0.3743797380718985	-0.37437974414969044	-0.37437973807187624	0.027172233116188327
S09	mu_21%_DMSO	ordinal	EX_lac__L_e	0.7159272487546843	0.7159272487546778	0.7159272596829961	0.027172233116188327
S10	mu_0.5%_BAY	magnitude_g1.25	EX_glc__D_e	-0.24587838126821804	-0.2458783969935172	-0.24587838126820696	0.017940953683000735
S10	mu_0.5%_BAY	magnitude_g1.25	EX_lac__L_e	0.46858594251267677	0.46858594251264946	0.468586022888606	0.017940953683000735
S10	mu_0.5%_BAY	magnitude_g1.00	EX_glc__D_e	-0.24614718932074242	-0.2461471949392555	-0.24614718932075016	0.017940953683000735
S10	mu_0.5%_BAY	magnitude_g1.00	EX_lac__L_e	0.46912355861772526	0.4691235586177226	0.46912357259249227	0.017940953683000735
S10	mu_0.5%_BAY	magnitude_g0.50	EX_glc__D_e	-0.24765728704281056	-0.24765729329387964	-0.2476572870427252	0.017940953683000735
S10	mu_0.5%_BAY	magnitude_g0.50	EX_lac__L_e	0.46922163378941006	0.4692216337891076	0.4692216462915312	0.017940953683000735
S09	mu_21%_DMSO	magnitude_g2.00	EX_glc__D_e	-0.3702879900027993	-0.3702879900710882	-0.3702879900027987	0.027172233116188327
S09	mu_21%_DMSO	magnitude_g2.00	EX_lac__L_e	0.7087071894286752	0.7087071894035808	0.7087071895260574	0.027172233116188327
S10	mu_0.5%_BAY	magnitude_g2.00	EX_glc__D_e	-0.24498083067266166	-0.24498083342892832	-0.2449808247304508	0.017940953683000735
S10	mu_0.5%_BAY	magnitude_g2.00	EX_lac__L_e	0.4682835911994032	0.468283591199407	0.4682836005620479	0.017940953683000735
S09	mu_21%_DMSO	uniform_pfba	EX_glc__D_e	-0.009128140361530812	-0.009128168914266545	-0.009128118946977782	0.027172233116188327
S09	mu_21%_DMSO	uniform_pfba	EX_lac__L_e	0.0	0.0	0.15924606536724745	0.027172233116188327
S10	mu_0.5%_BAY	ordinal	EX_glc__D_e	-0.24716292473750123	-0.24716294409818657	-0.24716292473750298	0.017940953683000735
S10	mu_0.5%_BAY	ordinal	EX_lac__L_e	0.47221417125979154	0.4722141712597804	0.4722142107757592	0.017940953683000735
S10	mu_0.5%_BAY	uniform_pfba	EX_glc__D_e	-0.006027018196770474	-0.006027046108744551	-0.006026997262797702	0.017940953683000735
S10	mu_0.5%_BAY	uniform_pfba	EX_lac__L_e	0.0	0.0	0.10514509573101155	0.017940953683000735
S10	mu_0.5%_DMSO	magnitude_g0.50	EX_glc__D_e	-0.27374609325787613	-0.27374609955161444	-0.2737460932574958	0.01983084473213053
S10	mu_0.5%_DMSO	magnitude_g0.50	EX_lac__L_e	0.5186506289953621	0.5186506289947741	0.5186506415829202	0.01983084473213053
S10	mu_0.5%_DMSO	magnitude_g0.80	EX_glc__D_e	-0.2724250768856442	-0.27242507688564377	-0.27242506800154836	0.01983084473213053
S10	mu_0.5%_DMSO	magnitude_g0.80	EX_lac__L_e	0.5185429327260013	0.5185429322085141	0.5185429440308583	0.01983084473213053
S10	mu_0.5%_DMSO	magnitude_g1.00	EX_glc__D_e	-0.2720763119987199	-0.2720763176554335	-0.2720763119987815	0.01983084473213053
S10	mu_0.5%_DMSO	magnitude_g1.00	EX_lac__L_e	0.518541001431205	0.5185410014312334	0.5185410155009469	0.01983084473213053
S10	mu_0.5%_DMSO	uniform_pfba	EX_glc__D_e	-0.006661901266214585	-0.00666192930937618	-0.006661880233849028	0.01983084473213053
S10	mu_0.5%_DMSO	uniform_pfba	EX_lac__L_e	0.0	0.0	0.11622101852207631	0.01983084473213053
S10	mu_0.5%_DMSO	ordinal	EX_glc__D_e	-0.27319894467360684	-0.2731989641664137	-0.27319894467361483	0.01983084473213053
S10	mu_0.5%_DMSO	ordinal	EX_lac__L_e	0.5219569780556275	0.5219569780556638	0.5219570178412526	0.01983084473213053
S10	mu_0.5%_DMSO	magnitude_g2.00	EX_glc__D_e	-0.270786988358479	-0.27078699113341076	-0.2707869823760054	0.01983084473213053
S10	mu_0.5%_DMSO	magnitude_g2.00	EX_lac__L_e	0.5176123499303567	0.5176123499303592	0.5176123593564566	0.01983084473213053
S10	mu_21%_BAY	magnitude_g0.50	EX_glc__D_e	-0.3029756134604113	-0.30297561980221627	-0.3029756134603229	0.021948251260647308
S10	mu_21%_BAY	magnitude_g0.50	EX_lac__L_e	0.5740301585166974	0.574030158516733	0.5740301712003768	0.021948251260647308
S10	mu_0.5%_DMSO	magnitude_g1.25	EX_glc__D_e	-0.27177915426368016	-0.271779170095768	-0.27177915426365123	0.01983084473213053
S10	mu_0.5%_DMSO	magnitude_g1.25	EX_lac__L_e	0.5179466859611261	0.5179466859610469	0.5179467668830827	0.01983084473213053
S10	mu_21%_BAY	magnitude_g0.80	EX_glc__D_e	-0.30151290857309304	-0.30151290857308755	-0.3015128996216481	0.021948251260647308
S10	mu_21%_BAY	magnitude_g0.80	EX_lac__L_e	0.573909520412968	0.5739095204130258	0.5739095318035435	0.021948251260647308
S10	mu_21%_BAY	magnitude_g1.25	EX_glc__D_e	-0.30079800477324214	-0.3007980207251462	-0.30079800477327173	0.021948251260647308
S10	mu_21%_BAY	magnitude_g1.25	EX_lac__L_e	0.5732497472026618	0.5732497472027235	0.5732498287376349	0.021948251260647308
S10	mu_21%_BAY	magnitude_g1.00	EX_glc__D_e	-0.3011269250815227	-0.3011269307811503	-0.3011269250815056	0.021948251260647308
S10	mu_21%_BAY	magnitude_g1.00	EX_lac__L_e	0.5739075878192228	0.5739075878192883	0.573907601995754	0.021948251260647308
S10	mu_21%_BAY	magnitude_g2.00	EX_glc__D_e	-0.2996998332471027	-0.2996998360429565	-0.2996998272195356	0.021948251260647308
S10	mu_21%_BAY	magnitude_g2.00	EX_lac__L_e	0.5728795759583852	0.5728795759583815	0.5728795854555082	0.021948251260647308
S10	mu_21%_DMSO	magnitude_g2.00	EX_glc__D_e	-0.37103246354556646	-0.3710324663930283	-0.37103245740671736	0.027172233116188327
S10	mu_21%_DMSO	magnitude_g2.00	EX_lac__L_e	0.7092326957245237	0.709232695724495	0.709232705396961	0.027172233116188327
S10	mu_21%_DMSO	magnitude_g0.50	EX_glc__D_e	-0.3750895326000791	-0.3750895390605562	-0.3750895326002157	0.027172233116188327
S10	mu_21%_DMSO	magnitude_g0.50	EX_lac__L_e	0.7106603490302815	0.7106603490304384	0.7106603619512734	0.027172233116188327
S10	mu_21%_DMSO	magnitude_g0.80	EX_glc__D_e	-0.37327725939829237	-0.3732772593983036	-0.37327725028071823	0.027172233116188327
S10	mu_21%_DMSO	magnitude_g0.80	EX_lac__L_e	0.7105077813443685	0.7105077813443552	0.7105077929462905	0.027172233116188327
S10	mu_21%_BAY	uniform_pfba	EX_glc__D_e	-0.007373215051580527	-0.007373243241693157	-0.007373193909004272	0.021948251260647308
S10	mu_21%_BAY	uniform_pfba	EX_lac__L_e	0.0	0.0	0.12863032181915476	0.021948251260647308
S10	mu_21%_DMSO	magnitude_g1.25	EX_glc__D_e	-0.3723921679579188	-0.3723921842054247	-0.37239216795791236	0.027172233116188327
S10	mu_21%_DMSO	magnitude_g1.25	EX_lac__L_e	0.709691278194197	0.7096912781941651	0.7096913612393551	0.027172233116188327
S10	mu_21%_BAY	ordinal	EX_glc__D_e	-0.30236932389448257	-0.3023693435353398	-0.302369323894515	0.021948251260647308
S10	mu_21%_BAY	ordinal	EX_lac__L_e	0.5776880975318817	0.5776880975319327	0.5776881376196804	0.021948251260647308
S10	mu_21%_DMSO	magnitude_g1.00	EX_glc__D_e	-0.37279945163378336	-0.3727994574390335	-0.3727994516337718	0.027172233116188327
S10	mu_21%_DMSO	magnitude_g1.00	EX_lac__L_e	0.7105058455459251	0.710505845545972	0.7105058599851521	0.027172233116188327
S10	mu_21%_DMSO	ordinal	EX_glc__D_e	-0.374337332737909	-0.374337352743849	-0.37433733273792735	0.027172233116188327
S10	mu_21%_DMSO	ordinal	EX_lac__L_e	0.7151857169132267	0.7151857169133207	0.7151857577461967	0.027172233116188327
S11	mu_0.5%_BAY	magnitude_g0.80	EX_glc__D_e	-0.24663072406163863	-0.24663073306559352	-0.24663072406163997	0.017940953683000735
S11	mu_0.5%_BAY	magnitude_g0.80	EX_lac__L_e	0.47115206394050874	0.4711520639405413	0.47115207041283025	0.017940953683000735
S11	mu_0.5%_BAY	magnitude_g0.50	EX_glc__D_e	-0.24663234216804616	-0.2466323485563485	-0.2466323377843626	0.017940953683000735
S11	mu_0.5%_BAY	magnitude_g0.50	EX_lac__L_e	0.47115297392486233	0.47115297392488714	0.4711530338698144	0.017940953683000735
S10	mu_21%_DMSO	uniform_pfba	EX_glc__D_e	-0.009128140361530812	-0.009128168914266545	-0.009128118946977782	0.027172233116188327
S10	mu_21%_DMSO	uniform_pfba	EX_lac__L_e	0.0	0.0	0.15924606536724745	0.027172233116188327
S11	mu_0.5%_BAY	magnitude_g2.00	EX_glc__D_e	-0.24498081826086288	-0.24498083255037792	-0.24498081826086907	0.017940953683000735
S11	mu_0.5%_BAY	magnitude_g2.00	EX_lac__L_e	0.4682835867864978	0.46828358678649085	0.4682835982084508	0.017940953683000735
S11	mu_0.5%_BAY	magnitude_g1.00	EX_glc__D_e	-0.24629295526995118	-0.24629296032843848	-0.24629295526997425	0.017940953683000735
S11	mu_0.5%_BAY	magnitude_g1.00	EX_lac__L_e	0.47090784424409676	0.47090784424402304	0.4709078541632153	0.017940953683000735
S11	mu_0.5%_DMSO	magnitude_g0.50	EX_glc__D_e	-0.2726124854231814	-0.2726124918549958	-0.2726124810096402	0.01983084473213053
S11	mu_0.5%_DMSO	magnitude_g0.50	EX_lac__L_e	0.5207840271394628	0.5207840271394433	0.5207840874927131	0.01983084473213053
S11	mu_0.5%_BAY	magnitude_g1.25	EX_glc__D_e	-0.24602660066551102	-0.2460266059425166	-0.24602660066558832	0.017940953683000735
S11	mu_0.5%_BAY	magnitude_g1.25	EX_lac__L_e	0.47037513503521644	0.47037513503547984	0.47037514533078617	0.017940953683000735
S11	mu_0.5%_BAY	ordinal	EX_glc__D_e	-0.2501844655902845	-0.25018447832130747	-0.2501844655902784	0.017940953683000735
S11	mu_0.5%_BAY	ordinal	EX_lac__L_e	0.4782572529653576	0.478257252965361	0.47825727842744015	0.017940953683000735
S11	mu_0.5%_DMSO	magnitude_g0.80	EX_glc__D_e	-0.27261086633131987	-0.27261087539659445	-0.27261086633142323	0.01983084473213053
S11	mu_0.5%_DMSO	magnitude_g0.80	EX_lac__L_e	0.5207831167627042	0.5207831167628185	0.5207831232791085	0.01983084473213053
S11	mu_0.5%_BAY	uniform_pfba	EX_glc__D_e	-0.006027018196770474	-0.006027046108744551	-0.006026997262797702	0.017940953683000735
S11	mu_0.5%_BAY	uniform_pfba	EX_lac__L_e	0.0	0.0	0.10514509573101155	0.017940953683000735
S11	mu_0.5%_DMSO	magnitude_g1.25	EX_glc__D_e	-0.271943097470574	-0.27194310278341943	-0.2719430974705943	0.01983084473213053
S11	mu_0.5%_DMSO	magnitude_g1.25	EX_lac__L_e	0.5199245720307509	0.5199245720306229	0.5199245823962344	0.01983084473213053
S11	mu_0.5%_DMSO	uniform_pfba	EX_glc__D_e	-0.006661901266214585	-0.00666192930937618	-0.006661880233849028	0.01983084473213053
S11	mu_0.5%_DMSO	uniform_pfba	EX_lac__L_e	0.0	0.0	0.11622101852207631	0.01983084473213053
S11	mu_0.5%_DMSO	magnitude_g2.00	EX_glc__D_e	-0.27078697586283884	-0.27078699024888064	-0.27078697586290906	0.01983084473213053
S11	mu_0.5%_DMSO	magnitude_g2.00	EX_lac__L_e	0.5176123454877357	0.5176123454877785	0.5176123569868322	0.01983084473213053
S11	mu_0.5%_DMSO	magnitude_g1.00	EX_glc__D_e	-0.2722378002207327	-0.272237805313966	-0.27223780022067234	0.01983084473213053
S11	mu_0.5%_DMSO	magnitude_g1.00	EX_lac__L_e	0.52051397753107	0.5205139775312632	0.5205139875183312	0.01983084473213053
S11	mu_0.5%_DMSO	ordinal	EX_glc__D_e	-0.2765388281131701	-0.27653884093200454	-0.27653882811318947	0.01983084473213053
S11	mu_0.5%_DMSO	ordinal	EX_lac__L_e	0.5286367449347541	0.5286367449348215	0.5286367705723973	0.01983084473213053
S11	mu_21%_BAY	magnitude_g0.50	EX_glc__D_e	-0.30172026122093065	-0.3017202677014988	-0.3017202567739282	0.021948251260647308
S11	mu_21%_BAY	magnitude_g0.50	EX_lac__L_e	0.5763899395237545	0.5763899395236866	0.5763900003344905	0.021948251260647308
S11	mu_21%_BAY	magnitude_g0.80	EX_glc__D_e	-0.30171864102513557	-0.30171865015904525	-0.3017186410251364	0.021948251260647308
S11	mu_21%_BAY	magnitude_g0.80	EX_lac__L_e	0.5763890287074636	0.576389028707397	0.5763890352731987	0.021948251260647308
S11	mu_21%_BAY	magnitude_g2.00	EX_glc__D_e	-0.29969982065786904	-0.299699835151695	-0.2996998206579503	0.021948251260647308
S11	mu_21%_BAY	magnitude_g2.00	EX_lac__L_e	0.5728795714826869	0.5728795714828796	0.5728795830679476	0.021948251260647308
S11	mu_21%_BAY	ordinal	EX_glc__D_e	-0.3060658737525674	-0.3060658866695573	-0.3060658737525334	0.021948251260647308
S11	mu_21%_BAY	ordinal	EX_lac__L_e	0.5850811972480496	0.5850811972480146	0.585081223082056	0.021948251260647308
S11	mu_21%_DMSO	magnitude_g0.50	EX_glc__D_e	-0.3735338173683467	-0.37353382396922086	-0.373533812838805	0.027172233116188327
S11	mu_21%_DMSO	magnitude_g0.50	EX_lac__L_e	0.7135786529067727	0.7135786529067666	0.7135787148463985	0.027172233116188327
S11	mu_21%_BAY	magnitude_g1.00	EX_glc__D_e	-0.3013060283105202	-0.30130603344204177	-0.30130602831040415	0.021948251260647308
S11	mu_21%_BAY	magnitude_g1.00	EX_lac__L_e	0.576091969990633	0.576091969990546	0.576091980052967	0.021948251260647308
S11	mu_21%_BAY	uniform_pfba	EX_glc__D_e	-0.007373215051580527	-0.007373243241693157	-0.007373193909004272	0.021948251260647308
S11	mu_21%_BAY	uniform_pfba	EX_lac__L_e	0.0	0.0	0.12863032181915476	0.021948251260647308
S11	mu_21%_BAY	magnitude_g1.25	EX_glc__D_e	-0.30097956470846615	-0.3009795700614865	-0.30097956470849174	0.021948251260647308
S11	mu_21%_BAY	magnitude_g1.25	EX_lac__L_e	0.5754390427865242	0.5754390427864201	0.575439053230402	0.021948251260647308
S11	mu_21%_DMSO	magnitude_g0.80	EX_glc__D_e	-0.37353219444878677	-0.3735322037520604	-0.37353219444880326	0.027172233116188327
S11	mu_21%_DMSO	magnitude_g0.80	EX_lac__L_e	0.7135777410060881	0.7135777410060614	0.7135777476935617	0.027172233116188327
S11	mu_21%_DMSO	magnitude_g1.25	EX_glc__D_e	-0.3726171911903655	-0.37261719664257453	-0.3726171911903007	0.027172233116188327
S11	mu_21%_DMSO	magnitude_g1.25	EX_lac__L_e	0.7124021549916173	0.7124021549915548	0.7124021656290179	0.027172233116188327
S11	mu_21%_DMSO	uniform_pfba	EX_glc__D_e	-0.009128140361530812	-0.009128168914266545	-0.009128118946977782	0.027172233116188327
S11	mu_21%_DMSO	uniform_pfba	EX_lac__L_e	0.0	0.0	0.15924606536724745	0.027172233116188327
S12	mu_0.5%_BAY	magnitude_g1.25	EX_glc__D_e	-0.24602805024987304	-0.2460280788743576	-0.24602805024987348	0.017940953683000735
S12	mu_0.5%_BAY	magnitude_g1.25	EX_lac__L_e	0.4703780342039405	0.4703780342039493	0.47037807310765867	0.017940953683000735
S11	mu_21%_DMSO	magnitude_g2.00	EX_glc__D_e	-0.37103245072495505	-0.37103246548519186	-0.3710324507250443	0.027172233116188327
S11	mu_21%_DMSO	magnitude_g2.00	EX_lac__L_e	0.7092326911669095	0.7092326911668916	0.7092327029651072	0.027172233116188327
S11	mu_21%_DMSO	ordinal	EX_glc__D_e	-0.378913835912853	-0.3789138490725073	-0.37891383591282884	0.027172233116188327
S11	mu_21%_DMSO	ordinal	EX_lac__L_e	0.7243387232631142	0.7243387232630438	0.7243387495823324	0.027172233116188327
S11	mu_21%_DMSO	magnitude_g1.00	EX_glc__D_e	-0.3730220139127753	-0.3730220191392621	-0.37302201391303913	0.027172233116188327
S11	mu_21%_DMSO	magnitude_g1.00	EX_lac__L_e	0.7132118004364387	0.7132118004362663	0.7132118106849881	0.027172233116188327
S12	mu_0.5%_BAY	ordinal	EX_glc__D_e	-0.2509127283648532	-0.2509127324421453	-0.2509127283649619	0.017940953683000735
S12	mu_0.5%_BAY	ordinal	EX_lac__L_e	0.48040173933426505	0.48040173933446795	0.4804017475847535	0.017940953683000735
S12	mu_0.5%_BAY	magnitude_g0.50	EX_glc__D_e	-0.24668625999435143	-0.24668626415482017	-0.24668625854046067	0.017940953683000735
S12	mu_0.5%_BAY	magnitude_g0.50	EX_lac__L_e	0.47126081351342697	0.4712608135133412	0.4712608500944193	0.017940953683000735
S12	mu_0.5%_BAY	magnitude_g1.00	EX_glc__D_e	-0.24629708997019623	-0.246297107000047	-0.2462970899701895	0.017940953683000735
S12	mu_0.5%_BAY	magnitude_g1.00	EX_lac__L_e	0.4709161136445863	0.4709161136445793	0.47091613830942525	0.017940953683000735
S12	mu_0.5%_BAY	uniform_pfba	EX_glc__D_e	-0.006027018196770474	-0.006027046108744551	-0.006026997262797702	0.017940953683000735
S12	mu_0.5%_BAY	uniform_pfba	EX_lac__L_e	0.0	0.0	0.10514509573101155	0.017940953683000735
S12	mu_0.5%_BAY	magnitude_g0.80	EX_glc__D_e	-0.24663249622414976	-0.24663250055462307	-0.24663248839514984	0.017940953683000735
S12	mu_0.5%_BAY	magnitude_g0.80	EX_lac__L_e	0.4711533092438655	0.4711533092438877	0.47115332289402684	0.017940953683000735
S12	mu_0.5%_BAY	magnitude_g2.00	EX_glc__D_e	-0.24500054050784845	-0.24500054414788852	-0.24500053285386936	0.017940953683000735
S12	mu_0.5%_BAY	magnitude_g2.00	EX_lac__L_e	0.4682835936292484	0.46828359362925115	0.46828360273456654	0.017940953683000735
S12	mu_0.5%_DMSO	magnitude_g0.50	EX_glc__D_e	-0.27267218160599843	-0.2726721857948165	-0.2726721801421994	0.01983084473213053
S12	mu_0.5%_DMSO	magnitude_g0.50	EX_lac__L_e	0.5209034234677902	0.52090342346765	0.5209034602980435	0.01983084473213053
S12	mu_0.5%_DMSO	magnitude_g0.80	EX_glc__D_e	-0.2726126395407323	-0.2726126439006803	-0.2726126316584392	0.01983084473213053
S12	mu_0.5%_DMSO	magnitude_g0.80	EX_lac__L_e	0.5207843627666935	0.5207843627666994	0.5207843765097564	0.01983084473213053
S12	mu_0.5%_DMSO	magnitude_g1.25	EX_glc__D_e	-0.27194454812229507	-0.2719445769412605	-0.271944548122295	0.01983084473213053
S12	mu_0.5%_DMSO	magnitude_g1.25	EX_lac__L_e	0.5199274733341939	0.5199274733342149	0.5199275125022336	0.01983084473213053
S12	mu_0.5%_DMSO	magnitude_g2.00	EX_glc__D_e	-0.2708087743978489	-0.27080877806253256	-0.2708087666920032	0.01983084473213053
S12	mu_0.5%_DMSO	magnitude_g2.00	EX_lac__L_e	0.5176123523766857	0.5176123523766866	0.5176123615436468	0.01983084473213053
S12	mu_0.5%_DMSO	uniform_pfba	EX_glc__D_e	-0.006661901266214585	-0.00666192930937618	-0.006661880233849028	0.01983084473213053
S12	mu_0.5%_DMSO	uniform_pfba	EX_lac__L_e	0.0	0.0	0.11622101852207631	0.01983084473213053
S12	mu_0.5%_DMSO	ordinal	EX_glc__D_e	-0.2773442355243412	-0.277344239629683	-0.2773442355243094	0.01983084473213053
S12	mu_0.5%_DMSO	ordinal	EX_lac__L_e	0.5310079900240529	0.5310079900237348	0.531007998331306	0.01983084473213053
S12	mu_21%_BAY	magnitude_g0.50	EX_glc__D_e	-0.3017864313906166	-0.30178643561121077	-0.3017864299157246	0.021948251260647308
S12	mu_21%_BAY	magnitude_g0.50	EX_lac__L_e	0.5765222838556867	0.5765222838558276	0.5765223209653347	0.021948251260647308
S12	mu_0.5%_DMSO	magnitude_g1.00	EX_glc__D_e	-0.2722419376461991	-0.27224195479200985	-0.2722419376462108	0.01983084473213053
S12	mu_0.5%_DMSO	magnitude_g1.00	EX_lac__L_e	0.5205222523820021	0.5205222523820321	0.520522277214836	0.01983084473213053
S12	mu_21%_BAY	magnitude_g0.80	EX_glc__D_e	-0.3017204154073121	-0.3017204198003018	-0.301720407465325	0.021948251260647308
S12	mu_21%_BAY	magnitude_g0.80	EX_lac__L_e	0.5763902754962666	0.5763902754962911	0.5763902893435251	0.021948251260647308
S12	mu_21%_BAY	magnitude_g2.00	EX_glc__D_e	-0.29972394543552894	-0.29972394912784445	-0.29972393767160393	0.021948251260647308
S12	mu_21%_BAY	magnitude_g2.00	EX_lac__L_e	0.5728795784231315	0.5728795784231352	0.5728795876592251	0.021948251260647308
S12	mu_21%_BAY	ordinal	EX_glc__D_e	-0.306957712895743	-0.306957717032486	-0.3069577128956721	0.021948251260647308
S12	mu_21%_BAY	ordinal	EX_lac__L_e	0.5877064995192002	0.587706499519168	0.5877065078899949	0.021948251260647308
S12	mu_21%_BAY	magnitude_g1.00	EX_glc__D_e	-0.3013101687888975	-0.3013101860643265	-0.3013101687889011	0.021948251260647308
S12	mu_21%_BAY	magnitude_g1.00	EX_lac__L_e	0.5761002509473873	0.5761002509474125	0.5761002759679531	0.021948251260647308
S12	mu_21%_BAY	magnitude_g1.25	EX_glc__D_e	-0.30098101655613285	-0.300981045593105	-0.3009810165561245	0.021948251260647308
S12	mu_21%_BAY	magnitude_g1.25	EX_lac__L_e	0.5754419464818578	0.575441946481833	0.5754419859462384	0.021948251260647308
S12	mu_21%_BAY	uniform_pfba	EX_glc__D_e	-0.007373215051580527	-0.007373243241693157	-0.007373193909004272	0.021948251260647308
S12	mu_21%_BAY	uniform_pfba	EX_lac__L_e	0.0	0.0	0.12863032181915476	0.021948251260647308
S12	mu_21%_DMSO	magnitude_g0.80	EX_glc__D_e	-0.3735339717245805	-0.3735339761990913	-0.37353396363517694	0.027172233116188327
S12	mu_21%_DMSO	magnitude_g0.80	EX_lac__L_e	0.7135789897314058	0.7135789897314004	0.7135790038355855	0.027172233116188327
S12	mu_21%_DMSO	magnitude_g1.00	EX_glc__D_e	-0.37302616192340926	-0.3730261795192437	-0.3730261619234289	0.027172233116188327
S12	mu_21%_DMSO	magnitude_g1.00	EX_lac__L_e	0.7132200964577055	0.7132200964577246	0.7132201219423121	0.027172233116188327
S12	mu_21%_DMSO	ordinal	EX_glc__D_e	-0.38001891601548277	-0.38001892023065487	-0.3800189160157883	0.027172233116188327
S12	mu_21%_DMSO	ordinal	EX_lac__L_e	0.7275908253907416	0.7275908253913552	0.7275908339202221	0.027172233116188327
S12	mu_21%_DMSO	magnitude_g2.00	EX_glc__D_e	-0.37106231471718254	-0.37106231847763466	-0.37106230681006386	0.027172233116188327
S12	mu_21%_DMSO	magnitude_g2.00	EX_lac__L_e	0.7092326982347718	0.709232698234782	0.7092327076412599	0.027172233116188327
S12	mu_21%_DMSO	uniform_pfba	EX_glc__D_e	-0.009128140361530812	-0.009128168914266545	-0.009128118946977782	0.027172233116188327
S12	mu_21%_DMSO	uniform_pfba	EX_lac__L_e	0.0	0.0	0.15924606536724745	0.027172233116188327
S12	mu_21%_DMSO	magnitude_g1.25	EX_glc__D_e	-0.37261864598835065	-0.37261867556322503	-0.37261864598834865	0.027172233116188327
S12	mu_21%_DMSO	magnitude_g1.25	EX_lac__L_e	0.7124050645875886	0.7124050645875823	0.7124051047830179	0.027172233116188327
S12	mu_21%_DMSO	magnitude_g0.50	EX_glc__D_e	-0.3736159599030758	-0.3736159642020242	-0.3736159584007727	0.027172233116188327
S12	mu_21%_DMSO	magnitude_g0.50	EX_lac__L_e	0.7137429420428977	0.7137429420426973	0.7137429798414545	0.027172233116188327
S13	mu_0.5%_BAY	magnitude_g0.80	EX_glc__D_e	-0.2449808310100634	-0.24498083134439172	-0.2449808306154587	0.017940953683000735
S13	mu_0.5%_BAY	magnitude_g0.80	EX_lac__L_e	0.4682835952482214	0.4682835952482321	0.4682835963929779	0.017940953683000735
S13	mu_0.5%_BAY	magnitude_g0.50	EX_glc__D_e	-0.24631714136294958	-0.246317143046309	-0.24631714136293628	0.017940953683000735
S13	mu_0.5%_BAY	magnitude_g0.50	EX_lac__L_e	0.470916797164693	0.4709167971647616	0.4709168005313884	0.017940953683000735
S13	mu_0.5%_BAY	ordinal	EX_glc__D_e	-0.24691888406689014	-0.24691888912596607	-0.24691888406689794	0.017940953683000735
S13	mu_0.5%_BAY	ordinal	EX_lac__L_e	0.4721597018379755	0.47215970183783895	0.47215971195613743	0.017940953683000735
S13	mu_0.5%_BAY	magnitude_g1.00	EX_glc__D_e	-0.24498082562925466	-0.24498083121245334	-0.244980825629166	0.017940953683000735
S13	mu_0.5%_BAY	magnitude_g1.00	EX_lac__L_e	0.46828359198771624	0.4682835919876745	0.4682835961219999	0.017940953683000735
S13	mu_0.5%_BAY	magnitude_g2.00	EX_glc__D_e	-0.244489278604636	-0.24448927897563122	-0.24448927860466266	0.017940953683000735
S13	mu_0.5%_BAY	magnitude_g2.00	EX_lac__L_e	0.467936617327887	0.46793661721903385	0.4679366179050603	0.017940953683000735
S13	mu_0.5%_BAY	uniform_pfba	EX_glc__D_e	-0.006027018196770474	-0.006027046108744551	-0.006026997262797702	0.017940953683000735
S13	mu_0.5%_BAY	uniform_pfba	EX_lac__L_e	0.0	0.0	0.10514509573101155	0.017940953683000735
S13	mu_0.5%_DMSO	magnitude_g0.80	EX_glc__D_e	-0.27078698869816487	-0.2707869890347586	-0.27078698830094305	0.01983084473213053
S13	mu_0.5%_DMSO	magnitude_g0.80	EX_lac__L_e	0.5176123540065957	0.5176123540066292	0.5176123551590758	0.01983084473213053
S13	mu_0.5%_BAY	magnitude_g1.25	EX_glc__D_e	-0.2444892788092056	-0.24448927924912306	-0.24448927873327805	0.017940953683000735
S13	mu_0.5%_BAY	magnitude_g1.25	EX_lac__L_e	0.46793661754560545	0.46793661754641985	0.46793661807768	0.017940953683000735
S13	mu_0.5%_DMSO	magnitude_g1.25	EX_glc__D_e	-0.2702436566326582	-0.27024365707554304	-0.27024365655613425	0.01983084473213053
S13	mu_0.5%_DMSO	magnitude_g1.25	EX_lac__L_e	0.5172288258144112	0.5172288258143998	0.5172288264450291	0.01983084473213053
S13	mu_0.5%_DMSO	magnitude_g2.00	EX_glc__D_e	-0.270243656426614	-0.27024365680013335	-0.27024365642664133	0.01983084473213053
S13	mu_0.5%_DMSO	magnitude_g2.00	EX_lac__L_e	0.5172288255942188	0.5172288254827271	0.5172288261503019	0.01983084473213053
S13	mu_0.5%_DMSO	magnitude_g0.50	EX_glc__D_e	-0.2722640654294932	-0.27226406712442486	-0.27226406525193014	0.01983084473213053
S13	mu_0.5%_DMSO	magnitude_g0.50	EX_lac__L_e	0.5205229362775736	0.5205229360032507	0.5205229396674239	0.01983084473213053
S13	mu_0.5%_DMSO	magnitude_g1.00	EX_glc__D_e	-0.2707869832803671	-0.2707869889019393	-0.2707869832802397	0.01983084473213053
S13	mu_0.5%_DMSO	magnitude_g1.00	EX_lac__L_e	0.5176123507236386	0.5176123507236761	0.5176123548313954	0.01983084473213053
S13	mu_0.5%_DMSO	uniform_pfba	EX_glc__D_e	-0.006661901266214585	-0.00666192930937618	-0.006661880233849028	0.01983084473213053
S13	mu_0.5%_DMSO	uniform_pfba	EX_lac__L_e	0.0	0.0	0.11622101852207631	0.01983084473213053
S13	mu_0.5%_DMSO	ordinal	EX_glc__D_e	-0.27292953733154085	-0.2729295424252922	-0.2729295373315412	0.01983084473213053
S13	mu_0.5%_DMSO	ordinal	EX_lac__L_e	0.5218974517526854	0.5218974517525948	0.5218974619401803	0.01983084473213053
S13	mu_21%_BAY	magnitude_g0.50	EX_glc__D_e	-0.3013346229300268	-0.30133462463788313	-0.3013346228283696	0.021948251260647308
S13	mu_21%_BAY	magnitude_g0.50	EX_lac__L_e	0.5761009352635855	0.5761009352636863	0.5761009386793283	0.021948251260647308
S13	mu_21%_BAY	magnitude_g1.25	EX_glc__D_e	-0.29909848811418377	-0.2990984885604073	-0.2990984880370762	0.021948251260647308
S13	mu_21%_BAY	magnitude_g1.25	EX_lac__L_e	0.5724551012334594	0.5724551012334804	0.5724551018347828	0.021948251260647308
S13	mu_21%_BAY	magnitude_g0.80	EX_glc__D_e	-0.299699833589344	-0.2996998339285035	-0.2996998331890591	0.021948251260647308
S13	mu_21%_BAY	magnitude_g0.80	EX_lac__L_e	0.5728795800652862	0.5728795800653033	0.5728795812266155	0.021948251260647308
S13	mu_21%_BAY	magnitude_g1.00	EX_glc__D_e	-0.2996998281302556	-0.29969983379466136	-0.2996998281301473	0.021948251260647308
S13	mu_21%_BAY	magnitude_g1.00	EX_lac__L_e	0.5728795767573123	0.5728795767573984	0.5728795808963683	0.021948251260647308
S13	mu_21%_BAY	magnitude_g2.00	EX_glc__D_e	-0.2990984879065962	-0.2990984882829373	-0.29909848790659604	0.021948251260647308
S13	mu_21%_BAY	magnitude_g2.00	EX_lac__L_e	0.5724551010116495	0.5724551009992708	0.5724551015712123	0.021948251260647308
S13	mu_21%_BAY	uniform_pfba	EX_glc__D_e	-0.007373215051580527	-0.007373243241693157	-0.007373193909004272	0.021948251260647308
S13	mu_21%_BAY	uniform_pfba	EX_lac__L_e	0.0	0.0	0.12863032181915476	0.021948251260647308
S13	mu_21%_BAY	ordinal	EX_glc__D_e	-0.3020714961017119	-0.3020715012343449	-0.30207149610173883	0.021948251260647308
S13	mu_21%_BAY	ordinal	EX_lac__L_e	0.577622905573016	0.5776229055730772	0.577622915838278	0.021948251260647308
S13	mu_21%_DMSO	magnitude_g1.00	EX_glc__D_e	-0.3710324583341661	-0.37103246410322854	-0.37103245833425275	0.027172233116188327
S13	mu_21%_DMSO	magnitude_g1.00	EX_lac__L_e	0.7092326965381176	0.7092326965384648	0.7092327008509831	0.027172233116188327
S13	mu_21%_DMSO	magnitude_g0.50	EX_glc__D_e	-0.37305635556299166	-0.3730563573025182	-0.37305635556307176	0.027172233116188327
S13	mu_21%_DMSO	magnitude_g0.50	EX_lac__L_e	0.7132207818120124	0.7132207818122789	0.7132207852910688	0.027172233116188327
S13	mu_21%_DMSO	magnitude_g0.80	EX_glc__D_e	-0.37103246389412053	-0.37103246423956204	-0.371032463486437	0.027172233116188327
S13	mu_21%_DMSO	magnitude_g0.80	EX_lac__L_e	0.7092326999071896	0.7092326998672897	0.7092327010900263	0.027172233116188327
S13	mu_21%_DMSO	uniform_pfba	EX_glc__D_e	-0.009128140361530812	-0.009128168914266545	-0.009128118946977782	0.027172233116188327
S13	mu_21%_DMSO	uniform_pfba	EX_lac__L_e	0.0	0.0	0.15924606536724745	0.027172233116188327
S13	mu_21%_DMSO	magnitude_g2.00	EX_glc__D_e	-0.370287989811868	-0.3702879901951586	-0.3702879898118282	0.027172233116188327
S13	mu_21%_DMSO	magnitude_g2.00	EX_lac__L_e	0.7087071890468123	0.7087071890098329	0.7087071896201861	0.027172233116188327
S13	mu_21%_DMSO	magnitude_g1.25	EX_glc__D_e	-0.37028798991309103	-0.3702879904777878	-0.3702879899447554	0.027172233116188327
S13	mu_21%_DMSO	magnitude_g1.25	EX_lac__L_e	0.7087071892477309	0.7087071892727445	0.7087071898159343	0.027172233116188327
S14	mu_0.5%_BAY	magnitude_g0.50	EX_glc__D_e	-0.2486736427740186	-0.2486736632061614	-0.2486736427740703	0.017940953683000735
S14	mu_0.5%_BAY	magnitude_g0.50	EX_lac__L_e	0.47125434525182636	0.47125434525183796	0.4712544400525551	0.017940953683000735
S14	mu_0.5%_BAY	magnitude_g0.80	EX_glc__D_e	-0.24614533296233906	-0.2461453380533255	-0.24614533296241903	0.017940953683000735
S14	mu_0.5%_BAY	magnitude_g0.80	EX_lac__L_e	0.46911984590091843	0.4691198459010921	0.46911985694758357	0.017940953683000735
S13	mu_21%_DMSO	ordinal	EX_glc__D_e	-0.3739693871301303	-0.3739693923585441	-0.3739693871302743	0.027172233116188327
S13	mu_21%_DMSO	ordinal	EX_lac__L_e	0.7151065468711482	0.7151065468713196	0.7151065573279836	0.027172233116188327
S14	mu_0.5%_BAY	magnitude_g1.00	EX_glc__D_e	-0.24578991299539266	-0.2457899229808303	-0.24578991299539177	0.017940953683000735
S14	mu_0.5%_BAY	magnitude_g1.00	EX_lac__L_e	0.46840900596702545	0.4684090059670471	0.4684090601139236	0.017940953683000735
S14	mu_0.5%_BAY	uniform_pfba	EX_glc__D_e	-0.006027018196770474	-0.006027046108744551	-0.006026997262797702	0.017940953683000735
S14	mu_0.5%_BAY	uniform_pfba	EX_lac__L_e	0.0	0.0	0.10514509573101155	0.017940953683000735
S14	mu_0.5%_BAY	magnitude_g1.25	EX_glc__D_e	-0.24498082970218302	-0.2449808354554504	-0.24498082883042563	0.017940953683000735
S14	mu_0.5%_BAY	magnitude_g1.25	EX_lac__L_e	0.46828357955365707	0.4682835795536869	0.46828360461508844	0.017940953683000735
S14	mu_0.5%_DMSO	magnitude_g0.80	EX_glc__D_e	-0.27207445461851393	-0.27207445973536504	-0.27207445461846697	0.01983084473213053
S14	mu_0.5%_DMSO	magnitude_g0.80	EX_lac__L_e	0.5185372866707929	0.5185372866706833	0.518537297792576	0.01983084473213053
S14	mu_0.5%_BAY	magnitude_g2.00	EX_glc__D_e	-0.2449807514031376	-0.24498083485267597	-0.2449807514031983	0.017940953683000735
S14	mu_0.5%_BAY	magnitude_g2.00	EX_lac__L_e	0.4682835395928099	0.4682835395927069	0.4682836005642787	0.017940953683000735
S14	mu_0.5%_DMSO	magnitude_g2.00	EX_glc__D_e	-0.2707869085521184	-0.2707869925668106	-0.2707869085519543	0.01983084473213053
S14	mu_0.5%_DMSO	magnitude_g2.00	EX_lac__L_e	0.5176122979742878	0.5176122979741878	0.5176123593586724	0.01983084473213053
S14	mu_0.5%_DMSO	magnitude_g1.25	EX_glc__D_e	-0.27078698738141965	-0.27078699317367966	-0.2707869865037451	0.01983084473213053
S14	mu_0.5%_DMSO	magnitude_g1.25	EX_lac__L_e	0.5176123382056524	0.5176123382055998	0.5176123634369657	0.01983084473213053
S14	mu_0.5%_DMSO	magnitude_g1.00	EX_glc__D_e	-0.2716813331579606	-0.27168134321130366	-0.2716813331579529	0.01983084473213053
S14	mu_0.5%_DMSO	magnitude_g1.00	EX_lac__L_e	0.517751043749686	0.5177510437496635	0.5177510982647423	0.01983084473213053
S14	mu_0.5%_BAY	ordinal	EX_glc__D_e	-0.24764393750100944	-0.24764393920984973	-0.24764393365647291	0.017940953683000735
S14	mu_0.5%_BAY	ordinal	EX_lac__L_e	0.4731761878419887	0.47317618784199866	0.4731762005869762	0.017940953683000735
S14	mu_0.5%_DMSO	uniform_pfba	EX_glc__D_e	-0.006661901266214585	-0.00666192930937618	-0.006661880233849028	0.01983084473213053
S14	mu_0.5%_DMSO	uniform_pfba	EX_lac__L_e	0.0	0.0	0.11622101852207631	0.01983084473213053
S14	mu_21%_BAY	magnitude_g0.50	EX_glc__D_e	-0.30421803702571665	-0.30421805775597605	-0.30421803702572076	0.021948251260647308
S14	mu_21%_BAY	magnitude_g0.50	EX_lac__L_e	0.5765150056473081	0.5765150056473067	0.5765151018320579	0.021948251260647308
S14	mu_0.5%_DMSO	magnitude_g0.50	EX_glc__D_e	-0.2748690653727706	-0.2748690859453085	-0.27486906537281447	0.01983084473213053
S14	mu_0.5%_DMSO	magnitude_g0.50	EX_lac__L_e	0.5208965732251516	0.520896573225211	0.5208966686786709	0.01983084473213053
S14	mu_0.5%_DMSO	ordinal	EX_glc__D_e	-0.27373069501904057	-0.2737306967395647	-0.2737306911482141	0.01983084473213053
S14	mu_0.5%_DMSO	ordinal	EX_lac__L_e	0.5230204697405564	0.5230204697405171	0.5230204823963901	0.01983084473213053
S14	mu_21%_BAY	magnitude_g0.80	EX_glc__D_e	-0.3011250665564681	-0.3011250717121453	-0.3011250665565506	0.021948251260647308
S14	mu_21%_BAY	magnitude_g0.80	EX_lac__L_e	0.5739038707691132	0.573903870769104	0.5739038819753084	0.021948251260647308
S14	mu_21%_BAY	magnitude_g1.00	EX_glc__D_e	-0.30068970488922303	-0.3006897150186176	-0.30068970488922836	0.021948251260647308
S14	mu_21%_BAY	magnitude_g1.00	EX_lac__L_e	0.5730331474346237	0.5730331474346227	0.5730332023620688	0.021948251260647308
S14	mu_21%_BAY	uniform_pfba	EX_glc__D_e	-0.007373215051580527	-0.007373243241693157	-0.007373193909004272	0.021948251260647308
S14	mu_21%_BAY	uniform_pfba	EX_lac__L_e	0.0	0.0	0.12863032181915476	0.021948251260647308
S14	mu_21%_BAY	ordinal	EX_glc__D_e	-0.30295791989104653	-0.30295792162464824	-0.3029579159907967	0.021948251260647308
S14	mu_21%_BAY	ordinal	EX_lac__L_e	0.5788652804505965	0.5788652804505742	0.5788652932026509	0.021948251260647308
S14	mu_21%_BAY	magnitude_g2.00	EX_glc__D_e	-0.29969975283920214	-0.2996998374871523	-0.2996997528390335	0.021948251260647308
S14	mu_21%_BAY	magnitude_g2.00	EX_lac__L_e	0.572879523610687	0.5728795236106949	0.5728795854577502	0.021948251260647308
S14	mu_21%_BAY	magnitude_g1.25	EX_glc__D_e	-0.2996998322626689	-0.29969983809864464	-0.29969983137839595	0.021948251260647308
S14	mu_21%_BAY	magnitude_g1.25	EX_lac__L_e	0.5728795641451768	0.57287956414527	0.5728795895668659	0.021948251260647308
S14	mu_21%_DMSO	magnitude_g0.50	EX_glc__D_e	-0.3766266620715036	-0.3766266831893076	-0.3766266620714412	0.027172233116188327
S14	mu_21%_DMSO	magnitude_g0.50	EX_lac__L_e	0.713734607973129	0.7137346079729917	0.7137347059549605	0.027172233116188327
S14	mu_21%_DMSO	magnitude_g1.00	EX_glc__D_e	-0.37225801524534785	-0.3722580255623893	-0.3722580152453606	0.027172233116188327
S14	mu_21%_DMSO	magnitude_g1.00	EX_lac__L_e	0.7094229727690534	0.7094229727691014	0.7094230287140869	0.027172233116188327
S14	mu_21%_DMSO	magnitude_g0.80	EX_glc__D_e	-0.37279759028434184	-0.3727975955356729	-0.3727975902844682	0.027172233116188327
S14	mu_21%_DMSO	magnitude_g0.80	EX_lac__L_e	0.7105021228470414	0.710502122847312	0.7105021342611136	0.027172233116188327
S14	mu_21%_DMSO	magnitude_g1.25	EX_glc__D_e	-0.3710324625429301	-0.3710324684867147	-0.3710324616423053	0.027172233116188327
S14	mu_21%_DMSO	magnitude_g1.25	EX_lac__L_e	0.7092326836929266	0.7092326836929531	0.7092327095843399	0.027172233116188327
S14	mu_21%_DMSO	magnitude_g2.00	EX_glc__D_e	-0.37103238165288727	-0.37103246786389255	-0.37103238165297076	0.027172233116188327
S14	mu_21%_DMSO	magnitude_g2.00	EX_lac__L_e	0.7092326424101562	0.7092326424100382	0.7092327053992483	0.027172233116188327
S14	mu_21%_DMSO	uniform_pfba	EX_glc__D_e	-0.009128140361530812	-0.009128168914266545	-0.009128118946977782	0.027172233116188327
S14	mu_21%_DMSO	uniform_pfba	EX_lac__L_e	0.0	0.0	0.15924606536724745	0.027172233116188327
S14	mu_21%_DMSO	ordinal	EX_glc__D_e	-0.3750661760823053	-0.37506617784821483	-0.3750661721093541	0.027172233116188327
S14	mu_21%_DMSO	ordinal	EX_lac__L_e	0.7166433943584966	0.7166433943584762	0.7166434073481831	0.027172233116188327
S15	mu_0.5%_BAY	magnitude_g0.50	EX_glc__D_e	-0.2466324892231491	-0.24663250135568393	-0.24663248532449916	0.017940953683000735
S15	mu_0.5%_BAY	magnitude_g0.50	EX_lac__L_e	0.47115322523185965	0.4711532252318154	0.47115332449620967	0.017940953683000735
S15	mu_0.5%_BAY	magnitude_g1.00	EX_glc__D_e	-0.2460286942371821	-0.24602870359174875	-0.24602869423719265	0.017940953683000735
S15	mu_0.5%_BAY	magnitude_g1.00	EX_lac__L_e	0.47037853803465013	0.47037853803465685	0.4703785493029742	0.017940953683000735
S15	mu_0.5%_BAY	magnitude_g1.25	EX_glc__D_e	-0.24602719597248487	-0.24602730976122858	-0.24602719597250267	0.017940953683000735
S15	mu_0.5%_BAY	magnitude_g1.25	EX_lac__L_e	0.47037632564916415	0.47037632564916315	0.4703765281332036	0.017940953683000735
S15	mu_0.5%_BAY	magnitude_g2.00	EX_glc__D_e	-0.24453779066571557	-0.24453780158367702	-0.2445377887496727	0.017940953683000735
S15	mu_0.5%_BAY	magnitude_g2.00	EX_lac__L_e	0.46793661472621084	0.46793661472621495	0.46793662732767	0.017940953683000735
S15	mu_0.5%_BAY	ordinal	EX_glc__D_e	-0.25002202166239884	-0.25002203515660637	-0.25002202166245346	0.017940953683000735
S15	mu_0.5%_BAY	ordinal	EX_lac__L_e	0.4779323651095865	0.47793236510969855	0.47793239434141754	0.017940953683000735
S15	mu_0.5%_BAY	uniform_pfba	EX_glc__D_e	-0.006027018196770474	-0.006027046108744551	-0.006026997262797702	0.017940953683000735
S15	mu_0.5%_BAY	uniform_pfba	EX_lac__L_e	0.0	0.0	0.10514509573101155	0.017940953683000735
S15	mu_0.5%_DMSO	magnitude_g0.80	EX_glc__D_e	-0.27224267484447306	-0.2722426889785015	-0.2722426748444383	0.01983084473213053
S15	mu_0.5%_DMSO	magnitude_g0.80	EX_lac__L_e	0.5205229305845999	0.5205229305845741	0.5205229424747737	0.01983084473213053
S15	mu_0.5%_BAY	magnitude_g0.80	EX_glc__D_e	-0.24629782679247683	-0.24629784083050374	-0.24629782679243445	0.017940953683000735
S15	mu_0.5%_BAY	magnitude_g0.80	EX_lac__L_e	0.47091679151030474	0.4709167915102591	0.47091680331972896	0.017940953683000735
S15	mu_0.5%_DMSO	magnitude_g1.25	EX_glc__D_e	-0.27194369317892164	-0.27194380774662386	-0.27194369317897676	0.01983084473213053
S15	mu_0.5%_DMSO	magnitude_g1.25	EX_lac__L_e	0.5199257634474473	0.5199257634475121	0.5199259668468409	0.01983084473213053
S15	mu_0.5%_DMSO	magnitude_g1.00	EX_glc__D_e	-0.27194519248859683	-0.27194520190712473	-0.271945192488591	0.01983084473213053
S15	mu_0.5%_DMSO	magnitude_g1.00	EX_lac__L_e	0.5199279774506104	0.5199279774505912	0.5199279887959837	0.01983084473213053
S15	mu_0.5%_DMSO	magnitude_g2.00	EX_glc__D_e	-0.27029729047377365	-0.270297301465623	-0.2702972885447533	0.01983084473213053
S15	mu_0.5%_DMSO	magnitude_g2.00	EX_lac__L_e	0.5172288229749356	0.5172288229749369	0.5172288356617127	0.01983084473213053
S15	mu_0.5%_DMSO	uniform_pfba	EX_glc__D_e	-0.006661901266214585	-0.00666192930937618	-0.006661880233849028	0.01983084473213053
S15	mu_0.5%_DMSO	uniform_pfba	EX_lac__L_e	0.0	0.0	0.11622101852207631	0.01983084473213053
S15	mu_0.5%_DMSO	ordinal	EX_glc__D_e	-0.27635931965794186	-0.27635933324551204	-0.27635931965783317	0.01983084473213053
S15	mu_0.5%_DMSO	ordinal	EX_lac__L_e	0.5282777280242972	0.5282777280241582	0.5282777574583825	0.01983084473213053
S15	mu_0.5%_DMSO	magnitude_g0.50	EX_glc__D_e	-0.2726126324917327	-0.2726126447074041	-0.2726126285663819	0.01983084473213053
S15	mu_0.5%_DMSO	magnitude_g0.50	EX_lac__L_e	0.520784278178707	0.5207842781788281	0.5207843781232075	0.01983084473213053
S15	mu_21%_BAY	magnitude_g0.50	EX_glc__D_e	-0.30172040830455993	-0.3017204206133558	-0.3017204043492785	0.021948251260647308
S15	mu_21%_BAY	magnitude_g0.50	EX_lac__L_e	0.5763901902632385	0.5763901902636424	0.5763902909696033	0.021948251260647308
S15	mu_21%_BAY	magnitude_g1.00	EX_glc__D_e	-0.3009816613470017	-0.30098167083711536	-0.30098166134699317	0.021948251260647308
S15	mu_21%_BAY	magnitude_g1.00	EX_lac__L_e	0.5754424509183041	0.5754424509183018	0.5754424623499091	0.021948251260647308
S15	mu_21%_BAY	magnitude_g2.00	EX_glc__D_e	-0.29915786055269544	-0.29915787162730234	-0.29915785860915195	0.021948251260647308
S15	mu_21%_BAY	magnitude_g2.00	EX_lac__L_e	0.5724550983726459	0.5724550982271684	0.5724551111549676	0.021948251260647308
S15	mu_21%_BAY	magnitude_g1.25	EX_glc__D_e	-0.3009801608666926	-0.3009802763043072	-0.30098016086676044	0.021948251260647308
S15	mu_21%_BAY	magnitude_g1.25	EX_lac__L_e	0.5754402351029778	0.575440235103059	0.5754404395239121	0.021948251260647308
S15	mu_21%_BAY	ordinal	EX_glc__D_e	-0.30586724644799607	-0.3058672601404493	-0.30586724644810825	0.021948251260647308
S15	mu_21%_BAY	ordinal	EX_lac__L_e	0.584683942638908	0.5846839426391897	0.5846839723001798	0.021948251260647308
S15	mu_21%_BAY	uniform_pfba	EX_glc__D_e	-0.007373215051580527	-0.007373243241693157	-0.007373193909004272	0.021948251260647308
S15	mu_21%_BAY	uniform_pfba	EX_lac__L_e	0.0	0.0	0.12863032181915476	0.021948251260647308
S15	mu_21%_BAY	magnitude_g0.80	EX_glc__D_e	-0.3013109064083243	-0.3013109206499707	-0.30131090640830427	0.021948251260647308
S15	mu_21%_BAY	magnitude_g0.80	EX_lac__L_e	0.5761009295272699	0.5761009295272126	0.5761009415080188	0.021948251260647308
S15	mu_21%_DMSO	magnitude_g0.50	EX_glc__D_e	-0.37353396448920806	-0.373533977027712	-0.3735339604600803	0.027172233116188327
S15	mu_21%_DMSO	magnitude_g0.50	EX_lac__L_e	0.7135789029069485	0.7135789029070807	0.7135790054928703	0.027172233116188327
S15	mu_21%_DMSO	magnitude_g1.00	EX_glc__D_e	-0.3726192918267908	-0.37261930149356265	-0.37261929182681364	0.027172233116188327
S15	mu_21%_DMSO	magnitude_g1.00	EX_lac__L_e	0.7124055698136833	0.7124055698137326	0.71240558145808	0.027172233116188327
S15	mu_21%_DMSO	magnitude_g1.25	EX_glc__D_e	-0.3726177884581962	-0.37261790604726686	-0.37261778845813354	0.027172233116188327
S15	mu_21%_DMSO	magnitude_g1.25	EX_lac__L_e	0.7124033495272802	0.712403349527347	0.7124035564763198	0.027172233116188327
S16	mu_0.5%_BAY	magnitude_g0.80	EX_glc__D_e	-0.24663017941089932	-0.2466302207119001	-0.24663017941083998	0.017940953683000735
S16	mu_0.5%_BAY	magnitude_g0.80	EX_lac__L_e	0.4711515865295257	0.47115158652945893	0.47115160823966135	0.017940953683000735
S15	mu_21%_DMSO	ordinal	EX_glc__D_e	-0.37866803933817816	-0.3786680532887286	-0.37866803933812443	0.027172233116188327
S15	mu_21%_DMSO	ordinal	EX_lac__L_e	0.7238471301137644	0.7238471301136906	0.7238471603341542	0.027172233116188327
S15	mu_21%_DMSO	magnitude_g2.00	EX_glc__D_e	-0.37036152050288806	-0.37036153178174513	-0.37036151852348975	0.027172233116188327
S15	mu_21%_DMSO	magnitude_g2.00	EX_lac__L_e	0.7087071863591653	0.7087071863591539	0.70870719937718	0.027172233116188327
S16	mu_0.5%_BAY	magnitude_g1.25	EX_glc__D_e	-0.246048008256264	-0.24604801724339903	-0.2460480082562997	0.017940953683000735
S16	mu_0.5%_BAY	magnitude_g1.25	EX_lac__L_e	0.47037853095132237	0.47037853095134446	0.47037854892557657	0.017940953683000735
S15	mu_21%_DMSO	magnitude_g0.80	EX_glc__D_e	-0.3730269005820524	-0.37302691508908375	-0.3730269005820605	0.027172233116188327
S15	mu_21%_DMSO	magnitude_g0.80	EX_lac__L_e	0.7132207759686114	0.7132207759685711	0.7132207881726176	0.027172233116188327
S16	mu_0.5%_BAY	magnitude_g0.50	EX_glc__D_e	-0.24668734257312674	-0.24668735734075448	-0.24668734257311767	0.017940953683000735
S16	mu_0.5%_BAY	magnitude_g0.50	EX_lac__L_e	0.4712630069310422	0.47126300693105294	0.4712630364662991	0.017940953683000735
S16	mu_0.5%_BAY	magnitude_g1.00	EX_glc__D_e	-0.2463166682018217	-0.24631671656270276	-0.24631666679931521	0.017940953683000735
S16	mu_0.5%_BAY	magnitude_g1.00	EX_lac__L_e	0.47091585084243665	0.4709158508424475	0.47091594756452987	0.017940953683000735
S15	mu_21%_DMSO	uniform_pfba	EX_glc__D_e	-0.009128140361530812	-0.009128168914266545	-0.009128118946977782	0.027172233116188327
S15	mu_21%_DMSO	uniform_pfba	EX_lac__L_e	0.0	0.0	0.15924606536724745	0.027172233116188327
S16	mu_0.5%_BAY	magnitude_g2.00	EX_glc__D_e	-0.245000536934118	-0.24500054283508252	-0.24500053693412632	0.017940953683000735
S16	mu_0.5%_BAY	magnitude_g2.00	EX_lac__L_e	0.4682835930023489	0.4682835930023497	0.46828360010897147	0.017940953683000735
S16	mu_0.5%_BAY	ordinal	EX_glc__D_e	-0.24887064018434582	-0.2488706461656627	-0.24887064018435584	0.017940953683000735
S16	mu_0.5%_BAY	ordinal	EX_lac__L_e	0.4780697064115214	0.47806970641154034	0.47806971837415474	0.017940953683000735
S16	mu_0.5%_BAY	uniform_pfba	EX_glc__D_e	-0.006027018196770474	-0.006027046108744551	-0.006026997262797702	0.017940953683000735
S16	mu_0.5%_BAY	uniform_pfba	EX_lac__L_e	0.0	0.0	0.10514509573101155	0.017940953683000735
S16	mu_0.5%_DMSO	magnitude_g0.50	EX_glc__D_e	-0.2726732645648263	-0.27267327943347336	-0.27267326456489155	0.01983084473213053
S16	mu_0.5%_DMSO	magnitude_g0.50	EX_lac__L_e	0.5209056178380662	0.5209056178381353	0.5209056475753524	0.01983084473213053
S16	mu_0.5%_DMSO	magnitude_g0.80	EX_glc__D_e	-0.2726103212828527	-0.2726103628662093	-0.27261032128255785	0.01983084473213053
S16	mu_0.5%_DMSO	magnitude_g0.80	EX_lac__L_e	0.5207826390705479	0.520782639070524	0.520782660929103	0.01983084473213053
S16	mu_0.5%_DMSO	magnitude_g2.00	EX_glc__D_e	-0.2708087707998883	-0.27080877674085757	-0.270808770799886	0.01983084473213053
S16	mu_0.5%_DMSO	magnitude_g2.00	EX_lac__L_e	0.5176123517455126	0.5176123517455111	0.5176123589003055	0.01983084473213053
S16	mu_0.5%_DMSO	magnitude_g1.00	EX_glc__D_e	-0.2722635919982573	-0.2722636406893952	-0.2722635905861896	0.01983084473213053
S16	mu_0.5%_DMSO	magnitude_g1.00	EX_lac__L_e	0.5205219894151005	0.5205219894150914	0.5205220867976889	0.01983084473213053
S16	mu_0.5%_DMSO	uniform_pfba	EX_glc__D_e	-0.006661901266214585	-0.00666192930937618	-0.006661880233849028	0.01983084473213053
S16	mu_0.5%_DMSO	uniform_pfba	EX_lac__L_e	0.0	0.0	0.11622101852207631	0.01983084473213053
S16	mu_21%_BAY	magnitude_g0.50	EX_glc__D_e	-0.30178751477530175	-0.301787529757037	-0.3017875147752683	0.021948251260647308
S16	mu_21%_BAY	magnitude_g0.50	EX_lac__L_e	0.5765244792935189	0.576524479293466	0.5765245092570108	0.021948251260647308
S16	mu_0.5%_DMSO	magnitude_g1.25	EX_glc__D_e	-0.27196658245021105	-0.2719665914986665	-0.27196658245022737	0.01983084473213053
S16	mu_0.5%_DMSO	magnitude_g1.25	EX_lac__L_e	0.5199279703190085	0.5199279703190361	0.519927988415932	0.01983084473213053
S16	mu_0.5%_DMSO	ordinal	EX_glc__D_e	-0.27508659120728196	-0.2750865972298956	-0.2750865912072819	0.01983084473213053
S16	mu_0.5%_DMSO	ordinal	EX_lac__L_e	0.5284294147378829	0.5284294147378991	0.5284294267831049	0.01983084473213053
S16	mu_21%_BAY	magnitude_g0.80	EX_glc__D_e	-0.3017180955310907	-0.3017181374304666	-0.30171809553096834	0.021948251260647308
S16	mu_21%_BAY	magnitude_g0.80	EX_lac__L_e	0.5763885507002502	0.5763885507003047	0.5763885727249214	0.021948251260647308
S16	mu_21%_BAY	magnitude_g1.00	EX_glc__D_e	-0.3013341491961891	-0.3013341982574217	-0.30133414777340156	0.021948251260647308
S16	mu_21%_BAY	magnitude_g1.00	EX_lac__L_e	0.5760999877959085	0.5760999877959242	0.5761000859185994	0.021948251260647308
S16	mu_21%_BAY	magnitude_g1.25	EX_glc__D_e	-0.3010053771645123	-0.30100538628170864	-0.30100537716449355	0.021948251260647308
S16	mu_21%_BAY	magnitude_g1.25	EX_lac__L_e	0.5754424437325558	0.5754424437325507	0.5754424619669485	0.021948251260647308
S16	mu_21%_BAY	ordinal	EX_glc__D_e	-0.30445856260893306	-0.30445856867778914	-0.30445856260892784	0.021948251260647308
S16	mu_21%_BAY	ordinal	EX_lac__L_e	0.5848517017441144	0.5848517017441056	0.5848517138818201	0.021948251260647308
S16	mu_21%_DMSO	magnitude_g0.50	EX_glc__D_e	-0.37361704433827136	-0.37361705959918007	-0.3736170443382383	0.027172233116188327
S16	mu_21%_DMSO	magnitude_g0.50	EX_lac__L_e	0.7137451401139496	0.7137451401139673	0.7137451706357636	0.027172233116188327
S16	mu_21%_BAY	magnitude_g2.00	EX_glc__D_e	-0.299723941810529	-0.2997239477961844	-0.29972394181049805	0.021948251260647308
S16	mu_21%_BAY	magnitude_g2.00	EX_lac__L_e	0.572879577787272	0.572879577787237	0.5728795849958679	0.021948251260647308
S16	mu_21%_DMSO	magnitude_g0.80	EX_glc__D_e	-0.37353164785538495	-0.37353169053503665	-0.37353164785503074	0.027172233116188327
S16	mu_21%_DMSO	magnitude_g0.80	EX_lac__L_e	0.7135772622216462	0.7135772622214398	0.7135772846564675	0.027172233116188327
S16	mu_21%_DMSO	magnitude_g1.25	EX_glc__D_e	-0.37264874590423175	-0.3726487551909221	-0.3726487459042589	0.027172233116188327
S16	mu_21%_DMSO	magnitude_g1.25	EX_lac__L_e	0.7124055624944892	0.7124055624945272	0.7124055810678601	0.027172233116188327
S16	mu_21%_BAY	uniform_pfba	EX_glc__D_e	-0.007373215051580527	-0.007373243241693157	-0.007373193909004272	0.021948251260647308
S16	mu_21%_BAY	uniform_pfba	EX_lac__L_e	0.0	0.0	0.12863032181915476	0.021948251260647308
S16	mu_21%_DMSO	magnitude_g1.00	EX_glc__D_e	-0.37305588108238824	-0.3730559310565982	-0.37305587963313047	0.027172233116188327
S16	mu_21%_DMSO	magnitude_g1.00	EX_lac__L_e	0.713219832850802	0.7132198328508519	0.7132199327991289	0.027172233116188327
S16	mu_21%_DMSO	magnitude_g2.00	EX_glc__D_e	-0.37106231102525755	-0.37106231712138044	-0.3710623110252759	0.027172233116188327
S16	mu_21%_DMSO	magnitude_g2.00	EX_lac__L_e	0.7092326975871499	0.70923269758716	0.7092327049287891	0.027172233116188327
S16	mu_21%_DMSO	ordinal	EX_glc__D_e	-0.37692393172775357	-0.3769239379107911	-0.37692393172778205	0.027172233116188327
S16	mu_21%_DMSO	ordinal	EX_lac__L_e	0.7240545423884652	0.7240545423884727	0.7240545547545357	0.027172233116188327
S16	mu_21%_DMSO	uniform_pfba	EX_glc__D_e	-0.009128140361530812	-0.009128168914266545	-0.009128118946977782	0.027172233116188327
S16	mu_21%_DMSO	uniform_pfba	EX_lac__L_e	0.0	0.0	0.15924606536724745	0.027172233116188327
