context	arm	exchange_id	point_glpk	point_second	abs_diff	width_glpk	width_second	fixed_glpk	fixed_second	rel_diff_primary_optimum
LE:K-562	ordinal	EX_4abut_e	0.0	0.0	0.0	1.3059687059856492e-08	1.3060094692299428e-08	True	True	1.302890707988566e-15
LE:K-562	ordinal	EX_L2aadp_e	0.0	0.0	0.0	4.166922676978406e-09	4.165799559459704e-09	True	True	1.302890707988566e-15
LE:K-562	ordinal	EX_Lkynr_e	0.0	-0.0	0.0	1.9271575508184446e-09	1.9268746598299913e-09	True	True	1.302890707988566e-15
LE:K-562	ordinal	EX_ala__L_e	13.244949215561368	13.244949215561254	1.1368683772161603e-13	3.281818816702753e-07	3.2815621864301647e-07	True	True	1.302890707988566e-15
LE:K-562	ordinal	EX_anth_e	0.0	0.0	0.0	1.7113942089322227e-09	1.7113120390790985e-09	True	True	1.302890707988566e-15
LE:K-562	ordinal	EX_cala_e	0.0	0.0	0.0	9.922126281215648e-10	9.919992605134098e-10	True	True	1.302890707988566e-15
LE:K-562	ordinal	EX_chol_e	-2.2595698547931393	-2.25956985479314	8.881784197001252e-16	3.68938763983806e-08	3.6887723542378126e-08	True	True	1.302890707988566e-15
LE:K-562	ordinal	EX_cholp_e	0.0	0.0	0.0	2.702030603469119e-09	2.7012747594312714e-09	True	True	1.302890707988566e-15
LE:K-562	ordinal	EX_cit_e	0.0	0.0	0.0	6.939144478262648e-08	6.939008656559054e-08	True	True	1.302890707988566e-15
LE:K-562	ordinal	EX_cmp_e	0.0	0.0	0.0	0.0	0.0	True	True	1.302890707988566e-15
LE:K-562	ordinal	EX_crn_e	2.3101638676254365e-16	0.0	2.3101638676254365e-16	2.154063509459103e-08	2.153052491848939e-08	True	True	1.302890707988566e-15
LE:K-562	ordinal	EX_cytd_e	0.0	0.0	0.0	6.074095631725922e-10	6.073095359937497e-10	True	True	1.302890707988566e-15
LE:K-562	ordinal	EX_dhap_e	0.0	0.0	0.0	1.6219562323009472e-09	1.6216414877590068e-09	True	True	1.302890707988566e-15
LE:K-562	ordinal	EX_duri_e	0.0	0.0	0.0	6.253399685946012e-10	6.252014739249745e-10	True	True	1.302890707988566e-15
LE:K-562	ordinal	EX_fum_e	11.847538732115042	11.84753873211483	2.1316282072803006e-13	2.054919132632449e-07	2.054543575269463e-07	True	True	1.302890707988566e-15
LE:K-562	ordinal	EX_glcur_e	0.0	0.0	0.0	2.5897352745790787e-09	1.9699069042644624e-09	True	True	1.302890707988566e-15
LE:K-562	ordinal	EX_gln__L_e	-10.0	-10.0	0.0	6.647269223947205e-08	6.645804262461752e-08	True	True	1.302890707988566e-15
LE:K-562	ordinal	EX_glu__L_e	-10.0	-10.0	0.0	3.4683768745935595e-08	3.467489584352279e-08	True	True	1.302890707988566e-15
LE:K-562	ordinal	EX_gly_e	-10.0	-10.0	0.0	2.7347756947904145e-07	2.734284922922825e-07	True	True	1.302890707988566e-15
LE:K-562	ordinal	EX_glyald_e	0.0	0.0	0.0	3.46486461949539e-09	3.4643008461898717e-09	True	True	1.302890707988566e-15
LE:K-562	ordinal	EX_glyc3p_e	0.0	0.0	0.0	1.5379250911097082e-09	1.5378345263883375e-09	True	True	1.302890707988566e-15
LE:K-562	ordinal	EX_hom__L_e	0.0	-0.0	0.0	0.0	0.0	True	True	1.302890707988566e-15
LE:K-562	ordinal	EX_hxan_e	0.0	0.0	0.0	4.924601927760292e-10	4.923980945203965e-10	True	True	1.302890707988566e-15
LE:K-562	ordinal	EX_icit_e	0.0	-0.0	0.0	2.5485305742656688e-08	2.5486784238637483e-08	True	True	1.302890707988566e-15
LE:K-562	ordinal	EX_ins_e	0.0	0.0	0.0	3.6138118070116624e-10	3.6144487403078074e-10	True	True	1.302890707988566e-15
LE:K-562	ordinal	EX_lac__L_e	17.025188900326313	17.025188900326366	5.3290705182007514e-14	5.445913551227477e-07	5.445194375397477e-07	True	True	1.302890707988566e-15
LE:K-562	ordinal	EX_leu__L_e	-1.7922337326704474	-1.7922337326704487	1.3322676295501878e-15	1.2547844163712796e-07	1.254616179835466e-07	True	True	1.302890707988566e-15
LE:K-562	ordinal	EX_lys__L_e	-1.9452265708841625	-1.9452265708841634	8.881784197001252e-16	2.8623261827398494e-07	2.862379773205248e-07	True	True	1.302890707988566e-15
LE:K-562	ordinal	EX_mal__L_e	0.0	-0.0	0.0	4.268527362388621e-08	4.267960918014069e-08	True	True	1.302890707988566e-15
LE:K-562	ordinal	EX_met__L_e	-0.5026982632120718	-0.5026982632120721	3.3306690738754696e-16	1.2547119188077716e-07	1.2546094296794763e-07	True	True	1.302890707988566e-15
LE:K-562	ordinal	EX_nac_e	-2.4969925124507766e-15	-0.0	2.4969925124507766e-15	8.022682451659992e-09	8.023299118726166e-09	True	True	1.302890707988566e-15
LE:K-562	ordinal	EX_ncam_e	0.0	0.0	0.0	4.495117359958041e-08	4.493788689311865e-08	True	True	1.302890707988566e-15
LE:K-562	ordinal	EX_orn_e	0.0	0.0	0.0	2.16134617030692e-08	2.161428902525131e-08	True	True	1.302890707988566e-15
LE:K-562	ordinal	EX_orot_e	0.0	0.0	0.0	1.319732576445553e-09	1.3198562243132983e-09	True	True	1.302890707988566e-15
LE:K-562	ordinal	EX_phe__L_e	-10.0	-10.0	0.0	5.1976511983298224e-08	5.1962441460773334e-08	True	True	1.302890707988566e-15
LE:K-562	ordinal	EX_pro__L_e	-7.414954180563461	-7.414954243293609	6.273014818702904e-08	3.547543290238764e-07	3.5472001247427443e-07	True	True	1.302890707988566e-15
LE:K-562	ordinal	EX_sbt__D_e	0.0	0.0	0.0	0.0	0.0	True	True	1.302890707988566e-15
LE:K-562	ordinal	EX_ser__L_e	-10.0	-10.0	0.0	4.079550919300345e-09	4.079495852238324e-09	True	True	1.302890707988566e-15
LE:K-562	ordinal	EX_sprm_e	0.0	0.0	0.0	2.68926007227438e-10	2.498212350079829e-10	True	True	1.302890707988566e-15
LE:K-562	ordinal	EX_srtn_e	0.0	0.0	0.0	1.9834847041967258e-09	1.9832402387010006e-09	True	True	1.302890707988566e-15
LE:K-562	ordinal	EX_succ_e	13.041643839132579	13.041643839132304	2.753353101070388e-13	1.2004861638104103e-07	1.2002411509115518e-07	True	True	1.302890707988566e-15
LE:K-562	ordinal	EX_taur_e	0.0	0.0	0.0	1.6260193909925989e-09	1.6258191459783689e-09	True	True	1.302890707988566e-15
LE:K-562	ordinal	EX_tchola_e	0.0	0.0	0.0	3.518615857028009e-10	3.4720611571022647e-10	True	True	1.302890707988566e-15
LE:K-562	ordinal	EX_thr__L_e	-1.0272564007096077	-1.0272564007096083	6.661338147750939e-16	1.416276607102418e-07	1.416394102005114e-07	True	True	1.302890707988566e-15
LE:K-562	ordinal	EX_thym_e	0.0	0.0	0.0	7.637049400442314e-10	7.635631070526504e-10	True	True	1.302890707988566e-15
LE:K-562	ordinal	EX_thymd_e	0.0	0.0	0.0	5.106313332430198e-10	5.105943168270954e-10	True	True	1.302890707988566e-15
LE:K-562	ordinal	EX_ump_e	0.0	0.0	0.0	4.021002660424355e-10	4.0209319207562544e-10	True	True	1.302890707988566e-15
LE:K-562	ordinal	EX_ura_e	0.0	0.0	0.0	1.1037492043395398e-09	1.1034317903835245e-09	True	True	1.302890707988566e-15
LE:K-562	ordinal	EX_urate_e	0.0	-0.0	0.0	4.694577497366424e-10	4.673211022232408e-10	True	True	1.302890707988566e-15
LE:K-562	ordinal	EX_uri_e	0.0	0.0	0.0	6.213858160139914e-10	6.21281396699184e-10	True	True	1.302890707988566e-15
LE:K-562	ordinal	EX_val__L_e	-1.1583927753222314	-1.1583926498609256	1.2546130578883208e-07	1.2548364036746307e-07	1.254634973690827e-07	True	True	1.302890707988566e-15
LE:K-562	ordinal	EX_xan_e	0.0	0.0	0.0	4.853753423383886e-10	4.830914279718712e-10	True	True	1.302890707988566e-15
LC:A549/ATCC	ordinal	EX_4abut_e	0.0	-0.0	0.0	1.6126480281162501e-09	1.6093828492103057e-09	True	True	7.992726214881669e-15
LC:A549/ATCC	ordinal	EX_L2aadp_e	0.0	-0.0	0.0	7.213704745537577e-10	7.212805442476185e-10	True	True	7.992726214881669e-15
LC:A549/ATCC	ordinal	EX_Lkynr_e	0.0	0.0	0.0	4.4259424391161396e-10	4.422038846207954e-10	True	True	7.992726214881669e-15
LC:A549/ATCC	ordinal	EX_ala__L_e	13.052117326266496	13.052117326266462	3.375077994860476e-14	3.012144134117989e-08	3.008779003721429e-08	True	True	7.992726214881669e-15
LC:A549/ATCC	ordinal	EX_anth_e	0.0	0.0	0.0	4.128997859867903e-10	4.127969077671878e-10	True	True	7.992726214881669e-15
LC:A549/ATCC	ordinal	EX_cala_e	0.0	0.0	0.0	2.0324964153556014e-10	2.0316331950098743e-10	True	True	7.992726214881669e-15
LC:A549/ATCC	ordinal	EX_chol_e	-2.2595698547931393	-2.25956985479314	8.881784197001252e-16	8.900321368798814e-09	8.892407699079286e-09	True	True	7.992726214881669e-15
LC:A549/ATCC	ordinal	EX_cholp_e	0.0	0.0	0.0	5.01449143773756e-10	5.010152293039027e-10	True	True	7.992726214881669e-15
LC:A549/ATCC	ordinal	EX_cit_e	4.9890844043609155	4.989084698003649	2.936427332400626e-07	1.1157775681169824e-06	1.1147348777384991e-06	True	True	7.992726214881669e-15
LC:A549/ATCC	ordinal	EX_cmp_e	0.0	0.0	0.0	1.2005597546554865e-10	0.0	True	True	7.992726214881669e-15
LC:A549/ATCC	ordinal	EX_crn_e	1.2174011965621068e-17	0.0	1.2174011965621068e-17	1.3570225454449216e-08	1.3567574984429627e-08	True	True	7.992726214881669e-15
LC:A549/ATCC	ordinal	EX_cytd_e	0.0	0.0	0.0	1.1868355147759148e-10	1.1271658606482049e-10	True	True	7.992726214881669e-15
LC:A549/ATCC	ordinal	EX_dhap_e	0.0	0.0	0.0	2.8990519575685613e-10	2.8970426058094745e-10	True	True	7.992726214881669e-15
LC:A549/ATCC	ordinal	EX_duri_e	0.0	0.0	0.0	1.20034362068496e-10	1.14146025964601e-10	True	True	7.992726214881669e-15
LC:A549/ATCC	ordinal	EX_fum_e	13.505410372854149	13.505410198615314	1.7423883491574088e-07	5.923693109366468e-07	5.917237650976404e-07	True	True	7.992726214881669e-15
LC:A549/ATCC	ordinal	EX_glcur_e	0.0	0.0	0.0	4.5900361281699053e-10	4.586926394267721e-10	True	True	7.992726214881669e-15
LC:A549/ATCC	ordinal	EX_gln__L_e	-10.0	-10.0	0.0	9.425016322950341e-08	9.416124413519356e-08	True	True	7.992726214881669e-15
LC:A549/ATCC	ordinal	EX_glu__L_e	-10.0	-10.0	0.0	6.4033027769028195e-09	6.399625718245261e-09	True	True	7.992726214881669e-15
LC:A549/ATCC	ordinal	EX_gly_e	-10.0	-10.0	0.0	1.8194493023315772e-08	1.8174423743744228e-08	True	True	7.992726214881669e-15
LC:A549/ATCC	ordinal	EX_glyald_e	0.0	0.0	0.0	6.152953358757279e-10	6.150262521487093e-10	True	True	7.992726214881669e-15
LC:A549/ATCC	ordinal	EX_glyc3p_e	0.0	0.0	0.0	2.719845207314737e-10	2.718330005535563e-10	True	True	7.992726214881669e-15
LC:A549/ATCC	ordinal	EX_hom__L_e	0.0	-0.0	0.0	0.0	0.0	True	True	7.992726214881669e-15
LC:A549/ATCC	ordinal	EX_hxan_e	0.0	0.0	0.0	1.1105243806428449e-10	9.113440557761976e-11	True	True	7.992726214881669e-15
LC:A549/ATCC	ordinal	EX_icit_e	0.0	-0.0	0.0	7.308061815946135e-09	7.3019341684243955e-09	True	True	7.992726214881669e-15
LC:A549/ATCC	ordinal	EX_ins_e	0.0	0.0	0.0	6.719780845318532e-11	6.560463283733498e-11	True	True	7.992726214881669e-15
LC:A549/ATCC	ordinal	EX_lac__L_e	16.02518890032638	16.02518890420188	3.875499032801599e-09	1.6584203876846004e-07	1.6562353621907278e-07	True	True	7.992726214881669e-15
LC:A549/ATCC	ordinal	EX_leu__L_e	-1.7922337326704512	-1.792233732670443	8.215650382226158e-15	3.9565187126555657e-08	3.9519636896301336e-08	True	True	7.992726214881669e-15
LC:A549/ATCC	ordinal	EX_lys__L_e	-9.999784022567964	-9.999999	0.0002149774320372444	0.00021904596958854938	0.00021904423939034245	False	False	7.992726214881669e-15
LC:A549/ATCC	ordinal	EX_mal__L_e	0.0	-0.0	0.0	5.953670457161404e-09	5.949294390461546e-09	True	True	7.992726214881669e-15
LC:A549/ATCC	ordinal	EX_met__L_e	-4.393379885984149	-4.3933797117452675	1.742388811010187e-07	6.137415393681067e-07	6.132054499730089e-07	True	True	7.992726214881669e-15
LC:A549/ATCC	ordinal	EX_nac_e	1.3231036419779912e-16	-0.0	1.3231036419779912e-16	1.1469241195194494e-09	1.1457175428103722e-09	True	True	7.992726214881669e-15
LC:A549/ATCC	ordinal	EX_ncam_e	0.0	0.0	0.0	8.663399087511524e-09	8.65166901083588e-09	True	True	7.992726214881669e-15
LC:A549/ATCC	ordinal	EX_orn_e	0.0	0.0	0.0	2.6704851827215553e-09	2.668724775746282e-09	True	True	7.992726214881669e-15
LC:A549/ATCC	ordinal	EX_orot_e	0.0	0.0	0.0	2.447776462057151e-10	2.444358604414276e-10	True	True	7.992726214881669e-15
LC:A549/ATCC	ordinal	EX_phe__L_e	-6.670870111010339	-6.670869916193071	1.9481726809544853e-07	5.667763076644405e-07	5.665826776635186e-07	True	True	7.992726214881669e-15
LC:A549/ATCC	ordinal	EX_pro__L_e	-1.3551019514225011	-1.355101951422502	8.881784197001252e-16	3.055033737098256e-08	3.0548994445211974e-08	True	True	7.992726214881669e-15
LC:A549/ATCC	ordinal	EX_sbt__D_e	0.0	0.0	0.0	0.0	0.0	True	True	7.992726214881669e-15
LC:A549/ATCC	ordinal	EX_ser__L_e	-10.0	-10.0	0.0	6.679439223944428e-10	6.675975328107597e-10	True	True	7.992726214881669e-15
LC:A549/ATCC	ordinal	EX_sprm_e	0.0	0.0	0.0	1.1885474775734146e-10	4.88707021357214e-11	True	True	7.992726214881669e-15
LC:A549/ATCC	ordinal	EX_srtn_e	0.0	0.0	0.0	4.0634189534928206e-10	4.0596681571969384e-10	True	True	7.992726214881669e-15
LC:A549/ATCC	ordinal	EX_succ_e	13.234475728426984	13.234475736355401	7.928417034008817e-09	4.344789239496549e-08	4.340419224035941e-08	True	True	7.992726214881669e-15
LC:A549/ATCC	ordinal	EX_taur_e	0.0	0.0	0.0	3.358186895143253e-10	3.3583797444985027e-10	True	True	7.992726214881669e-15
LC:A549/ATCC	ordinal	EX_tchola_e	0.0	0.0	0.0	1.8967405276644277e-10	7.442283826245936e-11	True	True	7.992726214881669e-15
LC:A549/ATCC	ordinal	EX_thr__L_e	-1.0272564007096077	-1.0272564007096083	6.661338147750939e-16	2.87730061998559e-08	2.8756441450283887e-08	True	True	7.992726214881669e-15
LC:A549/ATCC	ordinal	EX_thym_e	0.0	0.0	0.0	1.4586762258890627e-10	1.4568178762096473e-10	True	True	7.992726214881669e-15
LC:A549/ATCC	ordinal	EX_thymd_e	0.0	0.0	0.0	9.558546976960624e-11	9.246122617545538e-11	True	True	7.992726214881669e-15
LC:A549/ATCC	ordinal	EX_ump_e	0.0	0.0	0.0	1.191897746442034e-10	7.254394307487644e-11	True	True	7.992726214881669e-15
LC:A549/ATCC	ordinal	EX_ura_e	0.0	0.0	0.0	2.1721762681039085e-10	2.171377522230955e-10	True	True	7.992726214881669e-15
LC:A549/ATCC	ordinal	EX_urate_e	0.0	-0.0	0.0	8.736470435239883e-11	8.681916296993109e-11	True	True	7.992726214881669e-15
LC:A549/ATCC	ordinal	EX_uri_e	0.0	0.0	0.0	1.144321886673235e-10	1.1340106631507751e-10	True	True	7.992726214881669e-15
LC:A549/ATCC	ordinal	EX_val__L_e	-1.15839266904886	-1.1583926498609256	1.9187934352515867e-08	1.9186845889862525e-08	1.9166407128068386e-08	True	True	7.992726214881669e-15
LC:A549/ATCC	ordinal	EX_xan_e	0.0	0.0	0.0	8.9907065134727e-11	8.988604305315562e-11	True	True	7.992726214881669e-15
LC:A549/ATCC	magnitude_g1.00	EX_4abut_e	0.0	0.0	0.0	1.3377003591926687e-08	1.3374549467926045e-08	True	True	3.618147533051253e-15
LC:A549/ATCC	magnitude_g1.00	EX_L2aadp_e	0.0	0.0	0.0	4.208599160555846e-09	4.206957781613174e-09	True	True	3.618147533051253e-15
LC:A549/ATCC	magnitude_g1.00	EX_Lkynr_e	0.0	0.0	0.0	1.689018887064688e-09	1.6890027154659037e-09	True	True	3.618147533051253e-15
LC:A549/ATCC	magnitude_g1.00	EX_ala__L_e	11.429744378866378	11.42974427112332	1.0774305714278398e-07	2.6469859903954784e-07	2.6471224146007444e-07	True	True	3.618147533051253e-15
LC:A549/ATCC	magnitude_g1.00	EX_anth_e	0.0	0.0	0.0	1.527221061571349e-09	1.5273154992633686e-09	True	True	3.618147533051253e-15
LC:A549/ATCC	magnitude_g1.00	EX_cala_e	0.0	-0.0	0.0	8.89325580470255e-10	8.893255021291679e-10	True	True	3.618147533051253e-15
LC:A549/ATCC	magnitude_g1.00	EX_chol_e	-2.259569854793139	-2.25956985479314	1.3322676295501878e-15	5.502108502142278e-08	5.503721034472164e-08	True	True	3.618147533051253e-15
LC:A549/ATCC	magnitude_g1.00	EX_cholp_e	0.0	0.0	0.0	2.3537932071190995e-09	2.3537269910889336e-09	True	True	3.618147533051253e-15
LC:A549/ATCC	magnitude_g1.00	EX_cit_e	0.0	0.0	0.0	6.435665036987324e-08	6.434812505062837e-08	True	True	3.618147533051253e-15
LC:A549/ATCC	magnitude_g1.00	EX_cmp_e	0.0	0.0	0.0	5.679388112636968e-10	0.0	True	True	3.618147533051253e-15
LC:A549/ATCC	magnitude_g1.00	EX_crn_e	1.622692578105283e-17	0.0	1.622692578105283e-17	8.053524125673504e-08	8.053094854680587e-08	True	True	3.618147533051253e-15
LC:A549/ATCC	magnitude_g1.00	EX_cytd_e	0.0	0.0	0.0	5.601136272725826e-10	5.364559907405919e-10	True	True	3.618147533051253e-15
LC:A549/ATCC	magnitude_g1.00	EX_dhap_e	0.0	0.0	0.0	1.526180398072526e-09	1.5259615793183912e-09	True	True	3.618147533051253e-15
LC:A549/ATCC	magnitude_g1.00	EX_duri_e	0.0	0.0	0.0	5.507500463630005e-10	5.413408610266401e-10	True	True	3.618147533051253e-15
LC:A549/ATCC	magnitude_g1.00	EX_fum_e	15.948013486788515	15.948013648403148	1.6161463278763222e-07	4.764887187036493e-07	4.764262317991097e-07	True	True	3.618147533051253e-15
LC:A549/ATCC	magnitude_g1.00	EX_glcur_e	0.0	0.0	0.0	1.6362758316086439e-09	1.6093277821482843e-09	True	True	3.618147533051253e-15
LC:A549/ATCC	magnitude_g1.00	EX_gln__L_e	-10.0	-10.0	0.0	7.422844738869117e-08	7.423306414011677e-08	True	True	3.618147533051253e-15
LC:A549/ATCC	magnitude_g1.00	EX_glu__L_e	-10.0	-10.0	0.0	3.35969474463127e-08	3.3605632054900525e-08	True	True	3.618147533051253e-15
LC:A549/ATCC	magnitude_g1.00	EX_gly_e	-6.755254105199798	-6.755253889713677	2.1548612139099532e-07	4.83898574543673e-07	4.839232286002471e-07	True	True	3.618147533051253e-15
LC:A549/ATCC	magnitude_g1.00	EX_glyald_e	0.0	0.0	0.0	3.665079496086589e-09	3.665304504352207e-09	True	True	3.618147533051253e-15
LC:A549/ATCC	magnitude_g1.00	EX_glyc3p_e	0.0	0.0	0.0	1.4872004249661213e-09	1.487162171187606e-09	True	True	3.618147533051253e-15
LC:A549/ATCC	magnitude_g1.00	EX_hom__L_e	0.0	-0.0	0.0	0.0	0.0	True	True	3.618147533051253e-15
LC:A549/ATCC	magnitude_g1.00	EX_hxan_e	0.0	0.0	0.0	4.829136588090195e-10	4.0751402252681146e-10	True	True	3.618147533051253e-15
LC:A549/ATCC	magnitude_g1.00	EX_icit_e	0.0	-0.0	0.0	2.669842661079735e-08	2.6696891808342116e-08	True	True	3.618147533051253e-15
LC:A549/ATCC	magnitude_g1.00	EX_ins_e	0.0	0.0	0.0	3.277988943937554e-10	3.0958580143902736e-10	True	True	3.618147533051253e-15
LC:A549/ATCC	magnitude_g1.00	EX_lac__L_e	10.98014255312082	10.98014260699237	5.3871550775852484e-08	4.912567366233134e-07	4.913606019840699e-07	True	True	3.618147533051253e-15
LC:A549/ATCC	magnitude_g1.00	EX_leu__L_e	-1.7922337326704476	-1.7922337326704487	1.1102230246251565e-15	4.4852580094456584e-08	4.4845296587325834e-08	True	True	3.618147533051253e-15
LC:A549/ATCC	magnitude_g1.00	EX_lys__L_e	-1.9452265708841618	-1.9452265708841634	1.5543122344752192e-15	1.511806895226897e-07	1.5119539975572138e-07	True	True	3.618147533051253e-15
LC:A549/ATCC	magnitude_g1.00	EX_mal__L_e	0.0	-0.0	0.0	5.665832481653255e-08	5.6648859825259024e-08	True	True	3.618147533051253e-15
LC:A549/ATCC	magnitude_g1.00	EX_met__L_e	-3.5639546832701154	-3.563955211449006	5.281788904021312e-07	1.0889514556744473e-06	1.0887098298439923e-06	True	True	3.618147533051253e-15
LC:A549/ATCC	magnitude_g1.00	EX_nac_e	3.3298036876691053e-15	-0.0	3.3298036876691053e-15	6.775131182176178e-09	6.773426264317095e-09	True	True	3.618147533051253e-15
LC:A549/ATCC	magnitude_g1.00	EX_ncam_e	0.0	0.0	0.0	4.706626091133887e-08	4.7055387956190925e-08	True	True	3.618147533051253e-15
LC:A549/ATCC	magnitude_g1.00	EX_orn_e	0.0	0.0	0.0	3.7140128016544864e-08	3.7142172004678287e-08	True	True	3.618147533051253e-15
LC:A549/ATCC	magnitude_g1.00	EX_orot_e	0.0	0.0	0.0	1.0847911156059342e-09	1.0848771325733253e-09	True	True	3.618147533051253e-15
LC:A549/ATCC	magnitude_g1.00	EX_phe__L_e	-0.8524036882104289	-0.8524036882104296	6.661338147750939e-16	4.625043703576637e-08	4.6255113517190694e-08	True	True	3.618147533051253e-15
LC:A549/ATCC	magnitude_g1.00	EX_pro__L_e	-1.3551019514225007	-1.3551019514225018	1.1102230246251565e-15	1.0384526305529107e-07	1.0383393833635068e-07	True	True	3.618147533051253e-15
LC:A549/ATCC	magnitude_g1.00	EX_sbt__D_e	0.0	0.0	0.0	0.0	0.0	True	True	3.618147533051253e-15
LC:A549/ATCC	magnitude_g1.00	EX_ser__L_e	-10.0	-10.0	0.0	4.229979921888116e-09	4.230070516086926e-09	True	True	3.618147533051253e-15
LC:A549/ATCC	magnitude_g1.00	EX_sprm_e	0.0	0.0	0.0	2.382972878825393e-10	2.2602487902139559e-10	True	True	3.618147533051253e-15
LC:A549/ATCC	magnitude_g1.00	EX_srtn_e	0.0	-0.0	0.0	1.5896496659227605e-09	1.589443243688038e-09	True	True	3.618147533051253e-15
LC:A549/ATCC	magnitude_g1.00	EX_succ_e	14.85684867582716	14.856848783570248	1.0774308734085025e-07	4.748142252708476e-07	4.7478275000401027e-07	True	True	3.618147533051253e-15
LC:A549/ATCC	magnitude_g1.00	EX_taur_e	0.0	-0.0	0.0	1.3391596269220555e-09	1.339298089098051e-09	True	True	3.618147533051253e-15
LC:A549/ATCC	magnitude_g1.00	EX_tchola_e	0.0	0.0	0.0	5.298604152250253e-10	2.8513137485654124e-10	True	True	3.618147533051253e-15
LC:A549/ATCC	magnitude_g1.00	EX_thr__L_e	-1.0272564007096079	-1.0272564007096083	4.440892098500626e-16	5.34920852057752e-08	5.349661469367106e-08	True	True	3.618147533051253e-15
LC:A549/ATCC	magnitude_g1.00	EX_thym_e	0.0	0.0	0.0	6.824080960503536e-10	6.822896136959855e-10	True	True	3.618147533051253e-15
LC:A549/ATCC	magnitude_g1.00	EX_thymd_e	0.0	0.0	0.0	4.6347888460521247e-10	4.548723619990369e-10	True	True	3.618147533051253e-15
LC:A549/ATCC	magnitude_g1.00	EX_ump_e	0.0	0.0	0.0	3.4819318363115406e-10	3.4353922484520183e-10	True	True	3.618147533051253e-15
LC:A549/ATCC	magnitude_g1.00	EX_ura_e	0.0	0.0	0.0	9.569248344691504e-10	9.569321446356582e-10	True	True	3.618147533051253e-15
LC:A549/ATCC	magnitude_g1.00	EX_urate_e	0.0	-0.0	0.0	4.3716008005875124e-10	3.8884528930083206e-10	True	True	3.618147533051253e-15
LC:A549/ATCC	magnitude_g1.00	EX_uri_e	0.0	0.0	0.0	5.497586185627957e-10	5.496855193243277e-10	True	True	3.618147533051253e-15
LC:A549/ATCC	magnitude_g1.00	EX_val__L_e	-1.1583926931958772	-1.1583926498609256	4.3334951627116425e-08	4.3335617982975805e-08	4.3329378307532807e-08	True	True	3.618147533051253e-15
LC:A549/ATCC	magnitude_g1.00	EX_xan_e	0.0	0.0	0.0	4.270057285512272e-10	3.996496744651523e-10	True	True	3.618147533051253e-15
CO:SW-620	magnitude_g1.00	EX_4abut_e	0.0	0.0	0.0	7.99048850890661e-09	7.990420804335877e-09	True	True	8.118291808353673e-15
CO:SW-620	magnitude_g1.00	EX_L2aadp_e	0.0	-0.0	0.0	3.1736221931174345e-09	3.1735112315800507e-09	True	True	8.118291808353673e-15
CO:SW-620	magnitude_g1.00	EX_Lkynr_e	0.0	0.0	0.0	1.5253981317027958e-09	1.5253027729755786e-09	True	True	8.118291808353673e-15
CO:SW-620	magnitude_g1.00	EX_ala__L_e	11.272491732188577	11.272491732188664	8.704148513061227e-14	1.7312840405736551e-07	1.730785577080951e-07	True	True	8.118291808353673e-15
CO:SW-620	magnitude_g1.00	EX_anth_e	0.0	0.0	0.0	1.3241221166863274e-09	1.323884843696183e-09	True	True	8.118291808353673e-15
CO:SW-620	magnitude_g1.00	EX_cala_e	0.0	-0.0	0.0	7.081902680684236e-10	7.0821454256631e-10	True	True	8.118291808353673e-15
CO:SW-620	magnitude_g1.00	EX_chol_e	-2.259569854793139	-2.25956985479314	1.3322676295501878e-15	3.6506182965467815e-08	3.649908419944836e-08	True	True	8.118291808353673e-15
CO:SW-620	magnitude_g1.00	EX_cholp_e	0.0	0.0	0.0	1.8259638044486968e-09	1.826196749377118e-09	True	True	8.118291808353673e-15
CO:SW-620	magnitude_g1.00	EX_cit_e	0.0	0.0	0.0	4.4696687886876195e-08	4.4694075995721505e-08	True	True	8.118291808353673e-15
CO:SW-620	magnitude_g1.00	EX_cmp_e	0.0	0.0	0.0	4.523184428165299e-10	0.0	True	True	8.118291808353673e-15
CO:SW-620	magnitude_g1.00	EX_crn_e	9.30035564550328e-17	0.0	9.30035564550328e-17	3.598910326589242e-08	3.5987155921901604e-08	True	True	8.118291808353673e-15
CO:SW-620	magnitude_g1.00	EX_cytd_e	0.0	0.0	0.0	4.4677695790810183e-10	4.257496577508846e-10	True	True	8.118291808353673e-15
CO:SW-620	magnitude_g1.00	EX_dhap_e	0.0	0.0	0.0	1.2108647612464286e-09	1.2110232816553435e-09	True	True	8.118291808353673e-15
CO:SW-620	magnitude_g1.00	EX_duri_e	0.0	0.0	0.0	4.4969834576111466e-10	4.3094239288166136e-10	True	True	8.118291808353673e-15
CO:SW-620	magnitude_g1.00	EX_fum_e	16.18389245680566	16.18389244261382	1.4191837038879385e-08	1.6223698651174345e-07	1.6222515952790673e-07	True	True	8.118291808353673e-15
CO:SW-620	magnitude_g1.00	EX_glcur_e	0.0	0.0	0.0	1.4890424965539003e-09	1.4888215105202107e-09	True	True	8.118291808353673e-15
CO:SW-620	magnitude_g1.00	EX_gln__L_e	-10.0	-10.0	0.0	5.851886086816194e-08	5.852022333385776e-08	True	True	8.118291808353673e-15
CO:SW-620	magnitude_g1.00	EX_glu__L_e	-10.0	-10.0	0.0	2.6612070769260754e-08	2.6607438030623598e-08	True	True	8.118291808353673e-15
CO:SW-620	magnitude_g1.00	EX_gly_e	-6.440748811844303	-6.440748811844349	4.618527782440651e-14	1.2891401457437723e-07	1.2890122480513355e-07	True	True	8.118291808353673e-15
CO:SW-620	magnitude_g1.00	EX_glyald_e	0.0	0.0	0.0	2.914255082067543e-09	2.913722596531443e-09	True	True	8.118291808353673e-15
CO:SW-620	magnitude_g1.00	EX_glyc3p_e	0.0	0.0	0.0	1.1787628037420235e-09	1.1791349008305474e-09	True	True	8.118291808353673e-15
CO:SW-620	magnitude_g1.00	EX_hom__L_e	0.0	-0.0	0.0	0.0	0.0	True	True	8.118291808353673e-15
CO:SW-620	magnitude_g1.00	EX_hxan_e	0.0	0.0	0.0	3.381835749151674e-10	3.265126502505211e-10	True	True	8.118291808353673e-15
CO:SW-620	magnitude_g1.00	EX_icit_e	0.0	-0.0	0.0	3.391135138185773e-08	3.39090657774932e-08	True	True	8.118291808353673e-15
CO:SW-620	magnitude_g1.00	EX_ins_e	0.0	0.0	0.0	2.49889243921543e-10	2.476033267306832e-10	True	True	8.118291808353673e-15
CO:SW-620	magnitude_g1.00	EX_lac__L_e	11.0587688764603	11.058768896327402	1.986710174151085e-08	2.488714621051713e-07	2.4883205185233237e-07	True	True	8.118291808353673e-15
CO:SW-620	magnitude_g1.00	EX_leu__L_e	-1.7922337326704476	-1.7922337326704487	1.1102230246251565e-15	3.8516882128192265e-08	3.851763086260007e-08	True	True	8.118291808353673e-15
CO:SW-620	magnitude_g1.00	EX_lys__L_e	-1.9452265708841623	-1.9452265708841634	1.1102230246251565e-15	8.29867299323439e-08	8.30000026486033e-08	True	True	8.118291808353673e-15
CO:SW-620	magnitude_g1.00	EX_mal__L_e	0.0	-0.0	0.0	6.278630902730473e-08	6.278141029270046e-08	True	True	8.118291808353673e-15
CO:SW-620	magnitude_g1.00	EX_met__L_e	-4.271597563443433	-4.271597562112576	1.330857202219704e-09	7.057612998906393e-06	7.0576567594571316e-06	True	True	8.118291808353673e-15
CO:SW-620	magnitude_g1.00	EX_nac_e	0.0	-0.0	0.0	5.269176006541489e-09	5.269729097534537e-09	True	True	8.118291808353673e-15
CO:SW-620	magnitude_g1.00	EX_ncam_e	0.0	0.0	0.0	3.5065332531871896e-08	3.506921591587904e-08	True	True	8.118291808353673e-15
CO:SW-620	magnitude_g1.00	EX_orn_e	0.0	0.0	0.0	2.0926998272675853e-08	2.09274933153256e-08	True	True	8.118291808353673e-15
CO:SW-620	magnitude_g1.00	EX_orot_e	0.0	0.0	0.0	8.630679190381829e-10	8.632400905206339e-10	True	True	8.118291808353673e-15
CO:SW-620	magnitude_g1.00	EX_phe__L_e	-0.8524036882104289	-0.8524036882104296	6.661338147750939e-16	1.0422670704279824e-07	1.0424242091744418e-07	True	True	8.118291808353673e-15
CO:SW-620	magnitude_g1.00	EX_pro__L_e	-1.3551019514225007	-1.3551019514225018	1.1102230246251565e-15	6.534410856851025e-08	6.534844865235812e-08	True	True	8.118291808353673e-15
CO:SW-620	magnitude_g1.00	EX_sbt__D_e	0.0	0.0	0.0	0.0	0.0	True	True	8.118291808353673e-15
CO:SW-620	magnitude_g1.00	EX_ser__L_e	-10.0	-10.0	0.0	3.5985365798296698e-09	3.5987746116461494e-09	True	True	8.118291808353673e-15
CO:SW-620	magnitude_g1.00	EX_sprm_e	0.0	0.0	0.0	2.1411107235434605e-10	1.8453238936899657e-10	True	True	8.118291808353673e-15
CO:SW-620	magnitude_g1.00	EX_srtn_e	0.0	-0.0	0.0	1.460251617747977e-09	1.4601280184933785e-09	True	True	8.118291808353673e-15
CO:SW-620	magnitude_g1.00	EX_succ_e	15.014101322505377	15.014101322504867	5.098144129078719e-13	1.3323831105083173e-07	1.3324472369902196e-07	True	True	8.118291808353673e-15
CO:SW-620	magnitude_g1.00	EX_taur_e	0.0	0.0	0.0	1.1916918156484326e-09	1.1915641806581334e-09	True	True	8.118291808353673e-15
CO:SW-620	magnitude_g1.00	EX_tchola_e	0.0	0.0	0.0	5.051574389785388e-10	2.5288571237069846e-10	True	True	8.118291808353673e-15
CO:SW-620	magnitude_g1.00	EX_thr__L_e	-1.0272564007096077	-1.0272564007096083	6.661338147750939e-16	4.190692415306785e-08	4.1919521631683665e-08	True	True	8.118291808353673e-15
CO:SW-620	magnitude_g1.00	EX_thym_e	0.0	0.0	0.0	5.496704252008315e-10	5.49773671032483e-10	True	True	8.118291808353673e-15
CO:SW-620	magnitude_g1.00	EX_thymd_e	0.0	0.0	0.0	3.7154637786560584e-10	3.638875520350915e-10	True	True	8.118291808353673e-15
CO:SW-620	magnitude_g1.00	EX_ump_e	0.0	0.0	0.0	4.578926784281359e-10	2.7338295516265987e-10	True	True	8.118291808353673e-15
CO:SW-620	magnitude_g1.00	EX_ura_e	0.0	0.0	0.0	7.680199846908796e-10	7.679576974339852e-10	True	True	8.118291808353673e-15
CO:SW-620	magnitude_g1.00	EX_urate_e	0.0	-0.0	0.0	3.591142526884433e-10	3.114403682259794e-10	True	True	8.118291808353673e-15
CO:SW-620	magnitude_g1.00	EX_uri_e	0.0	0.0	0.0	4.394282066283233e-10	4.394332675516921e-10	True	True	8.118291808353673e-15
CO:SW-620	magnitude_g1.00	EX_val__L_e	-1.1583926554161614	-1.1583926498609256	5.5552358269039814e-09	3.851881302807669e-08	3.8517828482298455e-08	True	True	8.118291808353673e-15
CO:SW-620	magnitude_g1.00	EX_xan_e	0.0	0.0	0.0	3.306688535924218e-10	3.2018243611986463e-10	True	True	8.118291808353673e-15
CO:SW-620	ordinal	EX_4abut_e	0.0	0.0	0.0	6.859535106227118e-10	6.828100493565015e-10	True	True	6.314277316449516e-15
CO:SW-620	ordinal	EX_L2aadp_e	0.0	0.0	0.0	2.362661449181844e-10	2.361480057183272e-10	True	True	6.314277316449516e-15
CO:SW-620	ordinal	EX_Lkynr_e	0.0	0.0	0.0	1.45736993635309e-10	1.3805667720134807e-10	True	True	6.314277316449516e-15
CO:SW-620	ordinal	EX_ala__L_e	13.052117326266483	13.05211732626646	2.3092638912203256e-14	2.688176081733218e-08	2.6812353226546293e-08	True	True	6.314277316449516e-15
CO:SW-620	ordinal	EX_anth_e	0.0	0.0	0.0	1.1910520566181977e-10	1.1888445783370116e-10	True	True	6.314277316449516e-15
CO:SW-620	ordinal	EX_cala_e	0.0	0.0	0.0	7.100059203294406e-11	6.77446432284512e-11	True	True	6.314277316449516e-15
CO:SW-620	ordinal	EX_chol_e	-2.2595698547931384	-2.259569854793141	2.6645352591003757e-15	2.321198788735046e-09	2.3190382947291255e-09	True	True	6.314277316449516e-15
CO:SW-620	ordinal	EX_cholp_e	0.0	0.0	0.0	1.6665981906781762e-10	1.659872239656579e-10	True	True	6.314277316449516e-15
CO:SW-620	ordinal	EX_cit_e	0.0	0.0	0.0	1.1610019527598715e-08	1.1595149729259902e-08	True	True	6.314277316449516e-15
CO:SW-620	ordinal	EX_cmp_e	0.0	0.0	0.0	3.995920651700701e-11	0.0	True	True	6.314277316449516e-15
CO:SW-620	ordinal	EX_crn_e	1.5611634539757076e-16	0.0	1.5611634539757076e-16	5.4342289166537905e-09	5.41283462496267e-09	True	True	6.314277316449516e-15
CO:SW-620	ordinal	EX_cytd_e	0.0	0.0	0.0	3.96114372087991e-11	3.7504499506013644e-11	True	True	6.314277316449516e-15
CO:SW-620	ordinal	EX_dhap_e	0.0	0.0	0.0	9.74672396572723e-11	9.741540907270974e-11	True	True	6.314277316449516e-15
CO:SW-620	ordinal	EX_duri_e	0.0	0.0	0.0	4.011735803058728e-11	3.832531514369464e-11	True	True	6.314277316449516e-15
CO:SW-620	ordinal	EX_fum_e	16.208520767074873	16.20852076707529	4.156675004196586e-13	3.118823599379539e-08	3.1137187050944704e-08	True	True	6.314277316449516e-15
CO:SW-620	ordinal	EX_glcur_e	0.0	0.0	0.0	1.3378110662419634e-10	1.3335493898036787e-10	True	True	6.314277316449516e-15
CO:SW-620	ordinal	EX_gln__L_e	-10.0	-10.0	0.0	8.836707543480316e-08	8.813850982392069e-08	True	True	6.314277316449516e-15
CO:SW-620	ordinal	EX_glu__L_e	-10.0	-10.0	0.0	1.6758860965637723e-09	1.6701768856819399e-09	True	True	6.314277316449516e-15
CO:SW-620	ordinal	EX_gly_e	-10.0	-10.0	0.0	5.277225767486016e-09	5.266644009793708e-09	True	True	6.314277316449516e-15
CO:SW-620	ordinal	EX_glyald_e	0.0	0.0	0.0	2.405666717316727e-10	2.0668977640525554e-10	True	True	6.314277316449516e-15
CO:SW-620	ordinal	EX_glyc3p_e	0.0	0.0	0.0	9.833675372238616e-11	9.224343511249344e-11	True	True	6.314277316449516e-15
CO:SW-620	ordinal	EX_hom__L_e	0.0	-0.0	0.0	2.012496930122044e-17	0.0	True	True	6.314277316449516e-15
CO:SW-620	ordinal	EX_hxan_e	0.0	0.0	0.0	3.4975114086201586e-11	3.079136945416394e-11	True	True	6.314277316449516e-15
CO:SW-620	ordinal	EX_icit_e	0.0	-0.0	0.0	1.9789263835078508e-09	1.9819488272787567e-09	True	True	6.314277316449516e-15
CO:SW-620	ordinal	EX_ins_e	0.0	0.0	0.0	2.4207168272671552e-11	2.2158830326191037e-11	True	True	6.314277316449516e-15
CO:SW-620	ordinal	EX_lac__L_e	16.02518890032638	16.02518890032634	3.907985046680551e-14	3.8115672396088485e-08	3.802502490657389e-08	True	True	6.314277316449516e-15
CO:SW-620	ordinal	EX_leu__L_e	-1.7922337326704478	-1.7922337326704487	8.881784197001252e-16	1.5929844776607638e-08	1.5859457747069428e-08	True	True	6.314277316449516e-15
CO:SW-620	ordinal	EX_lys__L_e	-10.0	-10.0	0.0	1.419661721513421e-08	1.4179461160779283e-08	True	True	6.314277316449516e-15
CO:SW-620	ordinal	EX_mal__L_e	0.0	-0.0	0.0	2.1848057396220956e-09	2.178083491344296e-09	True	True	6.314277316449516e-15
CO:SW-620	ordinal	EX_met__L_e	-3.191046958856994	-3.1910469740946255	1.5237631600939494e-08	8.269994378196088e-08	8.288645014786766e-08	True	True	6.314277316449516e-15
CO:SW-620	ordinal	EX_nac_e	0.0	-0.0	0.0	4.3103388863094745e-10	4.3107278666172597e-10	True	True	6.314277316449516e-15
CO:SW-620	ordinal	EX_ncam_e	0.0	0.0	0.0	2.9733206967073e-09	2.9618071616630465e-09	True	True	6.314277316449516e-15
CO:SW-620	ordinal	EX_orn_e	0.0	0.0	0.0	1.4371109410785753e-09	1.4300347572770988e-09	True	True	6.314277316449516e-15
CO:SW-620	ordinal	EX_orot_e	0.0	0.0	0.0	8.170651267407148e-11	8.14632250545344e-11	True	True	6.314277316449516e-15
CO:SW-620	ordinal	EX_phe__L_e	-9.373980505231089	-9.373980505230675	4.1389114358025836e-13	3.353962085839157e-08	3.341736842799037e-08	True	True	6.314277316449516e-15
CO:SW-620	ordinal	EX_pro__L_e	-1.3551019514225007	-1.355101951422502	1.3322676295501878e-15	2.360899298281538e-08	2.351643146880633e-08	True	True	6.314277316449516e-15
CO:SW-620	ordinal	EX_sbt__D_e	0.0	0.0	0.0	1.0677600154654655e-10	0.0	True	True	6.314277316449516e-15
CO:SW-620	ordinal	EX_ser__L_e	-10.0	-10.0	0.0	2.2500934448999033e-10	2.2427393275847862e-10	True	True	6.314277316449516e-15
CO:SW-620	ordinal	EX_sprm_e	0.0	0.0	0.0	1.656677862656228e-11	1.6389117892194794e-11	True	True	6.314277316449516e-15
CO:SW-620	ordinal	EX_srtn_e	0.0	0.0	0.0	1.2604100812517393e-10	1.2578205144109234e-10	True	True	6.314277316449516e-15
CO:SW-620	ordinal	EX_succ_e	13.234475728426952	13.234475728427315	3.623767952376511e-13	8.471776169471923e-09	8.449198674043146e-09	True	True	6.314277316449516e-15
CO:SW-620	ordinal	EX_taur_e	0.0	0.0	0.0	1.0547323293216423e-10	1.0511591597150982e-10	True	True	6.314277316449516e-15
CO:SW-620	ordinal	EX_tchola_e	0.0	0.0	0.0	7.212461443937884e-11	2.3143738052230914e-11	True	True	6.314277316449516e-15
CO:SW-620	ordinal	EX_thr__L_e	-1.0272564007096077	-1.0272564007096083	6.661338147750939e-16	2.284184841272463e-08	2.275075661195558e-08	True	True	6.314277316449516e-15
CO:SW-620	ordinal	EX_thym_e	0.0	0.0	0.0	4.916545810504823e-11	4.907020924046242e-11	True	True	6.314277316449516e-15
CO:SW-620	ordinal	EX_thymd_e	0.0	0.0	0.0	3.201682354662672e-11	3.105654622359566e-11	True	True	6.314277316449516e-15
CO:SW-620	ordinal	EX_ump_e	0.0	0.0	0.0	4.018245467349756e-11	2.4409668730740464e-11	True	True	6.314277316449516e-15
CO:SW-620	ordinal	EX_ura_e	0.0	0.0	0.0	7.358541240317206e-11	7.325648421208086e-11	True	True	6.314277316449516e-15
CO:SW-620	ordinal	EX_urate_e	0.0	0.0	0.0	3.4479773600583516e-11	2.921292938426042e-11	True	True	6.314277316449516e-15
CO:SW-620	ordinal	EX_uri_e	0.0	0.0	0.0	3.818969276272014e-11	3.817493543500916e-11	True	True	6.314277316449516e-15
CO:SW-620	ordinal	EX_val__L_e	-1.1583926650984349	-1.1583926498609256	1.523750925436218e-08	1.524475035097339e-08	1.5166865097171467e-08	True	True	6.314277316449516e-15
CO:SW-620	ordinal	EX_xan_e	0.0	0.0	0.0	3.037127421838421e-11	3.030458040580853e-11	True	True	6.314277316449516e-15
LE:K-562	magnitude_g1.00	EX_4abut_e	0.0	-0.0	0.0	3.822294508207257e-09	3.818905815335773e-09	True	True	6.7046428561878615e-15
LE:K-562	magnitude_g1.00	EX_L2aadp_e	0.0	-0.0	0.0	1.3607594789617356e-09	1.3610116091309456e-09	True	True	6.7046428561878615e-15
LE:K-562	magnitude_g1.00	EX_Lkynr_e	0.0	0.0	0.0	5.792132854772383e-10	5.552467797394673e-10	True	True	6.7046428561878615e-15
LE:K-562	magnitude_g1.00	EX_ala__L_e	11.272491732188538	11.272491732188655	1.1723955140041653e-13	5.81266430543792e-08	5.813887149486163e-08	True	True	6.7046428561878615e-15
LE:K-562	magnitude_g1.00	EX_anth_e	0.0	-0.0	0.0	4.942364788455622e-10	4.94244274525194e-10	True	True	6.7046428561878615e-15
LE:K-562	magnitude_g1.00	EX_cala_e	0.0	-0.0	0.0	2.891526456308925e-10	2.7597435448001306e-10	True	True	6.7046428561878615e-15
LE:K-562	magnitude_g1.00	EX_chol_e	-2.259569854793139	-2.25956985479314	1.3322676295501878e-15	1.4491887689871419e-08	1.4493197308951267e-08	True	True	6.7046428561878615e-15
LE:K-562	magnitude_g1.00	EX_cholp_e	0.0	0.0	0.0	7.492431554372641e-10	7.494653786466188e-10	True	True	6.7046428561878615e-15
LE:K-562	magnitude_g1.00	EX_cit_e	0.0	0.0	0.0	1.5079133299648107e-08	1.5084774318552263e-08	True	True	6.7046428561878615e-15
LE:K-562	magnitude_g1.00	EX_cmp_e	0.0	0.0	0.0	1.8172175689531605e-10	0.0	True	True	6.7046428561878615e-15
LE:K-562	magnitude_g1.00	EX_crn_e	0.0	0.0	0.0	1.2569319843959682e-08	1.2581499508890204e-08	True	True	6.7046428561878615e-15
LE:K-562	magnitude_g1.00	EX_cytd_e	0.0	0.0	0.0	1.7940096799548094e-10	1.7214971115286914e-10	True	True	6.7046428561878615e-15
LE:K-562	magnitude_g1.00	EX_dhap_e	0.0	0.0	0.0	4.959068032744016e-10	4.9613646524449e-10	True	True	6.7046428561878615e-15
LE:K-562	magnitude_g1.00	EX_duri_e	0.0	0.0	0.0	1.8177183437930304e-10	1.7496246118575698e-10	True	True	6.7046428561878615e-15
LE:K-562	magnitude_g1.00	EX_fum_e	16.19824212613478	16.19824196233363	1.6380115042124999e-07	1.7909792759951415e-07	1.7916725170152858e-07	True	True	6.7046428561878615e-15
LE:K-562	magnitude_g1.00	EX_glcur_e	0.0	0.0	0.0	5.506220104744694e-10	5.455387253050503e-10	True	True	6.7046428561878615e-15
LE:K-562	magnitude_g1.00	EX_gln__L_e	-10.0	-10.0	0.0	1.7151585041119688e-08	1.7158821918883405e-08	True	True	6.7046428561878615e-15
LE:K-562	magnitude_g1.00	EX_glu__L_e	-10.0	-10.0	0.0	1.053564702147014e-08	1.053650677818041e-08	True	True	6.7046428561878615e-15
LE:K-562	magnitude_g1.00	EX_gly_e	-6.4407488118442835	-6.440748811844345	6.128431095930864e-14	4.7372370026721455e-08	4.737750369798732e-08	True	True	6.7046428561878615e-15
LE:K-562	magnitude_g1.00	EX_glyald_e	0.0	0.0	0.0	1.1951717982940797e-09	1.196156063087983e-09	True	True	6.7046428561878615e-15
LE:K-562	magnitude_g1.00	EX_glyc3p_e	0.0	0.0	0.0	5.160692819140584e-10	4.836420153253584e-10	True	True	6.7046428561878615e-15
LE:K-562	magnitude_g1.00	EX_hom__L_e	0.0	-0.0	0.0	0.0	0.0	True	True	6.7046428561878615e-15
LE:K-562	magnitude_g1.00	EX_hxan_e	0.0	0.0	0.0	1.5874012348988385e-10	1.326222465181104e-10	True	True	6.7046428561878615e-15
LE:K-562	magnitude_g1.00	EX_icit_e	0.0	-0.0	0.0	9.113294592303046e-09	9.116481791693332e-09	True	True	6.7046428561878615e-15
LE:K-562	magnitude_g1.00	EX_ins_e	0.0	0.0	0.0	1.0543181965993992e-10	1.0113976323111729e-10	True	True	6.7046428561878615e-15
LE:K-562	magnitude_g1.00	EX_lac__L_e	11.073118545789391	11.073118381988156	1.6380123568637828e-07	2.0883922857706239e-07	2.0901342523416133e-07	True	True	6.7046428561878615e-15
LE:K-562	magnitude_g1.00	EX_leu__L_e	-1.7922337326704474	-1.7922337326704487	1.3322676295501878e-15	1.4760534128299696e-08	1.4766560196832756e-08	True	True	6.7046428561878615e-15
LE:K-562	magnitude_g1.00	EX_lys__L_e	-1.9452265708841585	-1.9452265708841634	4.884981308350689e-15	3.540154969172704e-08	3.541535908979654e-08	True	True	6.7046428561878615e-15
LE:K-562	magnitude_g1.00	EX_mal__L_e	0.0	-0.0	0.0	2.098489088598176e-08	2.0997907412834138e-08	True	True	6.7046428561878615e-15
LE:K-562	magnitude_g1.00	EX_met__L_e	-4.2859413059861655	-4.285941142183526	1.6380263989645982e-07	3.1939097588917775e-07	3.1961533242252926e-07	True	True	6.7046428561878615e-15
LE:K-562	magnitude_g1.00	EX_nac_e	0.0	-0.0	0.0	2.270422570318401e-09	2.2715247488711085e-09	True	True	6.7046428561878615e-15
LE:K-562	magnitude_g1.00	EX_ncam_e	0.0	0.0	0.0	1.4977633107993705e-08	1.4980070961456704e-08	True	True	6.7046428561878615e-15
LE:K-562	magnitude_g1.00	EX_orn_e	0.0	0.0	0.0	1.014810453043816e-08	1.0155276273767882e-08	True	True	6.7046428561878615e-15
LE:K-562	magnitude_g1.00	EX_orot_e	0.0	0.0	0.0	3.4918096553688746e-10	3.4899522161069285e-10	True	True	6.7046428561878615e-15
LE:K-562	magnitude_g1.00	EX_phe__L_e	-0.852403688210429	-0.8524036882104296	5.551115123125783e-16	2.0099553910135626e-08	2.010857791390208e-08	True	True	6.7046428561878615e-15
LE:K-562	magnitude_g1.00	EX_pro__L_e	-1.355101951422501	-1.3551019514225018	8.881784197001252e-16	2.678462140970339e-08	2.680541277833015e-08	True	True	6.7046428561878615e-15
LE:K-562	magnitude_g1.00	EX_sbt__D_e	0.0	0.0	0.0	0.0	0.0	True	True	6.7046428561878615e-15
LE:K-562	magnitude_g1.00	EX_ser__L_e	-10.0	-10.0	0.0	1.4571561735010619e-09	1.4525447511459788e-09	True	True	6.7046428561878615e-15
LE:K-562	magnitude_g1.00	EX_sprm_e	0.0	0.0	0.0	1.0399886785847244e-10	7.311356016292415e-11	True	True	6.7046428561878615e-15
LE:K-562	magnitude_g1.00	EX_srtn_e	0.0	-0.0	0.0	5.349429183205534e-10	5.350315745999978e-10	True	True	6.7046428561878615e-15
LE:K-562	magnitude_g1.00	EX_succ_e	15.014101322505597	15.014101322504937	6.608047442568932e-13	1.2735234555805164e-07	1.2744681221477094e-07	True	True	6.7046428561878615e-15
LE:K-562	magnitude_g1.00	EX_taur_e	0.0	-0.0	0.0	4.5168136725309153e-10	4.488285298975825e-10	True	True	6.7046428561878615e-15
LE:K-562	magnitude_g1.00	EX_tchola_e	0.0	0.0	0.0	2.729493920962065e-10	9.595361610094807e-11	True	True	6.7046428561878615e-15
LE:K-562	magnitude_g1.00	EX_thr__L_e	-1.0272564007096074	-1.0272564007096083	8.881784197001252e-16	1.679247207952983e-08	1.6794003077080788e-08	True	True	6.7046428561878615e-15
LE:K-562	magnitude_g1.00	EX_thym_e	0.0	0.0	0.0	2.1843787934517042e-10	2.185275849164725e-10	True	True	6.7046428561878615e-15
LE:K-562	magnitude_g1.00	EX_thymd_e	0.0	0.0	0.0	1.505841465811629e-10	1.4787456675824373e-10	True	True	6.7046428561878615e-15
LE:K-562	magnitude_g1.00	EX_ump_e	0.0	0.0	0.0	1.8423599229482794e-10	1.1129269728016311e-10	True	True	6.7046428561878615e-15
LE:K-562	magnitude_g1.00	EX_ura_e	0.0	0.0	0.0	3.0137234002192985e-10	3.015043770204784e-10	True	True	6.7046428561878615e-15
LE:K-562	magnitude_g1.00	EX_urate_e	0.0	-0.0	0.0	1.3263947827554083e-10	1.2608292188076575e-10	True	True	6.7046428561878615e-15
LE:K-562	magnitude_g1.00	EX_uri_e	0.0	0.0	0.0	1.779265098318759e-10	1.7799245410898834e-10	True	True	6.7046428561878615e-15
LE:K-562	magnitude_g1.00	EX_val__L_e	-1.1583926646178027	-1.1583926498609252	1.475687749774579e-08	1.4769641731859906e-08	1.47654530824326e-08	True	True	6.7046428561878615e-15
LE:K-562	magnitude_g1.00	EX_xan_e	0.0	0.0	0.0	1.3273064928076012e-10	1.296657226035336e-10	True	True	6.7046428561878615e-15
CNS:SNB-19	ordinal	EX_4abut_e	0.0	-0.0	0.0	2.2869043825519457e-10	2.274290528550685e-10	True	True	6.34238125659781e-15
CNS:SNB-19	ordinal	EX_L2aadp_e	0.0	0.0	0.0	1.0505830274862358e-10	1.0431655539377971e-10	True	True	6.34238125659781e-15
CNS:SNB-19	ordinal	EX_Lkynr_e	0.0	0.0	0.0	5.031037003167859e-11	5.016385715407373e-11	True	True	6.34238125659781e-15
CNS:SNB-19	ordinal	EX_ala__L_e	14.090425764909424	14.090425764909451	2.6645352591003757e-14	2.3259639547745792e-08	2.2897488349826745e-08	True	True	6.34238125659781e-15
CNS:SNB-19	ordinal	EX_anth_e	0.0	0.0	0.0	4.5507798261715896e-11	4.495563635107079e-11	True	True	6.34238125659781e-15
CNS:SNB-19	ordinal	EX_cala_e	0.0	-0.0	0.0	2.849278142938489e-11	2.745403904214072e-11	True	True	6.34238125659781e-15
CNS:SNB-19	ordinal	EX_chol_e	-2.9517754805551255	-2.9517754805551344	8.881784197001252e-15	3.0907583159489604e-09	3.080129040711199e-09	True	True	6.34238125659781e-15
CNS:SNB-19	ordinal	EX_cholp_e	0.0	0.0	0.0	7.872535969108466e-11	6.886979875275756e-11	True	True	6.34238125659781e-15
CNS:SNB-19	ordinal	EX_cit_e	0.0	0.0	0.0	1.0042160790102294e-09	9.86796422353109e-10	True	True	6.34238125659781e-15
CNS:SNB-19	ordinal	EX_cmp_e	0.0	0.0	0.0	1.5939438058495234e-11	0.0	True	True	6.34238125659781e-15
CNS:SNB-19	ordinal	EX_crn_e	0.0	0.0	0.0	9.823320700742386e-10	9.631591255574014e-10	True	True	6.34238125659781e-15
CNS:SNB-19	ordinal	EX_cytd_e	0.0	0.0	0.0	1.573965624131548e-11	1.492250767398673e-11	True	True	6.34238125659781e-15
CNS:SNB-19	ordinal	EX_dhap_e	0.0	0.0	0.0	4.008849011698257e-11	3.935607395533225e-11	True	True	6.34238125659781e-15
CNS:SNB-19	ordinal	EX_duri_e	0.0	0.0	0.0	1.594491943295864e-11	1.5030032773921675e-11	True	True	6.34238125659781e-15
CNS:SNB-19	ordinal	EX_fum_e	17.154647873671315	17.154647873189557	4.817586329863843e-10	1.0509470627084738e-08	1.0401556949091173e-08	True	True	6.34238125659781e-15
CNS:SNB-19	ordinal	EX_glcur_e	0.0	0.0	0.0	5.358495964345375e-11	5.281819426272705e-11	True	True	6.34238125659781e-15
CNS:SNB-19	ordinal	EX_gln__L_e	-10.0	-10.0	0.0	1.8344223917665659e-09	1.8210428720522032e-09	True	True	6.34238125659781e-15
CNS:SNB-19	ordinal	EX_glu__L_e	-10.0	-10.0	0.0	6.878124736431346e-10	6.836131660747924e-10	True	True	6.34238125659781e-15
CNS:SNB-19	ordinal	EX_gly_e	-10.0	-10.0	0.0	1.8447696703560723e-09	1.8305961191344977e-09	True	True	6.34238125659781e-15
CNS:SNB-19	ordinal	EX_glyald_e	0.0	0.0	0.0	9.287074158098418e-11	8.038725241021893e-11	True	True	6.34238125659781e-15
CNS:SNB-19	ordinal	EX_glyc3p_e	0.0	0.0	0.0	4.0127703347055737e-11	3.7117864337687934e-11	True	True	6.34238125659781e-15
CNS:SNB-19	ordinal	EX_hom__L_e	0.0	-0.0	0.0	0.0	0.0	True	True	6.34238125659781e-15
CNS:SNB-19	ordinal	EX_hxan_e	0.0	0.0	0.0	1.4460648302850387e-11	1.1821849055237976e-11	True	True	6.34238125659781e-15
CNS:SNB-19	ordinal	EX_icit_e	0.0	-0.0	0.0	7.588657719686589e-10	7.495568610238479e-10	True	True	6.34238125659781e-15
CNS:SNB-19	ordinal	EX_ins_e	0.0	0.0	0.0	9.782706609465159e-12	8.638811888062037e-12	True	True	6.34238125659781e-15
CNS:SNB-19	ordinal	EX_lac__L_e	12.794614101634055	12.794614102838105	1.2040501928822778e-09	2.633769824456067e-08	2.6000829933536806e-08	True	True	6.34238125659781e-15
CNS:SNB-19	ordinal	EX_leu__L_e	-1.7922337326704474	-1.7922337326704487	1.3322676295501878e-15	1.3553135502775149e-08	1.3449284352873292e-08	True	True	6.34238125659781e-15
CNS:SNB-19	ordinal	EX_lys__L_e	-1.945226570884162	-1.9452265708841634	1.3322676295501878e-15	1.2943064175985342e-08	1.2706145469110197e-08	True	True	6.34238125659781e-15
CNS:SNB-19	ordinal	EX_mal__L_e	0.0	-0.0	0.0	7.672613971961473e-10	7.621707709404291e-10	True	True	6.34238125659781e-15
CNS:SNB-19	ordinal	EX_met__L_e	-7.985171976257857	-7.985171975776134	4.817231058495963e-10	1.1748975126124606e-08	1.1617956374720961e-08	True	True	6.34238125659781e-15
CNS:SNB-19	ordinal	EX_nac_e	1.9951333108106835e-15	-0.0	1.9951333108106835e-15	1.5801233607344876e-10	1.5594588154869727e-10	True	True	6.34238125659781e-15
CNS:SNB-19	ordinal	EX_ncam_e	0.0	0.0	0.0	1.2280179733478067e-09	1.2156341179951984e-09	True	True	6.34238125659781e-15
CNS:SNB-19	ordinal	EX_orn_e	0.0	0.0	0.0	3.5824363060752206e-10	3.5365133044251706e-10	True	True	6.34238125659781e-15
CNS:SNB-19	ordinal	EX_orot_e	0.0	0.0	0.0	3.211982886132228e-11	3.218197930365818e-11	True	True	6.34238125659781e-15
CNS:SNB-19	ordinal	EX_phe__L_e	-7.781738438896169	-7.781738439618739	7.225695597412596e-10	1.5746995707388578e-08	1.5577091616592043e-08	True	True	6.34238125659781e-15
CNS:SNB-19	ordinal	EX_pro__L_e	-1.3551019514225016	-1.3551019514225016	0.0	3.884375709972687e-09	3.8287071291165375e-09	True	True	6.34238125659781e-15
CNS:SNB-19	ordinal	EX_sbt__D_e	0.0	0.0	0.0	0.0	0.0	True	True	6.34238125659781e-15
CNS:SNB-19	ordinal	EX_ser__L_e	-10.0	-10.0	0.0	9.163514391730132e-11	9.051248639480036e-11	True	True	6.34238125659781e-15
CNS:SNB-19	ordinal	EX_sprm_e	0.0	0.0	0.0	5.352370693605728e-11	6.261999998233654e-12	True	True	6.34238125659781e-15
CNS:SNB-19	ordinal	EX_srtn_e	0.0	0.0	0.0	4.901095635783858e-11	4.836486766635062e-11	True	True	6.34238125659781e-15
CNS:SNB-19	ordinal	EX_succ_e	12.8883729155464	12.888372915546299	1.0125233984581428e-13	2.268780718850394e-09	2.2519532905107553e-09	True	True	6.34238125659781e-15
CNS:SNB-19	ordinal	EX_taur_e	0.0	0.0	0.0	4.1009833765353466e-11	4.047784329941351e-11	True	True	6.34238125659781e-15
CNS:SNB-19	ordinal	EX_tchola_e	0.0	0.0	0.0	1.835288262291332e-11	8.854053293008394e-12	True	True	6.34238125659781e-15
CNS:SNB-19	ordinal	EX_thr__L_e	-1.0272564007096077	-1.0272564007096083	6.661338147750939e-16	3.821261973513401e-09	3.760387556894784e-09	True	True	6.34238125659781e-15
CNS:SNB-19	ordinal	EX_thym_e	0.0	0.0	0.0	1.9515763646076285e-11	1.9211134567785002e-11	True	True	6.34238125659781e-15
CNS:SNB-19	ordinal	EX_thymd_e	0.0	0.0	0.0	1.2810453088788774e-11	1.2300292728806284e-11	True	True	6.34238125659781e-15
CNS:SNB-19	ordinal	EX_ump_e	0.0	0.0	0.0	1.5596134268192118e-11	9.801215394844576e-12	True	True	6.34238125659781e-15
CNS:SNB-19	ordinal	EX_ura_e	0.0	0.0	0.0	2.8769596536207968e-11	2.851763269973162e-11	True	True	6.34238125659781e-15
CNS:SNB-19	ordinal	EX_urate_e	0.0	-0.0	0.0	1.3931725908184589e-11	1.1328905595688558e-11	True	True	6.34238125659781e-15
CNS:SNB-19	ordinal	EX_uri_e	0.0	0.0	0.0	1.5075869080378304e-11	1.4931222924730037e-11	True	True	6.34238125659781e-15
CNS:SNB-19	ordinal	EX_val__L_e	-1.1583926522693477	-1.1583926498609256	2.408422128397092e-09	2.4165982548396414e-09	2.3838495621930633e-09	True	True	6.34238125659781e-15
CNS:SNB-19	ordinal	EX_xan_e	0.0	0.0	0.0	1.3846053207000658e-11	1.1711881464648854e-11	True	True	6.34238125659781e-15
CNS:SNB-19	magnitude_g1.00	EX_4abut_e	0.0	0.0	0.0	2.0269132941785636e-08	2.0267959501195165e-08	True	True	2.305634197893093e-15
CNS:SNB-19	magnitude_g1.00	EX_L2aadp_e	0.0	0.0	0.0	5.904997474340132e-09	5.904891166069163e-09	True	True	2.305634197893093e-15
CNS:SNB-19	magnitude_g1.00	EX_Lkynr_e	0.0	-0.0	0.0	2.1366464413745987e-09	2.1368323200475066e-09	True	True	2.305634197893093e-15
CNS:SNB-19	magnitude_g1.00	EX_ala__L_e	11.272492613958127	11.272492611526554	2.4315731650403904e-09	2.1973358634852502e-06	2.19731525952227e-06	True	True	2.305634197893093e-15
CNS:SNB-19	magnitude_g1.00	EX_anth_e	0.0	-0.0	0.0	1.9353815449844587e-09	1.9354203864563324e-09	True	True	2.305634197893093e-15
CNS:SNB-19	magnitude_g1.00	EX_cala_e	0.0	-0.0	0.0	1.2025137050514271e-09	1.2023514406322988e-09	True	True	2.305634197893093e-15
CNS:SNB-19	magnitude_g1.00	EX_chol_e	-2.259569854793136	-2.25956985479314	3.9968028886505635e-15	6.091114768125294e-08	6.090514759193866e-08	True	True	2.305634197893093e-15
CNS:SNB-19	magnitude_g1.00	EX_cholp_e	0.0	0.0	0.0	3.189910604366156e-09	3.1899669572510447e-09	True	True	2.305634197893093e-15
CNS:SNB-19	magnitude_g1.00	EX_cit_e	0.0	0.0	0.0	5.232648456904287e-08	5.2327933985907293e-08	True	True	2.305634197893093e-15
CNS:SNB-19	magnitude_g1.00	EX_cmp_e	0.0	0.0	0.0	7.43493784234771e-10	0.0	True	True	2.305634197893093e-15
CNS:SNB-19	magnitude_g1.00	EX_crn_e	-1.5884624574181584e-15	0.0	1.5884624574181584e-15	2.1652769637585655e-07	2.165130875697585e-07	True	True	2.305634197893093e-15
CNS:SNB-19	magnitude_g1.00	EX_cytd_e	0.0	0.0	0.0	7.353150942501292e-10	7.200882112812224e-10	True	True	2.305634197893093e-15
CNS:SNB-19	magnitude_g1.00	EX_dhap_e	0.0	0.0	0.0	2.080425440168524e-09	2.0802310984890937e-09	True	True	2.305634197893093e-15
CNS:SNB-19	magnitude_g1.00	EX_duri_e	0.0	0.0	0.0	7.367629569418786e-10	7.257571210672609e-10	True	True	2.305634197893093e-15
CNS:SNB-19	magnitude_g1.00	EX_fum_e	16.183888144256695	16.18388814416916	8.753531233196554e-11	2.631583377876723e-06	2.631377036266258e-06	True	True	2.305634197893093e-15
CNS:SNB-19	magnitude_g1.00	EX_glcur_e	0.0	0.0	0.0	2.403892014645409e-09	2.0525661170722742e-09	True	True	2.305634197893093e-15
CNS:SNB-19	magnitude_g1.00	EX_gln__L_e	-10.0	-10.0	0.0	7.202512186665899e-08	7.201590968008986e-08	True	True	2.305634197893093e-15
CNS:SNB-19	magnitude_g1.00	EX_glu__L_e	-10.0	-10.0	0.0	4.445854173695807e-08	4.446712864591973e-08	True	True	2.305634197893093e-15
CNS:SNB-19	magnitude_g1.00	EX_gly_e	-6.440750486579894	-6.440750488259078	1.6791839030361189e-09	4.3514468366367964e-06	4.351463998020222e-06	True	True	2.305634197893093e-15
CNS:SNB-19	magnitude_g1.00	EX_glyald_e	0.0	0.0	0.0	4.9462879957663615e-09	4.946368648006683e-09	True	True	2.305634197893093e-15
CNS:SNB-19	magnitude_g1.00	EX_glyc3p_e	0.0	0.0	0.0	2.0342583155436355e-09	2.034102664083548e-09	True	True	2.305634197893093e-15
CNS:SNB-19	magnitude_g1.00	EX_hom__L_e	0.0	-0.0	0.0	0.0	0.0	True	True	2.305634197893093e-15
CNS:SNB-19	magnitude_g1.00	EX_hxan_e	0.0	0.0	0.0	5.504591173166873e-10	5.504718347815185e-10	True	True	2.305634197893093e-15
CNS:SNB-19	magnitude_g1.00	EX_icit_e	0.0	0.0	0.0	3.4068379010016485e-08	3.40658488084955e-08	True	True	2.305634197893093e-15
CNS:SNB-19	magnitude_g1.00	EX_ins_e	0.0	0.0	0.0	4.2203449197286995e-10	4.194518066213959e-10	True	True	2.305634197893093e-15
CNS:SNB-19	magnitude_g1.00	EX_lac__L_e	11.058772080916109	11.058772080867564	4.8544279707130045e-11	1.0249677785623135e-05	1.0249360663294738e-05	False	False	2.305634197893093e-15
CNS:SNB-19	magnitude_g1.00	EX_leu__L_e	-1.7922337326704476	-1.7922337326704487	1.1102230246251565e-15	5.747544062906229e-08	5.747054165894383e-08	True	True	2.305634197893093e-15
CNS:SNB-19	magnitude_g1.00	EX_lys__L_e	-1.945226570884162	-1.9452265708841634	1.3322676295501878e-15	1.434633873920177e-07	1.4344919763153996e-07	True	True	2.305634197893093e-15
CNS:SNB-19	magnitude_g1.00	EX_mal__L_e	0.0	-0.0	0.0	8.642729058699504e-08	8.641946180887317e-08	True	True	2.305634197893093e-15
CNS:SNB-19	magnitude_g1.00	EX_met__L_e	-4.271588377036411	-4.27158837673457	3.0184121868614966e-10	1.0838328780238271e-05	1.0838346112151953e-05	False	False	2.305634197893093e-15
CNS:SNB-19	magnitude_g1.00	EX_nac_e	6.121074267216385e-15	-0.0	6.121074267216385e-15	9.402873626285453e-09	9.4029228847603e-09	True	True	2.305634197893093e-15
CNS:SNB-19	magnitude_g1.00	EX_ncam_e	0.0	0.0	0.0	6.344103730888828e-08	6.343109848483408e-08	True	True	2.305634197893093e-15
CNS:SNB-19	magnitude_g1.00	EX_orn_e	0.0	0.0	0.0	5.966748925726987e-08	5.966330136579145e-08	True	True	2.305634197893093e-15
CNS:SNB-19	magnitude_g1.00	EX_orot_e	0.0	0.0	0.0	1.4534071669145583e-09	1.4532341441331198e-09	True	True	2.305634197893093e-15
CNS:SNB-19	magnitude_g1.00	EX_phe__L_e	-0.8524036882104289	-0.8524036882104296	6.661338147750939e-16	5.5469652759931876e-08	5.546612791285099e-08	True	True	2.305634197893093e-15
CNS:SNB-19	magnitude_g1.00	EX_pro__L_e	-1.3551019514225007	-1.3551019514225018	1.1102230246251565e-15	1.1815673195414433e-07	1.1816135092601598e-07	True	True	2.305634197893093e-15
CNS:SNB-19	magnitude_g1.00	EX_sbt__D_e	0.0	0.0	0.0	0.0	0.0	True	True	2.305634197893093e-15
CNS:SNB-19	magnitude_g1.00	EX_ser__L_e	-10.0	-10.0	0.0	5.830257165939656e-09	5.829773996879339e-09	True	True	2.305634197893093e-15
CNS:SNB-19	magnitude_g1.00	EX_sprm_e	0.0	0.0	0.0	3.633809402811987e-10	2.9994158472868634e-10	True	True	2.305634197893093e-15
CNS:SNB-19	magnitude_g1.00	EX_srtn_e	0.0	-0.0	0.0	2.0096034607919835e-09	2.0093512131946767e-09	True	True	2.305634197893093e-15
CNS:SNB-19	magnitude_g1.00	EX_succ_e	15.014100599346687	15.014100609390354	1.0043667231229847e-08	2.4231345072678323e-06	2.423079525470939e-06	True	True	2.305634197893093e-15
CNS:SNB-19	magnitude_g1.00	EX_taur_e	0.0	0.0	0.0	1.720481732624091e-09	1.7200765256575323e-09	True	True	2.305634197893093e-15
CNS:SNB-19	magnitude_g1.00	EX_tchola_e	0.0	0.0	0.0	7.047129716975227e-10	3.6681146623561816e-10	True	True	2.305634197893093e-15
CNS:SNB-19	magnitude_g1.00	EX_thr__L_e	-1.0272564007096077	-1.0272564007096083	6.661338147750939e-16	6.278774367096673e-08	6.277679176491802e-08	True	True	2.305634197893093e-15
CNS:SNB-19	magnitude_g1.00	EX_thym_e	0.0	0.0	0.0	9.112362369877723e-10	9.111208454370967e-10	True	True	2.305634197893093e-15
CNS:SNB-19	magnitude_g1.00	EX_thymd_e	0.0	0.0	0.0	6.220914644470821e-10	6.102921709660869e-10	True	True	2.305634197893093e-15
CNS:SNB-19	magnitude_g1.00	EX_ump_e	0.0	0.0	0.0	4.633091673885487e-10	4.632994266007273e-10	True	True	2.305634197893093e-15
CNS:SNB-19	magnitude_g1.00	EX_ura_e	0.0	0.0	0.0	1.2738011663295057e-09	1.273821992331392e-09	True	True	2.305634197893093e-15
CNS:SNB-19	magnitude_g1.00	EX_urate_e	0.0	-0.0	0.0	5.981608341441885e-10	5.264761682166608e-10	True	True	2.305634197893093e-15
CNS:SNB-19	magnitude_g1.00	EX_uri_e	0.0	0.0	0.0	7.376210277928793e-10	7.376361188526914e-10	True	True	2.305634197893093e-15
CNS:SNB-19	magnitude_g1.00	EX_val__L_e	-1.1583926673122606	-1.1583926498609256	1.7451335043716654e-08	5.5429297152187473e-08	5.5422393341331144e-08	True	True	2.305634197893093e-15
CNS:SNB-19	magnitude_g1.00	EX_xan_e	0.0	0.0	0.0	5.56995005822397e-10	5.405147163184409e-10	True	True	2.305634197893093e-15
ME:MDA-MB-435	magnitude_g1.00	EX_4abut_e	0.0	-0.0	0.0	4.266945860228569e-08	4.266933541573682e-08	True	True	4.659878961768331e-15
ME:MDA-MB-435	magnitude_g1.00	EX_L2aadp_e	0.0	0.0	0.0	1.4516106164226897e-08	1.4515390903427843e-08	True	True	4.659878961768331e-15
ME:MDA-MB-435	magnitude_g1.00	EX_Lkynr_e	0.0	0.0	0.0	5.266902753349008e-09	5.266685286012856e-09	True	True	4.659878961768331e-15
ME:MDA-MB-435	magnitude_g1.00	EX_ala__L_e	11.272491763903572	11.272491912019792	1.4811621973365163e-07	1.323154384280656e-06	1.323141608722267e-06	True	True	4.659878961768331e-15
ME:MDA-MB-435	magnitude_g1.00	EX_anth_e	0.0	-0.0	0.0	4.776677849064607e-09	4.776400921929752e-09	True	True	4.659878961768331e-15
ME:MDA-MB-435	magnitude_g1.00	EX_cala_e	0.0	-0.0	0.0	2.9089835462650205e-09	2.9090561071143384e-09	True	True	4.659878961768331e-15
ME:MDA-MB-435	magnitude_g1.00	EX_chol_e	-2.259569854793139	-2.2595698547931407	1.7763568394002505e-15	1.4689741645312893e-07	1.4689789384902951e-07	True	True	4.659878961768331e-15
ME:MDA-MB-435	magnitude_g1.00	EX_cholp_e	0.0	0.0	0.0	7.749550168478674e-09	7.748872876689461e-09	True	True	4.659878961768331e-15
ME:MDA-MB-435	magnitude_g1.00	EX_cit_e	0.0	0.0	0.0	1.0879301915394046e-07	1.0878547840320607e-07	True	True	4.659878961768331e-15
ME:MDA-MB-435	magnitude_g1.00	EX_cmp_e	0.0	0.0	0.0	0.0	0.0	True	True	4.659878961768331e-15
ME:MDA-MB-435	magnitude_g1.00	EX_crn_e	0.0	0.0	0.0	2.786281158743064e-07	2.786213849637065e-07	True	True	4.659878961768331e-15
ME:MDA-MB-435	magnitude_g1.00	EX_cytd_e	0.0	0.0	0.0	1.7596074336253136e-09	1.7595453982721665e-09	True	True	4.659878961768331e-15
ME:MDA-MB-435	magnitude_g1.00	EX_dhap_e	0.0	0.0	0.0	5.115861498634675e-09	5.1159698699621e-09	True	True	4.659878961768331e-15
ME:MDA-MB-435	magnitude_g1.00	EX_duri_e	0.0	0.0	0.0	1.7720911413844124e-09	1.7721084599742198e-09	True	True	4.659878961768331e-15
ME:MDA-MB-435	magnitude_g1.00	EX_fum_e	16.18389242508974	16.18389218810817	2.3698157036733392e-07	8.731282576945887e-07	8.731043159571072e-07	True	True	4.659878961768331e-15
ME:MDA-MB-435	magnitude_g1.00	EX_glcur_e	0.0	0.0	0.0	5.595721897862916e-09	5.124828561520189e-09	True	True	4.659878961768331e-15
ME:MDA-MB-435	magnitude_g1.00	EX_gln__L_e	-10.0	-10.0	0.0	1.72942135279186e-07	1.7293419674047072e-07	True	True	4.659878961768331e-15
ME:MDA-MB-435	magnitude_g1.00	EX_glu__L_e	-10.0	-10.0	0.0	1.1225846563434061e-07	1.1225418461435765e-07	True	True	4.659878961768331e-15
ME:MDA-MB-435	magnitude_g1.00	EX_gly_e	-6.440748843559229	-6.440749169407848	3.2584861919815467e-07	1.3540988179627789e-06	1.354087921789926e-06	True	True	4.659878961768331e-15
ME:MDA-MB-435	magnitude_g1.00	EX_glyald_e	0.0	0.0	0.0	1.2145566186237358e-08	1.2145573435873303e-08	True	True	4.659878961768331e-15
ME:MDA-MB-435	magnitude_g1.00	EX_glyc3p_e	0.0	0.0	0.0	5.003109633665831e-09	5.003234715417193e-09	True	True	4.659878961768331e-15
ME:MDA-MB-435	magnitude_g1.00	EX_hom__L_e	0.0	-0.0	0.0	0.0	0.0	True	True	4.659878961768331e-15
ME:MDA-MB-435	magnitude_g1.00	EX_hxan_e	0.0	0.0	0.0	1.35902916968419e-09	1.3589832037474991e-09	True	True	4.659878961768331e-15
ME:MDA-MB-435	magnitude_g1.00	EX_icit_e	0.0	-0.0	0.0	9.964527335895793e-08	9.964437097664813e-08	True	True	4.659878961768331e-15
ME:MDA-MB-435	magnitude_g1.00	EX_ins_e	0.0	0.0	0.0	1.0346294551411467e-09	1.0346111467551822e-09	True	True	4.659878961768331e-15
ME:MDA-MB-435	magnitude_g1.00	EX_lac__L_e	11.058768781314475	11.058768781297553	1.6921575252126786e-11	2.0066879429236906e-06	2.0067097459275374e-06	True	True	4.659878961768331e-15
ME:MDA-MB-435	magnitude_g1.00	EX_leu__L_e	-1.792233732670444	-1.7922337326704487	4.6629367034256575e-15	1.4151862015587824e-07	1.4151367877524024e-07	True	True	4.659878961768331e-15
ME:MDA-MB-435	magnitude_g1.00	EX_lys__L_e	-1.9452265708841625	-1.9452265708841634	8.881784197001252e-16	2.620922245899493e-07	2.620831500710352e-07	True	True	4.659878961768331e-15
ME:MDA-MB-435	magnitude_g1.00	EX_mal__L_e	0.0	-0.0	0.0	2.814854477859659e-07	2.8146206787482697e-07	True	True	4.659878961768331e-15
ME:MDA-MB-435	magnitude_g1.00	EX_met__L_e	-7.014416527676402	-7.0144162906947365	2.3698166540242482e-07	1.2713016846355174e-05	1.2712293776750982e-05	False	False	4.659878961768331e-15
ME:MDA-MB-435	magnitude_g1.00	EX_nac_e	2.556948247750023e-14	-0.0	2.556948247750023e-14	2.398465555710624e-08	2.3983671493255088e-08	True	True	4.659878961768331e-15
ME:MDA-MB-435	magnitude_g1.00	EX_ncam_e	0.0	0.0	0.0	1.3947655440182523e-07	1.3946987323921505e-07	True	True	4.659878961768331e-15
ME:MDA-MB-435	magnitude_g1.00	EX_orn_e	0.0	-0.0	0.0	1.2208670920138026e-07	1.2208858596318706e-07	True	True	4.659878961768331e-15
ME:MDA-MB-435	magnitude_g1.00	EX_orot_e	0.0	0.0	0.0	3.533813642253546e-09	3.533722425785868e-09	True	True	4.659878961768331e-15
ME:MDA-MB-435	magnitude_g1.00	EX_phe__L_e	-0.852403688210429	-0.8524036882104296	5.551115123125783e-16	1.689187986153584e-07	1.6891786636108463e-07	True	True	4.659878961768331e-15
ME:MDA-MB-435	magnitude_g1.00	EX_pro__L_e	-1.355101951422501	-1.3551019514225018	8.881784197001252e-16	2.504642131473389e-07	2.5047133433986346e-07	True	True	4.659878961768331e-15
ME:MDA-MB-435	magnitude_g1.00	EX_sbt__D_e	0.0	0.0	0.0	0.0	0.0	True	True	4.659878961768331e-15
ME:MDA-MB-435	magnitude_g1.00	EX_ser__L_e	-10.0	-10.0	0.0	1.493239665251167e-08	1.4932110659060527e-08	True	True	4.659878961768331e-15
ME:MDA-MB-435	magnitude_g1.00	EX_sprm_e	0.0	-0.0	0.0	8.031387698778818e-10	7.321398907462633e-10	True	True	4.659878961768331e-15
ME:MDA-MB-435	magnitude_g1.00	EX_srtn_e	0.0	0.0	0.0	5.021936876270877e-09	5.0218780245359085e-09	True	True	4.659878961768331e-15
ME:MDA-MB-435	magnitude_g1.00	EX_succ_e	15.014101290789485	15.014101142674171	1.4811531379166354e-07	8.375115854164505e-07	8.375043982766783e-07	True	True	4.659878961768331e-15
ME:MDA-MB-435	magnitude_g1.00	EX_taur_e	0.0	-0.0	0.0	4.277783996262558e-09	4.277317278145176e-09	True	True	4.659878961768331e-15
ME:MDA-MB-435	magnitude_g1.00	EX_tchola_e	0.0	0.0	0.0	9.416626343178927e-10	9.124063480056874e-10	True	True	4.659878961768331e-15
ME:MDA-MB-435	magnitude_g1.00	EX_thr__L_e	-1.0272564007096074	-1.0272564007096083	8.881784197001252e-16	1.4638761491880814e-07	1.4638362411112382e-07	True	True	4.659878961768331e-15
ME:MDA-MB-435	magnitude_g1.00	EX_thym_e	0.0	0.0	0.0	2.2438586936305585e-09	2.2437611768566512e-09	True	True	4.659878961768331e-15
ME:MDA-MB-435	magnitude_g1.00	EX_thymd_e	0.0	0.0	0.0	1.4994445222989595e-09	1.4993979668975754e-09	True	True	4.659878961768331e-15
ME:MDA-MB-435	magnitude_g1.00	EX_ump_e	0.0	0.0	0.0	1.1352304295575137e-09	1.1352040696355203e-09	True	True	4.659878961768331e-15
ME:MDA-MB-435	magnitude_g1.00	EX_ura_e	0.0	0.0	0.0	3.1084357034324636e-09	3.1084823604032863e-09	True	True	4.659878961768331e-15
ME:MDA-MB-435	magnitude_g1.00	EX_urate_e	0.0	-0.0	0.0	1.303490495309332e-09	1.3035400814320752e-09	True	True	4.659878961768331e-15
ME:MDA-MB-435	magnitude_g1.00	EX_uri_e	0.0	0.0	0.0	1.809907644999001e-09	1.8097824350249425e-09	True	True	4.659878961768331e-15
ME:MDA-MB-435	magnitude_g1.00	EX_val__L_e	-1.1583927818698214	-1.1583926498609256	1.3200889581455044e-07	1.415221573264347e-07	1.4151364191583582e-07	True	True	4.659878961768331e-15
ME:MDA-MB-435	magnitude_g1.00	EX_xan_e	0.0	0.0	0.0	1.3370555878072843e-09	1.3369162721321715e-09	True	True	4.659878961768331e-15
ME:MDA-MB-435	ordinal	EX_4abut_e	0.0	0.0	0.0	3.1013063503472943e-09	3.1050772884201375e-09	True	True	4.679813022610852e-15
ME:MDA-MB-435	ordinal	EX_L2aadp_e	0.0	0.0	0.0	1.6246847949755572e-09	1.6218955391541108e-09	True	True	4.679813022610852e-15
ME:MDA-MB-435	ordinal	EX_Lkynr_e	0.0	-0.0	0.0	9.33479945071326e-10	9.353264829314867e-10	True	True	4.679813022610852e-15
ME:MDA-MB-435	ordinal	EX_ala__L_e	11.570369161432218	11.570369101743493	5.968872507366996e-08	4.4831812751056077e-07	4.480869968404022e-07	True	True	4.679813022610852e-15
ME:MDA-MB-435	ordinal	EX_anth_e	0.0	0.0	0.0	8.71918063008596e-10	8.714255983477415e-10	True	True	4.679813022610852e-15
ME:MDA-MB-435	ordinal	EX_cala_e	0.0	0.0	0.0	4.285116868998132e-10	4.279538205291071e-10	True	True	4.679813022610852e-15
ME:MDA-MB-435	ordinal	EX_chol_e	-2.259569854793138	-2.259569854793141	3.1086244689504383e-15	1.3493131945097048e-08	1.3491839645496384e-08	True	True	4.679813022610852e-15
ME:MDA-MB-435	ordinal	EX_cholp_e	0.0	0.0	0.0	1.0731163788644331e-09	1.0732268407309675e-09	True	True	4.679813022610852e-15
ME:MDA-MB-435	ordinal	EX_cit_e	0.0	-0.0	0.0	5.0103624170316285e-08	5.008953252172432e-08	True	True	4.679813022610852e-15
ME:MDA-MB-435	ordinal	EX_cmp_e	0.0	0.0	0.0	2.4947534300218723e-10	0.0	True	True	4.679813022610852e-15
ME:MDA-MB-435	ordinal	EX_crn_e	0.0	0.0	0.0	1.3127943591647629e-08	1.3139151017273245e-08	True	True	4.679813022610852e-15
ME:MDA-MB-435	ordinal	EX_cytd_e	0.0	0.0	0.0	2.466157630826296e-10	2.360707185289357e-10	True	True	4.679813022610852e-15
ME:MDA-MB-435	ordinal	EX_dhap_e	0.0	0.0	0.0	6.439233000372603e-10	6.436984278934688e-10	True	True	4.679813022610852e-15
ME:MDA-MB-435	ordinal	EX_duri_e	0.0	0.0	0.0	2.525147709963127e-10	2.3853112078124167e-10	True	True	4.679813022610852e-15
ME:MDA-MB-435	ordinal	EX_fum_e	18.909627093208968	18.90962711310523	1.9896262415386445e-08	1.8603475382406032e-07	1.859065719145292e-07	True	True	4.679813022610852e-15
ME:MDA-MB-435	ordinal	EX_glcur_e	0.0	0.0	0.0	9.600269498661606e-10	9.595186867272787e-10	True	True	4.679813022610852e-15
ME:MDA-MB-435	ordinal	EX_gln__L_e	-10.0	-10.0	0.0	1.611247668620308e-08	1.610184696687611e-08	True	True	4.679813022610852e-15
ME:MDA-MB-435	ordinal	EX_glu__L_e	-10.0	-10.0	0.0	1.0363486069309147e-08	1.0355424961971949e-08	True	True	4.679813022610852e-15
ME:MDA-MB-435	ordinal	EX_gly_e	-7.036503670331493	-7.036503550954059	1.1937743416012836e-07	8.715628485589377e-07	8.712566934576671e-07	True	True	4.679813022610852e-15
ME:MDA-MB-435	ordinal	EX_glyald_e	0.0	0.0	0.0	1.3529024920443143e-09	1.352514544805672e-09	True	True	4.679813022610852e-15
ME:MDA-MB-435	ordinal	EX_glyc3p_e	0.0	0.0	0.0	6.110573960774477e-10	6.113152206665973e-10	True	True	4.679813022610852e-15
ME:MDA-MB-435	ordinal	EX_hom__L_e	0.0	-0.0	0.0	0.0	0.0	True	True	4.679813022610852e-15
ME:MDA-MB-435	ordinal	EX_hxan_e	0.0	0.0	0.0	2.335780622128052e-10	1.9420934617602116e-10	True	True	4.679813022610852e-15
ME:MDA-MB-435	ordinal	EX_icit_e	0.0	-0.0	0.0	2.212747308694426e-08	2.2120429932215302e-08	True	True	4.679813022610852e-15
ME:MDA-MB-435	ordinal	EX_ins_e	0.0	0.0	0.0	1.576421109281942e-10	1.418832829003236e-10	True	True	4.679813022610852e-15
ME:MDA-MB-435	ordinal	EX_lac__L_e	16.488202781018952	16.488202836728597	5.570964489720609e-08	4.0672523837770314e-07	4.065244745277141e-07	True	True	4.679813022610852e-15
ME:MDA-MB-435	ordinal	EX_leu__L_e	-1.7922337326704474	-1.7922337326704487	1.3322676295501878e-15	3.848877194734257e-08	3.848583451926402e-08	True	True	4.679813022610852e-15
ME:MDA-MB-435	ordinal	EX_lys__L_e	-1.945226570884162	-1.9452265708841634	1.3322676295501878e-15	4.320573609994938e-08	4.3183320697082195e-08	True	True	4.679813022610852e-15
ME:MDA-MB-435	ordinal	EX_mal__L_e	0.0	-0.0	0.0	2.4993571872400996e-08	2.4992395708522963e-08	True	True	4.679813022610852e-15
ME:MDA-MB-435	ordinal	EX_met__L_e	-9.759978343257465	-9.759978351215953	7.958487202586184e-09	8.595636202812784e-08	8.613600144258271e-08	True	True	4.679813022610852e-15
ME:MDA-MB-435	ordinal	EX_nac_e	6.5812234406957085e-15	-0.0	6.5812234406957085e-15	3.1414839423844192e-09	3.1424704235852225e-09	True	True	4.679813022610852e-15
ME:MDA-MB-435	ordinal	EX_ncam_e	0.0	0.0	0.0	1.806318142440039e-08	1.8062096115064225e-08	True	True	4.679813022610852e-15
ME:MDA-MB-435	ordinal	EX_orn_e	0.0	0.0	0.0	4.886423348223324e-09	4.884371545805803e-09	True	True	4.679813022610852e-15
ME:MDA-MB-435	ordinal	EX_orot_e	0.0	0.0	0.0	5.001489926320507e-10	5.003299996531041e-10	True	True	4.679813022610852e-15
ME:MDA-MB-435	ordinal	EX_phe__L_e	-10.0	-10.0	0.0	3.8415546299575e-08	3.842760065708717e-08	True	True	4.679813022610852e-15
ME:MDA-MB-435	ordinal	EX_pro__L_e	-1.3551019514224987	-1.3551019514225011	2.4424906541753444e-15	4.425703559185479e-08	4.427155175790176e-08	True	True	4.679813022610852e-15
ME:MDA-MB-435	ordinal	EX_sbt__D_e	0.0	0.0	0.0	0.0	0.0	True	True	4.679813022610852e-15
ME:MDA-MB-435	ordinal	EX_ser__L_e	-10.0	-10.0	0.0	1.6158896443130288e-09	1.6134436009451747e-09	True	True	4.679813022610852e-15
ME:MDA-MB-435	ordinal	EX_sprm_e	0.0	0.0	0.0	1.0373951094178604e-10	1.0249193895570571e-10	True	True	4.679813022610852e-15
ME:MDA-MB-435	ordinal	EX_srtn_e	0.0	0.0	0.0	8.63560010364105e-10	8.631637626876909e-10	True	True	4.679813022610852e-15
ME:MDA-MB-435	ordinal	EX_succ_e	14.716223893261366	14.716223952950251	5.96888849457855e-08	4.357597127579993e-07	4.356713461106665e-07	True	True	4.679813022610852e-15
ME:MDA-MB-435	ordinal	EX_taur_e	0.0	0.0	0.0	7.185672386705039e-10	7.214275843381301e-10	True	True	4.679813022610852e-15
ME:MDA-MB-435	ordinal	EX_tchola_e	0.0	0.0	0.0	3.0494669255431187e-10	1.5671258735139304e-10	True	True	4.679813022610852e-15
ME:MDA-MB-435	ordinal	EX_thr__L_e	-1.0272564007096077	-1.0272564007096083	6.661338147750939e-16	4.0815204105371095e-08	4.0793892486234995e-08	True	True	4.679813022610852e-15
ME:MDA-MB-435	ordinal	EX_thym_e	0.0	0.0	0.0	3.0706898533809455e-10	3.0507322154922986e-10	True	True	4.679813022610852e-15
ME:MDA-MB-435	ordinal	EX_thymd_e	0.0	0.0	0.0	2.0283541244597516e-10	1.963833540230553e-10	True	True	4.679813022610852e-15
ME:MDA-MB-435	ordinal	EX_ump_e	0.0	0.0	0.0	2.4825151050931976e-10	1.5571005596015652e-10	True	True	4.679813022610852e-15
ME:MDA-MB-435	ordinal	EX_ura_e	0.0	0.0	0.0	4.4636152768262476e-10	4.438476253199042e-10	True	True	4.679813022610852e-15
ME:MDA-MB-435	ordinal	EX_urate_e	0.0	-0.0	0.0	2.211365532214261e-10	1.8660800682468448e-10	True	True	4.679813022610852e-15
ME:MDA-MB-435	ordinal	EX_uri_e	0.0	0.0	0.0	2.4016463745865426e-10	2.400599719010188e-10	True	True	4.679813022610852e-15
ME:MDA-MB-435	ordinal	EX_val__L_e	-1.1583926883481703	-1.1583926498609256	3.8487244724549896e-08	3.847351415231515e-08	3.847940854839749e-08	True	True	4.679813022610852e-15
ME:MDA-MB-435	ordinal	EX_xan_e	0.0	0.0	0.0	2.078525484835663e-10	1.9280825315262787e-10	True	True	4.679813022610852e-15
RE:CAKI-1	ordinal	EX_4abut_e	0.0	-0.0	0.0	7.608440924038775e-10	7.596408368275017e-10	True	True	1.0471566845444417e-14
RE:CAKI-1	ordinal	EX_L2aadp_e	0.0	-0.0	0.0	3.6091447412173967e-10	3.6067765468746995e-10	True	True	1.0471566845444417e-14
RE:CAKI-1	ordinal	EX_Lkynr_e	0.0	-0.0	0.0	1.9667175992822498e-10	1.965991141474437e-10	True	True	1.0471566845444417e-14
RE:CAKI-1	ordinal	EX_ala__L_e	13.128615387984889	13.128615387984818	7.105427357601002e-14	2.6336971714613355e-08	2.6320385870803875e-08	True	True	1.0471566845444417e-14
RE:CAKI-1	ordinal	EX_anth_e	0.0	0.0	0.0	1.8006764363904153e-10	1.7997692225435458e-10	True	True	1.0471566845444417e-14
RE:CAKI-1	ordinal	EX_cala_e	0.0	0.0	0.0	9.831206068869421e-11	9.824335789332395e-11	True	True	1.0471566845444417e-14
RE:CAKI-1	ordinal	EX_chol_e	-2.259569854793138	-2.25956985479314	2.220446049250313e-15	4.052904234441712e-09	4.044005130765527e-09	True	True	1.0471566845444417e-14
RE:CAKI-1	ordinal	EX_cholp_e	0.0	0.0	0.0	2.4760438885467075e-10	2.4786306340729425e-10	True	True	1.0471566845444417e-14
RE:CAKI-1	ordinal	EX_cit_e	0.0	-0.0	0.0	2.8558198854863595e-07	2.84672466932534e-07	True	True	1.0471566845444417e-14
RE:CAKI-1	ordinal	EX_cmp_e	0.0	0.0	0.0	5.810259291436988e-11	0.0	True	True	1.0471566845444417e-14
RE:CAKI-1	ordinal	EX_crn_e	8.684763103195165e-17	0.0	8.684763103195165e-17	2.3069361755706983e-09	2.303999609190912e-09	True	True	1.0471566845444417e-14
RE:CAKI-1	ordinal	EX_cytd_e	0.0	0.0	0.0	5.7536766863974986e-11	5.492672983109515e-11	True	True	1.0471566845444417e-14
RE:CAKI-1	ordinal	EX_dhap_e	0.0	0.0	0.0	1.4756249788448341e-10	1.4777068457760834e-10	True	True	1.0471566845444417e-14
RE:CAKI-1	ordinal	EX_duri_e	0.0	0.0	0.0	5.825585559486215e-11	5.507116984659888e-11	True	True	1.0471566845444417e-14
RE:CAKI-1	ordinal	EX_fum_e	12.26308912220265	12.263089149575658	2.73730069721978e-08	2.1907269953658215e-07	2.191495358516704e-07	True	True	1.0471566845444417e-14
RE:CAKI-1	ordinal	EX_glcur_e	0.0	0.0	0.0	2.1132156294266178e-10	2.1113599757427437e-10	True	True	1.0471566845444417e-14
RE:CAKI-1	ordinal	EX_gln__L_e	-10.0	-10.0	0.0	4.849866286349425e-09	4.84916995446838e-09	True	True	1.0471566845444417e-14
RE:CAKI-1	ordinal	EX_glu__L_e	-10.0	-10.0	0.0	3.101250811710088e-09	3.1001921030338053e-09	True	True	1.0471566845444417e-14
RE:CAKI-1	ordinal	EX_gly_e	-10.0	-10.0	0.0	8.629726266917714e-09	8.634343018343316e-09	True	True	1.0471566845444417e-14
RE:CAKI-1	ordinal	EX_glyald_e	0.0	0.0	0.0	3.084509642585626e-10	3.0829738761894987e-10	True	True	1.0471566845444417e-14
RE:CAKI-1	ordinal	EX_glyc3p_e	0.0	0.0	0.0	1.4997007089312736e-10	1.4066936504519845e-10	True	True	1.0471566845444417e-14
RE:CAKI-1	ordinal	EX_hom__L_e	0.0	-0.0	0.0	-2.9043892870141654e-26	0.0	True	True	1.0471566845444417e-14
RE:CAKI-1	ordinal	EX_hxan_e	0.0	0.0	0.0	4.479702027291292e-11	4.4742209936998734e-11	True	True	1.0471566845444417e-14
RE:CAKI-1	ordinal	EX_icit_e	0.0	-0.0	0.0	7.683937627874651e-09	7.680791114239582e-09	True	True	1.0471566845444417e-14
RE:CAKI-1	ordinal	EX_ins_e	0.0	0.0	0.0	3.250243481227602e-11	3.251035551876669e-11	True	True	1.0471566845444417e-14
RE:CAKI-1	ordinal	EX_lac__L_e	17.025188900326388	17.02518890032631	7.815970093361102e-14	1.1081306894311638e-07	1.1079311690309623e-07	True	True	1.0471566845444417e-14
RE:CAKI-1	ordinal	EX_leu__L_e	-1.7922337326704474	-1.7922337326704487	1.3322676295501878e-15	9.925697153079227e-09	9.907433096145724e-09	True	True	1.0471566845444417e-14
RE:CAKI-1	ordinal	EX_lys__L_e	-1.9452265708841618	-1.9452265708841634	1.5543122344752192e-15	8.019622299570983e-09	8.014429120350997e-09	True	True	1.0471566845444417e-14
RE:CAKI-1	ordinal	EX_mal__L_e	0.0	-0.0	0.0	4.436054663320951e-09	4.426180311156713e-09	True	True	1.0471566845444417e-14
RE:CAKI-1	ordinal	EX_met__L_e	-5.159071545933032	-5.159071545932375	6.572520305780927e-13	3.3147745615025315e-07	3.310860181571229e-07	True	True	1.0471566845444417e-14
RE:CAKI-1	ordinal	EX_nac_e	3.473645259331344e-15	-0.0	3.473645259331344e-15	8.014829975095243e-10	8.003588902738556e-10	True	True	1.0471566845444417e-14
RE:CAKI-1	ordinal	EX_ncam_e	0.0	0.0	0.0	4.4822491565215664e-09	4.4755239514415734e-09	True	True	1.0471566845444417e-14
RE:CAKI-1	ordinal	EX_orn_e	0.0	0.0	0.0	1.316026360337307e-09	1.3133956144883996e-09	True	True	1.0471566845444417e-14
RE:CAKI-1	ordinal	EX_orot_e	0.0	0.0	0.0	1.172701802579138e-10	1.1717382619735872e-10	True	True	1.0471566845444417e-14
RE:CAKI-1	ordinal	EX_phe__L_e	-9.999960851580127	-9.99996074209163	1.0948849649139447e-07	2.6558592480796506e-07	2.6521341034424495e-07	True	True	1.0471566845444417e-14
RE:CAKI-1	ordinal	EX_pro__L_e	-1.3551019514225005	-1.3551019514225016	1.1102230246251565e-15	1.0950221618344358e-08	1.0923383975125489e-08	True	True	1.0471566845444417e-14
RE:CAKI-1	ordinal	EX_sbt__D_e	0.0	0.0	0.0	1.6095507647659007e-10	0.0	True	True	1.0471566845444417e-14
RE:CAKI-1	ordinal	EX_ser__L_e	-10.0	-10.0	0.0	3.431299688827494e-10	3.426574579634689e-10	True	True	1.0471566845444417e-14
RE:CAKI-1	ordinal	EX_sprm_e	0.0	0.0	0.0	2.96232082389628e-11	2.3654855851873435e-11	True	True	1.0471566845444417e-14
RE:CAKI-1	ordinal	EX_srtn_e	0.0	0.0	0.0	1.9136636320973876e-10	1.9107929723413407e-10	True	True	1.0471566845444417e-14
RE:CAKI-1	ordinal	EX_succ_e	13.157977666708518	13.15797766670916	6.412648190234904e-13	2.2654015552348028e-08	2.2645137320864706e-08	True	True	1.0471566845444417e-14
RE:CAKI-1	ordinal	EX_taur_e	0.0	0.0	0.0	1.606307162018941e-10	1.6007377234333553e-10	True	True	1.0471566845444417e-14
RE:CAKI-1	ordinal	EX_tchola_e	0.0	0.0	0.0	7.083490188356576e-11	3.4801050929900163e-11	True	True	1.0471566845444417e-14
RE:CAKI-1	ordinal	EX_thr__L_e	-1.0272564007096079	-1.0272564007096083	4.440892098500626e-16	9.689864688411376e-09	9.690150903907124e-09	True	True	1.0471566845444417e-14
RE:CAKI-1	ordinal	EX_thym_e	0.0	0.0	0.0	6.997160518445754e-11	6.978950750635704e-11	True	True	1.0471566845444417e-14
RE:CAKI-1	ordinal	EX_thymd_e	0.0	0.0	0.0	4.664100967063732e-11	4.509571882582719e-11	True	True	1.0471566845444417e-14
RE:CAKI-1	ordinal	EX_ump_e	0.0	0.0	0.0	5.755975107521446e-11	3.586289598622727e-11	True	True	1.0471566845444417e-14
RE:CAKI-1	ordinal	EX_ura_e	0.0	0.0	0.0	1.0210561535831947e-10	1.0197093169850291e-10	True	True	1.0471566845444417e-14
RE:CAKI-1	ordinal	EX_urate_e	0.0	-0.0	0.0	4.360309145676091e-11	4.287541930332034e-11	True	True	1.0471566845444417e-14
RE:CAKI-1	ordinal	EX_uri_e	0.0	0.0	0.0	5.5298336556948534e-11	5.524017354652244e-11	True	True	1.0471566845444417e-14
RE:CAKI-1	ordinal	EX_val__L_e	-1.1583926595536014	-1.1583926498609256	9.692675773109727e-09	9.710179327271362e-09	9.690298785614004e-09	True	True	1.0471566845444417e-14
RE:CAKI-1	ordinal	EX_xan_e	0.0	0.0	0.0	4.4455926424634526e-11	4.444977719231247e-11	True	True	1.0471566845444417e-14
ME:SK-MEL-28	ordinal	EX_4abut_e	0.0	0.0	0.0	1.1057187049628326e-09	1.1090485392795767e-09	True	True	3.679376179801539e-15
ME:SK-MEL-28	ordinal	EX_L2aadp_e	0.0	0.0	0.0	5.276747343152362e-10	5.285372139951505e-10	True	True	3.679376179801539e-15
ME:SK-MEL-28	ordinal	EX_Lkynr_e	0.0	0.0	0.0	3.427847817340456e-10	3.4274421915229324e-10	True	True	3.679376179801539e-15
ME:SK-MEL-28	ordinal	EX_ala__L_e	13.05211732626647	13.052117326266504	3.375077994860476e-14	3.55926221828895e-08	3.560469963304058e-08	True	True	3.679376179801539e-15
ME:SK-MEL-28	ordinal	EX_anth_e	0.0	0.0	0.0	2.966193100198979e-10	2.9670579291316097e-10	True	True	3.679376179801539e-15
ME:SK-MEL-28	ordinal	EX_cala_e	0.0	0.0	0.0	1.6338900818543747e-10	1.4962409089491757e-10	True	True	3.679376179801539e-15
ME:SK-MEL-28	ordinal	EX_chol_e	-2.25956985479314	-2.25956985479314	0.0	8.731046108323426e-09	8.743079149553523e-09	True	True	3.679376179801539e-15
ME:SK-MEL-28	ordinal	EX_cholp_e	0.0	0.0	0.0	3.829205314511579e-10	3.830373795921105e-10	True	True	3.679376179801539e-15
ME:SK-MEL-28	ordinal	EX_cit_e	0.0	-0.0	0.0	8.741308817861674e-09	8.757777120788685e-09	True	True	3.679376179801539e-15
ME:SK-MEL-28	ordinal	EX_cmp_e	0.0	0.0	0.0	8.764284522877862e-11	0.0	True	True	3.679376179801539e-15
ME:SK-MEL-28	ordinal	EX_crn_e	0.0	0.0	0.0	3.5121788863517013e-09	3.515670345122235e-09	True	True	3.679376179801539e-15
ME:SK-MEL-28	ordinal	EX_cytd_e	0.0	0.0	0.0	8.748108443807334e-11	8.324874123388781e-11	True	True	3.679376179801539e-15
ME:SK-MEL-28	ordinal	EX_dhap_e	0.0	0.0	0.0	2.1796066367827706e-10	2.1858426180187962e-10	True	True	3.679376179801539e-15
ME:SK-MEL-28	ordinal	EX_duri_e	0.0	0.0	0.0	8.882604630297857e-11	8.364106629521473e-11	True	True	3.679376179801539e-15
ME:SK-MEL-28	ordinal	EX_fum_e	21.240990721876916	21.240990648216105	7.366081078430398e-08	3.5781264884349184e-07	3.585184558119181e-07	True	True	3.679376179801539e-15
ME:SK-MEL-28	ordinal	EX_glcur_e	0.0	0.0	0.0	3.356458493747145e-10	3.356301903068015e-10	True	True	3.679376179801539e-15
ME:SK-MEL-28	ordinal	EX_gln__L_e	-8.458649671364446	-8.458649597704213	7.366023346833117e-08	2.8044878419564157e-07	2.8056273038146173e-07	True	True	3.679376179801539e-15
ME:SK-MEL-28	ordinal	EX_glu__L_e	-10.0	-10.0	0.0	3.780767698913223e-09	3.7884735348825416e-09	True	True	3.679376179801539e-15
ME:SK-MEL-28	ordinal	EX_gly_e	-10.0	-10.0	0.0	4.650524765281716e-08	4.657399088614511e-08	True	True	3.679376179801539e-15
ME:SK-MEL-28	ordinal	EX_glyald_e	0.0	0.0	0.0	4.452604762159027e-10	4.4576964342013525e-10	True	True	3.679376179801539e-15
ME:SK-MEL-28	ordinal	EX_glyc3p_e	0.0	0.0	0.0	2.0562580648324772e-10	2.0596480077017532e-10	True	True	3.679376179801539e-15
ME:SK-MEL-28	ordinal	EX_hom__L_e	0.0	0.0	0.0	0.0	0.0	True	True	3.679376179801539e-15
ME:SK-MEL-28	ordinal	EX_hxan_e	0.0	0.0	0.0	8.351544842033194e-11	6.680961339711189e-11	True	True	3.679376179801539e-15
ME:SK-MEL-28	ordinal	EX_icit_e	0.0	-0.0	0.0	4.545586384126721e-09	4.554435051318251e-09	True	True	3.679376179801539e-15
ME:SK-MEL-28	ordinal	EX_ins_e	0.0	0.0	0.0	5.236378194187603e-11	4.863176528147051e-11	True	True	3.679376179801539e-15
ME:SK-MEL-28	ordinal	EX_lac__L_e	16.02510388229797	16.02510410327953	2.2098156193806062e-07	9.369415892024335e-07	9.378404719484479e-07	True	True	3.679376179801539e-15
ME:SK-MEL-28	ordinal	EX_leu__L_e	-1.7922337326704432	-1.7922337326704554	1.2212453270876722e-14	1.119895154388928e-08	1.1206902961191645e-08	True	True	3.679376179801539e-15
ME:SK-MEL-28	ordinal	EX_lys__L_e	-1.9452265708841618	-1.9452265708841634	1.5543122344752192e-15	3.327211617332182e-08	3.331034825748702e-08	True	True	3.679376179801539e-15
ME:SK-MEL-28	ordinal	EX_mal__L_e	0.0	-0.0	0.0	4.811793068357913e-09	4.814175724732195e-09	True	True	3.679376179801539e-15
ME:SK-MEL-28	ordinal	EX_met__L_e	-4.197905021357842	-4.197904947697036	7.366080634341188e-08	4.5923737257425046e-07	4.5965883543885866e-07	True	True	3.679376179801539e-15
ME:SK-MEL-28	ordinal	EX_nac_e	-1.848756976094947e-15	-0.0	1.848756976094947e-15	1.0622313797284136e-09	1.062921306527187e-09	True	True	3.679376179801539e-15
ME:SK-MEL-28	ordinal	EX_ncam_e	0.0	0.0	0.0	6.638684106623538e-09	6.641755589953391e-09	True	True	3.679376179801539e-15
ME:SK-MEL-28	ordinal	EX_orn_e	0.0	0.0	0.0	2.574962258411644e-09	2.5763910116438637e-09	True	True	3.679376179801539e-15
ME:SK-MEL-28	ordinal	EX_orot_e	0.0	0.0	0.0	1.8190181106265387e-10	1.8216728125963755e-10	True	True	3.679376179801539e-15
ME:SK-MEL-28	ordinal	EX_phe__L_e	-6.532755638898666	-6.532755786219925	1.473212583036343e-07	5.789141210854609e-07	5.795046540413296e-07	True	True	3.679376179801539e-15
ME:SK-MEL-28	ordinal	EX_pro__L_e	-1.3551019514225007	-1.3551019514225011	4.440892098500626e-16	1.1773825692174e-08	1.178053388173339e-08	True	True	3.679376179801539e-15
ME:SK-MEL-28	ordinal	EX_sbt__D_e	0.0	0.0	0.0	0.0	0.0	True	True	3.679376179801539e-15
ME:SK-MEL-28	ordinal	EX_ser__L_e	-10.0	-10.0	0.0	5.289333415703368e-10	5.292335458761954e-10	True	True	3.679376179801539e-15
ME:SK-MEL-28	ordinal	EX_sprm_e	0.0	0.0	0.0	3.689049303152066e-11	3.6138203540758695e-11	True	True	3.679376179801539e-15
ME:SK-MEL-28	ordinal	EX_srtn_e	0.0	0.0	0.0	2.9361868899777093e-10	2.9413271818157227e-10	True	True	3.679376179801539e-15
ME:SK-MEL-28	ordinal	EX_succ_e	13.234475728427132	13.234475728426913	2.184918912462308e-13	2.738067728103033e-08	2.7389518209020025e-08	True	True	3.679376179801539e-15
ME:SK-MEL-28	ordinal	EX_taur_e	0.0	-0.0	0.0	2.4451829147103927e-10	2.445827418591316e-10	True	True	3.679376179801539e-15
ME:SK-MEL-28	ordinal	EX_tchola_e	0.0	0.0	0.0	1.2016224141091463e-10	5.367765491352354e-11	True	True	3.679376179801539e-15
ME:SK-MEL-28	ordinal	EX_thr__L_e	-1.0272564007096079	-1.0272564007096083	4.440892098500626e-16	9.005298506892245e-09	9.023906955007988e-09	True	True	3.679376179801539e-15
ME:SK-MEL-28	ordinal	EX_thym_e	0.0	0.0	0.0	1.0682799379140157e-10	1.0675794553326013e-10	True	True	3.679376179801539e-15
ME:SK-MEL-28	ordinal	EX_thymd_e	0.0	0.0	0.0	7.090165052039657e-11	6.871827412657794e-11	True	True	3.679376179801539e-15
ME:SK-MEL-28	ordinal	EX_ump_e	0.0	0.0	0.0	8.629729513125297e-11	5.454742213473196e-11	True	True	3.679376179801539e-15
ME:SK-MEL-28	ordinal	EX_ura_e	0.0	0.0	0.0	1.6290486905202143e-10	1.627314394347934e-10	True	True	3.679376179801539e-15
ME:SK-MEL-28	ordinal	EX_urate_e	0.0	-0.0	0.0	7.434180176135756e-11	6.388604510811841e-11	True	True	3.679376179801539e-15
ME:SK-MEL-28	ordinal	EX_uri_e	0.0	0.0	0.0	8.773328396500687e-11	8.393274963935937e-11	True	True	3.679376179801539e-15
ME:SK-MEL-28	ordinal	EX_val__L_e	-1.1583926568085976	-1.1583926498609256	6.94767199327373e-09	6.950495734514561e-09	6.952280529048949e-09	True	True	3.679376179801539e-15
ME:SK-MEL-28	ordinal	EX_xan_e	0.0	0.0	0.0	6.851438105727121e-11	6.611811098622411e-11	True	True	3.679376179801539e-15
ME:SK-MEL-28	magnitude_g1.00	EX_4abut_e	0.0	0.0	0.0	1.9957443468642793e-08	1.9954847256068813e-08	True	True	1.134123457146033e-15
ME:SK-MEL-28	magnitude_g1.00	EX_L2aadp_e	0.0	0.0	0.0	8.430816673796565e-09	8.429682626560888e-09	True	True	1.134123457146033e-15
ME:SK-MEL-28	magnitude_g1.00	EX_Lkynr_e	0.0	0.0	0.0	3.588339728545173e-09	3.5881582511197184e-09	True	True	1.134123457146033e-15
ME:SK-MEL-28	magnitude_g1.00	EX_ala__L_e	11.272491732188628	11.272491732188653	2.4868995751603507e-14	4.0226690067868276e-07	4.0226355046968365e-07	True	True	1.134123457146033e-15
ME:SK-MEL-28	magnitude_g1.00	EX_anth_e	0.0	-0.0	0.0	3.20118693134429e-09	3.201015278619934e-09	True	True	1.134123457146033e-15
ME:SK-MEL-28	magnitude_g1.00	EX_cala_e	0.0	0.0	0.0	1.780776984156337e-09	1.7807121333035525e-09	True	True	1.134123457146033e-15
ME:SK-MEL-28	magnitude_g1.00	EX_chol_e	-2.2595698547931384	-2.25956985479314	1.7763568394002505e-15	9.222674224318439e-08	9.222835517519457e-08	True	True	1.134123457146033e-15
ME:SK-MEL-28	magnitude_g1.00	EX_cholp_e	0.0	0.0	0.0	4.761261792271551e-09	4.761418814780427e-09	True	True	1.134123457146033e-15
ME:SK-MEL-28	magnitude_g1.00	EX_cit_e	0.0	0.0	0.0	7.252220174526646e-08	7.25214892582926e-08	True	True	1.134123457146033e-15
ME:SK-MEL-28	magnitude_g1.00	EX_cmp_e	0.0	0.0	0.0	0.0	0.0	True	True	1.134123457146033e-15
ME:SK-MEL-28	magnitude_g1.00	EX_crn_e	2.794538993292735e-16	0.0	2.794538993292735e-16	8.156196781026499e-08	8.155852052974903e-08	True	True	1.134123457146033e-15
ME:SK-MEL-28	magnitude_g1.00	EX_cytd_e	0.0	0.0	0.0	1.0779151107554637e-09	1.0779097614488364e-09	True	True	1.134123457146033e-15
ME:SK-MEL-28	magnitude_g1.00	EX_dhap_e	0.0	0.0	0.0	3.126223681057405e-09	3.1263027722161496e-09	True	True	1.134123457146033e-15
ME:SK-MEL-28	magnitude_g1.00	EX_duri_e	0.0	0.0	0.0	1.0867015884458826e-09	1.0866701982692462e-09	True	True	1.134123457146033e-15
ME:SK-MEL-28	magnitude_g1.00	EX_fum_e	16.18389245680523	16.183892456805125	1.0302869668521453e-13	4.6271382103668657e-07	4.6271991038793203e-07	True	True	1.134123457146033e-15
ME:SK-MEL-28	magnitude_g1.00	EX_glcur_e	0.0	0.0	0.0	3.5525529697356847e-09	3.5524134744946423e-09	True	True	1.134123457146033e-15
ME:SK-MEL-28	magnitude_g1.00	EX_gln__L_e	-10.0	-10.0	0.0	1.4817479510043086e-07	1.4816104965120758e-07	True	True	1.134123457146033e-15
ME:SK-MEL-28	magnitude_g1.00	EX_glu__L_e	-10.0	-10.0	0.0	6.762843263175e-08	6.762910942370581e-08	True	True	1.134123457146033e-15
ME:SK-MEL-28	magnitude_g1.00	EX_gly_e	-6.440748811844328	-6.440748811844346	1.7763568394002505e-14	3.3806813526382484e-07	3.380568891486746e-07	True	True	1.134123457146033e-15
ME:SK-MEL-28	magnitude_g1.00	EX_glyald_e	0.0	0.0	0.0	7.314851216757633e-09	7.314593375440381e-09	True	True	1.134123457146033e-15
ME:SK-MEL-28	magnitude_g1.00	EX_glyc3p_e	0.0	0.0	0.0	3.0496791908096134e-09	3.04981262466697e-09	True	True	1.134123457146033e-15
ME:SK-MEL-28	magnitude_g1.00	EX_hom__L_e	0.0	-0.0	0.0	0.0	0.0	True	True	1.134123457146033e-15
ME:SK-MEL-28	magnitude_g1.00	EX_hxan_e	0.0	0.0	0.0	8.528725705314839e-10	8.311156207696513e-10	True	True	1.134123457146033e-15
ME:SK-MEL-28	magnitude_g1.00	EX_icit_e	0.0	-0.0	0.0	8.610602102381415e-08	8.610376944773179e-08	True	True	1.134123457146033e-15
ME:SK-MEL-28	magnitude_g1.00	EX_ins_e	0.0	0.0	0.0	6.343841275745128e-10	6.330393986786476e-10	True	True	1.134123457146033e-15
ME:SK-MEL-28	magnitude_g1.00	EX_lac__L_e	11.058768876459732	11.058768876459677	5.5067062021407764e-14	6.643134344841428e-07	6.64271290418128e-07	True	True	1.134123457146033e-15
ME:SK-MEL-28	magnitude_g1.00	EX_leu__L_e	-1.7922337326704476	-1.7922337326704487	1.1102230246251565e-15	9.588877625255066e-08	9.587716265357926e-08	True	True	1.134123457146033e-15
ME:SK-MEL-28	magnitude_g1.00	EX_lys__L_e	-1.9452265708841618	-1.9452265708841634	1.5543122344752192e-15	1.531198945414758e-07	1.5311999068678972e-07	True	True	1.134123457146033e-15
ME:SK-MEL-28	magnitude_g1.00	EX_mal__L_e	0.0	-0.0	0.0	1.5935200419064708e-07	1.5934288377650319e-07	True	True	1.134123457146033e-15
ME:SK-MEL-28	magnitude_g1.00	EX_met__L_e	-7.014416559391812	-7.014416559391731	8.08242361927114e-14	9.171428718701691e-07	9.171284398590274e-07	True	True	1.134123457146033e-15
ME:SK-MEL-28	magnitude_g1.00	EX_nac_e	0.0	-0.0	0.0	1.4188910862181748e-08	1.4188818120430824e-08	True	True	1.134123457146033e-15
ME:SK-MEL-28	magnitude_g1.00	EX_ncam_e	0.0	0.0	0.0	8.702819375148479e-08	8.702394813239273e-08	True	True	1.134123457146033e-15
ME:SK-MEL-28	magnitude_g1.00	EX_orn_e	0.0	0.0	0.0	4.561880631137813e-08	4.5616438587124716e-08	True	True	1.134123457146033e-15
ME:SK-MEL-28	magnitude_g1.00	EX_orot_e	0.0	0.0	0.0	2.1930846920350525e-09	2.1928787119485094e-09	True	True	1.134123457146033e-15
ME:SK-MEL-28	magnitude_g1.00	EX_phe__L_e	-0.8524036882104288	-0.8524036882104296	7.771561172376096e-16	1.4162419170737905e-07	1.4161299333181887e-07	True	True	1.134123457146033e-15
ME:SK-MEL-28	magnitude_g1.00	EX_pro__L_e	-1.3551019514225011	-1.3551019514225018	6.661338147750939e-16	1.384898458134387e-07	1.3848065072430416e-07	True	True	1.134123457146033e-15
ME:SK-MEL-28	magnitude_g1.00	EX_sbt__D_e	0.0	0.0	0.0	0.0	0.0	True	True	1.134123457146033e-15
ME:SK-MEL-28	magnitude_g1.00	EX_ser__L_e	-10.0	-10.0	0.0	9.168894976596675e-09	9.168500625378329e-09	True	True	1.134123457146033e-15
ME:SK-MEL-28	magnitude_g1.00	EX_sprm_e	0.0	0.0	0.0	4.6009040469555577e-10	4.5582129198032554e-10	True	True	1.134123457146033e-15
ME:SK-MEL-28	magnitude_g1.00	EX_srtn_e	0.0	0.0	0.0	3.40658177473604e-09	3.406375626013869e-09	True	True	1.134123457146033e-15
ME:SK-MEL-28	magnitude_g1.00	EX_succ_e	15.014101322504963	15.0141013225049	6.394884621840902e-14	1.958245494648736e-07	1.958169253413189e-07	True	True	1.134123457146033e-15
ME:SK-MEL-28	magnitude_g1.00	EX_taur_e	0.0	-0.0	0.0	2.8415588546259707e-09	2.841332502612204e-09	True	True	1.134123457146033e-15
ME:SK-MEL-28	magnitude_g1.00	EX_tchola_e	0.0	0.0	0.0	9.661245668305488e-10	6.074398268335952e-10	True	True	1.134123457146033e-15
ME:SK-MEL-28	magnitude_g1.00	EX_thr__L_e	-1.0272564007096077	-1.0272564007096083	6.661338147750939e-16	8.702991616260647e-08	8.702360454471147e-08	True	True	1.134123457146033e-15
ME:SK-MEL-28	magnitude_g1.00	EX_thym_e	0.0	0.0	0.0	1.370001548753369e-09	1.370184632421001e-09	True	True	1.134123457146033e-15
ME:SK-MEL-28	magnitude_g1.00	EX_thymd_e	0.0	0.0	0.0	9.19006819512332e-10	9.189446634194631e-10	True	True	1.134123457146033e-15
ME:SK-MEL-28	magnitude_g1.00	EX_ump_e	0.0	0.0	0.0	6.965059817553553e-10	6.965056031926764e-10	True	True	1.134123457146033e-15
ME:SK-MEL-28	magnitude_g1.00	EX_ura_e	0.0	0.0	0.0	1.9237838758441446e-09	1.9237321180476386e-09	True	True	1.134123457146033e-15
ME:SK-MEL-28	magnitude_g1.00	EX_urate_e	0.0	-0.0	0.0	8.272257793913382e-10	7.95961685451374e-10	True	True	1.134123457146033e-15
ME:SK-MEL-28	magnitude_g1.00	EX_uri_e	0.0	0.0	0.0	1.108442191376502e-09	1.1083070017292584e-09	True	True	1.134123457146033e-15
ME:SK-MEL-28	magnitude_g1.00	EX_val__L_e	-1.1583927368902276	-1.1583926498609256	8.702930198722925e-08	8.702384235448335e-08	8.702112763714354e-08	True	True	1.134123457146033e-15
ME:SK-MEL-28	magnitude_g1.00	EX_xan_e	0.0	0.0	0.0	8.508608792782786e-10	8.177644950091434e-10	True	True	1.134123457146033e-15
ME:UACC-257	ordinal	EX_4abut_e	0.0	0.0	0.0	3.989729167674328e-09	3.9895908798825985e-09	True	True	3.847661213754071e-15
ME:UACC-257	ordinal	EX_L2aadp_e	0.0	0.0	0.0	1.9169432906912055e-09	1.916997227624506e-09	True	True	3.847661213754071e-15
ME:UACC-257	ordinal	EX_Lkynr_e	0.0	0.0	0.0	1.3412990095449328e-09	1.3414394040328917e-09	True	True	3.847661213754071e-15
ME:UACC-257	ordinal	EX_ala__L_e	13.87490079154446	13.87490085140383	5.98593690170901e-08	2.9655702249442584e-07	2.965355427875238e-07	True	True	3.847661213754071e-15
ME:UACC-257	ordinal	EX_anth_e	0.0	0.0	0.0	1.1712883213892868e-09	1.1713716261689408e-09	True	True	3.847661213754071e-15
ME:UACC-257	ordinal	EX_cala_e	0.0	0.0	0.0	5.641154775808843e-10	5.585394924345621e-10	True	True	3.847661213754071e-15
ME:UACC-257	ordinal	EX_chol_e	-2.8799338227668025	-2.8799338427199275	1.9953124930083277e-08	1.6023474369575297e-07	1.6031066429889052e-07	True	True	3.847661213754071e-15
ME:UACC-257	ordinal	EX_cholp_e	0.0	0.0	0.0	1.341969775557615e-09	1.3419185762586494e-09	True	True	3.847661213754071e-15
ME:UACC-257	ordinal	EX_cit_e	0.0	-0.0	0.0	1.7702161856011306e-07	1.770633382136566e-07	True	True	3.847661213754071e-15
ME:UACC-257	ordinal	EX_cmp_e	0.0	0.0	0.0	3.208633840474599e-10	0.0	True	True	3.847661213754071e-15
ME:UACC-257	ordinal	EX_crn_e	-1.926500877248836e-17	0.0	1.926500877248836e-17	1.3206958883803526e-08	1.32114843509612e-08	True	True	3.847661213754071e-15
ME:UACC-257	ordinal	EX_cytd_e	0.0	0.0	0.0	3.183238493143957e-10	3.099767109659979e-10	True	True	3.847661213754071e-15
ME:UACC-257	ordinal	EX_dhap_e	0.0	0.0	0.0	7.991725804145872e-10	7.992762007802412e-10	True	True	3.847661213754071e-15
ME:UACC-257	ordinal	EX_duri_e	0.0	0.0	0.0	3.181940081716094e-10	3.1329566718696356e-10	True	True	3.847661213754071e-15
ME:UACC-257	ordinal	EX_fum_e	21.952108647566536	21.95210865853398	1.0967443841991553e-08	2.118695121566816e-06	2.1184107978911015e-06	True	True	3.847661213754071e-15
ME:UACC-257	ordinal	EX_glcur_e	0.0	0.0	0.0	1.3182998910668446e-09	1.3182557268009987e-09	True	True	3.847661213754071e-15
ME:UACC-257	ordinal	EX_gln__L_e	-9.777026475173692	-9.777026444875293	3.029839845680726e-08	2.8017588071804767e-06	2.803260898076587e-06	True	True	3.847661213754071e-15
ME:UACC-257	ordinal	EX_glu__L_e	-10.0	-10.0	0.0	1.628562706912362e-08	1.6286168857959638e-08	True	True	3.847661213754071e-15
ME:UACC-257	ordinal	EX_gly_e	-9.784475026635068	-9.784475086494332	5.985926421203658e-08	7.28684744544239e-07	7.28743255962172e-07	True	True	3.847661213754071e-15
ME:UACC-257	ordinal	EX_glyald_e	0.0	0.0	0.0	1.6885312242345098e-09	1.6884218467794199e-09	True	True	3.847661213754071e-15
ME:UACC-257	ordinal	EX_glyc3p_e	0.0	0.0	0.0	7.496153920076636e-10	7.495605247598291e-10	True	True	3.847661213754071e-15
ME:UACC-257	ordinal	EX_hom__L_e	-3.1533425261035347e-16	-0.0	3.1533425261035347e-16	0.0	0.0	True	True	3.847661213754071e-15
ME:UACC-257	ordinal	EX_hxan_e	0.0	0.0	0.0	2.8643649930619613e-10	2.445366964476392e-10	True	True	3.847661213754071e-15
ME:UACC-257	ordinal	EX_icit_e	0.0	-0.0	0.0	1.7896991957505693e-08	1.789846315602972e-08	True	True	3.847661213754071e-15
ME:UACC-257	ordinal	EX_ins_e	0.0	0.0	0.0	2.035898476285171e-10	1.7802206930817022e-10	True	True	3.847661213754071e-15
ME:UACC-257	ordinal	EX_lac__L_e	13.082071343597782	13.08207134465368	1.055898479762618e-09	7.104692814507985e-06	7.104676189584325e-06	True	True	3.847661213754071e-15
ME:UACC-257	ordinal	EX_leu__L_e	-1.7922337326704478	-1.7922337326704554	7.549516567451064e-15	4.5668338000126596e-08	4.566332512112581e-08	True	True	3.847661213754071e-15
ME:UACC-257	ordinal	EX_lys__L_e	-1.945226570884162	-1.9452265708841634	1.3322676295501878e-15	9.279967807529488e-07	9.283445798757839e-07	True	True	3.847661213754071e-15
ME:UACC-257	ordinal	EX_mal__L_e	0.0	-0.0	0.0	1.584418283264094e-08	1.5844209499960016e-08	True	True	3.847661213754071e-15
ME:UACC-257	ordinal	EX_met__L_e	-4.909023333255308	-4.909023311900158	2.1355150536805922e-08	2.8027686553855347e-06	2.8028240599553556e-06	True	True	3.847661213754071e-15
ME:UACC-257	ordinal	EX_nac_e	0.0	-0.0	0.0	3.6113885159901794e-09	3.611031473838011e-09	True	True	3.847661213754071e-15
ME:UACC-257	ordinal	EX_ncam_e	0.0	0.0	0.0	2.247120492139363e-08	2.2475897683586418e-08	True	True	3.847661213754071e-15
ME:UACC-257	ordinal	EX_orn_e	0.0	0.0	0.0	8.86846181749939e-09	8.867455047752915e-09	True	True	3.847661213754071e-15
ME:UACC-257	ordinal	EX_orot_e	0.0	0.0	0.0	6.795510096511078e-10	6.796980756007542e-10	True	True	3.847661213754071e-15
ME:UACC-257	ordinal	EX_phe__L_e	-4.705680406703803	-4.705680370715542	3.598826125994492e-08	4.3027856762023475e-06	4.302126846766896e-06	True	True	3.847661213754071e-15
ME:UACC-257	ordinal	EX_pro__L_e	-1.3551019514225027	-1.3551019514225011	1.5543122344752192e-15	4.927197161386232e-08	4.928179642149644e-08	True	True	3.847661213754071e-15
ME:UACC-257	ordinal	EX_sbt__D_e	0.0	0.0	0.0	0.0	0.0	True	True	3.847661213754071e-15
ME:UACC-257	ordinal	EX_ser__L_e	-10.0	-10.0	0.0	1.9029720021990215e-09	1.9030252929042035e-09	True	True	3.847661213754071e-15
ME:UACC-257	ordinal	EX_sprm_e	0.0	0.0	0.0	1.4103038189807902e-10	1.3710338420125368e-10	True	True	3.847661213754071e-15
ME:UACC-257	ordinal	EX_srtn_e	0.0	0.0	0.0	1.1836766217886226e-09	1.1539764699364241e-09	True	True	3.847661213754071e-15
ME:UACC-257	ordinal	EX_succ_e	13.032056231123168	13.032056222179897	8.943271012640253e-09	2.955339404309143e-07	2.9549332580813825e-07	True	True	3.847661213754071e-15
ME:UACC-257	ordinal	EX_taur_e	0.0	0.0	0.0	9.31188971109915e-10	9.310646073316213e-10	True	True	3.847661213754071e-15
ME:UACC-257	ordinal	EX_tchola_e	0.0	0.0	0.0	3.580457379262287e-10	2.072962048929286e-10	True	True	3.847661213754071e-15
ME:UACC-257	ordinal	EX_thr__L_e	-1.0272564007096077	-1.0272564007096083	6.661338147750939e-16	4.332512681948231e-08	4.33212221651047e-08	True	True	3.847661213754071e-15
ME:UACC-257	ordinal	EX_thym_e	0.0	0.0	0.0	4.0073462555709983e-10	4.0063113662870103e-10	True	True	3.847661213754071e-15
ME:UACC-257	ordinal	EX_thymd_e	0.0	0.0	0.0	2.6372130228877024e-10	2.5521856850119207e-10	True	True	3.847661213754071e-15
ME:UACC-257	ordinal	EX_ump_e	0.0	0.0	0.0	2.010167990119527e-10	2.0101648123826976e-10	True	True	3.847661213754071e-15
ME:UACC-257	ordinal	EX_ura_e	0.0	0.0	0.0	6.10443718580624e-10	6.105819183588324e-10	True	True	3.847661213754071e-15
ME:UACC-257	ordinal	EX_urate_e	0.0	-0.0	0.0	2.6979422328668355e-10	2.330519111026774e-10	True	True	3.847661213754071e-15
ME:UACC-257	ordinal	EX_uri_e	0.0	0.0	0.0	3.182634940854699e-10	3.1251656817943285e-10	True	True	3.847661213754071e-15
ME:UACC-257	ordinal	EX_val__L_e	-1.1583926706636916	-1.1583926498609256	2.080276595428643e-08	2.9562031489405172e-08	2.9570091486519345e-08	True	True	3.847661213754071e-15
ME:UACC-257	ordinal	EX_xan_e	0.0	0.0	0.0	2.7147597734041907e-10	2.4165203171833127e-10	True	True	3.847661213754071e-15
ME:UACC-257	magnitude_g1.00	EX_4abut_e	0.0	-0.0	0.0	2.505613147001982e-08	2.5061899348526017e-08	True	True	5.59483053133984e-15
ME:UACC-257	magnitude_g1.00	EX_L2aadp_e	0.0	0.0	0.0	8.610257119325679e-09	8.609768047932186e-09	True	True	5.59483053133984e-15
ME:UACC-257	magnitude_g1.00	EX_Lkynr_e	0.0	0.0	0.0	3.4480405855007475e-09	3.448101939511691e-09	True	True	5.59483053133984e-15
ME:UACC-257	magnitude_g1.00	EX_ala__L_e	11.272491740644368	11.272491732188687	8.455680600150117e-09	4.692656752069979e-07	4.692849930876264e-07	True	True	5.59483053133984e-15
ME:UACC-257	magnitude_g1.00	EX_anth_e	0.0	-0.0	0.0	3.0912812843506553e-09	3.0911385237281946e-09	True	True	5.59483053133984e-15
ME:UACC-257	magnitude_g1.00	EX_cala_e	0.0	0.0	0.0	1.8094268005159314e-09	1.8091977360690237e-09	True	True	5.59483053133984e-15
ME:UACC-257	magnitude_g1.00	EX_chol_e	-2.259569854793141	-2.25956985479314	8.881784197001252e-16	8.772780901722399e-08	8.772604953577456e-08	True	True	5.59483053133984e-15
ME:UACC-257	magnitude_g1.00	EX_cholp_e	0.0	0.0	0.0	4.748370799956009e-09	4.748442528068608e-09	True	True	5.59483053133984e-15
ME:UACC-257	magnitude_g1.00	EX_cit_e	0.0	-0.0	0.0	9.473975171631584e-08	9.473740446099197e-08	True	True	5.59483053133984e-15
ME:UACC-257	magnitude_g1.00	EX_cmp_e	0.0	0.0	0.0	0.0	0.0	True	True	5.59483053133984e-15
ME:UACC-257	magnitude_g1.00	EX_crn_e	3.3610611191736495e-16	0.0	3.3610611191736495e-16	1.6373032076930745e-07	1.6373861733143258e-07	True	True	5.59483053133984e-15
ME:UACC-257	magnitude_g1.00	EX_cytd_e	0.0	0.0	0.0	1.0906552631700175e-09	1.0911438419469732e-09	True	True	5.59483053133984e-15
ME:UACC-257	magnitude_g1.00	EX_dhap_e	0.0	0.0	0.0	3.134562741089467e-09	3.1348399431863072e-09	True	True	5.59483053133984e-15
ME:UACC-257	magnitude_g1.00	EX_duri_e	0.0	0.0	0.0	1.103262112174954e-09	1.1032947888622857e-09	True	True	5.59483053133984e-15
ME:UACC-257	magnitude_g1.00	EX_fum_e	16.183889170631925	16.18388920822611	3.7594183766032074e-08	8.696681774722492e-07	8.695963806815143e-07	True	True	5.59483053133984e-15
ME:UACC-257	magnitude_g1.00	EX_glcur_e	0.0	0.0	0.0	3.482863965283469e-09	3.309940765916508e-09	True	True	5.59483053133984e-15
ME:UACC-257	magnitude_g1.00	EX_gln__L_e	-10.0	-10.0	0.0	1.1520992693192511e-07	1.1522290677135061e-07	True	True	5.59483053133984e-15
ME:UACC-257	magnitude_g1.00	EX_glu__L_e	-10.0	-10.0	0.0	6.329615409583766e-08	6.328778390241041e-08	True	True	5.59483053133984e-15
ME:UACC-257	magnitude_g1.00	EX_gly_e	-6.440748828755864	-6.440748811844361	1.6911503308847387e-08	6.542957668997929e-07	6.543338875175664e-07	True	True	5.59483053133984e-15
ME:UACC-257	magnitude_g1.00	EX_glyald_e	0.0	0.0	0.0	7.52935562997137e-09	7.52929807390501e-09	True	True	5.59483053133984e-15
ME:UACC-257	magnitude_g1.00	EX_glyc3p_e	0.0	0.0	0.0	3.0599484723050785e-09	3.0601128298002322e-09	True	True	5.59483053133984e-15
ME:UACC-257	magnitude_g1.00	EX_hom__L_e	0.0	-0.0	0.0	0.0	0.0	True	True	5.59483053133984e-15
ME:UACC-257	magnitude_g1.00	EX_hxan_e	0.0	0.0	0.0	8.348712800891618e-10	8.348718383288656e-10	True	True	5.59483053133984e-15
ME:UACC-257	magnitude_g1.00	EX_icit_e	0.0	-0.0	0.0	5.668578113233838e-08	5.6685667715328236e-08	True	True	5.59483053133984e-15
ME:UACC-257	magnitude_g1.00	EX_ins_e	0.0	0.0	0.0	6.395283736737212e-10	6.356634107973491e-10	True	True	5.59483053133984e-15
ME:UACC-257	magnitude_g1.00	EX_lac__L_e	11.058773455118306	11.058773424469809	3.064849707357098e-08	1.4757354751537832e-06	1.4757826694022924e-06	True	True	5.59483053133984e-15
ME:UACC-257	magnitude_g1.00	EX_leu__L_e	-1.7922337326704472	-1.7922337326704487	1.5543122344752192e-15	8.26860224734105e-08	8.268788853627029e-08	True	True	5.59483053133984e-15
ME:UACC-257	magnitude_g1.00	EX_lys__L_e	-1.9452265708841616	-1.9452265708841634	1.7763568394002505e-15	2.3128872861377658e-07	2.3127655124355329e-07	True	True	5.59483053133984e-15
ME:UACC-257	magnitude_g1.00	EX_mal__L_e	0.0	-0.0	0.0	1.2933195073603303e-07	1.2933385207247738e-07	True	True	5.59483053133984e-15
ME:UACC-257	magnitude_g1.00	EX_met__L_e	-4.27159217597608	-4.271592286370118	1.1039403791102131e-07	1.8211777401688778e-06	1.8213165979830137e-06	True	True	5.59483053133984e-15
ME:UACC-257	magnitude_g1.00	EX_nac_e	1.85510459291285e-15	-0.0	1.85510459291285e-15	1.4790346161527077e-08	1.4790701308049285e-08	True	True	5.59483053133984e-15
ME:UACC-257	magnitude_g1.00	EX_ncam_e	0.0	0.0	0.0	9.021551928555955e-08	9.022066860264744e-08	True	True	5.59483053133984e-15
ME:UACC-257	magnitude_g1.00	EX_orn_e	0.0	0.0	0.0	7.461238904217933e-08	7.461390422572646e-08	True	True	5.59483053133984e-15
ME:UACC-257	magnitude_g1.00	EX_orot_e	0.0	0.0	0.0	2.2056224973202298e-09	2.2056185766672343e-09	True	True	5.59483053133984e-15
ME:UACC-257	magnitude_g1.00	EX_phe__L_e	-0.8524036882104289	-0.8524036882104296	6.661338147750939e-16	1.0349535062292858e-07	1.034982730629963e-07	True	True	5.59483053133984e-15
ME:UACC-257	magnitude_g1.00	EX_pro__L_e	-1.355101951422501	-1.3551019514225018	8.881784197001252e-16	1.7330527923853367e-07	1.7329462798088002e-07	True	True	5.59483053133984e-15
ME:UACC-257	magnitude_g1.00	EX_sbt__D_e	0.0	0.0	0.0	0.0	0.0	True	True	5.59483053133984e-15
ME:UACC-257	magnitude_g1.00	EX_ser__L_e	-10.0	-10.0	0.0	8.941094975511987e-09	8.941675844198471e-09	True	True	5.59483053133984e-15
ME:UACC-257	magnitude_g1.00	EX_sprm_e	0.0	-0.0	0.0	4.6562842365015734e-10	4.615833756836668e-10	True	True	5.59483053133984e-15
ME:UACC-257	magnitude_g1.00	EX_srtn_e	0.0	-0.0	0.0	3.2433414736377755e-09	3.2432452508677783e-09	True	True	5.59483053133984e-15
ME:UACC-257	magnitude_g1.00	EX_succ_e	15.014101314049526	15.01410132250472	8.455193878376122e-09	8.695542916825616e-07	8.696131548191488e-07	True	True	5.59483053133984e-15
ME:UACC-257	magnitude_g1.00	EX_taur_e	0.0	-0.0	0.0	2.7260097431481785e-09	2.7259581258931576e-09	True	True	5.59483053133984e-15
ME:UACC-257	magnitude_g1.00	EX_tchola_e	0.0	0.0	0.0	9.087579507028282e-10	5.836575667217403e-10	True	True	5.59483053133984e-15
ME:UACC-257	magnitude_g1.00	EX_thr__L_e	-1.0272564007096079	-1.0272564007096083	4.440892098500626e-16	9.54012302489815e-08	9.540375334182727e-08	True	True	5.59483053133984e-15
ME:UACC-257	magnitude_g1.00	EX_thym_e	0.0	0.0	0.0	1.3918673909529768e-09	1.3919272956464113e-09	True	True	5.59483053133984e-15
ME:UACC-257	magnitude_g1.00	EX_thymd_e	0.0	0.0	0.0	9.303691023499792e-10	9.303945600058761e-10	True	True	5.59483053133984e-15
ME:UACC-257	magnitude_g1.00	EX_ump_e	0.0	0.0	0.0	7.018332495853738e-10	7.017739167558545e-10	True	True	5.59483053133984e-15
ME:UACC-257	magnitude_g1.00	EX_ura_e	0.0	0.0	0.0	1.949525367321966e-09	1.949648442689522e-09	True	True	5.59483053133984e-15
ME:UACC-257	magnitude_g1.00	EX_urate_e	0.0	-0.0	0.0	8.496709128624184e-10	7.97949206710058e-10	True	True	5.59483053133984e-15
ME:UACC-257	magnitude_g1.00	EX_uri_e	0.0	0.0	0.0	1.1223726677471093e-09	1.1223537099702696e-09	True	True	5.59483053133984e-15
ME:UACC-257	magnitude_g1.00	EX_val__L_e	-1.1583927271881969	-1.1583926498609256	7.732727125286942e-08	8.01277015849422e-08	8.012733765383473e-08	True	True	5.59483053133984e-15
ME:UACC-257	magnitude_g1.00	EX_xan_e	0.0	0.0	0.0	8.445078744719267e-10	8.197808265553164e-10	True	True	5.59483053133984e-15
RE:CAKI-1	magnitude_g1.00	EX_4abut_e	0.0	-0.0	0.0	1.2107527319089365e-09	1.2131131654768978e-09	True	True	3.0627469899145085e-15
RE:CAKI-1	magnitude_g1.00	EX_L2aadp_e	0.0	0.0	0.0	4.711504351990452e-10	4.707228179775862e-10	True	True	3.0627469899145085e-15
RE:CAKI-1	magnitude_g1.00	EX_Lkynr_e	0.0	0.0	0.0	1.9002166442782382e-10	1.8225425665735257e-10	True	True	3.0627469899145085e-15
RE:CAKI-1	magnitude_g1.00	EX_ala__L_e	12.507321502841528	12.507321502940892	9.936407252553181e-11	2.3634063062161204e-07	2.370090896874899e-07	True	True	3.0627469899145085e-15
RE:CAKI-1	magnitude_g1.00	EX_anth_e	0.0	-0.0	0.0	1.6363038086010012e-10	1.6398627389352154e-10	True	True	3.0627469899145085e-15
RE:CAKI-1	magnitude_g1.00	EX_cala_e	0.0	-0.0	0.0	9.927219616058043e-11	9.469774964188105e-11	True	True	3.0627469899145085e-15
RE:CAKI-1	magnitude_g1.00	EX_chol_e	-2.2595698547931393	-2.25956985479314	8.881784197001252e-16	5.842792916155304e-09	5.843772132863023e-09	True	True	3.0627469899145085e-15
RE:CAKI-1	magnitude_g1.00	EX_cholp_e	0.0	0.0	0.0	2.491001508175171e-10	2.4931257058824485e-10	True	True	3.0627469899145085e-15
RE:CAKI-1	magnitude_g1.00	EX_cit_e	0.0	0.0	0.0	8.552168641001459e-09	8.55877502203839e-09	True	True	3.0627469899145085e-15
RE:CAKI-1	magnitude_g1.00	EX_cmp_e	0.0	0.0	0.0	5.996475279362414e-11	0.0	True	True	3.0627469899145085e-15
RE:CAKI-1	magnitude_g1.00	EX_crn_e	-7.138251408781773e-17	0.0	7.138251408781773e-17	6.374837429365532e-09	6.386832403226794e-09	True	True	3.0627469899145085e-15
RE:CAKI-1	magnitude_g1.00	EX_cytd_e	0.0	0.0	0.0	5.931355117748305e-11	5.682165848952536e-11	True	True	3.0627469899145085e-15
RE:CAKI-1	magnitude_g1.00	EX_dhap_e	0.0	0.0	0.0	1.6258820855106946e-10	1.6300649718914428e-10	True	True	3.0627469899145085e-15
RE:CAKI-1	magnitude_g1.00	EX_duri_e	0.0	0.0	0.0	5.94090441809748e-11	5.7128329844502446e-11	True	True	3.0627469899145085e-15
RE:CAKI-1	magnitude_g1.00	EX_fum_e	14.927594665657477	14.927594665657496	1.9539925233402755e-14	1.4345262933090908e-07	1.4352007049467375e-07	True	True	3.0627469899145085e-15
RE:CAKI-1	magnitude_g1.00	EX_glcur_e	0.0	0.0	0.0	1.9658923469527612e-10	1.7460166645832942e-10	True	True	3.0627469899145085e-15
RE:CAKI-1	magnitude_g1.00	EX_gln__L_e	-10.0	-10.0	0.0	4.171468503955111e-09	4.173507761606743e-09	True	True	3.0627469899145085e-15
RE:CAKI-1	magnitude_g1.00	EX_glu__L_e	-10.0	-10.0	0.0	3.2219666934452107e-09	3.227013323225947e-09	True	True	3.0627469899145085e-15
RE:CAKI-1	magnitude_g1.00	EX_gly_e	-7.718514623487177	-7.7185146233874775	9.969980396817846e-11	2.3664632564646126e-07	2.3705687191011293e-07	True	True	3.0627469899145085e-15
RE:CAKI-1	magnitude_g1.00	EX_glyald_e	0.0	0.0	0.0	4.5432978616576083e-10	3.893134703503165e-10	True	True	3.0627469899145085e-15
RE:CAKI-1	magnitude_g1.00	EX_glyc3p_e	0.0	0.0	0.0	1.6884086938552617e-10	1.589943732227539e-10	True	True	3.0627469899145085e-15
RE:CAKI-1	magnitude_g1.00	EX_hom__L_e	0.0	-0.0	0.0	0.0	0.0	True	True	3.0627469899145085e-15
RE:CAKI-1	magnitude_g1.00	EX_hxan_e	0.0	0.0	0.0	5.2098643052327295e-11	4.3438141972274025e-11	True	True	3.0627469899145085e-15
RE:CAKI-1	magnitude_g1.00	EX_icit_e	0.0	-0.0	0.0	3.2504796741414635e-09	3.254006397668263e-09	True	True	3.0627469899145085e-15
RE:CAKI-1	magnitude_g1.00	EX_ins_e	0.0	0.0	0.0	3.299446002487179e-11	3.31772387340834e-11	True	True	3.0627469899145085e-15
RE:CAKI-1	magnitude_g1.00	EX_lac__L_e	7.4616196669760875	7.461619666180248	7.958398384744214e-10	1.8929845460036177e-06	1.896343493790198e-06	True	True	3.0627469899145085e-15
RE:CAKI-1	magnitude_g1.00	EX_leu__L_e	-1.7922337326704434	-1.7922337326704487	5.329070518200751e-15	4.626708793864509e-09	4.644585605007023e-09	True	True	3.0627469899145085e-15
RE:CAKI-1	magnitude_g1.00	EX_lys__L_e	-1.945226570884162	-1.9452265708841634	1.3322676295501878e-15	1.0932110994232858e-08	1.0945114148341872e-08	True	True	3.0627469899145085e-15
RE:CAKI-1	magnitude_g1.00	EX_mal__L_e	0.0	-0.0	0.0	7.489203807620857e-09	7.507576782472825e-09	True	True	3.0627469899145085e-15
RE:CAKI-1	magnitude_g1.00	EX_met__L_e	-0.5026982632120718	-0.5026982632120721	3.3306690738754696e-16	7.447479144495617e-08	7.451790218215848e-08	True	True	3.0627469899145085e-15
RE:CAKI-1	magnitude_g1.00	EX_nac_e	-2.1012488736308145e-15	-0.0	2.1012488736308145e-15	8.333903523985008e-10	8.353140401595738e-10	True	True	3.0627469899145085e-15
RE:CAKI-1	magnitude_g1.00	EX_ncam_e	0.0	0.0	0.0	5.328603474154154e-09	5.341479258902382e-09	True	True	3.0627469899145085e-15
RE:CAKI-1	magnitude_g1.00	EX_orn_e	0.0	0.0	0.0	2.6629356521482354e-09	2.6635756773641714e-09	True	True	3.0627469899145085e-15
RE:CAKI-1	magnitude_g1.00	EX_orot_e	0.0	0.0	0.0	1.1441624767961715e-10	1.1470424610138252e-10	True	True	3.0627469899145085e-15
RE:CAKI-1	magnitude_g1.00	EX_phe__L_e	-0.8524036882104289	-0.8524036882104296	6.661338147750939e-16	5.936207636558777e-09	5.946212411345186e-09	True	True	3.0627469899145085e-15
RE:CAKI-1	magnitude_g1.00	EX_pro__L_e	-1.355101951422501	-1.3551019514225018	8.881784197001252e-16	9.31331389786294e-09	9.344364171326447e-09	True	True	3.0627469899145085e-15
RE:CAKI-1	magnitude_g1.00	EX_sbt__D_e	0.0	0.0	0.0	0.0	0.0	True	True	3.0627469899145085e-15
RE:CAKI-1	magnitude_g1.00	EX_ser__L_e	-10.0	-10.0	0.0	4.5431391981765046e-10	4.5566572737243405e-10	True	True	3.0627469899145085e-15
RE:CAKI-1	magnitude_g1.00	EX_sprm_e	0.0	0.0	0.0	2.9261872945516165e-11	2.407284849546205e-11	True	True	3.0627469899145085e-15
RE:CAKI-1	magnitude_g1.00	EX_srtn_e	0.0	-0.0	0.0	1.7499171840317748e-10	1.7551360365075652e-10	True	True	3.0627469899145085e-15
RE:CAKI-1	magnitude_g1.00	EX_succ_e	13.779271551852226	13.77927155175271	9.951506285688083e-11	3.015976979270363e-07	3.01769873090052e-07	True	True	3.0627469899145085e-15
RE:CAKI-1	magnitude_g1.00	EX_taur_e	0.0	-0.0	0.0	1.450809015478616e-10	1.4561507555299613e-10	True	True	3.0627469899145085e-15
RE:CAKI-1	magnitude_g1.00	EX_tchola_e	0.0	0.0	0.0	8.609833602096184e-11	3.0818406622039304e-11	True	True	3.0627469899145085e-15
RE:CAKI-1	magnitude_g1.00	EX_thr__L_e	-1.0272564007096077	-1.0272564007096083	6.661338147750939e-16	4.960320376667937e-09	4.967844802195032e-09	True	True	3.0627469899145085e-15
RE:CAKI-1	magnitude_g1.00	EX_thym_e	0.0	0.0	0.0	7.192214850269823e-11	7.221079290076204e-11	True	True	3.0627469899145085e-15
RE:CAKI-1	magnitude_g1.00	EX_thymd_e	0.0	0.0	0.0	4.900495039051132e-11	4.809569409403025e-11	True	True	3.0627469899145085e-15
RE:CAKI-1	magnitude_g1.00	EX_ump_e	0.0	0.0	0.0	3.64243240346934e-11	3.648417679080751e-11	True	True	3.0627469899145085e-15
RE:CAKI-1	magnitude_g1.00	EX_ura_e	0.0	0.0	0.0	1.006294397499431e-10	1.0080752899099821e-10	True	True	3.0627469899145085e-15
RE:CAKI-1	magnitude_g1.00	EX_urate_e	0.0	-0.0	0.0	4.807328145443864e-11	4.161659905577153e-11	True	True	3.0627469899145085e-15
RE:CAKI-1	magnitude_g1.00	EX_uri_e	0.0	0.0	0.0	5.81534793367926e-11	5.823141968619439e-11	True	True	3.0627469899145085e-15
RE:CAKI-1	magnitude_g1.00	EX_val__L_e	-1.1583926531941138	-1.1583926498609256	3.333188169918344e-09	4.59178695066953e-09	4.589896018813988e-09	True	True	3.0627469899145085e-15
RE:CAKI-1	magnitude_g1.00	EX_xan_e	0.0	0.0	0.0	4.478440083119749e-11	4.27041180195431e-11	True	True	3.0627469899145085e-15
