run_id	context_id	arm	exchange_id	point	range_lo	range_hi	scenario	status
bound-20260916T061948Z	BR:BT-549	magnitude_g1.00	EX_2pg_e	0.0	0.0	1.5866950206683558e-09	primary	optimal
bound-20260916T061948Z	BR:BT-549	magnitude_g1.00	EX_34hpp_e	0.0	0.0	1.959155716299659e-08	primary	optimal
bound-20260916T061948Z	BR:BT-549	magnitude_g1.00	EX_3hanthrn_e	0.0	0.0	3.744301657063453e-09	primary	optimal
bound-20260916T061948Z	BR:BT-549	magnitude_g1.00	EX_3pg_e	0.0	0.0	4.790803147183828e-09	primary	optimal
bound-20260916T061948Z	BR:BT-549	magnitude_g1.00	EX_4abut_e	0.0	0.0	9.297175272705526e-09	primary	optimal
bound-20260916T061948Z	BR:BT-549	magnitude_g1.00	EX_4hbz_e	0.0	0.0	2.426086125748443e-09	primary	optimal
bound-20260916T061948Z	BR:BT-549	magnitude_g1.00	EX_L2aadp_e	0.0	0.0	3.5395427597427756e-09	primary	optimal
bound-20260916T061948Z	BR:BT-549	magnitude_g1.00	EX_Lkynr_e	0.0	0.0	7.363106116485979e-09	primary	optimal
bound-20260916T061948Z	BR:BT-549	magnitude_g1.00	EX_acac_e	0.0	0.0	1.4334923275836537e-08	primary	optimal
bound-20260916T061948Z	BR:BT-549	magnitude_g1.00	EX_ade_e	0.0	0.0	2.2565162918199816e-10	primary	optimal
bound-20260916T061948Z	BR:BT-549	magnitude_g1.00	EX_adn_e	0.0	0.0	1.9358063424310004e-10	primary	optimal
bound-20260916T061948Z	BR:BT-549	magnitude_g1.00	EX_ahcys_e	0.0	0.0	1.9268920221306027e-10	primary	optimal
bound-20260916T061948Z	BR:BT-549	magnitude_g1.00	EX_akg_e	0.0	0.0	9.973401069408055e-08	primary	optimal
bound-20260916T061948Z	BR:BT-549	magnitude_g1.00	EX_ala__L_e	0.0232433299595	0.023243290780421217	0.7202070921976947	primary	optimal
bound-20260916T061948Z	BR:BT-549	magnitude_g1.00	EX_amp_e	0.0	0.0	1.9454565176468602e-10	primary	optimal
bound-20260916T061948Z	BR:BT-549	magnitude_g1.00	EX_anth_e	0.0	0.0	4.648699786855787e-09	primary	optimal
bound-20260916T061948Z	BR:BT-549	magnitude_g1.00	EX_arg__L_e	-0.35860938014000004	-0.3586094144239849	-0.35860937916453245	primary	optimal
bound-20260916T061948Z	BR:BT-549	magnitude_g1.00	EX_asn__L_e	-3.1077267247631912	-3.107726777725849	-3.107726639053129	primary	optimal
bound-20260916T061948Z	BR:BT-549	magnitude_g1.00	EX_asp__L_e	-0.5931533503755014	-0.5931533846577312	-0.5931533232668265	primary	optimal
bound-20260916T061948Z	BR:BT-549	magnitude_g1.00	EX_bilirub_e	0.0	0.0	3.588937436398841e-10	primary	optimal
bound-20260916T061948Z	BR:BT-549	magnitude_g1.00	EX_cala_e	0.0	0.0	5.801805005844475e-10	primary	optimal
bound-20260916T061948Z	BR:BT-549	magnitude_g1.00	EX_chol_e	-0.17163760036099995	-0.17163763464520806	-0.17163759998317743	primary	optimal
bound-20260916T061948Z	BR:BT-549	magnitude_g1.00	EX_cholp_e	0.0	0.0	1.360444182628782e-09	primary	optimal
bound-20260916T061948Z	BR:BT-549	magnitude_g1.00	EX_cit_e	0.0	0.0	3.9182152276336136e-08	primary	optimal
bound-20260916T061948Z	BR:BT-549	magnitude_g1.00	EX_citr__L_e	0.0	0.0	9.21933261337322e-09	primary	optimal
bound-20260916T061948Z	BR:BT-549	magnitude_g1.00	EX_cmp_e	0.0	0.0	4.1290909662923083e-10	primary	optimal
bound-20260916T061948Z	BR:BT-549	magnitude_g1.00	EX_crn_e	7.199317333916225e-18	-1.7985145512050662e-08	-8.265572123661838e-17	primary	optimal
bound-20260916T061948Z	BR:BT-549	magnitude_g1.00	EX_cyst__L_e	0.0	0.0	1.1039359738184e-09	primary	optimal
bound-20260916T061948Z	BR:BT-549	magnitude_g1.00	EX_cytd_e	0.0	0.0	4.1172937440790985e-10	primary	optimal
bound-20260916T061948Z	BR:BT-549	magnitude_g1.00	EX_dad_2_e	0.0	0.0	1.8894170005438288e-10	primary	optimal
bound-20260916T061948Z	BR:BT-549	magnitude_g1.00	EX_dcmp_e	0.0	0.0	3.217484930167686e-10	primary	optimal
bound-20260916T061948Z	BR:BT-549	magnitude_g1.00	EX_dcyt_e	0.0	0.0	3.763240699210657e-10	primary	optimal
bound-20260916T061948Z	BR:BT-549	magnitude_g1.00	EX_dhap_e	0.0	0.0	1.362154806483907e-09	primary	optimal
bound-20260916T061948Z	BR:BT-549	magnitude_g1.00	EX_dmgly_e	0.0	0.0	3.95780454855546e-09	primary	optimal
bound-20260916T061948Z	BR:BT-549	magnitude_g1.00	EX_duri_e	0.0	0.0	4.0297510024302595e-10	primary	optimal
bound-20260916T061948Z	BR:BT-549	magnitude_g1.00	EX_ethamp_e	0.0	0.0	1.2293399375988243e-09	primary	optimal
bound-20260916T061948Z	BR:BT-549	magnitude_g1.00	EX_fol_e	0.0	-9.973445468930578e-08	-3.9389708556779046e-16	primary	optimal
bound-20260916T061948Z	BR:BT-549	magnitude_g1.00	EX_fum_e	0.7567984642568185	0.7567974642267447	0.7567986213807755	primary	optimal
bound-20260916T061948Z	BR:BT-549	magnitude_g1.00	EX_g3pc_e	0.0	0.0	1.1996105677473362e-09	primary	optimal
bound-20260916T061948Z	BR:BT-549	magnitude_g1.00	EX_glc__D_e	-3.5510155161738584	-3.551016520604527	-3.4621223588281453	primary	optimal
bound-20260916T061948Z	BR:BT-549	magnitude_g1.00	EX_glcur_e	0.0	0.0	1.2326788008897478e-08	primary	optimal
bound-20260916T061948Z	BR:BT-549	magnitude_g1.00	EX_gln__L_e	-5.928513829843233	-5.928513864127942	-5.928513555573357	primary	optimal
bound-20260916T061948Z	BR:BT-549	magnitude_g1.00	EX_glu__L_e	-3.88165495582281	-3.8816553793667694	-3.8816548308276517	primary	optimal
bound-20260916T061948Z	BR:BT-549	magnitude_g1.00	EX_gly_e	0.0	-5.634693455214403e-08	8.755781086610775e-08	primary	optimal
bound-20260916T061948Z	BR:BT-549	magnitude_g1.00	EX_glyald_e	0.0	0.0	1.261015921899019e-08	primary	optimal
bound-20260916T061948Z	BR:BT-549	magnitude_g1.00	EX_glyb_e	0.0	0.0	7.566093332418909e-09	primary	optimal
bound-20260916T061948Z	BR:BT-549	magnitude_g1.00	EX_glyc3p_e	0.0	0.0	1.3620995674359368e-09	primary	optimal
bound-20260916T061948Z	BR:BT-549	magnitude_g1.00	EX_gmp_e	0.0	0.0	2.485946334519679e-10	primary	optimal
bound-20260916T061948Z	BR:BT-549	magnitude_g1.00	EX_gthox_e	0.0	0.0	1.0755134151859917e-08	primary	optimal
bound-20260916T061948Z	BR:BT-549	magnitude_g1.00	EX_hcys__L_e	0.0	0.0	1.1854626057369717e-09	primary	optimal
bound-20260916T061948Z	BR:BT-549	magnitude_g1.00	EX_hom__L_e	0.0	0.0	0.0	primary	optimal
bound-20260916T061948Z	BR:BT-549	magnitude_g1.00	EX_hxan_e	0.0	0.0	3.015977927064238e-10	primary	optimal
bound-20260916T061948Z	BR:BT-549	magnitude_g1.00	EX_icit_e	4.755400989409986	4.755400440889996	4.75540102724153	primary	optimal
bound-20260916T061948Z	BR:BT-549	magnitude_g1.00	EX_ile__L_e	-0.28555991274199977	-0.2855599470262604	-0.2855599127419997	primary	optimal
bound-20260916T061948Z	BR:BT-549	magnitude_g1.00	EX_imp_e	0.0	0.0	2.2298769013983803e-10	primary	optimal
bound-20260916T061948Z	BR:BT-549	magnitude_g1.00	EX_ins_e	0.0	0.0	2.2431475488661322e-10	primary	optimal
bound-20260916T061948Z	BR:BT-549	magnitude_g1.00	EX_lac__L_e	0.0	-1.538821577021454e-08	0.26668233572702127	primary	optimal
bound-20260916T061948Z	BR:BT-549	magnitude_g1.00	EX_lcts_e	0.0	0.0	1.0268908142929938e-09	primary	optimal
bound-20260916T061948Z	BR:BT-549	magnitude_g1.00	EX_leu__L_e	-0.544556019816	-0.5445560541001901	-0.5445560198159997	primary	optimal
bound-20260916T061948Z	BR:BT-549	magnitude_g1.00	EX_lys__L_e	-0.591041681546	-0.5910417181157046	-0.5910416815460016	primary	optimal
bound-20260916T061948Z	BR:BT-549	magnitude_g1.00	EX_mal__L_e	9.712775804262883e-08	0.0	1.0971048472943805e-06	primary	optimal
bound-20260916T061948Z	BR:BT-549	magnitude_g1.00	EX_met__L_e	-0.15274088440199998	-0.15274101302441276	-0.15274088440199995	primary	optimal
bound-20260916T061948Z	BR:BT-549	magnitude_g1.00	EX_nac_e	-1.5948172216322886e-15	0.0	7.463274912943584e-09	primary	optimal
bound-20260916T061948Z	BR:BT-549	magnitude_g1.00	EX_ncam_e	0.0	-3.428331473091961e-08	2.0602161200586323e-18	primary	optimal
bound-20260916T061948Z	BR:BT-549	magnitude_g1.00	EX_nicrnt_e	0.0	0.0	6.251703440483214e-10	primary	optimal
bound-20260916T061948Z	BR:BT-549	magnitude_g1.00	EX_orn_e	0.0	0.0	2.2605106236411872e-08	primary	optimal
bound-20260916T061948Z	BR:BT-549	magnitude_g1.00	EX_orot5p_e	0.0	0.0	3.3819775903392437e-10	primary	optimal
bound-20260916T061948Z	BR:BT-549	magnitude_g1.00	EX_orot_e	0.0	0.0	6.822461648794939e-10	primary	optimal
bound-20260916T061948Z	BR:BT-549	magnitude_g1.00	EX_oxa_e	0.0	0.0	3.5330340584256466e-09	primary	optimal
bound-20260916T061948Z	BR:BT-549	magnitude_g1.00	EX_pep_e	0.0	0.0	1.610796351872031e-09	primary	optimal
bound-20260916T061948Z	BR:BT-549	magnitude_g1.00	EX_phe__L_e	-0.258996107074	-0.2589961449042002	-0.258996107074	primary	optimal
bound-20260916T061948Z	BR:BT-549	magnitude_g1.00	EX_pnto__R_e	0.0	-3.428487718336427e-08	3.918152543598921e-08	primary	optimal
bound-20260916T061948Z	BR:BT-549	magnitude_g1.00	EX_pro__L_e	-0.411736991476	-0.41173702804477336	-0.41173698259489067	primary	optimal
bound-20260916T061948Z	BR:BT-549	magnitude_g1.00	EX_quln_e	0.0	0.0	3.038982179717533e-09	primary	optimal
bound-20260916T061948Z	BR:BT-549	magnitude_g1.00	EX_sbt__D_e	0.0	0.0	0.0	primary	optimal
bound-20260916T061948Z	BR:BT-549	magnitude_g1.00	EX_ser__L_e	-1.9222153110279918	-2.1000016257197833	-1.922213302183011	primary	optimal
bound-20260916T061948Z	BR:BT-549	magnitude_g1.00	EX_spmd_e	0.0	0.0	5.247512321109617e-10	primary	optimal
bound-20260916T061948Z	BR:BT-549	magnitude_g1.00	EX_sprm_e	0.0	0.0	2.7469255493872636e-10	primary	optimal
bound-20260916T061948Z	BR:BT-549	magnitude_g1.00	EX_srtn_e	0.0	0.0	7.463186790391859e-09	primary	optimal
bound-20260916T061948Z	BR:BT-549	magnitude_g1.00	EX_succ_e	2.84693794290975	2.8469379150852956	2.8469381490967773	primary	optimal
bound-20260916T061948Z	BR:BT-549	magnitude_g1.00	EX_sucr_e	0.0	0.0	0.0	primary	optimal
bound-20260916T061948Z	BR:BT-549	magnitude_g1.00	EX_taur_e	0.0	0.0	3.917993036668387e-08	primary	optimal
bound-20260916T061948Z	BR:BT-549	magnitude_g1.00	EX_tchola_e	0.0	0.0	9.64010415646853e-10	primary	optimal
bound-20260916T061948Z	BR:BT-549	magnitude_g1.00	EX_thr__L_e	-0.31212371841000003	-0.31212375269539283	-0.3121237184100001	primary	optimal
bound-20260916T061948Z	BR:BT-549	magnitude_g1.00	EX_thym_e	0.0	0.0	4.5049406296077027e-10	primary	optimal
bound-20260916T061948Z	BR:BT-549	magnitude_g1.00	EX_thymd_e	0.0	0.0	3.5074663582105695e-10	primary	optimal
bound-20260916T061948Z	BR:BT-549	magnitude_g1.00	EX_trp__L_e	-0.013281902834000001	-0.013281937116831734	-0.013281902834000069	primary	optimal
bound-20260916T061948Z	BR:BT-549	magnitude_g1.00	EX_tyr__L_e	-0.15938183581899998	-0.15938187010311763	-0.15938179798709007	primary	optimal
bound-20260916T061948Z	BR:BT-549	magnitude_g1.00	EX_ump_e	0.0	0.0	2.3161305130602976e-10	primary	optimal
bound-20260916T061948Z	BR:BT-549	magnitude_g1.00	EX_ura_e	0.0	0.0	5.805126264580626e-10	primary	optimal
bound-20260916T061948Z	BR:BT-549	magnitude_g1.00	EX_urate_e	0.0	0.0	2.621144035495514e-10	primary	optimal
bound-20260916T061948Z	BR:BT-549	magnitude_g1.00	EX_uri_e	0.0	0.0	4.070483791813844e-10	primary	optimal
bound-20260916T061948Z	BR:BT-549	magnitude_g1.00	EX_val__L_e	-0.3519684599714724	-0.35196846300763984	-0.35196842872300005	primary	optimal
bound-20260916T061948Z	BR:BT-549	magnitude_g1.00	EX_xan_e	0.0	0.0	2.6305977338170726e-10	primary	optimal
bound-20260916T061948Z	BR:BT-549	magnitude_g1.00	EX_xmp_e	0.0	0.0	2.2167944408906054e-10	primary	optimal
bound-20260916T061948Z	BR:BT-549	magnitude_g1.00	EX_xtsn_e	0.0	0.0	2.229851068452857e-10	primary	optimal
bound-20260916T061948Z	BR:MCF7	magnitude_g1.00	EX_2pg_e	0.0	0.0	3.298474579145654e-09	primary	optimal
bound-20260916T061948Z	BR:MCF7	magnitude_g1.00	EX_34hpp_e	0.0	0.0	4.47335273183562e-08	primary	optimal
bound-20260916T061948Z	BR:MCF7	magnitude_g1.00	EX_3hanthrn_e	0.0	0.0	8.09694450434418e-09	primary	optimal
bound-20260916T061948Z	BR:MCF7	magnitude_g1.00	EX_3pg_e	0.0	0.0	3.4247507242031058e-09	primary	optimal
bound-20260916T061948Z	BR:MCF7	magnitude_g1.00	EX_4abut_e	0.0	0.0	2.0441350630204408e-08	primary	optimal
bound-20260916T061948Z	BR:MCF7	magnitude_g1.00	EX_4hbz_e	0.0	0.0	5.043372895282886e-09	primary	optimal
bound-20260916T061948Z	BR:MCF7	magnitude_g1.00	EX_L2aadp_e	0.0	0.0	1.0125584916608467e-08	primary	optimal
bound-20260916T061948Z	BR:MCF7	magnitude_g1.00	EX_Lkynr_e	0.0	0.0	1.5550280539593833e-08	primary	optimal
bound-20260916T061948Z	BR:MCF7	magnitude_g1.00	EX_acac_e	0.0	0.0	2.6724102123021528e-08	primary	optimal
bound-20260916T061948Z	BR:MCF7	magnitude_g1.00	EX_ade_e	0.0	0.0	4.876616822963325e-10	primary	optimal
bound-20260916T061948Z	BR:MCF7	magnitude_g1.00	EX_adn_e	0.0	0.0	4.091995798755334e-10	primary	optimal
bound-20260916T061948Z	BR:MCF7	magnitude_g1.00	EX_ahcys_e	0.0	0.0	3.5911786964548644e-10	primary	optimal
bound-20260916T061948Z	BR:MCF7	magnitude_g1.00	EX_akg_e	0.0	0.0	8.946624207252319e-08	primary	optimal
bound-20260916T061948Z	BR:MCF7	magnitude_g1.00	EX_ala__L_e	0.023243329959500042	0.023243232634589692	0.02324443810330014	primary	optimal
bound-20260916T061948Z	BR:MCF7	magnitude_g1.00	EX_amp_e	0.0	0.0	4.1108870084362457e-10	primary	optimal
bound-20260916T061948Z	BR:MCF7	magnitude_g1.00	EX_anth_e	0.0	0.0	1.0005424136115937e-08	primary	optimal
bound-20260916T061948Z	BR:MCF7	magnitude_g1.00	EX_arg__L_e	-0.35860938014000004	-0.3586094477669362	-0.3586093780580105	primary	optimal
bound-20260916T061948Z	BR:MCF7	magnitude_g1.00	EX_asn__L_e	-3.2416104253258693	-3.241610801386483	-3.2416102685189245	primary	optimal
bound-20260916T061948Z	BR:MCF7	magnitude_g1.00	EX_asp__L_e	-0.5127068033930001	-0.5127068931135336	-0.5127066545967116	primary	optimal
bound-20260916T061948Z	BR:MCF7	magnitude_g1.00	EX_bilirub_e	0.0	0.0	7.199092695301001e-10	primary	optimal
bound-20260916T061948Z	BR:MCF7	magnitude_g1.00	EX_cala_e	0.0	0.0	1.1736991019312489e-09	primary	optimal
bound-20260916T061948Z	BR:MCF7	magnitude_g1.00	EX_chol_e	-0.17163760036100006	-0.1716376679877829	-0.17163759953328206	primary	optimal
bound-20260916T061948Z	BR:MCF7	magnitude_g1.00	EX_cholp_e	0.0	0.0	2.8450662347752594e-09	primary	optimal
bound-20260916T061948Z	BR:MCF7	magnitude_g1.00	EX_cit_e	0.0	0.0	8.946768239106153e-08	primary	optimal
bound-20260916T061948Z	BR:MCF7	magnitude_g1.00	EX_citr__L_e	0.0	0.0	1.9950361179104957e-08	primary	optimal
bound-20260916T061948Z	BR:MCF7	magnitude_g1.00	EX_cmp_e	0.0	0.0	0.0	primary	optimal
bound-20260916T061948Z	BR:MCF7	magnitude_g1.00	EX_crn_e	0.0	-3.186843898052109e-08	1.7634758165436042e-16	primary	optimal
bound-20260916T061948Z	BR:MCF7	magnitude_g1.00	EX_cyst__L_e	0.0	0.0	2.3601592266595303e-09	primary	optimal
bound-20260916T061948Z	BR:MCF7	magnitude_g1.00	EX_cytd_e	0.0	0.0	8.587148226945389e-10	primary	optimal
bound-20260916T061948Z	BR:MCF7	magnitude_g1.00	EX_dad_2_e	0.0	0.0	4.217609247721778e-10	primary	optimal
bound-20260916T061948Z	BR:MCF7	magnitude_g1.00	EX_dcmp_e	0.0	0.0	6.862906913856106e-10	primary	optimal
bound-20260916T061948Z	BR:MCF7	magnitude_g1.00	EX_dcyt_e	0.0	0.0	8.115672982231703e-10	primary	optimal
bound-20260916T061948Z	BR:MCF7	magnitude_g1.00	EX_dhap_e	0.0	0.0	2.852256805212448e-09	primary	optimal
bound-20260916T061948Z	BR:MCF7	magnitude_g1.00	EX_dmgly_e	0.0	0.0	8.628158536500359e-09	primary	optimal
bound-20260916T061948Z	BR:MCF7	magnitude_g1.00	EX_duri_e	0.0	0.0	8.496675866891021e-10	primary	optimal
bound-20260916T061948Z	BR:MCF7	magnitude_g1.00	EX_ethamp_e	0.0	0.0	2.593188209307962e-09	primary	optimal
bound-20260916T061948Z	BR:MCF7	magnitude_g1.00	EX_fol_e	0.0	-7.519483830075118e-08	4.08402183091308e-16	primary	optimal
bound-20260916T061948Z	BR:MCF7	magnitude_g1.00	EX_fum_e	0.7254578543469089	0.7254569773391341	0.7254586395269786	primary	optimal
bound-20260916T061948Z	BR:MCF7	magnitude_g1.00	EX_g3pc_e	0.0	0.0	2.4305240434684235e-09	primary	optimal
bound-20260916T061948Z	BR:MCF7	magnitude_g1.00	EX_glc__D_e	-3.643910844041748	-3.643910979294082	-3.643910289981811	primary	optimal
bound-20260916T061948Z	BR:MCF7	magnitude_g1.00	EX_glcur_e	0.0	0.0	2.490684804217319e-08	primary	optimal
bound-20260916T061948Z	BR:MCF7	magnitude_g1.00	EX_gln__L_e	-5.355037553728257	-5.355037676615877	-5.35503748339184	primary	optimal
bound-20260916T061948Z	BR:MCF7	magnitude_g1.00	EX_glu__L_e	-4.106869698955302	-4.106869858448374	-4.106869560224778	primary	optimal
bound-20260916T061948Z	BR:MCF7	magnitude_g1.00	EX_gly_e	0.0	-1.6195814730842278e-07	1.1611227141742668e-07	primary	optimal
bound-20260916T061948Z	BR:MCF7	magnitude_g1.00	EX_glyald_e	0.0	0.0	2.7595323595911498e-08	primary	optimal
bound-20260916T061948Z	BR:MCF7	magnitude_g1.00	EX_glyb_e	0.0	0.0	1.6807477733842505e-08	primary	optimal
bound-20260916T061948Z	BR:MCF7	magnitude_g1.00	EX_glyc3p_e	0.0	0.0	2.8475731228961965e-09	primary	optimal
bound-20260916T061948Z	BR:MCF7	magnitude_g1.00	EX_gmp_e	0.0	0.0	5.068819763817219e-10	primary	optimal
bound-20260916T061948Z	BR:MCF7	magnitude_g1.00	EX_gthox_e	0.0	0.0	2.8788873707309032e-08	primary	optimal
bound-20260916T061948Z	BR:MCF7	magnitude_g1.00	EX_hcys__L_e	0.0	0.0	2.4347479730854593e-09	primary	optimal
bound-20260916T061948Z	BR:MCF7	magnitude_g1.00	EX_hom__L_e	0.0	0.0	0.0	primary	optimal
bound-20260916T061948Z	BR:MCF7	magnitude_g1.00	EX_hxan_e	0.0	0.0	5.669887686809933e-10	primary	optimal
bound-20260916T061948Z	BR:MCF7	magnitude_g1.00	EX_icit_e	4.560205371009353	4.560204341661918	4.560206215948401	primary	optimal
bound-20260916T061948Z	BR:MCF7	magnitude_g1.00	EX_ile__L_e	-0.28555991274199977	-0.2855599803682454	-0.28555991274200154	primary	optimal
bound-20260916T061948Z	BR:MCF7	magnitude_g1.00	EX_imp_e	0.0	0.0	4.698837627661244e-10	primary	optimal
bound-20260916T061948Z	BR:MCF7	magnitude_g1.00	EX_ins_e	0.0	0.0	5.016671650535593e-10	primary	optimal
bound-20260916T061948Z	BR:MCF7	magnitude_g1.00	EX_lac__L_e	0.0	-4.888803449029836e-08	1.662197672258649e-06	primary	optimal
bound-20260916T061948Z	BR:MCF7	magnitude_g1.00	EX_lcts_e	0.0	0.0	2.0627079365833778e-09	primary	optimal
bound-20260916T061948Z	BR:MCF7	magnitude_g1.00	EX_leu__L_e	-0.544556019816	-0.544556087441973	-0.5445560198160005	primary	optimal
bound-20260916T061948Z	BR:MCF7	magnitude_g1.00	EX_lys__L_e	-0.591041681546	-0.591041755162263	-0.591041681546	primary	optimal
bound-20260916T061948Z	BR:MCF7	magnitude_g1.00	EX_mal__L_e	0.2036354526931087	0.20363452724107486	0.20363634962643987	primary	optimal
bound-20260916T061948Z	BR:MCF7	magnitude_g1.00	EX_met__L_e	-0.15274088440199998	-0.15274097924134197	-0.15274088440199998	primary	optimal
bound-20260916T061948Z	BR:MCF7	magnitude_g1.00	EX_nac_e	3.577562956634593e-15	0.0	1.6312840375036365e-08	primary	optimal
bound-20260916T061948Z	BR:MCF7	magnitude_g1.00	EX_ncam_e	0.0	-6.762598813825172e-08	9.3998047233634e-24	primary	optimal
bound-20260916T061948Z	BR:MCF7	magnitude_g1.00	EX_nicrnt_e	0.0	0.0	1.3219607877383131e-09	primary	optimal
bound-20260916T061948Z	BR:MCF7	magnitude_g1.00	EX_orn_e	0.0	0.0	3.451629256570979e-08	primary	optimal
bound-20260916T061948Z	BR:MCF7	magnitude_g1.00	EX_orot5p_e	0.0	0.0	7.027253816787243e-10	primary	optimal
bound-20260916T061948Z	BR:MCF7	magnitude_g1.00	EX_orot_e	0.0	0.0	1.4427483914168484e-09	primary	optimal
bound-20260916T061948Z	BR:MCF7	magnitude_g1.00	EX_oxa_e	0.0	0.0	7.735066814541692e-09	primary	optimal
bound-20260916T061948Z	BR:MCF7	magnitude_g1.00	EX_pep_e	0.0	0.0	3.339573045719696e-09	primary	optimal
bound-20260916T061948Z	BR:MCF7	magnitude_g1.00	EX_phe__L_e	-0.258996107074	-0.2589961806930313	-0.258996107074	primary	optimal
bound-20260916T061948Z	BR:MCF7	magnitude_g1.00	EX_pnto__R_e	0.0	-6.76270692628075e-08	8.946540224861267e-08	primary	optimal
bound-20260916T061948Z	BR:MCF7	magnitude_g1.00	EX_pro__L_e	-0.4117380824612354	-0.41173826113843287	-0.4117377795284151	primary	optimal
bound-20260916T061948Z	BR:MCF7	magnitude_g1.00	EX_quln_e	0.0	0.0	6.201594959009834e-09	primary	optimal
bound-20260916T061948Z	BR:MCF7	magnitude_g1.00	EX_sbt__D_e	0.0	0.0	0.0	primary	optimal
bound-20260916T061948Z	BR:MCF7	magnitude_g1.00	EX_ser__L_e	-1.4533380336498933	-1.453339122573742	-1.4533379411218819	primary	optimal
bound-20260916T061948Z	BR:MCF7	magnitude_g1.00	EX_spmd_e	0.0	0.0	1.1269810560105887e-09	primary	optimal
bound-20260916T061948Z	BR:MCF7	magnitude_g1.00	EX_sprm_e	0.0	0.0	5.890456387730445e-10	primary	optimal
bound-20260916T061948Z	BR:MCF7	magnitude_g1.00	EX_srtn_e	0.0	0.0	1.59985090701048e-08	primary	optimal
bound-20260916T061948Z	BR:MCF7	magnitude_g1.00	EX_succ_e	3.2053852814833736	3.2053850643705477	3.205385732959104	primary	optimal
bound-20260916T061948Z	BR:MCF7	magnitude_g1.00	EX_sucr_e	0.0	0.0	0.0	primary	optimal
bound-20260916T061948Z	BR:MCF7	magnitude_g1.00	EX_taur_e	0.0	0.0	8.946600996672333e-08	primary	optimal
bound-20260916T061948Z	BR:MCF7	magnitude_g1.00	EX_tchola_e	0.0	0.0	1.669192812129495e-09	primary	optimal
bound-20260916T061948Z	BR:MCF7	magnitude_g1.00	EX_thr__L_e	-0.31212371841000003	-0.3121237860368706	-0.3121237184100001	primary	optimal
bound-20260916T061948Z	BR:MCF7	magnitude_g1.00	EX_thym_e	0.0	0.0	9.667225478370934e-10	primary	optimal
bound-20260916T061948Z	BR:MCF7	magnitude_g1.00	EX_thymd_e	0.0	0.0	7.407468616080169e-10	primary	optimal
bound-20260916T061948Z	BR:MCF7	magnitude_g1.00	EX_trp__L_e	-0.013281902834000001	-0.013281970459172706	-0.013281902834	primary	optimal
bound-20260916T061948Z	BR:MCF7	magnitude_g1.00	EX_tyr__L_e	-0.15938183581899998	-0.15938190344577266	-0.15938176220213143	primary	optimal
bound-20260916T061948Z	BR:MCF7	magnitude_g1.00	EX_ump_e	0.0	0.0	5.037537485105812e-10	primary	optimal
bound-20260916T061948Z	BR:MCF7	magnitude_g1.00	EX_ura_e	0.0	0.0	1.2414988476482456e-09	primary	optimal
bound-20260916T061948Z	BR:MCF7	magnitude_g1.00	EX_urate_e	0.0	0.0	5.548985205766953e-10	primary	optimal
bound-20260916T061948Z	BR:MCF7	magnitude_g1.00	EX_uri_e	0.0	0.0	8.665943708777136e-10	primary	optimal
bound-20260916T061948Z	BR:MCF7	magnitude_g1.00	EX_val__L_e	-0.35196849635013516	-0.35196849635209765	-0.351968428723	primary	optimal
bound-20260916T061948Z	BR:MCF7	magnitude_g1.00	EX_xan_e	0.0	0.0	5.54426859744719e-10	primary	optimal
bound-20260916T061948Z	BR:MCF7	magnitude_g1.00	EX_xmp_e	0.0	0.0	4.666775007517074e-10	primary	optimal
bound-20260916T061948Z	BR:MCF7	magnitude_g1.00	EX_xtsn_e	0.0	0.0	4.695242323902491e-10	primary	optimal
bound-20260916T061948Z	BR:T-47D	magnitude_g1.00	EX_2pg_e	0.0	0.0	1.4183279537119077e-10	primary	optimal
bound-20260916T061948Z	BR:T-47D	magnitude_g1.00	EX_34hpp_e	0.0	0.0	1.7162173381451526e-09	primary	optimal
bound-20260916T061948Z	BR:T-47D	magnitude_g1.00	EX_3hanthrn_e	0.0	0.0	5.692202181557405e-10	primary	optimal
bound-20260916T061948Z	BR:T-47D	magnitude_g1.00	EX_3pg_e	0.0	0.0	1.6216444955531293e-10	primary	optimal
bound-20260916T061948Z	BR:T-47D	magnitude_g1.00	EX_4abut_e	0.0	0.0	8.537885948186582e-10	primary	optimal
bound-20260916T061948Z	BR:T-47D	magnitude_g1.00	EX_4hbz_e	0.0	-2.361664728643375e-10	2.1895523591119542e-10	primary	optimal
bound-20260916T061948Z	BR:T-47D	magnitude_g1.00	EX_L2aadp_e	0.0	0.0	3.6630155521182717e-10	primary	optimal
bound-20260916T061948Z	BR:T-47D	magnitude_g1.00	EX_Lkynr_e	0.0	0.0	6.825105487487909e-10	primary	optimal
bound-20260916T061948Z	BR:T-47D	magnitude_g1.00	EX_acac_e	0.0	0.0	1.4586981162624992e-09	primary	optimal
bound-20260916T061948Z	BR:T-47D	magnitude_g1.00	EX_ade_e	0.0	0.0	2.0119276464310142e-11	primary	optimal
bound-20260916T061948Z	BR:T-47D	magnitude_g1.00	EX_adn_e	0.0	0.0	1.7235610152949853e-11	primary	optimal
bound-20260916T061948Z	BR:T-47D	magnitude_g1.00	EX_ahcys_e	0.0	0.0	1.5019906110147614e-11	primary	optimal
bound-20260916T061948Z	BR:T-47D	magnitude_g1.00	EX_akg_e	0.0	0.0	1.0033822938073618e-07	primary	optimal
bound-20260916T061948Z	BR:T-47D	magnitude_g1.00	EX_ala__L_e	0.0232433299595	0.02324332652323924	1.2577278926714524	primary	optimal
bound-20260916T061948Z	BR:T-47D	magnitude_g1.00	EX_amp_e	0.0	0.0	1.7352369270964214e-11	primary	optimal
bound-20260916T061948Z	BR:T-47D	magnitude_g1.00	EX_anth_e	0.0	0.0	4.2704074947996265e-10	primary	optimal
bound-20260916T061948Z	BR:T-47D	magnitude_g1.00	EX_arg__L_e	-0.35860938014000004	-0.3586093835279924	-0.3586093800531192	primary	optimal
bound-20260916T061948Z	BR:T-47D	magnitude_g1.00	EX_asn__L_e	-3.2189275593759485	-3.218927580044027	-3.2189275517327682	primary	optimal
bound-20260916T061948Z	BR:T-47D	magnitude_g1.00	EX_asp__L_e	-0.6290418794404674	-0.6290418828333851	-0.6290418627172654	primary	optimal
bound-20260916T061948Z	BR:T-47D	magnitude_g1.00	EX_bilirub_e	0.0	0.0	3.904501020822994e-10	primary	optimal
bound-20260916T061948Z	BR:T-47D	magnitude_g1.00	EX_cala_e	0.0	0.0	5.162691011606334e-11	primary	optimal
bound-20260916T061948Z	BR:T-47D	magnitude_g1.00	EX_chol_e	-0.17163760036100006	-0.17163760375402043	-0.17163760032586528	primary	optimal
bound-20260916T061948Z	BR:T-47D	magnitude_g1.00	EX_cholp_e	0.0	0.0	1.2184403749370566e-10	primary	optimal
bound-20260916T061948Z	BR:T-47D	magnitude_g1.00	EX_cit_e	0.0	0.0	3.431033317358118e-09	primary	optimal
bound-20260916T061948Z	BR:T-47D	magnitude_g1.00	EX_citr__L_e	0.0	0.0	8.530473971202321e-10	primary	optimal
bound-20260916T061948Z	BR:T-47D	magnitude_g1.00	EX_cmp_e	0.0	0.0	3.685953727997513e-11	primary	optimal
bound-20260916T061948Z	BR:T-47D	magnitude_g1.00	EX_crn_e	0.0	-1.7092423656070268e-09	6.591480264564981e-18	primary	optimal
bound-20260916T061948Z	BR:T-47D	magnitude_g1.00	EX_cyst__L_e	0.0	0.0	9.888770364547225e-11	primary	optimal
bound-20260916T061948Z	BR:T-47D	magnitude_g1.00	EX_cytd_e	0.0	0.0	3.666123314613515e-11	primary	optimal
bound-20260916T061948Z	BR:T-47D	magnitude_g1.00	EX_dad_2_e	0.0	0.0	1.6848436418858743e-11	primary	optimal
bound-20260916T061948Z	BR:T-47D	magnitude_g1.00	EX_dcmp_e	0.0	0.0	2.8649729213106962e-11	primary	optimal
bound-20260916T061948Z	BR:T-47D	magnitude_g1.00	EX_dcyt_e	0.0	0.0	3.284048050626889e-11	primary	optimal
bound-20260916T061948Z	BR:T-47D	magnitude_g1.00	EX_dhap_e	0.0	0.0	1.218512937169233e-10	primary	optimal
bound-20260916T061948Z	BR:T-47D	magnitude_g1.00	EX_dmgly_e	0.0	0.0	3.5038583455825616e-10	primary	optimal
bound-20260916T061948Z	BR:T-47D	magnitude_g1.00	EX_duri_e	0.0	0.0	3.589216850779336e-11	primary	optimal
bound-20260916T061948Z	BR:T-47D	magnitude_g1.00	EX_ethamp_e	0.0	0.0	1.1010493099665286e-10	primary	optimal
bound-20260916T061948Z	BR:T-47D	magnitude_g1.00	EX_fol_e	1.5503591306455301e-16	-1.0031781924968906e-07	-2.540372124281842e-16	primary	optimal
bound-20260916T061948Z	BR:T-47D	magnitude_g1.00	EX_fum_e	0.5701764152555323	0.570175918839577	0.5701764712661667	primary	optimal
bound-20260916T061948Z	BR:T-47D	magnitude_g1.00	EX_g3pc_e	0.0	0.0	1.149051806465757e-10	primary	optimal
bound-20260916T061948Z	BR:T-47D	magnitude_g1.00	EX_glc__D_e	-3.1859455834512813	-3.1859458192871637	-3.1859454017167037	primary	optimal
bound-20260916T061948Z	BR:T-47D	magnitude_g1.00	EX_glcur_e	0.0	0.0	1.1401521520621845e-09	primary	optimal
bound-20260916T061948Z	BR:T-47D	magnitude_g1.00	EX_gln__L_e	-5.861613236566316	-5.8616132399585545	-5.861612974634016	primary	optimal
bound-20260916T061948Z	BR:T-47D	magnitude_g1.00	EX_glu__L_e	-4.27430610442804	-4.274306444595075	-4.274305954066743	primary	optimal
bound-20260916T061948Z	BR:T-47D	magnitude_g1.00	EX_gly_e	0.0	-4.888266470528874e-09	1.1089712335157399e-08	primary	optimal
bound-20260916T061948Z	BR:T-47D	magnitude_g1.00	EX_glyald_e	0.0	0.0	1.1409371618256056e-09	primary	optimal
bound-20260916T061948Z	BR:T-47D	magnitude_g1.00	EX_glyb_e	0.0	-1.2061504807175637e-10	6.839559947621945e-10	primary	optimal
bound-20260916T061948Z	BR:T-47D	magnitude_g1.00	EX_glyc3p_e	0.0	0.0	1.312252043836824e-10	primary	optimal
bound-20260916T061948Z	BR:T-47D	magnitude_g1.00	EX_gmp_e	0.0	0.0	2.211047454102845e-11	primary	optimal
bound-20260916T061948Z	BR:T-47D	magnitude_g1.00	EX_gthox_e	0.0	0.0	9.775324070756244e-10	primary	optimal
bound-20260916T061948Z	BR:T-47D	magnitude_g1.00	EX_hcys__L_e	0.0	0.0	1.1195725460130954e-10	primary	optimal
bound-20260916T061948Z	BR:T-47D	magnitude_g1.00	EX_hom__L_e	0.0	0.0	0.0	primary	optimal
bound-20260916T061948Z	BR:T-47D	magnitude_g1.00	EX_hxan_e	0.0	0.0	2.824604482209573e-11	primary	optimal
bound-20260916T061948Z	BR:T-47D	magnitude_g1.00	EX_icit_e	4.808849582070376	4.8088491999342855	4.808849585636034	primary	optimal
bound-20260916T061948Z	BR:T-47D	magnitude_g1.00	EX_ile__L_e	-0.28555991274200004	-0.28555991613415704	-0.285559912742	primary	optimal
bound-20260916T061948Z	BR:T-47D	magnitude_g1.00	EX_imp_e	0.0	0.0	1.988275115734743e-11	primary	optimal
bound-20260916T061948Z	BR:T-47D	magnitude_g1.00	EX_ins_e	0.0	0.0	1.9999547200973597e-11	primary	optimal
bound-20260916T061948Z	BR:T-47D	magnitude_g1.00	EX_lac__L_e	0.0	-1.18827355891801e-09	1.1041807766347482e-06	primary	optimal
bound-20260916T061948Z	BR:T-47D	magnitude_g1.00	EX_lcts_e	0.0	0.0	9.038471560345993e-11	primary	optimal
bound-20260916T061948Z	BR:T-47D	magnitude_g1.00	EX_leu__L_e	-0.544556019816	-0.5445560232046966	-0.5445560198159941	primary	optimal
bound-20260916T061948Z	BR:T-47D	magnitude_g1.00	EX_lys__L_e	-0.591041681546	-0.591041684964279	-0.591041681546	primary	optimal
bound-20260916T061948Z	BR:T-47D	magnitude_g1.00	EX_mal__L_e	0.0	0.0	5.516913817018682e-07	primary	optimal
bound-20260916T061948Z	BR:T-47D	magnitude_g1.00	EX_met__L_e	-0.15274088440199998	-0.15274089626459314	-0.15274088440199998	primary	optimal
bound-20260916T061948Z	BR:T-47D	magnitude_g1.00	EX_nac_e	-7.41374492218253e-15	0.0	6.835127779242508e-10	primary	optimal
bound-20260916T061948Z	BR:T-47D	magnitude_g1.00	EX_ncam_e	0.0	-3.3909719726139336e-09	5.332964775828581e-25	primary	optimal
bound-20260916T061948Z	BR:T-47D	magnitude_g1.00	EX_nicrnt_e	0.0	0.0	5.58885923358403e-11	primary	optimal
bound-20260916T061948Z	BR:T-47D	magnitude_g1.00	EX_orn_e	0.0	0.0	2.567859254745578e-09	primary	optimal
bound-20260916T061948Z	BR:T-47D	magnitude_g1.00	EX_orot5p_e	0.0	0.0	3.01641417659861e-11	primary	optimal
bound-20260916T061948Z	BR:T-47D	magnitude_g1.00	EX_orot_e	0.0	0.0	6.074100122016175e-11	primary	optimal
bound-20260916T061948Z	BR:T-47D	magnitude_g1.00	EX_oxa_e	0.0	0.0	3.2609452209640306e-10	primary	optimal
bound-20260916T061948Z	BR:T-47D	magnitude_g1.00	EX_pep_e	0.0	0.0	1.573323519790117e-10	primary	optimal
bound-20260916T061948Z	BR:T-47D	magnitude_g1.00	EX_phe__L_e	-0.258996107074	-0.2589961104942749	-0.258996107074	primary	optimal
bound-20260916T061948Z	BR:T-47D	magnitude_g1.00	EX_pnto__R_e	0.0	-3.3913086801279924e-09	3.4330194586735608e-09	primary	optimal
bound-20260916T061948Z	BR:T-47D	magnitude_g1.00	EX_pro__L_e	-0.411736991476	-0.4117369948949382	-0.41173699067782066	primary	optimal
bound-20260916T061948Z	BR:T-47D	magnitude_g1.00	EX_quln_e	0.0	0.0	2.8434849658014846e-10	primary	optimal
bound-20260916T061948Z	BR:T-47D	magnitude_g1.00	EX_sbt__D_e	0.0	0.0	0.0	primary	optimal
bound-20260916T061948Z	BR:T-47D	magnitude_g1.00	EX_ser__L_e	-2.664438475941152	-2.66443881050755	-2.6644379746436835	primary	optimal
bound-20260916T061948Z	BR:T-47D	magnitude_g1.00	EX_spmd_e	0.0	0.0	8.83183903865186e-11	primary	optimal
bound-20260916T061948Z	BR:T-47D	magnitude_g1.00	EX_sprm_e	0.0	0.0	4.575304073385086e-11	primary	optimal
bound-20260916T061948Z	BR:T-47D	magnitude_g1.00	EX_srtn_e	0.0	0.0	6.837928707681695e-10	primary	optimal
bound-20260916T061948Z	BR:T-47D	magnitude_g1.00	EX_succ_e	2.8767120407411904	2.8767119337931364	2.8767120548884644	primary	optimal
bound-20260916T061948Z	BR:T-47D	magnitude_g1.00	EX_sucr_e	0.0	0.0	0.0	primary	optimal
bound-20260916T061948Z	BR:T-47D	magnitude_g1.00	EX_taur_e	0.0	0.0	3.4349523502198215e-09	primary	optimal
bound-20260916T061948Z	BR:T-47D	magnitude_g1.00	EX_tchola_e	0.0	0.0	1.1458309662257482e-10	primary	optimal
bound-20260916T061948Z	BR:T-47D	magnitude_g1.00	EX_thr__L_e	-0.31212371841000003	-0.3121237218028581	-0.3121237184100001	primary	optimal
bound-20260916T061948Z	BR:T-47D	magnitude_g1.00	EX_thym_e	0.0	0.0	3.9939870779947484e-11	primary	optimal
bound-20260916T061948Z	BR:T-47D	magnitude_g1.00	EX_thymd_e	0.0	0.0	3.117473591792726e-11	primary	optimal
bound-20260916T061948Z	BR:T-47D	magnitude_g1.00	EX_trp__L_e	-0.013281902834000001	-0.013281906232480087	-0.013281902834000001	primary	optimal
bound-20260916T061948Z	BR:T-47D	magnitude_g1.00	EX_tyr__L_e	-0.15938183581899998	-0.15938183921004412	-0.1593818323922835	primary	optimal
bound-20260916T061948Z	BR:T-47D	magnitude_g1.00	EX_ump_e	0.0	0.0	2.050813164432606e-11	primary	optimal
bound-20260916T061948Z	BR:T-47D	magnitude_g1.00	EX_ura_e	0.0	0.0	5.1682039609091856e-11	primary	optimal
bound-20260916T061948Z	BR:T-47D	magnitude_g1.00	EX_urate_e	0.0	0.0	2.347696843474299e-11	primary	optimal
bound-20260916T061948Z	BR:T-47D	magnitude_g1.00	EX_uri_e	0.0	0.0	3.628919981637069e-11	primary	optimal
bound-20260916T061948Z	BR:T-47D	magnitude_g1.00	EX_val__L_e	-0.3519684321124498	-0.3519684321118122	-0.35196842872300166	primary	optimal
bound-20260916T061948Z	BR:T-47D	magnitude_g1.00	EX_xan_e	0.0	0.0	2.3447901624927583e-11	primary	optimal
bound-20260916T061948Z	BR:T-47D	magnitude_g1.00	EX_xmp_e	0.0	0.0	1.9759447712624847e-11	primary	optimal
bound-20260916T061948Z	BR:T-47D	magnitude_g1.00	EX_xtsn_e	0.0	0.0	1.9869158715740475e-11	primary	optimal
bound-20260916T061948Z	CNS:SF-268	magnitude_g1.00	EX_2pg_e	0.0	0.0	1.5275834745254147e-09	primary	optimal
bound-20260916T061948Z	CNS:SF-268	magnitude_g1.00	EX_34hpp_e	0.0	0.0	1.952564946143275e-08	primary	optimal
bound-20260916T061948Z	CNS:SF-268	magnitude_g1.00	EX_3hanthrn_e	0.0	0.0	3.731754191062354e-09	primary	optimal
bound-20260916T061948Z	CNS:SF-268	magnitude_g1.00	EX_3pg_e	0.0	0.0	4.774939259434608e-09	primary	optimal
bound-20260916T061948Z	CNS:SF-268	magnitude_g1.00	EX_4abut_e	0.0	0.0	9.26575297244753e-09	primary	optimal
bound-20260916T061948Z	CNS:SF-268	magnitude_g1.00	EX_4hbz_e	0.0	0.0	2.342332766282911e-09	primary	optimal
bound-20260916T061948Z	CNS:SF-268	magnitude_g1.00	EX_L2aadp_e	0.0	0.0	3.813078892488409e-09	primary	optimal
bound-20260916T061948Z	CNS:SF-268	magnitude_g1.00	EX_Lkynr_e	0.0	0.0	7.338873275771306e-09	primary	optimal
bound-20260916T061948Z	CNS:SF-268	magnitude_g1.00	EX_acac_e	0.0	0.0	1.2468319401787721e-08	primary	optimal
bound-20260916T061948Z	CNS:SF-268	magnitude_g1.00	EX_ade_e	0.0	0.0	2.164032643831673e-10	primary	optimal
bound-20260916T061948Z	CNS:SF-268	magnitude_g1.00	EX_adn_e	0.0	0.0	1.8678339706213935e-10	primary	optimal
bound-20260916T061948Z	CNS:SF-268	magnitude_g1.00	EX_ahcys_e	0.0	0.0	1.850615168239241e-10	primary	optimal
bound-20260916T061948Z	CNS:SF-268	magnitude_g1.00	EX_akg_e	0.0	0.0	9.940286542401802e-08	primary	optimal
bound-20260916T061948Z	CNS:SF-268	magnitude_g1.00	EX_ala__L_e	0.0232433299595	0.02324329090813078	0.264398680818822	primary	optimal
bound-20260916T061948Z	CNS:SF-268	magnitude_g1.00	EX_amp_e	0.0	0.0	1.8766982633757298e-10	primary	optimal
bound-20260916T061948Z	CNS:SF-268	magnitude_g1.00	EX_anth_e	0.0	0.0	4.632950225766664e-09	primary	optimal
bound-20260916T061948Z	CNS:SF-268	magnitude_g1.00	EX_arg__L_e	-0.35860938014000004	-0.35860941430991383	-0.3586093792154348	primary	optimal
bound-20260916T061948Z	CNS:SF-268	magnitude_g1.00	EX_asn__L_e	-3.0612973424682806	-3.0612973766368703	-3.06129727141995	primary	optimal
bound-20260916T061948Z	CNS:SF-268	magnitude_g1.00	EX_asp__L_e	-0.5714603369513399	-0.571460371123254	-0.5714603008243967	primary	optimal
bound-20260916T061948Z	CNS:SF-268	magnitude_g1.00	EX_bilirub_e	0.0	0.0	3.810369098081952e-10	primary	optimal
bound-20260916T061948Z	CNS:SF-268	magnitude_g1.00	EX_cala_e	0.0	0.0	5.657772905602603e-10	primary	optimal
bound-20260916T061948Z	CNS:SF-268	magnitude_g1.00	EX_chol_e	-0.17163760036100006	-0.17163763452934933	-0.17163759998980052	primary	optimal
bound-20260916T061948Z	CNS:SF-268	magnitude_g1.00	EX_cholp_e	0.0	0.0	1.3161281432422315e-09	primary	optimal
bound-20260916T061948Z	CNS:SF-268	magnitude_g1.00	EX_cit_e	0.0	0.0	3.905104142495933e-08	primary	optimal
bound-20260916T061948Z	CNS:SF-268	magnitude_g1.00	EX_citr__L_e	0.0	0.0	9.188609256354708e-09	primary	optimal
bound-20260916T061948Z	CNS:SF-268	magnitude_g1.00	EX_cmp_e	0.0	0.0	3.963529699129399e-10	primary	optimal
bound-20260916T061948Z	CNS:SF-268	magnitude_g1.00	EX_crn_e	0.0	-1.7924582807458872e-08	5.347173388654776e-16	primary	optimal
bound-20260916T061948Z	CNS:SF-268	magnitude_g1.00	EX_cyst__L_e	0.0	0.0	1.0726749294627921e-09	primary	optimal
bound-20260916T061948Z	CNS:SF-268	magnitude_g1.00	EX_cytd_e	0.0	0.0	3.9759551977201646e-10	primary	optimal
bound-20260916T061948Z	CNS:SF-268	magnitude_g1.00	EX_dad_2_e	0.0	0.0	1.8503514291941194e-10	primary	optimal
bound-20260916T061948Z	CNS:SF-268	magnitude_g1.00	EX_dcmp_e	0.0	0.0	3.123710999485203e-10	primary	optimal
bound-20260916T061948Z	CNS:SF-268	magnitude_g1.00	EX_dcyt_e	0.0	0.0	3.599420260033338e-10	primary	optimal
bound-20260916T061948Z	CNS:SF-268	magnitude_g1.00	EX_dhap_e	0.0	0.0	1.317859732793106e-09	primary	optimal
bound-20260916T061948Z	CNS:SF-268	magnitude_g1.00	EX_dmgly_e	0.0	0.0	3.7862849376258584e-09	primary	optimal
bound-20260916T061948Z	CNS:SF-268	magnitude_g1.00	EX_duri_e	0.0	0.0	3.9212160272428376e-10	primary	optimal
bound-20260916T061948Z	CNS:SF-268	magnitude_g1.00	EX_ethamp_e	0.0	0.0	1.1926907259281289e-09	primary	optimal
bound-20260916T061948Z	CNS:SF-268	magnitude_g1.00	EX_fol_e	3.1320244207523236e-17	-9.93969055476753e-08	-1.0454207944237683e-15	primary	optimal
bound-20260916T061948Z	CNS:SF-268	magnitude_g1.00	EX_fum_e	1.2851120668649116	1.2851110668731887	1.2851122114556761	primary	optimal
bound-20260916T061948Z	CNS:SF-268	magnitude_g1.00	EX_g3pc_e	0.0	0.0	1.1427422659667193e-09	primary	optimal
bound-20260916T061948Z	CNS:SF-268	magnitude_g1.00	EX_glc__D_e	-3.7915738075066328	-3.7915748133482348	-3.6709970695987	primary	optimal
bound-20260916T061948Z	CNS:SF-268	magnitude_g1.00	EX_glcur_e	0.0	0.0	1.2285430655549063e-08	primary	optimal
bound-20260916T061948Z	CNS:SF-268	magnitude_g1.00	EX_gln__L_e	-6.786774184255731	-6.786774218426245	-6.786773910906657	primary	optimal
bound-20260916T061948Z	CNS:SF-268	magnitude_g1.00	EX_glu__L_e	-2.2310581999790586	-2.2310586216777706	-2.2310580749803197	primary	optimal
bound-20260916T061948Z	CNS:SF-268	magnitude_g1.00	EX_gly_e	0.0	-1.388675427903496e-07	4.53198485434015e-08	primary	optimal
bound-20260916T061948Z	CNS:SF-268	magnitude_g1.00	EX_glyald_e	0.0	0.0	1.256822902597657e-08	primary	optimal
bound-20260916T061948Z	CNS:SF-268	magnitude_g1.00	EX_glyb_e	0.0	0.0	7.54045996819366e-09	primary	optimal
bound-20260916T061948Z	CNS:SF-268	magnitude_g1.00	EX_glyc3p_e	0.0	0.0	1.3177928267110369e-09	primary	optimal
bound-20260916T061948Z	CNS:SF-268	magnitude_g1.00	EX_gmp_e	0.0	0.0	2.4433266892890034e-10	primary	optimal
bound-20260916T061948Z	CNS:SF-268	magnitude_g1.00	EX_gthox_e	0.0	0.0	1.0719121614564037e-08	primary	optimal
bound-20260916T061948Z	CNS:SF-268	magnitude_g1.00	EX_hcys__L_e	0.0	0.0	1.1498166676255447e-09	primary	optimal
bound-20260916T061948Z	CNS:SF-268	magnitude_g1.00	EX_hom__L_e	0.0	0.0	0.0	primary	optimal
bound-20260916T061948Z	CNS:SF-268	magnitude_g1.00	EX_hxan_e	0.0	0.0	3.032524682580264e-10	primary	optimal
bound-20260916T061948Z	CNS:SF-268	magnitude_g1.00	EX_icit_e	4.563029343622004	4.563028796929646	4.5630294069673285	primary	optimal
bound-20260916T061948Z	CNS:SF-268	magnitude_g1.00	EX_ile__L_e	-0.2855599127419997	-0.28555994691123154	-0.28555991274200043	primary	optimal
bound-20260916T061948Z	CNS:SF-268	magnitude_g1.00	EX_imp_e	0.0	0.0	2.1631656170877556e-10	primary	optimal
bound-20260916T061948Z	CNS:SF-268	magnitude_g1.00	EX_ins_e	0.0	0.0	2.1636488425403303e-10	primary	optimal
bound-20260916T061948Z	CNS:SF-268	magnitude_g1.00	EX_lac__L_e	0.0	-1.585135462474102e-08	0.36173302632965354	primary	optimal
bound-20260916T061948Z	CNS:SF-268	magnitude_g1.00	EX_lcts_e	0.0	0.0	9.96393673079733e-10	primary	optimal
bound-20260916T061948Z	CNS:SF-268	magnitude_g1.00	EX_leu__L_e	-0.544556019816	-0.5445560539837668	-0.5445560198159999	primary	optimal
bound-20260916T061948Z	CNS:SF-268	magnitude_g1.00	EX_lys__L_e	-0.591041681546	-0.5910417179928634	-0.591041681546	primary	optimal
bound-20260916T061948Z	CNS:SF-268	magnitude_g1.00	EX_mal__L_e	9.336383115790078e-08	0.0	1.0936132411791753e-06	primary	optimal
bound-20260916T061948Z	CNS:SF-268	magnitude_g1.00	EX_met__L_e	-0.15274088440199998	-0.15274093872890332	-0.15274088440199987	primary	optimal
bound-20260916T061948Z	CNS:SF-268	magnitude_g1.00	EX_nac_e	-9.482696993489282e-16	0.0	7.437931102745664e-09	primary	optimal
bound-20260916T061948Z	CNS:SF-268	magnitude_g1.00	EX_ncam_e	0.0	-3.416911022747299e-08	-3.1761326320058635e-22	primary	optimal
bound-20260916T061948Z	CNS:SF-268	magnitude_g1.00	EX_nicrnt_e	0.0	0.0	6.062507043936589e-10	primary	optimal
bound-20260916T061948Z	CNS:SF-268	magnitude_g1.00	EX_orn_e	0.0	0.0	1.8185448922228904e-08	primary	optimal
bound-20260916T061948Z	CNS:SF-268	magnitude_g1.00	EX_orot5p_e	0.0	0.0	3.2788294896781655e-10	primary	optimal
bound-20260916T061948Z	CNS:SF-268	magnitude_g1.00	EX_orot_e	0.0	0.0	6.627783371387517e-10	primary	optimal
bound-20260916T061948Z	CNS:SF-268	magnitude_g1.00	EX_oxa_e	0.0	0.0	3.599610723272428e-09	primary	optimal
bound-20260916T061948Z	CNS:SF-268	magnitude_g1.00	EX_pep_e	0.0	0.0	1.5500172364662014e-09	primary	optimal
bound-20260916T061948Z	CNS:SF-268	magnitude_g1.00	EX_phe__L_e	-0.258996107074	-0.25899614477753874	-0.258996107074	primary	optimal
bound-20260916T061948Z	CNS:SF-268	magnitude_g1.00	EX_pnto__R_e	0.0	-3.416909787234118e-08	3.905291524827939e-08	primary	optimal
bound-20260916T061948Z	CNS:SF-268	magnitude_g1.00	EX_pro__L_e	-0.411736991476	-0.41173702792308053	-0.4117369833843289	primary	optimal
bound-20260916T061948Z	CNS:SF-268	magnitude_g1.00	EX_quln_e	0.0	0.0	3.0288929395198747e-09	primary	optimal
bound-20260916T061948Z	CNS:SF-268	magnitude_g1.00	EX_sbt__D_e	0.0	0.0	0.0	primary	optimal
bound-20260916T061948Z	CNS:SF-268	magnitude_g1.00	EX_ser__L_e	-1.3867699784433016	-1.6279234542821768	-1.386768038790603	primary	optimal
bound-20260916T061948Z	CNS:SF-268	magnitude_g1.00	EX_spmd_e	0.0	0.0	5.135975505926758e-10	primary	optimal
bound-20260916T061948Z	CNS:SF-268	magnitude_g1.00	EX_sprm_e	0.0	0.0	2.6423426583873043e-10	primary	optimal
bound-20260916T061948Z	CNS:SF-268	magnitude_g1.00	EX_srtn_e	0.0	0.0	7.438089057625636e-09	primary	optimal
bound-20260916T061948Z	CNS:SF-268	magnitude_g1.00	EX_succ_e	3.0635987590486042	3.0635987313196194	3.0635987590486042	primary	optimal
bound-20260916T061948Z	CNS:SF-268	magnitude_g1.00	EX_sucr_e	0.0	0.0	0.0	primary	optimal
bound-20260916T061948Z	CNS:SF-268	magnitude_g1.00	EX_taur_e	0.0	0.0	3.9048234921798125e-08	primary	optimal
bound-20260916T061948Z	CNS:SF-268	magnitude_g1.00	EX_tchola_e	0.0	0.0	1.2211219799419364e-09	primary	optimal
bound-20260916T061948Z	CNS:SF-268	magnitude_g1.00	EX_thr__L_e	-0.31212371841000003	-0.312123752578962	-0.31212371841	primary	optimal
bound-20260916T061948Z	CNS:SF-268	magnitude_g1.00	EX_thym_e	0.0	0.0	4.412134205685376e-10	primary	optimal
bound-20260916T061948Z	CNS:SF-268	magnitude_g1.00	EX_thymd_e	0.0	0.0	3.4221712121038147e-10	primary	optimal
bound-20260916T061948Z	CNS:SF-268	magnitude_g1.00	EX_trp__L_e	-0.013281902834000001	-0.013281937003521082	-0.01328190283400637	primary	optimal
bound-20260916T061948Z	CNS:SF-268	magnitude_g1.00	EX_tyr__L_e	-0.159381835819	-0.15938186998741088	-0.15938179811602315	primary	optimal
bound-20260916T061948Z	CNS:SF-268	magnitude_g1.00	EX_ump_e	0.0	0.0	2.2542668749980654e-10	primary	optimal
bound-20260916T061948Z	CNS:SF-268	magnitude_g1.00	EX_ura_e	0.0	0.0	5.660216222134054e-10	primary	optimal
bound-20260916T061948Z	CNS:SF-268	magnitude_g1.00	EX_urate_e	0.0	0.0	2.7243085159781616e-10	primary	optimal
bound-20260916T061948Z	CNS:SF-268	magnitude_g1.00	EX_uri_e	0.0	0.0	3.959428817313341e-10	primary	optimal
bound-20260916T061948Z	CNS:SF-268	magnitude_g1.00	EX_val__L_e	-0.3519684599744666	-0.3519684628929484	-0.351968428723	primary	optimal
bound-20260916T061948Z	CNS:SF-268	magnitude_g1.00	EX_xan_e	0.0	0.0	2.571137719732832e-10	primary	optimal
bound-20260916T061948Z	CNS:SF-268	magnitude_g1.00	EX_xmp_e	0.0	0.0	2.1628730049614143e-10	primary	optimal
bound-20260916T061948Z	CNS:SF-268	magnitude_g1.00	EX_xtsn_e	0.0	0.0	2.1753005613219784e-10	primary	optimal
bound-20260916T061948Z	CNS:SF-295	magnitude_g1.00	EX_2pg_e	0.0	0.0	1.6670864334461088e-09	primary	optimal
bound-20260916T061948Z	CNS:SF-295	magnitude_g1.00	EX_34hpp_e	0.0	0.0	2.132440971524055e-08	primary	optimal
bound-20260916T061948Z	CNS:SF-295	magnitude_g1.00	EX_3hanthrn_e	0.0	0.0	4.061928707977814e-09	primary	optimal
bound-20260916T061948Z	CNS:SF-295	magnitude_g1.00	EX_3pg_e	0.0	0.0	5.18186560421991e-09	primary	optimal
bound-20260916T061948Z	CNS:SF-295	magnitude_g1.00	EX_4abut_e	0.0	0.0	1.0173123632605598e-08	primary	optimal
bound-20260916T061948Z	CNS:SF-295	magnitude_g1.00	EX_4hbz_e	0.0	0.0	2.5606689096644198e-09	primary	optimal
bound-20260916T061948Z	CNS:SF-295	magnitude_g1.00	EX_L2aadp_e	0.0	0.0	4.157010657553461e-09	primary	optimal
bound-20260916T061948Z	CNS:SF-295	magnitude_g1.00	EX_Lkynr_e	0.0	0.0	7.977749363081657e-09	primary	optimal
bound-20260916T061948Z	CNS:SF-295	magnitude_g1.00	EX_acac_e	0.0	0.0	1.419415209613824e-08	primary	optimal
bound-20260916T061948Z	CNS:SF-295	magnitude_g1.00	EX_ade_e	0.0	0.0	2.4118036411565253e-10	primary	optimal
bound-20260916T061948Z	CNS:SF-295	magnitude_g1.00	EX_adn_e	0.0	0.0	2.0455529124925102e-10	primary	optimal
bound-20260916T061948Z	CNS:SF-295	magnitude_g1.00	EX_ahcys_e	0.0	0.0	1.774196633329503e-10	primary	optimal
bound-20260916T061948Z	CNS:SF-295	magnitude_g1.00	EX_akg_e	0.0	0.0	1.0081153723237632e-07	primary	optimal
bound-20260916T061948Z	CNS:SF-295	magnitude_g1.00	EX_ala__L_e	0.0232433299595	0.023243287309616945	0.05306667477308312	primary	optimal
bound-20260916T061948Z	CNS:SF-295	magnitude_g1.00	EX_amp_e	0.0	0.0	2.055371153150157e-10	primary	optimal
bound-20260916T061948Z	CNS:SF-295	magnitude_g1.00	EX_anth_e	0.0	0.0	5.04011985027034e-09	primary	optimal
bound-20260916T061948Z	CNS:SF-295	magnitude_g1.00	EX_arg__L_e	-0.35860938014000004	-0.3586094171028985	-0.35860937913520763	primary	optimal
bound-20260916T061948Z	CNS:SF-295	magnitude_g1.00	EX_asn__L_e	-3.104433884807415	-3.1044339217713635	-3.1044338092357746	primary	optimal
bound-20260916T061948Z	CNS:SF-295	magnitude_g1.00	EX_asp__L_e	-0.5161130215505393	-0.5161130585145923	-0.5161129836006997	primary	optimal
bound-20260916T061948Z	CNS:SF-295	magnitude_g1.00	EX_bilirub_e	0.0	0.0	4.135671475001167e-10	primary	optimal
bound-20260916T061948Z	CNS:SF-295	magnitude_g1.00	EX_cala_e	0.0	0.0	5.995404831617986e-10	primary	optimal
bound-20260916T061948Z	CNS:SF-295	magnitude_g1.00	EX_chol_e	-0.17163760036100006	-0.17163763732404808	-0.17163759995627503	primary	optimal
bound-20260916T061948Z	CNS:SF-295	magnitude_g1.00	EX_cholp_e	0.0	0.0	1.434253960152733e-09	primary	optimal
bound-20260916T061948Z	CNS:SF-295	magnitude_g1.00	EX_cit_e	0.0	0.0	4.264896657240827e-08	primary	optimal
bound-20260916T061948Z	CNS:SF-295	magnitude_g1.00	EX_citr__L_e	0.0	0.0	1.0081205799272874e-08	primary	optimal
bound-20260916T061948Z	CNS:SF-295	magnitude_g1.00	EX_cmp_e	0.0	0.0	4.320438765807903e-10	primary	optimal
bound-20260916T061948Z	CNS:SF-295	magnitude_g1.00	EX_crn_e	0.0	-1.8179060909241316e-08	8.835844662675572e-17	primary	optimal
bound-20260916T061948Z	CNS:SF-295	magnitude_g1.00	EX_cyst__L_e	0.0	0.0	1.167301535643795e-09	primary	optimal
bound-20260916T061948Z	CNS:SF-295	magnitude_g1.00	EX_cytd_e	0.0	0.0	4.335513151705453e-10	primary	optimal
bound-20260916T061948Z	CNS:SF-295	magnitude_g1.00	EX_dad_2_e	0.0	0.0	2.0166000916158777e-10	primary	optimal
bound-20260916T061948Z	CNS:SF-295	magnitude_g1.00	EX_dcmp_e	0.0	0.0	3.4039476684035907e-10	primary	optimal
bound-20260916T061948Z	CNS:SF-295	magnitude_g1.00	EX_dcyt_e	0.0	0.0	3.923140737314233e-10	primary	optimal
bound-20260916T061948Z	CNS:SF-295	magnitude_g1.00	EX_dhap_e	0.0	0.0	1.4361126730025337e-09	primary	optimal
bound-20260916T061948Z	CNS:SF-295	magnitude_g1.00	EX_dmgly_e	0.0	0.0	4.100179622982617e-09	primary	optimal
bound-20260916T061948Z	CNS:SF-295	magnitude_g1.00	EX_duri_e	0.0	0.0	4.275490635273829e-10	primary	optimal
bound-20260916T061948Z	CNS:SF-295	magnitude_g1.00	EX_ethamp_e	0.0	0.0	1.301290613566463e-09	primary	optimal
bound-20260916T061948Z	CNS:SF-295	magnitude_g1.00	EX_fol_e	1.0179079367445054e-16	-1.0081322116487437e-07	-2.6732391878747963e-15	primary	optimal
bound-20260916T061948Z	CNS:SF-295	magnitude_g1.00	EX_fum_e	1.5488423305543328	1.5488413305308688	1.548843548375289	primary	optimal
bound-20260916T061948Z	CNS:SF-295	magnitude_g1.00	EX_g3pc_e	0.0	0.0	1.246660777062489e-09	primary	optimal
bound-20260916T061948Z	CNS:SF-295	magnitude_g1.00	EX_glc__D_e	-3.692041193097137	-3.692042204525471	-3.6771304581902466	primary	optimal
bound-20260916T061948Z	CNS:SF-295	magnitude_g1.00	EX_glcur_e	0.0	0.0	1.3045344749015865e-08	primary	optimal
bound-20260916T061948Z	CNS:SF-295	magnitude_g1.00	EX_gln__L_e	-6.277765464180362	-6.277765501144101	-6.277765186954903	primary	optimal
bound-20260916T061948Z	CNS:SF-295	magnitude_g1.00	EX_glu__L_e	-3.2574950172058803	-3.2574954466604744	-3.2574948922131917	primary	optimal
bound-20260916T061948Z	CNS:SF-295	magnitude_g1.00	EX_gly_e	0.0	-1.6126814328797035e-07	4.7952706345893056e-08	primary	optimal
bound-20260916T061948Z	CNS:SF-295	magnitude_g1.00	EX_glyald_e	0.0	0.0	1.3690564956870573e-08	primary	optimal
bound-20260916T061948Z	CNS:SF-295	magnitude_g1.00	EX_glyb_e	0.0	0.0	8.214501452027307e-09	primary	optimal
bound-20260916T061948Z	CNS:SF-295	magnitude_g1.00	EX_glyc3p_e	0.0	0.0	1.4360625467609519e-09	primary	optimal
bound-20260916T061948Z	CNS:SF-295	magnitude_g1.00	EX_gmp_e	0.0	0.0	2.6960409444655147e-10	primary	optimal
bound-20260916T061948Z	CNS:SF-295	magnitude_g1.00	EX_gthox_e	0.0	0.0	1.179682256192752e-08	primary	optimal
bound-20260916T061948Z	CNS:SF-295	magnitude_g1.00	EX_hcys__L_e	0.0	0.0	1.2537570837515222e-09	primary	optimal
bound-20260916T061948Z	CNS:SF-295	magnitude_g1.00	EX_hom__L_e	0.0	0.0	0.0	primary	optimal
bound-20260916T061948Z	CNS:SF-295	magnitude_g1.00	EX_hxan_e	0.0	0.0	3.343199446730168e-10	primary	optimal
bound-20260916T061948Z	CNS:SF-295	magnitude_g1.00	EX_icit_e	4.69278087460947	4.692779765720881	4.692780944247957	primary	optimal
bound-20260916T061948Z	CNS:SF-295	magnitude_g1.00	EX_ile__L_e	-0.2855599127419997	-0.28555994970592113	-0.28555991274200004	primary	optimal
bound-20260916T061948Z	CNS:SF-295	magnitude_g1.00	EX_imp_e	0.0	0.0	2.3579562334067595e-10	primary	optimal
bound-20260916T061948Z	CNS:SF-295	magnitude_g1.00	EX_ins_e	0.0	0.0	2.372067276807407e-10	primary	optimal
bound-20260916T061948Z	CNS:SF-295	magnitude_g1.00	EX_lac__L_e	0.0	-1.6757216876742114e-08	0.04473501723571688	primary	optimal
bound-20260916T061948Z	CNS:SF-295	magnitude_g1.00	EX_lcts_e	0.0	0.0	1.3207417693868782e-09	primary	optimal
bound-20260916T061948Z	CNS:SF-295	magnitude_g1.00	EX_leu__L_e	-0.544556019816	-0.5445560567796874	-0.544556019816	primary	optimal
bound-20260916T061948Z	CNS:SF-295	magnitude_g1.00	EX_lys__L_e	-0.591041681546	-0.5910417202304917	-0.591041681546	primary	optimal
bound-20260916T061948Z	CNS:SF-295	magnitude_g1.00	EX_mal__L_e	0.04724973523496756	0.04724851741245474	0.047250735248595174	primary	optimal
bound-20260916T061948Z	CNS:SF-295	magnitude_g1.00	EX_met__L_e	-0.15274088440199998	-0.15274093689975446	-0.15274088440199998	primary	optimal
bound-20260916T061948Z	CNS:SF-295	magnitude_g1.00	EX_nac_e	-6.637887895442499e-15	0.0	8.15364643637026e-09	primary	optimal
bound-20260916T061948Z	CNS:SF-295	magnitude_g1.00	EX_ncam_e	0.0	-3.696389553832481e-08	1.9516203170234998e-19	primary	optimal
bound-20260916T061948Z	CNS:SF-295	magnitude_g1.00	EX_nicrnt_e	0.0	0.0	6.61933124588478e-10	primary	optimal
bound-20260916T061948Z	CNS:SF-295	magnitude_g1.00	EX_orn_e	0.0	0.0	1.9757992918642282e-08	primary	optimal
bound-20260916T061948Z	CNS:SF-295	magnitude_g1.00	EX_orot5p_e	0.0	0.0	3.575057942964224e-10	primary	optimal
bound-20260916T061948Z	CNS:SF-295	magnitude_g1.00	EX_orot_e	0.0	0.0	7.221432599024979e-10	primary	optimal
bound-20260916T061948Z	CNS:SF-295	magnitude_g1.00	EX_oxa_e	0.0	0.0	3.908422716814578e-09	primary	optimal
bound-20260916T061948Z	CNS:SF-295	magnitude_g1.00	EX_pep_e	0.0	0.0	1.6892112437158994e-09	primary	optimal
bound-20260916T061948Z	CNS:SF-295	magnitude_g1.00	EX_phe__L_e	-0.258996107074	-0.25899614667848175	-0.258996107074	primary	optimal
bound-20260916T061948Z	CNS:SF-295	magnitude_g1.00	EX_pnto__R_e	0.0	-3.696425473470759e-08	4.2651773200028525e-08	primary	optimal
bound-20260916T061948Z	CNS:SF-295	magnitude_g1.00	EX_pro__L_e	-0.411736991476	-0.41173703015892016	-0.4117369826837807	primary	optimal
bound-20260916T061948Z	CNS:SF-295	magnitude_g1.00	EX_quln_e	0.0	0.0	3.2613307212565707e-09	primary	optimal
bound-20260916T061948Z	CNS:SF-295	magnitude_g1.00	EX_sbt__D_e	0.0	0.0	0.0	primary	optimal
bound-20260916T061948Z	CNS:SF-295	magnitude_g1.00	EX_ser__L_e	-1.345259491890581	-1.3750809616585913	-1.3452575418182753	primary	optimal
bound-20260916T061948Z	CNS:SF-295	magnitude_g1.00	EX_spmd_e	0.0	0.0	5.597137664338426e-10	primary	optimal
bound-20260916T061948Z	CNS:SF-295	magnitude_g1.00	EX_sprm_e	0.0	0.0	2.879163527481457e-10	primary	optimal
bound-20260916T061948Z	CNS:SF-295	magnitude_g1.00	EX_srtn_e	0.0	0.0	8.094272124353814e-09	primary	optimal
bound-20260916T061948Z	CNS:SF-295	magnitude_g1.00	EX_succ_e	3.038401660612351	3.038401631446465	3.038401660612351	primary	optimal
bound-20260916T061948Z	CNS:SF-295	magnitude_g1.00	EX_sucr_e	0.0	0.0	0.0	primary	optimal
bound-20260916T061948Z	CNS:SF-295	magnitude_g1.00	EX_taur_e	0.0	0.0	4.2654416785411485e-08	primary	optimal
bound-20260916T061948Z	CNS:SF-295	magnitude_g1.00	EX_tchola_e	0.0	0.0	8.946911965089588e-10	primary	optimal
bound-20260916T061948Z	CNS:SF-295	magnitude_g1.00	EX_thr__L_e	-0.31212371841000003	-0.31212375537409	-0.3121237184100001	primary	optimal
bound-20260916T061948Z	CNS:SF-295	magnitude_g1.00	EX_thym_e	0.0	0.0	4.809877399147071e-10	primary	optimal
bound-20260916T061948Z	CNS:SF-295	magnitude_g1.00	EX_thymd_e	0.0	0.0	3.73032990487327e-10	primary	optimal
bound-20260916T061948Z	CNS:SF-295	magnitude_g1.00	EX_trp__L_e	-0.013281902834000001	-0.01328193979698381	-0.013281902834008109	primary	optimal
bound-20260916T061948Z	CNS:SF-295	magnitude_g1.00	EX_tyr__L_e	-0.15938183581899998	-0.15938187278271626	-0.15938179621263315	primary	optimal
bound-20260916T061948Z	CNS:SF-295	magnitude_g1.00	EX_ump_e	0.0	0.0	2.482578826509403e-10	primary	optimal
bound-20260916T061948Z	CNS:SF-295	magnitude_g1.00	EX_ura_e	0.0	0.0	6.172842212244229e-10	primary	optimal
bound-20260916T061948Z	CNS:SF-295	magnitude_g1.00	EX_urate_e	0.0	0.0	3.0174833224342706e-10	primary	optimal
bound-20260916T061948Z	CNS:SF-295	magnitude_g1.00	EX_uri_e	0.0	0.0	4.318767134708e-10	primary	optimal
bound-20260916T061948Z	CNS:SF-295	magnitude_g1.00	EX_val__L_e	-0.3519684599715099	-0.3519684656863763	-0.351968428723	primary	optimal
bound-20260916T061948Z	CNS:SF-295	magnitude_g1.00	EX_xan_e	0.0	0.0	2.803399349731786e-10	primary	optimal
bound-20260916T061948Z	CNS:SF-295	magnitude_g1.00	EX_xmp_e	0.0	0.0	2.3580261970442556e-10	primary	optimal
bound-20260916T061948Z	CNS:SF-295	magnitude_g1.00	EX_xtsn_e	0.0	0.0	2.371965176230716e-10	primary	optimal
bound-20260916T061948Z	CNS:SF-539	magnitude_g1.00	EX_2pg_e	0.0	0.0	1.537315152797205e-09	primary	optimal
bound-20260916T061948Z	CNS:SF-539	magnitude_g1.00	EX_34hpp_e	0.0	0.0	1.964853631634979e-08	primary	optimal
bound-20260916T061948Z	CNS:SF-539	magnitude_g1.00	EX_3hanthrn_e	0.0	0.0	3.7554870202804976e-09	primary	optimal
bound-20260916T061948Z	CNS:SF-539	magnitude_g1.00	EX_3pg_e	0.0	0.0	4.805075100636712e-09	primary	optimal
bound-20260916T061948Z	CNS:SF-539	magnitude_g1.00	EX_4abut_e	0.0	0.0	9.325091211424648e-09	primary	optimal
bound-20260916T061948Z	CNS:SF-539	magnitude_g1.00	EX_4hbz_e	0.0	0.0	2.357273716253032e-09	primary	optimal
bound-20260916T061948Z	CNS:SF-539	magnitude_g1.00	EX_L2aadp_e	0.0	0.0	3.837203168939995e-09	primary	optimal
bound-20260916T061948Z	CNS:SF-539	magnitude_g1.00	EX_Lkynr_e	0.0	0.0	7.384476774401238e-09	primary	optimal
bound-20260916T061948Z	CNS:SF-539	magnitude_g1.00	EX_acac_e	0.0	0.0	1.2547356314546958e-08	primary	optimal
bound-20260916T061948Z	CNS:SF-539	magnitude_g1.00	EX_ade_e	0.0	0.0	2.2145777459897598e-10	primary	optimal
bound-20260916T061948Z	CNS:SF-539	magnitude_g1.00	EX_adn_e	0.0	0.0	1.8886422435445609e-10	primary	optimal
bound-20260916T061948Z	CNS:SF-539	magnitude_g1.00	EX_ahcys_e	0.0	0.0	1.8802685321992924e-10	primary	optimal
bound-20260916T061948Z	CNS:SF-539	magnitude_g1.00	EX_akg_e	0.0	0.0	1.000283352797564e-07	primary	optimal
bound-20260916T061948Z	CNS:SF-539	magnitude_g1.00	EX_ala__L_e	0.0232433299595	0.023243290658780585	0.2112231907510173	primary	optimal
bound-20260916T061948Z	CNS:SF-539	magnitude_g1.00	EX_amp_e	0.0	0.0	1.897767884648359e-10	primary	optimal
bound-20260916T061948Z	CNS:SF-539	magnitude_g1.00	EX_anth_e	0.0	0.0	4.662480606733124e-09	primary	optimal
bound-20260916T061948Z	CNS:SF-539	magnitude_g1.00	EX_arg__L_e	-0.35860938014000004	-0.3586094145247133	-0.35860937920959474	primary	optimal
bound-20260916T061948Z	CNS:SF-539	magnitude_g1.00	EX_asn__L_e	-3.0830605939618634	-3.083060628347582	-3.0830605224665004	primary	optimal
bound-20260916T061948Z	CNS:SF-539	magnitude_g1.00	EX_asp__L_e	-0.5683354150874469	-0.5683354494741486	-0.5683353787304077	primary	optimal
bound-20260916T061948Z	CNS:SF-539	magnitude_g1.00	EX_bilirub_e	2.251456135790372e-18	0.0	3.832271382992981e-10	primary	optimal
bound-20260916T061948Z	CNS:SF-539	magnitude_g1.00	EX_cala_e	0.0	0.0	5.862975213417734e-10	primary	optimal
bound-20260916T061948Z	CNS:SF-539	magnitude_g1.00	EX_chol_e	-0.17163760036099995	-0.17163763474941723	-0.17163759998742179	primary	optimal
bound-20260916T061948Z	CNS:SF-539	magnitude_g1.00	EX_cholp_e	0.0	0.0	1.3244823874743228e-09	primary	optimal
bound-20260916T061948Z	CNS:SF-539	magnitude_g1.00	EX_cit_e	0.0	0.0	3.929936971479581e-08	primary	optimal
bound-20260916T061948Z	CNS:SF-539	magnitude_g1.00	EX_citr__L_e	0.0	0.0	9.246266583991067e-09	primary	optimal
bound-20260916T061948Z	CNS:SF-539	magnitude_g1.00	EX_cmp_e	0.0	0.0	3.9890209792508483e-10	primary	optimal
bound-20260916T061948Z	CNS:SF-539	magnitude_g1.00	EX_crn_e	1.9198179557109933e-17	-1.8038189873975682e-08	1.2674837248259286e-16	primary	optimal
bound-20260916T061948Z	CNS:SF-539	magnitude_g1.00	EX_cyst__L_e	0.0	0.0	1.0795409807289037e-09	primary	optimal
bound-20260916T061948Z	CNS:SF-539	magnitude_g1.00	EX_cytd_e	0.0	0.0	4.029965501804439e-10	primary	optimal
bound-20260916T061948Z	CNS:SF-539	magnitude_g1.00	EX_dad_2_e	0.0	0.0	1.8446023959718203e-10	primary	optimal
bound-20260916T061948Z	CNS:SF-539	magnitude_g1.00	EX_dcmp_e	0.0	0.0	3.143735284115305e-10	primary	optimal
bound-20260916T061948Z	CNS:SF-539	magnitude_g1.00	EX_dcyt_e	0.0	0.0	3.6226305665412104e-10	primary	optimal
bound-20260916T061948Z	CNS:SF-539	magnitude_g1.00	EX_dhap_e	0.0	0.0	1.3261380646020518e-09	primary	optimal
bound-20260916T061948Z	CNS:SF-539	magnitude_g1.00	EX_dmgly_e	0.0	0.0	3.810492837983743e-09	primary	optimal
bound-20260916T061948Z	CNS:SF-539	magnitude_g1.00	EX_duri_e	0.0	0.0	3.9459545107554346e-10	primary	optimal
bound-20260916T061948Z	CNS:SF-539	magnitude_g1.00	EX_ethamp_e	0.0	0.0	1.2004834341857138e-09	primary	optimal
bound-20260916T061948Z	CNS:SF-539	magnitude_g1.00	EX_fol_e	1.0179079367445051e-16	-1.0003399088276102e-07	-7.34435098656879e-16	primary	optimal
bound-20260916T061948Z	CNS:SF-539	magnitude_g1.00	EX_fum_e	1.1870645204224637	1.1870635204905722	1.1870646724097889	primary	optimal
bound-20260916T061948Z	CNS:SF-539	magnitude_g1.00	EX_g3pc_e	0.0	0.0	1.1498812275289312e-09	primary	optimal
bound-20260916T061948Z	CNS:SF-539	magnitude_g1.00	EX_glc__D_e	-3.787682985606383	-3.7876839918884553	-3.6936939927226278	primary	optimal
bound-20260916T061948Z	CNS:SF-539	magnitude_g1.00	EX_glcur_e	0.0	0.0	1.2363433277057395e-08	primary	optimal
bound-20260916T061948Z	CNS:SF-539	magnitude_g1.00	EX_gln__L_e	-6.669199819937823	-6.669199854323807	-6.669199544809883	primary	optimal
bound-20260916T061948Z	CNS:SF-539	magnitude_g1.00	EX_glu__L_e	-2.614198935095722	-2.6141993602942732	-2.6141988101047238	primary	optimal
bound-20260916T061948Z	CNS:SF-539	magnitude_g1.00	EX_gly_e	0.0	-1.3975739026439452e-07	4.5607069610686884e-08	primary	optimal
bound-20260916T061948Z	CNS:SF-539	magnitude_g1.00	EX_glyald_e	0.0	0.0	1.2647866752023284e-08	primary	optimal
bound-20260916T061948Z	CNS:SF-539	magnitude_g1.00	EX_glyb_e	0.0	0.0	7.588701874008003e-09	primary	optimal
bound-20260916T061948Z	CNS:SF-539	magnitude_g1.00	EX_glyc3p_e	0.0	0.0	1.3260732203216418e-09	primary	optimal
bound-20260916T061948Z	CNS:SF-539	magnitude_g1.00	EX_gmp_e	0.0	0.0	2.4898258428396453e-10	primary	optimal
bound-20260916T061948Z	CNS:SF-539	magnitude_g1.00	EX_gthox_e	0.0	0.0	1.0787792668518957e-08	primary	optimal
bound-20260916T061948Z	CNS:SF-539	magnitude_g1.00	EX_hcys__L_e	0.0	0.0	1.157096126897295e-09	primary	optimal
bound-20260916T061948Z	CNS:SF-539	magnitude_g1.00	EX_hom__L_e	0.0	0.0	0.0	primary	optimal
bound-20260916T061948Z	CNS:SF-539	magnitude_g1.00	EX_hxan_e	0.0	0.0	3.028270016724153e-10	primary	optimal
bound-20260916T061948Z	CNS:SF-539	magnitude_g1.00	EX_icit_e	4.713876769151407	4.7138762189613015	4.713876832898968	primary	optimal
bound-20260916T061948Z	CNS:SF-539	magnitude_g1.00	EX_ile__L_e	-0.28555991274200004	-0.2855599471267837	-0.28555991274200004	primary	optimal
bound-20260916T061948Z	CNS:SF-539	magnitude_g1.00	EX_imp_e	0.0	0.0	2.1770149512261745e-10	primary	optimal
bound-20260916T061948Z	CNS:SF-539	magnitude_g1.00	EX_ins_e	0.0	0.0	2.1895457021448754e-10	primary	optimal
bound-20260916T061948Z	CNS:SF-539	magnitude_g1.00	EX_lac__L_e	0.0	-1.595338518446805e-08	0.2819697912308901	primary	optimal
bound-20260916T061948Z	CNS:SF-539	magnitude_g1.00	EX_lcts_e	0.0	0.0	9.709302538743665e-10	primary	optimal
bound-20260916T061948Z	CNS:SF-539	magnitude_g1.00	EX_leu__L_e	-0.544556019816	-0.5445560542026603	-0.544556019816	primary	optimal
bound-20260916T061948Z	CNS:SF-539	magnitude_g1.00	EX_lys__L_e	-0.591041681546	-0.5910417182259508	-0.5910416815459969	primary	optimal
bound-20260916T061948Z	CNS:SF-539	magnitude_g1.00	EX_mal__L_e	1.004366579048992e-07	0.0	1.1003720941572052e-06	primary	optimal
bound-20260916T061948Z	CNS:SF-539	magnitude_g1.00	EX_met__L_e	-0.15274088440199998	-0.1527409390755922	-0.15274088440199998	primary	optimal
bound-20260916T061948Z	CNS:SF-539	magnitude_g1.00	EX_nac_e	-3.4698050362540332e-15	0.0	7.485458399538123e-09	primary	optimal
bound-20260916T061948Z	CNS:SF-539	magnitude_g1.00	EX_ncam_e	0.0	-3.4384868815594615e-08	-1.2293612184651262e-22	primary	optimal
bound-20260916T061948Z	CNS:SF-539	magnitude_g1.00	EX_nicrnt_e	0.0	0.0	6.10089860049583e-10	primary	optimal
bound-20260916T061948Z	CNS:SF-539	magnitude_g1.00	EX_orn_e	0.0	0.0	1.8301662497763347e-08	primary	optimal
bound-20260916T061948Z	CNS:SF-539	magnitude_g1.00	EX_orot5p_e	0.0	0.0	3.30019192612234e-10	primary	optimal
bound-20260916T061948Z	CNS:SF-539	magnitude_g1.00	EX_orot_e	0.0	0.0	6.66980291692397e-10	primary	optimal
bound-20260916T061948Z	CNS:SF-539	magnitude_g1.00	EX_oxa_e	0.0	0.0	3.6225857485525877e-09	primary	optimal
bound-20260916T061948Z	CNS:SF-539	magnitude_g1.00	EX_pep_e	0.0	0.0	1.55986559899243e-09	primary	optimal
bound-20260916T061948Z	CNS:SF-539	magnitude_g1.00	EX_phe__L_e	-0.258996107074	-0.25899614501629065	-0.258996107074	primary	optimal
bound-20260916T061948Z	CNS:SF-539	magnitude_g1.00	EX_pnto__R_e	0.0	-3.4387955954568325e-08	3.9298500887396184e-08	primary	optimal
bound-20260916T061948Z	CNS:SF-539	magnitude_g1.00	EX_pro__L_e	-0.411736991476	-0.41173702815460694	-0.41173698333339215	primary	optimal
bound-20260916T061948Z	CNS:SF-539	magnitude_g1.00	EX_quln_e	0.0	0.0	3.0482160466439314e-09	primary	optimal
bound-20260916T061948Z	CNS:SF-539	magnitude_g1.00	EX_sbt__D_e	0.0	0.0	0.0	primary	optimal
bound-20260916T061948Z	CNS:SF-539	magnitude_g1.00	EX_ser__L_e	-1.38442628705148	-1.5724042728545273	-1.3844243469831943	primary	optimal
bound-20260916T061948Z	CNS:SF-539	magnitude_g1.00	EX_spmd_e	0.0	0.0	5.168686890074642e-10	primary	optimal
bound-20260916T061948Z	CNS:SF-539	magnitude_g1.00	EX_sprm_e	0.0	0.0	2.695665937689432e-10	primary	optimal
bound-20260916T061948Z	CNS:SF-539	magnitude_g1.00	EX_srtn_e	0.0	0.0	7.485372189947218e-09	primary	optimal
bound-20260916T061948Z	CNS:SF-539	magnitude_g1.00	EX_succ_e	3.070764462809917	3.0707644349037917	3.070764462809917	primary	optimal
bound-20260916T061948Z	CNS:SF-539	magnitude_g1.00	EX_sucr_e	0.0	0.0	0.0	primary	optimal
bound-20260916T061948Z	CNS:SF-539	magnitude_g1.00	EX_taur_e	0.0	0.0	3.929828849163251e-08	primary	optimal
bound-20260916T061948Z	CNS:SF-539	magnitude_g1.00	EX_tchola_e	0.0	0.0	9.050087971591225e-10	primary	optimal
bound-20260916T061948Z	CNS:SF-539	magnitude_g1.00	EX_thr__L_e	-0.31212371841000003	-0.3121237527996759	-0.3121237184100001	primary	optimal
bound-20260916T061948Z	CNS:SF-539	magnitude_g1.00	EX_thym_e	0.0	0.0	4.440103863653227e-10	primary	optimal
bound-20260916T061948Z	CNS:SF-539	magnitude_g1.00	EX_thymd_e	0.0	0.0	3.443905324575972e-10	primary	optimal
bound-20260916T061948Z	CNS:SF-539	magnitude_g1.00	EX_trp__L_e	-0.013281902834000001	-0.013281937219424333	-0.013281902834000001	primary	optimal
bound-20260916T061948Z	CNS:SF-539	magnitude_g1.00	EX_tyr__L_e	-0.15938183581899998	-0.15938187020555308	-0.1593817978775399	primary	optimal
bound-20260916T061948Z	CNS:SF-539	magnitude_g1.00	EX_ump_e	0.0	0.0	4.1975015394810553e-10	primary	optimal
bound-20260916T061948Z	CNS:SF-539	magnitude_g1.00	EX_ura_e	0.0	0.0	5.765898967816457e-10	primary	optimal
bound-20260916T061948Z	CNS:SF-539	magnitude_g1.00	EX_urate_e	0.0	0.0	2.578231697183194e-10	primary	optimal
bound-20260916T061948Z	CNS:SF-539	magnitude_g1.00	EX_uri_e	0.0	0.0	3.984457371485483e-10	primary	optimal
bound-20260916T061948Z	CNS:SF-539	magnitude_g1.00	EX_val__L_e	-0.3519684599700162	-0.3519684631091874	-0.35196842872298717	primary	optimal
bound-20260916T061948Z	CNS:SF-539	magnitude_g1.00	EX_xan_e	0.0	0.0	2.5704270093036504e-10	primary	optimal
bound-20260916T061948Z	CNS:SF-539	magnitude_g1.00	EX_xmp_e	0.0	0.0	2.1645495398292261e-10	primary	optimal
bound-20260916T061948Z	CNS:SF-539	magnitude_g1.00	EX_xtsn_e	0.0	0.0	2.1771120176326143e-10	primary	optimal
bound-20260916T061948Z	CNS:SNB-19	magnitude_g1.00	EX_2pg_e	0.0	0.0	1.6456063376074193e-09	primary	optimal
bound-20260916T061948Z	CNS:SNB-19	magnitude_g1.00	EX_34hpp_e	0.0	0.0	2.10505582049677e-08	primary	optimal
bound-20260916T061948Z	CNS:SNB-19	magnitude_g1.00	EX_3hanthrn_e	0.0	0.0	4.009612195826348e-09	primary	optimal
bound-20260916T061948Z	CNS:SNB-19	magnitude_g1.00	EX_3pg_e	0.0	0.0	5.114961776993595e-09	primary	optimal
bound-20260916T061948Z	CNS:SNB-19	magnitude_g1.00	EX_4abut_e	0.0	0.0	1.004224030159521e-08	primary	optimal
bound-20260916T061948Z	CNS:SNB-19	magnitude_g1.00	EX_4hbz_e	0.0	0.0	2.5277572616337e-09	primary	optimal
bound-20260916T061948Z	CNS:SNB-19	magnitude_g1.00	EX_L2aadp_e	0.0	0.0	4.103605386012717e-09	primary	optimal
bound-20260916T061948Z	CNS:SNB-19	magnitude_g1.00	EX_Lkynr_e	0.0	0.0	7.874930113850304e-09	primary	optimal
bound-20260916T061948Z	CNS:SNB-19	magnitude_g1.00	EX_acac_e	0.0	0.0	1.4011411242343188e-08	primary	optimal
bound-20260916T061948Z	CNS:SNB-19	magnitude_g1.00	EX_ade_e	0.0	0.0	2.328056240492213e-10	primary	optimal
bound-20260916T061948Z	CNS:SNB-19	magnitude_g1.00	EX_adn_e	0.0	0.0	2.0095779325096604e-10	primary	optimal
bound-20260916T061948Z	CNS:SNB-19	magnitude_g1.00	EX_ahcys_e	0.0	0.0	1.7582986858183505e-10	primary	optimal
bound-20260916T061948Z	CNS:SNB-19	magnitude_g1.00	EX_akg_e	0.0	0.0	9.950931903153203e-08	primary	optimal
bound-20260916T061948Z	CNS:SNB-19	magnitude_g1.00	EX_ala__L_e	0.0232433299595	0.023243287857682707	0.23707036900602843	primary	optimal
bound-20260916T061948Z	CNS:SNB-19	magnitude_g1.00	EX_amp_e	0.0	0.0	1.7572793780307338e-10	primary	optimal
bound-20260916T061948Z	CNS:SNB-19	magnitude_g1.00	EX_anth_e	0.0	0.0	4.975444873906875e-09	primary	optimal
bound-20260916T061948Z	CNS:SNB-19	magnitude_g1.00	EX_arg__L_e	-0.35860938014000004	-0.3586094166264943	-0.3586093791481794	primary	optimal
bound-20260916T061948Z	CNS:SNB-19	magnitude_g1.00	EX_asn__L_e	-3.0485093123292892	-3.0485093488184605	-3.0485092377295295	primary	optimal
bound-20260916T061948Z	CNS:SNB-19	magnitude_g1.00	EX_asp__L_e	-0.55400972499246	-0.5540097614803543	-0.5540096875315459	primary	optimal
bound-20260916T061948Z	CNS:SNB-19	magnitude_g1.00	EX_bilirub_e	0.0	0.0	4.108945247684859e-10	primary	optimal
bound-20260916T061948Z	CNS:SNB-19	magnitude_g1.00	EX_cala_e	0.0	0.0	6.089532301887194e-10	primary	optimal
bound-20260916T061948Z	CNS:SNB-19	magnitude_g1.00	EX_chol_e	-0.17163760036100006	-0.17163763684837952	-0.17163759996148997	primary	optimal
bound-20260916T061948Z	CNS:SNB-19	magnitude_g1.00	EX_cholp_e	0.0	0.0	1.4157702711290498e-09	primary	optimal
bound-20260916T061948Z	CNS:SNB-19	magnitude_g1.00	EX_cit_e	0.0	0.0	4.209938838827204e-08	primary	optimal
bound-20260916T061948Z	CNS:SNB-19	magnitude_g1.00	EX_citr__L_e	0.0	0.0	9.950789756842133e-09	primary	optimal
bound-20260916T061948Z	CNS:SNB-19	magnitude_g1.00	EX_cmp_e	0.0	0.0	4.264661852885444e-10	primary	optimal
bound-20260916T061948Z	CNS:SNB-19	magnitude_g1.00	EX_crn_e	0.0	-1.7944478673879463e-08	-5.376796846066859e-16	primary	optimal
bound-20260916T061948Z	CNS:SNB-19	magnitude_g1.00	EX_cyst__L_e	0.0	0.0	1.1668713385437342e-09	primary	optimal
bound-20260916T061948Z	CNS:SNB-19	magnitude_g1.00	EX_cytd_e	0.0	0.0	4.279622962879001e-10	primary	optimal
bound-20260916T061948Z	CNS:SNB-19	magnitude_g1.00	EX_dad_2_e	0.0	0.0	1.9719019691071257e-10	primary	optimal
bound-20260916T061948Z	CNS:SNB-19	magnitude_g1.00	EX_dcmp_e	0.0	0.0	3.359913367469671e-10	primary	optimal
bound-20260916T061948Z	CNS:SNB-19	magnitude_g1.00	EX_dcyt_e	0.0	0.0	3.872595886794548e-10	primary	optimal
bound-20260916T061948Z	CNS:SNB-19	magnitude_g1.00	EX_dhap_e	0.0	0.0	1.4177186243682901e-09	primary	optimal
bound-20260916T061948Z	CNS:SNB-19	magnitude_g1.00	EX_dmgly_e	0.0	0.0	4.047476920257984e-09	primary	optimal
bound-20260916T061948Z	CNS:SNB-19	magnitude_g1.00	EX_duri_e	0.0	0.0	4.351042541159922e-10	primary	optimal
bound-20260916T061948Z	CNS:SNB-19	magnitude_g1.00	EX_ethamp_e	0.0	0.0	1.2845776814747893e-09	primary	optimal
bound-20260916T061948Z	CNS:SNB-19	magnitude_g1.00	EX_fol_e	0.0	-9.951188878792849e-08	2.0738757630665036e-15	primary	optimal
bound-20260916T061948Z	CNS:SNB-19	magnitude_g1.00	EX_fum_e	1.1348684717153743	1.1348674716580553	1.1348696609352928	primary	optimal
bound-20260916T061948Z	CNS:SNB-19	magnitude_g1.00	EX_g3pc_e	0.0	0.0	1.230556415810209e-09	primary	optimal
bound-20260916T061948Z	CNS:SNB-19	magnitude_g1.00	EX_glc__D_e	-3.809389979147787	-3.8093909896210194	-3.7024773971231433	primary	optimal
bound-20260916T061948Z	CNS:SNB-19	magnitude_g1.00	EX_glcur_e	0.0	0.0	1.28775423048242e-08	primary	optimal
bound-20260916T061948Z	CNS:SNB-19	magnitude_g1.00	EX_gln__L_e	-6.515604839641865	-6.51560487612869	-6.515604565987315	primary	optimal
bound-20260916T061948Z	CNS:SNB-19	magnitude_g1.00	EX_glu__L_e	-2.59675405115209	-2.5967544734609116	-2.596753926147006	primary	optimal
bound-20260916T061948Z	CNS:SNB-19	magnitude_g1.00	EX_gly_e	0.0	-1.5918163189565803e-07	4.7335938468589864e-08	primary	optimal
bound-20260916T061948Z	CNS:SNB-19	magnitude_g1.00	EX_glyald_e	0.0	0.0	1.3513667181568155e-08	primary	optimal
bound-20260916T061948Z	CNS:SNB-19	magnitude_g1.00	EX_glyb_e	0.0	0.0	8.108423825239845e-09	primary	optimal
bound-20260916T061948Z	CNS:SNB-19	magnitude_g1.00	EX_glyc3p_e	0.0	0.0	1.4176341644626914e-09	primary	optimal
bound-20260916T061948Z	CNS:SNB-19	magnitude_g1.00	EX_gmp_e	0.0	0.0	2.5331218027888143e-10	primary	optimal
bound-20260916T061948Z	CNS:SNB-19	magnitude_g1.00	EX_gthox_e	0.0	0.0	1.1644586032193877e-08	primary	optimal
bound-20260916T061948Z	CNS:SNB-19	magnitude_g1.00	EX_hcys__L_e	0.0	0.0	1.2377211775085835e-09	primary	optimal
bound-20260916T061948Z	CNS:SNB-19	magnitude_g1.00	EX_hom__L_e	0.0	0.0	0.0	primary	optimal
bound-20260916T061948Z	CNS:SNB-19	magnitude_g1.00	EX_hxan_e	0.0	0.0	3.0280830493708553e-10	primary	optimal
bound-20260916T061948Z	CNS:SNB-19	magnitude_g1.00	EX_icit_e	4.503998249304969	4.503997154716396	4.503998318046788	primary	optimal
bound-20260916T061948Z	CNS:SNB-19	magnitude_g1.00	EX_ile__L_e	-0.28555991274200004	-0.2855599492271902	-0.285559912742	primary	optimal
bound-20260916T061948Z	CNS:SNB-19	magnitude_g1.00	EX_imp_e	0.0	0.0	2.3274010047652683e-10	primary	optimal
bound-20260916T061948Z	CNS:SNB-19	magnitude_g1.00	EX_ins_e	0.0	0.0	2.3285479242915097e-10	primary	optimal
bound-20260916T061948Z	CNS:SNB-19	magnitude_g1.00	EX_lac__L_e	0.0	-1.654127949099842e-08	0.3207405585650625	primary	optimal
bound-20260916T061948Z	CNS:SNB-19	magnitude_g1.00	EX_lcts_e	0.0	0.0	1.3084492575782104e-09	primary	optimal
bound-20260916T061948Z	CNS:SNB-19	magnitude_g1.00	EX_leu__L_e	-0.544556019816	-0.5445560563039065	-0.544556019816	primary	optimal
bound-20260916T061948Z	CNS:SNB-19	magnitude_g1.00	EX_lys__L_e	-0.591041681546	-0.5910417197306259	-0.591041681546	primary	optimal
bound-20260916T061948Z	CNS:SNB-19	magnitude_g1.00	EX_mal__L_e	0.35925344960315764	0.3592522603782643	0.3592544495671149	primary	optimal
bound-20260916T061948Z	CNS:SNB-19	magnitude_g1.00	EX_met__L_e	-0.15274088440199998	-0.15274093622133997	-0.15274088440200395	primary	optimal
bound-20260916T061948Z	CNS:SNB-19	magnitude_g1.00	EX_nac_e	4.4611779037551854e-15	0.0	8.048705713474974e-09	primary	optimal
bound-20260916T061948Z	CNS:SNB-19	magnitude_g1.00	EX_ncam_e	0.0	-3.6488381718507736e-08	1.3392727291142711e-22	primary	optimal
bound-20260916T061948Z	CNS:SNB-19	magnitude_g1.00	EX_nicrnt_e	0.0	0.0	6.533973520987772e-10	primary	optimal
bound-20260916T061948Z	CNS:SNB-19	magnitude_g1.00	EX_orn_e	0.0	0.0	1.9504146292126176e-08	primary	optimal
bound-20260916T061948Z	CNS:SNB-19	magnitude_g1.00	EX_orot5p_e	0.0	0.0	3.528469034161923e-10	primary	optimal
bound-20260916T061948Z	CNS:SNB-19	magnitude_g1.00	EX_orot_e	0.0	0.0	7.128841072479902e-10	primary	optimal
bound-20260916T061948Z	CNS:SNB-19	magnitude_g1.00	EX_oxa_e	0.0	0.0	3.8575903091611235e-09	primary	optimal
bound-20260916T061948Z	CNS:SNB-19	magnitude_g1.00	EX_pep_e	0.0	0.0	1.6673246897482656e-09	primary	optimal
bound-20260916T061948Z	CNS:SNB-19	magnitude_g1.00	EX_phe__L_e	-0.258996107074	-0.25899614616834843	-0.258996107074	primary	optimal
bound-20260916T061948Z	CNS:SNB-19	magnitude_g1.00	EX_pnto__R_e	0.0	-3.648641855441579e-08	4.209877355952037e-08	primary	optimal
bound-20260916T061948Z	CNS:SNB-19	magnitude_g1.00	EX_pro__L_e	-0.411736991476	-0.4117370296608289	-0.4117369827974569	primary	optimal
bound-20260916T061948Z	CNS:SNB-19	magnitude_g1.00	EX_quln_e	0.0	0.0	3.2193987247051972e-09	primary	optimal
bound-20260916T061948Z	CNS:SNB-19	magnitude_g1.00	EX_sbt__D_e	0.0	0.0	0.0	primary	optimal
bound-20260916T061948Z	CNS:SNB-19	magnitude_g1.00	EX_ser__L_e	-1.3736820194645571	-1.5875071834835208	-1.3736800703719487	primary	optimal
bound-20260916T061948Z	CNS:SNB-19	magnitude_g1.00	EX_spmd_e	0.0	0.0	5.525574362948035e-10	primary	optimal
bound-20260916T061948Z	CNS:SNB-19	magnitude_g1.00	EX_sprm_e	0.0	0.0	2.8423090802289035e-10	primary	optimal
bound-20260916T061948Z	CNS:SNB-19	magnitude_g1.00	EX_srtn_e	0.0	0.0	7.989836396355311e-09	primary	optimal
bound-20260916T061948Z	CNS:SNB-19	magnitude_g1.00	EX_succ_e	3.09306217016347	3.093062141373026	3.09306217016347	primary	optimal
bound-20260916T061948Z	CNS:SNB-19	magnitude_g1.00	EX_sucr_e	0.0	0.0	0.0	primary	optimal
bound-20260916T061948Z	CNS:SNB-19	magnitude_g1.00	EX_taur_e	0.0	0.0	4.209963354026141e-08	primary	optimal
bound-20260916T061948Z	CNS:SNB-19	magnitude_g1.00	EX_tchola_e	0.0	0.0	1.1518409848180233e-09	primary	optimal
bound-20260916T061948Z	CNS:SNB-19	magnitude_g1.00	EX_thr__L_e	-0.31212371841000003	-0.3121237548980586	-0.31212371841000003	primary	optimal
bound-20260916T061948Z	CNS:SNB-19	magnitude_g1.00	EX_thym_e	0.0	0.0	4.747955024109623e-10	primary	optimal
bound-20260916T061948Z	CNS:SNB-19	magnitude_g1.00	EX_thymd_e	0.0	0.0	3.682422972078362e-10	primary	optimal
bound-20260916T061948Z	CNS:SNB-19	magnitude_g1.00	EX_trp__L_e	-0.013281902834000001	-0.013281939321518381	-0.013281902834000001	primary	optimal
bound-20260916T061948Z	CNS:SNB-19	magnitude_g1.00	EX_tyr__L_e	-0.15938183581899998	-0.15938187230474798	-0.1593817967252882	primary	optimal
bound-20260916T061948Z	CNS:SNB-19	magnitude_g1.00	EX_ump_e	0.0	0.0	2.4223261251579853e-10	primary	optimal
bound-20260916T061948Z	CNS:SNB-19	magnitude_g1.00	EX_ura_e	0.0	0.0	6.092781381162736e-10	primary	optimal
bound-20260916T061948Z	CNS:SNB-19	magnitude_g1.00	EX_urate_e	0.0	0.0	2.9623732168008686e-10	primary	optimal
bound-20260916T061948Z	CNS:SNB-19	magnitude_g1.00	EX_uri_e	0.0	0.0	4.2630872597131937e-10	primary	optimal
bound-20260916T061948Z	CNS:SNB-19	magnitude_g1.00	EX_val__L_e	-0.351968459975871	-0.3519684652091431	-0.35196842872299866	primary	optimal
bound-20260916T061948Z	CNS:SNB-19	magnitude_g1.00	EX_xan_e	0.0	0.0	2.7671389801828786e-10	primary	optimal
bound-20260916T061948Z	CNS:SNB-19	magnitude_g1.00	EX_xmp_e	0.0	0.0	2.3276969661863653e-10	primary	optimal
bound-20260916T061948Z	CNS:SNB-19	magnitude_g1.00	EX_xtsn_e	0.0	0.0	2.341503289335036e-10	primary	optimal
bound-20260916T061948Z	CNS:SNB-75	magnitude_g1.00	EX_2pg_e	0.0	0.0	1.7450721896826225e-10	primary	optimal
bound-20260916T061948Z	CNS:SNB-75	magnitude_g1.00	EX_34hpp_e	0.0	0.0	3.606549766996361e-09	primary	optimal
bound-20260916T061948Z	CNS:SNB-75	magnitude_g1.00	EX_3hanthrn_e	0.0	0.0	7.157009413269801e-10	primary	optimal
bound-20260916T061948Z	CNS:SNB-75	magnitude_g1.00	EX_3pg_e	0.0	0.0	8.999420194047578e-10	primary	optimal
bound-20260916T061948Z	CNS:SNB-75	magnitude_g1.00	EX_4abut_e	0.0	0.0	1.7865874908987467e-09	primary	optimal
bound-20260916T061948Z	CNS:SNB-75	magnitude_g1.00	EX_4hbz_e	0.0	0.0	5.578191016413426e-10	primary	optimal
bound-20260916T061948Z	CNS:SNB-75	magnitude_g1.00	EX_L2aadp_e	0.0	0.0	7.673632247435162e-10	primary	optimal
bound-20260916T061948Z	CNS:SNB-75	magnitude_g1.00	EX_Lkynr_e	0.0	0.0	1.4249423711166478e-09	primary	optimal
bound-20260916T061948Z	CNS:SNB-75	magnitude_g1.00	EX_acac_e	0.0	0.0	3.6041439583974246e-09	primary	optimal
bound-20260916T061948Z	CNS:SNB-75	magnitude_g1.00	EX_ade_e	0.0	0.0	3.216113279071739e-11	primary	optimal
bound-20260916T061948Z	CNS:SNB-75	magnitude_g1.00	EX_adn_e	0.0	0.0	2.6948345583304338e-11	primary	optimal
bound-20260916T061948Z	CNS:SNB-75	magnitude_g1.00	EX_ahcys_e	0.0	0.0	2.6851887093535e-11	primary	optimal
bound-20260916T061948Z	CNS:SNB-75	magnitude_g1.00	EX_akg_e	0.0	0.0	7.218615482128558e-09	primary	optimal
bound-20260916T061948Z	CNS:SNB-75	magnitude_g1.00	EX_ala__L_e	0.0232433299595	0.023243322602496345	0.023243701231930817	primary	optimal
bound-20260916T061948Z	CNS:SNB-75	magnitude_g1.00	EX_amp_e	0.0	0.0	2.7051247501243358e-11	primary	optimal
bound-20260916T061948Z	CNS:SNB-75	magnitude_g1.00	EX_anth_e	0.0	0.0	8.943316760144044e-10	primary	optimal
bound-20260916T061948Z	CNS:SNB-75	magnitude_g1.00	EX_arg__L_e	-0.35860938014000004	-0.3586093871761971	-0.35860937999916126	primary	optimal
bound-20260916T061948Z	CNS:SNB-75	magnitude_g1.00	EX_asn__L_e	-2.9427779156862717	-2.942777948070695	-2.9427779069391375	primary	optimal
bound-20260916T061948Z	CNS:SNB-75	magnitude_g1.00	EX_asp__L_e	-0.484380089036181	-0.4843800979601815	-0.48438008384876546	primary	optimal
bound-20260916T061948Z	CNS:SNB-75	magnitude_g1.00	EX_bilirub_e	0.0	0.0	8.499796543534075e-11	primary	optimal
bound-20260916T061948Z	CNS:SNB-75	magnitude_g1.00	EX_cala_e	0.0	0.0	7.164360375399037e-11	primary	optimal
bound-20260916T061948Z	CNS:SNB-75	magnitude_g1.00	EX_chol_e	-0.17163760036100006	-0.17163760739634726	-0.17163760030878228	primary	optimal
bound-20260916T061948Z	CNS:SNB-75	magnitude_g1.00	EX_cholp_e	0.0	0.0	1.5903496489269677e-10	primary	optimal
bound-20260916T061948Z	CNS:SNB-75	magnitude_g1.00	EX_cit_e	0.0	0.0	7.221662522619826e-09	primary	optimal
bound-20260916T061948Z	CNS:SNB-75	magnitude_g1.00	EX_citr__L_e	0.0	0.0	1.7813459020352967e-09	primary	optimal
bound-20260916T061948Z	CNS:SNB-75	magnitude_g1.00	EX_cmp_e	0.0	0.0	5.082727783017389e-11	primary	optimal
bound-20260916T061948Z	CNS:SNB-75	magnitude_g1.00	EX_crn_e	0.0	-3.5807397841003256e-09	-1.4679141594587813e-15	primary	optimal
bound-20260916T061948Z	CNS:SNB-75	magnitude_g1.00	EX_cyst__L_e	0.0	0.0	1.5340904054018296e-10	primary	optimal
bound-20260916T061948Z	CNS:SNB-75	magnitude_g1.00	EX_cytd_e	0.0	0.0	5.047619016999374e-11	primary	optimal
bound-20260916T061948Z	CNS:SNB-75	magnitude_g1.00	EX_dad_2_e	0.0	0.0	2.7149351261820902e-11	primary	optimal
bound-20260916T061948Z	CNS:SNB-75	magnitude_g1.00	EX_dcmp_e	0.0	0.0	3.9146818228194187e-11	primary	optimal
bound-20260916T061948Z	CNS:SNB-75	magnitude_g1.00	EX_dcyt_e	0.0	0.0	4.672322744028864e-11	primary	optimal
bound-20260916T061948Z	CNS:SNB-75	magnitude_g1.00	EX_dhap_e	0.0	0.0	1.5908023673185574e-10	primary	optimal
bound-20260916T061948Z	CNS:SNB-75	magnitude_g1.00	EX_dmgly_e	0.0	0.0	7.575858287482732e-10	primary	optimal
bound-20260916T061948Z	CNS:SNB-75	magnitude_g1.00	EX_duri_e	0.0	0.0	5.1532624741795053e-11	primary	optimal
bound-20260916T061948Z	CNS:SNB-75	magnitude_g1.00	EX_ethamp_e	0.0	0.0	1.4912114077488815e-10	primary	optimal
bound-20260916T061948Z	CNS:SNB-75	magnitude_g1.00	EX_fol_e	0.0	-7.035619328515672e-09	7.491712909322269e-17	primary	optimal
bound-20260916T061948Z	CNS:SNB-75	magnitude_g1.00	EX_fum_e	0.9072634457592559	0.9072629352317131	0.9072634924536445	primary	optimal
bound-20260916T061948Z	CNS:SNB-75	magnitude_g1.00	EX_g3pc_e	0.0	0.0	1.3265866318603746e-10	primary	optimal
bound-20260916T061948Z	CNS:SNB-75	magnitude_g1.00	EX_glc__D_e	-3.6988498524942925	-3.6988498665644007	-3.698849675609573	primary	optimal
bound-20260916T061948Z	CNS:SNB-75	magnitude_g1.00	EX_glcur_e	0.0	0.0	2.385252720464168e-09	primary	optimal
bound-20260916T061948Z	CNS:SNB-75	magnitude_g1.00	EX_gln__L_e	-5.833167292250656	-5.833167317758557	-5.833167231202459	primary	optimal
bound-20260916T061948Z	CNS:SNB-75	magnitude_g1.00	EX_glu__L_e	-3.6450894865877776	-3.6450895152554237	-3.6450894571798855	primary	optimal
bound-20260916T061948Z	CNS:SNB-75	magnitude_g1.00	EX_gly_e	0.0	-1.0004119289510776e-08	2.3715376177000046e-08	primary	optimal
bound-20260916T061948Z	CNS:SNB-75	magnitude_g1.00	EX_glyald_e	0.0	0.0	2.3904099361753315e-09	primary	optimal
bound-20260916T061948Z	CNS:SNB-75	magnitude_g1.00	EX_glyb_e	0.0	0.0	1.4397238974712672e-09	primary	optimal
bound-20260916T061948Z	CNS:SNB-75	magnitude_g1.00	EX_glyc3p_e	0.0	0.0	1.590381346356494e-10	primary	optimal
bound-20260916T061948Z	CNS:SNB-75	magnitude_g1.00	EX_gmp_e	0.0	0.0	2.7209011810066026e-11	primary	optimal
bound-20260916T061948Z	CNS:SNB-75	magnitude_g1.00	EX_gthox_e	0.0	0.0	2.04339829064178e-09	primary	optimal
bound-20260916T061948Z	CNS:SNB-75	magnitude_g1.00	EX_hcys__L_e	0.0	0.0	1.6259893288394347e-10	primary	optimal
bound-20260916T061948Z	CNS:SNB-75	magnitude_g1.00	EX_hom__L_e	0.0	0.0	0.0	primary	optimal
bound-20260916T061948Z	CNS:SNB-75	magnitude_g1.00	EX_hxan_e	0.0	0.0	3.444502535473084e-11	primary	optimal
bound-20260916T061948Z	CNS:SNB-75	magnitude_g1.00	EX_icit_e	4.267650693578234	4.267650037088933	4.267650965791449	primary	optimal
bound-20260916T061948Z	CNS:SNB-75	magnitude_g1.00	EX_ile__L_e	-0.28555991274200004	-0.2855599197785488	-0.285559912742	primary	optimal
bound-20260916T061948Z	CNS:SNB-75	magnitude_g1.00	EX_imp_e	0.0	0.0	2.655664173350071e-11	primary	optimal
bound-20260916T061948Z	CNS:SNB-75	magnitude_g1.00	EX_ins_e	0.0	0.0	2.6839110717074215e-11	primary	optimal
bound-20260916T061948Z	CNS:SNB-75	magnitude_g1.00	EX_lac__L_e	0.0	-2.5398834623293065e-09	5.57224562734446e-07	primary	optimal
bound-20260916T061948Z	CNS:SNB-75	magnitude_g1.00	EX_lcts_e	0.0	0.0	1.4921979707704077e-10	primary	optimal
bound-20260916T061948Z	CNS:SNB-75	magnitude_g1.00	EX_leu__L_e	-0.5445560198160003	-0.5445560268480688	-0.5445560198160003	primary	optimal
bound-20260916T061948Z	CNS:SNB-75	magnitude_g1.00	EX_lys__L_e	-0.5910416815460001	-0.59104168870102	-0.5910416815460001	primary	optimal
bound-20260916T061948Z	CNS:SNB-75	magnitude_g1.00	EX_mal__L_e	0.0	0.0	5.572493177674909e-07	primary	optimal
bound-20260916T061948Z	CNS:SNB-75	magnitude_g1.00	EX_met__L_e	-0.15274088440199998	-0.15274089679021766	-0.15274088440199998	primary	optimal
bound-20260916T061948Z	CNS:SNB-75	magnitude_g1.00	EX_nac_e	3.7511085673844383e-16	0.0	1.0237930624528954e-09	primary	optimal
bound-20260916T061948Z	CNS:SNB-75	magnitude_g1.00	EX_ncam_e	0.0	-7.03632286801909e-09	0.0	primary	optimal
bound-20260916T061948Z	CNS:SNB-75	magnitude_g1.00	EX_nicrnt_e	0.0	0.0	7.699431488050257e-11	primary	optimal
bound-20260916T061948Z	CNS:SNB-75	magnitude_g1.00	EX_orn_e	0.0	0.0	4.957540451213504e-09	primary	optimal
bound-20260916T061948Z	CNS:SNB-75	magnitude_g1.00	EX_orot5p_e	0.0	0.0	4.045899070260236e-11	primary	optimal
bound-20260916T061948Z	CNS:SNB-75	magnitude_g1.00	EX_orot_e	0.0	0.0	7.958420041698217e-11	primary	optimal
bound-20260916T061948Z	CNS:SNB-75	magnitude_g1.00	EX_oxa_e	0.0	0.0	6.86192769581612e-10	primary	optimal
bound-20260916T061948Z	CNS:SNB-75	magnitude_g1.00	EX_pep_e	0.0	0.0	1.8495177739029543e-10	primary	optimal
bound-20260916T061948Z	CNS:SNB-75	magnitude_g1.00	EX_phe__L_e	-0.258996107074	-0.2589961142003418	-0.258996107074	primary	optimal
bound-20260916T061948Z	CNS:SNB-75	magnitude_g1.00	EX_pnto__R_e	0.0	-7.034249457190935e-09	7.217966249305054e-09	primary	optimal
bound-20260916T061948Z	CNS:SNB-75	magnitude_g1.00	EX_pro__L_e	-0.411736991476	-0.41173700040510575	-0.4117369899056032	primary	optimal
bound-20260916T061948Z	CNS:SNB-75	magnitude_g1.00	EX_quln_e	0.0	0.0	6.746594758659978e-10	primary	optimal
bound-20260916T061948Z	CNS:SNB-75	magnitude_g1.00	EX_sbt__D_e	0.0	0.0	0.0	primary	optimal
bound-20260916T061948Z	CNS:SNB-75	magnitude_g1.00	EX_ser__L_e	-1.3002128817357719	-1.3002132665881183	-1.3002128737555028	primary	optimal
bound-20260916T061948Z	CNS:SNB-75	magnitude_g1.00	EX_spmd_e	0.0	0.0	7.159321301503108e-11	primary	optimal
bound-20260916T061948Z	CNS:SNB-75	magnitude_g1.00	EX_sprm_e	0.0	0.0	3.634761776989868e-11	primary	optimal
bound-20260916T061948Z	CNS:SNB-75	magnitude_g1.00	EX_srtn_e	0.0	0.0	1.428812279664614e-09	primary	optimal
bound-20260916T061948Z	CNS:SNB-75	magnitude_g1.00	EX_succ_e	3.0761290322580646	3.0761290138068915	3.0761290322580646	primary	optimal
bound-20260916T061948Z	CNS:SNB-75	magnitude_g1.00	EX_sucr_e	0.0	0.0	0.0	primary	optimal
bound-20260916T061948Z	CNS:SNB-75	magnitude_g1.00	EX_taur_e	0.0	0.0	7.217942324610305e-09	primary	optimal
bound-20260916T061948Z	CNS:SNB-75	magnitude_g1.00	EX_tchola_e	0.0	0.0	1.492379401084322e-10	primary	optimal
bound-20260916T061948Z	CNS:SNB-75	magnitude_g1.00	EX_thr__L_e	-0.31212371841000003	-0.3121237254451279	-0.31212371841000003	primary	optimal
bound-20260916T061948Z	CNS:SNB-75	magnitude_g1.00	EX_thym_e	0.0	0.0	5.89828339312555e-11	primary	optimal
bound-20260916T061948Z	CNS:SNB-75	magnitude_g1.00	EX_thymd_e	0.0	0.0	4.4166825680319455e-11	primary	optimal
bound-20260916T061948Z	CNS:SNB-75	magnitude_g1.00	EX_trp__L_e	-0.013281902834000001	-0.013281909868695789	-0.013281902834000001	primary	optimal
bound-20260916T061948Z	CNS:SNB-75	magnitude_g1.00	EX_tyr__L_e	-0.15938183581899998	-0.15938184285460621	-0.15938182869452375	primary	optimal
bound-20260916T061948Z	CNS:SNB-75	magnitude_g1.00	EX_ump_e	0.0	0.0	3.212573149390014e-11	primary	optimal
bound-20260916T061948Z	CNS:SNB-75	magnitude_g1.00	EX_ura_e	0.0	0.0	7.311743538553602e-11	primary	optimal
bound-20260916T061948Z	CNS:SNB-75	magnitude_g1.00	EX_urate_e	0.0	0.0	3.1974809925705343e-11	primary	optimal
bound-20260916T061948Z	CNS:SNB-75	magnitude_g1.00	EX_uri_e	0.0	0.0	5.085107039868247e-11	primary	optimal
bound-20260916T061948Z	CNS:SNB-75	magnitude_g1.00	EX_val__L_e	-0.35196843575874553	-0.3519684357575132	-0.351968428723	primary	optimal
bound-20260916T061948Z	CNS:SNB-75	magnitude_g1.00	EX_xan_e	0.0	0.0	3.179265910335472e-11	primary	optimal
bound-20260916T061948Z	CNS:SNB-75	magnitude_g1.00	EX_xmp_e	0.0	0.0	2.6789289969698212e-11	primary	optimal
bound-20260916T061948Z	CNS:SNB-75	magnitude_g1.00	EX_xtsn_e	0.0	0.0	2.689441546166433e-11	primary	optimal
bound-20260916T061948Z	CNS:U251	magnitude_g1.00	EX_2pg_e	0.0	0.0	1.7181503552644312e-09	primary	optimal
bound-20260916T061948Z	CNS:U251	magnitude_g1.00	EX_34hpp_e	0.0	0.0	2.09315907409389e-08	primary	optimal
bound-20260916T061948Z	CNS:U251	magnitude_g1.00	EX_3hanthrn_e	0.0	0.0	3.986899313202539e-09	primary	optimal
bound-20260916T061948Z	CNS:U251	magnitude_g1.00	EX_3pg_e	0.0	0.0	5.085848665393618e-09	primary	optimal
bound-20260916T061948Z	CNS:U251	magnitude_g1.00	EX_4abut_e	0.0	0.0	1.0234648404679497e-08	primary	optimal
bound-20260916T061948Z	CNS:U251	magnitude_g1.00	EX_4hbz_e	0.0	0.0	2.5457554580265887e-09	primary	optimal
bound-20260916T061948Z	CNS:U251	magnitude_g1.00	EX_L2aadp_e	0.0	0.0	4.189804279306165e-09	primary	optimal
bound-20260916T061948Z	CNS:U251	magnitude_g1.00	EX_Lkynr_e	0.0	0.0	7.830376698894958e-09	primary	optimal
bound-20260916T061948Z	CNS:U251	magnitude_g1.00	EX_acac_e	0.0	0.0	1.3615393103692431e-08	primary	optimal
bound-20260916T061948Z	CNS:U251	magnitude_g1.00	EX_ade_e	0.0	0.0	2.4423591563051447e-10	primary	optimal
bound-20260916T061948Z	CNS:U251	magnitude_g1.00	EX_adn_e	0.0	0.0	2.0947663598761838e-10	primary	optimal
bound-20260916T061948Z	CNS:U251	magnitude_g1.00	EX_ahcys_e	0.0	0.0	2.0847866508690867e-10	primary	optimal
bound-20260916T061948Z	CNS:U251	magnitude_g1.00	EX_akg_e	0.0	0.0	9.894742932099276e-08	primary	optimal
bound-20260916T061948Z	CNS:U251	magnitude_g1.00	EX_ala__L_e	0.0232433299595	0.023243288096924372	0.8308698430552101	primary	optimal
bound-20260916T061948Z	CNS:U251	magnitude_g1.00	EX_amp_e	0.0	0.0	2.1053261059828724e-10	primary	optimal
bound-20260916T061948Z	CNS:U251	magnitude_g1.00	EX_anth_e	0.0	0.0	4.947383877298482e-09	primary	optimal
bound-20260916T061948Z	CNS:U251	magnitude_g1.00	EX_arg__L_e	-0.35860938014000004	-0.35860941641828786	-0.3586093791460677	primary	optimal
bound-20260916T061948Z	CNS:U251	magnitude_g1.00	EX_asn__L_e	-2.76475239797739	-2.7647526413423	-2.764752247480223	primary	optimal
bound-20260916T061948Z	CNS:U251	magnitude_g1.00	EX_asp__L_e	-0.5723993290963809	-0.5723994747474872	-0.5723993081656876	primary	optimal
bound-20260916T061948Z	CNS:U251	magnitude_g1.00	EX_bilirub_e	0.0	0.0	4.1788259645622163e-10	primary	optimal
bound-20260916T061948Z	CNS:U251	magnitude_g1.00	EX_cala_e	0.0	0.0	6.283871832161892e-10	primary	optimal
bound-20260916T061948Z	CNS:U251	magnitude_g1.00	EX_chol_e	-0.17163760036099998	-0.17163763664185433	-0.1716375999540952	primary	optimal
bound-20260916T061948Z	CNS:U251	magnitude_g1.00	EX_cholp_e	0.0	0.0	1.467909282748506e-09	primary	optimal
bound-20260916T061948Z	CNS:U251	magnitude_g1.00	EX_cit_e	0.0	0.0	4.185942269457149e-08	primary	optimal
bound-20260916T061948Z	CNS:U251	magnitude_g1.00	EX_citr__L_e	0.0	0.0	9.89490951885862e-09	primary	optimal
bound-20260916T061948Z	CNS:U251	magnitude_g1.00	EX_cmp_e	0.0	0.0	4.407580319314623e-10	primary	optimal
bound-20260916T061948Z	CNS:U251	magnitude_g1.00	EX_crn_e	0.0	-1.784428795479003e-08	9.600845364647232e-17	primary	optimal
bound-20260916T061948Z	CNS:U251	magnitude_g1.00	EX_cyst__L_e	0.0	0.0	1.1681386325446315e-09	primary	optimal
bound-20260916T061948Z	CNS:U251	magnitude_g1.00	EX_cytd_e	0.0	0.0	4.447540057684024e-10	primary	optimal
bound-20260916T061948Z	CNS:U251	magnitude_g1.00	EX_dad_2_e	0.0	0.0	2.063796146628843e-10	primary	optimal
bound-20260916T061948Z	CNS:U251	magnitude_g1.00	EX_dcmp_e	0.0	0.0	3.4785518404017677e-10	primary	optimal
bound-20260916T061948Z	CNS:U251	magnitude_g1.00	EX_dcyt_e	0.0	0.0	3.9877784929237457e-10	primary	optimal
bound-20260916T061948Z	CNS:U251	magnitude_g1.00	EX_dhap_e	0.0	0.0	1.4698349036651118e-09	primary	optimal
bound-20260916T061948Z	CNS:U251	magnitude_g1.00	EX_dmgly_e	0.0	0.0	3.973205378639191e-09	primary	optimal
bound-20260916T061948Z	CNS:U251	magnitude_g1.00	EX_duri_e	0.0	0.0	4.2708838180116634e-10	primary	optimal
bound-20260916T061948Z	CNS:U251	magnitude_g1.00	EX_ethamp_e	0.0	0.0	1.326602572888126e-09	primary	optimal
bound-20260916T061948Z	CNS:U251	magnitude_g1.00	EX_fol_e	2.5056195366018593e-16	-9.895333170762246e-08	3.356804279531078e-16	primary	optimal
bound-20260916T061948Z	CNS:U251	magnitude_g1.00	EX_fum_e	0.9996058927622511	0.9996048926592258	0.9996076502949016	primary	optimal
bound-20260916T061948Z	CNS:U251	magnitude_g1.00	EX_g3pc_e	0.0	0.0	1.3028898896298205e-09	primary	optimal
bound-20260916T061948Z	CNS:U251	magnitude_g1.00	EX_glc__D_e	-3.698869459673851	-3.6988704636914513	-3.4243859685683864	primary	optimal
bound-20260916T061948Z	CNS:U251	magnitude_g1.00	EX_glcur_e	0.0	0.0	1.2804127469578722e-08	primary	optimal
bound-20260916T061948Z	CNS:U251	magnitude_g1.00	EX_gln__L_e	-6.378845208158751	-6.3788453538144765	-6.378844936049425	primary	optimal
bound-20260916T061948Z	CNS:U251	magnitude_g1.00	EX_glu__L_e	-3.3489971880835783	-3.348997607280942	-3.3489970630812547	primary	optimal
bound-20260916T061948Z	CNS:U251	magnitude_g1.00	EX_gly_e	0.0	-3.211600888310369e-07	4.090010595085611e-08	primary	optimal
bound-20260916T061948Z	CNS:U251	magnitude_g1.00	EX_glyald_e	0.0	0.0	1.3437450469423306e-08	primary	optimal
bound-20260916T061948Z	CNS:U251	magnitude_g1.00	EX_glyb_e	0.0	0.0	8.062437401628519e-09	primary	optimal
bound-20260916T061948Z	CNS:U251	magnitude_g1.00	EX_glyc3p_e	0.0	0.0	1.469871103865015e-09	primary	optimal
bound-20260916T061948Z	CNS:U251	magnitude_g1.00	EX_gmp_e	0.0	0.0	2.726082928679024e-10	primary	optimal
bound-20260916T061948Z	CNS:U251	magnitude_g1.00	EX_gthox_e	0.0	0.0	1.1578631371877172e-08	primary	optimal
bound-20260916T061948Z	CNS:U251	magnitude_g1.00	EX_hcys__L_e	0.0	0.0	1.256723175381496e-09	primary	optimal
bound-20260916T061948Z	CNS:U251	magnitude_g1.00	EX_hom__L_e	0.0	0.0	0.0	primary	optimal
bound-20260916T061948Z	CNS:U251	magnitude_g1.00	EX_hxan_e	0.0	0.0	3.39904942395974e-10	primary	optimal
bound-20260916T061948Z	CNS:U251	magnitude_g1.00	EX_icit_e	4.3741485625327385	4.374147474092469	4.374148659294665	primary	optimal
bound-20260916T061948Z	CNS:U251	magnitude_g1.00	EX_ile__L_e	-0.28555991274200004	-0.285559949021675	-0.28555991274200015	primary	optimal
bound-20260916T061948Z	CNS:U251	magnitude_g1.00	EX_imp_e	0.0	0.0	2.413744495672794e-10	primary	optimal
bound-20260916T061948Z	CNS:U251	magnitude_g1.00	EX_ins_e	0.0	0.0	2.4287561700090255e-10	primary	optimal
bound-20260916T061948Z	CNS:U251	magnitude_g1.00	EX_lac__L_e	0.0	-1.6622293294337883e-08	0.8234513162092134	primary	optimal
bound-20260916T061948Z	CNS:U251	magnitude_g1.00	EX_lcts_e	0.0	0.0	1.0497439376461793e-09	primary	optimal
bound-20260916T061948Z	CNS:U251	magnitude_g1.00	EX_leu__L_e	-0.544556019816	-0.5445560560964832	-0.544556019816	primary	optimal
bound-20260916T061948Z	CNS:U251	magnitude_g1.00	EX_lys__L_e	-0.591041681546	-0.5910417195138046	-0.5910416815459819	primary	optimal
bound-20260916T061948Z	CNS:U251	magnitude_g1.00	EX_mal__L_e	0.14637519713479327	0.14637402038304465	0.146376197228941	primary	optimal
bound-20260916T061948Z	CNS:U251	magnitude_g1.00	EX_met__L_e	-0.15274088440199998	-0.15274092862818445	-0.15274088440199998	primary	optimal
bound-20260916T061948Z	CNS:U251	magnitude_g1.00	EX_nac_e	9.913728675011524e-16	0.0	8.002792269931135e-09	primary	optimal
bound-20260916T061948Z	CNS:U251	magnitude_g1.00	EX_ncam_e	0.0	-3.628072420405475e-08	-6.69638198599262e-22	primary	optimal
bound-20260916T061948Z	CNS:U251	magnitude_g1.00	EX_nicrnt_e	0.0	0.0	6.751688805050148e-10	primary	optimal
bound-20260916T061948Z	CNS:U251	magnitude_g1.00	EX_orn_e	0.0	0.0	1.8259085410963236e-08	primary	optimal
bound-20260916T061948Z	CNS:U251	magnitude_g1.00	EX_orot5p_e	0.0	0.0	3.661042897233321e-10	primary	optimal
bound-20260916T061948Z	CNS:U251	magnitude_g1.00	EX_orot_e	0.0	0.0	7.403694785746982e-10	primary	optimal
bound-20260916T061948Z	CNS:U251	magnitude_g1.00	EX_oxa_e	0.0	0.0	3.9324791652097006e-09	primary	optimal
bound-20260916T061948Z	CNS:U251	magnitude_g1.00	EX_pep_e	0.0	0.0	1.7420477640803243e-09	primary	optimal
bound-20260916T061948Z	CNS:U251	magnitude_g1.00	EX_phe__L_e	-0.258996107074	-0.2589961459467946	-0.258996107074	primary	optimal
bound-20260916T061948Z	CNS:U251	magnitude_g1.00	EX_pnto__R_e	0.0	-3.6280442463994385e-08	4.186434283075356e-08	primary	optimal
bound-20260916T061948Z	CNS:U251	magnitude_g1.00	EX_pro__L_e	-0.411736991476	-0.41173702944367635	-0.4117369830781286	primary	optimal
bound-20260916T061948Z	CNS:U251	magnitude_g1.00	EX_quln_e	0.0	0.0	3.2012571299956213e-09	primary	optimal
bound-20260916T061948Z	CNS:U251	magnitude_g1.00	EX_sbt__D_e	0.0	0.0	0.0	primary	optimal
bound-20260916T061948Z	CNS:U251	magnitude_g1.00	EX_ser__L_e	-1.6461317327994134	-2.195098969885801	-1.6461297247715048	primary	optimal
bound-20260916T061948Z	CNS:U251	magnitude_g1.00	EX_spmd_e	0.0	0.0	5.646585218482558e-10	primary	optimal
bound-20260916T061948Z	CNS:U251	magnitude_g1.00	EX_sprm_e	0.0	0.0	2.9040598882894785e-10	primary	optimal
bound-20260916T061948Z	CNS:U251	magnitude_g1.00	EX_srtn_e	0.0	0.0	7.945115087282531e-09	primary	optimal
bound-20260916T061948Z	CNS:U251	magnitude_g1.00	EX_succ_e	3.039304708781943	3.0393046869610654	3.039304708781943	primary	optimal
bound-20260916T061948Z	CNS:U251	magnitude_g1.00	EX_sucr_e	0.0	0.0	0.0	primary	optimal
bound-20260916T061948Z	CNS:U251	magnitude_g1.00	EX_taur_e	0.0	0.0	4.186226592523589e-08	primary	optimal
bound-20260916T061948Z	CNS:U251	magnitude_g1.00	EX_tchola_e	0.0	0.0	1.0129603223693592e-09	primary	optimal
bound-20260916T061948Z	CNS:U251	magnitude_g1.00	EX_thr__L_e	-0.31212371841000003	-0.3121237546912529	-0.3121237184100203	primary	optimal
bound-20260916T061948Z	CNS:U251	magnitude_g1.00	EX_thym_e	0.0	0.0	4.886877550497884e-10	primary	optimal
bound-20260916T061948Z	CNS:U251	magnitude_g1.00	EX_thymd_e	0.0	0.0	3.801899243833277e-10	primary	optimal
bound-20260916T061948Z	CNS:U251	magnitude_g1.00	EX_trp__L_e	-0.013281902834000001	-0.013281939115627828	-0.013281902834000001	primary	optimal
bound-20260916T061948Z	CNS:U251	magnitude_g1.00	EX_tyr__L_e	-0.15938183581899998	-0.1593818720991378	-0.15938179694760612	primary	optimal
bound-20260916T061948Z	CNS:U251	magnitude_g1.00	EX_ump_e	0.0	0.0	2.4591526960852787e-10	primary	optimal
bound-20260916T061948Z	CNS:U251	magnitude_g1.00	EX_ura_e	0.0	0.0	6.287370859766205e-10	primary	optimal
bound-20260916T061948Z	CNS:U251	magnitude_g1.00	EX_urate_e	0.0	0.0	2.847995110814847e-10	primary	optimal
bound-20260916T061948Z	CNS:U251	magnitude_g1.00	EX_uri_e	0.0	0.0	4.405367586211686e-10	primary	optimal
bound-20260916T061948Z	CNS:U251	magnitude_g1.00	EX_val__L_e	-0.35196845997486387	-0.3519684650033007	-0.3519684287229998	primary	optimal
bound-20260916T061948Z	CNS:U251	magnitude_g1.00	EX_xan_e	0.0	0.0	2.8495613123521153e-10	primary	optimal
bound-20260916T061948Z	CNS:U251	magnitude_g1.00	EX_xmp_e	0.0	0.0	2.3999106830653544e-10	primary	optimal
bound-20260916T061948Z	CNS:U251	magnitude_g1.00	EX_xtsn_e	0.0	0.0	2.414902146042476e-10	primary	optimal
bound-20260916T061948Z	CO:COLO 205	magnitude_g1.00	EX_2pg_e	0.0	0.0	9.545570428018704e-11	primary	optimal
bound-20260916T061948Z	CO:COLO 205	magnitude_g1.00	EX_34hpp_e	0.0	0.0	1.0410497759710684e-09	primary	optimal
bound-20260916T061948Z	CO:COLO 205	magnitude_g1.00	EX_3hanthrn_e	0.0	0.0	5.181669146174504e-10	primary	optimal
bound-20260916T061948Z	CO:COLO 205	magnitude_g1.00	EX_3pg_e	0.0	0.0	3.4666036495497846e-10	primary	optimal
bound-20260916T061948Z	CO:COLO 205	magnitude_g1.00	EX_4abut_e	0.0	0.0	5.186582445068517e-10	primary	optimal
bound-20260916T061948Z	CO:COLO 205	magnitude_g1.00	EX_4hbz_e	0.0	0.0	1.6623041854622487e-10	primary	optimal
bound-20260916T061948Z	CO:COLO 205	magnitude_g1.00	EX_L2aadp_e	0.0	0.0	2.6026258934996585e-10	primary	optimal
bound-20260916T061948Z	CO:COLO 205	magnitude_g1.00	EX_Lkynr_e	0.0	0.0	4.148694657575045e-10	primary	optimal
bound-20260916T061948Z	CO:COLO 205	magnitude_g1.00	EX_acac_e	0.0	0.0	7.389949561729001e-10	primary	optimal
bound-20260916T061948Z	CO:COLO 205	magnitude_g1.00	EX_ade_e	0.0	0.0	1.3152253727165251e-11	primary	optimal
bound-20260916T061948Z	CO:COLO 205	magnitude_g1.00	EX_adn_e	0.0	0.0	1.1428893298973292e-11	primary	optimal
bound-20260916T061948Z	CO:COLO 205	magnitude_g1.00	EX_ahcys_e	0.0	0.0	9.936642528080123e-12	primary	optimal
bound-20260916T061948Z	CO:COLO 205	magnitude_g1.00	EX_akg_e	0.0	0.0	5.08119020629482e-09	primary	optimal
bound-20260916T061948Z	CO:COLO 205	magnitude_g1.00	EX_ala__L_e	0.0232433299595	0.02324332787785827	1.143998376195658	primary	optimal
bound-20260916T061948Z	CO:COLO 205	magnitude_g1.00	EX_amp_e	0.0	0.0	1.1542845444421204e-11	primary	optimal
bound-20260916T061948Z	CO:COLO 205	magnitude_g1.00	EX_anth_e	0.0	0.0	2.59677028534584e-10	primary	optimal
bound-20260916T061948Z	CO:COLO 205	magnitude_g1.00	EX_arg__L_e	-0.35860938014000004	-0.35860938220634636	-0.3586093800840088	primary	optimal
bound-20260916T061948Z	CO:COLO 205	magnitude_g1.00	EX_asn__L_e	-2.9375936097385895	-2.937593734140522	-2.937592543082945	primary	optimal
bound-20260916T061948Z	CO:COLO 205	magnitude_g1.00	EX_asp__L_e	-0.6315233465277658	-0.6315233519545598	-0.6315232967620448	primary	optimal
bound-20260916T061948Z	CO:COLO 205	magnitude_g1.00	EX_bilirub_e	0.0	0.0	2.9629990456157953e-10	primary	optimal
bound-20260916T061948Z	CO:COLO 205	magnitude_g1.00	EX_cala_e	0.0	-3.462124838132325e-10	3.185580623128257e-11	primary	optimal
bound-20260916T061948Z	CO:COLO 205	magnitude_g1.00	EX_chol_e	-0.17163760036099981	-0.17163760243051396	-0.17163760034041514	primary	optimal
bound-20260916T061948Z	CO:COLO 205	magnitude_g1.00	EX_cholp_e	0.0	0.0	8.065035484882529e-11	primary	optimal
bound-20260916T061948Z	CO:COLO 205	magnitude_g1.00	EX_cit_e	0.0	0.0	2.0824141032212697e-09	primary	optimal
bound-20260916T061948Z	CO:COLO 205	magnitude_g1.00	EX_citr__L_e	0.0	0.0	5.193805624097276e-10	primary	optimal
bound-20260916T061948Z	CO:COLO 205	magnitude_g1.00	EX_cmp_e	0.0	0.0	2.4162276934856454e-11	primary	optimal
bound-20260916T061948Z	CO:COLO 205	magnitude_g1.00	EX_crn_e	-2.349698979242053e-18	-1.03832304661644e-09	-1.4068125782410124e-15	primary	optimal
bound-20260916T061948Z	CO:COLO 205	magnitude_g1.00	EX_cyst__L_e	0.0	0.0	6.010397791758734e-11	primary	optimal
bound-20260916T061948Z	CO:COLO 205	magnitude_g1.00	EX_cytd_e	0.0	0.0	2.389447686037685e-11	primary	optimal
bound-20260916T061948Z	CO:COLO 205	magnitude_g1.00	EX_dad_2_e	0.0	0.0	1.1609772680276178e-11	primary	optimal
bound-20260916T061948Z	CO:COLO 205	magnitude_g1.00	EX_dcmp_e	0.0	0.0	1.89268971140918e-11	primary	optimal
bound-20260916T061948Z	CO:COLO 205	magnitude_g1.00	EX_dcyt_e	0.0	0.0	2.1785007517765982e-11	primary	optimal
bound-20260916T061948Z	CO:COLO 205	magnitude_g1.00	EX_dhap_e	0.0	0.0	8.072368436606541e-11	primary	optimal
bound-20260916T061948Z	CO:COLO 205	magnitude_g1.00	EX_dmgly_e	0.0	0.0	2.1422661669938062e-10	primary	optimal
bound-20260916T061948Z	CO:COLO 205	magnitude_g1.00	EX_duri_e	0.0	0.0	2.4448132450952718e-11	primary	optimal
bound-20260916T061948Z	CO:COLO 205	magnitude_g1.00	EX_ethamp_e	0.0	0.0	7.225513713409433e-11	primary	optimal
bound-20260916T061948Z	CO:COLO 205	magnitude_g1.00	EX_fol_e	0.0	-5.082448325845561e-09	1.053019572074397e-15	primary	optimal
bound-20260916T061948Z	CO:COLO 205	magnitude_g1.00	EX_fum_e	0.16463987856402332	0.16463883717859412	0.16463993874230679	primary	optimal
bound-20260916T061948Z	CO:COLO 205	magnitude_g1.00	EX_g3pc_e	0.0	0.0	8.193531535560546e-11	primary	optimal
bound-20260916T061948Z	CO:COLO 205	magnitude_g1.00	EX_glc__D_e	-3.1948341351166323	-3.1948347740977834	-3.1948340925054968	primary	optimal
bound-20260916T061948Z	CO:COLO 205	magnitude_g1.00	EX_glcur_e	0.0	0.0	6.92845292351643e-10	primary	optimal
bound-20260916T061948Z	CO:COLO 205	magnitude_g1.00	EX_gln__L_e	-5.936430775555179	-5.936430780983129	-5.936430725785436	primary	optimal
bound-20260916T061948Z	CO:COLO 205	magnitude_g1.00	EX_glu__L_e	-4.103528627577443	-4.103529741662381	-4.103528492533493	primary	optimal
bound-20260916T061948Z	CO:COLO 205	magnitude_g1.00	EX_gly_e	0.0	-4.140490229207279e-09	4.128041674843048e-09	primary	optimal
bound-20260916T061948Z	CO:COLO 205	magnitude_g1.00	EX_glyald_e	0.0	0.0	6.926634490290372e-10	primary	optimal
bound-20260916T061948Z	CO:COLO 205	magnitude_g1.00	EX_glyb_e	0.0	0.0	4.156041498514737e-10	primary	optimal
bound-20260916T061948Z	CO:COLO 205	magnitude_g1.00	EX_glyc3p_e	0.0	0.0	8.743051863004122e-11	primary	optimal
bound-20260916T061948Z	CO:COLO 205	magnitude_g1.00	EX_gmp_e	0.0	0.0	1.3396814032181114e-11	primary	optimal
bound-20260916T061948Z	CO:COLO 205	magnitude_g1.00	EX_gthox_e	0.0	0.0	8.280372150707049e-10	primary	optimal
bound-20260916T061948Z	CO:COLO 205	magnitude_g1.00	EX_hcys__L_e	0.0	0.0	6.891273267484424e-11	primary	optimal
bound-20260916T061948Z	CO:COLO 205	magnitude_g1.00	EX_hom__L_e	0.0	0.0	0.0	primary	optimal
bound-20260916T061948Z	CO:COLO 205	magnitude_g1.00	EX_hxan_e	0.0	0.0	1.5696800518753557e-11	primary	optimal
bound-20260916T061948Z	CO:COLO 205	magnitude_g1.00	EX_icit_e	4.645157611245962	4.645156573931944	4.645157688267762	primary	optimal
bound-20260916T061948Z	CO:COLO 205	magnitude_g1.00	EX_ile__L_e	-0.2855599127419998	-0.28555991480642706	-0.28555991274199977	primary	optimal
bound-20260916T061948Z	CO:COLO 205	magnitude_g1.00	EX_imp_e	0.0	0.0	1.3146732383323238e-11	primary	optimal
bound-20260916T061948Z	CO:COLO 205	magnitude_g1.00	EX_ins_e	0.0	0.0	1.3226773995561932e-11	primary	optimal
bound-20260916T061948Z	CO:COLO 205	magnitude_g1.00	EX_lac__L_e	0.0	-1.0430732031523886e-09	1.097961398444449e-06	primary	optimal
bound-20260916T061948Z	CO:COLO 205	magnitude_g1.00	EX_lcts_e	0.0	0.0	5.848236061329352e-11	primary	optimal
bound-20260916T061948Z	CO:COLO 205	magnitude_g1.00	EX_leu__L_e	-0.544556019816	-0.5445560218837375	-0.544556019816	primary	optimal
bound-20260916T061948Z	CO:COLO 205	magnitude_g1.00	EX_lys__L_e	-0.591041681546	-0.5910416836277744	-0.591041681546	primary	optimal
bound-20260916T061948Z	CO:COLO 205	magnitude_g1.00	EX_mal__L_e	0.0	0.0	5.473396537626282e-07	primary	optimal
bound-20260916T061948Z	CO:COLO 205	magnitude_g1.00	EX_met__L_e	-0.2795745969471471	-0.27957578783343	-0.15274088440199998	primary	optimal
bound-20260916T061948Z	CO:COLO 205	magnitude_g1.00	EX_nac_e	1.0344760356533763e-15	0.0	4.1511853645628243e-10	primary	optimal
bound-20260916T061948Z	CO:COLO 205	magnitude_g1.00	EX_ncam_e	0.0	-2.061841297042556e-09	-1.962467075705585e-18	primary	optimal
bound-20260916T061948Z	CO:COLO 205	magnitude_g1.00	EX_nicrnt_e	0.0	0.0	3.6741408881424085e-11	primary	optimal
bound-20260916T061948Z	CO:COLO 205	magnitude_g1.00	EX_orn_e	0.0	0.0	1.0345136026854124e-09	primary	optimal
bound-20260916T061948Z	CO:COLO 205	magnitude_g1.00	EX_orot5p_e	0.0	0.0	2.0010921054272647e-11	primary	optimal
bound-20260916T061948Z	CO:COLO 205	magnitude_g1.00	EX_orot_e	0.0	0.0	4.052391966766869e-11	primary	optimal
bound-20260916T061948Z	CO:COLO 205	magnitude_g1.00	EX_oxa_e	0.0	0.0	2.1036431779878716e-10	primary	optimal
bound-20260916T061948Z	CO:COLO 205	magnitude_g1.00	EX_pep_e	0.0	0.0	1.0696363549309086e-10	primary	optimal
bound-20260916T061948Z	CO:COLO 205	magnitude_g1.00	EX_phe__L_e	-0.258996107074	-0.25899610915339927	-0.258996107074	primary	optimal
bound-20260916T061948Z	CO:COLO 205	magnitude_g1.00	EX_pnto__R_e	0.0	-2.0670383281117685e-09	2.0831540715494316e-09	primary	optimal
bound-20260916T061948Z	CO:COLO 205	magnitude_g1.00	EX_pro__L_e	-0.411736991476	-0.4117369935530109	-0.4117369910591069	primary	optimal
bound-20260916T061948Z	CO:COLO 205	magnitude_g1.00	EX_quln_e	0.0	0.0	1.807708716095142e-10	primary	optimal
bound-20260916T061948Z	CO:COLO 205	magnitude_g1.00	EX_sbt__D_e	0.0	0.0	0.0	primary	optimal
bound-20260916T061948Z	CO:COLO 205	magnitude_g1.00	EX_ser__L_e	-2.5525703163582003	-2.5525704108322014	-2.5525689511839253	primary	optimal
bound-20260916T061948Z	CO:COLO 205	magnitude_g1.00	EX_spmd_e	0.0	0.0	1.154220268225508e-09	primary	optimal
bound-20260916T061948Z	CO:COLO 205	magnitude_g1.00	EX_sprm_e	0.0	0.0	1.5698398252109416e-11	primary	optimal
bound-20260916T061948Z	CO:COLO 205	magnitude_g1.00	EX_srtn_e	0.0	0.0	4.974132323901058e-10	primary	optimal
bound-20260916T061948Z	CO:COLO 205	magnitude_g1.00	EX_succ_e	2.2157631697012494	2.2157630590248862	2.2157640874739566	primary	optimal
bound-20260916T061948Z	CO:COLO 205	magnitude_g1.00	EX_sucr_e	0.0	0.0	0.0	primary	optimal
bound-20260916T061948Z	CO:COLO 205	magnitude_g1.00	EX_taur_e	0.0	0.0	2.081871322804449e-09	primary	optimal
bound-20260916T061948Z	CO:COLO 205	magnitude_g1.00	EX_tchola_e	0.0	0.0	8.36677596101631e-11	primary	optimal
bound-20260916T061948Z	CO:COLO 205	magnitude_g1.00	EX_thr__L_e	-0.31212371841000003	-0.31212372047664644	-0.31212371841000003	primary	optimal
bound-20260916T061948Z	CO:COLO 205	magnitude_g1.00	EX_thym_e	0.0	0.0	2.638535245173123e-11	primary	optimal
bound-20260916T061948Z	CO:COLO 205	magnitude_g1.00	EX_thymd_e	0.0	0.0	2.063320007395553e-11	primary	optimal
bound-20260916T061948Z	CO:COLO 205	magnitude_g1.00	EX_trp__L_e	-0.013281902834000001	-0.01328190490161082	-0.01328190283399965	primary	optimal
bound-20260916T061948Z	CO:COLO 205	magnitude_g1.00	EX_tyr__L_e	-0.15938183581899998	-0.15938183788567395	-0.15938183374084572	primary	optimal
bound-20260916T061948Z	CO:COLO 205	magnitude_g1.00	EX_ump_e	0.0	0.0	1.3550675675694408e-11	primary	optimal
bound-20260916T061948Z	CO:COLO 205	magnitude_g1.00	EX_ura_e	0.0	0.0	3.393535520408368e-11	primary	optimal
bound-20260916T061948Z	CO:COLO 205	magnitude_g1.00	EX_urate_e	0.0	0.0	1.5526030965275478e-11	primary	optimal
bound-20260916T061948Z	CO:COLO 205	magnitude_g1.00	EX_uri_e	0.0	0.0	2.387263366974068e-11	primary	optimal
bound-20260916T061948Z	CO:COLO 205	magnitude_g1.00	EX_val__L_e	-0.3519684306581168	-0.351968430788535	-0.35196842872300005	primary	optimal
bound-20260916T061948Z	CO:COLO 205	magnitude_g1.00	EX_xan_e	0.0	0.0	1.5478023347272623e-11	primary	optimal
bound-20260916T061948Z	CO:COLO 205	magnitude_g1.00	EX_xmp_e	0.0	0.0	1.3063406329423847e-11	primary	optimal
bound-20260916T061948Z	CO:COLO 205	magnitude_g1.00	EX_xtsn_e	0.0	0.0	1.3140989210466127e-11	primary	optimal
bound-20260916T061948Z	CO:HCC-2998	magnitude_g1.00	EX_2pg_e	0.0	0.0	8.874813045245503e-10	primary	optimal
bound-20260916T061948Z	CO:HCC-2998	magnitude_g1.00	EX_34hpp_e	0.0	0.0	9.53312810185381e-09	primary	optimal
bound-20260916T061948Z	CO:HCC-2998	magnitude_g1.00	EX_3hanthrn_e	0.0	0.0	1.864110708877056e-09	primary	optimal
bound-20260916T061948Z	CO:HCC-2998	magnitude_g1.00	EX_3pg_e	0.0	0.0	2.364977096532382e-09	primary	optimal
bound-20260916T061948Z	CO:HCC-2998	magnitude_g1.00	EX_4abut_e	0.0	0.0	4.63449991903323e-09	primary	optimal
bound-20260916T061948Z	CO:HCC-2998	magnitude_g1.00	EX_4hbz_e	0.0	0.0	1.0958561096420804e-09	primary	optimal
bound-20260916T061948Z	CO:HCC-2998	magnitude_g1.00	EX_L2aadp_e	0.0	0.0	1.8263252438891906e-09	primary	optimal
bound-20260916T061948Z	CO:HCC-2998	magnitude_g1.00	EX_Lkynr_e	0.0	0.0	3.690037000742944e-09	primary	optimal
bound-20260916T061948Z	CO:HCC-2998	magnitude_g1.00	EX_acac_e	0.0	0.0	9.099808700858354e-09	primary	optimal
bound-20260916T061948Z	CO:HCC-2998	magnitude_g1.00	EX_ade_e	0.0	0.0	1.2306806026497497e-10	primary	optimal
bound-20260916T061948Z	CO:HCC-2998	magnitude_g1.00	EX_adn_e	0.0	0.0	1.0652338936189388e-10	primary	optimal
bound-20260916T061948Z	CO:HCC-2998	magnitude_g1.00	EX_ahcys_e	0.0	0.0	1.0596706117480613e-10	primary	optimal
bound-20260916T061948Z	CO:HCC-2998	magnitude_g1.00	EX_akg_e	0.0	0.0	9.865813233425222e-08	primary	optimal
bound-20260916T061948Z	CO:HCC-2998	magnitude_g1.00	EX_ala__L_e	0.0232433299595	0.02324331089334231	0.5639637100148488	primary	optimal
bound-20260916T061948Z	CO:HCC-2998	magnitude_g1.00	EX_amp_e	0.0	0.0	1.0804606308380732e-10	primary	optimal
bound-20260916T061948Z	CO:HCC-2998	magnitude_g1.00	EX_anth_e	0.0	0.0	2.31698878417338e-09	primary	optimal
bound-20260916T061948Z	CO:HCC-2998	magnitude_g1.00	EX_arg__L_e	-0.35860938014000004	-0.3586093979534841	-0.3586093796202784	primary	optimal
bound-20260916T061948Z	CO:HCC-2998	magnitude_g1.00	EX_asn__L_e	-2.2459503233292115	-2.2459507672431407	-2.2459502042426345	primary	optimal
bound-20260916T061948Z	CO:HCC-2998	magnitude_g1.00	EX_asp__L_e	-0.6329960643104943	-0.6329960830165844	-0.6329960543049287	primary	optimal
bound-20260916T061948Z	CO:HCC-2998	magnitude_g1.00	EX_bilirub_e	2.0623872771991905e-19	0.0	1.7465795188547266e-10	primary	optimal
bound-20260916T061948Z	CO:HCC-2998	magnitude_g1.00	EX_cala_e	0.0	0.0	3.2399521307605596e-10	primary	optimal
bound-20260916T061948Z	CO:HCC-2998	magnitude_g1.00	EX_chol_e	-0.1716376003610001	-0.1716376181751886	-0.17163760015651272	primary	optimal
bound-20260916T061948Z	CO:HCC-2998	magnitude_g1.00	EX_cholp_e	0.0	0.0	7.471529583080229e-10	primary	optimal
bound-20260916T061948Z	CO:HCC-2998	magnitude_g1.00	EX_cit_e	0.0	0.0	1.9066102423458465e-08	primary	optimal
bound-20260916T061948Z	CO:HCC-2998	magnitude_g1.00	EX_citr__L_e	0.0	0.0	4.6047586104956155e-09	primary	optimal
bound-20260916T061948Z	CO:HCC-2998	magnitude_g1.00	EX_cmp_e	0.0	0.0	2.2096305207529862e-10	primary	optimal
bound-20260916T061948Z	CO:HCC-2998	magnitude_g1.00	EX_crn_e	6.82706658116206e-18	-9.328354337798547e-09	0.0	primary	optimal
bound-20260916T061948Z	CO:HCC-2998	magnitude_g1.00	EX_cyst__L_e	0.0	0.0	5.575926455285724e-10	primary	optimal
bound-20260916T061948Z	CO:HCC-2998	magnitude_g1.00	EX_cytd_e	0.0	0.0	2.2157170045204926e-10	primary	optimal
bound-20260916T061948Z	CO:HCC-2998	magnitude_g1.00	EX_dad_2_e	0.0	0.0	1.0338126098671995e-10	primary	optimal
bound-20260916T061948Z	CO:HCC-2998	magnitude_g1.00	EX_dcmp_e	0.0	0.0	1.7541317691713236e-10	primary	optimal
bound-20260916T061948Z	CO:HCC-2998	magnitude_g1.00	EX_dcyt_e	0.0	0.0	2.0051492834969276e-10	primary	optimal
bound-20260916T061948Z	CO:HCC-2998	magnitude_g1.00	EX_dhap_e	0.0	0.0	7.476604183598999e-10	primary	optimal
bound-20260916T061948Z	CO:HCC-2998	magnitude_g1.00	EX_dmgly_e	0.0	0.0	1.9300048842241694e-09	primary	optimal
bound-20260916T061948Z	CO:HCC-2998	magnitude_g1.00	EX_duri_e	0.0	0.0	2.2222701671007844e-10	primary	optimal
bound-20260916T061948Z	CO:HCC-2998	magnitude_g1.00	EX_ethamp_e	0.0	0.0	6.675655177470379e-10	primary	optimal
bound-20260916T061948Z	CO:HCC-2998	magnitude_g1.00	EX_fol_e	0.0	-9.865861103781671e-08	4.262263431500173e-15	primary	optimal
bound-20260916T061948Z	CO:HCC-2998	magnitude_g1.00	EX_fum_e	0.0	0.0	9.043178749390084e-08	primary	optimal
bound-20260916T061948Z	CO:HCC-2998	magnitude_g1.00	EX_g3pc_e	0.0	0.0	7.024524588424072e-10	primary	optimal
bound-20260916T061948Z	CO:HCC-2998	magnitude_g1.00	EX_glc__D_e	-3.527918794832749	-3.527918938121628	-3.5279185270392848	primary	optimal
bound-20260916T061948Z	CO:HCC-2998	magnitude_g1.00	EX_glcur_e	0.0	0.0	6.227630642601128e-09	primary	optimal
bound-20260916T061948Z	CO:HCC-2998	magnitude_g1.00	EX_gln__L_e	-7.129518285011032	-7.129518303716589	-7.129518043838648	primary	optimal
bound-20260916T061948Z	CO:HCC-2998	magnitude_g1.00	EX_glu__L_e	-2.8837365091377998	-2.883736983042623	-2.8837359580784185	primary	optimal
bound-20260916T061948Z	CO:HCC-2998	magnitude_g1.00	EX_gly_e	0.0	-2.9971922285104196e-08	4.3917189334933423e-08	primary	optimal
bound-20260916T061948Z	CO:HCC-2998	magnitude_g1.00	EX_glyald_e	0.0	0.0	6.245605476260566e-09	primary	optimal
bound-20260916T061948Z	CO:HCC-2998	magnitude_g1.00	EX_glyb_e	0.0	0.0	3.747401559721172e-09	primary	optimal
bound-20260916T061948Z	CO:HCC-2998	magnitude_g1.00	EX_glyc3p_e	0.0	0.0	7.471447468525363e-10	primary	optimal
bound-20260916T061948Z	CO:HCC-2998	magnitude_g1.00	EX_gmp_e	0.0	0.0	1.3597502262633887e-10	primary	optimal
bound-20260916T061948Z	CO:HCC-2998	magnitude_g1.00	EX_gthox_e	0.0	0.0	5.3141870917253986e-09	primary	optimal
bound-20260916T061948Z	CO:HCC-2998	magnitude_g1.00	EX_hcys__L_e	0.0	0.0	6.353691405126109e-10	primary	optimal
bound-20260916T061948Z	CO:HCC-2998	magnitude_g1.00	EX_hom__L_e	0.0	0.0	0.0	primary	optimal
bound-20260916T061948Z	CO:HCC-2998	magnitude_g1.00	EX_hxan_e	0.0	0.0	1.4815948338542967e-10	primary	optimal
bound-20260916T061948Z	CO:HCC-2998	magnitude_g1.00	EX_icit_e	4.23676469248586	4.2367642499667335	4.236765154351773	primary	optimal
bound-20260916T061948Z	CO:HCC-2998	magnitude_g1.00	EX_ile__L_e	-0.28555991274199977	-0.2855599305554148	-0.28555991274199977	primary	optimal
bound-20260916T061948Z	CO:HCC-2998	magnitude_g1.00	EX_imp_e	0.0	0.0	1.2206689896686886e-10	primary	optimal
bound-20260916T061948Z	CO:HCC-2998	magnitude_g1.00	EX_ins_e	0.0	0.0	1.212852618074917e-10	primary	optimal
bound-20260916T061948Z	CO:HCC-2998	magnitude_g1.00	EX_lac__L_e	0.0	-7.3396453959459615e-09	1.0851893168161548e-06	primary	optimal
bound-20260916T061948Z	CO:HCC-2998	magnitude_g1.00	EX_lcts_e	0.0	0.0	9.5651337057915e-10	primary	optimal
bound-20260916T061948Z	CO:HCC-2998	magnitude_g1.00	EX_leu__L_e	-0.544556019816	-0.5445560376305698	-0.5445560198159992	primary	optimal
bound-20260916T061948Z	CO:HCC-2998	magnitude_g1.00	EX_lys__L_e	-0.591041681546	-0.5910417006116038	-0.591041681546	primary	optimal
bound-20260916T061948Z	CO:HCC-2998	magnitude_g1.00	EX_mal__L_e	0.0	0.0	7.751680559929176e-08	primary	optimal
bound-20260916T061948Z	CO:HCC-2998	magnitude_g1.00	EX_met__L_e	-0.2845571420133563	-0.2845579184618879	-0.15274088440199998	primary	optimal
bound-20260916T061948Z	CO:HCC-2998	magnitude_g1.00	EX_nac_e	-1.2930950445667204e-16	0.0	3.709246182522765e-09	primary	optimal
bound-20260916T061948Z	CO:HCC-2998	magnitude_g1.00	EX_ncam_e	0.0	-1.7814469745746243e-08	0.0	primary	optimal
bound-20260916T061948Z	CO:HCC-2998	magnitude_g1.00	EX_nicrnt_e	0.0	0.0	3.396639689782703e-10	primary	optimal
bound-20260916T061948Z	CO:HCC-2998	magnitude_g1.00	EX_orn_e	0.0	0.0	1.0016308172894705e-08	primary	optimal
bound-20260916T061948Z	CO:HCC-2998	magnitude_g1.00	EX_orot5p_e	0.0	0.0	1.8554986907473772e-10	primary	optimal
bound-20260916T061948Z	CO:HCC-2998	magnitude_g1.00	EX_orot_e	0.0	0.0	3.7541389455296175e-10	primary	optimal
bound-20260916T061948Z	CO:HCC-2998	magnitude_g1.00	EX_oxa_e	0.0	0.0	1.7339569044129378e-09	primary	optimal
bound-20260916T061948Z	CO:HCC-2998	magnitude_g1.00	EX_pep_e	0.0	0.0	9.030178503451522e-10	primary	optimal
bound-20260916T061948Z	CO:HCC-2998	magnitude_g1.00	EX_phe__L_e	-0.258996107074	-0.25899612581014747	-0.25899610707400006	primary	optimal
bound-20260916T061948Z	CO:HCC-2998	magnitude_g1.00	EX_pnto__R_e	0.0	-1.781246106608559e-08	1.9065416230244393e-08	primary	optimal
bound-20260916T061948Z	CO:HCC-2998	magnitude_g1.00	EX_pro__L_e	-0.411736991476	-0.4117370101051941	-0.4117369874355875	primary	optimal
bound-20260916T061948Z	CO:HCC-2998	magnitude_g1.00	EX_quln_e	0.0	0.0	1.53704245267144e-09	primary	optimal
bound-20260916T061948Z	CO:HCC-2998	magnitude_g1.00	EX_sbt__D_e	0.0	0.0	0.0	primary	optimal
bound-20260916T061948Z	CO:HCC-2998	magnitude_g1.00	EX_ser__L_e	-1.9736397434333381	-1.9736402790402663	-1.9736394568633424	primary	optimal
bound-20260916T061948Z	CO:HCC-2998	magnitude_g1.00	EX_spmd_e	0.0	0.0	2.703136361025129e-10	primary	optimal
bound-20260916T061948Z	CO:HCC-2998	magnitude_g1.00	EX_sprm_e	0.0	0.0	1.400127585645035e-10	primary	optimal
bound-20260916T061948Z	CO:HCC-2998	magnitude_g1.00	EX_srtn_e	0.0	0.0	3.7152023548619928e-09	primary	optimal
bound-20260916T061948Z	CO:HCC-2998	magnitude_g1.00	EX_succ_e	2.6627943305412627	2.6627941676105937	2.6627944370295897	primary	optimal
bound-20260916T061948Z	CO:HCC-2998	magnitude_g1.00	EX_sucr_e	0.0	0.0	0.0	primary	optimal
bound-20260916T061948Z	CO:HCC-2998	magnitude_g1.00	EX_taur_e	0.0	0.0	1.9065721681046373e-08	primary	optimal
bound-20260916T061948Z	CO:HCC-2998	magnitude_g1.00	EX_tchola_e	0.0	0.0	7.168332137510938e-10	primary	optimal
bound-20260916T061948Z	CO:HCC-2998	magnitude_g1.00	EX_thr__L_e	-0.31212371841000003	-0.3121237362233145	-0.31212371841000364	primary	optimal
bound-20260916T061948Z	CO:HCC-2998	magnitude_g1.00	EX_thym_e	0.0	0.0	2.4432291245700795e-10	primary	optimal
bound-20260916T061948Z	CO:HCC-2998	magnitude_g1.00	EX_thymd_e	0.0	0.0	1.905439175892524e-10	primary	optimal
bound-20260916T061948Z	CO:HCC-2998	magnitude_g1.00	EX_trp__L_e	-0.013281902834000001	-0.013281920650815227	-0.013281902834000001	primary	optimal
bound-20260916T061948Z	CO:HCC-2998	magnitude_g1.00	EX_tyr__L_e	-0.15938183581899998	-0.1593818536326715	-0.1593818170827466	primary	optimal
bound-20260916T061948Z	CO:HCC-2998	magnitude_g1.00	EX_ump_e	0.0	0.0	1.2597700279646735e-10	primary	optimal
bound-20260916T061948Z	CO:HCC-2998	magnitude_g1.00	EX_ura_e	0.0	0.0	3.134255314103947e-10	primary	optimal
bound-20260916T061948Z	CO:HCC-2998	magnitude_g1.00	EX_urate_e	0.0	0.0	1.428798553890559e-10	primary	optimal
bound-20260916T061948Z	CO:HCC-2998	magnitude_g1.00	EX_uri_e	0.0	0.0	2.2077315393887526e-10	primary	optimal
bound-20260916T061948Z	CO:HCC-2998	magnitude_g1.00	EX_val__L_e	-0.35196844653713016	-0.35196844653761356	-0.35196842872299994	primary	optimal
bound-20260916T061948Z	CO:HCC-2998	magnitude_g1.00	EX_xan_e	0.0	0.0	1.4373668107749015e-10	primary	optimal
bound-20260916T061948Z	CO:HCC-2998	magnitude_g1.00	EX_xmp_e	0.0	0.0	1.2127155498658477e-10	primary	optimal
bound-20260916T061948Z	CO:HCC-2998	magnitude_g1.00	EX_xtsn_e	0.0	0.0	1.220476771629013e-10	primary	optimal
bound-20260916T061948Z	CO:HCT-116	magnitude_g1.00	EX_2pg_e	0.0	0.0	1.411518964127999e-10	primary	optimal
bound-20260916T061948Z	CO:HCT-116	magnitude_g1.00	EX_34hpp_e	0.0	0.0	1.705517393636412e-09	primary	optimal
bound-20260916T061948Z	CO:HCT-116	magnitude_g1.00	EX_3hanthrn_e	0.0	0.0	5.650221265439516e-10	primary	optimal
bound-20260916T061948Z	CO:HCT-116	magnitude_g1.00	EX_3pg_e	0.0	0.0	1.6130080403867855e-10	primary	optimal
bound-20260916T061948Z	CO:HCT-116	magnitude_g1.00	EX_4abut_e	0.0	0.0	8.510531174882391e-10	primary	optimal
bound-20260916T061948Z	CO:HCT-116	magnitude_g1.00	EX_4hbz_e	0.0	0.0	2.924294561437848e-10	primary	optimal
bound-20260916T061948Z	CO:HCT-116	magnitude_g1.00	EX_L2aadp_e	0.0	0.0	3.003837293695909e-10	primary	optimal
bound-20260916T061948Z	CO:HCT-116	magnitude_g1.00	EX_Lkynr_e	0.0	0.0	6.788981390479201e-10	primary	optimal
bound-20260916T061948Z	CO:HCT-116	magnitude_g1.00	EX_acac_e	0.0	0.0	1.4497525740917417e-09	primary	optimal
bound-20260916T061948Z	CO:HCT-116	magnitude_g1.00	EX_ade_e	0.0	0.0	2.0003512040127856e-11	primary	optimal
bound-20260916T061948Z	CO:HCT-116	magnitude_g1.00	EX_adn_e	0.0	0.0	1.71506083042026e-11	primary	optimal
bound-20260916T061948Z	CO:HCT-116	magnitude_g1.00	EX_ahcys_e	0.0	0.0	1.708054124083443e-11	primary	optimal
bound-20260916T061948Z	CO:HCT-116	magnitude_g1.00	EX_akg_e	0.0	0.0	9.976424199916571e-08	primary	optimal
bound-20260916T061948Z	CO:HCT-116	magnitude_g1.00	EX_ala__L_e	0.0232433299595	0.023243326553513285	0.8005721476920017	primary	optimal
bound-20260916T061948Z	CO:HCT-116	magnitude_g1.00	EX_amp_e	0.0	0.0	1.726717051270425e-11	primary	optimal
bound-20260916T061948Z	CO:HCT-116	magnitude_g1.00	EX_anth_e	0.0	0.0	4.24598350045797e-10	primary	optimal
bound-20260916T061948Z	CO:HCT-116	magnitude_g1.00	EX_arg__L_e	-0.35860938014000004	-0.35860938351271276	-0.35860938005358595	primary	optimal
bound-20260916T061948Z	CO:HCT-116	magnitude_g1.00	EX_asn__L_e	-3.1784534803822786	-3.17845350094386	-3.178453472786541	primary	optimal
bound-20260916T061948Z	CO:HCT-116	magnitude_g1.00	EX_asp__L_e	-0.605099962387155	-0.6050999657610121	-0.6050999457419611	primary	optimal
bound-20260916T061948Z	CO:HCT-116	magnitude_g1.00	EX_bilirub_e	0.0	0.0	6.019395660162171e-10	primary	optimal
bound-20260916T061948Z	CO:HCT-116	magnitude_g1.00	EX_cala_e	0.0	0.0	5.134781155823861e-11	primary	optimal
bound-20260916T061948Z	CO:HCT-116	magnitude_g1.00	EX_chol_e	-0.17163760036099998	-0.17163760373384576	-0.17163760032724096	primary	optimal
bound-20260916T061948Z	CO:HCT-116	magnitude_g1.00	EX_cholp_e	0.0	0.0	1.2112305970657962e-10	primary	optimal
bound-20260916T061948Z	CO:HCT-116	magnitude_g1.00	EX_cit_e	0.0	0.0	3.413714532717846e-09	primary	optimal
bound-20260916T061948Z	CO:HCT-116	magnitude_g1.00	EX_citr__L_e	0.0	0.0	8.487153555539255e-10	primary	optimal
bound-20260916T061948Z	CO:HCT-116	magnitude_g1.00	EX_cmp_e	0.0	0.0	3.604713842832501e-11	primary	optimal
bound-20260916T061948Z	CO:HCT-116	magnitude_g1.00	EX_crn_e	6.143417458275179e-16	-1.701913066099793e-09	1.0530260932922604e-14	primary	optimal
bound-20260916T061948Z	CO:HCT-116	magnitude_g1.00	EX_cyst__L_e	0.0	0.0	9.838017347076638e-11	primary	optimal
bound-20260916T061948Z	CO:HCT-116	magnitude_g1.00	EX_cytd_e	0.0	0.0	3.624743979330471e-11	primary	optimal
bound-20260916T061948Z	CO:HCT-116	magnitude_g1.00	EX_dad_2_e	0.0	0.0	1.6909559033893125e-11	primary	optimal
bound-20260916T061948Z	CO:HCT-116	magnitude_g1.00	EX_dcmp_e	0.0	0.0	2.8493277861505798e-11	primary	optimal
bound-20260916T061948Z	CO:HCT-116	magnitude_g1.00	EX_dcyt_e	0.0	0.0	3.2618139641278056e-11	primary	optimal
bound-20260916T061948Z	CO:HCT-116	magnitude_g1.00	EX_dhap_e	0.0	0.0	1.2117859895062364e-10	primary	optimal
bound-20260916T061948Z	CO:HCT-116	magnitude_g1.00	EX_dmgly_e	0.0	0.0	3.516554893416459e-10	primary	optimal
bound-20260916T061948Z	CO:HCT-116	magnitude_g1.00	EX_duri_e	0.0	0.0	3.568608440010145e-11	primary	optimal
bound-20260916T061948Z	CO:HCT-116	magnitude_g1.00	EX_ethamp_e	0.0	0.0	1.0947173041841215e-10	primary	optimal
bound-20260916T061948Z	CO:HCT-116	magnitude_g1.00	EX_fol_e	0.0	-9.978034574270364e-08	2.4012371655693188e-14	primary	optimal
bound-20260916T061948Z	CO:HCT-116	magnitude_g1.00	EX_fum_e	0.4747745604047141	0.4747740675081195	0.4747746160480065	primary	optimal
bound-20260916T061948Z	CO:HCT-116	magnitude_g1.00	EX_g3pc_e	0.0	0.0	1.1424474663155855e-10	primary	optimal
bound-20260916T061948Z	CO:HCT-116	magnitude_g1.00	EX_glc__D_e	-3.4068371191354605	-3.406837353519266	-3.40683693830475	primary	optimal
bound-20260916T061948Z	CO:HCT-116	magnitude_g1.00	EX_glcur_e	0.0	0.0	1.1335843758893501e-09	primary	optimal
bound-20260916T061948Z	CO:HCT-116	magnitude_g1.00	EX_gln__L_e	-5.760877776696477	-5.760877780068907	-5.7608775163494315	primary	optimal
bound-20260916T061948Z	CO:HCT-116	magnitude_g1.00	EX_glu__L_e	-4.211419985777412	-4.211420323874291	-4.211419836251412	primary	optimal
bound-20260916T061948Z	CO:HCT-116	magnitude_g1.00	EX_gly_e	0.0	-4.853656103994913e-09	1.1022851403695162e-08	primary	optimal
bound-20260916T061948Z	CO:HCT-116	magnitude_g1.00	EX_glyald_e	0.0	0.0	1.1338009283668119e-09	primary	optimal
bound-20260916T061948Z	CO:HCT-116	magnitude_g1.00	EX_glyb_e	0.0	0.0	6.806366789192915e-10	primary	optimal
bound-20260916T061948Z	CO:HCT-116	magnitude_g1.00	EX_glyc3p_e	0.0	0.0	1.2116700068821642e-10	primary	optimal
bound-20260916T061948Z	CO:HCT-116	magnitude_g1.00	EX_gmp_e	0.0	0.0	2.1982195756524708e-11	primary	optimal
bound-20260916T061948Z	CO:HCT-116	magnitude_g1.00	EX_gthox_e	0.0	0.0	1.351775699966875e-09	primary	optimal
bound-20260916T061948Z	CO:HCT-116	magnitude_g1.00	EX_hcys__L_e	0.0	0.0	1.044248604822706e-10	primary	optimal
bound-20260916T061948Z	CO:HCT-116	magnitude_g1.00	EX_hom__L_e	0.0	0.0	0.0	primary	optimal
bound-20260916T061948Z	CO:HCT-116	magnitude_g1.00	EX_hxan_e	0.0	0.0	2.717122900832696e-11	primary	optimal
bound-20260916T061948Z	CO:HCT-116	magnitude_g1.00	EX_icit_e	4.796848141364669	4.796847760883426	4.796848144909658	primary	optimal
bound-20260916T061948Z	CO:HCT-116	magnitude_g1.00	EX_ile__L_e	-0.28555991274200004	-0.28555991611507403	-0.285559912742	primary	optimal
bound-20260916T061948Z	CO:HCT-116	magnitude_g1.00	EX_imp_e	0.0	0.0	1.9777515359499265e-11	primary	optimal
bound-20260916T061948Z	CO:HCT-116	magnitude_g1.00	EX_ins_e	0.0	0.0	1.977063467604348e-11	primary	optimal
bound-20260916T061948Z	CO:HCT-116	magnitude_g1.00	EX_lac__L_e	0.0	-1.1819189410664282e-09	1.0978416264235672e-06	primary	optimal
bound-20260916T061948Z	CO:HCT-116	magnitude_g1.00	EX_lcts_e	0.0	0.0	2.997241129758322e-10	primary	optimal
bound-20260916T061948Z	CO:HCT-116	magnitude_g1.00	EX_leu__L_e	-0.5445560198160002	-0.544556023185955	-0.5445560198160001	primary	optimal
bound-20260916T061948Z	CO:HCT-116	magnitude_g1.00	EX_lys__L_e	-0.591041681546	-0.5910416849467757	-0.591041681546	primary	optimal
bound-20260916T061948Z	CO:HCT-116	magnitude_g1.00	EX_mal__L_e	0.0	0.0	5.48534906192868e-07	primary	optimal
bound-20260916T061948Z	CO:HCT-116	magnitude_g1.00	EX_met__L_e	-0.15274088440199998	-0.15274089619098477	-0.15274088440199998	primary	optimal
bound-20260916T061948Z	CO:HCT-116	magnitude_g1.00	EX_nac_e	3.8469577575859934e-15	0.0	6.792916394873697e-10	primary	optimal
bound-20260916T061948Z	CO:HCT-116	magnitude_g1.00	EX_ncam_e	0.0	-3.371646774067835e-09	-2.1524082502879756e-17	primary	optimal
bound-20260916T061948Z	CO:HCT-116	magnitude_g1.00	EX_nicrnt_e	0.0	0.0	5.563353469245401e-11	primary	optimal
bound-20260916T061948Z	CO:HCT-116	magnitude_g1.00	EX_orn_e	0.0	0.0	2.5556902065e-09	primary	optimal
bound-20260916T061948Z	CO:HCT-116	magnitude_g1.00	EX_orot5p_e	0.0	0.0	2.999227610205367e-11	primary	optimal
bound-20260916T061948Z	CO:HCT-116	magnitude_g1.00	EX_orot_e	0.0	0.0	6.049025947322067e-11	primary	optimal
bound-20260916T061948Z	CO:HCT-116	magnitude_g1.00	EX_oxa_e	0.0	0.0	3.2460560861689515e-10	primary	optimal
bound-20260916T061948Z	CO:HCT-116	magnitude_g1.00	EX_pep_e	0.0	0.0	1.5635022384477817e-10	primary	optimal
bound-20260916T061948Z	CO:HCT-116	magnitude_g1.00	EX_phe__L_e	-0.258996107074	-0.25899611047851606	-0.258996107074	primary	optimal
bound-20260916T061948Z	CO:HCT-116	magnitude_g1.00	EX_pnto__R_e	0.0	-3.37198892123238e-09	3.4144854116032856e-09	primary	optimal
bound-20260916T061948Z	CO:HCT-116	magnitude_g1.00	EX_pro__L_e	-0.411736991476	-0.4117369948800609	-0.41173699068248093	primary	optimal
bound-20260916T061948Z	CO:HCT-116	magnitude_g1.00	EX_quln_e	0.0	0.0	4.836912129536428e-10	primary	optimal
bound-20260916T061948Z	CO:HCT-116	magnitude_g1.00	EX_sbt__D_e	0.0	0.0	0.0	primary	optimal
bound-20260916T061948Z	CO:HCT-116	magnitude_g1.00	EX_ser__L_e	-2.189326295145918	-2.189326628168237	-2.1893257964924437	primary	optimal
bound-20260916T061948Z	CO:HCT-116	magnitude_g1.00	EX_spmd_e	0.0	0.0	4.770257928621346e-11	primary	optimal
bound-20260916T061948Z	CO:HCT-116	magnitude_g1.00	EX_sprm_e	0.0	0.0	4.740072843312725e-11	primary	optimal
bound-20260916T061948Z	CO:HCT-116	magnitude_g1.00	EX_srtn_e	0.0	0.0	6.798975710281213e-10	primary	optimal
bound-20260916T061948Z	CO:HCT-116	magnitude_g1.00	EX_succ_e	2.6268931800212583	2.6268930736707827	2.6268931940852855	primary	optimal
bound-20260916T061948Z	CO:HCT-116	magnitude_g1.00	EX_sucr_e	0.0	0.0	0.0	primary	optimal
bound-20260916T061948Z	CO:HCT-116	magnitude_g1.00	EX_taur_e	0.0	0.0	3.412958872299118e-09	primary	optimal
bound-20260916T061948Z	CO:HCT-116	magnitude_g1.00	EX_tchola_e	0.0	0.0	1.1256628650156361e-10	primary	optimal
bound-20260916T061948Z	CO:HCT-116	magnitude_g1.00	EX_thr__L_e	-0.31212371841000003	-0.31212372178567926	-0.31212371841000003	primary	optimal
bound-20260916T061948Z	CO:HCT-116	magnitude_g1.00	EX_thym_e	0.0	0.0	3.972167396170752e-11	primary	optimal
bound-20260916T061948Z	CO:HCT-116	magnitude_g1.00	EX_thymd_e	0.0	0.0	3.098614630029374e-11	primary	optimal
bound-20260916T061948Z	CO:HCT-116	magnitude_g1.00	EX_trp__L_e	-0.013281902834000001	-0.013281906205898208	-0.013281902834000001	primary	optimal
bound-20260916T061948Z	CO:HCT-116	magnitude_g1.00	EX_tyr__L_e	-0.15938183581899998	-0.15938183919113655	-0.15938183241700501	primary	optimal
bound-20260916T061948Z	CO:HCT-116	magnitude_g1.00	EX_ump_e	0.0	0.0	2.0374462010142508e-11	primary	optimal
bound-20260916T061948Z	CO:HCT-116	magnitude_g1.00	EX_ura_e	0.0	0.0	5.1334491632147993e-11	primary	optimal
bound-20260916T061948Z	CO:HCT-116	magnitude_g1.00	EX_urate_e	0.0	0.0	2.3374420256814023e-11	primary	optimal
bound-20260916T061948Z	CO:HCT-116	magnitude_g1.00	EX_uri_e	0.0	0.0	3.602010562576259e-11	primary	optimal
bound-20260916T061948Z	CO:HCT-116	magnitude_g1.00	EX_val__L_e	-0.3519684320960517	-0.35196843209673023	-0.351968428723	primary	optimal
bound-20260916T061948Z	CO:HCT-116	magnitude_g1.00	EX_xan_e	0.0	0.0	2.327500752836053e-11	primary	optimal
bound-20260916T061948Z	CO:HCT-116	magnitude_g1.00	EX_xmp_e	0.0	0.0	1.9644780462908336e-11	primary	optimal
bound-20260916T061948Z	CO:HCT-116	magnitude_g1.00	EX_xtsn_e	0.0	0.0	1.977115217426712e-11	primary	optimal
bound-20260916T061948Z	CO:HCT-15	magnitude_g1.00	EX_2pg_e	0.0	0.0	1.6205647092141823e-09	primary	optimal
bound-20260916T061948Z	CO:HCT-15	magnitude_g1.00	EX_34hpp_e	0.0	0.0	1.9400056190176717e-08	primary	optimal
bound-20260916T061948Z	CO:HCT-15	magnitude_g1.00	EX_3hanthrn_e	0.0	0.0	3.707817958312726e-09	primary	optimal
bound-20260916T061948Z	CO:HCT-15	magnitude_g1.00	EX_3pg_e	0.0	0.0	1.6914618971411024e-09	primary	optimal
bound-20260916T061948Z	CO:HCT-15	magnitude_g1.00	EX_4abut_e	0.0	0.0	9.20695952648262e-09	primary	optimal
bound-20260916T061948Z	CO:HCT-15	magnitude_g1.00	EX_4hbz_e	0.0	0.0	2.3896662731063252e-09	primary	optimal
bound-20260916T061948Z	CO:HCT-15	magnitude_g1.00	EX_L2aadp_e	0.0	0.0	3.97680553968283e-09	primary	optimal
bound-20260916T061948Z	CO:HCT-15	magnitude_g1.00	EX_Lkynr_e	0.0	0.0	7.290590521038095e-09	primary	optimal
bound-20260916T061948Z	CO:HCT-15	magnitude_g1.00	EX_acac_e	0.0	0.0	1.2564206378391934e-08	primary	optimal
bound-20260916T061948Z	CO:HCT-15	magnitude_g1.00	EX_ade_e	0.0	0.0	2.268151392726349e-10	primary	optimal
bound-20260916T061948Z	CO:HCT-15	magnitude_g1.00	EX_adn_e	0.0	0.0	1.9686448071217028e-10	primary	optimal
bound-20260916T061948Z	CO:HCT-15	magnitude_g1.00	EX_ahcys_e	0.0	0.0	1.9595325847062951e-10	primary	optimal
bound-20260916T061948Z	CO:HCT-15	magnitude_g1.00	EX_akg_e	0.0	0.0	9.875944326097802e-08	primary	optimal
bound-20260916T061948Z	CO:HCT-15	magnitude_g1.00	EX_ala__L_e	0.0232433299595	0.02324329116116981	0.8910124693547067	primary	optimal
bound-20260916T061948Z	CO:HCT-15	magnitude_g1.00	EX_amp_e	0.0	0.0	1.9787928735446406e-10	primary	optimal
bound-20260916T061948Z	CO:HCT-15	magnitude_g1.00	EX_anth_e	0.0	0.0	4.603629724276395e-09	primary	optimal
bound-20260916T061948Z	CO:HCT-15	magnitude_g1.00	EX_arg__L_e	-0.35860938014000004	-0.35860941408913166	-0.35860937919228053	primary	optimal
bound-20260916T061948Z	CO:HCT-15	magnitude_g1.00	EX_asn__L_e	-2.7095494136353366	-2.7095495733325885	-2.7095493877234427	primary	optimal
bound-20260916T061948Z	CO:HCT-15	magnitude_g1.00	EX_asp__L_e	-0.5996467281946609	-0.5996468290637249	-0.5996467053888662	primary	optimal
bound-20260916T061948Z	CO:HCT-15	magnitude_g1.00	EX_bilirub_e	0.0	0.0	3.3468393190676893e-10	primary	optimal
bound-20260916T061948Z	CO:HCT-15	magnitude_g1.00	EX_cala_e	0.0	0.0	6.079920756251997e-10	primary	optimal
bound-20260916T061948Z	CO:HCT-15	magnitude_g1.00	EX_chol_e	-0.17163760036099998	-0.1716376343096777	-0.17163759998389552	primary	optimal
bound-20260916T061948Z	CO:HCT-15	magnitude_g1.00	EX_cholp_e	0.0	0.0	1.3834271277910397e-09	primary	optimal
bound-20260916T061948Z	CO:HCT-15	magnitude_g1.00	EX_cit_e	0.0	0.0	3.8801159223355844e-08	primary	optimal
bound-20260916T061948Z	CO:HCT-15	magnitude_g1.00	EX_citr__L_e	0.0	0.0	9.129171282629416e-09	primary	optimal
bound-20260916T061948Z	CO:HCT-15	magnitude_g1.00	EX_cmp_e	0.0	0.0	4.222745550511358e-10	primary	optimal
bound-20260916T061948Z	CO:HCT-15	magnitude_g1.00	EX_crn_e	0.0	-1.7808805422958138e-08	-2.6802328498502497e-16	primary	optimal
bound-20260916T061948Z	CO:HCT-15	magnitude_g1.00	EX_cyst__L_e	0.0	0.0	1.0999238524716964e-09	primary	optimal
bound-20260916T061948Z	CO:HCT-15	magnitude_g1.00	EX_cytd_e	0.0	0.0	4.1862352183672835e-10	primary	optimal
bound-20260916T061948Z	CO:HCT-15	magnitude_g1.00	EX_dad_2_e	0.0	0.0	1.939602217498707e-10	primary	optimal
bound-20260916T061948Z	CO:HCT-15	magnitude_g1.00	EX_dcmp_e	0.0	0.0	3.272780104087084e-10	primary	optimal
bound-20260916T061948Z	CO:HCT-15	magnitude_g1.00	EX_dcyt_e	0.0	0.0	3.74351800440534e-10	primary	optimal
bound-20260916T061948Z	CO:HCT-15	magnitude_g1.00	EX_dhap_e	0.0	0.0	1.3852516158718052e-09	primary	optimal
bound-20260916T061948Z	CO:HCT-15	magnitude_g1.00	EX_dmgly_e	0.0	0.0	3.898104598247879e-09	primary	optimal
bound-20260916T061948Z	CO:HCT-15	magnitude_g1.00	EX_duri_e	0.0	0.0	4.0946808520914174e-10	primary	optimal
bound-20260916T061948Z	CO:HCT-15	magnitude_g1.00	EX_ethamp_e	0.0	0.0	1.2468337624413331e-09	primary	optimal
bound-20260916T061948Z	CO:HCT-15	magnitude_g1.00	EX_fol_e	0.0	-9.876176875823713e-08	1.1855953642453875e-15	primary	optimal
bound-20260916T061948Z	CO:HCT-15	magnitude_g1.00	EX_fum_e	0.142006226896411	0.1420052269743581	0.14200652657477617	primary	optimal
bound-20260916T061948Z	CO:HCT-15	magnitude_g1.00	EX_g3pc_e	0.0	0.0	1.2349239104001438e-09	primary	optimal
bound-20260916T061948Z	CO:HCT-15	magnitude_g1.00	EX_glc__D_e	-3.3346372564954314	-3.334638272050286	-3.33131990698948	primary	optimal
bound-20260916T061948Z	CO:HCT-15	magnitude_g1.00	EX_glcur_e	0.0	0.0	1.220670108077605e-08	primary	optimal
bound-20260916T061948Z	CO:HCT-15	magnitude_g1.00	EX_gln__L_e	-6.005482787275534	-6.005482888134101	-6.005482716844372	primary	optimal
bound-20260916T061948Z	CO:HCT-15	magnitude_g1.00	EX_glu__L_e	-4.207110581409454	-4.207110642960207	-4.207110456403787	primary	optimal
bound-20260916T061948Z	CO:HCT-15	magnitude_g1.00	EX_gly_e	0.0	-6.042466860511989e-08	7.7485644478709e-08	primary	optimal
bound-20260916T061948Z	CO:HCT-15	magnitude_g1.00	EX_glyald_e	0.0	0.0	1.2486476890627018e-08	primary	optimal
bound-20260916T061948Z	CO:HCT-15	magnitude_g1.00	EX_glyb_e	0.0	0.0	7.49038933597457e-09	primary	optimal
bound-20260916T061948Z	CO:HCT-15	magnitude_g1.00	EX_glyc3p_e	0.0	0.0	1.385160588026929e-09	primary	optimal
bound-20260916T061948Z	CO:HCT-15	magnitude_g1.00	EX_gmp_e	0.0	0.0	2.5604872452578823e-10	primary	optimal
bound-20260916T061948Z	CO:HCT-15	magnitude_g1.00	EX_gthox_e	0.0	0.0	1.065027959314645e-08	primary	optimal
bound-20260916T061948Z	CO:HCT-15	magnitude_g1.00	EX_hcys__L_e	0.0	0.0	1.181717791935291e-09	primary	optimal
bound-20260916T061948Z	CO:HCT-15	magnitude_g1.00	EX_hom__L_e	0.0	0.0	0.0	primary	optimal
bound-20260916T061948Z	CO:HCT-15	magnitude_g1.00	EX_hxan_e	0.0	0.0	3.177853264165296e-10	primary	optimal
bound-20260916T061948Z	CO:HCT-15	magnitude_g1.00	EX_icit_e	4.515132668264188	4.51513212501071	4.515132958959873	primary	optimal
bound-20260916T061948Z	CO:HCT-15	magnitude_g1.00	EX_ile__L_e	-0.2855599127419998	-0.2855599466899366	-0.28555991274199993	primary	optimal
bound-20260916T061948Z	CO:HCT-15	magnitude_g1.00	EX_imp_e	0.0	0.0	2.2670062136088783e-10	primary	optimal
bound-20260916T061948Z	CO:HCT-15	magnitude_g1.00	EX_ins_e	0.0	0.0	2.2807951778988764e-10	primary	optimal
bound-20260916T061948Z	CO:HCT-15	magnitude_g1.00	EX_lac__L_e	0.0	-1.567460191247191e-08	0.009954761562398282	primary	optimal
bound-20260916T061948Z	CO:HCT-15	magnitude_g1.00	EX_lcts_e	0.0	0.0	9.734529108810412e-10	primary	optimal
bound-20260916T061948Z	CO:HCT-15	magnitude_g1.00	EX_leu__L_e	-0.544556019816	-0.5445560537627122	-0.5445560198159999	primary	optimal
bound-20260916T061948Z	CO:HCT-15	magnitude_g1.00	EX_lys__L_e	-0.591041681546	-0.5910417177579154	-0.591041681546	primary	optimal
bound-20260916T061948Z	CO:HCT-15	magnitude_g1.00	EX_mal__L_e	8.639198112878941e-08	0.0	1.0863319636742282e-06	primary	optimal
bound-20260916T061948Z	CO:HCT-15	magnitude_g1.00	EX_met__L_e	-0.15274088440199998	-0.15274094322815737	-0.15274088440199998	primary	optimal
bound-20260916T061948Z	CO:HCT-15	magnitude_g1.00	EX_nac_e	7.758570267400323e-16	0.0	7.3901167968688115e-09	primary	optimal
bound-20260916T061948Z	CO:HCT-15	magnitude_g1.00	EX_ncam_e	0.0	-3.394699142502389e-08	-1.332636905641824e-16	primary	optimal
bound-20260916T061948Z	CO:HCT-15	magnitude_g1.00	EX_nicrnt_e	0.0	0.0	6.34446245648893e-10	primary	optimal
bound-20260916T061948Z	CO:HCT-15	magnitude_g1.00	EX_orn_e	0.0	0.0	1.4415183032164006e-08	primary	optimal
bound-20260916T061948Z	CO:HCT-15	magnitude_g1.00	EX_orot5p_e	0.0	0.0	3.445061402449267e-10	primary	optimal
bound-20260916T061948Z	CO:HCT-15	magnitude_g1.00	EX_orot_e	0.0	0.0	6.964433727100042e-10	primary	optimal
bound-20260916T061948Z	CO:HCT-15	magnitude_g1.00	EX_oxa_e	0.0	0.0	3.577554714804667e-09	primary	optimal
bound-20260916T061948Z	CO:HCT-15	magnitude_g1.00	EX_pep_e	0.0	0.0	1.6461172122399642e-09	primary	optimal
bound-20260916T061948Z	CO:HCT-15	magnitude_g1.00	EX_phe__L_e	-0.258996107074	-0.25899614453632597	-0.25899610707400006	primary	optimal
bound-20260916T061948Z	CO:HCT-15	magnitude_g1.00	EX_pnto__R_e	0.0	-3.394953341308491e-08	3.880065851705098e-08	primary	optimal
bound-20260916T061948Z	CO:HCT-15	magnitude_g1.00	EX_pro__L_e	-0.411736991476	-0.4117370276886368	-0.4117369842514643	primary	optimal
bound-20260916T061948Z	CO:HCT-15	magnitude_g1.00	EX_quln_e	0.0	0.0	3.0093039303099056e-09	primary	optimal
bound-20260916T061948Z	CO:HCT-15	magnitude_g1.00	EX_sbt__D_e	0.0	0.0	0.0	primary	optimal
bound-20260916T061948Z	CO:HCT-15	magnitude_g1.00	EX_ser__L_e	-2.2690423373552604	-2.2756770362828393	-2.269040266301025	primary	optimal
bound-20260916T061948Z	CO:HCT-15	magnitude_g1.00	EX_spmd_e	0.0	0.0	5.247702087785286e-10	primary	optimal
bound-20260916T061948Z	CO:HCT-15	magnitude_g1.00	EX_sprm_e	0.0	0.0	2.7145578309824384e-10	primary	optimal
bound-20260916T061948Z	CO:HCT-15	magnitude_g1.00	EX_srtn_e	0.0	0.0	7.390254732647032e-09	primary	optimal
bound-20260916T061948Z	CO:HCT-15	magnitude_g1.00	EX_succ_e	2.43965687646994	2.4396567306135446	2.439657724678538	primary	optimal
bound-20260916T061948Z	CO:HCT-15	magnitude_g1.00	EX_sucr_e	0.0	0.0	0.0	primary	optimal
bound-20260916T061948Z	CO:HCT-15	magnitude_g1.00	EX_taur_e	0.0	0.0	3.879901545754941e-08	primary	optimal
bound-20260916T061948Z	CO:HCT-15	magnitude_g1.00	EX_tchola_e	0.0	0.0	1.0666849950868284e-09	primary	optimal
bound-20260916T061948Z	CO:HCT-15	magnitude_g1.00	EX_thr__L_e	-0.31212371841000003	-0.3121237523619454	-0.3121237184100001	primary	optimal
bound-20260916T061948Z	CO:HCT-15	magnitude_g1.00	EX_thym_e	0.0	0.0	4.5594995374944257e-10	primary	optimal
bound-20260916T061948Z	CO:HCT-15	magnitude_g1.00	EX_thymd_e	0.0	0.0	3.493274772631744e-10	primary	optimal
bound-20260916T061948Z	CO:HCT-15	magnitude_g1.00	EX_trp__L_e	-0.013281902834000001	-0.013281936782880307	-0.013281902834000074	primary	optimal
bound-20260916T061948Z	CO:HCT-15	magnitude_g1.00	EX_tyr__L_e	-0.15938183581899998	-0.1593818697663904	-0.15938179835828414	primary	optimal
bound-20260916T061948Z	CO:HCT-15	magnitude_g1.00	EX_ump_e	0.0	0.0	2.3145296849892753e-10	primary	optimal
bound-20260916T061948Z	CO:HCT-15	magnitude_g1.00	EX_ura_e	0.0	0.0	5.898710332096273e-10	primary	optimal
bound-20260916T061948Z	CO:HCT-15	magnitude_g1.00	EX_urate_e	0.0	0.0	2.717551738092226e-10	primary	optimal
bound-20260916T061948Z	CO:HCT-15	magnitude_g1.00	EX_uri_e	0.0	0.0	4.1365480255218967e-10	primary	optimal
bound-20260916T061948Z	CO:HCT-15	magnitude_g1.00	EX_val__L_e	-0.35196845997376386	-0.3519684626704733	-0.35196842872299644	primary	optimal
bound-20260916T061948Z	CO:HCT-15	magnitude_g1.00	EX_xan_e	0.0	0.0	2.6735016478112974e-10	primary	optimal
bound-20260916T061948Z	CO:HCT-15	magnitude_g1.00	EX_xmp_e	0.0	0.0	2.2535422545913601e-10	primary	optimal
bound-20260916T061948Z	CO:HCT-15	magnitude_g1.00	EX_xtsn_e	0.0	0.0	2.2671669860860686e-10	primary	optimal
bound-20260916T061948Z	CO:KM12	magnitude_g1.00	EX_2pg_e	0.0	0.0	1.229535633328926e-09	primary	optimal
bound-20260916T061948Z	CO:KM12	magnitude_g1.00	EX_34hpp_e	0.0	0.0	1.3004274262825223e-08	primary	optimal
bound-20260916T061948Z	CO:KM12	magnitude_g1.00	EX_3hanthrn_e	0.0	0.0	2.522305051378019e-09	primary	optimal
bound-20260916T061948Z	CO:KM12	magnitude_g1.00	EX_3pg_e	0.0	0.0	3.2028964728503548e-09	primary	optimal
bound-20260916T061948Z	CO:KM12	magnitude_g1.00	EX_4abut_e	0.0	0.0	6.276719222070738e-09	primary	optimal
bound-20260916T061948Z	CO:KM12	magnitude_g1.00	EX_4hbz_e	0.0	0.0	1.5092210417991449e-09	primary	optimal
bound-20260916T061948Z	CO:KM12	magnitude_g1.00	EX_L2aadp_e	0.0	0.0	2.3259218052516596e-09	primary	optimal
bound-20260916T061948Z	CO:KM12	magnitude_g1.00	EX_Lkynr_e	0.0	0.0	4.986796865600519e-09	primary	optimal
bound-20260916T061948Z	CO:KM12	magnitude_g1.00	EX_acac_e	0.0	0.0	1.072154576203453e-08	primary	optimal
bound-20260916T061948Z	CO:KM12	magnitude_g1.00	EX_ade_e	0.0	0.0	1.6938533806339976e-10	primary	optimal
bound-20260916T061948Z	CO:KM12	magnitude_g1.00	EX_adn_e	0.0	0.0	1.4715199905224266e-10	primary	optimal
bound-20260916T061948Z	CO:KM12	magnitude_g1.00	EX_ahcys_e	0.0	0.0	1.2825731406849019e-10	primary	optimal
bound-20260916T061948Z	CO:KM12	magnitude_g1.00	EX_akg_e	0.0	0.0	9.885043679436234e-08	primary	optimal
bound-20260916T061948Z	CO:KM12	magnitude_g1.00	EX_ala__L_e	0.0232433299595	0.023243303953205355	0.824079507615588	primary	optimal
bound-20260916T061948Z	CO:KM12	magnitude_g1.00	EX_amp_e	0.0	0.0	1.4974329452399575e-10	primary	optimal
bound-20260916T061948Z	CO:KM12	magnitude_g1.00	EX_anth_e	0.0	0.0	3.1383259868951118e-09	primary	optimal
bound-20260916T061948Z	CO:KM12	magnitude_g1.00	EX_arg__L_e	-0.35860938014000004	-0.35860940387773255	-0.35860937940184806	primary	optimal
bound-20260916T061948Z	CO:KM12	magnitude_g1.00	EX_asn__L_e	-3.018979999228359	-3.018980121142665	-3.0189799443508347	primary	optimal
bound-20260916T061948Z	CO:KM12	magnitude_g1.00	EX_asp__L_e	-0.632996064310491	-0.6329960920468375	-0.63299604995248	primary	optimal
bound-20260916T061948Z	CO:KM12	magnitude_g1.00	EX_bilirub_e	0.0	0.0	2.396539388451879e-10	primary	optimal
bound-20260916T061948Z	CO:KM12	magnitude_g1.00	EX_cala_e	0.0	0.0	4.231887752707406e-10	primary	optimal
bound-20260916T061948Z	CO:KM12	magnitude_g1.00	EX_chol_e	-0.1716376003610001	-0.17163762409808445	-0.17163760010218182	primary	optimal
bound-20260916T061948Z	CO:KM12	magnitude_g1.00	EX_cholp_e	0.0	0.0	1.031024237785473e-09	primary	optimal
bound-20260916T061948Z	CO:KM12	magnitude_g1.00	EX_cit_e	0.0	0.0	2.6009847596011713e-08	primary	optimal
bound-20260916T061948Z	CO:KM12	magnitude_g1.00	EX_citr__L_e	0.0	0.0	6.241020623957485e-09	primary	optimal
bound-20260916T061948Z	CO:KM12	magnitude_g1.00	EX_cmp_e	0.0	0.0	3.03946579905019e-10	primary	optimal
bound-20260916T061948Z	CO:KM12	magnitude_g1.00	EX_crn_e	0.0	-1.2270363340087642e-08	4.844270201479456e-16	primary	optimal
bound-20260916T061948Z	CO:KM12	magnitude_g1.00	EX_cyst__L_e	0.0	0.0	7.602180480461427e-10	primary	optimal
bound-20260916T061948Z	CO:KM12	magnitude_g1.00	EX_cytd_e	0.0	0.0	3.0586234489831817e-10	primary	optimal
bound-20260916T061948Z	CO:KM12	magnitude_g1.00	EX_dad_2_e	0.0	0.0	1.445212056893208e-10	primary	optimal
bound-20260916T061948Z	CO:KM12	magnitude_g1.00	EX_dcmp_e	0.0	0.0	2.4155683068068034e-10	primary	optimal
bound-20260916T061948Z	CO:KM12	magnitude_g1.00	EX_dcyt_e	0.0	0.0	2.7713352481731813e-10	primary	optimal
bound-20260916T061948Z	CO:KM12	magnitude_g1.00	EX_dhap_e	0.0	0.0	1.0320114846582623e-09	primary	optimal
bound-20260916T061948Z	CO:KM12	magnitude_g1.00	EX_dmgly_e	0.0	0.0	2.636475627528501e-09	primary	optimal
bound-20260916T061948Z	CO:KM12	magnitude_g1.00	EX_duri_e	0.0	0.0	3.002791407669261e-10	primary	optimal
bound-20260916T061948Z	CO:KM12	magnitude_g1.00	EX_ethamp_e	0.0	0.0	9.198702285261647e-10	primary	optimal
bound-20260916T061948Z	CO:KM12	magnitude_g1.00	EX_fol_e	1.2528097683009297e-16	-9.885664090996612e-08	-2.6684516468544977e-16	primary	optimal
bound-20260916T061948Z	CO:KM12	magnitude_g1.00	EX_fum_e	0.1253492634558049	0.12534826342386593	0.12534985435466173	primary	optimal
bound-20260916T061948Z	CO:KM12	magnitude_g1.00	EX_g3pc_e	0.0	0.0	9.804771880886534e-10	primary	optimal
bound-20260916T061948Z	CO:KM12	magnitude_g1.00	EX_glc__D_e	-3.4937644817185696	-3.4937654856935363	-3.4188783310949074	primary	optimal
bound-20260916T061948Z	CO:KM12	magnitude_g1.00	EX_glcur_e	0.0	0.0	8.337575694068045e-09	primary	optimal
bound-20260916T061948Z	CO:KM12	magnitude_g1.00	EX_gln__L_e	-6.063294539676069	-6.06329456741262	-6.06329426781165	primary	optimal
bound-20260916T061948Z	CO:KM12	magnitude_g1.00	EX_glu__L_e	-3.5721901667422893	-3.572190643620032	-3.572190059662712	primary	optimal
bound-20260916T061948Z	CO:KM12	magnitude_g1.00	EX_gly_e	0.0	-3.7230456229734396e-08	6.549477216853592e-08	primary	optimal
bound-20260916T061948Z	CO:KM12	magnitude_g1.00	EX_glyald_e	0.0	0.0	8.466916154904554e-09	primary	optimal
bound-20260916T061948Z	CO:KM12	magnitude_g1.00	EX_glyb_e	0.0	0.0	5.07993283174615e-09	primary	optimal
bound-20260916T061948Z	CO:KM12	magnitude_g1.00	EX_glyc3p_e	0.0	0.0	1.0320352308802214e-09	primary	optimal
bound-20260916T061948Z	CO:KM12	magnitude_g1.00	EX_gmp_e	0.0	0.0	1.7172145899726583e-10	primary	optimal
bound-20260916T061948Z	CO:KM12	magnitude_g1.00	EX_gthox_e	0.0	0.0	7.233310625470149e-09	primary	optimal
bound-20260916T061948Z	CO:KM12	magnitude_g1.00	EX_hcys__L_e	0.0	0.0	7.836827610319499e-10	primary	optimal
bound-20260916T061948Z	CO:KM12	magnitude_g1.00	EX_hom__L_e	0.0	0.0	0.0	primary	optimal
bound-20260916T061948Z	CO:KM12	magnitude_g1.00	EX_hxan_e	0.0	0.0	2.0200253185006427e-10	primary	optimal
bound-20260916T061948Z	CO:KM12	magnitude_g1.00	EX_icit_e	4.589771633453656	4.589771109298841	4.589771678227243	primary	optimal
bound-20260916T061948Z	CO:KM12	magnitude_g1.00	EX_ile__L_e	-0.2855599127419998	-0.2855599364775285	-0.2855599127419992	primary	optimal
bound-20260916T061948Z	CO:KM12	magnitude_g1.00	EX_imp_e	0.0	0.0	1.6833623958981415e-10	primary	optimal
bound-20260916T061948Z	CO:KM12	magnitude_g1.00	EX_ins_e	0.0	0.0	1.6725319531943751e-10	primary	optimal
bound-20260916T061948Z	CO:KM12	magnitude_g1.00	EX_lac__L_e	0.0	-9.724089485160914e-09	0.22466131552512184	primary	optimal
bound-20260916T061948Z	CO:KM12	magnitude_g1.00	EX_lcts_e	0.0	0.0	1.2721348463877675e-09	primary	optimal
bound-20260916T061948Z	CO:KM12	magnitude_g1.00	EX_leu__L_e	-0.544556019816	-0.5445560435519095	-0.5445560198160007	primary	optimal
bound-20260916T061948Z	CO:KM12	magnitude_g1.00	EX_lys__L_e	-0.591041681546	-0.5910417063677489	-0.591041681546	primary	optimal
bound-20260916T061948Z	CO:KM12	magnitude_g1.00	EX_mal__L_e	2.0993484802232055e-07	0.0	1.087400790393756e-06	primary	optimal
bound-20260916T061948Z	CO:KM12	magnitude_g1.00	EX_met__L_e	-0.15274088440199998	-0.15274097067634368	-0.15274088440199998	primary	optimal
bound-20260916T061948Z	CO:KM12	magnitude_g1.00	EX_nac_e	3.0603249388079052e-15	0.0	5.033293367498378e-09	primary	optimal
bound-20260916T061948Z	CO:KM12	magnitude_g1.00	EX_ncam_e	0.0	-2.3737775285405397e-08	0.0	primary	optimal
bound-20260916T061948Z	CO:KM12	magnitude_g1.00	EX_nicrnt_e	0.0	0.0	4.686271349520903e-10	primary	optimal
bound-20260916T061948Z	CO:KM12	magnitude_g1.00	EX_orn_e	0.0	0.0	1.6372331524477695e-08	primary	optimal
bound-20260916T061948Z	CO:KM12	magnitude_g1.00	EX_orot5p_e	0.0	0.0	2.5570773032039767e-10	primary	optimal
bound-20260916T061948Z	CO:KM12	magnitude_g1.00	EX_orot_e	0.0	0.0	5.161430407745456e-10	primary	optimal
bound-20260916T061948Z	CO:KM12	magnitude_g1.00	EX_oxa_e	0.0	0.0	2.3662411727788652e-09	primary	optimal
bound-20260916T061948Z	CO:KM12	magnitude_g1.00	EX_pep_e	0.0	0.0	1.2506704777272206e-09	primary	optimal
bound-20260916T061948Z	CO:KM12	magnitude_g1.00	EX_phe__L_e	-0.258996107074	-0.25899613247628606	-0.258996107074	primary	optimal
bound-20260916T061948Z	CO:KM12	magnitude_g1.00	EX_pnto__R_e	0.0	-2.373762404591278e-08	2.6009546114645337e-08	primary	optimal
bound-20260916T061948Z	CO:KM12	magnitude_g1.00	EX_pro__L_e	-0.411736991476	-0.41173701629799647	-0.4117369855289922	primary	optimal
bound-20260916T061948Z	CO:KM12	magnitude_g1.00	EX_quln_e	0.0	0.0	2.064561754086097e-09	primary	optimal
bound-20260916T061948Z	CO:KM12	magnitude_g1.00	EX_sbt__D_e	0.0	0.0	0.0	primary	optimal
bound-20260916T061948Z	CO:KM12	magnitude_g1.00	EX_ser__L_e	-2.0839837755144592	-2.233756076798616	-2.083981767564648	primary	optimal
bound-20260916T061948Z	CO:KM12	magnitude_g1.00	EX_spmd_e	0.0	0.0	3.7234894280939104e-10	primary	optimal
bound-20260916T061948Z	CO:KM12	magnitude_g1.00	EX_sprm_e	0.0	0.0	1.9253724680584632e-10	primary	optimal
bound-20260916T061948Z	CO:KM12	magnitude_g1.00	EX_srtn_e	0.0	0.0	5.033150147942257e-09	primary	optimal
bound-20260916T061948Z	CO:KM12	magnitude_g1.00	EX_succ_e	2.4429602892755726	2.4429602255884695	2.442960487375066	primary	optimal
bound-20260916T061948Z	CO:KM12	magnitude_g1.00	EX_sucr_e	0.0	0.0	0.0	primary	optimal
bound-20260916T061948Z	CO:KM12	magnitude_g1.00	EX_taur_e	0.0	0.0	2.6007545927843137e-08	primary	optimal
bound-20260916T061948Z	CO:KM12	magnitude_g1.00	EX_tchola_e	0.0	0.0	7.833119532038072e-10	primary	optimal
bound-20260916T061948Z	CO:KM12	magnitude_g1.00	EX_thr__L_e	-0.31212371841000003	-0.3121237421465665	-0.31212371841000003	primary	optimal
bound-20260916T061948Z	CO:KM12	magnitude_g1.00	EX_thym_e	0.0	0.0	3.352442049922458e-10	primary	optimal
bound-20260916T061948Z	CO:KM12	magnitude_g1.00	EX_thymd_e	0.0	0.0	2.634030633200389e-10	primary	optimal
bound-20260916T061948Z	CO:KM12	magnitude_g1.00	EX_trp__L_e	-0.013281902834000001	-0.01328192657045286	-0.013281902834000001	primary	optimal
bound-20260916T061948Z	CO:KM12	magnitude_g1.00	EX_tyr__L_e	-0.159381835819	-0.15938185955507161	-0.15938181041865862	primary	optimal
bound-20260916T061948Z	CO:KM12	magnitude_g1.00	EX_ump_e	0.0	0.0	1.754980635908461e-10	primary	optimal
bound-20260916T061948Z	CO:KM12	magnitude_g1.00	EX_ura_e	0.0	0.0	4.3036042519565136e-10	primary	optimal
bound-20260916T061948Z	CO:KM12	magnitude_g1.00	EX_urate_e	0.0	0.0	1.972593696369328e-10	primary	optimal
bound-20260916T061948Z	CO:KM12	magnitude_g1.00	EX_uri_e	0.0	0.0	3.0372397325324083e-10	primary	optimal
bound-20260916T061948Z	CO:KM12	magnitude_g1.00	EX_val__L_e	-0.35196844787865533	-0.35196845246042374	-0.35196842872299994	primary	optimal
bound-20260916T061948Z	CO:KM12	magnitude_g1.00	EX_xan_e	0.0	0.0	1.9855255105403163e-10	primary	optimal
bound-20260916T061948Z	CO:KM12	magnitude_g1.00	EX_xmp_e	0.0	0.0	1.675639237261183e-10	primary	optimal
bound-20260916T061948Z	CO:KM12	magnitude_g1.00	EX_xtsn_e	0.0	0.0	1.6868126849664197e-10	primary	optimal
bound-20260916T061948Z	CO:SW-620	magnitude_g1.00	EX_2pg_e	0.0	0.0	1.0126554556033495e-09	primary	optimal
bound-20260916T061948Z	CO:SW-620	magnitude_g1.00	EX_34hpp_e	0.0	0.0	1.0700166464464192e-08	primary	optimal
bound-20260916T061948Z	CO:SW-620	magnitude_g1.00	EX_3hanthrn_e	0.0	0.0	2.0868479301357293e-09	primary	optimal
bound-20260916T061948Z	CO:SW-620	magnitude_g1.00	EX_3pg_e	0.0	0.0	2.65237477624368e-09	primary	optimal
bound-20260916T061948Z	CO:SW-620	magnitude_g1.00	EX_4abut_e	0.0	0.0	5.1852390952327405e-09	primary	optimal
bound-20260916T061948Z	CO:SW-620	magnitude_g1.00	EX_4hbz_e	0.0	0.0	1.2597001576115168e-09	primary	optimal
bound-20260916T061948Z	CO:SW-620	magnitude_g1.00	EX_L2aadp_e	0.0	0.0	1.916505238234879e-09	primary	optimal
bound-20260916T061948Z	CO:SW-620	magnitude_g1.00	EX_Lkynr_e	0.0	0.0	4.126279102220624e-09	primary	optimal
bound-20260916T061948Z	CO:SW-620	magnitude_g1.00	EX_acac_e	0.0	0.0	8.089250157203635e-09	primary	optimal
bound-20260916T061948Z	CO:SW-620	magnitude_g1.00	EX_ade_e	0.0	0.0	1.3869944422139439e-10	primary	optimal
bound-20260916T061948Z	CO:SW-620	magnitude_g1.00	EX_adn_e	0.0	0.0	1.2056845833019854e-10	primary	optimal
bound-20260916T061948Z	CO:SW-620	magnitude_g1.00	EX_ahcys_e	0.0	0.0	1.0562533962069311e-10	primary	optimal
bound-20260916T061948Z	CO:SW-620	magnitude_g1.00	EX_akg_e	0.0	0.0	9.923549585212177e-08	primary	optimal
bound-20260916T061948Z	CO:SW-620	magnitude_g1.00	EX_ala__L_e	0.0232433299595	0.023243308558455942	1.0557368725379204	primary	optimal
bound-20260916T061948Z	CO:SW-620	magnitude_g1.00	EX_amp_e	0.0	0.0	1.2144107313306778e-10	primary	optimal
bound-20260916T061948Z	CO:SW-620	magnitude_g1.00	EX_anth_e	0.0	0.0	2.5925117061650713e-09	primary	optimal
bound-20260916T061948Z	CO:SW-620	magnitude_g1.00	EX_arg__L_e	-0.35860938014000004	-0.35860939998491637	-0.3586093795312711	primary	optimal
bound-20260916T061948Z	CO:SW-620	magnitude_g1.00	EX_asn__L_e	-3.018025093635496	-3.018025184358427	-3.018025043263185	primary	optimal
bound-20260916T061948Z	CO:SW-620	magnitude_g1.00	EX_asp__L_e	-0.6329960643104877	-0.6329960841566817	-0.6329960498763821	primary	optimal
bound-20260916T061948Z	CO:SW-620	magnitude_g1.00	EX_bilirub_e	0.0	0.0	1.9812647953958776e-10	primary	optimal
bound-20260916T061948Z	CO:SW-620	magnitude_g1.00	EX_cala_e	0.0	0.0	3.5025042070177963e-10	primary	optimal
bound-20260916T061948Z	CO:SW-620	magnitude_g1.00	EX_chol_e	-0.17163760036099998	-0.17163762020627565	-0.1716376001478701	primary	optimal
bound-20260916T061948Z	CO:SW-620	magnitude_g1.00	EX_cholp_e	0.0	0.0	8.499907862942655e-10	primary	optimal
bound-20260916T061948Z	CO:SW-620	magnitude_g1.00	EX_cit_e	0.0	0.0	2.1400230125309072e-08	primary	optimal
bound-20260916T061948Z	CO:SW-620	magnitude_g1.00	EX_citr__L_e	0.0	0.0	5.148732322675624e-09	primary	optimal
bound-20260916T061948Z	CO:SW-620	magnitude_g1.00	EX_cmp_e	0.0	0.0	2.504203436449749e-10	primary	optimal
bound-20260916T061948Z	CO:SW-620	magnitude_g1.00	EX_crn_e	2.3997724446387417e-18	-1.0446499920332245e-08	-1.8130089943027667e-14	primary	optimal
bound-20260916T061948Z	CO:SW-620	magnitude_g1.00	EX_cyst__L_e	0.0	0.0	6.278225465650326e-10	primary	optimal
bound-20260916T061948Z	CO:SW-620	magnitude_g1.00	EX_cytd_e	0.0	0.0	2.5206396131094703e-10	primary	optimal
bound-20260916T061948Z	CO:SW-620	magnitude_g1.00	EX_dad_2_e	0.0	0.0	1.217660887384343e-10	primary	optimal
bound-20260916T061948Z	CO:SW-620	magnitude_g1.00	EX_dcmp_e	0.0	0.0	1.9907685860770512e-10	primary	optimal
bound-20260916T061948Z	CO:SW-620	magnitude_g1.00	EX_dcyt_e	0.0	0.0	2.2832520691483445e-10	primary	optimal
bound-20260916T061948Z	CO:SW-620	magnitude_g1.00	EX_dhap_e	0.0	0.0	8.506781281402244e-10	primary	optimal
bound-20260916T061948Z	CO:SW-620	magnitude_g1.00	EX_dmgly_e	0.0	0.0	2.178298759889188e-09	primary	optimal
bound-20260916T061948Z	CO:SW-620	magnitude_g1.00	EX_duri_e	0.0	0.0	2.5630938087752225e-10	primary	optimal
bound-20260916T061948Z	CO:SW-620	magnitude_g1.00	EX_ethamp_e	0.0	0.0	7.582636117517903e-10	primary	optimal
bound-20260916T061948Z	CO:SW-620	magnitude_g1.00	EX_fol_e	6.459800367801667e-17	-9.923526904939713e-08	-1.1583476306147055e-14	primary	optimal
bound-20260916T061948Z	CO:SW-620	magnitude_g1.00	EX_fum_e	0.2254002161160377	0.2253995434020623	0.22540049960984376	primary	optimal
bound-20260916T061948Z	CO:SW-620	magnitude_g1.00	EX_g3pc_e	0.0	0.0	8.085365968757828e-10	primary	optimal
bound-20260916T061948Z	CO:SW-620	magnitude_g1.00	EX_glc__D_e	-3.2411589057326196	-3.2411590204190643	-3.2411586069169616	primary	optimal
bound-20260916T061948Z	CO:SW-620	magnitude_g1.00	EX_glcur_e	0.0	0.0	6.974318153425029e-09	primary	optimal
bound-20260916T061948Z	CO:SW-620	magnitude_g1.00	EX_gln__L_e	-6.182932972975169	-6.182932992820417	-6.182932730402698	primary	optimal
bound-20260916T061948Z	CO:SW-620	magnitude_g1.00	EX_glu__L_e	-3.779179581186753	-3.77917999713451	-3.7791794791205846	primary	optimal
bound-20260916T061948Z	CO:SW-620	magnitude_g1.00	EX_gly_e	0.0	-3.0963016872134784e-08	5.526827651588762e-08	primary	optimal
bound-20260916T061948Z	CO:SW-620	magnitude_g1.00	EX_glyald_e	0.0	0.0	6.99654408909711e-09	primary	optimal
bound-20260916T061948Z	CO:SW-620	magnitude_g1.00	EX_glyb_e	0.0	0.0	4.198807778194134e-09	primary	optimal
bound-20260916T061948Z	CO:SW-620	magnitude_g1.00	EX_glyc3p_e	0.0	0.0	8.50078142713085e-10	primary	optimal
bound-20260916T061948Z	CO:SW-620	magnitude_g1.00	EX_gmp_e	0.0	0.0	1.4142779084745714e-10	primary	optimal
bound-20260916T061948Z	CO:SW-620	magnitude_g1.00	EX_gthox_e	0.0	0.0	5.948264374542983e-09	primary	optimal
bound-20260916T061948Z	CO:SW-620	magnitude_g1.00	EX_hcys__L_e	0.0	0.0	6.97883358753022e-10	primary	optimal
bound-20260916T061948Z	CO:SW-620	magnitude_g1.00	EX_hom__L_e	0.0	0.0	0.0	primary	optimal
bound-20260916T061948Z	CO:SW-620	magnitude_g1.00	EX_hxan_e	0.0	0.0	1.663282632313488e-10	primary	optimal
bound-20260916T061948Z	CO:SW-620	magnitude_g1.00	EX_icit_e	4.735994580651312	4.735994237091925	4.735994616628363	primary	optimal
bound-20260916T061948Z	CO:SW-620	magnitude_g1.00	EX_ile__L_e	-0.2855599127419999	-0.2855599325859943	-0.285559912741999	primary	optimal
bound-20260916T061948Z	CO:SW-620	magnitude_g1.00	EX_imp_e	0.0	0.0	1.386215397527252e-10	primary	optimal
bound-20260916T061948Z	CO:SW-620	magnitude_g1.00	EX_ins_e	0.0	0.0	1.3774304486585907e-10	primary	optimal
bound-20260916T061948Z	CO:SW-620	magnitude_g1.00	EX_lac__L_e	0.0	-8.099055210369346e-09	1.091599988810477e-06	primary	optimal
bound-20260916T061948Z	CO:SW-620	magnitude_g1.00	EX_lcts_e	0.0	0.0	6.450394947822139e-10	primary	optimal
bound-20260916T061948Z	CO:SW-620	magnitude_g1.00	EX_leu__L_e	-0.544556019816	-0.5445560396614525	-0.544556019816	primary	optimal
bound-20260916T061948Z	CO:SW-620	magnitude_g1.00	EX_lys__L_e	-0.591041681546	-0.5910417024002618	-0.591041681546	primary	optimal
bound-20260916T061948Z	CO:SW-620	magnitude_g1.00	EX_mal__L_e	0.0	0.0	5.458513045993557e-07	primary	optimal
bound-20260916T061948Z	CO:SW-620	magnitude_g1.00	EX_met__L_e	-0.15274088440199998	-0.15274096677191248	-0.15274088440199998	primary	optimal
bound-20260916T061948Z	CO:SW-620	magnitude_g1.00	EX_nac_e	-4.310316815222402e-17	0.0	4.150107901930762e-09	primary	optimal
bound-20260916T061948Z	CO:SW-620	magnitude_g1.00	EX_ncam_e	0.0	-1.9844235226183864e-08	-8.14476851444398e-15	primary	optimal
bound-20260916T061948Z	CO:SW-620	magnitude_g1.00	EX_nicrnt_e	0.0	0.0	3.8585740129723773e-10	primary	optimal
bound-20260916T061948Z	CO:SW-620	magnitude_g1.00	EX_orn_e	0.0	0.0	1.3773356084428925e-08	primary	optimal
bound-20260916T061948Z	CO:SW-620	magnitude_g1.00	EX_orot5p_e	0.0	0.0	2.1065220735751282e-10	primary	optimal
bound-20260916T061948Z	CO:SW-620	magnitude_g1.00	EX_orot_e	0.0	0.0	4.25399441548646e-10	primary	optimal
bound-20260916T061948Z	CO:SW-620	magnitude_g1.00	EX_oxa_e	0.0	0.0	1.953417870527761e-09	primary	optimal
bound-20260916T061948Z	CO:SW-620	magnitude_g1.00	EX_pep_e	0.0	0.0	1.0306572607161186e-09	primary	optimal
bound-20260916T061948Z	CO:SW-620	magnitude_g1.00	EX_phe__L_e	-0.258996107074	-0.25899612806435346	-0.258996107074	primary	optimal
bound-20260916T061948Z	CO:SW-620	magnitude_g1.00	EX_pnto__R_e	0.0	-1.9845161793735406e-08	2.1399645150711933e-08	primary	optimal
bound-20260916T061948Z	CO:SW-620	magnitude_g1.00	EX_pro__L_e	-0.411736991476	-0.411737012330672	-0.41173698655390056	primary	optimal
bound-20260916T061948Z	CO:SW-620	magnitude_g1.00	EX_quln_e	0.0	0.0	1.7202206052519408e-09	primary	optimal
bound-20260916T061948Z	CO:SW-620	magnitude_g1.00	EX_sbt__D_e	0.0	0.0	0.0	primary	optimal
bound-20260916T061948Z	CO:SW-620	magnitude_g1.00	EX_ser__L_e	-2.4654128438645397	-2.4654134414892637	-2.465412614497664	primary	optimal
bound-20260916T061948Z	CO:SW-620	magnitude_g1.00	EX_spmd_e	0.0	0.0	3.0690985130330245e-10	primary	optimal
bound-20260916T061948Z	CO:SW-620	magnitude_g1.00	EX_sprm_e	0.0	0.0	1.6108474958122347e-10	primary	optimal
bound-20260916T061948Z	CO:SW-620	magnitude_g1.00	EX_srtn_e	0.0	0.0	4.158115726655236e-09	primary	optimal
bound-20260916T061948Z	CO:SW-620	magnitude_g1.00	EX_succ_e	2.6901888847914988	2.690188818811864	2.6901890322182718	primary	optimal
bound-20260916T061948Z	CO:SW-620	magnitude_g1.00	EX_sucr_e	0.0	0.0	0.0	primary	optimal
bound-20260916T061948Z	CO:SW-620	magnitude_g1.00	EX_taur_e	0.0	0.0	2.140175381070929e-08	primary	optimal
bound-20260916T061948Z	CO:SW-620	magnitude_g1.00	EX_tchola_e	0.0	0.0	7.227716135068177e-10	primary	optimal
bound-20260916T061948Z	CO:SW-620	magnitude_g1.00	EX_thr__L_e	-0.31212371841000003	-0.3121237382547541	-0.3121237184100001	primary	optimal
bound-20260916T061948Z	CO:SW-620	magnitude_g1.00	EX_thym_e	0.0	0.0	2.7628429260275614e-10	primary	optimal
bound-20260916T061948Z	CO:SW-620	magnitude_g1.00	EX_thymd_e	0.0	0.0	2.1704064381488302e-10	primary	optimal
bound-20260916T061948Z	CO:SW-620	magnitude_g1.00	EX_trp__L_e	-0.013281902834000001	-0.013281922680632701	-0.013281902834000455	primary	optimal
bound-20260916T061948Z	CO:SW-620	magnitude_g1.00	EX_tyr__L_e	-0.15938183581899998	-0.15938185566364343	-0.159381814828865	primary	optimal
bound-20260916T061948Z	CO:SW-620	magnitude_g1.00	EX_ump_e	0.0	0.0	1.4289652267932625e-10	primary	optimal
bound-20260916T061948Z	CO:SW-620	magnitude_g1.00	EX_ura_e	0.0	0.0	3.5459953957455187e-10	primary	optimal
bound-20260916T061948Z	CO:SW-620	magnitude_g1.00	EX_urate_e	0.0	0.0	1.6245252020521684e-10	primary	optimal
bound-20260916T061948Z	CO:SW-620	magnitude_g1.00	EX_uri_e	0.0	0.0	2.501797342859849e-10	primary	optimal
bound-20260916T061948Z	CO:SW-620	magnitude_g1.00	EX_val__L_e	-0.3519684485682191	-0.3519684485676281	-0.351968428723	primary	optimal
bound-20260916T061948Z	CO:SW-620	magnitude_g1.00	EX_xan_e	0.0	0.0	1.632890246064577e-10	primary	optimal
bound-20260916T061948Z	CO:SW-620	magnitude_g1.00	EX_xmp_e	0.0	0.0	1.3784789506525263e-10	primary	optimal
bound-20260916T061948Z	CO:SW-620	magnitude_g1.00	EX_xtsn_e	0.0	0.0	1.3873408409045897e-10	primary	optimal
bound-20260916T061948Z	LC:A549/ATCC	magnitude_g1.00	EX_2pg_e	0.0	0.0	1.4072832332181277e-10	primary	optimal
bound-20260916T061948Z	LC:A549/ATCC	magnitude_g1.00	EX_34hpp_e	0.0	0.0	1.7001375541258914e-09	primary	optimal
bound-20260916T061948Z	LC:A549/ATCC	magnitude_g1.00	EX_3hanthrn_e	0.0	0.0	4.837351776815983e-10	primary	optimal
bound-20260916T061948Z	LC:A549/ATCC	magnitude_g1.00	EX_3pg_e	0.0	0.0	5.661821035277042e-10	primary	optimal
bound-20260916T061948Z	LC:A549/ATCC	magnitude_g1.00	EX_4abut_e	0.0	0.0	8.462026129000052e-10	primary	optimal
bound-20260916T061948Z	LC:A549/ATCC	magnitude_g1.00	EX_4hbz_e	0.0	0.0	2.9126787465549806e-10	primary	optimal
bound-20260916T061948Z	LC:A549/ATCC	magnitude_g1.00	EX_L2aadp_e	0.0	0.0	3.626081648443959e-10	primary	optimal
bound-20260916T061948Z	LC:A549/ATCC	magnitude_g1.00	EX_Lkynr_e	0.0	0.0	6.762721697957557e-10	primary	optimal
bound-20260916T061948Z	LC:A549/ATCC	magnitude_g1.00	EX_acac_e	0.0	0.0	1.4442517630854236e-09	primary	optimal
bound-20260916T061948Z	LC:A549/ATCC	magnitude_g1.00	EX_ade_e	0.0	0.0	1.9939062367668085e-11	primary	optimal
bound-20260916T061948Z	LC:A549/ATCC	magnitude_g1.00	EX_adn_e	0.0	0.0	1.7106903539289534e-11	primary	optimal
bound-20260916T061948Z	LC:A549/ATCC	magnitude_g1.00	EX_ahcys_e	0.0	0.0	1.7026332298276848e-11	primary	optimal
bound-20260916T061948Z	LC:A549/ATCC	magnitude_g1.00	EX_akg_e	0.0	0.0	9.937022776886156e-08	primary	optimal
bound-20260916T061948Z	LC:A549/ATCC	magnitude_g1.00	EX_ala__L_e	0.0232433299595	0.023243326557547364	0.9343214160786765	primary	optimal
bound-20260916T061948Z	LC:A549/ATCC	magnitude_g1.00	EX_amp_e	0.0	0.0	1.719404246509733e-11	primary	optimal
bound-20260916T061948Z	LC:A549/ATCC	magnitude_g1.00	EX_anth_e	0.0	0.0	4.231967356601064e-10	primary	optimal
bound-20260916T061948Z	LC:A549/ATCC	magnitude_g1.00	EX_arg__L_e	-0.35860938014000004	-0.35860938350015287	-0.3586093800539098	primary	optimal
bound-20260916T061948Z	LC:A549/ATCC	magnitude_g1.00	EX_asn__L_e	-3.0561520153575166	-3.056152035843684	-3.0561520077863538	primary	optimal
bound-20260916T061948Z	LC:A549/ATCC	magnitude_g1.00	EX_asp__L_e	-0.6177033117515753	-0.6177033151120914	-0.6177032951730693	primary	optimal
bound-20260916T061948Z	LC:A549/ATCC	magnitude_g1.00	EX_bilirub_e	0.0	0.0	3.1857599310682987e-11	primary	optimal
bound-20260916T061948Z	LC:A549/ATCC	magnitude_g1.00	EX_cala_e	0.0	0.0	4.9659199997401157e-11	primary	optimal
bound-20260916T061948Z	LC:A549/ATCC	magnitude_g1.00	EX_chol_e	-0.17163760036099998	-0.17163760372500386	-0.17163760032800468	primary	optimal
bound-20260916T061948Z	LC:A549/ATCC	magnitude_g1.00	EX_cholp_e	0.0	0.0	1.207266979610168e-10	primary	optimal
bound-20260916T061948Z	LC:A549/ATCC	magnitude_g1.00	EX_cit_e	0.0	0.0	3.4028574755496553e-09	primary	optimal
bound-20260916T061948Z	LC:A549/ATCC	magnitude_g1.00	EX_citr__L_e	0.0	0.0	8.453319378211784e-10	primary	optimal
bound-20260916T061948Z	LC:A549/ATCC	magnitude_g1.00	EX_cmp_e	0.0	0.0	3.596236361604446e-11	primary	optimal
bound-20260916T061948Z	LC:A549/ATCC	magnitude_g1.00	EX_crn_e	-4.799544889277483e-16	-1.6965995176363275e-09	-6.112630769581931e-18	primary	optimal
bound-20260916T061948Z	LC:A549/ATCC	magnitude_g1.00	EX_cyst__L_e	0.0	0.0	9.80165890478856e-11	primary	optimal
bound-20260916T061948Z	LC:A549/ATCC	magnitude_g1.00	EX_cytd_e	0.0	0.0	3.6343995139565616e-11	primary	optimal
bound-20260916T061948Z	LC:A549/ATCC	magnitude_g1.00	EX_dad_2_e	0.0	0.0	1.7173239190969763e-11	primary	optimal
bound-20260916T061948Z	LC:A549/ATCC	magnitude_g1.00	EX_dcmp_e	0.0	0.0	2.8392055916012323e-11	primary	optimal
bound-20260916T061948Z	LC:A549/ATCC	magnitude_g1.00	EX_dcyt_e	0.0	0.0	3.250201765216279e-11	primary	optimal
bound-20260916T061948Z	LC:A549/ATCC	magnitude_g1.00	EX_dhap_e	0.0	0.0	1.2071029254966579e-10	primary	optimal
bound-20260916T061948Z	LC:A549/ATCC	magnitude_g1.00	EX_dmgly_e	0.0	0.0	3.5186004784166025e-10	primary	optimal
bound-20260916T061948Z	LC:A549/ATCC	magnitude_g1.00	EX_duri_e	0.0	0.0	3.6729167070426554e-11	primary	optimal
bound-20260916T061948Z	LC:A549/ATCC	magnitude_g1.00	EX_ethamp_e	0.0	0.0	1.0908626498566538e-10	primary	optimal
bound-20260916T061948Z	LC:A549/ATCC	magnitude_g1.00	EX_fol_e	1.0179079367445054e-16	-9.937371176061582e-08	7.452209462072005e-16	primary	optimal
bound-20260916T061948Z	LC:A549/ATCC	magnitude_g1.00	EX_fum_e	0.507812503892541	0.5078120128795041	0.5078125593496541	primary	optimal
bound-20260916T061948Z	LC:A549/ATCC	magnitude_g1.00	EX_g3pc_e	0.0	0.0	1.1390819111298618e-10	primary	optimal
bound-20260916T061948Z	LC:A549/ATCC	magnitude_g1.00	EX_glc__D_e	-3.3556621929342287	-3.3556624270666116	-3.355662012684408	primary	optimal
bound-20260916T061948Z	LC:A549/ATCC	magnitude_g1.00	EX_glcur_e	0.0	0.0	1.1297752653544925e-09	primary	optimal
bound-20260916T061948Z	LC:A549/ATCC	magnitude_g1.00	EX_gln__L_e	-6.139921651496444	-6.139921654856529	-6.139921391952294	primary	optimal
bound-20260916T061948Z	LC:A549/ATCC	magnitude_g1.00	EX_glu__L_e	-3.759266949079178	-3.7592672859378182	-3.759266800013624	primary	optimal
bound-20260916T061948Z	LC:A549/ATCC	magnitude_g1.00	EX_gly_e	0.0	-4.8398637987530544e-09	1.0990139759064474e-08	primary	optimal
bound-20260916T061948Z	LC:A549/ATCC	magnitude_g1.00	EX_glyald_e	0.0	0.0	1.130833874457338e-09	primary	optimal
bound-20260916T061948Z	LC:A549/ATCC	magnitude_g1.00	EX_glyb_e	0.0	0.0	6.788756176243242e-10	primary	optimal
bound-20260916T061948Z	LC:A549/ATCC	magnitude_g1.00	EX_glyc3p_e	0.0	0.0	1.2071628759973263e-10	primary	optimal
bound-20260916T061948Z	LC:A549/ATCC	magnitude_g1.00	EX_gmp_e	0.0	0.0	2.004165910334494e-11	primary	optimal
bound-20260916T061948Z	LC:A549/ATCC	magnitude_g1.00	EX_gthox_e	0.0	0.0	1.6811663036978222e-09	primary	optimal
bound-20260916T061948Z	LC:A549/ATCC	magnitude_g1.00	EX_hcys__L_e	0.0	0.0	1.109776427402497e-10	primary	optimal
bound-20260916T061948Z	LC:A549/ATCC	magnitude_g1.00	EX_hom__L_e	0.0	0.0	0.0	primary	optimal
bound-20260916T061948Z	LC:A549/ATCC	magnitude_g1.00	EX_hxan_e	0.0	0.0	2.363619681790904e-11	primary	optimal
bound-20260916T061948Z	LC:A549/ATCC	magnitude_g1.00	EX_icit_e	4.7586449401868665	4.758644561006404	4.758644943721536	primary	optimal
bound-20260916T061948Z	LC:A549/ATCC	magnitude_g1.00	EX_ile__L_e	-0.28555991274200004	-0.28555991610682624	-0.2855599127419999	primary	optimal
bound-20260916T061948Z	LC:A549/ATCC	magnitude_g1.00	EX_imp_e	0.0	0.0	1.9689265143783576e-11	primary	optimal
bound-20260916T061948Z	LC:A549/ATCC	magnitude_g1.00	EX_ins_e	0.0	0.0	1.9601542469759308e-11	primary	optimal
bound-20260916T061948Z	LC:A549/ATCC	magnitude_g1.00	EX_lac__L_e	0.0	-1.1778137973768954e-09	1.0927608686104237e-06	primary	optimal
bound-20260916T061948Z	LC:A549/ATCC	magnitude_g1.00	EX_lcts_e	0.0	0.0	8.716813115836732e-11	primary	optimal
bound-20260916T061948Z	LC:A549/ATCC	magnitude_g1.00	EX_leu__L_e	-0.5445560198160003	-0.544556023178065	-0.5445560198160008	primary	optimal
bound-20260916T061948Z	LC:A549/ATCC	magnitude_g1.00	EX_lys__L_e	-0.591041681546	-0.5910416849346969	-0.591041681546	primary	optimal
bound-20260916T061948Z	LC:A549/ATCC	magnitude_g1.00	EX_mal__L_e	0.0	0.0	5.465184379617548e-07	primary	optimal
bound-20260916T061948Z	LC:A549/ATCC	magnitude_g1.00	EX_met__L_e	-0.15274088440199998	-0.152740896159843	-0.15274088440199995	primary	optimal
bound-20260916T061948Z	LC:A549/ATCC	magnitude_g1.00	EX_nac_e	6.594784727290275e-15	0.0	6.769702514301881e-10	primary	optimal
bound-20260916T061948Z	LC:A549/ATCC	magnitude_g1.00	EX_ncam_e	0.0	-3.363522040921584e-09	-1.1309396503721024e-15	primary	optimal
bound-20260916T061948Z	LC:A549/ATCC	magnitude_g1.00	EX_nicrnt_e	0.0	0.0	5.54489820542422e-11	primary	optimal
bound-20260916T061948Z	LC:A549/ATCC	magnitude_g1.00	EX_orn_e	0.0	0.0	2.546583483829786e-09	primary	optimal
bound-20260916T061948Z	LC:A549/ATCC	magnitude_g1.00	EX_orot5p_e	0.0	0.0	2.986665769517386e-11	primary	optimal
bound-20260916T061948Z	LC:A549/ATCC	magnitude_g1.00	EX_orot_e	0.0	0.0	6.0191814361273e-11	primary	optimal
bound-20260916T061948Z	LC:A549/ATCC	magnitude_g1.00	EX_oxa_e	0.0	0.0	3.3256222579324204e-10	primary	optimal
bound-20260916T061948Z	LC:A549/ATCC	magnitude_g1.00	EX_pep_e	0.0	0.0	1.5580833645829895e-10	primary	optimal
bound-20260916T061948Z	LC:A549/ATCC	magnitude_g1.00	EX_phe__L_e	-0.258996107074	-0.2589961104653079	-0.258996107074	primary	optimal
bound-20260916T061948Z	LC:A549/ATCC	magnitude_g1.00	EX_pnto__R_e	0.0	-3.3598341373324523e-09	3.40177718073991e-09	primary	optimal
bound-20260916T061948Z	LC:A549/ATCC	magnitude_g1.00	EX_pro__L_e	-0.411736991476	-0.4117369948646064	-0.41173699068566527	primary	optimal
bound-20260916T061948Z	LC:A549/ATCC	magnitude_g1.00	EX_quln_e	0.0	0.0	2.8183457243293235e-10	primary	optimal
bound-20260916T061948Z	LC:A549/ATCC	magnitude_g1.00	EX_sbt__D_e	0.0	0.0	0.0	primary	optimal
bound-20260916T061948Z	LC:A549/ATCC	magnitude_g1.00	EX_ser__L_e	-2.332528076523554	-2.3325284079980517	-2.3325275797556686	primary	optimal
bound-20260916T061948Z	LC:A549/ATCC	magnitude_g1.00	EX_spmd_e	0.0	0.0	4.753445185398416e-11	primary	optimal
bound-20260916T061948Z	LC:A549/ATCC	magnitude_g1.00	EX_sprm_e	0.0	0.0	2.458047195964097e-11	primary	optimal
bound-20260916T061948Z	LC:A549/ATCC	magnitude_g1.00	EX_srtn_e	0.0	0.0	6.774306893092072e-10	primary	optimal
bound-20260916T061948Z	LC:A549/ATCC	magnitude_g1.00	EX_succ_e	2.8403049727788634	2.8403048667850874	2.8403049867980164	primary	optimal
bound-20260916T061948Z	LC:A549/ATCC	magnitude_g1.00	EX_sucr_e	0.0	0.0	0.0	primary	optimal
bound-20260916T061948Z	LC:A549/ATCC	magnitude_g1.00	EX_taur_e	0.0	0.0	3.4017488215808305e-09	primary	optimal
bound-20260916T061948Z	LC:A549/ATCC	magnitude_g1.00	EX_tchola_e	0.0	0.0	8.563597309260926e-11	primary	optimal
bound-20260916T061948Z	LC:A549/ATCC	magnitude_g1.00	EX_thr__L_e	-0.31212371841000003	-0.3121237217713123	-0.3121237184099943	primary	optimal
bound-20260916T061948Z	LC:A549/ATCC	magnitude_g1.00	EX_thym_e	0.0	0.0	3.956126623345114e-11	primary	optimal
bound-20260916T061948Z	LC:A549/ATCC	magnitude_g1.00	EX_thymd_e	0.0	0.0	3.086786465403585e-11	primary	optimal
bound-20260916T061948Z	LC:A549/ATCC	magnitude_g1.00	EX_trp__L_e	-0.013281902834000001	-0.013281906193779714	-0.013281902834000001	primary	optimal
bound-20260916T061948Z	LC:A549/ATCC	magnitude_g1.00	EX_tyr__L_e	-0.15938183581899998	-0.15938183918043095	-0.15938183242657097	primary	optimal
bound-20260916T061948Z	LC:A549/ATCC	magnitude_g1.00	EX_ump_e	0.0	0.0	2.0306885934133218e-11	primary	optimal
bound-20260916T061948Z	LC:A549/ATCC	magnitude_g1.00	EX_ura_e	0.0	0.0	5.115032239347118e-11	primary	optimal
bound-20260916T061948Z	LC:A549/ATCC	magnitude_g1.00	EX_urate_e	0.0	0.0	2.3371037395086337e-11	primary	optimal
bound-20260916T061948Z	LC:A549/ATCC	magnitude_g1.00	EX_uri_e	0.0	0.0	3.5925849439416986e-11	primary	optimal
bound-20260916T061948Z	LC:A549/ATCC	magnitude_g1.00	EX_val__L_e	-0.35196843208653555	-0.35196843208411077	-0.351968428723	primary	optimal
bound-20260916T061948Z	LC:A549/ATCC	magnitude_g1.00	EX_xan_e	0.0	0.0	2.3130306166441762e-11	primary	optimal
bound-20260916T061948Z	LC:A549/ATCC	magnitude_g1.00	EX_xmp_e	0.0	0.0	1.952838323706879e-11	primary	optimal
bound-20260916T061948Z	LC:A549/ATCC	magnitude_g1.00	EX_xtsn_e	0.0	0.0	1.9653022144380438e-11	primary	optimal
bound-20260916T061948Z	LC:EKVX	magnitude_g1.00	EX_2pg_e	0.0	0.0	1.7406209273222432e-09	primary	optimal
bound-20260916T061948Z	LC:EKVX	magnitude_g1.00	EX_34hpp_e	0.0	0.0	2.2313508521367952e-08	primary	optimal
bound-20260916T061948Z	LC:EKVX	magnitude_g1.00	EX_3hanthrn_e	0.0	0.0	4.239249219108351e-09	primary	optimal
bound-20260916T061948Z	LC:EKVX	magnitude_g1.00	EX_3pg_e	0.0	0.0	5.4227018934117605e-09	primary	optimal
bound-20260916T061948Z	LC:EKVX	magnitude_g1.00	EX_4abut_e	0.0	0.0	1.0652191236132926e-08	primary	optimal
bound-20260916T061948Z	LC:EKVX	magnitude_g1.00	EX_4hbz_e	0.0	0.0	2.684294359597495e-09	primary	optimal
bound-20260916T061948Z	LC:EKVX	magnitude_g1.00	EX_L2aadp_e	0.0	0.0	4.349175373387651e-09	primary	optimal
bound-20260916T061948Z	LC:EKVX	magnitude_g1.00	EX_Lkynr_e	0.0	0.0	8.29760577950637e-09	primary	optimal
bound-20260916T061948Z	LC:EKVX	magnitude_g1.00	EX_acac_e	0.0	0.0	1.5334657350639788e-08	primary	optimal
bound-20260916T061948Z	LC:EKVX	magnitude_g1.00	EX_ade_e	0.0	0.0	2.4632948855191484e-10	primary	optimal
bound-20260916T061948Z	LC:EKVX	magnitude_g1.00	EX_adn_e	0.0	0.0	2.1369804481179392e-10	primary	optimal
bound-20260916T061948Z	LC:EKVX	magnitude_g1.00	EX_ahcys_e	0.0	0.0	2.1270752377818984e-10	primary	optimal
bound-20260916T061948Z	LC:EKVX	magnitude_g1.00	EX_akg_e	0.0	0.0	9.172976624549765e-08	primary	optimal
bound-20260916T061948Z	LC:EKVX	magnitude_g1.00	EX_ala__L_e	0.0232433299595	0.02324328344538546	0.023244430706093316	primary	optimal
bound-20260916T061948Z	LC:EKVX	magnitude_g1.00	EX_amp_e	0.0	0.0	2.1471779302241731e-10	primary	optimal
bound-20260916T061948Z	LC:EKVX	magnitude_g1.00	EX_anth_e	0.0	0.0	5.266908218064064e-09	primary	optimal
bound-20260916T061948Z	LC:EKVX	magnitude_g1.00	EX_arg__L_e	-0.35860938014000004	-0.3586094185388022	-0.35860937909185003	primary	optimal
bound-20260916T061948Z	LC:EKVX	magnitude_g1.00	EX_asn__L_e	-3.0548985814804492	-3.0548986198802357	-3.054898488555877	primary	optimal
bound-20260916T061948Z	LC:EKVX	magnitude_g1.00	EX_asp__L_e	-0.5285311948444554	-0.528531233245159	-0.5285311574065401	primary	optimal
bound-20260916T061948Z	LC:EKVX	magnitude_g1.00	EX_bilirub_e	0.0	0.0	4.3418204621927555e-10	primary	optimal
bound-20260916T061948Z	LC:EKVX	magnitude_g1.00	EX_cala_e	0.0	0.0	6.261578280619867e-10	primary	optimal
bound-20260916T061948Z	LC:EKVX	magnitude_g1.00	EX_chol_e	-0.17163760036100006	-0.17163763875814625	-0.17163759993845654	primary	optimal
bound-20260916T061948Z	LC:EKVX	magnitude_g1.00	EX_cholp_e	0.0	0.0	1.4974981955622927e-09	primary	optimal
bound-20260916T061948Z	LC:EKVX	magnitude_g1.00	EX_cit_e	0.0	0.0	4.4624884049610475e-08	primary	optimal
bound-20260916T061948Z	LC:EKVX	magnitude_g1.00	EX_citr__L_e	0.0	0.0	1.0516772095568394e-08	primary	optimal
bound-20260916T061948Z	LC:EKVX	magnitude_g1.00	EX_cmp_e	0.0	0.0	4.5155289012860793e-10	primary	optimal
bound-20260916T061948Z	LC:EKVX	magnitude_g1.00	EX_crn_e	0.0	-1.8552867358794783e-08	7.454908300160389e-15	primary	optimal
bound-20260916T061948Z	LC:EKVX	magnitude_g1.00	EX_cyst__L_e	0.0	0.0	1.2168765752367887e-09	primary	optimal
bound-20260916T061948Z	LC:EKVX	magnitude_g1.00	EX_cytd_e	0.0	0.0	4.5318251902507385e-10	primary	optimal
bound-20260916T061948Z	LC:EKVX	magnitude_g1.00	EX_dad_2_e	0.0	0.0	2.0867916596289257e-10	primary	optimal
bound-20260916T061948Z	LC:EKVX	magnitude_g1.00	EX_dcmp_e	0.0	0.0	3.555974085335263e-10	primary	optimal
bound-20260916T061948Z	LC:EKVX	magnitude_g1.00	EX_dcyt_e	0.0	0.0	4.0997997403552334e-10	primary	optimal
bound-20260916T061948Z	LC:EKVX	magnitude_g1.00	EX_dhap_e	0.0	0.0	1.4994757833565516e-09	primary	optimal
bound-20260916T061948Z	LC:EKVX	magnitude_g1.00	EX_dmgly_e	0.0	0.0	4.2665028458310335e-09	primary	optimal
bound-20260916T061948Z	LC:EKVX	magnitude_g1.00	EX_duri_e	0.0	0.0	4.606234555794146e-10	primary	optimal
bound-20260916T061948Z	LC:EKVX	magnitude_g1.00	EX_ethamp_e	0.0	0.0	1.359432745727592e-09	primary	optimal
bound-20260916T061948Z	LC:EKVX	magnitude_g1.00	EX_fol_e	-1.722613431413778e-16	-9.174115014312585e-08	2.722554038119572e-16	primary	optimal
bound-20260916T061948Z	LC:EKVX	magnitude_g1.00	EX_fum_e	1.5114755494603525	1.5114749734802935	1.5114766246400968	primary	optimal
bound-20260916T061948Z	LC:EKVX	magnitude_g1.00	EX_g3pc_e	0.0	0.0	1.304338768813354e-09	primary	optimal
bound-20260916T061948Z	LC:EKVX	magnitude_g1.00	EX_glc__D_e	-3.7386340834909593	-3.738634160289585	-3.7386335331019778	primary	optimal
bound-20260916T061948Z	LC:EKVX	magnitude_g1.00	EX_glcur_e	0.0	0.0	1.3534007921233713e-08	primary	optimal
bound-20260916T061948Z	LC:EKVX	magnitude_g1.00	EX_gln__L_e	-6.748962001103111	-6.748962039501658	-6.748961670865083	primary	optimal
bound-20260916T061948Z	LC:EKVX	magnitude_g1.00	EX_glu__L_e	-2.254116746561087	-2.25411725339245	-2.2541165929669202	primary	optimal
bound-20260916T061948Z	LC:EKVX	magnitude_g1.00	EX_gly_e	0.0	-1.7704746370326961e-07	4.903621568652403e-08	primary	optimal
bound-20260916T061948Z	LC:EKVX	magnitude_g1.00	EX_glyald_e	0.0	0.0	1.429602977954421e-08	primary	optimal
bound-20260916T061948Z	LC:EKVX	magnitude_g1.00	EX_glyb_e	0.0	0.0	8.644782666199634e-09	primary	optimal
bound-20260916T061948Z	LC:EKVX	magnitude_g1.00	EX_glyc3p_e	0.0	0.0	1.4981759385473604e-09	primary	optimal
bound-20260916T061948Z	LC:EKVX	magnitude_g1.00	EX_gmp_e	0.0	0.0	2.834845090476108e-10	primary	optimal
bound-20260916T061948Z	LC:EKVX	magnitude_g1.00	EX_gthox_e	0.0	0.0	1.2322544457773597e-08	primary	optimal
bound-20260916T061948Z	LC:EKVX	magnitude_g1.00	EX_hcys__L_e	0.0	0.0	1.3092672400063956e-09	primary	optimal
bound-20260916T061948Z	LC:EKVX	magnitude_g1.00	EX_hom__L_e	0.0	0.0	0.0	primary	optimal
bound-20260916T061948Z	LC:EKVX	magnitude_g1.00	EX_hxan_e	0.0	0.0	3.6212537976465266e-10	primary	optimal
bound-20260916T061948Z	LC:EKVX	magnitude_g1.00	EX_icit_e	4.407102481283245	4.407101329328774	4.407102980456037	primary	optimal
bound-20260916T061948Z	LC:EKVX	magnitude_g1.00	EX_ile__L_e	-0.28555991274200004	-0.2855599511409953	-0.285559912742	primary	optimal
bound-20260916T061948Z	LC:EKVX	magnitude_g1.00	EX_imp_e	0.0	0.0	2.463696798849875e-10	primary	optimal
bound-20260916T061948Z	LC:EKVX	magnitude_g1.00	EX_ins_e	0.0	0.0	2.4647357467411553e-10	primary	optimal
bound-20260916T061948Z	LC:EKVX	magnitude_g1.00	EX_lac__L_e	0.0	-1.729509723248465e-08	1.651064853031522e-06	primary	optimal
bound-20260916T061948Z	LC:EKVX	magnitude_g1.00	EX_lcts_e	0.0	0.0	1.1022680614442565e-09	primary	optimal
bound-20260916T061948Z	LC:EKVX	magnitude_g1.00	EX_leu__L_e	-0.544556019816	-0.5445560582151311	-0.5445560198159999	primary	optimal
bound-20260916T061948Z	LC:EKVX	magnitude_g1.00	EX_lys__L_e	-0.591041681546	-0.5910417218187326	-0.591041681546	primary	optimal
bound-20260916T061948Z	LC:EKVX	magnitude_g1.00	EX_mal__L_e	0.09788398576183802	0.0978829105791332	0.09788456176829269	primary	optimal
bound-20260916T061948Z	LC:EKVX	magnitude_g1.00	EX_met__L_e	-0.15274088440199998	-0.1527409365314185	-0.15274088440199995	primary	optimal
bound-20260916T061948Z	LC:EKVX	magnitude_g1.00	EX_nac_e	-1.3361982127189446e-15	0.0	8.510823507640847e-09	primary	optimal
bound-20260916T061948Z	LC:EKVX	magnitude_g1.00	EX_ncam_e	0.0	-3.83981127810505e-08	1.9595700626539187e-22	primary	optimal
bound-20260916T061948Z	LC:EKVX	magnitude_g1.00	EX_nicrnt_e	0.0	0.0	6.919384103590649e-10	primary	optimal
bound-20260916T061948Z	LC:EKVX	magnitude_g1.00	EX_orn_e	0.0	0.0	2.0466921777806214e-08	primary	optimal
bound-20260916T061948Z	LC:EKVX	magnitude_g1.00	EX_orot5p_e	0.0	0.0	3.7353532595357416e-10	primary	optimal
bound-20260916T061948Z	LC:EKVX	magnitude_g1.00	EX_orot_e	0.0	0.0	7.543982754810288e-10	primary	optimal
bound-20260916T061948Z	LC:EKVX	magnitude_g1.00	EX_oxa_e	0.0	0.0	4.1055378123163806e-09	primary	optimal
bound-20260916T061948Z	LC:EKVX	magnitude_g1.00	EX_pep_e	0.0	0.0	1.7635390830910047e-09	primary	optimal
bound-20260916T061948Z	LC:EKVX	magnitude_g1.00	EX_phe__L_e	-0.258996107074	-0.25899614734598164	-0.258996107074	primary	optimal
bound-20260916T061948Z	LC:EKVX	magnitude_g1.00	EX_pnto__R_e	0.0	-3.8399440339470516e-08	4.4626745264758056e-08	primary	optimal
bound-20260916T061948Z	LC:EKVX	magnitude_g1.00	EX_pro__L_e	-0.411736991476	-0.41173703174699977	-0.41173698233703954	primary	optimal
bound-20260916T061948Z	LC:EKVX	magnitude_g1.00	EX_quln_e	0.0	0.0	3.379981665678762e-09	primary	optimal
bound-20260916T061948Z	LC:EKVX	magnitude_g1.00	EX_sbt__D_e	0.0	0.0	0.0	primary	optimal
bound-20260916T061948Z	LC:EKVX	magnitude_g1.00	EX_ser__L_e	-1.354571246859592	-1.3545723476505172	-1.354571164445909	primary	optimal
bound-20260916T061948Z	LC:EKVX	magnitude_g1.00	EX_spmd_e	0.0	0.0	5.847166690959319e-10	primary	optimal
bound-20260916T061948Z	LC:EKVX	magnitude_g1.00	EX_sprm_e	0.0	0.0	3.0079385692488094e-10	primary	optimal
bound-20260916T061948Z	LC:EKVX	magnitude_g1.00	EX_srtn_e	0.0	0.0	8.423709905519022e-09	primary	optimal
bound-20260916T061948Z	LC:EKVX	magnitude_g1.00	EX_succ_e	3.089504185447521	3.089504156524328	3.089504185447521	primary	optimal
bound-20260916T061948Z	LC:EKVX	magnitude_g1.00	EX_sucr_e	0.0	0.0	0.0	primary	optimal
bound-20260916T061948Z	LC:EKVX	magnitude_g1.00	EX_taur_e	0.0	0.0	4.462559651602526e-08	primary	optimal
bound-20260916T061948Z	LC:EKVX	magnitude_g1.00	EX_tchola_e	0.0	0.0	1.276762812766174e-09	primary	optimal
bound-20260916T061948Z	LC:EKVX	magnitude_g1.00	EX_thr__L_e	-0.31212371841000003	-0.3121237568100163	-0.3121237184100001	primary	optimal
bound-20260916T061948Z	LC:EKVX	magnitude_g1.00	EX_thym_e	0.0	0.0	5.024547390643626e-10	primary	optimal
bound-20260916T061948Z	LC:EKVX	magnitude_g1.00	EX_thymd_e	0.0	0.0	3.89707796610236e-10	primary	optimal
bound-20260916T061948Z	LC:EKVX	magnitude_g1.00	EX_trp__L_e	-0.013281902834000001	-0.013281941232538503	-0.013281902833998625	primary	optimal
bound-20260916T061948Z	LC:EKVX	magnitude_g1.00	EX_tyr__L_e	-0.15938183581899998	-0.15938187421794678	-0.15938179554642012	primary	optimal
bound-20260916T061948Z	LC:EKVX	magnitude_g1.00	EX_ump_e	0.0	0.0	2.560608836168705e-10	primary	optimal
bound-20260916T061948Z	LC:EKVX	magnitude_g1.00	EX_ura_e	0.0	0.0	6.44976835041105e-10	primary	optimal
bound-20260916T061948Z	LC:EKVX	magnitude_g1.00	EX_urate_e	0.0	0.0	2.9179103353958253e-10	primary	optimal
bound-20260916T061948Z	LC:EKVX	magnitude_g1.00	EX_uri_e	0.0	0.0	4.5143929674731664e-10	primary	optimal
bound-20260916T061948Z	LC:EKVX	magnitude_g1.00	EX_val__L_e	-0.3519684671217096	-0.35196846712195284	-0.3519684287230046	primary	optimal
bound-20260916T061948Z	LC:EKVX	magnitude_g1.00	EX_xan_e	0.0	0.0	2.8982062510234466e-10	primary	optimal
bound-20260916T061948Z	LC:EKVX	magnitude_g1.00	EX_xmp_e	0.0	0.0	2.442265003360744e-10	primary	optimal
bound-20260916T061948Z	LC:EKVX	magnitude_g1.00	EX_xtsn_e	0.0	0.0	2.45697998150606e-10	primary	optimal
bound-20260916T061948Z	LC:NCI-H322M	magnitude_g1.00	EX_2pg_e	0.0	0.0	1.6771385245705615e-09	primary	optimal
bound-20260916T061948Z	LC:NCI-H322M	magnitude_g1.00	EX_34hpp_e	0.0	0.0	2.2551658043413313e-08	primary	optimal
bound-20260916T061948Z	LC:NCI-H322M	magnitude_g1.00	EX_3hanthrn_e	0.0	0.0	4.284343182926446e-09	primary	optimal
bound-20260916T061948Z	LC:NCI-H322M	magnitude_g1.00	EX_3pg_e	0.0	0.0	5.4803978466828225e-09	primary	optimal
bound-20260916T061948Z	LC:NCI-H322M	magnitude_g1.00	EX_4abut_e	0.0	0.0	1.0766571781310632e-08	primary	optimal
bound-20260916T061948Z	LC:NCI-H322M	magnitude_g1.00	EX_4hbz_e	0.0	0.0	2.6423811815968825e-09	primary	optimal
bound-20260916T061948Z	LC:NCI-H322M	magnitude_g1.00	EX_L2aadp_e	0.0	0.0	5.618492695606605e-09	primary	optimal
bound-20260916T061948Z	LC:NCI-H322M	magnitude_g1.00	EX_Lkynr_e	0.0	0.0	8.38655219918041e-09	primary	optimal
bound-20260916T061948Z	LC:NCI-H322M	magnitude_g1.00	EX_acac_e	0.0	0.0	1.5078964242646005e-08	primary	optimal
bound-20260916T061948Z	LC:NCI-H322M	magnitude_g1.00	EX_ade_e	0.0	0.0	2.4594205631782495e-10	primary	optimal
bound-20260916T061948Z	LC:NCI-H322M	magnitude_g1.00	EX_adn_e	0.0	0.0	2.1244251869290639e-10	primary	optimal
bound-20260916T061948Z	LC:NCI-H322M	magnitude_g1.00	EX_ahcys_e	0.0	0.0	1.8365423331952156e-10	primary	optimal
bound-20260916T061948Z	LC:NCI-H322M	magnitude_g1.00	EX_akg_e	0.0	0.0	9.270792319709514e-08	primary	optimal
bound-20260916T061948Z	LC:NCI-H322M	magnitude_g1.00	EX_ala__L_e	0.0232433299595	0.023243282955136887	0.023244442462802443	primary	optimal
bound-20260916T061948Z	LC:NCI-H322M	magnitude_g1.00	EX_amp_e	0.0	0.0	1.842442536076926e-10	primary	optimal
bound-20260916T061948Z	LC:NCI-H322M	magnitude_g1.00	EX_anth_e	0.0	0.0	5.322877224385547e-09	primary	optimal
bound-20260916T061948Z	LC:NCI-H322M	magnitude_g1.00	EX_arg__L_e	-0.35860938014000004	-0.3586094189468891	-0.35860937912788876	primary	optimal
bound-20260916T061948Z	LC:NCI-H322M	magnitude_g1.00	EX_asn__L_e	-3.47726258335526	-3.477262622165767	-3.477262521910999	primary	optimal
bound-20260916T061948Z	LC:NCI-H322M	magnitude_g1.00	EX_asp__L_e	-0.5127068033930001	-0.512706842201701	-0.512706719903276	primary	optimal
bound-20260916T061948Z	LC:NCI-H322M	magnitude_g1.00	EX_bilirub_e	7.146182010694671e-19	0.0	3.95539469840077e-10	primary	optimal
bound-20260916T061948Z	LC:NCI-H322M	magnitude_g1.00	EX_cala_e	0.0	0.0	6.143065798634232e-10	primary	optimal
bound-20260916T061948Z	LC:NCI-H322M	magnitude_g1.00	EX_chol_e	-0.17163760036100006	-0.17163763916754324	-0.17163759994842784	primary	optimal
bound-20260916T061948Z	LC:NCI-H322M	magnitude_g1.00	EX_cholp_e	0.0	0.0	1.4523028328395777e-09	primary	optimal
bound-20260916T061948Z	LC:NCI-H322M	magnitude_g1.00	EX_cit_e	0.0	0.0	4.5103052440855556e-08	primary	optimal
bound-20260916T061948Z	LC:NCI-H322M	magnitude_g1.00	EX_citr__L_e	0.0	0.0	1.0629183264013752e-08	primary	optimal
bound-20260916T061948Z	LC:NCI-H322M	magnitude_g1.00	EX_cmp_e	0.0	0.0	4.411842597909539e-10	primary	optimal
bound-20260916T061948Z	LC:NCI-H322M	magnitude_g1.00	EX_crn_e	0.0	-1.874941474026131e-08	6.347741985287458e-15	primary	optimal
bound-20260916T061948Z	LC:NCI-H322M	magnitude_g1.00	EX_cyst__L_e	0.0	0.0	1.1873578099618307e-09	primary	optimal
bound-20260916T061948Z	LC:NCI-H322M	magnitude_g1.00	EX_cytd_e	0.0	0.0	4.429876729917018e-10	primary	optimal
bound-20260916T061948Z	LC:NCI-H322M	magnitude_g1.00	EX_dad_2_e	0.0	0.0	2.114151198441047e-10	primary	optimal
bound-20260916T061948Z	LC:NCI-H322M	magnitude_g1.00	EX_dcmp_e	0.0	0.0	3.4653197884146973e-10	primary	optimal
bound-20260916T061948Z	LC:NCI-H322M	magnitude_g1.00	EX_dcyt_e	0.0	0.0	4.017666180930227e-10	primary	optimal
bound-20260916T061948Z	LC:NCI-H322M	magnitude_g1.00	EX_dhap_e	0.0	0.0	1.4542996311280728e-09	primary	optimal
bound-20260916T061948Z	LC:NCI-H322M	magnitude_g1.00	EX_dmgly_e	0.0	0.0	4.280500935524157e-09	primary	optimal
bound-20260916T061948Z	LC:NCI-H322M	magnitude_g1.00	EX_duri_e	0.0	0.0	4.49727277444314e-10	primary	optimal
bound-20260916T061948Z	LC:NCI-H322M	magnitude_g1.00	EX_ethamp_e	0.0	0.0	1.3235312411311222e-09	primary	optimal
bound-20260916T061948Z	LC:NCI-H322M	magnitude_g1.00	EX_fol_e	1.0179079367445054e-16	-9.270719796747715e-08	4.846955334322335e-15	primary	optimal
bound-20260916T061948Z	LC:NCI-H322M	magnitude_g1.00	EX_fum_e	1.732636945961365	1.7326363638323623	1.7326380326167319	primary	optimal
bound-20260916T061948Z	LC:NCI-H322M	magnitude_g1.00	EX_g3pc_e	0.0	0.0	1.2550457596346458e-09	primary	optimal
bound-20260916T061948Z	LC:NCI-H322M	magnitude_g1.00	EX_glc__D_e	-3.656250456625366	-3.656250534240505	-3.6562499003759146	primary	optimal
bound-20260916T061948Z	LC:NCI-H322M	magnitude_g1.00	EX_glcur_e	0.0	0.0	1.3677861910854357e-08	primary	optimal
bound-20260916T061948Z	LC:NCI-H322M	magnitude_g1.00	EX_gln__L_e	-5.758054310435835	-5.758054365105812	-5.758054272052063	primary	optimal
bound-20260916T061948Z	LC:NCI-H322M	magnitude_g1.00	EX_glu__L_e	-3.4915882393647086	-3.491588331302603	-3.491588084119972	primary	optimal
bound-20260916T061948Z	LC:NCI-H322M	magnitude_g1.00	EX_gly_e	0.0	-2.576778484967882e-07	4.5690938960022214e-08	primary	optimal
bound-20260916T061948Z	LC:NCI-H322M	magnitude_g1.00	EX_glyald_e	0.0	0.0	1.4447834461541816e-08	primary	optimal
bound-20260916T061948Z	LC:NCI-H322M	magnitude_g1.00	EX_glyb_e	0.0	0.0	8.738772019949105e-09	primary	optimal
bound-20260916T061948Z	LC:NCI-H322M	magnitude_g1.00	EX_glyc3p_e	0.0	0.0	1.453017281167241e-09	primary	optimal
bound-20260916T061948Z	LC:NCI-H322M	magnitude_g1.00	EX_gmp_e	0.0	0.0	2.606674345312446e-10	primary	optimal
bound-20260916T061948Z	LC:NCI-H322M	magnitude_g1.00	EX_gthox_e	0.0	0.0	1.3218942352615191e-08	primary	optimal
bound-20260916T061948Z	LC:NCI-H322M	magnitude_g1.00	EX_hcys__L_e	0.0	0.0	1.2740400875849532e-09	primary	optimal
bound-20260916T061948Z	LC:NCI-H322M	magnitude_g1.00	EX_hom__L_e	0.0	0.0	0.0	primary	optimal
bound-20260916T061948Z	LC:NCI-H322M	magnitude_g1.00	EX_hxan_e	0.0	0.0	3.128759955356544e-10	primary	optimal
bound-20260916T061948Z	LC:NCI-H322M	magnitude_g1.00	EX_icit_e	4.589171606257668	4.589170441969763	4.589172110711243	primary	optimal
bound-20260916T061948Z	LC:NCI-H322M	magnitude_g1.00	EX_ile__L_e	-0.28555991274200004	-0.28555995155049635	-0.285559912742	primary	optimal
bound-20260916T061948Z	LC:NCI-H322M	magnitude_g1.00	EX_imp_e	0.0	0.0	2.391746296818597e-10	primary	optimal
bound-20260916T061948Z	LC:NCI-H322M	magnitude_g1.00	EX_ins_e	0.0	0.0	2.504720719680604e-10	primary	optimal
bound-20260916T061948Z	LC:NCI-H322M	magnitude_g1.00	EX_lac__L_e	0.0	-1.849182548977041e-08	1.6688022390089684e-06	primary	optimal
bound-20260916T061948Z	LC:NCI-H322M	magnitude_g1.00	EX_lcts_e	0.0	0.0	9.755597126808287e-10	primary	optimal
bound-20260916T061948Z	LC:NCI-H322M	magnitude_g1.00	EX_leu__L_e	-0.544556019816	-0.5445560586235074	-0.5445560198159909	primary	optimal
bound-20260916T061948Z	LC:NCI-H322M	magnitude_g1.00	EX_lys__L_e	-0.591041681546	-0.5910417222479143	-0.591041681546	primary	optimal
bound-20260916T061948Z	LC:NCI-H322M	magnitude_g1.00	EX_mal__L_e	0.08350335435343195	0.08350226768035761	0.08350393648900409	primary	optimal
bound-20260916T061948Z	LC:NCI-H322M	magnitude_g1.00	EX_met__L_e	-0.15274088440199998	-0.1527409232096362	-0.15274088440199998	primary	optimal
bound-20260916T061948Z	LC:NCI-H322M	magnitude_g1.00	EX_nac_e	-7.974086108161443e-16	0.0	8.601042356250537e-09	primary	optimal
bound-20260916T061948Z	LC:NCI-H322M	magnitude_g1.00	EX_ncam_e	0.0	-3.880805628604731e-08	-3.866096574790383e-22	primary	optimal
bound-20260916T061948Z	LC:NCI-H322M	magnitude_g1.00	EX_nicrnt_e	0.0	0.0	6.731749173057431e-10	primary	optimal
bound-20260916T061948Z	LC:NCI-H322M	magnitude_g1.00	EX_orn_e	0.0	0.0	1.600857551502313e-08	primary	optimal
bound-20260916T061948Z	LC:NCI-H322M	magnitude_g1.00	EX_orot5p_e	0.0	0.0	3.633885553447182e-10	primary	optimal
bound-20260916T061948Z	LC:NCI-H322M	magnitude_g1.00	EX_orot_e	0.0	0.0	7.355906839710446e-10	primary	optimal
bound-20260916T061948Z	LC:NCI-H322M	magnitude_g1.00	EX_oxa_e	0.0	0.0	4.209193970631089e-09	primary	optimal
bound-20260916T061948Z	LC:NCI-H322M	magnitude_g1.00	EX_pep_e	0.0	0.0	1.6982303647831835e-09	primary	optimal
bound-20260916T061948Z	LC:NCI-H322M	magnitude_g1.00	EX_phe__L_e	-0.258996107074	-0.2589961477758582	-0.258996107074	primary	optimal
bound-20260916T061948Z	LC:NCI-H322M	magnitude_g1.00	EX_pnto__R_e	0.0	-3.8808167758216384e-08	4.5100837676507294e-08	primary	optimal
bound-20260916T061948Z	LC:NCI-H322M	magnitude_g1.00	EX_pro__L_e	-0.5587477064526131	-0.5587477471533843	-0.5587476267838006	primary	optimal
bound-20260916T061948Z	LC:NCI-H322M	magnitude_g1.00	EX_quln_e	0.0	0.0	3.4160316636844277e-09	primary	optimal
bound-20260916T061948Z	LC:NCI-H322M	magnitude_g1.00	EX_sbt__D_e	0.0	0.0	0.0	primary	optimal
bound-20260916T061948Z	LC:NCI-H322M	magnitude_g1.00	EX_ser__L_e	-1.3427029532710002	-1.3427040657519793	-1.3427028244424826	primary	optimal
bound-20260916T061948Z	LC:NCI-H322M	magnitude_g1.00	EX_spmd_e	0.0	0.0	5.685593874890742e-10	primary	optimal
bound-20260916T061948Z	LC:NCI-H322M	magnitude_g1.00	EX_sprm_e	0.0	0.0	2.9298800668023026e-10	primary	optimal
bound-20260916T061948Z	LC:NCI-H322M	magnitude_g1.00	EX_srtn_e	0.0	0.0	8.513933728414145e-09	primary	optimal
bound-20260916T061948Z	LC:NCI-H322M	magnitude_g1.00	EX_succ_e	3.0877238181115545	3.087723787902382	3.0877238181115545	primary	optimal
bound-20260916T061948Z	LC:NCI-H322M	magnitude_g1.00	EX_sucr_e	0.0	0.0	0.0	primary	optimal
bound-20260916T061948Z	LC:NCI-H322M	magnitude_g1.00	EX_taur_e	0.0	0.0	4.51017960849421e-08	primary	optimal
bound-20260916T061948Z	LC:NCI-H322M	magnitude_g1.00	EX_tchola_e	0.0	0.0	9.55460059344527e-10	primary	optimal
bound-20260916T061948Z	LC:NCI-H322M	magnitude_g1.00	EX_thr__L_e	-0.31212371841000003	-0.3121237572190393	-0.31212371841000075	primary	optimal
bound-20260916T061948Z	LC:NCI-H322M	magnitude_g1.00	EX_thym_e	0.0	0.0	4.926801784076326e-10	primary	optimal
bound-20260916T061948Z	LC:NCI-H322M	magnitude_g1.00	EX_thymd_e	0.0	0.0	3.806271159820056e-10	primary	optimal
bound-20260916T061948Z	LC:NCI-H322M	magnitude_g1.00	EX_trp__L_e	-0.013281902834000001	-0.013281941642365002	-0.013281902834000001	primary	optimal
bound-20260916T061948Z	LC:NCI-H322M	magnitude_g1.00	EX_tyr__L_e	-0.15938183581899998	-0.15938187462676376	-0.1593817951174282	primary	optimal
bound-20260916T061948Z	LC:NCI-H322M	magnitude_g1.00	EX_ump_e	0.0	0.0	2.501681902993849e-10	primary	optimal
bound-20260916T061948Z	LC:NCI-H322M	magnitude_g1.00	EX_ura_e	0.0	0.0	6.322410730975794e-10	primary	optimal
bound-20260916T061948Z	LC:NCI-H322M	magnitude_g1.00	EX_urate_e	0.0	0.0	2.813243472864396e-10	primary	optimal
bound-20260916T061948Z	LC:NCI-H322M	magnitude_g1.00	EX_uri_e	0.0	0.0	4.4108103457647603e-10	primary	optimal
bound-20260916T061948Z	LC:NCI-H322M	magnitude_g1.00	EX_val__L_e	-0.35196846753146055	-0.3519684675331539	-0.35196842872300776	primary	optimal
bound-20260916T061948Z	LC:NCI-H322M	magnitude_g1.00	EX_xan_e	0.0	0.0	2.826694847132284e-10	primary	optimal
bound-20260916T061948Z	LC:NCI-H322M	magnitude_g1.00	EX_xmp_e	0.0	0.0	2.379461292538922e-10	primary	optimal
bound-20260916T061948Z	LC:NCI-H322M	magnitude_g1.00	EX_xtsn_e	0.0	0.0	2.392983631426931e-10	primary	optimal
bound-20260916T061948Z	LC:NCI-H460	magnitude_g1.00	EX_2pg_e	0.0	0.0	1.399759048743296e-10	primary	optimal
bound-20260916T061948Z	LC:NCI-H460	magnitude_g1.00	EX_34hpp_e	0.0	0.0	1.6919800597951717e-09	primary	optimal
bound-20260916T061948Z	LC:NCI-H460	magnitude_g1.00	EX_3hanthrn_e	0.0	0.0	5.612340789370384e-10	primary	optimal
bound-20260916T061948Z	LC:NCI-H460	magnitude_g1.00	EX_3pg_e	0.0	0.0	5.62888580501322e-10	primary	optimal
bound-20260916T061948Z	LC:NCI-H460	magnitude_g1.00	EX_4abut_e	0.0	0.0	8.424829415015973e-10	primary	optimal
bound-20260916T061948Z	LC:NCI-H460	magnitude_g1.00	EX_4hbz_e	0.0	0.0	3.494142761664306e-10	primary	optimal
bound-20260916T061948Z	LC:NCI-H460	magnitude_g1.00	EX_L2aadp_e	0.0	0.0	3.2623232768172594e-10	primary	optimal
bound-20260916T061948Z	LC:NCI-H460	magnitude_g1.00	EX_Lkynr_e	0.0	0.0	6.729781550803783e-10	primary	optimal
bound-20260916T061948Z	LC:NCI-H460	magnitude_g1.00	EX_acac_e	0.0	0.0	1.4372815554278298e-09	primary	optimal
bound-20260916T061948Z	LC:NCI-H460	magnitude_g1.00	EX_ade_e	0.0	0.0	1.9597676557177114e-11	primary	optimal
bound-20260916T061948Z	LC:NCI-H460	magnitude_g1.00	EX_adn_e	0.0	0.0	1.7023010618718008e-11	primary	optimal
bound-20260916T061948Z	LC:NCI-H460	magnitude_g1.00	EX_ahcys_e	0.0	0.0	1.467394033707895e-11	primary	optimal
bound-20260916T061948Z	LC:NCI-H460	magnitude_g1.00	EX_akg_e	0.0	0.0	9.880668337595828e-08	primary	optimal
bound-20260916T061948Z	LC:NCI-H460	magnitude_g1.00	EX_ala__L_e	0.0232433299595	0.023243326577091335	1.0386787885336382	primary	optimal
bound-20260916T061948Z	LC:NCI-H460	magnitude_g1.00	EX_amp_e	0.0	0.0	1.7096192183983987e-11	primary	optimal
bound-20260916T061948Z	LC:NCI-H460	magnitude_g1.00	EX_anth_e	0.0	0.0	4.2116340774846464e-10	primary	optimal
bound-20260916T061948Z	LC:NCI-H460	magnitude_g1.00	EX_arg__L_e	-0.35860938014000004	-0.3586093834824113	-0.35860938005438325	primary	optimal
bound-20260916T061948Z	LC:NCI-H460	magnitude_g1.00	EX_asn__L_e	-2.8972382596731463	-2.8972382800361447	-2.8972382521452587	primary	optimal
bound-20260916T061948Z	LC:NCI-H460	magnitude_g1.00	EX_asp__L_e	-0.6231775782845668	-0.623177581626407	-0.6231775618045752	primary	optimal
bound-20260916T061948Z	LC:NCI-H460	magnitude_g1.00	EX_bilirub_e	0.0	0.0	3.1713083590536804e-11	primary	optimal
bound-20260916T061948Z	LC:NCI-H460	magnitude_g1.00	EX_cala_e	0.0	0.0	5.24326325654602e-11	primary	optimal
bound-20260916T061948Z	LC:NCI-H460	magnitude_g1.00	EX_chol_e	-0.17163760036099998	-0.17163760370070327	-0.17163760032549635	primary	optimal
bound-20260916T061948Z	LC:NCI-H460	magnitude_g1.00	EX_cholp_e	0.0	0.0	1.2017837958762577e-10	primary	optimal
bound-20260916T061948Z	LC:NCI-H460	magnitude_g1.00	EX_cit_e	0.0	0.0	3.3847934326952084e-09	primary	optimal
bound-20260916T061948Z	LC:NCI-H460	magnitude_g1.00	EX_citr__L_e	0.0	0.0	8.411488230077751e-10	primary	optimal
bound-20260916T061948Z	LC:NCI-H460	magnitude_g1.00	EX_cmp_e	0.0	0.0	3.573729673747543e-11	primary	optimal
bound-20260916T061948Z	LC:NCI-H460	magnitude_g1.00	EX_crn_e	6.827066581162057e-18	-1.6850544840799263e-09	4.8551444564443936e-18	primary	optimal
bound-20260916T061948Z	LC:NCI-H460	magnitude_g1.00	EX_cyst__L_e	0.0	0.0	9.746988549661776e-11	primary	optimal
bound-20260916T061948Z	LC:NCI-H460	magnitude_g1.00	EX_cytd_e	0.0	0.0	3.5914653999887284e-11	primary	optimal
bound-20260916T061948Z	LC:NCI-H460	magnitude_g1.00	EX_dad_2_e	0.0	0.0	1.6766913663260488e-11	primary	optimal
bound-20260916T061948Z	LC:NCI-H460	magnitude_g1.00	EX_dcmp_e	0.0	0.0	2.8262238124973372e-11	primary	optimal
bound-20260916T061948Z	LC:NCI-H460	magnitude_g1.00	EX_dcyt_e	0.0	0.0	3.2318490601965555e-11	primary	optimal
bound-20260916T061948Z	LC:NCI-H460	magnitude_g1.00	EX_dhap_e	0.0	0.0	1.201392693135587e-10	primary	optimal
bound-20260916T061948Z	LC:NCI-H460	magnitude_g1.00	EX_dmgly_e	0.0	0.0	3.454849429634968e-10	primary	optimal
bound-20260916T061948Z	LC:NCI-H460	magnitude_g1.00	EX_duri_e	0.0	0.0	3.5359533873372914e-11	primary	optimal
bound-20260916T061948Z	LC:NCI-H460	magnitude_g1.00	EX_ethamp_e	0.0	0.0	1.0849642105365052e-10	primary	optimal
bound-20260916T061948Z	LC:NCI-H460	magnitude_g1.00	EX_fol_e	1.0179079367445054e-16	-9.880912426039944e-08	-2.6306029129567852e-15	primary	optimal
bound-20260916T061948Z	LC:NCI-H460	magnitude_g1.00	EX_fum_e	0.5871440086392745	0.587143520250552	0.5871440638629883	primary	optimal
bound-20260916T061948Z	LC:NCI-H460	magnitude_g1.00	EX_g3pc_e	0.0	0.0	1.1325256849339393e-10	primary	optimal
bound-20260916T061948Z	LC:NCI-H460	magnitude_g1.00	EX_glc__D_e	-3.3365163800850097	-3.3365166126881243	-3.3365162006385183	primary	optimal
bound-20260916T061948Z	LC:NCI-H460	magnitude_g1.00	EX_glcur_e	0.0	0.0	1.1236899392817533e-09	primary	optimal
bound-20260916T061948Z	LC:NCI-H460	magnitude_g1.00	EX_gln__L_e	-6.2990139785180155	-6.299013981859893	-6.299013720291363	primary	optimal
bound-20260916T061948Z	LC:NCI-H460	magnitude_g1.00	EX_glu__L_e	-3.543552047840664	-3.5435523826432838	-3.5435518996199105	primary	optimal
bound-20260916T061948Z	LC:NCI-H460	magnitude_g1.00	EX_gly_e	0.0	-4.813171055092938e-09	1.092570070724786e-08	primary	optimal
bound-20260916T061948Z	LC:NCI-H460	magnitude_g1.00	EX_glyald_e	0.0	0.0	1.1253276291645239e-09	primary	optimal
bound-20260916T061948Z	LC:NCI-H460	magnitude_g1.00	EX_glyb_e	0.0	0.0	6.746332397049817e-10	primary	optimal
bound-20260916T061948Z	LC:NCI-H460	magnitude_g1.00	EX_glyc3p_e	0.0	0.0	1.2003937297598826e-10	primary	optimal
bound-20260916T061948Z	LC:NCI-H460	magnitude_g1.00	EX_gmp_e	0.0	0.0	2.0256751027252087e-11	primary	optimal
bound-20260916T061948Z	LC:NCI-H460	magnitude_g1.00	EX_gthox_e	0.0	0.0	1.3395593130975737e-09	primary	optimal
bound-20260916T061948Z	LC:NCI-H460	magnitude_g1.00	EX_hcys__L_e	0.0	0.0	1.1029774316051455e-10	primary	optimal
bound-20260916T061948Z	LC:NCI-H460	magnitude_g1.00	EX_hom__L_e	0.0	0.0	0.0	primary	optimal
bound-20260916T061948Z	LC:NCI-H460	magnitude_g1.00	EX_hxan_e	0.0	0.0	2.472209984458483e-11	primary	optimal
bound-20260916T061948Z	LC:NCI-H460	magnitude_g1.00	EX_icit_e	4.630458217487473	4.630457840934887	4.630458221000881	primary	optimal
bound-20260916T061948Z	LC:NCI-H460	magnitude_g1.00	EX_ile__L_e	-0.2855599127419998	-0.2855599160861542	-0.2855599127419997	primary	optimal
bound-20260916T061948Z	LC:NCI-H460	magnitude_g1.00	EX_imp_e	0.0	0.0	1.9588664250529266e-11	primary	optimal
bound-20260916T061948Z	LC:NCI-H460	magnitude_g1.00	EX_ins_e	0.0	0.0	1.9719314493229484e-11	primary	optimal
bound-20260916T061948Z	LC:NCI-H460	magnitude_g1.00	EX_lac__L_e	0.0	-1.1711538352962883e-09	1.0889957154629057e-06	primary	optimal
bound-20260916T061948Z	LC:NCI-H460	magnitude_g1.00	EX_lcts_e	0.0	0.0	1.0715620312194049e-10	primary	optimal
bound-20260916T061948Z	LC:NCI-H460	magnitude_g1.00	EX_leu__L_e	-0.544556019816	-0.5445560231597917	-0.5445560198159999	primary	optimal
bound-20260916T061948Z	LC:NCI-H460	magnitude_g1.00	EX_lys__L_e	-0.591041681546	-0.5910416849186524	-0.591041681546	primary	optimal
bound-20260916T061948Z	LC:NCI-H460	magnitude_g1.00	EX_mal__L_e	0.0	0.0	5.439814748786837e-07	primary	optimal
bound-20260916T061948Z	LC:NCI-H460	magnitude_g1.00	EX_met__L_e	-0.15274088440199998	-0.15274089610377015	-0.15274088440199998	primary	optimal
bound-20260916T061948Z	LC:NCI-H460	magnitude_g1.00	EX_nac_e	1.5732656375561766e-15	0.0	6.741655467057697e-10	primary	optimal
bound-20260916T061948Z	LC:NCI-H460	magnitude_g1.00	EX_ncam_e	0.0	-3.343066447615054e-09	-5.332964775828583e-25	primary	optimal
bound-20260916T061948Z	LC:NCI-H460	magnitude_g1.00	EX_nicrnt_e	0.0	0.0	5.5140388139350853e-11	primary	optimal
bound-20260916T061948Z	LC:NCI-H460	magnitude_g1.00	EX_orn_e	0.0	0.0	2.531850529899878e-09	primary	optimal
bound-20260916T061948Z	LC:NCI-H460	magnitude_g1.00	EX_orot5p_e	0.0	0.0	2.9746289528492974e-11	primary	optimal
bound-20260916T061948Z	LC:NCI-H460	magnitude_g1.00	EX_orot_e	0.0	0.0	5.989781807411819e-11	primary	optimal
bound-20260916T061948Z	LC:NCI-H460	magnitude_g1.00	EX_oxa_e	0.0	0.0	3.309464305574503e-10	primary	optimal
bound-20260916T061948Z	LC:NCI-H460	magnitude_g1.00	EX_pep_e	0.0	0.0	1.5513970161175124e-10	primary	optimal
bound-20260916T061948Z	LC:NCI-H460	magnitude_g1.00	EX_phe__L_e	-0.258996107074	-0.2589961104485648	-0.258996107074	primary	optimal
bound-20260916T061948Z	LC:NCI-H460	magnitude_g1.00	EX_pnto__R_e	0.0	-3.3444877481967583e-09	3.3844872999694135e-09	primary	optimal
bound-20260916T061948Z	LC:NCI-H460	magnitude_g1.00	EX_pro__L_e	-0.411736991476	-0.411736994847609	-0.41173699068891095	primary	optimal
bound-20260916T061948Z	LC:NCI-H460	magnitude_g1.00	EX_quln_e	0.0	0.0	4.792914910583652e-10	primary	optimal
bound-20260916T061948Z	LC:NCI-H460	magnitude_g1.00	EX_sbt__D_e	0.0	0.0	0.0	primary	optimal
bound-20260916T061948Z	LC:NCI-H460	magnitude_g1.00	EX_ser__L_e	-2.4409911508592494	-2.440991480539317	-2.4409906567500808	primary	optimal
bound-20260916T061948Z	LC:NCI-H460	magnitude_g1.00	EX_spmd_e	0.0	0.0	4.727699102818584e-11	primary	optimal
bound-20260916T061948Z	LC:NCI-H460	magnitude_g1.00	EX_sprm_e	0.0	0.0	2.410056320585197e-11	primary	optimal
bound-20260916T061948Z	LC:NCI-H460	magnitude_g1.00	EX_srtn_e	0.0	0.0	7.761590527736706e-10	primary	optimal
bound-20260916T061948Z	LC:NCI-H460	magnitude_g1.00	EX_succ_e	2.9921808243040813	2.9921807189253893	2.992180838245834	primary	optimal
bound-20260916T061948Z	LC:NCI-H460	magnitude_g1.00	EX_sucr_e	0.0	0.0	0.0	primary	optimal
bound-20260916T061948Z	LC:NCI-H460	magnitude_g1.00	EX_taur_e	0.0	0.0	3.3830267813834507e-09	primary	optimal
bound-20260916T061948Z	LC:NCI-H460	magnitude_g1.00	EX_tchola_e	0.0	0.0	9.442486826996035e-11	primary	optimal
bound-20260916T061948Z	LC:NCI-H460	magnitude_g1.00	EX_thr__L_e	-0.31212371841000003	-0.3121237217523945	-0.31212371841000003	primary	optimal
bound-20260916T061948Z	LC:NCI-H460	magnitude_g1.00	EX_thym_e	0.0	0.0	3.994640779817211e-11	primary	optimal
bound-20260916T061948Z	LC:NCI-H460	magnitude_g1.00	EX_thymd_e	0.0	0.0	3.071402079240765e-11	primary	optimal
bound-20260916T061948Z	LC:NCI-H460	magnitude_g1.00	EX_trp__L_e	-0.013281902834000001	-0.013281906177875691	-0.013281902834	primary	optimal
bound-20260916T061948Z	LC:NCI-H460	magnitude_g1.00	EX_tyr__L_e	-0.15938183581899998	-0.1593818391598676	-0.15938183244569715	primary	optimal
bound-20260916T061948Z	LC:NCI-H460	magnitude_g1.00	EX_ump_e	0.0	0.0	2.020024014532467e-11	primary	optimal
bound-20260916T061948Z	LC:NCI-H460	magnitude_g1.00	EX_ura_e	0.0	0.0	5.0913160218536313e-11	primary	optimal
bound-20260916T061948Z	LC:NCI-H460	magnitude_g1.00	EX_urate_e	0.0	0.0	2.3496797966899967e-11	primary	optimal
bound-20260916T061948Z	LC:NCI-H460	magnitude_g1.00	EX_uri_e	0.0	0.0	3.574811970512755e-11	primary	optimal
bound-20260916T061948Z	LC:NCI-H460	magnitude_g1.00	EX_val__L_e	-0.35196843206548006	-0.3519684320691098	-0.351968428723	primary	optimal
bound-20260916T061948Z	LC:NCI-H460	magnitude_g1.00	EX_xan_e	0.0	0.0	2.3013413477972416e-11	primary	optimal
bound-20260916T061948Z	LC:NCI-H460	magnitude_g1.00	EX_xmp_e	0.0	0.0	1.9422832986812518e-11	primary	optimal
bound-20260916T061948Z	LC:NCI-H460	magnitude_g1.00	EX_xtsn_e	0.0	0.0	1.9535417185446425e-11	primary	optimal
bound-20260916T061948Z	LC:NCI-H522	magnitude_g1.00	EX_2pg_e	0.0	0.0	1.6173596544949871e-09	primary	optimal
bound-20260916T061948Z	LC:NCI-H522	magnitude_g1.00	EX_34hpp_e	0.0	0.0	1.9495126650720066e-08	primary	optimal
bound-20260916T061948Z	LC:NCI-H522	magnitude_g1.00	EX_3hanthrn_e	0.0	0.0	3.72615635518282e-09	primary	optimal
bound-20260916T061948Z	LC:NCI-H522	magnitude_g1.00	EX_3pg_e	0.0	0.0	4.767545812364093e-09	primary	optimal
bound-20260916T061948Z	LC:NCI-H522	magnitude_g1.00	EX_4abut_e	0.0	0.0	9.251843492853134e-09	primary	optimal
bound-20260916T061948Z	LC:NCI-H522	magnitude_g1.00	EX_4hbz_e	0.0	0.0	2.3860170891175274e-09	primary	optimal
bound-20260916T061948Z	LC:NCI-H522	magnitude_g1.00	EX_L2aadp_e	0.0	0.0	4.121642989501805e-09	primary	optimal
bound-20260916T061948Z	LC:NCI-H522	magnitude_g1.00	EX_Lkynr_e	0.0	0.0	7.326895876596303e-09	primary	optimal
bound-20260916T061948Z	LC:NCI-H522	magnitude_g1.00	EX_acac_e	0.0	0.0	1.230622374122687e-08	primary	optimal
bound-20260916T061948Z	LC:NCI-H522	magnitude_g1.00	EX_ade_e	0.0	0.0	2.2928202100256858e-10	primary	optimal
bound-20260916T061948Z	LC:NCI-H522	magnitude_g1.00	EX_adn_e	0.0	0.0	1.9668890208904472e-10	primary	optimal
bound-20260916T061948Z	LC:NCI-H522	magnitude_g1.00	EX_ahcys_e	0.0	0.0	1.9577782652783625e-10	primary	optimal
bound-20260916T061948Z	LC:NCI-H522	magnitude_g1.00	EX_akg_e	0.0	0.0	9.925135082642285e-08	primary	optimal
bound-20260916T061948Z	LC:NCI-H522	magnitude_g1.00	EX_ala__L_e	0.0232433299595	0.02324329097011847	0.8197562178894798	primary	optimal
bound-20260916T061948Z	LC:NCI-H522	magnitude_g1.00	EX_amp_e	0.0	0.0	1.9768441203925595e-10	primary	optimal
bound-20260916T061948Z	LC:NCI-H522	magnitude_g1.00	EX_anth_e	0.0	0.0	4.626032622254672e-09	primary	optimal
bound-20260916T061948Z	LC:NCI-H522	magnitude_g1.00	EX_arg__L_e	-0.35860938014000004	-0.35860941425912374	-0.35860937919699853	primary	optimal
bound-20260916T061948Z	LC:NCI-H522	magnitude_g1.00	EX_asn__L_e	-3.009109737295341	-3.0091098977788717	-3.0091096960490753	primary	optimal
bound-20260916T061948Z	LC:NCI-H522	magnitude_g1.00	EX_asp__L_e	-0.5931533503755045	-0.5931534517259714	-0.5931533218606675	primary	optimal
bound-20260916T061948Z	LC:NCI-H522	magnitude_g1.00	EX_bilirub_e	0.0	0.0	3.3220510005193523e-10	primary	optimal
bound-20260916T061948Z	LC:NCI-H522	magnitude_g1.00	EX_cala_e	0.0	0.0	6.082428220412574e-10	primary	optimal
bound-20260916T061948Z	LC:NCI-H522	magnitude_g1.00	EX_chol_e	-0.17163760036100006	-0.17163763447596253	-0.17163759998384087	primary	optimal
bound-20260916T061948Z	LC:NCI-H522	magnitude_g1.00	EX_cholp_e	0.0	0.0	1.3818562821310267e-09	primary	optimal
bound-20260916T061948Z	LC:NCI-H522	magnitude_g1.00	EX_cit_e	0.0	0.0	3.895743818614971e-08	primary	optimal
bound-20260916T061948Z	LC:NCI-H522	magnitude_g1.00	EX_citr__L_e	0.0	0.0	9.17427251331918e-09	primary	optimal
bound-20260916T061948Z	LC:NCI-H522	magnitude_g1.00	EX_cmp_e	0.0	0.0	4.1416035219269466e-10	primary	optimal
bound-20260916T061948Z	LC:NCI-H522	magnitude_g1.00	EX_crn_e	0.0	-1.789666727441589e-08	-3.343166097059415e-16	primary	optimal
bound-20260916T061948Z	LC:NCI-H522	magnitude_g1.00	EX_cyst__L_e	0.0	0.0	1.0999674183660947e-09	primary	optimal
bound-20260916T061948Z	LC:NCI-H522	magnitude_g1.00	EX_cytd_e	0.0	0.0	4.1775956568629954e-10	primary	optimal
bound-20260916T061948Z	LC:NCI-H522	magnitude_g1.00	EX_dad_2_e	0.0	0.0	1.9476783117160152e-10	primary	optimal
bound-20260916T061948Z	LC:NCI-H522	magnitude_g1.00	EX_dcmp_e	0.0	0.0	3.271570653299036e-10	primary	optimal
bound-20260916T061948Z	LC:NCI-H522	magnitude_g1.00	EX_dcyt_e	0.0	0.0	3.74530996657411e-10	primary	optimal
bound-20260916T061948Z	LC:NCI-H522	magnitude_g1.00	EX_dhap_e	0.0	0.0	1.3836712119518464e-09	primary	optimal
bound-20260916T061948Z	LC:NCI-H522	magnitude_g1.00	EX_dmgly_e	0.0	0.0	3.912594780862341e-09	primary	optimal
bound-20260916T061948Z	LC:NCI-H522	magnitude_g1.00	EX_duri_e	0.0	0.0	4.228499190328453e-10	primary	optimal
bound-20260916T061948Z	LC:NCI-H522	magnitude_g1.00	EX_ethamp_e	0.0	0.0	1.246216223382641e-09	primary	optimal
bound-20260916T061948Z	LC:NCI-H522	magnitude_g1.00	EX_fol_e	0.0	-9.924651192727499e-08	1.9712041410073302e-15	primary	optimal
bound-20260916T061948Z	LC:NCI-H522	magnitude_g1.00	EX_fum_e	0.8671544023401891	0.867153402295974	0.8671547169494718	primary	optimal
bound-20260916T061948Z	LC:NCI-H522	magnitude_g1.00	EX_g3pc_e	0.0	0.0	1.2292985985026753e-09	primary	optimal
bound-20260916T061948Z	LC:NCI-H522	magnitude_g1.00	EX_glc__D_e	-3.4440599739580655	-3.4440609781251426	-3.3820351113669385	primary	optimal
bound-20260916T061948Z	LC:NCI-H522	magnitude_g1.00	EX_glcur_e	0.0	0.0	1.2267180974951214e-08	primary	optimal
bound-20260916T061948Z	LC:NCI-H522	magnitude_g1.00	EX_gln__L_e	-5.954131724446324	-5.954131825809342	-5.954131680272522	primary	optimal
bound-20260916T061948Z	LC:NCI-H522	magnitude_g1.00	EX_glu__L_e	-4.010120689495556	-4.010120751059355	-4.010120564499825	primary	optimal
bound-20260916T061948Z	LC:NCI-H522	magnitude_g1.00	EX_gly_e	0.0	-6.188048931652074e-08	7.604097787453073e-08	primary	optimal
bound-20260916T061948Z	LC:NCI-H522	magnitude_g1.00	EX_glyald_e	0.0	0.0	1.2548478194380517e-08	primary	optimal
bound-20260916T061948Z	LC:NCI-H522	magnitude_g1.00	EX_glyb_e	0.0	0.0	7.52885877725806e-09	primary	optimal
bound-20260916T061948Z	LC:NCI-H522	magnitude_g1.00	EX_glyc3p_e	0.0	0.0	1.383570853138531e-09	primary	optimal
bound-20260916T061948Z	LC:NCI-H522	magnitude_g1.00	EX_gmp_e	0.0	0.0	2.609474601175874e-10	primary	optimal
bound-20260916T061948Z	LC:NCI-H522	magnitude_g1.00	EX_gthox_e	0.0	0.0	1.0702877800060064e-08	primary	optimal
bound-20260916T061948Z	LC:NCI-H522	magnitude_g1.00	EX_hcys__L_e	0.0	0.0	1.1812900897809253e-09	primary	optimal
bound-20260916T061948Z	LC:NCI-H522	magnitude_g1.00	EX_hom__L_e	0.0	0.0	0.0	primary	optimal
bound-20260916T061948Z	LC:NCI-H522	magnitude_g1.00	EX_hxan_e	0.0	0.0	3.187783034829148e-10	primary	optimal
bound-20260916T061948Z	LC:NCI-H522	magnitude_g1.00	EX_icit_e	4.629848599893339	4.629848054017117	4.629848892016402	primary	optimal
bound-20260916T061948Z	LC:NCI-H522	magnitude_g1.00	EX_ile__L_e	-0.28555991274199977	-0.2855599468571929	-0.28555991274199866	primary	optimal
bound-20260916T061948Z	LC:NCI-H522	magnitude_g1.00	EX_imp_e	0.0	0.0	2.2651668200996835e-10	primary	optimal
bound-20260916T061948Z	LC:NCI-H522	magnitude_g1.00	EX_ins_e	0.0	0.0	2.2788585365305933e-10	primary	optimal
bound-20260916T061948Z	LC:NCI-H522	magnitude_g1.00	EX_lac__L_e	0.0	-1.5855451473263175e-08	0.18607745138400028	primary	optimal
bound-20260916T061948Z	LC:NCI-H522	magnitude_g1.00	EX_lcts_e	0.0	0.0	9.705519856909857e-10	primary	optimal
bound-20260916T061948Z	LC:NCI-H522	magnitude_g1.00	EX_leu__L_e	-0.544556019816	-0.5445560539329768	-0.5445560198159977	primary	optimal
bound-20260916T061948Z	LC:NCI-H522	magnitude_g1.00	EX_lys__L_e	-0.591041681546	-0.5910417179382014	-0.591041681546	primary	optimal
bound-20260916T061948Z	LC:NCI-H522	magnitude_g1.00	EX_mal__L_e	9.175763106521512e-08	0.0	1.0918304761095657e-06	primary	optimal
bound-20260916T061948Z	LC:NCI-H522	magnitude_g1.00	EX_met__L_e	-0.15274088440199998	-0.15274093710699654	-0.15274088440199998	primary	optimal
bound-20260916T061948Z	LC:NCI-H522	magnitude_g1.00	EX_nac_e	-1.7672298942411848e-15	0.0	7.4267995537349735e-09	primary	optimal
bound-20260916T061948Z	LC:NCI-H522	magnitude_g1.00	EX_ncam_e	0.0	-3.411678347548154e-08	-6.532327088744146e-17	primary	optimal
bound-20260916T061948Z	LC:NCI-H522	magnitude_g1.00	EX_nicrnt_e	0.0	0.0	6.339451452895978e-10	primary	optimal
bound-20260916T061948Z	LC:NCI-H522	magnitude_g1.00	EX_orn_e	0.0	0.0	1.3407605726574234e-08	primary	optimal
bound-20260916T061948Z	LC:NCI-H522	magnitude_g1.00	EX_orot5p_e	0.0	0.0	3.4426085123291185e-10	primary	optimal
bound-20260916T061948Z	LC:NCI-H522	magnitude_g1.00	EX_orot_e	0.0	0.0	6.963004623498867e-10	primary	optimal
bound-20260916T061948Z	LC:NCI-H522	magnitude_g1.00	EX_oxa_e	0.0	0.0	3.5938094287903854e-09	primary	optimal
bound-20260916T061948Z	LC:NCI-H522	magnitude_g1.00	EX_pep_e	0.0	0.0	1.6425585797322727e-09	primary	optimal
bound-20260916T061948Z	LC:NCI-H522	magnitude_g1.00	EX_phe__L_e	-0.258996107074	-0.25899614471983423	-0.25899610707400006	primary	optimal
bound-20260916T061948Z	LC:NCI-H522	magnitude_g1.00	EX_pnto__R_e	0.0	-3.411548563481956e-08	3.899502867505114e-08	primary	optimal
bound-20260916T061948Z	LC:NCI-H522	magnitude_g1.00	EX_pro__L_e	-0.411736991476	-0.41173702786701233	-0.41173698449675106	primary	optimal
bound-20260916T061948Z	LC:NCI-H522	magnitude_g1.00	EX_quln_e	0.0	0.0	3.024145320567694e-09	primary	optimal
bound-20260916T061948Z	LC:NCI-H522	magnitude_g1.00	EX_sbt__D_e	0.0	0.0	0.0	primary	optimal
bound-20260916T061948Z	LC:NCI-H522	magnitude_g1.00	EX_ser__L_e	-2.0755010262636557	-2.1995507513897112	-2.075499017929924	primary	optimal
bound-20260916T061948Z	LC:NCI-H522	magnitude_g1.00	EX_spmd_e	0.0	0.0	5.244575019273748e-10	primary	optimal
bound-20260916T061948Z	LC:NCI-H522	magnitude_g1.00	EX_sprm_e	0.0	0.0	2.713691851501714e-10	primary	optimal
bound-20260916T061948Z	LC:NCI-H522	magnitude_g1.00	EX_srtn_e	0.0	0.0	7.426858025277912e-09	primary	optimal
bound-20260916T061948Z	LC:NCI-H522	magnitude_g1.00	EX_succ_e	2.9303584735741897	2.930358413135137	2.9303593260148095	primary	optimal
bound-20260916T061948Z	LC:NCI-H522	magnitude_g1.00	EX_sucr_e	0.0	0.0	0.0	primary	optimal
bound-20260916T061948Z	LC:NCI-H522	magnitude_g1.00	EX_taur_e	0.0	0.0	3.899065119696082e-08	primary	optimal
bound-20260916T061948Z	LC:NCI-H522	magnitude_g1.00	EX_tchola_e	0.0	0.0	9.302676762788331e-10	primary	optimal
bound-20260916T061948Z	LC:NCI-H522	magnitude_g1.00	EX_thr__L_e	-0.31212371841000003	-0.31212375252594027	-0.3121237184100001	primary	optimal
bound-20260916T061948Z	LC:NCI-H522	magnitude_g1.00	EX_thym_e	0.0	0.0	4.5624067966265806e-10	primary	optimal
bound-20260916T061948Z	LC:NCI-H522	magnitude_g1.00	EX_thymd_e	0.0	0.0	3.557464531745188e-10	primary	optimal
bound-20260916T061948Z	LC:NCI-H522	magnitude_g1.00	EX_trp__L_e	-0.013281902834000001	-0.013281936949463264	-0.013281902833999963	primary	optimal
bound-20260916T061948Z	LC:NCI-H522	magnitude_g1.00	EX_tyr__L_e	-0.15938183581899998	-0.15938186993819378	-0.15938179817303275	primary	optimal
bound-20260916T061948Z	LC:NCI-H522	magnitude_g1.00	EX_ump_e	0.0	0.0	2.3284013318158583e-10	primary	optimal
bound-20260916T061948Z	LC:NCI-H522	magnitude_g1.00	EX_ura_e	0.0	0.0	5.901516510633009e-10	primary	optimal
bound-20260916T061948Z	LC:NCI-H522	magnitude_g1.00	EX_urate_e	0.0	0.0	2.671495400713445e-10	primary	optimal
bound-20260916T061948Z	LC:NCI-H522	magnitude_g1.00	EX_uri_e	0.0	0.0	4.137231046999549e-10	primary	optimal
bound-20260916T061948Z	LC:NCI-H522	magnitude_g1.00	EX_val__L_e	-0.35196845997057846	-0.3519684628410142	-0.35196842872300005	primary	optimal
bound-20260916T061948Z	LC:NCI-H522	magnitude_g1.00	EX_xan_e	0.0	0.0	2.671551011888721e-10	primary	optimal
bound-20260916T061948Z	LC:NCI-H522	magnitude_g1.00	EX_xmp_e	0.0	0.0	2.2514619956377645e-10	primary	optimal
bound-20260916T061948Z	LC:NCI-H522	magnitude_g1.00	EX_xtsn_e	0.0	0.0	2.2651934883058125e-10	primary	optimal
bound-20260916T061948Z	LE:CCRF-CEM	magnitude_g1.00	EX_2pg_e	0.0	0.0	1.4173660070964848e-10	primary	optimal
bound-20260916T061948Z	LE:CCRF-CEM	magnitude_g1.00	EX_34hpp_e	0.0	0.0	1.7143058337527785e-09	primary	optimal
bound-20260916T061948Z	LE:CCRF-CEM	magnitude_g1.00	EX_3hanthrn_e	0.0	0.0	5.684376172390134e-10	primary	optimal
bound-20260916T061948Z	LE:CCRF-CEM	magnitude_g1.00	EX_3pg_e	0.0	0.0	5.703172169791676e-10	primary	optimal
bound-20260916T061948Z	LE:CCRF-CEM	magnitude_g1.00	EX_4abut_e	0.0	0.0	8.530156986299396e-10	primary	optimal
bound-20260916T061948Z	LE:CCRF-CEM	magnitude_g1.00	EX_4hbz_e	0.0	-1.9948962212721968e-10	2.1875189014366704e-10	primary	optimal
bound-20260916T061948Z	LE:CCRF-CEM	magnitude_g1.00	EX_L2aadp_e	0.0	0.0	3.0150080722414103e-10	primary	optimal
bound-20260916T061948Z	LE:CCRF-CEM	magnitude_g1.00	EX_Lkynr_e	0.0	0.0	6.81325499947906e-10	primary	optimal
bound-20260916T061948Z	LE:CCRF-CEM	magnitude_g1.00	EX_acac_e	0.0	0.0	1.456562082868413e-09	primary	optimal
bound-20260916T061948Z	LE:CCRF-CEM	magnitude_g1.00	EX_ade_e	0.0	0.0	2.0088379439094537e-11	primary	optimal
bound-20260916T061948Z	LE:CCRF-CEM	magnitude_g1.00	EX_adn_e	0.0	0.0	1.7149634982278944e-11	primary	optimal
bound-20260916T061948Z	LE:CCRF-CEM	magnitude_g1.00	EX_ahcys_e	0.0	0.0	1.496623273974326e-11	primary	optimal
bound-20260916T061948Z	LE:CCRF-CEM	magnitude_g1.00	EX_akg_e	0.0	0.0	1.0012449468276181e-07	primary	optimal
bound-20260916T061948Z	LE:CCRF-CEM	magnitude_g1.00	EX_ala__L_e	0.0232433299595	0.023243326530915747	1.0432925440024958	primary	optimal
bound-20260916T061948Z	LE:CCRF-CEM	magnitude_g1.00	EX_amp_e	0.0	0.0	1.7244150636381082e-11	primary	optimal
bound-20260916T061948Z	LE:CCRF-CEM	magnitude_g1.00	EX_anth_e	0.0	0.0	4.264038562929968e-10	primary	optimal
bound-20260916T061948Z	LE:CCRF-CEM	magnitude_g1.00	EX_arg__L_e	-0.35860938014000004	-0.3586093835262772	-0.3586093800532291	primary	optimal
bound-20260916T061948Z	LE:CCRF-CEM	magnitude_g1.00	EX_asn__L_e	-2.983677360150286	-2.9836773807917334	-2.983677352520496	primary	optimal
bound-20260916T061948Z	LE:CCRF-CEM	magnitude_g1.00	EX_asp__L_e	-0.6226758809822934	-0.6226758843682393	-0.6226758642815563	primary	optimal
bound-20260916T061948Z	LE:CCRF-CEM	magnitude_g1.00	EX_bilirub_e	0.0	0.0	5.380350832504782e-10	primary	optimal
bound-20260916T061948Z	LE:CCRF-CEM	magnitude_g1.00	EX_cala_e	0.0	0.0	5.159918564152765e-11	primary	optimal
bound-20260916T061948Z	LE:CCRF-CEM	magnitude_g1.00	EX_chol_e	-0.17163760036099995	-0.17163760374658904	-0.17163760032686895	primary	optimal
bound-20260916T061948Z	LE:CCRF-CEM	magnitude_g1.00	EX_cholp_e	0.0	0.0	1.216686535095464e-10	primary	optimal
bound-20260916T061948Z	LE:CCRF-CEM	magnitude_g1.00	EX_cit_e	0.0	0.0	3.433087011869047e-09	primary	optimal
bound-20260916T061948Z	LE:CCRF-CEM	magnitude_g1.00	EX_citr__L_e	0.0	0.0	8.518773683220257e-10	primary	optimal
bound-20260916T061948Z	LE:CCRF-CEM	magnitude_g1.00	EX_cmp_e	0.0	0.0	3.623840365418646e-11	primary	optimal
bound-20260916T061948Z	LE:CCRF-CEM	magnitude_g1.00	EX_crn_e	-2.3997724446387417e-18	-1.7079942887553966e-09	-3.398788269886116e-16	primary	optimal
bound-20260916T061948Z	LE:CCRF-CEM	magnitude_g1.00	EX_cyst__L_e	0.0	0.0	9.872543030286024e-11	primary	optimal
bound-20260916T061948Z	LE:CCRF-CEM	magnitude_g1.00	EX_cytd_e	0.0	0.0	3.64091935483765e-11	primary	optimal
bound-20260916T061948Z	LE:CCRF-CEM	magnitude_g1.00	EX_dad_2_e	0.0	0.0	1.6815069367172824e-11	primary	optimal
bound-20260916T061948Z	LE:CCRF-CEM	magnitude_g1.00	EX_dcmp_e	0.0	0.0	2.8619328668018536e-11	primary	optimal
bound-20260916T061948Z	LE:CCRF-CEM	magnitude_g1.00	EX_dcyt_e	0.0	0.0	3.272577609989561e-11	primary	optimal
bound-20260916T061948Z	LE:CCRF-CEM	magnitude_g1.00	EX_dhap_e	0.0	0.0	1.2162580912900125e-10	primary	optimal
bound-20260916T061948Z	LE:CCRF-CEM	magnitude_g1.00	EX_dmgly_e	0.0	0.0	3.4979197982612195e-10	primary	optimal
bound-20260916T061948Z	LE:CCRF-CEM	magnitude_g1.00	EX_duri_e	0.0	0.0	3.659146344944874e-11	primary	optimal
bound-20260916T061948Z	LE:CCRF-CEM	magnitude_g1.00	EX_ethamp_e	0.0	0.0	1.0991653375757753e-10	primary	optimal
bound-20260916T061948Z	LE:CCRF-CEM	magnitude_g1.00	EX_fol_e	1.0179079367445051e-16	-1.0004790928929338e-07	6.093778408220365e-17	primary	optimal
bound-20260916T061948Z	LE:CCRF-CEM	magnitude_g1.00	EX_fum_e	0.5563146152504477	0.556314120408531	0.5563146711533652	primary	optimal
bound-20260916T061948Z	LE:CCRF-CEM	magnitude_g1.00	EX_g3pc_e	0.0	0.0	1.1469974610117136e-10	primary	optimal
bound-20260916T061948Z	LE:CCRF-CEM	magnitude_g1.00	EX_glc__D_e	-3.2263403204793497	-3.2263405561701552	-3.22634013882451	primary	optimal
bound-20260916T061948Z	LE:CCRF-CEM	magnitude_g1.00	EX_glcur_e	0.0	0.0	1.138893105628782e-09	primary	optimal
bound-20260916T061948Z	LE:CCRF-CEM	magnitude_g1.00	EX_gln__L_e	-6.451494174153208	-6.451494177538622	-6.451493912669417	primary	optimal
bound-20260916T061948Z	LE:CCRF-CEM	magnitude_g1.00	EX_glu__L_e	-3.625568901162262	-3.625569240881954	-3.625568750896008	primary	optimal
bound-20260916T061948Z	LE:CCRF-CEM	magnitude_g1.00	EX_gly_e	0.0	-4.875562156943512e-09	1.1079052692075107e-08	primary	optimal
bound-20260916T061948Z	LE:CCRF-CEM	magnitude_g1.00	EX_glyald_e	0.0	0.0	1.1394021828061643e-09	primary	optimal
bound-20260916T061948Z	LE:CCRF-CEM	magnitude_g1.00	EX_glyb_e	0.0	-1.1959837145805406e-10	6.836364112505958e-10	primary	optimal
bound-20260916T061948Z	LE:CCRF-CEM	magnitude_g1.00	EX_glyc3p_e	0.0	0.0	1.2160086516789285e-10	primary	optimal
bound-20260916T061948Z	LE:CCRF-CEM	magnitude_g1.00	EX_gmp_e	0.0	0.0	2.2238279304617863e-11	primary	optimal
bound-20260916T061948Z	LE:CCRF-CEM	magnitude_g1.00	EX_gthox_e	0.0	0.0	1.3583352607802262e-09	primary	optimal
bound-20260916T061948Z	LE:CCRF-CEM	magnitude_g1.00	EX_hcys__L_e	0.0	0.0	1.1173880964126932e-10	primary	optimal
bound-20260916T061948Z	LE:CCRF-CEM	magnitude_g1.00	EX_hom__L_e	0.0	0.0	0.0	primary	optimal
bound-20260916T061948Z	LE:CCRF-CEM	magnitude_g1.00	EX_hxan_e	0.0	0.0	2.7529095851269868e-11	primary	optimal
bound-20260916T061948Z	LE:CCRF-CEM	magnitude_g1.00	EX_icit_e	4.777616365743832	4.777615984081394	4.777616369304469	primary	optimal
bound-20260916T061948Z	LE:CCRF-CEM	magnitude_g1.00	EX_ile__L_e	-0.28555991274200004	-0.28555991612670517	-0.285559912742	primary	optimal
bound-20260916T061948Z	LE:CCRF-CEM	magnitude_g1.00	EX_imp_e	0.0	0.0	1.9854232722001404e-11	primary	optimal
bound-20260916T061948Z	LE:CCRF-CEM	magnitude_g1.00	EX_ins_e	0.0	0.0	1.9962982249339363e-11	primary	optimal
bound-20260916T061948Z	LE:CCRF-CEM	magnitude_g1.00	EX_lac__L_e	0.0	-1.1872215532184595e-09	1.1015241275003236e-06	primary	optimal
bound-20260916T061948Z	LE:CCRF-CEM	magnitude_g1.00	EX_lcts_e	0.0	0.0	1.7175340891607394e-10	primary	optimal
bound-20260916T061948Z	LE:CCRF-CEM	magnitude_g1.00	EX_leu__L_e	-0.5445560198160003	-0.5445560232005047	-0.5445560198160001	primary	optimal
bound-20260916T061948Z	LE:CCRF-CEM	magnitude_g1.00	EX_lys__L_e	-0.591041681546	-0.5910416849603266	-0.591041681546	primary	optimal
bound-20260916T061948Z	LE:CCRF-CEM	magnitude_g1.00	EX_mal__L_e	0.0	0.0	5.506371466666772e-07	primary	optimal
bound-20260916T061948Z	LE:CCRF-CEM	magnitude_g1.00	EX_met__L_e	-0.15274088440199998	-0.1527408962508051	-0.15274088440199998	primary	optimal
bound-20260916T061948Z	LE:CCRF-CEM	magnitude_g1.00	EX_nac_e	-4.482729487831298e-15	0.0	6.825632883183581e-10	primary	optimal
bound-20260916T061948Z	LE:CCRF-CEM	magnitude_g1.00	EX_ncam_e	0.0	-3.387324364109168e-09	0.0	primary	optimal
bound-20260916T061948Z	LE:CCRF-CEM	magnitude_g1.00	EX_nicrnt_e	0.0	0.0	5.588643650942869e-11	primary	optimal
bound-20260916T061948Z	LE:CCRF-CEM	magnitude_g1.00	EX_orn_e	0.0	0.0	2.567445312803946e-09	primary	optimal
bound-20260916T061948Z	LE:CCRF-CEM	magnitude_g1.00	EX_orot5p_e	0.0	0.0	3.0154457495285844e-11	primary	optimal
bound-20260916T061948Z	LE:CCRF-CEM	magnitude_g1.00	EX_orot_e	0.0	0.0	6.071045760792807e-11	primary	optimal
bound-20260916T061948Z	LE:CCRF-CEM	magnitude_g1.00	EX_oxa_e	0.0	0.0	3.3523307178992467e-10	primary	optimal
bound-20260916T061948Z	LE:CCRF-CEM	magnitude_g1.00	EX_pep_e	0.0	0.0	1.5704170031326538e-10	primary	optimal
bound-20260916T061948Z	LE:CCRF-CEM	magnitude_g1.00	EX_phe__L_e	-0.258996107074	-0.2589961104929066	-0.25899610707400006	primary	optimal
bound-20260916T061948Z	LE:CCRF-CEM	magnitude_g1.00	EX_pnto__R_e	0.0	-3.3890339420402373e-09	3.429386099598252e-09	primary	optimal
bound-20260916T061948Z	LE:CCRF-CEM	magnitude_g1.00	EX_pro__L_e	-0.411736991476	-0.4117369948909246	-0.4117369906788613	primary	optimal
bound-20260916T061948Z	LE:CCRF-CEM	magnitude_g1.00	EX_quln_e	0.0	0.0	4.256901225303235e-10	primary	optimal
bound-20260916T061948Z	LE:CCRF-CEM	magnitude_g1.00	EX_sbt__D_e	0.0	0.0	0.0	primary	optimal
bound-20260916T061948Z	LE:CCRF-CEM	magnitude_g1.00	EX_ser__L_e	-2.4452286289767926	-2.44522896280442	-2.445228128447206	primary	optimal
bound-20260916T061948Z	LE:CCRF-CEM	magnitude_g1.00	EX_spmd_e	0.0	0.0	4.791716847940913e-11	primary	optimal
bound-20260916T061948Z	LE:CCRF-CEM	magnitude_g1.00	EX_sprm_e	0.0	0.0	2.4409689508848892e-11	primary	optimal
bound-20260916T061948Z	LE:CCRF-CEM	magnitude_g1.00	EX_srtn_e	0.0	0.0	8.162819673041078e-10	primary	optimal
bound-20260916T061948Z	LE:CCRF-CEM	magnitude_g1.00	EX_succ_e	3.0182380687465553	3.0182379619147377	3.0182380828663984	primary	optimal
bound-20260916T061948Z	LE:CCRF-CEM	magnitude_g1.00	EX_sucr_e	0.0	0.0	0.0	primary	optimal
bound-20260916T061948Z	LE:CCRF-CEM	magnitude_g1.00	EX_taur_e	0.0	0.0	3.4296864198836564e-09	primary	optimal
bound-20260916T061948Z	LE:CCRF-CEM	magnitude_g1.00	EX_tchola_e	0.0	0.0	1.3375254605728082e-10	primary	optimal
bound-20260916T061948Z	LE:CCRF-CEM	magnitude_g1.00	EX_thr__L_e	-0.31212371841000003	-0.31212372179600134	-0.31212371841	primary	optimal
bound-20260916T061948Z	LE:CCRF-CEM	magnitude_g1.00	EX_thym_e	0.0	0.0	3.9864543924033766e-11	primary	optimal
bound-20260916T061948Z	LE:CCRF-CEM	magnitude_g1.00	EX_thymd_e	0.0	0.0	3.112287327992659e-11	primary	optimal
bound-20260916T061948Z	LE:CCRF-CEM	magnitude_g1.00	EX_trp__L_e	-0.013281902834000001	-0.01328190622007849	-0.013281902834000001	primary	optimal
bound-20260916T061948Z	LE:CCRF-CEM	magnitude_g1.00	EX_tyr__L_e	-0.15938183581899998	-0.15938183920638688	-0.15938183240049247	primary	optimal
bound-20260916T061948Z	LE:CCRF-CEM	magnitude_g1.00	EX_ump_e	0.0	0.0	3.8229546163678573e-11	primary	optimal
bound-20260916T061948Z	LE:CCRF-CEM	magnitude_g1.00	EX_ura_e	0.0	0.0	5.322382968592891e-11	primary	optimal
bound-20260916T061948Z	LE:CCRF-CEM	magnitude_g1.00	EX_urate_e	0.0	0.0	2.528064333634863e-11	primary	optimal
bound-20260916T061948Z	LE:CCRF-CEM	magnitude_g1.00	EX_uri_e	0.0	0.0	3.6216948486580944e-11	primary	optimal
bound-20260916T061948Z	LE:CCRF-CEM	magnitude_g1.00	EX_val__L_e	-0.3519684321102449	-0.3519684321124425	-0.3519684287229981	primary	optimal
bound-20260916T061948Z	LE:CCRF-CEM	magnitude_g1.00	EX_xan_e	0.0	0.0	2.355691618869061e-11	primary	optimal
bound-20260916T061948Z	LE:CCRF-CEM	magnitude_g1.00	EX_xmp_e	0.0	0.0	1.986266862774677e-11	primary	optimal
bound-20260916T061948Z	LE:CCRF-CEM	magnitude_g1.00	EX_xtsn_e	0.0	0.0	1.995610196633361e-11	primary	optimal
bound-20260916T061948Z	LE:HL-60(TB)	magnitude_g1.00	EX_2pg_e	0.0	0.0	7.572489819461845e-10	primary	optimal
bound-20260916T061948Z	LE:HL-60(TB)	magnitude_g1.00	EX_34hpp_e	0.0	0.0	9.016441886200048e-09	primary	optimal
bound-20260916T061948Z	LE:HL-60(TB)	magnitude_g1.00	EX_3hanthrn_e	0.0	0.0	1.765668229127466e-09	primary	optimal
bound-20260916T061948Z	LE:HL-60(TB)	magnitude_g1.00	EX_3pg_e	0.0	0.0	2.2383241825516977e-09	primary	optimal
bound-20260916T061948Z	LE:HL-60(TB)	magnitude_g1.00	EX_4abut_e	0.0	0.0	4.391391837175036e-09	primary	optimal
bound-20260916T061948Z	LE:HL-60(TB)	magnitude_g1.00	EX_4hbz_e	0.0	0.0	1.1181143074701046e-09	primary	optimal
bound-20260916T061948Z	LE:HL-60(TB)	magnitude_g1.00	EX_L2aadp_e	0.0	0.0	1.8734024808881985e-09	primary	optimal
bound-20260916T061948Z	LE:HL-60(TB)	magnitude_g1.00	EX_Lkynr_e	0.0	0.0	3.497309112387589e-09	primary	optimal
bound-20260916T061948Z	LE:HL-60(TB)	magnitude_g1.00	EX_acac_e	0.0	0.0	5.936634327691283e-09	primary	optimal
bound-20260916T061948Z	LE:HL-60(TB)	magnitude_g1.00	EX_ade_e	0.0	0.0	1.0587399405896336e-10	primary	optimal
bound-20260916T061948Z	LE:HL-60(TB)	magnitude_g1.00	EX_adn_e	0.0	0.0	9.101299205610128e-11	primary	optimal
bound-20260916T061948Z	LE:HL-60(TB)	magnitude_g1.00	EX_ahcys_e	0.0	0.0	7.982498168057889e-11	primary	optimal
bound-20260916T061948Z	LE:HL-60(TB)	magnitude_g1.00	EX_akg_e	0.0	0.0	9.927786494743566e-08	primary	optimal
bound-20260916T061948Z	LE:HL-60(TB)	magnitude_g1.00	EX_ala__L_e	0.0232433299595	0.023243311923759655	1.3016218444092325	primary	optimal
bound-20260916T061948Z	LE:HL-60(TB)	magnitude_g1.00	EX_amp_e	0.0	0.0	9.144959137904346e-11	primary	optimal
bound-20260916T061948Z	LE:HL-60(TB)	magnitude_g1.00	EX_anth_e	0.0	0.0	2.1955346319503235e-09	primary	optimal
bound-20260916T061948Z	LE:HL-60(TB)	magnitude_g1.00	EX_arg__L_e	-0.35860938014000004	-0.35860939705666817	-0.3586093796991402	primary	optimal
bound-20260916T061948Z	LE:HL-60(TB)	magnitude_g1.00	EX_asn__L_e	-3.1064424973519245	-3.106442532230241	-3.1064424729835984	primary	optimal
bound-20260916T061948Z	LE:HL-60(TB)	magnitude_g1.00	EX_asp__L_e	-0.63299565040278	-0.6329956724348995	-0.6329956350112946	primary	optimal
bound-20260916T061948Z	LE:HL-60(TB)	magnitude_g1.00	EX_bilirub_e	0.0	0.0	1.562298548909974e-10	primary	optimal
bound-20260916T061948Z	LE:HL-60(TB)	magnitude_g1.00	EX_cala_e	0.0	0.0	2.754231809616032e-10	primary	optimal
bound-20260916T061948Z	LE:HL-60(TB)	magnitude_g1.00	EX_chol_e	-0.1716376003610001	-0.17163761728011492	-0.17163760018054414	primary	optimal
bound-20260916T061948Z	LE:HL-60(TB)	magnitude_g1.00	EX_cholp_e	0.0	0.0	6.475677391418465e-10	primary	optimal
bound-20260916T061948Z	LE:HL-60(TB)	magnitude_g1.00	EX_cit_e	0.0	0.0	1.8033399841570268e-08	primary	optimal
bound-20260916T061948Z	LE:HL-60(TB)	magnitude_g1.00	EX_citr__L_e	0.0	0.0	4.364819483611202e-09	primary	optimal
bound-20260916T061948Z	LE:HL-60(TB)	magnitude_g1.00	EX_cmp_e	0.0	0.0	1.9744146065974293e-10	primary	optimal
bound-20260916T061948Z	LE:HL-60(TB)	magnitude_g1.00	EX_crn_e	-7.679271822843973e-17	-8.835339754065369e-09	5.953512888829463e-16	primary	optimal
bound-20260916T061948Z	LE:HL-60(TB)	magnitude_g1.00	EX_cyst__L_e	0.0	0.0	5.158723630804799e-10	primary	optimal
bound-20260916T061948Z	LE:HL-60(TB)	magnitude_g1.00	EX_cytd_e	0.0	0.0	1.9535941168831037e-10	primary	optimal
bound-20260916T061948Z	LE:HL-60(TB)	magnitude_g1.00	EX_dad_2_e	0.0	0.0	9.054484962599406e-11	primary	optimal
bound-20260916T061948Z	LE:HL-60(TB)	magnitude_g1.00	EX_dcmp_e	0.0	0.0	1.5283963056252714e-10	primary	optimal
bound-20260916T061948Z	LE:HL-60(TB)	magnitude_g1.00	EX_dcyt_e	0.0	0.0	1.746993768285776e-10	primary	optimal
bound-20260916T061948Z	LE:HL-60(TB)	magnitude_g1.00	EX_dhap_e	0.0	0.0	6.479340683727777e-10	primary	optimal
bound-20260916T061948Z	LE:HL-60(TB)	magnitude_g1.00	EX_dmgly_e	0.0	0.0	1.8247931783359572e-09	primary	optimal
bound-20260916T061948Z	LE:HL-60(TB)	magnitude_g1.00	EX_duri_e	0.0	0.0	1.9127060295878769e-10	primary	optimal
bound-20260916T061948Z	LE:HL-60(TB)	magnitude_g1.00	EX_ethamp_e	0.0	0.0	5.839023860858777e-10	primary	optimal
bound-20260916T061948Z	LE:HL-60(TB)	magnitude_g1.00	EX_fol_e	-2.505619536601859e-16	-9.927887100134241e-08	-2.9174330729557866e-17	primary	optimal
bound-20260916T061948Z	LE:HL-60(TB)	magnitude_g1.00	EX_fum_e	0.6514529206072166	0.6514523827344205	0.6514530214949702	primary	optimal
bound-20260916T061948Z	LE:HL-60(TB)	magnitude_g1.00	EX_g3pc_e	0.0	0.0	6.155286446984181e-10	primary	optimal
bound-20260916T061948Z	LE:HL-60(TB)	magnitude_g1.00	EX_glc__D_e	-3.1543722412198676	-3.1543724399772906	-3.154372026320281	primary	optimal
bound-20260916T061948Z	LE:HL-60(TB)	magnitude_g1.00	EX_glcur_e	0.0	0.0	5.897821205516131e-09	primary	optimal
bound-20260916T061948Z	LE:HL-60(TB)	magnitude_g1.00	EX_gln__L_e	-5.990736501766426	-5.990736523796721	-5.990736478512573	primary	optimal
bound-20260916T061948Z	LE:HL-60(TB)	magnitude_g1.00	EX_glu__L_e	-4.122726171598646	-4.122726190657667	-4.122726089333637	primary	optimal
bound-20260916T061948Z	LE:HL-60(TB)	magnitude_g1.00	EX_gly_e	0.0	-2.8656249380844104e-08	4.130686420359636e-08	primary	optimal
bound-20260916T061948Z	LE:HL-60(TB)	magnitude_g1.00	EX_glyald_e	0.0	0.0	5.914595975339413e-09	primary	optimal
bound-20260916T061948Z	LE:HL-60(TB)	magnitude_g1.00	EX_glyb_e	0.0	0.0	3.54853436785965e-09	primary	optimal
bound-20260916T061948Z	LE:HL-60(TB)	magnitude_g1.00	EX_glyc3p_e	0.0	0.0	6.476593788860458e-10	primary	optimal
bound-20260916T061948Z	LE:HL-60(TB)	magnitude_g1.00	EX_gmp_e	0.0	0.0	1.1940912440696398e-10	primary	optimal
bound-20260916T061948Z	LE:HL-60(TB)	magnitude_g1.00	EX_gthox_e	0.0	0.0	5.034803356712926e-09	primary	optimal
bound-20260916T061948Z	LE:HL-60(TB)	magnitude_g1.00	EX_hcys__L_e	0.0	0.0	5.860060381683249e-10	primary	optimal
bound-20260916T061948Z	LE:HL-60(TB)	magnitude_g1.00	EX_hom__L_e	0.0	0.0	0.0	primary	optimal
bound-20260916T061948Z	LE:HL-60(TB)	magnitude_g1.00	EX_hxan_e	0.0	0.0	1.4575511942874932e-10	primary	optimal
bound-20260916T061948Z	LE:HL-60(TB)	magnitude_g1.00	EX_icit_e	4.682779437057764	4.682779028690085	4.682779500556412	primary	optimal
bound-20260916T061948Z	LE:HL-60(TB)	magnitude_g1.00	EX_ile__L_e	-0.28555991274200004	-0.2855599296595065	-0.285559912742	primary	optimal
bound-20260916T061948Z	LE:HL-60(TB)	magnitude_g1.00	EX_imp_e	0.0	0.0	1.058355382150271e-10	primary	optimal
bound-20260916T061948Z	LE:HL-60(TB)	magnitude_g1.00	EX_ins_e	0.0	0.0	1.058604920230133e-10	primary	optimal
bound-20260916T061948Z	LE:HL-60(TB)	magnitude_g1.00	EX_lac__L_e	0.0	-6.9285420779312026e-09	1.0919373023859646e-06	primary	optimal
bound-20260916T061948Z	LE:HL-60(TB)	magnitude_g1.00	EX_lcts_e	0.0	0.0	7.327207168458133e-10	primary	optimal
bound-20260916T061948Z	LE:HL-60(TB)	magnitude_g1.00	EX_leu__L_e	-0.5445560198160002	-0.544556036734866	-0.5445560198159966	primary	optimal
bound-20260916T061948Z	LE:HL-60(TB)	magnitude_g1.00	EX_lys__L_e	-0.591041681546	-0.5910416991956164	-0.591041681546	primary	optimal
bound-20260916T061948Z	LE:HL-60(TB)	magnitude_g1.00	EX_mal__L_e	0.0	0.0	5.460476136523114e-07	primary	optimal
bound-20260916T061948Z	LE:HL-60(TB)	magnitude_g1.00	EX_met__L_e	-0.15274088440199998	-0.15274091047747362	-0.15274088440200081	primary	optimal
bound-20260916T061948Z	LE:HL-60(TB)	magnitude_g1.00	EX_nac_e	1.836194963284743e-14	0.0	3.5139210823653412e-09	primary	optimal
bound-20260916T061948Z	LE:HL-60(TB)	magnitude_g1.00	EX_ncam_e	0.0	-1.691772189791982e-08	0.0	primary	optimal
bound-20260916T061948Z	LE:HL-60(TB)	magnitude_g1.00	EX_nicrnt_e	0.0	0.0	2.966836462813308e-10	primary	optimal
bound-20260916T061948Z	LE:HL-60(TB)	magnitude_g1.00	EX_orn_e	0.0	0.0	6.769714928427847e-09	primary	optimal
bound-20260916T061948Z	LE:HL-60(TB)	magnitude_g1.00	EX_orot5p_e	0.0	0.0	1.609015023632696e-10	primary	optimal
bound-20260916T061948Z	LE:HL-60(TB)	magnitude_g1.00	EX_orot_e	0.0	0.0	3.2533745009428205e-10	primary	optimal
bound-20260916T061948Z	LE:HL-60(TB)	magnitude_g1.00	EX_oxa_e	0.0	0.0	1.7046791583542672e-09	primary	optimal
bound-20260916T061948Z	LE:HL-60(TB)	magnitude_g1.00	EX_pep_e	0.0	0.0	7.690178477985022e-10	primary	optimal
bound-20260916T061948Z	LE:HL-60(TB)	magnitude_g1.00	EX_phe__L_e	-0.258996107074	-0.2589961248170013	-0.2589961070740015	primary	optimal
bound-20260916T061948Z	LE:HL-60(TB)	magnitude_g1.00	EX_pnto__R_e	0.0	-1.6918541613557007e-08	1.8030616600739167e-08	primary	optimal
bound-20260916T061948Z	LE:HL-60(TB)	magnitude_g1.00	EX_pro__L_e	-0.411736991476	-0.4117370091181016	-0.411736988191756	primary	optimal
bound-20260916T061948Z	LE:HL-60(TB)	magnitude_g1.00	EX_quln_e	0.0	0.0	1.4568864965367206e-09	primary	optimal
bound-20260916T061948Z	LE:HL-60(TB)	magnitude_g1.00	EX_sbt__D_e	0.0	0.0	0.0	primary	optimal
bound-20260916T061948Z	LE:HL-60(TB)	magnitude_g1.00	EX_ser__L_e	-2.7112976886366136	-2.7112980914597395	-2.711297264091392	primary	optimal
bound-20260916T061948Z	LE:HL-60(TB)	magnitude_g1.00	EX_spmd_e	0.0	0.0	2.4480742085346235e-10	primary	optimal
bound-20260916T061948Z	LE:HL-60(TB)	magnitude_g1.00	EX_sprm_e	0.0	0.0	1.2670883891088502e-10	primary	optimal
bound-20260916T061948Z	LE:HL-60(TB)	magnitude_g1.00	EX_srtn_e	0.0	0.0	3.5201703151460273e-09	primary	optimal
bound-20260916T061948Z	LE:HL-60(TB)	magnitude_g1.00	EX_succ_e	2.974605880177968	2.9746057507329975	2.974606065510291	primary	optimal
bound-20260916T061948Z	LE:HL-60(TB)	magnitude_g1.00	EX_sucr_e	0.0	0.0	0.0	primary	optimal
bound-20260916T061948Z	LE:HL-60(TB)	magnitude_g1.00	EX_taur_e	0.0	0.0	1.8037349425736855e-08	primary	optimal
bound-20260916T061948Z	LE:HL-60(TB)	magnitude_g1.00	EX_tchola_e	0.0	0.0	5.527792943311657e-10	primary	optimal
bound-20260916T061948Z	LE:HL-60(TB)	magnitude_g1.00	EX_thr__L_e	-0.31212371841000003	-0.31212373532935017	-0.31212371841000003	primary	optimal
bound-20260916T061948Z	LE:HL-60(TB)	magnitude_g1.00	EX_thym_e	0.0	0.0	2.1258915762064588e-10	primary	optimal
bound-20260916T061948Z	LE:HL-60(TB)	magnitude_g1.00	EX_thymd_e	0.0	0.0	1.659768268267219e-10	primary	optimal
bound-20260916T061948Z	LE:HL-60(TB)	magnitude_g1.00	EX_trp__L_e	-0.013281902834000001	-0.013281919754133823	-0.013281902834000001	primary	optimal
bound-20260916T061948Z	LE:HL-60(TB)	magnitude_g1.00	EX_tyr__L_e	-0.15938183581899998	-0.15938185273510233	-0.15938181807367288	primary	optimal
bound-20260916T061948Z	LE:HL-60(TB)	magnitude_g1.00	EX_ump_e	0.0	0.0	1.0816865884231905e-10	primary	optimal
bound-20260916T061948Z	LE:HL-60(TB)	magnitude_g1.00	EX_ura_e	0.0	0.0	2.7545808783464813e-10	primary	optimal
bound-20260916T061948Z	LE:HL-60(TB)	magnitude_g1.00	EX_urate_e	0.0	0.0	1.2660672073875103e-10	primary	optimal
bound-20260916T061948Z	LE:HL-60(TB)	magnitude_g1.00	EX_uri_e	0.0	0.0	1.932448964935509e-10	primary	optimal
bound-20260916T061948Z	LE:HL-60(TB)	magnitude_g1.00	EX_val__L_e	-0.35196844564631874	-0.3519684456435534	-0.3519684287230018	primary	optimal
bound-20260916T061948Z	LE:HL-60(TB)	magnitude_g1.00	EX_xan_e	0.0	0.0	1.247608582364381e-10	primary	optimal
bound-20260916T061948Z	LE:HL-60(TB)	magnitude_g1.00	EX_xmp_e	0.0	0.0	1.0521829675628242e-10	primary	optimal
bound-20260916T061948Z	LE:HL-60(TB)	magnitude_g1.00	EX_xtsn_e	0.0	0.0	1.0582348622059437e-10	primary	optimal
bound-20260916T061948Z	LE:K-562	magnitude_g1.00	EX_2pg_e	0.0	0.0	7.966240459881879e-10	primary	optimal
bound-20260916T061948Z	LE:K-562	magnitude_g1.00	EX_34hpp_e	0.0	0.0	8.559520636354384e-09	primary	optimal
bound-20260916T061948Z	LE:K-562	magnitude_g1.00	EX_3hanthrn_e	0.0	0.0	1.6778603732091148e-09	primary	optimal
bound-20260916T061948Z	LE:K-562	magnitude_g1.00	EX_3pg_e	0.0	0.0	2.1254797261932208e-09	primary	optimal
bound-20260916T061948Z	LE:K-562	magnitude_g1.00	EX_4abut_e	0.0	0.0	4.174049004912751e-09	primary	optimal
bound-20260916T061948Z	LE:K-562	magnitude_g1.00	EX_4hbz_e	0.0	0.0	1.113611722472141e-09	primary	optimal
bound-20260916T061948Z	LE:K-562	magnitude_g1.00	EX_L2aadp_e	0.0	0.0	1.6377878499540232e-09	primary	optimal
bound-20260916T061948Z	LE:K-562	magnitude_g1.00	EX_Lkynr_e	0.0	0.0	3.325299382788799e-09	primary	optimal
bound-20260916T061948Z	LE:K-562	magnitude_g1.00	EX_acac_e	0.0	0.0	8.301622888672995e-09	primary	optimal
bound-20260916T061948Z	LE:K-562	magnitude_g1.00	EX_ade_e	0.0	0.0	1.1156811877855703e-10	primary	optimal
bound-20260916T061948Z	LE:K-562	magnitude_g1.00	EX_adn_e	0.0	0.0	9.669299041169552e-11	primary	optimal
bound-20260916T061948Z	LE:K-562	magnitude_g1.00	EX_ahcys_e	0.0	0.0	8.31008709748836e-11	primary	optimal
bound-20260916T061948Z	LE:K-562	magnitude_g1.00	EX_akg_e	0.0	0.0	9.955532515032698e-08	primary	optimal
bound-20260916T061948Z	LE:K-562	magnitude_g1.00	EX_ala__L_e	0.0232433299595	0.023243312837178485	1.11719568427553	primary	optimal
bound-20260916T061948Z	LE:K-562	magnitude_g1.00	EX_amp_e	0.0	0.0	9.725380718737075e-11	primary	optimal
bound-20260916T061948Z	LE:K-562	magnitude_g1.00	EX_anth_e	0.0	0.0	2.087073679388405e-09	primary	optimal
bound-20260916T061948Z	LE:K-562	magnitude_g1.00	EX_arg__L_e	-0.35860938014000004	-0.35860939625117166	-0.358609379673173	primary	optimal
bound-20260916T061948Z	LE:K-562	magnitude_g1.00	EX_asn__L_e	-3.052011611831435	-3.052012013348777	-3.0520114657212973	primary	optimal
bound-20260916T061948Z	LE:K-562	magnitude_g1.00	EX_asp__L_e	-0.6329960643104969	-0.6329960804409321	-0.6329960553170335	primary	optimal
bound-20260916T061948Z	LE:K-562	magnitude_g1.00	EX_bilirub_e	1.7330577878825124e-18	0.0	1.5649178169490963e-10	primary	optimal
bound-20260916T061948Z	LE:K-562	magnitude_g1.00	EX_cala_e	0.0	0.0	2.812778930922485e-10	primary	optimal
bound-20260916T061948Z	LE:K-562	magnitude_g1.00	EX_chol_e	-0.17163760036100006	-0.17163761647324838	-0.1716376001733223	primary	optimal
bound-20260916T061948Z	LE:K-562	magnitude_g1.00	EX_cholp_e	0.0	0.0	6.708792465722306e-10	primary	optimal
bound-20260916T061948Z	LE:K-562	magnitude_g1.00	EX_cit_e	0.0	0.0	1.711948659444817e-08	primary	optimal
bound-20260916T061948Z	LE:K-562	magnitude_g1.00	EX_citr__L_e	0.0	0.0	4.1513255977112994e-09	primary	optimal
bound-20260916T061948Z	LE:K-562	magnitude_g1.00	EX_cmp_e	0.0	0.0	1.9833155690103016e-10	primary	optimal
bound-20260916T061948Z	LE:K-562	magnitude_g1.00	EX_crn_e	4.4873148800357755e-18	-8.397287062919582e-09	5.397460299644904e-18	primary	optimal
bound-20260916T061948Z	LE:K-562	magnitude_g1.00	EX_cyst__L_e	0.0	0.0	5.007856690509425e-10	primary	optimal
bound-20260916T061948Z	LE:K-562	magnitude_g1.00	EX_cytd_e	0.0	0.0	1.988885770599215e-10	primary	optimal
bound-20260916T061948Z	LE:K-562	magnitude_g1.00	EX_dad_2_e	0.0	0.0	9.56453737603199e-11	primary	optimal
bound-20260916T061948Z	LE:K-562	magnitude_g1.00	EX_dcmp_e	0.0	0.0	1.5744974381463864e-10	primary	optimal
bound-20260916T061948Z	LE:K-562	magnitude_g1.00	EX_dcyt_e	0.0	0.0	1.799136841433644e-10	primary	optimal
bound-20260916T061948Z	LE:K-562	magnitude_g1.00	EX_dhap_e	0.0	0.0	6.710961151376579e-10	primary	optimal
bound-20260916T061948Z	LE:K-562	magnitude_g1.00	EX_dmgly_e	0.0	0.0	1.7920249652702935e-09	primary	optimal
bound-20260916T061948Z	LE:K-562	magnitude_g1.00	EX_duri_e	0.0	0.0	2.0296087655456386e-10	primary	optimal
bound-20260916T061948Z	LE:K-562	magnitude_g1.00	EX_ethamp_e	0.0	0.0	5.993743192827635e-10	primary	optimal
bound-20260916T061948Z	LE:K-562	magnitude_g1.00	EX_fol_e	1.0179079367445051e-16	-9.954176518671028e-08	-5.704217927678821e-17	primary	optimal
bound-20260916T061948Z	LE:K-562	magnitude_g1.00	EX_fum_e	0.0	0.0	7.822504507120296e-08	primary	optimal
bound-20260916T061948Z	LE:K-562	magnitude_g1.00	EX_g3pc_e	0.0	0.0	6.304521041361956e-10	primary	optimal
bound-20260916T061948Z	LE:K-562	magnitude_g1.00	EX_glc__D_e	-3.180268969551937	-3.1802691043463027	-3.180268689502154	primary	optimal
bound-20260916T061948Z	LE:K-562	magnitude_g1.00	EX_glcur_e	0.0	0.0	5.604487991018107e-09	primary	optimal
bound-20260916T061948Z	LE:K-562	magnitude_g1.00	EX_gln__L_e	-6.1661179543495495	-6.16611797048007	-6.166117710965313	primary	optimal
bound-20260916T061948Z	LE:K-562	magnitude_g1.00	EX_glu__L_e	-3.925261376981839	-3.9252619129385202	-3.925260878593803	primary	optimal
bound-20260916T061948Z	LE:K-562	magnitude_g1.00	EX_gly_e	0.0	-2.6885219681097372e-08	4.021271505919309e-08	primary	optimal
bound-20260916T061948Z	LE:K-562	magnitude_g1.00	EX_glyald_e	0.0	0.0	5.618505099180761e-09	primary	optimal
bound-20260916T061948Z	LE:K-562	magnitude_g1.00	EX_glyb_e	0.0	0.0	3.3711026279207173e-09	primary	optimal
bound-20260916T061948Z	LE:K-562	magnitude_g1.00	EX_glyc3p_e	0.0	0.0	6.707918667492724e-10	primary	optimal
bound-20260916T061948Z	LE:K-562	magnitude_g1.00	EX_gmp_e	0.0	0.0	1.1922050241663135e-10	primary	optimal
bound-20260916T061948Z	LE:K-562	magnitude_g1.00	EX_gthox_e	0.0	0.0	4.7834609570656265e-09	primary	optimal
bound-20260916T061948Z	LE:K-562	magnitude_g1.00	EX_hcys__L_e	0.0	0.0	5.796884530399653e-10	primary	optimal
bound-20260916T061948Z	LE:K-562	magnitude_g1.00	EX_hom__L_e	0.0	0.0	0.0	primary	optimal
bound-20260916T061948Z	LE:K-562	magnitude_g1.00	EX_hxan_e	0.0	0.0	1.5263625611808904e-10	primary	optimal
bound-20260916T061948Z	LE:K-562	magnitude_g1.00	EX_icit_e	4.817356854243199	4.817356359326918	4.8173572719564035	primary	optimal
bound-20260916T061948Z	LE:K-562	magnitude_g1.00	EX_ile__L_e	-0.2855599127419998	-0.285559928854083	-0.28555991274200226	primary	optimal
bound-20260916T061948Z	LE:K-562	magnitude_g1.00	EX_imp_e	0.0	0.0	1.0955177767600463e-10	primary	optimal
bound-20260916T061948Z	LE:K-562	magnitude_g1.00	EX_ins_e	0.0	0.0	1.1028954683984266e-10	primary	optimal
bound-20260916T061948Z	LE:K-562	magnitude_g1.00	EX_lac__L_e	0.0	-6.5215542390011835e-09	1.0952468739073292e-06	primary	optimal
bound-20260916T061948Z	LE:K-562	magnitude_g1.00	EX_lcts_e	0.0	0.0	5.03161829608276e-10	primary	optimal
bound-20260916T061948Z	LE:K-562	magnitude_g1.00	EX_leu__L_e	-0.544556019816	-0.5445560359277345	-0.544556019816	primary	optimal
bound-20260916T061948Z	LE:K-562	magnitude_g1.00	EX_lys__L_e	-0.591041681546	-0.5910416986641586	-0.591041681546	primary	optimal
bound-20260916T061948Z	LE:K-562	magnitude_g1.00	EX_mal__L_e	0.0	0.0	6.845096328688174e-08	primary	optimal
bound-20260916T061948Z	LE:K-562	magnitude_g1.00	EX_met__L_e	-0.22286432020109295	-0.22286452310926727	-0.15274088440199998	primary	optimal
bound-20260916T061948Z	LE:K-562	magnitude_g1.00	EX_nac_e	-1.051717302914266e-14	0.0	3.3407865358632974e-09	primary	optimal
bound-20260916T061948Z	LE:K-562	magnitude_g1.00	EX_ncam_e	0.0	-1.611232670764426e-08	0.0	primary	optimal
bound-20260916T061948Z	LE:K-562	magnitude_g1.00	EX_nicrnt_e	0.0	0.0	3.049753542311181e-10	primary	optimal
bound-20260916T061948Z	LE:K-562	magnitude_g1.00	EX_orn_e	0.0	0.0	9.093458998318942e-09	primary	optimal
bound-20260916T061948Z	LE:K-562	magnitude_g1.00	EX_orot5p_e	0.0	0.0	1.6653662568000164e-10	primary	optimal
bound-20260916T061948Z	LE:K-562	magnitude_g1.00	EX_orot_e	0.0	0.0	3.369274240495925e-10	primary	optimal
bound-20260916T061948Z	LE:K-562	magnitude_g1.00	EX_oxa_e	0.0	0.0	1.5594129491397413e-09	primary	optimal
bound-20260916T061948Z	LE:K-562	magnitude_g1.00	EX_pep_e	0.0	0.0	8.10303588437871e-10	primary	optimal
bound-20260916T061948Z	LE:K-562	magnitude_g1.00	EX_phe__L_e	-0.258996107074	-0.2589961239309716	-0.258996107074	primary	optimal
bound-20260916T061948Z	LE:K-562	magnitude_g1.00	EX_pnto__R_e	0.0	-1.6112278642191034e-08	1.7118386354754993e-08	primary	optimal
bound-20260916T061948Z	LE:K-562	magnitude_g1.00	EX_pro__L_e	-0.411736991476	-0.4117370082459392	-0.41173698784767243	primary	optimal
bound-20260916T061948Z	LE:K-562	magnitude_g1.00	EX_quln_e	0.0	0.0	1.3851472063791719e-09	primary	optimal
bound-20260916T061948Z	LE:K-562	magnitude_g1.00	EX_sbt__D_e	0.0	0.0	0.0	primary	optimal
bound-20260916T061948Z	LE:K-562	magnitude_g1.00	EX_ser__L_e	-2.5268716930798365	-2.526872253310609	-2.526871423565677	primary	optimal
bound-20260916T061948Z	LE:K-562	magnitude_g1.00	EX_spmd_e	0.0	0.0	2.427125294072563e-10	primary	optimal
bound-20260916T061948Z	LE:K-562	magnitude_g1.00	EX_sprm_e	0.0	0.0	1.257668472748908e-10	primary	optimal
bound-20260916T061948Z	LE:K-562	magnitude_g1.00	EX_srtn_e	0.0	0.0	3.3450636379622936e-09	primary	optimal
bound-20260916T061948Z	LE:K-562	magnitude_g1.00	EX_succ_e	2.437325203796383	2.4373250635718837	2.437325299471791	primary	optimal
bound-20260916T061948Z	LE:K-562	magnitude_g1.00	EX_sucr_e	0.0	0.0	0.0	primary	optimal
bound-20260916T061948Z	LE:K-562	magnitude_g1.00	EX_taur_e	0.0	0.0	1.7120677531128272e-08	primary	optimal
bound-20260916T061948Z	LE:K-562	magnitude_g1.00	EX_tchola_e	0.0	0.0	4.897769013659424e-10	primary	optimal
bound-20260916T061948Z	LE:K-562	magnitude_g1.00	EX_thr__L_e	-0.31212371841000003	-0.31212373452188713	-0.3121237184100001	primary	optimal
bound-20260916T061948Z	LE:K-562	magnitude_g1.00	EX_thym_e	0.0	0.0	2.1797902127902004e-10	primary	optimal
bound-20260916T061948Z	LE:K-562	magnitude_g1.00	EX_thymd_e	0.0	0.0	1.7101272280335362e-10	primary	optimal
bound-20260916T061948Z	LE:K-562	magnitude_g1.00	EX_trp__L_e	-0.013281902834000001	-0.013281918944559636	-0.013281902834000001	primary	optimal
bound-20260916T061948Z	LE:K-562	magnitude_g1.00	EX_tyr__L_e	-0.15938183581899998	-0.15938185193073834	-0.15938181896356304	primary	optimal
bound-20260916T061948Z	LE:K-562	magnitude_g1.00	EX_ump_e	0.0	0.0	1.1230041201026408e-10	primary	optimal
bound-20260916T061948Z	LE:K-562	magnitude_g1.00	EX_ura_e	0.0	0.0	2.813331456876879e-10	primary	optimal
bound-20260916T061948Z	LE:K-562	magnitude_g1.00	EX_urate_e	0.0	0.0	1.2943573469730602e-10	primary	optimal
bound-20260916T061948Z	LE:K-562	magnitude_g1.00	EX_uri_e	0.0	0.0	1.9816567785959395e-10	primary	optimal
bound-20260916T061948Z	LE:K-562	magnitude_g1.00	EX_val__L_e	-0.3519684448350387	-0.3519684448353444	-0.35196842872299994	primary	optimal
bound-20260916T061948Z	LE:K-562	magnitude_g1.00	EX_xan_e	0.0	0.0	1.2843807301325709e-10	primary	optimal
bound-20260916T061948Z	LE:K-562	magnitude_g1.00	EX_xmp_e	0.0	0.0	1.081471617842779e-10	primary	optimal
bound-20260916T061948Z	LE:K-562	magnitude_g1.00	EX_xtsn_e	0.0	0.0	1.0885243233210633e-10	primary	optimal
bound-20260916T061948Z	LE:MOLT-4	magnitude_g1.00	EX_2pg_e	0.0	0.0	1.6013553332658942e-09	primary	optimal
bound-20260916T061948Z	LE:MOLT-4	magnitude_g1.00	EX_34hpp_e	0.0	0.0	2.1136693945522925e-08	primary	optimal
bound-20260916T061948Z	LE:MOLT-4	magnitude_g1.00	EX_3hanthrn_e	0.0	0.0	4.025970559835822e-09	primary	optimal
bound-20260916T061948Z	LE:MOLT-4	magnitude_g1.00	EX_3pg_e	0.0	0.0	5.135913818635387e-09	primary	optimal
bound-20260916T061948Z	LE:MOLT-4	magnitude_g1.00	EX_4abut_e	0.0	0.0	1.0083365923048896e-08	primary	optimal
bound-20260916T061948Z	LE:MOLT-4	magnitude_g1.00	EX_4hbz_e	0.0	0.0	2.4617030654971804e-09	primary	optimal
bound-20260916T061948Z	LE:MOLT-4	magnitude_g1.00	EX_L2aadp_e	0.0	0.0	4.896511616520745e-09	primary	optimal
bound-20260916T061948Z	LE:MOLT-4	magnitude_g1.00	EX_Lkynr_e	0.0	0.0	7.90684629108776e-09	primary	optimal
bound-20260916T061948Z	LE:MOLT-4	magnitude_g1.00	EX_acac_e	0.0	0.0	1.4664082209286255e-08	primary	optimal
bound-20260916T061948Z	LE:MOLT-4	magnitude_g1.00	EX_ade_e	0.0	0.0	2.275434143602535e-10	primary	optimal
bound-20260916T061948Z	LE:MOLT-4	magnitude_g1.00	EX_adn_e	0.0	0.0	1.9729742342243183e-10	primary	optimal
bound-20260916T061948Z	LE:MOLT-4	magnitude_g1.00	EX_ahcys_e	0.0	0.0	1.7180993192010527e-10	primary	optimal
bound-20260916T061948Z	LE:MOLT-4	magnitude_g1.00	EX_akg_e	0.0	0.0	9.991621684922277e-08	primary	optimal
bound-20260916T061948Z	LE:MOLT-4	magnitude_g1.00	EX_ala__L_e	0.023243329959499993	0.023243287685758545	0.09527926870312678	primary	optimal
bound-20260916T061948Z	LE:MOLT-4	magnitude_g1.00	EX_amp_e	0.0	0.0	1.982260256806589e-10	primary	optimal
bound-20260916T061948Z	LE:MOLT-4	magnitude_g1.00	EX_anth_e	0.0	0.0	4.996050591250223e-09	primary	optimal
bound-20260916T061948Z	LE:MOLT-4	magnitude_g1.00	EX_arg__L_e	-0.35860938014000004	-0.35860941677869085	-0.3586093791657422	primary	optimal
bound-20260916T061948Z	LE:MOLT-4	magnitude_g1.00	EX_asn__L_e	-3.241104636820853	-3.2411047101320913	-3.2411045743606217	primary	optimal
bound-20260916T061948Z	LE:MOLT-4	magnitude_g1.00	EX_asp__L_e	-0.5312592926818471	-0.5312593293191243	-0.5312589699565303	primary	optimal
bound-20260916T061948Z	LE:MOLT-4	magnitude_g1.00	EX_bilirub_e	0.0	0.0	3.724472516828657e-10	primary	optimal
bound-20260916T061948Z	LE:MOLT-4	magnitude_g1.00	EX_cala_e	0.0	0.0	5.827796984768238e-10	primary	optimal
bound-20260916T061948Z	LE:MOLT-4	magnitude_g1.00	EX_chol_e	-0.17163760036100006	-0.17163763699663231	-0.1716375999697662	primary	optimal
bound-20260916T061948Z	LE:MOLT-4	magnitude_g1.00	EX_cholp_e	0.0	0.0	1.383608670000458e-09	primary	optimal
bound-20260916T061948Z	LE:MOLT-4	magnitude_g1.00	EX_cit_e	0.0	0.0	4.2275446854348866e-08	primary	optimal
bound-20260916T061948Z	LE:MOLT-4	magnitude_g1.00	EX_citr__L_e	0.0	0.0	9.991819353075546e-09	primary	optimal
bound-20260916T061948Z	LE:MOLT-4	magnitude_g1.00	EX_cmp_e	0.0	0.0	4.18853404579948e-10	primary	optimal
bound-20260916T061948Z	LE:MOLT-4	magnitude_g1.00	EX_crn_e	4.079613155885861e-17	-1.801780543244812e-08	3.475218257388576e-19	primary	optimal
bound-20260916T061948Z	LE:MOLT-4	magnitude_g1.00	EX_cyst__L_e	0.0	0.0	1.1303786867753503e-09	primary	optimal
bound-20260916T061948Z	LE:MOLT-4	magnitude_g1.00	EX_cytd_e	0.0	0.0	4.204083276183562e-10	primary	optimal
bound-20260916T061948Z	LE:MOLT-4	magnitude_g1.00	EX_dad_2_e	0.0	0.0	1.9497676733497435e-10	primary	optimal
bound-20260916T061948Z	LE:MOLT-4	magnitude_g1.00	EX_dcmp_e	0.0	0.0	3.2939424241931847e-10	primary	optimal
bound-20260916T061948Z	LE:MOLT-4	magnitude_g1.00	EX_dcyt_e	0.0	0.0	3.845135262865101e-10	primary	optimal
bound-20260916T061948Z	LE:MOLT-4	magnitude_g1.00	EX_dhap_e	0.0	0.0	1.3852046866809514e-09	primary	optimal
bound-20260916T061948Z	LE:MOLT-4	magnitude_g1.00	EX_dmgly_e	0.0	0.0	4.077550935898373e-09	primary	optimal
bound-20260916T061948Z	LE:MOLT-4	magnitude_g1.00	EX_duri_e	0.0	0.0	4.271335071674058e-10	primary	optimal
bound-20260916T061948Z	LE:MOLT-4	magnitude_g1.00	EX_ethamp_e	0.0	0.0	1.2584317059578853e-09	primary	optimal
bound-20260916T061948Z	LE:MOLT-4	magnitude_g1.00	EX_fol_e	1.0098214715707706e-16	-9.991509369879642e-08	2.0987053238245087e-15	primary	optimal
bound-20260916T061948Z	LE:MOLT-4	magnitude_g1.00	EX_fum_e	1.1314486239544017	1.1314476239682822	1.1314500316907066	primary	optimal
bound-20260916T061948Z	LE:MOLT-4	magnitude_g1.00	EX_g3pc_e	0.0	0.0	1.1848779645227214e-09	primary	optimal
bound-20260916T061948Z	LE:MOLT-4	magnitude_g1.00	EX_glc__D_e	-3.7279912716409354	-3.727992282411979	-3.691974239782657	primary	optimal
bound-20260916T061948Z	LE:MOLT-4	magnitude_g1.00	EX_glcur_e	0.0	0.0	1.2931024878927158e-08	primary	optimal
bound-20260916T061948Z	LE:MOLT-4	magnitude_g1.00	EX_gln__L_e	-6.010865038670674	-6.010865083498723	-6.010864719122105	primary	optimal
bound-20260916T061948Z	LE:MOLT-4	magnitude_g1.00	EX_glu__L_e	-2.9683209606725787	-2.968321363898932	-2.968320835681201	primary	optimal
bound-20260916T061948Z	LE:MOLT-4	magnitude_g1.00	EX_gly_e	0.0	-1.410898082411015e-07	4.948849844227234e-08	primary	optimal
bound-20260916T061948Z	LE:MOLT-4	magnitude_g1.00	EX_glyald_e	0.0	0.0	1.3568607438264582e-08	primary	optimal
bound-20260916T061948Z	LE:MOLT-4	magnitude_g1.00	EX_glyb_e	0.0	0.0	8.141331649824307e-09	primary	optimal
bound-20260916T061948Z	LE:MOLT-4	magnitude_g1.00	EX_glyc3p_e	0.0	0.0	1.3851854444862244e-09	primary	optimal
bound-20260916T061948Z	LE:MOLT-4	magnitude_g1.00	EX_gmp_e	0.0	0.0	2.3137437339451757e-10	primary	optimal
bound-20260916T061948Z	LE:MOLT-4	magnitude_g1.00	EX_gthox_e	0.0	0.0	1.2543363707089519e-08	primary	optimal
bound-20260916T061948Z	LE:MOLT-4	magnitude_g1.00	EX_hcys__L_e	0.0	0.0	1.2122525223158117e-09	primary	optimal
bound-20260916T061948Z	LE:MOLT-4	magnitude_g1.00	EX_hom__L_e	0.0	0.0	0.0	primary	optimal
bound-20260916T061948Z	LE:MOLT-4	magnitude_g1.00	EX_hxan_e	0.0	0.0	2.7366720457603344e-10	primary	optimal
bound-20260916T061948Z	LE:MOLT-4	magnitude_g1.00	EX_icit_e	4.450969414289334	4.4509683151826955	4.450969476314658	primary	optimal
bound-20260916T061948Z	LE:MOLT-4	magnitude_g1.00	EX_ile__L_e	-0.28555991274200004	-0.285559949379035	-0.285559912742	primary	optimal
bound-20260916T061948Z	LE:MOLT-4	magnitude_g1.00	EX_imp_e	0.0	0.0	2.274925846126715e-10	primary	optimal
bound-20260916T061948Z	LE:MOLT-4	magnitude_g1.00	EX_ins_e	0.0	0.0	2.288217851603014e-10	primary	optimal
bound-20260916T061948Z	LE:MOLT-4	magnitude_g1.00	EX_lac__L_e	0.0	-1.7133494875878744e-08	0.10805390815308924	primary	optimal
bound-20260916T061948Z	LE:MOLT-4	magnitude_g1.00	EX_lcts_e	0.0	0.0	1.1197862134601072e-09	primary	optimal
bound-20260916T061948Z	LE:MOLT-4	magnitude_g1.00	EX_leu__L_e	-0.544556019816	-0.5445560564538678	-0.5445560198160024	primary	optimal
bound-20260916T061948Z	LE:MOLT-4	magnitude_g1.00	EX_lys__L_e	-0.591041681546	-0.5910417198876238	-0.5910416815460001	primary	optimal
bound-20260916T061948Z	LE:MOLT-4	magnitude_g1.00	EX_mal__L_e	0.36149914557757584	0.36149662044783937	0.3615001455890477	primary	optimal
bound-20260916T061948Z	LE:MOLT-4	magnitude_g1.00	EX_met__L_e	-0.15274088440199998	-0.15274092103965745	-0.15274088440199995	primary	optimal
bound-20260916T061948Z	LE:MOLT-4	magnitude_g1.00	EX_nac_e	6.465475222833602e-16	0.0	8.081826510462981e-09	primary	optimal
bound-20260916T061948Z	LE:MOLT-4	magnitude_g1.00	EX_ncam_e	0.0	-3.663716789214134e-08	3.8775130596603795e-23	primary	optimal
bound-20260916T061948Z	LE:MOLT-4	magnitude_g1.00	EX_nicrnt_e	0.0	0.0	6.398540372353232e-10	primary	optimal
bound-20260916T061948Z	LE:MOLT-4	magnitude_g1.00	EX_orn_e	0.0	0.0	1.764580438357043e-08	primary	optimal
bound-20260916T061948Z	LE:MOLT-4	magnitude_g1.00	EX_orot5p_e	0.0	0.0	3.455578603955102e-10	primary	optimal
bound-20260916T061948Z	LE:MOLT-4	magnitude_g1.00	EX_orot_e	0.0	0.0	6.992256121798246e-10	primary	optimal
bound-20260916T061948Z	LE:MOLT-4	magnitude_g1.00	EX_oxa_e	0.0	0.0	3.848713586045805e-09	primary	optimal
bound-20260916T061948Z	LE:MOLT-4	magnitude_g1.00	EX_pep_e	0.0	0.0	1.621777899706046e-09	primary	optimal
bound-20260916T061948Z	LE:MOLT-4	magnitude_g1.00	EX_phe__L_e	-0.258996107074	-0.2589961463281778	-0.25899610707400006	primary	optimal
bound-20260916T061948Z	LE:MOLT-4	magnitude_g1.00	EX_pnto__R_e	0.0	-3.663638685102245e-08	4.2274909781870094e-08	primary	optimal
bound-20260916T061948Z	LE:MOLT-4	magnitude_g1.00	EX_pro__L_e	-0.6344319972577809	-0.6344320356050432	-0.6344314353871383	primary	optimal
bound-20260916T061948Z	LE:MOLT-4	magnitude_g1.00	EX_quln_e	0.0	0.0	3.2327148180918416e-09	primary	optimal
bound-20260916T061948Z	LE:MOLT-4	magnitude_g1.00	EX_sbt__D_e	0.0	0.0	0.0	primary	optimal
bound-20260916T061948Z	LE:MOLT-4	magnitude_g1.00	EX_ser__L_e	-1.3566191952390483	-1.4286532589667824	-1.3566170678088125	primary	optimal
bound-20260916T061948Z	LE:MOLT-4	magnitude_g1.00	EX_spmd_e	0.0	0.0	5.396864364438e-10	primary	optimal
bound-20260916T061948Z	LE:MOLT-4	magnitude_g1.00	EX_sprm_e	0.0	0.0	2.78242448400765e-10	primary	optimal
bound-20260916T061948Z	LE:MOLT-4	magnitude_g1.00	EX_srtn_e	0.0	0.0	8.023076325859039e-09	primary	optimal
bound-20260916T061948Z	LE:MOLT-4	magnitude_g1.00	EX_succ_e	3.117865845838143	3.1178658069946645	3.117865845838143	primary	optimal
bound-20260916T061948Z	LE:MOLT-4	magnitude_g1.00	EX_sucr_e	0.0	0.0	0.0	primary	optimal
bound-20260916T061948Z	LE:MOLT-4	magnitude_g1.00	EX_taur_e	0.0	0.0	4.227535557030398e-08	primary	optimal
bound-20260916T061948Z	LE:MOLT-4	magnitude_g1.00	EX_tchola_e	0.0	0.0	9.280869387339242e-10	primary	optimal
bound-20260916T061948Z	LE:MOLT-4	magnitude_g1.00	EX_thr__L_e	-0.31212371841000003	-0.3121237550469144	-0.31212371841000003	primary	optimal
bound-20260916T061948Z	LE:MOLT-4	magnitude_g1.00	EX_thym_e	0.0	0.0	4.66910615392218e-10	primary	optimal
bound-20260916T061948Z	LE:MOLT-4	magnitude_g1.00	EX_thymd_e	0.0	0.0	3.612649994001978e-10	primary	optimal
bound-20260916T061948Z	LE:MOLT-4	magnitude_g1.00	EX_trp__L_e	-0.013281902834000001	-0.013281939470909334	-0.013281902834000001	primary	optimal
bound-20260916T061948Z	LE:MOLT-4	magnitude_g1.00	EX_tyr__L_e	-0.159381835819	-0.15938187246118582	-0.15938179656332246	primary	optimal
bound-20260916T061948Z	LE:MOLT-4	magnitude_g1.00	EX_ump_e	0.0	0.0	2.382321927943847e-10	primary	optimal
bound-20260916T061948Z	LE:MOLT-4	magnitude_g1.00	EX_ura_e	0.0	0.0	5.996539748808908e-10	primary	optimal
bound-20260916T061948Z	LE:MOLT-4	magnitude_g1.00	EX_urate_e	0.0	0.0	2.6867311641120966e-10	primary	optimal
bound-20260916T061948Z	LE:MOLT-4	magnitude_g1.00	EX_uri_e	0.0	0.0	4.1863096332408693e-10	primary	optimal
bound-20260916T061948Z	LE:MOLT-4	magnitude_g1.00	EX_val__L_e	-0.35196845997204423	-0.3519684653592421	-0.3519684287229985	primary	optimal
bound-20260916T061948Z	LE:MOLT-4	magnitude_g1.00	EX_xan_e	0.0	0.0	2.688171707031043e-10	primary	optimal
bound-20260916T061948Z	LE:MOLT-4	magnitude_g1.00	EX_xmp_e	0.0	0.0	2.262802524475469e-10	primary	optimal
bound-20260916T061948Z	LE:MOLT-4	magnitude_g1.00	EX_xtsn_e	0.0	0.0	2.2759837684167764e-10	primary	optimal
bound-20260916T061948Z	ME:LOX IMVI	magnitude_g1.00	EX_2pg_e	0.0	0.0	1.658501007120077e-09	primary	optimal
bound-20260916T061948Z	ME:LOX IMVI	magnitude_g1.00	EX_34hpp_e	0.0	0.0	2.121436384181383e-08	primary	optimal
bound-20260916T061948Z	ME:LOX IMVI	magnitude_g1.00	EX_3hanthrn_e	0.0	0.0	4.040978683970356e-09	primary	optimal
bound-20260916T061948Z	ME:LOX IMVI	magnitude_g1.00	EX_3pg_e	0.0	0.0	1.7260019015584319e-09	primary	optimal
bound-20260916T061948Z	ME:LOX IMVI	magnitude_g1.00	EX_4abut_e	0.0	0.0	1.0120782639703507e-08	primary	optimal
bound-20260916T061948Z	ME:LOX IMVI	magnitude_g1.00	EX_4hbz_e	0.0	0.0	2.5474196877438876e-09	primary	optimal
bound-20260916T061948Z	ME:LOX IMVI	magnitude_g1.00	EX_L2aadp_e	0.0	0.0	4.135417882378016e-09	primary	optimal
bound-20260916T061948Z	ME:LOX IMVI	magnitude_g1.00	EX_Lkynr_e	0.0	0.0	7.936714192397947e-09	primary	optimal
bound-20260916T061948Z	ME:LOX IMVI	magnitude_g1.00	EX_acac_e	0.0	0.0	1.4121175530533553e-08	primary	optimal
bound-20260916T061948Z	ME:LOX IMVI	magnitude_g1.00	EX_ade_e	0.0	0.0	2.372542285631752e-10	primary	optimal
bound-20260916T061948Z	ME:LOX IMVI	magnitude_g1.00	EX_adn_e	0.0	0.0	2.0350075105420196e-10	primary	optimal
bound-20260916T061948Z	ME:LOX IMVI	magnitude_g1.00	EX_ahcys_e	0.0	0.0	2.0256796983520743e-10	primary	optimal
bound-20260916T061948Z	ME:LOX IMVI	magnitude_g1.00	EX_akg_e	0.0	0.0	1.0029300897048535e-07	primary	optimal
bound-20260916T061948Z	ME:LOX IMVI	magnitude_g1.00	EX_ala__L_e	0.0232433299595	0.02324328753069823	0.2625966057226335	primary	optimal
bound-20260916T061948Z	ME:LOX IMVI	magnitude_g1.00	EX_amp_e	0.0	0.0	2.0447401927688025e-10	primary	optimal
bound-20260916T061948Z	ME:LOX IMVI	magnitude_g1.00	EX_anth_e	0.0	0.0	5.014339449122503e-09	primary	optimal
bound-20260916T061948Z	ME:LOX IMVI	magnitude_g1.00	EX_arg__L_e	-0.35860938014000004	-0.3586094169130896	-0.3586093791403803	primary	optimal
bound-20260916T061948Z	ME:LOX IMVI	magnitude_g1.00	EX_asn__L_e	-3.106737437270937	-3.1067374740432263	-3.106737362090061	primary	optimal
bound-20260916T061948Z	ME:LOX IMVI	magnitude_g1.00	EX_asp__L_e	-0.5344690253860666	-0.5344690621625887	-0.5344689876314273	primary	optimal
bound-20260916T061948Z	ME:LOX IMVI	magnitude_g1.00	EX_bilirub_e	0.0	0.0	4.1292330569199676e-10	primary	optimal
bound-20260916T061948Z	ME:LOX IMVI	magnitude_g1.00	EX_cala_e	0.0	0.0	6.137772605830415e-10	primary	optimal
bound-20260916T061948Z	ME:LOX IMVI	magnitude_g1.00	EX_chol_e	-0.17163760036100006	-0.17163763713170627	-0.17163759995834527	primary	optimal
bound-20260916T061948Z	ME:LOX IMVI	magnitude_g1.00	EX_cholp_e	0.0	0.0	1.4269574842158424e-09	primary	optimal
bound-20260916T061948Z	ME:LOX IMVI	magnitude_g1.00	EX_cit_e	0.0	0.0	4.2431794634014345e-08	primary	optimal
bound-20260916T061948Z	ME:LOX IMVI	magnitude_g1.00	EX_citr__L_e	0.0	0.0	1.002881832113733e-08	primary	optimal
bound-20260916T061948Z	ME:LOX IMVI	magnitude_g1.00	EX_cmp_e	0.0	0.0	4.3869673021380976e-10	primary	optimal
bound-20260916T061948Z	ME:LOX IMVI	magnitude_g1.00	EX_crn_e	2.6397496891026158e-17	-1.8085011452928505e-08	-5.692625792398836e-17	primary	optimal
bound-20260916T061948Z	ME:LOX IMVI	magnitude_g1.00	EX_cyst__L_e	0.0	0.0	1.1611858987052836e-09	primary	optimal
bound-20260916T061948Z	ME:LOX IMVI	magnitude_g1.00	EX_cytd_e	0.0	0.0	4.3420766319352035e-10	primary	optimal
bound-20260916T061948Z	ME:LOX IMVI	magnitude_g1.00	EX_dad_2_e	0.0	0.0	2.0062164250240276e-10	primary	optimal
bound-20260916T061948Z	ME:LOX IMVI	magnitude_g1.00	EX_dcmp_e	0.0	0.0	3.386287640634464e-10	primary	optimal
bound-20260916T061948Z	ME:LOX IMVI	magnitude_g1.00	EX_dcyt_e	0.0	0.0	3.902836188345556e-10	primary	optimal
bound-20260916T061948Z	ME:LOX IMVI	magnitude_g1.00	EX_dhap_e	0.0	0.0	1.4286574830128152e-09	primary	optimal
bound-20260916T061948Z	ME:LOX IMVI	magnitude_g1.00	EX_dmgly_e	0.0	0.0	4.078999251112179e-09	primary	optimal
bound-20260916T061948Z	ME:LOX IMVI	magnitude_g1.00	EX_duri_e	0.0	0.0	4.2634421630434736e-10	primary	optimal
bound-20260916T061948Z	ME:LOX IMVI	magnitude_g1.00	EX_ethamp_e	0.0	0.0	1.2945636692497618e-09	primary	optimal
bound-20260916T061948Z	ME:LOX IMVI	magnitude_g1.00	EX_fol_e	1.0179079367445051e-16	-1.002839880514251e-07	-1.5891202482914123e-15	primary	optimal
bound-20260916T061948Z	ME:LOX IMVI	magnitude_g1.00	EX_fum_e	1.2210866419690458	1.2210856420160527	1.221087848377359	primary	optimal
bound-20260916T061948Z	ME:LOX IMVI	magnitude_g1.00	EX_g3pc_e	0.0	0.0	1.2401873104071282e-09	primary	optimal
bound-20260916T061948Z	ME:LOX IMVI	magnitude_g1.00	EX_glc__D_e	-3.800051405355104	-3.8000524164038594	-3.6803757049669317	primary	optimal
bound-20260916T061948Z	ME:LOX IMVI	magnitude_g1.00	EX_glcur_e	0.0	0.0	1.2978221148371279e-08	primary	optimal
bound-20260916T061948Z	ME:LOX IMVI	magnitude_g1.00	EX_gln__L_e	-6.179143607879192	-6.179143644652824	-6.179143332076599	primary	optimal
bound-20260916T061948Z	ME:LOX IMVI	magnitude_g1.00	EX_glu__L_e	-3.28382171407608	-3.2838221406776618	-3.2838215890795412	primary	optimal
bound-20260916T061948Z	ME:LOX IMVI	magnitude_g1.00	EX_gly_e	0.0	-1.6042423752412744e-07	4.7708892707922754e-08	primary	optimal
bound-20260916T061948Z	ME:LOX IMVI	magnitude_g1.00	EX_glyald_e	0.0	0.0	1.3619917546609004e-08	primary	optimal
bound-20260916T061948Z	ME:LOX IMVI	magnitude_g1.00	EX_glyb_e	0.0	0.0	8.171985383848636e-09	primary	optimal
bound-20260916T061948Z	ME:LOX IMVI	magnitude_g1.00	EX_glyc3p_e	0.0	0.0	1.428698967872066e-09	primary	optimal
bound-20260916T061948Z	ME:LOX IMVI	magnitude_g1.00	EX_gmp_e	0.0	0.0	2.458471628519494e-10	primary	optimal
bound-20260916T061948Z	ME:LOX IMVI	magnitude_g1.00	EX_gthox_e	0.0	0.0	1.1735820187686266e-08	primary	optimal
bound-20260916T061948Z	ME:LOX IMVI	magnitude_g1.00	EX_hcys__L_e	0.0	0.0	1.2474126276591943e-09	primary	optimal
bound-20260916T061948Z	ME:LOX IMVI	magnitude_g1.00	EX_hom__L_e	0.0	0.0	0.0	primary	optimal
bound-20260916T061948Z	ME:LOX IMVI	magnitude_g1.00	EX_hxan_e	0.0	0.0	2.9788309382563224e-10	primary	optimal
bound-20260916T061948Z	ME:LOX IMVI	magnitude_g1.00	EX_icit_e	4.580262725656436	4.580261622479866	4.580262794934018	primary	optimal
bound-20260916T061948Z	ME:LOX IMVI	magnitude_g1.00	EX_ile__L_e	-0.28555991274200004	-0.285559949514719	-0.28555991274200004	primary	optimal
bound-20260916T061948Z	ME:LOX IMVI	magnitude_g1.00	EX_imp_e	0.0	0.0	2.3454692888270565e-10	primary	optimal
bound-20260916T061948Z	ME:LOX IMVI	magnitude_g1.00	EX_ins_e	0.0	0.0	2.3468068808652557e-10	primary	optimal
bound-20260916T061948Z	ME:LOX IMVI	magnitude_g1.00	EX_lac__L_e	0.0	-1.667002541702855e-08	0.3590299136403601	primary	optimal
bound-20260916T061948Z	ME:LOX IMVI	magnitude_g1.00	EX_lcts_e	0.0	0.0	1.1291055879381417e-09	primary	optimal
bound-20260916T061948Z	ME:LOX IMVI	magnitude_g1.00	EX_leu__L_e	-0.5445560198160003	-0.5445560565901293	-0.5445560198160004	primary	optimal
bound-20260916T061948Z	ME:LOX IMVI	magnitude_g1.00	EX_lys__L_e	-0.591041681546	-0.5910417200285206	-0.5910416815460019	primary	optimal
bound-20260916T061948Z	ME:LOX IMVI	magnitude_g1.00	EX_mal__L_e	0.3774936249420876	0.37749241847339415	0.3774946248956187	primary	optimal
bound-20260916T061948Z	ME:LOX IMVI	magnitude_g1.00	EX_met__L_e	-0.15274088440199998	-0.15274093662717048	-0.15274088440199998	primary	optimal
bound-20260916T061948Z	ME:LOX IMVI	magnitude_g1.00	EX_nac_e	-1.8318846464695205e-15	0.0	8.111788982719323e-09	primary	optimal
bound-20260916T061948Z	ME:LOX IMVI	magnitude_g1.00	EX_ncam_e	0.0	-3.677387774640146e-08	2.4654214315567396e-22	primary	optimal
bound-20260916T061948Z	ME:LOX IMVI	magnitude_g1.00	EX_nicrnt_e	0.0	0.0	6.584660909323687e-10	primary	optimal
bound-20260916T061948Z	ME:LOX IMVI	magnitude_g1.00	EX_orn_e	0.0	0.0	1.9656954971587617e-08	primary	optimal
bound-20260916T061948Z	ME:LOX IMVI	magnitude_g1.00	EX_orot5p_e	0.0	0.0	3.5565939824002777e-10	primary	optimal
bound-20260916T061948Z	ME:LOX IMVI	magnitude_g1.00	EX_orot_e	0.0	0.0	7.184423741562037e-10	primary	optimal
bound-20260916T061948Z	ME:LOX IMVI	magnitude_g1.00	EX_oxa_e	0.0	0.0	3.887800432171107e-09	primary	optimal
bound-20260916T061948Z	ME:LOX IMVI	magnitude_g1.00	EX_pep_e	0.0	0.0	1.6803888066214924e-09	primary	optimal
bound-20260916T061948Z	ME:LOX IMVI	magnitude_g1.00	EX_phe__L_e	-0.258996107074	-0.2589961464728364	-0.258996107074	primary	optimal
bound-20260916T061948Z	ME:LOX IMVI	magnitude_g1.00	EX_pnto__R_e	0.0	-3.6773311805419474e-08	4.243128475692254e-08	primary	optimal
bound-20260916T061948Z	ME:LOX IMVI	magnitude_g1.00	EX_pro__L_e	-0.411736991476	-0.4117370299595451	-0.4117369827290226	primary	optimal
bound-20260916T061948Z	ME:LOX IMVI	magnitude_g1.00	EX_quln_e	0.0	0.0	3.2447546282316278e-09	primary	optimal
bound-20260916T061948Z	ME:LOX IMVI	magnitude_g1.00	EX_sbt__D_e	0.0	0.0	0.0	primary	optimal
bound-20260916T061948Z	ME:LOX IMVI	magnitude_g1.00	EX_ser__L_e	-1.3590264947713897	-1.5983778955969834	-1.3590245450789258	primary	optimal
bound-20260916T061948Z	ME:LOX IMVI	magnitude_g1.00	EX_spmd_e	0.0	0.0	5.568214842173814e-10	primary	optimal
bound-20260916T061948Z	ME:LOX IMVI	magnitude_g1.00	EX_sprm_e	0.0	0.0	2.903530952043519e-10	primary	optimal
bound-20260916T061948Z	ME:LOX IMVI	magnitude_g1.00	EX_srtn_e	0.0	0.0	8.052590412291659e-09	primary	optimal
bound-20260916T061948Z	ME:LOX IMVI	magnitude_g1.00	EX_succ_e	3.066287634061249	3.0662876050450847	3.066287634061249	primary	optimal
bound-20260916T061948Z	ME:LOX IMVI	magnitude_g1.00	EX_sucr_e	0.0	0.0	0.0	primary	optimal
bound-20260916T061948Z	ME:LOX IMVI	magnitude_g1.00	EX_taur_e	0.0	0.0	4.2429004543051586e-08	primary	optimal
bound-20260916T061948Z	ME:LOX IMVI	magnitude_g1.00	EX_tchola_e	0.0	0.0	9.187086782140114e-10	primary	optimal
bound-20260916T061948Z	ME:LOX IMVI	magnitude_g1.00	EX_thr__L_e	-0.31212371841000003	-0.3121237551833813	-0.3121237184100001	primary	optimal
bound-20260916T061948Z	ME:LOX IMVI	magnitude_g1.00	EX_thym_e	0.0	0.0	4.7851860179544e-10	primary	optimal
bound-20260916T061948Z	ME:LOX IMVI	magnitude_g1.00	EX_thymd_e	0.0	0.0	3.711226055323891e-10	primary	optimal
bound-20260916T061948Z	ME:LOX IMVI	magnitude_g1.00	EX_trp__L_e	-0.013281902834000001	-0.013281939607178333	-0.013281902834000001	primary	optimal
bound-20260916T061948Z	ME:LOX IMVI	magnitude_g1.00	EX_tyr__L_e	-0.15938183581899998	-0.15938187259129338	-0.15938179641925695	primary	optimal
bound-20260916T061948Z	ME:LOX IMVI	magnitude_g1.00	EX_ump_e	0.0	0.0	2.4413645363605953e-10	primary	optimal
bound-20260916T061948Z	ME:LOX IMVI	magnitude_g1.00	EX_ura_e	0.0	0.0	6.14075829310787e-10	primary	optimal
bound-20260916T061948Z	ME:LOX IMVI	magnitude_g1.00	EX_urate_e	0.0	0.0	2.771774185162523e-10	primary	optimal
bound-20260916T061948Z	ME:LOX IMVI	magnitude_g1.00	EX_uri_e	0.0	0.0	4.296452034451968e-10	primary	optimal
bound-20260916T061948Z	ME:LOX IMVI	magnitude_g1.00	EX_val__L_e	-0.35196845997042947	-0.35196846549395716	-0.351968428723	primary	optimal
bound-20260916T061948Z	ME:LOX IMVI	magnitude_g1.00	EX_xan_e	0.0	0.0	2.788765768933084e-10	primary	optimal
bound-20260916T061948Z	ME:LOX IMVI	magnitude_g1.00	EX_xmp_e	0.0	0.0	2.3201802036540787e-10	primary	optimal
bound-20260916T061948Z	ME:LOX IMVI	magnitude_g1.00	EX_xtsn_e	0.0	0.0	2.3340716584106506e-10	primary	optimal
bound-20260916T061948Z	ME:M14	magnitude_g1.00	EX_2pg_e	0.0	0.0	2.3219197193956182e-10	primary	optimal
bound-20260916T061948Z	ME:M14	magnitude_g1.00	EX_34hpp_e	0.0	0.0	2.8102647833590667e-09	primary	optimal
bound-20260916T061948Z	ME:M14	magnitude_g1.00	EX_3hanthrn_e	0.0	0.0	6.986098360464214e-10	primary	optimal
bound-20260916T061948Z	ME:M14	magnitude_g1.00	EX_3pg_e	0.0	0.0	7.002548064198229e-10	primary	optimal
bound-20260916T061948Z	ME:M14	magnitude_g1.00	EX_4abut_e	0.0	0.0	1.394186477938272e-09	primary	optimal
bound-20260916T061948Z	ME:M14	magnitude_g1.00	EX_4hbz_e	0.0	0.0	4.807402165841108e-10	primary	optimal
bound-20260916T061948Z	ME:M14	magnitude_g1.00	EX_L2aadp_e	0.0	0.0	5.215697003902271e-10	primary	optimal
bound-20260916T061948Z	ME:M14	magnitude_g1.00	EX_Lkynr_e	0.0	0.0	1.1138004236561201e-09	primary	optimal
bound-20260916T061948Z	ME:M14	magnitude_g1.00	EX_acac_e	0.0	0.0	2.3834184670244027e-09	primary	optimal
bound-20260916T061948Z	ME:M14	magnitude_g1.00	EX_ade_e	0.0	0.0	3.292202008315508e-11	primary	optimal
bound-20260916T061948Z	ME:M14	magnitude_g1.00	EX_adn_e	0.0	0.0	2.8234024475847398e-11	primary	optimal
bound-20260916T061948Z	ME:M14	magnitude_g1.00	EX_ahcys_e	0.0	0.0	2.449678126212047e-11	primary	optimal
bound-20260916T061948Z	ME:M14	magnitude_g1.00	EX_akg_e	0.0	0.0	1.0004644019459664e-07	primary	optimal
bound-20260916T061948Z	ME:M14	magnitude_g1.00	EX_ala__L_e	0.0232433299595	0.023243324337560455	0.5465320333223892	primary	optimal
bound-20260916T061948Z	ME:M14	magnitude_g1.00	EX_amp_e	0.0	0.0	2.8373337500878684e-11	primary	optimal
bound-20260916T061948Z	ME:M14	magnitude_g1.00	EX_anth_e	0.0	0.0	6.970237401268266e-10	primary	optimal
bound-20260916T061948Z	ME:M14	magnitude_g1.00	EX_arg__L_e	-0.35860938014000004	-0.3586093856486721	-0.35860937999790155	primary	optimal
bound-20260916T061948Z	ME:M14	magnitude_g1.00	EX_asn__L_e	-3.2222907866379593	-3.2222908198845417	-3.2222907738310327	primary	optimal
bound-20260916T061948Z	ME:M14	magnitude_g1.00	EX_asp__L_e	-0.6056199943569457	-0.605620000132512	-0.6056199674246624	primary	optimal
bound-20260916T061948Z	ME:M14	magnitude_g1.00	EX_bilirub_e	0.0	0.0	5.2557327040829194e-11	primary	optimal
bound-20260916T061948Z	ME:M14	magnitude_g1.00	EX_cala_e	0.0	0.0	8.573036302975404e-11	primary	optimal
bound-20260916T061948Z	ME:M14	magnitude_g1.00	EX_chol_e	-0.17163760036099998	-0.17163760586647822	-0.17163760030541267	primary	optimal
bound-20260916T061948Z	ME:M14	magnitude_g1.00	EX_cholp_e	0.0	0.0	1.9934123794386994e-10	primary	optimal
bound-20260916T061948Z	ME:M14	magnitude_g1.00	EX_cit_e	0.0	0.0	5.621452750086493e-09	primary	optimal
bound-20260916T061948Z	ME:M14	magnitude_g1.00	EX_citr__L_e	0.0	0.0	1.392681998500622e-09	primary	optimal
bound-20260916T061948Z	ME:M14	magnitude_g1.00	EX_cmp_e	0.0	0.0	5.933031679178923e-11	primary	optimal
bound-20260916T061948Z	ME:M14	magnitude_g1.00	EX_crn_e	0.0	-2.7749060459821144e-09	-4.732677759561377e-16	primary	optimal
bound-20260916T061948Z	ME:M14	magnitude_g1.00	EX_cyst__L_e	0.0	0.0	1.619569357395221e-10	primary	optimal
bound-20260916T061948Z	ME:M14	magnitude_g1.00	EX_cytd_e	0.0	0.0	5.964267332275385e-11	primary	optimal
bound-20260916T061948Z	ME:M14	magnitude_g1.00	EX_dad_2_e	0.0	0.0	2.7550571848798872e-11	primary	optimal
bound-20260916T061948Z	ME:M14	magnitude_g1.00	EX_dcmp_e	0.0	0.0	4.684006939712838e-11	primary	optimal
bound-20260916T061948Z	ME:M14	magnitude_g1.00	EX_dcyt_e	0.0	0.0	5.365915676025759e-11	primary	optimal
bound-20260916T061948Z	ME:M14	magnitude_g1.00	EX_dhap_e	0.0	0.0	1.9929144596659282e-10	primary	optimal
bound-20260916T061948Z	ME:M14	magnitude_g1.00	EX_dmgly_e	0.0	0.0	6.45707512090588e-10	primary	optimal
bound-20260916T061948Z	ME:M14	magnitude_g1.00	EX_duri_e	0.0	0.0	5.996789359704937e-11	primary	optimal
bound-20260916T061948Z	ME:M14	magnitude_g1.00	EX_ethamp_e	0.0	0.0	1.7998140372012043e-10	primary	optimal
bound-20260916T061948Z	ME:M14	magnitude_g1.00	EX_fol_e	0.0	-1.000794164432867e-07	1.848935925409922e-15	primary	optimal
bound-20260916T061948Z	ME:M14	magnitude_g1.00	EX_fum_e	1.0459408574866438	1.045939857992423	1.0459409583580233	primary	optimal
bound-20260916T061948Z	ME:M14	magnitude_g1.00	EX_g3pc_e	0.0	0.0	1.8791044635708168e-10	primary	optimal
bound-20260916T061948Z	ME:M14	magnitude_g1.00	EX_glc__D_e	-3.5816334990963212	-3.581634503668709	-3.546205028878974	primary	optimal
bound-20260916T061948Z	ME:M14	magnitude_g1.00	EX_glcur_e	0.0	0.0	1.8575552950893305e-09	primary	optimal
bound-20260916T061948Z	ME:M14	magnitude_g1.00	EX_gln__L_e	-6.281104776970453	-6.281104782746859	-6.281104474892502	primary	optimal
bound-20260916T061948Z	ME:M14	magnitude_g1.00	EX_glu__L_e	-3.2843287026047094	-3.284329011013943	-3.284328460664537	primary	optimal
bound-20260916T061948Z	ME:M14	magnitude_g1.00	EX_gly_e	0.0	-7.997995915939435e-09	1.7734617415260642e-08	primary	optimal
bound-20260916T061948Z	ME:M14	magnitude_g1.00	EX_glyald_e	0.0	0.0	1.8644814474965575e-09	primary	optimal
bound-20260916T061948Z	ME:M14	magnitude_g1.00	EX_glyb_e	0.0	0.0	1.1184786150011491e-09	primary	optimal
bound-20260916T061948Z	ME:M14	magnitude_g1.00	EX_glyc3p_e	0.0	0.0	1.992816738658302e-10	primary	optimal
bound-20260916T061948Z	ME:M14	magnitude_g1.00	EX_gmp_e	0.0	0.0	3.737603019578536e-11	primary	optimal
bound-20260916T061948Z	ME:M14	magnitude_g1.00	EX_gthox_e	0.0	0.0	1.5962148035018893e-09	primary	optimal
bound-20260916T061948Z	ME:M14	magnitude_g1.00	EX_hcys__L_e	0.0	0.0	1.8307590814452078e-10	primary	optimal
bound-20260916T061948Z	ME:M14	magnitude_g1.00	EX_hom__L_e	0.0	0.0	0.0	primary	optimal
bound-20260916T061948Z	ME:M14	magnitude_g1.00	EX_hxan_e	0.0	0.0	4.6011760152834995e-11	primary	optimal
bound-20260916T061948Z	ME:M14	magnitude_g1.00	EX_icit_e	4.728142799619246	4.7281422263175195	4.728142805799936	primary	optimal
bound-20260916T061948Z	ME:M14	magnitude_g1.00	EX_ile__L_e	-0.28555991274199977	-0.28555991824872734	-0.2855599127419998	primary	optimal
bound-20260916T061948Z	ME:M14	magnitude_g1.00	EX_imp_e	0.0	0.0	3.251617490950446e-11	primary	optimal
bound-20260916T061948Z	ME:M14	magnitude_g1.00	EX_ins_e	0.0	0.0	3.270686989395486e-11	primary	optimal
bound-20260916T061948Z	ME:M14	magnitude_g1.00	EX_lac__L_e	0.0	-1.951396066499102e-09	0.10628827428358946	primary	optimal
bound-20260916T061948Z	ME:M14	magnitude_g1.00	EX_lcts_e	0.0	0.0	1.531643619831753e-10	primary	optimal
bound-20260916T061948Z	ME:M14	magnitude_g1.00	EX_leu__L_e	-0.544556019816	-0.5445560253235108	-0.5445560198159989	primary	optimal
bound-20260916T061948Z	ME:M14	magnitude_g1.00	EX_lys__L_e	-0.591041681546	-0.5910416871074095	-0.591041681545992	primary	optimal
bound-20260916T061948Z	ME:M14	magnitude_g1.00	EX_mal__L_e	1.0849441337373941e-08	0.0	1.1006473439780789e-06	primary	optimal
bound-20260916T061948Z	ME:M14	magnitude_g1.00	EX_met__L_e	-0.15274088440199998	-0.15274090337028412	-0.15274088440199998	primary	optimal
bound-20260916T061948Z	ME:M14	magnitude_g1.00	EX_nac_e	5.172380178266882e-16	0.0	1.1162833853731787e-09	primary	optimal
bound-20260916T061948Z	ME:M14	magnitude_g1.00	EX_ncam_e	0.0	-5.505865332155607e-09	0.0	primary	optimal
bound-20260916T061948Z	ME:M14	magnitude_g1.00	EX_nicrnt_e	0.0	0.0	9.148185637511832e-11	primary	optimal
bound-20260916T061948Z	ME:M14	magnitude_g1.00	EX_orn_e	0.0	0.0	4.140092613937366e-09	primary	optimal
bound-20260916T061948Z	ME:M14	magnitude_g1.00	EX_orot5p_e	0.0	0.0	4.9329035868184225e-11	primary	optimal
bound-20260916T061948Z	ME:M14	magnitude_g1.00	EX_orot_e	0.0	0.0	9.945624514816852e-11	primary	optimal
bound-20260916T061948Z	ME:M14	magnitude_g1.00	EX_oxa_e	0.0	0.0	5.667497714858775e-10	primary	optimal
bound-20260916T061948Z	ME:M14	magnitude_g1.00	EX_pep_e	0.0	0.0	2.5715941839980584e-10	primary	optimal
bound-20260916T061948Z	ME:M14	magnitude_g1.00	EX_phe__L_e	-0.258996107074	-0.2589961126660513	-0.25899610707400006	primary	optimal
bound-20260916T061948Z	ME:M14	magnitude_g1.00	EX_pnto__R_e	0.0	-5.508505499286509e-09	5.619202884410831e-09	primary	optimal
bound-20260916T061948Z	ME:M14	magnitude_g1.00	EX_pro__L_e	-0.411736991476	-0.4117369970391998	-0.411736990172564	primary	optimal
bound-20260916T061948Z	ME:M14	magnitude_g1.00	EX_quln_e	0.0	0.0	6.176295137658131e-10	primary	optimal
bound-20260916T061948Z	ME:M14	magnitude_g1.00	EX_sbt__D_e	0.0	0.0	0.0	primary	optimal
bound-20260916T061948Z	ME:M14	magnitude_g1.00	EX_ser__L_e	-1.8648196363170815	-1.9356765299245582	-1.864817580076072	primary	optimal
bound-20260916T061948Z	ME:M14	magnitude_g1.00	EX_spmd_e	0.0	0.0	1.5216163525102645e-10	primary	optimal
bound-20260916T061948Z	ME:M14	magnitude_g1.00	EX_sprm_e	0.0	0.0	7.897851130484468e-11	primary	optimal
bound-20260916T061948Z	ME:M14	magnitude_g1.00	EX_srtn_e	0.0	0.0	1.116212425218603e-09	primary	optimal
bound-20260916T061948Z	ME:M14	magnitude_g1.00	EX_succ_e	3.0894893063874074	3.0894891343715964	3.0894893412235085	primary	optimal
bound-20260916T061948Z	ME:M14	magnitude_g1.00	EX_sucr_e	0.0	0.0	0.0	primary	optimal
bound-20260916T061948Z	ME:M14	magnitude_g1.00	EX_taur_e	0.0	0.0	5.62006150778416e-09	primary	optimal
bound-20260916T061948Z	ME:M14	magnitude_g1.00	EX_tchola_e	0.0	0.0	2.0119316671586933e-10	primary	optimal
bound-20260916T061948Z	ME:M14	magnitude_g1.00	EX_thr__L_e	-0.31212371841000003	-0.3121237239193236	-0.31212371840998476	primary	optimal
bound-20260916T061948Z	ME:M14	magnitude_g1.00	EX_thym_e	0.0	0.0	6.531314734729526e-11	primary	optimal
bound-20260916T061948Z	ME:M14	magnitude_g1.00	EX_thymd_e	0.0	0.0	5.098982555290703e-11	primary	optimal
bound-20260916T061948Z	ME:M14	magnitude_g1.00	EX_trp__L_e	-0.013281902834000001	-0.013281908342126768	-0.013281902833992063	primary	optimal
bound-20260916T061948Z	ME:M14	magnitude_g1.00	EX_tyr__L_e	-0.15938183581899998	-0.15938184132718738	-0.1593818302270449	primary	optimal
bound-20260916T061948Z	ME:M14	magnitude_g1.00	EX_ump_e	0.0	0.0	3.3527274415308434e-11	primary	optimal
bound-20260916T061948Z	ME:M14	magnitude_g1.00	EX_ura_e	0.0	0.0	8.44570239938761e-11	primary	optimal
bound-20260916T061948Z	ME:M14	magnitude_g1.00	EX_urate_e	0.0	0.0	3.845422053690048e-11	primary	optimal
bound-20260916T061948Z	ME:M14	magnitude_g1.00	EX_uri_e	0.0	0.0	5.93168746699639e-11	primary	optimal
bound-20260916T061948Z	ME:M14	magnitude_g1.00	EX_val__L_e	-0.3519684341762796	-0.351968434231449	-0.35196842872300005	primary	optimal
bound-20260916T061948Z	ME:M14	magnitude_g1.00	EX_xan_e	0.0	0.0	3.818544006255397e-11	primary	optimal
bound-20260916T061948Z	ME:M14	magnitude_g1.00	EX_xmp_e	0.0	0.0	3.223766893389942e-11	primary	optimal
bound-20260916T061948Z	ME:M14	magnitude_g1.00	EX_xtsn_e	0.0	0.0	3.2423570378921405e-11	primary	optimal
bound-20260916T061948Z	ME:MDA-MB-435	magnitude_g1.00	EX_2pg_e	0.0	0.0	1.410259677472497e-10	primary	optimal
bound-20260916T061948Z	ME:MDA-MB-435	magnitude_g1.00	EX_34hpp_e	0.0	0.0	1.7039904301667613e-09	primary	optimal
bound-20260916T061948Z	ME:MDA-MB-435	magnitude_g1.00	EX_3hanthrn_e	0.0	0.0	5.654980043633781e-10	primary	optimal
bound-20260916T061948Z	ME:MDA-MB-435	magnitude_g1.00	EX_3pg_e	0.0	0.0	5.670317747042882e-10	primary	optimal
bound-20260916T061948Z	ME:MDA-MB-435	magnitude_g1.00	EX_4abut_e	0.0	0.0	8.478079739355932e-10	primary	optimal
bound-20260916T061948Z	ME:MDA-MB-435	magnitude_g1.00	EX_4hbz_e	0.0	0.0	2.4924274862435595e-10	primary	optimal
bound-20260916T061948Z	ME:MDA-MB-435	magnitude_g1.00	EX_L2aadp_e	0.0	0.0	3.001177967536645e-10	primary	optimal
bound-20260916T061948Z	ME:MDA-MB-435	magnitude_g1.00	EX_Lkynr_e	0.0	0.0	6.781064202416502e-10	primary	optimal
bound-20260916T061948Z	ME:MDA-MB-435	magnitude_g1.00	EX_acac_e	0.0	0.0	1.448035251343198e-09	primary	optimal
bound-20260916T061948Z	ME:MDA-MB-435	magnitude_g1.00	EX_ade_e	0.0	0.0	1.9762145355891843e-11	primary	optimal
bound-20260916T061948Z	ME:MDA-MB-435	magnitude_g1.00	EX_adn_e	0.0	0.0	1.7139249772466826e-11	primary	optimal
bound-20260916T061948Z	ME:MDA-MB-435	magnitude_g1.00	EX_ahcys_e	0.0	0.0	1.706155313652519e-11	primary	optimal
bound-20260916T061948Z	ME:MDA-MB-435	magnitude_g1.00	EX_akg_e	0.0	0.0	9.955916825805887e-08	primary	optimal
bound-20260916T061948Z	ME:MDA-MB-435	magnitude_g1.00	EX_ala__L_e	0.0232433299595	0.02324332655024396	0.5772425263309189	primary	optimal
bound-20260916T061948Z	ME:MDA-MB-435	magnitude_g1.00	EX_amp_e	0.0	0.0	1.7231666532385624e-11	primary	optimal
bound-20260916T061948Z	ME:MDA-MB-435	magnitude_g1.00	EX_anth_e	0.0	0.0	4.2408508280596237e-10	primary	optimal
bound-20260916T061948Z	ME:MDA-MB-435	magnitude_g1.00	EX_arg__L_e	-0.35860938014000004	-0.35860938350728205	-0.35860938005373844	primary	optimal
bound-20260916T061948Z	ME:MDA-MB-435	magnitude_g1.00	EX_asn__L_e	-3.137514152515809	-3.1375141730495737	-3.13751414492986	primary	optimal
bound-20260916T061948Z	ME:MDA-MB-435	magnitude_g1.00	EX_asp__L_e	-0.6280115807031011	-0.6280115840706066	-0.628011564096606	primary	optimal
bound-20260916T061948Z	ME:MDA-MB-435	magnitude_g1.00	EX_bilirub_e	-5.268980044869228e-18	0.0	3.206678531925962e-11	primary	optimal
bound-20260916T061948Z	ME:MDA-MB-435	magnitude_g1.00	EX_cala_e	0.0	0.0	5.2862954833271684e-11	primary	optimal
bound-20260916T061948Z	ME:MDA-MB-435	magnitude_g1.00	EX_chol_e	-0.17163760036100006	-0.17163760372727196	-0.171637600327836	primary	optimal
bound-20260916T061948Z	ME:MDA-MB-435	magnitude_g1.00	EX_cholp_e	0.0	0.0	1.210219476772908e-10	primary	optimal
bound-20260916T061948Z	ME:MDA-MB-435	magnitude_g1.00	EX_cit_e	0.0	0.0	3.4072792703812253e-09	primary	optimal
bound-20260916T061948Z	ME:MDA-MB-435	magnitude_g1.00	EX_citr__L_e	0.0	0.0	8.470331057699839e-10	primary	optimal
bound-20260916T061948Z	ME:MDA-MB-435	magnitude_g1.00	EX_cmp_e	0.0	0.0	3.6025146903735965e-11	primary	optimal
bound-20260916T061948Z	ME:MDA-MB-435	magnitude_g1.00	EX_crn_e	-5.221297048679274e-17	-1.6977830654949688e-09	3.13199124954252e-17	primary	optimal
bound-20260916T061948Z	ME:MDA-MB-435	magnitude_g1.00	EX_cyst__L_e	0.0	0.0	9.824156204856046e-11	primary	optimal
bound-20260916T061948Z	ME:MDA-MB-435	magnitude_g1.00	EX_cytd_e	0.0	0.0	3.639236261410843e-11	primary	optimal
bound-20260916T061948Z	ME:MDA-MB-435	magnitude_g1.00	EX_dad_2_e	0.0	0.0	1.6737378451606064e-11	primary	optimal
bound-20260916T061948Z	ME:MDA-MB-435	magnitude_g1.00	EX_dcmp_e	0.0	0.0	2.8460727432042597e-11	primary	optimal
bound-20260916T061948Z	ME:MDA-MB-435	magnitude_g1.00	EX_dcyt_e	0.0	0.0	3.258960829285199e-11	primary	optimal
bound-20260916T061948Z	ME:MDA-MB-435	magnitude_g1.00	EX_dhap_e	0.0	0.0	1.2102963027060844e-10	primary	optimal
bound-20260916T061948Z	ME:MDA-MB-435	magnitude_g1.00	EX_dmgly_e	0.0	0.0	3.659647391806231e-10	primary	optimal
bound-20260916T061948Z	ME:MDA-MB-435	magnitude_g1.00	EX_duri_e	0.0	0.0	3.567695971516408e-11	primary	optimal
bound-20260916T061948Z	ME:MDA-MB-435	magnitude_g1.00	EX_ethamp_e	0.0	0.0	1.0927259246804853e-10	primary	optimal
bound-20260916T061948Z	ME:MDA-MB-435	magnitude_g1.00	EX_fol_e	0.0	-9.958604186944051e-08	-8.881157763661311e-16	primary	optimal
bound-20260916T061948Z	ME:MDA-MB-435	magnitude_g1.00	EX_fum_e	0.7694911544667603	0.7694906624122242	0.7694912100618139	primary	optimal
bound-20260916T061948Z	ME:MDA-MB-435	magnitude_g1.00	EX_g3pc_e	0.0	0.0	1.1416075869939661e-10	primary	optimal
bound-20260916T061948Z	ME:MDA-MB-435	magnitude_g1.00	EX_glc__D_e	-3.503234383461235	-3.5032346177572986	-3.503234202896342	primary	optimal
bound-20260916T061948Z	ME:MDA-MB-435	magnitude_g1.00	EX_glcur_e	0.0	0.0	1.1328999874349527e-09	primary	optimal
bound-20260916T061948Z	ME:MDA-MB-435	magnitude_g1.00	EX_gln__L_e	-6.731735372925419	-6.731735376293927	-6.731735112922831	primary	optimal
bound-20260916T061948Z	ME:MDA-MB-435	magnitude_g1.00	EX_glu__L_e	-2.671124518873719	-2.6711248562512133	-2.6711243695643163	primary	optimal
bound-20260916T061948Z	ME:MDA-MB-435	magnitude_g1.00	EX_gly_e	0.0	-4.850484244738426e-09	1.1004872444618907e-08	primary	optimal
bound-20260916T061948Z	ME:MDA-MB-435	magnitude_g1.00	EX_glyald_e	0.0	0.0	1.1327098112615893e-09	primary	optimal
bound-20260916T061948Z	ME:MDA-MB-435	magnitude_g1.00	EX_glyb_e	0.0	0.0	6.803299245920875e-10	primary	optimal
bound-20260916T061948Z	ME:MDA-MB-435	magnitude_g1.00	EX_glyc3p_e	0.0	0.0	1.3024662864976e-10	primary	optimal
bound-20260916T061948Z	ME:MDA-MB-435	magnitude_g1.00	EX_gmp_e	0.0	0.0	2.2556453513539146e-11	primary	optimal
bound-20260916T061948Z	ME:MDA-MB-435	magnitude_g1.00	EX_gthox_e	0.0	0.0	9.695946087145154e-10	primary	optimal
bound-20260916T061948Z	ME:MDA-MB-435	magnitude_g1.00	EX_hcys__L_e	0.0	0.0	1.1112187598534146e-10	primary	optimal
bound-20260916T061948Z	ME:MDA-MB-435	magnitude_g1.00	EX_hom__L_e	0.0	0.0	0.0	primary	optimal
bound-20260916T061948Z	ME:MDA-MB-435	magnitude_g1.00	EX_hxan_e	0.0	0.0	2.7600493891617204e-11	primary	optimal
bound-20260916T061948Z	ME:MDA-MB-435	magnitude_g1.00	EX_icit_e	4.7505484932018165	4.750548113661069	4.750548496742193	primary	optimal
bound-20260916T061948Z	ME:MDA-MB-435	magnitude_g1.00	EX_ile__L_e	-0.28555991274200004	-0.28555991611677556	-0.285559912742	primary	optimal
bound-20260916T061948Z	ME:MDA-MB-435	magnitude_g1.00	EX_imp_e	0.0	0.0	1.9729744897478085e-11	primary	optimal
bound-20260916T061948Z	ME:MDA-MB-435	magnitude_g1.00	EX_ins_e	0.0	0.0	1.9851232013382084e-11	primary	optimal
bound-20260916T061948Z	ME:MDA-MB-435	magnitude_g1.00	EX_lac__L_e	0.0	-1.1797467578715959e-09	1.0954229919724374e-06	primary	optimal
bound-20260916T061948Z	ME:MDA-MB-435	magnitude_g1.00	EX_lcts_e	0.0	0.0	8.978714885855294e-11	primary	optimal
bound-20260916T061948Z	ME:MDA-MB-435	magnitude_g1.00	EX_leu__L_e	-0.544556019816	-0.5445560231815679	-0.5445560198160025	primary	optimal
bound-20260916T061948Z	ME:MDA-MB-435	magnitude_g1.00	EX_lys__L_e	-0.591041681546	-0.5910416849421153	-0.591041681546	primary	optimal
bound-20260916T061948Z	ME:MDA-MB-435	magnitude_g1.00	EX_mal__L_e	0.0	0.0	5.478679836868771e-07	primary	optimal
bound-20260916T061948Z	ME:MDA-MB-435	magnitude_g1.00	EX_met__L_e	-0.15274088440199998	-0.15274089618763453	-0.15274088440199998	primary	optimal
bound-20260916T061948Z	ME:MDA-MB-435	magnitude_g1.00	EX_nac_e	8.405117789683683e-16	0.0	6.782720124102933e-10	primary	optimal
bound-20260916T061948Z	ME:MDA-MB-435	magnitude_g1.00	EX_ncam_e	0.0	-3.3661599787286306e-09	-1.0596422657965161e-16	primary	optimal
bound-20260916T061948Z	ME:MDA-MB-435	magnitude_g1.00	EX_nicrnt_e	0.0	0.0	5.556661647224445e-11	primary	optimal
bound-20260916T061948Z	ME:MDA-MB-435	magnitude_g1.00	EX_orn_e	0.0	0.0	2.552011191914778e-09	primary	optimal
bound-20260916T061948Z	ME:MDA-MB-435	magnitude_g1.00	EX_orot5p_e	0.0	0.0	2.9965235287856226e-11	primary	optimal
bound-20260916T061948Z	ME:MDA-MB-435	magnitude_g1.00	EX_orot_e	0.0	0.0	6.037141229660995e-11	primary	optimal
bound-20260916T061948Z	ME:MDA-MB-435	magnitude_g1.00	EX_oxa_e	0.0	0.0	3.274757568910066e-10	primary	optimal
bound-20260916T061948Z	ME:MDA-MB-435	magnitude_g1.00	EX_pep_e	0.0	0.0	1.56191156464826e-10	primary	optimal
bound-20260916T061948Z	ME:MDA-MB-435	magnitude_g1.00	EX_phe__L_e	-0.258996107074	-0.2589961104731578	-0.258996107074	primary	optimal
bound-20260916T061948Z	ME:MDA-MB-435	magnitude_g1.00	EX_pnto__R_e	0.0	-3.367101685696604e-09	3.4101790617268403e-09	primary	optimal
bound-20260916T061948Z	ME:MDA-MB-435	magnitude_g1.00	EX_pro__L_e	-0.411736991476	-0.4117369948722039	-0.41173699068435127	primary	optimal
bound-20260916T061948Z	ME:MDA-MB-435	magnitude_g1.00	EX_quln_e	0.0	0.0	2.8244739580018037e-10	primary	optimal
bound-20260916T061948Z	ME:MDA-MB-435	magnitude_g1.00	EX_sbt__D_e	0.0	0.0	0.0	primary	optimal
bound-20260916T061948Z	ME:MDA-MB-435	magnitude_g1.00	EX_ser__L_e	-1.9831803879100673	-1.983180720208879	-1.9831798898023614	primary	optimal
bound-20260916T061948Z	ME:MDA-MB-435	magnitude_g1.00	EX_spmd_e	0.0	0.0	8.874409258415375e-10	primary	optimal
bound-20260916T061948Z	ME:MDA-MB-435	magnitude_g1.00	EX_sprm_e	0.0	0.0	2.4012203773907094e-11	primary	optimal
bound-20260916T061948Z	ME:MDA-MB-435	magnitude_g1.00	EX_srtn_e	0.0	0.0	8.102394636811977e-10	primary	optimal
bound-20260916T061948Z	ME:MDA-MB-435	magnitude_g1.00	EX_succ_e	3.091268760367058	3.091268654111882	3.0912687744112235	primary	optimal
bound-20260916T061948Z	ME:MDA-MB-435	magnitude_g1.00	EX_sucr_e	0.0	0.0	0.0	primary	optimal
bound-20260916T061948Z	ME:MDA-MB-435	magnitude_g1.00	EX_taur_e	0.0	0.0	3.409195662888116e-09	primary	optimal
bound-20260916T061948Z	ME:MDA-MB-435	magnitude_g1.00	EX_tchola_e	0.0	0.0	1.2904294060506015e-10	primary	optimal
bound-20260916T061948Z	ME:MDA-MB-435	magnitude_g1.00	EX_thr__L_e	-0.31212371841000003	-0.3121237217784344	-0.3121237184100001	primary	optimal
bound-20260916T061948Z	ME:MDA-MB-435	magnitude_g1.00	EX_thym_e	0.0	0.0	3.963076165452653e-11	primary	optimal
bound-20260916T061948Z	ME:MDA-MB-435	magnitude_g1.00	EX_thymd_e	0.0	0.0	3.093553465554508e-11	primary	optimal
bound-20260916T061948Z	ME:MDA-MB-435	magnitude_g1.00	EX_trp__L_e	-0.013281902834000001	-0.013281906200936312	-0.013281902834	primary	optimal
bound-20260916T061948Z	ME:MDA-MB-435	magnitude_g1.00	EX_tyr__L_e	-0.15938183581899998	-0.15938183918773946	-0.15938183241966278	primary	optimal
bound-20260916T061948Z	ME:MDA-MB-435	magnitude_g1.00	EX_ump_e	0.0	0.0	2.0449507802540984e-11	primary	optimal
bound-20260916T061948Z	ME:MDA-MB-435	magnitude_g1.00	EX_ura_e	0.0	0.0	5.127588127017133e-11	primary	optimal
bound-20260916T061948Z	ME:MDA-MB-435	magnitude_g1.00	EX_urate_e	0.0	0.0	2.3666531110148745e-11	primary	optimal
bound-20260916T061948Z	ME:MDA-MB-435	magnitude_g1.00	EX_uri_e	0.0	0.0	3.601046280451781e-11	primary	optimal
bound-20260916T061948Z	ME:MDA-MB-435	magnitude_g1.00	EX_val__L_e	-0.3519684320914877	-0.3519684320884106	-0.35196842872300077	primary	optimal
bound-20260916T061948Z	ME:MDA-MB-435	magnitude_g1.00	EX_xan_e	0.0	0.0	2.3270903312608703e-11	primary	optimal
bound-20260916T061948Z	ME:MDA-MB-435	magnitude_g1.00	EX_xmp_e	0.0	0.0	1.9623325336583144e-11	primary	optimal
bound-20260916T061948Z	ME:MDA-MB-435	magnitude_g1.00	EX_xtsn_e	0.0	0.0	1.9758867715971995e-11	primary	optimal
bound-20260916T061948Z	ME:SK-MEL-2	magnitude_g1.00	EX_2pg_e	0.0	0.0	1.4126720938269315e-10	primary	optimal
bound-20260916T061948Z	ME:SK-MEL-2	magnitude_g1.00	EX_34hpp_e	0.0	0.0	1.708925994242274e-09	primary	optimal
bound-20260916T061948Z	ME:SK-MEL-2	magnitude_g1.00	EX_3hanthrn_e	0.0	0.0	5.672527665539678e-10	primary	optimal
bound-20260916T061948Z	ME:SK-MEL-2	magnitude_g1.00	EX_3pg_e	0.0	0.0	5.688110280501595e-10	primary	optimal
bound-20260916T061948Z	ME:SK-MEL-2	magnitude_g1.00	EX_4abut_e	0.0	0.0	8.50621512321364e-10	primary	optimal
bound-20260916T061948Z	ME:SK-MEL-2	magnitude_g1.00	EX_4hbz_e	0.0	0.0	3.5332155580466375e-10	primary	optimal
bound-20260916T061948Z	ME:SK-MEL-2	magnitude_g1.00	EX_L2aadp_e	0.0	0.0	3.6462780837199557e-10	primary	optimal
bound-20260916T061948Z	ME:SK-MEL-2	magnitude_g1.00	EX_Lkynr_e	0.0	0.0	6.793749943297271e-10	primary	optimal
bound-20260916T061948Z	ME:SK-MEL-2	magnitude_g1.00	EX_acac_e	0.0	0.0	1.451626282142579e-09	primary	optimal
bound-20260916T061948Z	ME:SK-MEL-2	magnitude_g1.00	EX_ade_e	0.0	0.0	2.0037509296501546e-11	primary	optimal
bound-20260916T061948Z	ME:SK-MEL-2	magnitude_g1.00	EX_adn_e	0.0	0.0	1.7191975321286744e-11	primary	optimal
bound-20260916T061948Z	ME:SK-MEL-2	magnitude_g1.00	EX_ahcys_e	0.0	0.0	1.4890056963483363e-11	primary	optimal
bound-20260916T061948Z	ME:SK-MEL-2	magnitude_g1.00	EX_akg_e	0.0	0.0	9.98700552008777e-08	primary	optimal
bound-20260916T061948Z	ME:SK-MEL-2	magnitude_g1.00	EX_ala__L_e	0.0232433299595	0.023243326541665506	0.7061413153646482	primary	optimal
bound-20260916T061948Z	ME:SK-MEL-2	magnitude_g1.00	EX_amp_e	0.0	0.0	1.72730193768922e-11	primary	optimal
bound-20260916T061948Z	ME:SK-MEL-2	magnitude_g1.00	EX_anth_e	0.0	0.0	4.252537528289692e-10	primary	optimal
bound-20260916T061948Z	ME:SK-MEL-2	magnitude_g1.00	EX_arg__L_e	-0.35860938014000004	-0.35860938351476923	-0.3586093800534741	primary	optimal
bound-20260916T061948Z	ME:SK-MEL-2	magnitude_g1.00	EX_asn__L_e	-3.041472783388377	-3.041472803976556	-3.041472775781456	primary	optimal
bound-20260916T061948Z	ME:SK-MEL-2	magnitude_g1.00	EX_asp__L_e	-0.5993388178192016	-0.5993388211968542	-0.599338801172392	primary	optimal
bound-20260916T061948Z	ME:SK-MEL-2	magnitude_g1.00	EX_bilirub_e	-3.747314839567637e-18	0.0	3.818376717122697e-10	primary	optimal
bound-20260916T061948Z	ME:SK-MEL-2	magnitude_g1.00	EX_cala_e	0.0	0.0	5.299359597014341e-11	primary	optimal
bound-20260916T061948Z	ME:SK-MEL-2	magnitude_g1.00	EX_chol_e	-0.17163760036100006	-0.17163760373743409	-0.17163760032673533	primary	optimal
bound-20260916T061948Z	ME:SK-MEL-2	magnitude_g1.00	EX_cholp_e	0.0	0.0	1.2135403118205295e-10	primary	optimal
bound-20260916T061948Z	ME:SK-MEL-2	magnitude_g1.00	EX_cit_e	0.0	0.0	3.419591909999207e-09	primary	optimal
bound-20260916T061948Z	ME:SK-MEL-2	magnitude_g1.00	EX_citr__L_e	0.0	0.0	8.495030264766268e-10	primary	optimal
bound-20260916T061948Z	ME:SK-MEL-2	magnitude_g1.00	EX_cmp_e	0.0	0.0	3.612020589251948e-11	primary	optimal
bound-20260916T061948Z	ME:SK-MEL-2	magnitude_g1.00	EX_crn_e	8.096189916875887e-18	-1.7013771262663313e-09	3.827039792905613e-18	primary	optimal
bound-20260916T061948Z	ME:SK-MEL-2	magnitude_g1.00	EX_cyst__L_e	0.0	0.0	9.850783040656469e-11	primary	optimal
bound-20260916T061948Z	ME:SK-MEL-2	magnitude_g1.00	EX_cytd_e	0.0	0.0	3.6321264325148417e-11	primary	optimal
bound-20260916T061948Z	ME:SK-MEL-2	magnitude_g1.00	EX_dad_2_e	0.0	0.0	1.6944332207262505e-11	primary	optimal
bound-20260916T061948Z	ME:SK-MEL-2	magnitude_g1.00	EX_dcmp_e	0.0	0.0	2.8542478234555714e-11	primary	optimal
bound-20260916T061948Z	ME:SK-MEL-2	magnitude_g1.00	EX_dcyt_e	0.0	0.0	3.2677638184531823e-11	primary	optimal
bound-20260916T061948Z	ME:SK-MEL-2	magnitude_g1.00	EX_dhap_e	0.0	0.0	1.2131404367462913e-10	primary	optimal
bound-20260916T061948Z	ME:SK-MEL-2	magnitude_g1.00	EX_dmgly_e	0.0	0.0	3.48951961603574e-10	primary	optimal
bound-20260916T061948Z	ME:SK-MEL-2	magnitude_g1.00	EX_duri_e	0.0	0.0	3.652216888665788e-11	primary	optimal
bound-20260916T061948Z	ME:SK-MEL-2	magnitude_g1.00	EX_ethamp_e	0.0	0.0	1.0965742960239943e-10	primary	optimal
bound-20260916T061948Z	ME:SK-MEL-2	magnitude_g1.00	EX_fol_e	1.0179079367445054e-16	-9.988462997564818e-08	-3.1911028384558683e-15	primary	optimal
bound-20260916T061948Z	ME:SK-MEL-2	magnitude_g1.00	EX_fum_e	0.9777910820660541	0.9777905885822995	0.9777911378304361	primary	optimal
bound-20260916T061948Z	ME:SK-MEL-2	magnitude_g1.00	EX_g3pc_e	0.0	0.0	1.1451604301953137e-10	primary	optimal
bound-20260916T061948Z	ME:SK-MEL-2	magnitude_g1.00	EX_glc__D_e	-3.440738671583902	-3.44073890647963	-3.4407384903418854	primary	optimal
bound-20260916T061948Z	ME:SK-MEL-2	magnitude_g1.00	EX_glcur_e	0.0	0.0	1.1360018928989477e-09	primary	optimal
bound-20260916T061948Z	ME:SK-MEL-2	magnitude_g1.00	EX_gln__L_e	-6.281845153939125	-6.281845157315407	-6.281844893198259	primary	optimal
bound-20260916T061948Z	ME:SK-MEL-2	magnitude_g1.00	EX_glu__L_e	-3.6041679650445477	-3.6041683035017686	-3.604167815309389	primary	optimal
bound-20260916T061948Z	ME:SK-MEL-2	magnitude_g1.00	EX_gly_e	0.0	-4.8637404830878115e-09	1.104401060876847e-08	primary	optimal
bound-20260916T061948Z	ME:SK-MEL-2	magnitude_g1.00	EX_glyald_e	0.0	0.0	1.1361318032259362e-09	primary	optimal
bound-20260916T061948Z	ME:SK-MEL-2	magnitude_g1.00	EX_glyb_e	0.0	0.0	6.815704275987304e-10	primary	optimal
bound-20260916T061948Z	ME:SK-MEL-2	magnitude_g1.00	EX_glyc3p_e	0.0	0.0	1.2134088457215058e-10	primary	optimal
bound-20260916T061948Z	ME:SK-MEL-2	magnitude_g1.00	EX_gmp_e	0.0	0.0	2.1637448750321477e-11	primary	optimal
bound-20260916T061948Z	ME:SK-MEL-2	magnitude_g1.00	EX_gthox_e	0.0	0.0	1.6878856137266808e-09	primary	optimal
bound-20260916T061948Z	ME:SK-MEL-2	magnitude_g1.00	EX_hcys__L_e	0.0	0.0	1.1165921825873988e-10	primary	optimal
bound-20260916T061948Z	ME:SK-MEL-2	magnitude_g1.00	EX_hom__L_e	0.0	0.0	0.0	primary	optimal
bound-20260916T061948Z	ME:SK-MEL-2	magnitude_g1.00	EX_hxan_e	0.0	0.0	2.5846449908817324e-11	primary	optimal
bound-20260916T061948Z	ME:SK-MEL-2	magnitude_g1.00	EX_icit_e	4.6900516588144185	4.690051278326494	4.690051662365508	primary	optimal
bound-20260916T061948Z	ME:SK-MEL-2	magnitude_g1.00	EX_ile__L_e	-0.28555991274199977	-0.28555991611773524	-0.28555991274200127	primary	optimal
bound-20260916T061948Z	ME:SK-MEL-2	magnitude_g1.00	EX_imp_e	0.0	0.0	1.979242322577927e-11	primary	optimal
bound-20260916T061948Z	ME:SK-MEL-2	magnitude_g1.00	EX_ins_e	0.0	0.0	1.9789707266162312e-11	primary	optimal
bound-20260916T061948Z	ME:SK-MEL-2	magnitude_g1.00	EX_lac__L_e	0.0	-1.183934523072831e-09	1.0977693461848436e-06	primary	optimal
bound-20260916T061948Z	ME:SK-MEL-2	magnitude_g1.00	EX_lcts_e	0.0	0.0	1.7883596814610737e-10	primary	optimal
bound-20260916T061948Z	ME:SK-MEL-2	magnitude_g1.00	EX_leu__L_e	-0.544556019816	-0.5445560231958092	-0.544556019816	primary	optimal
bound-20260916T061948Z	ME:SK-MEL-2	magnitude_g1.00	EX_lys__L_e	-0.591041681546	-0.5910416849495083	-0.591041681546	primary	optimal
bound-20260916T061948Z	ME:SK-MEL-2	magnitude_g1.00	EX_mal__L_e	0.0	0.0	5.490839745036164e-07	primary	optimal
bound-20260916T061948Z	ME:SK-MEL-2	magnitude_g1.00	EX_met__L_e	-0.15274088440199998	-0.15274089621804493	-0.15274088440199998	primary	optimal
bound-20260916T061948Z	ME:SK-MEL-2	magnitude_g1.00	EX_nac_e	1.4655077171756165e-15	0.0	6.801013285714316e-10	primary	optimal
bound-20260916T061948Z	ME:SK-MEL-2	magnitude_g1.00	EX_ncam_e	0.0	-3.3752410350106013e-09	0.0	primary	optimal
bound-20260916T061948Z	ME:SK-MEL-2	magnitude_g1.00	EX_nicrnt_e	0.0	0.0	5.569215660144227e-11	primary	optimal
bound-20260916T061948Z	ME:SK-MEL-2	magnitude_g1.00	EX_orn_e	0.0	0.0	2.559884536560978e-09	primary	optimal
bound-20260916T061948Z	ME:SK-MEL-2	magnitude_g1.00	EX_orot5p_e	0.0	0.0	3.0034339694359326e-11	primary	optimal
bound-20260916T061948Z	ME:SK-MEL-2	magnitude_g1.00	EX_orot_e	0.0	0.0	6.065419305907679e-11	primary	optimal
bound-20260916T061948Z	ME:SK-MEL-2	magnitude_g1.00	EX_oxa_e	0.0	0.0	3.6286953536915267e-10	primary	optimal
bound-20260916T061948Z	ME:SK-MEL-2	magnitude_g1.00	EX_pep_e	0.0	0.0	1.5667037423156653e-10	primary	optimal
bound-20260916T061948Z	ME:SK-MEL-2	magnitude_g1.00	EX_phe__L_e	-0.258996107074	-0.2589961104822475	-0.258996107074	primary	optimal
bound-20260916T061948Z	ME:SK-MEL-2	magnitude_g1.00	EX_pnto__R_e	0.0	-3.3777591457048323e-09	3.419127597483701e-09	primary	optimal
bound-20260916T061948Z	ME:SK-MEL-2	magnitude_g1.00	EX_pro__L_e	-0.411736991476	-0.41173699487891324	-0.4117369906817819	primary	optimal
bound-20260916T061948Z	ME:SK-MEL-2	magnitude_g1.00	EX_quln_e	0.0	0.0	2.8326634742204325e-10	primary	optimal
bound-20260916T061948Z	ME:SK-MEL-2	magnitude_g1.00	EX_sbt__D_e	0.0	0.0	0.0	primary	optimal
bound-20260916T061948Z	ME:SK-MEL-2	magnitude_g1.00	EX_ser__L_e	-2.09057460376385	-2.0905749366676765	-2.0905741046166995	primary	optimal
bound-20260916T061948Z	ME:SK-MEL-2	magnitude_g1.00	EX_spmd_e	0.0	0.0	4.778861424743719e-11	primary	optimal
bound-20260916T061948Z	ME:SK-MEL-2	magnitude_g1.00	EX_sprm_e	0.0	0.0	2.469632666086388e-11	primary	optimal
bound-20260916T061948Z	ME:SK-MEL-2	magnitude_g1.00	EX_srtn_e	0.0	0.0	7.282200816866782e-10	primary	optimal
bound-20260916T061948Z	ME:SK-MEL-2	magnitude_g1.00	EX_succ_e	3.116085172898725	3.1160850662787967	3.1160851869934723	primary	optimal
bound-20260916T061948Z	ME:SK-MEL-2	magnitude_g1.00	EX_sucr_e	0.0	0.0	0.0	primary	optimal
bound-20260916T061948Z	ME:SK-MEL-2	magnitude_g1.00	EX_taur_e	0.0	0.0	3.4177425351445325e-09	primary	optimal
bound-20260916T061948Z	ME:SK-MEL-2	magnitude_g1.00	EX_tchola_e	0.0	0.0	1.3871842510301415e-10	primary	optimal
bound-20260916T061948Z	ME:SK-MEL-2	magnitude_g1.00	EX_thr__L_e	-0.31212371841000003	-0.31212372178718784	-0.31212371840999437	primary	optimal
bound-20260916T061948Z	ME:SK-MEL-2	magnitude_g1.00	EX_thym_e	0.0	0.0	3.9756640223997633e-11	primary	optimal
bound-20260916T061948Z	ME:SK-MEL-2	magnitude_g1.00	EX_thymd_e	0.0	0.0	3.1022785597155855e-11	primary	optimal
bound-20260916T061948Z	ME:SK-MEL-2	magnitude_g1.00	EX_trp__L_e	-0.013281902834000001	-0.013281906212467668	-0.013281902834	primary	optimal
bound-20260916T061948Z	ME:SK-MEL-2	magnitude_g1.00	EX_tyr__L_e	-0.15938183581899998	-0.15938183919802357	-0.15938183240788517	primary	optimal
bound-20260916T061948Z	ME:SK-MEL-2	magnitude_g1.00	EX_ump_e	0.0	0.0	2.040717847587278e-11	primary	optimal
bound-20260916T061948Z	ME:SK-MEL-2	magnitude_g1.00	EX_ura_e	0.0	0.0	5.141381680819479e-11	primary	optimal
bound-20260916T061948Z	ME:SK-MEL-2	magnitude_g1.00	EX_urate_e	0.0	0.0	2.2855640410761448e-11	primary	optimal
bound-20260916T061948Z	ME:SK-MEL-2	magnitude_g1.00	EX_uri_e	0.0	0.0	3.609566162037175e-11	primary	optimal
bound-20260916T061948Z	ME:SK-MEL-2	magnitude_g1.00	EX_val__L_e	-0.3519684320995681	-0.3519684321002454	-0.3519684287229999	primary	optimal
bound-20260916T061948Z	ME:SK-MEL-2	magnitude_g1.00	EX_xan_e	0.0	0.0	2.3329473056561665e-11	primary	optimal
bound-20260916T061948Z	ME:SK-MEL-2	magnitude_g1.00	EX_xmp_e	0.0	0.0	1.9685308717197965e-11	primary	optimal
bound-20260916T061948Z	ME:SK-MEL-2	magnitude_g1.00	EX_xtsn_e	0.0	0.0	1.9806606167285872e-11	primary	optimal
bound-20260916T061948Z	ME:SK-MEL-28	magnitude_g1.00	EX_2pg_e	0.0	0.0	6.318050575091124e-10	primary	optimal
bound-20260916T061948Z	ME:SK-MEL-28	magnitude_g1.00	EX_34hpp_e	0.0	0.0	8.570048811411358e-09	primary	optimal
bound-20260916T061948Z	ME:SK-MEL-28	magnitude_g1.00	EX_3hanthrn_e	0.0	0.0	1.6799029491653128e-09	primary	optimal
bound-20260916T061948Z	ME:SK-MEL-28	magnitude_g1.00	EX_3pg_e	0.0	0.0	2.118787751362068e-09	primary	optimal
bound-20260916T061948Z	ME:SK-MEL-28	magnitude_g1.00	EX_4abut_e	0.0	0.0	4.207565676740277e-09	primary	optimal
bound-20260916T061948Z	ME:SK-MEL-28	magnitude_g1.00	EX_4hbz_e	0.0	0.0	1.0439874082265679e-09	primary	optimal
bound-20260916T061948Z	ME:SK-MEL-28	magnitude_g1.00	EX_L2aadp_e	0.0	0.0	1.4993583529779703e-09	primary	optimal
bound-20260916T061948Z	ME:SK-MEL-28	magnitude_g1.00	EX_Lkynr_e	0.0	0.0	3.3306541604415744e-09	primary	optimal
bound-20260916T061948Z	ME:SK-MEL-28	magnitude_g1.00	EX_acac_e	0.0	0.0	7.709274868234127e-09	primary	optimal
bound-20260916T061948Z	ME:SK-MEL-28	magnitude_g1.00	EX_ade_e	0.0	0.0	9.139401697482277e-11	primary	optimal
bound-20260916T061948Z	ME:SK-MEL-28	magnitude_g1.00	EX_adn_e	0.0	0.0	7.837736675989434e-11	primary	optimal
bound-20260916T061948Z	ME:SK-MEL-28	magnitude_g1.00	EX_ahcys_e	0.0	0.0	7.802778368724047e-11	primary	optimal
bound-20260916T061948Z	ME:SK-MEL-28	magnitude_g1.00	EX_akg_e	0.0	0.0	7.196092347546376e-08	primary	optimal
bound-20260916T061948Z	ME:SK-MEL-28	magnitude_g1.00	EX_ala__L_e	0.0232433299595	0.023243312551465053	0.02324443319018274	primary	optimal
bound-20260916T061948Z	ME:SK-MEL-28	magnitude_g1.00	EX_amp_e	0.0	0.0	7.873805848770163e-11	primary	optimal
bound-20260916T061948Z	ME:SK-MEL-28	magnitude_g1.00	EX_anth_e	0.0	0.0	2.0951336991536697e-09	primary	optimal
bound-20260916T061948Z	ME:SK-MEL-28	magnitude_g1.00	EX_arg__L_e	-0.35860938014000004	-0.3586093962711133	-0.35860937972460416	primary	optimal
bound-20260916T061948Z	ME:SK-MEL-28	magnitude_g1.00	EX_asn__L_e	-3.2626407903036654	-3.2626408106726936	-3.262640756881838	primary	optimal
bound-20260916T061948Z	ME:SK-MEL-28	magnitude_g1.00	EX_asp__L_e	-0.5275187872410303	-0.5275188086498632	-0.527518776581617	primary	optimal
bound-20260916T061948Z	ME:SK-MEL-28	magnitude_g1.00	EX_bilirub_e	0.0	0.0	1.5996939273393042e-10	primary	optimal
bound-20260916T061948Z	ME:SK-MEL-28	magnitude_g1.00	EX_cala_e	0.0	0.0	2.3016192521165887e-10	primary	optimal
bound-20260916T061948Z	ME:SK-MEL-28	magnitude_g1.00	EX_chol_e	-0.17163760036100012	-0.17163761649252596	-0.1716376002025389	primary	optimal
bound-20260916T061948Z	ME:SK-MEL-28	magnitude_g1.00	EX_cholp_e	0.0	0.0	5.494832018521212e-10	primary	optimal
bound-20260916T061948Z	ME:SK-MEL-28	magnitude_g1.00	EX_cit_e	0.0	0.0	1.7136016972000185e-08	primary	optimal
bound-20260916T061948Z	ME:SK-MEL-28	magnitude_g1.00	EX_citr__L_e	0.0	0.0	4.186893803402931e-09	primary	optimal
bound-20260916T061948Z	ME:SK-MEL-28	magnitude_g1.00	EX_cmp_e	0.0	0.0	1.6874617381524307e-10	primary	optimal
bound-20260916T061948Z	ME:SK-MEL-28	magnitude_g1.00	EX_crn_e	-4.357287707608944e-18	-7.95026050948731e-09	-3.234855246281874e-16	primary	optimal
bound-20260916T061948Z	ME:SK-MEL-28	magnitude_g1.00	EX_cyst__L_e	0.0	0.0	4.676916794362272e-10	primary	optimal
bound-20260916T061948Z	ME:SK-MEL-28	magnitude_g1.00	EX_cytd_e	0.0	0.0	1.6745061398088735e-10	primary	optimal
bound-20260916T061948Z	ME:SK-MEL-28	magnitude_g1.00	EX_dad_2_e	0.0	0.0	7.768471708702126e-11	primary	optimal
bound-20260916T061948Z	ME:SK-MEL-28	magnitude_g1.00	EX_dcmp_e	0.0	0.0	1.311509646569653e-10	primary	optimal
bound-20260916T061948Z	ME:SK-MEL-28	magnitude_g1.00	EX_dcyt_e	0.0	0.0	1.5499302273927434e-10	primary	optimal
bound-20260916T061948Z	ME:SK-MEL-28	magnitude_g1.00	EX_dhap_e	0.0	0.0	5.497609953485014e-10	primary	optimal
bound-20260916T061948Z	ME:SK-MEL-28	magnitude_g1.00	EX_dmgly_e	0.0	0.0	1.8088923822815862e-09	primary	optimal
bound-20260916T061948Z	ME:SK-MEL-28	magnitude_g1.00	EX_duri_e	0.0	0.0	1.7038973221980977e-10	primary	optimal
bound-20260916T061948Z	ME:SK-MEL-28	magnitude_g1.00	EX_ethamp_e	0.0	0.0	5.011560230330827e-10	primary	optimal
bound-20260916T061948Z	ME:SK-MEL-28	magnitude_g1.00	EX_fol_e	-1.4983425818644532e-16	-7.195352014166417e-08	-9.756993513988138e-15	primary	optimal
bound-20260916T061948Z	ME:SK-MEL-28	magnitude_g1.00	EX_fum_e	0.7829618704060477	0.7829615506851115	0.7829632055918204	primary	optimal
bound-20260916T061948Z	ME:SK-MEL-28	magnitude_g1.00	EX_g3pc_e	0.0	0.0	4.862588020241322e-10	primary	optimal
bound-20260916T061948Z	ME:SK-MEL-28	magnitude_g1.00	EX_glc__D_e	-3.7703189833585418	-3.770319015624726	-3.770318442419763	primary	optimal
bound-20260916T061948Z	ME:SK-MEL-28	magnitude_g1.00	EX_glcur_e	0.0	0.0	5.503373220407001e-09	primary	optimal
bound-20260916T061948Z	ME:SK-MEL-28	magnitude_g1.00	EX_gln__L_e	-5.821845920501886	-5.821846400533064	-5.821845698553113	primary	optimal
bound-20260916T061948Z	ME:SK-MEL-28	magnitude_g1.00	EX_glu__L_e	-3.397268652658387	-3.397268955921282	-3.3972679978204763	primary	optimal
bound-20260916T061948Z	ME:SK-MEL-28	magnitude_g1.00	EX_gly_e	0.0	-2.3296545958047965e-08	5.2482960556440436e-08	primary	optimal
bound-20260916T061948Z	ME:SK-MEL-28	magnitude_g1.00	EX_glyald_e	0.0	0.0	5.625076346109073e-09	primary	optimal
bound-20260916T061948Z	ME:SK-MEL-28	magnitude_g1.00	EX_glyb_e	0.0	0.0	3.385512039762963e-09	primary	optimal
bound-20260916T061948Z	ME:SK-MEL-28	magnitude_g1.00	EX_glyc3p_e	0.0	0.0	5.495831297969548e-10	primary	optimal
bound-20260916T061948Z	ME:SK-MEL-28	magnitude_g1.00	EX_gmp_e	0.0	0.0	9.142458756438927e-11	primary	optimal
bound-20260916T061948Z	ME:SK-MEL-28	magnitude_g1.00	EX_gthox_e	0.0	0.0	4.835330162587646e-09	primary	optimal
bound-20260916T061948Z	ME:SK-MEL-28	magnitude_g1.00	EX_hcys__L_e	0.0	0.0	5.294690226310999e-10	primary	optimal
bound-20260916T061948Z	ME:SK-MEL-28	magnitude_g1.00	EX_hom__L_e	0.0	0.0	0.0	primary	optimal
bound-20260916T061948Z	ME:SK-MEL-28	magnitude_g1.00	EX_hxan_e	0.0	0.0	1.0790680993277859e-10	primary	optimal
bound-20260916T061948Z	ME:SK-MEL-28	magnitude_g1.00	EX_icit_e	4.647285772197527	4.647284796907546	4.647286451755037	primary	optimal
bound-20260916T061948Z	ME:SK-MEL-28	magnitude_g1.00	EX_ile__L_e	-0.28555991274200004	-0.2855599288738802	-0.285559912742	primary	optimal
bound-20260916T061948Z	ME:SK-MEL-28	magnitude_g1.00	EX_imp_e	0.0	0.0	8.995798525514061e-11	primary	optimal
bound-20260916T061948Z	ME:SK-MEL-28	magnitude_g1.00	EX_ins_e	0.0	0.0	8.949717837597902e-11	primary	optimal
bound-20260916T061948Z	ME:SK-MEL-28	magnitude_g1.00	EX_lac__L_e	0.0	-5.824920240802179e-09	1.654941803690755e-06	primary	optimal
bound-20260916T061948Z	ME:SK-MEL-28	magnitude_g1.00	EX_lcts_e	0.0	0.0	5.056135598038008e-10	primary	optimal
bound-20260916T061948Z	ME:SK-MEL-28	magnitude_g1.00	EX_leu__L_e	-0.544556019816	-0.5445560359508606	-0.5445560198159859	primary	optimal
bound-20260916T061948Z	ME:SK-MEL-28	magnitude_g1.00	EX_lys__L_e	-0.591041681546	-0.5910416980011455	-0.591041681546	primary	optimal
bound-20260916T061948Z	ME:SK-MEL-28	magnitude_g1.00	EX_mal__L_e	0.19632246948174797	0.1963211677810394	0.1963228226641621	primary	optimal
bound-20260916T061948Z	ME:SK-MEL-28	magnitude_g1.00	EX_met__L_e	-0.15274088440199998	-0.15274093232924446	-0.15274088440200498	primary	optimal
bound-20260916T061948Z	ME:SK-MEL-28	magnitude_g1.00	EX_nac_e	5.603411859789122e-16	0.0	3.364779236803591e-09	primary	optimal
bound-20260916T061948Z	ME:SK-MEL-28	magnitude_g1.00	EX_ncam_e	0.0	-1.6135527703597435e-08	0.0	primary	optimal
bound-20260916T061948Z	ME:SK-MEL-28	magnitude_g1.00	EX_nicrnt_e	0.0	0.0	2.545436802499231e-10	primary	optimal
bound-20260916T061948Z	ME:SK-MEL-28	magnitude_g1.00	EX_orn_e	0.0	0.0	1.1984451018833294e-08	primary	optimal
bound-20260916T061948Z	ME:SK-MEL-28	magnitude_g1.00	EX_orot5p_e	0.0	0.0	1.3635580306692555e-10	primary	optimal
bound-20260916T061948Z	ME:SK-MEL-28	magnitude_g1.00	EX_orot_e	0.0	0.0	2.745600439933967e-10	primary	optimal
bound-20260916T061948Z	ME:SK-MEL-28	magnitude_g1.00	EX_oxa_e	0.0	0.0	1.5748019460792532e-09	primary	optimal
bound-20260916T061948Z	ME:SK-MEL-28	magnitude_g1.00	EX_pep_e	0.0	0.0	6.396684023928496e-10	primary	optimal
bound-20260916T061948Z	ME:SK-MEL-28	magnitude_g1.00	EX_phe__L_e	-0.258996107074	-0.25899612353023166	-0.25899610707400006	primary	optimal
bound-20260916T061948Z	ME:SK-MEL-28	magnitude_g1.00	EX_pnto__R_e	0.0	-1.613485913025488e-08	1.7138481946479997e-08	primary	optimal
bound-20260916T061948Z	ME:SK-MEL-28	magnitude_g1.00	EX_pro__L_e	-0.411736991476	-0.41173700793221163	-0.4117369875054708	primary	optimal
bound-20260916T061948Z	ME:SK-MEL-28	magnitude_g1.00	EX_quln_e	0.0	0.0	1.3695868835004827e-09	primary	optimal
bound-20260916T061948Z	ME:SK-MEL-28	magnitude_g1.00	EX_sbt__D_e	0.0	0.0	0.0	primary	optimal
bound-20260916T061948Z	ME:SK-MEL-28	magnitude_g1.00	EX_ser__L_e	-1.3538119411570233	-1.353813060381202	-1.3538119224810838	primary	optimal
bound-20260916T061948Z	ME:SK-MEL-28	magnitude_g1.00	EX_spmd_e	0.0	0.0	2.1957339787550134e-10	primary	optimal
bound-20260916T061948Z	ME:SK-MEL-28	magnitude_g1.00	EX_sprm_e	0.0	0.0	1.1450787565897578e-10	primary	optimal
bound-20260916T061948Z	ME:SK-MEL-28	magnitude_g1.00	EX_srtn_e	0.0	0.0	3.3507997736270204e-09	primary	optimal
bound-20260916T061948Z	ME:SK-MEL-28	magnitude_g1.00	EX_succ_e	3.078755887379652	3.0787558693120327	3.0787559071870003	primary	optimal
bound-20260916T061948Z	ME:SK-MEL-28	magnitude_g1.00	EX_sucr_e	0.0	0.0	0.0	primary	optimal
bound-20260916T061948Z	ME:SK-MEL-28	magnitude_g1.00	EX_taur_e	0.0	0.0	1.7136712578004835e-08	primary	optimal
bound-20260916T061948Z	ME:SK-MEL-28	magnitude_g1.00	EX_tchola_e	0.0	0.0	5.563759722022284e-10	primary	optimal
bound-20260916T061948Z	ME:SK-MEL-28	magnitude_g1.00	EX_thr__L_e	-0.31212371841000003	-0.3121237345447612	-0.3121237184100001	primary	optimal
bound-20260916T061948Z	ME:SK-MEL-28	magnitude_g1.00	EX_thym_e	0.0	0.0	1.8365137586772082e-10	primary	optimal
bound-20260916T061948Z	ME:SK-MEL-28	magnitude_g1.00	EX_thymd_e	0.0	0.0	1.4346086058939924e-10	primary	optimal
bound-20260916T061948Z	ME:SK-MEL-28	magnitude_g1.00	EX_trp__L_e	-0.013281902834000001	-0.013281918969031194	-0.013281902834	primary	optimal
bound-20260916T061948Z	ME:SK-MEL-28	magnitude_g1.00	EX_tyr__L_e	-0.15938183581899998	-0.15938185195448984	-0.15938181936146034	primary	optimal
bound-20260916T061948Z	ME:SK-MEL-28	magnitude_g1.00	EX_ump_e	0.0	0.0	9.761205637199496e-11	primary	optimal
bound-20260916T061948Z	ME:SK-MEL-28	magnitude_g1.00	EX_ura_e	0.0	0.0	2.366205803577431e-10	primary	optimal
bound-20260916T061948Z	ME:SK-MEL-28	magnitude_g1.00	EX_urate_e	0.0	0.0	1.0652413165116226e-10	primary	optimal
bound-20260916T061948Z	ME:SK-MEL-28	magnitude_g1.00	EX_uri_e	0.0	0.0	1.654673936023584e-10	primary	optimal
bound-20260916T061948Z	ME:SK-MEL-28	magnitude_g1.00	EX_val__L_e	-0.3519684448586412	-0.35196844485689993	-0.35196842872300094	primary	optimal
bound-20260916T061948Z	ME:SK-MEL-28	magnitude_g1.00	EX_xan_e	0.0	0.0	1.0622480144052224e-10	primary	optimal
bound-20260916T061948Z	ME:SK-MEL-28	magnitude_g1.00	EX_xmp_e	0.0	0.0	8.9499946254901e-11	primary	optimal
bound-20260916T061948Z	ME:SK-MEL-28	magnitude_g1.00	EX_xtsn_e	0.0	0.0	8.995596267721401e-11	primary	optimal
bound-20260916T061948Z	ME:SK-MEL-5	magnitude_g1.00	EX_2pg_e	0.0	0.0	1.0066735272629268e-09	primary	optimal
bound-20260916T061948Z	ME:SK-MEL-5	magnitude_g1.00	EX_34hpp_e	0.0	0.0	1.0637542793473464e-08	primary	optimal
bound-20260916T061948Z	ME:SK-MEL-5	magnitude_g1.00	EX_3hanthrn_e	0.0	0.0	2.0746518464360946e-09	primary	optimal
bound-20260916T061948Z	ME:SK-MEL-5	magnitude_g1.00	EX_3pg_e	0.0	0.0	2.636888300182624e-09	primary	optimal
bound-20260916T061948Z	ME:SK-MEL-5	magnitude_g1.00	EX_4abut_e	0.0	0.0	5.154777327533296e-09	primary	optimal
bound-20260916T061948Z	ME:SK-MEL-5	magnitude_g1.00	EX_4hbz_e	0.0	0.0	1.252419112849823e-09	primary	optimal
bound-20260916T061948Z	ME:SK-MEL-5	magnitude_g1.00	EX_L2aadp_e	0.0	0.0	1.905179944093083e-09	primary	optimal
bound-20260916T061948Z	ME:SK-MEL-5	magnitude_g1.00	EX_Lkynr_e	0.0	0.0	4.101783566515722e-09	primary	optimal
bound-20260916T061948Z	ME:SK-MEL-5	magnitude_g1.00	EX_acac_e	0.0	0.0	8.041449499120226e-09	primary	optimal
bound-20260916T061948Z	ME:SK-MEL-5	magnitude_g1.00	EX_ade_e	0.0	0.0	1.378691415617685e-10	primary	optimal
bound-20260916T061948Z	ME:SK-MEL-5	magnitude_g1.00	EX_adn_e	0.0	0.0	1.1919625067565199e-10	primary	optimal
bound-20260916T061948Z	ME:SK-MEL-5	magnitude_g1.00	EX_ahcys_e	0.0	0.0	1.0467493711947112e-10	primary	optimal
bound-20260916T061948Z	ME:SK-MEL-5	magnitude_g1.00	EX_akg_e	0.0	0.0	9.866037968705666e-08	primary	optimal
bound-20260916T061948Z	ME:SK-MEL-5	magnitude_g1.00	EX_ala__L_e	0.0232433299595	0.023243308685434852	1.1174916049210974	primary	optimal
bound-20260916T061948Z	ME:SK-MEL-5	magnitude_g1.00	EX_amp_e	0.0	0.0	1.2103302843462487e-10	primary	optimal
bound-20260916T061948Z	ME:SK-MEL-5	magnitude_g1.00	EX_anth_e	0.0	0.0	2.5774615318969922e-09	primary	optimal
bound-20260916T061948Z	ME:SK-MEL-5	magnitude_g1.00	EX_arg__L_e	-0.35860938014000004	-0.3586093998679752	-0.35860937953480343	primary	optimal
bound-20260916T061948Z	ME:SK-MEL-5	magnitude_g1.00	EX_asn__L_e	-2.8249738685395345	-2.82497395874046	-2.824973818471368	primary	optimal
bound-20260916T061948Z	ME:SK-MEL-5	magnitude_g1.00	EX_asp__L_e	-0.6329960643104873	-0.6329960840362979	-0.6329960499616646	primary	optimal
bound-20260916T061948Z	ME:SK-MEL-5	magnitude_g1.00	EX_bilirub_e	0.0	0.0	1.9696825858024782e-10	primary	optimal
bound-20260916T061948Z	ME:SK-MEL-5	magnitude_g1.00	EX_cala_e	0.0	0.0	3.5242232296170054e-10	primary	optimal
bound-20260916T061948Z	ME:SK-MEL-5	magnitude_g1.00	EX_chol_e	-0.17163760036100006	-0.17163762009072964	-0.17163760012509427	primary	optimal
bound-20260916T061948Z	ME:SK-MEL-5	magnitude_g1.00	EX_cholp_e	0.0	0.0	8.450801251359094e-10	primary	optimal
bound-20260916T061948Z	ME:SK-MEL-5	magnitude_g1.00	EX_cit_e	0.0	0.0	2.1275663721409464e-08	primary	optimal
bound-20260916T061948Z	ME:SK-MEL-5	magnitude_g1.00	EX_citr__L_e	0.0	0.0	5.117716582503803e-09	primary	optimal
bound-20260916T061948Z	ME:SK-MEL-5	magnitude_g1.00	EX_cmp_e	0.0	0.0	2.4894652516430866e-10	primary	optimal
bound-20260916T061948Z	ME:SK-MEL-5	magnitude_g1.00	EX_crn_e	0.0	-1.0382999258841459e-08	2.4027054225195577e-14	primary	optimal
bound-20260916T061948Z	ME:SK-MEL-5	magnitude_g1.00	EX_cyst__L_e	0.0	0.0	6.241546117461513e-10	primary	optimal
bound-20260916T061948Z	ME:SK-MEL-5	magnitude_g1.00	EX_cytd_e	0.0	0.0	2.505615396006002e-10	primary	optimal
bound-20260916T061948Z	ME:SK-MEL-5	magnitude_g1.00	EX_dad_2_e	0.0	0.0	1.179160612286714e-10	primary	optimal
bound-20260916T061948Z	ME:SK-MEL-5	magnitude_g1.00	EX_dcmp_e	0.0	0.0	1.9789762185822664e-10	primary	optimal
bound-20260916T061948Z	ME:SK-MEL-5	magnitude_g1.00	EX_dcyt_e	0.0	0.0	2.2702396363323419e-10	primary	optimal
bound-20260916T061948Z	ME:SK-MEL-5	magnitude_g1.00	EX_dhap_e	0.0	0.0	8.457298454357709e-10	primary	optimal
bound-20260916T061948Z	ME:SK-MEL-5	magnitude_g1.00	EX_dmgly_e	0.0	0.0	2.165253994943235e-09	primary	optimal
bound-20260916T061948Z	ME:SK-MEL-5	magnitude_g1.00	EX_duri_e	0.0	0.0	2.5270944519066654e-10	primary	optimal
bound-20260916T061948Z	ME:SK-MEL-5	magnitude_g1.00	EX_ethamp_e	0.0	0.0	7.537410649729497e-10	primary	optimal
bound-20260916T061948Z	ME:SK-MEL-5	magnitude_g1.00	EX_fol_e	6.459800367801667e-17	-9.865650779437221e-08	-1.1435089647041715e-15	primary	optimal
bound-20260916T061948Z	ME:SK-MEL-5	magnitude_g1.00	EX_fum_e	0.1171411815930508	0.11714051285828404	0.11714146343079866	primary	optimal
bound-20260916T061948Z	ME:SK-MEL-5	magnitude_g1.00	EX_g3pc_e	0.0	0.0	8.037638067903484e-10	primary	optimal
bound-20260916T061948Z	ME:SK-MEL-5	magnitude_g1.00	EX_glc__D_e	-3.290710397529738	-3.2907105115442516	-3.2907101004723187	primary	optimal
bound-20260916T061948Z	ME:SK-MEL-5	magnitude_g1.00	EX_glcur_e	0.0	0.0	6.933439823349706e-09	primary	optimal
bound-20260916T061948Z	ME:SK-MEL-5	magnitude_g1.00	EX_gln__L_e	-6.4131486177729835	-6.413148637500663	-6.413148376620117	primary	optimal
bound-20260916T061948Z	ME:SK-MEL-5	magnitude_g1.00	EX_glu__L_e	-3.4928934773050964	-3.492893890780859	-3.4928933758544263	primary	optimal
bound-20260916T061948Z	ME:SK-MEL-5	magnitude_g1.00	EX_gly_e	0.0	-3.078089926509309e-08	5.492976094905623e-08	primary	optimal
bound-20260916T061948Z	ME:SK-MEL-5	magnitude_g1.00	EX_glyald_e	0.0	0.0	6.955343096980203e-09	primary	optimal
bound-20260916T061948Z	ME:SK-MEL-5	magnitude_g1.00	EX_glyb_e	0.0	0.0	4.173320792977407e-09	primary	optimal
bound-20260916T061948Z	ME:SK-MEL-5	magnitude_g1.00	EX_glyc3p_e	0.0	0.0	8.450952497506506e-10	primary	optimal
bound-20260916T061948Z	ME:SK-MEL-5	magnitude_g1.00	EX_gmp_e	0.0	0.0	1.5547418939531333e-10	primary	optimal
bound-20260916T061948Z	ME:SK-MEL-5	magnitude_g1.00	EX_gthox_e	0.0	0.0	5.913088070453769e-09	primary	optimal
bound-20260916T061948Z	ME:SK-MEL-5	magnitude_g1.00	EX_hcys__L_e	0.0	0.0	6.673798588500657e-10	primary	optimal
bound-20260916T061948Z	ME:SK-MEL-5	magnitude_g1.00	EX_hom__L_e	0.0	0.0	0.0	primary	optimal
bound-20260916T061948Z	ME:SK-MEL-5	magnitude_g1.00	EX_hxan_e	0.0	0.0	1.9899544881281051e-10	primary	optimal
bound-20260916T061948Z	ME:SK-MEL-5	magnitude_g1.00	EX_icit_e	4.668196438006855	4.668196096451168	4.668196473779255	primary	optimal
bound-20260916T061948Z	ME:SK-MEL-5	magnitude_g1.00	EX_ile__L_e	-0.2855599127419998	-0.28555993247106487	-0.28555991274200043	primary	optimal
bound-20260916T061948Z	ME:SK-MEL-5	magnitude_g1.00	EX_imp_e	0.0	0.0	1.3781152276099314e-10	primary	optimal
bound-20260916T061948Z	ME:SK-MEL-5	magnitude_g1.00	EX_ins_e	0.0	0.0	1.3692251582747748e-10	primary	optimal
bound-20260916T061948Z	ME:SK-MEL-5	magnitude_g1.00	EX_lac__L_e	0.0	-8.052477997397268e-09	1.085191500147862e-06	primary	optimal
bound-20260916T061948Z	ME:SK-MEL-5	magnitude_g1.00	EX_lcts_e	0.0	0.0	6.099621747632188e-10	primary	optimal
bound-20260916T061948Z	ME:SK-MEL-5	magnitude_g1.00	EX_leu__L_e	-0.544556019816	-0.5445560395437101	-0.5445560198159959	primary	optimal
bound-20260916T061948Z	ME:SK-MEL-5	magnitude_g1.00	EX_lys__L_e	-0.591041681546	-0.5910417022799147	-0.591041681546	primary	optimal
bound-20260916T061948Z	ME:SK-MEL-5	magnitude_g1.00	EX_mal__L_e	0.0	0.0	5.426348873514638e-07	primary	optimal
bound-20260916T061948Z	ME:SK-MEL-5	magnitude_g1.00	EX_met__L_e	-0.15274088440199998	-0.15274096629092154	-0.15274088440199995	primary	optimal
bound-20260916T061948Z	ME:SK-MEL-5	magnitude_g1.00	EX_nac_e	0.0	0.0	4.125828971083041e-09	primary	optimal
bound-20260916T061948Z	ME:SK-MEL-5	magnitude_g1.00	EX_ncam_e	0.0	-1.9728447295864334e-08	2.3465119131442137e-24	primary	optimal
bound-20260916T061948Z	ME:SK-MEL-5	magnitude_g1.00	EX_nicrnt_e	0.0	0.0	3.835992289115765e-10	primary	optimal
bound-20260916T061948Z	ME:SK-MEL-5	magnitude_g1.00	EX_orn_e	0.0	0.0	1.3691335565157254e-08	primary	optimal
bound-20260916T061948Z	ME:SK-MEL-5	magnitude_g1.00	EX_orot5p_e	0.0	0.0	2.0941415732297972e-10	primary	optimal
bound-20260916T061948Z	ME:SK-MEL-5	magnitude_g1.00	EX_orot_e	0.0	0.0	4.2295281154728914e-10	primary	optimal
bound-20260916T061948Z	ME:SK-MEL-5	magnitude_g1.00	EX_oxa_e	0.0	0.0	1.9414729621727994e-09	primary	optimal
bound-20260916T061948Z	ME:SK-MEL-5	magnitude_g1.00	EX_pep_e	0.0	0.0	1.0246576797552636e-09	primary	optimal
bound-20260916T061948Z	ME:SK-MEL-5	magnitude_g1.00	EX_phe__L_e	-0.258996107074	-0.25899612793993165	-0.25899610707400006	primary	optimal
bound-20260916T061948Z	ME:SK-MEL-5	magnitude_g1.00	EX_pnto__R_e	0.0	-1.972802137508065e-08	2.1275738195694086e-08	primary	optimal
bound-20260916T061948Z	ME:SK-MEL-5	magnitude_g1.00	EX_pro__L_e	-0.411736991476	-0.4117370122098637	-0.4117369865834244	primary	optimal
bound-20260916T061948Z	ME:SK-MEL-5	magnitude_g1.00	EX_quln_e	0.0	0.0	1.7088682086198494e-09	primary	optimal
bound-20260916T061948Z	ME:SK-MEL-5	magnitude_g1.00	EX_sbt__D_e	0.0	0.0	0.0	primary	optimal
bound-20260916T061948Z	ME:SK-MEL-5	magnitude_g1.00	EX_ser__L_e	-2.52716757981062	-2.5271681739444	-2.5271673517977296	primary	optimal
bound-20260916T061948Z	ME:SK-MEL-5	magnitude_g1.00	EX_spmd_e	0.0	0.0	3.0511995452224445e-10	primary	optimal
bound-20260916T061948Z	ME:SK-MEL-5	magnitude_g1.00	EX_sprm_e	0.0	0.0	1.601255315727405e-10	primary	optimal
bound-20260916T061948Z	ME:SK-MEL-5	magnitude_g1.00	EX_srtn_e	0.0	0.0	4.133167616209816e-09	primary	optimal
bound-20260916T061948Z	ME:SK-MEL-5	magnitude_g1.00	EX_succ_e	2.707182932720005	2.707182867134197	2.707183079275597	primary	optimal
bound-20260916T061948Z	ME:SK-MEL-5	magnitude_g1.00	EX_sucr_e	0.0	0.0	0.0	primary	optimal
bound-20260916T061948Z	ME:SK-MEL-5	magnitude_g1.00	EX_taur_e	0.0	0.0	2.1276257374577124e-08	primary	optimal
bound-20260916T061948Z	ME:SK-MEL-5	magnitude_g1.00	EX_tchola_e	0.0	0.0	5.239619321663019e-10	primary	optimal
bound-20260916T061948Z	ME:SK-MEL-5	magnitude_g1.00	EX_thr__L_e	-0.31212371841000003	-0.31212373813845856	-0.3121237184100001	primary	optimal
bound-20260916T061948Z	ME:SK-MEL-5	magnitude_g1.00	EX_thym_e	0.0	0.0	2.7465075610595225e-10	primary	optimal
bound-20260916T061948Z	ME:SK-MEL-5	magnitude_g1.00	EX_thymd_e	0.0	0.0	2.1575579763602412e-10	primary	optimal
bound-20260916T061948Z	ME:SK-MEL-5	magnitude_g1.00	EX_trp__L_e	-0.013281902834000001	-0.013281922560591974	-0.013281902834	primary	optimal
bound-20260916T061948Z	ME:SK-MEL-5	magnitude_g1.00	EX_tyr__L_e	-0.15938183581899998	-0.1593818555459034	-0.1593818149518818	primary	optimal
bound-20260916T061948Z	ME:SK-MEL-5	magnitude_g1.00	EX_ump_e	0.0	0.0	1.4206375197940868e-10	primary	optimal
bound-20260916T061948Z	ME:SK-MEL-5	magnitude_g1.00	EX_ura_e	0.0	0.0	3.5254430469757584e-10	primary	optimal
bound-20260916T061948Z	ME:SK-MEL-5	magnitude_g1.00	EX_urate_e	0.0	0.0	1.6149086507192302e-10	primary	optimal
bound-20260916T061948Z	ME:SK-MEL-5	magnitude_g1.00	EX_uri_e	0.0	0.0	2.4869563470342713e-10	primary	optimal
bound-20260916T061948Z	ME:SK-MEL-5	magnitude_g1.00	EX_val__L_e	-0.35196844845189834	-0.3519684484516736	-0.35196842872299994	primary	optimal
bound-20260916T061948Z	ME:SK-MEL-5	magnitude_g1.00	EX_xan_e	0.0	0.0	1.609437854388043e-10	primary	optimal
bound-20260916T061948Z	ME:SK-MEL-5	magnitude_g1.00	EX_xmp_e	0.0	0.0	1.3601332796244681e-10	primary	optimal
bound-20260916T061948Z	ME:SK-MEL-5	magnitude_g1.00	EX_xtsn_e	0.0	0.0	1.368899033286997e-10	primary	optimal
bound-20260916T061948Z	ME:UACC-257	magnitude_g1.00	EX_2pg_e	0.0	0.0	1.2040113061417536e-10	primary	optimal
bound-20260916T061948Z	ME:UACC-257	magnitude_g1.00	EX_34hpp_e	0.0	0.0	1.4848238384740701e-09	primary	optimal
bound-20260916T061948Z	ME:UACC-257	magnitude_g1.00	EX_3hanthrn_e	0.0	0.0	4.930369647737975e-10	primary	optimal
bound-20260916T061948Z	ME:UACC-257	magnitude_g1.00	EX_3pg_e	0.0	0.0	4.941468609568839e-10	primary	optimal
bound-20260916T061948Z	ME:UACC-257	magnitude_g1.00	EX_4abut_e	0.0	0.0	7.394541709254377e-10	primary	optimal
bound-20260916T061948Z	ME:UACC-257	magnitude_g1.00	EX_4hbz_e	0.0	0.0	2.1532909126186387e-10	primary	optimal
bound-20260916T061948Z	ME:UACC-257	magnitude_g1.00	EX_L2aadp_e	0.0	0.0	3.1667838522247517e-10	primary	optimal
bound-20260916T061948Z	ME:UACC-257	magnitude_g1.00	EX_Lkynr_e	0.0	0.0	5.906548175437449e-10	primary	optimal
bound-20260916T061948Z	ME:UACC-257	magnitude_g1.00	EX_acac_e	0.0	0.0	1.265721036029418e-09	primary	optimal
bound-20260916T061948Z	ME:UACC-257	magnitude_g1.00	EX_ade_e	0.0	0.0	1.7204760618360063e-11	primary	optimal
bound-20260916T061948Z	ME:UACC-257	magnitude_g1.00	EX_adn_e	0.0	0.0	1.4754401260538423e-11	primary	optimal
bound-20260916T061948Z	ME:UACC-257	magnitude_g1.00	EX_ahcys_e	0.0	0.0	1.2810428159645668e-11	primary	optimal
bound-20260916T061948Z	ME:UACC-257	magnitude_g1.00	EX_akg_e	0.0	0.0	1.0011627434728492e-07	primary	optimal
bound-20260916T061948Z	ME:UACC-257	magnitude_g1.00	EX_ala__L_e	0.0232433299595	0.02324332698893585	0.1636678549274505	primary	optimal
bound-20260916T061948Z	ME:UACC-257	magnitude_g1.00	EX_amp_e	0.0	0.0	1.4830160619560936e-11	primary	optimal
bound-20260916T061948Z	ME:UACC-257	magnitude_g1.00	EX_anth_e	0.0	0.0	3.6968510865110254e-10	primary	optimal
bound-20260916T061948Z	ME:UACC-257	magnitude_g1.00	EX_arg__L_e	-0.35860938014	-0.35860938307706114	-0.3586093800648319	primary	optimal
bound-20260916T061948Z	ME:UACC-257	magnitude_g1.00	EX_asn__L_e	-3.064880079656073	-3.064880087061495	-3.0648800139765746	primary	optimal
bound-20260916T061948Z	ME:UACC-257	magnitude_g1.00	EX_asp__L_e	-0.5931533503754876	-0.5931533537153335	-0.5931533486094042	primary	optimal
bound-20260916T061948Z	ME:UACC-257	magnitude_g1.00	EX_bilirub_e	0.0	0.0	2.7853739327874086e-11	primary	optimal
bound-20260916T061948Z	ME:UACC-257	magnitude_g1.00	EX_cala_e	0.0	0.0	4.1581167642959136e-11	primary	optimal
bound-20260916T061948Z	ME:UACC-257	magnitude_g1.00	EX_chol_e	-0.17163760036100006	-0.17163760329879887	-0.17163760033148384	primary	optimal
bound-20260916T061948Z	ME:UACC-257	magnitude_g1.00	EX_cholp_e	0.0	0.0	1.0357744364712823e-10	primary	optimal
bound-20260916T061948Z	ME:UACC-257	magnitude_g1.00	EX_cit_e	0.0	0.0	2.9662595099275747e-09	primary	optimal
bound-20260916T061948Z	ME:UACC-257	magnitude_g1.00	EX_citr__L_e	0.0	0.0	7.383212666055442e-10	primary	optimal
bound-20260916T061948Z	ME:UACC-257	magnitude_g1.00	EX_cmp_e	0.0	0.0	3.1548987441877415e-11	primary	optimal
bound-20260916T061948Z	ME:UACC-257	magnitude_g1.00	EX_crn_e	4.799544889277483e-18	-1.4800983577740973e-09	3.273509269008977e-15	primary	optimal
bound-20260916T061948Z	ME:UACC-257	magnitude_g1.00	EX_cyst__L_e	0.0	0.0	8.555148604976427e-11	primary	optimal
bound-20260916T061948Z	ME:UACC-257	magnitude_g1.00	EX_cytd_e	0.0	0.0	3.157425572571637e-11	primary	optimal
bound-20260916T061948Z	ME:UACC-257	magnitude_g1.00	EX_dad_2_e	0.0	0.0	1.4611701126366545e-11	primary	optimal
bound-20260916T061948Z	ME:UACC-257	magnitude_g1.00	EX_dcmp_e	0.0	0.0	2.4590290563701727e-11	primary	optimal
bound-20260916T061948Z	ME:UACC-257	magnitude_g1.00	EX_dcyt_e	0.0	0.0	2.8914127184413127e-11	primary	optimal
bound-20260916T061948Z	ME:UACC-257	magnitude_g1.00	EX_dhap_e	0.0	0.0	1.0360541477905819e-10	primary	optimal
bound-20260916T061948Z	ME:UACC-257	magnitude_g1.00	EX_dmgly_e	0.0	0.0	3.0316516765187323e-10	primary	optimal
bound-20260916T061948Z	ME:UACC-257	magnitude_g1.00	EX_duri_e	0.0	0.0	3.1879739331061574e-11	primary	optimal
bound-20260916T061948Z	ME:UACC-257	magnitude_g1.00	EX_ethamp_e	0.0	0.0	9.370191533754681e-11	primary	optimal
bound-20260916T061948Z	ME:UACC-257	magnitude_g1.00	EX_fol_e	0.0	-1.0017740600477983e-07	1.0416341944642127e-14	primary	optimal
bound-20260916T061948Z	ME:UACC-257	magnitude_g1.00	EX_fum_e	0.7392831830872771	0.739282566405019	0.7392831904932669	primary	optimal
bound-20260916T061948Z	ME:UACC-257	magnitude_g1.00	EX_g3pc_e	0.0	0.0	9.56483574404361e-11	primary	optimal
bound-20260916T061948Z	ME:UACC-257	magnitude_g1.00	EX_glc__D_e	-3.671628553798815	-3.6716286582303317	-3.6716282406758736	primary	optimal
bound-20260916T061948Z	ME:UACC-257	magnitude_g1.00	EX_glcur_e	0.0	0.0	9.865491939161404e-10	primary	optimal
bound-20260916T061948Z	ME:UACC-257	magnitude_g1.00	EX_gln__L_e	-6.849548857697827	-6.849548861042527	-6.849548612744136	primary	optimal
bound-20260916T061948Z	ME:UACC-257	magnitude_g1.00	EX_glu__L_e	-2.6175590788131764	-2.617559529146007	-2.6175590394205734	primary	optimal
bound-20260916T061948Z	ME:UACC-257	magnitude_g1.00	EX_gly_e	0.0	-4.2234247954752225e-09	9.651094088617745e-09	primary	optimal
bound-20260916T061948Z	ME:UACC-257	magnitude_g1.00	EX_glyald_e	0.0	0.0	9.872585677433349e-10	primary	optimal
bound-20260916T061948Z	ME:UACC-257	magnitude_g1.00	EX_glyb_e	0.0	0.0	5.924299652230778e-10	primary	optimal
bound-20260916T061948Z	ME:UACC-257	magnitude_g1.00	EX_glyc3p_e	0.0	0.0	1.0362197688538575e-10	primary	optimal
bound-20260916T061948Z	ME:UACC-257	magnitude_g1.00	EX_gmp_e	0.0	0.0	1.912640870242031e-11	primary	optimal
bound-20260916T061948Z	ME:UACC-257	magnitude_g1.00	EX_gthox_e	0.0	0.0	1.1773904691695949e-09	primary	optimal
bound-20260916T061948Z	ME:UACC-257	magnitude_g1.00	EX_hcys__L_e	0.0	0.0	9.687437414982789e-11	primary	optimal
bound-20260916T061948Z	ME:UACC-257	magnitude_g1.00	EX_hom__L_e	0.0	0.0	0.0	primary	optimal
bound-20260916T061948Z	ME:UACC-257	magnitude_g1.00	EX_hxan_e	0.0	0.0	2.4680317107197413e-11	primary	optimal
bound-20260916T061948Z	ME:UACC-257	magnitude_g1.00	EX_icit_e	4.88215517506474	4.8821548114454885	4.882155178615568	primary	optimal
bound-20260916T061948Z	ME:UACC-257	magnitude_g1.00	EX_ile__L_e	-0.2855599127419997	-0.2855599156790197	-0.28555991274199977	primary	optimal
bound-20260916T061948Z	ME:UACC-257	magnitude_g1.00	EX_imp_e	0.0	0.0	1.6901020361959475e-11	primary	optimal
bound-20260916T061948Z	ME:UACC-257	magnitude_g1.00	EX_ins_e	0.0	0.0	1.8029143157746407e-11	primary	optimal
bound-20260916T061948Z	ME:UACC-257	magnitude_g1.00	EX_lac__L_e	0.0	-1.0261433973734315e-09	1.1011786424298414e-06	primary	optimal
bound-20260916T061948Z	ME:UACC-257	magnitude_g1.00	EX_lcts_e	0.0	0.0	7.652650165905496e-11	primary	optimal
bound-20260916T061948Z	ME:UACC-257	magnitude_g1.00	EX_leu__L_e	-0.544556019816	-0.5445560227540707	-0.5445560198160045	primary	optimal
bound-20260916T061948Z	ME:UACC-257	magnitude_g1.00	EX_lys__L_e	-0.5910416815460001	-0.5910416845047911	-0.5910416815460001	primary	optimal
bound-20260916T061948Z	ME:UACC-257	magnitude_g1.00	EX_mal__L_e	0.0	0.0	5.512202677250187e-07	primary	optimal
bound-20260916T061948Z	ME:UACC-257	magnitude_g1.00	EX_met__L_e	-0.15274088440199998	-0.15274089463782817	-0.15274088440199995	primary	optimal
bound-20260916T061948Z	ME:UACC-257	magnitude_g1.00	EX_nac_e	4.913761169353537e-15	0.0	5.923251954598647e-10	primary	optimal
bound-20260916T061948Z	ME:UACC-257	magnitude_g1.00	EX_ncam_e	0.0	-2.9383166478076314e-09	0.0	primary	optimal
bound-20260916T061948Z	ME:UACC-257	magnitude_g1.00	EX_nicrnt_e	0.0	0.0	4.763670317078717e-11	primary	optimal
bound-20260916T061948Z	ME:UACC-257	magnitude_g1.00	EX_orn_e	0.0	0.0	2.234439785863874e-09	primary	optimal
bound-20260916T061948Z	ME:UACC-257	magnitude_g1.00	EX_orot5p_e	0.0	0.0	2.5653304978190732e-11	primary	optimal
bound-20260916T061948Z	ME:UACC-257	magnitude_g1.00	EX_orot_e	0.0	0.0	5.1674189931697477e-11	primary	optimal
bound-20260916T061948Z	ME:UACC-257	magnitude_g1.00	EX_oxa_e	0.0	0.0	2.7721914554762874e-10	primary	optimal
bound-20260916T061948Z	ME:UACC-257	magnitude_g1.00	EX_pep_e	0.0	0.0	1.3315422546732942e-10	primary	optimal
bound-20260916T061948Z	ME:UACC-257	magnitude_g1.00	EX_phe__L_e	-0.258996107074	-0.2589961100364593	-0.258996107074	primary	optimal
bound-20260916T061948Z	ME:UACC-257	magnitude_g1.00	EX_pnto__R_e	0.0	-2.938757053200431e-09	2.9694302735828314e-09	primary	optimal
bound-20260916T061948Z	ME:UACC-257	magnitude_g1.00	EX_pro__L_e	-0.411736991476	-0.41173699443518325	-0.4117369907859533	primary	optimal
bound-20260916T061948Z	ME:UACC-257	magnitude_g1.00	EX_quln_e	0.0	0.0	4.210537961582639e-10	primary	optimal
bound-20260916T061948Z	ME:UACC-257	magnitude_g1.00	EX_sbt__D_e	0.0	0.0	0.0	primary	optimal
bound-20260916T061948Z	ME:UACC-257	magnitude_g1.00	EX_ser__L_e	-1.5434617625199625	-1.5434623886388448	-1.543461553693003	primary	optimal
bound-20260916T061948Z	ME:UACC-257	magnitude_g1.00	EX_spmd_e	0.0	0.0	4.031760530807426e-11	primary	optimal
bound-20260916T061948Z	ME:UACC-257	magnitude_g1.00	EX_sprm_e	0.0	0.0	2.0761284528812768e-11	primary	optimal
bound-20260916T061948Z	ME:UACC-257	magnitude_g1.00	EX_srtn_e	0.0	0.0	6.320609256928538e-10	primary	optimal
bound-20260916T061948Z	ME:UACC-257	magnitude_g1.00	EX_succ_e	2.9990233953743366	2.9990233932350474	2.9990234173902617	primary	optimal
bound-20260916T061948Z	ME:UACC-257	magnitude_g1.00	EX_sucr_e	0.0	0.0	0.0	primary	optimal
bound-20260916T061948Z	ME:UACC-257	magnitude_g1.00	EX_taur_e	0.0	0.0	2.9705352346363614e-09	primary	optimal
bound-20260916T061948Z	ME:UACC-257	magnitude_g1.00	EX_tchola_e	0.0	0.0	1.0607913415222401e-10	primary	optimal
bound-20260916T061948Z	ME:UACC-257	magnitude_g1.00	EX_thr__L_e	-0.31212371841000003	-0.31212372135005456	-0.31212371841000003	primary	optimal
bound-20260916T061948Z	ME:UACC-257	magnitude_g1.00	EX_thym_e	0.0	0.0	3.395599740388734e-11	primary	optimal
bound-20260916T061948Z	ME:UACC-257	magnitude_g1.00	EX_thymd_e	0.0	0.0	2.672262677394839e-11	primary	optimal
bound-20260916T061948Z	ME:UACC-257	magnitude_g1.00	EX_trp__L_e	-0.013281902834000001	-0.013281905772832565	-0.013281902833975226	primary	optimal
bound-20260916T061948Z	ME:UACC-257	magnitude_g1.00	EX_tyr__L_e	-0.159381835819	-0.15938183875850212	-0.15938183285693452	primary	optimal
bound-20260916T061948Z	ME:UACC-257	magnitude_g1.00	EX_ump_e	0.0	0.0	1.7948960672657462e-11	primary	optimal
bound-20260916T061948Z	ME:UACC-257	magnitude_g1.00	EX_ura_e	0.0	0.0	4.404005269842187e-11	primary	optimal
bound-20260916T061948Z	ME:UACC-257	magnitude_g1.00	EX_urate_e	0.0	0.0	1.9868195850846906e-11	primary	optimal
bound-20260916T061948Z	ME:UACC-257	magnitude_g1.00	EX_uri_e	0.0	0.0	3.087896585957296e-11	primary	optimal
bound-20260916T061948Z	ME:UACC-257	magnitude_g1.00	EX_val__L_e	-0.35196843166289254	-0.3519684316598518	-0.351968428723	primary	optimal
bound-20260916T061948Z	ME:UACC-257	magnitude_g1.00	EX_xan_e	0.0	0.0	1.9844304482736873e-11	primary	optimal
bound-20260916T061948Z	ME:UACC-257	magnitude_g1.00	EX_xmp_e	0.0	0.0	1.67500734459082e-11	primary	optimal
bound-20260916T061948Z	ME:UACC-257	magnitude_g1.00	EX_xtsn_e	0.0	0.0	1.6841065244702874e-11	primary	optimal
bound-20260916T061948Z	ME:UACC-62	magnitude_g1.00	EX_2pg_e	0.0	0.0	1.5325972720127746e-09	primary	optimal
bound-20260916T061948Z	ME:UACC-62	magnitude_g1.00	EX_34hpp_e	0.0	0.0	1.958966742671062e-08	primary	optimal
bound-20260916T061948Z	ME:UACC-62	magnitude_g1.00	EX_3hanthrn_e	0.0	0.0	3.744044342825454e-09	primary	optimal
bound-20260916T061948Z	ME:UACC-62	magnitude_g1.00	EX_3pg_e	0.0	0.0	4.7897957097986314e-09	primary	optimal
bound-20260916T061948Z	ME:UACC-62	magnitude_g1.00	EX_4abut_e	0.0	0.0	9.29675903851344e-09	primary	optimal
bound-20260916T061948Z	ME:UACC-62	magnitude_g1.00	EX_4hbz_e	0.0	0.0	2.350048159134484e-09	primary	optimal
bound-20260916T061948Z	ME:UACC-62	magnitude_g1.00	EX_L2aadp_e	0.0	0.0	3.8256921840600726e-09	primary	optimal
bound-20260916T061948Z	ME:UACC-62	magnitude_g1.00	EX_Lkynr_e	0.0	0.0	7.362773105235467e-09	primary	optimal
bound-20260916T061948Z	ME:UACC-62	magnitude_g1.00	EX_acac_e	0.0	0.0	1.2508875189148935e-08	primary	optimal
bound-20260916T061948Z	ME:UACC-62	magnitude_g1.00	EX_ade_e	0.0	0.0	2.2204017227518349e-10	primary	optimal
bound-20260916T061948Z	ME:UACC-62	magnitude_g1.00	EX_adn_e	0.0	0.0	1.8827942056543892e-10	primary	optimal
bound-20260916T061948Z	ME:UACC-62	magnitude_g1.00	EX_ahcys_e	0.0	0.0	1.6397161681995949e-10	primary	optimal
bound-20260916T061948Z	ME:UACC-62	magnitude_g1.00	EX_akg_e	0.0	0.0	9.972551189492297e-08	primary	optimal
bound-20260916T061948Z	ME:UACC-62	magnitude_g1.00	EX_ala__L_e	0.0232433299595	0.023243290781158377	0.29699474610123044	primary	optimal
bound-20260916T061948Z	ME:UACC-62	magnitude_g1.00	EX_amp_e	0.0	0.0	1.8918819968325653e-10	primary	optimal
bound-20260916T061948Z	ME:UACC-62	magnitude_g1.00	EX_anth_e	0.0	0.0	4.648344319369298e-09	primary	optimal
bound-20260916T061948Z	ME:UACC-62	magnitude_g1.00	EX_arg__L_e	-0.35860938014000004	-0.35860941442173244	-0.35860937921240066	primary	optimal
bound-20260916T061948Z	ME:UACC-62	magnitude_g1.00	EX_asn__L_e	-2.93033077938768	-2.930330813668446	-2.930330708106455	primary	optimal
bound-20260916T061948Z	ME:UACC-62	magnitude_g1.00	EX_asp__L_e	-0.5909625002212857	-0.5909625345042694	-0.5909624639741354	primary	optimal
bound-20260916T061948Z	ME:UACC-62	magnitude_g1.00	EX_bilirub_e	7.494629679135277e-18	0.0	3.831720442999655e-10	primary	optimal
bound-20260916T061948Z	ME:UACC-62	magnitude_g1.00	EX_cala_e	0.0	0.0	5.516158082141075e-10	primary	optimal
bound-20260916T061948Z	ME:UACC-62	magnitude_g1.00	EX_chol_e	-0.17163760036100006	-0.17163763464266002	-0.17163759998852002	primary	optimal
bound-20260916T061948Z	ME:UACC-62	magnitude_g1.00	EX_cholp_e	0.0	0.0	1.3204155589704775e-09	primary	optimal
bound-20260916T061948Z	ME:UACC-62	magnitude_g1.00	EX_cit_e	0.0	0.0	3.917611740340845e-08	primary	optimal
bound-20260916T061948Z	ME:UACC-62	magnitude_g1.00	EX_citr__L_e	0.0	0.0	9.218215278483347e-09	primary	optimal
bound-20260916T061948Z	ME:UACC-62	magnitude_g1.00	EX_cmp_e	0.0	0.0	3.976473807295566e-10	primary	optimal
bound-20260916T061948Z	ME:UACC-62	magnitude_g1.00	EX_crn_e	2.3997724446387417e-18	-1.7983269185036398e-08	8.669005830550245e-16	primary	optimal
bound-20260916T061948Z	ME:UACC-62	magnitude_g1.00	EX_cyst__L_e	0.0	0.0	1.0762662834916615e-09	primary	optimal
bound-20260916T061948Z	ME:UACC-62	magnitude_g1.00	EX_cytd_e	0.0	0.0	3.9886816360656383e-10	primary	optimal
bound-20260916T061948Z	ME:UACC-62	magnitude_g1.00	EX_dad_2_e	0.0	0.0	1.8833624469605723e-10	primary	optimal
bound-20260916T061948Z	ME:UACC-62	magnitude_g1.00	EX_dcmp_e	0.0	0.0	3.1338439340512934e-10	primary	optimal
bound-20260916T061948Z	ME:UACC-62	magnitude_g1.00	EX_dcyt_e	0.0	0.0	3.6114197062372675e-10	primary	optimal
bound-20260916T061948Z	ME:UACC-62	magnitude_g1.00	EX_dhap_e	0.0	0.0	1.3220403096690916e-09	primary	optimal
bound-20260916T061948Z	ME:UACC-62	magnitude_g1.00	EX_dmgly_e	0.0	0.0	3.7984037073349116e-09	primary	optimal
bound-20260916T061948Z	ME:UACC-62	magnitude_g1.00	EX_duri_e	0.0	0.0	4.0563410962559353e-10	primary	optimal
bound-20260916T061948Z	ME:UACC-62	magnitude_g1.00	EX_ethamp_e	0.0	0.0	1.196733382228407e-09	primary	optimal
bound-20260916T061948Z	ME:UACC-62	magnitude_g1.00	EX_fol_e	1.0179079367445054e-16	-9.972470906595002e-08	-7.262350206633102e-16	primary	optimal
bound-20260916T061948Z	ME:UACC-62	magnitude_g1.00	EX_fum_e	0.9047269049358104	0.904725904844492	0.9047270532680897	primary	optimal
bound-20260916T061948Z	ME:UACC-62	magnitude_g1.00	EX_g3pc_e	0.0	0.0	1.1463949295006485e-09	primary	optimal
bound-20260916T061948Z	ME:UACC-62	magnitude_g1.00	EX_glc__D_e	-3.677226825018639	-3.6772278295836687	-3.631203353733794	primary	optimal
bound-20260916T061948Z	ME:UACC-62	magnitude_g1.00	EX_glcur_e	0.0	0.0	1.2326012731443064e-08	primary	optimal
bound-20260916T061948Z	ME:UACC-62	magnitude_g1.00	EX_gln__L_e	-6.741828728188058	-6.741828762470101	-6.741828453939414	primary	optimal
bound-20260916T061948Z	ME:UACC-62	magnitude_g1.00	EX_glu__L_e	-2.6937928885252616	-2.693793312025972	-2.6937927635208174	primary	optimal
bound-20260916T061948Z	ME:UACC-62	magnitude_g1.00	EX_gly_e	0.0	-1.393243702283521e-07	4.54685539671729e-08	primary	optimal
bound-20260916T061948Z	ME:UACC-62	magnitude_g1.00	EX_glyald_e	0.0	0.0	1.2609079998368034e-08	primary	optimal
bound-20260916T061948Z	ME:UACC-62	magnitude_g1.00	EX_glyb_e	0.0	0.0	7.565173561238322e-09	primary	optimal
bound-20260916T061948Z	ME:UACC-62	magnitude_g1.00	EX_glyc3p_e	0.0	0.0	1.3220538000588677e-09	primary	optimal
bound-20260916T061948Z	ME:UACC-62	magnitude_g1.00	EX_gmp_e	0.0	0.0	2.2083033516469434e-10	primary	optimal
bound-20260916T061948Z	ME:UACC-62	magnitude_g1.00	EX_gthox_e	0.0	0.0	1.0754020088770525e-08	primary	optimal
bound-20260916T061948Z	ME:UACC-62	magnitude_g1.00	EX_hcys__L_e	0.0	0.0	1.1535951501018596e-09	primary	optimal
bound-20260916T061948Z	ME:UACC-62	magnitude_g1.00	EX_hom__L_e	0.0	0.0	0.0	primary	optimal
bound-20260916T061948Z	ME:UACC-62	magnitude_g1.00	EX_hxan_e	0.0	0.0	2.6058667743415623e-10	primary	optimal
bound-20260916T061948Z	ME:UACC-62	magnitude_g1.00	EX_icit_e	4.783309280882461	4.78330873237491	4.783309344435038	primary	optimal
bound-20260916T061948Z	ME:UACC-62	magnitude_g1.00	EX_ile__L_e	-0.2855599127419997	-0.28555994702390297	-0.2855599127419987	primary	optimal
bound-20260916T061948Z	ME:UACC-62	magnitude_g1.00	EX_imp_e	0.0	0.0	2.170173682276343e-10	primary	optimal
bound-20260916T061948Z	ME:UACC-62	magnitude_g1.00	EX_ins_e	0.0	0.0	2.2012366978167795e-10	primary	optimal
bound-20260916T061948Z	ME:UACC-62	magnitude_g1.00	EX_lac__L_e	0.0	-1.590452304637749e-08	0.13807314605791118	primary	optimal
bound-20260916T061948Z	ME:UACC-62	magnitude_g1.00	EX_lcts_e	0.0	0.0	9.767241892232563e-10	primary	optimal
bound-20260916T061948Z	ME:UACC-62	magnitude_g1.00	EX_leu__L_e	-0.544556019816	-0.5445560540983545	-0.5445560198160019	primary	optimal
bound-20260916T061948Z	ME:UACC-62	magnitude_g1.00	EX_lys__L_e	-0.591041681546	-0.5910417181117624	-0.591041681546	primary	optimal
bound-20260916T061948Z	ME:UACC-62	magnitude_g1.00	EX_mal__L_e	9.694091023535513e-08	0.0	1.0969911465841011e-06	primary	optimal
bound-20260916T061948Z	ME:UACC-62	magnitude_g1.00	EX_met__L_e	-0.15274088440199998	-0.1527409389067247	-0.15274088440199995	primary	optimal
bound-20260916T061948Z	ME:UACC-62	magnitude_g1.00	EX_nac_e	-1.5948172216322886e-15	0.0	7.462663215998832e-09	primary	optimal
bound-20260916T061948Z	ME:UACC-62	magnitude_g1.00	EX_ncam_e	0.0	-3.428380515706644e-08	4.2390523534307884e-17	primary	optimal
bound-20260916T061948Z	ME:UACC-62	magnitude_g1.00	EX_nicrnt_e	0.0	0.0	6.082292103567284e-10	primary	optimal
bound-20260916T061948Z	ME:UACC-62	magnitude_g1.00	EX_orn_e	0.0	0.0	1.8245579369544095e-08	primary	optimal
bound-20260916T061948Z	ME:UACC-62	magnitude_g1.00	EX_orot5p_e	0.0	0.0	3.2901992532733237e-10	primary	optimal
bound-20260916T061948Z	ME:UACC-62	magnitude_g1.00	EX_orot_e	0.0	0.0	6.649604074453771e-10	primary	optimal
bound-20260916T061948Z	ME:UACC-62	magnitude_g1.00	EX_oxa_e	0.0	0.0	3.6115347119995387e-09	primary	optimal
bound-20260916T061948Z	ME:UACC-62	magnitude_g1.00	EX_pep_e	0.0	0.0	1.5551932719648765e-09	primary	optimal
bound-20260916T061948Z	ME:UACC-62	magnitude_g1.00	EX_phe__L_e	-0.258996107074	-0.25899614490250816	-0.25899610707400006	primary	optimal
bound-20260916T061948Z	ME:UACC-62	magnitude_g1.00	EX_pnto__R_e	0.0	-3.42813468447508e-08	3.918123817407506e-08	primary	optimal
bound-20260916T061948Z	ME:UACC-62	magnitude_g1.00	EX_pro__L_e	-0.411736991476	-0.4117370280411438	-0.41173698335808595	primary	optimal
bound-20260916T061948Z	ME:UACC-62	magnitude_g1.00	EX_quln_e	0.0	0.0	3.0389241875097355e-09	primary	optimal
bound-20260916T061948Z	ME:UACC-62	magnitude_g1.00	EX_sbt__D_e	0.0	0.0	0.0	primary	optimal
bound-20260916T061948Z	ME:UACC-62	magnitude_g1.00	EX_ser__L_e	-1.583099199530814	-1.6751461420516685	-1.5830971641490337	primary	optimal
bound-20260916T061948Z	ME:UACC-62	magnitude_g1.00	EX_spmd_e	0.0	0.0	5.152836054031728e-10	primary	optimal
bound-20260916T061948Z	ME:UACC-62	magnitude_g1.00	EX_sprm_e	0.0	0.0	2.6510671841808113e-10	primary	optimal
bound-20260916T061948Z	ME:UACC-62	magnitude_g1.00	EX_srtn_e	0.0	0.0	7.46265938752653e-09	primary	optimal
bound-20260916T061948Z	ME:UACC-62	magnitude_g1.00	EX_succ_e	3.183434959349593	3.1834349315289447	3.183434959349593	primary	optimal
bound-20260916T061948Z	ME:UACC-62	magnitude_g1.00	EX_sucr_e	0.0	0.0	0.0	primary	optimal
bound-20260916T061948Z	ME:UACC-62	magnitude_g1.00	EX_taur_e	0.0	0.0	3.9179824766256095e-08	primary	optimal
bound-20260916T061948Z	ME:UACC-62	magnitude_g1.00	EX_tchola_e	0.0	0.0	1.203099546546116e-09	primary	optimal
bound-20260916T061948Z	ME:UACC-62	magnitude_g1.00	EX_thr__L_e	-0.31212371841000003	-0.3121237526918795	-0.31212371841	primary	optimal
bound-20260916T061948Z	ME:UACC-62	magnitude_g1.00	EX_thym_e	0.0	0.0	4.4261296272746934e-10	primary	optimal
bound-20260916T061948Z	ME:UACC-62	magnitude_g1.00	EX_thymd_e	0.0	0.0	3.433705766416221e-10	primary	optimal
bound-20260916T061948Z	ME:UACC-62	magnitude_g1.00	EX_trp__L_e	-0.013281902834000001	-0.013281937114148315	-0.013281902833999992	primary	optimal
bound-20260916T061948Z	ME:UACC-62	magnitude_g1.00	EX_tyr__L_e	-0.15938183581899998	-0.15938187010091814	-0.159381797991392	primary	optimal
bound-20260916T061948Z	ME:UACC-62	magnitude_g1.00	EX_ump_e	0.0	0.0	2.2879284028230025e-10	primary	optimal
bound-20260916T061948Z	ME:UACC-62	magnitude_g1.00	EX_ura_e	0.0	0.0	5.678720169959919e-10	primary	optimal
bound-20260916T061948Z	ME:UACC-62	magnitude_g1.00	EX_urate_e	0.0	0.0	2.55370867579718e-10	primary	optimal
bound-20260916T061948Z	ME:UACC-62	magnitude_g1.00	EX_uri_e	0.0	0.0	3.972383601549087e-10	primary	optimal
bound-20260916T061948Z	ME:UACC-62	magnitude_g1.00	EX_val__L_e	-0.3519684599740191	-0.35196846300465606	-0.351968428723	primary	optimal
bound-20260916T061948Z	ME:UACC-62	magnitude_g1.00	EX_xan_e	0.0	0.0	2.5461569245319087e-10	primary	optimal
bound-20260916T061948Z	ME:UACC-62	magnitude_g1.00	EX_xmp_e	0.0	0.0	2.1461855148131288e-10	primary	optimal
bound-20260916T061948Z	ME:UACC-62	magnitude_g1.00	EX_xtsn_e	0.0	0.0	2.1583756325627348e-10	primary	optimal
bound-20260916T061948Z	OV:IGROV1	magnitude_g1.00	EX_2pg_e	0.0	0.0	2.0157434175561373e-09	primary	optimal
bound-20260916T061948Z	OV:IGROV1	magnitude_g1.00	EX_34hpp_e	0.0	0.0	2.402380444079687e-08	primary	optimal
bound-20260916T061948Z	OV:IGROV1	magnitude_g1.00	EX_3hanthrn_e	0.0	0.0	4.5457867222842586e-09	primary	optimal
bound-20260916T061948Z	OV:IGROV1	magnitude_g1.00	EX_3pg_e	0.0	0.0	5.81485019492972e-09	primary	optimal
bound-20260916T061948Z	OV:IGROV1	magnitude_g1.00	EX_4abut_e	0.0	0.0	1.1388259865669744e-08	primary	optimal
bound-20260916T061948Z	OV:IGROV1	magnitude_g1.00	EX_4hbz_e	0.0	0.0	3.0842488979124096e-09	primary	optimal
bound-20260916T061948Z	OV:IGROV1	magnitude_g1.00	EX_L2aadp_e	0.0	0.0	4.298537397214924e-09	primary	optimal
bound-20260916T061948Z	OV:IGROV1	magnitude_g1.00	EX_Lkynr_e	0.0	0.0	8.907447458592775e-09	primary	optimal
bound-20260916T061948Z	OV:IGROV1	magnitude_g1.00	EX_acac_e	0.0	0.0	2.0877048662447492e-08	primary	optimal
bound-20260916T061948Z	OV:IGROV1	magnitude_g1.00	EX_ade_e	0.0	0.0	2.864086311019576e-10	primary	optimal
bound-20260916T061948Z	OV:IGROV1	magnitude_g1.00	EX_adn_e	0.0	0.0	2.4307205119165676e-10	primary	optimal
bound-20260916T061948Z	OV:IGROV1	magnitude_g1.00	EX_ahcys_e	0.0	0.0	2.1356474032934404e-10	primary	optimal
bound-20260916T061948Z	OV:IGROV1	magnitude_g1.00	EX_akg_e	0.0	0.0	7.309061062552484e-08	primary	optimal
bound-20260916T061948Z	OV:IGROV1	magnitude_g1.00	EX_ala__L_e	0.0232433299595	0.023243281908597264	0.3148079917762805	primary	optimal
bound-20260916T061948Z	OV:IGROV1	magnitude_g1.00	EX_amp_e	0.0	0.0	2.1341962857175847e-10	primary	optimal
bound-20260916T061948Z	OV:IGROV1	magnitude_g1.00	EX_anth_e	0.0	0.0	5.635771776709969e-09	primary	optimal
bound-20260916T061948Z	OV:IGROV1	magnitude_g1.00	EX_arg__L_e	-0.35860938014000004	-0.35860942102196247	-0.3586093789318431	primary	optimal
bound-20260916T061948Z	OV:IGROV1	magnitude_g1.00	EX_asn__L_e	-3.063027776634808	-3.063027829934156	-3.063027674782806	primary	optimal
bound-20260916T061948Z	OV:IGROV1	magnitude_g1.00	EX_asp__L_e	-0.5955542322725854	-0.5955542731544456	-0.5955541974296943	primary	optimal
bound-20260916T061948Z	OV:IGROV1	magnitude_g1.00	EX_bilirub_e	0.0	0.0	4.557796653441726e-10	primary	optimal
bound-20260916T061948Z	OV:IGROV1	magnitude_g1.00	EX_cala_e	0.0	0.0	6.8752281354891e-10	primary	optimal
bound-20260916T061948Z	OV:IGROV1	magnitude_g1.00	EX_chol_e	-0.17163760036100006	-0.1716376412417851	-0.17163759988802732	primary	optimal
bound-20260916T061948Z	OV:IGROV1	magnitude_g1.00	EX_cholp_e	0.0	0.0	1.715289997922541e-09	primary	optimal
bound-20260916T061948Z	OV:IGROV1	magnitude_g1.00	EX_cit_e	0.0	0.0	4.804799542370289e-08	primary	optimal
bound-20260916T061948Z	OV:IGROV1	magnitude_g1.00	EX_citr__L_e	0.0	0.0	1.1271094287581067e-08	primary	optimal
bound-20260916T061948Z	OV:IGROV1	magnitude_g1.00	EX_cmp_e	0.0	0.0	5.238435135069678e-10	primary	optimal
bound-20260916T061948Z	OV:IGROV1	magnitude_g1.00	EX_crn_e	0.0	-2.006611038410925e-08	-9.038677907299197e-17	primary	optimal
bound-20260916T061948Z	OV:IGROV1	magnitude_g1.00	EX_cyst__L_e	0.0	0.0	1.3667431037345312e-09	primary	optimal
bound-20260916T061948Z	OV:IGROV1	magnitude_g1.00	EX_cytd_e	0.0	0.0	5.181876794848121e-10	primary	optimal
bound-20260916T061948Z	OV:IGROV1	magnitude_g1.00	EX_dad_2_e	0.0	0.0	2.4305565767016214e-10	primary	optimal
bound-20260916T061948Z	OV:IGROV1	magnitude_g1.00	EX_dcmp_e	0.0	0.0	4.0874735848994554e-10	primary	optimal
bound-20260916T061948Z	OV:IGROV1	magnitude_g1.00	EX_dcyt_e	0.0	0.0	4.770253947322521e-10	primary	optimal
bound-20260916T061948Z	OV:IGROV1	magnitude_g1.00	EX_dhap_e	0.0	0.0	1.717996409909285e-09	primary	optimal
bound-20260916T061948Z	OV:IGROV1	magnitude_g1.00	EX_dmgly_e	0.0	0.0	4.787961194777645e-09	primary	optimal
bound-20260916T061948Z	OV:IGROV1	magnitude_g1.00	EX_duri_e	0.0	0.0	5.179329723390049e-10	primary	optimal
bound-20260916T061948Z	OV:IGROV1	magnitude_g1.00	EX_ethamp_e	0.0	0.0	1.547204992146198e-09	primary	optimal
bound-20260916T061948Z	OV:IGROV1	magnitude_g1.00	EX_fol_e	0.0	-7.308571375006206e-08	-6.021692964274007e-15	primary	optimal
bound-20260916T061948Z	OV:IGROV1	magnitude_g1.00	EX_fum_e	1.3292910016711321	1.3292902691497672	1.3292924618199335	primary	optimal
bound-20260916T061948Z	OV:IGROV1	magnitude_g1.00	EX_g3pc_e	0.0	0.0	1.5322627844285817e-09	primary	optimal
bound-20260916T061948Z	OV:IGROV1	magnitude_g1.00	EX_glc__D_e	-3.7953503996909546	-3.7953513996938315	-3.6495690029620085	primary	optimal
bound-20260916T061948Z	OV:IGROV1	magnitude_g1.00	EX_glcur_e	0.0	0.0	1.4530401455166975e-08	primary	optimal
bound-20260916T061948Z	OV:IGROV1	magnitude_g1.00	EX_gln__L_e	-7.042235093418606	-7.04223541244089	-7.042234402847866	primary	optimal
bound-20260916T061948Z	OV:IGROV1	magnitude_g1.00	EX_glu__L_e	-1.8488135025254535	-1.8488144110330316	-1.8488129839481366	primary	optimal
bound-20260916T061948Z	OV:IGROV1	magnitude_g1.00	EX_gly_e	0.0	-7.339739537585639e-08	9.22733031552176e-08	primary	optimal
bound-20260916T061948Z	OV:IGROV1	magnitude_g1.00	EX_glyald_e	0.0	0.0	1.5343137757945722e-08	primary	optimal
bound-20260916T061948Z	OV:IGROV1	magnitude_g1.00	EX_glyb_e	0.0	0.0	9.206084225890227e-09	primary	optimal
bound-20260916T061948Z	OV:IGROV1	magnitude_g1.00	EX_glyc3p_e	0.0	0.0	1.7180000064083562e-09	primary	optimal
bound-20260916T061948Z	OV:IGROV1	magnitude_g1.00	EX_gmp_e	0.0	0.0	3.1047310999481773e-10	primary	optimal
bound-20260916T061948Z	OV:IGROV1	magnitude_g1.00	EX_gthox_e	0.0	0.0	1.3230901005903511e-08	primary	optimal
bound-20260916T061948Z	OV:IGROV1	magnitude_g1.00	EX_hcys__L_e	0.0	0.0	1.4837707321563927e-09	primary	optimal
bound-20260916T061948Z	OV:IGROV1	magnitude_g1.00	EX_hom__L_e	0.0	0.0	0.0	primary	optimal
bound-20260916T061948Z	OV:IGROV1	magnitude_g1.00	EX_hxan_e	0.0	0.0	3.942545540357241e-10	primary	optimal
bound-20260916T061948Z	OV:IGROV1	magnitude_g1.00	EX_icit_e	4.280906083533755	4.280904968572724	4.2809061351333595	primary	optimal
bound-20260916T061948Z	OV:IGROV1	magnitude_g1.00	EX_ile__L_e	-0.28555991274199966	-0.2855599536218311	-0.28555991274200043	primary	optimal
bound-20260916T061948Z	OV:IGROV1	magnitude_g1.00	EX_imp_e	0.0	0.0	2.8131207674631835e-10	primary	optimal
bound-20260916T061948Z	OV:IGROV1	magnitude_g1.00	EX_ins_e	0.0	0.0	2.831044341734241e-10	primary	optimal
bound-20260916T061948Z	OV:IGROV1	magnitude_g1.00	EX_lac__L_e	0.0	-1.6412219241094193e-08	0.4373469927063318	primary	optimal
bound-20260916T061948Z	OV:IGROV1	magnitude_g1.00	EX_lcts_e	0.0	0.0	1.6844080059194424e-09	primary	optimal
bound-20260916T061948Z	OV:IGROV1	magnitude_g1.00	EX_leu__L_e	-0.544556019816	-0.5445560606923677	-0.5445560198160001	primary	optimal
bound-20260916T061948Z	OV:IGROV1	magnitude_g1.00	EX_lys__L_e	-0.591041681546	-0.5910417245668762	-0.591041681546	primary	optimal
bound-20260916T061948Z	OV:IGROV1	magnitude_g1.00	EX_mal__L_e	0.12222986693805062	0.12222855035521857	0.12223074307559378	primary	optimal
bound-20260916T061948Z	OV:IGROV1	magnitude_g1.00	EX_met__L_e	-0.15274088440199998	-0.15274096338865537	-0.1527408844020036	primary	optimal
bound-20260916T061948Z	OV:IGROV1	magnitude_g1.00	EX_nac_e	4.45040211171713e-15	0.0	9.129059683441961e-09	primary	optimal
bound-20260916T061948Z	OV:IGROV1	magnitude_g1.00	EX_ncam_e	0.0	-4.088030600487951e-08	1.3963449850673669e-16	primary	optimal
bound-20260916T061948Z	OV:IGROV1	magnitude_g1.00	EX_nicrnt_e	0.0	0.0	7.87928740775001e-10	primary	optimal
bound-20260916T061948Z	OV:IGROV1	magnitude_g1.00	EX_orn_e	0.0	0.0	2.6292711463166417e-08	primary	optimal
bound-20260916T061948Z	OV:IGROV1	magnitude_g1.00	EX_orot5p_e	0.0	0.0	4.268116504689959e-10	primary	optimal
bound-20260916T061948Z	OV:IGROV1	magnitude_g1.00	EX_orot_e	0.0	0.0	8.611359053695873e-10	primary	optimal
bound-20260916T061948Z	OV:IGROV1	magnitude_g1.00	EX_oxa_e	0.0	0.0	4.291553308654855e-09	primary	optimal
bound-20260916T061948Z	OV:IGROV1	magnitude_g1.00	EX_pep_e	0.0	0.0	2.044374864946228e-09	primary	optimal
bound-20260916T061948Z	OV:IGROV1	magnitude_g1.00	EX_phe__L_e	-0.258996107074	-0.25899615124862413	-0.258996107074	primary	optimal
bound-20260916T061948Z	OV:IGROV1	magnitude_g1.00	EX_pnto__R_e	0.0	-4.087788083344868e-08	4.804559467062917e-08	primary	optimal
bound-20260916T061948Z	OV:IGROV1	magnitude_g1.00	EX_pro__L_e	-0.411736991476	-0.4117370344951986	-0.41173698074327797	primary	optimal
bound-20260916T061948Z	OV:IGROV1	magnitude_g1.00	EX_quln_e	0.0	0.0	3.5849668510774678e-09	primary	optimal
bound-20260916T061948Z	OV:IGROV1	magnitude_g1.00	EX_sbt__D_e	0.0	0.0	0.0	primary	optimal
bound-20260916T061948Z	OV:IGROV1	magnitude_g1.00	EX_ser__L_e	-1.4048403614093279	-1.6964032106586846	-1.404838472688269	primary	optimal
bound-20260916T061948Z	OV:IGROV1	magnitude_g1.00	EX_spmd_e	0.0	0.0	6.726794036441568e-10	primary	optimal
bound-20260916T061948Z	OV:IGROV1	magnitude_g1.00	EX_sprm_e	0.0	0.0	3.431371852696722e-10	primary	optimal
bound-20260916T061948Z	OV:IGROV1	magnitude_g1.00	EX_srtn_e	0.0	0.0	9.053908807097736e-09	primary	optimal
bound-20260916T061948Z	OV:IGROV1	magnitude_g1.00	EX_succ_e	3.13020099859173	3.13020089835284	3.13020099859173	primary	optimal
bound-20260916T061948Z	OV:IGROV1	magnitude_g1.00	EX_sucr_e	0.0	0.0	0.0	primary	optimal
bound-20260916T061948Z	OV:IGROV1	magnitude_g1.00	EX_taur_e	0.0	0.0	4.804916126575044e-08	primary	optimal
bound-20260916T061948Z	OV:IGROV1	magnitude_g1.00	EX_tchola_e	0.0	0.0	1.1615380552153513e-09	primary	optimal
bound-20260916T061948Z	OV:IGROV1	magnitude_g1.00	EX_thr__L_e	-0.31212371841000003	-0.3121237592906092	-0.3121237184100001	primary	optimal
bound-20260916T061948Z	OV:IGROV1	magnitude_g1.00	EX_thym_e	0.0	0.0	5.616564924837199e-10	primary	optimal
bound-20260916T061948Z	OV:IGROV1	magnitude_g1.00	EX_thymd_e	0.0	0.0	4.4295087591031317e-10	primary	optimal
bound-20260916T061948Z	OV:IGROV1	magnitude_g1.00	EX_trp__L_e	-0.013281902834000001	-0.013281943714974752	-0.013281902834000001	primary	optimal
bound-20260916T061948Z	OV:IGROV1	magnitude_g1.00	EX_tyr__L_e	-0.15938183581899998	-0.159381876700625	-0.15938179164300872	primary	optimal
bound-20260916T061948Z	OV:IGROV1	magnitude_g1.00	EX_ump_e	0.0	0.0	2.8944339919628623e-10	primary	optimal
bound-20260916T061948Z	OV:IGROV1	magnitude_g1.00	EX_ura_e	0.0	0.0	7.297444615337831e-10	primary	optimal
bound-20260916T061948Z	OV:IGROV1	magnitude_g1.00	EX_urate_e	0.0	0.0	3.3163691031662844e-10	primary	optimal
bound-20260916T061948Z	OV:IGROV1	magnitude_g1.00	EX_uri_e	0.0	0.0	5.124275285878591e-10	primary	optimal
bound-20260916T061948Z	OV:IGROV1	magnitude_g1.00	EX_val__L_e	-0.3519684696052837	-0.3519684696079833	-0.35196842872299683	primary	optimal
bound-20260916T061948Z	OV:IGROV1	magnitude_g1.00	EX_xan_e	0.0	0.0	3.3413991178979464e-10	primary	optimal
bound-20260916T061948Z	OV:IGROV1	magnitude_g1.00	EX_xmp_e	0.0	0.0	2.7806007017657165e-10	primary	optimal
bound-20260916T061948Z	OV:IGROV1	magnitude_g1.00	EX_xtsn_e	0.0	0.0	2.798076667645102e-10	primary	optimal
bound-20260916T061948Z	OV:NCI/ADR-RES	magnitude_g1.00	EX_2pg_e	0.0	0.0	1.3134121951622152e-09	primary	optimal
bound-20260916T061948Z	OV:NCI/ADR-RES	magnitude_g1.00	EX_34hpp_e	0.0	0.0	1.6194948635550513e-08	primary	optimal
bound-20260916T061948Z	OV:NCI/ADR-RES	magnitude_g1.00	EX_3hanthrn_e	0.0	0.0	3.119863839088477e-09	primary	optimal
bound-20260916T061948Z	OV:NCI/ADR-RES	magnitude_g1.00	EX_3pg_e	0.0	0.0	1.3687586373017576e-09	primary	optimal
bound-20260916T061948Z	OV:NCI/ADR-RES	magnitude_g1.00	EX_4abut_e	0.0	0.0	7.729560492468758e-09	primary	optimal
bound-20260916T061948Z	OV:NCI/ADR-RES	magnitude_g1.00	EX_4hbz_e	0.0	0.0	1.9976471805357366e-09	primary	optimal
bound-20260916T061948Z	OV:NCI/ADR-RES	magnitude_g1.00	EX_L2aadp_e	0.0	0.0	2.9326256986572537e-09	primary	optimal
bound-20260916T061948Z	OV:NCI/ADR-RES	magnitude_g1.00	EX_Lkynr_e	0.0	0.0	6.135285386152909e-09	primary	optimal
bound-20260916T061948Z	OV:NCI/ADR-RES	magnitude_g1.00	EX_acac_e	0.0	0.0	1.1326296964116614e-08	primary	optimal
bound-20260916T061948Z	OV:NCI/ADR-RES	magnitude_g1.00	EX_ade_e	0.0	0.0	1.8687214005989679e-10	primary	optimal
bound-20260916T061948Z	OV:NCI/ADR-RES	magnitude_g1.00	EX_adn_e	0.0	0.0	1.6029880846449194e-10	primary	optimal
bound-20260916T061948Z	OV:NCI/ADR-RES	magnitude_g1.00	EX_ahcys_e	0.0	0.0	1.5955713881569785e-10	primary	optimal
bound-20260916T061948Z	OV:NCI/ADR-RES	magnitude_g1.00	EX_akg_e	0.0	0.0	1.0011533354617484e-07	primary	optimal
bound-20260916T061948Z	OV:NCI/ADR-RES	magnitude_g1.00	EX_ala__L_e	0.0232433299595	0.02324329756698208	0.2429808694952317	primary	optimal
bound-20260916T061948Z	OV:NCI/ADR-RES	magnitude_g1.00	EX_amp_e	0.0	0.0	1.2687921614832084e-10	primary	optimal
bound-20260916T061948Z	OV:NCI/ADR-RES	magnitude_g1.00	EX_anth_e	0.0	0.0	3.8640972175402824e-09	primary	optimal
bound-20260916T061948Z	OV:NCI/ADR-RES	magnitude_g1.00	EX_arg__L_e	-0.35860938014000004	-0.3586094091213251	-0.35860937933090914	primary	optimal
bound-20260916T061948Z	OV:NCI/ADR-RES	magnitude_g1.00	EX_asn__L_e	-3.1418306527801367	-3.141830697086856	-3.1418305741114687	primary	optimal
bound-20260916T061948Z	OV:NCI/ADR-RES	magnitude_g1.00	EX_asp__L_e	-0.5931533503755045	-0.5931533793570279	-0.5931533280193853	primary	optimal
bound-20260916T061948Z	OV:NCI/ADR-RES	magnitude_g1.00	EX_bilirub_e	0.0	0.0	2.977060517727659e-10	primary	optimal
bound-20260916T061948Z	OV:NCI/ADR-RES	magnitude_g1.00	EX_cala_e	0.0	0.0	4.667854004536705e-10	primary	optimal
bound-20260916T061948Z	OV:NCI/ADR-RES	magnitude_g1.00	EX_chol_e	-0.17163760036100006	-0.17163762933871116	-0.17163760004836032	primary	optimal
bound-20260916T061948Z	OV:NCI/ADR-RES	magnitude_g1.00	EX_cholp_e	0.0	0.0	1.12775424360484e-09	primary	optimal
bound-20260916T061948Z	OV:NCI/ADR-RES	magnitude_g1.00	EX_cit_e	0.0	0.0	3.238871437907346e-08	primary	optimal
bound-20260916T061948Z	OV:NCI/ADR-RES	magnitude_g1.00	EX_citr__L_e	0.0	0.0	7.648650095946413e-09	primary	optimal
bound-20260916T061948Z	OV:NCI/ADR-RES	magnitude_g1.00	EX_cmp_e	0.0	0.0	3.374738998335996e-10	primary	optimal
bound-20260916T061948Z	OV:NCI/ADR-RES	magnitude_g1.00	EX_crn_e	-2.87972693356649e-17	-1.5622234083026822e-08	-5.256409221508483e-18	primary	optimal
bound-20260916T061948Z	OV:NCI/ADR-RES	magnitude_g1.00	EX_cyst__L_e	0.0	0.0	9.172903912455129e-10	primary	optimal
bound-20260916T061948Z	OV:NCI/ADR-RES	magnitude_g1.00	EX_cytd_e	0.0	0.0	3.410108866157806e-10	primary	optimal
bound-20260916T061948Z	OV:NCI/ADR-RES	magnitude_g1.00	EX_dad_2_e	0.0	0.0	1.5955646899822346e-10	primary	optimal
bound-20260916T061948Z	OV:NCI/ADR-RES	magnitude_g1.00	EX_dcmp_e	0.0	0.0	2.665579214942847e-10	primary	optimal
bound-20260916T061948Z	OV:NCI/ADR-RES	magnitude_g1.00	EX_dcyt_e	0.0	0.0	3.058546663563031e-10	primary	optimal
bound-20260916T061948Z	OV:NCI/ADR-RES	magnitude_g1.00	EX_dhap_e	0.0	0.0	1.128930761234622e-09	primary	optimal
bound-20260916T061948Z	OV:NCI/ADR-RES	magnitude_g1.00	EX_dmgly_e	0.0	0.0	3.291977356564641e-09	primary	optimal
bound-20260916T061948Z	OV:NCI/ADR-RES	magnitude_g1.00	EX_duri_e	0.0	0.0	3.444262398308259e-10	primary	optimal
bound-20260916T061948Z	OV:NCI/ADR-RES	magnitude_g1.00	EX_ethamp_e	0.0	0.0	1.018765698709887e-09	primary	optimal
bound-20260916T061948Z	OV:NCI/ADR-RES	magnitude_g1.00	EX_fol_e	0.0	-1.0012261426213538e-07	-9.218633028364809e-15	primary	optimal
bound-20260916T061948Z	OV:NCI/ADR-RES	magnitude_g1.00	EX_fum_e	0.2819969311936846	0.28199638050185083	0.2819969862626289	primary	optimal
bound-20260916T061948Z	OV:NCI/ADR-RES	magnitude_g1.00	EX_g3pc_e	0.0	0.0	9.917891907963994e-10	primary	optimal
bound-20260916T061948Z	OV:NCI/ADR-RES	magnitude_g1.00	EX_glc__D_e	-3.6234306077863097	-3.623430715817109	-3.623430298637507	primary	optimal
bound-20260916T061948Z	OV:NCI/ADR-RES	magnitude_g1.00	EX_glcur_e	0.0	0.0	1.0439294192038151e-08	primary	optimal
bound-20260916T061948Z	OV:NCI/ADR-RES	magnitude_g1.00	EX_gln__L_e	-6.300750413829535	-6.300750442811639	-6.300750169067074	primary	optimal
bound-20260916T061948Z	OV:NCI/ADR-RES	magnitude_g1.00	EX_glu__L_e	-3.346410591276432	-3.3464109648576197	-3.3464104753445194	primary	optimal
bound-20260916T061948Z	OV:NCI/ADR-RES	magnitude_g1.00	EX_gly_e	0.0	-4.7337584475144174e-08	7.474551525091751e-08	primary	optimal
bound-20260916T061948Z	OV:NCI/ADR-RES	magnitude_g1.00	EX_glyald_e	0.0	0.0	1.0490307799873334e-08	primary	optimal
bound-20260916T061948Z	OV:NCI/ADR-RES	magnitude_g1.00	EX_glyb_e	0.0	0.0	6.293309965582847e-09	primary	optimal
bound-20260916T061948Z	OV:NCI/ADR-RES	magnitude_g1.00	EX_glyc3p_e	0.0	0.0	1.1278409230421423e-09	primary	optimal
bound-20260916T061948Z	OV:NCI/ADR-RES	magnitude_g1.00	EX_gmp_e	0.0	0.0	1.9336739286810586e-10	primary	optimal
bound-20260916T061948Z	OV:NCI/ADR-RES	magnitude_g1.00	EX_gthox_e	0.0	0.0	8.881949787457252e-09	primary	optimal
bound-20260916T061948Z	OV:NCI/ADR-RES	magnitude_g1.00	EX_hcys__L_e	0.0	0.0	9.816440435241485e-10	primary	optimal
bound-20260916T061948Z	OV:NCI/ADR-RES	magnitude_g1.00	EX_hom__L_e	0.0	0.0	0.0	primary	optimal
bound-20260916T061948Z	OV:NCI/ADR-RES	magnitude_g1.00	EX_hxan_e	0.0	0.0	2.3160103049476616e-10	primary	optimal
bound-20260916T061948Z	OV:NCI/ADR-RES	magnitude_g1.00	EX_icit_e	4.990387796960805	4.990387429836265	4.990387828610274	primary	optimal
bound-20260916T061948Z	OV:NCI/ADR-RES	magnitude_g1.00	EX_ile__L_e	-0.28555991274200004	-0.2855599417222248	-0.28555991274200004	primary	optimal
bound-20260916T061948Z	OV:NCI/ADR-RES	magnitude_g1.00	EX_imp_e	0.0	0.0	1.8463139502182531e-10	primary	optimal
bound-20260916T061948Z	OV:NCI/ADR-RES	magnitude_g1.00	EX_ins_e	0.0	0.0	1.8568649705294589e-10	primary	optimal
bound-20260916T061948Z	OV:NCI/ADR-RES	magnitude_g1.00	EX_lac__L_e	0.0	-1.2979810069487025e-08	1.1014127137395618e-06	primary	optimal
bound-20260916T061948Z	OV:NCI/ADR-RES	magnitude_g1.00	EX_lcts_e	0.0	0.0	1.254673829834252e-09	primary	optimal
bound-20260916T061948Z	OV:NCI/ADR-RES	magnitude_g1.00	EX_leu__L_e	-0.5445560198160003	-0.5445560487999619	-0.5445560198160005	primary	optimal
bound-20260916T061948Z	OV:NCI/ADR-RES	magnitude_g1.00	EX_lys__L_e	-0.591041681546	-0.5910417127116938	-0.591041681546	primary	optimal
bound-20260916T061948Z	OV:NCI/ADR-RES	magnitude_g1.00	EX_mal__L_e	0.0	0.0	5.506712901961029e-07	primary	optimal
bound-20260916T061948Z	OV:NCI/ADR-RES	magnitude_g1.00	EX_met__L_e	-0.15274088440199998	-0.15274101813389038	-0.15274088440199998	primary	optimal
bound-20260916T061948Z	OV:NCI/ADR-RES	magnitude_g1.00	EX_nac_e	-6.077546709463586e-15	0.0	6.187293754632832e-09	primary	optimal
bound-20260916T061948Z	OV:NCI/ADR-RES	magnitude_g1.00	EX_ncam_e	0.0	-2.898222785500058e-08	0.0	primary	optimal
bound-20260916T061948Z	OV:NCI/ADR-RES	magnitude_g1.00	EX_nicrnt_e	0.0	0.0	5.173828773267935e-10	primary	optimal
bound-20260916T061948Z	OV:NCI/ADR-RES	magnitude_g1.00	EX_orn_e	0.0	0.0	1.9242286088611256e-08	primary	optimal
bound-20260916T061948Z	OV:NCI/ADR-RES	magnitude_g1.00	EX_orot5p_e	0.0	0.0	2.800386731356292e-10	primary	optimal
bound-20260916T061948Z	OV:NCI/ADR-RES	magnitude_g1.00	EX_orot_e	0.0	0.0	5.654013187933927e-10	primary	optimal
bound-20260916T061948Z	OV:NCI/ADR-RES	magnitude_g1.00	EX_oxa_e	0.0	0.0	2.9348546532799745e-09	primary	optimal
bound-20260916T061948Z	OV:NCI/ADR-RES	magnitude_g1.00	EX_pep_e	0.0	0.0	1.3345249484092647e-09	primary	optimal
bound-20260916T061948Z	OV:NCI/ADR-RES	magnitude_g1.00	EX_phe__L_e	-0.258996107074	-0.2589961385418256	-0.258996107074	primary	optimal
bound-20260916T061948Z	OV:NCI/ADR-RES	magnitude_g1.00	EX_pnto__R_e	0.0	-2.8984946698826984e-08	3.239235723568449e-08	primary	optimal
bound-20260916T061948Z	OV:NCI/ADR-RES	magnitude_g1.00	EX_pro__L_e	-0.411736991476	-0.4117370226454488	-0.41173698407147963	primary	optimal
bound-20260916T061948Z	OV:NCI/ADR-RES	magnitude_g1.00	EX_quln_e	0.0	0.0	2.5552531763544144e-09	primary	optimal
bound-20260916T061948Z	OV:NCI/ADR-RES	magnitude_g1.00	EX_sbt__D_e	0.0	0.0	0.0	primary	optimal
bound-20260916T061948Z	OV:NCI/ADR-RES	magnitude_g1.00	EX_ser__L_e	-1.6227747847843972	-1.622775403110419	-1.6227745687271558	primary	optimal
bound-20260916T061948Z	OV:NCI/ADR-RES	magnitude_g1.00	EX_spmd_e	0.0	0.0	4.348015552016379e-10	primary	optimal
bound-20260916T061948Z	OV:NCI/ADR-RES	magnitude_g1.00	EX_sprm_e	0.0	0.0	2.2443456205294347e-10	primary	optimal
bound-20260916T061948Z	OV:NCI/ADR-RES	magnitude_g1.00	EX_srtn_e	0.0	0.0	6.204472062648802e-09	primary	optimal
bound-20260916T061948Z	OV:NCI/ADR-RES	magnitude_g1.00	EX_succ_e	2.573019192252725	2.57301916790357	2.57301931317267	primary	optimal
bound-20260916T061948Z	OV:NCI/ADR-RES	magnitude_g1.00	EX_sucr_e	0.0	0.0	0.0	primary	optimal
bound-20260916T061948Z	OV:NCI/ADR-RES	magnitude_g1.00	EX_taur_e	0.0	0.0	3.239230803228302e-08	primary	optimal
bound-20260916T061948Z	OV:NCI/ADR-RES	magnitude_g1.00	EX_tchola_e	0.0	0.0	6.794524948478656e-10	primary	optimal
bound-20260916T061948Z	OV:NCI/ADR-RES	magnitude_g1.00	EX_thr__L_e	-0.31212371841000003	-0.31212374739427545	-0.3121237184100001	primary	optimal
bound-20260916T061948Z	OV:NCI/ADR-RES	magnitude_g1.00	EX_thym_e	0.0	0.0	3.732609766462567e-10	primary	optimal
bound-20260916T061948Z	OV:NCI/ADR-RES	magnitude_g1.00	EX_thymd_e	0.0	0.0	2.9061494045493406e-10	primary	optimal
bound-20260916T061948Z	OV:NCI/ADR-RES	magnitude_g1.00	EX_trp__L_e	-0.013281902834000001	-0.013281931815902303	-0.01328190283399319	primary	optimal
bound-20260916T061948Z	OV:NCI/ADR-RES	magnitude_g1.00	EX_tyr__L_e	-0.15938183581899998	-0.15938186480399222	-0.15938180435170773	primary	optimal
bound-20260916T061948Z	OV:NCI/ADR-RES	magnitude_g1.00	EX_ump_e	0.0	0.0	1.918989997344562e-10	primary	optimal
bound-20260916T061948Z	OV:NCI/ADR-RES	magnitude_g1.00	EX_ura_e	0.0	0.0	4.809111992641686e-10	primary	optimal
bound-20260916T061948Z	OV:NCI/ADR-RES	magnitude_g1.00	EX_urate_e	0.0	0.0	2.1696301896603298e-10	primary	optimal
bound-20260916T061948Z	OV:NCI/ADR-RES	magnitude_g1.00	EX_uri_e	0.0	0.0	3.3699827135085493e-10	primary	optimal
bound-20260916T061948Z	OV:NCI/ADR-RES	magnitude_g1.00	EX_val__L_e	-0.3519684577043498	-0.3519684577070692	-0.3519684287229999	primary	optimal
bound-20260916T061948Z	OV:NCI/ADR-RES	magnitude_g1.00	EX_xan_e	0.0	0.0	2.1780867116593097e-10	primary	optimal
bound-20260916T061948Z	OV:NCI/ADR-RES	magnitude_g1.00	EX_xmp_e	0.0	0.0	1.835632382751519e-10	primary	optimal
bound-20260916T061948Z	OV:NCI/ADR-RES	magnitude_g1.00	EX_xtsn_e	0.0	0.0	1.8459891145392564e-10	primary	optimal
bound-20260916T061948Z	OV:OVCAR-3	magnitude_g1.00	EX_2pg_e	0.0	0.0	1.4958487311990275e-09	primary	optimal
bound-20260916T061948Z	OV:OVCAR-3	magnitude_g1.00	EX_34hpp_e	0.0	0.0	1.9560238957369842e-08	primary	optimal
bound-20260916T061948Z	OV:OVCAR-3	magnitude_g1.00	EX_3hanthrn_e	0.0	0.0	3.738470673436075e-09	primary	optimal
bound-20260916T061948Z	OV:OVCAR-3	magnitude_g1.00	EX_3pg_e	0.0	0.0	4.7832342574151844e-09	primary	optimal
bound-20260916T061948Z	OV:OVCAR-3	magnitude_g1.00	EX_4abut_e	0.0	0.0	9.2825806374649e-09	primary	optimal
bound-20260916T061948Z	OV:OVCAR-3	magnitude_g1.00	EX_4hbz_e	0.0	0.0	2.3111542717724045e-09	primary	optimal
bound-20260916T061948Z	OV:OVCAR-3	magnitude_g1.00	EX_L2aadp_e	0.0	0.0	4.041925447189394e-09	primary	optimal
bound-20260916T061948Z	OV:OVCAR-3	magnitude_g1.00	EX_Lkynr_e	0.0	0.0	7.351353500906435e-09	primary	optimal
bound-20260916T061948Z	OV:OVCAR-3	magnitude_g1.00	EX_acac_e	0.0	0.0	2.434138468211104e-08	primary	optimal
bound-20260916T061948Z	OV:OVCAR-3	magnitude_g1.00	EX_ade_e	0.0	0.0	2.1422702587656813e-10	primary	optimal
bound-20260916T061948Z	OV:OVCAR-3	magnitude_g1.00	EX_adn_e	0.0	0.0	1.8380178717759237e-10	primary	optimal
bound-20260916T061948Z	OV:OVCAR-3	magnitude_g1.00	EX_ahcys_e	0.0	0.0	1.8300075258934477e-10	primary	optimal
bound-20260916T061948Z	OV:OVCAR-3	magnitude_g1.00	EX_akg_e	0.0	0.0	9.957815796308856e-08	primary	optimal
bound-20260916T061948Z	OV:OVCAR-3	magnitude_g1.00	EX_ala__L_e	0.0232433299595	0.023243290838754538	0.740966466249076	primary	optimal
bound-20260916T061948Z	OV:OVCAR-3	magnitude_g1.00	EX_amp_e	0.0	0.0	1.8466315785363257e-10	primary	optimal
bound-20260916T061948Z	OV:OVCAR-3	magnitude_g1.00	EX_anth_e	0.0	0.0	4.641432007223874e-09	primary	optimal
bound-20260916T061948Z	OV:OVCAR-3	magnitude_g1.00	EX_arg__L_e	-0.35860938014000004	-0.3586094143686798	-0.3586093792045481	primary	optimal
bound-20260916T061948Z	OV:OVCAR-3	magnitude_g1.00	EX_asn__L_e	-3.209280458933016	-3.209280559773624	-3.2092803580425335	primary	optimal
bound-20260916T061948Z	OV:OVCAR-3	magnitude_g1.00	EX_asp__L_e	-0.5931533503754917	-0.5931533846054091	-0.5931532982156624	primary	optimal
bound-20260916T061948Z	OV:OVCAR-3	magnitude_g1.00	EX_bilirub_e	0.0	0.0	3.2526889718529113e-10	primary	optimal
bound-20260916T061948Z	OV:OVCAR-3	magnitude_g1.00	EX_cala_e	0.0	0.0	5.43024757825403e-10	primary	optimal
bound-20260916T061948Z	OV:OVCAR-3	magnitude_g1.00	EX_chol_e	-0.1716376003610001	-0.17163763458953016	-0.17163760000185796	primary	optimal
bound-20260916T061948Z	OV:OVCAR-3	magnitude_g1.00	EX_cholp_e	0.0	0.0	1.2927839659593349e-09	primary	optimal
bound-20260916T061948Z	OV:OVCAR-3	magnitude_g1.00	EX_cit_e	0.0	0.0	3.9120105794505436e-08	primary	optimal
bound-20260916T061948Z	OV:OVCAR-3	magnitude_g1.00	EX_citr__L_e	0.0	0.0	9.204713192885522e-09	primary	optimal
bound-20260916T061948Z	OV:OVCAR-3	magnitude_g1.00	EX_cmp_e	0.0	0.0	3.90723021616614e-10	primary	optimal
bound-20260916T061948Z	OV:OVCAR-3	magnitude_g1.00	EX_crn_e	4.487314880035776e-18	-1.795628771725488e-08	2.8616893449465947e-16	primary	optimal
bound-20260916T061948Z	OV:OVCAR-3	magnitude_g1.00	EX_cyst__L_e	0.0	0.0	1.056675635983896e-09	primary	optimal
bound-20260916T061948Z	OV:OVCAR-3	magnitude_g1.00	EX_cytd_e	0.0	0.0	3.920477040156044e-10	primary	optimal
bound-20260916T061948Z	OV:OVCAR-3	magnitude_g1.00	EX_dad_2_e	0.0	0.0	1.8557010426855928e-10	primary	optimal
bound-20260916T061948Z	OV:OVCAR-3	magnitude_g1.00	EX_dcmp_e	0.0	0.0	3.075412087782907e-10	primary	optimal
bound-20260916T061948Z	OV:OVCAR-3	magnitude_g1.00	EX_dcyt_e	0.0	0.0	3.554245935996543e-10	primary	optimal
bound-20260916T061948Z	OV:OVCAR-3	magnitude_g1.00	EX_dhap_e	0.0	0.0	1.2942540456190106e-09	primary	optimal
bound-20260916T061948Z	OV:OVCAR-3	magnitude_g1.00	EX_dmgly_e	0.0	0.0	4.039397288781302e-09	primary	optimal
bound-20260916T061948Z	OV:OVCAR-3	magnitude_g1.00	EX_duri_e	0.0	0.0	3.983856276285313e-10	primary	optimal
bound-20260916T061948Z	OV:OVCAR-3	magnitude_g1.00	EX_ethamp_e	0.0	0.0	1.173645784257999e-09	primary	optimal
bound-20260916T061948Z	OV:OVCAR-3	magnitude_g1.00	EX_fol_e	-2.9213970361882606e-15	-9.957809476925705e-08	4.898464362999523e-16	primary	optimal
bound-20260916T061948Z	OV:OVCAR-3	magnitude_g1.00	EX_fum_e	1.1086486922975434	1.108647692271448	1.108648909385394	primary	optimal
bound-20260916T061948Z	OV:OVCAR-3	magnitude_g1.00	EX_g3pc_e	0.0	0.0	1.115917409603008e-09	primary	optimal
bound-20260916T061948Z	OV:OVCAR-3	magnitude_g1.00	EX_glc__D_e	-3.60407716911595	-3.604078187050963	-3.427478038140479	primary	optimal
bound-20260916T061948Z	OV:OVCAR-3	magnitude_g1.00	EX_glcur_e	0.0	0.0	1.2307537701515846e-08	primary	optimal
bound-20260916T061948Z	OV:OVCAR-3	magnitude_g1.00	EX_gln__L_e	-6.133016407911642	-6.133016442140721	-6.133016134053507	primary	optimal
bound-20260916T061948Z	OV:OVCAR-3	magnitude_g1.00	EX_glu__L_e	-2.9198902018373696	-2.9198906245288163	-2.919890061846015	primary	optimal
bound-20260916T061948Z	OV:OVCAR-3	magnitude_g1.00	EX_gly_e	0.0	-4.295627621870761e-08	1.6851418720196626e-07	primary	optimal
bound-20260916T061948Z	OV:OVCAR-3	magnitude_g1.00	EX_glyald_e	0.0	0.0	1.2590162755006938e-08	primary	optimal
bound-20260916T061948Z	OV:OVCAR-3	magnitude_g1.00	EX_glyb_e	0.0	0.0	7.554358031613362e-09	primary	optimal
bound-20260916T061948Z	OV:OVCAR-3	magnitude_g1.00	EX_glyc3p_e	0.0	0.0	1.2942906841358628e-09	primary	optimal
bound-20260916T061948Z	OV:OVCAR-3	magnitude_g1.00	EX_gmp_e	0.0	0.0	2.306299633767649e-10	primary	optimal
bound-20260916T061948Z	OV:OVCAR-3	magnitude_g1.00	EX_gthox_e	0.0	0.0	1.0738294811349573e-08	primary	optimal
bound-20260916T061948Z	OV:OVCAR-3	magnitude_g1.00	EX_hcys__L_e	0.0	0.0	1.1312830744750637e-09	primary	optimal
bound-20260916T061948Z	OV:OVCAR-3	magnitude_g1.00	EX_hom__L_e	0.0	0.0	0.0	primary	optimal
bound-20260916T061948Z	OV:OVCAR-3	magnitude_g1.00	EX_hxan_e	0.0	0.0	3.010155041124595e-10	primary	optimal
bound-20260916T061948Z	OV:OVCAR-3	magnitude_g1.00	EX_icit_e	4.185718929461481	4.185718381787744	4.185718938708276	primary	optimal
bound-20260916T061948Z	OV:OVCAR-3	magnitude_g1.00	EX_ile__L_e	-0.28555991274200004	-0.285559946971238	-0.28555991274199966	primary	optimal
bound-20260916T061948Z	OV:OVCAR-3	magnitude_g1.00	EX_imp_e	0.0	0.0	2.1181908324705457e-10	primary	optimal
bound-20260916T061948Z	OV:OVCAR-3	magnitude_g1.00	EX_ins_e	0.0	0.0	2.118511032047038e-10	primary	optimal
bound-20260916T061948Z	OV:OVCAR-3	magnitude_g1.00	EX_lac__L_e	0.0	-1.6251725294036715e-08	0.5297998341626329	primary	optimal
bound-20260916T061948Z	OV:OVCAR-3	magnitude_g1.00	EX_lcts_e	0.0	0.0	1.0788816068440508e-09	primary	optimal
bound-20260916T061948Z	OV:OVCAR-3	magnitude_g1.00	EX_leu__L_e	-0.5445560198160003	-0.5445560540454863	-0.5445560198160001	primary	optimal
bound-20260916T061948Z	OV:OVCAR-3	magnitude_g1.00	EX_lys__L_e	-0.5910416815460001	-0.5910417180585207	-0.5910416815460001	primary	optimal
bound-20260916T061948Z	OV:OVCAR-3	magnitude_g1.00	EX_mal__L_e	9.536240500596948e-08	0.0	1.0953746502536867e-06	primary	optimal
bound-20260916T061948Z	OV:OVCAR-3	magnitude_g1.00	EX_met__L_e	-0.15274088440199998	-0.15274092352245408	-0.15274088440200004	primary	optimal
bound-20260916T061948Z	OV:OVCAR-3	magnitude_g1.00	EX_nac_e	1.6163688057084005e-15	0.0	7.451354076892285e-09	primary	optimal
bound-20260916T061948Z	OV:OVCAR-3	magnitude_g1.00	EX_ncam_e	0.0	-3.422999876959183e-08	-1.1551003014075044e-22	primary	optimal
bound-20260916T061948Z	OV:OVCAR-3	magnitude_g1.00	EX_nicrnt_e	0.0	0.0	5.96387489063375e-10	primary	optimal
bound-20260916T061948Z	OV:OVCAR-3	magnitude_g1.00	EX_orn_e	0.0	0.0	1.6108303224945426e-08	primary	optimal
bound-20260916T061948Z	OV:OVCAR-3	magnitude_g1.00	EX_orot5p_e	0.0	0.0	3.225649422955821e-10	primary	optimal
bound-20260916T061948Z	OV:OVCAR-3	magnitude_g1.00	EX_orot_e	0.0	0.0	6.527224005338647e-10	primary	optimal
bound-20260916T061948Z	OV:OVCAR-3	magnitude_g1.00	EX_oxa_e	0.0	0.0	3.5972231124428154e-09	primary	optimal
bound-20260916T061948Z	OV:OVCAR-3	magnitude_g1.00	EX_pep_e	0.0	0.0	1.5171873850569986e-09	primary	optimal
bound-20260916T061948Z	OV:OVCAR-3	magnitude_g1.00	EX_phe__L_e	-0.258996107074	-0.25899614484398825	-0.25899610707400006	primary	optimal
bound-20260916T061948Z	OV:OVCAR-3	magnitude_g1.00	EX_pnto__R_e	0.0	-3.422938074231046e-08	3.912038019792325e-08	primary	optimal
bound-20260916T061948Z	OV:OVCAR-3	magnitude_g1.00	EX_pro__L_e	-0.411736991476	-0.411737027988155	-0.41173698381611706	primary	optimal
bound-20260916T061948Z	OV:OVCAR-3	magnitude_g1.00	EX_quln_e	0.0	0.0	3.0342777990782773e-09	primary	optimal
bound-20260916T061948Z	OV:OVCAR-3	magnitude_g1.00	EX_sbt__D_e	0.0	0.0	0.0	primary	optimal
bound-20260916T061948Z	OV:OVCAR-3	magnitude_g1.00	EX_ser__L_e	-1.7675627378441474	-2.120760999786382	-1.7675606596380986	primary	optimal
bound-20260916T061948Z	OV:OVCAR-3	magnitude_g1.00	EX_spmd_e	0.0	0.0	4.986005856415113e-10	primary	optimal
bound-20260916T061948Z	OV:OVCAR-3	magnitude_g1.00	EX_sprm_e	0.0	0.0	2.6182196097381495e-10	primary	optimal
bound-20260916T061948Z	OV:OVCAR-3	magnitude_g1.00	EX_srtn_e	0.0	0.0	7.451603670020284e-09	primary	optimal
bound-20260916T061948Z	OV:OVCAR-3	magnitude_g1.00	EX_succ_e	3.1266811835532216	3.1266811114900874	3.1266811835532216	primary	optimal
bound-20260916T061948Z	OV:OVCAR-3	magnitude_g1.00	EX_sucr_e	0.0	0.0	0.0	primary	optimal
bound-20260916T061948Z	OV:OVCAR-3	magnitude_g1.00	EX_taur_e	0.0	0.0	3.912086027046332e-08	primary	optimal
bound-20260916T061948Z	OV:OVCAR-3	magnitude_g1.00	EX_tchola_e	0.0	0.0	9.280684541378395e-10	primary	optimal
bound-20260916T061948Z	OV:OVCAR-3	magnitude_g1.00	EX_thr__L_e	-0.31212371841000003	-0.31212375264003805	-0.31212371841	primary	optimal
bound-20260916T061948Z	OV:OVCAR-3	magnitude_g1.00	EX_thym_e	0.0	0.0	4.324718895359874e-10	primary	optimal
bound-20260916T061948Z	OV:OVCAR-3	magnitude_g1.00	EX_thymd_e	0.0	0.0	3.3535808912659554e-10	primary	optimal
bound-20260916T061948Z	OV:OVCAR-3	magnitude_g1.00	EX_trp__L_e	-0.013281902834000001	-0.013281937065720947	-0.013281902834000001	primary	optimal
bound-20260916T061948Z	OV:OVCAR-3	magnitude_g1.00	EX_tyr__L_e	-0.15938183581899995	-0.1593818700482543	-0.15938179804774227	primary	optimal
bound-20260916T061948Z	OV:OVCAR-3	magnitude_g1.00	EX_ump_e	0.0	0.0	2.2473678207490382e-10	primary	optimal
bound-20260916T061948Z	OV:OVCAR-3	magnitude_g1.00	EX_ura_e	0.0	0.0	5.588170395304504e-10	primary	optimal
bound-20260916T061948Z	OV:OVCAR-3	magnitude_g1.00	EX_urate_e	0.0	0.0	2.678950900042027e-10	primary	optimal
bound-20260916T061948Z	OV:OVCAR-3	magnitude_g1.00	EX_uri_e	0.0	0.0	3.902979673353348e-10	primary	optimal
bound-20260916T061948Z	OV:OVCAR-3	magnitude_g1.00	EX_val__L_e	-0.3519684599736342	-0.3519684629520036	-0.35196842872299994	primary	optimal
bound-20260916T061948Z	OV:OVCAR-3	magnitude_g1.00	EX_xan_e	0.0	0.0	2.516458478954367e-10	primary	optimal
bound-20260916T061948Z	OV:OVCAR-3	magnitude_g1.00	EX_xmp_e	0.0	0.0	2.1178294134783607e-10	primary	optimal
bound-20260916T061948Z	OV:OVCAR-3	magnitude_g1.00	EX_xtsn_e	0.0	0.0	2.1296439050038484e-10	primary	optimal
bound-20260916T061948Z	OV:OVCAR-4	magnitude_g1.00	EX_2pg_e	0.0	0.0	1.3542551365269359e-09	primary	optimal
bound-20260916T061948Z	OV:OVCAR-4	magnitude_g1.00	EX_34hpp_e	0.0	0.0	1.6023043637880853e-08	primary	optimal
bound-20260916T061948Z	OV:OVCAR-4	magnitude_g1.00	EX_3hanthrn_e	0.0	0.0	3.0866189846901424e-09	primary	optimal
bound-20260916T061948Z	OV:OVCAR-4	magnitude_g1.00	EX_3pg_e	0.0	0.0	3.954915588486809e-09	primary	optimal
bound-20260916T061948Z	OV:OVCAR-4	magnitude_g1.00	EX_4abut_e	0.0	0.0	7.646275845524068e-09	primary	optimal
bound-20260916T061948Z	OV:OVCAR-4	magnitude_g1.00	EX_4hbz_e	0.0	0.0	1.977332799905824e-09	primary	optimal
bound-20260916T061948Z	OV:OVCAR-4	magnitude_g1.00	EX_L2aadp_e	0.0	0.0	2.9015951877706943e-09	primary	optimal
bound-20260916T061948Z	OV:OVCAR-4	magnitude_g1.00	EX_Lkynr_e	0.0	0.0	6.070097066281647e-09	primary	optimal
bound-20260916T061948Z	OV:OVCAR-4	magnitude_g1.00	EX_acac_e	0.0	0.0	1.1205456949231165e-08	primary	optimal
bound-20260916T061948Z	OV:OVCAR-4	magnitude_g1.00	EX_ade_e	0.0	0.0	1.926552485750048e-10	primary	optimal
bound-20260916T061948Z	OV:OVCAR-4	magnitude_g1.00	EX_adn_e	0.0	0.0	1.6342474994379926e-10	primary	optimal
bound-20260916T061948Z	OV:OVCAR-4	magnitude_g1.00	EX_ahcys_e	0.0	0.0	1.6432281287352426e-10	primary	optimal
bound-20260916T061948Z	OV:OVCAR-4	magnitude_g1.00	EX_akg_e	0.0	0.0	9.904942515393472e-08	primary	optimal
bound-20260916T061948Z	OV:OVCAR-4	magnitude_g1.00	EX_ala__L_e	0.0232433299595	0.023243297912818782	0.9657128223877426	primary	optimal
bound-20260916T061948Z	OV:OVCAR-4	magnitude_g1.00	EX_amp_e	0.0	0.0	1.423864584355659e-10	primary	optimal
bound-20260916T061948Z	OV:OVCAR-4	magnitude_g1.00	EX_anth_e	0.0	0.0	3.822955445119717e-09	primary	optimal
bound-20260916T061948Z	OV:OVCAR-4	magnitude_g1.00	EX_arg__L_e	-0.35860938014000004	-0.35860940881348297	-0.35860937931898146	primary	optimal
bound-20260916T061948Z	OV:OVCAR-4	magnitude_g1.00	EX_asn__L_e	-2.915832903494216	-2.915833041786079	-2.915832825666384	primary	optimal
bound-20260916T061948Z	OV:OVCAR-4	magnitude_g1.00	EX_asp__L_e	-0.6329960643105036	-0.6329960929831514	-0.6329959524566847	primary	optimal
bound-20260916T061948Z	OV:OVCAR-4	magnitude_g1.00	EX_bilirub_e	6.378627740759012e-34	0.0	2.9561485889542826e-10	primary	optimal
bound-20260916T061948Z	OV:OVCAR-4	magnitude_g1.00	EX_cala_e	0.0	0.0	4.6178962346989986e-10	primary	optimal
bound-20260916T061948Z	OV:OVCAR-4	magnitude_g1.00	EX_chol_e	-0.17163760036100006	-0.17163762903442953	-0.1716376000424609	primary	optimal
bound-20260916T061948Z	OV:OVCAR-4	magnitude_g1.00	EX_cholp_e	0.0	0.0	1.156022163212309e-09	primary	optimal
bound-20260916T061948Z	OV:OVCAR-4	magnitude_g1.00	EX_cit_e	0.0	0.0	3.204611514862106e-08	primary	optimal
bound-20260916T061948Z	OV:OVCAR-4	magnitude_g1.00	EX_citr__L_e	0.0	0.0	7.56635094145242e-09	primary	optimal
bound-20260916T061948Z	OV:OVCAR-4	magnitude_g1.00	EX_cmp_e	0.0	0.0	3.5220998671440787e-10	primary	optimal
bound-20260916T061948Z	OV:OVCAR-4	magnitude_g1.00	EX_crn_e	2.842029626307281e-18	-1.5455161187668868e-08	-6.374406999078387e-18	primary	optimal
bound-20260916T061948Z	OV:OVCAR-4	magnitude_g1.00	EX_cyst__L_e	0.0	0.0	9.423833955353376e-10	primary	optimal
bound-20260916T061948Z	OV:OVCAR-4	magnitude_g1.00	EX_cytd_e	0.0	0.0	3.483928228878301e-10	primary	optimal
bound-20260916T061948Z	OV:OVCAR-4	magnitude_g1.00	EX_dad_2_e	0.0	0.0	1.6677765205802383e-10	primary	optimal
bound-20260916T061948Z	OV:OVCAR-4	magnitude_g1.00	EX_dcmp_e	0.0	0.0	2.75037604962562e-10	primary	optimal
bound-20260916T061948Z	OV:OVCAR-4	magnitude_g1.00	EX_dcyt_e	0.0	0.0	3.2074465392354094e-10	primary	optimal
bound-20260916T061948Z	OV:OVCAR-4	magnitude_g1.00	EX_dhap_e	0.0	0.0	1.1572237086035695e-09	primary	optimal
bound-20260916T061948Z	OV:OVCAR-4	magnitude_g1.00	EX_dmgly_e	0.0	0.0	3.256650869017782e-09	primary	optimal
bound-20260916T061948Z	OV:OVCAR-4	magnitude_g1.00	EX_duri_e	0.0	0.0	3.5589027154318346e-10	primary	optimal
bound-20260916T061948Z	OV:OVCAR-4	magnitude_g1.00	EX_ethamp_e	0.0	0.0	1.040630997212497e-09	primary	optimal
bound-20260916T061948Z	OV:OVCAR-4	magnitude_g1.00	EX_fol_e	1.1762814843237476e-16	-9.904875376282276e-08	2.117742713996168e-15	primary	optimal
bound-20260916T061948Z	OV:OVCAR-4	magnitude_g1.00	EX_fum_e	0.726916038190686	0.7269154933751937	0.7269164126062555	primary	optimal
bound-20260916T061948Z	OV:OVCAR-4	magnitude_g1.00	EX_g3pc_e	0.0	0.0	1.023032276758456e-09	primary	optimal
bound-20260916T061948Z	OV:OVCAR-4	magnitude_g1.00	EX_glc__D_e	-3.3680882009950275	-3.368089008440988	-3.3680878951595323	primary	optimal
bound-20260916T061948Z	OV:OVCAR-4	magnitude_g1.00	EX_glcur_e	0.0	0.0	1.03277733640056e-08	primary	optimal
bound-20260916T061948Z	OV:OVCAR-4	magnitude_g1.00	EX_gln__L_e	-6.516719451604847	-6.516719480277143	-6.516719209473502	primary	optimal
bound-20260916T061948Z	OV:OVCAR-4	magnitude_g1.00	EX_glu__L_e	-3.2533324039223475	-3.2533327734796837	-3.253332268623594	primary	optimal
bound-20260916T061948Z	OV:OVCAR-4	magnitude_g1.00	EX_gly_e	0.0	-4.6829990567797253e-08	7.394400285693663e-08	primary	optimal
bound-20260916T061948Z	OV:OVCAR-4	magnitude_g1.00	EX_glyald_e	0.0	0.0	1.037706339466918e-08	primary	optimal
bound-20260916T061948Z	OV:OVCAR-4	magnitude_g1.00	EX_glyb_e	0.0	0.0	6.2261629174625235e-09	primary	optimal
bound-20260916T061948Z	OV:OVCAR-4	magnitude_g1.00	EX_glyc3p_e	0.0	0.0	1.155976812859298e-09	primary	optimal
bound-20260916T061948Z	OV:OVCAR-4	magnitude_g1.00	EX_gmp_e	0.0	0.0	1.9261526528917493e-10	primary	optimal
bound-20260916T061948Z	OV:OVCAR-4	magnitude_g1.00	EX_gthox_e	0.0	0.0	8.7872752628444e-09	primary	optimal
bound-20260916T061948Z	OV:OVCAR-4	magnitude_g1.00	EX_hcys__L_e	0.0	0.0	1.0014087599490879e-09	primary	optimal
bound-20260916T061948Z	OV:OVCAR-4	magnitude_g1.00	EX_hom__L_e	0.0	0.0	0.0	primary	optimal
bound-20260916T061948Z	OV:OVCAR-4	magnitude_g1.00	EX_hxan_e	0.0	0.0	2.2689699557166125e-10	primary	optimal
bound-20260916T061948Z	OV:OVCAR-4	magnitude_g1.00	EX_icit_e	4.46985809383008	4.469857730692503	4.469858125139631	primary	optimal
bound-20260916T061948Z	OV:OVCAR-4	magnitude_g1.00	EX_ile__L_e	-0.28555991274200004	-0.28555994141744995	-0.285559912742	primary	optimal
bound-20260916T061948Z	OV:OVCAR-4	magnitude_g1.00	EX_imp_e	0.0	0.0	1.8912041983679853e-10	primary	optimal
bound-20260916T061948Z	OV:OVCAR-4	magnitude_g1.00	EX_ins_e	0.0	0.0	1.9024620557982674e-10	primary	optimal
bound-20260916T061948Z	OV:OVCAR-4	magnitude_g1.00	EX_lac__L_e	0.0	-1.2840705723522991e-08	1.0895779565344179e-06	primary	optimal
bound-20260916T061948Z	OV:OVCAR-4	magnitude_g1.00	EX_lcts_e	0.0	0.0	1.0527853525603705e-09	primary	optimal
bound-20260916T061948Z	OV:OVCAR-4	magnitude_g1.00	EX_leu__L_e	-0.5445560198160003	-0.5445560484896244	-0.5445560198159963	primary	optimal
bound-20260916T061948Z	OV:OVCAR-4	magnitude_g1.00	EX_lys__L_e	-0.591041681546	-0.5910417123816082	-0.591041681546002	primary	optimal
bound-20260916T061948Z	OV:OVCAR-4	magnitude_g1.00	EX_mal__L_e	0.0	0.0	5.447893275468146e-07	primary	optimal
bound-20260916T061948Z	OV:OVCAR-4	magnitude_g1.00	EX_met__L_e	-0.15274088440199998	-0.15274101670152018	-0.1527408844019922	primary	optimal
bound-20260916T061948Z	OV:OVCAR-4	magnitude_g1.00	EX_nac_e	-2.241364743915649e-15	0.0	6.121172794431032e-09	primary	optimal
bound-20260916T061948Z	OV:OVCAR-4	magnitude_g1.00	EX_ncam_e	0.0	-2.8673836567238556e-08	-2.3865443726819084e-22	primary	optimal
bound-20260916T061948Z	OV:OVCAR-4	magnitude_g1.00	EX_nicrnt_e	0.0	0.0	5.287939738868236e-10	primary	optimal
bound-20260916T061948Z	OV:OVCAR-4	magnitude_g1.00	EX_orn_e	0.0	0.0	1.9036320746633403e-08	primary	optimal
bound-20260916T061948Z	OV:OVCAR-4	magnitude_g1.00	EX_orot5p_e	0.0	0.0	2.8700768054837327e-10	primary	optimal
bound-20260916T061948Z	OV:OVCAR-4	magnitude_g1.00	EX_orot_e	0.0	0.0	5.795405454851482e-10	primary	optimal
bound-20260916T061948Z	OV:OVCAR-4	magnitude_g1.00	EX_oxa_e	0.0	0.0	2.903979987695141e-09	primary	optimal
bound-20260916T061948Z	OV:OVCAR-4	magnitude_g1.00	EX_pep_e	0.0	0.0	1.3771687308245773e-09	primary	optimal
bound-20260916T061948Z	OV:OVCAR-4	magnitude_g1.00	EX_phe__L_e	-0.258996107074	-0.2589961382049514	-0.25899610707400006	primary	optimal
bound-20260916T061948Z	OV:OVCAR-4	magnitude_g1.00	EX_pnto__R_e	0.0	-2.867339053283767e-08	3.204594919822472e-08	primary	optimal
bound-20260916T061948Z	OV:OVCAR-4	magnitude_g1.00	EX_pro__L_e	-0.411736991476	-0.41173702231499887	-0.41173698415048665	primary	optimal
bound-20260916T061948Z	OV:OVCAR-4	magnitude_g1.00	EX_quln_e	0.0	0.0	2.528041322801392e-09	primary	optimal
bound-20260916T061948Z	OV:OVCAR-4	magnitude_g1.00	EX_sbt__D_e	0.0	0.0	0.0	primary	optimal
bound-20260916T061948Z	OV:OVCAR-4	magnitude_g1.00	EX_ser__L_e	-2.3753887797036217	-2.3753893914108515	-2.37538696908552	primary	optimal
bound-20260916T061948Z	OV:OVCAR-4	magnitude_g1.00	EX_spmd_e	0.0	0.0	4.4206284822384336e-10	primary	optimal
bound-20260916T061948Z	OV:OVCAR-4	magnitude_g1.00	EX_sprm_e	0.0	0.0	2.283819593977267e-10	primary	optimal
bound-20260916T061948Z	OV:OVCAR-4	magnitude_g1.00	EX_srtn_e	0.0	0.0	6.138435678924509e-09	primary	optimal
bound-20260916T061948Z	OV:OVCAR-4	magnitude_g1.00	EX_succ_e	3.0277604101861706	3.027759694835308	3.02776050823278	primary	optimal
bound-20260916T061948Z	OV:OVCAR-4	magnitude_g1.00	EX_sucr_e	0.0	0.0	0.0	primary	optimal
bound-20260916T061948Z	OV:OVCAR-4	magnitude_g1.00	EX_taur_e	0.0	0.0	3.204667473065285e-08	primary	optimal
bound-20260916T061948Z	OV:OVCAR-4	magnitude_g1.00	EX_tchola_e	0.0	0.0	7.910029398745499e-10	primary	optimal
bound-20260916T061948Z	OV:OVCAR-4	magnitude_g1.00	EX_thr__L_e	-0.31212371841000003	-0.3121237470847981	-0.31212371841000003	primary	optimal
bound-20260916T061948Z	OV:OVCAR-4	magnitude_g1.00	EX_thym_e	0.0	0.0	3.7801166648187576e-10	primary	optimal
bound-20260916T061948Z	OV:OVCAR-4	magnitude_g1.00	EX_thymd_e	0.0	0.0	2.9821871209396675e-10	primary	optimal
bound-20260916T061948Z	OV:OVCAR-4	magnitude_g1.00	EX_trp__L_e	-0.013281902834000001	-0.013281931506614195	-0.013281902834	primary	optimal
bound-20260916T061948Z	OV:OVCAR-4	magnitude_g1.00	EX_tyr__L_e	-0.15938183581899998	-0.15938186449114444	-0.15938180468717394	primary	optimal
bound-20260916T061948Z	OV:OVCAR-4	magnitude_g1.00	EX_ump_e	0.0	0.0	1.9765029052582244e-10	primary	optimal
bound-20260916T061948Z	OV:OVCAR-4	magnitude_g1.00	EX_ura_e	0.0	0.0	4.902525764202529e-10	primary	optimal
bound-20260916T061948Z	OV:OVCAR-4	magnitude_g1.00	EX_urate_e	0.0	0.0	2.2131190218331538e-10	primary	optimal
bound-20260916T061948Z	OV:OVCAR-4	magnitude_g1.00	EX_uri_e	0.0	0.0	3.4412947311606515e-10	primary	optimal
bound-20260916T061948Z	OV:OVCAR-4	magnitude_g1.00	EX_val__L_e	-0.35196845739534527	-0.3519684573968017	-0.35196842872299994	primary	optimal
bound-20260916T061948Z	OV:OVCAR-4	magnitude_g1.00	EX_xan_e	0.0	0.0	2.229803171887599e-10	primary	optimal
bound-20260916T061948Z	OV:OVCAR-4	magnitude_g1.00	EX_xmp_e	0.0	0.0	1.87988896605052e-10	primary	optimal
bound-20260916T061948Z	OV:OVCAR-4	magnitude_g1.00	EX_xtsn_e	0.0	0.0	1.8908914783432608e-10	primary	optimal
bound-20260916T061948Z	OV:OVCAR-5	magnitude_g1.00	EX_2pg_e	0.0	0.0	2.9955401113807076e-09	primary	optimal
bound-20260916T061948Z	OV:OVCAR-5	magnitude_g1.00	EX_34hpp_e	0.0	0.0	3.892335455270455e-08	primary	optimal
bound-20260916T061948Z	OV:OVCAR-5	magnitude_g1.00	EX_3hanthrn_e	0.0	0.0	7.130391996390424e-09	primary	optimal
bound-20260916T061948Z	OV:OVCAR-5	magnitude_g1.00	EX_3pg_e	0.0	0.0	3.1153101512281185e-09	primary	optimal
bound-20260916T061948Z	OV:OVCAR-5	magnitude_g1.00	EX_4abut_e	0.0	0.0	1.7460233180326664e-08	primary	optimal
bound-20260916T061948Z	OV:OVCAR-5	magnitude_g1.00	EX_4hbz_e	0.0	0.0	4.412848516853155e-09	primary	optimal
bound-20260916T061948Z	OV:OVCAR-5	magnitude_g1.00	EX_L2aadp_e	0.0	0.0	7.706164772403826e-09	primary	optimal
bound-20260916T061948Z	OV:OVCAR-5	magnitude_g1.00	EX_Lkynr_e	0.0	0.0	1.3728565539384677e-08	primary	optimal
bound-20260916T061948Z	OV:OVCAR-5	magnitude_g1.00	EX_acac_e	0.0	0.0	2.0116324709568487e-08	primary	optimal
bound-20260916T061948Z	OV:OVCAR-5	magnitude_g1.00	EX_ade_e	0.0	0.0	4.3606193267829875e-10	primary	optimal
bound-20260916T061948Z	OV:OVCAR-5	magnitude_g1.00	EX_adn_e	0.0	0.0	3.6981430985781676e-10	primary	optimal
bound-20260916T061948Z	OV:OVCAR-5	magnitude_g1.00	EX_ahcys_e	0.0	0.0	3.6836711893635206e-10	primary	optimal
bound-20260916T061948Z	OV:OVCAR-5	magnitude_g1.00	EX_akg_e	0.0	0.0	7.784803575775515e-08	primary	optimal
bound-20260916T061948Z	OV:OVCAR-5	magnitude_g1.00	EX_ala__L_e	0.0232433299595	0.023243242893048337	0.023244065289088456	primary	optimal
bound-20260916T061948Z	OV:OVCAR-5	magnitude_g1.00	EX_amp_e	0.0	0.0	3.7158416788109444e-10	primary	optimal
bound-20260916T061948Z	OV:OVCAR-5	magnitude_g1.00	EX_anth_e	0.0	0.0	8.834977504719612e-09	primary	optimal
bound-20260916T061948Z	OV:OVCAR-5	magnitude_g1.00	EX_arg__L_e	-0.35860938014000004	-0.35860944084836616	-0.35860937826500305	primary	optimal
bound-20260916T061948Z	OV:OVCAR-5	magnitude_g1.00	EX_asn__L_e	-2.9594435263650762	-2.9594436515645888	-2.9594432562044557	primary	optimal
bound-20260916T061948Z	OV:OVCAR-5	magnitude_g1.00	EX_asp__L_e	-0.5846816811619305	-0.5846818439458972	-0.5846815740317498	primary	optimal
bound-20260916T061948Z	OV:OVCAR-5	magnitude_g1.00	EX_bilirub_e	0.0	0.0	6.682504943952739e-10	primary	optimal
bound-20260916T061948Z	OV:OVCAR-5	magnitude_g1.00	EX_cala_e	0.0	0.0	1.0538156375012873e-09	primary	optimal
bound-20260916T061948Z	OV:OVCAR-5	magnitude_g1.00	EX_chol_e	-0.17163760036100006	-0.17163766106977132	-0.17163759962025926	primary	optimal
bound-20260916T061948Z	OV:OVCAR-5	magnitude_g1.00	EX_cholp_e	0.0	0.0	2.5837523054376386e-09	primary	optimal
bound-20260916T061948Z	OV:OVCAR-5	magnitude_g1.00	EX_cit_e	0.0	0.0	7.784356770965123e-08	primary	optimal
bound-20260916T061948Z	OV:OVCAR-5	magnitude_g1.00	EX_citr__L_e	0.0	0.0	1.705437501249742e-08	primary	optimal
bound-20260916T061948Z	OV:OVCAR-5	magnitude_g1.00	EX_cmp_e	0.0	0.0	0.0	primary	optimal
bound-20260916T061948Z	OV:OVCAR-5	magnitude_g1.00	EX_crn_e	2.3997724446387417e-18	-3.576914772180609e-08	3.15863603324185e-19	primary	optimal
bound-20260916T061948Z	OV:OVCAR-5	magnitude_g1.00	EX_cyst__L_e	0.0	0.0	2.114828230966377e-09	primary	optimal
bound-20260916T061948Z	OV:OVCAR-5	magnitude_g1.00	EX_cytd_e	0.0	0.0	7.75630243716222e-10	primary	optimal
bound-20260916T061948Z	OV:OVCAR-5	magnitude_g1.00	EX_dad_2_e	0.0	0.0	3.7237823640140464e-10	primary	optimal
bound-20260916T061948Z	OV:OVCAR-5	magnitude_g1.00	EX_dcmp_e	0.0	0.0	6.17147212592931e-10	primary	optimal
bound-20260916T061948Z	OV:OVCAR-5	magnitude_g1.00	EX_dcyt_e	0.0	0.0	7.122937613232959e-10	primary	optimal
bound-20260916T061948Z	OV:OVCAR-5	magnitude_g1.00	EX_dhap_e	0.0	0.0	2.5898601249660852e-09	primary	optimal
bound-20260916T061948Z	OV:OVCAR-5	magnitude_g1.00	EX_dmgly_e	0.0	0.0	7.71441564101521e-09	primary	optimal
bound-20260916T061948Z	OV:OVCAR-5	magnitude_g1.00	EX_duri_e	0.0	0.0	7.586629933325006e-10	primary	optimal
bound-20260916T061948Z	OV:OVCAR-5	magnitude_g1.00	EX_ethamp_e	0.0	0.0	2.3375001524673812e-09	primary	optimal
bound-20260916T061948Z	OV:OVCAR-5	magnitude_g1.00	EX_fol_e	0.0	-6.196902159104509e-08	1.5165925492957241e-15	primary	optimal
bound-20260916T061948Z	OV:OVCAR-5	magnitude_g1.00	EX_fum_e	0.48036449993509445	0.48036400799070783	0.48036483741488156	primary	optimal
bound-20260916T061948Z	OV:OVCAR-5	magnitude_g1.00	EX_g3pc_e	0.0	0.0	2.251274809709428e-09	primary	optimal
bound-20260916T061948Z	OV:OVCAR-5	magnitude_g1.00	EX_glc__D_e	-3.7451960932754234	-3.7451962146912496	-3.745195736857199	primary	optimal
bound-20260916T061948Z	OV:OVCAR-5	magnitude_g1.00	EX_glcur_e	0.0	0.0	2.3974492013461966e-08	primary	optimal
bound-20260916T061948Z	OV:OVCAR-5	magnitude_g1.00	EX_gln__L_e	-6.8460842963831885	-6.846084459159587	-6.846084142017194	primary	optimal
bound-20260916T061948Z	OV:OVCAR-5	magnitude_g1.00	EX_glu__L_e	-2.550019824952951	-2.5500201048811357	-2.550019635360823	primary	optimal
bound-20260916T061948Z	OV:OVCAR-5	magnitude_g1.00	EX_gly_e	0.0	-1.357987173911552e-07	1.097918750897169e-07	primary	optimal
bound-20260916T061948Z	OV:OVCAR-5	magnitude_g1.00	EX_glyald_e	0.0	0.0	2.4238728109480453e-08	primary	optimal
bound-20260916T061948Z	OV:OVCAR-5	magnitude_g1.00	EX_glyb_e	0.0	0.0	1.4836180180453743e-08	primary	optimal
bound-20260916T061948Z	OV:OVCAR-5	magnitude_g1.00	EX_glyc3p_e	0.0	0.0	2.5837426753414685e-09	primary	optimal
bound-20260916T061948Z	OV:OVCAR-5	magnitude_g1.00	EX_gmp_e	0.0	0.0	4.839135275038397e-10	primary	optimal
bound-20260916T061948Z	OV:OVCAR-5	magnitude_g1.00	EX_gthox_e	0.0	0.0	2.2649259157918986e-08	primary	optimal
bound-20260916T061948Z	OV:OVCAR-5	magnitude_g1.00	EX_hcys__L_e	0.0	0.0	2.173781609705906e-09	primary	optimal
bound-20260916T061948Z	OV:OVCAR-5	magnitude_g1.00	EX_hom__L_e	0.0	0.0	0.0	primary	optimal
bound-20260916T061948Z	OV:OVCAR-5	magnitude_g1.00	EX_hxan_e	0.0	0.0	5.1026808522489e-10	primary	optimal
bound-20260916T061948Z	OV:OVCAR-5	magnitude_g1.00	EX_icit_e	4.9564935163652635	4.95649279442604	4.956493890179381	primary	optimal
bound-20260916T061948Z	OV:OVCAR-5	magnitude_g1.00	EX_ile__L_e	-0.2855599127419997	-0.2855599734496663	-0.2855599127419981	primary	optimal
bound-20260916T061948Z	OV:OVCAR-5	magnitude_g1.00	EX_imp_e	0.0	0.0	4.264248230085747e-10	primary	optimal
bound-20260916T061948Z	OV:OVCAR-5	magnitude_g1.00	EX_ins_e	0.0	0.0	4.2879932185103725e-10	primary	optimal
bound-20260916T061948Z	OV:OVCAR-5	magnitude_g1.00	EX_lac__L_e	0.0	-6.070742236657353e-08	1.102942200058858e-06	primary	optimal
bound-20260916T061948Z	OV:OVCAR-5	magnitude_g1.00	EX_lcts_e	0.0	0.0	1.9832394295450606e-09	primary	optimal
bound-20260916T061948Z	OV:OVCAR-5	magnitude_g1.00	EX_leu__L_e	-0.544556019816	-0.5445560805279825	-0.5445560198159862	primary	optimal
bound-20260916T061948Z	OV:OVCAR-5	magnitude_g1.00	EX_lys__L_e	-0.591041681546	-0.5910417526969278	-0.591041681546	primary	optimal
bound-20260916T061948Z	OV:OVCAR-5	magnitude_g1.00	EX_mal__L_e	0.0	0.0	5.514773378577169e-07	primary	optimal
bound-20260916T061948Z	OV:OVCAR-5	magnitude_g1.00	EX_met__L_e	-0.15274088440199998	-0.15274134460440622	-0.15274088440199998	primary	optimal
bound-20260916T061948Z	OV:OVCAR-5	magnitude_g1.00	EX_nac_e	1.245681559599274e-14	0.0	1.3989417779370942e-08	primary	optimal
bound-20260916T061948Z	OV:OVCAR-5	magnitude_g1.00	EX_ncam_e	0.0	-6.07080548095378e-08	0.0	primary	optimal
bound-20260916T061948Z	OV:OVCAR-5	magnitude_g1.00	EX_nicrnt_e	0.0	0.0	1.1897147131462546e-09	primary	optimal
bound-20260916T061948Z	OV:OVCAR-5	magnitude_g1.00	EX_orn_e	0.0	0.0	3.1188575849403325e-08	primary	optimal
bound-20260916T061948Z	OV:OVCAR-5	magnitude_g1.00	EX_orot5p_e	0.0	0.0	6.468122075527697e-10	primary	optimal
bound-20260916T061948Z	OV:OVCAR-5	magnitude_g1.00	EX_orot_e	0.0	0.0	1.3079176312259538e-09	primary	optimal
bound-20260916T061948Z	OV:OVCAR-5	magnitude_g1.00	EX_oxa_e	0.0	0.0	6.856755240332353e-09	primary	optimal
bound-20260916T061948Z	OV:OVCAR-5	magnitude_g1.00	EX_pep_e	0.0	0.0	3.0510869103764604e-09	primary	optimal
bound-20260916T061948Z	OV:OVCAR-5	magnitude_g1.00	EX_phe__L_e	-0.258996107074	-0.25899617978862793	-0.258996107074	primary	optimal
bound-20260916T061948Z	OV:OVCAR-5	magnitude_g1.00	EX_pnto__R_e	0.0	-6.070848498017656e-08	7.784780589999283e-08	primary	optimal
bound-20260916T061948Z	OV:OVCAR-5	magnitude_g1.00	EX_pro__L_e	-0.411736991476	-0.41173706262968357	-0.4117369754603062	primary	optimal
bound-20260916T061948Z	OV:OVCAR-5	magnitude_g1.00	EX_quln_e	0.0	0.0	5.6220720587460995e-09	primary	optimal
bound-20260916T061948Z	OV:OVCAR-5	magnitude_g1.00	EX_sbt__D_e	0.0	0.0	0.0	primary	optimal
bound-20260916T061948Z	OV:OVCAR-5	magnitude_g1.00	EX_ser__L_e	-1.3966841115976982	-1.3966848638095282	-1.396684017196043	primary	optimal
bound-20260916T061948Z	OV:OVCAR-5	magnitude_g1.00	EX_spmd_e	0.0	0.0	1.0183108814018695e-09	primary	optimal
bound-20260916T061948Z	OV:OVCAR-5	magnitude_g1.00	EX_sprm_e	0.0	0.0	5.244724559492056e-10	primary	optimal
bound-20260916T061948Z	OV:OVCAR-5	magnitude_g1.00	EX_srtn_e	0.0	0.0	1.407895635546198e-08	primary	optimal
bound-20260916T061948Z	OV:OVCAR-5	magnitude_g1.00	EX_succ_e	2.9417647522819808	2.9417646598665024	2.94176487920669	primary	optimal
bound-20260916T061948Z	OV:OVCAR-5	magnitude_g1.00	EX_sucr_e	0.0	0.0	0.0	primary	optimal
bound-20260916T061948Z	OV:OVCAR-5	magnitude_g1.00	EX_taur_e	0.0	0.0	7.784930289240777e-08	primary	optimal
bound-20260916T061948Z	OV:OVCAR-5	magnitude_g1.00	EX_tchola_e	0.0	0.0	1.38577228388967e-09	primary	optimal
bound-20260916T061948Z	OV:OVCAR-5	magnitude_g1.00	EX_thr__L_e	-0.31212371841000003	-0.31212377912109024	-0.31212371841000003	primary	optimal
bound-20260916T061948Z	OV:OVCAR-5	magnitude_g1.00	EX_thym_e	0.0	0.0	8.746926801153639e-10	primary	optimal
bound-20260916T061948Z	OV:OVCAR-5	magnitude_g1.00	EX_thymd_e	0.0	0.0	6.774453586339136e-10	primary	optimal
bound-20260916T061948Z	OV:OVCAR-5	magnitude_g1.00	EX_trp__L_e	-0.013281902834000001	-0.013281963542696524	-0.013281902834	primary	optimal
bound-20260916T061948Z	OV:OVCAR-5	magnitude_g1.00	EX_tyr__L_e	-0.15938183581899998	-0.1593818965279065	-0.15938176310379332	primary	optimal
bound-20260916T061948Z	OV:OVCAR-5	magnitude_g1.00	EX_ump_e	0.0	0.0	4.508622882790919e-10	primary	optimal
bound-20260916T061948Z	OV:OVCAR-5	magnitude_g1.00	EX_ura_e	0.0	0.0	1.116976471547699e-09	primary	optimal
bound-20260916T061948Z	OV:OVCAR-5	magnitude_g1.00	EX_urate_e	0.0	0.0	5.031968771459774e-10	primary	optimal
bound-20260916T061948Z	OV:OVCAR-5	magnitude_g1.00	EX_uri_e	0.0	0.0	7.80919986530086e-10	primary	optimal
bound-20260916T061948Z	OV:OVCAR-5	magnitude_g1.00	EX_val__L_e	-0.35196848943513287	-0.3519684894336084	-0.351968428723	primary	optimal
bound-20260916T061948Z	OV:OVCAR-5	magnitude_g1.00	EX_xan_e	0.0	0.0	5.004754507954641e-10	primary	optimal
bound-20260916T061948Z	OV:OVCAR-5	magnitude_g1.00	EX_xmp_e	0.0	0.0	4.218521221836522e-10	primary	optimal
bound-20260916T061948Z	OV:OVCAR-5	magnitude_g1.00	EX_xtsn_e	0.0	0.0	4.2414030260971537e-10	primary	optimal
bound-20260916T061948Z	OV:OVCAR-8	magnitude_g1.00	EX_2pg_e	0.0	0.0	5.338178825671819e-09	primary	optimal
bound-20260916T061948Z	OV:OVCAR-8	magnitude_g1.00	EX_34hpp_e	0.0	0.0	6.981999297785472e-08	primary	optimal
bound-20260916T061948Z	OV:OVCAR-8	magnitude_g1.00	EX_3hanthrn_e	0.0	0.0	1.1990179653213797e-08	primary	optimal
bound-20260916T061948Z	OV:OVCAR-8	magnitude_g1.00	EX_3pg_e	0.0	0.0	5.550540733972849e-09	primary	optimal
bound-20260916T061948Z	OV:OVCAR-8	magnitude_g1.00	EX_4abut_e	0.0	0.0	2.933758199455533e-08	primary	optimal
bound-20260916T061948Z	OV:OVCAR-8	magnitude_g1.00	EX_4hbz_e	0.0	0.0	7.963544774122318e-09	primary	optimal
bound-20260916T061948Z	OV:OVCAR-8	magnitude_g1.00	EX_L2aadp_e	0.0	0.0	1.3693674773392917e-08	primary	optimal
bound-20260916T061948Z	OV:OVCAR-8	magnitude_g1.00	EX_Lkynr_e	0.0	0.0	2.274519702279567e-08	primary	optimal
bound-20260916T061948Z	OV:OVCAR-8	magnitude_g1.00	EX_acac_e	0.0	0.0	3.62616527325797e-08	primary	optimal
bound-20260916T061948Z	OV:OVCAR-8	magnitude_g1.00	EX_ade_e	0.0	0.0	7.594970597562098e-10	primary	optimal
bound-20260916T061948Z	OV:OVCAR-8	magnitude_g1.00	EX_adn_e	0.0	0.0	6.547579703066127e-10	primary	optimal
bound-20260916T061948Z	OV:OVCAR-8	magnitude_g1.00	EX_ahcys_e	0.0	0.0	6.495560158469038e-10	primary	optimal
bound-20260916T061948Z	OV:OVCAR-8	magnitude_g1.00	EX_akg_e	0.0	0.0	1.3964352668498925e-07	primary	optimal
bound-20260916T061948Z	OV:OVCAR-8	magnitude_g1.00	EX_ala__L_e	0.0232433299595	0.023243190316811026	0.4823504763411182	primary	optimal
bound-20260916T061948Z	OV:OVCAR-8	magnitude_g1.00	EX_amp_e	0.0	0.0	6.578299475092902e-10	primary	optimal
bound-20260916T061948Z	OV:OVCAR-8	magnitude_g1.00	EX_anth_e	0.0	0.0	1.4668884615495275e-08	primary	optimal
bound-20260916T061948Z	OV:OVCAR-8	magnitude_g1.00	EX_arg__L_e	-0.35860938014000004	-0.35860947282937944	-0.3586093768100927	primary	optimal
bound-20260916T061948Z	OV:OVCAR-8	magnitude_g1.00	EX_asn__L_e	-3.144610895802491	-3.144611122561613	-3.1446104363826817	primary	optimal
bound-20260916T061948Z	OV:OVCAR-8	magnitude_g1.00	EX_asp__L_e	-0.5848059248497344	-0.58480622134931	-0.5848057856682041	primary	optimal
bound-20260916T061948Z	OV:OVCAR-8	magnitude_g1.00	EX_bilirub_e	0.0	0.0	1.1895809967328734e-09	primary	optimal
bound-20260916T061948Z	OV:OVCAR-8	magnitude_g1.00	EX_cala_e	0.0	0.0	1.8755537128390613e-09	primary	optimal
bound-20260916T061948Z	OV:OVCAR-8	magnitude_g1.00	EX_chol_e	-0.17163760036099995	-0.17163769305142682	-0.1716375990354346	primary	optimal
bound-20260916T061948Z	OV:OVCAR-8	magnitude_g1.00	EX_cholp_e	0.0	0.0	4.572544850825244e-09	primary	optimal
bound-20260916T061948Z	OV:OVCAR-8	magnitude_g1.00	EX_cit_e	0.0	0.0	1.3964062873737611e-07	primary	optimal
bound-20260916T061948Z	OV:OVCAR-8	magnitude_g1.00	EX_citr__L_e	0.0	0.0	2.8576991351028366e-08	primary	optimal
bound-20260916T061948Z	OV:OVCAR-8	magnitude_g1.00	EX_cmp_e	0.0	0.0	0.0	primary	optimal
bound-20260916T061948Z	OV:OVCAR-8	magnitude_g1.00	EX_crn_e	0.0	-5.303335962490835e-08	-2.7168988981854686e-16	primary	optimal
bound-20260916T061948Z	OV:OVCAR-8	magnitude_g1.00	EX_cyst__L_e	0.0	0.0	3.7532984135768e-09	primary	optimal
bound-20260916T061948Z	OV:OVCAR-8	magnitude_g1.00	EX_cytd_e	0.0	0.0	1.351067552067276e-09	primary	optimal
bound-20260916T061948Z	OV:OVCAR-8	magnitude_g1.00	EX_dad_2_e	0.0	0.0	6.499654054767136e-10	primary	optimal
bound-20260916T061948Z	OV:OVCAR-8	magnitude_g1.00	EX_dcmp_e	0.0	0.0	1.097254679008394e-09	primary	optimal
bound-20260916T061948Z	OV:OVCAR-8	magnitude_g1.00	EX_dcyt_e	0.0	0.0	1.2667978502463387e-09	primary	optimal
bound-20260916T061948Z	OV:OVCAR-8	magnitude_g1.00	EX_dhap_e	0.0	0.0	4.591748992355881e-09	primary	optimal
bound-20260916T061948Z	OV:OVCAR-8	magnitude_g1.00	EX_dmgly_e	0.0	0.0	1.3731977694828789e-08	primary	optimal
bound-20260916T061948Z	OV:OVCAR-8	magnitude_g1.00	EX_duri_e	0.0	0.0	1.3477617812586529e-09	primary	optimal
bound-20260916T061948Z	OV:OVCAR-8	magnitude_g1.00	EX_ethamp_e	0.0	0.0	4.132381234722173e-09	primary	optimal
bound-20260916T061948Z	OV:OVCAR-8	magnitude_g1.00	EX_fol_e	0.0	-1.0024869071209753e-07	-1.4750424930157026e-15	primary	optimal
bound-20260916T061948Z	OV:OVCAR-8	magnitude_g1.00	EX_fum_e	0.6521961177228113	0.652195117715005	0.6521969990171059	primary	optimal
bound-20260916T061948Z	OV:OVCAR-8	magnitude_g1.00	EX_g3pc_e	0.0	0.0	3.9950333678614535e-09	primary	optimal
bound-20260916T061948Z	OV:OVCAR-8	magnitude_g1.00	EX_glc__D_e	-3.6431466760216806	-3.6431474105690027	-3.540469413899706	primary	optimal
bound-20260916T061948Z	OV:OVCAR-8	magnitude_g1.00	EX_glcur_e	0.0	0.0	3.843540601941215e-08	primary	optimal
bound-20260916T061948Z	OV:OVCAR-8	magnitude_g1.00	EX_gln__L_e	-5.904989216292606	-5.904989512792335	-5.90498892623864	primary	optimal
bound-20260916T061948Z	OV:OVCAR-8	magnitude_g1.00	EX_glu__L_e	-3.8919029994564616	-3.891903908983543	-3.891902695663402	primary	optimal
bound-20260916T061948Z	OV:OVCAR-8	magnitude_g1.00	EX_gly_e	0.0	-2.0884503582346755e-07	1.6665897450996656e-07	primary	optimal
bound-20260916T061948Z	OV:OVCAR-8	magnitude_g1.00	EX_glyald_e	0.0	0.0	4.131408373740656e-08	primary	optimal
bound-20260916T061948Z	OV:OVCAR-8	magnitude_g1.00	EX_glyb_e	0.0	0.0	2.4789215460450135e-08	primary	optimal
bound-20260916T061948Z	OV:OVCAR-8	magnitude_g1.00	EX_glyc3p_e	0.0	0.0	4.591622500608069e-09	primary	optimal
bound-20260916T061948Z	OV:OVCAR-8	magnitude_g1.00	EX_gmp_e	0.0	0.0	7.641764622266828e-10	primary	optimal
bound-20260916T061948Z	OV:OVCAR-8	magnitude_g1.00	EX_gthox_e	0.0	0.0	3.5760446755058974e-08	primary	optimal
bound-20260916T061948Z	OV:OVCAR-8	magnitude_g1.00	EX_hcys__L_e	0.0	0.0	3.870347334750614e-09	primary	optimal
bound-20260916T061948Z	OV:OVCAR-8	magnitude_g1.00	EX_hom__L_e	0.0	0.0	0.0	primary	optimal
bound-20260916T061948Z	OV:OVCAR-8	magnitude_g1.00	EX_hxan_e	0.0	0.0	9.033830040732722e-10	primary	optimal
bound-20260916T061948Z	OV:OVCAR-8	magnitude_g1.00	EX_icit_e	4.861970668460235	4.861970104911616	4.8619709486065865	primary	optimal
bound-20260916T061948Z	OV:OVCAR-8	magnitude_g1.00	EX_ile__L_e	-0.28555991274200004	-0.2855600054346276	-0.2855599127419997	primary	optimal
bound-20260916T061948Z	OV:OVCAR-8	magnitude_g1.00	EX_imp_e	0.0	0.0	7.584521225304888e-10	primary	optimal
bound-20260916T061948Z	OV:OVCAR-8	magnitude_g1.00	EX_ins_e	0.0	0.0	7.548549230490497e-10	primary	optimal
bound-20260916T061948Z	OV:OVCAR-8	magnitude_g1.00	EX_lac__L_e	0.0	-9.063296806649499e-08	0.30802935191807257	primary	optimal
bound-20260916T061948Z	OV:OVCAR-8	magnitude_g1.00	EX_lcts_e	0.0	0.0	3.3411582023730653e-09	primary	optimal
bound-20260916T061948Z	OV:OVCAR-8	magnitude_g1.00	EX_leu__L_e	-0.5445560198160003	-0.5445561125064539	-0.5445560198160222	primary	optimal
bound-20260916T061948Z	OV:OVCAR-8	magnitude_g1.00	EX_lys__L_e	-0.5910416815460001	-0.5910417929671868	-0.5910416815460001	primary	optimal
bound-20260916T061948Z	OV:OVCAR-8	magnitude_g1.00	EX_mal__L_e	1.3341900758820875e-07	0.0	1.1027154228837968e-06	primary	optimal
bound-20260916T061948Z	OV:OVCAR-8	magnitude_g1.00	EX_met__L_e	-0.15274088440199998	-0.15274130582418657	-0.15274088440199998	primary	optimal
bound-20260916T061948Z	OV:OVCAR-8	magnitude_g1.00	EX_nac_e	4.18100731076573e-15	0.0	2.3722555376181262e-08	primary	optimal
bound-20260916T061948Z	OV:OVCAR-8	magnitude_g1.00	EX_ncam_e	0.0	-9.269040730214578e-08	-7.530093173987186e-17	primary	optimal
bound-20260916T061948Z	OV:OVCAR-8	magnitude_g1.00	EX_nicrnt_e	0.0	0.0	2.105269313766539e-09	primary	optimal
bound-20260916T061948Z	OV:OVCAR-8	magnitude_g1.00	EX_orn_e	0.0	0.0	4.8980020771083366e-08	primary	optimal
bound-20260916T061948Z	OV:OVCAR-8	magnitude_g1.00	EX_orot5p_e	0.0	0.0	1.1305657791913968e-09	primary	optimal
bound-20260916T061948Z	OV:OVCAR-8	magnitude_g1.00	EX_orot_e	0.0	0.0	2.324569010117207e-09	primary	optimal
bound-20260916T061948Z	OV:OVCAR-8	magnitude_g1.00	EX_oxa_e	0.0	0.0	1.1789651097769509e-08	primary	optimal
bound-20260916T061948Z	OV:OVCAR-8	magnitude_g1.00	EX_pep_e	0.0	0.0	5.433820111016619e-09	primary	optimal
bound-20260916T061948Z	OV:OVCAR-8	magnitude_g1.00	EX_phe__L_e	-0.258996107074	-0.258996231019659	-0.258996107074	primary	optimal
bound-20260916T061948Z	OV:OVCAR-8	magnitude_g1.00	EX_pnto__R_e	0.0	-9.269036849514374e-08	1.3964092742908238e-07	primary	optimal
bound-20260916T061948Z	OV:OVCAR-8	magnitude_g1.00	EX_pro__L_e	-0.411736991476	-0.41173710290088433	-0.4117369618359301	primary	optimal
bound-20260916T061948Z	OV:OVCAR-8	magnitude_g1.00	EX_quln_e	0.0	0.0	9.452391716414144e-09	primary	optimal
bound-20260916T061948Z	OV:OVCAR-8	magnitude_g1.00	EX_sbt__D_e	0.0	0.0	0.0	primary	optimal
bound-20260916T061948Z	OV:OVCAR-8	magnitude_g1.00	EX_ser__L_e	-1.6505296691480718	-1.8558846262318698	-1.6505281201664728	primary	optimal
bound-20260916T061948Z	OV:OVCAR-8	magnitude_g1.00	EX_spmd_e	0.0	0.0	1.7969517095151215e-09	primary	optimal
bound-20260916T061948Z	OV:OVCAR-8	magnitude_g1.00	EX_sprm_e	0.0	0.0	9.263023160746186e-10	primary	optimal
bound-20260916T061948Z	OV:OVCAR-8	magnitude_g1.00	EX_srtn_e	0.0	0.0	2.3722511186268567e-08	primary	optimal
bound-20260916T061948Z	OV:OVCAR-8	magnitude_g1.00	EX_succ_e	2.8335853232861443	2.833585196625469	2.833585724632573	primary	optimal
bound-20260916T061948Z	OV:OVCAR-8	magnitude_g1.00	EX_sucr_e	0.0	0.0	0.0	primary	optimal
bound-20260916T061948Z	OV:OVCAR-8	magnitude_g1.00	EX_taur_e	0.0	0.0	1.3964402696418884e-07	primary	optimal
bound-20260916T061948Z	OV:OVCAR-8	magnitude_g1.00	EX_tchola_e	0.0	0.0	2.3790107141195097e-09	primary	optimal
bound-20260916T061948Z	OV:OVCAR-8	magnitude_g1.00	EX_thr__L_e	-0.31212371841000003	-0.3121238111000949	-0.31212371841000003	primary	optimal
bound-20260916T061948Z	OV:OVCAR-8	magnitude_g1.00	EX_thym_e	0.0	0.0	1.557313092555176e-09	primary	optimal
bound-20260916T061948Z	OV:OVCAR-8	magnitude_g1.00	EX_thymd_e	0.0	0.0	1.1838615357483226e-09	primary	optimal
bound-20260916T061948Z	OV:OVCAR-8	magnitude_g1.00	EX_trp__L_e	-0.013281902834000001	-0.013281995522383887	-0.013281902834	primary	optimal
bound-20260916T061948Z	OV:OVCAR-8	magnitude_g1.00	EX_tyr__L_e	-0.15938183581899998	-0.15938192850989555	-0.15938171187316283	primary	optimal
bound-20260916T061948Z	OV:OVCAR-8	magnitude_g1.00	EX_ump_e	0.0	0.0	7.700546404013859e-10	primary	optimal
bound-20260916T061948Z	OV:OVCAR-8	magnitude_g1.00	EX_ura_e	0.0	0.0	1.9856592999175302e-09	primary	optimal
bound-20260916T061948Z	OV:OVCAR-8	magnitude_g1.00	EX_urate_e	0.0	0.0	8.810348822798321e-10	primary	optimal
bound-20260916T061948Z	OV:OVCAR-8	magnitude_g1.00	EX_uri_e	0.0	0.0	1.3861851739667384e-09	primary	optimal
bound-20260916T061948Z	OV:OVCAR-8	magnitude_g1.00	EX_val__L_e	-0.351968510199708	-0.3519685214129454	-0.35196842872299994	primary	optimal
bound-20260916T061948Z	OV:OVCAR-8	magnitude_g1.00	EX_xan_e	0.0	0.0	8.920714481306409e-10	primary	optimal
bound-20260916T061948Z	OV:OVCAR-8	magnitude_g1.00	EX_xmp_e	0.0	0.0	7.50468996377147e-10	primary	optimal
bound-20260916T061948Z	OV:OVCAR-8	magnitude_g1.00	EX_xtsn_e	0.0	0.0	7.469511861812481e-10	primary	optimal
bound-20260916T061948Z	OV:SK-OV-3	magnitude_g1.00	EX_2pg_e	0.0	0.0	3.7094201242282496e-10	primary	optimal
bound-20260916T061948Z	OV:SK-OV-3	magnitude_g1.00	EX_34hpp_e	0.0	0.0	4.7578686475417894e-09	primary	optimal
bound-20260916T061948Z	OV:SK-OV-3	magnitude_g1.00	EX_3hanthrn_e	0.0	0.0	9.410232886398215e-10	primary	optimal
bound-20260916T061948Z	OV:SK-OV-3	magnitude_g1.00	EX_3pg_e	0.0	0.0	1.1848835408754764e-09	primary	optimal
bound-20260916T061948Z	OV:SK-OV-3	magnitude_g1.00	EX_4abut_e	0.0	0.0	2.3463848902038454e-09	primary	optimal
bound-20260916T061948Z	OV:SK-OV-3	magnitude_g1.00	EX_4hbz_e	0.0	0.0	6.612378389412279e-10	primary	optimal
bound-20260916T061948Z	OV:SK-OV-3	magnitude_g1.00	EX_L2aadp_e	0.0	0.0	9.076769905219361e-10	primary	optimal
bound-20260916T061948Z	OV:SK-OV-3	magnitude_g1.00	EX_Lkynr_e	0.0	0.0	1.8726291989436367e-09	primary	optimal
bound-20260916T061948Z	OV:SK-OV-3	magnitude_g1.00	EX_acac_e	0.0	0.0	3.3667764591345443e-09	primary	optimal
bound-20260916T061948Z	OV:SK-OV-3	magnitude_g1.00	EX_ade_e	0.0	0.0	5.282903343054534e-11	primary	optimal
bound-20260916T061948Z	OV:SK-OV-3	magnitude_g1.00	EX_adn_e	0.0	0.0	4.5792986996985854e-11	primary	optimal
bound-20260916T061948Z	OV:SK-OV-3	magnitude_g1.00	EX_ahcys_e	0.0	0.0	3.9746113854061815e-11	primary	optimal
bound-20260916T061948Z	OV:SK-OV-3	magnitude_g1.00	EX_akg_e	0.0	0.0	8.893142985615644e-08	primary	optimal
bound-20260916T061948Z	OV:SK-OV-3	magnitude_g1.00	EX_ala__L_e	0.0232433299595	0.023243320322169577	0.023244071130804206	primary	optimal
bound-20260916T061948Z	OV:SK-OV-3	magnitude_g1.00	EX_amp_e	0.0	0.0	4.6023606240322865e-11	primary	optimal
bound-20260916T061948Z	OV:SK-OV-3	magnitude_g1.00	EX_anth_e	0.0	0.0	1.1749109496867568e-09	primary	optimal
bound-20260916T061948Z	OV:SK-OV-3	magnitude_g1.00	EX_arg__L_e	-0.35860938014000004	-0.35860938933969905	-0.3586093799119796	primary	optimal
bound-20260916T061948Z	OV:SK-OV-3	magnitude_g1.00	EX_asn__L_e	-2.983875755311217	-2.9838757819779387	-2.983875681276231	primary	optimal
bound-20260916T061948Z	OV:SK-OV-3	magnitude_g1.00	EX_asp__L_e	-0.5311873634157299	-0.5311873726177944	-0.5311873560883054	primary	optimal
bound-20260916T061948Z	OV:SK-OV-3	magnitude_g1.00	EX_bilirub_e	0.0	0.0	9.517370993214541e-11	primary	optimal
bound-20260916T061948Z	OV:SK-OV-3	magnitude_g1.00	EX_cala_e	0.0	0.0	1.3951329523417704e-10	primary	optimal
bound-20260916T061948Z	OV:SK-OV-3	magnitude_g1.00	EX_chol_e	-0.17163760036100006	-0.17163760955660842	-0.17163760026706212	primary	optimal
bound-20260916T061948Z	OV:SK-OV-3	magnitude_g1.00	EX_cholp_e	0.0	0.0	3.206531974045947e-10	primary	optimal
bound-20260916T061948Z	OV:SK-OV-3	magnitude_g1.00	EX_cit_e	0.0	0.0	9.514337471212565e-09	primary	optimal
bound-20260916T061948Z	OV:SK-OV-3	magnitude_g1.00	EX_citr__L_e	0.0	0.0	2.3388233702114066e-09	primary	optimal
bound-20260916T061948Z	OV:SK-OV-3	magnitude_g1.00	EX_cmp_e	0.0	0.0	9.830375153073371e-11	primary	optimal
bound-20260916T061948Z	OV:SK-OV-3	magnitude_g1.00	EX_crn_e	2.3997724446387417e-18	-4.706613439681971e-09	5.585068480778867e-16	primary	optimal
bound-20260916T061948Z	OV:SK-OV-3	magnitude_g1.00	EX_cyst__L_e	0.0	0.0	2.659122355991277e-10	primary	optimal
bound-20260916T061948Z	OV:SK-OV-3	magnitude_g1.00	EX_cytd_e	0.0	0.0	9.830282317196377e-11	primary	optimal
bound-20260916T061948Z	OV:SK-OV-3	magnitude_g1.00	EX_dad_2_e	0.0	0.0	4.494206686599678e-11	primary	optimal
bound-20260916T061948Z	OV:SK-OV-3	magnitude_g1.00	EX_dcmp_e	0.0	0.0	7.64708226744339e-11	primary	optimal
bound-20260916T061948Z	OV:SK-OV-3	magnitude_g1.00	EX_dcyt_e	0.0	0.0	8.994759778017545e-11	primary	optimal
bound-20260916T061948Z	OV:SK-OV-3	magnitude_g1.00	EX_dhap_e	0.0	0.0	3.207570788161291e-10	primary	optimal
bound-20260916T061948Z	OV:SK-OV-3	magnitude_g1.00	EX_dmgly_e	0.0	0.0	9.820536059660814e-10	primary	optimal
bound-20260916T061948Z	OV:SK-OV-3	magnitude_g1.00	EX_duri_e	0.0	0.0	9.629005140102775e-11	primary	optimal
bound-20260916T061948Z	OV:SK-OV-3	magnitude_g1.00	EX_ethamp_e	0.0	0.0	2.9098714038100696e-10	primary	optimal
bound-20260916T061948Z	OV:SK-OV-3	magnitude_g1.00	EX_fol_e	9.21798141510981e-17	-8.892754374065774e-08	-1.2859083433135228e-16	primary	optimal
bound-20260916T061948Z	OV:SK-OV-3	magnitude_g1.00	EX_fum_e	1.5464540631585098	1.546453434486398	1.54645408935759	primary	optimal
bound-20260916T061948Z	OV:SK-OV-3	magnitude_g1.00	EX_g3pc_e	0.0	0.0	2.909293507167627e-10	primary	optimal
bound-20260916T061948Z	OV:SK-OV-3	magnitude_g1.00	EX_glc__D_e	-3.65449679637225	-3.6544968147667833	-3.654496425456403	primary	optimal
bound-20260916T061948Z	OV:SK-OV-3	magnitude_g1.00	EX_glcur_e	0.0	0.0	3.139364197970633e-09	primary	optimal
bound-20260916T061948Z	OV:SK-OV-3	magnitude_g1.00	EX_gln__L_e	-6.689846819217519	-6.689846828417184	-6.68984644803903	primary	optimal
bound-20260916T061948Z	OV:SK-OV-3	magnitude_g1.00	EX_glu__L_e	-2.9248793718252357	-2.924880062578984	-2.9248793214128543	primary	optimal
bound-20260916T061948Z	OV:SK-OV-3	magnitude_g1.00	EX_gly_e	0.0	-3.383620679901376e-08	1.2639663181730291e-08	primary	optimal
bound-20260916T061948Z	OV:SK-OV-3	magnitude_g1.00	EX_glyald_e	0.0	0.0	3.144851085101353e-09	primary	optimal
bound-20260916T061948Z	OV:SK-OV-3	magnitude_g1.00	EX_glyb_e	0.0	0.0	1.891375231681428e-09	primary	optimal
bound-20260916T061948Z	OV:SK-OV-3	magnitude_g1.00	EX_glyc3p_e	0.0	0.0	3.206785613039837e-10	primary	optimal
bound-20260916T061948Z	OV:SK-OV-3	magnitude_g1.00	EX_gmp_e	0.0	0.0	5.5166213001043514e-11	primary	optimal
bound-20260916T061948Z	OV:SK-OV-3	magnitude_g1.00	EX_gthox_e	0.0	0.0	2.6856483673302453e-09	primary	optimal
bound-20260916T061948Z	OV:SK-OV-3	magnitude_g1.00	EX_hcys__L_e	0.0	0.0	2.825135302572503e-10	primary	optimal
bound-20260916T061948Z	OV:SK-OV-3	magnitude_g1.00	EX_hom__L_e	0.0	0.0	0.0	primary	optimal
bound-20260916T061948Z	OV:SK-OV-3	magnitude_g1.00	EX_hxan_e	0.0	0.0	6.823727513176783e-11	primary	optimal
bound-20260916T061948Z	OV:SK-OV-3	magnitude_g1.00	EX_icit_e	4.669017443871231	4.669016706108607	4.669017466522755	primary	optimal
bound-20260916T061948Z	OV:SK-OV-3	magnitude_g1.00	EX_ile__L_e	-0.2855599127419997	-0.2855599219409485	-0.28555991274199977	primary	optimal
bound-20260916T061948Z	OV:SK-OV-3	magnitude_g1.00	EX_imp_e	0.0	0.0	5.2541497072084976e-11	primary	optimal
bound-20260916T061948Z	OV:SK-OV-3	magnitude_g1.00	EX_ins_e	0.0	0.0	5.254750287184253e-11	primary	optimal
bound-20260916T061948Z	OV:SK-OV-3	magnitude_g1.00	EX_lac__L_e	0.0	-3.460812111126551e-09	1.1115391093050426e-06	primary	optimal
bound-20260916T061948Z	OV:SK-OV-3	magnitude_g1.00	EX_lcts_e	0.0	0.0	3.262467913993608e-10	primary	optimal
bound-20260916T061948Z	OV:SK-OV-3	magnitude_g1.00	EX_leu__L_e	-0.544556019816	-0.544556029013149	-0.544556019816	primary	optimal
bound-20260916T061948Z	OV:SK-OV-3	magnitude_g1.00	EX_lys__L_e	-0.591041681546	-0.5910416909527584	-0.591041681546	primary	optimal
bound-20260916T061948Z	OV:SK-OV-3	magnitude_g1.00	EX_mal__L_e	0.0	0.0	5.559363562929191e-07	primary	optimal
bound-20260916T061948Z	OV:SK-OV-3	magnitude_g1.00	EX_met__L_e	-0.15274088440199998	-0.15274089779529013	-0.15274088440199998	primary	optimal
bound-20260916T061948Z	OV:SK-OV-3	magnitude_g1.00	EX_nac_e	4.633590576364081e-16	0.0	1.8775624772320553e-09	primary	optimal
bound-20260916T061948Z	OV:SK-OV-3	magnitude_g1.00	EX_ncam_e	0.0	-9.19791418761169e-09	0.0	primary	optimal
bound-20260916T061948Z	OV:SK-OV-3	magnitude_g1.00	EX_nicrnt_e	0.0	0.0	1.478258926631192e-10	primary	optimal
bound-20260916T061948Z	OV:SK-OV-3	magnitude_g1.00	EX_orn_e	0.0	0.0	5.210859256426139e-09	primary	optimal
bound-20260916T061948Z	OV:SK-OV-3	magnitude_g1.00	EX_orot5p_e	0.0	0.0	7.965452495088508e-11	primary	optimal
bound-20260916T061948Z	OV:SK-OV-3	magnitude_g1.00	EX_orot_e	0.0	0.0	1.6085236592306634e-10	primary	optimal
bound-20260916T061948Z	OV:SK-OV-3	magnitude_g1.00	EX_oxa_e	0.0	0.0	8.974772765268586e-10	primary	optimal
bound-20260916T061948Z	OV:SK-OV-3	magnitude_g1.00	EX_pep_e	0.0	0.0	4.08283876652046e-10	primary	optimal
bound-20260916T061948Z	OV:SK-OV-3	magnitude_g1.00	EX_phe__L_e	-0.258996107074	-0.25899611650697013	-0.258996107074	primary	optimal
bound-20260916T061948Z	OV:SK-OV-3	magnitude_g1.00	EX_pnto__R_e	0.0	-9.198678114845454e-09	9.514160660812848e-09	primary	optimal
bound-20260916T061948Z	OV:SK-OV-3	magnitude_g1.00	EX_pro__L_e	-0.411736991476	-0.4117370008816895	-0.41173698947200404	primary	optimal
bound-20260916T061948Z	OV:SK-OV-3	magnitude_g1.00	EX_quln_e	0.0	0.0	7.792691948405307e-10	primary	optimal
bound-20260916T061948Z	OV:SK-OV-3	magnitude_g1.00	EX_sbt__D_e	0.0	0.0	0.0	primary	optimal
bound-20260916T061948Z	OV:SK-OV-3	magnitude_g1.00	EX_ser__L_e	-1.3565633732880475	-1.3565641138972186	-1.356563357528193	primary	optimal
bound-20260916T061948Z	OV:SK-OV-3	magnitude_g1.00	EX_spmd_e	0.0	0.0	1.2578745701105986e-10	primary	optimal
bound-20260916T061948Z	OV:SK-OV-3	magnitude_g1.00	EX_sprm_e	0.0	0.0	6.471073300522662e-11	primary	optimal
bound-20260916T061948Z	OV:SK-OV-3	magnitude_g1.00	EX_srtn_e	0.0	0.0	1.878411596210784e-09	primary	optimal
bound-20260916T061948Z	OV:SK-OV-3	magnitude_g1.00	EX_succ_e	3.200709579320831	3.2007095727423267	3.200709579320831	primary	optimal
bound-20260916T061948Z	OV:SK-OV-3	magnitude_g1.00	EX_sucr_e	0.0	0.0	0.0	primary	optimal
bound-20260916T061948Z	OV:SK-OV-3	magnitude_g1.00	EX_taur_e	0.0	0.0	9.515685383668493e-09	primary	optimal
bound-20260916T061948Z	OV:SK-OV-3	magnitude_g1.00	EX_tchola_e	0.0	0.0	3.1136035648972724e-10	primary	optimal
bound-20260916T061948Z	OV:SK-OV-3	magnitude_g1.00	EX_thr__L_e	-0.31212371841000003	-0.3121237276097239	-0.31212371841000003	primary	optimal
bound-20260916T061948Z	OV:SK-OV-3	magnitude_g1.00	EX_thym_e	0.0	0.0	1.0661353798566863e-10	primary	optimal
bound-20260916T061948Z	OV:SK-OV-3	magnitude_g1.00	EX_thymd_e	0.0	0.0	8.3551268732835e-11	primary	optimal
bound-20260916T061948Z	OV:SK-OV-3	magnitude_g1.00	EX_trp__L_e	-0.013281902834000001	-0.013281912032526162	-0.013281902834000001	primary	optimal
bound-20260916T061948Z	OV:SK-OV-3	magnitude_g1.00	EX_tyr__L_e	-0.15938183581899998	-0.15938184501619018	-0.15938182638554396	primary	optimal
bound-20260916T061948Z	OV:SK-OV-3	magnitude_g1.00	EX_ump_e	0.0	0.0	5.5347689296485783e-11	primary	optimal
bound-20260916T061948Z	OV:SK-OV-3	magnitude_g1.00	EX_ura_e	0.0	0.0	1.3753563757395088e-10	primary	optimal
bound-20260916T061948Z	OV:SK-OV-3	magnitude_g1.00	EX_urate_e	0.0	0.0	6.143772929454577e-11	primary	optimal
bound-20260916T061948Z	OV:SK-OV-3	magnitude_g1.00	EX_uri_e	0.0	0.0	9.671520558510685e-11	primary	optimal
bound-20260916T061948Z	OV:SK-OV-3	magnitude_g1.00	EX_val__L_e	-0.35196843792124	-0.35196843792312404	-0.35196842872299994	primary	optimal
bound-20260916T061948Z	OV:SK-OV-3	magnitude_g1.00	EX_xan_e	0.0	0.0	6.161508962066921e-11	primary	optimal
bound-20260916T061948Z	OV:SK-OV-3	magnitude_g1.00	EX_xmp_e	0.0	0.0	5.195940842229909e-11	primary	optimal
bound-20260916T061948Z	OV:SK-OV-3	magnitude_g1.00	EX_xtsn_e	0.0	0.0	5.2250957124550967e-11	primary	optimal
bound-20260916T061948Z	PR:DU-145	magnitude_g1.00	EX_2pg_e	0.0	0.0	1.5785498971733587e-09	primary	optimal
bound-20260916T061948Z	PR:DU-145	magnitude_g1.00	EX_34hpp_e	0.0	0.0	2.3251898222382322e-08	primary	optimal
bound-20260916T061948Z	PR:DU-145	magnitude_g1.00	EX_3hanthrn_e	0.0	0.0	4.409880240592961e-09	primary	optimal
bound-20260916T061948Z	PR:DU-145	magnitude_g1.00	EX_3pg_e	0.0	0.0	1.6339874176504066e-09	primary	optimal
bound-20260916T061948Z	PR:DU-145	magnitude_g1.00	EX_4abut_e	0.0	0.0	1.1083270931343537e-08	primary	optimal
bound-20260916T061948Z	PR:DU-145	magnitude_g1.00	EX_4hbz_e	0.0	0.0	2.814305064826318e-09	primary	optimal
bound-20260916T061948Z	PR:DU-145	magnitude_g1.00	EX_L2aadp_e	0.0	0.0	4.057278292260529e-09	primary	optimal
bound-20260916T061948Z	PR:DU-145	magnitude_g1.00	EX_Lkynr_e	0.0	0.0	8.625311728878772e-09	primary	optimal
bound-20260916T061948Z	PR:DU-145	magnitude_g1.00	EX_acac_e	0.0	0.0	2.77634941950599e-08	primary	optimal
bound-20260916T061948Z	PR:DU-145	magnitude_g1.00	EX_ade_e	0.0	0.0	2.2713608802951814e-10	primary	optimal
bound-20260916T061948Z	PR:DU-145	magnitude_g1.00	EX_adn_e	0.0	0.0	1.9685454828078704e-10	primary	optimal
bound-20260916T061948Z	PR:DU-145	magnitude_g1.00	EX_ahcys_e	0.0	0.0	1.9604397251803904e-10	primary	optimal
bound-20260916T061948Z	PR:DU-145	magnitude_g1.00	EX_akg_e	0.0	0.0	5.42868638494733e-08	primary	optimal
bound-20260916T061948Z	PR:DU-145	magnitude_g1.00	EX_ala__L_e	0.0232433299595	0.023243281417253906	0.02324443788025555	primary	optimal
bound-20260916T061948Z	PR:DU-145	magnitude_g1.00	EX_amp_e	0.0	0.0	1.9769927092078657e-10	primary	optimal
bound-20260916T061948Z	PR:DU-145	magnitude_g1.00	EX_anth_e	0.0	0.0	5.477612101958804e-09	primary	optimal
bound-20260916T061948Z	PR:DU-145	magnitude_g1.00	EX_arg__L_e	-0.35860938014000004	-0.35860941995957507	-0.3586093790722127	primary	optimal
bound-20260916T061948Z	PR:DU-145	magnitude_g1.00	EX_asn__L_e	-3.208798740038408	-3.208799582203019	-3.208798604166304	primary	optimal
bound-20260916T061948Z	PR:DU-145	magnitude_g1.00	EX_asp__L_e	-0.5127070559950851	-0.5127070958166443	-0.5127070282064712	primary	optimal
bound-20260916T061948Z	PR:DU-145	magnitude_g1.00	EX_bilirub_e	2.0574805905264023e-17	0.0	4.2515921200677605e-10	primary	optimal
bound-20260916T061948Z	PR:DU-145	magnitude_g1.00	EX_cala_e	0.0	0.0	6.181358565358604e-10	primary	optimal
bound-20260916T061948Z	PR:DU-145	magnitude_g1.00	EX_chol_e	-0.1716376003610001	-0.17163764018034103	-0.17163759995634043	primary	optimal
bound-20260916T061948Z	PR:DU-145	magnitude_g1.00	EX_cholp_e	0.0	0.0	1.38288647018615e-09	primary	optimal
bound-20260916T061948Z	PR:DU-145	magnitude_g1.00	EX_cit_e	0.0	0.0	4.6505978198749325e-08	primary	optimal
bound-20260916T061948Z	PR:DU-145	magnitude_g1.00	EX_citr__L_e	0.0	0.0	1.0937861986646248e-08	primary	optimal
bound-20260916T061948Z	PR:DU-145	magnitude_g1.00	EX_cmp_e	0.0	0.0	4.204210335323189e-10	primary	optimal
bound-20260916T061948Z	PR:DU-145	magnitude_g1.00	EX_crn_e	1.7271246581901948e-16	-2.2254748890540006e-08	-1.734028195363539e-14	primary	optimal
bound-20260916T061948Z	PR:DU-145	magnitude_g1.00	EX_cyst__L_e	0.0	0.0	1.1817011298574168e-09	primary	optimal
bound-20260916T061948Z	PR:DU-145	magnitude_g1.00	EX_cytd_e	0.0	0.0	4.242687753267666e-10	primary	optimal
bound-20260916T061948Z	PR:DU-145	magnitude_g1.00	EX_dad_2_e	0.0	0.0	1.9436764063632785e-10	primary	optimal
bound-20260916T061948Z	PR:DU-145	magnitude_g1.00	EX_dcmp_e	0.0	0.0	3.2957601551959195e-10	primary	optimal
bound-20260916T061948Z	PR:DU-145	magnitude_g1.00	EX_dcyt_e	0.0	0.0	3.8548828470658176e-10	primary	optimal
bound-20260916T061948Z	PR:DU-145	magnitude_g1.00	EX_dhap_e	0.0	0.0	1.3846017546358362e-09	primary	optimal
bound-20260916T061948Z	PR:DU-145	magnitude_g1.00	EX_dmgly_e	0.0	0.0	4.733058709719711e-09	primary	optimal
bound-20260916T061948Z	PR:DU-145	magnitude_g1.00	EX_duri_e	0.0	0.0	4.1646407346017654e-10	primary	optimal
bound-20260916T061948Z	PR:DU-145	magnitude_g1.00	EX_ethamp_e	0.0	0.0	1.2686454024612339e-09	primary	optimal
bound-20260916T061948Z	PR:DU-145	magnitude_g1.00	EX_fol_e	0.0	-5.428886059756616e-08	-2.285090049979504e-15	primary	optimal
bound-20260916T061948Z	PR:DU-145	magnitude_g1.00	EX_fum_e	0.784291570708246	0.7842908138383735	0.7842941374900725	primary	optimal
bound-20260916T061948Z	PR:DU-145	magnitude_g1.00	EX_g3pc_e	0.0	0.0	1.1458567729022787e-09	primary	optimal
bound-20260916T061948Z	PR:DU-145	magnitude_g1.00	EX_glc__D_e	-3.732488729498265	-3.732488809138122	-3.7324881869460405	primary	optimal
bound-20260916T061948Z	PR:DU-145	magnitude_g1.00	EX_glcur_e	0.0	0.0	1.4058044640785538e-08	primary	optimal
bound-20260916T061948Z	PR:DU-145	magnitude_g1.00	EX_gln__L_e	-5.718323051094746	-5.718323410010123	-5.718322935682533	primary	optimal
bound-20260916T061948Z	PR:DU-145	magnitude_g1.00	EX_glu__L_e	-3.6812165798891376	-3.6812166261985166	-3.681216231810541	primary	optimal
bound-20260916T061948Z	PR:DU-145	magnitude_g1.00	EX_gly_e	0.0	-5.204945791069966e-08	1.694675717461251e-07	primary	optimal
bound-20260916T061948Z	PR:DU-145	magnitude_g1.00	EX_glyald_e	0.0	0.0	1.4877498311888145e-08	primary	optimal
bound-20260916T061948Z	PR:DU-145	magnitude_g1.00	EX_glyb_e	0.0	0.0	8.99916280218722e-09	primary	optimal
bound-20260916T061948Z	PR:DU-145	magnitude_g1.00	EX_glyc3p_e	0.0	0.0	1.3834977687784429e-09	primary	optimal
bound-20260916T061948Z	PR:DU-145	magnitude_g1.00	EX_gmp_e	0.0	0.0	2.5583373549998723e-10	primary	optimal
bound-20260916T061948Z	PR:DU-145	magnitude_g1.00	EX_gthox_e	0.0	0.0	1.2825754744399414e-08	primary	optimal
bound-20260916T061948Z	PR:DU-145	magnitude_g1.00	EX_hcys__L_e	0.0	0.0	1.2721928332917406e-09	primary	optimal
bound-20260916T061948Z	PR:DU-145	magnitude_g1.00	EX_hom__L_e	0.0	0.0	0.0	primary	optimal
bound-20260916T061948Z	PR:DU-145	magnitude_g1.00	EX_hxan_e	0.0	0.0	3.156140972513136e-10	primary	optimal
bound-20260916T061948Z	PR:DU-145	magnitude_g1.00	EX_icit_e	4.6140130810865605	4.61401209347181	4.614013755343299	primary	optimal
bound-20260916T061948Z	PR:DU-145	magnitude_g1.00	EX_ile__L_e	-0.28555991274200004	-0.2855599525615508	-0.285559912742	primary	optimal
bound-20260916T061948Z	PR:DU-145	magnitude_g1.00	EX_imp_e	0.0	0.0	2.2715909100471921e-10	primary	optimal
bound-20260916T061948Z	PR:DU-145	magnitude_g1.00	EX_ins_e	0.0	0.0	2.2725206051079617e-10	primary	optimal
bound-20260916T061948Z	PR:DU-145	magnitude_g1.00	EX_lac__L_e	0.0	-1.4810543586196933e-08	1.6618578749702333e-06	primary	optimal
bound-20260916T061948Z	PR:DU-145	magnitude_g1.00	EX_lcts_e	0.0	0.0	1.6650081644795413e-09	primary	optimal
bound-20260916T061948Z	PR:DU-145	magnitude_g1.00	EX_leu__L_e	-0.5445560198160003	-0.5445560596359383	-0.5445560198160008	primary	optimal
bound-20260916T061948Z	PR:DU-145	magnitude_g1.00	EX_lys__L_e	-0.591041681546	-0.5910417233703572	-0.591041681546	primary	optimal
bound-20260916T061948Z	PR:DU-145	magnitude_g1.00	EX_mal__L_e	0.025948145320025727	0.02594648912311903	0.025948981807539597	primary	optimal
bound-20260916T061948Z	PR:DU-145	magnitude_g1.00	EX_met__L_e	-0.15274088440199998	-0.15274095300401633	-0.15274088440199998	primary	optimal
bound-20260916T061948Z	PR:DU-145	magnitude_g1.00	EX_nac_e	-4.0948009744612813e-16	0.0	8.855143738109306e-09	primary	optimal
bound-20260916T061948Z	PR:DU-145	magnitude_g1.00	EX_ncam_e	0.0	-3.981937208693149e-08	5.7822066062178595e-24	primary	optimal
bound-20260916T061948Z	PR:DU-145	magnitude_g1.00	EX_nicrnt_e	0.0	0.0	6.445870700331484e-10	primary	optimal
bound-20260916T061948Z	PR:DU-145	magnitude_g1.00	EX_orn_e	0.0	0.0	2.4818887751708524e-08	primary	optimal
bound-20260916T061948Z	PR:DU-145	magnitude_g1.00	EX_orot5p_e	0.0	0.0	3.4429273971380777e-10	primary	optimal
bound-20260916T061948Z	PR:DU-145	magnitude_g1.00	EX_orot_e	0.0	0.0	6.928322720313174e-10	primary	optimal
bound-20260916T061948Z	PR:DU-145	magnitude_g1.00	EX_oxa_e	0.0	0.0	4.255567989298402e-09	primary	optimal
bound-20260916T061948Z	PR:DU-145	magnitude_g1.00	EX_pep_e	0.0	0.0	1.5965998677803474e-09	primary	optimal
bound-20260916T061948Z	PR:DU-145	magnitude_g1.00	EX_phe__L_e	-0.258996107074	-0.25899614889740774	-0.258996107074	primary	optimal
bound-20260916T061948Z	PR:DU-145	magnitude_g1.00	EX_pnto__R_e	0.0	-3.9820247780082495e-08	4.650569438769582e-08	primary	optimal
bound-20260916T061948Z	PR:DU-145	magnitude_g1.00	EX_pro__L_e	-0.411736991476	-0.4117370344934611	-0.4117369812910805	primary	optimal
bound-20260916T061948Z	PR:DU-145	magnitude_g1.00	EX_quln_e	0.0	0.0	3.4198396594234326e-09	primary	optimal
bound-20260916T061948Z	PR:DU-145	magnitude_g1.00	EX_sbt__D_e	0.0	0.0	0.0	primary	optimal
bound-20260916T061948Z	PR:DU-145	magnitude_g1.00	EX_ser__L_e	-1.3427031427225657	-1.3427042677270833	-1.3427030904316217	primary	optimal
bound-20260916T061948Z	PR:DU-145	magnitude_g1.00	EX_spmd_e	0.0	0.0	5.690746495539447e-10	primary	optimal
bound-20260916T061948Z	PR:DU-145	magnitude_g1.00	EX_sprm_e	0.0	0.0	2.9054435613368295e-10	primary	optimal
bound-20260916T061948Z	PR:DU-145	magnitude_g1.00	EX_srtn_e	0.0	0.0	8.761391389224716e-09	primary	optimal
bound-20260916T061948Z	PR:DU-145	magnitude_g1.00	EX_succ_e	3.087873129090916	3.087873039561795	3.087873208275531	primary	optimal
bound-20260916T061948Z	PR:DU-145	magnitude_g1.00	EX_sucr_e	0.0	0.0	0.0	primary	optimal
bound-20260916T061948Z	PR:DU-145	magnitude_g1.00	EX_taur_e	0.0	0.0	4.650472311136817e-08	primary	optimal
bound-20260916T061948Z	PR:DU-145	magnitude_g1.00	EX_tchola_e	0.0	0.0	1.0649551365127913e-09	primary	optimal
bound-20260916T061948Z	PR:DU-145	magnitude_g1.00	EX_thr__L_e	-0.31212371841000003	-0.3121237582284302	-0.31212371841000003	primary	optimal
bound-20260916T061948Z	PR:DU-145	magnitude_g1.00	EX_thym_e	0.0	0.0	4.70583581323636e-10	primary	optimal
bound-20260916T061948Z	PR:DU-145	magnitude_g1.00	EX_thymd_e	0.0	0.0	3.623580096202866e-10	primary	optimal
bound-20260916T061948Z	PR:DU-145	magnitude_g1.00	EX_trp__L_e	-0.013281902834000001	-0.013281942654446745	-0.013281902834000001	primary	optimal
bound-20260916T061948Z	PR:DU-145	magnitude_g1.00	EX_tyr__L_e	-0.15938183581899998	-0.15938187563921125	-0.1593817939934296	primary	optimal
bound-20260916T061948Z	PR:DU-145	magnitude_g1.00	EX_ump_e	0.0	0.0	2.505500588574995e-10	primary	optimal
bound-20260916T061948Z	PR:DU-145	magnitude_g1.00	EX_ura_e	0.0	0.0	6.027689588642909e-10	primary	optimal
bound-20260916T061948Z	PR:DU-145	magnitude_g1.00	EX_urate_e	0.0	0.0	2.8809530220066565e-10	primary	optimal
bound-20260916T061948Z	PR:DU-145	magnitude_g1.00	EX_uri_e	0.0	0.0	4.2416438062071176e-10	primary	optimal
bound-20260916T061948Z	PR:DU-145	magnitude_g1.00	EX_val__L_e	-0.3519684685413739	-0.3519684685422142	-0.351968428723	primary	optimal
bound-20260916T061948Z	PR:DU-145	magnitude_g1.00	EX_xan_e	0.0	0.0	2.7019605830018575e-10	primary	optimal
bound-20260916T061948Z	PR:DU-145	magnitude_g1.00	EX_xmp_e	0.0	0.0	2.2721698964324142e-10	primary	optimal
bound-20260916T061948Z	PR:DU-145	magnitude_g1.00	EX_xtsn_e	0.0	0.0	2.2841200047618335e-10	primary	optimal
bound-20260916T061948Z	PR:PC-3	magnitude_g1.00	EX_2pg_e	0.0	0.0	3.5682824867687944e-09	primary	optimal
bound-20260916T061948Z	PR:PC-3	magnitude_g1.00	EX_34hpp_e	0.0	0.0	4.2610061924057894e-08	primary	optimal
bound-20260916T061948Z	PR:PC-3	magnitude_g1.00	EX_3hanthrn_e	0.0	0.0	7.733110038805399e-09	primary	optimal
bound-20260916T061948Z	PR:PC-3	magnitude_g1.00	EX_3pg_e	0.0	0.0	1.0154479412638865e-08	primary	optimal
bound-20260916T061948Z	PR:PC-3	magnitude_g1.00	EX_4abut_e	0.0	0.0	1.9061382933763212e-08	primary	optimal
bound-20260916T061948Z	PR:PC-3	magnitude_g1.00	EX_4hbz_e	0.0	0.0	5.19474850183191e-09	primary	optimal
bound-20260916T061948Z	PR:PC-3	magnitude_g1.00	EX_L2aadp_e	0.0	0.0	7.994623689868871e-09	primary	optimal
bound-20260916T061948Z	PR:PC-3	magnitude_g1.00	EX_Lkynr_e	0.0	0.0	1.4934431208526986e-08	primary	optimal
bound-20260916T061948Z	PR:PC-3	magnitude_g1.00	EX_acac_e	0.0	0.0	2.61495747038235e-08	primary	optimal
bound-20260916T061948Z	PR:PC-3	magnitude_g1.00	EX_ade_e	0.0	0.0	4.997968607397864e-10	primary	optimal
bound-20260916T061948Z	PR:PC-3	magnitude_g1.00	EX_adn_e	0.0	0.0	4.335828224161385e-10	primary	optimal
bound-20260916T061948Z	PR:PC-3	magnitude_g1.00	EX_ahcys_e	0.0	0.0	4.3174440103391927e-10	primary	optimal
bound-20260916T061948Z	PR:PC-3	magnitude_g1.00	EX_akg_e	0.0	0.0	9.872986265705383e-08	primary	optimal
bound-20260916T061948Z	PR:PC-3	magnitude_g1.00	EX_ala__L_e	0.0232433299595	0.023243244739486635	1.1985229763762677	primary	optimal
bound-20260916T061948Z	PR:PC-3	magnitude_g1.00	EX_amp_e	0.0	0.0	4.358084990293977e-10	primary	optimal
bound-20260916T061948Z	PR:PC-3	magnitude_g1.00	EX_anth_e	0.0	0.0	9.530614370259066e-09	primary	optimal
bound-20260916T061948Z	PR:PC-3	magnitude_g1.00	EX_arg__L_e	-0.35860938014000004	-0.3586094450051699	-0.3586093780094202	primary	optimal
bound-20260916T061948Z	PR:PC-3	magnitude_g1.00	EX_asn__L_e	-2.7649975111006144	-2.764997626946558	-2.7649972848131705	primary	optimal
bound-20260916T061948Z	PR:PC-3	magnitude_g1.00	EX_asp__L_e	-0.6222149278880413	-0.6222149930832144	-0.6222148846543814	primary	optimal
bound-20260916T061948Z	PR:PC-3	magnitude_g1.00	EX_bilirub_e	0.0	0.0	7.526121333127439e-10	primary	optimal
bound-20260916T061948Z	PR:PC-3	magnitude_g1.00	EX_cala_e	0.0	0.0	1.2190076991831989e-09	primary	optimal
bound-20260916T061948Z	PR:PC-3	magnitude_g1.00	EX_chol_e	-0.1716376003610001	-0.17163766522205118	-0.1716375995211958	primary	optimal
bound-20260916T061948Z	PR:PC-3	magnitude_g1.00	EX_cholp_e	0.0	0.0	3.030806414124467e-09	primary	optimal
bound-20260916T061948Z	PR:PC-3	magnitude_g1.00	EX_cit_e	0.0	0.0	8.521731590957037e-08	primary	optimal
bound-20260916T061948Z	PR:PC-3	magnitude_g1.00	EX_citr__L_e	0.0	0.0	1.873262484421843e-08	primary	optimal
bound-20260916T061948Z	PR:PC-3	magnitude_g1.00	EX_cmp_e	0.0	0.0	0.0	primary	optimal
bound-20260916T061948Z	PR:PC-3	magnitude_g1.00	EX_crn_e	0.0	-3.562126108758926e-08	-1.821312571626954e-16	primary	optimal
bound-20260916T061948Z	PR:PC-3	magnitude_g1.00	EX_cyst__L_e	0.0	0.0	2.400406206373596e-09	primary	optimal
bound-20260916T061948Z	PR:PC-3	magnitude_g1.00	EX_cytd_e	0.0	0.0	8.818852892081436e-10	primary	optimal
bound-20260916T061948Z	PR:PC-3	magnitude_g1.00	EX_dad_2_e	0.0	0.0	4.272376266468995e-10	primary	optimal
bound-20260916T061948Z	PR:PC-3	magnitude_g1.00	EX_dcmp_e	0.0	0.0	7.200503008791412e-10	primary	optimal
bound-20260916T061948Z	PR:PC-3	magnitude_g1.00	EX_dcyt_e	0.0	0.0	8.229498579147803e-10	primary	optimal
bound-20260916T061948Z	PR:PC-3	magnitude_g1.00	EX_dhap_e	0.0	0.0	3.039219095863625e-09	primary	optimal
bound-20260916T061948Z	PR:PC-3	magnitude_g1.00	EX_dmgly_e	0.0	0.0	8.499372151233388e-09	primary	optimal
bound-20260916T061948Z	PR:PC-3	magnitude_g1.00	EX_duri_e	0.0	0.0	8.804565774836432e-10	primary	optimal
bound-20260916T061948Z	PR:PC-3	magnitude_g1.00	EX_ethamp_e	0.0	0.0	2.7248278329657635e-09	primary	optimal
bound-20260916T061948Z	PR:PC-3	magnitude_g1.00	EX_fol_e	0.0	-9.872935675155317e-08	-8.526232040391687e-16	primary	optimal
bound-20260916T061948Z	PR:PC-3	magnitude_g1.00	EX_fum_e	0.593621084641648	0.593620084622821	0.5936214146216868	primary	optimal
bound-20260916T061948Z	PR:PC-3	magnitude_g1.00	EX_g3pc_e	0.0	0.0	2.7363704941350246e-09	primary	optimal
bound-20260916T061948Z	PR:PC-3	magnitude_g1.00	EX_glc__D_e	-3.2630132443903066	-3.2630142599015413	-3.2574069329350017	primary	optimal
bound-20260916T061948Z	PR:PC-3	magnitude_g1.00	EX_glcur_e	0.0	0.0	2.5121885083798364e-08	primary	optimal
bound-20260916T061948Z	PR:PC-3	magnitude_g1.00	EX_gln__L_e	-6.136504448817379	-6.1365045140172025	-6.136504156870657	primary	optimal
bound-20260916T061948Z	PR:PC-3	magnitude_g1.00	EX_glu__L_e	-3.9193236350899783	-3.9193239940462785	-3.919323451019726	primary	optimal
bound-20260916T061948Z	PR:PC-3	magnitude_g1.00	EX_gly_e	0.0	-1.2480726146675698e-07	1.3504350063645218e-07	primary	optimal
bound-20260916T061948Z	PR:PC-3	magnitude_g1.00	EX_glyald_e	0.0	0.0	2.63397798846989e-08	primary	optimal
bound-20260916T061948Z	PR:PC-3	magnitude_g1.00	EX_glyb_e	0.0	0.0	1.5804230350163752e-08	primary	optimal
bound-20260916T061948Z	PR:PC-3	magnitude_g1.00	EX_glyc3p_e	0.0	0.0	3.039308073597847e-09	primary	optimal
bound-20260916T061948Z	PR:PC-3	magnitude_g1.00	EX_gmp_e	0.0	0.0	5.090041535018637e-10	primary	optimal
bound-20260916T061948Z	PR:PC-3	magnitude_g1.00	EX_gthox_e	0.0	0.0	2.2344400476866612e-08	primary	optimal
bound-20260916T061948Z	PR:PC-3	magnitude_g1.00	EX_hcys__L_e	0.0	0.0	2.4756022040352516e-09	primary	optimal
bound-20260916T061948Z	PR:PC-3	magnitude_g1.00	EX_hom__L_e	0.0	0.0	0.0	primary	optimal
bound-20260916T061948Z	PR:PC-3	magnitude_g1.00	EX_hxan_e	0.0	0.0	5.999569433154842e-10	primary	optimal
bound-20260916T061948Z	PR:PC-3	magnitude_g1.00	EX_icit_e	4.507587177740409	4.507586616992169	4.50758726098875	primary	optimal
bound-20260916T061948Z	PR:PC-3	magnitude_g1.00	EX_ile__L_e	-0.28555991274199977	-0.2855599776031458	-0.2855599127419995	primary	optimal
bound-20260916T061948Z	PR:PC-3	magnitude_g1.00	EX_imp_e	0.0	0.0	4.993428930677583e-10	primary	optimal
bound-20260916T061948Z	PR:PC-3	magnitude_g1.00	EX_ins_e	0.0	0.0	4.995730336730143e-10	primary	optimal
bound-20260916T061948Z	PR:PC-3	magnitude_g1.00	EX_lac__L_e	0.0	-4.1101103338264965e-08	0.016821647673367534	primary	optimal
bound-20260916T061948Z	PR:PC-3	magnitude_g1.00	EX_lcts_e	0.0	0.0	2.070686198264714e-09	primary	optimal
bound-20260916T061948Z	PR:PC-3	magnitude_g1.00	EX_leu__L_e	-0.5445560198159999	-0.544556084675947	-0.5445560198160008	primary	optimal
bound-20260916T061948Z	PR:PC-3	magnitude_g1.00	EX_lys__L_e	-0.591041681546	-0.591041755204474	-0.591041681546	primary	optimal
bound-20260916T061948Z	PR:PC-3	magnitude_g1.00	EX_mal__L_e	1.7628529545419385e-08	0.0	1.0860282794876373e-06	primary	optimal
bound-20260916T061948Z	PR:PC-3	magnitude_g1.00	EX_met__L_e	-0.15274088440199998	-0.1527411530702551	-0.15274088440199998	primary	optimal
bound-20260916T061948Z	PR:PC-3	magnitude_g1.00	EX_nac_e	-4.3749715674507375e-15	0.0	1.5356737493259425e-08	primary	optimal
bound-20260916T061948Z	PR:PC-3	magnitude_g1.00	EX_ncam_e	0.0	-6.486136775613752e-08	-1.4223110645462642e-16	primary	optimal
bound-20260916T061948Z	PR:PC-3	magnitude_g1.00	EX_nicrnt_e	0.0	0.0	1.3881041446030016e-09	primary	optimal
bound-20260916T061948Z	PR:PC-3	magnitude_g1.00	EX_orn_e	0.0	0.0	3.772709949416784e-08	primary	optimal
bound-20260916T061948Z	PR:PC-3	magnitude_g1.00	EX_orot5p_e	0.0	0.0	7.441524291519936e-10	primary	optimal
bound-20260916T061948Z	PR:PC-3	magnitude_g1.00	EX_orot_e	0.0	0.0	1.5306526495138843e-09	primary	optimal
bound-20260916T061948Z	PR:PC-3	magnitude_g1.00	EX_oxa_e	0.0	0.0	7.445949604575439e-09	primary	optimal
bound-20260916T061948Z	PR:PC-3	magnitude_g1.00	EX_pep_e	0.0	0.0	3.6308616635317216e-09	primary	optimal
bound-20260916T061948Z	PR:PC-3	magnitude_g1.00	EX_phe__L_e	-0.258996107074	-0.25899618609212366	-0.258996107074	primary	optimal
bound-20260916T061948Z	PR:PC-3	magnitude_g1.00	EX_pnto__R_e	0.0	-6.486159470970353e-08	8.522221268237062e-08	primary	optimal
bound-20260916T061948Z	PR:PC-3	magnitude_g1.00	EX_pro__L_e	-0.411736991476	-0.41173706513642633	-0.4117369727572107	primary	optimal
bound-20260916T061948Z	PR:PC-3	magnitude_g1.00	EX_quln_e	0.0	0.0	6.1035250433721305e-09	primary	optimal
bound-20260916T061948Z	PR:PC-3	magnitude_g1.00	EX_sbt__D_e	0.0	0.0	0.0	primary	optimal
bound-20260916T061948Z	PR:PC-3	magnitude_g1.00	EX_ser__L_e	-2.5889010905676386	-2.600113677704758	-2.5888989838163887	primary	optimal
bound-20260916T061948Z	PR:PC-3	magnitude_g1.00	EX_spmd_e	0.0	0.0	1.1579199346557894e-09	primary	optimal
bound-20260916T061948Z	PR:PC-3	magnitude_g1.00	EX_sprm_e	0.0	0.0	5.979655146908853e-10	primary	optimal
bound-20260916T061948Z	PR:PC-3	magnitude_g1.00	EX_srtn_e	0.0	0.0	1.535688239113986e-08	primary	optimal
bound-20260916T061948Z	PR:PC-3	magnitude_g1.00	EX_succ_e	3.0006740473424482	3.0006737708313374	3.000674356151707	primary	optimal
bound-20260916T061948Z	PR:PC-3	magnitude_g1.00	EX_sucr_e	0.0	0.0	0.0	primary	optimal
bound-20260916T061948Z	PR:PC-3	magnitude_g1.00	EX_taur_e	0.0	0.0	8.521800244774079e-08	primary	optimal
bound-20260916T061948Z	PR:PC-3	magnitude_g1.00	EX_tchola_e	0.0	0.0	1.5605759599839823e-09	primary	optimal
bound-20260916T061948Z	PR:PC-3	magnitude_g1.00	EX_thr__L_e	-0.31212371841000003	-0.31212378327061696	-0.3121237184099999	primary	optimal
bound-20260916T061948Z	PR:PC-3	magnitude_g1.00	EX_thym_e	0.0	0.0	1.0056083828619318e-09	primary	optimal
bound-20260916T061948Z	PR:PC-3	magnitude_g1.00	EX_thymd_e	0.0	0.0	7.697892183788709e-10	primary	optimal
bound-20260916T061948Z	PR:PC-3	magnitude_g1.00	EX_trp__L_e	-0.013281902834000001	-0.013281967692042334	-0.013281902834000001	primary	optimal
bound-20260916T061948Z	PR:PC-3	magnitude_g1.00	EX_tyr__L_e	-0.15938183581899998	-0.15938190068065697	-0.15938175680062355	primary	optimal
bound-20260916T061948Z	PR:PC-3	magnitude_g1.00	EX_ump_e	0.0	0.0	5.138122861826531e-10	primary	optimal
bound-20260916T061948Z	PR:PC-3	magnitude_g1.00	EX_ura_e	0.0	0.0	1.2945734484727188e-09	primary	optimal
bound-20260916T061948Z	PR:PC-3	magnitude_g1.00	EX_urate_e	0.0	0.0	5.909679525513035e-10	primary	optimal
bound-20260916T061948Z	PR:PC-3	magnitude_g1.00	EX_uri_e	0.0	0.0	9.078472149761288e-10	primary	optimal
bound-20260916T061948Z	PR:PC-3	magnitude_g1.00	EX_val__L_e	-0.35196849253009255	-0.35196849358256377	-0.351968428723	primary	optimal
bound-20260916T061948Z	PR:PC-3	magnitude_g1.00	EX_xan_e	0.0	0.0	5.872113142490388e-10	primary	optimal
bound-20260916T061948Z	PR:PC-3	magnitude_g1.00	EX_xmp_e	0.0	0.0	4.947619609843967e-10	primary	optimal
bound-20260916T061948Z	PR:PC-3	magnitude_g1.00	EX_xtsn_e	0.0	0.0	4.978796443977052e-10	primary	optimal
bound-20260916T061948Z	RE:A498	magnitude_g1.00	EX_2pg_e	0.0	0.0	6.721102275605637e-09	primary	optimal
bound-20260916T061948Z	RE:A498	magnitude_g1.00	EX_34hpp_e	0.0	0.0	3.0806304881199744e-08	primary	optimal
bound-20260916T061948Z	RE:A498	magnitude_g1.00	EX_3hanthrn_e	0.0	0.0	5.746233482698124e-09	primary	optimal
bound-20260916T061948Z	RE:A498	magnitude_g1.00	EX_3pg_e	0.0	0.0	7.544426350857378e-09	primary	optimal
bound-20260916T061948Z	RE:A498	magnitude_g1.00	EX_4abut_e	0.0	0.0	1.4218101500806615e-08	primary	optimal
bound-20260916T061948Z	RE:A498	magnitude_g1.00	EX_4hbz_e	0.0	0.0	3.730111826481541e-09	primary	optimal
bound-20260916T061948Z	RE:A498	magnitude_g1.00	EX_L2aadp_e	0.0	0.0	6.016396279909158e-09	primary	optimal
bound-20260916T061948Z	RE:A498	magnitude_g1.00	EX_Lkynr_e	0.0	0.0	1.1089947402858867e-08	primary	optimal
bound-20260916T061948Z	RE:A498	magnitude_g1.00	EX_acac_e	0.0	0.0	2.0991972968418074e-08	primary	optimal
bound-20260916T061948Z	RE:A498	magnitude_g1.00	EX_ade_e	0.0	0.0	3.41981002262671e-10	primary	optimal
bound-20260916T061948Z	RE:A498	magnitude_g1.00	EX_adn_e	0.0	0.0	2.9339947129071113e-10	primary	optimal
bound-20260916T061948Z	RE:A498	magnitude_g1.00	EX_ahcys_e	0.0	0.0	2.5443084468657776e-10	primary	optimal
bound-20260916T061948Z	RE:A498	magnitude_g1.00	EX_akg_e	0.0	0.0	6.931967662804136e-08	primary	optimal
bound-20260916T061948Z	RE:A498	magnitude_g1.00	EX_ala__L_e	0.0232433299595	0.023243256025149848	0.023243699623045747	primary	optimal
bound-20260916T061948Z	RE:A498	magnitude_g1.00	EX_amp_e	0.0	0.0	2.948068841431542e-10	primary	optimal
bound-20260916T061948Z	RE:A498	magnitude_g1.00	EX_anth_e	0.0	0.0	7.15484180308348e-09	primary	optimal
bound-20260916T061948Z	RE:A498	magnitude_g1.00	EX_arg__L_e	-0.35860938014000004	-0.3586094305501547	-0.35860937869629395	primary	optimal
bound-20260916T061948Z	RE:A498	magnitude_g1.00	EX_asn__L_e	-3.1481606379281715	-3.148160913932697	-3.1481603620107874	primary	optimal
bound-20260916T061948Z	RE:A498	magnitude_g1.00	EX_asp__L_e	-0.5351208887138528	-0.5351209356134036	-0.5351208253736475	primary	optimal
bound-20260916T061948Z	RE:A498	magnitude_g1.00	EX_bilirub_e	0.0	0.0	6.124837149608611e-10	primary	optimal
bound-20260916T061948Z	RE:A498	magnitude_g1.00	EX_cala_e	0.0	0.0	8.349735024187076e-10	primary	optimal
bound-20260916T061948Z	RE:A498	magnitude_g1.00	EX_chol_e	-0.17163760036099995	-0.17163765076926285	-0.1716375997816462	primary	optimal
bound-20260916T061948Z	RE:A498	magnitude_g1.00	EX_cholp_e	0.0	0.0	2.0501621221327514e-09	primary	optimal
bound-20260916T061948Z	RE:A498	magnitude_g1.00	EX_cit_e	0.0	0.0	6.161104506690541e-08	primary	optimal
bound-20260916T061948Z	RE:A498	magnitude_g1.00	EX_citr__L_e	0.0	0.0	1.3862565204292174e-08	primary	optimal
bound-20260916T061948Z	RE:A498	magnitude_g1.00	EX_cmp_e	0.0	0.0	6.212505528343464e-10	primary	optimal
bound-20260916T061948Z	RE:A498	magnitude_g1.00	EX_crn_e	-6.92546965191268e-17	-2.7726278339759714e-08	4.118583001879683e-17	primary	optimal
bound-20260916T061948Z	RE:A498	magnitude_g1.00	EX_cyst__L_e	0.0	0.0	1.6546703804299981e-09	primary	optimal
bound-20260916T061948Z	RE:A498	magnitude_g1.00	EX_cytd_e	0.0	0.0	6.15044364340774e-10	primary	optimal
bound-20260916T061948Z	RE:A498	magnitude_g1.00	EX_dad_2_e	0.0	0.0	2.9269691399517655e-10	primary	optimal
bound-20260916T061948Z	RE:A498	magnitude_g1.00	EX_dcmp_e	0.0	0.0	4.889917113000402e-10	primary	optimal
bound-20260916T061948Z	RE:A498	magnitude_g1.00	EX_dcyt_e	0.0	0.0	5.643024419270042e-10	primary	optimal
bound-20260916T061948Z	RE:A498	magnitude_g1.00	EX_dhap_e	0.0	0.0	2.0539278108168182e-09	primary	optimal
bound-20260916T061948Z	RE:A498	magnitude_g1.00	EX_dmgly_e	0.0	0.0	5.914712400531455e-09	primary	optimal
bound-20260916T061948Z	RE:A498	magnitude_g1.00	EX_duri_e	0.0	0.0	6.198635609801617e-10	primary	optimal
bound-20260916T061948Z	RE:A498	magnitude_g1.00	EX_ethamp_e	0.0	0.0	1.857853743945782e-09	primary	optimal
bound-20260916T061948Z	RE:A498	magnitude_g1.00	EX_fol_e	-6.264048841504648e-17	-6.931237003266946e-08	9.601338463072435e-15	primary	optimal
bound-20260916T061948Z	RE:A498	magnitude_g1.00	EX_fum_e	1.7451595535785291	1.7451592040335815	1.7451600447015732	primary	optimal
bound-20260916T061948Z	RE:A498	magnitude_g1.00	EX_g3pc_e	0.0	0.0	1.7964740898600563e-09	primary	optimal
bound-20260916T061948Z	RE:A498	magnitude_g1.00	EX_glc__D_e	-3.7597841775636733	-3.7597842700509547	-3.759783984401838	primary	optimal
bound-20260916T061948Z	RE:A498	magnitude_g1.00	EX_glcur_e	0.0	0.0	1.912071004905957e-08	primary	optimal
bound-20260916T061948Z	RE:A498	magnitude_g1.00	EX_gln__L_e	-6.944219469577387	-6.944220469655184	-6.944218098011543	primary	optimal
bound-20260916T061948Z	RE:A498	magnitude_g1.00	EX_glu__L_e	-1.9249519078010477	-1.9249538228563412	-1.9249509256843906	primary	optimal
bound-20260916T061948Z	RE:A498	magnitude_g1.00	EX_gly_e	0.0	-2.1467043083276126e-07	6.587879502176521e-08	primary	optimal
bound-20260916T061948Z	RE:A498	magnitude_g1.00	EX_glyald_e	0.0	0.0	1.9456195990026156e-08	primary	optimal
bound-20260916T061948Z	RE:A498	magnitude_g1.00	EX_glyb_e	0.0	0.0	1.2054272829913874e-08	primary	optimal
bound-20260916T061948Z	RE:A498	magnitude_g1.00	EX_glyc3p_e	0.0	0.0	2.046292941275146e-09	primary	optimal
bound-20260916T061948Z	RE:A498	magnitude_g1.00	EX_gmp_e	0.0	0.0	3.445347277979101e-10	primary	optimal
bound-20260916T061948Z	RE:A498	magnitude_g1.00	EX_gthox_e	0.0	0.0	1.6309293359157436e-08	primary	optimal
bound-20260916T061948Z	RE:A498	magnitude_g1.00	EX_hcys__L_e	0.0	0.0	1.7918427970829126e-09	primary	optimal
bound-20260916T061948Z	RE:A498	magnitude_g1.00	EX_hom__L_e	0.0	0.0	0.0	primary	optimal
bound-20260916T061948Z	RE:A498	magnitude_g1.00	EX_hxan_e	0.0	0.0	4.0474415732097015e-10	primary	optimal
bound-20260916T061948Z	RE:A498	magnitude_g1.00	EX_icit_e	4.375170560609982	4.375169925176728	4.375171034217855	primary	optimal
bound-20260916T061948Z	RE:A498	magnitude_g1.00	EX_ile__L_e	-0.2855599127419996	-0.2855599631537198	-0.2855599127419996	primary	optimal
bound-20260916T061948Z	RE:A498	magnitude_g1.00	EX_imp_e	0.0	0.0	3.384393804934777e-10	primary	optimal
bound-20260916T061948Z	RE:A498	magnitude_g1.00	EX_ins_e	0.0	0.0	3.3659463771479715e-10	primary	optimal
bound-20260916T061948Z	RE:A498	magnitude_g1.00	EX_lac__L_e	0.0	-2.4409244720699375e-08	5.544988192174972e-07	primary	optimal
bound-20260916T061948Z	RE:A498	magnitude_g1.00	EX_lcts_e	0.0	0.0	1.4850806024961486e-09	primary	optimal
bound-20260916T061948Z	RE:A498	magnitude_g1.00	EX_leu__L_e	-0.544556019816	-0.5445560702239566	-0.5445560198159999	primary	optimal
bound-20260916T061948Z	RE:A498	magnitude_g1.00	EX_lys__L_e	-0.591041681546	-0.5910417389001593	-0.591041681546	primary	optimal
bound-20260916T061948Z	RE:A498	magnitude_g1.00	EX_mal__L_e	0.0	0.0	5.545038825014e-07	primary	optimal
bound-20260916T061948Z	RE:A498	magnitude_g1.00	EX_met__L_e	-0.15274088440199998	-0.1527409591640414	-0.1527408844019931	primary	optimal
bound-20260916T061948Z	RE:A498	magnitude_g1.00	EX_nac_e	2.8879122661990094e-15	0.0	1.1316326847144228e-08	primary	optimal
bound-20260916T061948Z	RE:A498	magnitude_g1.00	EX_ncam_e	0.0	-5.0409718237306976e-08	1.2532942621144716e-22	primary	optimal
bound-20260916T061948Z	RE:A498	magnitude_g1.00	EX_nicrnt_e	0.0	0.0	9.463343302844625e-10	primary	optimal
bound-20260916T061948Z	RE:A498	magnitude_g1.00	EX_orn_e	0.0	0.0	2.589104964418964e-08	primary	optimal
bound-20260916T061948Z	RE:A498	magnitude_g1.00	EX_orot5p_e	0.0	0.0	5.12926568795386e-10	primary	optimal
bound-20260916T061948Z	RE:A498	magnitude_g1.00	EX_orot_e	0.0	0.0	1.0361916725135172e-09	primary	optimal
bound-20260916T061948Z	RE:A498	magnitude_g1.00	EX_oxa_e	0.0	0.0	5.796377477293603e-09	primary	optimal
bound-20260916T061948Z	RE:A498	magnitude_g1.00	EX_pep_e	0.0	0.0	2.416356239651115e-09	primary	optimal
bound-20260916T061948Z	RE:A498	magnitude_g1.00	EX_phe__L_e	-0.258996107074	-0.2589961625214389	-0.258996107074	primary	optimal
bound-20260916T061948Z	RE:A498	magnitude_g1.00	EX_pnto__R_e	0.0	-5.0410187169746246e-08	6.161191359980708e-08	primary	optimal
bound-20260916T061948Z	RE:A498	magnitude_g1.00	EX_pro__L_e	-0.41173699147600007	-0.41173704883902673	-0.4117369789919534	primary	optimal
bound-20260916T061948Z	RE:A498	magnitude_g1.00	EX_quln_e	0.0	0.0	4.5264361383756875e-09	primary	optimal
bound-20260916T061948Z	RE:A498	magnitude_g1.00	EX_sbt__D_e	0.0	0.0	0.0	primary	optimal
bound-20260916T061948Z	RE:A498	magnitude_g1.00	EX_ser__L_e	-1.359513517261639	-1.3595138744222157	-1.359513404833876	primary	optimal
bound-20260916T061948Z	RE:A498	magnitude_g1.00	EX_spmd_e	0.0	0.0	8.010861851272411e-10	primary	optimal
bound-20260916T061948Z	RE:A498	magnitude_g1.00	EX_sprm_e	0.0	0.0	4.12643693953929e-10	primary	optimal
bound-20260916T061948Z	RE:A498	magnitude_g1.00	EX_srtn_e	0.0	0.0	1.1316484323145601e-08	primary	optimal
bound-20260916T061948Z	RE:A498	magnitude_g1.00	EX_succ_e	3.215324314072576	3.215324279017456	3.215324314072576	primary	optimal
bound-20260916T061948Z	RE:A498	magnitude_g1.00	EX_sucr_e	0.0	0.0	0.0	primary	optimal
bound-20260916T061948Z	RE:A498	magnitude_g1.00	EX_taur_e	0.0	0.0	6.16122380737899e-08	primary	optimal
bound-20260916T061948Z	RE:A498	magnitude_g1.00	EX_tchola_e	0.0	0.0	1.14141220516041e-09	primary	optimal
bound-20260916T061948Z	RE:A498	magnitude_g1.00	EX_thr__L_e	-0.31212371841000003	-0.3121237688174848	-0.31212371841000003	primary	optimal
bound-20260916T061948Z	RE:A498	magnitude_g1.00	EX_thym_e	0.0	0.0	6.898877661254523e-10	primary	optimal
bound-20260916T061948Z	RE:A498	magnitude_g1.00	EX_thymd_e	0.0	0.0	5.351205661014366e-10	primary	optimal
bound-20260916T061948Z	RE:A498	magnitude_g1.00	EX_trp__L_e	-0.013281902834000001	-0.013281953243619863	-0.013281902834000001	primary	optimal
bound-20260916T061948Z	RE:A498	magnitude_g1.00	EX_tyr__L_e	-0.159381835819	-0.15938188622865926	-0.15938178036922176	primary	optimal
bound-20260916T061948Z	RE:A498	magnitude_g1.00	EX_ump_e	0.0	0.0	3.559677134770944e-10	primary	optimal
bound-20260916T061948Z	RE:A498	magnitude_g1.00	EX_ura_e	0.0	0.0	8.856236862361093e-10	primary	optimal
bound-20260916T061948Z	RE:A498	magnitude_g1.00	EX_urate_e	0.0	0.0	3.992284818689499e-10	primary	optimal
bound-20260916T061948Z	RE:A498	magnitude_g1.00	EX_uri_e	0.0	0.0	6.198577496727817e-10	primary	optimal
bound-20260916T061948Z	RE:A498	magnitude_g1.00	EX_val__L_e	-0.35196845992985204	-0.3519684791336349	-0.35196842872299994	primary	optimal
bound-20260916T061948Z	RE:A498	magnitude_g1.00	EX_xan_e	0.0	0.0	3.9807944151097714e-10	primary	optimal
bound-20260916T061948Z	RE:A498	magnitude_g1.00	EX_xmp_e	0.0	0.0	3.3555291100485144e-10	primary	optimal
bound-20260916T061948Z	RE:A498	magnitude_g1.00	EX_xtsn_e	0.0	0.0	3.374011459824915e-10	primary	optimal
bound-20260916T061948Z	RE:ACHN	magnitude_g1.00	EX_2pg_e	0.0	0.0	2.6583657680810396e-09	primary	optimal
bound-20260916T061948Z	RE:ACHN	magnitude_g1.00	EX_34hpp_e	0.0	0.0	3.451728873090541e-08	primary	optimal
bound-20260916T061948Z	RE:ACHN	magnitude_g1.00	EX_3hanthrn_e	0.0	0.0	6.384756216033992e-09	primary	optimal
bound-20260916T061948Z	RE:ACHN	magnitude_g1.00	EX_3pg_e	0.0	0.0	2.7649578794203482e-09	primary	optimal
bound-20260916T061948Z	RE:ACHN	magnitude_g1.00	EX_4abut_e	0.0	0.0	1.566746595725533e-08	primary	optimal
bound-20260916T061948Z	RE:ACHN	magnitude_g1.00	EX_4hbz_e	0.0	-1.513396216417426e-10	4.174418174537317e-09	primary	optimal
bound-20260916T061948Z	RE:ACHN	magnitude_g1.00	EX_L2aadp_e	0.0	0.0	6.731672914523025e-09	primary	optimal
bound-20260916T061948Z	RE:ACHN	magnitude_g1.00	EX_Lkynr_e	0.0	0.0	1.2341661317170594e-08	primary	optimal
bound-20260916T061948Z	RE:ACHN	magnitude_g1.00	EX_acac_e	0.0	0.0	2.244559322758508e-08	primary	optimal
bound-20260916T061948Z	RE:ACHN	magnitude_g1.00	EX_ade_e	0.0	0.0	3.7875918651497765e-10	primary	optimal
bound-20260916T061948Z	RE:ACHN	magnitude_g1.00	EX_adn_e	0.0	0.0	3.283742000964563e-10	primary	optimal
bound-20260916T061948Z	RE:ACHN	magnitude_g1.00	EX_ahcys_e	0.0	0.0	3.270559065400018e-10	primary	optimal
bound-20260916T061948Z	RE:ACHN	magnitude_g1.00	EX_akg_e	0.0	0.0	7.125964428645013e-08	primary	optimal
bound-20260916T061948Z	RE:ACHN	magnitude_g1.00	EX_ala__L_e	0.023243329959499938	0.023243253782621008	0.023244066330861624	primary	optimal
bound-20260916T061948Z	RE:ACHN	magnitude_g1.00	EX_amp_e	0.0	0.0	3.299399028330848e-10	primary	optimal
bound-20260916T061948Z	RE:ACHN	magnitude_g1.00	EX_anth_e	0.0	0.0	7.917949676208845e-09	primary	optimal
bound-20260916T061948Z	RE:ACHN	magnitude_g1.00	EX_arg__L_e	-0.35860938014000004	-0.3586094353699991	-0.35860937851931896	primary	optimal
bound-20260916T061948Z	RE:ACHN	magnitude_g1.00	EX_asn__L_e	-3.2173624185186838	-3.2173626217906053	-3.2173621349547386	primary	optimal
bound-20260916T061948Z	RE:ACHN	magnitude_g1.00	EX_asp__L_e	-0.5676504781291447	-0.5676505217910202	-0.5676504097211196	primary	optimal
bound-20260916T061948Z	RE:ACHN	magnitude_g1.00	EX_bilirub_e	0.0	0.0	6.779260945480394e-10	primary	optimal
bound-20260916T061948Z	RE:ACHN	magnitude_g1.00	EX_cala_e	0.0	0.0	9.353446959197197e-10	primary	optimal
bound-20260916T061948Z	RE:ACHN	magnitude_g1.00	EX_chol_e	-0.17163760036100006	-0.17163765558925878	-0.17163759971132683	primary	optimal
bound-20260916T061948Z	RE:ACHN	magnitude_g1.00	EX_cholp_e	0.0	0.0	2.2940157147845128e-09	primary	optimal
bound-20260916T061948Z	RE:ACHN	magnitude_g1.00	EX_cit_e	0.0	0.0	6.903436451628698e-08	primary	optimal
bound-20260916T061948Z	RE:ACHN	magnitude_g1.00	EX_citr__L_e	0.0	0.0	1.5341157972744557e-08	primary	optimal
bound-20260916T061948Z	RE:ACHN	magnitude_g1.00	EX_cmp_e	0.0	0.0	6.812514914519314e-10	primary	optimal
bound-20260916T061948Z	RE:ACHN	magnitude_g1.00	EX_crn_e	0.0	-3.201621019639783e-08	2.6077892202626263e-15	primary	optimal
bound-20260916T061948Z	RE:ACHN	magnitude_g1.00	EX_cyst__L_e	0.0	0.0	1.8484534796998329e-09	primary	optimal
bound-20260916T061948Z	RE:ACHN	magnitude_g1.00	EX_cytd_e	0.0	0.0	6.879746082019142e-10	primary	optimal
bound-20260916T061948Z	RE:ACHN	magnitude_g1.00	EX_dad_2_e	0.0	0.0	3.2618626712214887e-10	primary	optimal
bound-20260916T061948Z	RE:ACHN	magnitude_g1.00	EX_dcmp_e	0.0	0.0	5.473786665449716e-10	primary	optimal
bound-20260916T061948Z	RE:ACHN	magnitude_g1.00	EX_dcyt_e	0.0	0.0	6.317503607371759e-10	primary	optimal
bound-20260916T061948Z	RE:ACHN	magnitude_g1.00	EX_dhap_e	0.0	0.0	2.2988079170454706e-09	primary	optimal
bound-20260916T061948Z	RE:ACHN	magnitude_g1.00	EX_dmgly_e	0.0	0.0	6.692476763276846e-09	primary	optimal
bound-20260916T061948Z	RE:ACHN	magnitude_g1.00	EX_duri_e	0.0	0.0	6.934335591649626e-10	primary	optimal
bound-20260916T061948Z	RE:ACHN	magnitude_g1.00	EX_ethamp_e	0.0	0.0	2.0763184555562396e-09	primary	optimal
bound-20260916T061948Z	RE:ACHN	magnitude_g1.00	EX_fol_e	0.0	-7.126265507278569e-08	1.6127655577805187e-16	primary	optimal
bound-20260916T061948Z	RE:ACHN	magnitude_g1.00	EX_fum_e	1.2602881515191715	1.2602877415629656	1.2602885238934582	primary	optimal
bound-20260916T061948Z	RE:ACHN	magnitude_g1.00	EX_g3pc_e	0.0	0.0	2.0062012322053304e-09	primary	optimal
bound-20260916T061948Z	RE:ACHN	magnitude_g1.00	EX_glc__D_e	-3.7350529473198413	-3.735053051992046	-3.735052573378792	primary	optimal
bound-20260916T061948Z	RE:ACHN	magnitude_g1.00	EX_glcur_e	0.0	0.0	2.1447472446036593e-08	primary	optimal
bound-20260916T061948Z	RE:ACHN	magnitude_g1.00	EX_gln__L_e	-7.010097057892772	-7.010098057859084	-7.010096053063186	primary	optimal
bound-20260916T061948Z	RE:ACHN	magnitude_g1.00	EX_glu__L_e	-1.890205067426742	-1.8902064327769317	-1.8902040858179021	primary	optimal
bound-20260916T061948Z	RE:ACHN	magnitude_g1.00	EX_gly_e	0.0	-2.0882012900392227e-07	7.508344279438792e-08	primary	optimal
bound-20260916T061948Z	RE:ACHN	magnitude_g1.00	EX_glyald_e	0.0	0.0	2.1658294224189566e-08	primary	optimal
bound-20260916T061948Z	RE:ACHN	magnitude_g1.00	EX_glyb_e	0.0	0.0	1.3228325188223905e-08	primary	optimal
bound-20260916T061948Z	RE:ACHN	magnitude_g1.00	EX_glyc3p_e	0.0	0.0	2.29397651937071e-09	primary	optimal
bound-20260916T061948Z	RE:ACHN	magnitude_g1.00	EX_gmp_e	0.0	0.0	3.854891660157466e-10	primary	optimal
bound-20260916T061948Z	RE:ACHN	magnitude_g1.00	EX_gthox_e	0.0	0.0	1.8107298859753682e-08	primary	optimal
bound-20260916T061948Z	RE:ACHN	magnitude_g1.00	EX_hcys__L_e	0.0	0.0	1.932013816995343e-09	primary	optimal
bound-20260916T061948Z	RE:ACHN	magnitude_g1.00	EX_hom__L_e	0.0	0.0	0.0	primary	optimal
bound-20260916T061948Z	RE:ACHN	magnitude_g1.00	EX_hxan_e	0.0	0.0	4.503429982328726e-10	primary	optimal
bound-20260916T061948Z	RE:ACHN	magnitude_g1.00	EX_icit_e	4.748727466340508	4.748726793921576	4.74872765161583	primary	optimal
bound-20260916T061948Z	RE:ACHN	magnitude_g1.00	EX_ile__L_e	-0.28555991274200004	-0.285559967967786	-0.285559912742	primary	optimal
bound-20260916T061948Z	RE:ACHN	magnitude_g1.00	EX_imp_e	0.0	0.0	3.786848551942306e-10	primary	optimal
bound-20260916T061948Z	RE:ACHN	magnitude_g1.00	EX_ins_e	0.0	0.0	3.766277777499092e-10	primary	optimal
bound-20260916T061948Z	RE:ACHN	magnitude_g1.00	EX_lac__L_e	0.0	-2.7711895676641252e-08	1.104529563126054e-06	primary	optimal
bound-20260916T061948Z	RE:ACHN	magnitude_g1.00	EX_lcts_e	0.0	0.0	1.6513033430602918e-09	primary	optimal
bound-20260916T061948Z	RE:ACHN	magnitude_g1.00	EX_leu__L_e	-0.544556019816	-0.5445560750473835	-0.544556019816	primary	optimal
bound-20260916T061948Z	RE:ACHN	magnitude_g1.00	EX_lys__L_e	-0.591041681546	-0.591041745267123	-0.5910416815459939	primary	optimal
bound-20260916T061948Z	RE:ACHN	magnitude_g1.00	EX_mal__L_e	0.0	0.0	5.522679155928326e-07	primary	optimal
bound-20260916T061948Z	RE:ACHN	magnitude_g1.00	EX_met__L_e	-0.15274088440199998	-0.1527409713020275	-0.15274088440199984	primary	optimal
bound-20260916T061948Z	RE:ACHN	magnitude_g1.00	EX_nac_e	6.325389926338874e-15	0.0	1.2551393976124174e-08	primary	optimal
bound-20260916T061948Z	RE:ACHN	magnitude_g1.00	EX_ncam_e	0.0	-5.522664412999779e-08	-1.3164569563871233e-22	primary	optimal
bound-20260916T061948Z	RE:ACHN	magnitude_g1.00	EX_nicrnt_e	0.0	0.0	1.0564714827596006e-09	primary	optimal
bound-20260916T061948Z	RE:ACHN	magnitude_g1.00	EX_orn_e	0.0	0.0	2.8169915920865626e-08	primary	optimal
bound-20260916T061948Z	RE:ACHN	magnitude_g1.00	EX_orot5p_e	0.0	0.0	5.738348391598551e-10	primary	optimal
bound-20260916T061948Z	RE:ACHN	magnitude_g1.00	EX_orot_e	0.0	0.0	1.1603686372787732e-09	primary	optimal
bound-20260916T061948Z	RE:ACHN	magnitude_g1.00	EX_oxa_e	0.0	0.0	6.4187477735235774e-09	primary	optimal
bound-20260916T061948Z	RE:ACHN	magnitude_g1.00	EX_pep_e	0.0	0.0	2.70620100512556e-09	primary	optimal
bound-20260916T061948Z	RE:ACHN	magnitude_g1.00	EX_phe__L_e	-0.258996107074	-0.25899617204799324	-0.258996107074	primary	optimal
bound-20260916T061948Z	RE:ACHN	magnitude_g1.00	EX_pnto__R_e	0.0	-5.5227122427889984e-08	6.90338608324683e-08	primary	optimal
bound-20260916T061948Z	RE:ACHN	magnitude_g1.00	EX_pro__L_e	-0.411736991476	-0.41173705519987486	-0.41173697735354464	primary	optimal
bound-20260916T061948Z	RE:ACHN	magnitude_g1.00	EX_quln_e	0.0	0.0	5.032094209082144e-09	primary	optimal
bound-20260916T061948Z	RE:ACHN	magnitude_g1.00	EX_sbt__D_e	0.0	0.0	0.0	primary	optimal
bound-20260916T061948Z	RE:ACHN	magnitude_g1.00	EX_ser__L_e	-1.3839107093231109	-1.3839114370522152	-1.383910603436805	primary	optimal
bound-20260916T061948Z	RE:ACHN	magnitude_g1.00	EX_spmd_e	0.0	0.0	8.952357558145934e-10	primary	optimal
bound-20260916T061948Z	RE:ACHN	magnitude_g1.00	EX_sprm_e	0.0	0.0	4.612965854329366e-10	primary	optimal
bound-20260916T061948Z	RE:ACHN	magnitude_g1.00	EX_srtn_e	0.0	0.0	1.2623432871687734e-08	primary	optimal
bound-20260916T061948Z	RE:ACHN	magnitude_g1.00	EX_succ_e	3.039304708781943	3.039304667745385	3.039304708781943	primary	optimal
bound-20260916T061948Z	RE:ACHN	magnitude_g1.00	EX_sucr_e	0.0	0.0	0.0	primary	optimal
bound-20260916T061948Z	RE:ACHN	magnitude_g1.00	EX_taur_e	0.0	0.0	6.903455771620339e-08	primary	optimal
bound-20260916T061948Z	RE:ACHN	magnitude_g1.00	EX_tchola_e	0.0	0.0	1.3412206270015662e-09	primary	optimal
bound-20260916T061948Z	RE:ACHN	magnitude_g1.00	EX_thr__L_e	-0.31212371841000003	-0.31212377363830796	-0.31212371841000003	primary	optimal
bound-20260916T061948Z	RE:ACHN	magnitude_g1.00	EX_thym_e	0.0	0.0	7.727011595949445e-10	primary	optimal
bound-20260916T061948Z	RE:ACHN	magnitude_g1.00	EX_thymd_e	0.0	0.0	5.990103108655832e-10	primary	optimal
bound-20260916T061948Z	RE:ACHN	magnitude_g1.00	EX_trp__L_e	-0.013281902834000001	-0.013281958061577274	-0.013281902833998148	primary	optimal
bound-20260916T061948Z	RE:ACHN	magnitude_g1.00	EX_tyr__L_e	-0.15938183581899998	-0.1593818910471259	-0.15938177084535438	primary	optimal
bound-20260916T061948Z	RE:ACHN	magnitude_g1.00	EX_ump_e	0.0	0.0	3.996009986113266e-10	primary	optimal
bound-20260916T061948Z	RE:ACHN	magnitude_g1.00	EX_ura_e	0.0	0.0	9.91167657570124e-10	primary	optimal
bound-20260916T061948Z	RE:ACHN	magnitude_g1.00	EX_urate_e	0.0	0.0	4.4841918484500996e-10	primary	optimal
bound-20260916T061948Z	RE:ACHN	magnitude_g1.00	EX_uri_e	0.0	0.0	6.930044541906062e-10	primary	optimal
bound-20260916T061948Z	RE:ACHN	magnitude_g1.00	EX_val__L_e	-0.35196846773319385	-0.35196848395050295	-0.3519684287230011	primary	optimal
bound-20260916T061948Z	RE:ACHN	magnitude_g1.00	EX_xan_e	0.0	0.0	4.4425846894296826e-10	primary	optimal
bound-20260916T061948Z	RE:ACHN	magnitude_g1.00	EX_xmp_e	0.0	0.0	3.744511377802224e-10	primary	optimal
bound-20260916T061948Z	RE:ACHN	magnitude_g1.00	EX_xtsn_e	0.0	0.0	3.764925674246238e-10	primary	optimal
bound-20260916T061948Z	RE:CAKI-1	magnitude_g1.00	EX_2pg_e	0.0	0.0	6.79527731125008e-11	primary	optimal
bound-20260916T061948Z	RE:CAKI-1	magnitude_g1.00	EX_34hpp_e	0.0	0.0	6.992633229444723e-10	primary	optimal
bound-20260916T061948Z	RE:CAKI-1	magnitude_g1.00	EX_3hanthrn_e	0.0	0.0	2.803344199483423e-10	primary	optimal
bound-20260916T061948Z	RE:CAKI-1	magnitude_g1.00	EX_3pg_e	0.0	0.0	2.329479446795849e-10	primary	optimal
bound-20260916T061948Z	RE:CAKI-1	magnitude_g1.00	EX_4abut_e	0.0	0.0	3.5019206577848124e-10	primary	optimal
bound-20260916T061948Z	RE:CAKI-1	magnitude_g1.00	EX_4hbz_e	0.0	0.0	1.0076086550683368e-10	primary	optimal
bound-20260916T061948Z	RE:CAKI-1	magnitude_g1.00	EX_L2aadp_e	0.0	0.0	1.4508459886439478e-10	primary	optimal
bound-20260916T061948Z	RE:CAKI-1	magnitude_g1.00	EX_Lkynr_e	0.0	0.0	2.801255848451661e-10	primary	optimal
bound-20260916T061948Z	RE:CAKI-1	magnitude_g1.00	EX_acac_e	0.0	0.0	1.1441284436624771e-09	primary	optimal
bound-20260916T061948Z	RE:CAKI-1	magnitude_g1.00	EX_ade_e	0.0	0.0	8.786536427439798e-12	primary	optimal
bound-20260916T061948Z	RE:CAKI-1	magnitude_g1.00	EX_adn_e	0.0	0.0	7.461239390097479e-12	primary	optimal
bound-20260916T061948Z	RE:CAKI-1	magnitude_g1.00	EX_ahcys_e	0.0	0.0	6.451061776860761e-12	primary	optimal
bound-20260916T061948Z	RE:CAKI-1	magnitude_g1.00	EX_akg_e	0.0	0.0	9.938145407191433e-08	primary	optimal
bound-20260916T061948Z	RE:CAKI-1	magnitude_g1.00	EX_ala__L_e	0.0232433299595	0.02324332855547172	1.3383371402359379	primary	optimal
bound-20260916T061948Z	RE:CAKI-1	magnitude_g1.00	EX_amp_e	0.0	0.0	7.502748049887224e-12	primary	optimal
bound-20260916T061948Z	RE:CAKI-1	magnitude_g1.00	EX_anth_e	0.0	0.0	1.750903468801566e-10	primary	optimal
bound-20260916T061948Z	RE:CAKI-1	magnitude_g1.00	EX_arg__L_e	-0.35860938014000004	-0.3586093815364339	-0.3586093801034994	primary	optimal
bound-20260916T061948Z	RE:CAKI-1	magnitude_g1.00	EX_asn__L_e	-2.789202440087277	-2.7892024673761653	-2.789202436910335	primary	optimal
bound-20260916T061948Z	RE:CAKI-1	magnitude_g1.00	EX_asp__L_e	-0.6431874252270322	-0.6431874266229686	-0.6431874025781402	primary	optimal
bound-20260916T061948Z	RE:CAKI-1	magnitude_g1.00	EX_bilirub_e	0.0	0.0	1.3148949115002265e-11	primary	optimal
bound-20260916T061948Z	RE:CAKI-1	magnitude_g1.00	EX_cala_e	0.0	0.0	2.213577310114399e-11	primary	optimal
bound-20260916T061948Z	RE:CAKI-1	magnitude_g1.00	EX_chol_e	-0.1716376003610001	-0.17163760175602139	-0.1716376003459386	primary	optimal
bound-20260916T061948Z	RE:CAKI-1	magnitude_g1.00	EX_cholp_e	0.0	0.0	5.26557984487672e-11	primary	optimal
bound-20260916T061948Z	RE:CAKI-1	magnitude_g1.00	EX_cit_e	0.0	0.0	1.4027214603056542e-09	primary	optimal
bound-20260916T061948Z	RE:CAKI-1	magnitude_g1.00	EX_citr__L_e	0.0	0.0	3.501273486473191e-10	primary	optimal
bound-20260916T061948Z	RE:CAKI-1	magnitude_g1.00	EX_cmp_e	0.0	0.0	1.5598759244816637e-11	primary	optimal
bound-20260916T061948Z	RE:CAKI-1	magnitude_g1.00	EX_crn_e	2.3997724446387417e-18	-2.18825264361027e-09	9.601202726886599e-16	primary	optimal
bound-20260916T061948Z	RE:CAKI-1	magnitude_g1.00	EX_cyst__L_e	0.0	0.0	4.1576067734192915e-11	primary	optimal
bound-20260916T061948Z	RE:CAKI-1	magnitude_g1.00	EX_cytd_e	0.0	0.0	1.5784610594151822e-11	primary	optimal
bound-20260916T061948Z	RE:CAKI-1	magnitude_g1.00	EX_dad_2_e	0.0	0.0	7.2686345354015e-12	primary	optimal
bound-20260916T061948Z	RE:CAKI-1	magnitude_g1.00	EX_dcmp_e	0.0	0.0	1.2330920303044502e-11	primary	optimal
bound-20260916T061948Z	RE:CAKI-1	magnitude_g1.00	EX_dcyt_e	0.0	0.0	1.4030212891264059e-11	primary	optimal
bound-20260916T061948Z	RE:CAKI-1	magnitude_g1.00	EX_dhap_e	0.0	0.0	5.261482559679565e-11	primary	optimal
bound-20260916T061948Z	RE:CAKI-1	magnitude_g1.00	EX_dmgly_e	0.0	0.0	1.542176629642912e-10	primary	optimal
bound-20260916T061948Z	RE:CAKI-1	magnitude_g1.00	EX_duri_e	0.0	0.0	1.5402222961099228e-11	primary	optimal
bound-20260916T061948Z	RE:CAKI-1	magnitude_g1.00	EX_ethamp_e	0.0	0.0	4.737420335630854e-11	primary	optimal
bound-20260916T061948Z	RE:CAKI-1	magnitude_g1.00	EX_fol_e	-2.505619536601859e-16	-9.941160143561677e-08	1.9018384254517965e-15	primary	optimal
bound-20260916T061948Z	RE:CAKI-1	magnitude_g1.00	EX_fum_e	0.37412049104227124	0.37412004019875894	0.37412058625655636	primary	optimal
bound-20260916T061948Z	RE:CAKI-1	magnitude_g1.00	EX_g3pc_e	0.0	0.0	5.040223141335005e-11	primary	optimal
bound-20260916T061948Z	RE:CAKI-1	magnitude_g1.00	EX_glc__D_e	-3.2009973988936222	-3.2009976621126333	-3.200997248339347	primary	optimal
bound-20260916T061948Z	RE:CAKI-1	magnitude_g1.00	EX_glcur_e	0.0	-7.242230320575347e-10	4.677113456084411e-10	primary	optimal
bound-20260916T061948Z	RE:CAKI-1	magnitude_g1.00	EX_gln__L_e	-6.755748858299817	-6.755748859697466	-6.755748593000757	primary	optimal
bound-20260916T061948Z	RE:CAKI-1	magnitude_g1.00	EX_glu__L_e	-3.2308184081320497	-3.2308187593268562	-3.230818274244789	primary	optimal
bound-20260916T061948Z	RE:CAKI-1	magnitude_g1.00	EX_gly_e	0.0	-1.994363801213469e-09	4.6628134865538e-09	primary	optimal
bound-20260916T061948Z	RE:CAKI-1	magnitude_g1.00	EX_glyald_e	0.0	0.0	4.67461680312197e-10	primary	optimal
bound-20260916T061948Z	RE:CAKI-1	magnitude_g1.00	EX_glyb_e	0.0	0.0	2.803161473319874e-10	primary	optimal
bound-20260916T061948Z	RE:CAKI-1	magnitude_g1.00	EX_glyc3p_e	0.0	0.0	5.267117300756877e-11	primary	optimal
bound-20260916T061948Z	RE:CAKI-1	magnitude_g1.00	EX_gmp_e	0.0	0.0	9.53744892467042e-12	primary	optimal
bound-20260916T061948Z	RE:CAKI-1	magnitude_g1.00	EX_gthox_e	0.0	0.0	6.980611715168593e-10	primary	optimal
bound-20260916T061948Z	RE:CAKI-1	magnitude_g1.00	EX_hcys__L_e	0.0	0.0	7.000622184872412e-10	primary	optimal
bound-20260916T061948Z	RE:CAKI-1	magnitude_g1.00	EX_hom__L_e	0.0	0.0	0.0	primary	optimal
bound-20260916T061948Z	RE:CAKI-1	magnitude_g1.00	EX_hxan_e	0.0	0.0	1.162533163991758e-11	primary	optimal
bound-20260916T061948Z	RE:CAKI-1	magnitude_g1.00	EX_icit_e	4.655588410266968	4.655588019119045	4.655588411779495	primary	optimal
bound-20260916T061948Z	RE:CAKI-1	magnitude_g1.00	EX_ile__L_e	-0.28555991274200004	-0.2855599141371343	-0.285559912742	primary	optimal
bound-20260916T061948Z	RE:CAKI-1	magnitude_g1.00	EX_imp_e	0.0	0.0	8.595761406960992e-12	primary	optimal
bound-20260916T061948Z	RE:CAKI-1	magnitude_g1.00	EX_ins_e	0.0	0.0	8.58811627725447e-12	primary	optimal
bound-20260916T061948Z	RE:CAKI-1	magnitude_g1.00	EX_lac__L_e	0.0	-4.809288667397208e-10	1.091726150491502e-06	primary	optimal
bound-20260916T061948Z	RE:CAKI-1	magnitude_g1.00	EX_lcts_e	0.0	0.0	3.6246508374091693e-11	primary	optimal
bound-20260916T061948Z	RE:CAKI-1	magnitude_g1.00	EX_leu__L_e	-0.5445560198160003	-0.5445560212146676	-0.544556019815992	primary	optimal
bound-20260916T061948Z	RE:CAKI-1	magnitude_g1.00	EX_lys__L_e	-0.591041681546	-0.5910416829475756	-0.591041681546	primary	optimal
bound-20260916T061948Z	RE:CAKI-1	magnitude_g1.00	EX_mal__L_e	0.0	0.0	5.472731761684549e-07	primary	optimal
bound-20260916T061948Z	RE:CAKI-1	magnitude_g1.00	EX_met__L_e	-0.15274088440199998	-0.1527408892122296	-0.15274088440199998	primary	optimal
bound-20260916T061948Z	RE:CAKI-1	magnitude_g1.00	EX_nac_e	5.991340373159139e-15	0.0	2.8009819416871137e-10	primary	optimal
bound-20260916T061948Z	RE:CAKI-1	magnitude_g1.00	EX_ncam_e	0.0	-1.391353489370983e-09	1.6717900151737845e-25	primary	optimal
bound-20260916T061948Z	RE:CAKI-1	magnitude_g1.00	EX_nicrnt_e	0.0	0.0	2.4083825324971762e-11	primary	optimal
bound-20260916T061948Z	RE:CAKI-1	magnitude_g1.00	EX_orn_e	0.0	0.0	1.068560871986735e-09	primary	optimal
bound-20260916T061948Z	RE:CAKI-1	magnitude_g1.00	EX_orot5p_e	0.0	0.0	1.3054636783953692e-11	primary	optimal
bound-20260916T061948Z	RE:CAKI-1	magnitude_g1.00	EX_orot_e	0.0	0.0	2.6244494284661798e-11	primary	optimal
bound-20260916T061948Z	RE:CAKI-1	magnitude_g1.00	EX_oxa_e	0.0	0.0	1.444831589017273e-10	primary	optimal
bound-20260916T061948Z	RE:CAKI-1	magnitude_g1.00	EX_pep_e	0.0	0.0	6.917124282193671e-11	primary	optimal
bound-20260916T061948Z	RE:CAKI-1	magnitude_g1.00	EX_phe__L_e	-0.258996107074	-0.2589961084738032	-0.258996107074	primary	optimal
bound-20260916T061948Z	RE:CAKI-1	magnitude_g1.00	EX_pnto__R_e	0.0	-1.4004133261251742e-09	1.4031359898964005e-09	primary	optimal
bound-20260916T061948Z	RE:CAKI-1	magnitude_g1.00	EX_pro__L_e	-0.411736991476	-0.4117369928768791	-0.411736991148841	primary	optimal
bound-20260916T061948Z	RE:CAKI-1	magnitude_g1.00	EX_quln_e	0.0	0.0	1.165159581184908e-10	primary	optimal
bound-20260916T061948Z	RE:CAKI-1	magnitude_g1.00	EX_sbt__D_e	0.0	0.0	0.0	primary	optimal
bound-20260916T061948Z	RE:CAKI-1	magnitude_g1.00	EX_ser__L_e	-2.7624511917801993	-2.762451438914931	-2.762450610887651	primary	optimal
bound-20260916T061948Z	RE:CAKI-1	magnitude_g1.00	EX_spmd_e	0.0	0.0	9.362289795547229e-10	primary	optimal
bound-20260916T061948Z	RE:CAKI-1	magnitude_g1.00	EX_sprm_e	0.0	0.0	1.0379550447291731e-11	primary	optimal
bound-20260916T061948Z	RE:CAKI-1	magnitude_g1.00	EX_srtn_e	0.0	0.0	3.001271586246604e-10	primary	optimal
bound-20260916T061948Z	RE:CAKI-1	magnitude_g1.00	EX_succ_e	3.076500050901732	3.076499893757089	3.076500058920598	primary	optimal
bound-20260916T061948Z	RE:CAKI-1	magnitude_g1.00	EX_sucr_e	0.0	0.0	5.607251959785636e-10	primary	optimal
bound-20260916T061948Z	RE:CAKI-1	magnitude_g1.00	EX_taur_e	0.0	0.0	1.405783824823595e-09	primary	optimal
bound-20260916T061948Z	RE:CAKI-1	magnitude_g1.00	EX_tchola_e	0.0	0.0	4.3309591464343466e-11	primary	optimal
bound-20260916T061948Z	RE:CAKI-1	magnitude_g1.00	EX_thr__L_e	-0.31212371841000003	-0.3121237198073222	-0.31212371841000497	primary	optimal
bound-20260916T061948Z	RE:CAKI-1	magnitude_g1.00	EX_thym_e	0.0	0.0	1.7035721332846397e-11	primary	optimal
bound-20260916T061948Z	RE:CAKI-1	magnitude_g1.00	EX_thymd_e	0.0	0.0	1.3104550498404175e-11	primary	optimal
bound-20260916T061948Z	RE:CAKI-1	magnitude_g1.00	EX_trp__L_e	-0.013281902834000001	-0.013281904230795666	-0.013281902834	primary	optimal
bound-20260916T061948Z	RE:CAKI-1	magnitude_g1.00	EX_tyr__L_e	-0.15938183581899998	-0.159381837216544	-0.15938183441519768	primary	optimal
bound-20260916T061948Z	RE:CAKI-1	magnitude_g1.00	EX_ump_e	0.0	0.0	8.769885548443124e-12	primary	optimal
bound-20260916T061948Z	RE:CAKI-1	magnitude_g1.00	EX_ura_e	0.0	0.0	2.2176746261446388e-11	primary	optimal
bound-20260916T061948Z	RE:CAKI-1	magnitude_g1.00	EX_urate_e	0.0	0.0	1.0050130716311961e-11	primary	optimal
bound-20260916T061948Z	RE:CAKI-1	magnitude_g1.00	EX_uri_e	0.0	0.0	1.5596210527448764e-11	primary	optimal
bound-20260916T061948Z	RE:CAKI-1	magnitude_g1.00	EX_val__L_e	-0.35196843012451207	-0.3519684301210844	-0.351968428723	primary	optimal
bound-20260916T061948Z	RE:CAKI-1	magnitude_g1.00	EX_xan_e	0.0	0.0	1.0046107305592368e-11	primary	optimal
bound-20260916T061948Z	RE:CAKI-1	magnitude_g1.00	EX_xmp_e	0.0	0.0	8.500843346590425e-12	primary	optimal
bound-20260916T061948Z	RE:CAKI-1	magnitude_g1.00	EX_xtsn_e	0.0	0.0	8.526868801223006e-12	primary	optimal
bound-20260916T061948Z	RE:RXF 393	magnitude_g1.00	EX_2pg_e	0.0	0.0	3.6501988544460608e-09	primary	optimal
bound-20260916T061948Z	RE:RXF 393	magnitude_g1.00	EX_34hpp_e	0.0	0.0	4.5867157837431865e-08	primary	optimal
bound-20260916T061948Z	RE:RXF 393	magnitude_g1.00	EX_3hanthrn_e	0.0	0.0	8.276857117780372e-09	primary	optimal
bound-20260916T061948Z	RE:RXF 393	magnitude_g1.00	EX_3pg_e	0.0	0.0	1.0899152829013512e-08	primary	optimal
bound-20260916T061948Z	RE:RXF 393	magnitude_g1.00	EX_4abut_e	0.0	0.0	2.038587302808913e-08	primary	optimal
bound-20260916T061948Z	RE:RXF 393	magnitude_g1.00	EX_4hbz_e	0.0	-2.0559058679496606e-10	5.7621063967616025e-09	primary	optimal
bound-20260916T061948Z	RE:RXF 393	magnitude_g1.00	EX_L2aadp_e	0.0	0.0	8.147424138166044e-09	primary	optimal
bound-20260916T061948Z	RE:RXF 393	magnitude_g1.00	EX_Lkynr_e	0.0	0.0	1.5953871497035317e-08	primary	optimal
bound-20260916T061948Z	RE:RXF 393	magnitude_g1.00	EX_acac_e	0.0	0.0	3.676284939977263e-08	primary	optimal
bound-20260916T061948Z	RE:RXF 393	magnitude_g1.00	EX_ade_e	0.0	0.0	5.208323686046555e-10	primary	optimal
bound-20260916T061948Z	RE:RXF 393	magnitude_g1.00	EX_adn_e	0.0	0.0	4.4655530161212513e-10	primary	optimal
bound-20260916T061948Z	RE:RXF 393	magnitude_g1.00	EX_ahcys_e	0.0	0.0	4.447324552796894e-10	primary	optimal
bound-20260916T061948Z	RE:RXF 393	magnitude_g1.00	EX_akg_e	0.0	0.0	9.173468973004931e-08	primary	optimal
bound-20260916T061948Z	RE:RXF 393	magnitude_g1.00	EX_ala__L_e	0.0232433299595	0.023243238224988146	0.2555307933098454	primary	optimal
bound-20260916T061948Z	RE:RXF 393	magnitude_g1.00	EX_amp_e	0.0	0.0	4.487398554611637e-10	primary	optimal
bound-20260916T061948Z	RE:RXF 393	magnitude_g1.00	EX_anth_e	0.0	0.0	1.0192431585979561e-08	primary	optimal
bound-20260916T061948Z	RE:RXF 393	magnitude_g1.00	EX_arg__L_e	-0.35860938014000004	-0.3586094491836785	-0.3586093778829301	primary	optimal
bound-20260916T061948Z	RE:RXF 393	magnitude_g1.00	EX_asn__L_e	-3.317096088130478	-3.3170962204171883	-3.317095862140186	primary	optimal
bound-20260916T061948Z	RE:RXF 393	magnitude_g1.00	EX_asp__L_e	-0.6143369586476862	-0.6143370274484287	-0.6143368516554921	primary	optimal
bound-20260916T061948Z	RE:RXF 393	magnitude_g1.00	EX_bilirub_e	0.0	0.0	8.277520264337615e-10	primary	optimal
bound-20260916T061948Z	RE:RXF 393	magnitude_g1.00	EX_cala_e	0.0	0.0	1.2653404823804128e-09	primary	optimal
bound-20260916T061948Z	RE:RXF 393	magnitude_g1.00	EX_chol_e	-0.17163760036100006	-0.17163766916244233	-0.17163759948734542	primary	optimal
bound-20260916T061948Z	RE:RXF 393	magnitude_g1.00	EX_cholp_e	0.0	0.0	3.1221331035326915e-09	primary	optimal
bound-20260916T061948Z	RE:RXF 393	magnitude_g1.00	EX_cit_e	0.0	0.0	9.173399339251846e-08	primary	optimal
bound-20260916T061948Z	RE:RXF 393	magnitude_g1.00	EX_citr__L_e	0.0	0.0	2.001442053081189e-08	primary	optimal
bound-20260916T061948Z	RE:RXF 393	magnitude_g1.00	EX_cmp_e	0.0	0.0	0.0	primary	optimal
bound-20260916T061948Z	RE:RXF 393	magnitude_g1.00	EX_crn_e	0.0	-3.795958394964349e-08	-2.0350081132734873e-16	primary	optimal
bound-20260916T061948Z	RE:RXF 393	magnitude_g1.00	EX_cyst__L_e	0.0	0.0	2.502223268140618e-09	primary	optimal
bound-20260916T061948Z	RE:RXF 393	magnitude_g1.00	EX_cytd_e	0.0	0.0	9.130940641523405e-10	primary	optimal
bound-20260916T061948Z	RE:RXF 393	magnitude_g1.00	EX_dad_2_e	0.0	0.0	4.450939850374131e-10	primary	optimal
bound-20260916T061948Z	RE:RXF 393	magnitude_g1.00	EX_dcmp_e	0.0	0.0	7.432128129681545e-10	primary	optimal
bound-20260916T061948Z	RE:RXF 393	magnitude_g1.00	EX_dcyt_e	0.0	0.0	8.542799808821263e-10	primary	optimal
bound-20260916T061948Z	RE:RXF 393	magnitude_g1.00	EX_dhap_e	0.0	0.0	3.131058746004649e-09	primary	optimal
bound-20260916T061948Z	RE:RXF 393	magnitude_g1.00	EX_dmgly_e	0.0	0.0	9.281078446652357e-09	primary	optimal
bound-20260916T061948Z	RE:RXF 393	magnitude_g1.00	EX_duri_e	0.0	0.0	9.115794942716676e-10	primary	optimal
bound-20260916T061948Z	RE:RXF 393	magnitude_g1.00	EX_ethamp_e	0.0	0.0	2.818431868824576e-09	primary	optimal
bound-20260916T061948Z	RE:RXF 393	magnitude_g1.00	EX_fol_e	1.8792146524513948e-16	-7.338905035810817e-08	-5.03084763877649e-16	primary	optimal
bound-20260916T061948Z	RE:RXF 393	magnitude_g1.00	EX_fum_e	1.1184715463462458	1.1184705463033575	1.1184720052721642	primary	optimal
bound-20260916T061948Z	RE:RXF 393	magnitude_g1.00	EX_g3pc_e	0.0	0.0	2.781067728820744e-09	primary	optimal
bound-20260916T061948Z	RE:RXF 393	magnitude_g1.00	EX_glc__D_e	-3.861853627174587	-3.861854639772885	-3.745710770494777	primary	optimal
bound-20260916T061948Z	RE:RXF 393	magnitude_g1.00	EX_glcur_e	0.0	0.0	2.6849585263995628e-08	primary	optimal
bound-20260916T061948Z	RE:RXF 393	magnitude_g1.00	EX_gln__L_e	-6.879542327663555	-6.879543571756215	-6.879540785238565	primary	optimal
bound-20260916T061948Z	RE:RXF 393	magnitude_g1.00	EX_glu__L_e	-1.9092318477036263	-1.909233592938051	-1.9092301994687964	primary	optimal
bound-20260916T061948Z	RE:RXF 393	magnitude_g1.00	EX_gly_e	0.0	-1.0946722342694113e-07	1.8520468013868103e-07	primary	optimal
bound-20260916T061948Z	RE:RXF 393	magnitude_g1.00	EX_glyald_e	0.0	0.0	2.8225750525392968e-08	primary	optimal
bound-20260916T061948Z	RE:RXF 393	magnitude_g1.00	EX_glyb_e	0.0	0.0	1.6935875530251767e-08	primary	optimal
bound-20260916T061948Z	RE:RXF 393	magnitude_g1.00	EX_glyc3p_e	0.0	0.0	3.1310669181002742e-09	primary	optimal
bound-20260916T061948Z	RE:RXF 393	magnitude_g1.00	EX_gmp_e	0.0	0.0	5.301209057269816e-10	primary	optimal
bound-20260916T061948Z	RE:RXF 393	magnitude_g1.00	EX_gthox_e	0.0	0.0	2.3930288216373487e-08	primary	optimal
bound-20260916T061948Z	RE:RXF 393	magnitude_g1.00	EX_hcys__L_e	0.0	0.0	2.57837498736571e-09	primary	optimal
bound-20260916T061948Z	RE:RXF 393	magnitude_g1.00	EX_hom__L_e	0.0	0.0	0.0	primary	optimal
bound-20260916T061948Z	RE:RXF 393	magnitude_g1.00	EX_hxan_e	0.0	0.0	6.265515796162733e-10	primary	optimal
bound-20260916T061948Z	RE:RXF 393	magnitude_g1.00	EX_icit_e	4.675825395974043	4.675824845572106	4.67582549103183	primary	optimal
bound-20260916T061948Z	RE:RXF 393	magnitude_g1.00	EX_ile__L_e	-0.28555991274200004	-0.2855599815422799	-0.285559912742	primary	optimal
bound-20260916T061948Z	RE:RXF 393	magnitude_g1.00	EX_imp_e	0.0	0.0	5.145115209813124e-10	primary	optimal
bound-20260916T061948Z	RE:RXF 393	magnitude_g1.00	EX_ins_e	0.0	0.0	5.14757834287883e-10	primary	optimal
bound-20260916T061948Z	RE:RXF 393	magnitude_g1.00	EX_lac__L_e	0.0	-3.375617336629546e-08	0.34843119503282927	primary	optimal
bound-20260916T061948Z	RE:RXF 393	magnitude_g1.00	EX_lcts_e	0.0	0.0	2.059745205605521e-09	primary	optimal
bound-20260916T061948Z	RE:RXF 393	magnitude_g1.00	EX_leu__L_e	-0.544556019816	-0.5445560886169581	-0.5445560198160048	primary	optimal
bound-20260916T061948Z	RE:RXF 393	magnitude_g1.00	EX_lys__L_e	-0.591041681546	-0.5910417601758362	-0.591041681546	primary	optimal
bound-20260916T061948Z	RE:RXF 393	magnitude_g1.00	EX_mal__L_e	1.0077644722531534e-07	0.0	1.1008106535096592e-06	primary	optimal
bound-20260916T061948Z	RE:RXF 393	magnitude_g1.00	EX_met__L_e	-0.15274088440199998	-0.15274106960904096	-0.15274088440199998	primary	optimal
bound-20260916T061948Z	RE:RXF 393	magnitude_g1.00	EX_nac_e	8.491324125988131e-15	0.0	1.6430038816380444e-08	primary	optimal
bound-20260916T061948Z	RE:RXF 393	magnitude_g1.00	EX_ncam_e	0.0	-6.88004295435328e-08	6.965886983038921e-15	primary	optimal
bound-20260916T061948Z	RE:RXF 393	magnitude_g1.00	EX_nicrnt_e	0.0	0.0	1.4349204637145226e-09	primary	optimal
bound-20260916T061948Z	RE:RXF 393	magnitude_g1.00	EX_orn_e	0.0	0.0	4.243092300408499e-08	primary	optimal
bound-20260916T061948Z	RE:RXF 393	magnitude_g1.00	EX_orot5p_e	0.0	0.0	7.670302992116348e-10	primary	optimal
bound-20260916T061948Z	RE:RXF 393	magnitude_g1.00	EX_orot_e	0.0	0.0	1.5748091843278796e-09	primary	optimal
bound-20260916T061948Z	RE:RXF 393	magnitude_g1.00	EX_oxa_e	0.0	0.0	8.097656186606878e-09	primary	optimal
bound-20260916T061948Z	RE:RXF 393	magnitude_g1.00	EX_pep_e	0.0	0.0	3.7116500369722392e-09	primary	optimal
bound-20260916T061948Z	RE:RXF 393	magnitude_g1.00	EX_phe__L_e	-0.258996107074	-0.25899619175191024	-0.258996107074	primary	optimal
bound-20260916T061948Z	RE:RXF 393	magnitude_g1.00	EX_pnto__R_e	0.0	-6.880081170073151e-08	9.173303391709248e-08	primary	optimal
bound-20260916T061948Z	RE:RXF 393	magnitude_g1.00	EX_pro__L_e	-0.411736991476	-0.41173707010493243	-0.411736970683826	primary	optimal
bound-20260916T061948Z	RE:RXF 393	magnitude_g1.00	EX_quln_e	0.0	0.0	6.475257822174907e-09	primary	optimal
bound-20260916T061948Z	RE:RXF 393	magnitude_g1.00	EX_sbt__D_e	0.0	0.0	0.0	primary	optimal
bound-20260916T061948Z	RE:RXF 393	magnitude_g1.00	EX_ser__L_e	-1.4189273197030057	-1.6512130330535684	-1.4189254779795795	primary	optimal
bound-20260916T061948Z	RE:RXF 393	magnitude_g1.00	EX_spmd_e	0.0	0.0	1.200581187686418e-09	primary	optimal
bound-20260916T061948Z	RE:RXF 393	magnitude_g1.00	EX_sprm_e	0.0	0.0	6.21327474802858e-10	primary	optimal
bound-20260916T061948Z	RE:RXF 393	magnitude_g1.00	EX_srtn_e	0.0	0.0	1.6430439399191156e-08	primary	optimal
bound-20260916T061948Z	RE:RXF 393	magnitude_g1.00	EX_succ_e	3.0814853017019086	3.081484617377688	3.0814853017019086	primary	optimal
bound-20260916T061948Z	RE:RXF 393	magnitude_g1.00	EX_sucr_e	0.0	0.0	0.0	primary	optimal
bound-20260916T061948Z	RE:RXF 393	magnitude_g1.00	EX_taur_e	0.0	0.0	9.173468308342909e-08	primary	optimal
bound-20260916T061948Z	RE:RXF 393	magnitude_g1.00	EX_tchola_e	0.0	0.0	1.7291362246501104e-09	primary	optimal
bound-20260916T061948Z	RE:RXF 393	magnitude_g1.00	EX_thr__L_e	-0.31212371841000003	-0.31212378721147127	-0.3121237184100001	primary	optimal
bound-20260916T061948Z	RE:RXF 393	magnitude_g1.00	EX_thym_e	0.0	0.0	1.0407745905443052e-09	primary	optimal
bound-20260916T061948Z	RE:RXF 393	magnitude_g1.00	EX_thymd_e	0.0	0.0	7.952151418367183e-10	primary	optimal
bound-20260916T061948Z	RE:RXF 393	magnitude_g1.00	EX_trp__L_e	-0.013281902834000001	-0.01328197163466835	-0.013281902833989402	primary	optimal
bound-20260916T061948Z	RE:RXF 393	magnitude_g1.00	EX_tyr__L_e	-0.15938183581899998	-0.15938190461966933	-0.15938175113854594	primary	optimal
bound-20260916T061948Z	RE:RXF 393	magnitude_g1.00	EX_ump_e	0.0	0.0	5.42034654561892e-10	primary	optimal
bound-20260916T061948Z	RE:RXF 393	magnitude_g1.00	EX_ura_e	0.0	0.0	1.340814347950614e-09	primary	optimal
bound-20260916T061948Z	RE:RXF 393	magnitude_g1.00	EX_urate_e	0.0	0.0	6.049785020313507e-10	primary	optimal
bound-20260916T061948Z	RE:RXF 393	magnitude_g1.00	EX_uri_e	0.0	0.0	9.38796699946032e-10	primary	optimal
bound-20260916T061948Z	RE:RXF 393	magnitude_g1.00	EX_val__L_e	-0.35196849122809354	-0.3519684975243826	-0.35196842872300116	primary	optimal
bound-20260916T061948Z	RE:RXF 393	magnitude_g1.00	EX_xan_e	0.0	0.0	6.075213458944132e-10	primary	optimal
bound-20260916T061948Z	RE:RXF 393	magnitude_g1.00	EX_xmp_e	0.0	0.0	5.114013960037338e-10	primary	optimal
bound-20260916T061948Z	RE:RXF 393	magnitude_g1.00	EX_xtsn_e	0.0	0.0	5.145163666341773e-10	primary	optimal
bound-20260916T061948Z	RE:SN12C	magnitude_g1.00	EX_2pg_e	0.0	0.0	1.663517579960475e-09	primary	optimal
bound-20260916T061948Z	RE:SN12C	magnitude_g1.00	EX_34hpp_e	0.0	0.0	2.236800536223348e-08	primary	optimal
bound-20260916T061948Z	RE:SN12C	magnitude_g1.00	EX_3hanthrn_e	0.0	0.0	4.249723918853418e-09	primary	optimal
bound-20260916T061948Z	RE:SN12C	magnitude_g1.00	EX_3pg_e	0.0	0.0	1.7278654651058916e-09	primary	optimal
bound-20260916T061948Z	RE:SN12C	magnitude_g1.00	EX_4abut_e	0.0	0.0	1.0679130370683256e-08	primary	optimal
bound-20260916T061948Z	RE:SN12C	magnitude_g1.00	EX_4hbz_e	0.0	0.0	2.621086150072692e-09	primary	optimal
bound-20260916T061948Z	RE:SN12C	magnitude_g1.00	EX_L2aadp_e	0.0	0.0	5.572958148463948e-09	primary	optimal
bound-20260916T061948Z	RE:SN12C	magnitude_g1.00	EX_Lkynr_e	0.0	0.0	8.318307850439398e-09	primary	optimal
bound-20260916T061948Z	RE:SN12C	magnitude_g1.00	EX_acac_e	0.0	0.0	1.4956882178515497e-08	primary	optimal
bound-20260916T061948Z	RE:SN12C	magnitude_g1.00	EX_ade_e	0.0	0.0	2.4940363879401453e-10	primary	optimal
bound-20260916T061948Z	RE:SN12C	magnitude_g1.00	EX_adn_e	0.0	0.0	2.097420324504639e-10	primary	optimal
bound-20260916T061948Z	RE:SN12C	magnitude_g1.00	EX_ahcys_e	0.0	0.0	2.097627545461073e-10	primary	optimal
bound-20260916T061948Z	RE:SN12C	magnitude_g1.00	EX_akg_e	0.0	0.0	9.196200083515789e-08	primary	optimal
bound-20260916T061948Z	RE:SN12C	magnitude_g1.00	EX_ala__L_e	0.0232433299595	0.02324328333301832	0.023244433482322087	primary	optimal
bound-20260916T061948Z	RE:SN12C	magnitude_g1.00	EX_amp_e	0.0	0.0	2.1072465254107946e-10	primary	optimal
bound-20260916T061948Z	RE:SN12C	magnitude_g1.00	EX_anth_e	0.0	0.0	5.280011417984028e-09	primary	optimal
bound-20260916T061948Z	RE:SN12C	magnitude_g1.00	EX_arg__L_e	-0.35860938014000004	-0.35860941863601703	-0.3586093791360587	primary	optimal
bound-20260916T061948Z	RE:SN12C	magnitude_g1.00	EX_asn__L_e	-3.474679929409382	-3.4746799679029676	-3.4746798684631806	primary	optimal
bound-20260916T061948Z	RE:SN12C	magnitude_g1.00	EX_asp__L_e	-0.5127068033929979	-0.512706841888557	-0.5127067205791283	primary	optimal
bound-20260916T061948Z	RE:SN12C	magnitude_g1.00	EX_bilirub_e	0.0	0.0	3.9233443854306017e-10	primary	optimal
bound-20260916T061948Z	RE:SN12C	magnitude_g1.00	EX_cala_e	0.0	0.0	6.264322870573425e-10	primary	optimal
bound-20260916T061948Z	RE:SN12C	magnitude_g1.00	EX_chol_e	-0.17163760036099995	-0.17163763885549999	-0.17163759995177624	primary	optimal
bound-20260916T061948Z	RE:SN12C	magnitude_g1.00	EX_cholp_e	0.0	0.0	1.4406112781539862e-09	primary	optimal
bound-20260916T061948Z	RE:SN12C	magnitude_g1.00	EX_cit_e	0.0	0.0	4.473872742754229e-08	primary	optimal
bound-20260916T061948Z	RE:SN12C	magnitude_g1.00	EX_citr__L_e	0.0	0.0	1.0543141729183267e-08	primary	optimal
bound-20260916T061948Z	RE:SN12C	magnitude_g1.00	EX_cmp_e	0.0	0.0	4.4375183479145474e-10	primary	optimal
bound-20260916T061948Z	RE:SN12C	magnitude_g1.00	EX_crn_e	0.0	-1.85991732188294e-08	6.623377220140426e-15	primary	optimal
bound-20260916T061948Z	RE:SN12C	magnitude_g1.00	EX_cyst__L_e	0.0	0.0	1.1777995007218967e-09	primary	optimal
bound-20260916T061948Z	RE:SN12C	magnitude_g1.00	EX_cytd_e	0.0	0.0	4.419450441602106e-10	primary	optimal
bound-20260916T061948Z	RE:SN12C	magnitude_g1.00	EX_dad_2_e	0.0	0.0	2.077485135655277e-10	primary	optimal
bound-20260916T061948Z	RE:SN12C	magnitude_g1.00	EX_dcmp_e	0.0	0.0	3.437423405234511e-10	primary	optimal
bound-20260916T061948Z	RE:SN12C	magnitude_g1.00	EX_dcyt_e	0.0	0.0	3.9851966728361007e-10	primary	optimal
bound-20260916T061948Z	RE:SN12C	magnitude_g1.00	EX_dhap_e	0.0	0.0	1.44250362730823e-09	primary	optimal
bound-20260916T061948Z	RE:SN12C	magnitude_g1.00	EX_dmgly_e	0.0	0.0	4.246388467209636e-09	primary	optimal
bound-20260916T061948Z	RE:SN12C	magnitude_g1.00	EX_duri_e	0.0	0.0	4.331282141420229e-10	primary	optimal
bound-20260916T061948Z	RE:SN12C	magnitude_g1.00	EX_ethamp_e	0.0	0.0	1.3126834497053249e-09	primary	optimal
bound-20260916T061948Z	RE:SN12C	magnitude_g1.00	EX_fol_e	1.0179079367445054e-16	-9.195907081110877e-08	1.588010949037374e-15	primary	optimal
bound-20260916T061948Z	RE:SN12C	magnitude_g1.00	EX_fum_e	1.1068875737129034	1.1068869963257597	1.1068886515197913	primary	optimal
bound-20260916T061948Z	RE:SN12C	magnitude_g1.00	EX_g3pc_e	0.0	0.0	1.244947130315653e-09	primary	optimal
bound-20260916T061948Z	RE:SN12C	magnitude_g1.00	EX_glc__D_e	-3.7513929740020617	-3.7513930509929847	-3.751392422250508	primary	optimal
bound-20260916T061948Z	RE:SN12C	magnitude_g1.00	EX_glcur_e	0.0	0.0	1.3567335580514002e-08	primary	optimal
bound-20260916T061948Z	RE:SN12C	magnitude_g1.00	EX_gln__L_e	-5.623550232818516	-5.623550287046264	-5.623550194746512	primary	optimal
bound-20260916T061948Z	RE:SN12C	magnitude_g1.00	EX_glu__L_e	-2.975626445786223	-2.975626536982004	-2.9756262918112975	primary	optimal
bound-20260916T061948Z	RE:SN12C	magnitude_g1.00	EX_gly_e	0.0	-2.555894577943151e-07	4.5320058237827195e-08	primary	optimal
bound-20260916T061948Z	RE:SN12C	magnitude_g1.00	EX_glyald_e	0.0	0.0	1.432968632086572e-08	primary	optimal
bound-20260916T061948Z	RE:SN12C	magnitude_g1.00	EX_glyb_e	0.0	0.0	8.666853070315658e-09	primary	optimal
bound-20260916T061948Z	RE:SN12C	magnitude_g1.00	EX_glyc3p_e	0.0	0.0	1.441316170422169e-09	primary	optimal
bound-20260916T061948Z	RE:SN12C	magnitude_g1.00	EX_gmp_e	0.0	0.0	2.4122822027426035e-10	primary	optimal
bound-20260916T061948Z	RE:SN12C	magnitude_g1.00	EX_gthox_e	0.0	0.0	1.3111776233814521e-08	primary	optimal
bound-20260916T061948Z	RE:SN12C	magnitude_g1.00	EX_hcys__L_e	0.0	0.0	1.2637517229289323e-09	primary	optimal
bound-20260916T061948Z	RE:SN12C	magnitude_g1.00	EX_hom__L_e	0.0	0.0	0.0	primary	optimal
bound-20260916T061948Z	RE:SN12C	magnitude_g1.00	EX_hxan_e	0.0	0.0	2.8531473862062043e-10	primary	optimal
bound-20260916T061948Z	RE:SN12C	magnitude_g1.00	EX_icit_e	4.323454869379101	4.323453714591174	4.323455369824023	primary	optimal
bound-20260916T061948Z	RE:SN12C	magnitude_g1.00	EX_ile__L_e	-0.2855599127419997	-0.2855599512364439	-0.28555991274199966	primary	optimal
bound-20260916T061948Z	RE:SN12C	magnitude_g1.00	EX_imp_e	0.0	0.0	2.3722254405662145e-10	primary	optimal
bound-20260916T061948Z	RE:SN12C	magnitude_g1.00	EX_ins_e	0.0	0.0	2.3608667378473435e-10	primary	optimal
bound-20260916T061948Z	RE:SN12C	magnitude_g1.00	EX_lac__L_e	0.0	-1.8344060203019594e-08	1.655214053104086e-06	primary	optimal
bound-20260916T061948Z	RE:SN12C	magnitude_g1.00	EX_lcts_e	0.0	0.0	1.0842191645518715e-09	primary	optimal
bound-20260916T061948Z	RE:SN12C	magnitude_g1.00	EX_leu__L_e	-0.544556019816	-0.5445560583085516	-0.544556019816	primary	optimal
bound-20260916T061948Z	RE:SN12C	magnitude_g1.00	EX_lys__L_e	-0.591041681546	-0.5910417219176232	-0.591041681546	primary	optimal
bound-20260916T061948Z	RE:SN12C	magnitude_g1.00	EX_mal__L_e	0.6596223109887849	0.6596212332541238	0.6596228884325932	primary	optimal
bound-20260916T061948Z	RE:SN12C	magnitude_g1.00	EX_met__L_e	-0.15274088440199998	-0.1527409228956652	-0.152740884402	primary	optimal
bound-20260916T061948Z	RE:SN12C	magnitude_g1.00	EX_nac_e	9.374939073108724e-15	0.0	8.533425578110653e-09	primary	optimal
bound-20260916T061948Z	RE:SN12C	magnitude_g1.00	EX_ncam_e	0.0	-3.849398067586498e-08	3.887982741108286e-22	primary	optimal
bound-20260916T061948Z	RE:SN12C	magnitude_g1.00	EX_nicrnt_e	0.0	0.0	6.677377304852696e-10	primary	optimal
bound-20260916T061948Z	RE:SN12C	magnitude_g1.00	EX_orn_e	0.0	0.0	1.587974685579178e-08	primary	optimal
bound-20260916T061948Z	RE:SN12C	magnitude_g1.00	EX_orot5p_e	0.0	0.0	3.60453084003755e-10	primary	optimal
bound-20260916T061948Z	RE:SN12C	magnitude_g1.00	EX_orot_e	0.0	0.0	7.296235997831473e-10	primary	optimal
bound-20260916T061948Z	RE:SN12C	magnitude_g1.00	EX_oxa_e	0.0	0.0	4.1744029615496715e-09	primary	optimal
bound-20260916T061948Z	RE:SN12C	magnitude_g1.00	EX_pep_e	0.0	0.0	1.684480780921958e-09	primary	optimal
bound-20260916T061948Z	RE:SN12C	magnitude_g1.00	EX_phe__L_e	-0.258996107074	-0.25899614744400545	-0.258996107074	primary	optimal
bound-20260916T061948Z	RE:SN12C	magnitude_g1.00	EX_pnto__R_e	0.0	-3.8492465201868185e-08	4.4736877833152786e-08	primary	optimal
bound-20260916T061948Z	RE:SN12C	magnitude_g1.00	EX_pro__L_e	-0.7825894915236661	-0.7825895318947911	-0.7825894124956657	primary	optimal
bound-20260916T061948Z	RE:SN12C	magnitude_g1.00	EX_quln_e	0.0	0.0	3.3884290876747394e-09	primary	optimal
bound-20260916T061948Z	RE:SN12C	magnitude_g1.00	EX_sbt__D_e	0.0	0.0	0.0	primary	optimal
bound-20260916T061948Z	RE:SN12C	magnitude_g1.00	EX_ser__L_e	-1.3427029532709969	-1.3427040567520625	-1.3427028254746944	primary	optimal
bound-20260916T061948Z	RE:SN12C	magnitude_g1.00	EX_spmd_e	0.0	0.0	5.639524670211096e-10	primary	optimal
bound-20260916T061948Z	RE:SN12C	magnitude_g1.00	EX_sprm_e	0.0	0.0	2.9444327013571744e-10	primary	optimal
bound-20260916T061948Z	RE:SN12C	magnitude_g1.00	EX_srtn_e	0.0	0.0	8.444829301274162e-09	primary	optimal
bound-20260916T061948Z	RE:SN12C	magnitude_g1.00	EX_succ_e	3.059112663303583	3.0591126333376306	3.059112663303583	primary	optimal
bound-20260916T061948Z	RE:SN12C	magnitude_g1.00	EX_sucr_e	0.0	0.0	0.0	primary	optimal
bound-20260916T061948Z	RE:SN12C	magnitude_g1.00	EX_taur_e	0.0	0.0	4.473636504033548e-08	primary	optimal
bound-20260916T061948Z	RE:SN12C	magnitude_g1.00	EX_tchola_e	0.0	0.0	1.042537399025778e-09	primary	optimal
bound-20260916T061948Z	RE:SN12C	magnitude_g1.00	EX_thr__L_e	-0.31212371841000003	-0.3121237569042724	-0.31212371841000003	primary	optimal
bound-20260916T061948Z	RE:SN12C	magnitude_g1.00	EX_thym_e	0.0	0.0	4.886632647102521e-10	primary	optimal
bound-20260916T061948Z	RE:SN12C	magnitude_g1.00	EX_thymd_e	0.0	0.0	3.7755094488082987e-10	primary	optimal
bound-20260916T061948Z	RE:SN12C	magnitude_g1.00	EX_trp__L_e	-0.013281902834000001	-0.013281941329287181	-0.013281902834000001	primary	optimal
bound-20260916T061948Z	RE:SN12C	magnitude_g1.00	EX_tyr__L_e	-0.15938183581899998	-0.15938187431296225	-0.15938179544459272	primary	optimal
bound-20260916T061948Z	RE:SN12C	magnitude_g1.00	EX_ump_e	0.0	0.0	2.481520072094975e-10	primary	optimal
bound-20260916T061948Z	RE:SN12C	magnitude_g1.00	EX_ura_e	0.0	0.0	6.271193091294257e-10	primary	optimal
bound-20260916T061948Z	RE:SN12C	magnitude_g1.00	EX_urate_e	0.0	0.0	3.00194384500642e-10	primary	optimal
bound-20260916T061948Z	RE:SN12C	magnitude_g1.00	EX_uri_e	0.0	0.0	4.3745010769607095e-10	primary	optimal
bound-20260916T061948Z	RE:SN12C	magnitude_g1.00	EX_val__L_e	-0.35196846722001407	-0.3519684672177094	-0.35196842872299994	primary	optimal
bound-20260916T061948Z	RE:SN12C	magnitude_g1.00	EX_xan_e	0.0	0.0	2.8217842737187626e-10	primary	optimal
bound-20260916T061948Z	RE:SN12C	magnitude_g1.00	EX_xmp_e	0.0	0.0	2.372545665524773e-10	primary	optimal
bound-20260916T061948Z	RE:SN12C	magnitude_g1.00	EX_xtsn_e	0.0	0.0	2.386218862578895e-10	primary	optimal
bound-20260916T061948Z	RE:TK-10	magnitude_g1.00	EX_2pg_e	0.0	0.0	1.54038199502317e-10	primary	optimal
bound-20260916T061948Z	RE:TK-10	magnitude_g1.00	EX_34hpp_e	0.0	0.0	1.7090562254789828e-09	primary	optimal
bound-20260916T061948Z	RE:TK-10	magnitude_g1.00	EX_3hanthrn_e	0.0	0.0	5.658949741659218e-10	primary	optimal
bound-20260916T061948Z	RE:TK-10	magnitude_g1.00	EX_3pg_e	0.0	0.0	1.613075315601535e-10	primary	optimal
bound-20260916T061948Z	RE:TK-10	magnitude_g1.00	EX_4abut_e	0.0	0.0	8.49074105788877e-10	primary	optimal
bound-20260916T061948Z	RE:TK-10	magnitude_g1.00	EX_4hbz_e	0.0	0.0	2.926335632397303e-10	primary	optimal
bound-20260916T061948Z	RE:TK-10	magnitude_g1.00	EX_L2aadp_e	0.0	0.0	3.003535291233369e-10	primary	optimal
bound-20260916T061948Z	RE:TK-10	magnitude_g1.00	EX_Lkynr_e	0.0	0.0	6.779426299111473e-10	primary	optimal
bound-20260916T061948Z	RE:TK-10	magnitude_g1.00	EX_acac_e	0.0	0.0	1.4505575797756845e-09	primary	optimal
bound-20260916T061948Z	RE:TK-10	magnitude_g1.00	EX_ade_e	0.0	0.0	2.025032388403142e-11	primary	optimal
bound-20260916T061948Z	RE:TK-10	magnitude_g1.00	EX_adn_e	0.0	0.0	1.71671525316278e-11	primary	optimal
bound-20260916T061948Z	RE:TK-10	magnitude_g1.00	EX_ahcys_e	0.0	0.0	1.7087119301059386e-11	primary	optimal
bound-20260916T061948Z	RE:TK-10	magnitude_g1.00	EX_akg_e	0.0	0.0	9.985001734775587e-08	primary	optimal
bound-20260916T061948Z	RE:TK-10	magnitude_g1.00	EX_ala__L_e	0.0232433299595	0.02324332654403712	0.2191250152002429	primary	optimal
bound-20260916T061948Z	RE:TK-10	magnitude_g1.00	EX_amp_e	0.0	0.0	1.4933061621542927e-11	primary	optimal
bound-20260916T061948Z	RE:TK-10	magnitude_g1.00	EX_anth_e	0.0	0.0	4.245178859081931e-10	primary	optimal
bound-20260916T061948Z	RE:TK-10	magnitude_g1.00	EX_arg__L_e	-0.35860938014000004	-0.35860938351333954	-0.3586093800535686	primary	optimal
bound-20260916T061948Z	RE:TK-10	magnitude_g1.00	EX_asn__L_e	-3.142390893857273	-3.1423909144281934	-3.1423908862548124	primary	optimal
bound-20260916T061948Z	RE:TK-10	magnitude_g1.00	EX_asp__L_e	-0.6329937310725674	-0.6329937344456309	-0.6329937144544189	primary	optimal
bound-20260916T061948Z	RE:TK-10	magnitude_g1.00	EX_bilirub_e	-2.419812302187286e-19	0.0	3.4362833576181707e-10	primary	optimal
bound-20260916T061948Z	RE:TK-10	magnitude_g1.00	EX_cala_e	0.0	0.0	4.988711989216503e-11	primary	optimal
bound-20260916T061948Z	RE:TK-10	magnitude_g1.00	EX_chol_e	-0.17163760036099998	-0.17163760373412829	-0.1716376003278629	primary	optimal
bound-20260916T061948Z	RE:TK-10	magnitude_g1.00	EX_cholp_e	0.0	0.0	1.2120099964611555e-10	primary	optimal
bound-20260916T061948Z	RE:TK-10	magnitude_g1.00	EX_cit_e	0.0	0.0	3.415692007638897e-09	primary	optimal
bound-20260916T061948Z	RE:TK-10	magnitude_g1.00	EX_citr__L_e	0.0	0.0	8.487961502418857e-10	primary	optimal
bound-20260916T061948Z	RE:TK-10	magnitude_g1.00	EX_cmp_e	0.0	0.0	3.60951000900358e-11	primary	optimal
bound-20260916T061948Z	RE:TK-10	magnitude_g1.00	EX_crn_e	0.0	-1.7019232855781313e-09	5.205650904413174e-18	primary	optimal
bound-20260916T061948Z	RE:TK-10	magnitude_g1.00	EX_cyst__L_e	0.0	0.0	9.857016691361389e-11	primary	optimal
bound-20260916T061948Z	RE:TK-10	magnitude_g1.00	EX_cytd_e	0.0	0.0	3.626744453315973e-11	primary	optimal
bound-20260916T061948Z	RE:TK-10	magnitude_g1.00	EX_dad_2_e	0.0	0.0	1.733194939800748e-11	primary	optimal
bound-20260916T061948Z	RE:TK-10	magnitude_g1.00	EX_dcmp_e	0.0	0.0	2.8503077140963423e-11	primary	optimal
bound-20260916T061948Z	RE:TK-10	magnitude_g1.00	EX_dcyt_e	0.0	0.0	3.264305715200972e-11	primary	optimal
bound-20260916T061948Z	RE:TK-10	magnitude_g1.00	EX_dhap_e	0.0	0.0	1.2122703325256403e-10	primary	optimal
bound-20260916T061948Z	RE:TK-10	magnitude_g1.00	EX_dmgly_e	0.0	0.0	3.48825228608064e-10	primary	optimal
bound-20260916T061948Z	RE:TK-10	magnitude_g1.00	EX_duri_e	0.0	0.0	3.686263599455564e-11	primary	optimal
bound-20260916T061948Z	RE:TK-10	magnitude_g1.00	EX_ethamp_e	0.0	0.0	1.0949452084839697e-10	primary	optimal
bound-20260916T061948Z	RE:TK-10	magnitude_g1.00	EX_fol_e	1.0179079367445051e-16	-9.976548523984092e-08	-8.805839953486245e-15	primary	optimal
bound-20260916T061948Z	RE:TK-10	magnitude_g1.00	EX_fum_e	0.30713245162984726	0.30713195855657827	0.3071325073447066	primary	optimal
bound-20260916T061948Z	RE:TK-10	magnitude_g1.00	EX_g3pc_e	0.0	0.0	1.1435445811422461e-10	primary	optimal
bound-20260916T061948Z	RE:TK-10	magnitude_g1.00	EX_glc__D_e	-3.6989523939688898	-3.6989526287510137	-3.6989522130629684	primary	optimal
bound-20260916T061948Z	RE:TK-10	magnitude_g1.00	EX_glcur_e	0.0	0.0	1.133714699273554e-09	primary	optimal
bound-20260916T061948Z	RE:TK-10	magnitude_g1.00	EX_gln__L_e	-7.069057081246599	-7.069057084621227	-7.06905682060112	primary	optimal
bound-20260916T061948Z	RE:TK-10	magnitude_g1.00	EX_glu__L_e	-2.016713001124723	-2.0167133392270236	-2.0167128514124593	primary	optimal
bound-20260916T061948Z	RE:TK-10	magnitude_g1.00	EX_gly_e	0.0	-4.858741739635525e-09	1.1027726989205457e-08	primary	optimal
bound-20260916T061948Z	RE:TK-10	magnitude_g1.00	EX_glyald_e	0.0	0.0	1.1346371706376005e-09	primary	optimal
bound-20260916T061948Z	RE:TK-10	magnitude_g1.00	EX_glyb_e	0.0	0.0	6.793086612404206e-10	primary	optimal
bound-20260916T061948Z	RE:TK-10	magnitude_g1.00	EX_glyc3p_e	0.0	0.0	1.2115593898760145e-10	primary	optimal
bound-20260916T061948Z	RE:TK-10	magnitude_g1.00	EX_gmp_e	0.0	0.0	2.0118651549512312e-11	primary	optimal
bound-20260916T061948Z	RE:TK-10	magnitude_g1.00	EX_gthox_e	0.0	0.0	9.712336114424453e-10	primary	optimal
bound-20260916T061948Z	RE:TK-10	magnitude_g1.00	EX_hcys__L_e	0.0	0.0	1.1130521998615114e-10	primary	optimal
bound-20260916T061948Z	RE:TK-10	magnitude_g1.00	EX_hom__L_e	0.0	0.0	0.0	primary	optimal
bound-20260916T061948Z	RE:TK-10	magnitude_g1.00	EX_hxan_e	0.0	0.0	2.3633298453383633e-11	primary	optimal
bound-20260916T061948Z	RE:TK-10	magnitude_g1.00	EX_icit_e	4.864889643706384	4.864889263309797	4.864889647252012	primary	optimal
bound-20260916T061948Z	RE:TK-10	magnitude_g1.00	EX_ile__L_e	-0.2855599127419997	-0.2855599161135211	-0.28555991274199966	primary	optimal
bound-20260916T061948Z	RE:TK-10	magnitude_g1.00	EX_imp_e	0.0	0.0	1.9764566190978756e-11	primary	optimal
bound-20260916T061948Z	RE:TK-10	magnitude_g1.00	EX_ins_e	0.0	0.0	1.9779239831840326e-11	primary	optimal
bound-20260916T061948Z	RE:TK-10	magnitude_g1.00	EX_lac__L_e	0.0	-1.1814032294467708e-09	1.0976117486503309e-06	primary	optimal
bound-20260916T061948Z	RE:TK-10	magnitude_g1.00	EX_lcts_e	0.0	0.0	1.6383006649893641e-10	primary	optimal
bound-20260916T061948Z	RE:TK-10	magnitude_g1.00	EX_leu__L_e	-0.544556019816	-0.5445560231943288	-0.5445560198159991	primary	optimal
bound-20260916T061948Z	RE:TK-10	magnitude_g1.00	EX_lys__L_e	-0.591041681546	-0.5910416849456432	-0.5910416815459971	primary	optimal
bound-20260916T061948Z	RE:TK-10	magnitude_g1.00	EX_mal__L_e	0.0	0.0	5.486515234890265e-07	primary	optimal
bound-20260916T061948Z	RE:TK-10	magnitude_g1.00	EX_met__L_e	-0.15274088440199998	-0.15274089620817738	-0.15274088440199998	primary	optimal
bound-20260916T061948Z	RE:TK-10	magnitude_g1.00	EX_nac_e	2.8879122661990094e-15	0.0	6.802984290636292e-10	primary	optimal
bound-20260916T061948Z	RE:TK-10	magnitude_g1.00	EX_ncam_e	0.0	-3.3721195501777533e-09	5.332964775828828e-25	primary	optimal
bound-20260916T061948Z	RE:TK-10	magnitude_g1.00	EX_nicrnt_e	0.0	0.0	5.5599235095811534e-11	primary	optimal
bound-20260916T061948Z	RE:TK-10	magnitude_g1.00	EX_orn_e	0.0	0.0	2.5546553516513165e-09	primary	optimal
bound-20260916T061948Z	RE:TK-10	magnitude_g1.00	EX_orot5p_e	0.0	0.0	3.001804148527819e-11	primary	optimal
bound-20260916T061948Z	RE:TK-10	magnitude_g1.00	EX_orot_e	0.0	0.0	6.051257836734965e-11	primary	optimal
bound-20260916T061948Z	RE:TK-10	magnitude_g1.00	EX_oxa_e	0.0	0.0	3.3393054162665903e-10	primary	optimal
bound-20260916T061948Z	RE:TK-10	magnitude_g1.00	EX_pep_e	0.0	0.0	1.5651482698461355e-10	primary	optimal
bound-20260916T061948Z	RE:TK-10	magnitude_g1.00	EX_phe__L_e	-0.258996107074	-0.25899611047739424	-0.258996107074	primary	optimal
bound-20260916T061948Z	RE:TK-10	magnitude_g1.00	EX_pnto__R_e	0.0	-3.374858323314225e-09	3.4112035541557672e-09	primary	optimal
bound-20260916T061948Z	RE:TK-10	magnitude_g1.00	EX_pro__L_e	-0.411736991476	-0.4117369948732032	-0.4117369906820266	primary	optimal
bound-20260916T061948Z	RE:TK-10	magnitude_g1.00	EX_quln_e	0.0	0.0	4.834194412795673e-10	primary	optimal
bound-20260916T061948Z	RE:TK-10	magnitude_g1.00	EX_sbt__D_e	0.0	0.0	0.0	primary	optimal
bound-20260916T061948Z	RE:TK-10	magnitude_g1.00	EX_ser__L_e	-1.6287994890204132	-1.6287998216015285	-1.628798990437286	primary	optimal
bound-20260916T061948Z	RE:TK-10	magnitude_g1.00	EX_spmd_e	0.0	0.0	7.328245067333795e-10	primary	optimal
bound-20260916T061948Z	RE:TK-10	magnitude_g1.00	EX_sprm_e	0.0	0.0	2.4044921887785718e-11	primary	optimal
bound-20260916T061948Z	RE:TK-10	magnitude_g1.00	EX_srtn_e	0.0	0.0	7.259511982624333e-10	primary	optimal
bound-20260916T061948Z	RE:TK-10	magnitude_g1.00	EX_succ_e	2.7764325597932724	2.776432453414881	2.776432573860693	primary	optimal
bound-20260916T061948Z	RE:TK-10	magnitude_g1.00	EX_sucr_e	0.0	0.0	0.0	primary	optimal
bound-20260916T061948Z	RE:TK-10	magnitude_g1.00	EX_taur_e	0.0	0.0	3.4154078716073113e-09	primary	optimal
bound-20260916T061948Z	RE:TK-10	magnitude_g1.00	EX_tchola_e	0.0	0.0	1.386287937638915e-10	primary	optimal
bound-20260916T061948Z	RE:TK-10	magnitude_g1.00	EX_thr__L_e	-0.31212371841000003	-0.31212372178155146	-0.31212371841000003	primary	optimal
bound-20260916T061948Z	RE:TK-10	magnitude_g1.00	EX_thym_e	0.0	0.0	3.97024425174478e-11	primary	optimal
bound-20260916T061948Z	RE:TK-10	magnitude_g1.00	EX_thymd_e	0.0	0.0	3.10009947294259e-11	primary	optimal
bound-20260916T061948Z	RE:TK-10	magnitude_g1.00	EX_trp__L_e	-0.013281902834000001	-0.013281906209553955	-0.013281902834000001	primary	optimal
bound-20260916T061948Z	RE:TK-10	magnitude_g1.00	EX_tyr__L_e	-0.159381835819	-0.15938183919166404	-0.15938183241394135	primary	optimal
bound-20260916T061948Z	RE:TK-10	magnitude_g1.00	EX_ump_e	0.0	0.0	2.0395730526726806e-11	primary	optimal
bound-20260916T061948Z	RE:TK-10	magnitude_g1.00	EX_ura_e	0.0	0.0	5.1354521022656226e-11	primary	optimal
bound-20260916T061948Z	RE:TK-10	magnitude_g1.00	EX_urate_e	0.0	0.0	2.3221844530486375e-11	primary	optimal
bound-20260916T061948Z	RE:TK-10	magnitude_g1.00	EX_uri_e	0.0	0.0	3.609225866703293e-11	primary	optimal
bound-20260916T061948Z	RE:TK-10	magnitude_g1.00	EX_val__L_e	-0.35196843209662604	-0.35196843209462353	-0.35196842872302075	primary	optimal
bound-20260916T061948Z	RE:TK-10	magnitude_g1.00	EX_xan_e	0.0	0.0	2.3285139810997725e-11	primary	optimal
bound-20260916T061948Z	RE:TK-10	magnitude_g1.00	EX_xmp_e	0.0	0.0	1.9636277790154508e-11	primary	optimal
bound-20260916T061948Z	RE:TK-10	magnitude_g1.00	EX_xtsn_e	0.0	0.0	1.977165110161157e-11	primary	optimal
