run_id	context_id	arm	exchange_id	point	range_lo	range_hi	scenario	status
riptide-20260916T042359Z	BR:BT-549	riptide	EX_2pg_e	0.0	0.0	0.0	primary	optimal
riptide-20260916T042359Z	BR:BT-549	riptide	EX_34hpp_e	0.0	0.0	0.0	primary	optimal
riptide-20260916T042359Z	BR:BT-549	riptide	EX_3hanthrn_e	0.0	0.0	0.0	primary	optimal
riptide-20260916T042359Z	BR:BT-549	riptide	EX_3pg_e	0.0	0.0	0.0	primary	optimal
riptide-20260916T042359Z	BR:BT-549	riptide	EX_4abut_e	0.0	0.0	0.0	primary	optimal
riptide-20260916T042359Z	BR:BT-549	riptide	EX_4hbz_e	0.0	0.0	0.0	primary	optimal
riptide-20260916T042359Z	BR:BT-549	riptide	EX_L2aadp_e	0.0	0.0	0.0	primary	optimal
riptide-20260916T042359Z	BR:BT-549	riptide	EX_Lkynr_e	0.0	0.0	0.0	primary	optimal
riptide-20260916T042359Z	BR:BT-549	riptide	EX_acac_e	0.0	0.0	0.0	primary	optimal
riptide-20260916T042359Z	BR:BT-549	riptide	EX_ade_e	0.0	0.0	0.0	primary	optimal
riptide-20260916T042359Z	BR:BT-549	riptide	EX_adn_e	0.0	0.0	0.0	primary	optimal
riptide-20260916T042359Z	BR:BT-549	riptide	EX_ahcys_e	0.0	0.0	0.0	primary	optimal
riptide-20260916T042359Z	BR:BT-549	riptide	EX_akg_e	0.0	0.0	0.0	primary	optimal
riptide-20260916T042359Z	BR:BT-549	riptide	EX_ala__L_e	2.571038862943583	0.0	4.69770170680555	primary	optimal
riptide-20260916T042359Z	BR:BT-549	riptide	EX_amp_e	0.0	0.0	0.0	primary	optimal
riptide-20260916T042359Z	BR:BT-549	riptide	EX_anth_e	0.0	0.0	0.0	primary	optimal
riptide-20260916T042359Z	BR:BT-549	riptide	EX_arg__L_e	-0.8946206599528994	-1.0451213100980317	-0.84896153263938	primary	optimal
riptide-20260916T042359Z	BR:BT-549	riptide	EX_asn__L_e	-9.039511073091699	-10.0	-1.50513951082334	primary	optimal
riptide-20260916T042359Z	BR:BT-549	riptide	EX_asp__L_e	-1.5295273413538464	-6.563864633784988	0.0	primary	optimal
riptide-20260916T042359Z	BR:BT-549	riptide	EX_bilirub_e	1.3529258286866609e-13	1.3529258286866609e-13	1.3529258286866609e-13	primary	optimal
riptide-20260916T042359Z	BR:BT-549	riptide	EX_cala_e	0.0	0.0	0.0	primary	optimal
riptide-20260916T042359Z	BR:BT-549	riptide	EX_chol_e	-1.37304806880985	-1.9224356000629048	-0.550957744413427	primary	optimal
riptide-20260916T042359Z	BR:BT-549	riptide	EX_cholp_e	0.0	0.0	0.0	primary	optimal
riptide-20260916T042359Z	BR:BT-549	riptide	EX_cit_e	0.0	0.0	0.0	primary	optimal
riptide-20260916T042359Z	BR:BT-549	riptide	EX_citr__L_e	0.0	0.0	0.0	primary	optimal
riptide-20260916T042359Z	BR:BT-549	riptide	EX_cmp_e	0.0	0.0	0.0	primary	optimal
riptide-20260916T042359Z	BR:BT-549	riptide	EX_crn_e	5.74651437545981e-13	5.74651437545981e-13	5.74651437545981e-13	primary	optimal
riptide-20260916T042359Z	BR:BT-549	riptide	EX_cyst__L_e	0.0	0.0	0.0	primary	optimal
riptide-20260916T042359Z	BR:BT-549	riptide	EX_cytd_e	0.0	0.0	0.0	primary	optimal
riptide-20260916T042359Z	BR:BT-549	riptide	EX_dad_2_e	0.0	0.0	0.0	primary	optimal
riptide-20260916T042359Z	BR:BT-549	riptide	EX_dcmp_e	0.0	0.0	0.0	primary	optimal
riptide-20260916T042359Z	BR:BT-549	riptide	EX_dcyt_e	0.0	0.0	0.0	primary	optimal
riptide-20260916T042359Z	BR:BT-549	riptide	EX_dhap_e	0.0	0.0	0.0	primary	optimal
riptide-20260916T042359Z	BR:BT-549	riptide	EX_dmgly_e	0.0	0.0	0.0	primary	optimal
riptide-20260916T042359Z	BR:BT-549	riptide	EX_duri_e	0.0	0.0	0.0	primary	optimal
riptide-20260916T042359Z	BR:BT-549	riptide	EX_ethamp_e	0.0	0.0	0.0	primary	optimal
riptide-20260916T042359Z	BR:BT-549	riptide	EX_fol_e	3.019806626980426e-14	3.019806626980426e-14	3.019806626980426e-14	primary	optimal
riptide-20260916T042359Z	BR:BT-549	riptide	EX_fum_e	7.855841863329623	0.0	14.749490210026172	primary	optimal
riptide-20260916T042359Z	BR:BT-549	riptide	EX_g3pc_e	0.0	0.0	0.0	primary	optimal
riptide-20260916T042359Z	BR:BT-549	riptide	EX_glc__D_e	-9.081652130776366	-10.0	-4.240016867366058	primary	optimal
riptide-20260916T042359Z	BR:BT-549	riptide	EX_glcur_e	0.0	0.0	0.0	primary	optimal
riptide-20260916T042359Z	BR:BT-549	riptide	EX_gln__L_e	-8.72481227123172	-10.0	-6.595109979789562	primary	optimal
riptide-20260916T042359Z	BR:BT-549	riptide	EX_glu__L_e	0.0	0.0	0.0	primary	optimal
riptide-20260916T042359Z	BR:BT-549	riptide	EX_gly_e	-3.841684086522753	-5.451374353630631	-1.3684524514361167	primary	optimal
riptide-20260916T042359Z	BR:BT-549	riptide	EX_glyald_e	0.0	0.0	0.0	primary	optimal
riptide-20260916T042359Z	BR:BT-549	riptide	EX_glyb_e	0.0	0.0	0.0	primary	optimal
riptide-20260916T042359Z	BR:BT-549	riptide	EX_glyc3p_e	0.0	0.0	0.0	primary	optimal
riptide-20260916T042359Z	BR:BT-549	riptide	EX_gmp_e	0.0	0.0	0.0	primary	optimal
riptide-20260916T042359Z	BR:BT-549	riptide	EX_gthox_e	0.0	0.0	0.0	primary	optimal
riptide-20260916T042359Z	BR:BT-549	riptide	EX_hcys__L_e	0.0	0.0	0.0	primary	optimal
riptide-20260916T042359Z	BR:BT-549	riptide	EX_hom__L_e	0.0	0.0	0.0	primary	optimal
riptide-20260916T042359Z	BR:BT-549	riptide	EX_hxan_e	0.0	0.0	0.0	primary	optimal
riptide-20260916T042359Z	BR:BT-549	riptide	EX_icit_e	0.0	0.0	0.0	primary	optimal
riptide-20260916T042359Z	BR:BT-549	riptide	EX_ile__L_e	-0.7123845937706612	-0.8322279523192805	-0.6760263244848943	primary	optimal
riptide-20260916T042359Z	BR:BT-549	riptide	EX_imp_e	0.0	0.0	0.0	primary	optimal
riptide-20260916T042359Z	BR:BT-549	riptide	EX_ins_e	0.0	0.0	0.0	primary	optimal
riptide-20260916T042359Z	BR:BT-549	riptide	EX_lac__L_e	7.6470989561514795	-1.0	15.119079764869769	primary	optimal
riptide-20260916T042359Z	BR:BT-549	riptide	EX_lcts_e	0.0	0.0	0.0	primary	optimal
riptide-20260916T042359Z	BR:BT-549	riptide	EX_leu__L_e	-1.3585006215928666	-1.5870390803210181	-1.2891662594286277	primary	optimal
riptide-20260916T042359Z	BR:BT-549	riptide	EX_lys__L_e	-1.4744681218265527	-1.7225156137821795	-1.3992150780418537	primary	optimal
riptide-20260916T042359Z	BR:BT-549	riptide	EX_mal__L_e	0.0	0.0	0.0	primary	optimal
riptide-20260916T042359Z	BR:BT-549	riptide	EX_met__L_e	-0.38104176402796663	-0.4451438307314496	-0.3615943767784735	primary	optimal
riptide-20260916T042359Z	BR:BT-549	riptide	EX_nac_e	1.798543997505565e-12	1.798543997505565e-12	1.798543997505565e-12	primary	optimal
riptide-20260916T042359Z	BR:BT-549	riptide	EX_ncam_e	0.0	0.0	0.0	primary	optimal
riptide-20260916T042359Z	BR:BT-549	riptide	EX_nicrnt_e	0.0	0.0	0.0	primary	optimal
riptide-20260916T042359Z	BR:BT-549	riptide	EX_orn_e	0.0	0.0	0.0	primary	optimal
riptide-20260916T042359Z	BR:BT-549	riptide	EX_orot5p_e	0.0	0.0	0.0	primary	optimal
riptide-20260916T042359Z	BR:BT-549	riptide	EX_orot_e	0.0	0.0	0.0	primary	optimal
riptide-20260916T042359Z	BR:BT-549	riptide	EX_oxa_e	0.0	0.0	0.0	primary	optimal
riptide-20260916T042359Z	BR:BT-549	riptide	EX_pep_e	0.0	0.0	0.0	primary	optimal
riptide-20260916T042359Z	BR:BT-549	riptide	EX_phe__L_e	-0.6461160278220885	-0.7548111280017142	-0.6131399349436215	primary	optimal
riptide-20260916T042359Z	BR:BT-549	riptide	EX_pnto__R_e	0.0	0.0	0.0	primary	optimal
riptide-20260916T042359Z	BR:BT-549	riptide	EX_pro__L_e	-1.027157791850056	-1.1999549587331637	-0.974734311722095	primary	optimal
riptide-20260916T042359Z	BR:BT-549	riptide	EX_quln_e	0.0	0.0	0.0	primary	optimal
riptide-20260916T042359Z	BR:BT-549	riptide	EX_sbt__D_e	0.0	0.0	0.0	primary	optimal
riptide-20260916T042359Z	BR:BT-549	riptide	EX_ser__L_e	-5.8502110886602825	-10.0	-1.9303834817793537	primary	optimal
riptide-20260916T042359Z	BR:BT-549	riptide	EX_spmd_e	0.0	0.0	0.0	primary	optimal
riptide-20260916T042359Z	BR:BT-549	riptide	EX_sprm_e	0.0	0.0	0.0	primary	optimal
riptide-20260916T042359Z	BR:BT-549	riptide	EX_srtn_e	0.0	0.0	0.0	primary	optimal
riptide-20260916T042359Z	BR:BT-549	riptide	EX_succ_e	6.944739963938261	4.963277642578669	8.427847350718544	primary	optimal
riptide-20260916T042359Z	BR:BT-549	riptide	EX_sucr_e	0.0	0.0	0.0	primary	optimal
riptide-20260916T042359Z	BR:BT-549	riptide	EX_taur_e	0.0	0.0	0.0	primary	optimal
riptide-20260916T042359Z	BR:BT-549	riptide	EX_tchola_e	0.0	0.0	0.0	primary	optimal
riptide-20260916T042359Z	BR:BT-549	riptide	EX_thr__L_e	-0.778653159719169	-0.9096447766365104	-0.7389127140263021	primary	optimal
riptide-20260916T042359Z	BR:BT-549	riptide	EX_thym_e	0.0	0.0	0.0	primary	optimal
riptide-20260916T042359Z	BR:BT-549	riptide	EX_thymd_e	0.0	0.0	0.0	primary	optimal
riptide-20260916T042359Z	BR:BT-549	riptide	EX_trp__L_e	-0.033134282974263685	-0.03870841215878308	-0.03144319477063431	primary	optimal
riptide-20260916T042359Z	BR:BT-549	riptide	EX_tyr__L_e	-0.39760890551506617	-0.46449803681084123	-0.37731597416373575	primary	optimal
riptide-20260916T042359Z	BR:BT-549	riptide	EX_ump_e	0.0	0.0	0.0	primary	optimal
riptide-20260916T042359Z	BR:BT-549	riptide	EX_ura_e	0.0	0.0	0.0	primary	optimal
riptide-20260916T042359Z	BR:BT-549	riptide	EX_urate_e	0.0	0.0	0.0	primary	optimal
riptide-20260916T042359Z	BR:BT-549	riptide	EX_uri_e	0.0	0.0	0.0	primary	optimal
riptide-20260916T042359Z	BR:BT-549	riptide	EX_val__L_e	-0.8780535184658762	-1.02576710401864	-0.8332399352543227	primary	optimal
riptide-20260916T042359Z	BR:BT-549	riptide	EX_xan_e	0.0	0.0	0.0	primary	optimal
riptide-20260916T042359Z	BR:BT-549	riptide	EX_xmp_e	0.0	0.0	0.0	primary	optimal
riptide-20260916T042359Z	BR:BT-549	riptide	EX_xtsn_e	0.0	0.0	0.0	primary	optimal
riptide-20260916T042359Z	BR:MCF7	riptide	EX_2pg_e	0.0	0.0	0.0	primary	optimal
riptide-20260916T042359Z	BR:MCF7	riptide	EX_34hpp_e	0.0	0.0	0.0	primary	optimal
riptide-20260916T042359Z	BR:MCF7	riptide	EX_3hanthrn_e	0.0	0.0	0.0	primary	optimal
riptide-20260916T042359Z	BR:MCF7	riptide	EX_3pg_e	0.0	0.0	0.0	primary	optimal
riptide-20260916T042359Z	BR:MCF7	riptide	EX_4abut_e	0.0	0.0	0.0	primary	optimal
riptide-20260916T042359Z	BR:MCF7	riptide	EX_4hbz_e	0.0	0.0	0.0	primary	optimal
riptide-20260916T042359Z	BR:MCF7	riptide	EX_L2aadp_e	0.0	0.0	0.0	primary	optimal
riptide-20260916T042359Z	BR:MCF7	riptide	EX_Lkynr_e	0.0	0.0	0.0	primary	optimal
riptide-20260916T042359Z	BR:MCF7	riptide	EX_acac_e	0.0	0.0	0.0	primary	optimal
riptide-20260916T042359Z	BR:MCF7	riptide	EX_ade_e	0.0	0.0	0.0	primary	optimal
riptide-20260916T042359Z	BR:MCF7	riptide	EX_adn_e	0.0	0.0	0.0	primary	optimal
riptide-20260916T042359Z	BR:MCF7	riptide	EX_ahcys_e	0.0	0.0	0.0	primary	optimal
riptide-20260916T042359Z	BR:MCF7	riptide	EX_akg_e	0.0	0.0	0.0	primary	optimal
riptide-20260916T042359Z	BR:MCF7	riptide	EX_ala__L_e	3.187401791833718	0.0	4.834272002726533	primary	optimal
riptide-20260916T042359Z	BR:MCF7	riptide	EX_amp_e	0.0	0.0	0.0	primary	optimal
riptide-20260916T042359Z	BR:MCF7	riptide	EX_anth_e	0.0	0.0	0.0	primary	optimal
riptide-20260916T042359Z	BR:MCF7	riptide	EX_arg__L_e	-0.9156662055937339	-1.05391615401665	-0.850616628845053	primary	optimal
riptide-20260916T042359Z	BR:MCF7	riptide	EX_asn__L_e	-8.437150850277414	-10.0	-5.7751588379214205	primary	optimal
riptide-20260916T042359Z	BR:MCF7	riptide	EX_asp__L_e	0.0	0.0	0.0	primary	optimal
riptide-20260916T042359Z	BR:MCF7	riptide	EX_bilirub_e	0.0	0.0	0.0	primary	optimal
riptide-20260916T042359Z	BR:MCF7	riptide	EX_cala_e	0.0	0.0	0.0	primary	optimal
riptide-20260916T042359Z	BR:MCF7	riptide	EX_chol_e	-1.3996226156687914	-1.998139066603809	-0.5382305960005089	primary	optimal
riptide-20260916T042359Z	BR:MCF7	riptide	EX_cholp_e	0.0	0.0	0.0	primary	optimal
riptide-20260916T042359Z	BR:MCF7	riptide	EX_cit_e	0.0	0.0	0.0	primary	optimal
riptide-20260916T042359Z	BR:MCF7	riptide	EX_citr__L_e	0.0	0.0	0.0	primary	optimal
riptide-20260916T042359Z	BR:MCF7	riptide	EX_cmp_e	0.0	0.0	0.0	primary	optimal
riptide-20260916T042359Z	BR:MCF7	riptide	EX_crn_e	0.0	0.0	0.0	primary	optimal
riptide-20260916T042359Z	BR:MCF7	riptide	EX_cyst__L_e	0.0	0.0	0.0	primary	optimal
riptide-20260916T042359Z	BR:MCF7	riptide	EX_cytd_e	0.0	0.0	0.0	primary	optimal
riptide-20260916T042359Z	BR:MCF7	riptide	EX_dad_2_e	0.0	0.0	0.0	primary	optimal
riptide-20260916T042359Z	BR:MCF7	riptide	EX_dcmp_e	0.0	0.0	0.0	primary	optimal
riptide-20260916T042359Z	BR:MCF7	riptide	EX_dcyt_e	0.0	0.0	0.0	primary	optimal
riptide-20260916T042359Z	BR:MCF7	riptide	EX_dhap_e	0.0	0.0	0.0	primary	optimal
riptide-20260916T042359Z	BR:MCF7	riptide	EX_dmgly_e	0.0	0.0	0.0	primary	optimal
riptide-20260916T042359Z	BR:MCF7	riptide	EX_duri_e	0.0	0.0	0.0	primary	optimal
riptide-20260916T042359Z	BR:MCF7	riptide	EX_ethamp_e	0.0	0.0	0.0	primary	optimal
riptide-20260916T042359Z	BR:MCF7	riptide	EX_fol_e	8.881784197001252e-14	8.881784197001252e-14	8.881784197001252e-14	primary	optimal
riptide-20260916T042359Z	BR:MCF7	riptide	EX_fum_e	6.345715529293242	0.38831661070259993	9.038155189244092	primary	optimal
riptide-20260916T042359Z	BR:MCF7	riptide	EX_g3pc_e	0.0	0.0	0.0	primary	optimal
riptide-20260916T042359Z	BR:MCF7	riptide	EX_glc__D_e	-9.623886777401957	-10.0	-4.909589963211543	primary	optimal
riptide-20260916T042359Z	BR:MCF7	riptide	EX_glcur_e	0.0	0.0	0.0	primary	optimal
riptide-20260916T042359Z	BR:MCF7	riptide	EX_gln__L_e	-8.369408378598214	-9.82766696421384	-6.777271911455403	primary	optimal
riptide-20260916T042359Z	BR:MCF7	riptide	EX_glu__L_e	0.0	0.0	0.0	primary	optimal
riptide-20260916T042359Z	BR:MCF7	riptide	EX_gly_e	-3.9199105895899073	-5.6955582903601965	-1.3711203231587878	primary	optimal
riptide-20260916T042359Z	BR:MCF7	riptide	EX_glyald_e	0.0	0.0	0.0	primary	optimal
riptide-20260916T042359Z	BR:MCF7	riptide	EX_glyb_e	0.0	0.0	0.0	primary	optimal
riptide-20260916T042359Z	BR:MCF7	riptide	EX_glyc3p_e	0.0	0.0	0.0	primary	optimal
riptide-20260916T042359Z	BR:MCF7	riptide	EX_gmp_e	0.0	0.0	0.0	primary	optimal
riptide-20260916T042359Z	BR:MCF7	riptide	EX_gthox_e	0.0	0.0	0.0	primary	optimal
riptide-20260916T042359Z	BR:MCF7	riptide	EX_hcys__L_e	0.0	0.0	0.0	primary	optimal
riptide-20260916T042359Z	BR:MCF7	riptide	EX_hom__L_e	0.0	0.0	0.0	primary	optimal
riptide-20260916T042359Z	BR:MCF7	riptide	EX_hxan_e	0.0	0.0	0.0	primary	optimal
riptide-20260916T042359Z	BR:MCF7	riptide	EX_icit_e	0.0	0.0	0.0	primary	optimal
riptide-20260916T042359Z	BR:MCF7	riptide	EX_ile__L_e	-0.7291431185321482	-0.8392312684651209	-0.6773442741935511	primary	optimal
riptide-20260916T042359Z	BR:MCF7	riptide	EX_imp_e	0.0	0.0	0.0	primary	optimal
riptide-20260916T042359Z	BR:MCF7	riptide	EX_ins_e	0.0	0.0	0.0	primary	optimal
riptide-20260916T042359Z	BR:MCF7	riptide	EX_lac__L_e	6.387179580096557	-1.0	12.769300122793714	primary	optimal
riptide-20260916T042359Z	BR:MCF7	riptide	EX_lcts_e	0.0	0.0	0.0	primary	optimal
riptide-20260916T042359Z	BR:MCF7	riptide	EX_leu__L_e	-1.3904587331305267	-1.6003942390662471	-1.2916795584443204	primary	optimal
riptide-20260916T042359Z	BR:MCF7	riptide	EX_lys__L_e	-1.5091543162583454	-1.7370108267534823	-1.4019429231531646	primary	optimal
riptide-20260916T042359Z	BR:MCF7	riptide	EX_mal__L_e	0.0	0.0	5.721102291639824	primary	optimal
riptide-20260916T042359Z	BR:MCF7	riptide	EX_met__L_e	-0.3900055988630804	-0.4488897791441966	-0.3622993244798298	primary	optimal
riptide-20260916T042359Z	BR:MCF7	riptide	EX_nac_e	-1.0884002901445344e-12	-1.523760406202348e-12	-1.0884002901445344e-12	primary	optimal
riptide-20260916T042359Z	BR:MCF7	riptide	EX_ncam_e	0.0	0.0	0.0	primary	optimal
riptide-20260916T042359Z	BR:MCF7	riptide	EX_nicrnt_e	0.0	0.0	0.0	primary	optimal
riptide-20260916T042359Z	BR:MCF7	riptide	EX_orn_e	0.0	0.0	0.0	primary	optimal
riptide-20260916T042359Z	BR:MCF7	riptide	EX_orot5p_e	0.0	0.0	0.0	primary	optimal
riptide-20260916T042359Z	BR:MCF7	riptide	EX_orot_e	0.0	0.0	0.0	primary	optimal
riptide-20260916T042359Z	BR:MCF7	riptide	EX_oxa_e	0.0	0.0	0.0	primary	optimal
riptide-20260916T042359Z	BR:MCF7	riptide	EX_pep_e	0.0	0.0	0.0	primary	optimal
riptide-20260916T042359Z	BR:MCF7	riptide	EX_phe__L_e	-0.6613156145983519	-0.7611629706010211	-0.6143352842507674	primary	optimal
riptide-20260916T042359Z	BR:MCF7	riptide	EX_pnto__R_e	0.0	0.0	0.0	primary	optimal
riptide-20260916T042359Z	BR:MCF7	riptide	EX_pro__L_e	-1.0513212134614403	-1.2100527497451983	-0.9766346087305529	primary	optimal
riptide-20260916T042359Z	BR:MCF7	riptide	EX_quln_e	0.0	0.0	0.0	primary	optimal
riptide-20260916T042359Z	BR:MCF7	riptide	EX_sbt__D_e	0.0	0.0	0.0	primary	optimal
riptide-20260916T042359Z	BR:MCF7	riptide	EX_ser__L_e	-8.416890928308032	-10.0	-4.4822083913196185	primary	optimal
riptide-20260916T042359Z	BR:MCF7	riptide	EX_spmd_e	0.0	0.0	0.0	primary	optimal
riptide-20260916T042359Z	BR:MCF7	riptide	EX_sprm_e	0.0	0.0	0.0	primary	optimal
riptide-20260916T042359Z	BR:MCF7	riptide	EX_srtn_e	0.0	0.0	0.0	primary	optimal
riptide-20260916T042359Z	BR:MCF7	riptide	EX_succ_e	6.542881378347615	5.091788533560543	7.782047846918538	primary	optimal
riptide-20260916T042359Z	BR:MCF7	riptide	EX_sucr_e	0.0	0.0	0.0	primary	optimal
riptide-20260916T042359Z	BR:MCF7	riptide	EX_taur_e	-3.8421709899646734e-13	-1.0245789306572462e-12	0.0	primary	optimal
riptide-20260916T042359Z	BR:MCF7	riptide	EX_tchola_e	0.0	0.0	0.0	primary	optimal
riptide-20260916T042359Z	BR:MCF7	riptide	EX_thr__L_e	-0.7969706224660227	-0.9172995663294161	-0.7403532641364095	primary	optimal
riptide-20260916T042359Z	BR:MCF7	riptide	EX_thym_e	0.0	0.0	0.0	primary	optimal
riptide-20260916T042359Z	BR:MCF7	riptide	EX_thymd_e	0.0	0.0	0.0	primary	optimal
riptide-20260916T042359Z	BR:MCF7	riptide	EX_trp__L_e	-0.03391375196690749	-0.03903414893209485	-0.03150449497159791	primary	optimal
riptide-20260916T042359Z	BR:MCF7	riptide	EX_tyr__L_e	-0.4069624748465337	-0.4684068536102509	-0.37805157196551065	primary	optimal
riptide-20260916T042359Z	BR:MCF7	riptide	EX_ump_e	0.0	0.0	0.0	primary	optimal
riptide-20260916T042359Z	BR:MCF7	riptide	EX_ura_e	0.0	0.0	0.0	primary	optimal
riptide-20260916T042359Z	BR:MCF7	riptide	EX_urate_e	0.0	0.0	0.0	primary	optimal
riptide-20260916T042359Z	BR:MCF7	riptide	EX_uri_e	0.0	0.0	0.0	primary	optimal
riptide-20260916T042359Z	BR:MCF7	riptide	EX_val__L_e	-0.8987093296102451	-1.0343990795508713	-0.8348643813593846	primary	optimal
riptide-20260916T042359Z	BR:MCF7	riptide	EX_xan_e	0.0	0.0	0.0	primary	optimal
riptide-20260916T042359Z	BR:MCF7	riptide	EX_xmp_e	0.0	0.0	0.0	primary	optimal
riptide-20260916T042359Z	BR:MCF7	riptide	EX_xtsn_e	0.0	0.0	0.0	primary	optimal
riptide-20260916T042359Z	BR:T-47D	riptide	EX_2pg_e	0.0	0.0	0.0	primary	optimal
riptide-20260916T042359Z	BR:T-47D	riptide	EX_34hpp_e	0.0	0.0	0.0	primary	optimal
riptide-20260916T042359Z	BR:T-47D	riptide	EX_3hanthrn_e	0.0	0.0	0.0	primary	optimal
riptide-20260916T042359Z	BR:T-47D	riptide	EX_3pg_e	0.0	0.0	0.0	primary	optimal
riptide-20260916T042359Z	BR:T-47D	riptide	EX_4abut_e	0.0	0.0	0.0	primary	optimal
riptide-20260916T042359Z	BR:T-47D	riptide	EX_4hbz_e	0.0	0.0	0.0	primary	optimal
riptide-20260916T042359Z	BR:T-47D	riptide	EX_L2aadp_e	0.0	0.0	0.0	primary	optimal
riptide-20260916T042359Z	BR:T-47D	riptide	EX_Lkynr_e	0.0	0.0	0.0	primary	optimal
riptide-20260916T042359Z	BR:T-47D	riptide	EX_acac_e	0.0	0.0	0.0	primary	optimal
riptide-20260916T042359Z	BR:T-47D	riptide	EX_ade_e	0.0	0.0	0.0	primary	optimal
riptide-20260916T042359Z	BR:T-47D	riptide	EX_adn_e	0.0	0.0	0.0	primary	optimal
riptide-20260916T042359Z	BR:T-47D	riptide	EX_ahcys_e	0.0	0.0	0.0	primary	optimal
riptide-20260916T042359Z	BR:T-47D	riptide	EX_akg_e	0.0	0.0	0.0	primary	optimal
riptide-20260916T042359Z	BR:T-47D	riptide	EX_ala__L_e	4.322984847721548	0.0	10.154444137525786	primary	optimal
riptide-20260916T042359Z	BR:T-47D	riptide	EX_amp_e	0.0	0.0	0.0	primary	optimal
riptide-20260916T042359Z	BR:T-47D	riptide	EX_anth_e	0.0	0.0	0.0	primary	optimal
riptide-20260916T042359Z	BR:T-47D	riptide	EX_arg__L_e	-0.8536587041651189	-1.0305756775589057	-0.8408210871677131	primary	optimal
riptide-20260916T042359Z	BR:T-47D	riptide	EX_asn__L_e	-5.335661833741528	-6.590133765262562	-3.985707560372152	primary	optimal
riptide-20260916T042359Z	BR:T-47D	riptide	EX_asp__L_e	0.0	0.0	0.0	primary	optimal
riptide-20260916T042359Z	BR:T-47D	riptide	EX_bilirub_e	0.0	0.0	0.0	primary	optimal
riptide-20260916T042359Z	BR:T-47D	riptide	EX_cala_e	0.0	0.0	0.0	primary	optimal
riptide-20260916T042359Z	BR:T-47D	riptide	EX_chol_e	-1.6343170667688036	-1.9730220171287096	-1.609739637342381	primary	optimal
riptide-20260916T042359Z	BR:T-47D	riptide	EX_cholp_e	0.0	0.0	0.0	primary	optimal
riptide-20260916T042359Z	BR:T-47D	riptide	EX_cit_e	0.0	0.0	0.0	primary	optimal
riptide-20260916T042359Z	BR:T-47D	riptide	EX_citr__L_e	0.0	0.0	0.0	primary	optimal
riptide-20260916T042359Z	BR:T-47D	riptide	EX_cmp_e	0.0	0.0	0.0	primary	optimal
riptide-20260916T042359Z	BR:T-47D	riptide	EX_crn_e	5.151434834260726e-13	5.151434834260726e-13	5.151434834260726e-13	primary	optimal
riptide-20260916T042359Z	BR:T-47D	riptide	EX_cyst__L_e	0.0	0.0	0.0	primary	optimal
riptide-20260916T042359Z	BR:T-47D	riptide	EX_cytd_e	0.0	0.0	0.0	primary	optimal
riptide-20260916T042359Z	BR:T-47D	riptide	EX_dad_2_e	0.0	0.0	0.0	primary	optimal
riptide-20260916T042359Z	BR:T-47D	riptide	EX_dcmp_e	0.0	0.0	0.0	primary	optimal
riptide-20260916T042359Z	BR:T-47D	riptide	EX_dcyt_e	0.0	0.0	0.0	primary	optimal
riptide-20260916T042359Z	BR:T-47D	riptide	EX_dhap_e	0.0	0.0	0.0	primary	optimal
riptide-20260916T042359Z	BR:T-47D	riptide	EX_dmgly_e	0.0	0.0	0.0	primary	optimal
riptide-20260916T042359Z	BR:T-47D	riptide	EX_duri_e	0.0	0.0	0.0	primary	optimal
riptide-20260916T042359Z	BR:T-47D	riptide	EX_ethamp_e	0.0	0.0	0.0	primary	optimal
riptide-20260916T042359Z	BR:T-47D	riptide	EX_fol_e	0.0	0.0	0.0	primary	optimal
riptide-20260916T042359Z	BR:T-47D	riptide	EX_fum_e	0.42684598519351324	0.42042692655955527	0.515307919029044	primary	optimal
riptide-20260916T042359Z	BR:T-47D	riptide	EX_g3pc_e	0.0	0.0	0.0	primary	optimal
riptide-20260916T042359Z	BR:T-47D	riptide	EX_glc__D_e	-10.0	-10.0	-3.1720932809693974	primary	optimal
riptide-20260916T042359Z	BR:T-47D	riptide	EX_glcur_e	0.0	0.0	0.0	primary	optimal
riptide-20260916T042359Z	BR:T-47D	riptide	EX_gln__L_e	-8.825233790128063	-10.0	-6.135496797234275	primary	optimal
riptide-20260916T042359Z	BR:T-47D	riptide	EX_glu__L_e	0.0	0.0	0.0	primary	optimal
riptide-20260916T042359Z	BR:T-47D	riptide	EX_gly_e	-4.658508646519703	-5.623963864452208	-4.58845237052672	primary	optimal
riptide-20260916T042359Z	BR:T-47D	riptide	EX_glyald_e	0.0	0.0	0.0	primary	optimal
riptide-20260916T042359Z	BR:T-47D	riptide	EX_glyb_e	0.0	0.0	0.0	primary	optimal
riptide-20260916T042359Z	BR:T-47D	riptide	EX_glyc3p_e	0.0	0.0	0.0	primary	optimal
riptide-20260916T042359Z	BR:T-47D	riptide	EX_gmp_e	0.0	0.0	0.0	primary	optimal
riptide-20260916T042359Z	BR:T-47D	riptide	EX_gthox_e	0.0	0.0	0.0	primary	optimal
riptide-20260916T042359Z	BR:T-47D	riptide	EX_hcys__L_e	0.0	0.0	0.0	primary	optimal
riptide-20260916T042359Z	BR:T-47D	riptide	EX_hom__L_e	0.0	0.0	0.0	primary	optimal
riptide-20260916T042359Z	BR:T-47D	riptide	EX_hxan_e	0.0	0.0	0.0	primary	optimal
riptide-20260916T042359Z	BR:T-47D	riptide	EX_icit_e	0.0	0.0	0.0	primary	optimal
riptide-20260916T042359Z	BR:T-47D	riptide	EX_ile__L_e	-0.6797666725217082	-0.8206452950083409	-0.6695441044780193	primary	optimal
riptide-20260916T042359Z	BR:T-47D	riptide	EX_imp_e	0.0	0.0	0.0	primary	optimal
riptide-20260916T042359Z	BR:T-47D	riptide	EX_ins_e	0.0	0.0	0.0	primary	optimal
riptide-20260916T042359Z	BR:T-47D	riptide	EX_lac__L_e	11.730663857305615	-0.7525086109382514	16.618465393411782	primary	optimal
riptide-20260916T042359Z	BR:T-47D	riptide	EX_lcts_e	0.0	0.0	0.0	primary	optimal
riptide-20260916T042359Z	BR:T-47D	riptide	EX_leu__L_e	-1.296299014931415	-1.5649512259594371	-1.276804818732625	primary	optimal
riptide-20260916T042359Z	BR:T-47D	riptide	EX_lys__L_e	-1.4069567164672527	-1.6985422444528027	-1.3857984111987722	primary	optimal
riptide-20260916T042359Z	BR:T-47D	riptide	EX_mal__L_e	0.0	0.0	0.0	primary	optimal
riptide-20260916T042359Z	BR:T-47D	riptide	EX_met__L_e	-0.3635950219727722	-0.4389484747222307	-0.35812715336035694	primary	optimal
riptide-20260916T042359Z	BR:T-47D	riptide	EX_nac_e	0.0	0.0	4.337784803762701e-13	primary	optimal
riptide-20260916T042359Z	BR:T-47D	riptide	EX_ncam_e	0.0	0.0	0.0	primary	optimal
riptide-20260916T042359Z	BR:T-47D	riptide	EX_nicrnt_e	0.0	0.0	0.0	primary	optimal
riptide-20260916T042359Z	BR:T-47D	riptide	EX_orn_e	0.0	0.0	0.0	primary	optimal
riptide-20260916T042359Z	BR:T-47D	riptide	EX_orot5p_e	0.0	0.0	0.0	primary	optimal
riptide-20260916T042359Z	BR:T-47D	riptide	EX_orot_e	0.0	0.0	0.0	primary	optimal
riptide-20260916T042359Z	BR:T-47D	riptide	EX_oxa_e	0.0	0.0	0.0	primary	optimal
riptide-20260916T042359Z	BR:T-47D	riptide	EX_pep_e	0.0	0.0	0.0	primary	optimal
riptide-20260916T042359Z	BR:T-47D	riptide	EX_phe__L_e	-0.6165323424119209	-0.7443059309511191	-0.6072607142545206	primary	optimal
riptide-20260916T042359Z	BR:T-47D	riptide	EX_pnto__R_e	0.0	0.0	0.0	primary	optimal
riptide-20260916T042359Z	BR:T-47D	riptide	EX_pro__L_e	-0.9801273643846934	-1.1832544056733498	-0.9653878676148775	primary	optimal
riptide-20260916T042359Z	BR:T-47D	riptide	EX_quln_e	0.0	0.0	0.0	primary	optimal
riptide-20260916T042359Z	BR:T-47D	riptide	EX_sbt__D_e	0.0	0.0	0.0	primary	optimal
riptide-20260916T042359Z	BR:T-47D	riptide	EX_ser__L_e	-8.22760319009694	-10.0	-3.1739015848523957	primary	optimal
riptide-20260916T042359Z	BR:T-47D	riptide	EX_spmd_e	0.0	0.0	0.0	primary	optimal
riptide-20260916T042359Z	BR:T-47D	riptide	EX_sprm_e	0.0	0.0	0.0	primary	optimal
riptide-20260916T042359Z	BR:T-47D	riptide	EX_srtn_e	0.0	0.0	0.0	primary	optimal
riptide-20260916T042359Z	BR:T-47D	riptide	EX_succ_e	7.061665661466027	4.468572122710596	8.333926332795137	primary	optimal
riptide-20260916T042359Z	BR:T-47D	riptide	EX_sucr_e	0.0	0.0	0.0	primary	optimal
riptide-20260916T042359Z	BR:T-47D	riptide	EX_taur_e	0.0	0.0	0.0	primary	optimal
riptide-20260916T042359Z	BR:T-47D	riptide	EX_tchola_e	0.0	0.0	0.0	primary	optimal
riptide-20260916T042359Z	BR:T-47D	riptide	EX_thr__L_e	-0.7430010026314955	-0.896984659065563	-0.731827494701573	primary	optimal
riptide-20260916T042359Z	BR:T-47D	riptide	EX_thym_e	0.0	0.0	0.0	primary	optimal
riptide-20260916T042359Z	BR:T-47D	riptide	EX_thymd_e	0.0	0.0	0.0	primary	optimal
riptide-20260916T042359Z	BR:T-47D	riptide	EX_trp__L_e	-0.03161716505489359	-0.038169682028611034	-0.031141695111685408	primary	optimal
riptide-20260916T042359Z	BR:T-47D	riptide	EX_tyr__L_e	-0.37940360450021904	-0.4580333157365363	-0.3736980009162174	primary	optimal
riptide-20260916T042359Z	BR:T-47D	riptide	EX_ump_e	0.0	0.0	0.0	primary	optimal
riptide-20260916T042359Z	BR:T-47D	riptide	EX_ura_e	0.0	0.0	0.0	primary	optimal
riptide-20260916T042359Z	BR:T-47D	riptide	EX_urate_e	0.0	0.0	0.0	primary	optimal
riptide-20260916T042359Z	BR:T-47D	riptide	EX_uri_e	0.0	0.0	0.0	primary	optimal
riptide-20260916T042359Z	BR:T-47D	riptide	EX_val__L_e	-0.8378501216376721	-1.0114908365446003	-0.8252502396121475	primary	optimal
riptide-20260916T042359Z	BR:T-47D	riptide	EX_xan_e	0.0	0.0	0.0	primary	optimal
riptide-20260916T042359Z	BR:T-47D	riptide	EX_xmp_e	0.0	0.0	0.0	primary	optimal
riptide-20260916T042359Z	BR:T-47D	riptide	EX_xtsn_e	0.0	0.0	0.0	primary	optimal
riptide-20260916T042359Z	CNS:SF-268	riptide	EX_2pg_e	0.0	0.0	0.0	primary	optimal
riptide-20260916T042359Z	CNS:SF-268	riptide	EX_34hpp_e	0.0	0.0	0.0	primary	optimal
riptide-20260916T042359Z	CNS:SF-268	riptide	EX_3hanthrn_e	0.0	0.0	0.0	primary	optimal
riptide-20260916T042359Z	CNS:SF-268	riptide	EX_3pg_e	0.0	0.0	0.0	primary	optimal
riptide-20260916T042359Z	CNS:SF-268	riptide	EX_4abut_e	0.0	0.0	0.0	primary	optimal
riptide-20260916T042359Z	CNS:SF-268	riptide	EX_4hbz_e	0.0	0.0	0.0	primary	optimal
riptide-20260916T042359Z	CNS:SF-268	riptide	EX_L2aadp_e	0.0	0.0	0.0	primary	optimal
riptide-20260916T042359Z	CNS:SF-268	riptide	EX_Lkynr_e	0.0	0.0	0.0	primary	optimal
riptide-20260916T042359Z	CNS:SF-268	riptide	EX_acac_e	0.0	0.0	0.0	primary	optimal
riptide-20260916T042359Z	CNS:SF-268	riptide	EX_ade_e	0.0	0.0	0.0	primary	optimal
riptide-20260916T042359Z	CNS:SF-268	riptide	EX_adn_e	0.0	0.0	0.0	primary	optimal
riptide-20260916T042359Z	CNS:SF-268	riptide	EX_ahcys_e	0.0	0.0	0.0	primary	optimal
riptide-20260916T042359Z	CNS:SF-268	riptide	EX_akg_e	0.0	0.0	0.0	primary	optimal
riptide-20260916T042359Z	CNS:SF-268	riptide	EX_ala__L_e	2.2417066613619303	0.0	12.131723783152148	primary	optimal
riptide-20260916T042359Z	CNS:SF-268	riptide	EX_amp_e	0.0	0.0	0.0	primary	optimal
riptide-20260916T042359Z	CNS:SF-268	riptide	EX_anth_e	0.0	0.0	0.0	primary	optimal
riptide-20260916T042359Z	CNS:SF-268	riptide	EX_arg__L_e	-0.8546254778244062	-1.044661765466331	-0.8541364617849982	primary	optimal
riptide-20260916T042359Z	CNS:SF-268	riptide	EX_asn__L_e	-8.477279388085336	-10.0	-1.7760955335051136	primary	optimal
riptide-20260916T042359Z	CNS:SF-268	riptide	EX_asp__L_e	0.0	0.0	0.0	primary	optimal
riptide-20260916T042359Z	CNS:SF-268	riptide	EX_bilirub_e	0.0	0.0	0.0	primary	optimal
riptide-20260916T042359Z	CNS:SF-268	riptide	EX_cala_e	0.0	0.0	0.0	primary	optimal
riptide-20260916T042359Z	CNS:SF-268	riptide	EX_chol_e	-0.5983520192555352	-0.731402810967142	-0.5980096426906751	primary	optimal
riptide-20260916T042359Z	CNS:SF-268	riptide	EX_cholp_e	0.0	0.0	0.0	primary	optimal
riptide-20260916T042359Z	CNS:SF-268	riptide	EX_cit_e	0.0	0.0	0.0	primary	optimal
riptide-20260916T042359Z	CNS:SF-268	riptide	EX_citr__L_e	0.0	0.0	0.0	primary	optimal
riptide-20260916T042359Z	CNS:SF-268	riptide	EX_cmp_e	0.0	0.0	0.0	primary	optimal
riptide-20260916T042359Z	CNS:SF-268	riptide	EX_crn_e	0.0	0.0	0.0	primary	optimal
riptide-20260916T042359Z	CNS:SF-268	riptide	EX_cyst__L_e	0.0	0.0	0.0	primary	optimal
riptide-20260916T042359Z	CNS:SF-268	riptide	EX_cytd_e	0.0	0.0	0.0	primary	optimal
riptide-20260916T042359Z	CNS:SF-268	riptide	EX_dad_2_e	0.0	0.0	0.0	primary	optimal
riptide-20260916T042359Z	CNS:SF-268	riptide	EX_dcmp_e	0.0	0.0	0.0	primary	optimal
riptide-20260916T042359Z	CNS:SF-268	riptide	EX_dcyt_e	0.0	0.0	0.0	primary	optimal
riptide-20260916T042359Z	CNS:SF-268	riptide	EX_dhap_e	0.0	0.0	0.0	primary	optimal
riptide-20260916T042359Z	CNS:SF-268	riptide	EX_dmgly_e	0.0	0.0	0.0	primary	optimal
riptide-20260916T042359Z	CNS:SF-268	riptide	EX_duri_e	0.0	0.0	0.0	primary	optimal
riptide-20260916T042359Z	CNS:SF-268	riptide	EX_ethamp_e	0.0	0.0	0.0	primary	optimal
riptide-20260916T042359Z	CNS:SF-268	riptide	EX_fol_e	-1.7763568394002505e-13	-1.7763568394002505e-13	-1.7763568394002505e-13	primary	optimal
riptide-20260916T042359Z	CNS:SF-268	riptide	EX_fum_e	6.608791923307162	0.0	8.223904466494474	primary	optimal
riptide-20260916T042359Z	CNS:SF-268	riptide	EX_g3pc_e	0.0	0.0	0.0	primary	optimal
riptide-20260916T042359Z	CNS:SF-268	riptide	EX_glc__D_e	-10.0	-10.0	-4.013660091857584	primary	optimal
riptide-20260916T042359Z	CNS:SF-268	riptide	EX_glcur_e	0.0	0.0	0.0	primary	optimal
riptide-20260916T042359Z	CNS:SF-268	riptide	EX_gln__L_e	-9.095604691203608	-10.0	-1.73897634914639	primary	optimal
riptide-20260916T042359Z	CNS:SF-268	riptide	EX_glu__L_e	-2.0615478097224766	-10.0	1.9752129345050566	primary	optimal
riptide-20260916T042359Z	CNS:SF-268	riptide	EX_gly_e	-1.550336671303362	-1.8950727378636414	-1.5494495698524489	primary	optimal
riptide-20260916T042359Z	CNS:SF-268	riptide	EX_glyald_e	0.0	0.0	0.0	primary	optimal
riptide-20260916T042359Z	CNS:SF-268	riptide	EX_glyb_e	0.0	0.0	0.0	primary	optimal
riptide-20260916T042359Z	CNS:SF-268	riptide	EX_glyc3p_e	0.0	0.0	0.0	primary	optimal
riptide-20260916T042359Z	CNS:SF-268	riptide	EX_gmp_e	0.0	0.0	0.0	primary	optimal
riptide-20260916T042359Z	CNS:SF-268	riptide	EX_gthox_e	0.0	0.0	0.0	primary	optimal
riptide-20260916T042359Z	CNS:SF-268	riptide	EX_hcys__L_e	0.0	0.0	0.0	primary	optimal
riptide-20260916T042359Z	CNS:SF-268	riptide	EX_hom__L_e	0.0	0.0	0.0	primary	optimal
riptide-20260916T042359Z	CNS:SF-268	riptide	EX_hxan_e	0.0	0.0	0.0	primary	optimal
riptide-20260916T042359Z	CNS:SF-268	riptide	EX_icit_e	0.0	0.0	0.0	primary	optimal
riptide-20260916T042359Z	CNS:SF-268	riptide	EX_ile__L_e	-0.6805365124005496	-0.8318620178731595	-0.6801471099330705	primary	optimal
riptide-20260916T042359Z	CNS:SF-268	riptide	EX_imp_e	0.0	0.0	0.0	primary	optimal
riptide-20260916T042359Z	CNS:SF-268	riptide	EX_ins_e	0.0	0.0	0.0	primary	optimal
riptide-20260916T042359Z	CNS:SF-268	riptide	EX_lac__L_e	8.856236986619557	-1.0	16.465465013152528	primary	optimal
riptide-20260916T042359Z	CNS:SF-268	riptide	EX_lcts_e	0.0	0.0	0.0	primary	optimal
riptide-20260916T042359Z	CNS:SF-268	riptide	EX_leu__L_e	-1.2977670814722337	-1.5863412519613915	-1.2970245001060672	primary	optimal
riptide-20260916T042359Z	CNS:SF-268	riptide	EX_lys__L_e	-1.4085501034793078	-1.721758215769675	-1.4077441321978785	primary	optimal
riptide-20260916T042359Z	CNS:SF-268	riptide	EX_mal__L_e	0.0	0.0	0.0	primary	optimal
riptide-20260916T042359Z	CNS:SF-268	riptide	EX_met__L_e	-0.36400679553811877	-0.44494809894823595	-0.36379851113240846	primary	optimal
riptide-20260916T042359Z	CNS:SF-268	riptide	EX_nac_e	-4.292376315165007e-13	-1.5023317103077522e-12	-4.292376315165007e-13	primary	optimal
riptide-20260916T042359Z	CNS:SF-268	riptide	EX_ncam_e	0.0	0.0	0.0	primary	optimal
riptide-20260916T042359Z	CNS:SF-268	riptide	EX_nicrnt_e	0.0	0.0	0.0	primary	optimal
riptide-20260916T042359Z	CNS:SF-268	riptide	EX_orn_e	0.0	0.0	0.0	primary	optimal
riptide-20260916T042359Z	CNS:SF-268	riptide	EX_orot5p_e	0.0	0.0	0.0	primary	optimal
riptide-20260916T042359Z	CNS:SF-268	riptide	EX_orot_e	0.0	0.0	0.0	primary	optimal
riptide-20260916T042359Z	CNS:SF-268	riptide	EX_oxa_e	0.0	0.0	0.0	primary	optimal
riptide-20260916T042359Z	CNS:SF-268	riptide	EX_pep_e	0.0	0.0	0.0	primary	optimal
riptide-20260916T042359Z	CNS:SF-268	riptide	EX_phe__L_e	-0.6172305690285427	-0.7544792340881611	-0.616877390172931	primary	optimal
riptide-20260916T042359Z	CNS:SF-268	riptide	EX_pnto__R_e	0.0	0.0	0.0	primary	optimal
riptide-20260916T042359Z	CNS:SF-268	riptide	EX_pro__L_e	-0.9812373645675692	-1.1994273330364038	-0.9806759013053394	primary	optimal
riptide-20260916T042359Z	CNS:SF-268	riptide	EX_quln_e	0.0	0.0	0.0	primary	optimal
riptide-20260916T042359Z	CNS:SF-268	riptide	EX_sbt__D_e	0.0	0.0	0.0	primary	optimal
riptide-20260916T042359Z	CNS:SF-268	riptide	EX_ser__L_e	-7.212919058455964	-10.0	-1.617167321052867	primary	optimal
riptide-20260916T042359Z	CNS:SF-268	riptide	EX_spmd_e	0.0	0.0	0.0	primary	optimal
riptide-20260916T042359Z	CNS:SF-268	riptide	EX_sprm_e	0.0	0.0	0.0	primary	optimal
riptide-20260916T042359Z	CNS:SF-268	riptide	EX_srtn_e	0.0	0.0	0.0	primary	optimal
riptide-20260916T042359Z	CNS:SF-268	riptide	EX_succ_e	9.13618056284033	5.63790182342772	12.473869014194443	primary	optimal
riptide-20260916T042359Z	CNS:SF-268	riptide	EX_sucr_e	0.0	0.0	0.0	primary	optimal
riptide-20260916T042359Z	CNS:SF-268	riptide	EX_taur_e	0.0	0.0	0.0	primary	optimal
riptide-20260916T042359Z	CNS:SF-268	riptide	EX_tchola_e	0.0	0.0	0.0	primary	optimal
riptide-20260916T042359Z	CNS:SF-268	riptide	EX_thr__L_e	-0.7438424557727465	-0.9092448016581233	-0.7434168296932722	primary	optimal
riptide-20260916T042359Z	CNS:SF-268	riptide	EX_thym_e	0.0	0.0	0.0	primary	optimal
riptide-20260916T042359Z	CNS:SF-268	riptide	EX_thymd_e	0.0	0.0	0.0	primary	optimal
riptide-20260916T042359Z	CNS:SF-268	riptide	EX_trp__L_e	-0.031652971686009224	-0.03869139189248787	-0.0316348598800662	primary	optimal
riptide-20260916T042359Z	CNS:SF-268	riptide	EX_tyr__L_e	-0.37983328138101413	-0.464293794894412	-0.3796159410723732	primary	optimal
riptide-20260916T042359Z	CNS:SF-268	riptide	EX_ump_e	0.0	0.0	0.0	primary	optimal
riptide-20260916T042359Z	CNS:SF-268	riptide	EX_ura_e	0.0	0.0	0.0	primary	optimal
riptide-20260916T042359Z	CNS:SF-268	riptide	EX_urate_e	0.0	0.0	0.0	primary	optimal
riptide-20260916T042359Z	CNS:SF-268	riptide	EX_uri_e	0.0	0.0	0.0	primary	optimal
riptide-20260916T042359Z	CNS:SF-268	riptide	EX_val__L_e	-0.838798991981391	-1.0253160695201813	-0.8383190318450797	primary	optimal
riptide-20260916T042359Z	CNS:SF-268	riptide	EX_xan_e	0.0	0.0	0.0	primary	optimal
riptide-20260916T042359Z	CNS:SF-268	riptide	EX_xmp_e	0.0	0.0	0.0	primary	optimal
riptide-20260916T042359Z	CNS:SF-268	riptide	EX_xtsn_e	0.0	0.0	0.0	primary	optimal
riptide-20260916T042359Z	CNS:SF-295	riptide	EX_2pg_e	0.0	0.0	0.0	primary	optimal
riptide-20260916T042359Z	CNS:SF-295	riptide	EX_34hpp_e	0.0	0.0	0.0	primary	optimal
riptide-20260916T042359Z	CNS:SF-295	riptide	EX_3hanthrn_e	0.0	0.0	0.0	primary	optimal
riptide-20260916T042359Z	CNS:SF-295	riptide	EX_3pg_e	0.0	0.0	0.0	primary	optimal
riptide-20260916T042359Z	CNS:SF-295	riptide	EX_4abut_e	0.0	0.0	0.0	primary	optimal
riptide-20260916T042359Z	CNS:SF-295	riptide	EX_4hbz_e	0.0	0.0	0.0	primary	optimal
riptide-20260916T042359Z	CNS:SF-295	riptide	EX_L2aadp_e	0.0	0.0	0.0	primary	optimal
riptide-20260916T042359Z	CNS:SF-295	riptide	EX_Lkynr_e	0.0	0.0	0.0	primary	optimal
riptide-20260916T042359Z	CNS:SF-295	riptide	EX_acac_e	0.0	0.0	0.0	primary	optimal
riptide-20260916T042359Z	CNS:SF-295	riptide	EX_ade_e	0.0	0.0	0.0	primary	optimal
riptide-20260916T042359Z	CNS:SF-295	riptide	EX_adn_e	0.0	0.0	0.0	primary	optimal
riptide-20260916T042359Z	CNS:SF-295	riptide	EX_ahcys_e	0.0	0.0	0.0	primary	optimal
riptide-20260916T042359Z	CNS:SF-295	riptide	EX_akg_e	0.0	0.0	0.0	primary	optimal
riptide-20260916T042359Z	CNS:SF-295	riptide	EX_ala__L_e	5.448811053697069	0.0	7.804357977257548	primary	optimal
riptide-20260916T042359Z	CNS:SF-295	riptide	EX_amp_e	0.0	0.0	0.0	primary	optimal
riptide-20260916T042359Z	CNS:SF-295	riptide	EX_anth_e	0.0	0.0	0.0	primary	optimal
riptide-20260916T042359Z	CNS:SF-295	riptide	EX_arg__L_e	-0.856034138092312	-1.0514735671208837	-0.8560341380920811	primary	optimal
riptide-20260916T042359Z	CNS:SF-295	riptide	EX_asn__L_e	-6.678224619005212	-10.0	-1.780041570894209	primary	optimal
riptide-20260916T042359Z	CNS:SF-295	riptide	EX_asp__L_e	0.0	0.0	0.0	primary	optimal
riptide-20260916T042359Z	CNS:SF-295	riptide	EX_bilirub_e	0.0	0.0	0.0	primary	optimal
riptide-20260916T042359Z	CNS:SF-295	riptide	EX_cala_e	0.0	0.0	0.0	primary	optimal
riptide-20260916T042359Z	CNS:SF-295	riptide	EX_chol_e	-0.5993382696538454	-0.736171982237473	-0.5993382696504579	primary	optimal
riptide-20260916T042359Z	CNS:SF-295	riptide	EX_cholp_e	0.0	0.0	0.0	primary	optimal
riptide-20260916T042359Z	CNS:SF-295	riptide	EX_cit_e	0.0	0.0	0.0	primary	optimal
riptide-20260916T042359Z	CNS:SF-295	riptide	EX_citr__L_e	0.0	0.0	0.0	primary	optimal
riptide-20260916T042359Z	CNS:SF-295	riptide	EX_cmp_e	0.0	0.0	0.0	primary	optimal
riptide-20260916T042359Z	CNS:SF-295	riptide	EX_crn_e	1.6298074001497298e-13	1.6298074001497298e-13	1.6298074001497298e-13	primary	optimal
riptide-20260916T042359Z	CNS:SF-295	riptide	EX_cyst__L_e	0.0	0.0	0.0	primary	optimal
riptide-20260916T042359Z	CNS:SF-295	riptide	EX_cytd_e	0.0	0.0	0.0	primary	optimal
riptide-20260916T042359Z	CNS:SF-295	riptide	EX_dad_2_e	0.0	0.0	0.0	primary	optimal
riptide-20260916T042359Z	CNS:SF-295	riptide	EX_dcmp_e	0.0	0.0	0.0	primary	optimal
riptide-20260916T042359Z	CNS:SF-295	riptide	EX_dcyt_e	0.0	0.0	0.0	primary	optimal
riptide-20260916T042359Z	CNS:SF-295	riptide	EX_dhap_e	0.0	0.0	0.0	primary	optimal
riptide-20260916T042359Z	CNS:SF-295	riptide	EX_dmgly_e	0.0	0.0	0.0	primary	optimal
riptide-20260916T042359Z	CNS:SF-295	riptide	EX_duri_e	0.0	0.0	0.0	primary	optimal
riptide-20260916T042359Z	CNS:SF-295	riptide	EX_ethamp_e	0.0	0.0	0.0	primary	optimal
riptide-20260916T042359Z	CNS:SF-295	riptide	EX_fol_e	1.5480949855373183e-12	9.823253321883385e-13	2.4922286456785514e-12	primary	optimal
riptide-20260916T042359Z	CNS:SF-295	riptide	EX_fum_e	4.840091832813549	0.0	8.219958429106187	primary	optimal
riptide-20260916T042359Z	CNS:SF-295	riptide	EX_g3pc_e	0.0	0.0	0.0	primary	optimal
riptide-20260916T042359Z	CNS:SF-295	riptide	EX_glc__D_e	-9.597969325430114	-10.0	-2.6876046494942374	primary	optimal
riptide-20260916T042359Z	CNS:SF-295	riptide	EX_glcur_e	0.0	0.0	0.0	primary	optimal
riptide-20260916T042359Z	CNS:SF-295	riptide	EX_gln__L_e	-7.515599789269048	-10.0	-1.6822379867874082	primary	optimal
riptide-20260916T042359Z	CNS:SF-295	riptide	EX_glu__L_e	-5.527825880797271	-10.0	2.841191925984324	primary	optimal
riptide-20260916T042359Z	CNS:SF-295	riptide	EX_gly_e	-1.5528920569433007	-1.9074297131443758	-1.5528920569319684	primary	optimal
riptide-20260916T042359Z	CNS:SF-295	riptide	EX_glyald_e	0.0	0.0	0.0	primary	optimal
riptide-20260916T042359Z	CNS:SF-295	riptide	EX_glyb_e	0.0	0.0	0.0	primary	optimal
riptide-20260916T042359Z	CNS:SF-295	riptide	EX_glyc3p_e	0.0	0.0	0.0	primary	optimal
riptide-20260916T042359Z	CNS:SF-295	riptide	EX_gmp_e	0.0	0.0	0.0	primary	optimal
riptide-20260916T042359Z	CNS:SF-295	riptide	EX_gthox_e	0.0	0.0	0.0	primary	optimal
riptide-20260916T042359Z	CNS:SF-295	riptide	EX_hcys__L_e	0.0	0.0	0.0	primary	optimal
riptide-20260916T042359Z	CNS:SF-295	riptide	EX_hom__L_e	0.0	0.0	0.0	primary	optimal
riptide-20260916T042359Z	CNS:SF-295	riptide	EX_hxan_e	0.0	0.0	0.0	primary	optimal
riptide-20260916T042359Z	CNS:SF-295	riptide	EX_icit_e	0.0	0.0	0.0	primary	optimal
riptide-20260916T042359Z	CNS:SF-295	riptide	EX_ile__L_e	-0.6816582256782509	-0.8372862415375588	-0.6816582256781878	primary	optimal
riptide-20260916T042359Z	CNS:SF-295	riptide	EX_imp_e	0.0	0.0	0.0	primary	optimal
riptide-20260916T042359Z	CNS:SF-295	riptide	EX_ins_e	0.0	0.0	0.0	primary	optimal
riptide-20260916T042359Z	CNS:SF-295	riptide	EX_lac__L_e	9.120360626392706	-1.0	18.05912377711401	primary	optimal
riptide-20260916T042359Z	CNS:SF-295	riptide	EX_lcts_e	0.0	0.0	0.0	primary	optimal
riptide-20260916T042359Z	CNS:SF-295	riptide	EX_leu__L_e	-1.2999061622002959	-1.5966851185806672	-1.2999061621981518	primary	optimal
riptide-20260916T042359Z	CNS:SF-295	riptide	EX_lys__L_e	-1.4108717854546393	-1.7329850796698638	-1.410871785454308	primary	optimal
riptide-20260916T042359Z	CNS:SF-295	riptide	EX_mal__L_e	0.0	0.0	0.0	primary	optimal
riptide-20260916T042359Z	CNS:SF-295	riptide	EX_met__L_e	-0.36460677988813117	-0.4478494190660301	-0.3646067798880672	primary	optimal
riptide-20260916T042359Z	CNS:SF-295	riptide	EX_nac_e	1.4979860860291615e-12	1.4979860860291615e-12	1.4979860860291615e-12	primary	optimal
riptide-20260916T042359Z	CNS:SF-295	riptide	EX_ncam_e	0.0	0.0	0.0	primary	optimal
riptide-20260916T042359Z	CNS:SF-295	riptide	EX_nicrnt_e	0.0	0.0	0.0	primary	optimal
riptide-20260916T042359Z	CNS:SF-295	riptide	EX_orn_e	0.0	0.0	0.0	primary	optimal
riptide-20260916T042359Z	CNS:SF-295	riptide	EX_orot5p_e	0.0	0.0	0.0	primary	optimal
riptide-20260916T042359Z	CNS:SF-295	riptide	EX_orot_e	0.0	0.0	0.0	primary	optimal
riptide-20260916T042359Z	CNS:SF-295	riptide	EX_oxa_e	0.0	0.0	0.0	primary	optimal
riptide-20260916T042359Z	CNS:SF-295	riptide	EX_pep_e	0.0	0.0	0.0	primary	optimal
riptide-20260916T042359Z	CNS:SF-295	riptide	EX_phe__L_e	-0.6182479365202749	-0.759398877043307	-0.6182479365201416	primary	optimal
riptide-20260916T042359Z	CNS:SF-295	riptide	EX_pnto__R_e	0.0	0.0	0.0	primary	optimal
riptide-20260916T042359Z	CNS:SF-295	riptide	EX_pro__L_e	-0.9828547164084149	-1.2072482961094393	-0.9828547164082178	primary	optimal
riptide-20260916T042359Z	CNS:SF-295	riptide	EX_quln_e	0.0	0.0	0.0	primary	optimal
riptide-20260916T042359Z	CNS:SF-295	riptide	EX_sbt__D_e	0.0	0.0	0.0	primary	optimal
riptide-20260916T042359Z	CNS:SF-295	riptide	EX_ser__L_e	-7.732572567903404	-10.0	-2.195642022743985	primary	optimal
riptide-20260916T042359Z	CNS:SF-295	riptide	EX_spmd_e	0.0	0.0	0.0	primary	optimal
riptide-20260916T042359Z	CNS:SF-295	riptide	EX_sprm_e	0.0	0.0	0.0	primary	optimal
riptide-20260916T042359Z	CNS:SF-295	riptide	EX_srtn_e	0.0	0.0	0.0	primary	optimal
riptide-20260916T042359Z	CNS:SF-295	riptide	EX_succ_e	10.32110405551979	5.295071868552536	14.167790977363403	primary	optimal
riptide-20260916T042359Z	CNS:SF-295	riptide	EX_sucr_e	0.0	0.0	0.0	primary	optimal
riptide-20260916T042359Z	CNS:SF-295	riptide	EX_taur_e	0.0	0.0	0.0	primary	optimal
riptide-20260916T042359Z	CNS:SF-295	riptide	EX_tchola_e	0.0	0.0	0.0	primary	optimal
riptide-20260916T042359Z	CNS:SF-295	riptide	EX_thr__L_e	-0.7450685148363272	-0.9151736060318962	-0.7450685148361753	primary	optimal
riptide-20260916T042359Z	CNS:SF-295	riptide	EX_thym_e	0.0	0.0	0.0	primary	optimal
riptide-20260916T042359Z	CNS:SF-295	riptide	EX_thymd_e	0.0	0.0	0.0	primary	optimal
riptide-20260916T042359Z	CNS:SF-295	riptide	EX_trp__L_e	-0.03170514457912965	-0.038943682247294074	-0.03170514457912965	primary	optimal
riptide-20260916T042359Z	CNS:SF-295	riptide	EX_tyr__L_e	-0.3804593521777546	-0.4673212601897419	-0.3804593521775441	primary	optimal
riptide-20260916T042359Z	CNS:SF-295	riptide	EX_ump_e	0.0	0.0	0.0	primary	optimal
riptide-20260916T042359Z	CNS:SF-295	riptide	EX_ura_e	0.0	0.0	0.0	primary	optimal
riptide-20260916T042359Z	CNS:SF-295	riptide	EX_urate_e	0.0	0.0	0.0	primary	optimal
riptide-20260916T042359Z	CNS:SF-295	riptide	EX_uri_e	0.0	0.0	0.0	primary	optimal
riptide-20260916T042359Z	CNS:SF-295	riptide	EX_val__L_e	-0.8401815658051248	-1.0320017259973218	-0.8401815658028404	primary	optimal
riptide-20260916T042359Z	CNS:SF-295	riptide	EX_xan_e	0.0	0.0	0.0	primary	optimal
riptide-20260916T042359Z	CNS:SF-295	riptide	EX_xmp_e	0.0	0.0	0.0	primary	optimal
riptide-20260916T042359Z	CNS:SF-295	riptide	EX_xtsn_e	0.0	0.0	0.0	primary	optimal
riptide-20260916T042359Z	CNS:SF-539	riptide	EX_2pg_e	0.0	0.0	0.0	primary	optimal
riptide-20260916T042359Z	CNS:SF-539	riptide	EX_34hpp_e	0.0	0.0	0.0	primary	optimal
riptide-20260916T042359Z	CNS:SF-539	riptide	EX_3hanthrn_e	0.0	0.0	0.0	primary	optimal
riptide-20260916T042359Z	CNS:SF-539	riptide	EX_3pg_e	0.0	0.0	0.0	primary	optimal
riptide-20260916T042359Z	CNS:SF-539	riptide	EX_4abut_e	0.0	0.0	0.0	primary	optimal
riptide-20260916T042359Z	CNS:SF-539	riptide	EX_4hbz_e	0.0	0.0	0.0	primary	optimal
riptide-20260916T042359Z	CNS:SF-539	riptide	EX_L2aadp_e	0.0	0.0	0.0	primary	optimal
riptide-20260916T042359Z	CNS:SF-539	riptide	EX_Lkynr_e	0.0	0.0	0.0	primary	optimal
riptide-20260916T042359Z	CNS:SF-539	riptide	EX_acac_e	0.0	0.0	0.0	primary	optimal
riptide-20260916T042359Z	CNS:SF-539	riptide	EX_ade_e	0.0	0.0	0.0	primary	optimal
riptide-20260916T042359Z	CNS:SF-539	riptide	EX_adn_e	0.0	0.0	0.0	primary	optimal
riptide-20260916T042359Z	CNS:SF-539	riptide	EX_ahcys_e	0.0	0.0	0.0	primary	optimal
riptide-20260916T042359Z	CNS:SF-539	riptide	EX_akg_e	0.0	0.0	0.0	primary	optimal
riptide-20260916T042359Z	CNS:SF-539	riptide	EX_ala__L_e	7.5406654647721965	0.0948950707818636	11.102430985579389	primary	optimal
riptide-20260916T042359Z	CNS:SF-539	riptide	EX_amp_e	0.0	0.0	0.0	primary	optimal
riptide-20260916T042359Z	CNS:SF-539	riptide	EX_anth_e	0.0	0.0	0.0	primary	optimal
riptide-20260916T042359Z	CNS:SF-539	riptide	EX_arg__L_e	-0.8625065740789051	-1.0527779265342847	-0.8595642912576995	primary	optimal
riptide-20260916T042359Z	CNS:SF-539	riptide	EX_asn__L_e	-6.0847515608781135	-10.0	-3.9444420469746584	primary	optimal
riptide-20260916T042359Z	CNS:SF-539	riptide	EX_asp__L_e	0.0	0.0	0.0	primary	optimal
riptide-20260916T042359Z	CNS:SF-539	riptide	EX_bilirub_e	0.0	0.0	1.655987307423439e-13	primary	optimal
riptide-20260916T042359Z	CNS:SF-539	riptide	EX_cala_e	0.0	0.0	0.0	primary	optimal
riptide-20260916T042359Z	CNS:SF-539	riptide	EX_chol_e	-1.3281282733334323	-1.9969371400223968	-0.5438922601503368	primary	optimal
riptide-20260916T042359Z	CNS:SF-539	riptide	EX_cholp_e	0.0	0.0	0.0	primary	optimal
riptide-20260916T042359Z	CNS:SF-539	riptide	EX_cit_e	0.0	0.0	0.0	primary	optimal
riptide-20260916T042359Z	CNS:SF-539	riptide	EX_citr__L_e	0.0	0.0	0.0	primary	optimal
riptide-20260916T042359Z	CNS:SF-539	riptide	EX_cmp_e	0.0	0.0	0.0	primary	optimal
riptide-20260916T042359Z	CNS:SF-539	riptide	EX_crn_e	-1.4810375148499588e-13	-1.4810375148499588e-13	-1.4810375148499588e-13	primary	optimal
riptide-20260916T042359Z	CNS:SF-539	riptide	EX_cyst__L_e	0.0	0.0	0.0	primary	optimal
riptide-20260916T042359Z	CNS:SF-539	riptide	EX_cytd_e	0.0	0.0	0.0	primary	optimal
riptide-20260916T042359Z	CNS:SF-539	riptide	EX_dad_2_e	0.0	0.0	0.0	primary	optimal
riptide-20260916T042359Z	CNS:SF-539	riptide	EX_dcmp_e	0.0	0.0	0.0	primary	optimal
riptide-20260916T042359Z	CNS:SF-539	riptide	EX_dcyt_e	0.0	0.0	0.0	primary	optimal
riptide-20260916T042359Z	CNS:SF-539	riptide	EX_dhap_e	0.0	0.0	0.0	primary	optimal
riptide-20260916T042359Z	CNS:SF-539	riptide	EX_dmgly_e	0.0	0.0	0.0	primary	optimal
riptide-20260916T042359Z	CNS:SF-539	riptide	EX_duri_e	0.0	0.0	0.0	primary	optimal
riptide-20260916T042359Z	CNS:SF-539	riptide	EX_ethamp_e	0.0	0.0	0.0	primary	optimal
riptide-20260916T042359Z	CNS:SF-539	riptide	EX_fol_e	0.0	0.0	0.0	primary	optimal
riptide-20260916T042359Z	CNS:SF-539	riptide	EX_fum_e	0.4312700925422356	0.42979889380903663	0.5264094761006424	primary	optimal
riptide-20260916T042359Z	CNS:SF-539	riptide	EX_g3pc_e	0.0	0.0	0.0	primary	optimal
riptide-20260916T042359Z	CNS:SF-539	riptide	EX_glc__D_e	-10.0	-10.0	-3.8574977229249305	primary	optimal
riptide-20260916T042359Z	CNS:SF-539	riptide	EX_glcur_e	0.0	0.0	0.0	primary	optimal
riptide-20260916T042359Z	CNS:SF-539	riptide	EX_gln__L_e	-3.3475013376207823	-10.0	-1.5950556953292008	primary	optimal
riptide-20260916T042359Z	CNS:SF-539	riptide	EX_glu__L_e	-6.982969094730356	-10.0	0.3587584449153393	primary	optimal
riptide-20260916T042359Z	CNS:SF-539	riptide	EX_gly_e	-3.5947580906730003	-5.556919094191412	-1.2741175588784153	primary	optimal
riptide-20260916T042359Z	CNS:SF-539	riptide	EX_glyald_e	0.0	0.0	0.0	primary	optimal
riptide-20260916T042359Z	CNS:SF-539	riptide	EX_glyb_e	0.0	0.0	0.0	primary	optimal
riptide-20260916T042359Z	CNS:SF-539	riptide	EX_glyc3p_e	0.0	0.0	0.0	primary	optimal
riptide-20260916T042359Z	CNS:SF-539	riptide	EX_gmp_e	0.0	0.0	0.0	primary	optimal
riptide-20260916T042359Z	CNS:SF-539	riptide	EX_gthox_e	0.0	0.0	0.0	primary	optimal
riptide-20260916T042359Z	CNS:SF-539	riptide	EX_hcys__L_e	0.0	0.0	0.0	primary	optimal
riptide-20260916T042359Z	CNS:SF-539	riptide	EX_hom__L_e	0.0	0.0	0.0	primary	optimal
riptide-20260916T042359Z	CNS:SF-539	riptide	EX_hxan_e	0.0	0.0	0.0	primary	optimal
riptide-20260916T042359Z	CNS:SF-539	riptide	EX_icit_e	0.0	0.0	0.0	primary	optimal
riptide-20260916T042359Z	CNS:SF-539	riptide	EX_ile__L_e	-0.6868122131585936	-0.8383249002532787	-0.6844692793922214	primary	optimal
riptide-20260916T042359Z	CNS:SF-539	riptide	EX_imp_e	0.0	0.0	0.0	primary	optimal
riptide-20260916T042359Z	CNS:SF-539	riptide	EX_ins_e	0.0	0.0	0.0	primary	optimal
riptide-20260916T042359Z	CNS:SF-539	riptide	EX_lac__L_e	9.903096385244027	-0.9755191869019096	19.10036930816984	primary	optimal
riptide-20260916T042359Z	CNS:SF-539	riptide	EX_lcts_e	0.0	0.0	0.0	primary	optimal
riptide-20260916T042359Z	CNS:SF-539	riptide	EX_leu__L_e	-1.309734694787526	-1.598665816245553	-1.305266775343501	primary	optimal
riptide-20260916T042359Z	CNS:SF-539	riptide	EX_lys__L_e	-1.4215393241780578	-1.7351348583072448	-1.416690003768224	primary	optimal
riptide-20260916T042359Z	CNS:SF-539	riptide	EX_mal__L_e	1.9170692340653948	0.0	5.733647929591279	primary	optimal
riptide-20260916T042359Z	CNS:SF-539	riptide	EX_met__L_e	-0.36736355550967303	-0.4484049790170577	-0.3661103621880297	primary	optimal
riptide-20260916T042359Z	CNS:SF-539	riptide	EX_nac_e	2.1062292501026005e-13	-2.1062292501026005e-13	2.1062292501026005e-13	primary	optimal
riptide-20260916T042359Z	CNS:SF-539	riptide	EX_ncam_e	0.0	0.0	0.0	primary	optimal
riptide-20260916T042359Z	CNS:SF-539	riptide	EX_nicrnt_e	0.0	0.0	0.0	primary	optimal
riptide-20260916T042359Z	CNS:SF-539	riptide	EX_orn_e	0.0	0.0	0.0	primary	optimal
riptide-20260916T042359Z	CNS:SF-539	riptide	EX_orot5p_e	0.0	0.0	0.0	primary	optimal
riptide-20260916T042359Z	CNS:SF-539	riptide	EX_orot_e	0.0	0.0	0.0	primary	optimal
riptide-20260916T042359Z	CNS:SF-539	riptide	EX_oxa_e	0.0	0.0	0.0	primary	optimal
riptide-20260916T042359Z	CNS:SF-539	riptide	EX_pep_e	0.0	0.0	0.0	primary	optimal
riptide-20260916T042359Z	CNS:SF-539	riptide	EX_phe__L_e	-0.6229224816288479	-0.7603409160063508	-0.6207974959513294	primary	optimal
riptide-20260916T042359Z	CNS:SF-539	riptide	EX_pnto__R_e	0.0	0.0	0.0	primary	optimal
riptide-20260916T042359Z	CNS:SF-539	riptide	EX_pro__L_e	-0.9902860371385591	-1.2087458950662506	-0.986907858139352	primary	optimal
riptide-20260916T042359Z	CNS:SF-539	riptide	EX_quln_e	0.0	0.0	0.0	primary	optimal
riptide-20260916T042359Z	CNS:SF-539	riptide	EX_sbt__D_e	0.0	0.0	0.0	primary	optimal
riptide-20260916T042359Z	CNS:SF-539	riptide	EX_ser__L_e	-9.03775910907266	-10.0	-0.6152143815297273	primary	optimal
riptide-20260916T042359Z	CNS:SF-539	riptide	EX_spmd_e	0.0	0.0	0.0	primary	optimal
riptide-20260916T042359Z	CNS:SF-539	riptide	EX_sprm_e	0.0	0.0	0.0	primary	optimal
riptide-20260916T042359Z	CNS:SF-539	riptide	EX_srtn_e	0.0	0.0	0.0	primary	optimal
riptide-20260916T042359Z	CNS:SF-539	riptide	EX_succ_e	9.441204676428498	6.658223864383256	10.315520273490476	primary	optimal
riptide-20260916T042359Z	CNS:SF-539	riptide	EX_sucr_e	0.0	0.0	0.0	primary	optimal
riptide-20260916T042359Z	CNS:SF-539	riptide	EX_taur_e	0.0	0.0	0.0	primary	optimal
riptide-20260916T042359Z	CNS:SF-539	riptide	EX_tchola_e	0.0	0.0	0.0	primary	optimal
riptide-20260916T042359Z	CNS:SF-539	riptide	EX_thr__L_e	-0.7507019446884149	-0.9163088844994147	-0.7481410628329623	primary	optimal
riptide-20260916T042359Z	CNS:SF-539	riptide	EX_thym_e	0.0	0.0	0.0	primary	optimal
riptide-20260916T042359Z	CNS:SF-539	riptide	EX_thymd_e	0.0	0.0	0.0	primary	optimal
riptide-20260916T042359Z	CNS:SF-539	riptide	EX_trp__L_e	-0.03194486576482003	-0.03899199212374316	-0.031835891720431775	primary	optimal
riptide-20260916T042359Z	CNS:SF-539	riptide	EX_tyr__L_e	-0.3833359883920924	-0.4679009750788971	-0.38202830804816124	primary	optimal
riptide-20260916T042359Z	CNS:SF-539	riptide	EX_ump_e	0.0	0.0	0.0	primary	optimal
riptide-20260916T042359Z	CNS:SF-539	riptide	EX_ura_e	0.0	0.0	0.0	primary	optimal
riptide-20260916T042359Z	CNS:SF-539	riptide	EX_urate_e	0.0	0.0	0.0	primary	optimal
riptide-20260916T042359Z	CNS:SF-539	riptide	EX_uri_e	0.0	0.0	0.0	primary	optimal
riptide-20260916T042359Z	CNS:SF-539	riptide	EX_val__L_e	-0.8465341411964031	-1.0332819304741412	-0.8436463453973655	primary	optimal
riptide-20260916T042359Z	CNS:SF-539	riptide	EX_xan_e	0.0	0.0	0.0	primary	optimal
riptide-20260916T042359Z	CNS:SF-539	riptide	EX_xmp_e	0.0	0.0	0.0	primary	optimal
riptide-20260916T042359Z	CNS:SF-539	riptide	EX_xtsn_e	0.0	0.0	0.0	primary	optimal
riptide-20260916T042359Z	CNS:SNB-19	riptide	EX_2pg_e	0.0	0.0	0.0	primary	optimal
riptide-20260916T042359Z	CNS:SNB-19	riptide	EX_34hpp_e	0.0	0.0	0.0	primary	optimal
riptide-20260916T042359Z	CNS:SNB-19	riptide	EX_3hanthrn_e	0.0	0.0	0.0	primary	optimal
riptide-20260916T042359Z	CNS:SNB-19	riptide	EX_3pg_e	0.0	0.0	0.0	primary	optimal
riptide-20260916T042359Z	CNS:SNB-19	riptide	EX_4abut_e	0.0	0.0	0.0	primary	optimal
riptide-20260916T042359Z	CNS:SNB-19	riptide	EX_4hbz_e	0.0	0.0	0.0	primary	optimal
riptide-20260916T042359Z	CNS:SNB-19	riptide	EX_L2aadp_e	0.0	0.0	0.0	primary	optimal
riptide-20260916T042359Z	CNS:SNB-19	riptide	EX_Lkynr_e	0.0	0.0	0.0	primary	optimal
riptide-20260916T042359Z	CNS:SNB-19	riptide	EX_acac_e	0.0	0.0	0.0	primary	optimal
riptide-20260916T042359Z	CNS:SNB-19	riptide	EX_ade_e	0.0	0.0	0.0	primary	optimal
riptide-20260916T042359Z	CNS:SNB-19	riptide	EX_adn_e	0.0	0.0	0.0	primary	optimal
riptide-20260916T042359Z	CNS:SNB-19	riptide	EX_ahcys_e	0.0	0.0	0.0	primary	optimal
riptide-20260916T042359Z	CNS:SNB-19	riptide	EX_akg_e	0.0	0.0	0.0	primary	optimal
riptide-20260916T042359Z	CNS:SNB-19	riptide	EX_ala__L_e	3.588302722833875	0.0	13.429264028135817	primary	optimal
riptide-20260916T042359Z	CNS:SNB-19	riptide	EX_amp_e	0.0	0.0	0.0	primary	optimal
riptide-20260916T042359Z	CNS:SNB-19	riptide	EX_anth_e	0.0	0.0	0.0	primary	optimal
riptide-20260916T042359Z	CNS:SNB-19	riptide	EX_arg__L_e	-0.8569195869722819	-1.0485380080921296	-0.8569195869722819	primary	optimal
riptide-20260916T042359Z	CNS:SNB-19	riptide	EX_asn__L_e	-7.950236546430338	-10.0	-1.7818827776242738	primary	optimal
riptide-20260916T042359Z	CNS:SNB-19	riptide	EX_asp__L_e	0.0	0.0	0.0	primary	optimal
riptide-20260916T042359Z	CNS:SNB-19	riptide	EX_bilirub_e	0.0	0.0	0.0	primary	optimal
riptide-20260916T042359Z	CNS:SNB-19	riptide	EX_cala_e	0.0	0.0	0.0	primary	optimal
riptide-20260916T042359Z	CNS:SNB-19	riptide	EX_chol_e	-0.5999582021731849	-0.7341166987030401	-0.5999582021688425	primary	optimal
riptide-20260916T042359Z	CNS:SNB-19	riptide	EX_cholp_e	0.0	0.0	0.0	primary	optimal
riptide-20260916T042359Z	CNS:SNB-19	riptide	EX_cit_e	0.0	0.0	0.0	primary	optimal
riptide-20260916T042359Z	CNS:SNB-19	riptide	EX_citr__L_e	0.0	0.0	0.0	primary	optimal
riptide-20260916T042359Z	CNS:SNB-19	riptide	EX_cmp_e	0.0	0.0	0.0	primary	optimal
riptide-20260916T042359Z	CNS:SNB-19	riptide	EX_crn_e	0.0	0.0	0.0	primary	optimal
riptide-20260916T042359Z	CNS:SNB-19	riptide	EX_cyst__L_e	0.0	0.0	0.0	primary	optimal
riptide-20260916T042359Z	CNS:SNB-19	riptide	EX_cytd_e	0.0	0.0	0.0	primary	optimal
riptide-20260916T042359Z	CNS:SNB-19	riptide	EX_dad_2_e	0.0	0.0	0.0	primary	optimal
riptide-20260916T042359Z	CNS:SNB-19	riptide	EX_dcmp_e	0.0	0.0	0.0	primary	optimal
riptide-20260916T042359Z	CNS:SNB-19	riptide	EX_dcyt_e	0.0	0.0	0.0	primary	optimal
riptide-20260916T042359Z	CNS:SNB-19	riptide	EX_dhap_e	0.0	0.0	0.0	primary	optimal
riptide-20260916T042359Z	CNS:SNB-19	riptide	EX_dmgly_e	0.0	0.0	0.0	primary	optimal
riptide-20260916T042359Z	CNS:SNB-19	riptide	EX_duri_e	0.0	0.0	0.0	primary	optimal
riptide-20260916T042359Z	CNS:SNB-19	riptide	EX_ethamp_e	0.0	0.0	0.0	primary	optimal
riptide-20260916T042359Z	CNS:SNB-19	riptide	EX_fol_e	0.0	0.0	0.0	primary	optimal
riptide-20260916T042359Z	CNS:SNB-19	riptide	EX_fum_e	6.079802414592608	0.0	8.218117222377572	primary	optimal
riptide-20260916T042359Z	CNS:SNB-19	riptide	EX_g3pc_e	0.0	0.0	0.0	primary	optimal
riptide-20260916T042359Z	CNS:SNB-19	riptide	EX_glc__D_e	-10.0	-10.0	-4.085324622573416	primary	optimal
riptide-20260916T042359Z	CNS:SNB-19	riptide	EX_glcur_e	0.0	0.0	0.0	primary	optimal
riptide-20260916T042359Z	CNS:SNB-19	riptide	EX_gln__L_e	-9.589548107417915	-10.0	-1.8240239031211674	primary	optimal
riptide-20260916T042359Z	CNS:SNB-19	riptide	EX_glu__L_e	-2.0340038763541797	-10.0	2.077765979923499	primary	optimal
riptide-20260916T042359Z	CNS:SNB-19	riptide	EX_gly_e	-1.5544983089272648	-1.9021044508730456	-1.5544983089158309	primary	optimal
riptide-20260916T042359Z	CNS:SNB-19	riptide	EX_glyald_e	0.0	0.0	0.0	primary	optimal
riptide-20260916T042359Z	CNS:SNB-19	riptide	EX_glyb_e	0.0	0.0	0.0	primary	optimal
riptide-20260916T042359Z	CNS:SNB-19	riptide	EX_glyc3p_e	0.0	0.0	0.0	primary	optimal
riptide-20260916T042359Z	CNS:SNB-19	riptide	EX_gmp_e	0.0	0.0	0.0	primary	optimal
riptide-20260916T042359Z	CNS:SNB-19	riptide	EX_gthox_e	0.0	0.0	0.0	primary	optimal
riptide-20260916T042359Z	CNS:SNB-19	riptide	EX_hcys__L_e	0.0	0.0	0.0	primary	optimal
riptide-20260916T042359Z	CNS:SNB-19	riptide	EX_hom__L_e	0.0	0.0	0.0	primary	optimal
riptide-20260916T042359Z	CNS:SNB-19	riptide	EX_hxan_e	0.0	0.0	0.0	primary	optimal
riptide-20260916T042359Z	CNS:SNB-19	riptide	EX_icit_e	0.0	0.0	0.0	primary	optimal
riptide-20260916T042359Z	CNS:SNB-19	riptide	EX_ile__L_e	-0.6823633068025234	-0.8349486619132455	-0.6823633068025234	primary	optimal
riptide-20260916T042359Z	CNS:SNB-19	riptide	EX_imp_e	0.0	0.0	0.0	primary	optimal
riptide-20260916T042359Z	CNS:SNB-19	riptide	EX_ins_e	0.0	0.0	0.0	primary	optimal
riptide-20260916T042359Z	CNS:SNB-19	riptide	EX_lac__L_e	8.222413317451819	-1.0	16.228651699557496	primary	optimal
riptide-20260916T042359Z	CNS:SNB-19	riptide	EX_lcts_e	0.0	0.0	0.0	primary	optimal
riptide-20260916T042359Z	CNS:SNB-19	riptide	EX_leu__L_e	-1.3012507352771001	-1.5922274093598077	-1.3012507352758824	primary	optimal
riptide-20260916T042359Z	CNS:SNB-19	riptide	EX_lys__L_e	-1.412331137116615	-1.7281468410718563	-1.412331137116567	primary	optimal
riptide-20260916T042359Z	CNS:SNB-19	riptide	EX_mal__L_e	0.0	0.0	0.0	primary	optimal
riptide-20260916T042359Z	CNS:SNB-19	riptide	EX_met__L_e	-0.3649839151571168	-0.44659908957931066	-0.3649839151571168	primary	optimal
riptide-20260916T042359Z	CNS:SNB-19	riptide	EX_nac_e	6.445319057944896e-13	6.445319057944896e-13	6.445319057944896e-13	primary	optimal
riptide-20260916T042359Z	CNS:SNB-19	riptide	EX_ncam_e	0.0	0.0	0.0	primary	optimal
riptide-20260916T042359Z	CNS:SNB-19	riptide	EX_nicrnt_e	0.0	0.0	0.0	primary	optimal
riptide-20260916T042359Z	CNS:SNB-19	riptide	EX_orn_e	0.0	0.0	0.0	primary	optimal
riptide-20260916T042359Z	CNS:SNB-19	riptide	EX_orot5p_e	0.0	0.0	0.0	primary	optimal
riptide-20260916T042359Z	CNS:SNB-19	riptide	EX_orot_e	0.0	0.0	0.0	primary	optimal
riptide-20260916T042359Z	CNS:SNB-19	riptide	EX_oxa_e	0.0	0.0	0.0	primary	optimal
riptide-20260916T042359Z	CNS:SNB-19	riptide	EX_pep_e	0.0	0.0	0.0	primary	optimal
riptide-20260916T042359Z	CNS:SNB-19	riptide	EX_phe__L_e	-0.6188874284734034	-0.7572787474465223	-0.6188874284733803	primary	optimal
riptide-20260916T042359Z	CNS:SNB-19	riptide	EX_pnto__R_e	0.0	0.0	0.0	primary	optimal
riptide-20260916T042359Z	CNS:SNB-19	riptide	EX_pro__L_e	-0.9838713436305149	-1.2038778370258243	-0.9838713436305149	primary	optimal
riptide-20260916T042359Z	CNS:SNB-19	riptide	EX_quln_e	0.0	0.0	0.0	primary	optimal
riptide-20260916T042359Z	CNS:SNB-19	riptide	EX_sbt__D_e	0.0	0.0	0.0	primary	optimal
riptide-20260916T042359Z	CNS:SNB-19	riptide	EX_ser__L_e	-7.411925885473241	-10.0	-1.5753851598398168	primary	optimal
riptide-20260916T042359Z	CNS:SNB-19	riptide	EX_spmd_e	0.0	0.0	0.0	primary	optimal
riptide-20260916T042359Z	CNS:SNB-19	riptide	EX_sprm_e	0.0	0.0	0.0	primary	optimal
riptide-20260916T042359Z	CNS:SNB-19	riptide	EX_srtn_e	0.0	0.0	0.0	primary	optimal
riptide-20260916T042359Z	CNS:SNB-19	riptide	EX_succ_e	9.364575946347586	5.696799411246897	13.204401756558799	primary	optimal
riptide-20260916T042359Z	CNS:SNB-19	riptide	EX_sucr_e	0.0	0.0	0.0	primary	optimal
riptide-20260916T042359Z	CNS:SNB-19	riptide	EX_taur_e	0.0	0.0	0.0	primary	optimal
riptide-20260916T042359Z	CNS:SNB-19	riptide	EX_tchola_e	0.0	0.0	0.0	primary	optimal
riptide-20260916T042359Z	CNS:SNB-19	riptide	EX_thr__L_e	-0.7458391851315724	-0.9126185763801542	-0.7458391851315422	primary	optimal
riptide-20260916T042359Z	CNS:SNB-19	riptide	EX_thym_e	0.0	0.0	0.0	primary	optimal
riptide-20260916T042359Z	CNS:SNB-19	riptide	EX_thymd_e	0.0	0.0	0.0	primary	optimal
riptide-20260916T042359Z	CNS:SNB-19	riptide	EX_trp__L_e	-0.03173793916454176	-0.03883495723340794	-0.031737939164452555	primary	optimal
riptide-20260916T042359Z	CNS:SNB-19	riptide	EX_tyr__L_e	-0.38085288473935996	-0.4660165681960772	-0.3808528847393209	primary	optimal
riptide-20260916T042359Z	CNS:SNB-19	riptide	EX_ump_e	0.0	0.0	0.0	primary	optimal
riptide-20260916T042359Z	CNS:SNB-19	riptide	EX_ura_e	0.0	0.0	0.0	primary	optimal
riptide-20260916T042359Z	CNS:SNB-19	riptide	EX_urate_e	0.0	0.0	0.0	primary	optimal
riptide-20260916T042359Z	CNS:SNB-19	riptide	EX_uri_e	0.0	0.0	0.0	primary	optimal
riptide-20260916T042359Z	CNS:SNB-19	riptide	EX_val__L_e	-0.841050617390076	-1.0291205294754204	-0.8410506173899588	primary	optimal
riptide-20260916T042359Z	CNS:SNB-19	riptide	EX_xan_e	0.0	0.0	0.0	primary	optimal
riptide-20260916T042359Z	CNS:SNB-19	riptide	EX_xmp_e	0.0	0.0	0.0	primary	optimal
riptide-20260916T042359Z	CNS:SNB-19	riptide	EX_xtsn_e	0.0	0.0	0.0	primary	optimal
riptide-20260916T042359Z	CNS:SNB-75	riptide	EX_2pg_e	0.0	0.0	0.0	primary	optimal
riptide-20260916T042359Z	CNS:SNB-75	riptide	EX_34hpp_e	0.0	0.0	0.0	primary	optimal
riptide-20260916T042359Z	CNS:SNB-75	riptide	EX_3hanthrn_e	0.0	0.0	0.0	primary	optimal
riptide-20260916T042359Z	CNS:SNB-75	riptide	EX_3pg_e	0.0	0.0	0.0	primary	optimal
riptide-20260916T042359Z	CNS:SNB-75	riptide	EX_4abut_e	0.0	0.0	0.0	primary	optimal
riptide-20260916T042359Z	CNS:SNB-75	riptide	EX_4hbz_e	0.0	0.0	0.0	primary	optimal
riptide-20260916T042359Z	CNS:SNB-75	riptide	EX_L2aadp_e	0.0	0.0	0.0	primary	optimal
riptide-20260916T042359Z	CNS:SNB-75	riptide	EX_Lkynr_e	0.0	0.0	0.0	primary	optimal
riptide-20260916T042359Z	CNS:SNB-75	riptide	EX_acac_e	0.0	0.0	0.0	primary	optimal
riptide-20260916T042359Z	CNS:SNB-75	riptide	EX_ade_e	0.0	0.0	0.0	primary	optimal
riptide-20260916T042359Z	CNS:SNB-75	riptide	EX_adn_e	0.0	0.0	0.0	primary	optimal
riptide-20260916T042359Z	CNS:SNB-75	riptide	EX_ahcys_e	0.0	0.0	0.0	primary	optimal
riptide-20260916T042359Z	CNS:SNB-75	riptide	EX_akg_e	0.0	0.0	0.0	primary	optimal
riptide-20260916T042359Z	CNS:SNB-75	riptide	EX_ala__L_e	2.9749348792652435	0.0	7.540500499130802	primary	optimal
riptide-20260916T042359Z	CNS:SNB-75	riptide	EX_amp_e	0.0	0.0	0.0	primary	optimal
riptide-20260916T042359Z	CNS:SNB-75	riptide	EX_anth_e	0.0	0.0	0.0	primary	optimal
riptide-20260916T042359Z	CNS:SNB-75	riptide	EX_arg__L_e	-0.8666517587281053	-1.0408206120553571	-0.8409137197842487	primary	optimal
riptide-20260916T042359Z	CNS:SNB-75	riptide	EX_asn__L_e	-3.271566391105761	-5.640265556240223	-0.6540453046560231	primary	optimal
riptide-20260916T042359Z	CNS:SNB-75	riptide	EX_asp__L_e	0.0	0.0	0.0	primary	optimal
riptide-20260916T042359Z	CNS:SNB-75	riptide	EX_bilirub_e	0.0	0.0	0.0	primary	optimal
riptide-20260916T042359Z	CNS:SNB-75	riptide	EX_cala_e	0.0	0.0	0.0	primary	optimal
riptide-20260916T042359Z	CNS:SNB-75	riptide	EX_chol_e	-1.6591920791344794	-1.9926357939391792	-1.6099169811292882	primary	optimal
riptide-20260916T042359Z	CNS:SNB-75	riptide	EX_cholp_e	0.0	0.0	0.0	primary	optimal
riptide-20260916T042359Z	CNS:SNB-75	riptide	EX_cit_e	0.0	0.0	0.0	primary	optimal
riptide-20260916T042359Z	CNS:SNB-75	riptide	EX_citr__L_e	0.0	0.0	0.0	primary	optimal
riptide-20260916T042359Z	CNS:SNB-75	riptide	EX_cmp_e	0.0	0.0	0.0	primary	optimal
riptide-20260916T042359Z	CNS:SNB-75	riptide	EX_crn_e	5.995204332975845e-14	5.995204332975845e-14	5.995204332975845e-14	primary	optimal
riptide-20260916T042359Z	CNS:SNB-75	riptide	EX_cyst__L_e	0.0	0.0	0.0	primary	optimal
riptide-20260916T042359Z	CNS:SNB-75	riptide	EX_cytd_e	0.0	0.0	0.0	primary	optimal
riptide-20260916T042359Z	CNS:SNB-75	riptide	EX_dad_2_e	0.0	0.0	0.0	primary	optimal
riptide-20260916T042359Z	CNS:SNB-75	riptide	EX_dcmp_e	0.0	0.0	0.0	primary	optimal
riptide-20260916T042359Z	CNS:SNB-75	riptide	EX_dcyt_e	0.0	0.0	0.0	primary	optimal
riptide-20260916T042359Z	CNS:SNB-75	riptide	EX_dhap_e	0.0	0.0	0.0	primary	optimal
riptide-20260916T042359Z	CNS:SNB-75	riptide	EX_dmgly_e	0.0	0.0	0.0	primary	optimal
riptide-20260916T042359Z	CNS:SNB-75	riptide	EX_duri_e	0.0	0.0	0.0	primary	optimal
riptide-20260916T042359Z	CNS:SNB-75	riptide	EX_ethamp_e	0.0	0.0	0.0	primary	optimal
riptide-20260916T042359Z	CNS:SNB-75	riptide	EX_fol_e	0.0	0.0	0.0	primary	optimal
riptide-20260916T042359Z	CNS:SNB-75	riptide	EX_fum_e	0.4333427656339796	0.42047324467709835	0.5204305858972069	primary	optimal
riptide-20260916T042359Z	CNS:SNB-75	riptide	EX_g3pc_e	0.0	0.0	0.0	primary	optimal
riptide-20260916T042359Z	CNS:SNB-75	riptide	EX_glc__D_e	-10.0	-10.0	-3.8720120987862896	primary	optimal
riptide-20260916T042359Z	CNS:SNB-75	riptide	EX_glcur_e	0.0	0.0	0.0	primary	optimal
riptide-20260916T042359Z	CNS:SNB-75	riptide	EX_gln__L_e	-9.412064840963971	-10.0	-6.734924593909658	primary	optimal
riptide-20260916T042359Z	CNS:SNB-75	riptide	EX_glu__L_e	0.0	0.0	0.0	primary	optimal
riptide-20260916T042359Z	CNS:SNB-75	riptide	EX_gly_e	-4.729413162262533	-5.679871589285913	-4.5889578768152415	primary	optimal
riptide-20260916T042359Z	CNS:SNB-75	riptide	EX_glyald_e	0.0	0.0	0.0	primary	optimal
riptide-20260916T042359Z	CNS:SNB-75	riptide	EX_glyb_e	0.0	0.0	0.0	primary	optimal
riptide-20260916T042359Z	CNS:SNB-75	riptide	EX_glyc3p_e	0.0	0.0	0.0	primary	optimal
riptide-20260916T042359Z	CNS:SNB-75	riptide	EX_gmp_e	0.0	0.0	0.0	primary	optimal
riptide-20260916T042359Z	CNS:SNB-75	riptide	EX_gthox_e	0.0	0.0	0.0	primary	optimal
riptide-20260916T042359Z	CNS:SNB-75	riptide	EX_hcys__L_e	0.0	0.0	0.0	primary	optimal
riptide-20260916T042359Z	CNS:SNB-75	riptide	EX_hom__L_e	0.0	0.0	0.0	primary	optimal
riptide-20260916T042359Z	CNS:SNB-75	riptide	EX_hxan_e	0.0	0.0	0.0	primary	optimal
riptide-20260916T042359Z	CNS:SNB-75	riptide	EX_icit_e	0.0	0.0	0.0	primary	optimal
riptide-20260916T042359Z	CNS:SNB-75	riptide	EX_ile__L_e	-0.6901130151795911	-0.8288033153023976	-0.6696178676401523	primary	optimal
riptide-20260916T042359Z	CNS:SNB-75	riptide	EX_imp_e	0.0	0.0	0.0	primary	optimal
riptide-20260916T042359Z	CNS:SNB-75	riptide	EX_ins_e	0.0	0.0	0.0	primary	optimal
riptide-20260916T042359Z	CNS:SNB-75	riptide	EX_lac__L_e	9.11548258696223	-0.9144532009744322	15.843244622803422	primary	optimal
riptide-20260916T042359Z	CNS:SNB-75	riptide	EX_lcts_e	0.0	0.0	0.0	primary	optimal
riptide-20260916T042359Z	CNS:SNB-75	riptide	EX_leu__L_e	-1.3160292464052281	-1.5805083782862035	-1.2769454833435905	primary	optimal
riptide-20260916T042359Z	CNS:SNB-75	riptide	EX_lys__L_e	-1.4283712059999472	-1.7154274227203927	-1.385951083550495	primary	optimal
riptide-20260916T042359Z	CNS:SNB-75	riptide	EX_mal__L_e	2.830274932094179	0.0	5.503430312876847	primary	optimal
riptide-20260916T042359Z	CNS:SNB-75	riptide	EX_met__L_e	-0.36912909541018557	-0.44331205370896426	-0.3581666079551056	primary	optimal
riptide-20260916T042359Z	CNS:SNB-75	riptide	EX_nac_e	0.0	0.0	0.0	primary	optimal
riptide-20260916T042359Z	CNS:SNB-75	riptide	EX_ncam_e	0.0	0.0	0.0	primary	optimal
riptide-20260916T042359Z	CNS:SNB-75	riptide	EX_nicrnt_e	0.0	0.0	0.0	primary	optimal
riptide-20260916T042359Z	CNS:SNB-75	riptide	EX_orn_e	0.0	0.0	0.0	primary	optimal
riptide-20260916T042359Z	CNS:SNB-75	riptide	EX_orot5p_e	0.0	0.0	0.0	primary	optimal
riptide-20260916T042359Z	CNS:SNB-75	riptide	EX_orot_e	0.0	0.0	0.0	primary	optimal
riptide-20260916T042359Z	CNS:SNB-75	riptide	EX_oxa_e	0.0	0.0	0.0	primary	optimal
riptide-20260916T042359Z	CNS:SNB-75	riptide	EX_pep_e	0.0	0.0	0.0	primary	optimal
riptide-20260916T042359Z	CNS:SNB-75	riptide	EX_phe__L_e	-0.6259162312257267	-0.751705062983766	-0.6073276157032481	primary	optimal
riptide-20260916T042359Z	CNS:SNB-75	riptide	EX_pnto__R_e	0.0	0.0	0.0	primary	optimal
riptide-20260916T042359Z	CNS:SNB-75	riptide	EX_pro__L_e	-0.9950453266358918	-1.1950171166927304	-0.9654942236583537	primary	optimal
riptide-20260916T042359Z	CNS:SNB-75	riptide	EX_quln_e	0.0	0.0	0.0	primary	optimal
riptide-20260916T042359Z	CNS:SNB-75	riptide	EX_sbt__D_e	0.0	0.0	0.0	primary	optimal
riptide-20260916T042359Z	CNS:SNB-75	riptide	EX_ser__L_e	-10.0	-10.0	-3.8097507350502338	primary	optimal
riptide-20260916T042359Z	CNS:SNB-75	riptide	EX_spmd_e	0.0	0.0	0.0	primary	optimal
riptide-20260916T042359Z	CNS:SNB-75	riptide	EX_sprm_e	0.0	0.0	0.0	primary	optimal
riptide-20260916T042359Z	CNS:SNB-75	riptide	EX_srtn_e	0.0	0.0	0.0	primary	optimal
riptide-20260916T042359Z	CNS:SNB-75	riptide	EX_succ_e	7.584604441811747	5.064187992463668	8.333742782732935	primary	optimal
riptide-20260916T042359Z	CNS:SNB-75	riptide	EX_sucr_e	0.0	0.0	0.0	primary	optimal
riptide-20260916T042359Z	CNS:SNB-75	riptide	EX_taur_e	0.0	0.0	0.0	primary	optimal
riptide-20260916T042359Z	CNS:SNB-75	riptide	EX_tchola_e	0.0	0.0	0.0	primary	optimal
riptide-20260916T042359Z	CNS:SNB-75	riptide	EX_thr__L_e	-0.754309799133491	-0.9059015676211688	-0.7319081195772821	primary	optimal
riptide-20260916T042359Z	CNS:SNB-75	riptide	EX_thym_e	0.0	0.0	0.0	primary	optimal
riptide-20260916T042359Z	CNS:SNB-75	riptide	EX_thymd_e	0.0	0.0	0.0	primary	optimal
riptide-20260916T042359Z	CNS:SNB-75	riptide	EX_trp__L_e	-0.03209839197700462	-0.038549126159428536	-0.031145125968642162	primary	optimal
riptide-20260916T042359Z	CNS:SNB-75	riptide	EX_tyr__L_e	-0.3851782913986943	-0.4625866167887672	-0.37373917093945863	primary	optimal
riptide-20260916T042359Z	CNS:SNB-75	riptide	EX_ump_e	0.0	0.0	0.0	primary	optimal
riptide-20260916T042359Z	CNS:SNB-75	riptide	EX_ura_e	0.0	0.0	0.0	primary	optimal
riptide-20260916T042359Z	CNS:SNB-75	riptide	EX_urate_e	0.0	0.0	0.0	primary	optimal
riptide-20260916T042359Z	CNS:SNB-75	riptide	EX_uri_e	0.0	0.0	0.0	primary	optimal
riptide-20260916T042359Z	CNS:SNB-75	riptide	EX_val__L_e	-0.8506025627396623	-1.0215460489757229	-0.8253411568000821	primary	optimal
riptide-20260916T042359Z	CNS:SNB-75	riptide	EX_xan_e	0.0	0.0	0.0	primary	optimal
riptide-20260916T042359Z	CNS:SNB-75	riptide	EX_xmp_e	0.0	0.0	0.0	primary	optimal
riptide-20260916T042359Z	CNS:SNB-75	riptide	EX_xtsn_e	0.0	0.0	0.0	primary	optimal
riptide-20260916T042359Z	CNS:U251	riptide	EX_2pg_e	0.0	0.0	0.0	primary	optimal
riptide-20260916T042359Z	CNS:U251	riptide	EX_34hpp_e	0.0	0.0	0.0	primary	optimal
riptide-20260916T042359Z	CNS:U251	riptide	EX_3hanthrn_e	0.0	0.0	0.0	primary	optimal
riptide-20260916T042359Z	CNS:U251	riptide	EX_3pg_e	0.0	0.0	0.0	primary	optimal
riptide-20260916T042359Z	CNS:U251	riptide	EX_4abut_e	0.0	0.0	0.0	primary	optimal
riptide-20260916T042359Z	CNS:U251	riptide	EX_4hbz_e	0.0	0.0	0.0	primary	optimal
riptide-20260916T042359Z	CNS:U251	riptide	EX_L2aadp_e	0.0	0.0	0.0	primary	optimal
riptide-20260916T042359Z	CNS:U251	riptide	EX_Lkynr_e	0.0	0.0	0.0	primary	optimal
riptide-20260916T042359Z	CNS:U251	riptide	EX_acac_e	0.0	0.0	0.0	primary	optimal
riptide-20260916T042359Z	CNS:U251	riptide	EX_ade_e	0.0	0.0	0.0	primary	optimal
riptide-20260916T042359Z	CNS:U251	riptide	EX_adn_e	0.0	0.0	0.0	primary	optimal
riptide-20260916T042359Z	CNS:U251	riptide	EX_ahcys_e	0.0	0.0	0.0	primary	optimal
riptide-20260916T042359Z	CNS:U251	riptide	EX_akg_e	0.0	0.0	0.0	primary	optimal
riptide-20260916T042359Z	CNS:U251	riptide	EX_ala__L_e	2.25906904379396	0.0	4.008344352440279	primary	optimal
riptide-20260916T042359Z	CNS:U251	riptide	EX_amp_e	0.0	0.0	0.0	primary	optimal
riptide-20260916T042359Z	CNS:U251	riptide	EX_anth_e	0.0	0.0	0.0	primary	optimal
riptide-20260916T042359Z	CNS:U251	riptide	EX_arg__L_e	-0.9058356312068012	-1.0455408054022777	-0.848633847430845	primary	optimal
riptide-20260916T042359Z	CNS:U251	riptide	EX_asn__L_e	-6.7299727793618604	-10.0	-1.7646533703240934	primary	optimal
riptide-20260916T042359Z	CNS:U251	riptide	EX_asp__L_e	0.0	0.0	0.0	primary	optimal
riptide-20260916T042359Z	CNS:U251	riptide	EX_bilirub_e	0.0	0.0	0.0	primary	optimal
riptide-20260916T042359Z	CNS:U251	riptide	EX_cala_e	0.0	0.0	0.0	primary	optimal
riptide-20260916T042359Z	CNS:U251	riptide	EX_chol_e	-0.9787508372350207	-1.8743029190495697	-0.5369759842443692	primary	optimal
riptide-20260916T042359Z	CNS:U251	riptide	EX_cholp_e	0.0	0.0	0.0	primary	optimal
riptide-20260916T042359Z	CNS:U251	riptide	EX_cit_e	0.0	0.0	0.0	primary	optimal
riptide-20260916T042359Z	CNS:U251	riptide	EX_citr__L_e	0.0	0.0	0.0	primary	optimal
riptide-20260916T042359Z	CNS:U251	riptide	EX_cmp_e	0.0	0.0	0.0	primary	optimal
riptide-20260916T042359Z	CNS:U251	riptide	EX_crn_e	0.0	0.0	0.0	primary	optimal
riptide-20260916T042359Z	CNS:U251	riptide	EX_cyst__L_e	0.0	0.0	0.0	primary	optimal
riptide-20260916T042359Z	CNS:U251	riptide	EX_cytd_e	0.0	0.0	0.0	primary	optimal
riptide-20260916T042359Z	CNS:U251	riptide	EX_dad_2_e	0.0	0.0	0.0	primary	optimal
riptide-20260916T042359Z	CNS:U251	riptide	EX_dcmp_e	0.0	0.0	0.0	primary	optimal
riptide-20260916T042359Z	CNS:U251	riptide	EX_dcyt_e	0.0	0.0	0.0	primary	optimal
riptide-20260916T042359Z	CNS:U251	riptide	EX_dhap_e	0.0	0.0	0.0	primary	optimal
riptide-20260916T042359Z	CNS:U251	riptide	EX_dmgly_e	0.0	0.0	0.0	primary	optimal
riptide-20260916T042359Z	CNS:U251	riptide	EX_duri_e	0.0	0.0	0.0	primary	optimal
riptide-20260916T042359Z	CNS:U251	riptide	EX_ethamp_e	0.0	0.0	0.0	primary	optimal
riptide-20260916T042359Z	CNS:U251	riptide	EX_fol_e	5.453415496958769e-13	5.453415496958769e-13	5.453415496958769e-13	primary	optimal
riptide-20260916T042359Z	CNS:U251	riptide	EX_fum_e	4.8737236465396565	0.0	7.9438634887636175	primary	optimal
riptide-20260916T042359Z	CNS:U251	riptide	EX_g3pc_e	0.0	0.0	0.0	primary	optimal
riptide-20260916T042359Z	CNS:U251	riptide	EX_glc__D_e	-10.0	-10.0	-4.650523582765527	primary	optimal
riptide-20260916T042359Z	CNS:U251	riptide	EX_glcur_e	0.0	0.0	0.0	primary	optimal
riptide-20260916T042359Z	CNS:U251	riptide	EX_gln__L_e	-9.439248887972255	-10.0	-7.46208772876474	primary	optimal
riptide-20260916T042359Z	CNS:U251	riptide	EX_glu__L_e	0.0	0.0	0.0	primary	optimal
riptide-20260916T042359Z	CNS:U251	riptide	EX_gly_e	-2.6590841634606384	-5.342571849812079	-1.3679242512757972	primary	optimal
riptide-20260916T042359Z	CNS:U251	riptide	EX_glyald_e	0.0	0.0	0.0	primary	optimal
riptide-20260916T042359Z	CNS:U251	riptide	EX_glyb_e	0.0	0.0	0.0	primary	optimal
riptide-20260916T042359Z	CNS:U251	riptide	EX_glyc3p_e	0.0	0.0	0.0	primary	optimal
riptide-20260916T042359Z	CNS:U251	riptide	EX_gmp_e	0.0	0.0	0.0	primary	optimal
riptide-20260916T042359Z	CNS:U251	riptide	EX_gthox_e	0.0	0.0	0.0	primary	optimal
riptide-20260916T042359Z	CNS:U251	riptide	EX_hcys__L_e	0.0	0.0	0.0	primary	optimal
riptide-20260916T042359Z	CNS:U251	riptide	EX_hom__L_e	0.0	0.0	0.0	primary	optimal
riptide-20260916T042359Z	CNS:U251	riptide	EX_hxan_e	0.0	0.0	0.0	primary	optimal
riptide-20260916T042359Z	CNS:U251	riptide	EX_icit_e	0.0	0.0	0.0	primary	optimal
riptide-20260916T042359Z	CNS:U251	riptide	EX_ile__L_e	-0.7213150523420158	-0.8325619955683774	-0.6757653894264077	primary	optimal
riptide-20260916T042359Z	CNS:U251	riptide	EX_imp_e	0.0	0.0	0.0	primary	optimal
riptide-20260916T042359Z	CNS:U251	riptide	EX_ins_e	0.0	0.0	0.0	primary	optimal
riptide-20260916T042359Z	CNS:U251	riptide	EX_lac__L_e	8.576804237711595	-0.6750522313193844	14.901241805423105	primary	optimal
riptide-20260916T042359Z	CNS:U251	riptide	EX_lcts_e	0.0	0.0	0.0	primary	optimal
riptide-20260916T042359Z	CNS:U251	riptide	EX_leu__L_e	-1.375530795498734	-1.5876760929196636	-1.2886686624249837	primary	optimal
riptide-20260916T042359Z	CNS:U251	riptide	EX_lys__L_e	-1.4929520651794732	-1.7232070045369663	-1.3986750040016744	primary	optimal
riptide-20260916T042359Z	CNS:U251	riptide	EX_mal__L_e	0.0	0.0	0.0	primary	optimal
riptide-20260916T042359Z	CNS:U251	riptide	EX_met__L_e	-0.3858185064187518	-0.44532250448433375	-0.36145480728766444	primary	optimal
riptide-20260916T042359Z	CNS:U251	riptide	EX_nac_e	1.9117733260336146e-12	1.9117733260336146e-12	1.9117733260336146e-12	primary	optimal
riptide-20260916T042359Z	CNS:U251	riptide	EX_ncam_e	0.0	0.0	0.0	primary	optimal
riptide-20260916T042359Z	CNS:U251	riptide	EX_nicrnt_e	0.0	0.0	0.0	primary	optimal
riptide-20260916T042359Z	CNS:U251	riptide	EX_orn_e	0.0	0.0	0.0	primary	optimal
riptide-20260916T042359Z	CNS:U251	riptide	EX_orot5p_e	0.0	0.0	0.0	primary	optimal
riptide-20260916T042359Z	CNS:U251	riptide	EX_orot_e	0.0	0.0	0.0	primary	optimal
riptide-20260916T042359Z	CNS:U251	riptide	EX_oxa_e	0.0	0.0	0.0	primary	optimal
riptide-20260916T042359Z	CNS:U251	riptide	EX_pep_e	0.0	0.0	0.0	primary	optimal
riptide-20260916T042359Z	CNS:U251	riptide	EX_phe__L_e	-0.6542157431573257	-0.7551140973515037	-0.6129032729986097	primary	optimal
riptide-20260916T042359Z	CNS:U251	riptide	EX_pnto__R_e	0.0	0.0	0.0	primary	optimal
riptide-20260916T042359Z	CNS:U251	riptide	EX_pro__L_e	-1.0400342495760784	-1.2004366018358374	-0.9743580802862741	primary	optimal
riptide-20260916T042359Z	CNS:U251	riptide	EX_quln_e	0.0	0.0	0.0	primary	optimal
riptide-20260916T042359Z	CNS:U251	riptide	EX_sbt__D_e	0.0	0.0	0.0	primary	optimal
riptide-20260916T042359Z	CNS:U251	riptide	EX_ser__L_e	-7.102214769420403	-10.0	-2.8007816195253654	primary	optimal
riptide-20260916T042359Z	CNS:U251	riptide	EX_spmd_e	0.0	0.0	0.0	primary	optimal
riptide-20260916T042359Z	CNS:U251	riptide	EX_sprm_e	0.0	0.0	0.0	primary	optimal
riptide-20260916T042359Z	CNS:U251	riptide	EX_srtn_e	0.0	0.0	0.0	primary	optimal
riptide-20260916T042359Z	CNS:U251	riptide	EX_succ_e	7.56616279701486	5.7805332008307255	8.318445472073485	primary	optimal
riptide-20260916T042359Z	CNS:U251	riptide	EX_sucr_e	0.0	0.0	0.0	primary	optimal
riptide-20260916T042359Z	CNS:U251	riptide	EX_taur_e	0.0	0.0	0.0	primary	optimal
riptide-20260916T042359Z	CNS:U251	riptide	EX_tchola_e	0.0	0.0	0.0	primary	optimal
riptide-20260916T042359Z	CNS:U251	riptide	EX_thr__L_e	-0.7884143615266135	-0.910009893785087	-0.7386275058540761	primary	optimal
riptide-20260916T042359Z	CNS:U251	riptide	EX_thym_e	0.0	0.0	0.0	primary	optimal
riptide-20260916T042359Z	CNS:U251	riptide	EX_thymd_e	0.0	0.0	0.0	primary	optimal
riptide-20260916T042359Z	CNS:U251	riptide	EX_trp__L_e	-0.0335496545923375	-0.03872394910845491	-0.031431058213707175	primary	optimal
riptide-20260916T042359Z	CNS:U251	riptide	EX_tyr__L_e	-0.4025933337148544	-0.4646844790384398	-0.3771703363946699	primary	optimal
riptide-20260916T042359Z	CNS:U251	riptide	EX_ump_e	0.0	0.0	0.0	primary	optimal
riptide-20260916T042359Z	CNS:U251	riptide	EX_ura_e	0.0	0.0	0.0	primary	optimal
riptide-20260916T042359Z	CNS:U251	riptide	EX_urate_e	0.0	0.0	0.0	primary	optimal
riptide-20260916T042359Z	CNS:U251	riptide	EX_uri_e	0.0	0.0	0.0	primary	optimal
riptide-20260916T042359Z	CNS:U251	riptide	EX_val__L_e	-0.889060803910656	-1.0261788308481161	-0.8329183183238964	primary	optimal
riptide-20260916T042359Z	CNS:U251	riptide	EX_xan_e	0.0	0.0	0.0	primary	optimal
riptide-20260916T042359Z	CNS:U251	riptide	EX_xmp_e	0.0	0.0	0.0	primary	optimal
riptide-20260916T042359Z	CNS:U251	riptide	EX_xtsn_e	0.0	0.0	0.0	primary	optimal
riptide-20260916T042359Z	CO:COLO 205	riptide	EX_2pg_e	0.0	0.0	0.0	primary	optimal
riptide-20260916T042359Z	CO:COLO 205	riptide	EX_34hpp_e	0.0	0.0	0.0	primary	optimal
riptide-20260916T042359Z	CO:COLO 205	riptide	EX_3hanthrn_e	0.0	0.0	0.0	primary	optimal
riptide-20260916T042359Z	CO:COLO 205	riptide	EX_3pg_e	0.0	0.0	0.0	primary	optimal
riptide-20260916T042359Z	CO:COLO 205	riptide	EX_4abut_e	0.0	0.0	0.0	primary	optimal
riptide-20260916T042359Z	CO:COLO 205	riptide	EX_4hbz_e	0.0	0.0	0.0	primary	optimal
riptide-20260916T042359Z	CO:COLO 205	riptide	EX_L2aadp_e	0.0	0.0	0.0	primary	optimal
riptide-20260916T042359Z	CO:COLO 205	riptide	EX_Lkynr_e	0.0	0.0	0.0	primary	optimal
riptide-20260916T042359Z	CO:COLO 205	riptide	EX_acac_e	0.0	0.0	0.0	primary	optimal
riptide-20260916T042359Z	CO:COLO 205	riptide	EX_ade_e	0.0	0.0	0.0	primary	optimal
riptide-20260916T042359Z	CO:COLO 205	riptide	EX_adn_e	0.0	0.0	0.0	primary	optimal
riptide-20260916T042359Z	CO:COLO 205	riptide	EX_ahcys_e	0.0	0.0	0.0	primary	optimal
riptide-20260916T042359Z	CO:COLO 205	riptide	EX_akg_e	0.0	0.0	0.0	primary	optimal
riptide-20260916T042359Z	CO:COLO 205	riptide	EX_ala__L_e	0.4831104306176727	0.47039317033860917	0.5803928407814979	primary	optimal
riptide-20260916T042359Z	CO:COLO 205	riptide	EX_amp_e	0.0	0.0	0.0	primary	optimal
riptide-20260916T042359Z	CO:COLO 205	riptide	EX_anth_e	0.0	0.0	0.0	primary	optimal
riptide-20260916T042359Z	CO:COLO 205	riptide	EX_arg__L_e	-0.8843373201896787	-1.0624135124090572	-0.8610582784579108	primary	optimal
riptide-20260916T042359Z	CO:COLO 205	riptide	EX_asn__L_e	-6.958141708213731	-10.0	-2.4999997193567918	primary	optimal
riptide-20260916T042359Z	CO:COLO 205	riptide	EX_asp__L_e	-1.9586728875834014	-6.1209847551538665	-1.7763568394002505e-15	primary	optimal
riptide-20260916T042359Z	CO:COLO 205	riptide	EX_bilirub_e	-1.5803212783837995e-13	-1.5803212783837995e-13	-1.5803212783837995e-13	primary	optimal
riptide-20260916T042359Z	CO:COLO 205	riptide	EX_cala_e	0.0	0.0	0.0	primary	optimal
riptide-20260916T042359Z	CO:COLO 205	riptide	EX_chol_e	-1.693050827121298	-2.0339750849186458	-1.6484834432063522	primary	optimal
riptide-20260916T042359Z	CO:COLO 205	riptide	EX_cholp_e	0.0	0.0	0.0	primary	optimal
riptide-20260916T042359Z	CO:COLO 205	riptide	EX_cit_e	0.0	0.0	0.0	primary	optimal
riptide-20260916T042359Z	CO:COLO 205	riptide	EX_citr__L_e	0.0	0.0	0.0	primary	optimal
riptide-20260916T042359Z	CO:COLO 205	riptide	EX_cmp_e	0.0	0.0	0.0	primary	optimal
riptide-20260916T042359Z	CO:COLO 205	riptide	EX_crn_e	-2.0339285811132868e-13	-2.0339285811132868e-13	-2.0339285811132868e-13	primary	optimal
riptide-20260916T042359Z	CO:COLO 205	riptide	EX_cyst__L_e	0.0	0.0	0.0	primary	optimal
riptide-20260916T042359Z	CO:COLO 205	riptide	EX_cytd_e	0.0	0.0	0.0	primary	optimal
riptide-20260916T042359Z	CO:COLO 205	riptide	EX_dad_2_e	0.0	0.0	0.0	primary	optimal
riptide-20260916T042359Z	CO:COLO 205	riptide	EX_dcmp_e	0.0	0.0	0.0	primary	optimal
riptide-20260916T042359Z	CO:COLO 205	riptide	EX_dcyt_e	0.0	0.0	0.0	primary	optimal
riptide-20260916T042359Z	CO:COLO 205	riptide	EX_dhap_e	0.0	0.0	0.0	primary	optimal
riptide-20260916T042359Z	CO:COLO 205	riptide	EX_dmgly_e	0.0	0.0	0.0	primary	optimal
riptide-20260916T042359Z	CO:COLO 205	riptide	EX_duri_e	0.0	0.0	0.0	primary	optimal
riptide-20260916T042359Z	CO:COLO 205	riptide	EX_ethamp_e	0.0	0.0	0.0	primary	optimal
riptide-20260916T042359Z	CO:COLO 205	riptide	EX_fol_e	0.0	0.0	0.0	primary	optimal
riptide-20260916T042359Z	CO:COLO 205	riptide	EX_fum_e	8.645043109691796	0.0	13.213952297617766	primary	optimal
riptide-20260916T042359Z	CO:COLO 205	riptide	EX_g3pc_e	0.0	0.0	0.0	primary	optimal
riptide-20260916T042359Z	CO:COLO 205	riptide	EX_glc__D_e	-8.592160294315939	-10.0	-4.6205085991856985	primary	optimal
riptide-20260916T042359Z	CO:COLO 205	riptide	EX_glcur_e	0.0	0.0	0.0	primary	optimal
riptide-20260916T042359Z	CO:COLO 205	riptide	EX_gln__L_e	-7.504768555411615	-10.0	-4.49162503448906	primary	optimal
riptide-20260916T042359Z	CO:COLO 205	riptide	EX_glu__L_e	0.0	0.0	0.0	primary	optimal
riptide-20260916T042359Z	CO:COLO 205	riptide	EX_gly_e	-4.825925199895477	-5.797706401383079	-4.698888930413506	primary	optimal
riptide-20260916T042359Z	CO:COLO 205	riptide	EX_glyald_e	0.0	0.0	0.0	primary	optimal
riptide-20260916T042359Z	CO:COLO 205	riptide	EX_glyb_e	0.0	0.0	0.0	primary	optimal
riptide-20260916T042359Z	CO:COLO 205	riptide	EX_glyc3p_e	0.0	0.0	0.0	primary	optimal
riptide-20260916T042359Z	CO:COLO 205	riptide	EX_gmp_e	0.0	0.0	0.0	primary	optimal
riptide-20260916T042359Z	CO:COLO 205	riptide	EX_gthox_e	0.0	0.0	0.0	primary	optimal
riptide-20260916T042359Z	CO:COLO 205	riptide	EX_hcys__L_e	0.0	0.0	0.0	primary	optimal
riptide-20260916T042359Z	CO:COLO 205	riptide	EX_hom__L_e	0.0	0.0	0.0	primary	optimal
riptide-20260916T042359Z	CO:COLO 205	riptide	EX_hxan_e	0.0	0.0	0.0	primary	optimal
riptide-20260916T042359Z	CO:COLO 205	riptide	EX_icit_e	0.0	0.0	0.0	primary	optimal
riptide-20260916T042359Z	CO:COLO 205	riptide	EX_ile__L_e	-0.7041959914412033	-0.8459976974975038	-0.6856589383306702	primary	optimal
riptide-20260916T042359Z	CO:COLO 205	riptide	EX_imp_e	0.0	0.0	0.0	primary	optimal
riptide-20260916T042359Z	CO:COLO 205	riptide	EX_ins_e	0.0	0.0	0.0	primary	optimal
riptide-20260916T042359Z	CO:COLO 205	riptide	EX_lac__L_e	5.8561756227065604	-1.0	14.188270156249132	primary	optimal
riptide-20260916T042359Z	CO:COLO 205	riptide	EX_lcts_e	0.0	0.0	0.0	primary	optimal
riptide-20260916T042359Z	CO:COLO 205	riptide	EX_leu__L_e	-1.3428851500466106	-1.613297659671693	-1.307535426885563	primary	optimal
riptide-20260916T042359Z	CO:COLO 205	riptide	EX_lys__L_e	-1.457519645957543	-1.7510157392599872	-1.4191523172375025	primary	optimal
riptide-20260916T042359Z	CO:COLO 205	riptide	EX_mal__L_e	0.0	0.0	8.72413834369318	primary	optimal
riptide-20260916T042359Z	CO:COLO 205	riptide	EX_met__L_e	-0.37666182725808905	-0.4525090208811544	-0.36674668945329714	primary	optimal
riptide-20260916T042359Z	CO:COLO 205	riptide	EX_nac_e	2.191991649660869e-13	2.191991649660869e-13	4.383983299321738e-13	primary	optimal
riptide-20260916T042359Z	CO:COLO 205	riptide	EX_ncam_e	0.0	0.0	0.0	primary	optimal
riptide-20260916T042359Z	CO:COLO 205	riptide	EX_nicrnt_e	0.0	0.0	0.0	primary	optimal
riptide-20260916T042359Z	CO:COLO 205	riptide	EX_orn_e	0.0	0.0	0.0	primary	optimal
riptide-20260916T042359Z	CO:COLO 205	riptide	EX_orot5p_e	0.0	0.0	0.0	primary	optimal
riptide-20260916T042359Z	CO:COLO 205	riptide	EX_orot_e	0.0	0.0	0.0	primary	optimal
riptide-20260916T042359Z	CO:COLO 205	riptide	EX_oxa_e	0.0	0.0	0.0	primary	optimal
riptide-20260916T042359Z	CO:COLO 205	riptide	EX_pep_e	0.0	0.0	0.0	primary	optimal
riptide-20260916T042359Z	CO:COLO 205	riptide	EX_phe__L_e	-0.6386891586046257	-0.7672999621742291	-0.621876488555154	primary	optimal
riptide-20260916T042359Z	CO:COLO 205	riptide	EX_pnto__R_e	0.0	0.0	0.0	primary	optimal
riptide-20260916T042359Z	CO:COLO 205	riptide	EX_pro__L_e	-1.0153509858630194	-1.2198089830551866	-0.9886231780086181	primary	optimal
riptide-20260916T042359Z	CO:COLO 205	riptide	EX_quln_e	0.0	0.0	0.0	primary	optimal
riptide-20260916T042359Z	CO:COLO 205	riptide	EX_sbt__D_e	0.0	0.0	0.0	primary	optimal
riptide-20260916T042359Z	CO:COLO 205	riptide	EX_ser__L_e	-10.0	-10.0	-4.481254566462911	primary	optimal
riptide-20260916T042359Z	CO:COLO 205	riptide	EX_spmd_e	0.0	0.0	0.0	primary	optimal
riptide-20260916T042359Z	CO:COLO 205	riptide	EX_sprm_e	0.0	0.0	0.0	primary	optimal
riptide-20260916T042359Z	CO:COLO 205	riptide	EX_srtn_e	0.0	0.0	0.0	primary	optimal
riptide-20260916T042359Z	CO:COLO 205	riptide	EX_succ_e	5.6075797230962845	2.7660010141993254	8.280021042400634	primary	optimal
riptide-20260916T042359Z	CO:COLO 205	riptide	EX_sucr_e	0.0	0.0	0.0	primary	optimal
riptide-20260916T042359Z	CO:COLO 205	riptide	EX_taur_e	0.0	0.0	0.0	primary	optimal
riptide-20260916T042359Z	CO:COLO 205	riptide	EX_tchola_e	0.0	0.0	0.0	primary	optimal
riptide-20260916T042359Z	CO:COLO 205	riptide	EX_thr__L_e	-0.7697028242778341	-0.9246954328207242	-0.74944138810603	primary	optimal
riptide-20260916T042359Z	CO:COLO 205	riptide	EX_thym_e	0.0	0.0	0.0	primary	optimal
riptide-20260916T042359Z	CO:COLO 205	riptide	EX_thymd_e	0.0	0.0	0.0	primary	optimal
riptide-20260916T042359Z	CO:COLO 205	riptide	EX_trp__L_e	-0.0327534164183092	-0.03934886766162084	-0.03189122488788243	primary	optimal
riptide-20260916T042359Z	CO:COLO 205	riptide	EX_tyr__L_e	-0.39303853546719925	-0.4721834547120197	-0.38269230189725967	primary	optimal
riptide-20260916T042359Z	CO:COLO 205	riptide	EX_ump_e	0.0	0.0	0.0	primary	optimal
riptide-20260916T042359Z	CO:COLO 205	riptide	EX_ura_e	0.0	0.0	0.0	primary	optimal
riptide-20260916T042359Z	CO:COLO 205	riptide	EX_urate_e	0.0	0.0	0.0	primary	optimal
riptide-20260916T042359Z	CO:COLO 205	riptide	EX_uri_e	0.0	0.0	0.0	primary	optimal
riptide-20260916T042359Z	CO:COLO 205	riptide	EX_val__L_e	-0.8679606119808119	-1.042739078577392	-0.8451126660139074	primary	optimal
riptide-20260916T042359Z	CO:COLO 205	riptide	EX_xan_e	0.0	0.0	0.0	primary	optimal
riptide-20260916T042359Z	CO:COLO 205	riptide	EX_xmp_e	0.0	0.0	0.0	primary	optimal
riptide-20260916T042359Z	CO:COLO 205	riptide	EX_xtsn_e	0.0	0.0	0.0	primary	optimal
riptide-20260916T042359Z	CO:HCC-2998	riptide	EX_2pg_e	0.0	0.0	0.0	primary	optimal
riptide-20260916T042359Z	CO:HCC-2998	riptide	EX_34hpp_e	0.0	0.0	0.0	primary	optimal
riptide-20260916T042359Z	CO:HCC-2998	riptide	EX_3hanthrn_e	0.0	0.0	0.0	primary	optimal
riptide-20260916T042359Z	CO:HCC-2998	riptide	EX_3pg_e	0.0	0.0	0.0	primary	optimal
riptide-20260916T042359Z	CO:HCC-2998	riptide	EX_4abut_e	0.0	0.0	0.0	primary	optimal
riptide-20260916T042359Z	CO:HCC-2998	riptide	EX_4hbz_e	0.0	0.0	0.0	primary	optimal
riptide-20260916T042359Z	CO:HCC-2998	riptide	EX_L2aadp_e	0.0	0.0	0.0	primary	optimal
riptide-20260916T042359Z	CO:HCC-2998	riptide	EX_Lkynr_e	0.0	0.0	0.0	primary	optimal
riptide-20260916T042359Z	CO:HCC-2998	riptide	EX_acac_e	0.0	0.0	0.0	primary	optimal
riptide-20260916T042359Z	CO:HCC-2998	riptide	EX_ade_e	0.0	0.0	0.0	primary	optimal
riptide-20260916T042359Z	CO:HCC-2998	riptide	EX_adn_e	0.0	0.0	0.0	primary	optimal
riptide-20260916T042359Z	CO:HCC-2998	riptide	EX_ahcys_e	0.0	0.0	0.0	primary	optimal
riptide-20260916T042359Z	CO:HCC-2998	riptide	EX_akg_e	0.0	0.0	0.0	primary	optimal
riptide-20260916T042359Z	CO:HCC-2998	riptide	EX_ala__L_e	2.4179568530500406	0.0	5.841580379497981	primary	optimal
riptide-20260916T042359Z	CO:HCC-2998	riptide	EX_amp_e	0.0	0.0	0.0	primary	optimal
riptide-20260916T042359Z	CO:HCC-2998	riptide	EX_anth_e	0.0	0.0	0.0	primary	optimal
riptide-20260916T042359Z	CO:HCC-2998	riptide	EX_arg__L_e	-0.889017911411643	-1.0613523571449535	-0.8609859137932112	primary	optimal
riptide-20260916T042359Z	CO:HCC-2998	riptide	EX_asn__L_e	-6.709469555309045	-9.992793655195696	-3.2159939059494627	primary	optimal
riptide-20260916T042359Z	CO:HCC-2998	riptide	EX_asp__L_e	0.0	0.0	0.0	primary	optimal
riptide-20260916T042359Z	CO:HCC-2998	riptide	EX_bilirub_e	0.0	0.0	0.0	primary	optimal
riptide-20260916T042359Z	CO:HCC-2998	riptide	EX_cala_e	0.0	0.0	0.0	primary	optimal
riptide-20260916T042359Z	CO:HCC-2998	riptide	EX_chol_e	-1.1906199376157638	-2.021370063795043	-0.5447917966960961	primary	optimal
riptide-20260916T042359Z	CO:HCC-2998	riptide	EX_cholp_e	0.0	0.0	0.0	primary	optimal
riptide-20260916T042359Z	CO:HCC-2998	riptide	EX_cit_e	0.0	0.0	0.0	primary	optimal
riptide-20260916T042359Z	CO:HCC-2998	riptide	EX_citr__L_e	0.0	0.0	0.0	primary	optimal
riptide-20260916T042359Z	CO:HCC-2998	riptide	EX_cmp_e	0.0	0.0	0.0	primary	optimal
riptide-20260916T042359Z	CO:HCC-2998	riptide	EX_crn_e	0.0	0.0	0.0	primary	optimal
riptide-20260916T042359Z	CO:HCC-2998	riptide	EX_cyst__L_e	0.0	0.0	0.0	primary	optimal
riptide-20260916T042359Z	CO:HCC-2998	riptide	EX_cytd_e	0.0	0.0	0.0	primary	optimal
riptide-20260916T042359Z	CO:HCC-2998	riptide	EX_dad_2_e	0.0	0.0	0.0	primary	optimal
riptide-20260916T042359Z	CO:HCC-2998	riptide	EX_dcmp_e	0.0	0.0	0.0	primary	optimal
riptide-20260916T042359Z	CO:HCC-2998	riptide	EX_dcyt_e	0.0	0.0	0.0	primary	optimal
riptide-20260916T042359Z	CO:HCC-2998	riptide	EX_dhap_e	0.0	0.0	0.0	primary	optimal
riptide-20260916T042359Z	CO:HCC-2998	riptide	EX_dmgly_e	0.0	0.0	0.0	primary	optimal
riptide-20260916T042359Z	CO:HCC-2998	riptide	EX_duri_e	0.0	0.0	0.0	primary	optimal
riptide-20260916T042359Z	CO:HCC-2998	riptide	EX_ethamp_e	0.0	0.0	0.0	primary	optimal
riptide-20260916T042359Z	CO:HCC-2998	riptide	EX_fol_e	-2.877698079828406e-13	-2.877698079828406e-13	-2.877698079828406e-13	primary	optimal
riptide-20260916T042359Z	CO:HCC-2998	riptide	EX_fum_e	2.534244543193467	0.0	6.406809007216468	primary	optimal
riptide-20260916T042359Z	CO:HCC-2998	riptide	EX_g3pc_e	0.0	0.0	0.0	primary	optimal
riptide-20260916T042359Z	CO:HCC-2998	riptide	EX_glc__D_e	-9.056954378099784	-10.0	-3.783845017523681	primary	optimal
riptide-20260916T042359Z	CO:HCC-2998	riptide	EX_glcur_e	0.0	0.0	0.0	primary	optimal
riptide-20260916T042359Z	CO:HCC-2998	riptide	EX_gln__L_e	-8.262729947190651	-10.0	-6.171739016221324	primary	optimal
riptide-20260916T042359Z	CO:HCC-2998	riptide	EX_glu__L_e	0.0	0.0	0.0	primary	optimal
riptide-20260916T042359Z	CO:HCC-2998	riptide	EX_gly_e	-3.3125788497325144	-5.761776653663585	-1.3878347122790782	primary	optimal
riptide-20260916T042359Z	CO:HCC-2998	riptide	EX_glyald_e	0.0	0.0	0.0	primary	optimal
riptide-20260916T042359Z	CO:HCC-2998	riptide	EX_glyb_e	0.0	0.0	0.0	primary	optimal
riptide-20260916T042359Z	CO:HCC-2998	riptide	EX_glyc3p_e	0.0	0.0	0.0	primary	optimal
riptide-20260916T042359Z	CO:HCC-2998	riptide	EX_gmp_e	0.0	0.0	0.0	primary	optimal
riptide-20260916T042359Z	CO:HCC-2998	riptide	EX_gthox_e	0.0	0.0	0.0	primary	optimal
riptide-20260916T042359Z	CO:HCC-2998	riptide	EX_hcys__L_e	0.0	0.0	0.0	primary	optimal
riptide-20260916T042359Z	CO:HCC-2998	riptide	EX_hom__L_e	0.0	0.0	0.0	primary	optimal
riptide-20260916T042359Z	CO:HCC-2998	riptide	EX_hxan_e	0.0	0.0	0.0	primary	optimal
riptide-20260916T042359Z	CO:HCC-2998	riptide	EX_icit_e	0.0	0.0	0.0	primary	optimal
riptide-20260916T042359Z	CO:HCC-2998	riptide	EX_ile__L_e	-0.7079231366162944	-0.8451527017404736	-0.6856013144967879	primary	optimal
riptide-20260916T042359Z	CO:HCC-2998	riptide	EX_imp_e	0.0	0.0	0.0	primary	optimal
riptide-20260916T042359Z	CO:HCC-2998	riptide	EX_ins_e	0.0	0.0	0.0	primary	optimal
riptide-20260916T042359Z	CO:HCC-2998	riptide	EX_lac__L_e	9.232982633419763	-1.0	14.513901248356639	primary	optimal
riptide-20260916T042359Z	CO:HCC-2998	riptide	EX_lcts_e	0.0	0.0	0.0	primary	optimal
riptide-20260916T042359Z	CO:HCC-2998	riptide	EX_leu__L_e	-1.3499927280051418	-1.611686272688748	-1.3074255395937424	primary	optimal
riptide-20260916T042359Z	CO:HCC-2998	riptide	EX_lys__L_e	-1.4652339575727398	-1.7492667973014584	-1.4190330494899506	primary	optimal
riptide-20260916T042359Z	CO:HCC-2998	riptide	EX_mal__L_e	0.0	0.0	0.0	primary	optimal
riptide-20260916T042359Z	CO:HCC-2998	riptide	EX_met__L_e	-0.3786554104781601	-0.45205704778045164	-0.36671586749655205	primary	optimal
riptide-20260916T042359Z	CO:HCC-2998	riptide	EX_nac_e	0.0	0.0	0.0	primary	optimal
riptide-20260916T042359Z	CO:HCC-2998	riptide	EX_ncam_e	0.0	0.0	0.0	primary	optimal
riptide-20260916T042359Z	CO:HCC-2998	riptide	EX_nicrnt_e	0.0	0.0	0.0	primary	optimal
riptide-20260916T042359Z	CO:HCC-2998	riptide	EX_orn_e	0.0	0.0	0.0	primary	optimal
riptide-20260916T042359Z	CO:HCC-2998	riptide	EX_orot5p_e	0.0	0.0	0.0	primary	optimal
riptide-20260916T042359Z	CO:HCC-2998	riptide	EX_orot_e	0.0	0.0	0.0	primary	optimal
riptide-20260916T042359Z	CO:HCC-2998	riptide	EX_oxa_e	0.0	0.0	0.0	primary	optimal
riptide-20260916T042359Z	CO:HCC-2998	riptide	EX_pep_e	0.0	0.0	0.0	primary	optimal
riptide-20260916T042359Z	CO:HCC-2998	riptide	EX_phe__L_e	-0.6420695913886743	-0.7665335709483841	-0.6218242250967219	primary	optimal
riptide-20260916T042359Z	CO:HCC-2998	riptide	EX_pnto__R_e	0.0	0.0	0.0	primary	optimal
riptide-20260916T042359Z	CO:HCC-2998	riptide	EX_pro__L_e	-1.0207250018671026	-1.2185906187290627	-0.9885400925934054	primary	optimal
riptide-20260916T042359Z	CO:HCC-2998	riptide	EX_quln_e	0.0	0.0	0.0	primary	optimal
riptide-20260916T042359Z	CO:HCC-2998	riptide	EX_sbt__D_e	0.0	0.0	0.0	primary	optimal
riptide-20260916T042359Z	CO:HCC-2998	riptide	EX_ser__L_e	-8.94811224478153	-10.0	-4.591605301606365	primary	optimal
riptide-20260916T042359Z	CO:HCC-2998	riptide	EX_spmd_e	0.0	0.0	0.0	primary	optimal
riptide-20260916T042359Z	CO:HCC-2998	riptide	EX_sprm_e	0.0	0.0	0.0	primary	optimal
riptide-20260916T042359Z	CO:HCC-2998	riptide	EX_srtn_e	0.0	0.0	0.0	primary	optimal
riptide-20260916T042359Z	CO:HCC-2998	riptide	EX_succ_e	6.405222499411115	4.465709064431766	8.293970048209438	primary	optimal
riptide-20260916T042359Z	CO:HCC-2998	riptide	EX_sucr_e	0.0	0.0	0.0	primary	optimal
riptide-20260916T042359Z	CO:HCC-2998	riptide	EX_taur_e	-7.09386397687985e-13	-1.3005417290946392e-12	3.546931988439925e-13	primary	optimal
riptide-20260916T042359Z	CO:HCC-2998	riptide	EX_tchola_e	0.0	0.0	0.0	primary	optimal
riptide-20260916T042359Z	CO:HCC-2998	riptide	EX_thr__L_e	-0.7737766818440708	-0.9237718325325757	-0.7493784038969071	primary	optimal
riptide-20260916T042359Z	CO:HCC-2998	riptide	EX_thym_e	0.0	0.0	0.0	primary	optimal
riptide-20260916T042359Z	CO:HCC-2998	riptide	EX_thymd_e	0.0	0.0	0.0	primary	optimal
riptide-20260916T042359Z	CO:HCC-2998	riptide	EX_trp__L_e	-0.03292677261408894	-0.039309565396328676	-0.031888544700208854	primary	optimal
riptide-20260916T042359Z	CO:HCC-2998	riptide	EX_tyr__L_e	-0.3951187967851624	-0.4717118304784981	-0.3826601398465801	primary	optimal
riptide-20260916T042359Z	CO:HCC-2998	riptide	EX_ump_e	0.0	0.0	0.0	primary	optimal
riptide-20260916T042359Z	CO:HCC-2998	riptide	EX_ura_e	0.0	0.0	0.0	primary	optimal
riptide-20260916T042359Z	CO:HCC-2998	riptide	EX_urate_e	0.0	0.0	0.0	primary	optimal
riptide-20260916T042359Z	CO:HCC-2998	riptide	EX_uri_e	0.0	0.0	0.0	primary	optimal
riptide-20260916T042359Z	CO:HCC-2998	riptide	EX_val__L_e	-0.8725545251047935	-1.0416975744469694	-0.8450416414433075	primary	optimal
riptide-20260916T042359Z	CO:HCC-2998	riptide	EX_xan_e	0.0	0.0	0.0	primary	optimal
riptide-20260916T042359Z	CO:HCC-2998	riptide	EX_xmp_e	0.0	0.0	0.0	primary	optimal
riptide-20260916T042359Z	CO:HCC-2998	riptide	EX_xtsn_e	0.0	0.0	0.0	primary	optimal
riptide-20260916T042359Z	CO:HCT-116	riptide	EX_2pg_e	0.0	0.0	0.0	primary	optimal
riptide-20260916T042359Z	CO:HCT-116	riptide	EX_34hpp_e	0.0	0.0	0.0	primary	optimal
riptide-20260916T042359Z	CO:HCT-116	riptide	EX_3hanthrn_e	0.0	0.0	0.0	primary	optimal
riptide-20260916T042359Z	CO:HCT-116	riptide	EX_3pg_e	0.0	0.0	0.0	primary	optimal
riptide-20260916T042359Z	CO:HCT-116	riptide	EX_4abut_e	0.0	0.0	0.0	primary	optimal
riptide-20260916T042359Z	CO:HCT-116	riptide	EX_4hbz_e	0.0	0.0	0.0	primary	optimal
riptide-20260916T042359Z	CO:HCT-116	riptide	EX_L2aadp_e	0.0	0.0	0.0	primary	optimal
riptide-20260916T042359Z	CO:HCT-116	riptide	EX_Lkynr_e	0.0	0.0	0.0	primary	optimal
riptide-20260916T042359Z	CO:HCT-116	riptide	EX_acac_e	0.0	0.0	0.0	primary	optimal
riptide-20260916T042359Z	CO:HCT-116	riptide	EX_ade_e	0.0	0.0	0.0	primary	optimal
riptide-20260916T042359Z	CO:HCT-116	riptide	EX_adn_e	0.0	0.0	0.0	primary	optimal
riptide-20260916T042359Z	CO:HCT-116	riptide	EX_ahcys_e	0.0	0.0	0.0	primary	optimal
riptide-20260916T042359Z	CO:HCT-116	riptide	EX_akg_e	0.0	0.0	0.0	primary	optimal
riptide-20260916T042359Z	CO:HCT-116	riptide	EX_ala__L_e	3.2210070080520783	0.0	4.658621266624289	primary	optimal
riptide-20260916T042359Z	CO:HCT-116	riptide	EX_amp_e	0.0	0.0	0.0	primary	optimal
riptide-20260916T042359Z	CO:HCT-116	riptide	EX_anth_e	0.0	0.0	0.0	primary	optimal
riptide-20260916T042359Z	CO:HCT-116	riptide	EX_arg__L_e	-0.8526185249055107	-1.0453330151334677	-0.8526185249052762	primary	optimal
riptide-20260916T042359Z	CO:HCT-116	riptide	EX_asn__L_e	-6.864350662702644	-10.0	-0.6631490600726357	primary	optimal
riptide-20260916T042359Z	CO:HCT-116	riptide	EX_asp__L_e	0.0	0.0	0.0	primary	optimal
riptide-20260916T042359Z	CO:HCT-116	riptide	EX_bilirub_e	0.0	0.0	0.0	primary	optimal
riptide-20260916T042359Z	CO:HCT-116	riptide	EX_cala_e	0.0	0.0	0.0	primary	optimal
riptide-20260916T042359Z	CO:HCT-116	riptide	EX_chol_e	-1.6323256588351036	-2.0012747234395687	-1.6323256588339312	primary	optimal
riptide-20260916T042359Z	CO:HCT-116	riptide	EX_cholp_e	0.0	0.0	0.0	primary	optimal
riptide-20260916T042359Z	CO:HCT-116	riptide	EX_cit_e	0.0	0.0	0.0	primary	optimal
riptide-20260916T042359Z	CO:HCT-116	riptide	EX_citr__L_e	0.0	0.0	0.0	primary	optimal
riptide-20260916T042359Z	CO:HCT-116	riptide	EX_cmp_e	0.0	0.0	0.0	primary	optimal
riptide-20260916T042359Z	CO:HCT-116	riptide	EX_crn_e	-4.4853010194856324e-14	-4.4853010194856324e-14	-4.4853010194856324e-14	primary	optimal
riptide-20260916T042359Z	CO:HCT-116	riptide	EX_cyst__L_e	0.0	0.0	0.0	primary	optimal
riptide-20260916T042359Z	CO:HCT-116	riptide	EX_cytd_e	0.0	0.0	0.0	primary	optimal
riptide-20260916T042359Z	CO:HCT-116	riptide	EX_dad_2_e	0.0	0.0	0.0	primary	optimal
riptide-20260916T042359Z	CO:HCT-116	riptide	EX_dcmp_e	0.0	0.0	0.0	primary	optimal
riptide-20260916T042359Z	CO:HCT-116	riptide	EX_dcyt_e	0.0	0.0	0.0	primary	optimal
riptide-20260916T042359Z	CO:HCT-116	riptide	EX_dhap_e	0.0	0.0	0.0	primary	optimal
riptide-20260916T042359Z	CO:HCT-116	riptide	EX_dmgly_e	0.0	0.0	0.0	primary	optimal
riptide-20260916T042359Z	CO:HCT-116	riptide	EX_duri_e	0.0	0.0	0.0	primary	optimal
riptide-20260916T042359Z	CO:HCT-116	riptide	EX_ethamp_e	0.0	0.0	0.0	primary	optimal
riptide-20260916T042359Z	CO:HCT-116	riptide	EX_fol_e	0.0	0.0	0.0	primary	optimal
riptide-20260916T042359Z	CO:HCT-116	riptide	EX_fum_e	8.236039223720942	2.128398025670065	12.110622836956042	primary	optimal
riptide-20260916T042359Z	CO:HCT-116	riptide	EX_g3pc_e	0.0	0.0	0.0	primary	optimal
riptide-20260916T042359Z	CO:HCT-116	riptide	EX_glc__D_e	-8.543564085081641	-10.0	-3.059205907865695	primary	optimal
riptide-20260916T042359Z	CO:HCT-116	riptide	EX_glcur_e	0.0	0.0	0.0	primary	optimal
riptide-20260916T042359Z	CO:HCT-116	riptide	EX_gln__L_e	-7.630202052282124	-10.0	-1.5821667418291572	primary	optimal
riptide-20260916T042359Z	CO:HCT-116	riptide	EX_glu__L_e	-3.150002302267011	-10.0	1.471976763306079	primary	optimal
riptide-20260916T042359Z	CO:HCT-116	riptide	EX_gly_e	-4.652832274870007	-5.7044962649965045	-4.652832274866505	primary	optimal
riptide-20260916T042359Z	CO:HCT-116	riptide	EX_glyald_e	0.0	0.0	0.0	primary	optimal
riptide-20260916T042359Z	CO:HCT-116	riptide	EX_glyb_e	0.0	0.0	0.0	primary	optimal
riptide-20260916T042359Z	CO:HCT-116	riptide	EX_glyc3p_e	0.0	0.0	0.0	primary	optimal
riptide-20260916T042359Z	CO:HCT-116	riptide	EX_gmp_e	0.0	0.0	0.0	primary	optimal
riptide-20260916T042359Z	CO:HCT-116	riptide	EX_gthox_e	0.0	0.0	0.0	primary	optimal
riptide-20260916T042359Z	CO:HCT-116	riptide	EX_hcys__L_e	0.0	0.0	0.0	primary	optimal
riptide-20260916T042359Z	CO:HCT-116	riptide	EX_hom__L_e	0.0	0.0	0.0	primary	optimal
riptide-20260916T042359Z	CO:HCT-116	riptide	EX_hxan_e	0.0	0.0	0.0	primary	optimal
riptide-20260916T042359Z	CO:HCT-116	riptide	EX_icit_e	0.0	0.0	0.0	primary	optimal
riptide-20260916T042359Z	CO:HCT-116	riptide	EX_ile__L_e	-0.67893837991409	-0.8323965326039932	-0.6789383799137454	primary	optimal
riptide-20260916T042359Z	CO:HCT-116	riptide	EX_imp_e	0.0	0.0	0.0	primary	optimal
riptide-20260916T042359Z	CO:HCT-116	riptide	EX_ins_e	0.0	0.0	0.0	primary	optimal
riptide-20260916T042359Z	CO:HCT-116	riptide	EX_lac__L_e	9.246415200299806	-1.0	17.98950425125034	primary	optimal
riptide-20260916T042359Z	CO:HCT-116	riptide	EX_lcts_e	0.0	0.0	0.0	primary	optimal
riptide-20260916T042359Z	CO:HCT-116	riptide	EX_leu__L_e	-1.2947194804649405	-1.587360558948684	-1.2947194804622963	primary	optimal
riptide-20260916T042359Z	CO:HCT-116	riptide	EX_lys__L_e	-1.405242346088956	-1.722864535218848	-1.4052423460885546	primary	optimal
riptide-20260916T042359Z	CO:HCT-116	riptide	EX_mal__L_e	0.0	0.0	0.0	primary	optimal
riptide-20260916T042359Z	CO:HCT-116	riptide	EX_met__L_e	-0.3631519830874783	-0.44523400130737967	-0.36315198308734153	primary	optimal
riptide-20260916T042359Z	CO:HCT-116	riptide	EX_nac_e	2.338694306687822e-12	2.338694306687822e-12	2.338694306687822e-12	primary	optimal
riptide-20260916T042359Z	CO:HCT-116	riptide	EX_ncam_e	0.0	0.0	0.0	primary	optimal
riptide-20260916T042359Z	CO:HCT-116	riptide	EX_nicrnt_e	0.0	0.0	0.0	primary	optimal
riptide-20260916T042359Z	CO:HCT-116	riptide	EX_orn_e	0.0	0.0	0.0	primary	optimal
riptide-20260916T042359Z	CO:HCT-116	riptide	EX_orot5p_e	0.0	0.0	0.0	primary	optimal
riptide-20260916T042359Z	CO:HCT-116	riptide	EX_orot_e	0.0	0.0	0.0	primary	optimal
riptide-20260916T042359Z	CO:HCT-116	riptide	EX_oxa_e	0.0	0.0	0.0	primary	optimal
riptide-20260916T042359Z	CO:HCT-116	riptide	EX_pep_e	0.0	0.0	0.0	primary	optimal
riptide-20260916T042359Z	CO:HCT-116	riptide	EX_phe__L_e	-0.6157811005490208	-0.754964026344747	-0.6157811005485208	primary	optimal
riptide-20260916T042359Z	CO:HCT-116	riptide	EX_pnto__R_e	0.0	0.0	0.0	primary	optimal
riptide-20260916T042359Z	CO:HCT-116	riptide	EX_pro__L_e	-0.9789330836361607	-1.2001980276521258	-0.9789330836359067	primary	optimal
riptide-20260916T042359Z	CO:HCT-116	riptide	EX_quln_e	0.0	0.0	0.0	primary	optimal
riptide-20260916T042359Z	CO:HCT-116	riptide	EX_sbt__D_e	0.0	0.0	0.0	primary	optimal
riptide-20260916T042359Z	CO:HCT-116	riptide	EX_ser__L_e	-8.604223490257631	-10.0	-4.160017827921054	primary	optimal
riptide-20260916T042359Z	CO:HCT-116	riptide	EX_spmd_e	0.0	0.0	0.0	primary	optimal
riptide-20260916T042359Z	CO:HCT-116	riptide	EX_sprm_e	0.0	0.0	0.0	primary	optimal
riptide-20260916T042359Z	CO:HCT-116	riptide	EX_srtn_e	0.0	0.0	0.0	primary	optimal
riptide-20260916T042359Z	CO:HCT-116	riptide	EX_succ_e	8.764368153716472	6.519059806335478	12.156387852323318	primary	optimal
riptide-20260916T042359Z	CO:HCT-116	riptide	EX_sucr_e	0.0	0.0	0.0	primary	optimal
riptide-20260916T042359Z	CO:HCT-116	riptide	EX_taur_e	0.0	0.0	0.0	primary	optimal
riptide-20260916T042359Z	CO:HCT-116	riptide	EX_tchola_e	0.0	0.0	0.0	primary	optimal
riptide-20260916T042359Z	CO:HCT-116	riptide	EX_thr__L_e	-0.7420956592794195	-0.9098290388634311	-0.7420956592791423	primary	optimal
riptide-20260916T042359Z	CO:HCT-116	riptide	EX_thym_e	0.0	0.0	0.0	primary	optimal
riptide-20260916T042359Z	CO:HCT-116	riptide	EX_thymd_e	0.0	0.0	0.0	primary	optimal
riptide-20260916T042359Z	CO:HCT-116	riptide	EX_trp__L_e	-0.03157863968275976	-0.03871625312963105	-0.03157863968275976	primary	optimal
riptide-20260916T042359Z	CO:HCT-116	riptide	EX_tyr__L_e	-0.37894130292886086	-0.46459212787231485	-0.3789413029287161	primary	optimal
riptide-20260916T042359Z	CO:HCT-116	riptide	EX_ump_e	0.0	0.0	0.0	primary	optimal
riptide-20260916T042359Z	CO:HCT-116	riptide	EX_ura_e	0.0	0.0	0.0	primary	optimal
riptide-20260916T042359Z	CO:HCT-116	riptide	EX_urate_e	0.0	0.0	0.0	primary	optimal
riptide-20260916T042359Z	CO:HCT-116	riptide	EX_uri_e	0.0	0.0	0.0	primary	optimal
riptide-20260916T042359Z	CO:HCT-116	riptide	EX_val__L_e	-0.8368292050641326	-1.0259748885686066	-0.8368292050638733	primary	optimal
riptide-20260916T042359Z	CO:HCT-116	riptide	EX_xan_e	0.0	0.0	0.0	primary	optimal
riptide-20260916T042359Z	CO:HCT-116	riptide	EX_xmp_e	0.0	0.0	0.0	primary	optimal
riptide-20260916T042359Z	CO:HCT-116	riptide	EX_xtsn_e	0.0	0.0	0.0	primary	optimal
riptide-20260916T042359Z	CO:HCT-15	riptide	EX_2pg_e	0.0	0.0	0.0	primary	optimal
riptide-20260916T042359Z	CO:HCT-15	riptide	EX_34hpp_e	0.0	0.0	0.0	primary	optimal
riptide-20260916T042359Z	CO:HCT-15	riptide	EX_3hanthrn_e	0.0	0.0	0.0	primary	optimal
riptide-20260916T042359Z	CO:HCT-15	riptide	EX_3pg_e	0.0	0.0	0.0	primary	optimal
riptide-20260916T042359Z	CO:HCT-15	riptide	EX_4abut_e	0.0	0.0	0.0	primary	optimal
riptide-20260916T042359Z	CO:HCT-15	riptide	EX_4hbz_e	0.0	0.0	0.0	primary	optimal
riptide-20260916T042359Z	CO:HCT-15	riptide	EX_L2aadp_e	0.0	0.0	0.0	primary	optimal
riptide-20260916T042359Z	CO:HCT-15	riptide	EX_Lkynr_e	0.0	0.0	0.0	primary	optimal
riptide-20260916T042359Z	CO:HCT-15	riptide	EX_acac_e	0.0	0.0	0.0	primary	optimal
riptide-20260916T042359Z	CO:HCT-15	riptide	EX_ade_e	0.0	0.0	0.0	primary	optimal
riptide-20260916T042359Z	CO:HCT-15	riptide	EX_adn_e	0.0	0.0	0.0	primary	optimal
riptide-20260916T042359Z	CO:HCT-15	riptide	EX_ahcys_e	0.0	0.0	0.0	primary	optimal
riptide-20260916T042359Z	CO:HCT-15	riptide	EX_akg_e	1.126026982350315	0.0	3.660944055848194	primary	optimal
riptide-20260916T042359Z	CO:HCT-15	riptide	EX_ala__L_e	2.516032847080899	0.0	4.987458669271128	primary	optimal
riptide-20260916T042359Z	CO:HCT-15	riptide	EX_amp_e	0.0	0.0	0.0	primary	optimal
riptide-20260916T042359Z	CO:HCT-15	riptide	EX_anth_e	0.0	0.0	0.0	primary	optimal
riptide-20260916T042359Z	CO:HCT-15	riptide	EX_arg__L_e	-0.8516266778814874	-1.0352150984843076	-0.8452034027288313	primary	optimal
riptide-20260916T042359Z	CO:HCT-15	riptide	EX_asn__L_e	-7.083019050060486	-10.0	-1.5999831357789864	primary	optimal
riptide-20260916T042359Z	CO:HCT-15	riptide	EX_asp__L_e	0.0	0.0	0.0	primary	optimal
riptide-20260916T042359Z	CO:HCT-15	riptide	EX_bilirub_e	0.0	0.0	0.0	primary	optimal
riptide-20260916T042359Z	CO:HCT-15	riptide	EX_cala_e	0.0	0.0	0.0	primary	optimal
riptide-20260916T042359Z	CO:HCT-15	riptide	EX_chol_e	-1.630426782256138	-1.9819041204341796	-1.6181295161992857	primary	optimal
riptide-20260916T042359Z	CO:HCT-15	riptide	EX_cholp_e	0.0	0.0	0.0	primary	optimal
riptide-20260916T042359Z	CO:HCT-15	riptide	EX_cit_e	0.0	0.0	0.0	primary	optimal
riptide-20260916T042359Z	CO:HCT-15	riptide	EX_citr__L_e	0.0	0.0	0.0	primary	optimal
riptide-20260916T042359Z	CO:HCT-15	riptide	EX_cmp_e	0.0	0.0	0.0	primary	optimal
riptide-20260916T042359Z	CO:HCT-15	riptide	EX_crn_e	1.3100631690576847e-14	1.3100631690576847e-14	1.3100631690576847e-14	primary	optimal
riptide-20260916T042359Z	CO:HCT-15	riptide	EX_cyst__L_e	0.0	0.0	0.0	primary	optimal
riptide-20260916T042359Z	CO:HCT-15	riptide	EX_cytd_e	0.0	0.0	0.0	primary	optimal
riptide-20260916T042359Z	CO:HCT-15	riptide	EX_dad_2_e	0.0	0.0	0.0	primary	optimal
riptide-20260916T042359Z	CO:HCT-15	riptide	EX_dcmp_e	0.0	0.0	0.0	primary	optimal
riptide-20260916T042359Z	CO:HCT-15	riptide	EX_dcyt_e	0.0	0.0	0.0	primary	optimal
riptide-20260916T042359Z	CO:HCT-15	riptide	EX_dhap_e	0.0	0.0	0.0	primary	optimal
riptide-20260916T042359Z	CO:HCT-15	riptide	EX_dmgly_e	0.0	0.0	0.0	primary	optimal
riptide-20260916T042359Z	CO:HCT-15	riptide	EX_duri_e	0.0	0.0	0.0	primary	optimal
riptide-20260916T042359Z	CO:HCT-15	riptide	EX_ethamp_e	0.0	0.0	0.0	primary	optimal
riptide-20260916T042359Z	CO:HCT-15	riptide	EX_fol_e	1.3145040611561853e-13	-1.7408297026122455e-13	4.369837824924616e-13	primary	optimal
riptide-20260916T042359Z	CO:HCT-15	riptide	EX_fum_e	6.750041161319226	2.7073849738514704	10.419871039900066	primary	optimal
riptide-20260916T042359Z	CO:HCT-15	riptide	EX_g3pc_e	0.0	0.0	0.0	primary	optimal
riptide-20260916T042359Z	CO:HCT-15	riptide	EX_glc__D_e	-9.269331578813393	-10.0	-2.9997329148141523	primary	optimal
riptide-20260916T042359Z	CO:HCT-15	riptide	EX_glcur_e	0.0	0.0	0.0	primary	optimal
riptide-20260916T042359Z	CO:HCT-15	riptide	EX_gln__L_e	-6.68471424332707	-10.0	-1.568406825343958	primary	optimal
riptide-20260916T042359Z	CO:HCT-15	riptide	EX_glu__L_e	-4.171512101598685	-10.0	1.5232012747018868	primary	optimal
riptide-20260916T042359Z	CO:HCT-15	riptide	EX_gly_e	-4.6474196574731526	-5.649281690405023	-4.612367144468623	primary	optimal
riptide-20260916T042359Z	CO:HCT-15	riptide	EX_glyald_e	0.0	0.0	0.0	primary	optimal
riptide-20260916T042359Z	CO:HCT-15	riptide	EX_glyb_e	0.0	0.0	0.0	primary	optimal
riptide-20260916T042359Z	CO:HCT-15	riptide	EX_glyc3p_e	0.0	0.0	0.0	primary	optimal
riptide-20260916T042359Z	CO:HCT-15	riptide	EX_gmp_e	0.0	0.0	0.0	primary	optimal
riptide-20260916T042359Z	CO:HCT-15	riptide	EX_gthox_e	0.0	0.0	0.0	primary	optimal
riptide-20260916T042359Z	CO:HCT-15	riptide	EX_hcys__L_e	0.0	0.0	0.0	primary	optimal
riptide-20260916T042359Z	CO:HCT-15	riptide	EX_hom__L_e	0.0	0.0	0.0	primary	optimal
riptide-20260916T042359Z	CO:HCT-15	riptide	EX_hxan_e	0.0	0.0	0.0	primary	optimal
riptide-20260916T042359Z	CO:HCT-15	riptide	EX_icit_e	0.0	0.0	0.0	primary	optimal
riptide-20260916T042359Z	CO:HCT-15	riptide	EX_ile__L_e	-0.6781485741665181	-0.8243396563609349	-0.6730337333568972	primary	optimal
riptide-20260916T042359Z	CO:HCT-15	riptide	EX_imp_e	0.0	0.0	0.0	primary	optimal
riptide-20260916T042359Z	CO:HCT-15	riptide	EX_ins_e	0.0	0.0	0.0	primary	optimal
riptide-20260916T042359Z	CO:HCT-15	riptide	EX_lac__L_e	10.291388097085035	-1.0	18.373823395877192	primary	optimal
riptide-20260916T042359Z	CO:HCT-15	riptide	EX_lcts_e	0.0	0.0	0.0	primary	optimal
riptide-20260916T042359Z	CO:HCT-15	riptide	EX_leu__L_e	-1.293213339526667	-1.5719962859424113	-1.2834594587158819	primary	optimal
riptide-20260916T042359Z	CO:HCT-15	riptide	EX_lys__L_e	-1.4036076344347759	-1.7061887012859032	-1.393021120089399	primary	optimal
riptide-20260916T042359Z	CO:HCT-15	riptide	EX_mal__L_e	0.0	0.0	0.0	primary	optimal
riptide-20260916T042359Z	CO:HCT-15	riptide	EX_met__L_e	-0.3627295301343407	-0.4409245224625096	-0.35999369336620823	primary	optimal
riptide-20260916T042359Z	CO:HCT-15	riptide	EX_nac_e	4.457954496288172e-13	4.457954496288172e-13	4.457954496288172e-13	primary	optimal
riptide-20260916T042359Z	CO:HCT-15	riptide	EX_ncam_e	0.0	0.0	0.0	primary	optimal
riptide-20260916T042359Z	CO:HCT-15	riptide	EX_nicrnt_e	0.0	0.0	0.0	primary	optimal
riptide-20260916T042359Z	CO:HCT-15	riptide	EX_orn_e	0.0	0.0	0.0	primary	optimal
riptide-20260916T042359Z	CO:HCT-15	riptide	EX_orot5p_e	0.0	0.0	0.0	primary	optimal
riptide-20260916T042359Z	CO:HCT-15	riptide	EX_orot_e	0.0	0.0	0.0	primary	optimal
riptide-20260916T042359Z	CO:HCT-15	riptide	EX_oxa_e	0.0	0.0	0.0	primary	optimal
riptide-20260916T042359Z	CO:HCT-15	riptide	EX_pep_e	0.0	0.0	0.0	primary	optimal
riptide-20260916T042359Z	CO:HCT-15	riptide	EX_phe__L_e	-0.6150647653597892	-0.7476566295812094	-0.6104257253588283	primary	optimal
riptide-20260916T042359Z	CO:HCT-15	riptide	EX_pnto__R_e	0.0	0.0	0.0	primary	optimal
riptide-20260916T042359Z	CO:HCT-15	riptide	EX_pro__L_e	-0.9777942954941459	-1.1885811520437435	-0.9704194187250543	primary	optimal
riptide-20260916T042359Z	CO:HCT-15	riptide	EX_quln_e	0.0	0.0	0.0	primary	optimal
riptide-20260916T042359Z	CO:HCT-15	riptide	EX_sbt__D_e	0.0	0.0	0.0	primary	optimal
riptide-20260916T042359Z	CO:HCT-15	riptide	EX_ser__L_e	-7.719134295451589	-10.0	-3.4669417868697545	primary	optimal
riptide-20260916T042359Z	CO:HCT-15	riptide	EX_spmd_e	0.0	0.0	0.0	primary	optimal
riptide-20260916T042359Z	CO:HCT-15	riptide	EX_sprm_e	0.0	0.0	0.0	primary	optimal
riptide-20260916T042359Z	CO:HCT-15	riptide	EX_srtn_e	0.0	0.0	0.0	primary	optimal
riptide-20260916T042359Z	CO:HCT-15	riptide	EX_succ_e	7.390056775591436	4.895917630976891	10.821971104619525	primary	optimal
riptide-20260916T042359Z	CO:HCT-15	riptide	EX_sucr_e	0.0	0.0	0.0	primary	optimal
riptide-20260916T042359Z	CO:HCT-15	riptide	EX_taur_e	0.0	0.0	0.0	primary	optimal
riptide-20260916T042359Z	CO:HCT-15	riptide	EX_tchola_e	0.0	0.0	0.0	primary	optimal
riptide-20260916T042359Z	CO:HCT-15	riptide	EX_thr__L_e	-0.7412323829727558	-0.9010226831405601	-0.7356417413551402	primary	optimal
riptide-20260916T042359Z	CO:HCT-15	riptide	EX_thym_e	0.0	0.0	0.0	primary	optimal
riptide-20260916T042359Z	CO:HCT-15	riptide	EX_thymd_e	0.0	0.0	0.0	primary	optimal
riptide-20260916T042359Z	CO:HCT-15	riptide	EX_trp__L_e	-0.03154190440324099	-0.0383415133898087	-0.03130400399909661	primary	optimal
riptide-20260916T042359Z	CO:HCT-15	riptide	EX_tyr__L_e	-0.37850048233590705	-0.46009527915742165	-0.37564569536573167	primary	optimal
riptide-20260916T042359Z	CO:HCT-15	riptide	EX_ump_e	0.0	0.0	0.0	primary	optimal
riptide-20260916T042359Z	CO:HCT-15	riptide	EX_ura_e	0.0	0.0	0.0	primary	optimal
riptide-20260916T042359Z	CO:HCT-15	riptide	EX_urate_e	0.0	0.0	0.0	primary	optimal
riptide-20260916T042359Z	CO:HCT-15	riptide	EX_uri_e	0.0	0.0	0.0	primary	optimal
riptide-20260916T042359Z	CO:HCT-15	riptide	EX_val__L_e	-0.8358557256796644	-1.0160443417895073	-0.829551400729267	primary	optimal
riptide-20260916T042359Z	CO:HCT-15	riptide	EX_xan_e	0.0	0.0	0.0	primary	optimal
riptide-20260916T042359Z	CO:HCT-15	riptide	EX_xmp_e	0.0	0.0	0.0	primary	optimal
riptide-20260916T042359Z	CO:HCT-15	riptide	EX_xtsn_e	0.0	0.0	0.0	primary	optimal
riptide-20260916T042359Z	CO:KM12	riptide	EX_2pg_e	0.0	0.0	0.0	primary	optimal
riptide-20260916T042359Z	CO:KM12	riptide	EX_34hpp_e	0.0	0.0	0.0	primary	optimal
riptide-20260916T042359Z	CO:KM12	riptide	EX_3hanthrn_e	0.0	0.0	0.0	primary	optimal
riptide-20260916T042359Z	CO:KM12	riptide	EX_3pg_e	0.0	0.0	0.0	primary	optimal
riptide-20260916T042359Z	CO:KM12	riptide	EX_4abut_e	0.0	0.0	0.0	primary	optimal
riptide-20260916T042359Z	CO:KM12	riptide	EX_4hbz_e	0.0	0.0	0.0	primary	optimal
riptide-20260916T042359Z	CO:KM12	riptide	EX_L2aadp_e	0.0	0.0	0.0	primary	optimal
riptide-20260916T042359Z	CO:KM12	riptide	EX_Lkynr_e	0.0	0.0	0.0	primary	optimal
riptide-20260916T042359Z	CO:KM12	riptide	EX_acac_e	0.0	0.0	0.0	primary	optimal
riptide-20260916T042359Z	CO:KM12	riptide	EX_ade_e	0.0	0.0	0.0	primary	optimal
riptide-20260916T042359Z	CO:KM12	riptide	EX_adn_e	0.0	0.0	0.0	primary	optimal
riptide-20260916T042359Z	CO:KM12	riptide	EX_ahcys_e	0.0	0.0	0.0	primary	optimal
riptide-20260916T042359Z	CO:KM12	riptide	EX_akg_e	0.0	0.0	0.0	primary	optimal
riptide-20260916T042359Z	CO:KM12	riptide	EX_ala__L_e	4.9500714127283505	0.0	7.01099326489731	primary	optimal
riptide-20260916T042359Z	CO:KM12	riptide	EX_amp_e	0.0	0.0	0.0	primary	optimal
riptide-20260916T042359Z	CO:KM12	riptide	EX_anth_e	0.0	0.0	0.0	primary	optimal
riptide-20260916T042359Z	CO:KM12	riptide	EX_arg__L_e	-0.8458971915269631	-1.0359611707341185	-0.8458971915264382	primary	optimal
riptide-20260916T042359Z	CO:KM12	riptide	EX_asn__L_e	-0.6579213459403093	-0.8057491792361435	-0.657921345939517	primary	optimal
riptide-20260916T042359Z	CO:KM12	riptide	EX_asp__L_e	-1.1734521202432067	-1.8131019440246041	0.0	primary	optimal
riptide-20260916T042359Z	CO:KM12	riptide	EX_bilirub_e	0.0	0.0	0.0	primary	optimal
riptide-20260916T042359Z	CO:KM12	riptide	EX_cala_e	0.0	0.0	0.0	primary	optimal
riptide-20260916T042359Z	CO:KM12	riptide	EX_chol_e	-1.6194577646776214	-1.9833324648124295	-1.619457764673884	primary	optimal
riptide-20260916T042359Z	CO:KM12	riptide	EX_cholp_e	0.0	0.0	0.0	primary	optimal
riptide-20260916T042359Z	CO:KM12	riptide	EX_cit_e	0.0	0.0	0.0	primary	optimal
riptide-20260916T042359Z	CO:KM12	riptide	EX_citr__L_e	0.0	0.0	0.0	primary	optimal
riptide-20260916T042359Z	CO:KM12	riptide	EX_cmp_e	0.0	0.0	0.0	primary	optimal
riptide-20260916T042359Z	CO:KM12	riptide	EX_crn_e	1.3233858453531866e-13	2.6645352591003757e-15	2.6201263381153694e-13	primary	optimal
riptide-20260916T042359Z	CO:KM12	riptide	EX_cyst__L_e	0.0	0.0	0.0	primary	optimal
riptide-20260916T042359Z	CO:KM12	riptide	EX_cytd_e	0.0	0.0	0.0	primary	optimal
riptide-20260916T042359Z	CO:KM12	riptide	EX_dad_2_e	0.0	0.0	0.0	primary	optimal
riptide-20260916T042359Z	CO:KM12	riptide	EX_dcmp_e	0.0	0.0	0.0	primary	optimal
riptide-20260916T042359Z	CO:KM12	riptide	EX_dcyt_e	0.0	0.0	0.0	primary	optimal
riptide-20260916T042359Z	CO:KM12	riptide	EX_dhap_e	0.0	0.0	0.0	primary	optimal
riptide-20260916T042359Z	CO:KM12	riptide	EX_dmgly_e	0.0	0.0	0.0	primary	optimal
riptide-20260916T042359Z	CO:KM12	riptide	EX_duri_e	0.0	0.0	0.0	primary	optimal
riptide-20260916T042359Z	CO:KM12	riptide	EX_ethamp_e	0.0	0.0	0.0	primary	optimal
riptide-20260916T042359Z	CO:KM12	riptide	EX_fol_e	3.2507330161024584e-13	-6.039613253960852e-14	3.2507330161024584e-13	primary	optimal
riptide-20260916T042359Z	CO:KM12	riptide	EX_fum_e	0.42296507769892133	0.4229650776440634	0.518000770548729	primary	optimal
riptide-20260916T042359Z	CO:KM12	riptide	EX_g3pc_e	0.0	0.0	0.0	primary	optimal
riptide-20260916T042359Z	CO:KM12	riptide	EX_glc__D_e	-10.0	-10.0	-2.9555106366908968	primary	optimal
riptide-20260916T042359Z	CO:KM12	riptide	EX_glcur_e	0.0	0.0	0.0	primary	optimal
riptide-20260916T042359Z	CO:KM12	riptide	EX_gln__L_e	-6.619788512816164	-10.0	-3.0327262449221304	primary	optimal
riptide-20260916T042359Z	CO:KM12	riptide	EX_glu__L_e	-7.460184405314962	-10.0	0.6272819303724051	primary	optimal
riptide-20260916T042359Z	CO:KM12	riptide	EX_gly_e	-4.616153225612996	-5.6533530880375436	-4.616153225590764	primary	optimal
riptide-20260916T042359Z	CO:KM12	riptide	EX_glyald_e	0.0	0.0	0.0	primary	optimal
riptide-20260916T042359Z	CO:KM12	riptide	EX_glyb_e	0.0	0.0	0.0	primary	optimal
riptide-20260916T042359Z	CO:KM12	riptide	EX_glyc3p_e	0.0	0.0	0.0	primary	optimal
riptide-20260916T042359Z	CO:KM12	riptide	EX_gmp_e	0.0	0.0	0.0	primary	optimal
riptide-20260916T042359Z	CO:KM12	riptide	EX_gthox_e	0.0	0.0	0.0	primary	optimal
riptide-20260916T042359Z	CO:KM12	riptide	EX_hcys__L_e	0.0	0.0	0.0	primary	optimal
riptide-20260916T042359Z	CO:KM12	riptide	EX_hom__L_e	0.0	0.0	0.0	primary	optimal
riptide-20260916T042359Z	CO:KM12	riptide	EX_hxan_e	0.0	0.0	0.0	primary	optimal
riptide-20260916T042359Z	CO:KM12	riptide	EX_icit_e	0.0	0.0	0.0	primary	optimal
riptide-20260916T042359Z	CO:KM12	riptide	EX_ile__L_e	-0.6735861959517493	-0.8249337521607997	-0.6735861959512874	primary	optimal
riptide-20260916T042359Z	CO:KM12	riptide	EX_imp_e	0.0	0.0	0.0	primary	optimal
riptide-20260916T042359Z	CO:KM12	riptide	EX_ins_e	0.0	0.0	0.0	primary	optimal
riptide-20260916T042359Z	CO:KM12	riptide	EX_lac__L_e	16.56444506466711	2.3156309128713652	22.17351651277112	primary	optimal
riptide-20260916T042359Z	CO:KM12	riptide	EX_lcts_e	0.0	0.0	0.0	primary	optimal
riptide-20260916T042359Z	CO:KM12	riptide	EX_leu__L_e	-1.2845129918947311	-1.5731292126231096	-1.2845129918549514	primary	optimal
riptide-20260916T042359Z	CO:KM12	riptide	EX_lys__L_e	-1.3941645873845996	-1.707418339498195	-1.3941645873835657	primary	optimal
riptide-20260916T042359Z	CO:KM12	riptide	EX_mal__L_e	0.0	0.0	0.0	primary	optimal
riptide-20260916T042359Z	CO:KM12	riptide	EX_met__L_e	-0.36028919571662676	-0.4412422936686278	-0.36028919571617557	primary	optimal
riptide-20260916T042359Z	CO:KM12	riptide	EX_nac_e	-6.718358896712089e-13	-6.718358896712089e-13	-6.718358896712089e-13	primary	optimal
riptide-20260916T042359Z	CO:KM12	riptide	EX_ncam_e	0.0	0.0	0.0	primary	optimal
riptide-20260916T042359Z	CO:KM12	riptide	EX_nicrnt_e	0.0	0.0	0.0	primary	optimal
riptide-20260916T042359Z	CO:KM12	riptide	EX_orn_e	0.0	0.0	0.0	primary	optimal
riptide-20260916T042359Z	CO:KM12	riptide	EX_orot5p_e	0.0	0.0	0.0	primary	optimal
riptide-20260916T042359Z	CO:KM12	riptide	EX_orot_e	0.0	0.0	0.0	primary	optimal
riptide-20260916T042359Z	CO:KM12	riptide	EX_oxa_e	0.0	0.0	0.0	primary	optimal
riptide-20260916T042359Z	CO:KM12	riptide	EX_pep_e	0.0	0.0	0.0	primary	optimal
riptide-20260916T042359Z	CO:KM12	riptide	EX_phe__L_e	-0.6109267959049145	-0.7481954604623622	-0.6109267959042768	primary	optimal
riptide-20260916T042359Z	CO:KM12	riptide	EX_pnto__R_e	0.0	0.0	0.0	primary	optimal
riptide-20260916T042359Z	CO:KM12	riptide	EX_pro__L_e	-0.9712159917095198	-1.1894377541310694	-0.9712159916204062	primary	optimal
riptide-20260916T042359Z	CO:KM12	riptide	EX_quln_e	0.0	0.0	0.0	primary	optimal
riptide-20260916T042359Z	CO:KM12	riptide	EX_sbt__D_e	0.0	0.0	0.0	primary	optimal
riptide-20260916T042359Z	CO:KM12	riptide	EX_ser__L_e	-8.219793154907512	-10.0	-2.4202629409507357	primary	optimal
riptide-20260916T042359Z	CO:KM12	riptide	EX_spmd_e	0.0	0.0	0.0	primary	optimal
riptide-20260916T042359Z	CO:KM12	riptide	EX_sprm_e	0.0	0.0	0.0	primary	optimal
riptide-20260916T042359Z	CO:KM12	riptide	EX_srtn_e	0.0	0.0	0.0	primary	optimal
riptide-20260916T042359Z	CO:KM12	riptide	EX_succ_e	11.234684905519345	7.087887128371824	13.632469370569966	primary	optimal
riptide-20260916T042359Z	CO:KM12	riptide	EX_sucr_e	0.0	0.0	0.0	primary	optimal
riptide-20260916T042359Z	CO:KM12	riptide	EX_taur_e	0.0	0.0	0.0	primary	optimal
riptide-20260916T042359Z	CO:KM12	riptide	EX_tchola_e	0.0	0.0	0.0	primary	optimal
riptide-20260916T042359Z	CO:KM12	riptide	EX_thr__L_e	-0.7362455959988861	-0.9016720438592519	-0.7362455959983656	primary	optimal
riptide-20260916T042359Z	CO:KM12	riptide	EX_thym_e	0.0	0.0	0.0	primary	optimal
riptide-20260916T042359Z	CO:KM12	riptide	EX_thymd_e	0.0	0.0	0.0	primary	optimal
riptide-20260916T042359Z	CO:KM12	riptide	EX_trp__L_e	-0.03132970002365809	-0.03836914584919031	-0.03132970002365809	primary	optimal
riptide-20260916T042359Z	CO:KM12	riptide	EX_tyr__L_e	-0.3759540457281636	-0.4604268665932986	-0.3759540457278838	primary	optimal
riptide-20260916T042359Z	CO:KM12	riptide	EX_ump_e	0.0	0.0	0.0	primary	optimal
riptide-20260916T042359Z	CO:KM12	riptide	EX_ura_e	0.0	0.0	0.0	primary	optimal
riptide-20260916T042359Z	CO:KM12	riptide	EX_urate_e	0.0	0.0	0.0	primary	optimal
riptide-20260916T042359Z	CO:KM12	riptide	EX_uri_e	0.0	0.0	0.0	primary	optimal
riptide-20260916T042359Z	CO:KM12	riptide	EX_val__L_e	-0.8302323415152388	-1.0167765978095131	-0.8302323415145594	primary	optimal
riptide-20260916T042359Z	CO:KM12	riptide	EX_xan_e	0.0	0.0	0.0	primary	optimal
riptide-20260916T042359Z	CO:KM12	riptide	EX_xmp_e	0.0	0.0	0.0	primary	optimal
riptide-20260916T042359Z	CO:KM12	riptide	EX_xtsn_e	0.0	0.0	0.0	primary	optimal
riptide-20260916T042359Z	CO:SW-620	riptide	EX_2pg_e	0.0	0.0	0.0	primary	optimal
riptide-20260916T042359Z	CO:SW-620	riptide	EX_34hpp_e	0.0	0.0	0.0	primary	optimal
riptide-20260916T042359Z	CO:SW-620	riptide	EX_3hanthrn_e	0.0	0.0	0.0	primary	optimal
riptide-20260916T042359Z	CO:SW-620	riptide	EX_3pg_e	0.0	0.0	0.0	primary	optimal
riptide-20260916T042359Z	CO:SW-620	riptide	EX_4abut_e	0.0	0.0	0.0	primary	optimal
riptide-20260916T042359Z	CO:SW-620	riptide	EX_4hbz_e	0.0	0.0	0.0	primary	optimal
riptide-20260916T042359Z	CO:SW-620	riptide	EX_L2aadp_e	0.0	0.0	0.0	primary	optimal
riptide-20260916T042359Z	CO:SW-620	riptide	EX_Lkynr_e	0.0	0.0	0.0	primary	optimal
riptide-20260916T042359Z	CO:SW-620	riptide	EX_acac_e	0.021348482265889826	0.021348482262178683	0.02614020532803575	primary	optimal
riptide-20260916T042359Z	CO:SW-620	riptide	EX_ade_e	0.0	0.0	0.0	primary	optimal
riptide-20260916T042359Z	CO:SW-620	riptide	EX_adn_e	0.0	0.0	0.0	primary	optimal
riptide-20260916T042359Z	CO:SW-620	riptide	EX_ahcys_e	0.0	0.0	0.0	primary	optimal
riptide-20260916T042359Z	CO:SW-620	riptide	EX_akg_e	0.0	0.0	0.0	primary	optimal
riptide-20260916T042359Z	CO:SW-620	riptide	EX_ala__L_e	0.5039384544949745	0.0	12.27916960250681	primary	optimal
riptide-20260916T042359Z	CO:SW-620	riptide	EX_amp_e	0.0	0.0	0.0	primary	optimal
riptide-20260916T042359Z	CO:SW-620	riptide	EX_anth_e	0.0	0.0	0.0	primary	optimal
riptide-20260916T042359Z	CO:SW-620	riptide	EX_arg__L_e	-0.8772338714714127	-1.074131324122402	-0.8772338714710681	primary	optimal
riptide-20260916T042359Z	CO:SW-620	riptide	EX_asn__L_e	-6.367279598970574	-9.878057226375976	-0.7022948303306111	primary	optimal
riptide-20260916T042359Z	CO:SW-620	riptide	EX_asp__L_e	0.0	0.0	0.0	primary	optimal
riptide-20260916T042359Z	CO:SW-620	riptide	EX_bilirub_e	0.0	0.0	0.0	primary	optimal
riptide-20260916T042359Z	CO:SW-620	riptide	EX_cala_e	0.0	0.0	0.0	primary	optimal
riptide-20260916T042359Z	CO:SW-620	riptide	EX_chol_e	-1.6794513787513585	-2.05640866355451	-1.6794513787503185	primary	optimal
riptide-20260916T042359Z	CO:SW-620	riptide	EX_cholp_e	0.0	0.0	0.0	primary	optimal
riptide-20260916T042359Z	CO:SW-620	riptide	EX_cit_e	0.0	0.0	0.0	primary	optimal
riptide-20260916T042359Z	CO:SW-620	riptide	EX_citr__L_e	0.0	0.0	0.0	primary	optimal
riptide-20260916T042359Z	CO:SW-620	riptide	EX_cmp_e	0.0	0.0	0.0	primary	optimal
riptide-20260916T042359Z	CO:SW-620	riptide	EX_crn_e	0.0	0.0	0.0	primary	optimal
riptide-20260916T042359Z	CO:SW-620	riptide	EX_cyst__L_e	0.0	0.0	0.0	primary	optimal
riptide-20260916T042359Z	CO:SW-620	riptide	EX_cytd_e	0.0	0.0	0.0	primary	optimal
riptide-20260916T042359Z	CO:SW-620	riptide	EX_dad_2_e	0.0	0.0	0.0	primary	optimal
riptide-20260916T042359Z	CO:SW-620	riptide	EX_dcmp_e	0.0	0.0	0.0	primary	optimal
riptide-20260916T042359Z	CO:SW-620	riptide	EX_dcyt_e	0.0	0.0	0.0	primary	optimal
riptide-20260916T042359Z	CO:SW-620	riptide	EX_dhap_e	0.0	0.0	0.0	primary	optimal
riptide-20260916T042359Z	CO:SW-620	riptide	EX_dmgly_e	0.0	0.0	0.0	primary	optimal
riptide-20260916T042359Z	CO:SW-620	riptide	EX_duri_e	0.0	0.0	0.0	primary	optimal
riptide-20260916T042359Z	CO:SW-620	riptide	EX_ethamp_e	0.0	0.0	0.0	primary	optimal
riptide-20260916T042359Z	CO:SW-620	riptide	EX_fol_e	0.0	0.0	0.0	primary	optimal
riptide-20260916T042359Z	CO:SW-620	riptide	EX_fum_e	4.13103307919067	0.0	9.064404600387386	primary	optimal
riptide-20260916T042359Z	CO:SW-620	riptide	EX_g3pc_e	0.0	0.0	0.0	primary	optimal
riptide-20260916T042359Z	CO:SW-620	riptide	EX_glc__D_e	-10.0	-10.0	-4.514400133841719	primary	optimal
riptide-20260916T042359Z	CO:SW-620	riptide	EX_glcur_e	0.0	0.0	0.0	primary	optimal
riptide-20260916T042359Z	CO:SW-620	riptide	EX_gln__L_e	-8.959625959613664	-10.0	-6.740376056967142	primary	optimal
riptide-20260916T042359Z	CO:SW-620	riptide	EX_glu__L_e	0.0	0.0	0.0	primary	optimal
riptide-20260916T042359Z	CO:SW-620	riptide	EX_gly_e	-4.787160905561587	-5.861651777819279	-4.787160905556996	primary	optimal
riptide-20260916T042359Z	CO:SW-620	riptide	EX_glyald_e	0.0	0.0	0.0	primary	optimal
riptide-20260916T042359Z	CO:SW-620	riptide	EX_glyb_e	0.0	0.0	0.0	primary	optimal
riptide-20260916T042359Z	CO:SW-620	riptide	EX_glyc3p_e	0.0	0.0	0.0	primary	optimal
riptide-20260916T042359Z	CO:SW-620	riptide	EX_gmp_e	0.0	0.0	0.0	primary	optimal
riptide-20260916T042359Z	CO:SW-620	riptide	EX_gthox_e	0.0	0.0	0.0	primary	optimal
riptide-20260916T042359Z	CO:SW-620	riptide	EX_hcys__L_e	0.0	0.0	0.0	primary	optimal
riptide-20260916T042359Z	CO:SW-620	riptide	EX_hom__L_e	0.0	0.0	0.0	primary	optimal
riptide-20260916T042359Z	CO:SW-620	riptide	EX_hxan_e	0.0	0.0	0.0	primary	optimal
riptide-20260916T042359Z	CO:SW-620	riptide	EX_icit_e	0.0	0.0	0.0	primary	optimal
riptide-20260916T042359Z	CO:SW-620	riptide	EX_ile__L_e	-0.6985395298190156	-0.8553285668937157	-0.6985395298187047	primary	optimal
riptide-20260916T042359Z	CO:SW-620	riptide	EX_imp_e	0.0	0.0	0.0	primary	optimal
riptide-20260916T042359Z	CO:SW-620	riptide	EX_ins_e	0.0	0.0	0.0	primary	optimal
riptide-20260916T042359Z	CO:SW-620	riptide	EX_lac__L_e	8.651717989426423	-1.0	15.348871780025798	primary	optimal
riptide-20260916T042359Z	CO:SW-620	riptide	EX_lcts_e	0.0	0.0	0.0	primary	optimal
riptide-20260916T042359Z	CO:SW-620	riptide	EX_leu__L_e	-1.3320984111432574	-1.6310914075792802	-1.3320984111167586	primary	optimal
riptide-20260916T042359Z	CO:SW-620	riptide	EX_lys__L_e	-1.4458121042486578	-1.770328438599698	-1.445812104247997	primary	optimal
riptide-20260916T042359Z	CO:SW-620	riptide	EX_mal__L_e	0.0	0.0	6.348785320117299	primary	optimal
riptide-20260916T042359Z	CO:SW-620	riptide	EX_met__L_e	-0.37363628721482556	-0.4574999358529705	-0.37363628721463904	primary	optimal
riptide-20260916T042359Z	CO:SW-620	riptide	EX_nac_e	6.344981694809097e-13	6.344981694809097e-13	6.344981694809097e-13	primary	optimal
riptide-20260916T042359Z	CO:SW-620	riptide	EX_ncam_e	0.0	0.0	0.0	primary	optimal
riptide-20260916T042359Z	CO:SW-620	riptide	EX_nicrnt_e	0.0	0.0	0.0	primary	optimal
riptide-20260916T042359Z	CO:SW-620	riptide	EX_orn_e	0.0	0.0	0.0	primary	optimal
riptide-20260916T042359Z	CO:SW-620	riptide	EX_orot5p_e	0.0	0.0	0.0	primary	optimal
riptide-20260916T042359Z	CO:SW-620	riptide	EX_orot_e	0.0	0.0	0.0	primary	optimal
riptide-20260916T042359Z	CO:SW-620	riptide	EX_oxa_e	0.0	0.0	0.0	primary	optimal
riptide-20260916T042359Z	CO:SW-620	riptide	EX_pep_e	0.0	0.0	0.0	primary	optimal
riptide-20260916T042359Z	CO:SW-620	riptide	EX_phe__L_e	-0.6335588812981872	-0.7757628406855532	-0.6335588812978372	primary	optimal
riptide-20260916T042359Z	CO:SW-620	riptide	EX_pnto__R_e	0.0	0.0	0.0	primary	optimal
riptide-20260916T042359Z	CO:SW-620	riptide	EX_pro__L_e	-1.0071951685128742	-1.233262776538567	-1.007195168512533	primary	optimal
riptide-20260916T042359Z	CO:SW-620	riptide	EX_quln_e	0.0	0.0	0.0	primary	optimal
riptide-20260916T042359Z	CO:SW-620	riptide	EX_sbt__D_e	0.0	0.0	0.0	primary	optimal
riptide-20260916T042359Z	CO:SW-620	riptide	EX_ser__L_e	-9.79339150426793	-10.0	-5.648409377573067	primary	optimal
riptide-20260916T042359Z	CO:SW-620	riptide	EX_spmd_e	0.0	0.0	0.0	primary	optimal
riptide-20260916T042359Z	CO:SW-620	riptide	EX_sprm_e	0.0	0.0	0.0	primary	optimal
riptide-20260916T042359Z	CO:SW-620	riptide	EX_srtn_e	0.0	0.0	0.0	primary	optimal
riptide-20260916T042359Z	CO:SW-620	riptide	EX_succ_e	7.168213344328286	5.002151034377119	8.261774977409086	primary	optimal
riptide-20260916T042359Z	CO:SW-620	riptide	EX_sucr_e	0.0	0.0	0.0	primary	optimal
riptide-20260916T042359Z	CO:SW-620	riptide	EX_taur_e	0.0	0.0	0.0	primary	optimal
riptide-20260916T042359Z	CO:SW-620	riptide	EX_tchola_e	0.0	0.0	0.0	primary	optimal
riptide-20260916T042359Z	CO:SW-620	riptide	EX_thr__L_e	-0.7635201783400678	-0.9348942931019335	-0.7635201783394834	primary	optimal
riptide-20260916T042359Z	CO:SW-620	riptide	EX_thym_e	0.0	0.0	0.0	primary	optimal
riptide-20260916T042359Z	CO:SW-620	riptide	EX_thymd_e	0.0	0.0	0.0	primary	optimal
riptide-20260916T042359Z	CO:SW-620	riptide	EX_trp__L_e	-0.032490324260272985	-0.039782863103985336	-0.03249032426017706	primary	optimal
riptide-20260916T042359Z	CO:SW-620	riptide	EX_tyr__L_e	-0.3898814493450793	-0.47739136740509297	-0.3898814493449745	primary	optimal
riptide-20260916T042359Z	CO:SW-620	riptide	EX_ump_e	0.0	0.0	0.0	primary	optimal
riptide-20260916T042359Z	CO:SW-620	riptide	EX_ura_e	0.0	0.0	0.0	primary	optimal
riptide-20260916T042359Z	CO:SW-620	riptide	EX_urate_e	0.0	0.0	0.0	primary	optimal
riptide-20260916T042359Z	CO:SW-620	riptide	EX_uri_e	0.0	0.0	0.0	primary	optimal
riptide-20260916T042359Z	CO:SW-620	riptide	EX_val__L_e	-0.8609887093414645	-1.0542398925703291	-0.8609887093407576	primary	optimal
riptide-20260916T042359Z	CO:SW-620	riptide	EX_xan_e	0.0	0.0	0.0	primary	optimal
riptide-20260916T042359Z	CO:SW-620	riptide	EX_xmp_e	0.0	0.0	0.0	primary	optimal
riptide-20260916T042359Z	CO:SW-620	riptide	EX_xtsn_e	0.0	0.0	0.0	primary	optimal
riptide-20260916T042359Z	LC:A549/ATCC	riptide	EX_2pg_e	0.0	0.0	0.0	primary	optimal
riptide-20260916T042359Z	LC:A549/ATCC	riptide	EX_34hpp_e	0.0	0.0	0.0	primary	optimal
riptide-20260916T042359Z	LC:A549/ATCC	riptide	EX_3hanthrn_e	0.0	0.0	0.0	primary	optimal
riptide-20260916T042359Z	LC:A549/ATCC	riptide	EX_3pg_e	0.0	0.0	0.0	primary	optimal
riptide-20260916T042359Z	LC:A549/ATCC	riptide	EX_4abut_e	0.0	0.0	0.0	primary	optimal
riptide-20260916T042359Z	LC:A549/ATCC	riptide	EX_4hbz_e	0.0	0.0	0.0	primary	optimal
riptide-20260916T042359Z	LC:A549/ATCC	riptide	EX_L2aadp_e	0.0	0.0	0.0	primary	optimal
riptide-20260916T042359Z	LC:A549/ATCC	riptide	EX_Lkynr_e	0.0	0.0	0.0	primary	optimal
riptide-20260916T042359Z	LC:A549/ATCC	riptide	EX_acac_e	0.0	0.0	0.0	primary	optimal
riptide-20260916T042359Z	LC:A549/ATCC	riptide	EX_ade_e	0.0	0.0	0.0	primary	optimal
riptide-20260916T042359Z	LC:A549/ATCC	riptide	EX_adn_e	0.0	0.0	0.0	primary	optimal
riptide-20260916T042359Z	LC:A549/ATCC	riptide	EX_ahcys_e	0.0	0.0	0.0	primary	optimal
riptide-20260916T042359Z	LC:A549/ATCC	riptide	EX_akg_e	0.0	0.0	0.0	primary	optimal
riptide-20260916T042359Z	LC:A549/ATCC	riptide	EX_ala__L_e	3.1225673136503778	0.0	10.182231386403535	primary	optimal
riptide-20260916T042359Z	LC:A549/ATCC	riptide	EX_amp_e	0.0	0.0	0.0	primary	optimal
riptide-20260916T042359Z	LC:A549/ATCC	riptide	EX_anth_e	0.0	0.0	0.0	primary	optimal
riptide-20260916T042359Z	LC:A549/ATCC	riptide	EX_arg__L_e	-0.8919967435904965	-1.0748043643079301	-0.8777794902009894	primary	optimal
riptide-20260916T042359Z	LC:A549/ATCC	riptide	EX_asn__L_e	-7.376798837957519	-10.0	-1.6116215425393046	primary	optimal
riptide-20260916T042359Z	LC:A549/ATCC	riptide	EX_asp__L_e	0.0	0.0	0.0	primary	optimal
riptide-20260916T042359Z	LC:A549/ATCC	riptide	EX_bilirub_e	0.0	0.0	0.0	primary	optimal
riptide-20260916T042359Z	LC:A549/ATCC	riptide	EX_cala_e	0.0	0.0	0.0	primary	optimal
riptide-20260916T042359Z	LC:A549/ATCC	riptide	EX_chol_e	-1.7077146808659194	-2.0576971891172255	-1.6804959578056877	primary	optimal
riptide-20260916T042359Z	LC:A549/ATCC	riptide	EX_cholp_e	0.0	0.0	0.0	primary	optimal
riptide-20260916T042359Z	LC:A549/ATCC	riptide	EX_cit_e	0.0	0.0	0.0	primary	optimal
riptide-20260916T042359Z	LC:A549/ATCC	riptide	EX_citr__L_e	0.0	0.0	0.0	primary	optimal
riptide-20260916T042359Z	LC:A549/ATCC	riptide	EX_cmp_e	0.0	0.0	0.0	primary	optimal
riptide-20260916T042359Z	LC:A549/ATCC	riptide	EX_crn_e	-1.59539048638635e-13	-1.59539048638635e-13	-1.59539048638635e-13	primary	optimal
riptide-20260916T042359Z	LC:A549/ATCC	riptide	EX_cyst__L_e	0.0	0.0	0.0	primary	optimal
riptide-20260916T042359Z	LC:A549/ATCC	riptide	EX_cytd_e	0.0	0.0	0.0	primary	optimal
riptide-20260916T042359Z	LC:A549/ATCC	riptide	EX_dad_2_e	0.0	0.0	0.0	primary	optimal
riptide-20260916T042359Z	LC:A549/ATCC	riptide	EX_dcmp_e	0.0	0.0	0.0	primary	optimal
riptide-20260916T042359Z	LC:A549/ATCC	riptide	EX_dcyt_e	0.0	0.0	0.0	primary	optimal
riptide-20260916T042359Z	LC:A549/ATCC	riptide	EX_dhap_e	0.0	0.0	0.0	primary	optimal
riptide-20260916T042359Z	LC:A549/ATCC	riptide	EX_dmgly_e	0.0	0.0	0.0	primary	optimal
riptide-20260916T042359Z	LC:A549/ATCC	riptide	EX_duri_e	0.0	0.0	0.0	primary	optimal
riptide-20260916T042359Z	LC:A549/ATCC	riptide	EX_ethamp_e	0.0	0.0	0.0	primary	optimal
riptide-20260916T042359Z	LC:A549/ATCC	riptide	EX_fol_e	-3.0730973321624333e-13	-4.369837824924616e-13	-3.0730973321624333e-13	primary	optimal
riptide-20260916T042359Z	LC:A549/ATCC	riptide	EX_fum_e	5.759367674800607	2.1553249134271066	8.710978471345115	primary	optimal
riptide-20260916T042359Z	LC:A549/ATCC	riptide	EX_g3pc_e	0.0	0.0	0.0	primary	optimal
riptide-20260916T042359Z	LC:A549/ATCC	riptide	EX_glc__D_e	-10.0	-10.0	-3.4234354585598012	primary	optimal
riptide-20260916T042359Z	LC:A549/ATCC	riptide	EX_glcur_e	0.0	0.0	0.0	primary	optimal
riptide-20260916T042359Z	LC:A549/ATCC	riptide	EX_gln__L_e	-6.778653229480956	-10.0	-1.6288568398272574	primary	optimal
riptide-20260916T042359Z	LC:A549/ATCC	riptide	EX_glu__L_e	-3.6971300259975743	-10.0	1.2946126356146375	primary	optimal
riptide-20260916T042359Z	LC:A549/ATCC	riptide	EX_gly_e	-4.867723508711339	-5.865324631516046	-4.790138406469161	primary	optimal
riptide-20260916T042359Z	LC:A549/ATCC	riptide	EX_glyald_e	0.0	0.0	0.0	primary	optimal
riptide-20260916T042359Z	LC:A549/ATCC	riptide	EX_glyb_e	0.0	0.0	0.0	primary	optimal
riptide-20260916T042359Z	LC:A549/ATCC	riptide	EX_glyc3p_e	0.0	0.0	0.0	primary	optimal
riptide-20260916T042359Z	LC:A549/ATCC	riptide	EX_gmp_e	0.0	0.0	0.0	primary	optimal
riptide-20260916T042359Z	LC:A549/ATCC	riptide	EX_gthox_e	0.0	0.0	0.0	primary	optimal
riptide-20260916T042359Z	LC:A549/ATCC	riptide	EX_hcys__L_e	0.0	0.0	0.0	primary	optimal
riptide-20260916T042359Z	LC:A549/ATCC	riptide	EX_hom__L_e	0.0	0.0	0.0	primary	optimal
riptide-20260916T042359Z	LC:A549/ATCC	riptide	EX_hxan_e	0.0	0.0	0.0	primary	optimal
riptide-20260916T042359Z	LC:A549/ATCC	riptide	EX_icit_e	0.0	0.0	0.0	primary	optimal
riptide-20260916T042359Z	LC:A549/ATCC	riptide	EX_ile__L_e	-0.7102951745613533	-0.8558645074109901	-0.6989740048924951	primary	optimal
riptide-20260916T042359Z	LC:A549/ATCC	riptide	EX_imp_e	0.0	0.0	0.0	primary	optimal
riptide-20260916T042359Z	LC:A549/ATCC	riptide	EX_ins_e	0.0	0.0	0.0	primary	optimal
riptide-20260916T042359Z	LC:A549/ATCC	riptide	EX_lac__L_e	11.087186062411657	-1.0	17.98399638201322	primary	optimal
riptide-20260916T042359Z	LC:A549/ATCC	riptide	EX_lcts_e	0.0	0.0	0.0	primary	optimal
riptide-20260916T042359Z	LC:A549/ATCC	riptide	EX_leu__L_e	-1.3545161484312018	-1.632113433507667	-1.332926944836892	primary	optimal
riptide-20260916T042359Z	LC:A549/ATCC	riptide	EX_lys__L_e	-1.4701435167687498	-1.7714377090903215	-1.446711365197471	primary	optimal
riptide-20260916T042359Z	LC:A549/ATCC	riptide	EX_mal__L_e	0.0	0.0	0.0	primary	optimal
riptide-20260916T042359Z	LC:A549/ATCC	riptide	EX_met__L_e	-0.37992417110374177	-0.45778660083967404	-0.373868680152448	primary	optimal
riptide-20260916T042359Z	LC:A549/ATCC	riptide	EX_nac_e	2.1228436490444105e-13	0.0	1.0614218245222052e-12	primary	optimal
riptide-20260916T042359Z	LC:A549/ATCC	riptide	EX_ncam_e	0.0	0.0	0.0	primary	optimal
riptide-20260916T042359Z	LC:A549/ATCC	riptide	EX_nicrnt_e	0.0	0.0	0.0	primary	optimal
riptide-20260916T042359Z	LC:A549/ATCC	riptide	EX_orn_e	0.0	0.0	0.0	primary	optimal
riptide-20260916T042359Z	LC:A549/ATCC	riptide	EX_orot5p_e	0.0	0.0	0.0	primary	optimal
riptide-20260916T042359Z	LC:A549/ATCC	riptide	EX_orot_e	0.0	0.0	0.0	primary	optimal
riptide-20260916T042359Z	LC:A549/ATCC	riptide	EX_oxa_e	0.0	0.0	0.0	primary	optimal
riptide-20260916T042359Z	LC:A549/ATCC	riptide	EX_pep_e	0.0	0.0	0.0	primary	optimal
riptide-20260916T042359Z	LC:A549/ATCC	riptide	EX_phe__L_e	-0.6442209738697624	-0.7762489260967134	-0.6339529399445496	primary	optimal
riptide-20260916T042359Z	LC:A549/ATCC	riptide	EX_pnto__R_e	0.0	0.0	0.0	primary	optimal
riptide-20260916T042359Z	LC:A549/ATCC	riptide	EX_pro__L_e	-1.0241451449735033	-1.2340355269363883	-1.0078216200969976	primary	optimal
riptide-20260916T042359Z	LC:A549/ATCC	riptide	EX_quln_e	0.0	0.0	0.0	primary	optimal
riptide-20260916T042359Z	LC:A549/ATCC	riptide	EX_sbt__D_e	0.0	0.0	0.0	primary	optimal
riptide-20260916T042359Z	LC:A549/ATCC	riptide	EX_ser__L_e	-8.57769578314874	-10.0	-1.831314378101753	primary	optimal
riptide-20260916T042359Z	LC:A549/ATCC	riptide	EX_spmd_e	0.0	0.0	0.0	primary	optimal
riptide-20260916T042359Z	LC:A549/ATCC	riptide	EX_sprm_e	0.0	0.0	0.0	primary	optimal
riptide-20260916T042359Z	LC:A549/ATCC	riptide	EX_srtn_e	0.0	0.0	0.0	primary	optimal
riptide-20260916T042359Z	LC:A549/ATCC	riptide	EX_succ_e	8.731215771810547	6.614286147854079	10.94173481296767	primary	optimal
riptide-20260916T042359Z	LC:A549/ATCC	riptide	EX_sucr_e	0.0	0.0	0.0	primary	optimal
riptide-20260916T042359Z	LC:A549/ATCC	riptide	EX_taur_e	0.0	0.0	0.0	primary	optimal
riptide-20260916T042359Z	LC:A549/ATCC	riptide	EX_tchola_e	0.0	0.0	0.0	primary	optimal
riptide-20260916T042359Z	LC:A549/ATCC	riptide	EX_thr__L_e	-0.7763693752527487	-0.9354800887252164	-0.763995069840746	primary	optimal
riptide-20260916T042359Z	LC:A549/ATCC	riptide	EX_thym_e	0.0	0.0	0.0	primary	optimal
riptide-20260916T042359Z	LC:A549/ATCC	riptide	EX_thymd_e	0.0	0.0	0.0	primary	optimal
riptide-20260916T042359Z	LC:A549/ATCC	riptide	EX_trp__L_e	-0.03303710034586338	-0.03980779065706681	-0.03251053247407398	primary	optimal
riptide-20260916T042359Z	LC:A549/ATCC	riptide	EX_tyr__L_e	-0.39644272127664326	-0.4776904961682808	-0.3901239463895063	primary	optimal
riptide-20260916T042359Z	LC:A549/ATCC	riptide	EX_ump_e	0.0	0.0	0.0	primary	optimal
riptide-20260916T042359Z	LC:A549/ATCC	riptide	EX_ura_e	0.0	0.0	0.0	primary	optimal
riptide-20260916T042359Z	LC:A549/ATCC	riptide	EX_urate_e	0.0	0.0	0.0	primary	optimal
riptide-20260916T042359Z	LC:A549/ATCC	riptide	EX_uri_e	0.0	0.0	0.0	primary	optimal
riptide-20260916T042359Z	LC:A549/ATCC	riptide	EX_val__L_e	-0.8754781934175675	-1.0549004689792785	-0.8615242239639791	primary	optimal
riptide-20260916T042359Z	LC:A549/ATCC	riptide	EX_xan_e	0.0	0.0	0.0	primary	optimal
riptide-20260916T042359Z	LC:A549/ATCC	riptide	EX_xmp_e	0.0	0.0	0.0	primary	optimal
riptide-20260916T042359Z	LC:A549/ATCC	riptide	EX_xtsn_e	0.0	0.0	0.0	primary	optimal
riptide-20260916T042359Z	LC:EKVX	riptide	EX_2pg_e	0.0	0.0	0.0	primary	optimal
riptide-20260916T042359Z	LC:EKVX	riptide	EX_34hpp_e	0.0	0.0	0.0	primary	optimal
riptide-20260916T042359Z	LC:EKVX	riptide	EX_3hanthrn_e	0.0	0.0	0.0	primary	optimal
riptide-20260916T042359Z	LC:EKVX	riptide	EX_3pg_e	0.0	0.0	0.0	primary	optimal
riptide-20260916T042359Z	LC:EKVX	riptide	EX_4abut_e	0.0	0.0	0.0	primary	optimal
riptide-20260916T042359Z	LC:EKVX	riptide	EX_4hbz_e	0.0	0.0	0.0	primary	optimal
riptide-20260916T042359Z	LC:EKVX	riptide	EX_L2aadp_e	0.0	0.0	0.0	primary	optimal
riptide-20260916T042359Z	LC:EKVX	riptide	EX_Lkynr_e	0.0	0.0	0.0	primary	optimal
riptide-20260916T042359Z	LC:EKVX	riptide	EX_acac_e	0.0	0.0	0.0	primary	optimal
riptide-20260916T042359Z	LC:EKVX	riptide	EX_ade_e	0.0	0.0	0.0	primary	optimal
riptide-20260916T042359Z	LC:EKVX	riptide	EX_adn_e	0.0	0.0	0.0	primary	optimal
riptide-20260916T042359Z	LC:EKVX	riptide	EX_ahcys_e	0.0	0.0	0.0	primary	optimal
riptide-20260916T042359Z	LC:EKVX	riptide	EX_akg_e	0.0	0.0	0.0	primary	optimal
riptide-20260916T042359Z	LC:EKVX	riptide	EX_ala__L_e	6.91702516122594	0.5993092193917242	11.152174157048485	primary	optimal
riptide-20260916T042359Z	LC:EKVX	riptide	EX_amp_e	0.0	0.0	0.0	primary	optimal
riptide-20260916T042359Z	LC:EKVX	riptide	EX_anth_e	0.0	0.0	0.0	primary	optimal
riptide-20260916T042359Z	LC:EKVX	riptide	EX_arg__L_e	-0.8955638734057638	-1.0816816474173654	-0.8798921207293731	primary	optimal
riptide-20260916T042359Z	LC:EKVX	riptide	EX_asn__L_e	-7.109743349140555	-10.0	-3.4628553053986986	primary	optimal
riptide-20260916T042359Z	LC:EKVX	riptide	EX_asp__L_e	0.0	0.0	0.0	primary	optimal
riptide-20260916T042359Z	LC:EKVX	riptide	EX_bilirub_e	1.6736061176327311e-13	1.6736061176327311e-13	1.6736061176327311e-13	primary	optimal
riptide-20260916T042359Z	LC:EKVX	riptide	EX_cala_e	0.0	0.0	0.0	primary	optimal
riptide-20260916T042359Z	LC:EKVX	riptide	EX_chol_e	-1.6548858410852854	-2.0648728683923827	-0.5710310297059475	primary	optimal
riptide-20260916T042359Z	LC:EKVX	riptide	EX_cholp_e	0.0	0.0	0.0	primary	optimal
riptide-20260916T042359Z	LC:EKVX	riptide	EX_cit_e	0.0	0.0	0.0	primary	optimal
riptide-20260916T042359Z	LC:EKVX	riptide	EX_citr__L_e	0.0	0.0	0.0	primary	optimal
riptide-20260916T042359Z	LC:EKVX	riptide	EX_cmp_e	0.0	0.0	0.0	primary	optimal
riptide-20260916T042359Z	LC:EKVX	riptide	EX_crn_e	-1.2668909369627165e-16	-5.634381849972669e-13	2.5712765250318625e-13	primary	optimal
riptide-20260916T042359Z	LC:EKVX	riptide	EX_cyst__L_e	0.0	0.0	0.0	primary	optimal
riptide-20260916T042359Z	LC:EKVX	riptide	EX_cytd_e	0.0	0.0	0.0	primary	optimal
riptide-20260916T042359Z	LC:EKVX	riptide	EX_dad_2_e	0.0	0.0	0.0	primary	optimal
riptide-20260916T042359Z	LC:EKVX	riptide	EX_dcmp_e	0.0	0.0	0.0	primary	optimal
riptide-20260916T042359Z	LC:EKVX	riptide	EX_dcyt_e	0.0	0.0	0.0	primary	optimal
riptide-20260916T042359Z	LC:EKVX	riptide	EX_dhap_e	0.0	0.0	0.0	primary	optimal
riptide-20260916T042359Z	LC:EKVX	riptide	EX_dmgly_e	0.0	0.0	0.0	primary	optimal
riptide-20260916T042359Z	LC:EKVX	riptide	EX_duri_e	0.0	0.0	0.0	primary	optimal
riptide-20260916T042359Z	LC:EKVX	riptide	EX_ethamp_e	0.0	0.0	0.0	primary	optimal
riptide-20260916T042359Z	LC:EKVX	riptide	EX_fol_e	1.3855583347321954e-13	1.3855583347321954e-13	1.3855583347321954e-13	primary	optimal
riptide-20260916T042359Z	LC:EKVX	riptide	EX_fum_e	3.543490738364534	0.0	6.568905241445927	primary	optimal
riptide-20260916T042359Z	LC:EKVX	riptide	EX_g3pc_e	0.0	0.0	0.0	primary	optimal
riptide-20260916T042359Z	LC:EKVX	riptide	EX_glc__D_e	-10.0	-10.0	-3.8706374639324674	primary	optimal
riptide-20260916T042359Z	LC:EKVX	riptide	EX_glcur_e	0.0	0.0	0.0	primary	optimal
riptide-20260916T042359Z	LC:EKVX	riptide	EX_gln__L_e	-8.442928599195774	-10.0	-1.6327771554961366	primary	optimal
riptide-20260916T042359Z	LC:EKVX	riptide	EX_glu__L_e	-2.661039963182	-10.0	0.5526679030982684	primary	optimal
riptide-20260916T042359Z	LC:EKVX	riptide	EX_gly_e	-4.712185818291307	-5.885778412867555	-1.4611386768923074	primary	optimal
riptide-20260916T042359Z	LC:EKVX	riptide	EX_glyald_e	0.0	0.0	0.0	primary	optimal
riptide-20260916T042359Z	LC:EKVX	riptide	EX_glyb_e	0.0	0.0	0.0	primary	optimal
riptide-20260916T042359Z	LC:EKVX	riptide	EX_glyc3p_e	0.0	0.0	0.0	primary	optimal
riptide-20260916T042359Z	LC:EKVX	riptide	EX_gmp_e	0.0	0.0	0.0	primary	optimal
riptide-20260916T042359Z	LC:EKVX	riptide	EX_gthox_e	0.0	0.0	0.0	primary	optimal
riptide-20260916T042359Z	LC:EKVX	riptide	EX_hcys__L_e	0.0	0.0	0.0	primary	optimal
riptide-20260916T042359Z	LC:EKVX	riptide	EX_hom__L_e	0.0	0.0	0.0	primary	optimal
riptide-20260916T042359Z	LC:EKVX	riptide	EX_hxan_e	0.0	0.0	0.0	primary	optimal
riptide-20260916T042359Z	LC:EKVX	riptide	EX_icit_e	0.0	0.0	0.0	primary	optimal
riptide-20260916T042359Z	LC:EKVX	riptide	EX_ile__L_e	-0.713135672705516	-0.8613408738236392	-0.7006562882426124	primary	optimal
riptide-20260916T042359Z	LC:EKVX	riptide	EX_imp_e	0.0	0.0	0.0	primary	optimal
riptide-20260916T042359Z	LC:EKVX	riptide	EX_ins_e	0.0	0.0	0.0	primary	optimal
riptide-20260916T042359Z	LC:EKVX	riptide	EX_lac__L_e	10.88223148056105	-1.0	19.036101890526165	primary	optimal
riptide-20260916T042359Z	LC:EKVX	riptide	EX_lcts_e	0.0	0.0	0.0	primary	optimal
riptide-20260916T042359Z	LC:EKVX	riptide	EX_leu__L_e	-1.3599329114102465	-1.642556735117231	-1.3361350195157105	primary	optimal
riptide-20260916T042359Z	LC:EKVX	riptide	EX_lys__L_e	-1.4760226781099488	-1.7827724961834308	-1.4501932950329337	primary	optimal
riptide-20260916T042359Z	LC:EKVX	riptide	EX_mal__L_e	0.0	0.0	0.0	primary	optimal
riptide-20260916T042359Z	LC:EKVX	riptide	EX_met__L_e	-0.38144350270223015	-0.4607158111799354	-0.37476850339520595	primary	optimal
riptide-20260916T042359Z	LC:EKVX	riptide	EX_nac_e	1.065515164730865e-12	1.065515164730865e-12	2.13103032946173e-12	primary	optimal
riptide-20260916T042359Z	LC:EKVX	riptide	EX_ncam_e	0.0	0.0	0.0	primary	optimal
riptide-20260916T042359Z	LC:EKVX	riptide	EX_nicrnt_e	0.0	0.0	0.0	primary	optimal
riptide-20260916T042359Z	LC:EKVX	riptide	EX_orn_e	0.0	0.0	0.0	primary	optimal
riptide-20260916T042359Z	LC:EKVX	riptide	EX_orot5p_e	0.0	0.0	0.0	primary	optimal
riptide-20260916T042359Z	LC:EKVX	riptide	EX_orot_e	0.0	0.0	0.0	primary	optimal
riptide-20260916T042359Z	LC:EKVX	riptide	EX_oxa_e	0.0	0.0	0.0	primary	optimal
riptide-20260916T042359Z	LC:EKVX	riptide	EX_pep_e	0.0	0.0	0.0	primary	optimal
riptide-20260916T042359Z	LC:EKVX	riptide	EX_phe__L_e	-0.646797238704838	-0.7812158612948357	-0.635478731273059	primary	optimal
riptide-20260916T042359Z	LC:EKVX	riptide	EX_pnto__R_e	0.0	0.0	0.0	primary	optimal
riptide-20260916T042359Z	LC:EKVX	riptide	EX_pro__L_e	-1.028240741407068	-1.2419316724747702	-1.010247234668265	primary	optimal
riptide-20260916T042359Z	LC:EKVX	riptide	EX_quln_e	0.0	0.0	0.0	primary	optimal
riptide-20260916T042359Z	LC:EKVX	riptide	EX_sbt__D_e	0.0	0.0	0.0	primary	optimal
riptide-20260916T042359Z	LC:EKVX	riptide	EX_ser__L_e	-7.087895929636554	-10.0	-0.6006071929225646	primary	optimal
riptide-20260916T042359Z	LC:EKVX	riptide	EX_spmd_e	0.0	0.0	0.0	primary	optimal
riptide-20260916T042359Z	LC:EKVX	riptide	EX_sprm_e	0.0	0.0	0.0	primary	optimal
riptide-20260916T042359Z	LC:EKVX	riptide	EX_srtn_e	0.0	0.0	0.0	primary	optimal
riptide-20260916T042359Z	LC:EKVX	riptide	EX_succ_e	9.539453959535852	7.070174085217048	10.261953772718908	primary	optimal
riptide-20260916T042359Z	LC:EKVX	riptide	EX_sucr_e	0.0	0.0	0.0	primary	optimal
riptide-20260916T042359Z	LC:EKVX	riptide	EX_taur_e	0.0	0.0	0.0	primary	optimal
riptide-20260916T042359Z	LC:EKVX	riptide	EX_tchola_e	0.0	0.0	0.0	primary	optimal
riptide-20260916T042359Z	LC:EKVX	riptide	EX_thr__L_e	-0.7794741067061417	-0.9414658863522853	-0.7658338452119846	primary	optimal
riptide-20260916T042359Z	LC:EKVX	riptide	EX_thym_e	0.0	0.0	0.0	primary	optimal
riptide-20260916T042359Z	LC:EKVX	riptide	EX_thymd_e	0.0	0.0	0.0	primary	optimal
riptide-20260916T042359Z	LC:EKVX	riptide	EX_trp__L_e	-0.03316921700028169	-0.040062506264406945	-0.03258877848459285	primary	optimal
riptide-20260916T042359Z	LC:EKVX	riptide	EX_tyr__L_e	-0.3980281112024332	-0.48074706431222475	-0.3910628926377804	primary	optimal
riptide-20260916T042359Z	LC:EKVX	riptide	EX_ump_e	0.0	0.0	0.0	primary	optimal
riptide-20260916T042359Z	LC:EKVX	riptide	EX_ura_e	0.0	0.0	0.0	primary	optimal
riptide-20260916T042359Z	LC:EKVX	riptide	EX_urate_e	0.0	0.0	0.0	primary	optimal
riptide-20260916T042359Z	LC:EKVX	riptide	EX_uri_e	0.0	0.0	0.0	primary	optimal
riptide-20260916T042359Z	LC:EKVX	riptide	EX_val__L_e	-0.8789792649056336	-1.061650394285217	-0.8635977314870633	primary	optimal
riptide-20260916T042359Z	LC:EKVX	riptide	EX_xan_e	0.0	0.0	0.0	primary	optimal
riptide-20260916T042359Z	LC:EKVX	riptide	EX_xmp_e	0.0	0.0	0.0	primary	optimal
riptide-20260916T042359Z	LC:EKVX	riptide	EX_xtsn_e	0.0	0.0	0.0	primary	optimal
riptide-20260916T042359Z	LC:NCI-H322M	riptide	EX_2pg_e	0.0	0.0	0.0	primary	optimal
riptide-20260916T042359Z	LC:NCI-H322M	riptide	EX_34hpp_e	0.0	0.0	0.0	primary	optimal
riptide-20260916T042359Z	LC:NCI-H322M	riptide	EX_3hanthrn_e	0.0	0.0	0.0	primary	optimal
riptide-20260916T042359Z	LC:NCI-H322M	riptide	EX_3pg_e	0.0	0.0	0.0	primary	optimal
riptide-20260916T042359Z	LC:NCI-H322M	riptide	EX_4abut_e	0.0	0.0	0.0	primary	optimal
riptide-20260916T042359Z	LC:NCI-H322M	riptide	EX_4hbz_e	0.0	0.0	0.0	primary	optimal
riptide-20260916T042359Z	LC:NCI-H322M	riptide	EX_L2aadp_e	0.0	0.0	0.0	primary	optimal
riptide-20260916T042359Z	LC:NCI-H322M	riptide	EX_Lkynr_e	0.0	0.0	0.0	primary	optimal
riptide-20260916T042359Z	LC:NCI-H322M	riptide	EX_acac_e	0.0	0.0	0.0	primary	optimal
riptide-20260916T042359Z	LC:NCI-H322M	riptide	EX_ade_e	0.0	0.0	0.0	primary	optimal
riptide-20260916T042359Z	LC:NCI-H322M	riptide	EX_adn_e	0.0	0.0	0.0	primary	optimal
riptide-20260916T042359Z	LC:NCI-H322M	riptide	EX_ahcys_e	0.0	0.0	0.0	primary	optimal
riptide-20260916T042359Z	LC:NCI-H322M	riptide	EX_akg_e	0.0	0.0	0.0	primary	optimal
riptide-20260916T042359Z	LC:NCI-H322M	riptide	EX_ala__L_e	5.979436860444153	0.0	12.174902961254208	primary	optimal
riptide-20260916T042359Z	LC:NCI-H322M	riptide	EX_amp_e	0.0	0.0	0.0	primary	optimal
riptide-20260916T042359Z	LC:NCI-H322M	riptide	EX_anth_e	0.0	0.0	0.0	primary	optimal
riptide-20260916T042359Z	LC:NCI-H322M	riptide	EX_arg__L_e	-0.8917254413397817	-1.0723976674483033	-0.8786799457746	primary	optimal
riptide-20260916T042359Z	LC:NCI-H322M	riptide	EX_asn__L_e	-8.18890988857445	-10.0	-4.049070055046111	primary	optimal
riptide-20260916T042359Z	LC:NCI-H322M	riptide	EX_asp__L_e	0.0	0.0	0.0	primary	optimal
riptide-20260916T042359Z	LC:NCI-H322M	riptide	EX_bilirub_e	0.0	0.0	0.0	primary	optimal
riptide-20260916T042359Z	LC:NCI-H322M	riptide	EX_cala_e	0.0	0.0	0.0	primary	optimal
riptide-20260916T042359Z	LC:NCI-H322M	riptide	EX_chol_e	-0.9288927688229238	-2.0333149964481887	-0.5559877562583395	primary	optimal
riptide-20260916T042359Z	LC:NCI-H322M	riptide	EX_cholp_e	0.0	0.0	0.0	primary	optimal
riptide-20260916T042359Z	LC:NCI-H322M	riptide	EX_cit_e	0.0	0.0	0.0	primary	optimal
riptide-20260916T042359Z	LC:NCI-H322M	riptide	EX_citr__L_e	0.0	0.0	0.0	primary	optimal
riptide-20260916T042359Z	LC:NCI-H322M	riptide	EX_cmp_e	0.0	0.0	0.0	primary	optimal
riptide-20260916T042359Z	LC:NCI-H322M	riptide	EX_crn_e	5.351274978693255e-13	5.351274978693255e-13	6.574740751830177e-13	primary	optimal
riptide-20260916T042359Z	LC:NCI-H322M	riptide	EX_cyst__L_e	0.0	0.0	0.0	primary	optimal
riptide-20260916T042359Z	LC:NCI-H322M	riptide	EX_cytd_e	0.0	0.0	0.0	primary	optimal
riptide-20260916T042359Z	LC:NCI-H322M	riptide	EX_dad_2_e	0.0	0.0	0.0	primary	optimal
riptide-20260916T042359Z	LC:NCI-H322M	riptide	EX_dcmp_e	0.0	0.0	0.0	primary	optimal
riptide-20260916T042359Z	LC:NCI-H322M	riptide	EX_dcyt_e	0.0	0.0	0.0	primary	optimal
riptide-20260916T042359Z	LC:NCI-H322M	riptide	EX_dhap_e	0.0	0.0	0.0	primary	optimal
riptide-20260916T042359Z	LC:NCI-H322M	riptide	EX_dmgly_e	0.0	0.0	0.0	primary	optimal
riptide-20260916T042359Z	LC:NCI-H322M	riptide	EX_duri_e	0.0	0.0	0.0	primary	optimal
riptide-20260916T042359Z	LC:NCI-H322M	riptide	EX_ethamp_e	0.0	0.0	0.0	primary	optimal
riptide-20260916T042359Z	LC:NCI-H322M	riptide	EX_fol_e	0.0	0.0	0.0	primary	optimal
riptide-20260916T042359Z	LC:NCI-H322M	riptide	EX_fum_e	4.365408472086928	1.8669007005971645	6.388432355698773	primary	optimal
riptide-20260916T042359Z	LC:NCI-H322M	riptide	EX_g3pc_e	0.0	0.0	0.0	primary	optimal
riptide-20260916T042359Z	LC:NCI-H322M	riptide	EX_glc__D_e	-10.0	-10.0	-3.7525689733272163	primary	optimal
riptide-20260916T042359Z	LC:NCI-H322M	riptide	EX_glcur_e	0.0	0.0	0.0	primary	optimal
riptide-20260916T042359Z	LC:NCI-H322M	riptide	EX_gln__L_e	-6.843264051709722	-10.0	-1.6305277756797114	primary	optimal
riptide-20260916T042359Z	LC:NCI-H322M	riptide	EX_glu__L_e	-4.110978774849498	-10.0	0.0	primary	optimal
riptide-20260916T042359Z	LC:NCI-H322M	riptide	EX_gly_e	-2.421167406790928	-5.651570275104641	-1.3024523691006795	primary	optimal
riptide-20260916T042359Z	LC:NCI-H322M	riptide	EX_glyald_e	0.0	0.0	0.0	primary	optimal
riptide-20260916T042359Z	LC:NCI-H322M	riptide	EX_glyb_e	0.0	0.0	0.0	primary	optimal
riptide-20260916T042359Z	LC:NCI-H322M	riptide	EX_glyc3p_e	0.0	0.0	0.0	primary	optimal
riptide-20260916T042359Z	LC:NCI-H322M	riptide	EX_gmp_e	0.0	0.0	0.0	primary	optimal
riptide-20260916T042359Z	LC:NCI-H322M	riptide	EX_gthox_e	0.0	0.0	0.0	primary	optimal
riptide-20260916T042359Z	LC:NCI-H322M	riptide	EX_hcys__L_e	0.0	0.0	0.0	primary	optimal
riptide-20260916T042359Z	LC:NCI-H322M	riptide	EX_hom__L_e	0.0	0.0	0.0	primary	optimal
riptide-20260916T042359Z	LC:NCI-H322M	riptide	EX_hxan_e	0.0	0.0	0.0	primary	optimal
riptide-20260916T042359Z	LC:NCI-H322M	riptide	EX_icit_e	0.0	0.0	0.0	primary	optimal
riptide-20260916T042359Z	LC:NCI-H322M	riptide	EX_ile__L_e	-0.7100791371362511	-0.8539480596456235	-0.699691035816242	primary	optimal
riptide-20260916T042359Z	LC:NCI-H322M	riptide	EX_imp_e	0.0	0.0	0.0	primary	optimal
riptide-20260916T042359Z	LC:NCI-H322M	riptide	EX_ins_e	0.0	0.0	0.0	primary	optimal
riptide-20260916T042359Z	LC:NCI-H322M	riptide	EX_lac__L_e	10.525421048160553	-1.0	17.851083598347522	primary	optimal
riptide-20260916T042359Z	LC:NCI-H322M	riptide	EX_lcts_e	0.0	0.0	0.0	primary	optimal
riptide-20260916T042359Z	LC:NCI-H322M	riptide	EX_leu__L_e	-1.354104170155928	-1.6284588128043627	-1.3342943059000358	primary	optimal
riptide-20260916T042359Z	LC:NCI-H322M	riptide	EX_lys__L_e	-1.4696963702420023	-1.7674711141332542	-1.4481954501261978	primary	optimal
riptide-20260916T042359Z	LC:NCI-H322M	riptide	EX_mal__L_e	0.0	0.0	0.0	primary	optimal
riptide-20260916T042359Z	LC:NCI-H322M	riptide	EX_met__L_e	-0.3798086165548433	-0.4567615272437512	-0.37425220715491747	primary	optimal
riptide-20260916T042359Z	LC:NCI-H322M	riptide	EX_nac_e	-2.141324981329503e-13	-2.141324981329503e-13	0.0	primary	optimal
riptide-20260916T042359Z	LC:NCI-H322M	riptide	EX_ncam_e	0.0	0.0	0.0	primary	optimal
riptide-20260916T042359Z	LC:NCI-H322M	riptide	EX_nicrnt_e	0.0	0.0	0.0	primary	optimal
riptide-20260916T042359Z	LC:NCI-H322M	riptide	EX_orn_e	0.0	0.0	0.0	primary	optimal
riptide-20260916T042359Z	LC:NCI-H322M	riptide	EX_orot5p_e	0.0	0.0	0.0	primary	optimal
riptide-20260916T042359Z	LC:NCI-H322M	riptide	EX_orot_e	0.0	0.0	0.0	primary	optimal
riptide-20260916T042359Z	LC:NCI-H322M	riptide	EX_oxa_e	0.0	0.0	0.0	primary	optimal
riptide-20260916T042359Z	LC:NCI-H322M	riptide	EX_pep_e	0.0	0.0	0.0	primary	optimal
riptide-20260916T042359Z	LC:NCI-H322M	riptide	EX_phe__L_e	-0.644025033019604	-0.7745107531652585	-0.6346032700838915	primary	optimal
riptide-20260916T042359Z	LC:NCI-H322M	riptide	EX_pnto__R_e	0.0	0.0	0.0	primary	optimal
riptide-20260916T042359Z	LC:NCI-H322M	riptide	EX_pro__L_e	-1.0238336495729765	-1.2312722804090173	-1.0088554772389333	primary	optimal
riptide-20260916T042359Z	LC:NCI-H322M	riptide	EX_quln_e	0.0	0.0	0.0	primary	optimal
riptide-20260916T042359Z	LC:NCI-H322M	riptide	EX_sbt__D_e	0.0	0.0	0.0	primary	optimal
riptide-20260916T042359Z	LC:NCI-H322M	riptide	EX_ser__L_e	-7.865638026484593	-10.0	-1.396740907973857	primary	optimal
riptide-20260916T042359Z	LC:NCI-H322M	riptide	EX_spmd_e	0.0	0.0	0.0	primary	optimal
riptide-20260916T042359Z	LC:NCI-H322M	riptide	EX_sprm_e	0.0	0.0	0.0	primary	optimal
riptide-20260916T042359Z	LC:NCI-H322M	riptide	EX_srtn_e	0.0	0.0	0.0	primary	optimal
riptide-20260916T042359Z	LC:NCI-H322M	riptide	EX_succ_e	9.072602060125671	7.010740377444715	11.036395660571968	primary	optimal
riptide-20260916T042359Z	LC:NCI-H322M	riptide	EX_sucr_e	0.0	0.0	0.0	primary	optimal
riptide-20260916T042359Z	LC:NCI-H322M	riptide	EX_taur_e	0.0	0.0	0.0	primary	optimal
riptide-20260916T042359Z	LC:NCI-H322M	riptide	EX_tchola_e	0.0	0.0	0.0	primary	optimal
riptide-20260916T042359Z	LC:NCI-H322M	riptide	EX_thr__L_e	-0.7761332412529116	-0.9333853661260212	-0.7647788015483776	primary	optimal
riptide-20260916T042359Z	LC:NCI-H322M	riptide	EX_thym_e	0.0	0.0	0.0	primary	optimal
riptide-20260916T042359Z	LC:NCI-H322M	riptide	EX_thymd_e	0.0	0.0	0.0	primary	optimal
riptide-20260916T042359Z	LC:NCI-H322M	riptide	EX_trp__L_e	-0.0330270520583289	-0.039718653240246746	-0.03254388286626053	primary	optimal
riptide-20260916T042359Z	LC:NCI-H322M	riptide	EX_tyr__L_e	-0.39632214258403486	-0.47662085386389885	-0.39052414858821827	primary	optimal
riptide-20260916T042359Z	LC:NCI-H322M	riptide	EX_ump_e	0.0	0.0	0.0	primary	optimal
riptide-20260916T042359Z	LC:NCI-H322M	riptide	EX_ura_e	0.0	0.0	0.0	primary	optimal
riptide-20260916T042359Z	LC:NCI-H322M	riptide	EX_urate_e	0.0	0.0	0.0	primary	optimal
riptide-20260916T042359Z	LC:NCI-H322M	riptide	EX_uri_e	0.0	0.0	0.0	primary	optimal
riptide-20260916T042359Z	LC:NCI-H322M	riptide	EX_val__L_e	-0.8752119153106284	-1.052538340828288	-0.8624080043416029	primary	optimal
riptide-20260916T042359Z	LC:NCI-H322M	riptide	EX_xan_e	0.0	0.0	0.0	primary	optimal
riptide-20260916T042359Z	LC:NCI-H322M	riptide	EX_xmp_e	0.0	0.0	0.0	primary	optimal
riptide-20260916T042359Z	LC:NCI-H322M	riptide	EX_xtsn_e	0.0	0.0	0.0	primary	optimal
riptide-20260916T042359Z	LC:NCI-H460	riptide	EX_2pg_e	0.0	0.0	0.0	primary	optimal
riptide-20260916T042359Z	LC:NCI-H460	riptide	EX_34hpp_e	0.0	0.0	0.0	primary	optimal
riptide-20260916T042359Z	LC:NCI-H460	riptide	EX_3hanthrn_e	0.0	0.0	0.0	primary	optimal
riptide-20260916T042359Z	LC:NCI-H460	riptide	EX_3pg_e	0.0	0.0	0.0	primary	optimal
riptide-20260916T042359Z	LC:NCI-H460	riptide	EX_4abut_e	0.0	0.0	0.0	primary	optimal
riptide-20260916T042359Z	LC:NCI-H460	riptide	EX_4hbz_e	0.0	0.0	0.0	primary	optimal
riptide-20260916T042359Z	LC:NCI-H460	riptide	EX_L2aadp_e	0.0	0.0	0.0	primary	optimal
riptide-20260916T042359Z	LC:NCI-H460	riptide	EX_Lkynr_e	0.0	0.0	0.0	primary	optimal
riptide-20260916T042359Z	LC:NCI-H460	riptide	EX_acac_e	0.0	0.0	0.0	primary	optimal
riptide-20260916T042359Z	LC:NCI-H460	riptide	EX_ade_e	0.0	0.0	0.0	primary	optimal
riptide-20260916T042359Z	LC:NCI-H460	riptide	EX_adn_e	0.0	0.0	0.0	primary	optimal
riptide-20260916T042359Z	LC:NCI-H460	riptide	EX_ahcys_e	0.0	0.0	0.0	primary	optimal
riptide-20260916T042359Z	LC:NCI-H460	riptide	EX_akg_e	0.0	0.0	0.0	primary	optimal
riptide-20260916T042359Z	LC:NCI-H460	riptide	EX_ala__L_e	7.172700318718558	0.3411418394293499	11.148500090324253	primary	optimal
riptide-20260916T042359Z	LC:NCI-H460	riptide	EX_amp_e	0.0	0.0	0.0	primary	optimal
riptide-20260916T042359Z	LC:NCI-H460	riptide	EX_anth_e	0.0	0.0	0.0	primary	optimal
riptide-20260916T042359Z	LC:NCI-H460	riptide	EX_arg__L_e	-0.898823565341873	-1.0762884073871704	-0.877779490200906	primary	optimal
riptide-20260916T042359Z	LC:NCI-H460	riptide	EX_asn__L_e	-6.933545572085744	-10.0	-3.6000869318033724	primary	optimal
riptide-20260916T042359Z	LC:NCI-H460	riptide	EX_asp__L_e	0.0	0.0	0.0	primary	optimal
riptide-20260916T042359Z	LC:NCI-H460	riptide	EX_bilirub_e	0.0	0.0	0.0	primary	optimal
riptide-20260916T042359Z	LC:NCI-H460	riptide	EX_cala_e	0.0	0.0	0.0	primary	optimal
riptide-20260916T042359Z	LC:NCI-H460	riptide	EX_chol_e	-1.536807389084661	-2.0462956339165124	-0.5592729716323694	primary	optimal
riptide-20260916T042359Z	LC:NCI-H460	riptide	EX_cholp_e	0.0	0.0	0.0	primary	optimal
riptide-20260916T042359Z	LC:NCI-H460	riptide	EX_cit_e	0.0	0.0	0.0	primary	optimal
riptide-20260916T042359Z	LC:NCI-H460	riptide	EX_citr__L_e	0.0	0.0	0.0	primary	optimal
riptide-20260916T042359Z	LC:NCI-H460	riptide	EX_cmp_e	0.0	0.0	0.0	primary	optimal
riptide-20260916T042359Z	LC:NCI-H460	riptide	EX_crn_e	-3.885780586188048e-14	-3.885780586188048e-14	-3.885780586188048e-14	primary	optimal
riptide-20260916T042359Z	LC:NCI-H460	riptide	EX_cyst__L_e	0.0	0.0	0.0	primary	optimal
riptide-20260916T042359Z	LC:NCI-H460	riptide	EX_cytd_e	0.0	0.0	0.0	primary	optimal
riptide-20260916T042359Z	LC:NCI-H460	riptide	EX_dad_2_e	0.0	0.0	0.0	primary	optimal
riptide-20260916T042359Z	LC:NCI-H460	riptide	EX_dcmp_e	0.0	0.0	0.0	primary	optimal
riptide-20260916T042359Z	LC:NCI-H460	riptide	EX_dcyt_e	0.0	0.0	0.0	primary	optimal
riptide-20260916T042359Z	LC:NCI-H460	riptide	EX_dhap_e	0.0	0.0	0.0	primary	optimal
riptide-20260916T042359Z	LC:NCI-H460	riptide	EX_dmgly_e	0.0	0.0	0.0	primary	optimal
riptide-20260916T042359Z	LC:NCI-H460	riptide	EX_duri_e	0.0	0.0	0.0	primary	optimal
riptide-20260916T042359Z	LC:NCI-H460	riptide	EX_ethamp_e	0.0	0.0	0.0	primary	optimal
riptide-20260916T042359Z	LC:NCI-H460	riptide	EX_fol_e	-3.1796787425264483e-13	-4.654054919228656e-13	-3.1796787425264483e-13	primary	optimal
riptide-20260916T042359Z	LC:NCI-H460	riptide	EX_fum_e	3.1839339865265663	0.0	6.433206599679854	primary	optimal
riptide-20260916T042359Z	LC:NCI-H460	riptide	EX_g3pc_e	0.0	0.0	0.0	primary	optimal
riptide-20260916T042359Z	LC:NCI-H460	riptide	EX_glc__D_e	-10.0	-10.0	-3.7306784427254973	primary	optimal
riptide-20260916T042359Z	LC:NCI-H460	riptide	EX_glcur_e	0.0	0.0	0.0	primary	optimal
riptide-20260916T042359Z	LC:NCI-H460	riptide	EX_gln__L_e	-7.8513536503867645	-10.0	-1.6288568398334728	primary	optimal
riptide-20260916T042359Z	LC:NCI-H460	riptide	EX_glu__L_e	-3.2228116679879752	-10.0	0.40656483235108415	primary	optimal
riptide-20260916T042359Z	LC:NCI-H460	riptide	EX_gly_e	-4.3410338386763705	-5.832825280829833	-1.4247249103002528	primary	optimal
riptide-20260916T042359Z	LC:NCI-H460	riptide	EX_glyald_e	0.0	0.0	0.0	primary	optimal
riptide-20260916T042359Z	LC:NCI-H460	riptide	EX_glyb_e	0.0	0.0	0.0	primary	optimal
riptide-20260916T042359Z	LC:NCI-H460	riptide	EX_glyc3p_e	0.0	0.0	0.0	primary	optimal
riptide-20260916T042359Z	LC:NCI-H460	riptide	EX_gmp_e	0.0	0.0	0.0	primary	optimal
riptide-20260916T042359Z	LC:NCI-H460	riptide	EX_gthox_e	0.0	0.0	0.0	primary	optimal
riptide-20260916T042359Z	LC:NCI-H460	riptide	EX_hcys__L_e	0.0	0.0	0.0	primary	optimal
riptide-20260916T042359Z	LC:NCI-H460	riptide	EX_hom__L_e	0.0	0.0	0.0	primary	optimal
riptide-20260916T042359Z	LC:NCI-H460	riptide	EX_hxan_e	0.0	0.0	0.0	primary	optimal
riptide-20260916T042359Z	LC:NCI-H460	riptide	EX_icit_e	0.0	0.0	0.0	primary	optimal
riptide-20260916T042359Z	LC:NCI-H460	riptide	EX_ile__L_e	-0.7157313586982559	-0.8570462478667505	-0.6989740048927384	primary	optimal
riptide-20260916T042359Z	LC:NCI-H460	riptide	EX_imp_e	0.0	0.0	0.0	primary	optimal
riptide-20260916T042359Z	LC:NCI-H460	riptide	EX_ins_e	0.0	0.0	0.0	primary	optimal
riptide-20260916T042359Z	LC:NCI-H460	riptide	EX_lac__L_e	10.501491749583138	-0.8863977698150343	19.054897073481467	primary	optimal
riptide-20260916T042359Z	LC:NCI-H460	riptide	EX_lcts_e	0.0	0.0	0.0	primary	optimal
riptide-20260916T042359Z	LC:NCI-H460	riptide	EX_leu__L_e	-1.364882823393005	-1.6343669846895421	-1.3329269448371903	primary	optimal
riptide-20260916T042359Z	LC:NCI-H460	riptide	EX_lys__L_e	-1.4813951360263937	-1.7738836331668575	-1.4467113651974746	primary	optimal
riptide-20260916T042359Z	LC:NCI-H460	riptide	EX_mal__L_e	0.0	0.0	0.0	primary	optimal
riptide-20260916T042359Z	LC:NCI-H460	riptide	EX_met__L_e	-0.3828318886641471	-0.45841869265032104	-0.3738686801524498	primary	optimal
riptide-20260916T042359Z	LC:NCI-H460	riptide	EX_nac_e	-2.2177452959058548e-13	-1.1088726479529273e-12	-2.2177452959058548e-13	primary	optimal
riptide-20260916T042359Z	LC:NCI-H460	riptide	EX_ncam_e	0.0	0.0	0.0	primary	optimal
riptide-20260916T042359Z	LC:NCI-H460	riptide	EX_nicrnt_e	0.0	0.0	0.0	primary	optimal
riptide-20260916T042359Z	LC:NCI-H460	riptide	EX_orn_e	0.0	0.0	0.0	primary	optimal
riptide-20260916T042359Z	LC:NCI-H460	riptide	EX_orot5p_e	0.0	0.0	0.0	primary	optimal
riptide-20260916T042359Z	LC:NCI-H460	riptide	EX_orot_e	0.0	0.0	0.0	primary	optimal
riptide-20260916T042359Z	LC:NCI-H460	riptide	EX_oxa_e	0.0	0.0	0.0	primary	optimal
riptide-20260916T042359Z	LC:NCI-H460	riptide	EX_pep_e	0.0	0.0	0.0	primary	optimal
riptide-20260916T042359Z	LC:NCI-H460	riptide	EX_phe__L_e	-0.6491514646912888	-0.7773207368231718	-0.6339529399445514	primary	optimal
riptide-20260916T042359Z	LC:NCI-H460	riptide	EX_pnto__R_e	0.0	0.0	0.0	primary	optimal
riptide-20260916T042359Z	LC:NCI-H460	riptide	EX_pro__L_e	-1.0319833533554368	-1.2357394294739452	-1.0078216200969994	primary	optimal
riptide-20260916T042359Z	LC:NCI-H460	riptide	EX_quln_e	0.0	0.0	0.0	primary	optimal
riptide-20260916T042359Z	LC:NCI-H460	riptide	EX_sbt__D_e	0.0	0.0	0.0	primary	optimal
riptide-20260916T042359Z	LC:NCI-H460	riptide	EX_ser__L_e	-7.5689755403966705	-10.0	-0.7187211251629871	primary	optimal
riptide-20260916T042359Z	LC:NCI-H460	riptide	EX_spmd_e	0.0	0.0	0.0	primary	optimal
riptide-20260916T042359Z	LC:NCI-H460	riptide	EX_sprm_e	0.0	0.0	0.0	primary	optimal
riptide-20260916T042359Z	LC:NCI-H460	riptide	EX_srtn_e	0.0	0.0	0.0	primary	optimal
riptide-20260916T042359Z	LC:NCI-H460	riptide	EX_succ_e	9.42713303813436	7.0851570687926	10.286708577257139	primary	optimal
riptide-20260916T042359Z	LC:NCI-H460	riptide	EX_sucr_e	0.0	0.0	0.0	primary	optimal
riptide-20260916T042359Z	LC:NCI-H460	riptide	EX_taur_e	0.0	0.0	0.0	primary	optimal
riptide-20260916T042359Z	LC:NCI-H460	riptide	EX_tchola_e	0.0	0.0	0.0	primary	optimal
riptide-20260916T042359Z	LC:NCI-H460	riptide	EX_thr__L_e	-0.7823112527048597	-0.9367717589097272	-0.763995069840604	primary	optimal
riptide-20260916T042359Z	LC:NCI-H460	riptide	EX_thym_e	0.0	0.0	0.0	primary	optimal
riptide-20260916T042359Z	LC:NCI-H460	riptide	EX_thymd_e	0.0	0.0	0.0	primary	optimal
riptide-20260916T042359Z	LC:NCI-H460	riptide	EX_trp__L_e	-0.03328994700333254	-0.0398627555217157	-0.032510532474214315	primary	optimal
riptide-20260916T042359Z	LC:NCI-H460	riptide	EX_tyr__L_e	-0.39947686216577427	-0.4783500704111787	-0.3901239463894033	primary	optimal
riptide-20260916T042359Z	LC:NCI-H460	riptide	EX_ump_e	0.0	0.0	0.0	primary	optimal
riptide-20260916T042359Z	LC:NCI-H460	riptide	EX_ura_e	0.0	0.0	0.0	primary	optimal
riptide-20260916T042359Z	LC:NCI-H460	riptide	EX_urate_e	0.0	0.0	0.0	primary	optimal
riptide-20260916T042359Z	LC:NCI-H460	riptide	EX_uri_e	0.0	0.0	0.0	primary	optimal
riptide-20260916T042359Z	LC:NCI-H460	riptide	EX_val__L_e	-0.8821785918401837	-1.0563570296263707	-0.8615242239640253	primary	optimal
riptide-20260916T042359Z	LC:NCI-H460	riptide	EX_xan_e	0.0	0.0	0.0	primary	optimal
riptide-20260916T042359Z	LC:NCI-H460	riptide	EX_xmp_e	0.0	0.0	0.0	primary	optimal
riptide-20260916T042359Z	LC:NCI-H460	riptide	EX_xtsn_e	0.0	0.0	0.0	primary	optimal
riptide-20260916T042359Z	LC:NCI-H522	riptide	EX_2pg_e	0.0	0.0	0.0	primary	optimal
riptide-20260916T042359Z	LC:NCI-H522	riptide	EX_34hpp_e	0.0	0.0	0.0	primary	optimal
riptide-20260916T042359Z	LC:NCI-H522	riptide	EX_3hanthrn_e	0.0	0.0	0.0	primary	optimal
riptide-20260916T042359Z	LC:NCI-H522	riptide	EX_3pg_e	0.0	0.0	0.0	primary	optimal
riptide-20260916T042359Z	LC:NCI-H522	riptide	EX_4abut_e	0.0	0.0	0.0	primary	optimal
riptide-20260916T042359Z	LC:NCI-H522	riptide	EX_4hbz_e	0.0	0.0	0.0	primary	optimal
riptide-20260916T042359Z	LC:NCI-H522	riptide	EX_L2aadp_e	0.0	0.0	0.0	primary	optimal
riptide-20260916T042359Z	LC:NCI-H522	riptide	EX_Lkynr_e	0.0	0.0	0.0	primary	optimal
riptide-20260916T042359Z	LC:NCI-H522	riptide	EX_acac_e	0.0	0.0	0.0	primary	optimal
riptide-20260916T042359Z	LC:NCI-H522	riptide	EX_ade_e	0.0	0.0	0.0	primary	optimal
riptide-20260916T042359Z	LC:NCI-H522	riptide	EX_adn_e	0.0	0.0	0.0	primary	optimal
riptide-20260916T042359Z	LC:NCI-H522	riptide	EX_ahcys_e	0.0	0.0	0.0	primary	optimal
riptide-20260916T042359Z	LC:NCI-H522	riptide	EX_akg_e	0.0	0.0	0.0	primary	optimal
riptide-20260916T042359Z	LC:NCI-H522	riptide	EX_ala__L_e	1.9844612138442774	0.0	3.8488096565889753	primary	optimal
riptide-20260916T042359Z	LC:NCI-H522	riptide	EX_amp_e	0.0	0.0	0.0	primary	optimal
riptide-20260916T042359Z	LC:NCI-H522	riptide	EX_anth_e	0.0	0.0	0.0	primary	optimal
riptide-20260916T042359Z	LC:NCI-H522	riptide	EX_arg__L_e	-0.8730532342727424	-1.051414808947568	-0.8589900352663538	primary	optimal
riptide-20260916T042359Z	LC:NCI-H522	riptide	EX_asn__L_e	-6.199530385085939	-9.147962611923216	-2.8096197597463703	primary	optimal
riptide-20260916T042359Z	LC:NCI-H522	riptide	EX_asp__L_e	0.0	0.0	0.0	primary	optimal
riptide-20260916T042359Z	LC:NCI-H522	riptide	EX_bilirub_e	0.0	0.0	0.0	primary	optimal
riptide-20260916T042359Z	LC:NCI-H522	riptide	EX_cala_e	0.0	0.0	0.0	primary	optimal
riptide-20260916T042359Z	LC:NCI-H522	riptide	EX_chol_e	-1.6714476101606728	-2.012918228483342	-1.6445238219563159	primary	optimal
riptide-20260916T042359Z	LC:NCI-H522	riptide	EX_cholp_e	0.0	0.0	0.0	primary	optimal
riptide-20260916T042359Z	LC:NCI-H522	riptide	EX_cit_e	0.04249348342298503	0.04180899559557097	0.05117474628249989	primary	optimal
riptide-20260916T042359Z	LC:NCI-H522	riptide	EX_citr__L_e	0.0	0.0	0.0	primary	optimal
riptide-20260916T042359Z	LC:NCI-H522	riptide	EX_cmp_e	0.0	0.0	0.0	primary	optimal
riptide-20260916T042359Z	LC:NCI-H522	riptide	EX_crn_e	0.0	0.0	0.0	primary	optimal
riptide-20260916T042359Z	LC:NCI-H522	riptide	EX_cyst__L_e	0.0	0.0	0.0	primary	optimal
riptide-20260916T042359Z	LC:NCI-H522	riptide	EX_cytd_e	0.0	0.0	0.0	primary	optimal
riptide-20260916T042359Z	LC:NCI-H522	riptide	EX_dad_2_e	0.0	0.0	0.0	primary	optimal
riptide-20260916T042359Z	LC:NCI-H522	riptide	EX_dcmp_e	0.0	0.0	0.0	primary	optimal
riptide-20260916T042359Z	LC:NCI-H522	riptide	EX_dcyt_e	0.0	0.0	0.0	primary	optimal
riptide-20260916T042359Z	LC:NCI-H522	riptide	EX_dhap_e	0.0	0.0	0.0	primary	optimal
riptide-20260916T042359Z	LC:NCI-H522	riptide	EX_dmgly_e	0.0	0.0	0.0	primary	optimal
riptide-20260916T042359Z	LC:NCI-H522	riptide	EX_duri_e	0.0	0.0	0.0	primary	optimal
riptide-20260916T042359Z	LC:NCI-H522	riptide	EX_ethamp_e	0.0	0.0	0.0	primary	optimal
riptide-20260916T042359Z	LC:NCI-H522	riptide	EX_fol_e	0.0	0.0	0.0	primary	optimal
riptide-20260916T042359Z	LC:NCI-H522	riptide	EX_fum_e	3.5047778949835466	0.0	9.168610499468649	primary	optimal
riptide-20260916T042359Z	LC:NCI-H522	riptide	EX_g3pc_e	0.0	0.0	0.0	primary	optimal
riptide-20260916T042359Z	LC:NCI-H522	riptide	EX_glc__D_e	-8.383888603304232	-10.0	-4.835477579782025	primary	optimal
riptide-20260916T042359Z	LC:NCI-H522	riptide	EX_glcur_e	0.0	0.0	0.0	primary	optimal
riptide-20260916T042359Z	LC:NCI-H522	riptide	EX_gln__L_e	-8.201173072716092	-10.0	-6.448091304057288	primary	optimal
riptide-20260916T042359Z	LC:NCI-H522	riptide	EX_glu__L_e	0.0	0.0	0.0	primary	optimal
riptide-20260916T042359Z	LC:NCI-H522	riptide	EX_gly_e	-4.764346712435865	-5.737685277110007	-4.68760230175273	primary	optimal
riptide-20260916T042359Z	LC:NCI-H522	riptide	EX_glyald_e	0.0	0.0	0.0	primary	optimal
riptide-20260916T042359Z	LC:NCI-H522	riptide	EX_glyb_e	0.0	0.0	0.0	primary	optimal
riptide-20260916T042359Z	LC:NCI-H522	riptide	EX_glyc3p_e	0.0	0.0	0.0	primary	optimal
riptide-20260916T042359Z	LC:NCI-H522	riptide	EX_gmp_e	0.0	0.0	0.0	primary	optimal
riptide-20260916T042359Z	LC:NCI-H522	riptide	EX_gthox_e	0.0	0.0	0.0	primary	optimal
riptide-20260916T042359Z	LC:NCI-H522	riptide	EX_hcys__L_e	0.0	0.0	0.0	primary	optimal
riptide-20260916T042359Z	LC:NCI-H522	riptide	EX_hom__L_e	0.0	0.0	0.0	primary	optimal
riptide-20260916T042359Z	LC:NCI-H522	riptide	EX_hxan_e	0.0	0.0	0.0	primary	optimal
riptide-20260916T042359Z	LC:NCI-H522	riptide	EX_icit_e	0.0	0.0	0.0	primary	optimal
riptide-20260916T042359Z	LC:NCI-H522	riptide	EX_ile__L_e	-0.6952104970057273	-0.8372394525248986	-0.6840120005259056	primary	optimal
riptide-20260916T042359Z	LC:NCI-H522	riptide	EX_imp_e	0.0	0.0	0.0	primary	optimal
riptide-20260916T042359Z	LC:NCI-H522	riptide	EX_ins_e	0.0	0.0	0.0	primary	optimal
riptide-20260916T042359Z	LC:NCI-H522	riptide	EX_lac__L_e	4.792664634005098	-1.0	12.732905211656183	primary	optimal
riptide-20260916T042359Z	LC:NCI-H522	riptide	EX_lcts_e	0.0	0.0	0.0	primary	optimal
riptide-20260916T042359Z	LC:NCI-H522	riptide	EX_leu__L_e	-1.3257500240441158	-1.5965958930382536	-1.3043947553286532	primary	optimal
riptide-20260916T042359Z	LC:NCI-H522	riptide	EX_lys__L_e	-1.438921791343792	-1.7328882374469516	-1.415743544345922	primary	optimal
riptide-20260916T042359Z	LC:NCI-H522	riptide	EX_mal__L_e	2.127951578620353	0.0	6.5803546029320135	primary	optimal
riptide-20260916T042359Z	LC:NCI-H522	riptide	EX_met__L_e	-0.37185564716903224	-0.4478243924610095	-0.3658657719100109	primary	optimal
riptide-20260916T042359Z	LC:NCI-H522	riptide	EX_nac_e	1.3309233503036422e-12	1.3309233503036422e-12	1.3309233503036422e-12	primary	optimal
riptide-20260916T042359Z	LC:NCI-H522	riptide	EX_ncam_e	0.0	0.0	0.0	primary	optimal
riptide-20260916T042359Z	LC:NCI-H522	riptide	EX_nicrnt_e	0.0	0.0	0.0	primary	optimal
riptide-20260916T042359Z	LC:NCI-H522	riptide	EX_orn_e	0.0	0.0	0.0	primary	optimal
riptide-20260916T042359Z	LC:NCI-H522	riptide	EX_orot5p_e	0.0	0.0	0.0	primary	optimal
riptide-20260916T042359Z	LC:NCI-H522	riptide	EX_orot_e	0.0	0.0	0.0	primary	optimal
riptide-20260916T042359Z	LC:NCI-H522	riptide	EX_oxa_e	0.0	0.0	0.0	primary	optimal
riptide-20260916T042359Z	LC:NCI-H522	riptide	EX_pep_e	0.0	0.0	0.0	primary	optimal
riptide-20260916T042359Z	LC:NCI-H522	riptide	EX_phe__L_e	-0.6305395270383883	-0.759356440512148	-0.6203827548027228	primary	optimal
riptide-20260916T042359Z	LC:NCI-H522	riptide	EX_pnto__R_e	0.0	0.0	0.0	primary	optimal
riptide-20260916T042359Z	LC:NCI-H522	riptide	EX_pro__L_e	-1.0023951742074204	-1.2071808329731575	-0.9862485267127319	primary	optimal
riptide-20260916T042359Z	LC:NCI-H522	riptide	EX_quln_e	0.0	0.0	0.0	primary	optimal
riptide-20260916T042359Z	LC:NCI-H522	riptide	EX_sbt__D_e	0.0	0.0	0.0	primary	optimal
riptide-20260916T042359Z	LC:NCI-H522	riptide	EX_ser__L_e	-8.878069244328469	-10.0	-5.47612809148944	primary	optimal
riptide-20260916T042359Z	LC:NCI-H522	riptide	EX_spmd_e	0.0	0.0	0.0	primary	optimal
riptide-20260916T042359Z	LC:NCI-H522	riptide	EX_sprm_e	0.0	0.0	0.0	primary	optimal
riptide-20260916T042359Z	LC:NCI-H522	riptide	EX_srtn_e	0.0	0.0	0.0	primary	optimal
riptide-20260916T042359Z	LC:NCI-H522	riptide	EX_succ_e	5.467419041658139	2.9670011689539675	7.146442199197781	primary	optimal
riptide-20260916T042359Z	LC:NCI-H522	riptide	EX_sucr_e	0.0	0.0	0.0	primary	optimal
riptide-20260916T042359Z	LC:NCI-H522	riptide	EX_taur_e	0.0	0.0	0.0	primary	optimal
riptide-20260916T042359Z	LC:NCI-H522	riptide	EX_tchola_e	0.0	0.0	0.0	primary	optimal
riptide-20260916T042359Z	LC:NCI-H522	riptide	EX_thr__L_e	-0.7598814669730665	-0.915122464537719	-0.7476412462490796	primary	optimal
riptide-20260916T042359Z	LC:NCI-H522	riptide	EX_thym_e	0.0	0.0	0.0	primary	optimal
riptide-20260916T042359Z	LC:NCI-H522	riptide	EX_thymd_e	0.0	0.0	0.0	primary	optimal
riptide-20260916T042359Z	LC:NCI-H522	riptide	EX_trp__L_e	-0.03233548498366952	-0.0389415060064636	-0.03181462286165093	primary	optimal
riptide-20260916T042359Z	LC:NCI-H522	riptide	EX_tyr__L_e	-0.38802338966086697	-0.4672951454642429	-0.38177308334080884	primary	optimal
riptide-20260916T042359Z	LC:NCI-H522	riptide	EX_ump_e	0.0	0.0	0.0	primary	optimal
riptide-20260916T042359Z	LC:NCI-H522	riptide	EX_ura_e	0.0	0.0	0.0	primary	optimal
riptide-20260916T042359Z	LC:NCI-H522	riptide	EX_urate_e	0.0	0.0	0.0	primary	optimal
riptide-20260916T042359Z	LC:NCI-H522	riptide	EX_uri_e	0.0	0.0	0.0	primary	optimal
riptide-20260916T042359Z	LC:NCI-H522	riptide	EX_val__L_e	-0.8568854917809077	-1.0319440559443072	-0.8430827238355771	primary	optimal
riptide-20260916T042359Z	LC:NCI-H522	riptide	EX_xan_e	0.0	0.0	0.0	primary	optimal
riptide-20260916T042359Z	LC:NCI-H522	riptide	EX_xmp_e	0.0	0.0	0.0	primary	optimal
riptide-20260916T042359Z	LC:NCI-H522	riptide	EX_xtsn_e	0.0	0.0	0.0	primary	optimal
riptide-20260916T042359Z	LE:CCRF-CEM	riptide	EX_2pg_e	0.0	0.0	0.0	primary	optimal
riptide-20260916T042359Z	LE:CCRF-CEM	riptide	EX_34hpp_e	0.0	0.0	0.0	primary	optimal
riptide-20260916T042359Z	LE:CCRF-CEM	riptide	EX_3hanthrn_e	0.0	0.0	0.0	primary	optimal
riptide-20260916T042359Z	LE:CCRF-CEM	riptide	EX_3pg_e	0.0	0.0	0.0	primary	optimal
riptide-20260916T042359Z	LE:CCRF-CEM	riptide	EX_4abut_e	0.0	0.0	0.0	primary	optimal
riptide-20260916T042359Z	LE:CCRF-CEM	riptide	EX_4hbz_e	0.0	0.0	0.0	primary	optimal
riptide-20260916T042359Z	LE:CCRF-CEM	riptide	EX_L2aadp_e	0.0	0.0	0.0	primary	optimal
riptide-20260916T042359Z	LE:CCRF-CEM	riptide	EX_Lkynr_e	0.0	0.0	0.0	primary	optimal
riptide-20260916T042359Z	LE:CCRF-CEM	riptide	EX_acac_e	0.0	0.0	0.0	primary	optimal
riptide-20260916T042359Z	LE:CCRF-CEM	riptide	EX_ade_e	0.0	0.0	0.0	primary	optimal
riptide-20260916T042359Z	LE:CCRF-CEM	riptide	EX_adn_e	0.0	0.0	0.0	primary	optimal
riptide-20260916T042359Z	LE:CCRF-CEM	riptide	EX_ahcys_e	0.0	0.0	0.0	primary	optimal
riptide-20260916T042359Z	LE:CCRF-CEM	riptide	EX_akg_e	0.0	0.0	0.0	primary	optimal
riptide-20260916T042359Z	LE:CCRF-CEM	riptide	EX_ala__L_e	3.4568871640511123	3.1974282982235116	3.9614533199465276	primary	optimal
riptide-20260916T042359Z	LE:CCRF-CEM	riptide	EX_amp_e	0.0	0.0	0.0	primary	optimal
riptide-20260916T042359Z	LE:CCRF-CEM	riptide	EX_anth_e	0.0	0.0	0.0	primary	optimal
riptide-20260916T042359Z	LE:CCRF-CEM	riptide	EX_arg__L_e	-0.9150573181645969	-1.0486187945854177	-0.8463771088691914	primary	optimal
riptide-20260916T042359Z	LE:CCRF-CEM	riptide	EX_asn__L_e	-9.2049271157228	-10.0	-4.472494845550849	primary	optimal
riptide-20260916T042359Z	LE:CCRF-CEM	riptide	EX_asp__L_e	-1.524871127067564	-4.484057914898417	0.0	primary	optimal
riptide-20260916T042359Z	LE:CCRF-CEM	riptide	EX_bilirub_e	0.0	0.0	0.0	primary	optimal
riptide-20260916T042359Z	LE:CCRF-CEM	riptide	EX_cala_e	0.0	0.0	0.0	primary	optimal
riptide-20260916T042359Z	LE:CCRF-CEM	riptide	EX_chol_e	-1.6203765593886779	-1.9950525377620418	-0.5773413956681109	primary	optimal
riptide-20260916T042359Z	LE:CCRF-CEM	riptide	EX_cholp_e	0.0	0.0	0.0	primary	optimal
riptide-20260916T042359Z	LE:CCRF-CEM	riptide	EX_cit_e	0.0	0.0	0.0	primary	optimal
riptide-20260916T042359Z	LE:CCRF-CEM	riptide	EX_citr__L_e	0.0	0.0	0.0	primary	optimal
riptide-20260916T042359Z	LE:CCRF-CEM	riptide	EX_cmp_e	0.0	0.0	0.0	primary	optimal
riptide-20260916T042359Z	LE:CCRF-CEM	riptide	EX_crn_e	0.0	0.0	0.0	primary	optimal
riptide-20260916T042359Z	LE:CCRF-CEM	riptide	EX_cyst__L_e	0.0	0.0	0.0	primary	optimal
riptide-20260916T042359Z	LE:CCRF-CEM	riptide	EX_cytd_e	0.0	0.0	0.0	primary	optimal
riptide-20260916T042359Z	LE:CCRF-CEM	riptide	EX_dad_2_e	0.0	0.0	0.0	primary	optimal
riptide-20260916T042359Z	LE:CCRF-CEM	riptide	EX_dcmp_e	0.0	0.0	0.0	primary	optimal
riptide-20260916T042359Z	LE:CCRF-CEM	riptide	EX_dcyt_e	0.0	0.0	0.0	primary	optimal
riptide-20260916T042359Z	LE:CCRF-CEM	riptide	EX_dhap_e	0.0	0.0	0.0	primary	optimal
riptide-20260916T042359Z	LE:CCRF-CEM	riptide	EX_dmgly_e	0.0	0.0	0.0	primary	optimal
riptide-20260916T042359Z	LE:CCRF-CEM	riptide	EX_duri_e	0.0	0.0	0.0	primary	optimal
riptide-20260916T042359Z	LE:CCRF-CEM	riptide	EX_ethamp_e	0.0	0.0	0.0	primary	optimal
riptide-20260916T042359Z	LE:CCRF-CEM	riptide	EX_fol_e	0.0	0.0	0.0	primary	optimal
riptide-20260916T042359Z	LE:CCRF-CEM	riptide	EX_fum_e	8.972684327001122	3.308909746314004	12.316262660404478	primary	optimal
riptide-20260916T042359Z	LE:CCRF-CEM	riptide	EX_g3pc_e	0.0	0.0	0.0	primary	optimal
riptide-20260916T042359Z	LE:CCRF-CEM	riptide	EX_glc__D_e	-6.605238329314727	-10.0	-4.987025567981114	primary	optimal
riptide-20260916T042359Z	LE:CCRF-CEM	riptide	EX_glcur_e	0.0	0.0	0.0	primary	optimal
riptide-20260916T042359Z	LE:CCRF-CEM	riptide	EX_gln__L_e	-8.913092759035834	-10.0	-7.16757034607334	primary	optimal
riptide-20260916T042359Z	LE:CCRF-CEM	riptide	EX_glu__L_e	0.0	0.0	0.0	primary	optimal
riptide-20260916T042359Z	LE:CCRF-CEM	riptide	EX_gly_e	-4.509056024939562	-5.551674771733236	-1.3619642795742368	primary	optimal
riptide-20260916T042359Z	LE:CCRF-CEM	riptide	EX_glyald_e	0.0	0.0	0.0	primary	optimal
riptide-20260916T042359Z	LE:CCRF-CEM	riptide	EX_glyb_e	0.0	0.0	0.0	primary	optimal
riptide-20260916T042359Z	LE:CCRF-CEM	riptide	EX_glyc3p_e	0.0	0.0	0.0	primary	optimal
riptide-20260916T042359Z	LE:CCRF-CEM	riptide	EX_gmp_e	0.0	0.0	0.0	primary	optimal
riptide-20260916T042359Z	LE:CCRF-CEM	riptide	EX_gthox_e	0.0	0.0	0.0	primary	optimal
riptide-20260916T042359Z	LE:CCRF-CEM	riptide	EX_hcys__L_e	0.0	0.0	0.0	primary	optimal
riptide-20260916T042359Z	LE:CCRF-CEM	riptide	EX_hom__L_e	0.0	0.0	0.0	primary	optimal
riptide-20260916T042359Z	LE:CCRF-CEM	riptide	EX_hxan_e	0.0	0.0	0.0	primary	optimal
riptide-20260916T042359Z	LE:CCRF-CEM	riptide	EX_icit_e	0.0	0.0	0.0	primary	optimal
riptide-20260916T042359Z	LE:CCRF-CEM	riptide	EX_ile__L_e	-0.7286582627231182	-0.8350129920320161	-0.6739683531454136	primary	optimal
riptide-20260916T042359Z	LE:CCRF-CEM	riptide	EX_imp_e	0.0	0.0	0.0	primary	optimal
riptide-20260916T042359Z	LE:CCRF-CEM	riptide	EX_ins_e	0.0	0.0	0.0	primary	optimal
riptide-20260916T042359Z	LE:CCRF-CEM	riptide	EX_lac__L_e	0.9999999999996587	-1.0	12.630359315690194	primary	optimal
riptide-20260916T042359Z	LE:CCRF-CEM	riptide	EX_lcts_e	0.0	0.0	0.0	primary	optimal
riptide-20260916T042359Z	LE:CCRF-CEM	riptide	EX_leu__L_e	-1.3895341245361257	-1.5923500853792423	-1.2852417566134555	primary	optimal
riptide-20260916T042359Z	LE:CCRF-CEM	riptide	EX_lys__L_e	-1.5081507790673347	-1.7282799892476974	-1.3949555626592467	primary	optimal
riptide-20260916T042359Z	LE:CCRF-CEM	riptide	EX_mal__L_e	0.0	0.0	0.0	primary	optimal
riptide-20260916T042359Z	LE:CCRF-CEM	riptide	EX_met__L_e	-0.3897462581721163	-0.4466334986078758	-0.3604936047568401	primary	optimal
riptide-20260916T042359Z	LE:CCRF-CEM	riptide	EX_nac_e	8.996628828461944e-13	8.996628828461944e-13	8.996628828461944e-13	primary	optimal
riptide-20260916T042359Z	LE:CCRF-CEM	riptide	EX_ncam_e	0.0	0.0	0.0	primary	optimal
riptide-20260916T042359Z	LE:CCRF-CEM	riptide	EX_nicrnt_e	0.0	0.0	0.0	primary	optimal
riptide-20260916T042359Z	LE:CCRF-CEM	riptide	EX_orn_e	0.0	0.0	0.0	primary	optimal
riptide-20260916T042359Z	LE:CCRF-CEM	riptide	EX_orot5p_e	0.0	0.0	0.0	primary	optimal
riptide-20260916T042359Z	LE:CCRF-CEM	riptide	EX_orot_e	0.0	0.0	0.0	primary	optimal
riptide-20260916T042359Z	LE:CCRF-CEM	riptide	EX_oxa_e	0.0	0.0	0.0	primary	optimal
riptide-20260916T042359Z	LE:CCRF-CEM	riptide	EX_pep_e	0.0	0.0	0.0	primary	optimal
riptide-20260916T042359Z	LE:CCRF-CEM	riptide	EX_phe__L_e	-0.6608758618129018	-0.7573370933471295	-0.611273403467818	primary	optimal
riptide-20260916T042359Z	LE:CCRF-CEM	riptide	EX_pnto__R_e	0.0	0.0	0.0	primary	optimal
riptide-20260916T042359Z	LE:CCRF-CEM	riptide	EX_pro__L_e	-1.0506221199850199	-1.203970591955006	-0.9717670082246599	primary	optimal
riptide-20260916T042359Z	LE:CCRF-CEM	riptide	EX_quln_e	0.0	0.0	0.0	primary	optimal
riptide-20260916T042359Z	LE:CCRF-CEM	riptide	EX_sbt__D_e	0.0	0.0	0.0	primary	optimal
riptide-20260916T042359Z	LE:CCRF-CEM	riptide	EX_ser__L_e	-7.473953764940443	-10.0	-5.1007284223992615	primary	optimal
riptide-20260916T042359Z	LE:CCRF-CEM	riptide	EX_spmd_e	0.0	0.0	0.0	primary	optimal
riptide-20260916T042359Z	LE:CCRF-CEM	riptide	EX_sprm_e	0.0	0.0	0.0	primary	optimal
riptide-20260916T042359Z	LE:CCRF-CEM	riptide	EX_srtn_e	0.0	0.0	0.0	primary	optimal
riptide-20260916T042359Z	LE:CCRF-CEM	riptide	EX_succ_e	6.673386678492248	3.7252256861197095	7.806918461346509	primary	optimal
riptide-20260916T042359Z	LE:CCRF-CEM	riptide	EX_sucr_e	0.0	0.0	0.0	primary	optimal
riptide-20260916T042359Z	LE:CCRF-CEM	riptide	EX_taur_e	0.0	0.0	0.0	primary	optimal
riptide-20260916T042359Z	LE:CCRF-CEM	riptide	EX_tchola_e	0.0	0.0	0.0	primary	optimal
riptide-20260916T042359Z	LE:CCRF-CEM	riptide	EX_thr__L_e	-0.7964406636332937	-0.9126888907167575	-0.7366633028231419	primary	optimal
riptide-20260916T042359Z	LE:CCRF-CEM	riptide	EX_thym_e	0.0	0.0	0.0	primary	optimal
riptide-20260916T042359Z	LE:CCRF-CEM	riptide	EX_thymd_e	0.0	0.0	0.0	primary	optimal
riptide-20260916T042359Z	LE:CCRF-CEM	riptide	EX_trp__L_e	-0.03389120045501137	-0.03883794934248001	-0.03134747483880673	primary	optimal
riptide-20260916T042359Z	LE:CCRF-CEM	riptide	EX_tyr__L_e	-0.40669185839960686	-0.4660524732790489	-0.3761673421762364	primary	optimal
riptide-20260916T042359Z	LE:CCRF-CEM	riptide	EX_ump_e	0.0	0.0	0.0	primary	optimal
riptide-20260916T042359Z	LE:CCRF-CEM	riptide	EX_ura_e	0.0	0.0	0.0	primary	optimal
riptide-20260916T042359Z	LE:CCRF-CEM	riptide	EX_urate_e	0.0	0.0	0.0	primary	optimal
riptide-20260916T042359Z	LE:CCRF-CEM	riptide	EX_uri_e	0.0	0.0	0.0	primary	optimal
riptide-20260916T042359Z	LE:CCRF-CEM	riptide	EX_val__L_e	-0.8981117179371179	-1.029199819914211	-0.8307033714497329	primary	optimal
riptide-20260916T042359Z	LE:CCRF-CEM	riptide	EX_xan_e	0.0	0.0	0.0	primary	optimal
riptide-20260916T042359Z	LE:CCRF-CEM	riptide	EX_xmp_e	0.0	0.0	0.0	primary	optimal
riptide-20260916T042359Z	LE:CCRF-CEM	riptide	EX_xtsn_e	0.0	0.0	0.0	primary	optimal
riptide-20260916T042359Z	LE:HL-60(TB)	riptide	EX_2pg_e	0.0	0.0	0.0	primary	optimal
riptide-20260916T042359Z	LE:HL-60(TB)	riptide	EX_34hpp_e	0.0	0.0	0.0	primary	optimal
riptide-20260916T042359Z	LE:HL-60(TB)	riptide	EX_3hanthrn_e	0.0	0.0	0.0	primary	optimal
riptide-20260916T042359Z	LE:HL-60(TB)	riptide	EX_3pg_e	0.0	0.0	0.0	primary	optimal
riptide-20260916T042359Z	LE:HL-60(TB)	riptide	EX_4abut_e	0.0	0.0	0.0	primary	optimal
riptide-20260916T042359Z	LE:HL-60(TB)	riptide	EX_4hbz_e	0.0	0.0	0.0	primary	optimal
riptide-20260916T042359Z	LE:HL-60(TB)	riptide	EX_L2aadp_e	0.0	0.0	0.0	primary	optimal
riptide-20260916T042359Z	LE:HL-60(TB)	riptide	EX_Lkynr_e	0.0	0.0	0.0	primary	optimal
riptide-20260916T042359Z	LE:HL-60(TB)	riptide	EX_acac_e	0.0	0.0	0.0	primary	optimal
riptide-20260916T042359Z	LE:HL-60(TB)	riptide	EX_ade_e	0.0	0.0	0.0	primary	optimal
riptide-20260916T042359Z	LE:HL-60(TB)	riptide	EX_adn_e	0.0	0.0	0.0	primary	optimal
riptide-20260916T042359Z	LE:HL-60(TB)	riptide	EX_ahcys_e	0.0	0.0	0.0	primary	optimal
riptide-20260916T042359Z	LE:HL-60(TB)	riptide	EX_akg_e	0.0	0.0	0.0	primary	optimal
riptide-20260916T042359Z	LE:HL-60(TB)	riptide	EX_ala__L_e	3.0462830252418422	0.00895481726740422	4.7575971423967545	primary	optimal
riptide-20260916T042359Z	LE:HL-60(TB)	riptide	EX_amp_e	0.0	0.0	0.0	primary	optimal
riptide-20260916T042359Z	LE:HL-60(TB)	riptide	EX_anth_e	0.0	0.0	0.0	primary	optimal
riptide-20260916T042359Z	LE:HL-60(TB)	riptide	EX_arg__L_e	-0.8902460688756797	-1.0328266131363	-0.8406837781050029	primary	optimal
riptide-20260916T042359Z	LE:HL-60(TB)	riptide	EX_asn__L_e	-8.208900999065904	-10.0	-4.176316494802646	primary	optimal
riptide-20260916T042359Z	LE:HL-60(TB)	riptide	EX_asp__L_e	-2.3085498693146986	-3.874532910582492	0.0	primary	optimal
riptide-20260916T042359Z	LE:HL-60(TB)	riptide	EX_bilirub_e	0.0	0.0	0.0	primary	optimal
riptide-20260916T042359Z	LE:HL-60(TB)	riptide	EX_cala_e	0.0	0.0	0.0	primary	optimal
riptide-20260916T042359Z	LE:HL-60(TB)	riptide	EX_chol_e	-0.6232911921816076	-0.7231166230687216	-0.5885909667270646	primary	optimal
riptide-20260916T042359Z	LE:HL-60(TB)	riptide	EX_cholp_e	0.0	0.0	0.0	primary	optimal
riptide-20260916T042359Z	LE:HL-60(TB)	riptide	EX_cit_e	0.0	0.0	0.0	primary	optimal
riptide-20260916T042359Z	LE:HL-60(TB)	riptide	EX_citr__L_e	0.0	0.0	0.0	primary	optimal
riptide-20260916T042359Z	LE:HL-60(TB)	riptide	EX_cmp_e	0.0	0.0	0.0	primary	optimal
riptide-20260916T042359Z	LE:HL-60(TB)	riptide	EX_crn_e	0.0	0.0	0.0	primary	optimal
riptide-20260916T042359Z	LE:HL-60(TB)	riptide	EX_cyst__L_e	0.0	0.0	0.0	primary	optimal
riptide-20260916T042359Z	LE:HL-60(TB)	riptide	EX_cytd_e	0.0	0.0	0.0	primary	optimal
riptide-20260916T042359Z	LE:HL-60(TB)	riptide	EX_dad_2_e	0.0	0.0	0.0	primary	optimal
riptide-20260916T042359Z	LE:HL-60(TB)	riptide	EX_dcmp_e	0.0	0.0	0.0	primary	optimal
riptide-20260916T042359Z	LE:HL-60(TB)	riptide	EX_dcyt_e	0.0	0.0	0.0	primary	optimal
riptide-20260916T042359Z	LE:HL-60(TB)	riptide	EX_dhap_e	0.0	0.0	0.0	primary	optimal
riptide-20260916T042359Z	LE:HL-60(TB)	riptide	EX_dmgly_e	0.0	0.0	0.0	primary	optimal
riptide-20260916T042359Z	LE:HL-60(TB)	riptide	EX_duri_e	0.0	0.0	0.0	primary	optimal
riptide-20260916T042359Z	LE:HL-60(TB)	riptide	EX_ethamp_e	0.0	0.0	0.0	primary	optimal
riptide-20260916T042359Z	LE:HL-60(TB)	riptide	EX_fol_e	-2.5224267119483557e-13	-3.872457909892546e-13	-2.5224267119483557e-13	primary	optimal
riptide-20260916T042359Z	LE:HL-60(TB)	riptide	EX_fum_e	6.215269404731223	0.0	11.431890992069945	primary	optimal
riptide-20260916T042359Z	LE:HL-60(TB)	riptide	EX_g3pc_e	0.0	0.0	0.0	primary	optimal
riptide-20260916T042359Z	LE:HL-60(TB)	riptide	EX_glc__D_e	-9.86571841251615	-10.0	-5.631205409312616	primary	optimal
riptide-20260916T042359Z	LE:HL-60(TB)	riptide	EX_glcur_e	0.0	0.0	0.0	primary	optimal
riptide-20260916T042359Z	LE:HL-60(TB)	riptide	EX_gln__L_e	-8.399239720342443	-10.0	-6.016046391493271	primary	optimal
riptide-20260916T042359Z	LE:HL-60(TB)	riptide	EX_glu__L_e	0.0	0.0	0.0	primary	optimal
riptide-20260916T042359Z	LE:HL-60(TB)	riptide	EX_gly_e	-1.614954343003948	-1.8736031337624768	-1.5250456767153349	primary	optimal
riptide-20260916T042359Z	LE:HL-60(TB)	riptide	EX_glyald_e	0.0	0.0	0.0	primary	optimal
riptide-20260916T042359Z	LE:HL-60(TB)	riptide	EX_glyb_e	0.0	0.0	0.0	primary	optimal
riptide-20260916T042359Z	LE:HL-60(TB)	riptide	EX_glyc3p_e	0.0	0.0	0.0	primary	optimal
riptide-20260916T042359Z	LE:HL-60(TB)	riptide	EX_gmp_e	0.0	0.0	0.0	primary	optimal
riptide-20260916T042359Z	LE:HL-60(TB)	riptide	EX_gthox_e	0.0	0.0	0.0	primary	optimal
riptide-20260916T042359Z	LE:HL-60(TB)	riptide	EX_hcys__L_e	0.0	0.0	0.0	primary	optimal
riptide-20260916T042359Z	LE:HL-60(TB)	riptide	EX_hom__L_e	0.0	0.0	0.0	primary	optimal
riptide-20260916T042359Z	LE:HL-60(TB)	riptide	EX_hxan_e	0.0	0.0	0.0	primary	optimal
riptide-20260916T042359Z	LE:HL-60(TB)	riptide	EX_icit_e	0.0	0.0	0.0	primary	optimal
riptide-20260916T042359Z	LE:HL-60(TB)	riptide	EX_ile__L_e	-0.7089011158821084	-0.8224377103845548	-0.6694347655533974	primary	optimal
riptide-20260916T042359Z	LE:HL-60(TB)	riptide	EX_imp_e	0.0	0.0	0.0	primary	optimal
riptide-20260916T042359Z	LE:HL-60(TB)	riptide	EX_ins_e	0.0	0.0	0.0	primary	optimal
riptide-20260916T042359Z	LE:HL-60(TB)	riptide	EX_lac__L_e	4.267049871467281	-1.0	11.346621382490415	primary	optimal
riptide-20260916T042359Z	LE:HL-60(TB)	riptide	EX_lcts_e	0.0	0.0	0.0	primary	optimal
riptide-20260916T042359Z	LE:HL-60(TB)	riptide	EX_leu__L_e	-1.3518577114029346	-1.5683693198150064	-1.2765963119815371	primary	optimal
riptide-20260916T042359Z	LE:HL-60(TB)	riptide	EX_lys__L_e	-1.467258144035564	-1.7022521216125834	-1.3855721054079737	primary	optimal
riptide-20260916T042359Z	LE:HL-60(TB)	riptide	EX_mal__L_e	2.1244788103609866	0.0	8.665988336611735	primary	optimal
riptide-20260916T042359Z	LE:HL-60(TB)	riptide	EX_met__L_e	-0.37917851407665015	-0.43990720561391694	-0.3580686699271407	primary	optimal
riptide-20260916T042359Z	LE:HL-60(TB)	riptide	EX_nac_e	2.1916843783685585e-13	2.1916843783685585e-13	2.1916843783685585e-13	primary	optimal
riptide-20260916T042359Z	LE:HL-60(TB)	riptide	EX_ncam_e	0.0	0.0	0.0	primary	optimal
riptide-20260916T042359Z	LE:HL-60(TB)	riptide	EX_nicrnt_e	0.0	0.0	0.0	primary	optimal
riptide-20260916T042359Z	LE:HL-60(TB)	riptide	EX_orn_e	0.0	0.0	0.0	primary	optimal
riptide-20260916T042359Z	LE:HL-60(TB)	riptide	EX_orot5p_e	0.0	0.0	0.0	primary	optimal
riptide-20260916T042359Z	LE:HL-60(TB)	riptide	EX_orot_e	0.0	0.0	0.0	primary	optimal
riptide-20260916T042359Z	LE:HL-60(TB)	riptide	EX_oxa_e	0.0	0.0	0.0	primary	optimal
riptide-20260916T042359Z	LE:HL-60(TB)	riptide	EX_pep_e	0.0	0.0	0.0	primary	optimal
riptide-20260916T042359Z	LE:HL-60(TB)	riptide	EX_phe__L_e	-0.642956595521011	-0.7459316094304996	-0.6071615464281965	primary	optimal
riptide-20260916T042359Z	LE:HL-60(TB)	riptide	EX_pnto__R_e	0.0	0.0	0.0	primary	optimal
riptide-20260916T042359Z	LE:HL-60(TB)	riptide	EX_pro__L_e	-1.022135109598394	-1.185838815047216	-0.9652302163553763	primary	optimal
riptide-20260916T042359Z	LE:HL-60(TB)	riptide	EX_quln_e	0.0	0.0	0.0	primary	optimal
riptide-20260916T042359Z	LE:HL-60(TB)	riptide	EX_sbt__D_e	0.0	0.0	0.0	primary	optimal
riptide-20260916T042359Z	LE:HL-60(TB)	riptide	EX_ser__L_e	-8.742370771711304	-10.0	-5.650066985686703	primary	optimal
riptide-20260916T042359Z	LE:HL-60(TB)	riptide	EX_spmd_e	0.0	0.0	0.0	primary	optimal
riptide-20260916T042359Z	LE:HL-60(TB)	riptide	EX_sprm_e	0.0	0.0	0.0	primary	optimal
riptide-20260916T042359Z	LE:HL-60(TB)	riptide	EX_srtn_e	0.0	0.0	0.0	primary	optimal
riptide-20260916T042359Z	LE:HL-60(TB)	riptide	EX_succ_e	5.485231698072331	3.180914740919855	7.312700709027666	primary	optimal
riptide-20260916T042359Z	LE:HL-60(TB)	riptide	EX_sucr_e	0.0	0.0	0.0	primary	optimal
riptide-20260916T042359Z	LE:HL-60(TB)	riptide	EX_taur_e	0.0	0.0	0.0	primary	optimal
riptide-20260916T042359Z	LE:HL-60(TB)	riptide	EX_tchola_e	0.0	0.0	0.0	primary	optimal
riptide-20260916T042359Z	LE:HL-60(TB)	riptide	EX_thr__L_e	-0.7748456362431488	-0.8989438113387613	-0.7317079846787795	primary	optimal
riptide-20260916T042359Z	LE:HL-60(TB)	riptide	EX_thym_e	0.0	0.0	0.0	primary	optimal
riptide-20260916T042359Z	LE:HL-60(TB)	riptide	EX_thymd_e	0.0	0.0	0.0	primary	optimal
riptide-20260916T042359Z	LE:HL-60(TB)	riptide	EX_trp__L_e	-0.03297226018052868	-0.038253050477118446	-0.03113660956254094	primary	optimal
riptide-20260916T042359Z	LE:HL-60(TB)	riptide	EX_tyr__L_e	-0.3956646441669376	-0.45903373085236066	-0.37363697470852486	primary	optimal
riptide-20260916T042359Z	LE:HL-60(TB)	riptide	EX_ump_e	0.0	0.0	0.0	primary	optimal
riptide-20260916T042359Z	LE:HL-60(TB)	riptide	EX_ura_e	0.0	0.0	0.0	primary	optimal
riptide-20260916T042359Z	LE:HL-60(TB)	riptide	EX_urate_e	0.0	0.0	0.0	primary	optimal
riptide-20260916T042359Z	LE:HL-60(TB)	riptide	EX_uri_e	0.0	0.0	0.0	primary	optimal
riptide-20260916T042359Z	LE:HL-60(TB)	riptide	EX_val__L_e	-0.8737599387852786	-1.0137000878976783	-0.8251154733235992	primary	optimal
riptide-20260916T042359Z	LE:HL-60(TB)	riptide	EX_xan_e	0.0	0.0	0.0	primary	optimal
riptide-20260916T042359Z	LE:HL-60(TB)	riptide	EX_xmp_e	0.0	0.0	0.0	primary	optimal
riptide-20260916T042359Z	LE:HL-60(TB)	riptide	EX_xtsn_e	0.0	0.0	0.0	primary	optimal
riptide-20260916T042359Z	LE:K-562	riptide	EX_2pg_e	0.0	0.0	0.0	primary	optimal
riptide-20260916T042359Z	LE:K-562	riptide	EX_34hpp_e	0.0	0.0	0.0	primary	optimal
riptide-20260916T042359Z	LE:K-562	riptide	EX_3hanthrn_e	0.0	0.0	0.0	primary	optimal
riptide-20260916T042359Z	LE:K-562	riptide	EX_3pg_e	0.0	0.0	0.0	primary	optimal
riptide-20260916T042359Z	LE:K-562	riptide	EX_4abut_e	0.0	0.0	0.0	primary	optimal
riptide-20260916T042359Z	LE:K-562	riptide	EX_4hbz_e	0.0	0.0	0.0	primary	optimal
riptide-20260916T042359Z	LE:K-562	riptide	EX_L2aadp_e	0.0	0.0	0.0	primary	optimal
riptide-20260916T042359Z	LE:K-562	riptide	EX_Lkynr_e	0.0	0.0	0.0	primary	optimal
riptide-20260916T042359Z	LE:K-562	riptide	EX_acac_e	0.0	0.0	0.0	primary	optimal
riptide-20260916T042359Z	LE:K-562	riptide	EX_ade_e	0.0	0.0	0.0	primary	optimal
riptide-20260916T042359Z	LE:K-562	riptide	EX_adn_e	0.0	0.0	0.0	primary	optimal
riptide-20260916T042359Z	LE:K-562	riptide	EX_ahcys_e	0.0	0.0	0.0	primary	optimal
riptide-20260916T042359Z	LE:K-562	riptide	EX_akg_e	0.0	0.0	0.0	primary	optimal
riptide-20260916T042359Z	LE:K-562	riptide	EX_ala__L_e	5.973596128489042	0.0	14.591841856064317	primary	optimal
riptide-20260916T042359Z	LE:K-562	riptide	EX_amp_e	0.0	0.0	0.0	primary	optimal
riptide-20260916T042359Z	LE:K-562	riptide	EX_anth_e	0.0	0.0	0.0	primary	optimal
riptide-20260916T042359Z	LE:K-562	riptide	EX_arg__L_e	-0.8437237554536079	-1.0280422172436352	-0.8400034914610686	primary	optimal
riptide-20260916T042359Z	LE:K-562	riptide	EX_asn__L_e	-8.133173193703833	-10.0	-5.671078268230889	primary	optimal
riptide-20260916T042359Z	LE:K-562	riptide	EX_asp__L_e	0.0	0.0	0.0	primary	optimal
riptide-20260916T042359Z	LE:K-562	riptide	EX_bilirub_e	0.0	0.0	0.0	primary	optimal
riptide-20260916T042359Z	LE:K-562	riptide	EX_cala_e	0.0	0.0	0.0	primary	optimal
riptide-20260916T042359Z	LE:K-562	riptide	EX_chol_e	-0.6430888020350777	-1.571013096850608	-0.5315150968363955	primary	optimal
riptide-20260916T042359Z	LE:K-562	riptide	EX_cholp_e	0.0	0.0	0.0	primary	optimal
riptide-20260916T042359Z	LE:K-562	riptide	EX_cit_e	0.0	0.0	0.0	primary	optimal
riptide-20260916T042359Z	LE:K-562	riptide	EX_citr__L_e	0.0	0.0	0.0	primary	optimal
riptide-20260916T042359Z	LE:K-562	riptide	EX_cmp_e	0.0	0.0	0.0	primary	optimal
riptide-20260916T042359Z	LE:K-562	riptide	EX_crn_e	3.774758283725532e-15	3.774758283725532e-15	3.774758283725532e-15	primary	optimal
riptide-20260916T042359Z	LE:K-562	riptide	EX_cyst__L_e	0.0	0.0	0.0	primary	optimal
riptide-20260916T042359Z	LE:K-562	riptide	EX_cytd_e	0.0	0.0	0.0	primary	optimal
riptide-20260916T042359Z	LE:K-562	riptide	EX_dad_2_e	0.0	0.0	0.0	primary	optimal
riptide-20260916T042359Z	LE:K-562	riptide	EX_dcmp_e	0.0	0.0	0.0	primary	optimal
riptide-20260916T042359Z	LE:K-562	riptide	EX_dcyt_e	0.0	0.0	0.0	primary	optimal
riptide-20260916T042359Z	LE:K-562	riptide	EX_dhap_e	0.0	0.0	0.0	primary	optimal
riptide-20260916T042359Z	LE:K-562	riptide	EX_dmgly_e	0.0	0.0	0.0	primary	optimal
riptide-20260916T042359Z	LE:K-562	riptide	EX_duri_e	0.0	0.0	0.0	primary	optimal
riptide-20260916T042359Z	LE:K-562	riptide	EX_ethamp_e	0.0	0.0	0.0	primary	optimal
riptide-20260916T042359Z	LE:K-562	riptide	EX_fol_e	-2.3447910280083306e-13	-2.3447910280083306e-13	-2.3447910280083306e-13	primary	optimal
riptide-20260916T042359Z	LE:K-562	riptide	EX_fum_e	6.286538283997221	3.9243709022961815	8.25329263406356	primary	optimal
riptide-20260916T042359Z	LE:K-562	riptide	EX_g3pc_e	0.0	0.0	0.0	primary	optimal
riptide-20260916T042359Z	LE:K-562	riptide	EX_glc__D_e	-10.0	-10.0	-4.996884228008865	primary	optimal
riptide-20260916T042359Z	LE:K-562	riptide	EX_glcur_e	0.0	0.0	0.0	primary	optimal
riptide-20260916T042359Z	LE:K-562	riptide	EX_gln__L_e	-10.0	-10.0	-6.4994506393207185	primary	optimal
riptide-20260916T042359Z	LE:K-562	riptide	EX_glu__L_e	0.0	0.0	0.0	primary	optimal
riptide-20260916T042359Z	LE:K-562	riptide	EX_gly_e	-1.654880323706335	-4.464266654415361	-1.3540128650315548	primary	optimal
riptide-20260916T042359Z	LE:K-562	riptide	EX_glyald_e	0.0	0.0	0.0	primary	optimal
riptide-20260916T042359Z	LE:K-562	riptide	EX_glyb_e	0.0	0.0	0.0	primary	optimal
riptide-20260916T042359Z	LE:K-562	riptide	EX_glyc3p_e	0.0	0.0	0.0	primary	optimal
riptide-20260916T042359Z	LE:K-562	riptide	EX_gmp_e	0.0	0.0	0.0	primary	optimal
riptide-20260916T042359Z	LE:K-562	riptide	EX_gthox_e	0.0	0.0	0.0	primary	optimal
riptide-20260916T042359Z	LE:K-562	riptide	EX_hcys__L_e	0.0	0.0	0.0	primary	optimal
riptide-20260916T042359Z	LE:K-562	riptide	EX_hom__L_e	0.0	0.0	0.0	primary	optimal
riptide-20260916T042359Z	LE:K-562	riptide	EX_hxan_e	0.0	0.0	0.0	primary	optimal
riptide-20260916T042359Z	LE:K-562	riptide	EX_icit_e	0.0	0.0	0.0	primary	optimal
riptide-20260916T042359Z	LE:K-562	riptide	EX_ile__L_e	-0.6718554932713587	-0.8186279057637393	-0.668893054696408	primary	optimal
riptide-20260916T042359Z	LE:K-562	riptide	EX_imp_e	0.0	0.0	0.0	primary	optimal
riptide-20260916T042359Z	LE:K-562	riptide	EX_ins_e	0.0	0.0	0.0	primary	optimal
riptide-20260916T042359Z	LE:K-562	riptide	EX_lac__L_e	6.337866066532428	-1.0	14.030367203454533	primary	optimal
riptide-20260916T042359Z	LE:K-562	riptide	EX_lcts_e	0.0	0.0	0.0	primary	optimal
riptide-20260916T042359Z	LE:K-562	riptide	EX_leu__L_e	-1.2812125826563108	-1.5611041122381333	-1.2755632821510634	primary	optimal
riptide-20260916T042359Z	LE:K-562	riptide	EX_lys__L_e	-1.3905824409524978	-1.6943667244363545	-1.3844508916744385	primary	optimal
riptide-20260916T042359Z	LE:K-562	riptide	EX_mal__L_e	0.0	0.0	0.0	primary	optimal
riptide-20260916T042359Z	LE:K-562	riptide	EX_met__L_e	-0.3593634738406278	-0.4378694093363809	-0.35777891848899124	primary	optimal
riptide-20260916T042359Z	LE:K-562	riptide	EX_nac_e	0.0	0.0	0.0	primary	optimal
riptide-20260916T042359Z	LE:K-562	riptide	EX_ncam_e	0.0	0.0	0.0	primary	optimal
riptide-20260916T042359Z	LE:K-562	riptide	EX_nicrnt_e	0.0	0.0	0.0	primary	optimal
riptide-20260916T042359Z	LE:K-562	riptide	EX_orn_e	0.0	0.0	0.0	primary	optimal
riptide-20260916T042359Z	LE:K-562	riptide	EX_orot5p_e	0.0	0.0	0.0	primary	optimal
riptide-20260916T042359Z	LE:K-562	riptide	EX_orot_e	0.0	0.0	0.0	primary	optimal
riptide-20260916T042359Z	LE:K-562	riptide	EX_oxa_e	0.0	0.0	0.0	primary	optimal
riptide-20260916T042359Z	LE:K-562	riptide	EX_pep_e	0.0	0.0	0.0	primary	optimal
riptide-20260916T042359Z	LE:K-562	riptide	EX_phe__L_e	-0.6093570893851199	-0.742476206478151	-0.606670227454849	primary	optimal
riptide-20260916T042359Z	LE:K-562	riptide	EX_pnto__R_e	0.0	0.0	0.0	primary	optimal
riptide-20260916T042359Z	LE:K-562	riptide	EX_pro__L_e	-0.9687205632257472	-1.1803456158145318	-0.964449145943922	primary	optimal
riptide-20260916T042359Z	LE:K-562	riptide	EX_quln_e	0.0	0.0	0.0	primary	optimal
riptide-20260916T042359Z	LE:K-562	riptide	EX_sbt__D_e	0.0	0.0	0.0	primary	optimal
riptide-20260916T042359Z	LE:K-562	riptide	EX_ser__L_e	-10.0	-10.0	-3.223859142267072	primary	optimal
riptide-20260916T042359Z	LE:K-562	riptide	EX_spmd_e	0.0	0.0	0.0	primary	optimal
riptide-20260916T042359Z	LE:K-562	riptide	EX_sprm_e	0.0	0.0	0.0	primary	optimal
riptide-20260916T042359Z	LE:K-562	riptide	EX_srtn_e	0.0	0.0	0.0	primary	optimal
riptide-20260916T042359Z	LE:K-562	riptide	EX_succ_e	7.6495224579533865	4.707505441235101	8.335546385738528	primary	optimal
riptide-20260916T042359Z	LE:K-562	riptide	EX_sucr_e	0.0	0.0	0.0	primary	optimal
riptide-20260916T042359Z	LE:K-562	riptide	EX_taur_e	2.3900837745825964e-13	2.3900837745825964e-13	2.3900837745825964e-13	primary	optimal
riptide-20260916T042359Z	LE:K-562	riptide	EX_tchola_e	0.0	0.0	0.0	primary	optimal
riptide-20260916T042359Z	LE:K-562	riptide	EX_thr__L_e	-0.7343538971573667	-0.894779605049034	-0.7311158819377432	primary	optimal
riptide-20260916T042359Z	LE:K-562	riptide	EX_thym_e	0.0	0.0	0.0	primary	optimal
riptide-20260916T042359Z	LE:K-562	riptide	EX_thymd_e	0.0	0.0	0.0	primary	optimal
riptide-20260916T042359Z	LE:K-562	riptide	EX_trp__L_e	-0.03124920194301417	-0.03807584964285158	-0.03111141362077774	primary	optimal
riptide-20260916T042359Z	LE:K-562	riptide	EX_tyr__L_e	-0.3749880748121237	-0.45690733415781076	-0.37333462529951333	primary	optimal
riptide-20260916T042359Z	LE:K-562	riptide	EX_ump_e	0.0	0.0	0.0	primary	optimal
riptide-20260916T042359Z	LE:K-562	riptide	EX_ura_e	0.0	0.0	0.0	primary	optimal
riptide-20260916T042359Z	LE:K-562	riptide	EX_urate_e	0.0	0.0	0.0	primary	optimal
riptide-20260916T042359Z	LE:K-562	riptide	EX_uri_e	0.0	0.0	0.0	primary	optimal
riptide-20260916T042359Z	LE:K-562	riptide	EX_val__L_e	-0.8280991544820164	-1.0090042924222185	-0.8244477846506051	primary	optimal
riptide-20260916T042359Z	LE:K-562	riptide	EX_xan_e	0.0	0.0	0.0	primary	optimal
riptide-20260916T042359Z	LE:K-562	riptide	EX_xmp_e	0.0	0.0	0.0	primary	optimal
riptide-20260916T042359Z	LE:K-562	riptide	EX_xtsn_e	0.0	0.0	0.0	primary	optimal
riptide-20260916T042359Z	LE:MOLT-4	riptide	EX_2pg_e	0.0	0.0	0.0	primary	optimal
riptide-20260916T042359Z	LE:MOLT-4	riptide	EX_34hpp_e	0.0	0.0	0.0	primary	optimal
riptide-20260916T042359Z	LE:MOLT-4	riptide	EX_3hanthrn_e	0.0	0.0	0.0	primary	optimal
riptide-20260916T042359Z	LE:MOLT-4	riptide	EX_3pg_e	0.0	0.0	0.0	primary	optimal
riptide-20260916T042359Z	LE:MOLT-4	riptide	EX_4abut_e	0.0	0.0	0.0	primary	optimal
riptide-20260916T042359Z	LE:MOLT-4	riptide	EX_4hbz_e	0.0	0.0	0.0	primary	optimal
riptide-20260916T042359Z	LE:MOLT-4	riptide	EX_L2aadp_e	0.0	0.0	0.0	primary	optimal
riptide-20260916T042359Z	LE:MOLT-4	riptide	EX_Lkynr_e	0.0	0.0	0.0	primary	optimal
riptide-20260916T042359Z	LE:MOLT-4	riptide	EX_acac_e	0.0	0.0	0.0	primary	optimal
riptide-20260916T042359Z	LE:MOLT-4	riptide	EX_ade_e	0.0	0.0	0.0	primary	optimal
riptide-20260916T042359Z	LE:MOLT-4	riptide	EX_adn_e	0.0	0.0	0.0	primary	optimal
riptide-20260916T042359Z	LE:MOLT-4	riptide	EX_ahcys_e	0.0	0.0	0.0	primary	optimal
riptide-20260916T042359Z	LE:MOLT-4	riptide	EX_akg_e	0.0	0.0	0.0	primary	optimal
riptide-20260916T042359Z	LE:MOLT-4	riptide	EX_ala__L_e	1.651694311445688	0.0	3.674634992312911	primary	optimal
riptide-20260916T042359Z	LE:MOLT-4	riptide	EX_amp_e	0.0	0.0	0.0	primary	optimal
riptide-20260916T042359Z	LE:MOLT-4	riptide	EX_anth_e	0.0	0.0	0.0	primary	optimal
riptide-20260916T042359Z	LE:MOLT-4	riptide	EX_arg__L_e	-0.8795329904903069	-1.0412541356360878	-0.8461323651426564	primary	optimal
riptide-20260916T042359Z	LE:MOLT-4	riptide	EX_asn__L_e	-8.857785041108631	-10.0	-4.376493318072852	primary	optimal
riptide-20260916T042359Z	LE:MOLT-4	riptide	EX_asp__L_e	0.0	0.0	0.0	primary	optimal
riptide-20260916T042359Z	LE:MOLT-4	riptide	EX_bilirub_e	0.0	0.0	0.0	primary	optimal
riptide-20260916T042359Z	LE:MOLT-4	riptide	EX_cala_e	0.0	0.0	0.0	primary	optimal
riptide-20260916T042359Z	LE:MOLT-4	riptide	EX_chol_e	-1.5100905738095007	-1.932979856693645	-0.5353931627276953	primary	optimal
riptide-20260916T042359Z	LE:MOLT-4	riptide	EX_cholp_e	0.0	0.0	0.0	primary	optimal
riptide-20260916T042359Z	LE:MOLT-4	riptide	EX_cit_e	0.0	0.0	0.0	primary	optimal
riptide-20260916T042359Z	LE:MOLT-4	riptide	EX_citr__L_e	0.0	0.0	0.0	primary	optimal
riptide-20260916T042359Z	LE:MOLT-4	riptide	EX_cmp_e	0.0	0.0	0.0	primary	optimal
riptide-20260916T042359Z	LE:MOLT-4	riptide	EX_crn_e	0.0	0.0	0.0	primary	optimal
riptide-20260916T042359Z	LE:MOLT-4	riptide	EX_cyst__L_e	0.0	0.0	0.0	primary	optimal
riptide-20260916T042359Z	LE:MOLT-4	riptide	EX_cytd_e	0.0	0.0	0.0	primary	optimal
riptide-20260916T042359Z	LE:MOLT-4	riptide	EX_dad_2_e	0.0	0.0	0.0	primary	optimal
riptide-20260916T042359Z	LE:MOLT-4	riptide	EX_dcmp_e	0.0	0.0	0.0	primary	optimal
riptide-20260916T042359Z	LE:MOLT-4	riptide	EX_dcyt_e	0.0	0.0	0.0	primary	optimal
riptide-20260916T042359Z	LE:MOLT-4	riptide	EX_dhap_e	0.0	0.0	0.0	primary	optimal
riptide-20260916T042359Z	LE:MOLT-4	riptide	EX_dmgly_e	0.0	0.0	0.0	primary	optimal
riptide-20260916T042359Z	LE:MOLT-4	riptide	EX_duri_e	0.0	0.0	0.0	primary	optimal
riptide-20260916T042359Z	LE:MOLT-4	riptide	EX_ethamp_e	0.0	0.0	0.0	primary	optimal
riptide-20260916T042359Z	LE:MOLT-4	riptide	EX_fol_e	5.346834086594754e-13	3.979039320256561e-13	5.346834086594754e-13	primary	optimal
riptide-20260916T042359Z	LE:MOLT-4	riptide	EX_fum_e	8.193668497015505	3.9352922902093104	10.400654130870839	primary	optimal
riptide-20260916T042359Z	LE:MOLT-4	riptide	EX_g3pc_e	0.0	0.0	0.0	primary	optimal
riptide-20260916T042359Z	LE:MOLT-4	riptide	EX_glc__D_e	-6.9517694053275525	-10.0	-4.305931914848411	primary	optimal
riptide-20260916T042359Z	LE:MOLT-4	riptide	EX_glcur_e	0.0	0.0	0.0	primary	optimal
riptide-20260916T042359Z	LE:MOLT-4	riptide	EX_gln__L_e	-8.727223583404358	-10.0	-2.302200767422969	primary	optimal
riptide-20260916T042359Z	LE:MOLT-4	riptide	EX_glu__L_e	0.05484221786033672	-5.446559808212371	2.8509248263460614	primary	optimal
riptide-20260916T042359Z	LE:MOLT-4	riptide	EX_gly_e	-4.256828919668746	-5.506531113934751	-1.3638920785115307	primary	optimal
riptide-20260916T042359Z	LE:MOLT-4	riptide	EX_glyald_e	0.0	0.0	0.0	primary	optimal
riptide-20260916T042359Z	LE:MOLT-4	riptide	EX_glyb_e	0.0	0.0	0.0	primary	optimal
riptide-20260916T042359Z	LE:MOLT-4	riptide	EX_glyc3p_e	0.0	0.0	0.0	primary	optimal
riptide-20260916T042359Z	LE:MOLT-4	riptide	EX_gmp_e	0.0	0.0	0.0	primary	optimal
riptide-20260916T042359Z	LE:MOLT-4	riptide	EX_gthox_e	0.0	0.0	0.0	primary	optimal
riptide-20260916T042359Z	LE:MOLT-4	riptide	EX_hcys__L_e	0.0	0.0	0.0	primary	optimal
riptide-20260916T042359Z	LE:MOLT-4	riptide	EX_hom__L_e	0.0	0.0	0.0	primary	optimal
riptide-20260916T042359Z	LE:MOLT-4	riptide	EX_hxan_e	0.0	0.0	0.0	primary	optimal
riptide-20260916T042359Z	LE:MOLT-4	riptide	EX_icit_e	0.0	0.0	0.0	primary	optimal
riptide-20260916T042359Z	LE:MOLT-4	riptide	EX_ile__L_e	-0.7003703135708896	-0.829148529239256	-0.6737734642187192	primary	optimal
riptide-20260916T042359Z	LE:MOLT-4	riptide	EX_imp_e	0.0	0.0	0.0	primary	optimal
riptide-20260916T042359Z	LE:MOLT-4	riptide	EX_ins_e	0.0	0.0	0.0	primary	optimal
riptide-20260916T042359Z	LE:MOLT-4	riptide	EX_lac__L_e	2.819818674813453	-1.0	14.256149809442595	primary	optimal
riptide-20260916T042359Z	LE:MOLT-4	riptide	EX_lcts_e	0.0	0.0	0.0	primary	optimal
riptide-20260916T042359Z	LE:MOLT-4	riptide	EX_leu__L_e	-1.3355896725590606	-1.581166693122512	-1.284870108025757	primary	optimal
riptide-20260916T042359Z	LE:MOLT-4	riptide	EX_lys__L_e	-1.449601394897	-1.7161419341645519	-1.3945521885375758	primary	optimal
riptide-20260916T042359Z	LE:MOLT-4	riptide	EX_mal__L_e	0.0	0.0	0.0	primary	optimal
riptide-20260916T042359Z	LE:MOLT-4	riptide	EX_met__L_e	-0.37461554066370084	-0.44349670246268647	-0.36038936215938655	primary	optimal
riptide-20260916T042359Z	LE:MOLT-4	riptide	EX_nac_e	0.0	-3.372677191716331e-13	6.745354383432662e-13	primary	optimal
riptide-20260916T042359Z	LE:MOLT-4	riptide	EX_ncam_e	0.0	0.0	0.0	primary	optimal
riptide-20260916T042359Z	LE:MOLT-4	riptide	EX_nicrnt_e	0.0	0.0	0.0	primary	optimal
riptide-20260916T042359Z	LE:MOLT-4	riptide	EX_orn_e	0.0	0.0	0.0	primary	optimal
riptide-20260916T042359Z	LE:MOLT-4	riptide	EX_orot5p_e	0.0	0.0	0.0	primary	optimal
riptide-20260916T042359Z	LE:MOLT-4	riptide	EX_orot_e	0.0	0.0	0.0	primary	optimal
riptide-20260916T042359Z	LE:MOLT-4	riptide	EX_oxa_e	0.0	0.0	0.0	primary	optimal
riptide-20260916T042359Z	LE:MOLT-4	riptide	EX_pep_e	0.0	0.0	0.0	primary	optimal
riptide-20260916T042359Z	LE:MOLT-4	riptide	EX_phe__L_e	-0.6352193589894508	-0.7520181638838803	-0.6110966438069205	primary	optimal
riptide-20260916T042359Z	LE:MOLT-4	riptide	EX_pnto__R_e	0.0	0.0	0.0	primary	optimal
riptide-20260916T042359Z	LE:MOLT-4	riptide	EX_pro__L_e	-1.0098348996531499	-1.195514866346567	-0.9714860059663071	primary	optimal
riptide-20260916T042359Z	LE:MOLT-4	riptide	EX_quln_e	0.0	0.0	0.0	primary	optimal
riptide-20260916T042359Z	LE:MOLT-4	riptide	EX_sbt__D_e	0.0	0.0	0.0	primary	optimal
riptide-20260916T042359Z	LE:MOLT-4	riptide	EX_ser__L_e	-7.6477114435702065	-10.0	-3.6852748884249626	primary	optimal
riptide-20260916T042359Z	LE:MOLT-4	riptide	EX_spmd_e	0.0	0.0	0.0	primary	optimal
riptide-20260916T042359Z	LE:MOLT-4	riptide	EX_sprm_e	0.0	0.0	0.0	primary	optimal
riptide-20260916T042359Z	LE:MOLT-4	riptide	EX_srtn_e	0.0	0.0	0.0	primary	optimal
riptide-20260916T042359Z	LE:MOLT-4	riptide	EX_succ_e	6.700865070022989	5.345453294077448	7.808024320324446	primary	optimal
riptide-20260916T042359Z	LE:MOLT-4	riptide	EX_sucr_e	0.0	0.0	0.0	primary	optimal
riptide-20260916T042359Z	LE:MOLT-4	riptide	EX_taur_e	0.0	0.0	0.0	primary	optimal
riptide-20260916T042359Z	LE:MOLT-4	riptide	EX_tchola_e	0.0	0.0	0.0	primary	optimal
riptide-20260916T042359Z	LE:MOLT-4	riptide	EX_thr__L_e	-0.7655212681523249	-0.9062788945944777	-0.7364502846306884	primary	optimal
riptide-20260916T042359Z	LE:MOLT-4	riptide	EX_thym_e	0.0	0.0	0.0	primary	optimal
riptide-20260916T042359Z	LE:MOLT-4	riptide	EX_thymd_e	0.0	0.0	0.0	primary	optimal
riptide-20260916T042359Z	LE:MOLT-4	riptide	EX_trp__L_e	-0.03257547729076293	-0.03856518267776306	-0.031338410205957956	primary	optimal
riptide-20260916T042359Z	LE:MOLT-4	riptide	EX_tyr__L_e	-0.3909032793090699	-0.462779293801546	-0.37605856726242415	primary	optimal
riptide-20260916T042359Z	LE:MOLT-4	riptide	EX_ump_e	0.0	0.0	0.0	primary	optimal
riptide-20260916T042359Z	LE:MOLT-4	riptide	EX_ura_e	0.0	0.0	0.0	primary	optimal
riptide-20260916T042359Z	LE:MOLT-4	riptide	EX_urate_e	0.0	0.0	0.0	primary	optimal
riptide-20260916T042359Z	LE:MOLT-4	riptide	EX_uri_e	0.0	0.0	0.0	primary	optimal
riptide-20260916T042359Z	LE:MOLT-4	riptide	EX_val__L_e	-0.863245251844921	-1.0219715442972515	-0.8304631600396721	primary	optimal
riptide-20260916T042359Z	LE:MOLT-4	riptide	EX_xan_e	0.0	0.0	0.0	primary	optimal
riptide-20260916T042359Z	LE:MOLT-4	riptide	EX_xmp_e	0.0	0.0	0.0	primary	optimal
riptide-20260916T042359Z	LE:MOLT-4	riptide	EX_xtsn_e	0.0	0.0	0.0	primary	optimal
riptide-20260916T042359Z	ME:LOX IMVI	riptide	EX_2pg_e	0.0	0.0	0.0	primary	optimal
riptide-20260916T042359Z	ME:LOX IMVI	riptide	EX_34hpp_e	0.0	0.0	0.0	primary	optimal
riptide-20260916T042359Z	ME:LOX IMVI	riptide	EX_3hanthrn_e	0.0	0.0	0.0	primary	optimal
riptide-20260916T042359Z	ME:LOX IMVI	riptide	EX_3pg_e	0.0	0.0	0.0	primary	optimal
riptide-20260916T042359Z	ME:LOX IMVI	riptide	EX_4abut_e	0.0	0.0	0.0	primary	optimal
riptide-20260916T042359Z	ME:LOX IMVI	riptide	EX_4hbz_e	0.0	0.0	0.0	primary	optimal
riptide-20260916T042359Z	ME:LOX IMVI	riptide	EX_L2aadp_e	0.0	0.0	0.0	primary	optimal
riptide-20260916T042359Z	ME:LOX IMVI	riptide	EX_Lkynr_e	0.0	0.0	0.0	primary	optimal
riptide-20260916T042359Z	ME:LOX IMVI	riptide	EX_acac_e	0.0	0.0	0.0	primary	optimal
riptide-20260916T042359Z	ME:LOX IMVI	riptide	EX_ade_e	0.0	0.0	0.0	primary	optimal
riptide-20260916T042359Z	ME:LOX IMVI	riptide	EX_adn_e	0.0	0.0	0.0	primary	optimal
riptide-20260916T042359Z	ME:LOX IMVI	riptide	EX_ahcys_e	0.0	0.0	0.0	primary	optimal
riptide-20260916T042359Z	ME:LOX IMVI	riptide	EX_akg_e	0.0	0.0	0.0	primary	optimal
riptide-20260916T042359Z	ME:LOX IMVI	riptide	EX_ala__L_e	10.313267987937841	1.121659178077422	11.165348257412145	primary	optimal
riptide-20260916T042359Z	ME:LOX IMVI	riptide	EX_amp_e	0.0	0.0	0.0	primary	optimal
riptide-20260916T042359Z	ME:LOX IMVI	riptide	EX_anth_e	0.0	0.0	0.0	primary	optimal
riptide-20260916T042359Z	ME:LOX IMVI	riptide	EX_arg__L_e	-0.8837841045807817	-1.082681621689787	-0.8837841045807195	primary	optimal
riptide-20260916T042359Z	ME:LOX IMVI	riptide	EX_asn__L_e	-6.560439194289268	-10.0	-1.9343597004328679	primary	optimal
riptide-20260916T042359Z	ME:LOX IMVI	riptide	EX_asp__L_e	0.0	0.0	0.0	primary	optimal
riptide-20260916T042359Z	ME:LOX IMVI	riptide	EX_bilirub_e	0.0	0.0	0.0	primary	optimal
riptide-20260916T042359Z	ME:LOX IMVI	riptide	EX_cala_e	0.0	0.0	0.0	primary	optimal
riptide-20260916T042359Z	ME:LOX IMVI	riptide	EX_chol_e	-1.691991703954212	-2.0727780828226186	-1.6919917039536188	primary	optimal
riptide-20260916T042359Z	ME:LOX IMVI	riptide	EX_cholp_e	0.0	0.0	0.0	primary	optimal
riptide-20260916T042359Z	ME:LOX IMVI	riptide	EX_cit_e	0.0	0.0	0.0	primary	optimal
riptide-20260916T042359Z	ME:LOX IMVI	riptide	EX_citr__L_e	0.0	0.0	0.0	primary	optimal
riptide-20260916T042359Z	ME:LOX IMVI	riptide	EX_cmp_e	0.0	0.0	0.0	primary	optimal
riptide-20260916T042359Z	ME:LOX IMVI	riptide	EX_crn_e	3.086420008457935e-13	3.086420008457935e-13	3.086420008457935e-13	primary	optimal
riptide-20260916T042359Z	ME:LOX IMVI	riptide	EX_cyst__L_e	0.0	0.0	0.0	primary	optimal
riptide-20260916T042359Z	ME:LOX IMVI	riptide	EX_cytd_e	0.0	0.0	0.0	primary	optimal
riptide-20260916T042359Z	ME:LOX IMVI	riptide	EX_dad_2_e	0.0	0.0	0.0	primary	optimal
riptide-20260916T042359Z	ME:LOX IMVI	riptide	EX_dcmp_e	0.0	0.0	0.0	primary	optimal
riptide-20260916T042359Z	ME:LOX IMVI	riptide	EX_dcyt_e	0.0	0.0	0.0	primary	optimal
riptide-20260916T042359Z	ME:LOX IMVI	riptide	EX_dhap_e	0.0	0.0	0.0	primary	optimal
riptide-20260916T042359Z	ME:LOX IMVI	riptide	EX_dmgly_e	0.0	0.0	0.0	primary	optimal
riptide-20260916T042359Z	ME:LOX IMVI	riptide	EX_duri_e	0.0	0.0	0.0	primary	optimal
riptide-20260916T042359Z	ME:LOX IMVI	riptide	EX_ethamp_e	0.0	0.0	0.0	primary	optimal
riptide-20260916T042359Z	ME:LOX IMVI	riptide	EX_fol_e	0.0	0.0	0.0	primary	optimal
riptide-20260916T042359Z	ME:LOX IMVI	riptide	EX_fum_e	4.630412077389572	0.0	8.023479549290665	primary	optimal
riptide-20260916T042359Z	ME:LOX IMVI	riptide	EX_g3pc_e	0.0	0.0	0.0	primary	optimal
riptide-20260916T042359Z	ME:LOX IMVI	riptide	EX_glc__D_e	-10.0	-10.0	-3.269865668538866	primary	optimal
riptide-20260916T042359Z	ME:LOX IMVI	riptide	EX_glcur_e	0.0	0.0	0.0	primary	optimal
riptide-20260916T042359Z	ME:LOX IMVI	riptide	EX_gln__L_e	-7.167201060856456	-10.0	-1.8029584334433981	primary	optimal
riptide-20260916T042359Z	ME:LOX IMVI	riptide	EX_glu__L_e	-5.9082092565265665	-10.0	0.060147571403538436	primary	optimal
riptide-20260916T042359Z	ME:LOX IMVI	riptide	EX_gly_e	-4.822906241993712	-5.90831168411905	-4.822906241986988	primary	optimal
riptide-20260916T042359Z	ME:LOX IMVI	riptide	EX_glyald_e	0.0	0.0	0.0	primary	optimal
riptide-20260916T042359Z	ME:LOX IMVI	riptide	EX_glyb_e	0.0	0.0	0.0	primary	optimal
riptide-20260916T042359Z	ME:LOX IMVI	riptide	EX_glyc3p_e	0.0	0.0	0.0	primary	optimal
riptide-20260916T042359Z	ME:LOX IMVI	riptide	EX_gmp_e	0.0	0.0	0.0	primary	optimal
riptide-20260916T042359Z	ME:LOX IMVI	riptide	EX_gthox_e	0.0	0.0	0.0	primary	optimal
riptide-20260916T042359Z	ME:LOX IMVI	riptide	EX_hcys__L_e	0.0	0.0	0.0	primary	optimal
riptide-20260916T042359Z	ME:LOX IMVI	riptide	EX_hom__L_e	0.0	0.0	0.0	primary	optimal
riptide-20260916T042359Z	ME:LOX IMVI	riptide	EX_hxan_e	0.0	0.0	0.0	primary	optimal
riptide-20260916T042359Z	ME:LOX IMVI	riptide	EX_icit_e	0.0	0.0	0.0	primary	optimal
riptide-20260916T042359Z	ME:LOX IMVI	riptide	EX_ile__L_e	-0.7037554669883539	-0.8621371512823677	-0.703755466988186	primary	optimal
riptide-20260916T042359Z	ME:LOX IMVI	riptide	EX_imp_e	0.0	0.0	0.0	primary	optimal
riptide-20260916T042359Z	ME:LOX IMVI	riptide	EX_ins_e	0.0	0.0	0.0	primary	optimal
riptide-20260916T042359Z	ME:LOX IMVI	riptide	EX_lac__L_e	12.175495944385311	-1.0	18.14957941972146	primary	optimal
riptide-20260916T042359Z	ME:LOX IMVI	riptide	EX_lcts_e	0.0	0.0	0.0	primary	optimal
riptide-20260916T042359Z	ME:LOX IMVI	riptide	EX_leu__L_e	-1.3420450803102204	-1.6440752174555977	-1.3420450803018955	primary	optimal
riptide-20260916T042359Z	ME:LOX IMVI	riptide	EX_lys__L_e	-1.4566078642201417	-1.7844206027533664	-1.4566078642199045	primary	optimal
riptide-20260916T042359Z	ME:LOX IMVI	riptide	EX_mal__L_e	0.0	0.0	0.0	primary	optimal
riptide-20260916T042359Z	ME:LOX IMVI	riptide	EX_met__L_e	-0.3764261986158175	-0.46114172573536255	-0.37642619861570026	primary	optimal
riptide-20260916T042359Z	ME:LOX IMVI	riptide	EX_nac_e	1.2422731590003635e-12	1.2422731590003635e-12	1.2422731590003635e-12	primary	optimal
riptide-20260916T042359Z	ME:LOX IMVI	riptide	EX_ncam_e	0.0	0.0	0.0	primary	optimal
riptide-20260916T042359Z	ME:LOX IMVI	riptide	EX_nicrnt_e	0.0	0.0	0.0	primary	optimal
riptide-20260916T042359Z	ME:LOX IMVI	riptide	EX_orn_e	0.0	0.0	0.0	primary	optimal
riptide-20260916T042359Z	ME:LOX IMVI	riptide	EX_orot5p_e	0.0	0.0	0.0	primary	optimal
riptide-20260916T042359Z	ME:LOX IMVI	riptide	EX_orot_e	0.0	0.0	0.0	primary	optimal
riptide-20260916T042359Z	ME:LOX IMVI	riptide	EX_oxa_e	0.0	0.0	0.0	primary	optimal
riptide-20260916T042359Z	ME:LOX IMVI	riptide	EX_pep_e	0.0	0.0	0.0	primary	optimal
riptide-20260916T042359Z	ME:LOX IMVI	riptide	EX_phe__L_e	-0.6382896133139155	-0.7819380661731296	-0.6382896133137894	primary	optimal
riptide-20260916T042359Z	ME:LOX IMVI	riptide	EX_pnto__R_e	0.0	0.0	0.0	primary	optimal
riptide-20260916T042359Z	ME:LOX IMVI	riptide	EX_pro__L_e	-1.0147158119297401	-1.243079791908543	-1.0147158119296567	primary	optimal
riptide-20260916T042359Z	ME:LOX IMVI	riptide	EX_quln_e	0.0	0.0	0.0	primary	optimal
riptide-20260916T042359Z	ME:LOX IMVI	riptide	EX_sbt__D_e	0.0	0.0	0.0	primary	optimal
riptide-20260916T042359Z	ME:LOX IMVI	riptide	EX_ser__L_e	-9.294787648745974	-10.0	-0.16776419003979492	primary	optimal
riptide-20260916T042359Z	ME:LOX IMVI	riptide	EX_spmd_e	0.0	0.0	0.0	primary	optimal
riptide-20260916T042359Z	ME:LOX IMVI	riptide	EX_sprm_e	0.0	0.0	0.0	primary	optimal
riptide-20260916T042359Z	ME:LOX IMVI	riptide	EX_srtn_e	0.0	0.0	0.0	primary	optimal
riptide-20260916T042359Z	ME:LOX IMVI	riptide	EX_succ_e	10.671875123766839	7.5054622376998985	14.428101415612923	primary	optimal
riptide-20260916T042359Z	ME:LOX IMVI	riptide	EX_sucr_e	0.0	0.0	0.0	primary	optimal
riptide-20260916T042359Z	ME:LOX IMVI	riptide	EX_taur_e	0.0	0.0	0.0	primary	optimal
riptide-20260916T042359Z	ME:LOX IMVI	riptide	EX_tchola_e	0.0	0.0	0.0	primary	optimal
riptide-20260916T042359Z	ME:LOX IMVI	riptide	EX_thr__L_e	-0.7692213206628971	-0.9423362363919169	-0.7692213206627763	primary	optimal
riptide-20260916T042359Z	ME:LOX IMVI	riptide	EX_thym_e	0.0	0.0	0.0	primary	optimal
riptide-20260916T042359Z	ME:LOX IMVI	riptide	EX_thymd_e	0.0	0.0	0.0	primary	optimal
riptide-20260916T042359Z	ME:LOX IMVI	riptide	EX_trp__L_e	-0.03273292683723383	-0.04009954255468488	-0.03273292683723383	primary	optimal
riptide-20260916T042359Z	ME:LOX IMVI	riptide	EX_tyr__L_e	-0.3927926620346156	-0.48119149701282893	-0.3927926620343811	primary	optimal
riptide-20260916T042359Z	ME:LOX IMVI	riptide	EX_ump_e	0.0	0.0	0.0	primary	optimal
riptide-20260916T042359Z	ME:LOX IMVI	riptide	EX_ura_e	0.0	0.0	0.0	primary	optimal
riptide-20260916T042359Z	ME:LOX IMVI	riptide	EX_urate_e	0.0	0.0	0.0	primary	optimal
riptide-20260916T042359Z	ME:LOX IMVI	riptide	EX_uri_e	0.0	0.0	0.0	primary	optimal
riptide-20260916T042359Z	ME:LOX IMVI	riptide	EX_val__L_e	-0.8674176411620493	-1.0626318504123864	-0.8674176411619889	primary	optimal
riptide-20260916T042359Z	ME:LOX IMVI	riptide	EX_xan_e	0.0	0.0	0.0	primary	optimal
riptide-20260916T042359Z	ME:LOX IMVI	riptide	EX_xmp_e	0.0	0.0	0.0	primary	optimal
riptide-20260916T042359Z	ME:LOX IMVI	riptide	EX_xtsn_e	0.0	0.0	0.0	primary	optimal
riptide-20260916T042359Z	ME:M14	riptide	EX_2pg_e	0.0	0.0	0.0	primary	optimal
riptide-20260916T042359Z	ME:M14	riptide	EX_34hpp_e	0.0	0.0	0.0	primary	optimal
riptide-20260916T042359Z	ME:M14	riptide	EX_3hanthrn_e	0.0	0.0	0.0	primary	optimal
riptide-20260916T042359Z	ME:M14	riptide	EX_3pg_e	0.0	0.0	0.0	primary	optimal
riptide-20260916T042359Z	ME:M14	riptide	EX_4abut_e	0.0	0.0	0.0	primary	optimal
riptide-20260916T042359Z	ME:M14	riptide	EX_4hbz_e	0.0	0.0	0.0	primary	optimal
riptide-20260916T042359Z	ME:M14	riptide	EX_L2aadp_e	0.0	0.0	0.0	primary	optimal
riptide-20260916T042359Z	ME:M14	riptide	EX_Lkynr_e	0.0	0.0	0.0	primary	optimal
riptide-20260916T042359Z	ME:M14	riptide	EX_acac_e	0.0	0.0	0.0	primary	optimal
riptide-20260916T042359Z	ME:M14	riptide	EX_ade_e	0.0	0.0	0.0	primary	optimal
riptide-20260916T042359Z	ME:M14	riptide	EX_adn_e	0.0	0.0	0.0	primary	optimal
riptide-20260916T042359Z	ME:M14	riptide	EX_ahcys_e	0.0	0.0	0.0	primary	optimal
riptide-20260916T042359Z	ME:M14	riptide	EX_akg_e	0.0	0.0	0.0	primary	optimal
riptide-20260916T042359Z	ME:M14	riptide	EX_ala__L_e	3.7745098490263014	0.0	13.356173590346582	primary	optimal
riptide-20260916T042359Z	ME:M14	riptide	EX_amp_e	0.0	0.0	0.0	primary	optimal
riptide-20260916T042359Z	ME:M14	riptide	EX_anth_e	0.0	0.0	0.0	primary	optimal
riptide-20260916T042359Z	ME:M14	riptide	EX_arg__L_e	-0.8773871123030199	-1.069830315023095	-0.8773871123028278	primary	optimal
riptide-20260916T042359Z	ME:M14	riptide	EX_asn__L_e	-8.096246982918885	-10.0	-0.7120228277505131	primary	optimal
riptide-20260916T042359Z	ME:M14	riptide	EX_asp__L_e	0.0	0.0	0.0	primary	optimal
riptide-20260916T042359Z	ME:M14	riptide	EX_bilirub_e	0.0	0.0	0.0	primary	optimal
riptide-20260916T042359Z	ME:M14	riptide	EX_cala_e	0.0	0.0	0.0	primary	optimal
riptide-20260916T042359Z	ME:M14	riptide	EX_chol_e	-1.6797447560758147	-2.0481744447259933	-1.6797447560755092	primary	optimal
riptide-20260916T042359Z	ME:M14	riptide	EX_cholp_e	0.0	0.0	0.0	primary	optimal
riptide-20260916T042359Z	ME:M14	riptide	EX_cit_e	0.0	0.0	0.0	primary	optimal
riptide-20260916T042359Z	ME:M14	riptide	EX_citr__L_e	0.0	0.0	0.0	primary	optimal
riptide-20260916T042359Z	ME:M14	riptide	EX_cmp_e	0.0	0.0	0.0	primary	optimal
riptide-20260916T042359Z	ME:M14	riptide	EX_crn_e	9.316991622654314e-13	9.316991622654314e-13	9.316991622654314e-13	primary	optimal
riptide-20260916T042359Z	ME:M14	riptide	EX_cyst__L_e	0.0	0.0	0.0	primary	optimal
riptide-20260916T042359Z	ME:M14	riptide	EX_cytd_e	0.0	0.0	0.0	primary	optimal
riptide-20260916T042359Z	ME:M14	riptide	EX_dad_2_e	0.0	0.0	0.0	primary	optimal
riptide-20260916T042359Z	ME:M14	riptide	EX_dcmp_e	0.0	0.0	0.0	primary	optimal
riptide-20260916T042359Z	ME:M14	riptide	EX_dcyt_e	0.0	0.0	0.0	primary	optimal
riptide-20260916T042359Z	ME:M14	riptide	EX_dhap_e	0.0	0.0	0.0	primary	optimal
riptide-20260916T042359Z	ME:M14	riptide	EX_dmgly_e	0.0	0.0	0.0	primary	optimal
riptide-20260916T042359Z	ME:M14	riptide	EX_duri_e	0.0	0.0	0.0	primary	optimal
riptide-20260916T042359Z	ME:M14	riptide	EX_ethamp_e	0.0	0.0	0.0	primary	optimal
riptide-20260916T042359Z	ME:M14	riptide	EX_fol_e	4.153987787754283e-14	-1.3145040611561853e-13	1.758593271006248e-13	primary	optimal
riptide-20260916T042359Z	ME:M14	riptide	EX_fum_e	7.739251880076592	2.2178324206843674	11.889604419205531	primary	optimal
riptide-20260916T042359Z	ME:M14	riptide	EX_g3pc_e	0.0	0.0	0.0	primary	optimal
riptide-20260916T042359Z	ME:M14	riptide	EX_glc__D_e	-10.0	-10.0	-3.569896428224518	primary	optimal
riptide-20260916T042359Z	ME:M14	riptide	EX_glcur_e	0.0	0.0	0.0	primary	optimal
riptide-20260916T042359Z	ME:M14	riptide	EX_gln__L_e	-7.251348348840671	-10.0	-1.6281287214003037	primary	optimal
riptide-20260916T042359Z	ME:M14	riptide	EX_glu__L_e	-3.333935096400969	-10.0	0.876085011474158	primary	optimal
riptide-20260916T042359Z	ME:M14	riptide	EX_gly_e	-4.787997157490203	-5.838180702106937	-4.787997157489983	primary	optimal
riptide-20260916T042359Z	ME:M14	riptide	EX_glyald_e	0.0	0.0	0.0	primary	optimal
riptide-20260916T042359Z	ME:M14	riptide	EX_glyb_e	0.0	0.0	0.0	primary	optimal
riptide-20260916T042359Z	ME:M14	riptide	EX_glyc3p_e	0.0	0.0	0.0	primary	optimal
riptide-20260916T042359Z	ME:M14	riptide	EX_gmp_e	0.0	0.0	0.0	primary	optimal
riptide-20260916T042359Z	ME:M14	riptide	EX_gthox_e	0.0	0.0	0.0	primary	optimal
riptide-20260916T042359Z	ME:M14	riptide	EX_hcys__L_e	0.0	0.0	0.0	primary	optimal
riptide-20260916T042359Z	ME:M14	riptide	EX_hom__L_e	0.0	0.0	0.0	primary	optimal
riptide-20260916T042359Z	ME:M14	riptide	EX_hxan_e	0.0	0.0	0.0	primary	optimal
riptide-20260916T042359Z	ME:M14	riptide	EX_icit_e	0.0	0.0	0.0	primary	optimal
riptide-20260916T042359Z	ME:M14	riptide	EX_ile__L_e	-0.6986615551784691	-0.8519036821833132	-0.6986615551784663	primary	optimal
riptide-20260916T042359Z	ME:M14	riptide	EX_imp_e	0.0	0.0	0.0	primary	optimal
riptide-20260916T042359Z	ME:M14	riptide	EX_ins_e	0.0	0.0	0.0	primary	optimal
riptide-20260916T042359Z	ME:M14	riptide	EX_lac__L_e	10.532649169755693	-1.0	17.535199192567575	primary	optimal
riptide-20260916T042359Z	ME:M14	riptide	EX_lcts_e	0.0	0.0	0.0	primary	optimal
riptide-20260916T042359Z	ME:M14	riptide	EX_leu__L_e	-1.3323311106012277	-1.624560233198748	-1.3323311106002684	primary	optimal
riptide-20260916T042359Z	ME:M14	riptide	EX_lys__L_e	-1.4460646679680078	-1.763239734870542	-1.4460646679678284	primary	optimal
riptide-20260916T042359Z	ME:M14	riptide	EX_mal__L_e	0.0	0.0	0.0	primary	optimal
riptide-20260916T042359Z	ME:M14	riptide	EX_met__L_e	-0.37370155639475067	-0.4556680263436049	-0.3737015563947157	primary	optimal
riptide-20260916T042359Z	ME:M14	riptide	EX_nac_e	-2.143650758505107e-13	-6.430952275515321e-13	-2.143650758505107e-13	primary	optimal
riptide-20260916T042359Z	ME:M14	riptide	EX_ncam_e	0.0	0.0	0.0	primary	optimal
riptide-20260916T042359Z	ME:M14	riptide	EX_nicrnt_e	0.0	0.0	0.0	primary	optimal
riptide-20260916T042359Z	ME:M14	riptide	EX_orn_e	0.0	0.0	0.0	primary	optimal
riptide-20260916T042359Z	ME:M14	riptide	EX_orot5p_e	0.0	0.0	0.0	primary	optimal
riptide-20260916T042359Z	ME:M14	riptide	EX_orot_e	0.0	0.0	0.0	primary	optimal
riptide-20260916T042359Z	ME:M14	riptide	EX_oxa_e	0.0	0.0	0.0	primary	optimal
riptide-20260916T042359Z	ME:M14	riptide	EX_pep_e	0.0	0.0	0.0	primary	optimal
riptide-20260916T042359Z	ME:M14	riptide	EX_phe__L_e	-0.6336695554217251	-0.772656551015372	-0.6336695554216583	primary	optimal
riptide-20260916T042359Z	ME:M14	riptide	EX_pnto__R_e	0.0	0.0	0.0	primary	optimal
riptide-20260916T042359Z	ME:M14	riptide	EX_pro__L_e	-1.0073711118165196	-1.228324577358977	-1.0073711118163757	primary	optimal
riptide-20260916T042359Z	ME:M14	riptide	EX_quln_e	0.0	0.0	0.0	primary	optimal
riptide-20260916T042359Z	ME:M14	riptide	EX_sbt__D_e	0.0	0.0	0.0	primary	optimal
riptide-20260916T042359Z	ME:M14	riptide	EX_ser__L_e	-9.335254799180925	-10.0	-4.218917689343456	primary	optimal
riptide-20260916T042359Z	ME:M14	riptide	EX_spmd_e	0.0	0.0	0.0	primary	optimal
riptide-20260916T042359Z	ME:M14	riptide	EX_sprm_e	0.0	0.0	0.0	primary	optimal
riptide-20260916T042359Z	ME:M14	riptide	EX_srtn_e	0.0	0.0	0.0	primary	optimal
riptide-20260916T042359Z	ME:M14	riptide	EX_succ_e	8.870914188210168	6.722041852249436	12.183014877457696	primary	optimal
riptide-20260916T042359Z	ME:M14	riptide	EX_sucr_e	0.0	0.0	0.0	primary	optimal
riptide-20260916T042359Z	ME:M14	riptide	EX_taur_e	0.0	0.0	0.0	primary	optimal
riptide-20260916T042359Z	ME:M14	riptide	EX_tchola_e	0.0	0.0	0.0	primary	optimal
riptide-20260916T042359Z	ME:M14	riptide	EX_thr__L_e	-0.7636535549352164	-0.9311508133512538	-0.7636535549351304	primary	optimal
riptide-20260916T042359Z	ME:M14	riptide	EX_thym_e	0.0	0.0	0.0	primary	optimal
riptide-20260916T042359Z	ME:M14	riptide	EX_thymd_e	0.0	0.0	0.0	primary	optimal
riptide-20260916T042359Z	ME:M14	riptide	EX_trp__L_e	-0.03249599987844931	-0.039623565583970295	-0.03249599987844931	primary	optimal
riptide-20260916T042359Z	ME:M14	riptide	EX_tyr__L_e	-0.38994955633396877	-0.47547980913559507	-0.38994955633396877	primary	optimal
riptide-20260916T042359Z	ME:M14	riptide	EX_ump_e	0.0	0.0	0.0	primary	optimal
riptide-20260916T042359Z	ME:M14	riptide	EX_ura_e	0.0	0.0	0.0	primary	optimal
riptide-20260916T042359Z	ME:M14	riptide	EX_urate_e	0.0	0.0	0.0	primary	optimal
riptide-20260916T042359Z	ME:M14	riptide	EX_uri_e	0.0	0.0	0.0	primary	optimal
riptide-20260916T042359Z	ME:M14	riptide	EX_val__L_e	-0.8611391123638386	-1.0500185322311133	-0.8611391123636878	primary	optimal
riptide-20260916T042359Z	ME:M14	riptide	EX_xan_e	0.0	0.0	0.0	primary	optimal
riptide-20260916T042359Z	ME:M14	riptide	EX_xmp_e	0.0	0.0	0.0	primary	optimal
riptide-20260916T042359Z	ME:M14	riptide	EX_xtsn_e	0.0	0.0	0.0	primary	optimal
riptide-20260916T042359Z	ME:MDA-MB-435	riptide	EX_2pg_e	0.0	0.0	0.0	primary	optimal
riptide-20260916T042359Z	ME:MDA-MB-435	riptide	EX_34hpp_e	0.0	0.0	0.0	primary	optimal
riptide-20260916T042359Z	ME:MDA-MB-435	riptide	EX_3hanthrn_e	0.0	0.0	0.0	primary	optimal
riptide-20260916T042359Z	ME:MDA-MB-435	riptide	EX_3pg_e	0.0	0.0	0.0	primary	optimal
riptide-20260916T042359Z	ME:MDA-MB-435	riptide	EX_4abut_e	0.0	0.0	0.0	primary	optimal
riptide-20260916T042359Z	ME:MDA-MB-435	riptide	EX_4hbz_e	0.0	0.0	0.0	primary	optimal
riptide-20260916T042359Z	ME:MDA-MB-435	riptide	EX_L2aadp_e	0.0	0.0	0.0	primary	optimal
riptide-20260916T042359Z	ME:MDA-MB-435	riptide	EX_Lkynr_e	0.0	0.0	0.0	primary	optimal
riptide-20260916T042359Z	ME:MDA-MB-435	riptide	EX_acac_e	0.0	0.0	0.0	primary	optimal
riptide-20260916T042359Z	ME:MDA-MB-435	riptide	EX_ade_e	0.0	0.0	0.0	primary	optimal
riptide-20260916T042359Z	ME:MDA-MB-435	riptide	EX_adn_e	0.0	0.0	0.0	primary	optimal
riptide-20260916T042359Z	ME:MDA-MB-435	riptide	EX_ahcys_e	0.0	0.0	0.0	primary	optimal
riptide-20260916T042359Z	ME:MDA-MB-435	riptide	EX_akg_e	0.0	0.0	0.0	primary	optimal
riptide-20260916T042359Z	ME:MDA-MB-435	riptide	EX_ala__L_e	0.5219887178054419	0.4626269889761926	6.400371491214076	primary	optimal
riptide-20260916T042359Z	ME:MDA-MB-435	riptide	EX_amp_e	0.0	0.0	0.0	primary	optimal
riptide-20260916T042359Z	ME:MDA-MB-435	riptide	EX_anth_e	0.0	0.0	0.0	primary	optimal
riptide-20260916T042359Z	ME:MDA-MB-435	riptide	EX_arg__L_e	-0.8802307136558074	-1.0395916286557016	-0.8468422243655471	primary	optimal
riptide-20260916T042359Z	ME:MDA-MB-435	riptide	EX_asn__L_e	-5.380040869673797	-10.0	-0.6586563729426889	primary	optimal
riptide-20260916T042359Z	ME:MDA-MB-435	riptide	EX_asp__L_e	-0.7842717532200953	-3.1540481153839868	0.0	primary	optimal
riptide-20260916T042359Z	ME:MDA-MB-435	riptide	EX_bilirub_e	0.0	0.0	0.0	primary	optimal
riptide-20260916T042359Z	ME:MDA-MB-435	riptide	EX_cala_e	0.0	0.0	0.0	primary	optimal
riptide-20260916T042359Z	ME:MDA-MB-435	riptide	EX_chol_e	-1.6851887891530497	-1.9902829232480876	-1.6212670161838982	primary	optimal
riptide-20260916T042359Z	ME:MDA-MB-435	riptide	EX_cholp_e	0.0	0.0	0.0	primary	optimal
riptide-20260916T042359Z	ME:MDA-MB-435	riptide	EX_cit_e	0.0	0.0	0.0	primary	optimal
riptide-20260916T042359Z	ME:MDA-MB-435	riptide	EX_citr__L_e	0.0	0.0	0.0	primary	optimal
riptide-20260916T042359Z	ME:MDA-MB-435	riptide	EX_cmp_e	0.0	0.0	0.0	primary	optimal
riptide-20260916T042359Z	ME:MDA-MB-435	riptide	EX_crn_e	-2.390310172017962e-13	-2.390310172017962e-13	-1.0813572259849025e-13	primary	optimal
riptide-20260916T042359Z	ME:MDA-MB-435	riptide	EX_cyst__L_e	0.0	0.0	0.0	primary	optimal
riptide-20260916T042359Z	ME:MDA-MB-435	riptide	EX_cytd_e	0.0	0.0	0.0	primary	optimal
riptide-20260916T042359Z	ME:MDA-MB-435	riptide	EX_dad_2_e	0.0	0.0	0.0	primary	optimal
riptide-20260916T042359Z	ME:MDA-MB-435	riptide	EX_dcmp_e	0.0	0.0	0.0	primary	optimal
riptide-20260916T042359Z	ME:MDA-MB-435	riptide	EX_dcyt_e	0.0	0.0	0.0	primary	optimal
riptide-20260916T042359Z	ME:MDA-MB-435	riptide	EX_dhap_e	0.0	0.0	0.0	primary	optimal
riptide-20260916T042359Z	ME:MDA-MB-435	riptide	EX_dmgly_e	0.0	0.0	0.0	primary	optimal
riptide-20260916T042359Z	ME:MDA-MB-435	riptide	EX_duri_e	0.0	0.0	0.0	primary	optimal
riptide-20260916T042359Z	ME:MDA-MB-435	riptide	EX_ethamp_e	0.0	0.0	0.0	primary	optimal
riptide-20260916T042359Z	ME:MDA-MB-435	riptide	EX_fol_e	0.0	0.0	0.0	primary	optimal
riptide-20260916T042359Z	ME:MDA-MB-435	riptide	EX_fum_e	6.30504044149138	0.0	11.494433885969421	primary	optimal
riptide-20260916T042359Z	ME:MDA-MB-435	riptide	EX_g3pc_e	0.0	0.0	0.0	primary	optimal
riptide-20260916T042359Z	ME:MDA-MB-435	riptide	EX_glc__D_e	-8.44220529342535	-10.0	-4.015248959523235	primary	optimal
riptide-20260916T042359Z	ME:MDA-MB-435	riptide	EX_glcur_e	0.0	0.0	0.0	primary	optimal
riptide-20260916T042359Z	ME:MDA-MB-435	riptide	EX_gln__L_e	-9.211925883658909	-10.0	-6.8684074448365635	primary	optimal
riptide-20260916T042359Z	ME:MDA-MB-435	riptide	EX_glu__L_e	0.0	0.0	0.0	primary	optimal
riptide-20260916T042359Z	ME:MDA-MB-435	riptide	EX_gly_e	-4.803515000185131	-5.67316489284598	-4.621310372860557	primary	optimal
riptide-20260916T042359Z	ME:MDA-MB-435	riptide	EX_glyald_e	0.0	0.0	0.0	primary	optimal
riptide-20260916T042359Z	ME:MDA-MB-435	riptide	EX_glyb_e	0.0	0.0	0.0	primary	optimal
riptide-20260916T042359Z	ME:MDA-MB-435	riptide	EX_glyc3p_e	0.0	0.0	0.0	primary	optimal
riptide-20260916T042359Z	ME:MDA-MB-435	riptide	EX_gmp_e	0.0	0.0	0.0	primary	optimal
riptide-20260916T042359Z	ME:MDA-MB-435	riptide	EX_gthox_e	0.0	0.0	0.0	primary	optimal
riptide-20260916T042359Z	ME:MDA-MB-435	riptide	EX_hcys__L_e	0.0	0.0	0.0	primary	optimal
riptide-20260916T042359Z	ME:MDA-MB-435	riptide	EX_hom__L_e	0.0	0.0	0.0	primary	optimal
riptide-20260916T042359Z	ME:MDA-MB-435	riptide	EX_hxan_e	0.0	0.0	0.0	primary	optimal
riptide-20260916T042359Z	ME:MDA-MB-435	riptide	EX_icit_e	0.0	0.0	0.0	primary	optimal
riptide-20260916T042359Z	ME:MDA-MB-435	riptide	EX_ile__L_e	-0.7009259090944084	-0.8278246783459393	-0.6743387236599272	primary	optimal
riptide-20260916T042359Z	ME:MDA-MB-435	riptide	EX_imp_e	0.0	0.0	0.0	primary	optimal
riptide-20260916T042359Z	ME:MDA-MB-435	riptide	EX_ins_e	0.0	0.0	0.0	primary	optimal
riptide-20260916T042359Z	ME:MDA-MB-435	riptide	EX_lac__L_e	6.21522179515666	-1.0	15.893877851424781	primary	optimal
riptide-20260916T042359Z	ME:MDA-MB-435	riptide	EX_lcts_e	0.0	0.0	0.0	primary	optimal
riptide-20260916T042359Z	ME:MDA-MB-435	riptide	EX_leu__L_e	-1.3366491801239029	-1.5786421406874858	-1.2859480444506595	primary	optimal
riptide-20260916T042359Z	ME:MDA-MB-435	riptide	EX_lys__L_e	-1.4507513466170643	-1.713401874992744	-1.3957221422870383	primary	optimal
riptide-20260916T042359Z	ME:MDA-MB-435	riptide	EX_mal__L_e	0.0	0.0	7.683548713500028	primary	optimal
riptide-20260916T042359Z	ME:MDA-MB-435	riptide	EX_met__L_e	-0.37491271876137855	-0.4427885983233804	-0.3606917093135298	primary	optimal
riptide-20260916T042359Z	ME:MDA-MB-435	riptide	EX_nac_e	-4.3574911926337763e-13	-6.536236788950665e-13	-4.3574911926337763e-13	primary	optimal
riptide-20260916T042359Z	ME:MDA-MB-435	riptide	EX_ncam_e	0.0	0.0	0.0	primary	optimal
riptide-20260916T042359Z	ME:MDA-MB-435	riptide	EX_nicrnt_e	0.0	0.0	0.0	primary	optimal
riptide-20260916T042359Z	ME:MDA-MB-435	riptide	EX_orn_e	0.0	0.0	0.0	primary	optimal
riptide-20260916T042359Z	ME:MDA-MB-435	riptide	EX_orot5p_e	0.0	0.0	0.0	primary	optimal
riptide-20260916T042359Z	ME:MDA-MB-435	riptide	EX_orot_e	0.0	0.0	0.0	primary	optimal
riptide-20260916T042359Z	ME:MDA-MB-435	riptide	EX_oxa_e	0.0	0.0	0.0	primary	optimal
riptide-20260916T042359Z	ME:MDA-MB-435	riptide	EX_pep_e	0.0	0.0	0.0	primary	optimal
riptide-20260916T042359Z	ME:MDA-MB-435	riptide	EX_phe__L_e	-0.6357232710277119	-0.7508174623414766	-0.6116093207905973	primary	optimal
riptide-20260916T042359Z	ME:MDA-MB-435	riptide	EX_pnto__R_e	0.0	0.0	0.0	primary	optimal
riptide-20260916T042359Z	ME:MDA-MB-435	riptide	EX_pro__L_e	-1.0106359897887813	-1.193606060664849	-0.9723010301042123	primary	optimal
riptide-20260916T042359Z	ME:MDA-MB-435	riptide	EX_quln_e	0.0	0.0	0.0	primary	optimal
riptide-20260916T042359Z	ME:MDA-MB-435	riptide	EX_sbt__D_e	0.0	0.0	0.0	primary	optimal
riptide-20260916T042359Z	ME:MDA-MB-435	riptide	EX_ser__L_e	-9.102441068716608	-10.0	-3.6426847319920665	primary	optimal
riptide-20260916T042359Z	ME:MDA-MB-435	riptide	EX_spmd_e	0.0	0.0	0.0	primary	optimal
riptide-20260916T042359Z	ME:MDA-MB-435	riptide	EX_sprm_e	0.0	0.0	0.0	primary	optimal
riptide-20260916T042359Z	ME:MDA-MB-435	riptide	EX_srtn_e	0.0	0.0	0.0	primary	optimal
riptide-20260916T042359Z	ME:MDA-MB-435	riptide	EX_succ_e	7.320119248801513	5.187690489571551	8.321995544801467	primary	optimal
riptide-20260916T042359Z	ME:MDA-MB-435	riptide	EX_sucr_e	0.0	0.0	0.0	primary	optimal
riptide-20260916T042359Z	ME:MDA-MB-435	riptide	EX_taur_e	0.0	0.0	0.0	primary	optimal
riptide-20260916T042359Z	ME:MDA-MB-435	riptide	EX_tchola_e	0.0	0.0	0.0	primary	optimal
riptide-20260916T042359Z	ME:MDA-MB-435	riptide	EX_thr__L_e	-0.7661285471610491	-0.9048318943506218	-0.7370681265291612	primary	optimal
riptide-20260916T042359Z	ME:MDA-MB-435	riptide	EX_thym_e	0.0	0.0	0.0	primary	optimal
riptide-20260916T042359Z	ME:MDA-MB-435	riptide	EX_thymd_e	0.0	0.0	0.0	primary	optimal
riptide-20260916T042359Z	ME:MDA-MB-435	riptide	EX_trp__L_e	-0.03260131903310745	-0.03850360800226557	-0.0313647014345797	primary	optimal
riptide-20260916T042359Z	ME:MDA-MB-435	riptide	EX_tyr__L_e	-0.39121337827807334	-0.46204040232452276	-0.37637406003088003	primary	optimal
riptide-20260916T042359Z	ME:MDA-MB-435	riptide	EX_ump_e	0.0	0.0	0.0	primary	optimal
riptide-20260916T042359Z	ME:MDA-MB-435	riptide	EX_ura_e	0.0	0.0	0.0	primary	optimal
riptide-20260916T042359Z	ME:MDA-MB-435	riptide	EX_urate_e	0.0	0.0	0.0	primary	optimal
riptide-20260916T042359Z	ME:MDA-MB-435	riptide	EX_uri_e	0.0	0.0	0.0	primary	optimal
riptide-20260916T042359Z	ME:MDA-MB-435	riptide	EX_val__L_e	-0.863930054138982	-1.0203398246546123	-0.8311598736485077	primary	optimal
riptide-20260916T042359Z	ME:MDA-MB-435	riptide	EX_xan_e	0.0	0.0	0.0	primary	optimal
riptide-20260916T042359Z	ME:MDA-MB-435	riptide	EX_xmp_e	0.0	0.0	0.0	primary	optimal
riptide-20260916T042359Z	ME:MDA-MB-435	riptide	EX_xtsn_e	0.0	0.0	0.0	primary	optimal
riptide-20260916T042359Z	ME:SK-MEL-2	riptide	EX_2pg_e	0.0	0.0	0.0	primary	optimal
riptide-20260916T042359Z	ME:SK-MEL-2	riptide	EX_34hpp_e	0.0	0.0	0.0	primary	optimal
riptide-20260916T042359Z	ME:SK-MEL-2	riptide	EX_3hanthrn_e	0.0	0.0	0.0	primary	optimal
riptide-20260916T042359Z	ME:SK-MEL-2	riptide	EX_3pg_e	0.0	0.0	0.0	primary	optimal
riptide-20260916T042359Z	ME:SK-MEL-2	riptide	EX_4abut_e	0.0	0.0	0.0	primary	optimal
riptide-20260916T042359Z	ME:SK-MEL-2	riptide	EX_4hbz_e	0.0	0.0	0.0	primary	optimal
riptide-20260916T042359Z	ME:SK-MEL-2	riptide	EX_L2aadp_e	0.0	0.0	0.0	primary	optimal
riptide-20260916T042359Z	ME:SK-MEL-2	riptide	EX_Lkynr_e	0.0	0.0	0.0	primary	optimal
riptide-20260916T042359Z	ME:SK-MEL-2	riptide	EX_acac_e	0.0	0.0	0.0	primary	optimal
riptide-20260916T042359Z	ME:SK-MEL-2	riptide	EX_ade_e	0.0	0.0	0.0	primary	optimal
riptide-20260916T042359Z	ME:SK-MEL-2	riptide	EX_adn_e	0.0	0.0	0.0	primary	optimal
riptide-20260916T042359Z	ME:SK-MEL-2	riptide	EX_ahcys_e	0.0	0.0	0.0	primary	optimal
riptide-20260916T042359Z	ME:SK-MEL-2	riptide	EX_akg_e	0.0	0.0	0.0	primary	optimal
riptide-20260916T042359Z	ME:SK-MEL-2	riptide	EX_ala__L_e	3.1803364770911213	0.0	10.204086274219295	primary	optimal
riptide-20260916T042359Z	ME:SK-MEL-2	riptide	EX_amp_e	0.0	0.0	0.0	primary	optimal
riptide-20260916T042359Z	ME:SK-MEL-2	riptide	EX_anth_e	0.0	0.0	0.0	primary	optimal
riptide-20260916T042359Z	ME:SK-MEL-2	riptide	EX_arg__L_e	-0.8838453209426227	-1.0321498469490011	-0.841852808460775	primary	optimal
riptide-20260916T042359Z	ME:SK-MEL-2	riptide	EX_asn__L_e	-3.778245836455188	-6.241842176890661	-0.6555186488387842	primary	optimal
riptide-20260916T042359Z	ME:SK-MEL-2	riptide	EX_asp__L_e	-1.592375545812431	-1.8595676607075138	-1.516719943634185	primary	optimal
riptide-20260916T042359Z	ME:SK-MEL-2	riptide	EX_bilirub_e	0.0	0.0	1.4119721669427486e-13	primary	optimal
riptide-20260916T042359Z	ME:SK-MEL-2	riptide	EX_cala_e	0.0	0.0	0.0	primary	optimal
riptide-20260916T042359Z	ME:SK-MEL-2	riptide	EX_chol_e	-1.6921089017805877	-1.9760357413345095	-1.6117148526235052	primary	optimal
riptide-20260916T042359Z	ME:SK-MEL-2	riptide	EX_cholp_e	0.0	0.0	0.0	primary	optimal
riptide-20260916T042359Z	ME:SK-MEL-2	riptide	EX_cit_e	0.0	0.0	0.0	primary	optimal
riptide-20260916T042359Z	ME:SK-MEL-2	riptide	EX_citr__L_e	0.0	0.0	0.0	primary	optimal
riptide-20260916T042359Z	ME:SK-MEL-2	riptide	EX_cmp_e	0.0	0.0	0.0	primary	optimal
riptide-20260916T042359Z	ME:SK-MEL-2	riptide	EX_crn_e	-1.3677947663381929e-13	-1.3677947663381929e-13	-1.3677947663381929e-13	primary	optimal
riptide-20260916T042359Z	ME:SK-MEL-2	riptide	EX_cyst__L_e	0.0	0.0	0.0	primary	optimal
riptide-20260916T042359Z	ME:SK-MEL-2	riptide	EX_cytd_e	0.0	0.0	0.0	primary	optimal
riptide-20260916T042359Z	ME:SK-MEL-2	riptide	EX_dad_2_e	0.0	0.0	0.0	primary	optimal
riptide-20260916T042359Z	ME:SK-MEL-2	riptide	EX_dcmp_e	0.0	0.0	0.0	primary	optimal
riptide-20260916T042359Z	ME:SK-MEL-2	riptide	EX_dcyt_e	0.0	0.0	0.0	primary	optimal
riptide-20260916T042359Z	ME:SK-MEL-2	riptide	EX_dhap_e	0.0	0.0	0.0	primary	optimal
riptide-20260916T042359Z	ME:SK-MEL-2	riptide	EX_dmgly_e	0.0	0.0	0.0	primary	optimal
riptide-20260916T042359Z	ME:SK-MEL-2	riptide	EX_duri_e	0.0	0.0	0.0	primary	optimal
riptide-20260916T042359Z	ME:SK-MEL-2	riptide	EX_ethamp_e	0.0	0.0	0.0	primary	optimal
riptide-20260916T042359Z	ME:SK-MEL-2	riptide	EX_fol_e	2.575717417130363e-13	2.575717417130363e-13	2.575717417130363e-13	primary	optimal
riptide-20260916T042359Z	ME:SK-MEL-2	riptide	EX_fum_e	0.44193988175344545	0.420942807318771	0.51609503439235	primary	optimal
riptide-20260916T042359Z	ME:SK-MEL-2	riptide	EX_g3pc_e	0.0	0.0	0.0	primary	optimal
riptide-20260916T042359Z	ME:SK-MEL-2	riptide	EX_glc__D_e	-9.923412394868214	-10.0	-4.59355710710716	primary	optimal
riptide-20260916T042359Z	ME:SK-MEL-2	riptide	EX_glcur_e	0.0	0.0	0.0	primary	optimal
riptide-20260916T042359Z	ME:SK-MEL-2	riptide	EX_gln__L_e	-9.235282454367729	-10.0	-6.790965639770298	primary	optimal
riptide-20260916T042359Z	ME:SK-MEL-2	riptide	EX_glu__L_e	0.0	0.0	0.0	primary	optimal
riptide-20260916T042359Z	ME:SK-MEL-2	riptide	EX_gly_e	-4.823240306350407	-5.632554278490826	-4.59408258613831	primary	optimal
riptide-20260916T042359Z	ME:SK-MEL-2	riptide	EX_glyald_e	0.0	0.0	0.0	primary	optimal
riptide-20260916T042359Z	ME:SK-MEL-2	riptide	EX_glyb_e	0.0	0.0	0.0	primary	optimal
riptide-20260916T042359Z	ME:SK-MEL-2	riptide	EX_glyc3p_e	0.0	0.0	0.0	primary	optimal
riptide-20260916T042359Z	ME:SK-MEL-2	riptide	EX_gmp_e	0.0	0.0	0.0	primary	optimal
riptide-20260916T042359Z	ME:SK-MEL-2	riptide	EX_gthox_e	0.0	0.0	0.0	primary	optimal
riptide-20260916T042359Z	ME:SK-MEL-2	riptide	EX_hcys__L_e	0.0	0.0	0.0	primary	optimal
riptide-20260916T042359Z	ME:SK-MEL-2	riptide	EX_hom__L_e	0.0	0.0	0.0	primary	optimal
riptide-20260916T042359Z	ME:SK-MEL-2	riptide	EX_hxan_e	0.0	0.0	0.0	primary	optimal
riptide-20260916T042359Z	ME:SK-MEL-2	riptide	EX_icit_e	0.0	0.0	0.0	primary	optimal
riptide-20260916T042359Z	ME:SK-MEL-2	riptide	EX_ile__L_e	-0.7038042134516047	-0.8218988028599795	-0.6703656620242935	primary	optimal
riptide-20260916T042359Z	ME:SK-MEL-2	riptide	EX_imp_e	0.0	0.0	0.0	primary	optimal
riptide-20260916T042359Z	ME:SK-MEL-2	riptide	EX_ins_e	0.0	0.0	0.0	primary	optimal
riptide-20260916T042359Z	ME:SK-MEL-2	riptide	EX_lac__L_e	5.342095480886238	-1.0	14.780210289226995	primary	optimal
riptide-20260916T042359Z	ME:SK-MEL-2	riptide	EX_lcts_e	0.0	0.0	0.0	primary	optimal
riptide-20260916T042359Z	ME:SK-MEL-2	riptide	EX_leu__L_e	-1.342138038658093	-1.5673416358735754	-1.2783715096000208	primary	optimal
riptide-20260916T042359Z	ME:SK-MEL-2	riptide	EX_lys__L_e	-1.4567087579040812	-1.7011367101162416	-1.3874988415879965	primary	optimal
riptide-20260916T042359Z	ME:SK-MEL-2	riptide	EX_mal__L_e	5.737413196687574	0.16937643652081247	8.736539237209012	primary	optimal
riptide-20260916T042359Z	ME:SK-MEL-2	riptide	EX_met__L_e	-0.3764522722262379	-0.4396189536281307	-0.35856658978188527	primary	optimal
riptide-20260916T042359Z	ME:SK-MEL-2	riptide	EX_nac_e	-2.1320041028988844e-13	-4.264008205797769e-13	-2.1320041028988844e-13	primary	optimal
riptide-20260916T042359Z	ME:SK-MEL-2	riptide	EX_ncam_e	0.0	0.0	0.0	primary	optimal
riptide-20260916T042359Z	ME:SK-MEL-2	riptide	EX_nicrnt_e	0.0	0.0	0.0	primary	optimal
riptide-20260916T042359Z	ME:SK-MEL-2	riptide	EX_orn_e	0.0	0.0	0.0	primary	optimal
riptide-20260916T042359Z	ME:SK-MEL-2	riptide	EX_orot5p_e	0.0	0.0	0.0	primary	optimal
riptide-20260916T042359Z	ME:SK-MEL-2	riptide	EX_orot_e	0.0	0.0	0.0	primary	optimal
riptide-20260916T042359Z	ME:SK-MEL-2	riptide	EX_oxa_e	0.0	0.0	0.0	primary	optimal
riptide-20260916T042359Z	ME:SK-MEL-2	riptide	EX_pep_e	0.0	0.0	0.0	primary	optimal
riptide-20260916T042359Z	ME:SK-MEL-2	riptide	EX_phe__L_e	-0.6383338252065316	-0.7454428330136099	-0.6080058475757557	primary	optimal
riptide-20260916T042359Z	ME:SK-MEL-2	riptide	EX_pnto__R_e	0.0	0.0	0.0	primary	optimal
riptide-20260916T042359Z	ME:SK-MEL-2	riptide	EX_pro__L_e	-1.0147860974327694	-1.1850617866417401	-0.966572437357641	primary	optimal
riptide-20260916T042359Z	ME:SK-MEL-2	riptide	EX_quln_e	0.0	0.0	0.0	primary	optimal
riptide-20260916T042359Z	ME:SK-MEL-2	riptide	EX_sbt__D_e	0.0	0.0	0.0	primary	optimal
riptide-20260916T042359Z	ME:SK-MEL-2	riptide	EX_ser__L_e	-8.678139402114649	-10.0	-1.3862761430903994	primary	optimal
riptide-20260916T042359Z	ME:SK-MEL-2	riptide	EX_spmd_e	0.0	0.0	0.0	primary	optimal
riptide-20260916T042359Z	ME:SK-MEL-2	riptide	EX_sprm_e	0.0	0.0	0.0	primary	optimal
riptide-20260916T042359Z	ME:SK-MEL-2	riptide	EX_srtn_e	0.0	0.0	0.0	primary	optimal
riptide-20260916T042359Z	ME:SK-MEL-2	riptide	EX_succ_e	6.422108475095786	3.674130738898505	8.33188199339389	primary	optimal
riptide-20260916T042359Z	ME:SK-MEL-2	riptide	EX_sucr_e	0.0	0.0	0.0	primary	optimal
riptide-20260916T042359Z	ME:SK-MEL-2	riptide	EX_taur_e	0.0	0.0	0.0	primary	optimal
riptide-20260916T042359Z	ME:SK-MEL-2	riptide	EX_tchola_e	0.0	0.0	0.0	primary	optimal
riptide-20260916T042359Z	ME:SK-MEL-2	riptide	EX_thr__L_e	-0.7692746016966785	-0.8983547727063496	-0.7327254764727034	primary	optimal
riptide-20260916T042359Z	ME:SK-MEL-2	riptide	EX_thym_e	0.0	0.0	0.0	primary	optimal
riptide-20260916T042359Z	ME:SK-MEL-2	riptide	EX_thymd_e	0.0	0.0	0.0	primary	optimal
riptide-20260916T042359Z	ME:SK-MEL-2	riptide	EX_trp__L_e	-0.03273519412253671	-0.0382279849231849	-0.0311799072241552	primary	optimal
riptide-20260916T042359Z	ME:SK-MEL-2	riptide	EX_tyr__L_e	-0.39281986928750634	-0.45873294608972326	-0.3741565433938643	primary	optimal
riptide-20260916T042359Z	ME:SK-MEL-2	riptide	EX_ump_e	0.0	0.0	0.0	primary	optimal
riptide-20260916T042359Z	ME:SK-MEL-2	riptide	EX_ura_e	0.0	0.0	0.0	primary	optimal
riptide-20260916T042359Z	ME:SK-MEL-2	riptide	EX_urate_e	0.0	0.0	0.0	primary	optimal
riptide-20260916T042359Z	ME:SK-MEL-2	riptide	EX_uri_e	0.0	0.0	0.0	primary	optimal
riptide-20260916T042359Z	ME:SK-MEL-2	riptide	EX_val__L_e	-0.8674777238813544	-1.0130358544874085	-0.8262628548487179	primary	optimal
riptide-20260916T042359Z	ME:SK-MEL-2	riptide	EX_xan_e	0.0	0.0	0.0	primary	optimal
riptide-20260916T042359Z	ME:SK-MEL-2	riptide	EX_xmp_e	0.0	0.0	0.0	primary	optimal
riptide-20260916T042359Z	ME:SK-MEL-2	riptide	EX_xtsn_e	0.0	0.0	0.0	primary	optimal
riptide-20260916T042359Z	ME:SK-MEL-28	riptide	EX_2pg_e	0.0	0.0	0.0	primary	optimal
riptide-20260916T042359Z	ME:SK-MEL-28	riptide	EX_34hpp_e	0.0	0.0	0.0	primary	optimal
riptide-20260916T042359Z	ME:SK-MEL-28	riptide	EX_3hanthrn_e	0.0	0.0	0.0	primary	optimal
riptide-20260916T042359Z	ME:SK-MEL-28	riptide	EX_3pg_e	0.0	0.0	0.0	primary	optimal
riptide-20260916T042359Z	ME:SK-MEL-28	riptide	EX_4abut_e	0.0	0.0	0.0	primary	optimal
riptide-20260916T042359Z	ME:SK-MEL-28	riptide	EX_4hbz_e	0.0	0.0	0.0	primary	optimal
riptide-20260916T042359Z	ME:SK-MEL-28	riptide	EX_L2aadp_e	0.0	0.0	0.0	primary	optimal
riptide-20260916T042359Z	ME:SK-MEL-28	riptide	EX_Lkynr_e	0.0	0.0	0.0	primary	optimal
riptide-20260916T042359Z	ME:SK-MEL-28	riptide	EX_acac_e	0.0	0.0	0.0	primary	optimal
riptide-20260916T042359Z	ME:SK-MEL-28	riptide	EX_ade_e	0.0	0.0	0.0	primary	optimal
riptide-20260916T042359Z	ME:SK-MEL-28	riptide	EX_adn_e	0.0	0.0	0.0	primary	optimal
riptide-20260916T042359Z	ME:SK-MEL-28	riptide	EX_ahcys_e	0.0	0.0	0.0	primary	optimal
riptide-20260916T042359Z	ME:SK-MEL-28	riptide	EX_akg_e	0.0	0.0	0.0	primary	optimal
riptide-20260916T042359Z	ME:SK-MEL-28	riptide	EX_ala__L_e	3.9924063782147328	0.0	15.013376348801707	primary	optimal
riptide-20260916T042359Z	ME:SK-MEL-28	riptide	EX_amp_e	0.0	0.0	0.0	primary	optimal
riptide-20260916T042359Z	ME:SK-MEL-28	riptide	EX_anth_e	0.0	0.0	0.0	primary	optimal
riptide-20260916T042359Z	ME:SK-MEL-28	riptide	EX_arg__L_e	-0.8547981347629312	-1.0400166400525173	-0.8547981347627651	primary	optimal
riptide-20260916T042359Z	ME:SK-MEL-28	riptide	EX_asn__L_e	-5.342448314605072	-7.215553581746507	-1.0501710474776482	primary	optimal
riptide-20260916T042359Z	ME:SK-MEL-28	riptide	EX_asp__L_e	-1.5400428266736474	-1.8737408295466416	-1.5400428266677064	primary	optimal
riptide-20260916T042359Z	ME:SK-MEL-28	riptide	EX_bilirub_e	1.6880889368880326e-13	1.6880889368880326e-13	1.6880889368880326e-13	primary	optimal
riptide-20260916T042359Z	ME:SK-MEL-28	riptide	EX_cala_e	0.0	0.0	0.0	primary	optimal
riptide-20260916T042359Z	ME:SK-MEL-28	riptide	EX_chol_e	-1.335762929373565	-1.958927335484675	-0.5408764582439864	primary	optimal
riptide-20260916T042359Z	ME:SK-MEL-28	riptide	EX_cholp_e	0.0	0.0	0.0	primary	optimal
riptide-20260916T042359Z	ME:SK-MEL-28	riptide	EX_cit_e	0.0	0.0	0.0	primary	optimal
riptide-20260916T042359Z	ME:SK-MEL-28	riptide	EX_citr__L_e	0.0	0.0	0.0	primary	optimal
riptide-20260916T042359Z	ME:SK-MEL-28	riptide	EX_cmp_e	0.0	0.0	0.0	primary	optimal
riptide-20260916T042359Z	ME:SK-MEL-28	riptide	EX_crn_e	0.0	0.0	0.0	primary	optimal
riptide-20260916T042359Z	ME:SK-MEL-28	riptide	EX_cyst__L_e	0.0	0.0	0.0	primary	optimal
riptide-20260916T042359Z	ME:SK-MEL-28	riptide	EX_cytd_e	0.0	0.0	0.0	primary	optimal
riptide-20260916T042359Z	ME:SK-MEL-28	riptide	EX_dad_2_e	0.0	0.0	0.0	primary	optimal
riptide-20260916T042359Z	ME:SK-MEL-28	riptide	EX_dcmp_e	0.0	0.0	0.0	primary	optimal
riptide-20260916T042359Z	ME:SK-MEL-28	riptide	EX_dcyt_e	0.0	0.0	0.0	primary	optimal
riptide-20260916T042359Z	ME:SK-MEL-28	riptide	EX_dhap_e	0.0	0.0	0.0	primary	optimal
riptide-20260916T042359Z	ME:SK-MEL-28	riptide	EX_dmgly_e	0.0	0.0	0.0	primary	optimal
riptide-20260916T042359Z	ME:SK-MEL-28	riptide	EX_duri_e	0.0	0.0	0.0	primary	optimal
riptide-20260916T042359Z	ME:SK-MEL-28	riptide	EX_ethamp_e	0.0	0.0	0.0	primary	optimal
riptide-20260916T042359Z	ME:SK-MEL-28	riptide	EX_fol_e	0.0	0.0	0.0	primary	optimal
riptide-20260916T042359Z	ME:SK-MEL-28	riptide	EX_fum_e	0.42741572269848555	0.4274157226928575	0.5200285842240477	primary	optimal
riptide-20260916T042359Z	ME:SK-MEL-28	riptide	EX_g3pc_e	0.0	0.0	0.0	primary	optimal
riptide-20260916T042359Z	ME:SK-MEL-28	riptide	EX_glc__D_e	-10.0	-10.0	-3.2813947220629314	primary	optimal
riptide-20260916T042359Z	ME:SK-MEL-28	riptide	EX_glcur_e	0.0	0.0	0.0	primary	optimal
riptide-20260916T042359Z	ME:SK-MEL-28	riptide	EX_gln__L_e	-9.39103630296208	-10.0	-6.339319479744965	primary	optimal
riptide-20260916T042359Z	ME:SK-MEL-28	riptide	EX_glu__L_e	0.0	0.0	0.0	primary	optimal
riptide-20260916T042359Z	ME:SK-MEL-28	riptide	EX_gly_e	-3.761507054852061	-5.581240452622025	-1.377860548485307	primary	optimal
riptide-20260916T042359Z	ME:SK-MEL-28	riptide	EX_glyald_e	0.0	0.0	0.0	primary	optimal
riptide-20260916T042359Z	ME:SK-MEL-28	riptide	EX_glyb_e	0.0	0.0	0.0	primary	optimal
riptide-20260916T042359Z	ME:SK-MEL-28	riptide	EX_glyc3p_e	0.0	0.0	0.0	primary	optimal
riptide-20260916T042359Z	ME:SK-MEL-28	riptide	EX_gmp_e	0.0	0.0	0.0	primary	optimal
riptide-20260916T042359Z	ME:SK-MEL-28	riptide	EX_gthox_e	0.0	0.0	0.0	primary	optimal
riptide-20260916T042359Z	ME:SK-MEL-28	riptide	EX_hcys__L_e	0.0	0.0	0.0	primary	optimal
riptide-20260916T042359Z	ME:SK-MEL-28	riptide	EX_hom__L_e	0.0	0.0	0.0	primary	optimal
riptide-20260916T042359Z	ME:SK-MEL-28	riptide	EX_hxan_e	0.0	0.0	0.0	primary	optimal
riptide-20260916T042359Z	ME:SK-MEL-28	riptide	EX_icit_e	0.0	0.0	0.0	primary	optimal
riptide-20260916T042359Z	ME:SK-MEL-28	riptide	EX_ile__L_e	-0.680673998766097	-0.8281631140481998	-0.6806739987660873	primary	optimal
riptide-20260916T042359Z	ME:SK-MEL-28	riptide	EX_imp_e	0.0	0.0	0.0	primary	optimal
riptide-20260916T042359Z	ME:SK-MEL-28	riptide	EX_ins_e	0.0	0.0	0.0	primary	optimal
riptide-20260916T042359Z	ME:SK-MEL-28	riptide	EX_lac__L_e	10.917470829483069	-1.0	15.750432571763032	primary	optimal
riptide-20260916T042359Z	ME:SK-MEL-28	riptide	EX_lcts_e	0.0	0.0	0.0	primary	optimal
riptide-20260916T042359Z	ME:SK-MEL-28	riptide	EX_leu__L_e	-1.2980292646863054	-1.5792875295907791	-1.2980292646859368	primary	optimal
riptide-20260916T042359Z	ME:SK-MEL-28	riptide	EX_lys__L_e	-1.4088346678366026	-1.714102357089632	-1.4088346678365493	primary	optimal
riptide-20260916T042359Z	ME:SK-MEL-28	riptide	EX_mal__L_e	0.0	0.0	0.0	primary	optimal
riptide-20260916T042359Z	ME:SK-MEL-28	riptide	EX_met__L_e	-0.3640803345353172	-0.4429696215207809	-0.36408033453524347	primary	optimal
riptide-20260916T042359Z	ME:SK-MEL-28	riptide	EX_nac_e	0.0	0.0	0.0	primary	optimal
riptide-20260916T042359Z	ME:SK-MEL-28	riptide	EX_ncam_e	0.0	0.0	0.0	primary	optimal
riptide-20260916T042359Z	ME:SK-MEL-28	riptide	EX_nicrnt_e	0.0	0.0	0.0	primary	optimal
riptide-20260916T042359Z	ME:SK-MEL-28	riptide	EX_orn_e	0.0	0.0	0.0	primary	optimal
riptide-20260916T042359Z	ME:SK-MEL-28	riptide	EX_orot5p_e	0.0	0.0	0.0	primary	optimal
riptide-20260916T042359Z	ME:SK-MEL-28	riptide	EX_orot_e	0.0	0.0	0.0	primary	optimal
riptide-20260916T042359Z	ME:SK-MEL-28	riptide	EX_oxa_e	0.0	0.0	0.0	primary	optimal
riptide-20260916T042359Z	ME:SK-MEL-28	riptide	EX_pep_e	0.0	0.0	0.0	primary	optimal
riptide-20260916T042359Z	ME:SK-MEL-28	riptide	EX_phe__L_e	-0.6173552659198975	-0.7511244155426463	-0.6173552659198691	primary	optimal
riptide-20260916T042359Z	ME:SK-MEL-28	riptide	EX_pnto__R_e	0.0	0.0	0.0	primary	optimal
riptide-20260916T042359Z	ME:SK-MEL-28	riptide	EX_pro__L_e	-0.9814356004561562	-1.1940940370649251	-0.981435600455077	primary	optimal
riptide-20260916T042359Z	ME:SK-MEL-28	riptide	EX_quln_e	0.0	0.0	0.0	primary	optimal
riptide-20260916T042359Z	ME:SK-MEL-28	riptide	EX_sbt__D_e	0.0	0.0	0.0	primary	optimal
riptide-20260916T042359Z	ME:SK-MEL-28	riptide	EX_ser__L_e	-8.73392638219318	-10.0	-1.2748050880967075	primary	optimal
riptide-20260916T042359Z	ME:SK-MEL-28	riptide	EX_spmd_e	0.0	0.0	0.0	primary	optimal
riptide-20260916T042359Z	ME:SK-MEL-28	riptide	EX_sprm_e	0.0	0.0	0.0	primary	optimal
riptide-20260916T042359Z	ME:SK-MEL-28	riptide	EX_srtn_e	0.0	0.0	0.0	primary	optimal
riptide-20260916T042359Z	ME:SK-MEL-28	riptide	EX_succ_e	7.6771544562297365	4.637662483751318	8.306231034355898	primary	optimal
riptide-20260916T042359Z	ME:SK-MEL-28	riptide	EX_sucr_e	0.0	0.0	0.0	primary	optimal
riptide-20260916T042359Z	ME:SK-MEL-28	riptide	EX_taur_e	0.0	0.0	0.0	primary	optimal
riptide-20260916T042359Z	ME:SK-MEL-28	riptide	EX_tchola_e	0.0	0.0	0.0	primary	optimal
riptide-20260916T042359Z	ME:SK-MEL-28	riptide	EX_thr__L_e	-0.7439927316122024	-0.9052018125535917	-0.7439927316121739	primary	optimal
riptide-20260916T042359Z	ME:SK-MEL-28	riptide	EX_thym_e	0.0	0.0	0.0	primary	optimal
riptide-20260916T042359Z	ME:SK-MEL-28	riptide	EX_thymd_e	0.0	0.0	0.0	primary	optimal
riptide-20260916T042359Z	ME:SK-MEL-28	riptide	EX_trp__L_e	-0.03165936642307621	-0.038519349252736146	-0.031659366423067326	primary	optimal
riptide-20260916T042359Z	ME:SK-MEL-28	riptide	EX_tyr__L_e	-0.3799100177467576	-0.4622292961469874	-0.3799100177467576	primary	optimal
riptide-20260916T042359Z	ME:SK-MEL-28	riptide	EX_ump_e	0.0	0.0	0.0	primary	optimal
riptide-20260916T042359Z	ME:SK-MEL-28	riptide	EX_ura_e	0.0	0.0	0.0	primary	optimal
riptide-20260916T042359Z	ME:SK-MEL-28	riptide	EX_urate_e	0.0	0.0	0.0	primary	optimal
riptide-20260916T042359Z	ME:SK-MEL-28	riptide	EX_uri_e	0.0	0.0	0.0	primary	optimal
riptide-20260916T042359Z	ME:SK-MEL-28	riptide	EX_val__L_e	-0.8389684515515414	-1.0207569654262836	-0.8389684515513292	primary	optimal
riptide-20260916T042359Z	ME:SK-MEL-28	riptide	EX_xan_e	0.0	0.0	0.0	primary	optimal
riptide-20260916T042359Z	ME:SK-MEL-28	riptide	EX_xmp_e	0.0	0.0	0.0	primary	optimal
riptide-20260916T042359Z	ME:SK-MEL-28	riptide	EX_xtsn_e	0.0	0.0	0.0	primary	optimal
riptide-20260916T042359Z	ME:SK-MEL-5	riptide	EX_2pg_e				primary	failed
riptide-20260916T042359Z	ME:SK-MEL-5	riptide	EX_34hpp_e				primary	failed
riptide-20260916T042359Z	ME:SK-MEL-5	riptide	EX_3hanthrn_e				primary	failed
riptide-20260916T042359Z	ME:SK-MEL-5	riptide	EX_3pg_e				primary	failed
riptide-20260916T042359Z	ME:SK-MEL-5	riptide	EX_4abut_e				primary	failed
riptide-20260916T042359Z	ME:SK-MEL-5	riptide	EX_4hbz_e				primary	failed
riptide-20260916T042359Z	ME:SK-MEL-5	riptide	EX_L2aadp_e				primary	failed
riptide-20260916T042359Z	ME:SK-MEL-5	riptide	EX_Lkynr_e				primary	failed
riptide-20260916T042359Z	ME:SK-MEL-5	riptide	EX_acac_e				primary	failed
riptide-20260916T042359Z	ME:SK-MEL-5	riptide	EX_ade_e				primary	failed
riptide-20260916T042359Z	ME:SK-MEL-5	riptide	EX_adn_e				primary	failed
riptide-20260916T042359Z	ME:SK-MEL-5	riptide	EX_ahcys_e				primary	failed
riptide-20260916T042359Z	ME:SK-MEL-5	riptide	EX_akg_e				primary	failed
riptide-20260916T042359Z	ME:SK-MEL-5	riptide	EX_ala__L_e				primary	failed
riptide-20260916T042359Z	ME:SK-MEL-5	riptide	EX_amp_e				primary	failed
riptide-20260916T042359Z	ME:SK-MEL-5	riptide	EX_anth_e				primary	failed
riptide-20260916T042359Z	ME:SK-MEL-5	riptide	EX_arg__L_e				primary	failed
riptide-20260916T042359Z	ME:SK-MEL-5	riptide	EX_asn__L_e				primary	failed
riptide-20260916T042359Z	ME:SK-MEL-5	riptide	EX_asp__L_e				primary	failed
riptide-20260916T042359Z	ME:SK-MEL-5	riptide	EX_bilirub_e				primary	failed
riptide-20260916T042359Z	ME:SK-MEL-5	riptide	EX_cala_e				primary	failed
riptide-20260916T042359Z	ME:SK-MEL-5	riptide	EX_chol_e				primary	failed
riptide-20260916T042359Z	ME:SK-MEL-5	riptide	EX_cholp_e				primary	failed
riptide-20260916T042359Z	ME:SK-MEL-5	riptide	EX_cit_e				primary	failed
riptide-20260916T042359Z	ME:SK-MEL-5	riptide	EX_citr__L_e				primary	failed
riptide-20260916T042359Z	ME:SK-MEL-5	riptide	EX_cmp_e				primary	failed
riptide-20260916T042359Z	ME:SK-MEL-5	riptide	EX_crn_e				primary	failed
riptide-20260916T042359Z	ME:SK-MEL-5	riptide	EX_cyst__L_e				primary	failed
riptide-20260916T042359Z	ME:SK-MEL-5	riptide	EX_cytd_e				primary	failed
riptide-20260916T042359Z	ME:SK-MEL-5	riptide	EX_dad_2_e				primary	failed
riptide-20260916T042359Z	ME:SK-MEL-5	riptide	EX_dcmp_e				primary	failed
riptide-20260916T042359Z	ME:SK-MEL-5	riptide	EX_dcyt_e				primary	failed
riptide-20260916T042359Z	ME:SK-MEL-5	riptide	EX_dhap_e				primary	failed
riptide-20260916T042359Z	ME:SK-MEL-5	riptide	EX_dmgly_e				primary	failed
riptide-20260916T042359Z	ME:SK-MEL-5	riptide	EX_duri_e				primary	failed
riptide-20260916T042359Z	ME:SK-MEL-5	riptide	EX_ethamp_e				primary	failed
riptide-20260916T042359Z	ME:SK-MEL-5	riptide	EX_fol_e				primary	failed
riptide-20260916T042359Z	ME:SK-MEL-5	riptide	EX_fum_e				primary	failed
riptide-20260916T042359Z	ME:SK-MEL-5	riptide	EX_g3pc_e				primary	failed
riptide-20260916T042359Z	ME:SK-MEL-5	riptide	EX_glc__D_e				primary	failed
riptide-20260916T042359Z	ME:SK-MEL-5	riptide	EX_glcur_e				primary	failed
riptide-20260916T042359Z	ME:SK-MEL-5	riptide	EX_gln__L_e				primary	failed
riptide-20260916T042359Z	ME:SK-MEL-5	riptide	EX_glu__L_e				primary	failed
riptide-20260916T042359Z	ME:SK-MEL-5	riptide	EX_gly_e				primary	failed
riptide-20260916T042359Z	ME:SK-MEL-5	riptide	EX_glyald_e				primary	failed
riptide-20260916T042359Z	ME:SK-MEL-5	riptide	EX_glyb_e				primary	failed
riptide-20260916T042359Z	ME:SK-MEL-5	riptide	EX_glyc3p_e				primary	failed
riptide-20260916T042359Z	ME:SK-MEL-5	riptide	EX_gmp_e				primary	failed
riptide-20260916T042359Z	ME:SK-MEL-5	riptide	EX_gthox_e				primary	failed
riptide-20260916T042359Z	ME:SK-MEL-5	riptide	EX_hcys__L_e				primary	failed
riptide-20260916T042359Z	ME:SK-MEL-5	riptide	EX_hom__L_e				primary	failed
riptide-20260916T042359Z	ME:SK-MEL-5	riptide	EX_hxan_e				primary	failed
riptide-20260916T042359Z	ME:SK-MEL-5	riptide	EX_icit_e				primary	failed
riptide-20260916T042359Z	ME:SK-MEL-5	riptide	EX_ile__L_e				primary	failed
riptide-20260916T042359Z	ME:SK-MEL-5	riptide	EX_imp_e				primary	failed
riptide-20260916T042359Z	ME:SK-MEL-5	riptide	EX_ins_e				primary	failed
riptide-20260916T042359Z	ME:SK-MEL-5	riptide	EX_lac__L_e				primary	failed
riptide-20260916T042359Z	ME:SK-MEL-5	riptide	EX_lcts_e				primary	failed
riptide-20260916T042359Z	ME:SK-MEL-5	riptide	EX_leu__L_e				primary	failed
riptide-20260916T042359Z	ME:SK-MEL-5	riptide	EX_lys__L_e				primary	failed
riptide-20260916T042359Z	ME:SK-MEL-5	riptide	EX_mal__L_e				primary	failed
riptide-20260916T042359Z	ME:SK-MEL-5	riptide	EX_met__L_e				primary	failed
riptide-20260916T042359Z	ME:SK-MEL-5	riptide	EX_nac_e				primary	failed
riptide-20260916T042359Z	ME:SK-MEL-5	riptide	EX_ncam_e				primary	failed
riptide-20260916T042359Z	ME:SK-MEL-5	riptide	EX_nicrnt_e				primary	failed
riptide-20260916T042359Z	ME:SK-MEL-5	riptide	EX_orn_e				primary	failed
riptide-20260916T042359Z	ME:SK-MEL-5	riptide	EX_orot5p_e				primary	failed
riptide-20260916T042359Z	ME:SK-MEL-5	riptide	EX_orot_e				primary	failed
riptide-20260916T042359Z	ME:SK-MEL-5	riptide	EX_oxa_e				primary	failed
riptide-20260916T042359Z	ME:SK-MEL-5	riptide	EX_pep_e				primary	failed
riptide-20260916T042359Z	ME:SK-MEL-5	riptide	EX_phe__L_e				primary	failed
riptide-20260916T042359Z	ME:SK-MEL-5	riptide	EX_pnto__R_e				primary	failed
riptide-20260916T042359Z	ME:SK-MEL-5	riptide	EX_pro__L_e				primary	failed
riptide-20260916T042359Z	ME:SK-MEL-5	riptide	EX_quln_e				primary	failed
riptide-20260916T042359Z	ME:SK-MEL-5	riptide	EX_sbt__D_e				primary	failed
riptide-20260916T042359Z	ME:SK-MEL-5	riptide	EX_ser__L_e				primary	failed
riptide-20260916T042359Z	ME:SK-MEL-5	riptide	EX_spmd_e				primary	failed
riptide-20260916T042359Z	ME:SK-MEL-5	riptide	EX_sprm_e				primary	failed
riptide-20260916T042359Z	ME:SK-MEL-5	riptide	EX_srtn_e				primary	failed
riptide-20260916T042359Z	ME:SK-MEL-5	riptide	EX_succ_e				primary	failed
riptide-20260916T042359Z	ME:SK-MEL-5	riptide	EX_sucr_e				primary	failed
riptide-20260916T042359Z	ME:SK-MEL-5	riptide	EX_taur_e				primary	failed
riptide-20260916T042359Z	ME:SK-MEL-5	riptide	EX_tchola_e				primary	failed
riptide-20260916T042359Z	ME:SK-MEL-5	riptide	EX_thr__L_e				primary	failed
riptide-20260916T042359Z	ME:SK-MEL-5	riptide	EX_thym_e				primary	failed
riptide-20260916T042359Z	ME:SK-MEL-5	riptide	EX_thymd_e				primary	failed
riptide-20260916T042359Z	ME:SK-MEL-5	riptide	EX_trp__L_e				primary	failed
riptide-20260916T042359Z	ME:SK-MEL-5	riptide	EX_tyr__L_e				primary	failed
riptide-20260916T042359Z	ME:SK-MEL-5	riptide	EX_ump_e				primary	failed
riptide-20260916T042359Z	ME:SK-MEL-5	riptide	EX_ura_e				primary	failed
riptide-20260916T042359Z	ME:SK-MEL-5	riptide	EX_urate_e				primary	failed
riptide-20260916T042359Z	ME:SK-MEL-5	riptide	EX_uri_e				primary	failed
riptide-20260916T042359Z	ME:SK-MEL-5	riptide	EX_val__L_e				primary	failed
riptide-20260916T042359Z	ME:SK-MEL-5	riptide	EX_xan_e				primary	failed
riptide-20260916T042359Z	ME:SK-MEL-5	riptide	EX_xmp_e				primary	failed
riptide-20260916T042359Z	ME:SK-MEL-5	riptide	EX_xtsn_e				primary	failed
riptide-20260916T042359Z	ME:UACC-257	riptide	EX_2pg_e	0.0	0.0	0.0	primary	optimal
riptide-20260916T042359Z	ME:UACC-257	riptide	EX_34hpp_e	0.0	0.0	0.0	primary	optimal
riptide-20260916T042359Z	ME:UACC-257	riptide	EX_3hanthrn_e	0.0	0.0	0.0	primary	optimal
riptide-20260916T042359Z	ME:UACC-257	riptide	EX_3pg_e	0.0	0.0	0.0	primary	optimal
riptide-20260916T042359Z	ME:UACC-257	riptide	EX_4abut_e	0.0	0.0	0.0	primary	optimal
riptide-20260916T042359Z	ME:UACC-257	riptide	EX_4hbz_e	0.0	0.0	0.0	primary	optimal
riptide-20260916T042359Z	ME:UACC-257	riptide	EX_L2aadp_e	0.0	0.0	0.0	primary	optimal
riptide-20260916T042359Z	ME:UACC-257	riptide	EX_Lkynr_e	0.0	0.0	0.0	primary	optimal
riptide-20260916T042359Z	ME:UACC-257	riptide	EX_acac_e	0.0	0.0	0.0	primary	optimal
riptide-20260916T042359Z	ME:UACC-257	riptide	EX_ade_e	0.0	0.0	0.0	primary	optimal
riptide-20260916T042359Z	ME:UACC-257	riptide	EX_adn_e	0.0	0.0	0.0	primary	optimal
riptide-20260916T042359Z	ME:UACC-257	riptide	EX_ahcys_e	0.0	0.0	0.0	primary	optimal
riptide-20260916T042359Z	ME:UACC-257	riptide	EX_akg_e	0.0	0.0	0.0	primary	optimal
riptide-20260916T042359Z	ME:UACC-257	riptide	EX_ala__L_e	3.99104076711133	0.0	7.704183077869489	primary	optimal
riptide-20260916T042359Z	ME:UACC-257	riptide	EX_amp_e	0.0	0.0	0.0	primary	optimal
riptide-20260916T042359Z	ME:UACC-257	riptide	EX_anth_e	0.0	0.0	0.0	primary	optimal
riptide-20260916T042359Z	ME:UACC-257	riptide	EX_arg__L_e	-0.8640846274147442	-1.0457970075730045	-0.8529144256308463	primary	optimal
riptide-20260916T042359Z	ME:UACC-257	riptide	EX_asn__L_e	-4.546817400364798	-6.92337366267109	-2.2000282569805636	primary	optimal
riptide-20260916T042359Z	ME:UACC-257	riptide	EX_asp__L_e	0.0	0.0	0.0	primary	optimal
riptide-20260916T042359Z	ME:UACC-257	riptide	EX_bilirub_e	0.0	0.0	0.0	primary	optimal
riptide-20260916T042359Z	ME:UACC-257	riptide	EX_cala_e	0.0	0.0	0.0	primary	optimal
riptide-20260916T042359Z	ME:UACC-257	riptide	EX_chol_e	-1.230363590365977	-1.97867566273871	-0.5396845348153627	primary	optimal
riptide-20260916T042359Z	ME:UACC-257	riptide	EX_cholp_e	0.0	0.0	0.0	primary	optimal
riptide-20260916T042359Z	ME:UACC-257	riptide	EX_cit_e	0.0	0.0	0.0	primary	optimal
riptide-20260916T042359Z	ME:UACC-257	riptide	EX_citr__L_e	0.0	0.0	0.0	primary	optimal
riptide-20260916T042359Z	ME:UACC-257	riptide	EX_cmp_e	0.0	0.0	0.0	primary	optimal
riptide-20260916T042359Z	ME:UACC-257	riptide	EX_crn_e	0.0	0.0	0.0	primary	optimal
riptide-20260916T042359Z	ME:UACC-257	riptide	EX_cyst__L_e	0.0	0.0	0.0	primary	optimal
riptide-20260916T042359Z	ME:UACC-257	riptide	EX_cytd_e	0.0	0.0	0.0	primary	optimal
riptide-20260916T042359Z	ME:UACC-257	riptide	EX_dad_2_e	0.0	0.0	0.0	primary	optimal
riptide-20260916T042359Z	ME:UACC-257	riptide	EX_dcmp_e	0.0	0.0	0.0	primary	optimal
riptide-20260916T042359Z	ME:UACC-257	riptide	EX_dcyt_e	0.0	0.0	0.0	primary	optimal
riptide-20260916T042359Z	ME:UACC-257	riptide	EX_dhap_e	0.0	0.0	0.0	primary	optimal
riptide-20260916T042359Z	ME:UACC-257	riptide	EX_dmgly_e	0.0	0.0	0.0	primary	optimal
riptide-20260916T042359Z	ME:UACC-257	riptide	EX_duri_e	0.0	0.0	0.0	primary	optimal
riptide-20260916T042359Z	ME:UACC-257	riptide	EX_ethamp_e	0.0	0.0	0.0	primary	optimal
riptide-20260916T042359Z	ME:UACC-257	riptide	EX_fol_e	0.0	0.0	0.0	primary	optimal
riptide-20260916T042359Z	ME:UACC-257	riptide	EX_fum_e	0.4320591499693088	0.4264738314270932	0.5229188805695674	primary	optimal
riptide-20260916T042359Z	ME:UACC-257	riptide	EX_g3pc_e	0.0	0.0	0.0	primary	optimal
riptide-20260916T042359Z	ME:UACC-257	riptide	EX_glc__D_e	-10.0	-10.0	-4.585118678942513	primary	optimal
riptide-20260916T042359Z	ME:UACC-257	riptide	EX_glcur_e	0.0	0.0	0.0	primary	optimal
riptide-20260916T042359Z	ME:UACC-257	riptide	EX_gln__L_e	-9.724137168728518	-10.0	-7.012980984689024	primary	optimal
riptide-20260916T042359Z	ME:UACC-257	riptide	EX_glu__L_e	0.0	0.0	0.0	primary	optimal
riptide-20260916T042359Z	ME:UACC-257	riptide	EX_gly_e	-3.328438643630874	-5.5061024962302385	-1.2642605759319965	primary	optimal
riptide-20260916T042359Z	ME:UACC-257	riptide	EX_glyald_e	0.0	0.0	0.0	primary	optimal
riptide-20260916T042359Z	ME:UACC-257	riptide	EX_glyb_e	0.0	0.0	0.0	primary	optimal
riptide-20260916T042359Z	ME:UACC-257	riptide	EX_glyc3p_e	0.0	0.0	0.0	primary	optimal
riptide-20260916T042359Z	ME:UACC-257	riptide	EX_gmp_e	0.0	0.0	0.0	primary	optimal
riptide-20260916T042359Z	ME:UACC-257	riptide	EX_gthox_e	0.0	0.0	0.0	primary	optimal
riptide-20260916T042359Z	ME:UACC-257	riptide	EX_hcys__L_e	0.0	0.0	0.0	primary	optimal
riptide-20260916T042359Z	ME:UACC-257	riptide	EX_hom__L_e	0.0	0.0	0.0	primary	optimal
riptide-20260916T042359Z	ME:UACC-257	riptide	EX_hxan_e	0.0	0.0	0.0	primary	optimal
riptide-20260916T042359Z	ME:UACC-257	riptide	EX_icit_e	0.0	0.0	0.0	primary	optimal
riptide-20260916T042359Z	ME:UACC-257	riptide	EX_ile__L_e	-0.688068813788326	-0.8327660088282041	-0.6791740050539143	primary	optimal
riptide-20260916T042359Z	ME:UACC-257	riptide	EX_imp_e	0.0	0.0	0.0	primary	optimal
riptide-20260916T042359Z	ME:UACC-257	riptide	EX_ins_e	0.0	0.0	0.0	primary	optimal
riptide-20260916T042359Z	ME:UACC-257	riptide	EX_lac__L_e	8.528764128336487	-1.0	14.853984151009588	primary	optimal
riptide-20260916T042359Z	ME:UACC-257	riptide	EX_lcts_e	0.0	0.0	0.0	primary	optimal
riptide-20260916T042359Z	ME:UACC-257	riptide	EX_leu__L_e	-1.3121310025563158	-1.5880651413347153	-1.2951688120480966	primary	optimal
riptide-20260916T042359Z	ME:UACC-257	riptide	EX_lys__L_e	-1.4241401911625884	-1.723629263861345	-1.4057300345654369	primary	optimal
riptide-20260916T042359Z	ME:UACC-257	riptide	EX_mal__L_e	2.1882902252694585	0.0	4.64656807820935	primary	optimal
riptide-20260916T042359Z	ME:UACC-257	riptide	EX_met__L_e	-0.368035688687141	-0.44543162752562016	-0.36327801475577104	primary	optimal
riptide-20260916T042359Z	ME:UACC-257	riptide	EX_nac_e	0.0	0.0	0.0	primary	optimal
riptide-20260916T042359Z	ME:UACC-257	riptide	EX_ncam_e	0.0	0.0	0.0	primary	optimal
riptide-20260916T042359Z	ME:UACC-257	riptide	EX_nicrnt_e	0.0	0.0	0.0	primary	optimal
riptide-20260916T042359Z	ME:UACC-257	riptide	EX_orn_e	0.0	0.0	0.0	primary	optimal
riptide-20260916T042359Z	ME:UACC-257	riptide	EX_orot5p_e	0.0	0.0	0.0	primary	optimal
riptide-20260916T042359Z	ME:UACC-257	riptide	EX_orot_e	0.0	0.0	0.0	primary	optimal
riptide-20260916T042359Z	ME:UACC-257	riptide	EX_oxa_e	0.0	0.0	0.0	primary	optimal
riptide-20260916T042359Z	ME:UACC-257	riptide	EX_pep_e	0.0	0.0	0.0	primary	optimal
riptide-20260916T042359Z	ME:UACC-257	riptide	EX_phe__L_e	-0.6240621887680042	-0.7552991325674845	-0.6159948069941859	primary	optimal
riptide-20260916T042359Z	ME:UACC-257	riptide	EX_pnto__R_e	0.0	0.0	0.0	primary	optimal
riptide-20260916T042359Z	ME:UACC-257	riptide	EX_pro__L_e	-0.9920978774552403	-1.2007307600936634	-0.9792728217500439	primary	optimal
riptide-20260916T042359Z	ME:UACC-257	riptide	EX_quln_e	0.0	0.0	0.0	primary	optimal
riptide-20260916T042359Z	ME:UACC-257	riptide	EX_sbt__D_e	0.0	0.0	0.0	primary	optimal
riptide-20260916T042359Z	ME:UACC-257	riptide	EX_ser__L_e	-9.786276053952566	-10.0	-3.4606090987285243	primary	optimal
riptide-20260916T042359Z	ME:UACC-257	riptide	EX_spmd_e	0.0	0.0	0.0	primary	optimal
riptide-20260916T042359Z	ME:UACC-257	riptide	EX_sprm_e	0.0	0.0	0.0	primary	optimal
riptide-20260916T042359Z	ME:UACC-257	riptide	EX_srtn_e	0.0	0.0	0.0	primary	optimal
riptide-20260916T042359Z	ME:UACC-257	riptide	EX_succ_e	7.999811687208017	5.428064207708348	8.420527170770583	primary	optimal
riptide-20260916T042359Z	ME:UACC-257	riptide	EX_sucr_e	0.0	0.0	0.0	primary	optimal
riptide-20260916T042359Z	ME:UACC-257	riptide	EX_taur_e	0.0	0.0	0.0	primary	optimal
riptide-20260916T042359Z	ME:UACC-257	riptide	EX_tchola_e	0.0	0.0	0.0	primary	optimal
riptide-20260916T042359Z	ME:UACC-257	riptide	EX_thr__L_e	-0.7520754388084239	-0.9102328850908304	-0.7423532031134279	primary	optimal
riptide-20260916T042359Z	ME:UACC-257	riptide	EX_thym_e	0.0	0.0	0.0	primary	optimal
riptide-20260916T042359Z	ME:UACC-257	riptide	EX_thymd_e	0.0	0.0	0.0	primary	optimal
riptide-20260916T042359Z	ME:UACC-257	riptide	EX_trp__L_e	-0.032003312510026305	-0.03873343813083503	-0.03158959902988734	primary	optimal
riptide-20260916T042359Z	ME:UACC-257	riptide	EX_tyr__L_e	-0.38403734494224917	-0.464798346590923	-0.37907281427068895	primary	optimal
riptide-20260916T042359Z	ME:UACC-257	riptide	EX_ump_e	0.0	0.0	0.0	primary	optimal
riptide-20260916T042359Z	ME:UACC-257	riptide	EX_ura_e	0.0	0.0	0.0	primary	optimal
riptide-20260916T042359Z	ME:UACC-257	riptide	EX_urate_e	0.0	0.0	0.0	primary	optimal
riptide-20260916T042359Z	ME:UACC-257	riptide	EX_uri_e	0.0	0.0	0.0	primary	optimal
riptide-20260916T042359Z	ME:UACC-257	riptide	EX_val__L_e	-0.848082971159763	-1.0264302884978682	-0.8371196261159604	primary	optimal
riptide-20260916T042359Z	ME:UACC-257	riptide	EX_xan_e	0.0	0.0	0.0	primary	optimal
riptide-20260916T042359Z	ME:UACC-257	riptide	EX_xmp_e	0.0	0.0	0.0	primary	optimal
riptide-20260916T042359Z	ME:UACC-257	riptide	EX_xtsn_e	0.0	0.0	0.0	primary	optimal
riptide-20260916T042359Z	ME:UACC-62	riptide	EX_2pg_e	0.0	0.0	0.0	primary	optimal
riptide-20260916T042359Z	ME:UACC-62	riptide	EX_34hpp_e	0.0	0.0	0.0	primary	optimal
riptide-20260916T042359Z	ME:UACC-62	riptide	EX_3hanthrn_e	0.0	0.0	0.0	primary	optimal
riptide-20260916T042359Z	ME:UACC-62	riptide	EX_3pg_e	0.0	0.0	0.0	primary	optimal
riptide-20260916T042359Z	ME:UACC-62	riptide	EX_4abut_e	0.0	0.0	0.0	primary	optimal
riptide-20260916T042359Z	ME:UACC-62	riptide	EX_4hbz_e	0.0	0.0	0.0	primary	optimal
riptide-20260916T042359Z	ME:UACC-62	riptide	EX_L2aadp_e	0.0	0.0	0.0	primary	optimal
riptide-20260916T042359Z	ME:UACC-62	riptide	EX_Lkynr_e	0.0	0.0	0.0	primary	optimal
riptide-20260916T042359Z	ME:UACC-62	riptide	EX_acac_e	0.0	0.0	0.0	primary	optimal
riptide-20260916T042359Z	ME:UACC-62	riptide	EX_ade_e	0.0	0.0	0.0	primary	optimal
riptide-20260916T042359Z	ME:UACC-62	riptide	EX_adn_e	0.0	0.0	0.0	primary	optimal
riptide-20260916T042359Z	ME:UACC-62	riptide	EX_ahcys_e	0.0	0.0	0.0	primary	optimal
riptide-20260916T042359Z	ME:UACC-62	riptide	EX_akg_e	0.0	0.0	0.0	primary	optimal
riptide-20260916T042359Z	ME:UACC-62	riptide	EX_ala__L_e	7.062694799590772	0.0	11.107145272490227	primary	optimal
riptide-20260916T042359Z	ME:UACC-62	riptide	EX_amp_e	0.0	0.0	0.0	primary	optimal
riptide-20260916T042359Z	ME:UACC-62	riptide	EX_anth_e	0.0	0.0	0.0	primary	optimal
riptide-20260916T042359Z	ME:UACC-62	riptide	EX_arg__L_e	-0.872464341915637	-1.056975791758445	-0.85983546998132	primary	optimal
riptide-20260916T042359Z	ME:UACC-62	riptide	EX_asn__L_e	-5.831438822461949	-8.516044224864201	-2.9564854823361904	primary	optimal
riptide-20260916T042359Z	ME:UACC-62	riptide	EX_asp__L_e	0.0	0.0	0.0	primary	optimal
riptide-20260916T042359Z	ME:UACC-62	riptide	EX_bilirub_e	0.0	0.0	0.0	primary	optimal
riptide-20260916T042359Z	ME:UACC-62	riptide	EX_cala_e	0.0	0.0	0.0	primary	optimal
riptide-20260916T042359Z	ME:UACC-62	riptide	EX_chol_e	-1.025169988218107	-1.985646882434727	-0.544063849420565	primary	optimal
riptide-20260916T042359Z	ME:UACC-62	riptide	EX_cholp_e	0.0	0.0	0.0	primary	optimal
riptide-20260916T042359Z	ME:UACC-62	riptide	EX_cit_e	0.0	0.0	0.0	primary	optimal
riptide-20260916T042359Z	ME:UACC-62	riptide	EX_citr__L_e	0.0	0.0	0.0	primary	optimal
riptide-20260916T042359Z	ME:UACC-62	riptide	EX_cmp_e	0.0	0.0	0.0	primary	optimal
riptide-20260916T042359Z	ME:UACC-62	riptide	EX_crn_e	1.247890679678676e-13	1.247890679678676e-13	1.247890679678676e-13	primary	optimal
riptide-20260916T042359Z	ME:UACC-62	riptide	EX_cyst__L_e	0.0	0.0	0.0	primary	optimal
riptide-20260916T042359Z	ME:UACC-62	riptide	EX_cytd_e	0.0	0.0	0.0	primary	optimal
riptide-20260916T042359Z	ME:UACC-62	riptide	EX_dad_2_e	0.0	0.0	0.0	primary	optimal
riptide-20260916T042359Z	ME:UACC-62	riptide	EX_dcmp_e	0.0	0.0	0.0	primary	optimal
riptide-20260916T042359Z	ME:UACC-62	riptide	EX_dcyt_e	0.0	0.0	0.0	primary	optimal
riptide-20260916T042359Z	ME:UACC-62	riptide	EX_dhap_e	0.0	0.0	0.0	primary	optimal
riptide-20260916T042359Z	ME:UACC-62	riptide	EX_dmgly_e	0.0	0.0	0.0	primary	optimal
riptide-20260916T042359Z	ME:UACC-62	riptide	EX_duri_e	0.0	0.0	0.0	primary	optimal
riptide-20260916T042359Z	ME:UACC-62	riptide	EX_ethamp_e	0.0	0.0	0.0	primary	optimal
riptide-20260916T042359Z	ME:UACC-62	riptide	EX_fol_e	0.0	0.0	0.0	primary	optimal
riptide-20260916T042359Z	ME:UACC-62	riptide	EX_fum_e	0.43624917048096845	0.42993448844830845	0.5285084905071451	primary	optimal
riptide-20260916T042359Z	ME:UACC-62	riptide	EX_g3pc_e	0.0	0.0	0.0	primary	optimal
riptide-20260916T042359Z	ME:UACC-62	riptide	EX_glc__D_e	-10.0	-10.0	-2.977490494092485	primary	optimal
riptide-20260916T042359Z	ME:UACC-62	riptide	EX_glcur_e	0.0	0.0	0.0	primary	optimal
riptide-20260916T042359Z	ME:UACC-62	riptide	EX_gln__L_e	-5.492332595069742	-10.0	-3.4502107561322224	primary	optimal
riptide-20260916T042359Z	ME:UACC-62	riptide	EX_glu__L_e	-4.992378209602238	-8.4362451024804	0.25207097184964755	primary	optimal
riptide-20260916T042359Z	ME:UACC-62	riptide	EX_gly_e	-2.7105577150843354	-5.5214372755051135	-1.274519522504241	primary	optimal
riptide-20260916T042359Z	ME:UACC-62	riptide	EX_glyald_e	0.0	0.0	0.0	primary	optimal
riptide-20260916T042359Z	ME:UACC-62	riptide	EX_glyb_e	0.0	0.0	0.0	primary	optimal
riptide-20260916T042359Z	ME:UACC-62	riptide	EX_glyc3p_e	0.0	0.0	0.0	primary	optimal
riptide-20260916T042359Z	ME:UACC-62	riptide	EX_gmp_e	0.0	0.0	0.0	primary	optimal
riptide-20260916T042359Z	ME:UACC-62	riptide	EX_gthox_e	0.0	0.0	0.0	primary	optimal
riptide-20260916T042359Z	ME:UACC-62	riptide	EX_hcys__L_e	0.0	0.0	0.0	primary	optimal
riptide-20260916T042359Z	ME:UACC-62	riptide	EX_hom__L_e	0.0	0.0	0.0	primary	optimal
riptide-20260916T042359Z	ME:UACC-62	riptide	EX_hxan_e	0.0	0.0	0.0	primary	optimal
riptide-20260916T042359Z	ME:UACC-62	riptide	EX_icit_e	0.0	0.0	0.0	primary	optimal
riptide-20260916T042359Z	ME:UACC-62	riptide	EX_ile__L_e	-0.6947415632314806	-0.841667651713654	-0.6846852184526391	primary	optimal
riptide-20260916T042359Z	ME:UACC-62	riptide	EX_imp_e	0.0	0.0	0.0	primary	optimal
riptide-20260916T042359Z	ME:UACC-62	riptide	EX_ins_e	0.0	0.0	0.0	primary	optimal
riptide-20260916T042359Z	ME:UACC-62	riptide	EX_lac__L_e	12.535944608413406	-0.7178298545051267	18.413183676201676	primary	optimal
riptide-20260916T042359Z	ME:UACC-62	riptide	EX_lcts_e	0.0	0.0	0.0	primary	optimal
riptide-20260916T042359Z	ME:UACC-62	riptide	EX_leu__L_e	-1.3248557783910488	-1.6050403644694207	-1.3056785660395072	primary	optimal
riptide-20260916T042359Z	ME:UACC-62	riptide	EX_lys__L_e	-1.4379512090101763	-1.7420535655545464	-1.417136946702735	primary	optimal
riptide-20260916T042359Z	ME:UACC-62	riptide	EX_mal__L_e	0.0	0.0	0.0	primary	optimal
riptide-20260916T042359Z	ME:UACC-62	riptide	EX_met__L_e	-0.37160482288937047	-0.4501929569205034	-0.3662258641250826	primary	optimal
riptide-20260916T042359Z	ME:UACC-62	riptide	EX_nac_e	6.755315182300446e-13	6.755315182300446e-13	6.755315182300446e-13	primary	optimal
riptide-20260916T042359Z	ME:UACC-62	riptide	EX_ncam_e	0.0	0.0	0.0	primary	optimal
riptide-20260916T042359Z	ME:UACC-62	riptide	EX_nicrnt_e	0.0	0.0	0.0	primary	optimal
riptide-20260916T042359Z	ME:UACC-62	riptide	EX_orn_e	0.0	0.0	0.0	primary	optimal
riptide-20260916T042359Z	ME:UACC-62	riptide	EX_orot5p_e	0.0	0.0	0.0	primary	optimal
riptide-20260916T042359Z	ME:UACC-62	riptide	EX_orot_e	0.0	0.0	0.0	primary	optimal
riptide-20260916T042359Z	ME:UACC-62	riptide	EX_oxa_e	0.0	0.0	0.0	primary	optimal
riptide-20260916T042359Z	ME:UACC-62	riptide	EX_pep_e	0.0	0.0	0.0	primary	optimal
riptide-20260916T042359Z	ME:UACC-62	riptide	EX_phe__L_e	-0.6301142151630126	-0.7633727127549571	-0.6209933475870741	primary	optimal
riptide-20260916T042359Z	ME:UACC-62	riptide	EX_pnto__R_e	0.0	0.0	0.0	primary	optimal
riptide-20260916T042359Z	ME:UACC-62	riptide	EX_pro__L_e	-1.0017190380524115	-1.2135656696757116	-0.9872192117121834	primary	optimal
riptide-20260916T042359Z	ME:UACC-62	riptide	EX_quln_e	0.0	0.0	0.0	primary	optimal
riptide-20260916T042359Z	ME:UACC-62	riptide	EX_sbt__D_e	0.0	0.0	0.0	primary	optimal
riptide-20260916T042359Z	ME:UACC-62	riptide	EX_ser__L_e	-8.326934141913572	-10.0	-0.9074720933400414	primary	optimal
riptide-20260916T042359Z	ME:UACC-62	riptide	EX_spmd_e	0.0	0.0	0.0	primary	optimal
riptide-20260916T042359Z	ME:UACC-62	riptide	EX_sprm_e	0.0	0.0	0.0	primary	optimal
riptide-20260916T042359Z	ME:UACC-62	riptide	EX_srtn_e	0.0	0.0	0.0	primary	optimal
riptide-20260916T042359Z	ME:UACC-62	riptide	EX_succ_e	9.468316254818696	6.645093899126495	10.294166267029764	primary	optimal
riptide-20260916T042359Z	ME:UACC-62	riptide	EX_sucr_e	0.0	0.0	0.0	primary	optimal
riptide-20260916T042359Z	ME:UACC-62	riptide	EX_taur_e	0.0	0.0	0.0	primary	optimal
riptide-20260916T042359Z	ME:UACC-62	riptide	EX_tchola_e	0.0	0.0	0.0	primary	optimal
riptide-20260916T042359Z	ME:UACC-62	riptide	EX_thr__L_e	-0.7593689112998359	-0.9199625906720595	-0.7483770893181525	primary	optimal
riptide-20260916T042359Z	ME:UACC-62	riptide	EX_thym_e	0.0	0.0	0.0	primary	optimal
riptide-20260916T042359Z	ME:UACC-62	riptide	EX_thymd_e	0.0	0.0	0.0	primary	optimal
riptide-20260916T042359Z	ME:UACC-62	riptide	EX_trp__L_e	-0.032313674034323725	-0.039147469479232685	-0.03184593543278247	primary	optimal
riptide-20260916T042359Z	ME:UACC-62	riptide	EX_tyr__L_e	-0.38776165990644174	-0.46976669166020385	-0.3821488318415014	primary	optimal
riptide-20260916T042359Z	ME:UACC-62	riptide	EX_ump_e	0.0	0.0	0.0	primary	optimal
riptide-20260916T042359Z	ME:UACC-62	riptide	EX_ura_e	0.0	0.0	0.0	primary	optimal
riptide-20260916T042359Z	ME:UACC-62	riptide	EX_urate_e	0.0	0.0	0.0	primary	optimal
riptide-20260916T042359Z	ME:UACC-62	riptide	EX_uri_e	0.0	0.0	0.0	primary	optimal
riptide-20260916T042359Z	ME:UACC-62	riptide	EX_val__L_e	-0.8563075048985	-1.037402057018434	-0.8439125022647609	primary	optimal
riptide-20260916T042359Z	ME:UACC-62	riptide	EX_xan_e	0.0	0.0	0.0	primary	optimal
riptide-20260916T042359Z	ME:UACC-62	riptide	EX_xmp_e	0.0	0.0	0.0	primary	optimal
riptide-20260916T042359Z	ME:UACC-62	riptide	EX_xtsn_e	0.0	0.0	0.0	primary	optimal
riptide-20260916T042359Z	OV:IGROV1	riptide	EX_2pg_e	0.0	0.0	0.0	primary	optimal
riptide-20260916T042359Z	OV:IGROV1	riptide	EX_34hpp_e	0.0	0.0	0.0	primary	optimal
riptide-20260916T042359Z	OV:IGROV1	riptide	EX_3hanthrn_e	0.0	0.0	0.0	primary	optimal
riptide-20260916T042359Z	OV:IGROV1	riptide	EX_3pg_e	0.0	0.0	0.0	primary	optimal
riptide-20260916T042359Z	OV:IGROV1	riptide	EX_4abut_e	0.0	0.0	0.0	primary	optimal
riptide-20260916T042359Z	OV:IGROV1	riptide	EX_4hbz_e	0.0	0.0	0.0	primary	optimal
riptide-20260916T042359Z	OV:IGROV1	riptide	EX_L2aadp_e	0.0	0.0	0.0	primary	optimal
riptide-20260916T042359Z	OV:IGROV1	riptide	EX_Lkynr_e	0.0	0.0	0.0	primary	optimal
riptide-20260916T042359Z	OV:IGROV1	riptide	EX_acac_e	0.0	0.0	0.0	primary	optimal
riptide-20260916T042359Z	OV:IGROV1	riptide	EX_ade_e	0.0	0.0	0.0	primary	optimal
riptide-20260916T042359Z	OV:IGROV1	riptide	EX_adn_e	0.0	0.0	0.0	primary	optimal
riptide-20260916T042359Z	OV:IGROV1	riptide	EX_ahcys_e	0.0	0.0	0.0	primary	optimal
riptide-20260916T042359Z	OV:IGROV1	riptide	EX_akg_e	0.0	0.0	0.0	primary	optimal
riptide-20260916T042359Z	OV:IGROV1	riptide	EX_ala__L_e	1.992828276650597	0.0	3.8696133410060125	primary	optimal
riptide-20260916T042359Z	OV:IGROV1	riptide	EX_amp_e	0.0	0.0	0.0	primary	optimal
riptide-20260916T042359Z	OV:IGROV1	riptide	EX_anth_e	0.0	0.0	0.0	primary	optimal
riptide-20260916T042359Z	OV:IGROV1	riptide	EX_arg__L_e	-0.8769315948983021	-1.0516460919663073	-0.8574712621678859	primary	optimal
riptide-20260916T042359Z	OV:IGROV1	riptide	EX_asn__L_e	-7.500397241950642	-10.0	-0.6669234187843804	primary	optimal
riptide-20260916T042359Z	OV:IGROV1	riptide	EX_asp__L_e	0.0	0.0	0.0	primary	optimal
riptide-20260916T042359Z	OV:IGROV1	riptide	EX_bilirub_e	0.0	0.0	0.0	primary	optimal
riptide-20260916T042359Z	OV:IGROV1	riptide	EX_cala_e	0.0	0.0	0.0	primary	optimal
riptide-20260916T042359Z	OV:IGROV1	riptide	EX_chol_e	-1.6788726746861782	-2.0133610164286213	-1.6416161531384112	primary	optimal
riptide-20260916T042359Z	OV:IGROV1	riptide	EX_cholp_e	0.0	0.0	0.0	primary	optimal
riptide-20260916T042359Z	OV:IGROV1	riptide	EX_cit_e	0.04268225204121312	0.04173507345719695	0.05118600335146973	primary	optimal
riptide-20260916T042359Z	OV:IGROV1	riptide	EX_citr__L_e	0.0	0.0	0.0	primary	optimal
riptide-20260916T042359Z	OV:IGROV1	riptide	EX_cmp_e	0.0	0.0	0.0	primary	optimal
riptide-20260916T042359Z	OV:IGROV1	riptide	EX_crn_e	0.0	0.0	0.0	primary	optimal
riptide-20260916T042359Z	OV:IGROV1	riptide	EX_cyst__L_e	0.0	0.0	0.0	primary	optimal
riptide-20260916T042359Z	OV:IGROV1	riptide	EX_cytd_e	0.0	0.0	0.0	primary	optimal
riptide-20260916T042359Z	OV:IGROV1	riptide	EX_dad_2_e	0.0	0.0	0.0	primary	optimal
riptide-20260916T042359Z	OV:IGROV1	riptide	EX_dcmp_e	0.0	0.0	0.0	primary	optimal
riptide-20260916T042359Z	OV:IGROV1	riptide	EX_dcyt_e	0.0	0.0	0.0	primary	optimal
riptide-20260916T042359Z	OV:IGROV1	riptide	EX_dhap_e	0.0	0.0	0.0	primary	optimal
riptide-20260916T042359Z	OV:IGROV1	riptide	EX_dmgly_e	0.0	0.0	0.0	primary	optimal
riptide-20260916T042359Z	OV:IGROV1	riptide	EX_duri_e	0.0	0.0	0.0	primary	optimal
riptide-20260916T042359Z	OV:IGROV1	riptide	EX_ethamp_e	0.0	0.0	0.0	primary	optimal
riptide-20260916T042359Z	OV:IGROV1	riptide	EX_fol_e	0.0	0.0	0.0	primary	optimal
riptide-20260916T042359Z	OV:IGROV1	riptide	EX_fum_e	7.476849317960317	1.0031776828298309	10.916009137105082	primary	optimal
riptide-20260916T042359Z	OV:IGROV1	riptide	EX_g3pc_e	0.0	0.0	0.0	primary	optimal
riptide-20260916T042359Z	OV:IGROV1	riptide	EX_glc__D_e	-10.0	-10.0	-3.1743701923437477	primary	optimal
riptide-20260916T042359Z	OV:IGROV1	riptide	EX_glcur_e	0.0	0.0	0.0	primary	optimal
riptide-20260916T042359Z	OV:IGROV1	riptide	EX_gln__L_e	-7.397819668316046	-10.0	-1.591171753188583	primary	optimal
riptide-20260916T042359Z	OV:IGROV1	riptide	EX_glu__L_e	-2.1924424420558526	-10.0	2.4220763252472843	primary	optimal
riptide-20260916T042359Z	OV:IGROV1	riptide	EX_gly_e	-4.785511349331066	-5.738947413758673	-4.67931419132638	primary	optimal
riptide-20260916T042359Z	OV:IGROV1	riptide	EX_glyald_e	0.0	0.0	0.0	primary	optimal
riptide-20260916T042359Z	OV:IGROV1	riptide	EX_glyb_e	0.0	0.0	0.0	primary	optimal
riptide-20260916T042359Z	OV:IGROV1	riptide	EX_glyc3p_e	0.0	0.0	0.0	primary	optimal
riptide-20260916T042359Z	OV:IGROV1	riptide	EX_gmp_e	0.0	0.0	0.0	primary	optimal
riptide-20260916T042359Z	OV:IGROV1	riptide	EX_gthox_e	0.0	0.0	0.0	primary	optimal
riptide-20260916T042359Z	OV:IGROV1	riptide	EX_hcys__L_e	0.0	0.0	0.0	primary	optimal
riptide-20260916T042359Z	OV:IGROV1	riptide	EX_hom__L_e	0.0	0.0	0.0	primary	optimal
riptide-20260916T042359Z	OV:IGROV1	riptide	EX_hxan_e	0.0	0.0	0.0	primary	optimal
riptide-20260916T042359Z	OV:IGROV1	riptide	EX_icit_e	0.0	0.0	0.0	primary	optimal
riptide-20260916T042359Z	OV:IGROV1	riptide	EX_ile__L_e	-0.6982988276048667	-0.8374236227177376	-0.6828026046273816	primary	optimal
riptide-20260916T042359Z	OV:IGROV1	riptide	EX_imp_e	0.0	0.0	0.0	primary	optimal
riptide-20260916T042359Z	OV:IGROV1	riptide	EX_ins_e	0.0	0.0	0.0	primary	optimal
riptide-20260916T042359Z	OV:IGROV1	riptide	EX_lac__L_e	10.36591832476122	-1.0	18.45332248168106	primary	optimal
riptide-20260916T042359Z	OV:IGROV1	riptide	EX_lcts_e	0.0	0.0	0.0	primary	optimal
riptide-20260916T042359Z	OV:IGROV1	riptide	EX_leu__L_e	-1.3316393976702106	-1.596947101251754	-1.3020884658688665	primary	optimal
riptide-20260916T042359Z	OV:IGROV1	riptide	EX_lys__L_e	-1.4453139074252714	-1.7332694263167	-1.4132403800234847	primary	optimal
riptide-20260916T042359Z	OV:IGROV1	riptide	EX_mal__L_e	0.0	0.0	0.0	primary	optimal
riptide-20260916T042359Z	OV:IGROV1	riptide	EX_met__L_e	-0.37350753991020813	-0.4479229017995335	-0.3652188876980329	primary	optimal
riptide-20260916T042359Z	OV:IGROV1	riptide	EX_nac_e	-2.2423469065986329e-13	-2.2423469065986329e-13	0.0	primary	optimal
riptide-20260916T042359Z	OV:IGROV1	riptide	EX_ncam_e	0.0	0.0	0.0	primary	optimal
riptide-20260916T042359Z	OV:IGROV1	riptide	EX_nicrnt_e	0.0	0.0	0.0	primary	optimal
riptide-20260916T042359Z	OV:IGROV1	riptide	EX_orn_e	0.0	0.0	0.0	primary	optimal
riptide-20260916T042359Z	OV:IGROV1	riptide	EX_orot5p_e	0.0	0.0	0.0	primary	optimal
riptide-20260916T042359Z	OV:IGROV1	riptide	EX_orot_e	0.0	0.0	0.0	primary	optimal
riptide-20260916T042359Z	OV:IGROV1	riptide	EX_oxa_e	0.0	0.0	0.0	primary	optimal
riptide-20260916T042359Z	OV:IGROV1	riptide	EX_pep_e	0.0	0.0	0.0	primary	optimal
riptide-20260916T042359Z	OV:IGROV1	riptide	EX_phe__L_e	-0.6333405700658838	-0.7595234785340143	-0.61928586124154	primary	optimal
riptide-20260916T042359Z	OV:IGROV1	riptide	EX_pnto__R_e	0.0	0.0	0.0	primary	optimal
riptide-20260916T042359Z	OV:IGROV1	riptide	EX_pro__L_e	-1.0068481099761701	-1.207446380333547	-0.9845047489395746	primary	optimal
riptide-20260916T042359Z	OV:IGROV1	riptide	EX_quln_e	0.0	0.0	0.0	primary	optimal
riptide-20260916T042359Z	OV:IGROV1	riptide	EX_sbt__D_e	0.0	0.0	0.0	primary	optimal
riptide-20260916T042359Z	OV:IGROV1	riptide	EX_ser__L_e	-8.671657349105896	-10.0	-4.3706978223488555	primary	optimal
riptide-20260916T042359Z	OV:IGROV1	riptide	EX_spmd_e	0.0	0.0	0.0	primary	optimal
riptide-20260916T042359Z	OV:IGROV1	riptide	EX_sprm_e	0.0	0.0	0.0	primary	optimal
riptide-20260916T042359Z	OV:IGROV1	riptide	EX_srtn_e	0.0	0.0	0.0	primary	optimal
riptide-20260916T042359Z	OV:IGROV1	riptide	EX_succ_e	7.973765990077515	5.475721697506384	11.316318578076752	primary	optimal
riptide-20260916T042359Z	OV:IGROV1	riptide	EX_sucr_e	0.0	0.0	0.0	primary	optimal
riptide-20260916T042359Z	OV:IGROV1	riptide	EX_taur_e	0.0	0.0	0.0	primary	optimal
riptide-20260916T042359Z	OV:IGROV1	riptide	EX_tchola_e	0.0	0.0	0.0	primary	optimal
riptide-20260916T042359Z	OV:IGROV1	riptide	EX_thr__L_e	-0.7632570851437226	-0.9153237669012543	-0.7463193480132997	primary	optimal
riptide-20260916T042359Z	OV:IGROV1	riptide	EX_thym_e	0.0	0.0	0.0	primary	optimal
riptide-20260916T042359Z	OV:IGROV1	riptide	EX_thymd_e	0.0	0.0	0.0	primary	optimal
riptide-20260916T042359Z	OV:IGROV1	riptide	EX_trp__L_e	-0.03247912876931412	-0.03895007209179677	-0.031758371692825804	primary	optimal
riptide-20260916T042359Z	OV:IGROV1	riptide	EX_tyr__L_e	-0.3897471042949565	-0.46739793784547684	-0.3810980735444982	primary	optimal
riptide-20260916T042359Z	OV:IGROV1	riptide	EX_ump_e	0.0	0.0	0.0	primary	optimal
riptide-20260916T042359Z	OV:IGROV1	riptide	EX_ura_e	0.0	0.0	0.0	primary	optimal
riptide-20260916T042359Z	OV:IGROV1	riptide	EX_urate_e	0.0	0.0	0.0	primary	optimal
riptide-20260916T042359Z	OV:IGROV1	riptide	EX_uri_e	0.0	0.0	0.0	primary	optimal
riptide-20260916T042359Z	OV:IGROV1	riptide	EX_val__L_e	-0.8606920305136185	-1.0321710559204156	-0.8415920763213567	primary	optimal
riptide-20260916T042359Z	OV:IGROV1	riptide	EX_xan_e	0.0	0.0	0.0	primary	optimal
riptide-20260916T042359Z	OV:IGROV1	riptide	EX_xmp_e	0.0	0.0	0.0	primary	optimal
riptide-20260916T042359Z	OV:IGROV1	riptide	EX_xtsn_e	0.0	0.0	0.0	primary	optimal
riptide-20260916T042359Z	OV:NCI/ADR-RES	riptide	EX_2pg_e	0.0	0.0	0.0	primary	optimal
riptide-20260916T042359Z	OV:NCI/ADR-RES	riptide	EX_34hpp_e	0.0	0.0	0.0	primary	optimal
riptide-20260916T042359Z	OV:NCI/ADR-RES	riptide	EX_3hanthrn_e	0.0	0.0	0.0	primary	optimal
riptide-20260916T042359Z	OV:NCI/ADR-RES	riptide	EX_3pg_e	0.0	0.0	0.0	primary	optimal
riptide-20260916T042359Z	OV:NCI/ADR-RES	riptide	EX_4abut_e	0.0	0.0	0.0	primary	optimal
riptide-20260916T042359Z	OV:NCI/ADR-RES	riptide	EX_4hbz_e	0.0	0.0	0.0	primary	optimal
riptide-20260916T042359Z	OV:NCI/ADR-RES	riptide	EX_L2aadp_e	0.0	0.0	0.0	primary	optimal
riptide-20260916T042359Z	OV:NCI/ADR-RES	riptide	EX_Lkynr_e	0.0	0.0	0.0	primary	optimal
riptide-20260916T042359Z	OV:NCI/ADR-RES	riptide	EX_acac_e	0.0	0.0	0.0	primary	optimal
riptide-20260916T042359Z	OV:NCI/ADR-RES	riptide	EX_ade_e	0.0	0.0	0.0	primary	optimal
riptide-20260916T042359Z	OV:NCI/ADR-RES	riptide	EX_adn_e	0.0	0.0	0.0	primary	optimal
riptide-20260916T042359Z	OV:NCI/ADR-RES	riptide	EX_ahcys_e	0.0	0.0	0.0	primary	optimal
riptide-20260916T042359Z	OV:NCI/ADR-RES	riptide	EX_akg_e	0.0	0.0	0.0	primary	optimal
riptide-20260916T042359Z	OV:NCI/ADR-RES	riptide	EX_ala__L_e	0.0	0.0	3.571631152098932	primary	optimal
riptide-20260916T042359Z	OV:NCI/ADR-RES	riptide	EX_amp_e	0.0	0.0	0.0	primary	optimal
riptide-20260916T042359Z	OV:NCI/ADR-RES	riptide	EX_anth_e	0.0	0.0	0.0	primary	optimal
riptide-20260916T042359Z	OV:NCI/ADR-RES	riptide	EX_arg__L_e	-0.8500778439773997	-1.0361133668246274	-0.8399984004159684	primary	optimal
riptide-20260916T042359Z	OV:NCI/ADR-RES	riptide	EX_asn__L_e	-8.740775299258726	-10.0	-2.908620173172146	primary	optimal
riptide-20260916T042359Z	OV:NCI/ADR-RES	riptide	EX_asp__L_e	0.0	0.0	0.0	primary	optimal
riptide-20260916T042359Z	OV:NCI/ADR-RES	riptide	EX_bilirub_e	0.0	0.0	0.0	primary	optimal
riptide-20260916T042359Z	OV:NCI/ADR-RES	riptide	EX_cala_e	0.0	0.0	0.0	primary	optimal
riptide-20260916T042359Z	OV:NCI/ADR-RES	riptide	EX_chol_e	-0.5951680679613176	-0.7254177897828554	-0.5881111107749177	primary	optimal
riptide-20260916T042359Z	OV:NCI/ADR-RES	riptide	EX_cholp_e	0.0	0.0	0.0	primary	optimal
riptide-20260916T042359Z	OV:NCI/ADR-RES	riptide	EX_cit_e	0.0	0.0	0.0	primary	optimal
riptide-20260916T042359Z	OV:NCI/ADR-RES	riptide	EX_citr__L_e	0.0	0.0	0.0	primary	optimal
riptide-20260916T042359Z	OV:NCI/ADR-RES	riptide	EX_cmp_e	0.0	0.0	0.0	primary	optimal
riptide-20260916T042359Z	OV:NCI/ADR-RES	riptide	EX_crn_e	0.0	0.0	0.0	primary	optimal
riptide-20260916T042359Z	OV:NCI/ADR-RES	riptide	EX_cyst__L_e	0.0	0.0	0.0	primary	optimal
riptide-20260916T042359Z	OV:NCI/ADR-RES	riptide	EX_cytd_e	0.0	0.0	0.0	primary	optimal
riptide-20260916T042359Z	OV:NCI/ADR-RES	riptide	EX_dad_2_e	0.0	0.0	0.0	primary	optimal
riptide-20260916T042359Z	OV:NCI/ADR-RES	riptide	EX_dcmp_e	0.0	0.0	0.0	primary	optimal
riptide-20260916T042359Z	OV:NCI/ADR-RES	riptide	EX_dcyt_e	0.0	0.0	0.0	primary	optimal
riptide-20260916T042359Z	OV:NCI/ADR-RES	riptide	EX_dhap_e	0.0	0.0	0.0	primary	optimal
riptide-20260916T042359Z	OV:NCI/ADR-RES	riptide	EX_dmgly_e	0.0	0.0	0.0	primary	optimal
riptide-20260916T042359Z	OV:NCI/ADR-RES	riptide	EX_duri_e	0.0	0.0	0.0	primary	optimal
riptide-20260916T042359Z	OV:NCI/ADR-RES	riptide	EX_ethamp_e	0.0	0.0	0.0	primary	optimal
riptide-20260916T042359Z	OV:NCI/ADR-RES	riptide	EX_fol_e	0.0	0.0	0.0	primary	optimal
riptide-20260916T042359Z	OV:NCI/ADR-RES	riptide	EX_fum_e	6.845351347074944	1.1619233935821836	8.253303220409519	primary	optimal
riptide-20260916T042359Z	OV:NCI/ADR-RES	riptide	EX_g3pc_e	0.0	0.0	0.0	primary	optimal
riptide-20260916T042359Z	OV:NCI/ADR-RES	riptide	EX_glc__D_e	-8.056205228091013	-10.0	-3.69008183885497	primary	optimal
riptide-20260916T042359Z	OV:NCI/ADR-RES	riptide	EX_glcur_e	0.0	0.0	0.0	primary	optimal
riptide-20260916T042359Z	OV:NCI/ADR-RES	riptide	EX_gln__L_e	-9.603772324157061	-10.0	-6.106948177749856	primary	optimal
riptide-20260916T042359Z	OV:NCI/ADR-RES	riptide	EX_glu__L_e	0.0	0.0	0.0	primary	optimal
riptide-20260916T042359Z	OV:NCI/ADR-RES	riptide	EX_gly_e	-1.5420870184370266	-1.8795654820654701	-1.5238023646539922	primary	optimal
riptide-20260916T042359Z	OV:NCI/ADR-RES	riptide	EX_glyald_e	0.0	0.0	0.0	primary	optimal
riptide-20260916T042359Z	OV:NCI/ADR-RES	riptide	EX_glyb_e	0.0	0.0	0.0	primary	optimal
riptide-20260916T042359Z	OV:NCI/ADR-RES	riptide	EX_glyc3p_e	0.0	0.0	0.0	primary	optimal
riptide-20260916T042359Z	OV:NCI/ADR-RES	riptide	EX_gmp_e	0.0	0.0	0.0	primary	optimal
riptide-20260916T042359Z	OV:NCI/ADR-RES	riptide	EX_gthox_e	0.0	0.0	0.0	primary	optimal
riptide-20260916T042359Z	OV:NCI/ADR-RES	riptide	EX_hcys__L_e	0.0	0.0	0.0	primary	optimal
riptide-20260916T042359Z	OV:NCI/ADR-RES	riptide	EX_hom__L_e	0.0	0.0	0.0	primary	optimal
riptide-20260916T042359Z	OV:NCI/ADR-RES	riptide	EX_hxan_e	0.0	0.0	0.0	primary	optimal
riptide-20260916T042359Z	OV:NCI/ADR-RES	riptide	EX_icit_e	0.0	0.0	0.0	primary	optimal
riptide-20260916T042359Z	OV:NCI/ADR-RES	riptide	EX_ile__L_e	-0.6769152409100583	-0.8250549455949923	-0.6688890007074271	primary	optimal
riptide-20260916T042359Z	OV:NCI/ADR-RES	riptide	EX_imp_e	0.0	0.0	0.0	primary	optimal
riptide-20260916T042359Z	OV:NCI/ADR-RES	riptide	EX_ins_e	0.0	0.0	0.0	primary	optimal
riptide-20260916T042359Z	OV:NCI/ADR-RES	riptide	EX_lac__L_e	6.4698395431840865	-1.0	15.725229809151626	primary	optimal
riptide-20260916T042359Z	OV:NCI/ADR-RES	riptide	EX_lcts_e	0.0	0.0	0.0	primary	optimal
riptide-20260916T042359Z	OV:NCI/ADR-RES	riptide	EX_leu__L_e	-1.290861402089734	-1.5733603256440825	-1.2755555512902035	primary	optimal
riptide-20260916T042359Z	OV:NCI/ADR-RES	riptide	EX_lys__L_e	-1.4010549254267417	-1.7076691813282596	-1.3844425008737158	primary	optimal
riptide-20260916T042359Z	OV:NCI/ADR-RES	riptide	EX_mal__L_e	0.0	0.0	0.0	primary	optimal
riptide-20260916T042359Z	OV:NCI/ADR-RES	riptide	EX_met__L_e	-0.3620698422583333	-0.44130711786663984	-0.35777675008308485	primary	optimal
riptide-20260916T042359Z	OV:NCI/ADR-RES	riptide	EX_nac_e	4.5041251280249994e-13	4.5041251280249994e-13	4.5041251280249994e-13	primary	optimal
riptide-20260916T042359Z	OV:NCI/ADR-RES	riptide	EX_ncam_e	0.0	0.0	0.0	primary	optimal
riptide-20260916T042359Z	OV:NCI/ADR-RES	riptide	EX_nicrnt_e	0.0	0.0	0.0	primary	optimal
riptide-20260916T042359Z	OV:NCI/ADR-RES	riptide	EX_orn_e	0.0	0.0	0.0	primary	optimal
riptide-20260916T042359Z	OV:NCI/ADR-RES	riptide	EX_orot5p_e	0.0	0.0	0.0	primary	optimal
riptide-20260916T042359Z	OV:NCI/ADR-RES	riptide	EX_orot_e	0.0	0.0	0.0	primary	optimal
riptide-20260916T042359Z	OV:NCI/ADR-RES	riptide	EX_oxa_e	0.0	0.0	0.0	primary	optimal
riptide-20260916T042359Z	OV:NCI/ADR-RES	riptide	EX_pep_e	0.0	0.0	0.0	primary	optimal
riptide-20260916T042359Z	OV:NCI/ADR-RES	riptide	EX_phe__L_e	-0.613946161179733	-0.7483053800493121	-0.6066665505826574	primary	optimal
riptide-20260916T042359Z	OV:NCI/ADR-RES	riptide	EX_pnto__R_e	0.0	0.0	0.0	primary	optimal
riptide-20260916T042359Z	OV:NCI/ADR-RES	riptide	EX_pro__L_e	-0.9760160034380654	-1.1896124979159513	-0.9644433006657405	primary	optimal
riptide-20260916T042359Z	OV:NCI/ADR-RES	riptide	EX_quln_e	0.0	0.0	0.0	primary	optimal
riptide-20260916T042359Z	OV:NCI/ADR-RES	riptide	EX_sbt__D_e	0.0	0.0	0.0	primary	optimal
riptide-20260916T042359Z	OV:NCI/ADR-RES	riptide	EX_ser__L_e	-7.16024209207243	-10.0	-2.753066338563905	primary	optimal
riptide-20260916T042359Z	OV:NCI/ADR-RES	riptide	EX_spmd_e	0.0	0.0	0.0	primary	optimal
riptide-20260916T042359Z	OV:NCI/ADR-RES	riptide	EX_sprm_e	0.0	0.0	0.0	primary	optimal
riptide-20260916T042359Z	OV:NCI/ADR-RES	riptide	EX_srtn_e	0.0	0.0	0.0	primary	optimal
riptide-20260916T042359Z	OV:NCI/ADR-RES	riptide	EX_succ_e	7.779303277467687	4.4283354310694225	8.335556473564168	primary	optimal
riptide-20260916T042359Z	OV:NCI/ADR-RES	riptide	EX_sucr_e	0.0	0.0	0.0	primary	optimal
riptide-20260916T042359Z	OV:NCI/ADR-RES	riptide	EX_taur_e	0.0	0.0	0.0	primary	optimal
riptide-20260916T042359Z	OV:NCI/ADR-RES	riptide	EX_tchola_e	0.0	0.0	0.0	primary	optimal
riptide-20260916T042359Z	OV:NCI/ADR-RES	riptide	EX_thr__L_e	-0.7398843206404333	-0.9018045111406474	-0.7311114508324525	primary	optimal
riptide-20260916T042359Z	OV:NCI/ADR-RES	riptide	EX_thym_e	0.0	0.0	0.0	primary	optimal
riptide-20260916T042359Z	OV:NCI/ADR-RES	riptide	EX_thymd_e	0.0	0.0	0.0	primary	optimal
riptide-20260916T042359Z	OV:NCI/ADR-RES	riptide	EX_trp__L_e	-0.03148453986509825	-0.03837478277288664	-0.03111122506233599	primary	optimal
riptide-20260916T042359Z	OV:NCI/ADR-RES	riptide	EX_tyr__L_e	-0.3778121121908029	-0.46049450925295954	-0.37333236261424574	primary	optimal
riptide-20260916T042359Z	OV:NCI/ADR-RES	riptide	EX_ump_e	0.0	0.0	0.0	primary	optimal
riptide-20260916T042359Z	OV:NCI/ADR-RES	riptide	EX_ura_e	0.0	0.0	0.0	primary	optimal
riptide-20260916T042359Z	OV:NCI/ADR-RES	riptide	EX_urate_e	0.0	0.0	0.0	primary	optimal
riptide-20260916T042359Z	OV:NCI/ADR-RES	riptide	EX_uri_e	0.0	0.0	0.0	primary	optimal
riptide-20260916T042359Z	OV:NCI/ADR-RES	riptide	EX_val__L_e	-0.834335574044835	-1.0169259754378075	-0.8244427878845197	primary	optimal
riptide-20260916T042359Z	OV:NCI/ADR-RES	riptide	EX_xan_e	0.0	0.0	0.0	primary	optimal
riptide-20260916T042359Z	OV:NCI/ADR-RES	riptide	EX_xmp_e	0.0	0.0	0.0	primary	optimal
riptide-20260916T042359Z	OV:NCI/ADR-RES	riptide	EX_xtsn_e	0.0	0.0	0.0	primary	optimal
riptide-20260916T042359Z	OV:OVCAR-3	riptide	EX_2pg_e	0.0	0.0	0.0	primary	optimal
riptide-20260916T042359Z	OV:OVCAR-3	riptide	EX_34hpp_e	0.0	0.0	0.0	primary	optimal
riptide-20260916T042359Z	OV:OVCAR-3	riptide	EX_3hanthrn_e	0.0	0.0	0.0	primary	optimal
riptide-20260916T042359Z	OV:OVCAR-3	riptide	EX_3pg_e	0.0	0.0	0.0	primary	optimal
riptide-20260916T042359Z	OV:OVCAR-3	riptide	EX_4abut_e	0.0	0.0	0.0	primary	optimal
riptide-20260916T042359Z	OV:OVCAR-3	riptide	EX_4hbz_e	0.0	0.0	0.0	primary	optimal
riptide-20260916T042359Z	OV:OVCAR-3	riptide	EX_L2aadp_e	0.0	0.0	0.0	primary	optimal
riptide-20260916T042359Z	OV:OVCAR-3	riptide	EX_Lkynr_e	0.0	0.0	0.0	primary	optimal
riptide-20260916T042359Z	OV:OVCAR-3	riptide	EX_acac_e	0.0	0.0	0.0	primary	optimal
riptide-20260916T042359Z	OV:OVCAR-3	riptide	EX_ade_e	0.0	0.0	0.0	primary	optimal
riptide-20260916T042359Z	OV:OVCAR-3	riptide	EX_adn_e	0.0	0.0	0.0	primary	optimal
riptide-20260916T042359Z	OV:OVCAR-3	riptide	EX_ahcys_e	0.0	0.0	0.0	primary	optimal
riptide-20260916T042359Z	OV:OVCAR-3	riptide	EX_akg_e	0.0	0.0	0.0	primary	optimal
riptide-20260916T042359Z	OV:OVCAR-3	riptide	EX_ala__L_e	3.2096544109617247	0.0	11.770304522769855	primary	optimal
riptide-20260916T042359Z	OV:OVCAR-3	riptide	EX_amp_e	0.0	0.0	0.0	primary	optimal
riptide-20260916T042359Z	OV:OVCAR-3	riptide	EX_anth_e	0.0	0.0	0.0	primary	optimal
riptide-20260916T042359Z	OV:OVCAR-3	riptide	EX_arg__L_e	-0.8496134291202786	-1.0340116220423479	-0.8496134291199642	primary	optimal
riptide-20260916T042359Z	OV:OVCAR-3	riptide	EX_asn__L_e	-5.139965229103495	-7.718440426307024	-2.191513586128514	primary	optimal
riptide-20260916T042359Z	OV:OVCAR-3	riptide	EX_asp__L_e	0.0	0.0	0.0	primary	optimal
riptide-20260916T042359Z	OV:OVCAR-3	riptide	EX_bilirub_e	1.7147698979122683e-13	1.7147698979122683e-13	1.7147698979122683e-13	primary	optimal
riptide-20260916T042359Z	OV:OVCAR-3	riptide	EX_cala_e	0.0	0.0	0.0	primary	optimal
riptide-20260916T042359Z	OV:OVCAR-3	riptide	EX_chol_e	-1.2348592869236787	-1.9514407475003903	-0.5513808111842309	primary	optimal
riptide-20260916T042359Z	OV:OVCAR-3	riptide	EX_cholp_e	0.0	0.0	0.0	primary	optimal
riptide-20260916T042359Z	OV:OVCAR-3	riptide	EX_cit_e	0.0	0.0	0.0	primary	optimal
riptide-20260916T042359Z	OV:OVCAR-3	riptide	EX_citr__L_e	0.0	0.0	0.0	primary	optimal
riptide-20260916T042359Z	OV:OVCAR-3	riptide	EX_cmp_e	0.0	0.0	0.0	primary	optimal
riptide-20260916T042359Z	OV:OVCAR-3	riptide	EX_crn_e	5.417888360170764e-14	5.417888360170764e-14	5.417888360170764e-14	primary	optimal
riptide-20260916T042359Z	OV:OVCAR-3	riptide	EX_cyst__L_e	0.0	0.0	0.0	primary	optimal
riptide-20260916T042359Z	OV:OVCAR-3	riptide	EX_cytd_e	0.0	0.0	0.0	primary	optimal
riptide-20260916T042359Z	OV:OVCAR-3	riptide	EX_dad_2_e	0.0	0.0	0.0	primary	optimal
riptide-20260916T042359Z	OV:OVCAR-3	riptide	EX_dcmp_e	0.0	0.0	0.0	primary	optimal
riptide-20260916T042359Z	OV:OVCAR-3	riptide	EX_dcyt_e	0.0	0.0	0.0	primary	optimal
riptide-20260916T042359Z	OV:OVCAR-3	riptide	EX_dhap_e	0.0	0.0	0.0	primary	optimal
riptide-20260916T042359Z	OV:OVCAR-3	riptide	EX_dmgly_e	0.0	0.0	0.0	primary	optimal
riptide-20260916T042359Z	OV:OVCAR-3	riptide	EX_duri_e	0.0	0.0	0.0	primary	optimal
riptide-20260916T042359Z	OV:OVCAR-3	riptide	EX_ethamp_e	0.0	0.0	0.0	primary	optimal
riptide-20260916T042359Z	OV:OVCAR-3	riptide	EX_fol_e	0.0	0.0	0.0	primary	optimal
riptide-20260916T042359Z	OV:OVCAR-3	riptide	EX_fum_e	0.424823268865235	0.42482326884965904	0.5170259582155697	primary	optimal
riptide-20260916T042359Z	OV:OVCAR-3	riptide	EX_g3pc_e	0.0	0.0	0.0	primary	optimal
riptide-20260916T042359Z	OV:OVCAR-3	riptide	EX_glc__D_e	-10.0	-10.0	-4.650708826946961	primary	optimal
riptide-20260916T042359Z	OV:OVCAR-3	riptide	EX_glcur_e	0.0	0.0	0.0	primary	optimal
riptide-20260916T042359Z	OV:OVCAR-3	riptide	EX_gln__L_e	-8.938409179125767	-10.0	-4.172660956791051	primary	optimal
riptide-20260916T042359Z	OV:OVCAR-3	riptide	EX_glu__L_e	0.0	0.0	0.0	primary	optimal
riptide-20260916T042359Z	OV:OVCAR-3	riptide	EX_gly_e	-3.44297871560737	-5.562447936354043	-1.410858231873145	primary	optimal
riptide-20260916T042359Z	OV:OVCAR-3	riptide	EX_glyald_e	0.0	0.0	0.0	primary	optimal
riptide-20260916T042359Z	OV:OVCAR-3	riptide	EX_glyb_e	0.0	0.0	0.0	primary	optimal
riptide-20260916T042359Z	OV:OVCAR-3	riptide	EX_glyc3p_e	0.0	0.0	0.0	primary	optimal
riptide-20260916T042359Z	OV:OVCAR-3	riptide	EX_gmp_e	0.0	0.0	0.0	primary	optimal
riptide-20260916T042359Z	OV:OVCAR-3	riptide	EX_gthox_e	0.0	0.0	0.0	primary	optimal
riptide-20260916T042359Z	OV:OVCAR-3	riptide	EX_hcys__L_e	0.0	0.0	0.0	primary	optimal
riptide-20260916T042359Z	OV:OVCAR-3	riptide	EX_hom__L_e	0.0	0.0	0.0	primary	optimal
riptide-20260916T042359Z	OV:OVCAR-3	riptide	EX_hxan_e	0.0	0.0	0.0	primary	optimal
riptide-20260916T042359Z	OV:OVCAR-3	riptide	EX_icit_e	0.0	0.0	0.0	primary	optimal
riptide-20260916T042359Z	OV:OVCAR-3	riptide	EX_ile__L_e	-0.676545428313462	-0.8233813305421648	-0.6765454283130605	primary	optimal
riptide-20260916T042359Z	OV:OVCAR-3	riptide	EX_imp_e	0.0	0.0	0.0	primary	optimal
riptide-20260916T042359Z	OV:OVCAR-3	riptide	EX_ins_e	0.0	0.0	0.0	primary	optimal
riptide-20260916T042359Z	OV:OVCAR-3	riptide	EX_lac__L_e	6.754610944754711	-1.0	15.519011691537274	primary	optimal
riptide-20260916T042359Z	OV:OVCAR-3	riptide	EX_lcts_e	0.0	0.0	0.0	primary	optimal
riptide-20260916T042359Z	OV:OVCAR-3	riptide	EX_leu__L_e	-1.2901561781902746	-1.5701687812043148	-1.290156178188111	primary	optimal
riptide-20260916T042359Z	OV:OVCAR-3	riptide	EX_lys__L_e	-1.4002895005570792	-1.704205192823977	-1.4002895005563136	primary	optimal
riptide-20260916T042359Z	OV:OVCAR-3	riptide	EX_mal__L_e	2.8302564717115386	0.0	5.488473646683361	primary	optimal
riptide-20260916T042359Z	OV:OVCAR-3	riptide	EX_met__L_e	-0.3618720361219383	-0.4404119311408606	-0.36187203612163543	primary	optimal
riptide-20260916T042359Z	OV:OVCAR-3	riptide	EX_nac_e	0.0	0.0	0.0	primary	optimal
riptide-20260916T042359Z	OV:OVCAR-3	riptide	EX_ncam_e	0.0	0.0	0.0	primary	optimal
riptide-20260916T042359Z	OV:OVCAR-3	riptide	EX_nicrnt_e	0.0	0.0	0.0	primary	optimal
riptide-20260916T042359Z	OV:OVCAR-3	riptide	EX_orn_e	0.0	0.0	0.0	primary	optimal
riptide-20260916T042359Z	OV:OVCAR-3	riptide	EX_orot5p_e	0.0	0.0	0.0	primary	optimal
riptide-20260916T042359Z	OV:OVCAR-3	riptide	EX_orot_e	0.0	0.0	0.0	primary	optimal
riptide-20260916T042359Z	OV:OVCAR-3	riptide	EX_oxa_e	0.0	0.0	0.0	primary	optimal
riptide-20260916T042359Z	OV:OVCAR-3	riptide	EX_pep_e	0.0	0.0	0.0	primary	optimal
riptide-20260916T042359Z	OV:OVCAR-3	riptide	EX_phe__L_e	-0.6136107498751882	-0.7467874506619747	-0.6136107498747592	primary	optimal
riptide-20260916T042359Z	OV:OVCAR-3	riptide	EX_pnto__R_e	0.0	0.0	0.0	primary	optimal
riptide-20260916T042359Z	OV:OVCAR-3	riptide	EX_pro__L_e	-0.9754827859970074	-1.1871993818028361	-0.9754827859963946	primary	optimal
riptide-20260916T042359Z	OV:OVCAR-3	riptide	EX_quln_e	0.0	0.0	0.0	primary	optimal
riptide-20260916T042359Z	OV:OVCAR-3	riptide	EX_sbt__D_e	0.0	0.0	0.0	primary	optimal
riptide-20260916T042359Z	OV:OVCAR-3	riptide	EX_ser__L_e	-10.0	-10.0	-2.290286473887286	primary	optimal
riptide-20260916T042359Z	OV:OVCAR-3	riptide	EX_spmd_e	0.0	0.0	0.0	primary	optimal
riptide-20260916T042359Z	OV:OVCAR-3	riptide	EX_sprm_e	0.0	0.0	0.0	primary	optimal
riptide-20260916T042359Z	OV:OVCAR-3	riptide	EX_srtn_e	0.0	0.0	0.0	primary	optimal
riptide-20260916T042359Z	OV:OVCAR-3	riptide	EX_succ_e	7.176307547293293	2.4891654032617576	8.316504446472086	primary	optimal
riptide-20260916T042359Z	OV:OVCAR-3	riptide	EX_sucr_e	0.0	0.0	0.0	primary	optimal
riptide-20260916T042359Z	OV:OVCAR-3	riptide	EX_taur_e	0.0	0.0	0.0	primary	optimal
riptide-20260916T042359Z	OV:OVCAR-3	riptide	EX_tchola_e	0.0	0.0	0.0	primary	optimal
riptide-20260916T042359Z	OV:OVCAR-3	riptide	EX_thr__L_e	-0.7394801067517243	-0.8999752104225344	-0.7394801067513228	primary	optimal
riptide-20260916T042359Z	OV:OVCAR-3	riptide	EX_thym_e	0.0	0.0	0.0	primary	optimal
riptide-20260916T042359Z	OV:OVCAR-3	riptide	EX_thymd_e	0.0	0.0	0.0	primary	optimal
riptide-20260916T042359Z	OV:OVCAR-3	riptide	EX_trp__L_e	-0.03146733921921552	-0.038296939940222464	-0.03146733921921552	primary	optimal
riptide-20260916T042359Z	OV:OVCAR-3	riptide	EX_tyr__L_e	-0.3776057057315274	-0.4595604011109753	-0.3776057057312947	primary	optimal
riptide-20260916T042359Z	OV:OVCAR-3	riptide	EX_ump_e	0.0	0.0	0.0	primary	optimal
riptide-20260916T042359Z	OV:OVCAR-3	riptide	EX_ura_e	0.0	0.0	0.0	primary	optimal
riptide-20260916T042359Z	OV:OVCAR-3	riptide	EX_urate_e	0.0	0.0	0.0	primary	optimal
riptide-20260916T042359Z	OV:OVCAR-3	riptide	EX_uri_e	0.0	0.0	0.0	primary	optimal
riptide-20260916T042359Z	OV:OVCAR-3	riptide	EX_val__L_e	-0.8338797595106193	-1.014863152072151	-0.8338797595102676	primary	optimal
riptide-20260916T042359Z	OV:OVCAR-3	riptide	EX_xan_e	0.0	0.0	0.0	primary	optimal
riptide-20260916T042359Z	OV:OVCAR-3	riptide	EX_xmp_e	0.0	0.0	0.0	primary	optimal
riptide-20260916T042359Z	OV:OVCAR-3	riptide	EX_xtsn_e	0.0	0.0	0.0	primary	optimal
riptide-20260916T042359Z	OV:OVCAR-4	riptide	EX_2pg_e	0.0	0.0	0.0	primary	optimal
riptide-20260916T042359Z	OV:OVCAR-4	riptide	EX_34hpp_e	0.0	0.0	0.0	primary	optimal
riptide-20260916T042359Z	OV:OVCAR-4	riptide	EX_3hanthrn_e	0.0	0.0	0.0	primary	optimal
riptide-20260916T042359Z	OV:OVCAR-4	riptide	EX_3pg_e	0.0	0.0	0.0	primary	optimal
riptide-20260916T042359Z	OV:OVCAR-4	riptide	EX_4abut_e	0.0	0.0	0.0	primary	optimal
riptide-20260916T042359Z	OV:OVCAR-4	riptide	EX_4hbz_e	0.0	0.0	0.0	primary	optimal
riptide-20260916T042359Z	OV:OVCAR-4	riptide	EX_L2aadp_e	0.0	0.0	0.0	primary	optimal
riptide-20260916T042359Z	OV:OVCAR-4	riptide	EX_Lkynr_e	0.0	0.0	0.0	primary	optimal
riptide-20260916T042359Z	OV:OVCAR-4	riptide	EX_acac_e	0.0	0.0	0.0	primary	optimal
riptide-20260916T042359Z	OV:OVCAR-4	riptide	EX_ade_e	0.0	0.0	0.0	primary	optimal
riptide-20260916T042359Z	OV:OVCAR-4	riptide	EX_adn_e	0.0	0.0	0.0	primary	optimal
riptide-20260916T042359Z	OV:OVCAR-4	riptide	EX_ahcys_e	0.0	0.0	0.0	primary	optimal
riptide-20260916T042359Z	OV:OVCAR-4	riptide	EX_akg_e	0.0	0.0	0.0	primary	optimal
riptide-20260916T042359Z	OV:OVCAR-4	riptide	EX_ala__L_e	1.9549126678784257	0.0	7.045831274978089	primary	optimal
riptide-20260916T042359Z	OV:OVCAR-4	riptide	EX_amp_e	0.0	0.0	0.0	primary	optimal
riptide-20260916T042359Z	OV:OVCAR-4	riptide	EX_anth_e	0.0	0.0	0.0	primary	optimal
riptide-20260916T042359Z	OV:OVCAR-4	riptide	EX_arg__L_e	-0.8498340294396529	-1.028625748023477	-0.8404925447463594	primary	optimal
riptide-20260916T042359Z	OV:OVCAR-4	riptide	EX_asn__L_e	-8.457979798583384	-10.0	-2.9002547116827953	primary	optimal
riptide-20260916T042359Z	OV:OVCAR-4	riptide	EX_asp__L_e	0.0	0.0	0.0	primary	optimal
riptide-20260916T042359Z	OV:OVCAR-4	riptide	EX_bilirub_e	-1.7041565968623003e-13	-1.7041565968623003e-13	-1.7041565968623003e-13	primary	optimal
riptide-20260916T042359Z	OV:OVCAR-4	riptide	EX_cala_e	0.0	0.0	0.0	primary	optimal
riptide-20260916T042359Z	OV:OVCAR-4	riptide	EX_chol_e	-0.5949973652093421	-0.7201754562138938	-0.5884570778301139	primary	optimal
riptide-20260916T042359Z	OV:OVCAR-4	riptide	EX_cholp_e	0.0	0.0	0.0	primary	optimal
riptide-20260916T042359Z	OV:OVCAR-4	riptide	EX_cit_e	0.0	0.0	0.0	primary	optimal
riptide-20260916T042359Z	OV:OVCAR-4	riptide	EX_citr__L_e	0.0	0.0	0.0	primary	optimal
riptide-20260916T042359Z	OV:OVCAR-4	riptide	EX_cmp_e	0.0	0.0	0.0	primary	optimal
riptide-20260916T042359Z	OV:OVCAR-4	riptide	EX_crn_e	5.893063814710331e-13	5.893063814710331e-13	8.453238109495942e-13	primary	optimal
riptide-20260916T042359Z	OV:OVCAR-4	riptide	EX_cyst__L_e	0.0	0.0	0.0	primary	optimal
riptide-20260916T042359Z	OV:OVCAR-4	riptide	EX_cytd_e	0.0	0.0	0.0	primary	optimal
riptide-20260916T042359Z	OV:OVCAR-4	riptide	EX_dad_2_e	0.0	0.0	0.0	primary	optimal
riptide-20260916T042359Z	OV:OVCAR-4	riptide	EX_dcmp_e	0.0	0.0	0.0	primary	optimal
riptide-20260916T042359Z	OV:OVCAR-4	riptide	EX_dcyt_e	0.0	0.0	0.0	primary	optimal
riptide-20260916T042359Z	OV:OVCAR-4	riptide	EX_dhap_e	0.0	0.0	0.0	primary	optimal
riptide-20260916T042359Z	OV:OVCAR-4	riptide	EX_dmgly_e	0.0	0.0	0.0	primary	optimal
riptide-20260916T042359Z	OV:OVCAR-4	riptide	EX_duri_e	0.0	0.0	0.0	primary	optimal
riptide-20260916T042359Z	OV:OVCAR-4	riptide	EX_ethamp_e	0.0	0.0	0.0	primary	optimal
riptide-20260916T042359Z	OV:OVCAR-4	riptide	EX_fol_e	-7.460698725481052e-13	-7.460698725481052e-13	-7.460698725481052e-13	primary	optimal
riptide-20260916T042359Z	OV:OVCAR-4	riptide	EX_fum_e	6.476840147245423	1.1525304059640364	8.252275694274964	primary	optimal
riptide-20260916T042359Z	OV:OVCAR-4	riptide	EX_g3pc_e	0.0	0.0	0.0	primary	optimal
riptide-20260916T042359Z	OV:OVCAR-4	riptide	EX_glc__D_e	-9.05697469396473	-10.0	-3.4096490529538244	primary	optimal
riptide-20260916T042359Z	OV:OVCAR-4	riptide	EX_glcur_e	0.0	0.0	0.0	primary	optimal
riptide-20260916T042359Z	OV:OVCAR-4	riptide	EX_gln__L_e	-10.0	-10.0	-3.204842395458284	primary	optimal
riptide-20260916T042359Z	OV:OVCAR-4	riptide	EX_glu__L_e	-1.0799878645562657	-7.769382278627351	3.1805176795849532	primary	optimal
riptide-20260916T042359Z	OV:OVCAR-4	riptide	EX_gly_e	-1.5416447257261936	-1.8659825380588144	-1.524698769090314	primary	optimal
riptide-20260916T042359Z	OV:OVCAR-4	riptide	EX_glyald_e	0.0	0.0	0.0	primary	optimal
riptide-20260916T042359Z	OV:OVCAR-4	riptide	EX_glyb_e	0.0	0.0	0.0	primary	optimal
riptide-20260916T042359Z	OV:OVCAR-4	riptide	EX_glyc3p_e	0.0	0.0	0.0	primary	optimal
riptide-20260916T042359Z	OV:OVCAR-4	riptide	EX_gmp_e	0.0	0.0	0.0	primary	optimal
riptide-20260916T042359Z	OV:OVCAR-4	riptide	EX_gthox_e	0.0	0.0	0.0	primary	optimal
riptide-20260916T042359Z	OV:OVCAR-4	riptide	EX_hcys__L_e	0.0	0.0	0.0	primary	optimal
riptide-20260916T042359Z	OV:OVCAR-4	riptide	EX_hom__L_e	0.0	0.0	0.0	primary	optimal
riptide-20260916T042359Z	OV:OVCAR-4	riptide	EX_hxan_e	0.0	0.0	0.0	primary	optimal
riptide-20260916T042359Z	OV:OVCAR-4	riptide	EX_icit_e	0.0	0.0	0.0	primary	optimal
riptide-20260916T042359Z	OV:OVCAR-4	riptide	EX_ile__L_e	-0.6767210918944615	-0.8190925701247129	-0.6692824868228247	primary	optimal
riptide-20260916T042359Z	OV:OVCAR-4	riptide	EX_imp_e	0.0	0.0	0.0	primary	optimal
riptide-20260916T042359Z	OV:OVCAR-4	riptide	EX_ins_e	0.0	0.0	0.0	primary	optimal
riptide-20260916T042359Z	OV:OVCAR-4	riptide	EX_lac__L_e	8.017018249832574	-1.0	16.90789381615431	primary	optimal
riptide-20260916T042359Z	OV:OVCAR-4	riptide	EX_lcts_e	0.0	0.0	0.0	primary	optimal
riptide-20260916T042359Z	OV:OVCAR-4	riptide	EX_leu__L_e	-1.2904911644954309	-1.5619902162214179	-1.2763059200331277	primary	optimal
riptide-20260916T042359Z	OV:OVCAR-4	riptide	EX_lys__L_e	-1.4006530827468655	-1.695328470091765	-1.385256924344299	primary	optimal
riptide-20260916T042359Z	OV:OVCAR-4	riptide	EX_mal__L_e	0.0	0.0	0.0	primary	optimal
riptide-20260916T042359Z	OV:OVCAR-4	riptide	EX_met__L_e	-0.36196599542615093	-0.4381179499834525	-0.35798721876077266	primary	optimal
riptide-20260916T042359Z	OV:OVCAR-4	riptide	EX_nac_e	-2.2186378045299678e-13	-4.4372756090599355e-13	-2.2186378045299678e-13	primary	optimal
riptide-20260916T042359Z	OV:OVCAR-4	riptide	EX_ncam_e	0.0	0.0	0.0	primary	optimal
riptide-20260916T042359Z	OV:OVCAR-4	riptide	EX_nicrnt_e	0.0	0.0	0.0	primary	optimal
riptide-20260916T042359Z	OV:OVCAR-4	riptide	EX_orn_e	0.0	0.0	0.0	primary	optimal
riptide-20260916T042359Z	OV:OVCAR-4	riptide	EX_orot5p_e	0.0	0.0	0.0	primary	optimal
riptide-20260916T042359Z	OV:OVCAR-4	riptide	EX_orot_e	0.0	0.0	0.0	primary	optimal
riptide-20260916T042359Z	OV:OVCAR-4	riptide	EX_oxa_e	0.0	0.0	0.0	primary	optimal
riptide-20260916T042359Z	OV:OVCAR-4	riptide	EX_pep_e	0.0	0.0	0.0	primary	optimal
riptide-20260916T042359Z	OV:OVCAR-4	riptide	EX_phe__L_e	-0.6137700726008823	-0.7428976460965796	-0.6070234332103599	primary	optimal
riptide-20260916T042359Z	OV:OVCAR-4	riptide	EX_pnto__R_e	0.0	0.0	0.0	primary	optimal
riptide-20260916T042359Z	OV:OVCAR-4	riptide	EX_pro__L_e	-0.9757360680270324	-1.1810155960800313	-0.9650106519711308	primary	optimal
riptide-20260916T042359Z	OV:OVCAR-4	riptide	EX_quln_e	0.0	0.0	0.0	primary	optimal
riptide-20260916T042359Z	OV:OVCAR-4	riptide	EX_sbt__D_e	0.0	0.0	0.0	primary	optimal
riptide-20260916T042359Z	OV:OVCAR-4	riptide	EX_ser__L_e	-6.223996551581904	-10.0	-1.0254159156221352	primary	optimal
riptide-20260916T042359Z	OV:OVCAR-4	riptide	EX_spmd_e	0.0	0.0	0.0	primary	optimal
riptide-20260916T042359Z	OV:OVCAR-4	riptide	EX_sprm_e	0.0	0.0	0.0	primary	optimal
riptide-20260916T042359Z	OV:OVCAR-4	riptide	EX_srtn_e	0.0	0.0	0.0	primary	optimal
riptide-20260916T042359Z	OV:OVCAR-4	riptide	EX_succ_e	8.55267264155881	4.42033914632741	11.959781787861365	primary	optimal
riptide-20260916T042359Z	OV:OVCAR-4	riptide	EX_sucr_e	0.0	0.0	0.0	primary	optimal
riptide-20260916T042359Z	OV:OVCAR-4	riptide	EX_taur_e	0.0	0.0	0.0	primary	optimal
riptide-20260916T042359Z	OV:OVCAR-4	riptide	EX_tchola_e	0.0	0.0	0.0	primary	optimal
riptide-20260916T042359Z	OV:OVCAR-4	riptide	EX_thr__L_e	-0.7396721111882467	-0.8952874941531432	-0.7315415404351597	primary	optimal
riptide-20260916T042359Z	OV:OVCAR-4	riptide	EX_thym_e	0.0	0.0	0.0	primary	optimal
riptide-20260916T042359Z	OV:OVCAR-4	riptide	EX_thymd_e	0.0	0.0	0.0	primary	optimal
riptide-20260916T042359Z	OV:OVCAR-4	riptide	EX_trp__L_e	-0.031475509646876176	-0.0380974620141926	-0.031129526806127572	primary	optimal
riptide-20260916T042359Z	OV:OVCAR-4	riptide	EX_tyr__L_e	-0.3777037502496201	-0.4571666809906342	-0.3735519821640416	primary	optimal
riptide-20260916T042359Z	OV:OVCAR-4	riptide	EX_ump_e	0.0	0.0	0.0	primary	optimal
riptide-20260916T042359Z	OV:OVCAR-4	riptide	EX_ura_e	0.0	0.0	0.0	primary	optimal
riptide-20260916T042359Z	OV:OVCAR-4	riptide	EX_urate_e	0.0	0.0	0.0	primary	optimal
riptide-20260916T042359Z	OV:OVCAR-4	riptide	EX_uri_e	0.0	0.0	0.0	primary	optimal
riptide-20260916T042359Z	OV:OVCAR-4	riptide	EX_val__L_e	-0.8340962746162681	-1.0095770170164495	-0.8249277813432361	primary	optimal
riptide-20260916T042359Z	OV:OVCAR-4	riptide	EX_xan_e	0.0	0.0	0.0	primary	optimal
riptide-20260916T042359Z	OV:OVCAR-4	riptide	EX_xmp_e	0.0	0.0	0.0	primary	optimal
riptide-20260916T042359Z	OV:OVCAR-4	riptide	EX_xtsn_e	0.0	0.0	0.0	primary	optimal
riptide-20260916T042359Z	OV:OVCAR-5	riptide	EX_2pg_e	0.0	0.0	0.0	primary	optimal
riptide-20260916T042359Z	OV:OVCAR-5	riptide	EX_34hpp_e	0.0	0.0	0.0	primary	optimal
riptide-20260916T042359Z	OV:OVCAR-5	riptide	EX_3hanthrn_e	0.0	0.0	0.0	primary	optimal
riptide-20260916T042359Z	OV:OVCAR-5	riptide	EX_3pg_e	0.0	0.0	0.0	primary	optimal
riptide-20260916T042359Z	OV:OVCAR-5	riptide	EX_4abut_e	0.0	0.0	0.0	primary	optimal
riptide-20260916T042359Z	OV:OVCAR-5	riptide	EX_4hbz_e	0.0	0.0	0.0	primary	optimal
riptide-20260916T042359Z	OV:OVCAR-5	riptide	EX_L2aadp_e	0.0	0.0	0.0	primary	optimal
riptide-20260916T042359Z	OV:OVCAR-5	riptide	EX_Lkynr_e	0.0	0.0	0.0	primary	optimal
riptide-20260916T042359Z	OV:OVCAR-5	riptide	EX_acac_e	0.0	0.0	0.0	primary	optimal
riptide-20260916T042359Z	OV:OVCAR-5	riptide	EX_ade_e	0.0	0.0	0.0	primary	optimal
riptide-20260916T042359Z	OV:OVCAR-5	riptide	EX_adn_e	0.0	0.0	0.0	primary	optimal
riptide-20260916T042359Z	OV:OVCAR-5	riptide	EX_ahcys_e	0.0	0.0	0.0	primary	optimal
riptide-20260916T042359Z	OV:OVCAR-5	riptide	EX_akg_e	0.0	0.0	0.0	primary	optimal
riptide-20260916T042359Z	OV:OVCAR-5	riptide	EX_ala__L_e	3.650019634806249	0.0	13.242266900402145	primary	optimal
riptide-20260916T042359Z	OV:OVCAR-5	riptide	EX_amp_e	0.0	0.0	0.0	primary	optimal
riptide-20260916T042359Z	OV:OVCAR-5	riptide	EX_anth_e	0.0	0.0	0.0	primary	optimal
riptide-20260916T042359Z	OV:OVCAR-5	riptide	EX_arg__L_e	-0.8772502084123124	-1.070900592721095	-0.8772502084120042	primary	optimal
riptide-20260916T042359Z	OV:OVCAR-5	riptide	EX_asn__L_e	-8.060276423000243	-10.0	-0.9230484947404806	primary	optimal
riptide-20260916T042359Z	OV:OVCAR-5	riptide	EX_asp__L_e	0.0	0.0	0.0	primary	optimal
riptide-20260916T042359Z	OV:OVCAR-5	riptide	EX_bilirub_e	0.0	0.0	0.0	primary	optimal
riptide-20260916T042359Z	OV:OVCAR-5	riptide	EX_cala_e	0.0	0.0	0.0	primary	optimal
riptide-20260916T042359Z	OV:OVCAR-5	riptide	EX_chol_e	-1.6794826555855344	-2.050223475679003	-1.6794826555847866	primary	optimal
riptide-20260916T042359Z	OV:OVCAR-5	riptide	EX_cholp_e	0.0	0.0	0.0	primary	optimal
riptide-20260916T042359Z	OV:OVCAR-5	riptide	EX_cit_e	0.0	0.0	0.0	primary	optimal
riptide-20260916T042359Z	OV:OVCAR-5	riptide	EX_citr__L_e	0.0	0.0	0.0	primary	optimal
riptide-20260916T042359Z	OV:OVCAR-5	riptide	EX_cmp_e	0.0	0.0	0.0	primary	optimal
riptide-20260916T042359Z	OV:OVCAR-5	riptide	EX_crn_e	0.0	0.0	0.0	primary	optimal
riptide-20260916T042359Z	OV:OVCAR-5	riptide	EX_cyst__L_e	0.0	0.0	0.0	primary	optimal
riptide-20260916T042359Z	OV:OVCAR-5	riptide	EX_cytd_e	0.0	0.0	0.0	primary	optimal
riptide-20260916T042359Z	OV:OVCAR-5	riptide	EX_dad_2_e	0.0	0.0	0.0	primary	optimal
riptide-20260916T042359Z	OV:OVCAR-5	riptide	EX_dcmp_e	0.0	0.0	0.0	primary	optimal
riptide-20260916T042359Z	OV:OVCAR-5	riptide	EX_dcyt_e	0.0	0.0	0.0	primary	optimal
riptide-20260916T042359Z	OV:OVCAR-5	riptide	EX_dhap_e	0.0	0.0	0.0	primary	optimal
riptide-20260916T042359Z	OV:OVCAR-5	riptide	EX_dmgly_e	0.0	0.0	0.0	primary	optimal
riptide-20260916T042359Z	OV:OVCAR-5	riptide	EX_duri_e	0.0	0.0	0.0	primary	optimal
riptide-20260916T042359Z	OV:OVCAR-5	riptide	EX_ethamp_e	0.0	0.0	0.0	primary	optimal
riptide-20260916T042359Z	OV:OVCAR-5	riptide	EX_fol_e	-1.865174681370263e-13	-1.865174681370263e-13	-1.865174681370263e-13	primary	optimal
riptide-20260916T042359Z	OV:OVCAR-5	riptide	EX_fum_e	7.882033047476062	2.1924798451076435	11.80408320092078	primary	optimal
riptide-20260916T042359Z	OV:OVCAR-5	riptide	EX_g3pc_e	0.0	0.0	0.0	primary	optimal
riptide-20260916T042359Z	OV:OVCAR-5	riptide	EX_glc__D_e	-10.0	-10.0	-3.6785158211768136	primary	optimal
riptide-20260916T042359Z	OV:OVCAR-5	riptide	EX_glcur_e	0.0	0.0	0.0	primary	optimal
riptide-20260916T042359Z	OV:OVCAR-5	riptide	EX_gln__L_e	-7.103613191791283	-10.0	-1.62787467486409	primary	optimal
riptide-20260916T042359Z	OV:OVCAR-5	riptide	EX_glu__L_e	-4.013963231263886	-10.0	1.0849099634484438	primary	optimal
riptide-20260916T042359Z	OV:OVCAR-5	riptide	EX_gly_e	-4.787250058030679	-5.844021324230857	-4.787250058024578	primary	optimal
riptide-20260916T042359Z	OV:OVCAR-5	riptide	EX_glyald_e	0.0	0.0	0.0	primary	optimal
riptide-20260916T042359Z	OV:OVCAR-5	riptide	EX_glyb_e	0.0	0.0	0.0	primary	optimal
riptide-20260916T042359Z	OV:OVCAR-5	riptide	EX_glyc3p_e	0.0	0.0	0.0	primary	optimal
riptide-20260916T042359Z	OV:OVCAR-5	riptide	EX_gmp_e	0.0	0.0	0.0	primary	optimal
riptide-20260916T042359Z	OV:OVCAR-5	riptide	EX_gthox_e	0.0	0.0	0.0	primary	optimal
riptide-20260916T042359Z	OV:OVCAR-5	riptide	EX_hcys__L_e	0.0	0.0	0.0	primary	optimal
riptide-20260916T042359Z	OV:OVCAR-5	riptide	EX_hom__L_e	0.0	0.0	0.0	primary	optimal
riptide-20260916T042359Z	OV:OVCAR-5	riptide	EX_hxan_e	0.0	0.0	0.0	primary	optimal
riptide-20260916T042359Z	OV:OVCAR-5	riptide	EX_icit_e	0.0	0.0	0.0	primary	optimal
riptide-20260916T042359Z	OV:OVCAR-5	riptide	EX_ile__L_e	-0.6985525388916045	-0.8527559421155164	-0.6985525388912439	primary	optimal
riptide-20260916T042359Z	OV:OVCAR-5	riptide	EX_imp_e	0.0	0.0	0.0	primary	optimal
riptide-20260916T042359Z	OV:OVCAR-5	riptide	EX_ins_e	0.0	0.0	0.0	primary	optimal
riptide-20260916T042359Z	OV:OVCAR-5	riptide	EX_lac__L_e	10.868428930129355	-1.0	17.479580044777155	primary	optimal
riptide-20260916T042359Z	OV:OVCAR-5	riptide	EX_lcts_e	0.0	0.0	0.0	primary	optimal
riptide-20260916T042359Z	OV:OVCAR-5	riptide	EX_leu__L_e	-1.3321232191166308	-1.6261854727925855	-1.3321232191112138	primary	optimal
riptide-20260916T042359Z	OV:OVCAR-5	riptide	EX_lys__L_e	-1.4458390299612711	-1.7650037119592086	-1.4458390299608297	primary	optimal
riptide-20260916T042359Z	OV:OVCAR-5	riptide	EX_mal__L_e	0.0	0.0	0.0	primary	optimal
riptide-20260916T042359Z	OV:OVCAR-5	riptide	EX_met__L_e	-0.37364324553487727	-0.4561238849217787	-0.3736432455347227	primary	optimal
riptide-20260916T042359Z	OV:OVCAR-5	riptide	EX_nac_e	0.0	-4.452005225227529e-13	0.0	primary	optimal
riptide-20260916T042359Z	OV:OVCAR-5	riptide	EX_ncam_e	0.0	0.0	0.0	primary	optimal
riptide-20260916T042359Z	OV:OVCAR-5	riptide	EX_nicrnt_e	0.0	0.0	0.0	primary	optimal
riptide-20260916T042359Z	OV:OVCAR-5	riptide	EX_orn_e	0.0	0.0	0.0	primary	optimal
riptide-20260916T042359Z	OV:OVCAR-5	riptide	EX_orot5p_e	0.0	0.0	0.0	primary	optimal
riptide-20260916T042359Z	OV:OVCAR-5	riptide	EX_orot_e	0.0	0.0	0.0	primary	optimal
riptide-20260916T042359Z	OV:OVCAR-5	riptide	EX_oxa_e	0.0	0.0	0.0	primary	optimal
riptide-20260916T042359Z	OV:OVCAR-5	riptide	EX_pep_e	0.0	0.0	0.0	primary	optimal
riptide-20260916T042359Z	OV:OVCAR-5	riptide	EX_phe__L_e	-0.6335706802202505	-0.7734295306768768	-0.6335706802200534	primary	optimal
riptide-20260916T042359Z	OV:OVCAR-5	riptide	EX_pnto__R_e	0.0	0.0	0.0	primary	optimal
riptide-20260916T042359Z	OV:OVCAR-5	riptide	EX_pro__L_e	-1.0072139257552282	-1.2295534155986536	-1.0072139257547743	primary	optimal
riptide-20260916T042359Z	OV:OVCAR-5	riptide	EX_quln_e	0.0	0.0	0.0	primary	optimal
riptide-20260916T042359Z	OV:OVCAR-5	riptide	EX_sbt__D_e	0.0	0.0	0.0	primary	optimal
riptide-20260916T042359Z	OV:OVCAR-5	riptide	EX_ser__L_e	-9.33258710378174	-10.0	-4.310383697821046	primary	optimal
riptide-20260916T042359Z	OV:OVCAR-5	riptide	EX_spmd_e	0.0	0.0	0.0	primary	optimal
riptide-20260916T042359Z	OV:OVCAR-5	riptide	EX_sprm_e	0.0	0.0	0.0	primary	optimal
riptide-20260916T042359Z	OV:OVCAR-5	riptide	EX_srtn_e	0.0	0.0	0.0	primary	optimal
riptide-20260916T042359Z	OV:OVCAR-5	riptide	EX_succ_e	9.029092578878139	6.684363528326411	12.147722266534418	primary	optimal
riptide-20260916T042359Z	OV:OVCAR-5	riptide	EX_sucr_e	0.0	0.0	0.0	primary	optimal
riptide-20260916T042359Z	OV:OVCAR-5	riptide	EX_taur_e	0.0	0.0	0.0	primary	optimal
riptide-20260916T042359Z	OV:OVCAR-5	riptide	EX_tchola_e	0.0	0.0	0.0	primary	optimal
riptide-20260916T042359Z	OV:OVCAR-5	riptide	EX_thr__L_e	-0.7635343975629718	-0.9320823535544249	-0.7635343975627631	primary	optimal
riptide-20260916T042359Z	OV:OVCAR-5	riptide	EX_thym_e	0.0	0.0	0.0	primary	optimal
riptide-20260916T042359Z	OV:OVCAR-5	riptide	EX_thymd_e	0.0	0.0	0.0	primary	optimal
riptide-20260916T042359Z	OV:OVCAR-5	riptide	EX_trp__L_e	-0.03249092933574005	-0.03966320571938638	-0.03249092933574005	primary	optimal
riptide-20260916T042359Z	OV:OVCAR-5	riptide	EX_tyr__L_e	-0.3898887102027011	-0.47595548778153446	-0.38988871020264426	primary	optimal
riptide-20260916T042359Z	OV:OVCAR-5	riptide	EX_ump_e	0.0	0.0	0.0	primary	optimal
riptide-20260916T042359Z	OV:OVCAR-5	riptide	EX_ura_e	0.0	0.0	0.0	primary	optimal
riptide-20260916T042359Z	OV:OVCAR-5	riptide	EX_urate_e	0.0	0.0	0.0	primary	optimal
riptide-20260916T042359Z	OV:OVCAR-5	riptide	EX_uri_e	0.0	0.0	0.0	primary	optimal
riptide-20260916T042359Z	OV:OVCAR-5	riptide	EX_val__L_e	-0.8610047437446315	-1.0510689898613939	-0.861004743744255	primary	optimal
riptide-20260916T042359Z	OV:OVCAR-5	riptide	EX_xan_e	0.0	0.0	0.0	primary	optimal
riptide-20260916T042359Z	OV:OVCAR-5	riptide	EX_xmp_e	0.0	0.0	0.0	primary	optimal
riptide-20260916T042359Z	OV:OVCAR-5	riptide	EX_xtsn_e	0.0	0.0	0.0	primary	optimal
riptide-20260916T042359Z	OV:OVCAR-8	riptide	EX_2pg_e	0.0	0.0	0.0	primary	optimal
riptide-20260916T042359Z	OV:OVCAR-8	riptide	EX_34hpp_e	0.0	0.0	0.0	primary	optimal
riptide-20260916T042359Z	OV:OVCAR-8	riptide	EX_3hanthrn_e	0.0	0.0	0.0	primary	optimal
riptide-20260916T042359Z	OV:OVCAR-8	riptide	EX_3pg_e	0.0	0.0	0.0	primary	optimal
riptide-20260916T042359Z	OV:OVCAR-8	riptide	EX_4abut_e	0.0	0.0	0.0	primary	optimal
riptide-20260916T042359Z	OV:OVCAR-8	riptide	EX_4hbz_e	0.0	0.0	0.0	primary	optimal
riptide-20260916T042359Z	OV:OVCAR-8	riptide	EX_L2aadp_e	0.0	0.0	0.0	primary	optimal
riptide-20260916T042359Z	OV:OVCAR-8	riptide	EX_Lkynr_e	0.0	0.0	0.0	primary	optimal
riptide-20260916T042359Z	OV:OVCAR-8	riptide	EX_acac_e	0.0	0.0	0.0	primary	optimal
riptide-20260916T042359Z	OV:OVCAR-8	riptide	EX_ade_e	0.0	0.0	0.0	primary	optimal
riptide-20260916T042359Z	OV:OVCAR-8	riptide	EX_adn_e	0.0	0.0	0.0	primary	optimal
riptide-20260916T042359Z	OV:OVCAR-8	riptide	EX_ahcys_e	0.0	0.0	0.0	primary	optimal
riptide-20260916T042359Z	OV:OVCAR-8	riptide	EX_akg_e	0.0	0.0	0.0	primary	optimal
riptide-20260916T042359Z	OV:OVCAR-8	riptide	EX_ala__L_e	1.1890542391106003	0.0	3.9526353630531594	primary	optimal
riptide-20260916T042359Z	OV:OVCAR-8	riptide	EX_amp_e	0.0	0.0	0.0	primary	optimal
riptide-20260916T042359Z	OV:OVCAR-8	riptide	EX_anth_e	0.0	0.0	0.0	primary	optimal
riptide-20260916T042359Z	OV:OVCAR-8	riptide	EX_arg__L_e	-0.8965919736308483	-1.0461158081311674	-0.8523995713385588	primary	optimal
riptide-20260916T042359Z	OV:OVCAR-8	riptide	EX_asn__L_e	-9.128362350303437	-10.0	-1.6777031475773307	primary	optimal
riptide-20260916T042359Z	OV:OVCAR-8	riptide	EX_asp__L_e	-0.936637640731167	-3.1182985087293162	0.0	primary	optimal
riptide-20260916T042359Z	OV:OVCAR-8	riptide	EX_bilirub_e	0.0	0.0	0.0	primary	optimal
riptide-20260916T042359Z	OV:OVCAR-8	riptide	EX_cala_e	0.0	0.0	0.0	primary	optimal
riptide-20260916T042359Z	OV:OVCAR-8	riptide	EX_chol_e	-1.5094622803525222	-1.9432195838008768	-0.5497288207706716	primary	optimal
riptide-20260916T042359Z	OV:OVCAR-8	riptide	EX_cholp_e	0.0	0.0	0.0	primary	optimal
riptide-20260916T042359Z	OV:OVCAR-8	riptide	EX_cit_e	0.0	0.0	0.0	primary	optimal
riptide-20260916T042359Z	OV:OVCAR-8	riptide	EX_citr__L_e	0.0	0.0	0.0	primary	optimal
riptide-20260916T042359Z	OV:OVCAR-8	riptide	EX_cmp_e	0.0	0.0	0.0	primary	optimal
riptide-20260916T042359Z	OV:OVCAR-8	riptide	EX_crn_e	1.3211653993039363e-13	1.3211653993039363e-13	1.3211653993039363e-13	primary	optimal
riptide-20260916T042359Z	OV:OVCAR-8	riptide	EX_cyst__L_e	0.0	0.0	0.0	primary	optimal
riptide-20260916T042359Z	OV:OVCAR-8	riptide	EX_cytd_e	0.0	0.0	0.0	primary	optimal
riptide-20260916T042359Z	OV:OVCAR-8	riptide	EX_dad_2_e	0.0	0.0	0.0	primary	optimal
riptide-20260916T042359Z	OV:OVCAR-8	riptide	EX_dcmp_e	0.0	0.0	0.0	primary	optimal
riptide-20260916T042359Z	OV:OVCAR-8	riptide	EX_dcyt_e	0.0	0.0	0.0	primary	optimal
riptide-20260916T042359Z	OV:OVCAR-8	riptide	EX_dhap_e	0.0	0.0	0.0	primary	optimal
riptide-20260916T042359Z	OV:OVCAR-8	riptide	EX_dmgly_e	0.0	0.0	0.0	primary	optimal
riptide-20260916T042359Z	OV:OVCAR-8	riptide	EX_duri_e	0.0	0.0	0.0	primary	optimal
riptide-20260916T042359Z	OV:OVCAR-8	riptide	EX_ethamp_e	0.0	0.0	0.0	primary	optimal
riptide-20260916T042359Z	OV:OVCAR-8	riptide	EX_fol_e	3.9968028886505635e-13	3.9968028886505635e-13	6.625811010962934e-13	primary	optimal
riptide-20260916T042359Z	OV:OVCAR-8	riptide	EX_fum_e	7.957618487915314	0.0	11.22697553051445	primary	optimal
riptide-20260916T042359Z	OV:OVCAR-8	riptide	EX_g3pc_e	0.0	0.0	0.0	primary	optimal
riptide-20260916T042359Z	OV:OVCAR-8	riptide	EX_glc__D_e	-7.835993930324682	-10.0	-4.1856089089484545	primary	optimal
riptide-20260916T042359Z	OV:OVCAR-8	riptide	EX_glcur_e	0.0	0.0	0.0	primary	optimal
riptide-20260916T042359Z	OV:OVCAR-8	riptide	EX_gln__L_e	-8.375037414308176	-10.0	-6.368808992396843	primary	optimal
riptide-20260916T042359Z	OV:OVCAR-8	riptide	EX_glu__L_e	0.0	0.0	0.0	primary	optimal
riptide-20260916T042359Z	OV:OVCAR-8	riptide	EX_gly_e	-4.2621671374667365	-5.539014073395538	-1.4033844764729673	primary	optimal
riptide-20260916T042359Z	OV:OVCAR-8	riptide	EX_glyald_e	0.0	0.0	0.0	primary	optimal
riptide-20260916T042359Z	OV:OVCAR-8	riptide	EX_glyb_e	0.0	0.0	0.0	primary	optimal
riptide-20260916T042359Z	OV:OVCAR-8	riptide	EX_glyc3p_e	0.0	0.0	0.0	primary	optimal
riptide-20260916T042359Z	OV:OVCAR-8	riptide	EX_gmp_e	0.0	0.0	0.0	primary	optimal
riptide-20260916T042359Z	OV:OVCAR-8	riptide	EX_gthox_e	0.0	0.0	0.0	primary	optimal
riptide-20260916T042359Z	OV:OVCAR-8	riptide	EX_hcys__L_e	0.0	0.0	0.0	primary	optimal
riptide-20260916T042359Z	OV:OVCAR-8	riptide	EX_hom__L_e	0.0	0.0	0.0	primary	optimal
riptide-20260916T042359Z	OV:OVCAR-8	riptide	EX_hxan_e	0.0	0.0	0.0	primary	optimal
riptide-20260916T042359Z	OV:OVCAR-8	riptide	EX_icit_e	0.0	0.0	0.0	primary	optimal
riptide-20260916T042359Z	OV:OVCAR-8	riptide	EX_ile__L_e	-0.7139543468027942	-0.8330198690602164	-0.6787640276383655	primary	optimal
riptide-20260916T042359Z	OV:OVCAR-8	riptide	EX_imp_e	0.0	0.0	0.0	primary	optimal
riptide-20260916T042359Z	OV:OVCAR-8	riptide	EX_ins_e	0.0	0.0	0.0	primary	optimal
riptide-20260916T042359Z	OV:OVCAR-8	riptide	EX_lac__L_e	6.33408284107302	-1.0	15.130920180039277	primary	optimal
riptide-20260916T042359Z	OV:OVCAR-8	riptide	EX_lcts_e	0.0	0.0	0.0	primary	optimal
riptide-20260916T042359Z	OV:OVCAR-8	riptide	EX_leu__L_e	-1.3614941036089019	-1.588549246871623	-1.2943869947842988	primary	optimal
riptide-20260916T042359Z	OV:OVCAR-8	riptide	EX_lys__L_e	-1.4777171404398595	-1.7241546946940436	-1.4048814779923067	primary	optimal
riptide-20260916T042359Z	OV:OVCAR-8	riptide	EX_mal__L_e	0.0	0.0	0.0	primary	optimal
riptide-20260916T042359Z	OV:OVCAR-8	riptide	EX_met__L_e	-0.38188139681856276	-0.44556741281695195	-0.3630587251769537	primary	optimal
riptide-20260916T042359Z	OV:OVCAR-8	riptide	EX_nac_e	4.4647548409966437e-13	4.4647548409966437e-13	4.4647548409966437e-13	primary	optimal
riptide-20260916T042359Z	OV:OVCAR-8	riptide	EX_ncam_e	0.0	0.0	0.0	primary	optimal
riptide-20260916T042359Z	OV:OVCAR-8	riptide	EX_nicrnt_e	0.0	0.0	0.0	primary	optimal
riptide-20260916T042359Z	OV:OVCAR-8	riptide	EX_orn_e	0.0	0.0	0.0	primary	optimal
riptide-20260916T042359Z	OV:OVCAR-8	riptide	EX_orot5p_e	0.0	0.0	0.0	primary	optimal
riptide-20260916T042359Z	OV:OVCAR-8	riptide	EX_orot_e	0.0	0.0	0.0	primary	optimal
riptide-20260916T042359Z	OV:OVCAR-8	riptide	EX_oxa_e	0.0	0.0	0.0	primary	optimal
riptide-20260916T042359Z	OV:OVCAR-8	riptide	EX_pep_e	0.0	0.0	0.0	primary	optimal
riptide-20260916T042359Z	OV:OVCAR-8	riptide	EX_phe__L_e	-0.6475397568058998	-0.7555293778115179	-0.6156229671461109	primary	optimal
riptide-20260916T042359Z	OV:OVCAR-8	riptide	EX_pnto__R_e	0.0	0.0	0.0	primary	optimal
riptide-20260916T042359Z	OV:OVCAR-8	riptide	EX_pro__L_e	-1.0294211536244626	-1.20109679062845	-0.9786816923230646	primary	optimal
riptide-20260916T042359Z	OV:OVCAR-8	riptide	EX_quln_e	0.0	0.0	0.0	primary	optimal
riptide-20260916T042359Z	OV:OVCAR-8	riptide	EX_sbt__D_e	0.0	0.0	0.0	primary	optimal
riptide-20260916T042359Z	OV:OVCAR-8	riptide	EX_ser__L_e	-6.5392847354759125	-9.8231793886708	-2.6237468240038995	primary	optimal
riptide-20260916T042359Z	OV:OVCAR-8	riptide	EX_spmd_e	0.0	0.0	0.0	primary	optimal
riptide-20260916T042359Z	OV:OVCAR-8	riptide	EX_sprm_e	0.0	0.0	0.0	primary	optimal
riptide-20260916T042359Z	OV:OVCAR-8	riptide	EX_srtn_e	0.0	0.0	0.0	primary	optimal
riptide-20260916T042359Z	OV:OVCAR-8	riptide	EX_succ_e	6.518772804554316	4.676551719967854	8.310983749792305	primary	optimal
riptide-20260916T042359Z	OV:OVCAR-8	riptide	EX_sucr_e	0.0	0.0	0.0	primary	optimal
riptide-20260916T042359Z	OV:OVCAR-8	riptide	EX_taur_e	0.0	0.0	0.0	primary	optimal
riptide-20260916T042359Z	OV:OVCAR-8	riptide	EX_tchola_e	0.0	0.0	0.0	primary	optimal
riptide-20260916T042359Z	OV:OVCAR-8	riptide	EX_thr__L_e	-0.7803689367995685	-0.9105103603087878	-0.7419050881306894	primary	optimal
riptide-20260916T042359Z	OV:OVCAR-8	riptide	EX_thym_e	0.0	0.0	0.0	primary	optimal
riptide-20260916T042359Z	OV:OVCAR-8	riptide	EX_thymd_e	0.0	0.0	0.0	primary	optimal
riptide-20260916T042359Z	OV:OVCAR-8	riptide	EX_trp__L_e	-0.03320729499841736	-0.03874524562431939	-0.03157053024607315	primary	optimal
riptide-20260916T042359Z	OV:OVCAR-8	riptide	EX_tyr__L_e	-0.39848504431772935	-0.46494003562911895	-0.378843990299945	primary	optimal
riptide-20260916T042359Z	OV:OVCAR-8	riptide	EX_ump_e	0.0	0.0	0.0	primary	optimal
riptide-20260916T042359Z	OV:OVCAR-8	riptide	EX_ura_e	0.0	0.0	0.0	primary	optimal
riptide-20260916T042359Z	OV:OVCAR-8	riptide	EX_urate_e	0.0	0.0	0.0	primary	optimal
riptide-20260916T042359Z	OV:OVCAR-8	riptide	EX_uri_e	0.0	0.0	0.0	primary	optimal
riptide-20260916T042359Z	OV:OVCAR-8	riptide	EX_val__L_e	-0.879988326131577	-1.0267431853190367	-0.8366143062154539	primary	optimal
riptide-20260916T042359Z	OV:OVCAR-8	riptide	EX_xan_e	0.0	0.0	0.0	primary	optimal
riptide-20260916T042359Z	OV:OVCAR-8	riptide	EX_xmp_e	0.0	0.0	0.0	primary	optimal
riptide-20260916T042359Z	OV:OVCAR-8	riptide	EX_xtsn_e	0.0	0.0	0.0	primary	optimal
riptide-20260916T042359Z	OV:SK-OV-3	riptide	EX_2pg_e	0.0	0.0	0.0	primary	optimal
riptide-20260916T042359Z	OV:SK-OV-3	riptide	EX_34hpp_e	0.0	0.0	0.0	primary	optimal
riptide-20260916T042359Z	OV:SK-OV-3	riptide	EX_3hanthrn_e	0.0	0.0	0.0	primary	optimal
riptide-20260916T042359Z	OV:SK-OV-3	riptide	EX_3pg_e	0.0	0.0	0.0	primary	optimal
riptide-20260916T042359Z	OV:SK-OV-3	riptide	EX_4abut_e	0.0	0.0	0.0	primary	optimal
riptide-20260916T042359Z	OV:SK-OV-3	riptide	EX_4hbz_e	0.0	0.0	0.0	primary	optimal
riptide-20260916T042359Z	OV:SK-OV-3	riptide	EX_L2aadp_e	0.0	0.0	0.0	primary	optimal
riptide-20260916T042359Z	OV:SK-OV-3	riptide	EX_Lkynr_e	0.0	0.0	0.0	primary	optimal
riptide-20260916T042359Z	OV:SK-OV-3	riptide	EX_acac_e	0.0	0.0	0.0	primary	optimal
riptide-20260916T042359Z	OV:SK-OV-3	riptide	EX_ade_e	0.0	0.0	0.0	primary	optimal
riptide-20260916T042359Z	OV:SK-OV-3	riptide	EX_adn_e	0.0	0.0	0.0	primary	optimal
riptide-20260916T042359Z	OV:SK-OV-3	riptide	EX_ahcys_e	0.0	0.0	0.0	primary	optimal
riptide-20260916T042359Z	OV:SK-OV-3	riptide	EX_akg_e	0.0	0.0	0.0	primary	optimal
riptide-20260916T042359Z	OV:SK-OV-3	riptide	EX_ala__L_e	3.019381913033668	0.0	3.727037806673123	primary	optimal
riptide-20260916T042359Z	OV:SK-OV-3	riptide	EX_amp_e	0.0	0.0	0.0	primary	optimal
riptide-20260916T042359Z	OV:SK-OV-3	riptide	EX_anth_e	0.0	0.0	0.0	primary	optimal
riptide-20260916T042359Z	OV:SK-OV-3	riptide	EX_arg__L_e	-0.9171995687262031	-1.0510314863535064	-0.8492004243694424	primary	optimal
riptide-20260916T042359Z	OV:SK-OV-3	riptide	EX_asn__L_e	-9.113452406642601	-10.0	-6.222095679483958	primary	optimal
riptide-20260916T042359Z	OV:SK-OV-3	riptide	EX_asp__L_e	-1.2079226507921703e-13	-1.1262038803162053	0.0	primary	optimal
riptide-20260916T042359Z	OV:SK-OV-3	riptide	EX_bilirub_e	0.0	0.0	0.0	primary	optimal
riptide-20260916T042359Z	OV:SK-OV-3	riptide	EX_cala_e	0.0	0.0	0.0	primary	optimal
riptide-20260916T042359Z	OV:SK-OV-3	riptide	EX_chol_e	-1.6257817554979952	-2.0032100030745164	-0.5373344877495574	primary	optimal
riptide-20260916T042359Z	OV:SK-OV-3	riptide	EX_cholp_e	0.0	0.0	0.0	primary	optimal
riptide-20260916T042359Z	OV:SK-OV-3	riptide	EX_cit_e	0.0	0.0	0.0	primary	optimal
riptide-20260916T042359Z	OV:SK-OV-3	riptide	EX_citr__L_e	0.0	0.0	0.0	primary	optimal
riptide-20260916T042359Z	OV:SK-OV-3	riptide	EX_cmp_e	0.0	0.0	0.0	primary	optimal
riptide-20260916T042359Z	OV:SK-OV-3	riptide	EX_crn_e	6.261657858885883e-14	6.261657858885883e-14	6.261657858885883e-14	primary	optimal
riptide-20260916T042359Z	OV:SK-OV-3	riptide	EX_cyst__L_e	0.0	0.0	0.0	primary	optimal
riptide-20260916T042359Z	OV:SK-OV-3	riptide	EX_cytd_e	0.0	0.0	0.0	primary	optimal
riptide-20260916T042359Z	OV:SK-OV-3	riptide	EX_dad_2_e	0.0	0.0	0.0	primary	optimal
riptide-20260916T042359Z	OV:SK-OV-3	riptide	EX_dcmp_e	0.0	0.0	0.0	primary	optimal
riptide-20260916T042359Z	OV:SK-OV-3	riptide	EX_dcyt_e	0.0	0.0	0.0	primary	optimal
riptide-20260916T042359Z	OV:SK-OV-3	riptide	EX_dhap_e	0.0	0.0	0.0	primary	optimal
riptide-20260916T042359Z	OV:SK-OV-3	riptide	EX_dmgly_e	0.0	0.0	0.0	primary	optimal
riptide-20260916T042359Z	OV:SK-OV-3	riptide	EX_duri_e	0.0	0.0	0.0	primary	optimal
riptide-20260916T042359Z	OV:SK-OV-3	riptide	EX_ethamp_e	0.0	0.0	0.0	primary	optimal
riptide-20260916T042359Z	OV:SK-OV-3	riptide	EX_fol_e	0.0	0.0	0.0	primary	optimal
riptide-20260916T042359Z	OV:SK-OV-3	riptide	EX_fum_e	7.793428449648907	5.239187542854932	9.021287541862819	primary	optimal
riptide-20260916T042359Z	OV:SK-OV-3	riptide	EX_g3pc_e	0.0	0.0	0.0	primary	optimal
riptide-20260916T042359Z	OV:SK-OV-3	riptide	EX_glc__D_e	-7.551377488506882	-10.0	-4.639426562333459	primary	optimal
riptide-20260916T042359Z	OV:SK-OV-3	riptide	EX_glcur_e	0.0	0.0	0.0	primary	optimal
riptide-20260916T042359Z	OV:SK-OV-3	riptide	EX_gln__L_e	-8.419138688256243	-9.973969888357656	-6.659472103144016	primary	optimal
riptide-20260916T042359Z	OV:SK-OV-3	riptide	EX_glu__L_e	0.0	0.0	0.0	primary	optimal
riptide-20260916T042359Z	OV:SK-OV-3	riptide	EX_gly_e	-4.634179327461922	-5.710012646791117	-1.3688375242250217	primary	optimal
riptide-20260916T042359Z	OV:SK-OV-3	riptide	EX_glyald_e	0.0	0.0	0.0	primary	optimal
riptide-20260916T042359Z	OV:SK-OV-3	riptide	EX_glyb_e	0.0	0.0	0.0	primary	optimal
riptide-20260916T042359Z	OV:SK-OV-3	riptide	EX_glyc3p_e	0.0	0.0	0.0	primary	optimal
riptide-20260916T042359Z	OV:SK-OV-3	riptide	EX_gmp_e	0.0	0.0	0.0	primary	optimal
riptide-20260916T042359Z	OV:SK-OV-3	riptide	EX_gthox_e	0.0	0.0	0.0	primary	optimal
riptide-20260916T042359Z	OV:SK-OV-3	riptide	EX_hcys__L_e	0.0	0.0	0.0	primary	optimal
riptide-20260916T042359Z	OV:SK-OV-3	riptide	EX_hom__L_e	0.0	0.0	0.0	primary	optimal
riptide-20260916T042359Z	OV:SK-OV-3	riptide	EX_hxan_e	0.0	0.0	0.0	primary	optimal
riptide-20260916T042359Z	OV:SK-OV-3	riptide	EX_icit_e	0.0	0.0	0.0	primary	optimal
riptide-20260916T042359Z	OV:SK-OV-3	riptide	EX_ile__L_e	-0.7303641324444659	-0.8369342135304938	-0.6762165534785574	primary	optimal
riptide-20260916T042359Z	OV:SK-OV-3	riptide	EX_imp_e	0.0	0.0	0.0	primary	optimal
riptide-20260916T042359Z	OV:SK-OV-3	riptide	EX_ins_e	0.0	0.0	0.0	primary	optimal
riptide-20260916T042359Z	OV:SK-OV-3	riptide	EX_lac__L_e	3.773904784346015	-1.0	12.789414346495219	primary	optimal
riptide-20260916T042359Z	OV:SK-OV-3	riptide	EX_lcts_e	0.0	0.0	0.0	primary	optimal
riptide-20260916T042359Z	OV:SK-OV-3	riptide	EX_leu__L_e	-1.3927871778686027	-1.5960138094725396	-1.2895290216336335	primary	optimal
riptide-20260916T042359Z	OV:SK-OV-3	riptide	EX_lys__L_e	-1.511681527129908	-1.732256464706972	-1.3996088072009911	primary	optimal
riptide-20260916T042359Z	OV:SK-OV-3	riptide	EX_mal__L_e	0.0	0.0	0.0	primary	optimal
riptide-20260916T042359Z	OV:SK-OV-3	riptide	EX_met__L_e	-0.3906586973426531	-0.4476611255882067	-0.36169612686118136	primary	optimal
riptide-20260916T042359Z	OV:SK-OV-3	riptide	EX_nac_e	6.526273540300168e-13	6.526273540300168e-13	6.526273540300168e-13	primary	optimal
riptide-20260916T042359Z	OV:SK-OV-3	riptide	EX_ncam_e	0.0	0.0	0.0	primary	optimal
riptide-20260916T042359Z	OV:SK-OV-3	riptide	EX_nicrnt_e	0.0	0.0	0.0	primary	optimal
riptide-20260916T042359Z	OV:SK-OV-3	riptide	EX_orn_e	0.0	0.0	0.0	primary	optimal
riptide-20260916T042359Z	OV:SK-OV-3	riptide	EX_orot5p_e	0.0	0.0	0.0	primary	optimal
riptide-20260916T042359Z	OV:SK-OV-3	riptide	EX_orot_e	0.0	0.0	0.0	primary	optimal
riptide-20260916T042359Z	OV:SK-OV-3	riptide	EX_oxa_e	0.0	0.0	0.0	primary	optimal
riptide-20260916T042359Z	OV:SK-OV-3	riptide	EX_pep_e	0.0	0.0	0.0	primary	optimal
riptide-20260916T042359Z	OV:SK-OV-3	riptide	EX_phe__L_e	-0.6624230454241724	-0.7590795959420975	-0.6133124681551401	primary	optimal
riptide-20260916T042359Z	OV:SK-OV-3	riptide	EX_pnto__R_e	0.0	0.0	0.0	primary	optimal
riptide-20260916T042359Z	OV:SK-OV-3	riptide	EX_pro__L_e	-1.053081742766853	-1.2067407215303119	-0.9750085950163587	primary	optimal
riptide-20260916T042359Z	OV:SK-OV-3	riptide	EX_quln_e	0.0	0.0	0.0	primary	optimal
riptide-20260916T042359Z	OV:SK-OV-3	riptide	EX_sbt__D_e	0.0	0.0	0.0	primary	optimal
riptide-20260916T042359Z	OV:SK-OV-3	riptide	EX_ser__L_e	-8.148774866223963	-10.0	-5.1277274780719555	primary	optimal
riptide-20260916T042359Z	OV:SK-OV-3	riptide	EX_spmd_e	0.0	0.0	0.0	primary	optimal
riptide-20260916T042359Z	OV:SK-OV-3	riptide	EX_sprm_e	0.0	0.0	0.0	primary	optimal
riptide-20260916T042359Z	OV:SK-OV-3	riptide	EX_srtn_e	0.0	0.0	0.0	primary	optimal
riptide-20260916T042359Z	OV:SK-OV-3	riptide	EX_succ_e	6.607244835206732	4.976794911987768	7.929355930906476	primary	optimal
riptide-20260916T042359Z	OV:SK-OV-3	riptide	EX_sucr_e	0.0	0.0	0.0	primary	optimal
riptide-20260916T042359Z	OV:SK-OV-3	riptide	EX_taur_e	0.0	0.0	0.0	primary	optimal
riptide-20260916T042359Z	OV:SK-OV-3	riptide	EX_tchola_e	0.0	0.0	0.0	primary	optimal
riptide-20260916T042359Z	OV:SK-OV-3	riptide	EX_thr__L_e	-0.7983052194649387	-0.9147888311190568	-0.739120638802035	primary	optimal
riptide-20260916T042359Z	OV:SK-OV-3	riptide	EX_thym_e	0.0	0.0	0.0	primary	optimal
riptide-20260916T042359Z	OV:SK-OV-3	riptide	EX_thymd_e	0.0	0.0	0.0	primary	optimal
riptide-20260916T042359Z	OV:SK-OV-3	riptide	EX_trp__L_e	-0.03397054351015716	-0.03892730879428466	-0.03145204266163759	primary	optimal
riptide-20260916T042359Z	OV:SK-OV-3	riptide	EX_tyr__L_e	-0.4076439690977516	-0.46712477998527413	-0.37742214819200903	primary	optimal
riptide-20260916T042359Z	OV:SK-OV-3	riptide	EX_ump_e	0.0	0.0	0.0	primary	optimal
riptide-20260916T042359Z	OV:SK-OV-3	riptide	EX_ura_e	0.0	0.0	0.0	primary	optimal
riptide-20260916T042359Z	OV:SK-OV-3	riptide	EX_urate_e	0.0	0.0	0.0	primary	optimal
riptide-20260916T042359Z	OV:SK-OV-3	riptide	EX_uri_e	0.0	0.0	0.0	primary	optimal
riptide-20260916T042359Z	OV:SK-OV-3	riptide	EX_val__L_e	-0.9002142969710674	-1.031567831956299	-0.8334744030384709	primary	optimal
riptide-20260916T042359Z	OV:SK-OV-3	riptide	EX_xan_e	0.0	0.0	0.0	primary	optimal
riptide-20260916T042359Z	OV:SK-OV-3	riptide	EX_xmp_e	0.0	0.0	0.0	primary	optimal
riptide-20260916T042359Z	OV:SK-OV-3	riptide	EX_xtsn_e	0.0	0.0	0.0	primary	optimal
riptide-20260916T042359Z	PR:DU-145	riptide	EX_2pg_e	0.0	0.0	0.0	primary	optimal
riptide-20260916T042359Z	PR:DU-145	riptide	EX_34hpp_e	0.0	0.0	0.0	primary	optimal
riptide-20260916T042359Z	PR:DU-145	riptide	EX_3hanthrn_e	0.0	0.0	0.0	primary	optimal
riptide-20260916T042359Z	PR:DU-145	riptide	EX_3pg_e	0.0	0.0	0.0	primary	optimal
riptide-20260916T042359Z	PR:DU-145	riptide	EX_4abut_e	0.0	0.0	0.0	primary	optimal
riptide-20260916T042359Z	PR:DU-145	riptide	EX_4hbz_e	0.0	0.0	0.0	primary	optimal
riptide-20260916T042359Z	PR:DU-145	riptide	EX_L2aadp_e	0.0	0.0	0.0	primary	optimal
riptide-20260916T042359Z	PR:DU-145	riptide	EX_Lkynr_e	0.0	0.0	0.0	primary	optimal
riptide-20260916T042359Z	PR:DU-145	riptide	EX_acac_e	0.0	0.0	0.0	primary	optimal
riptide-20260916T042359Z	PR:DU-145	riptide	EX_ade_e	0.0	0.0	0.0	primary	optimal
riptide-20260916T042359Z	PR:DU-145	riptide	EX_adn_e	0.0	0.0	0.0	primary	optimal
riptide-20260916T042359Z	PR:DU-145	riptide	EX_ahcys_e	0.0	0.0	0.0	primary	optimal
riptide-20260916T042359Z	PR:DU-145	riptide	EX_akg_e	0.0	0.0	0.0	primary	optimal
riptide-20260916T042359Z	PR:DU-145	riptide	EX_ala__L_e	6.308326472408268	0.0	11.101270339614121	primary	optimal
riptide-20260916T042359Z	PR:DU-145	riptide	EX_amp_e	0.0	0.0	0.0	primary	optimal
riptide-20260916T042359Z	PR:DU-145	riptide	EX_anth_e	0.0	0.0	0.0	primary	optimal
riptide-20260916T042359Z	PR:DU-145	riptide	EX_arg__L_e	-0.8603469555579111	-1.0523480880427052	-0.8603469555572527	primary	optimal
riptide-20260916T042359Z	PR:DU-145	riptide	EX_asn__L_e	-4.92666414341239	-6.359259420104637	-3.5259354127132867	primary	optimal
riptide-20260916T042359Z	PR:DU-145	riptide	EX_asp__L_e	0.0	0.0	0.0	primary	optimal
riptide-20260916T042359Z	PR:DU-145	riptide	EX_bilirub_e	0.0	0.0	0.0	primary	optimal
riptide-20260916T042359Z	PR:DU-145	riptide	EX_cala_e	0.0	0.0	0.0	primary	optimal
riptide-20260916T042359Z	PR:DU-145	riptide	EX_chol_e	-1.5143071681150722	-1.9854915512202875	-0.5583466385962481	primary	optimal
riptide-20260916T042359Z	PR:DU-145	riptide	EX_cholp_e	0.0	0.0	0.0	primary	optimal
riptide-20260916T042359Z	PR:DU-145	riptide	EX_cit_e	0.041875039984892636	0.041875039984474435	0.05122017109432253	primary	optimal
riptide-20260916T042359Z	PR:DU-145	riptide	EX_citr__L_e	0.0	0.0	0.0	primary	optimal
riptide-20260916T042359Z	PR:DU-145	riptide	EX_cmp_e	0.0	0.0	0.0	primary	optimal
riptide-20260916T042359Z	PR:DU-145	riptide	EX_crn_e	0.0	-3.884281785104802e-13	1.871836019518014e-13	primary	optimal
riptide-20260916T042359Z	PR:DU-145	riptide	EX_cyst__L_e	0.0	0.0	0.0	primary	optimal
riptide-20260916T042359Z	PR:DU-145	riptide	EX_cytd_e	0.0	0.0	0.0	primary	optimal
riptide-20260916T042359Z	PR:DU-145	riptide	EX_dad_2_e	0.0	0.0	0.0	primary	optimal
riptide-20260916T042359Z	PR:DU-145	riptide	EX_dcmp_e	0.0	0.0	0.0	primary	optimal
riptide-20260916T042359Z	PR:DU-145	riptide	EX_dcyt_e	0.0	0.0	0.0	primary	optimal
riptide-20260916T042359Z	PR:DU-145	riptide	EX_dhap_e	0.0	0.0	0.0	primary	optimal
riptide-20260916T042359Z	PR:DU-145	riptide	EX_dmgly_e	0.0	0.0	0.0	primary	optimal
riptide-20260916T042359Z	PR:DU-145	riptide	EX_duri_e	0.0	0.0	0.0	primary	optimal
riptide-20260916T042359Z	PR:DU-145	riptide	EX_ethamp_e	0.0	0.0	0.0	primary	optimal
riptide-20260916T042359Z	PR:DU-145	riptide	EX_fol_e	0.0	0.0	0.0	primary	optimal
riptide-20260916T042359Z	PR:DU-145	riptide	EX_fum_e	0.43019024121267363	0.4301902411994931	0.526194548472708	primary	optimal
riptide-20260916T042359Z	PR:DU-145	riptide	EX_g3pc_e	0.0	0.0	0.0	primary	optimal
riptide-20260916T042359Z	PR:DU-145	riptide	EX_glc__D_e	-10.0	-10.0	-3.729583416166712	primary	optimal
riptide-20260916T042359Z	PR:DU-145	riptide	EX_glcur_e	0.0	0.0	0.0	primary	optimal
riptide-20260916T042359Z	PR:DU-145	riptide	EX_gln__L_e	-7.985278254198848	-10.0	-3.113228743998442	primary	optimal
riptide-20260916T042359Z	PR:DU-145	riptide	EX_glu__L_e	-2.922403584303747	-8.496009578635869	0.5839368794572897	primary	optimal
riptide-20260916T042359Z	PR:DU-145	riptide	EX_gly_e	-4.291014922932714	-5.6595074156798475	-1.4286822017123608	primary	optimal
riptide-20260916T042359Z	PR:DU-145	riptide	EX_glyald_e	0.0	0.0	0.0	primary	optimal
riptide-20260916T042359Z	PR:DU-145	riptide	EX_glyb_e	0.0	0.0	0.0	primary	optimal
riptide-20260916T042359Z	PR:DU-145	riptide	EX_glyc3p_e	0.0	0.0	0.0	primary	optimal
riptide-20260916T042359Z	PR:DU-145	riptide	EX_gmp_e	0.0	0.0	0.0	primary	optimal
riptide-20260916T042359Z	PR:DU-145	riptide	EX_gthox_e	0.0	0.0	0.0	primary	optimal
riptide-20260916T042359Z	PR:DU-145	riptide	EX_hcys__L_e	0.0	0.0	0.0	primary	optimal
riptide-20260916T042359Z	PR:DU-145	riptide	EX_hom__L_e	0.0	0.0	0.0	primary	optimal
riptide-20260916T042359Z	PR:DU-145	riptide	EX_hxan_e	0.0	0.0	0.0	primary	optimal
riptide-20260916T042359Z	PR:DU-145	riptide	EX_icit_e	0.0	0.0	0.0	primary	optimal
riptide-20260916T042359Z	PR:DU-145	riptide	EX_ile__L_e	-0.6850925133665648	-0.8379826207511699	-0.6850925133662233	primary	optimal
riptide-20260916T042359Z	PR:DU-145	riptide	EX_imp_e	0.0	0.0	0.0	primary	optimal
riptide-20260916T042359Z	PR:DU-145	riptide	EX_ins_e	0.0	0.0	0.0	primary	optimal
riptide-20260916T042359Z	PR:DU-145	riptide	EX_lac__L_e	11.726738830360478	-0.6845698610576387	19.364289519378936	primary	optimal
riptide-20260916T042359Z	PR:DU-145	riptide	EX_lcts_e	0.0	0.0	0.0	primary	optimal
riptide-20260916T042359Z	PR:DU-145	riptide	EX_leu__L_e	-1.3064552678449557	-1.5980130973199262	-1.3064552678357497	primary	optimal
riptide-20260916T042359Z	PR:DU-145	riptide	EX_lys__L_e	-1.417979951130416	-1.734426420429046	-1.4179799511299347	primary	optimal
riptide-20260916T042359Z	PR:DU-145	riptide	EX_mal__L_e	0.0	0.0	0.0	primary	optimal
riptide-20260916T042359Z	PR:DU-145	riptide	EX_met__L_e	-0.36644371888205385	-0.44822189983889826	-0.3664437188818379	primary	optimal
riptide-20260916T042359Z	PR:DU-145	riptide	EX_nac_e	2.4729093646348835e-12	2.4729093646348835e-12	2.4729093646348835e-12	primary	optimal
riptide-20260916T042359Z	PR:DU-145	riptide	EX_ncam_e	0.0	0.0	0.0	primary	optimal
riptide-20260916T042359Z	PR:DU-145	riptide	EX_nicrnt_e	0.0	0.0	0.0	primary	optimal
riptide-20260916T042359Z	PR:DU-145	riptide	EX_orn_e	0.0	0.0	0.0	primary	optimal
riptide-20260916T042359Z	PR:DU-145	riptide	EX_orot5p_e	0.0	0.0	0.0	primary	optimal
riptide-20260916T042359Z	PR:DU-145	riptide	EX_orot_e	0.0	0.0	0.0	primary	optimal
riptide-20260916T042359Z	PR:DU-145	riptide	EX_oxa_e	0.0	0.0	0.0	primary	optimal
riptide-20260916T042359Z	PR:DU-145	riptide	EX_pep_e	0.0	0.0	0.0	primary	optimal
riptide-20260916T042359Z	PR:DU-145	riptide	EX_phe__L_e	-0.6213627544695419	-0.7600304765687659	-0.6213627544693736	primary	optimal
riptide-20260916T042359Z	PR:DU-145	riptide	EX_pnto__R_e	0.0	0.0	0.0	primary	optimal
riptide-20260916T042359Z	PR:DU-145	riptide	EX_pro__L_e	-0.9878064733514341	-1.2082523764076645	-0.9878064733512133	primary	optimal
riptide-20260916T042359Z	PR:DU-145	riptide	EX_quln_e	0.0	0.0	0.0	primary	optimal
riptide-20260916T042359Z	PR:DU-145	riptide	EX_sbt__D_e	0.0	0.0	0.0	primary	optimal
riptide-20260916T042359Z	PR:DU-145	riptide	EX_ser__L_e	-7.490059228532381	-10.0	0.17658019129646207	primary	optimal
riptide-20260916T042359Z	PR:DU-145	riptide	EX_spmd_e	0.0	0.0	0.0	primary	optimal
riptide-20260916T042359Z	PR:DU-145	riptide	EX_sprm_e	0.0	0.0	0.0	primary	optimal
riptide-20260916T042359Z	PR:DU-145	riptide	EX_srtn_e	0.0	0.0	0.0	primary	optimal
riptide-20260916T042359Z	PR:DU-145	riptide	EX_succ_e	9.512083690124197	6.685958628345788	10.272407262610583	primary	optimal
riptide-20260916T042359Z	PR:DU-145	riptide	EX_sucr_e	0.0	0.0	0.0	primary	optimal
riptide-20260916T042359Z	PR:DU-145	riptide	EX_taur_e	0.0	0.0	0.0	primary	optimal
riptide-20260916T042359Z	PR:DU-145	riptide	EX_tchola_e	0.0	0.0	0.0	primary	optimal
riptide-20260916T042359Z	PR:DU-145	riptide	EX_thr__L_e	-0.7488222722634574	-0.9159347649337	-0.7488222722631104	primary	optimal
riptide-20260916T042359Z	PR:DU-145	riptide	EX_thym_e	0.0	0.0	0.0	primary	optimal
riptide-20260916T042359Z	PR:DU-145	riptide	EX_thymd_e	0.0	0.0	0.0	primary	optimal
riptide-20260916T042359Z	PR:DU-145	riptide	EX_trp__L_e	-0.03186487944856431	-0.0389760720912337	-0.03186487944837246	primary	optimal
riptide-20260916T042359Z	PR:DU-145	riptide	EX_tyr__L_e	-0.3823761586062939	-0.467709935884538	-0.3823761586061334	primary	optimal
riptide-20260916T042359Z	PR:DU-145	riptide	EX_ump_e	0.0	0.0	0.0	primary	optimal
riptide-20260916T042359Z	PR:DU-145	riptide	EX_ura_e	0.0	0.0	0.0	primary	optimal
riptide-20260916T042359Z	PR:DU-145	riptide	EX_urate_e	0.0	0.0	0.0	primary	optimal
riptide-20260916T042359Z	PR:DU-145	riptide	EX_uri_e	0.0	0.0	0.0	primary	optimal
riptide-20260916T042359Z	PR:DU-145	riptide	EX_val__L_e	-0.8444145158333849	-1.0328600519970768	-0.844414515833023	primary	optimal
riptide-20260916T042359Z	PR:DU-145	riptide	EX_xan_e	0.0	0.0	0.0	primary	optimal
riptide-20260916T042359Z	PR:DU-145	riptide	EX_xmp_e	0.0	0.0	0.0	primary	optimal
riptide-20260916T042359Z	PR:DU-145	riptide	EX_xtsn_e	0.0	0.0	0.0	primary	optimal
riptide-20260916T042359Z	PR:PC-3	riptide	EX_2pg_e	0.0	0.0	0.0	primary	optimal
riptide-20260916T042359Z	PR:PC-3	riptide	EX_34hpp_e	0.0	0.0	0.0	primary	optimal
riptide-20260916T042359Z	PR:PC-3	riptide	EX_3hanthrn_e	0.0	0.0	0.0	primary	optimal
riptide-20260916T042359Z	PR:PC-3	riptide	EX_3pg_e	0.0	0.0	0.0	primary	optimal
riptide-20260916T042359Z	PR:PC-3	riptide	EX_4abut_e	0.0	0.0	0.0	primary	optimal
riptide-20260916T042359Z	PR:PC-3	riptide	EX_4hbz_e	0.0	0.0	0.0	primary	optimal
riptide-20260916T042359Z	PR:PC-3	riptide	EX_L2aadp_e	0.0	0.0	0.0	primary	optimal
riptide-20260916T042359Z	PR:PC-3	riptide	EX_Lkynr_e	0.0	0.0	0.0	primary	optimal
riptide-20260916T042359Z	PR:PC-3	riptide	EX_acac_e	0.0	0.0	0.0	primary	optimal
riptide-20260916T042359Z	PR:PC-3	riptide	EX_ade_e	0.0	0.0	0.0	primary	optimal
riptide-20260916T042359Z	PR:PC-3	riptide	EX_adn_e	0.0	0.0	0.0	primary	optimal
riptide-20260916T042359Z	PR:PC-3	riptide	EX_ahcys_e	0.0	0.0	0.0	primary	optimal
riptide-20260916T042359Z	PR:PC-3	riptide	EX_akg_e	0.0	0.0	0.0	primary	optimal
riptide-20260916T042359Z	PR:PC-3	riptide	EX_ala__L_e	3.2909785831259084	3.1757147767580745	3.966411603699333	primary	optimal
riptide-20260916T042359Z	PR:PC-3	riptide	EX_amp_e	0.0	0.0	0.0	primary	optimal
riptide-20260916T042359Z	PR:PC-3	riptide	EX_anth_e	0.0	0.0	0.0	primary	optimal
riptide-20260916T042359Z	PR:PC-3	riptide	EX_arg__L_e	-0.8622733861538876	-1.0394734376528505	-0.8406294185980396	primary	optimal
riptide-20260916T042359Z	PR:PC-3	riptide	EX_asn__L_e	-8.323250024831582	-10.0	-1.7480089218817296	primary	optimal
riptide-20260916T042359Z	PR:PC-3	riptide	EX_asp__L_e	0.0	0.0	0.0	primary	optimal
riptide-20260916T042359Z	PR:PC-3	riptide	EX_bilirub_e	0.0	0.0	2.607120060712023e-13	primary	optimal
riptide-20260916T042359Z	PR:PC-3	riptide	EX_cala_e	0.0	0.0	0.0	primary	optimal
riptide-20260916T042359Z	PR:PC-3	riptide	EX_chol_e	-0.6037065769031971	-0.7277702882940195	-0.5885529078090403	primary	optimal
riptide-20260916T042359Z	PR:PC-3	riptide	EX_cholp_e	0.0	0.0	0.0	primary	optimal
riptide-20260916T042359Z	PR:PC-3	riptide	EX_cit_e	0.0	0.0	0.0	primary	optimal
riptide-20260916T042359Z	PR:PC-3	riptide	EX_citr__L_e	0.0	0.0	0.0	primary	optimal
riptide-20260916T042359Z	PR:PC-3	riptide	EX_cmp_e	0.0	0.0	0.0	primary	optimal
riptide-20260916T042359Z	PR:PC-3	riptide	EX_crn_e	0.0	0.0	0.0	primary	optimal
riptide-20260916T042359Z	PR:PC-3	riptide	EX_cyst__L_e	0.0	0.0	0.0	primary	optimal
riptide-20260916T042359Z	PR:PC-3	riptide	EX_cytd_e	0.0	0.0	0.0	primary	optimal
riptide-20260916T042359Z	PR:PC-3	riptide	EX_dad_2_e	0.0	0.0	0.0	primary	optimal
riptide-20260916T042359Z	PR:PC-3	riptide	EX_dcmp_e	0.0	0.0	0.0	primary	optimal
riptide-20260916T042359Z	PR:PC-3	riptide	EX_dcyt_e	0.0	0.0	0.0	primary	optimal
riptide-20260916T042359Z	PR:PC-3	riptide	EX_dhap_e	0.0	0.0	0.0	primary	optimal
riptide-20260916T042359Z	PR:PC-3	riptide	EX_dmgly_e	0.0	0.0	0.0	primary	optimal
riptide-20260916T042359Z	PR:PC-3	riptide	EX_duri_e	0.0	0.0	0.0	primary	optimal
riptide-20260916T042359Z	PR:PC-3	riptide	EX_ethamp_e	0.0	0.0	0.0	primary	optimal
riptide-20260916T042359Z	PR:PC-3	riptide	EX_fol_e	-3.268496584496461e-13	-3.268496584496461e-13	-3.268496584496461e-13	primary	optimal
riptide-20260916T042359Z	PR:PC-3	riptide	EX_fum_e	6.430003760666846	0.0	8.251991078118124	primary	optimal
riptide-20260916T042359Z	PR:PC-3	riptide	EX_g3pc_e	0.0	0.0	0.0	primary	optimal
riptide-20260916T042359Z	PR:PC-3	riptide	EX_glc__D_e	-10.0	-10.0	-4.094707147790411	primary	optimal
riptide-20260916T042359Z	PR:PC-3	riptide	EX_glcur_e	0.0	0.0	0.0	primary	optimal
riptide-20260916T042359Z	PR:PC-3	riptide	EX_gln__L_e	-8.82895569932624	-10.0	-1.6686735014741865	primary	optimal
riptide-20260916T042359Z	PR:PC-3	riptide	EX_glu__L_e	-1.7318906857420266	-10.0	1.5779061604390667	primary	optimal
riptide-20260916T042359Z	PR:PC-3	riptide	EX_gly_e	-1.5249470656423099	-1.863094048579651	-1.415975978810975	primary	optimal
riptide-20260916T042359Z	PR:PC-3	riptide	EX_glyald_e	0.0	0.0	0.0	primary	optimal
riptide-20260916T042359Z	PR:PC-3	riptide	EX_glyb_e	0.0	0.0	0.0	primary	optimal
riptide-20260916T042359Z	PR:PC-3	riptide	EX_glyc3p_e	0.0	0.0	0.0	primary	optimal
riptide-20260916T042359Z	PR:PC-3	riptide	EX_gmp_e	0.0	0.0	0.0	primary	optimal
riptide-20260916T042359Z	PR:PC-3	riptide	EX_gthox_e	0.0	0.0	0.0	primary	optimal
riptide-20260916T042359Z	PR:PC-3	riptide	EX_hcys__L_e	0.0	0.0	0.0	primary	optimal
riptide-20260916T042359Z	PR:PC-3	riptide	EX_hom__L_e	0.0	0.0	0.0	primary	optimal
riptide-20260916T042359Z	PR:PC-3	riptide	EX_hxan_e	0.0	0.0	0.0	primary	optimal
riptide-20260916T042359Z	PR:PC-3	riptide	EX_icit_e	0.0	0.0	0.0	primary	optimal
riptide-20260916T042359Z	PR:PC-3	riptide	EX_ile__L_e	-0.6866265260930282	-0.8277305630933602	-0.66939147918991	primary	optimal
riptide-20260916T042359Z	PR:PC-3	riptide	EX_imp_e	0.0	0.0	0.0	primary	optimal
riptide-20260916T042359Z	PR:PC-3	riptide	EX_ins_e	0.0	0.0	0.0	primary	optimal
riptide-20260916T042359Z	PR:PC-3	riptide	EX_lac__L_e	8.983552566749022	-1.0	15.28122837011688	primary	optimal
riptide-20260916T042359Z	PR:PC-3	riptide	EX_lcts_e	0.0	0.0	0.0	primary	optimal
riptide-20260916T042359Z	PR:PC-3	riptide	EX_leu__L_e	-1.3093805939319907	-1.5784626651197073	-1.2765137659073158	primary	optimal
riptide-20260916T042359Z	PR:PC-3	riptide	EX_lys__L_e	-1.4211549957389522	-1.7132070786128621	-1.3854825128426445	primary	optimal
riptide-20260916T042359Z	PR:PC-3	riptide	EX_mal__L_e	0.0	0.0	0.0	primary	optimal
riptide-20260916T042359Z	PR:PC-3	riptide	EX_met__L_e	-0.3672642348229953	-0.4427382577597948	-0.3580455168264134	primary	optimal
riptide-20260916T042359Z	PR:PC-3	riptide	EX_nac_e	1.0734187546570254e-12	1.0734187546570254e-12	1.0734187546570254e-12	primary	optimal
riptide-20260916T042359Z	PR:PC-3	riptide	EX_ncam_e	0.0	0.0	0.0	primary	optimal
riptide-20260916T042359Z	PR:PC-3	riptide	EX_nicrnt_e	0.0	0.0	0.0	primary	optimal
riptide-20260916T042359Z	PR:PC-3	riptide	EX_orn_e	0.0	0.0	0.0	primary	optimal
riptide-20260916T042359Z	PR:PC-3	riptide	EX_orot5p_e	0.0	0.0	0.0	primary	optimal
riptide-20260916T042359Z	PR:PC-3	riptide	EX_orot_e	0.0	0.0	0.0	primary	optimal
riptide-20260916T042359Z	PR:PC-3	riptide	EX_oxa_e	0.0	0.0	0.0	primary	optimal
riptide-20260916T042359Z	PR:PC-3	riptide	EX_pep_e	0.0	0.0	0.0	primary	optimal
riptide-20260916T042359Z	PR:PC-3	riptide	EX_phe__L_e	-0.6227540678389669	-0.7507321020265777	-0.6071222867171322	primary	optimal
riptide-20260916T042359Z	PR:PC-3	riptide	EX_pnto__R_e	0.0	0.0	0.0	primary	optimal
riptide-20260916T042359Z	PR:PC-3	riptide	EX_pro__L_e	-0.9900183026619622	-1.1934703597863707	-0.9651678035435491	primary	optimal
riptide-20260916T042359Z	PR:PC-3	riptide	EX_quln_e	0.0	0.0	0.0	primary	optimal
riptide-20260916T042359Z	PR:PC-3	riptide	EX_sbt__D_e	0.0	0.0	0.0	primary	optimal
riptide-20260916T042359Z	PR:PC-3	riptide	EX_ser__L_e	-6.243853561898066	-10.0	-2.066585409087658	primary	optimal
riptide-20260916T042359Z	PR:PC-3	riptide	EX_spmd_e	0.0	0.0	0.0	primary	optimal
riptide-20260916T042359Z	PR:PC-3	riptide	EX_sprm_e	0.0	0.0	0.0	primary	optimal
riptide-20260916T042359Z	PR:PC-3	riptide	EX_srtn_e	0.0	0.0	0.0	primary	optimal
riptide-20260916T042359Z	PR:PC-3	riptide	EX_succ_e	8.726326113547282	6.071781217297648	11.433832820603238	primary	optimal
riptide-20260916T042359Z	PR:PC-3	riptide	EX_sucr_e	0.0	0.0	0.0	primary	optimal
riptide-20260916T042359Z	PR:PC-3	riptide	EX_taur_e	0.0	0.0	0.0	primary	optimal
riptide-20260916T042359Z	PR:PC-3	riptide	EX_tchola_e	0.0	0.0	0.0	primary	optimal
riptide-20260916T042359Z	PR:PC-3	riptide	EX_thr__L_e	-0.7504989843469545	-0.9047290241599683	-0.7316606716625227	primary	optimal
riptide-20260916T042359Z	PR:PC-3	riptide	EX_thym_e	0.0	0.0	0.0	primary	optimal
riptide-20260916T042359Z	PR:PC-3	riptide	EX_thymd_e	0.0	0.0	0.0	primary	optimal
riptide-20260916T042359Z	PR:PC-3	riptide	EX_trp__L_e	-0.03193622912704175	-0.03849923053336037	-0.03113459623646264	primary	optimal
riptide-20260916T042359Z	PR:PC-3	riptide	EX_tyr__L_e	-0.3832323493865397	-0.46198787302644095	-0.37361281494453813	primary	optimal
riptide-20260916T042359Z	PR:PC-3	riptide	EX_ump_e	0.0	0.0	0.0	primary	optimal
riptide-20260916T042359Z	PR:PC-3	riptide	EX_ura_e	0.0	0.0	0.0	primary	optimal
riptide-20260916T042359Z	PR:PC-3	riptide	EX_urate_e	0.0	0.0	0.0	primary	optimal
riptide-20260916T042359Z	PR:PC-3	riptide	EX_uri_e	0.0	0.0	0.0	primary	optimal
riptide-20260916T042359Z	PR:PC-3	riptide	EX_val__L_e	-0.8463052715905937	-1.0202238223862317	-0.8250621204801121	primary	optimal
riptide-20260916T042359Z	PR:PC-3	riptide	EX_xan_e	0.0	0.0	0.0	primary	optimal
riptide-20260916T042359Z	PR:PC-3	riptide	EX_xmp_e	0.0	0.0	0.0	primary	optimal
riptide-20260916T042359Z	PR:PC-3	riptide	EX_xtsn_e	0.0	0.0	0.0	primary	optimal
riptide-20260916T042359Z	RE:A498	riptide	EX_2pg_e	0.0	0.0	0.0	primary	optimal
riptide-20260916T042359Z	RE:A498	riptide	EX_34hpp_e	0.0	0.0	0.0	primary	optimal
riptide-20260916T042359Z	RE:A498	riptide	EX_3hanthrn_e	0.0	0.0	0.0	primary	optimal
riptide-20260916T042359Z	RE:A498	riptide	EX_3pg_e	0.0	0.0	0.0	primary	optimal
riptide-20260916T042359Z	RE:A498	riptide	EX_4abut_e	0.0	0.0	0.0	primary	optimal
riptide-20260916T042359Z	RE:A498	riptide	EX_4hbz_e	0.0	0.0	0.0	primary	optimal
riptide-20260916T042359Z	RE:A498	riptide	EX_L2aadp_e	0.0	0.0	0.0	primary	optimal
riptide-20260916T042359Z	RE:A498	riptide	EX_Lkynr_e	0.0	0.0	0.0	primary	optimal
riptide-20260916T042359Z	RE:A498	riptide	EX_acac_e	0.0	0.0	0.0	primary	optimal
riptide-20260916T042359Z	RE:A498	riptide	EX_ade_e	0.0	0.0	0.0	primary	optimal
riptide-20260916T042359Z	RE:A498	riptide	EX_adn_e	0.0	0.0	0.0	primary	optimal
riptide-20260916T042359Z	RE:A498	riptide	EX_ahcys_e	0.0	0.0	0.0	primary	optimal
riptide-20260916T042359Z	RE:A498	riptide	EX_akg_e	0.0	0.0	0.0	primary	optimal
riptide-20260916T042359Z	RE:A498	riptide	EX_ala__L_e	7.550270805470401	0.36279775666012126	11.139101340832655	primary	optimal
riptide-20260916T042359Z	RE:A498	riptide	EX_amp_e	0.0	0.0	0.0	primary	optimal
riptide-20260916T042359Z	RE:A498	riptide	EX_anth_e	0.0	0.0	0.0	primary	optimal
riptide-20260916T042359Z	RE:A498	riptide	EX_arg__L_e	-0.8761736722721869	-1.0624666081444267	-0.8542805884411084	primary	optimal
riptide-20260916T042359Z	RE:A498	riptide	EX_asn__L_e	-5.752197339975737	-9.998197680780327	-4.026488644408518	primary	optimal
riptide-20260916T042359Z	RE:A498	riptide	EX_asp__L_e	0.0	0.0	0.0	primary	optimal
riptide-20260916T042359Z	RE:A498	riptide	EX_bilirub_e	0.0	0.0	0.0	primary	optimal
riptide-20260916T042359Z	RE:A498	riptide	EX_cala_e	0.0	0.0	0.0	primary	optimal
riptide-20260916T042359Z	RE:A498	riptide	EX_chol_e	-1.495799991842186	-2.0340767359245207	-0.5544096970331621	primary	optimal
riptide-20260916T042359Z	RE:A498	riptide	EX_cholp_e	0.0	0.0	0.0	primary	optimal
riptide-20260916T042359Z	RE:A498	riptide	EX_cit_e	0.0	0.0	0.0	primary	optimal
riptide-20260916T042359Z	RE:A498	riptide	EX_citr__L_e	0.0	0.0	0.0	primary	optimal
riptide-20260916T042359Z	RE:A498	riptide	EX_cmp_e	0.0	0.0	0.0	primary	optimal
riptide-20260916T042359Z	RE:A498	riptide	EX_crn_e	0.0	0.0	0.0	primary	optimal
riptide-20260916T042359Z	RE:A498	riptide	EX_cyst__L_e	0.0	0.0	0.0	primary	optimal
riptide-20260916T042359Z	RE:A498	riptide	EX_cytd_e	0.0	0.0	0.0	primary	optimal
riptide-20260916T042359Z	RE:A498	riptide	EX_dad_2_e	0.0	0.0	0.0	primary	optimal
riptide-20260916T042359Z	RE:A498	riptide	EX_dcmp_e	0.0	0.0	0.0	primary	optimal
riptide-20260916T042359Z	RE:A498	riptide	EX_dcyt_e	0.0	0.0	0.0	primary	optimal
riptide-20260916T042359Z	RE:A498	riptide	EX_dhap_e	0.0	0.0	0.0	primary	optimal
riptide-20260916T042359Z	RE:A498	riptide	EX_dmgly_e	0.0	0.0	0.0	primary	optimal
riptide-20260916T042359Z	RE:A498	riptide	EX_duri_e	0.0	0.0	0.0	primary	optimal
riptide-20260916T042359Z	RE:A498	riptide	EX_ethamp_e	0.0	0.0	0.0	primary	optimal
riptide-20260916T042359Z	RE:A498	riptide	EX_fol_e	0.0	0.0	0.0	primary	optimal
riptide-20260916T042359Z	RE:A498	riptide	EX_fum_e	0.4381039079266722	0.4271569394439126	0.5312540056994245	primary	optimal
riptide-20260916T042359Z	RE:A498	riptide	EX_g3pc_e	0.0	0.0	0.0	primary	optimal
riptide-20260916T042359Z	RE:A498	riptide	EX_glc__D_e	-10.0	-10.0	-3.9603041677870947	primary	optimal
riptide-20260916T042359Z	RE:A498	riptide	EX_glcur_e	0.0	0.0	0.0	primary	optimal
riptide-20260916T042359Z	RE:A498	riptide	EX_gln__L_e	-3.961785417955853	-10.0	-1.5852509601112599	primary	optimal
riptide-20260916T042359Z	RE:A498	riptide	EX_glu__L_e	-6.746915487096993	-10.0	1.1680804842560029	primary	optimal
riptide-20260916T042359Z	RE:A498	riptide	EX_gly_e	-4.236690360366371	-5.797996150602126	-1.418608462652796	primary	optimal
riptide-20260916T042359Z	RE:A498	riptide	EX_glyald_e	0.0	0.0	0.0	primary	optimal
riptide-20260916T042359Z	RE:A498	riptide	EX_glyb_e	0.0	0.0	0.0	primary	optimal
riptide-20260916T042359Z	RE:A498	riptide	EX_glyc3p_e	0.0	0.0	0.0	primary	optimal
riptide-20260916T042359Z	RE:A498	riptide	EX_gmp_e	0.0	0.0	0.0	primary	optimal
riptide-20260916T042359Z	RE:A498	riptide	EX_gthox_e	0.0	0.0	0.0	primary	optimal
riptide-20260916T042359Z	RE:A498	riptide	EX_hcys__L_e	0.0	0.0	0.0	primary	optimal
riptide-20260916T042359Z	RE:A498	riptide	EX_hom__L_e	0.0	0.0	0.0	primary	optimal
riptide-20260916T042359Z	RE:A498	riptide	EX_hxan_e	0.0	0.0	0.0	primary	optimal
riptide-20260916T042359Z	RE:A498	riptide	EX_icit_e	0.0	0.0	0.0	primary	optimal
riptide-20260916T042359Z	RE:A498	riptide	EX_ile__L_e	-0.6976952953747908	-0.8460399775225447	-0.6802618776931375	primary	optimal
riptide-20260916T042359Z	RE:A498	riptide	EX_imp_e	0.0	0.0	0.0	primary	optimal
riptide-20260916T042359Z	RE:A498	riptide	EX_ins_e	0.0	0.0	0.0	primary	optimal
riptide-20260916T042359Z	RE:A498	riptide	EX_lac__L_e	9.979312030939443	-0.6073551784817902	19.347248728554643	primary	optimal
riptide-20260916T042359Z	RE:A498	riptide	EX_lcts_e	0.0	0.0	0.0	primary	optimal
riptide-20260916T042359Z	RE:A498	riptide	EX_leu__L_e	-1.3304884759393563	-1.6133782866834394	-1.2972433595185162	primary	optimal
riptide-20260916T042359Z	RE:A498	riptide	EX_lys__L_e	-1.4440647380278406	-1.751103248941853	-1.4079816743980995	primary	optimal
riptide-20260916T042359Z	RE:A498	riptide	EX_mal__L_e	1.3099401306271334	0.0	5.477748197053827	primary	optimal
riptide-20260916T042359Z	RE:A498	riptide	EX_met__L_e	-0.3731847213266297	-0.4525316357096518	-0.3638598983524268	primary	optimal
riptide-20260916T042359Z	RE:A498	riptide	EX_nac_e	1.2588383545423078e-12	1.2588383545423078e-12	1.2588383545423078e-12	primary	optimal
riptide-20260916T042359Z	RE:A498	riptide	EX_ncam_e	0.0	0.0	0.0	primary	optimal
riptide-20260916T042359Z	RE:A498	riptide	EX_nicrnt_e	0.0	0.0	0.0	primary	optimal
riptide-20260916T042359Z	RE:A498	riptide	EX_orn_e	0.0	0.0	0.0	primary	optimal
riptide-20260916T042359Z	RE:A498	riptide	EX_orot5p_e	0.0	0.0	0.0	primary	optimal
riptide-20260916T042359Z	RE:A498	riptide	EX_orot_e	0.0	0.0	0.0	primary	optimal
riptide-20260916T042359Z	RE:A498	riptide	EX_oxa_e	0.0	0.0	0.0	primary	optimal
riptide-20260916T042359Z	RE:A498	riptide	EX_pep_e	0.0	0.0	0.0	primary	optimal
riptide-20260916T042359Z	RE:A498	riptide	EX_phe__L_e	-0.6327931805652849	-0.7673383091599709	-0.6169814818250821	primary	optimal
riptide-20260916T042359Z	RE:A498	riptide	EX_pnto__R_e	0.0	0.0	0.0	primary	optimal
riptide-20260916T042359Z	RE:A498	riptide	EX_pro__L_e	-1.0059779018920132	-1.2198699448696226	-0.9808413801775089	primary	optimal
riptide-20260916T042359Z	RE:A498	riptide	EX_quln_e	0.0	0.0	0.0	primary	optimal
riptide-20260916T042359Z	RE:A498	riptide	EX_sbt__D_e	0.0	0.0	0.0	primary	optimal
riptide-20260916T042359Z	RE:A498	riptide	EX_ser__L_e	-8.806404715546085	-10.0	-0.3530847231143843	primary	optimal
riptide-20260916T042359Z	RE:A498	riptide	EX_spmd_e	0.0	0.0	0.0	primary	optimal
riptide-20260916T042359Z	RE:A498	riptide	EX_sprm_e	0.0	0.0	0.0	primary	optimal
riptide-20260916T042359Z	RE:A498	riptide	EX_srtn_e	0.0	0.0	0.0	primary	optimal
riptide-20260916T042359Z	RE:A498	riptide	EX_succ_e	9.24584705758132	6.484599751110015	10.178511678950876	primary	optimal
riptide-20260916T042359Z	RE:A498	riptide	EX_sucr_e	0.0	0.0	0.0	primary	optimal
riptide-20260916T042359Z	RE:A498	riptide	EX_taur_e	0.0	0.0	0.0	primary	optimal
riptide-20260916T042359Z	RE:A498	riptide	EX_tchola_e	0.0	0.0	0.0	primary	optimal
riptide-20260916T042359Z	RE:A498	riptide	EX_thr__L_e	-0.7625974101844619	-0.9247416458850063	-0.7435422735614257	primary	optimal
riptide-20260916T042359Z	RE:A498	riptide	EX_thym_e	0.0	0.0	0.0	primary	optimal
riptide-20260916T042359Z	RE:A498	riptide	EX_thymd_e	0.0	0.0	0.0	primary	optimal
riptide-20260916T042359Z	RE:A498	riptide	EX_trp__L_e	-0.03245105740490564	-0.03935083418137176	-0.03164019793430484	primary	optimal
riptide-20260916T042359Z	RE:A498	riptide	EX_tyr__L_e	-0.3894102500291359	-0.47220705280024705	-0.37967999731943536	primary	optimal
riptide-20260916T042359Z	RE:A498	riptide	EX_ump_e	0.0	0.0	0.0	primary	optimal
riptide-20260916T042359Z	RE:A498	riptide	EX_ura_e	0.0	0.0	0.0	primary	optimal
riptide-20260916T042359Z	RE:A498	riptide	EX_urate_e	0.0	0.0	0.0	primary	optimal
riptide-20260916T042359Z	RE:A498	riptide	EX_uri_e	0.0	0.0	0.0	primary	optimal
riptide-20260916T042359Z	RE:A498	riptide	EX_val__L_e	-0.8599481435701328	-1.0427911910537953	-0.8384604894741781	primary	optimal
riptide-20260916T042359Z	RE:A498	riptide	EX_xan_e	0.0	0.0	0.0	primary	optimal
riptide-20260916T042359Z	RE:A498	riptide	EX_xmp_e	0.0	0.0	0.0	primary	optimal
riptide-20260916T042359Z	RE:A498	riptide	EX_xtsn_e	0.0	0.0	0.0	primary	optimal
riptide-20260916T042359Z	RE:ACHN	riptide	EX_2pg_e	0.0	0.0	0.0	primary	optimal
riptide-20260916T042359Z	RE:ACHN	riptide	EX_34hpp_e	0.0	0.0	0.0	primary	optimal
riptide-20260916T042359Z	RE:ACHN	riptide	EX_3hanthrn_e	0.0	0.0	0.0	primary	optimal
riptide-20260916T042359Z	RE:ACHN	riptide	EX_3pg_e	0.0	0.0	0.0	primary	optimal
riptide-20260916T042359Z	RE:ACHN	riptide	EX_4abut_e	0.0	0.0	0.0	primary	optimal
riptide-20260916T042359Z	RE:ACHN	riptide	EX_4hbz_e	0.0	0.0	0.0	primary	optimal
riptide-20260916T042359Z	RE:ACHN	riptide	EX_L2aadp_e	0.0	0.0	0.0	primary	optimal
riptide-20260916T042359Z	RE:ACHN	riptide	EX_Lkynr_e	0.0	0.0	0.0	primary	optimal
riptide-20260916T042359Z	RE:ACHN	riptide	EX_acac_e	0.0	0.0	0.0	primary	optimal
riptide-20260916T042359Z	RE:ACHN	riptide	EX_ade_e	0.0	0.0	0.0	primary	optimal
riptide-20260916T042359Z	RE:ACHN	riptide	EX_adn_e	0.0	0.0	0.0	primary	optimal
riptide-20260916T042359Z	RE:ACHN	riptide	EX_ahcys_e	0.0	0.0	0.0	primary	optimal
riptide-20260916T042359Z	RE:ACHN	riptide	EX_akg_e	0.0	0.0	0.0	primary	optimal
riptide-20260916T042359Z	RE:ACHN	riptide	EX_ala__L_e	7.689071511200307	0.11277262637361554	11.130782806344238	primary	optimal
riptide-20260916T042359Z	RE:ACHN	riptide	EX_amp_e	0.0	0.0	0.0	primary	optimal
riptide-20260916T042359Z	RE:ACHN	riptide	EX_anth_e	0.0	0.0	0.0	primary	optimal
riptide-20260916T042359Z	RE:ACHN	riptide	EX_arg__L_e	-0.8913131550586995	-1.0639926003571336	-0.8605280517373064	primary	optimal
riptide-20260916T042359Z	RE:ACHN	riptide	EX_asn__L_e	-6.057768114577362	-10.0	-3.9466716217651214	primary	optimal
riptide-20260916T042359Z	RE:ACHN	riptide	EX_asp__L_e	0.0	0.0	0.0	primary	optimal
riptide-20260916T042359Z	RE:ACHN	riptide	EX_bilirub_e	0.0	0.0	0.0	primary	optimal
riptide-20260916T042359Z	RE:ACHN	riptide	EX_cala_e	0.0	0.0	0.0	primary	optimal
riptide-20260916T042359Z	RE:ACHN	riptide	EX_chol_e	-1.6266339190480905	-2.0289393302492718	-0.5445020829069395	primary	optimal
riptide-20260916T042359Z	RE:ACHN	riptide	EX_cholp_e	0.0	0.0	0.0	primary	optimal
riptide-20260916T042359Z	RE:ACHN	riptide	EX_cit_e	0.0	0.0	0.0	primary	optimal
riptide-20260916T042359Z	RE:ACHN	riptide	EX_citr__L_e	0.0	0.0	0.0	primary	optimal
riptide-20260916T042359Z	RE:ACHN	riptide	EX_cmp_e	0.0	0.0	0.0	primary	optimal
riptide-20260916T042359Z	RE:ACHN	riptide	EX_crn_e	2.007283228522283e-13	2.007283228522283e-13	1.1073364447611311e-12	primary	optimal
riptide-20260916T042359Z	RE:ACHN	riptide	EX_cyst__L_e	0.0	0.0	0.0	primary	optimal
riptide-20260916T042359Z	RE:ACHN	riptide	EX_cytd_e	0.0	0.0	0.0	primary	optimal
riptide-20260916T042359Z	RE:ACHN	riptide	EX_dad_2_e	0.0	0.0	0.0	primary	optimal
riptide-20260916T042359Z	RE:ACHN	riptide	EX_dcmp_e	0.0	0.0	0.0	primary	optimal
riptide-20260916T042359Z	RE:ACHN	riptide	EX_dcyt_e	0.0	0.0	0.0	primary	optimal
riptide-20260916T042359Z	RE:ACHN	riptide	EX_dhap_e	0.0	0.0	0.0	primary	optimal
riptide-20260916T042359Z	RE:ACHN	riptide	EX_dmgly_e	0.0	0.0	0.0	primary	optimal
riptide-20260916T042359Z	RE:ACHN	riptide	EX_duri_e	0.0	0.0	0.0	primary	optimal
riptide-20260916T042359Z	RE:ACHN	riptide	EX_ethamp_e	0.0	0.0	0.0	primary	optimal
riptide-20260916T042359Z	RE:ACHN	riptide	EX_fol_e	3.2507330161024584e-13	3.2507330161024584e-13	3.2507330161024584e-13	primary	optimal
riptide-20260916T042359Z	RE:ACHN	riptide	EX_fum_e	0.44567394441362584	0.4302807928203135	0.5320170315502948	primary	optimal
riptide-20260916T042359Z	RE:ACHN	riptide	EX_g3pc_e	0.0	0.0	0.0	primary	optimal
riptide-20260916T042359Z	RE:ACHN	riptide	EX_glc__D_e	-10.0	-10.0	-3.9841944104393194	primary	optimal
riptide-20260916T042359Z	RE:ACHN	riptide	EX_glcur_e	0.0	0.0	0.0	primary	optimal
riptide-20260916T042359Z	RE:ACHN	riptide	EX_gln__L_e	-4.446271031191157	-10.0	-1.5968441033189809	primary	optimal
riptide-20260916T042359Z	RE:ACHN	riptide	EX_glu__L_e	-6.743420288383759	-10.0	0.5315251442727038	primary	optimal
riptide-20260916T042359Z	RE:ACHN	riptide	EX_gly_e	-4.613751272025128	-5.783352328266097	-1.3870966783154905	primary	optimal
riptide-20260916T042359Z	RE:ACHN	riptide	EX_glyald_e	0.0	0.0	0.0	primary	optimal
riptide-20260916T042359Z	RE:ACHN	riptide	EX_glyb_e	0.0	0.0	0.0	primary	optimal
riptide-20260916T042359Z	RE:ACHN	riptide	EX_glyc3p_e	0.0	0.0	0.0	primary	optimal
riptide-20260916T042359Z	RE:ACHN	riptide	EX_gmp_e	0.0	0.0	0.0	primary	optimal
riptide-20260916T042359Z	RE:ACHN	riptide	EX_gthox_e	0.0	0.0	0.0	primary	optimal
riptide-20260916T042359Z	RE:ACHN	riptide	EX_hcys__L_e	0.0	0.0	0.0	primary	optimal
riptide-20260916T042359Z	RE:ACHN	riptide	EX_hom__L_e	0.0	0.0	0.0	primary	optimal
riptide-20260916T042359Z	RE:ACHN	riptide	EX_hxan_e	0.0	0.0	0.0	primary	optimal
riptide-20260916T042359Z	RE:ACHN	riptide	EX_icit_e	0.0	0.0	0.0	primary	optimal
riptide-20260916T042359Z	RE:ACHN	riptide	EX_ile__L_e	-0.7097508344176315	-0.8472551219867513	-0.6852367198821518	primary	optimal
riptide-20260916T042359Z	RE:ACHN	riptide	EX_imp_e	0.0	0.0	0.0	primary	optimal
riptide-20260916T042359Z	RE:ACHN	riptide	EX_ins_e	0.0	0.0	0.0	primary	optimal
riptide-20260916T042359Z	RE:ACHN	riptide	EX_lac__L_e	9.958813889250377	-9.27424803620623e-14	19.413049924927993	primary	optimal
riptide-20260916T042359Z	RE:ACHN	riptide	EX_lcts_e	0.0	0.0	0.0	primary	optimal
riptide-20260916T042359Z	RE:ACHN	riptide	EX_leu__L_e	-1.3534781046132816	-1.6156955385214828	-1.3067302662610505	primary	optimal
riptide-20260916T042359Z	RE:ACHN	riptide	EX_lys__L_e	-1.4690168610323129	-1.7536183114400288	-1.418278424612831	primary	optimal
riptide-20260916T042359Z	RE:ACHN	riptide	EX_mal__L_e	1.7403649836717558	0.0	5.821361177964827	primary	optimal
riptide-20260916T042359Z	RE:ACHN	riptide	EX_met__L_e	-0.3796330133073056	-0.453181594726514	-0.3665208523652641	primary	optimal
riptide-20260916T042359Z	RE:ACHN	riptide	EX_nac_e	1.2412165878442892e-12	1.2412165878442892e-12	1.2412165878442892e-12	primary	optimal
riptide-20260916T042359Z	RE:ACHN	riptide	EX_ncam_e	0.0	0.0	0.0	primary	optimal
riptide-20260916T042359Z	RE:ACHN	riptide	EX_nicrnt_e	0.0	0.0	0.0	primary	optimal
riptide-20260916T042359Z	RE:ACHN	riptide	EX_orn_e	0.0	0.0	0.0	primary	optimal
riptide-20260916T042359Z	RE:ACHN	riptide	EX_orot5p_e	0.0	0.0	0.0	primary	optimal
riptide-20260916T042359Z	RE:ACHN	riptide	EX_orot_e	0.0	0.0	0.0	primary	optimal
riptide-20260916T042359Z	RE:ACHN	riptide	EX_oxa_e	0.0	0.0	0.0	primary	optimal
riptide-20260916T042359Z	RE:ACHN	riptide	EX_pep_e	0.0	0.0	0.0	primary	optimal
riptide-20260916T042359Z	RE:ACHN	riptide	EX_phe__L_e	-0.6437272701956216	-0.7684404165347185	-0.6214935463788951	primary	optimal
riptide-20260916T042359Z	RE:ACHN	riptide	EX_pnto__R_e	0.0	0.0	0.0	primary	optimal
riptide-20260916T042359Z	RE:ACHN	riptide	EX_pro__L_e	-1.023360283502928	-1.2216220112612977	-0.9880143987441592	primary	optimal
riptide-20260916T042359Z	RE:ACHN	riptide	EX_quln_e	0.0	0.0	0.0	primary	optimal
riptide-20260916T042359Z	RE:ACHN	riptide	EX_sbt__D_e	0.0	0.0	0.0	primary	optimal
riptide-20260916T042359Z	RE:ACHN	riptide	EX_ser__L_e	-9.377394858243282	-10.0	-0.5445423418118793	primary	optimal
riptide-20260916T042359Z	RE:ACHN	riptide	EX_spmd_e	0.0	0.0	0.0	primary	optimal
riptide-20260916T042359Z	RE:ACHN	riptide	EX_sprm_e	0.0	0.0	0.0	primary	optimal
riptide-20260916T042359Z	RE:ACHN	riptide	EX_srtn_e	0.0	0.0	0.0	primary	optimal
riptide-20260916T042359Z	RE:ACHN	riptide	EX_succ_e	9.40321722771277	6.525547970161768	10.313995855650187	primary	optimal
riptide-20260916T042359Z	RE:ACHN	riptide	EX_sucr_e	0.0	0.0	0.0	primary	optimal
riptide-20260916T042359Z	RE:ACHN	riptide	EX_taur_e	0.0	0.0	0.0	primary	optimal
riptide-20260916T042359Z	RE:ACHN	riptide	EX_tchola_e	0.0	0.0	0.0	primary	optimal
riptide-20260916T042359Z	RE:ACHN	riptide	EX_thr__L_e	-0.77577439863978	-0.9260698274388673	-0.7489798933856857	primary	optimal
riptide-20260916T042359Z	RE:ACHN	riptide	EX_thym_e	0.0	0.0	0.0	primary	optimal
riptide-20260916T042359Z	RE:ACHN	riptide	EX_thymd_e	0.0	0.0	0.0	primary	optimal
riptide-20260916T042359Z	RE:ACHN	riptide	EX_trp__L_e	-0.03301178211090505	-0.039407352726037057	-0.03187158675165236	primary	optimal
riptide-20260916T042359Z	RE:ACHN	riptide	EX_tyr__L_e	-0.396138904362779	-0.4728852710894719	-0.3824566457411578	primary	optimal
riptide-20260916T042359Z	RE:ACHN	riptide	EX_ump_e	0.0	0.0	0.0	primary	optimal
riptide-20260916T042359Z	RE:ACHN	riptide	EX_ura_e	0.0	0.0	0.0	primary	optimal
riptide-20260916T042359Z	RE:ACHN	riptide	EX_urate_e	0.0	0.0	0.0	primary	optimal
riptide-20260916T042359Z	RE:ACHN	riptide	EX_uri_e	0.0	0.0	0.0	primary	optimal
riptide-20260916T042359Z	RE:ACHN	riptide	EX_val__L_e	-0.8748072640031692	-1.04428892399413	-0.8445922583613878	primary	optimal
riptide-20260916T042359Z	RE:ACHN	riptide	EX_xan_e	0.0	0.0	0.0	primary	optimal
riptide-20260916T042359Z	RE:ACHN	riptide	EX_xmp_e	0.0	0.0	0.0	primary	optimal
riptide-20260916T042359Z	RE:ACHN	riptide	EX_xtsn_e	0.0	0.0	0.0	primary	optimal
riptide-20260916T042359Z	RE:CAKI-1	riptide	EX_2pg_e	0.0	0.0	0.0	primary	optimal
riptide-20260916T042359Z	RE:CAKI-1	riptide	EX_34hpp_e	0.0	0.0	0.0	primary	optimal
riptide-20260916T042359Z	RE:CAKI-1	riptide	EX_3hanthrn_e	0.0	0.0	0.0	primary	optimal
riptide-20260916T042359Z	RE:CAKI-1	riptide	EX_3pg_e	0.0	0.0	0.0	primary	optimal
riptide-20260916T042359Z	RE:CAKI-1	riptide	EX_4abut_e	0.0	0.0	0.0	primary	optimal
riptide-20260916T042359Z	RE:CAKI-1	riptide	EX_4hbz_e	0.0	0.0	0.0	primary	optimal
riptide-20260916T042359Z	RE:CAKI-1	riptide	EX_L2aadp_e	0.0	0.0	0.0	primary	optimal
riptide-20260916T042359Z	RE:CAKI-1	riptide	EX_Lkynr_e	0.0	0.0	0.0	primary	optimal
riptide-20260916T042359Z	RE:CAKI-1	riptide	EX_acac_e	0.0	0.0	0.0	primary	optimal
riptide-20260916T042359Z	RE:CAKI-1	riptide	EX_ade_e	0.0	0.0	0.0	primary	optimal
riptide-20260916T042359Z	RE:CAKI-1	riptide	EX_adn_e	0.0	0.0	0.0	primary	optimal
riptide-20260916T042359Z	RE:CAKI-1	riptide	EX_ahcys_e	0.0	0.0	0.0	primary	optimal
riptide-20260916T042359Z	RE:CAKI-1	riptide	EX_akg_e	0.0	0.0	0.0	primary	optimal
riptide-20260916T042359Z	RE:CAKI-1	riptide	EX_ala__L_e	7.7260551889137625	1.3975688753776072	11.092010080460016	primary	optimal
riptide-20260916T042359Z	RE:CAKI-1	riptide	EX_amp_e	0.0	0.0	0.0	primary	optimal
riptide-20260916T042359Z	RE:CAKI-1	riptide	EX_anth_e	0.0	0.0	0.0	primary	optimal
riptide-20260916T042359Z	RE:CAKI-1	riptide	EX_arg__L_e	-0.8815013746374722	-1.0594020963697102	-0.8595642912577084	primary	optimal
riptide-20260916T042359Z	RE:CAKI-1	riptide	EX_asn__L_e	-6.082072605394755	-10.0	-3.9491436567246843	primary	optimal
riptide-20260916T042359Z	RE:CAKI-1	riptide	EX_asp__L_e	0.0	0.0	0.0	primary	optimal
riptide-20260916T042359Z	RE:CAKI-1	riptide	EX_bilirub_e	0.0	0.0	0.0	primary	optimal
riptide-20260916T042359Z	RE:CAKI-1	riptide	EX_cala_e	0.0	0.0	0.0	primary	optimal
riptide-20260916T042359Z	RE:CAKI-1	riptide	EX_chol_e	-1.3368905263427617	-2.001783880685167	-0.54389226015026	primary	optimal
riptide-20260916T042359Z	RE:CAKI-1	riptide	EX_cholp_e	0.0	0.0	0.0	primary	optimal
riptide-20260916T042359Z	RE:CAKI-1	riptide	EX_cit_e	0.0	0.0	0.0	primary	optimal
riptide-20260916T042359Z	RE:CAKI-1	riptide	EX_citr__L_e	0.0	0.0	0.0	primary	optimal
riptide-20260916T042359Z	RE:CAKI-1	riptide	EX_cmp_e	0.0	0.0	0.0	primary	optimal
riptide-20260916T042359Z	RE:CAKI-1	riptide	EX_crn_e	3.0020430585864233e-13	3.0020430585864233e-13	3.0020430585864233e-13	primary	optimal
riptide-20260916T042359Z	RE:CAKI-1	riptide	EX_cyst__L_e	0.0	0.0	0.0	primary	optimal
riptide-20260916T042359Z	RE:CAKI-1	riptide	EX_cytd_e	0.0	0.0	0.0	primary	optimal
riptide-20260916T042359Z	RE:CAKI-1	riptide	EX_dad_2_e	0.0	0.0	0.0	primary	optimal
riptide-20260916T042359Z	RE:CAKI-1	riptide	EX_dcmp_e	0.0	0.0	0.0	primary	optimal
riptide-20260916T042359Z	RE:CAKI-1	riptide	EX_dcyt_e	0.0	0.0	0.0	primary	optimal
riptide-20260916T042359Z	RE:CAKI-1	riptide	EX_dhap_e	0.0	0.0	0.0	primary	optimal
riptide-20260916T042359Z	RE:CAKI-1	riptide	EX_dmgly_e	0.0	0.0	0.0	primary	optimal
riptide-20260916T042359Z	RE:CAKI-1	riptide	EX_duri_e	0.0	0.0	0.0	primary	optimal
riptide-20260916T042359Z	RE:CAKI-1	riptide	EX_ethamp_e	0.0	0.0	0.0	primary	optimal
riptide-20260916T042359Z	RE:CAKI-1	riptide	EX_fol_e	-2.3092638912203256e-14	-2.3092638912203256e-14	-2.3092638912203256e-14	primary	optimal
riptide-20260916T042359Z	RE:CAKI-1	riptide	EX_fum_e	0.4407678629315471	0.4297988938072025	0.5297216901019725	primary	optimal
riptide-20260916T042359Z	RE:CAKI-1	riptide	EX_g3pc_e	0.0	0.0	0.0	primary	optimal
riptide-20260916T042359Z	RE:CAKI-1	riptide	EX_glc__D_e	-10.0	-10.0	-3.8082710130221185	primary	optimal
riptide-20260916T042359Z	RE:CAKI-1	riptide	EX_glcur_e	0.0	0.0	0.0	primary	optimal
riptide-20260916T042359Z	RE:CAKI-1	riptide	EX_gln__L_e	-5.248551756770447	-10.0	-1.5950556953293376	primary	optimal
riptide-20260916T042359Z	RE:CAKI-1	riptide	EX_glu__L_e	-5.450226078920836	-10.0	1.0852960672776886	primary	optimal
riptide-20260916T042359Z	RE:CAKI-1	riptide	EX_gly_e	-3.622417469399509	-5.570406221643796	-1.2741175588774591	primary	optimal
riptide-20260916T042359Z	RE:CAKI-1	riptide	EX_glyald_e	0.0	0.0	0.0	primary	optimal
riptide-20260916T042359Z	RE:CAKI-1	riptide	EX_glyb_e	0.0	0.0	0.0	primary	optimal
riptide-20260916T042359Z	RE:CAKI-1	riptide	EX_glyc3p_e	0.0	0.0	0.0	primary	optimal
riptide-20260916T042359Z	RE:CAKI-1	riptide	EX_gmp_e	0.0	0.0	0.0	primary	optimal
riptide-20260916T042359Z	RE:CAKI-1	riptide	EX_gthox_e	0.0	0.0	0.0	primary	optimal
riptide-20260916T042359Z	RE:CAKI-1	riptide	EX_hcys__L_e	0.0	0.0	0.0	primary	optimal
riptide-20260916T042359Z	RE:CAKI-1	riptide	EX_hom__L_e	0.0	0.0	0.0	primary	optimal
riptide-20260916T042359Z	RE:CAKI-1	riptide	EX_hxan_e	0.0	0.0	0.0	primary	optimal
riptide-20260916T042359Z	RE:CAKI-1	riptide	EX_icit_e	0.0	0.0	0.0	primary	optimal
riptide-20260916T042359Z	RE:CAKI-1	riptide	EX_ile__L_e	-0.7019377338239527	-0.8435997130914615	-0.6844692793922267	primary	optimal
riptide-20260916T042359Z	RE:CAKI-1	riptide	EX_imp_e	0.0	0.0	0.0	primary	optimal
riptide-20260916T042359Z	RE:CAKI-1	riptide	EX_ins_e	0.0	0.0	0.0	primary	optimal
riptide-20260916T042359Z	RE:CAKI-1	riptide	EX_lac__L_e	9.524791142777927	-0.18501574621559266	17.24329512919698	primary	optimal
riptide-20260916T042359Z	RE:CAKI-1	riptide	EX_lcts_e	0.0	0.0	0.0	primary	optimal
riptide-20260916T042359Z	RE:CAKI-1	riptide	EX_leu__L_e	-1.3385787060204812	-1.608724759956104	-1.3052667753433767	primary	optimal
riptide-20260916T042359Z	RE:CAKI-1	riptide	EX_lys__L_e	-1.452845585208924	-1.7460524770077916	-1.4166900037682115	primary	optimal
riptide-20260916T042359Z	RE:CAKI-1	riptide	EX_mal__L_e	1.84000027197287	0.0	5.675759606564401	primary	optimal
riptide-20260916T042359Z	RE:CAKI-1	riptide	EX_met__L_e	-0.37545392569251756	-0.4512263819581671	-0.3661103621880315	primary	optimal
riptide-20260916T042359Z	RE:CAKI-1	riptide	EX_nac_e	2.149355855331726e-13	2.149355855331726e-13	2.149355855331726e-13	primary	optimal
riptide-20260916T042359Z	RE:CAKI-1	riptide	EX_ncam_e	0.0	0.0	0.0	primary	optimal
riptide-20260916T042359Z	RE:CAKI-1	riptide	EX_nicrnt_e	0.0	0.0	0.0	primary	optimal
riptide-20260916T042359Z	RE:CAKI-1	riptide	EX_orn_e	0.0	0.0	0.0	primary	optimal
riptide-20260916T042359Z	RE:CAKI-1	riptide	EX_orot5p_e	0.0	0.0	0.0	primary	optimal
riptide-20260916T042359Z	RE:CAKI-1	riptide	EX_orot_e	0.0	0.0	0.0	primary	optimal
riptide-20260916T042359Z	RE:CAKI-1	riptide	EX_oxa_e	0.0	0.0	0.0	primary	optimal
riptide-20260916T042359Z	RE:CAKI-1	riptide	EX_pep_e	0.0	0.0	0.0	primary	optimal
riptide-20260916T042359Z	RE:CAKI-1	riptide	EX_phe__L_e	-0.6366409721976156	-0.7651250468647994	-0.6207974959513258	primary	optimal
riptide-20260916T042359Z	RE:CAKI-1	riptide	EX_pnto__R_e	0.0	0.0	0.0	primary	optimal
riptide-20260916T042359Z	RE:CAKI-1	riptide	EX_pro__L_e	-1.0120948978901305	-1.2163514288229647	-0.9869078581393556	primary	optimal
riptide-20260916T042359Z	RE:CAKI-1	riptide	EX_quln_e	0.0	0.0	0.0	primary	optimal
riptide-20260916T042359Z	RE:CAKI-1	riptide	EX_sbt__D_e	0.0	0.0	0.0	primary	optimal
riptide-20260916T042359Z	RE:CAKI-1	riptide	EX_ser__L_e	-8.792926236263355	-10.0	-2.528731408035929	primary	optimal
riptide-20260916T042359Z	RE:CAKI-1	riptide	EX_spmd_e	0.0	0.0	0.0	primary	optimal
riptide-20260916T042359Z	RE:CAKI-1	riptide	EX_sprm_e	0.0	0.0	0.0	primary	optimal
riptide-20260916T042359Z	RE:CAKI-1	riptide	EX_srtn_e	0.0	0.0	0.0	primary	optimal
riptide-20260916T042359Z	RE:CAKI-1	riptide	EX_succ_e	9.293070891989306	6.609024435243293	10.315520273488291	primary	optimal
riptide-20260916T042359Z	RE:CAKI-1	riptide	EX_sucr_e	0.0	0.0	0.0	primary	optimal
riptide-20260916T042359Z	RE:CAKI-1	riptide	EX_taur_e	0.0	0.0	0.0	primary	optimal
riptide-20260916T042359Z	RE:CAKI-1	riptide	EX_tchola_e	0.0	0.0	0.0	primary	optimal
riptide-20260916T042359Z	RE:CAKI-1	riptide	EX_thr__L_e	-0.7672344954501629	-0.9220743793181148	-0.7481410628330654	primary	optimal
riptide-20260916T042359Z	RE:CAKI-1	riptide	EX_thym_e	0.0	0.0	0.0	primary	optimal
riptide-20260916T042359Z	RE:CAKI-1	riptide	EX_thymd_e	0.0	0.0	0.0	primary	optimal
riptide-20260916T042359Z	RE:CAKI-1	riptide	EX_trp__L_e	-0.03264838081313644	-0.03923733311332896	-0.0318358917203021	primary	optimal
riptide-20260916T042359Z	RE:CAKI-1	riptide	EX_tyr__L_e	-0.39177811609898594	-0.47084504851477155	-0.38202830804820564	primary	optimal
riptide-20260916T042359Z	RE:CAKI-1	riptide	EX_ump_e	0.0	0.0	0.0	primary	optimal
riptide-20260916T042359Z	RE:CAKI-1	riptide	EX_ura_e	0.0	0.0	0.0	primary	optimal
riptide-20260916T042359Z	RE:CAKI-1	riptide	EX_urate_e	0.0	0.0	0.0	primary	optimal
riptide-20260916T042359Z	RE:CAKI-1	riptide	EX_uri_e	0.0	0.0	0.0	primary	optimal
riptide-20260916T042359Z	RE:CAKI-1	riptide	EX_val__L_e	-0.8651771842309888	-1.0397834298129447	-0.8436463453975076	primary	optimal
riptide-20260916T042359Z	RE:CAKI-1	riptide	EX_xan_e	0.0	0.0	0.0	primary	optimal
riptide-20260916T042359Z	RE:CAKI-1	riptide	EX_xmp_e	0.0	0.0	0.0	primary	optimal
riptide-20260916T042359Z	RE:CAKI-1	riptide	EX_xtsn_e	0.0	0.0	0.0	primary	optimal
riptide-20260916T042359Z	RE:RXF 393	riptide	EX_2pg_e	0.0	0.0	0.0	primary	optimal
riptide-20260916T042359Z	RE:RXF 393	riptide	EX_34hpp_e	0.0	0.0	0.0	primary	optimal
riptide-20260916T042359Z	RE:RXF 393	riptide	EX_3hanthrn_e	0.0	0.0	0.0	primary	optimal
riptide-20260916T042359Z	RE:RXF 393	riptide	EX_3pg_e	0.0	0.0	0.0	primary	optimal
riptide-20260916T042359Z	RE:RXF 393	riptide	EX_4abut_e	0.0	0.0	0.0	primary	optimal
riptide-20260916T042359Z	RE:RXF 393	riptide	EX_4hbz_e	0.0	0.0	0.0	primary	optimal
riptide-20260916T042359Z	RE:RXF 393	riptide	EX_L2aadp_e	0.0	0.0	0.0	primary	optimal
riptide-20260916T042359Z	RE:RXF 393	riptide	EX_Lkynr_e	0.0	0.0	0.0	primary	optimal
riptide-20260916T042359Z	RE:RXF 393	riptide	EX_acac_e	0.0	0.0	0.0	primary	optimal
riptide-20260916T042359Z	RE:RXF 393	riptide	EX_ade_e	0.0	0.0	0.0	primary	optimal
riptide-20260916T042359Z	RE:RXF 393	riptide	EX_adn_e	0.0	0.0	0.0	primary	optimal
riptide-20260916T042359Z	RE:RXF 393	riptide	EX_ahcys_e	0.0	0.0	0.0	primary	optimal
riptide-20260916T042359Z	RE:RXF 393	riptide	EX_akg_e	0.0	0.0	0.0	primary	optimal
riptide-20260916T042359Z	RE:RXF 393	riptide	EX_ala__L_e	4.05498596880363	0.0	12.39999107231214	primary	optimal
riptide-20260916T042359Z	RE:RXF 393	riptide	EX_amp_e	0.0	0.0	0.0	primary	optimal
riptide-20260916T042359Z	RE:RXF 393	riptide	EX_anth_e	0.0	0.0	0.0	primary	optimal
riptide-20260916T042359Z	RE:RXF 393	riptide	EX_arg__L_e	-0.8730878777014075	-1.044347656396249	-0.8498945889939886	primary	optimal
riptide-20260916T042359Z	RE:RXF 393	riptide	EX_asn__L_e	-4.988101607238849	-6.548021480895842	-2.437055445626987	primary	optimal
riptide-20260916T042359Z	RE:RXF 393	riptide	EX_asp__L_e	0.0	0.0	0.0	primary	optimal
riptide-20260916T042359Z	RE:RXF 393	riptide	EX_bilirub_e	0.0	0.0	0.0	primary	optimal
riptide-20260916T042359Z	RE:RXF 393	riptide	EX_cala_e	0.0	0.0	0.0	primary	optimal
riptide-20260916T042359Z	RE:RXF 393	riptide	EX_chol_e	-1.2838294564083506	-1.9671271923615778	-0.5377737228021455	primary	optimal
riptide-20260916T042359Z	RE:RXF 393	riptide	EX_cholp_e	0.0	0.0	0.0	primary	optimal
riptide-20260916T042359Z	RE:RXF 393	riptide	EX_cit_e	0.0	0.0	0.0	primary	optimal
riptide-20260916T042359Z	RE:RXF 393	riptide	EX_citr__L_e	0.0	0.0	0.0	primary	optimal
riptide-20260916T042359Z	RE:RXF 393	riptide	EX_cmp_e	0.0	0.0	0.0	primary	optimal
riptide-20260916T042359Z	RE:RXF 393	riptide	EX_crn_e	0.0	0.0	0.0	primary	optimal
riptide-20260916T042359Z	RE:RXF 393	riptide	EX_cyst__L_e	0.0	0.0	0.0	primary	optimal
riptide-20260916T042359Z	RE:RXF 393	riptide	EX_cytd_e	0.0	0.0	0.0	primary	optimal
riptide-20260916T042359Z	RE:RXF 393	riptide	EX_dad_2_e	0.0	0.0	0.0	primary	optimal
riptide-20260916T042359Z	RE:RXF 393	riptide	EX_dcmp_e	0.0	0.0	0.0	primary	optimal
riptide-20260916T042359Z	RE:RXF 393	riptide	EX_dcyt_e	0.0	0.0	0.0	primary	optimal
riptide-20260916T042359Z	RE:RXF 393	riptide	EX_dhap_e	0.0	0.0	0.0	primary	optimal
riptide-20260916T042359Z	RE:RXF 393	riptide	EX_dmgly_e	0.0	0.0	0.0	primary	optimal
riptide-20260916T042359Z	RE:RXF 393	riptide	EX_duri_e	0.0	0.0	0.0	primary	optimal
riptide-20260916T042359Z	RE:RXF 393	riptide	EX_ethamp_e	0.0	0.0	0.0	primary	optimal
riptide-20260916T042359Z	RE:RXF 393	riptide	EX_fol_e	0.0	0.0	0.0	primary	optimal
riptide-20260916T042359Z	RE:RXF 393	riptide	EX_fum_e	0.4365609505280481	0.424963854259915	0.5221941767871117	primary	optimal
riptide-20260916T042359Z	RE:RXF 393	riptide	EX_g3pc_e	0.0	0.0	0.0	primary	optimal
riptide-20260916T042359Z	RE:RXF 393	riptide	EX_glc__D_e	-10.0	-10.0	-4.260180948141672	primary	optimal
riptide-20260916T042359Z	RE:RXF 393	riptide	EX_glcur_e	0.0	0.0	0.0	primary	optimal
riptide-20260916T042359Z	RE:RXF 393	riptide	EX_gln__L_e	-9.473927126112894	-10.0	-6.6958795663349875	primary	optimal
riptide-20260916T042359Z	RE:RXF 393	riptide	EX_glu__L_e	-3.375077994860476e-14	-3.375077994860476e-14	-3.375077994860476e-14	primary	optimal
riptide-20260916T042359Z	RE:RXF 393	riptide	EX_gly_e	-3.4635143525479686	-5.473966324147911	-1.259784323342604	primary	optimal
riptide-20260916T042359Z	RE:RXF 393	riptide	EX_glyald_e	0.0	0.0	0.0	primary	optimal
riptide-20260916T042359Z	RE:RXF 393	riptide	EX_glyb_e	0.0	0.0	0.0	primary	optimal
riptide-20260916T042359Z	RE:RXF 393	riptide	EX_glyc3p_e	0.0	0.0	0.0	primary	optimal
riptide-20260916T042359Z	RE:RXF 393	riptide	EX_gmp_e	0.0	0.0	0.0	primary	optimal
riptide-20260916T042359Z	RE:RXF 393	riptide	EX_gthox_e	0.0	0.0	0.0	primary	optimal
riptide-20260916T042359Z	RE:RXF 393	riptide	EX_hcys__L_e	0.0	0.0	0.0	primary	optimal
riptide-20260916T042359Z	RE:RXF 393	riptide	EX_hom__L_e	0.0	0.0	0.0	primary	optimal
riptide-20260916T042359Z	RE:RXF 393	riptide	EX_hxan_e	0.0	0.0	0.0	primary	optimal
riptide-20260916T042359Z	RE:RXF 393	riptide	EX_icit_e	0.0	0.0	0.0	primary	optimal
riptide-20260916T042359Z	RE:RXF 393	riptide	EX_ile__L_e	-0.6952380834967551	-0.8316118934657487	-0.6767693153432379	primary	optimal
riptide-20260916T042359Z	RE:RXF 393	riptide	EX_imp_e	0.0	0.0	0.0	primary	optimal
riptide-20260916T042359Z	RE:RXF 393	riptide	EX_ins_e	0.0	0.0	0.0	primary	optimal
riptide-20260916T042359Z	RE:RXF 393	riptide	EX_lac__L_e	8.049806262704305	-0.6929562217437946	14.096272253933757	primary	optimal
riptide-20260916T042359Z	RE:RXF 393	riptide	EX_lcts_e	0.0	0.0	0.0	primary	optimal
riptide-20260916T042359Z	RE:RXF 393	riptide	EX_leu__L_e	-1.325802630831844	-1.5858642706145856	-1.2905831254751394	primary	optimal
riptide-20260916T042359Z	RE:RXF 393	riptide	EX_lys__L_e	-1.4389788888750612	-1.721240517228352	-1.4007528939142464	primary	optimal
riptide-20260916T042359Z	RE:RXF 393	riptide	EX_mal__L_e	0.9069316750034424	0.0	4.197776749143811	primary	optimal
riptide-20260916T042359Z	RE:RXF 393	riptide	EX_met__L_e	-0.3718704026891224	-0.44481431188120346	-0.3619917892853106	primary	optimal
riptide-20260916T042359Z	RE:RXF 393	riptide	EX_nac_e	-4.231399883798322e-13	-4.231399883798322e-13	4.231399883798322e-13	primary	optimal
riptide-20260916T042359Z	RE:RXF 393	riptide	EX_ncam_e	0.0	0.0	0.0	primary	optimal
riptide-20260916T042359Z	RE:RXF 393	riptide	EX_nicrnt_e	0.0	0.0	0.0	primary	optimal
riptide-20260916T042359Z	RE:RXF 393	riptide	EX_orn_e	0.0	0.0	0.0	primary	optimal
riptide-20260916T042359Z	RE:RXF 393	riptide	EX_orot5p_e	0.0	0.0	0.0	primary	optimal
riptide-20260916T042359Z	RE:RXF 393	riptide	EX_orot_e	0.0	0.0	0.0	primary	optimal
riptide-20260916T042359Z	RE:RXF 393	riptide	EX_oxa_e	0.0	0.0	0.0	primary	optimal
riptide-20260916T042359Z	RE:RXF 393	riptide	EX_pep_e	0.0	0.0	0.0	primary	optimal
riptide-20260916T042359Z	RE:RXF 393	riptide	EX_phe__L_e	-0.6305645473352364	-0.7542523771487821	-0.6138138101317487	primary	optimal
riptide-20260916T042359Z	RE:RXF 393	riptide	EX_pnto__R_e	0.0	0.0	0.0	primary	optimal
riptide-20260916T042359Z	RE:RXF 393	riptide	EX_pro__L_e	-1.002434950024388	-1.1990666890301247	-0.9758055994172121	primary	optimal
riptide-20260916T042359Z	RE:RXF 393	riptide	EX_quln_e	0.0	0.0	0.0	primary	optimal
riptide-20260916T042359Z	RE:RXF 393	riptide	EX_sbt__D_e	0.0	0.0	0.0	primary	optimal
riptide-20260916T042359Z	RE:RXF 393	riptide	EX_ser__L_e	-10.0	-10.0	-3.7611795528585	primary	optimal
riptide-20260916T042359Z	RE:RXF 393	riptide	EX_spmd_e	0.0	0.0	0.0	primary	optimal
riptide-20260916T042359Z	RE:RXF 393	riptide	EX_sprm_e	0.0	0.0	0.0	primary	optimal
riptide-20260916T042359Z	RE:RXF 393	riptide	EX_srtn_e	0.0	0.0	0.0	primary	optimal
riptide-20260916T042359Z	RE:RXF 393	riptide	EX_succ_e	7.800349510905672	5.121999033087861	8.426119466753093	primary	optimal
riptide-20260916T042359Z	RE:RXF 393	riptide	EX_sucr_e	0.0	0.0	0.0	primary	optimal
riptide-20260916T042359Z	RE:RXF 393	riptide	EX_taur_e	1.4049989972312419e-13	1.4049989972312419e-13	1.4049989972312419e-13	primary	optimal
riptide-20260916T042359Z	RE:RXF 393	riptide	EX_tchola_e	0.0	0.0	0.0	primary	optimal
riptide-20260916T042359Z	RE:RXF 393	riptide	EX_thr__L_e	-0.7599116196582782	-0.9089714097826225	-0.7397248205549083	primary	optimal
riptide-20260916T042359Z	RE:RXF 393	riptide	EX_thym_e	0.0	0.0	0.0	primary	optimal
riptide-20260916T042359Z	RE:RXF 393	riptide	EX_thymd_e	0.0	0.0	0.0	primary	optimal
riptide-20260916T042359Z	RE:RXF 393	riptide	EX_trp__L_e	-0.03233676808075443	-0.038679758158315695	-0.031477752605761466	primary	optimal
riptide-20260916T042359Z	RE:RXF 393	riptide	EX_tyr__L_e	-0.38803878672948233	-0.4641541909603938	-0.377730665588361	primary	optimal
riptide-20260916T042359Z	RE:RXF 393	riptide	EX_ump_e	0.0	0.0	0.0	primary	optimal
riptide-20260916T042359Z	RE:RXF 393	riptide	EX_ura_e	0.0	0.0	0.0	primary	optimal
riptide-20260916T042359Z	RE:RXF 393	riptide	EX_urate_e	0.0	0.0	0.0	primary	optimal
riptide-20260916T042359Z	RE:RXF 393	riptide	EX_uri_e	0.0	0.0	0.0	primary	optimal
riptide-20260916T042359Z	RE:RXF 393	riptide	EX_val__L_e	-0.8569194936610458	-1.025007777317066	-0.8341557126910981	primary	optimal
riptide-20260916T042359Z	RE:RXF 393	riptide	EX_xan_e	0.0	0.0	0.0	primary	optimal
riptide-20260916T042359Z	RE:RXF 393	riptide	EX_xmp_e	0.0	0.0	0.0	primary	optimal
riptide-20260916T042359Z	RE:RXF 393	riptide	EX_xtsn_e	0.0	0.0	0.0	primary	optimal
riptide-20260916T042359Z	RE:SN12C	riptide	EX_2pg_e	0.0	0.0	0.0	primary	optimal
riptide-20260916T042359Z	RE:SN12C	riptide	EX_34hpp_e	0.0	0.0	0.0	primary	optimal
riptide-20260916T042359Z	RE:SN12C	riptide	EX_3hanthrn_e	0.0	0.0	0.0	primary	optimal
riptide-20260916T042359Z	RE:SN12C	riptide	EX_3pg_e	0.0	0.0	0.0	primary	optimal
riptide-20260916T042359Z	RE:SN12C	riptide	EX_4abut_e	0.0	0.0	0.0	primary	optimal
riptide-20260916T042359Z	RE:SN12C	riptide	EX_4hbz_e	0.0	0.0	0.0	primary	optimal
riptide-20260916T042359Z	RE:SN12C	riptide	EX_L2aadp_e	0.0	0.0	0.0	primary	optimal
riptide-20260916T042359Z	RE:SN12C	riptide	EX_Lkynr_e	0.0	0.0	0.0	primary	optimal
riptide-20260916T042359Z	RE:SN12C	riptide	EX_acac_e	0.0	0.0	0.0	primary	optimal
riptide-20260916T042359Z	RE:SN12C	riptide	EX_ade_e	0.0	0.0	0.0	primary	optimal
riptide-20260916T042359Z	RE:SN12C	riptide	EX_adn_e	0.0	0.0	0.0	primary	optimal
riptide-20260916T042359Z	RE:SN12C	riptide	EX_ahcys_e	0.0	0.0	0.0	primary	optimal
riptide-20260916T042359Z	RE:SN12C	riptide	EX_akg_e	0.0	0.0	0.0	primary	optimal
riptide-20260916T042359Z	RE:SN12C	riptide	EX_ala__L_e	7.175699407338669	0.3492944000223397	11.148657071404942	primary	optimal
riptide-20260916T042359Z	RE:SN12C	riptide	EX_amp_e	0.0	0.0	0.0	primary	optimal
riptide-20260916T042359Z	RE:SN12C	riptide	EX_anth_e	0.0	0.0	0.0	primary	optimal
riptide-20260916T042359Z	RE:SN12C	riptide	EX_arg__L_e	-0.895489017450374	-1.0765564769512788	-0.8768141328214512	primary	optimal
riptide-20260916T042359Z	RE:SN12C	riptide	EX_asn__L_e	-6.8362343926193185	-10.0	-3.59182166976525	primary	optimal
riptide-20260916T042359Z	RE:SN12C	riptide	EX_asp__L_e	0.0	0.0	0.0	primary	optimal
riptide-20260916T042359Z	RE:SN12C	riptide	EX_bilirub_e	-1.3090450813204797e-13	-1.3090450813204797e-13	0.0	primary	optimal
riptide-20260916T042359Z	RE:SN12C	riptide	EX_cala_e	0.0	0.0	0.0	primary	optimal
riptide-20260916T042359Z	RE:SN12C	riptide	EX_chol_e	-1.3761987523880994	-2.0579430502376277	-0.554807156698125	primary	optimal
riptide-20260916T042359Z	RE:SN12C	riptide	EX_cholp_e	0.0	0.0	0.0	primary	optimal
riptide-20260916T042359Z	RE:SN12C	riptide	EX_cit_e	0.0	0.0	0.0	primary	optimal
riptide-20260916T042359Z	RE:SN12C	riptide	EX_citr__L_e	0.0	0.0	0.0	primary	optimal
riptide-20260916T042359Z	RE:SN12C	riptide	EX_cmp_e	0.0	0.0	0.0	primary	optimal
riptide-20260916T042359Z	RE:SN12C	riptide	EX_crn_e	9.459100169806334e-13	9.459100169806334e-13	9.459100169806334e-13	primary	optimal
riptide-20260916T042359Z	RE:SN12C	riptide	EX_cyst__L_e	0.0	0.0	0.0	primary	optimal
riptide-20260916T042359Z	RE:SN12C	riptide	EX_cytd_e	0.0	0.0	0.0	primary	optimal
riptide-20260916T042359Z	RE:SN12C	riptide	EX_dad_2_e	0.0	0.0	0.0	primary	optimal
riptide-20260916T042359Z	RE:SN12C	riptide	EX_dcmp_e	0.0	0.0	0.0	primary	optimal
riptide-20260916T042359Z	RE:SN12C	riptide	EX_dcyt_e	0.0	0.0	0.0	primary	optimal
riptide-20260916T042359Z	RE:SN12C	riptide	EX_dhap_e	0.0	0.0	0.0	primary	optimal
riptide-20260916T042359Z	RE:SN12C	riptide	EX_dmgly_e	0.0	0.0	0.0	primary	optimal
riptide-20260916T042359Z	RE:SN12C	riptide	EX_duri_e	0.0	0.0	0.0	primary	optimal
riptide-20260916T042359Z	RE:SN12C	riptide	EX_ethamp_e	0.0	0.0	0.0	primary	optimal
riptide-20260916T042359Z	RE:SN12C	riptide	EX_fol_e	-9.237055564881302e-14	-9.237055564881302e-14	-9.237055564881302e-14	primary	optimal
riptide-20260916T042359Z	RE:SN12C	riptide	EX_fum_e	2.995692433032533	0.0	6.418243613287198	primary	optimal
riptide-20260916T042359Z	RE:SN12C	riptide	EX_g3pc_e	0.0	0.0	0.0	primary	optimal
riptide-20260916T042359Z	RE:SN12C	riptide	EX_glc__D_e	-10.0	-10.0	-3.948876345862768	primary	optimal
riptide-20260916T042359Z	RE:SN12C	riptide	EX_glcur_e	0.0	0.0	0.0	primary	optimal
riptide-20260916T042359Z	RE:SN12C	riptide	EX_gln__L_e	-7.890048102598687	-10.0	-1.6270654685472914	primary	optimal
riptide-20260916T042359Z	RE:SN12C	riptide	EX_glu__L_e	-3.069733681571485	-10.0	0.5899998399475828	primary	optimal
riptide-20260916T042359Z	RE:SN12C	riptide	EX_gly_e	-3.758334161030068	-5.726681527137569	-1.2996867062317483	primary	optimal
riptide-20260916T042359Z	RE:SN12C	riptide	EX_glyald_e	0.0	0.0	0.0	primary	optimal
riptide-20260916T042359Z	RE:SN12C	riptide	EX_glyb_e	0.0	0.0	0.0	primary	optimal
riptide-20260916T042359Z	RE:SN12C	riptide	EX_glyc3p_e	0.0	0.0	0.0	primary	optimal
riptide-20260916T042359Z	RE:SN12C	riptide	EX_gmp_e	0.0	0.0	0.0	primary	optimal
riptide-20260916T042359Z	RE:SN12C	riptide	EX_gthox_e	0.0	0.0	0.0	primary	optimal
riptide-20260916T042359Z	RE:SN12C	riptide	EX_hcys__L_e	0.0	0.0	0.0	primary	optimal
riptide-20260916T042359Z	RE:SN12C	riptide	EX_hom__L_e	0.0	0.0	0.0	primary	optimal
riptide-20260916T042359Z	RE:SN12C	riptide	EX_hxan_e	0.0	0.0	0.0	primary	optimal
riptide-20260916T042359Z	RE:SN12C	riptide	EX_icit_e	0.0	0.0	0.0	primary	optimal
riptide-20260916T042359Z	RE:SN12C	riptide	EX_ile__L_e	-0.7130760650619248	-0.8572597111095845	-0.6982052927942721	primary	optimal
riptide-20260916T042359Z	RE:SN12C	riptide	EX_imp_e	0.0	0.0	0.0	primary	optimal
riptide-20260916T042359Z	RE:SN12C	riptide	EX_ins_e	0.0	0.0	0.0	primary	optimal
riptide-20260916T042359Z	RE:SN12C	riptide	EX_lac__L_e	10.49111969594873	-1.0	19.340475081626316	primary	optimal
riptide-20260916T042359Z	RE:SN12C	riptide	EX_lcts_e	0.0	0.0	0.0	primary	optimal
riptide-20260916T042359Z	RE:SN12C	riptide	EX_leu__L_e	-1.359819241039399	-1.634774054060891	-1.3314610289931288	primary	optimal
riptide-20260916T042359Z	RE:SN12C	riptide	EX_lys__L_e	-1.4758993043439528	-1.774325451743882	-1.44512031242399	primary	optimal
riptide-20260916T042359Z	RE:SN12C	riptide	EX_mal__L_e	0.0	0.0	0.0	primary	optimal
riptide-20260916T042359Z	RE:SN12C	riptide	EX_met__L_e	-0.3814116196409856	-0.4585328703171095	-0.3734575098148216	primary	optimal
riptide-20260916T042359Z	RE:SN12C	riptide	EX_nac_e	1.1163218993451207e-13	1.1163218993451207e-13	1.1163218993451207e-13	primary	optimal
riptide-20260916T042359Z	RE:SN12C	riptide	EX_ncam_e	0.0	0.0	0.0	primary	optimal
riptide-20260916T042359Z	RE:SN12C	riptide	EX_nicrnt_e	0.0	0.0	0.0	primary	optimal
riptide-20260916T042359Z	RE:SN12C	riptide	EX_orn_e	0.0	0.0	0.0	primary	optimal
riptide-20260916T042359Z	RE:SN12C	riptide	EX_orot5p_e	0.0	0.0	0.0	primary	optimal
riptide-20260916T042359Z	RE:SN12C	riptide	EX_orot_e	0.0	0.0	0.0	primary	optimal
riptide-20260916T042359Z	RE:SN12C	riptide	EX_oxa_e	0.0	0.0	0.0	primary	optimal
riptide-20260916T042359Z	RE:SN12C	riptide	EX_pep_e	0.0	0.0	0.0	primary	optimal
riptide-20260916T042359Z	RE:SN12C	riptide	EX_phe__L_e	-0.6467431759777806	-0.77751434295115	-0.6332557361984392	primary	optimal
riptide-20260916T042359Z	RE:SN12C	riptide	EX_pnto__R_e	0.0	0.0	0.0	primary	optimal
riptide-20260916T042359Z	RE:SN12C	riptide	EX_pro__L_e	-1.028154795618767	-1.2360472132682614	-1.0067132460132626	primary	optimal
riptide-20260916T042359Z	RE:SN12C	riptide	EX_quln_e	0.0	0.0	0.0	primary	optimal
riptide-20260916T042359Z	RE:SN12C	riptide	EX_sbt__D_e	0.0	0.0	0.0	primary	optimal
riptide-20260916T042359Z	RE:SN12C	riptide	EX_ser__L_e	-7.789688243763437	-10.0	-0.6473569012708272	primary	optimal
riptide-20260916T042359Z	RE:SN12C	riptide	EX_spmd_e	0.0	0.0	0.0	primary	optimal
riptide-20260916T042359Z	RE:SN12C	riptide	EX_sprm_e	0.0	0.0	0.0	primary	optimal
riptide-20260916T042359Z	RE:SN12C	riptide	EX_srtn_e	0.0	0.0	0.0	primary	optimal
riptide-20260916T042359Z	RE:SN12C	riptide	EX_succ_e	9.556746277654073	6.967967720446177	10.288235520974109	primary	optimal
riptide-20260916T042359Z	RE:SN12C	riptide	EX_sucr_e	0.0	0.0	0.0	primary	optimal
riptide-20260916T042359Z	RE:SN12C	riptide	EX_taur_e	0.0	0.0	0.0	primary	optimal
riptide-20260916T042359Z	RE:SN12C	riptide	EX_tchola_e	0.0	0.0	0.0	primary	optimal
riptide-20260916T042359Z	RE:SN12C	riptide	EX_thr__L_e	-0.7794089541461773	-0.9370050792681717	-0.7631548493902418	primary	optimal
riptide-20260916T042359Z	RE:SN12C	riptide	EX_thym_e	0.0	0.0	0.0	primary	optimal
riptide-20260916T042359Z	RE:SN12C	riptide	EX_thymd_e	0.0	0.0	0.0	primary	optimal
riptide-20260916T042359Z	RE:SN12C	riptide	EX_trp__L_e	-0.03316644454205786	-0.03987268407909124	-0.03247477829780543	primary	optimal
riptide-20260916T042359Z	RE:SN12C	riptide	EX_tyr__L_e	-0.39799484191209267	-0.4784692123567913	-0.3896948989638602	primary	optimal
riptide-20260916T042359Z	RE:SN12C	riptide	EX_ump_e	0.0	0.0	0.0	primary	optimal
riptide-20260916T042359Z	RE:SN12C	riptide	EX_ura_e	0.0	0.0	0.0	primary	optimal
riptide-20260916T042359Z	RE:SN12C	riptide	EX_urate_e	0.0	0.0	0.0	primary	optimal
riptide-20260916T042359Z	RE:SN12C	riptide	EX_uri_e	0.0	0.0	0.0	primary	optimal
riptide-20260916T042359Z	RE:SN12C	riptide	EX_val__L_e	-0.8789057951793033	-1.0566201349115751	-0.8605767436723948	primary	optimal
riptide-20260916T042359Z	RE:SN12C	riptide	EX_xan_e	0.0	0.0	0.0	primary	optimal
riptide-20260916T042359Z	RE:SN12C	riptide	EX_xmp_e	0.0	0.0	0.0	primary	optimal
riptide-20260916T042359Z	RE:SN12C	riptide	EX_xtsn_e	0.0	0.0	0.0	primary	optimal
riptide-20260916T042359Z	RE:TK-10	riptide	EX_2pg_e	0.0	0.0	0.0	primary	optimal
riptide-20260916T042359Z	RE:TK-10	riptide	EX_34hpp_e	0.0	0.0	0.0	primary	optimal
riptide-20260916T042359Z	RE:TK-10	riptide	EX_3hanthrn_e	0.0	0.0	0.0	primary	optimal
riptide-20260916T042359Z	RE:TK-10	riptide	EX_3pg_e	0.0	0.0	0.0	primary	optimal
riptide-20260916T042359Z	RE:TK-10	riptide	EX_4abut_e	0.0	0.0	0.0	primary	optimal
riptide-20260916T042359Z	RE:TK-10	riptide	EX_4hbz_e	0.0	0.0	0.0	primary	optimal
riptide-20260916T042359Z	RE:TK-10	riptide	EX_L2aadp_e	0.0	0.0	0.0	primary	optimal
riptide-20260916T042359Z	RE:TK-10	riptide	EX_Lkynr_e	0.0	0.0	0.0	primary	optimal
riptide-20260916T042359Z	RE:TK-10	riptide	EX_acac_e	0.0	0.0	0.0	primary	optimal
riptide-20260916T042359Z	RE:TK-10	riptide	EX_ade_e	0.0	0.0	0.0	primary	optimal
riptide-20260916T042359Z	RE:TK-10	riptide	EX_adn_e	0.0	0.0	0.0	primary	optimal
riptide-20260916T042359Z	RE:TK-10	riptide	EX_ahcys_e	0.0	0.0	0.0	primary	optimal
riptide-20260916T042359Z	RE:TK-10	riptide	EX_akg_e	0.0	0.0	0.0	primary	optimal
riptide-20260916T042359Z	RE:TK-10	riptide	EX_ala__L_e	1.2487266338727299	0.0	5.533044276242084	primary	optimal
riptide-20260916T042359Z	RE:TK-10	riptide	EX_amp_e	0.0	0.0	0.0	primary	optimal
riptide-20260916T042359Z	RE:TK-10	riptide	EX_anth_e	0.0	0.0	0.0	primary	optimal
riptide-20260916T042359Z	RE:TK-10	riptide	EX_arg__L_e	-0.8744232866773901	-1.0447053221082412	-0.8509077411156785	primary	optimal
riptide-20260916T042359Z	RE:TK-10	riptide	EX_asn__L_e	-5.8869938655106395	-8.102126124554408	-2.194852166030386	primary	optimal
riptide-20260916T042359Z	RE:TK-10	riptide	EX_asp__L_e	0.0	0.0	0.0	primary	optimal
riptide-20260916T042359Z	RE:TK-10	riptide	EX_bilirub_e	0.0	0.0	0.0	primary	optimal
riptide-20260916T042359Z	RE:TK-10	riptide	EX_cala_e	0.0	0.0	0.0	primary	optimal
riptide-20260916T042359Z	RE:TK-10	riptide	EX_chol_e	-1.4264180994711042	-1.988257994291605	-0.5522207917841888	primary	optimal
riptide-20260916T042359Z	RE:TK-10	riptide	EX_cholp_e	0.0	0.0	0.0	primary	optimal
riptide-20260916T042359Z	RE:TK-10	riptide	EX_cit_e	0.0	0.0	0.0	primary	optimal
riptide-20260916T042359Z	RE:TK-10	riptide	EX_citr__L_e	0.0	0.0	0.0	primary	optimal
riptide-20260916T042359Z	RE:TK-10	riptide	EX_cmp_e	0.0	0.0	0.0	primary	optimal
riptide-20260916T042359Z	RE:TK-10	riptide	EX_crn_e	7.23421322845752e-13	3.184119634624949e-13	1.2632117574185031e-12	primary	optimal
riptide-20260916T042359Z	RE:TK-10	riptide	EX_cyst__L_e	0.0	0.0	0.0	primary	optimal
riptide-20260916T042359Z	RE:TK-10	riptide	EX_cytd_e	0.0	0.0	0.0	primary	optimal
riptide-20260916T042359Z	RE:TK-10	riptide	EX_dad_2_e	0.0	0.0	0.0	primary	optimal
riptide-20260916T042359Z	RE:TK-10	riptide	EX_dcmp_e	0.0	0.0	0.0	primary	optimal
riptide-20260916T042359Z	RE:TK-10	riptide	EX_dcyt_e	0.0	0.0	0.0	primary	optimal
riptide-20260916T042359Z	RE:TK-10	riptide	EX_dhap_e	0.0	0.0	0.0	primary	optimal
riptide-20260916T042359Z	RE:TK-10	riptide	EX_dmgly_e	0.0	0.0	0.0	primary	optimal
riptide-20260916T042359Z	RE:TK-10	riptide	EX_duri_e	0.0	0.0	0.0	primary	optimal
riptide-20260916T042359Z	RE:TK-10	riptide	EX_ethamp_e	0.0	0.0	0.0	primary	optimal
riptide-20260916T042359Z	RE:TK-10	riptide	EX_fol_e	0.0	0.0	0.0	primary	optimal
riptide-20260916T042359Z	RE:TK-10	riptide	EX_fum_e	0.4372286810397804	0.4254704500684169	0.5223730166130907	primary	optimal
riptide-20260916T042359Z	RE:TK-10	riptide	EX_g3pc_e	0.0	0.0	0.0	primary	optimal
riptide-20260916T042359Z	RE:TK-10	riptide	EX_glc__D_e	-10.0	-10.0	-4.155405636619379	primary	optimal
riptide-20260916T042359Z	RE:TK-10	riptide	EX_glcur_e	0.0	0.0	0.0	primary	optimal
riptide-20260916T042359Z	RE:TK-10	riptide	EX_gln__L_e	-8.343784654282695	-10.0	-4.97720731046471	primary	optimal
riptide-20260916T042359Z	RE:TK-10	riptide	EX_glu__L_e	3.730349362740526e-14	3.730349362740526e-14	3.730349362740526e-14	primary	optimal
riptide-20260916T042359Z	RE:TK-10	riptide	EX_gly_e	-3.882768021724648	-5.532767452323286	-1.3027040820076339	primary	optimal
riptide-20260916T042359Z	RE:TK-10	riptide	EX_glyald_e	0.0	0.0	0.0	primary	optimal
riptide-20260916T042359Z	RE:TK-10	riptide	EX_glyb_e	0.0	0.0	0.0	primary	optimal
riptide-20260916T042359Z	RE:TK-10	riptide	EX_glyc3p_e	0.0	0.0	0.0	primary	optimal
riptide-20260916T042359Z	RE:TK-10	riptide	EX_gmp_e	0.0	0.0	0.0	primary	optimal
riptide-20260916T042359Z	RE:TK-10	riptide	EX_gthox_e	0.0	0.0	0.0	primary	optimal
riptide-20260916T042359Z	RE:TK-10	riptide	EX_hcys__L_e	0.0	0.0	0.0	primary	optimal
riptide-20260916T042359Z	RE:TK-10	riptide	EX_hom__L_e	0.0	0.0	0.0	primary	optimal
riptide-20260916T042359Z	RE:TK-10	riptide	EX_hxan_e	0.0	0.0	0.0	primary	optimal
riptide-20260916T042359Z	RE:TK-10	riptide	EX_icit_e	0.0	0.0	0.0	primary	optimal
riptide-20260916T042359Z	RE:TK-10	riptide	EX_ile__L_e	-0.6963014669211449	-0.8318967019375753	-0.6775760862965239	primary	optimal
riptide-20260916T042359Z	RE:TK-10	riptide	EX_imp_e	0.0	0.0	0.0	primary	optimal
riptide-20260916T042359Z	RE:TK-10	riptide	EX_ins_e	0.0	0.0	0.0	primary	optimal
riptide-20260916T042359Z	RE:TK-10	riptide	EX_lac__L_e	6.50029699403174	-1.0	14.7423543034983	primary	optimal
riptide-20260916T042359Z	RE:TK-10	riptide	EX_lcts_e	0.0	0.0	0.0	primary	optimal
riptide-20260916T042359Z	RE:TK-10	riptide	EX_leu__L_e	-1.3278304779466876	-1.5864073936543093	-1.2921216186582694	primary	optimal
riptide-20260916T042359Z	RE:TK-10	riptide	EX_lys__L_e	-1.441179841807184	-1.721830003604116	-1.4024227195426757	primary	optimal
riptide-20260916T042359Z	RE:TK-10	riptide	EX_mal__L_e	3.4363231766734037	0.0	5.581077428223213	primary	optimal
riptide-20260916T042359Z	RE:TK-10	riptide	EX_met__L_e	-0.3724391874430705	-0.4449666508332614	-0.36242331662296756	primary	optimal
riptide-20260916T042359Z	RE:TK-10	riptide	EX_nac_e	-2.2598879017439534e-13	-2.2598879017439534e-13	-2.2598879017439534e-13	primary	optimal
riptide-20260916T042359Z	RE:TK-10	riptide	EX_ncam_e	0.0	0.0	0.0	primary	optimal
riptide-20260916T042359Z	RE:TK-10	riptide	EX_nicrnt_e	0.0	0.0	0.0	primary	optimal
riptide-20260916T042359Z	RE:TK-10	riptide	EX_orn_e	0.0	0.0	0.0	primary	optimal
riptide-20260916T042359Z	RE:TK-10	riptide	EX_orot5p_e	0.0	0.0	0.0	primary	optimal
riptide-20260916T042359Z	RE:TK-10	riptide	EX_orot_e	0.0	0.0	0.0	primary	optimal
riptide-20260916T042359Z	RE:TK-10	riptide	EX_oxa_e	0.0	0.0	0.0	primary	optimal
riptide-20260916T042359Z	RE:TK-10	riptide	EX_pep_e	0.0	0.0	0.0	primary	optimal
riptide-20260916T042359Z	RE:TK-10	riptide	EX_phe__L_e	-0.6315290110255161	-0.754510691716694	-0.6145455323615736	primary	optimal
riptide-20260916T042359Z	RE:TK-10	riptide	EX_pnto__R_e	0.0	0.0	0.0	primary	optimal
riptide-20260916T042359Z	RE:TK-10	riptide	EX_pro__L_e	-1.0039681984685123	-1.1994773425498846	-0.976968848984999	primary	optimal
riptide-20260916T042359Z	RE:TK-10	riptide	EX_quln_e	0.0	0.0	0.0	primary	optimal
riptide-20260916T042359Z	RE:TK-10	riptide	EX_sbt__D_e	0.0	0.0	0.0	primary	optimal
riptide-20260916T042359Z	RE:TK-10	riptide	EX_ser__L_e	-9.437835781211856	-10.0	-2.9162359367856254	primary	optimal
riptide-20260916T042359Z	RE:TK-10	riptide	EX_spmd_e	0.0	0.0	0.0	primary	optimal
riptide-20260916T042359Z	RE:TK-10	riptide	EX_sprm_e	0.0	0.0	0.0	primary	optimal
riptide-20260916T042359Z	RE:TK-10	riptide	EX_srtn_e	0.0	0.0	0.0	primary	optimal
riptide-20260916T042359Z	RE:TK-10	riptide	EX_succ_e	6.728267836562527	3.401450567603261	8.424243257137075	primary	optimal
riptide-20260916T042359Z	RE:TK-10	riptide	EX_sucr_e	0.0	0.0	0.0	primary	optimal
riptide-20260916T042359Z	RE:TK-10	riptide	EX_taur_e	0.0	0.0	0.0	primary	optimal
riptide-20260916T042359Z	RE:TK-10	riptide	EX_tchola_e	0.0	0.0	0.0	primary	optimal
riptide-20260916T042359Z	RE:TK-10	riptide	EX_thr__L_e	-0.7610739228167456	-0.9092827121584053	-0.7406066402311033	primary	optimal
riptide-20260916T042359Z	RE:TK-10	riptide	EX_thym_e	0.0	0.0	0.0	primary	optimal
riptide-20260916T042359Z	RE:TK-10	riptide	EX_thymd_e	0.0	0.0	0.0	primary	optimal
riptide-20260916T042359Z	RE:TK-10	riptide	EX_trp__L_e	-0.03238622794778248	-0.0386930051105256	-0.03151527696742029	primary	optimal
riptide-20260916T042359Z	RE:TK-10	riptide	EX_tyr__L_e	-0.3886323014169791	-0.46431315338849594	-0.3781809551066271	primary	optimal
riptide-20260916T042359Z	RE:TK-10	riptide	EX_ump_e	0.0	0.0	0.0	primary	optimal
riptide-20260916T042359Z	RE:TK-10	riptide	EX_ura_e	0.0	0.0	0.0	primary	optimal
riptide-20260916T042359Z	RE:TK-10	riptide	EX_urate_e	0.0	0.0	0.0	primary	optimal
riptide-20260916T042359Z	RE:TK-10	riptide	EX_uri_e	0.0	0.0	0.0	primary	optimal
riptide-20260916T042359Z	RE:TK-10	riptide	EX_val__L_e	-0.858230172703445	-1.0253588195530243	-0.835150102631907	primary	optimal
riptide-20260916T042359Z	RE:TK-10	riptide	EX_xan_e	0.0	0.0	0.0	primary	optimal
riptide-20260916T042359Z	RE:TK-10	riptide	EX_xmp_e	0.0	0.0	0.0	primary	optimal
riptide-20260916T042359Z	RE:TK-10	riptide	EX_xtsn_e	0.0	0.0	0.0	primary	optimal
