context	arm	exchange_id	point_glpk	point_second	abs_diff	width_glpk	width_second	fixed_glpk	fixed_second	rel_diff_primary_optimum
LE:K-562	ordinal	EX_2pg_e	0.0	0.0	0.0	2.7807397977042074e-09	2.780673469260364e-09	True	True	6.51445353994283e-16
LE:K-562	ordinal	EX_34hpp_e	0.0	-0.0	0.0	7.886727461979006e-08	7.88426284259458e-08	True	True	6.51445353994283e-16
LE:K-562	ordinal	EX_3hanthrn_e	0.0	0.0	0.0	9.709224784164077e-10	9.708203685399042e-10	True	True	6.51445353994283e-16
LE:K-562	ordinal	EX_3pg_e	0.0	0.0	0.0	2.790419747443837e-09	2.789843023265348e-09	True	True	6.51445353994283e-16
LE:K-562	ordinal	EX_4abut_e	0.0	-0.0	0.0	1.3059687059856492e-08	1.3059818115834787e-08	True	True	6.51445353994283e-16
LE:K-562	ordinal	EX_4hbz_e	0.0	-0.0	0.0	2.109529179978521e-09	1.946865282602717e-09	True	True	6.51445353994283e-16
LE:K-562	ordinal	EX_L2aadp_e	0.0	-0.0	0.0	4.166922676978406e-09	4.165903635622312e-09	True	True	6.51445353994283e-16
LE:K-562	ordinal	EX_Lkynr_e	0.0	-0.0	0.0	1.9271575508184446e-09	1.9268378004255737e-09	True	True	6.51445353994283e-16
LE:K-562	ordinal	EX_acac_e	0.02872270527168794	0.028722705271688298	3.5735303605122226e-16	1.3063222418716047e-07	1.3060923041013917e-07	True	True	6.51445353994283e-16
LE:K-562	ordinal	EX_ade_e	0.0	0.0	0.0	4.3336087347300635e-10	4.157687527595044e-10	True	True	6.51445353994283e-16
LE:K-562	ordinal	EX_adn_e	0.0	0.0	0.0	3.2114772183869175e-10	3.183018293384521e-10	True	True	6.51445353994283e-16
LE:K-562	ordinal	EX_ahcys_e	0.0	0.0	0.0	3.0612061574061055e-10	3.021911609835115e-10	True	True	6.51445353994283e-16
LE:K-562	ordinal	EX_akg_e	0.0	0.0	0.0	4.38051338216992e-08	4.3801408722288215e-08	True	True	6.51445353994283e-16
LE:K-562	ordinal	EX_ala__L_e	13.244949215561368	13.244949215561325	4.263256414560601e-14	3.281818816702753e-07	3.28201993582411e-07	True	True	6.51445353994283e-16
LE:K-562	ordinal	EX_amp_e	0.0	0.0	0.0	3.2617614230959485e-10	2.687547961954806e-10	True	True	6.51445353994283e-16
LE:K-562	ordinal	EX_anth_e	0.0	0.0	0.0	1.7113942089322227e-09	1.7114227138762971e-09	True	True	6.51445353994283e-16
LE:K-562	ordinal	EX_arg__L_e	-1.1802492389233226	-1.180249238923323	4.440892098500626e-16	1.9220498659322516e-07	1.9216509983266405e-07	True	True	6.51445353994283e-16
LE:K-562	ordinal	EX_asn__L_e	-7.169989806039508	-7.169989806039519	1.0658141036401503e-14	2.8390901363195553e-07	2.839007882116107e-07	True	True	6.51445353994283e-16
LE:K-562	ordinal	EX_asp__L_e	-2.1263901968944086	-2.1263901968943877	2.0872192862952943e-14	2.868623760754474e-07	2.868786430632042e-07	True	True	6.51445353994283e-16
LE:K-562	ordinal	EX_bilirub_e	0.0	-0.0	0.0	2.182043632525848e-10	2.1819669303691956e-10	True	True	6.51445353994283e-16
LE:K-562	ordinal	EX_cala_e	0.0	0.0	0.0	9.922126281215648e-10	9.919283866510753e-10	True	True	6.51445353994283e-16
LE:K-562	ordinal	EX_chol_e	-2.2595698547931393	-2.2595698547931407	1.3322676295501878e-15	3.68938763983806e-08	3.688610528129743e-08	True	True	6.51445353994283e-16
LE:K-562	ordinal	EX_cholp_e	0.0	0.0	0.0	2.702030603469119e-09	2.701118440029404e-09	True	True	6.51445353994283e-16
LE:K-562	ordinal	EX_cit_e	0.0	0.0	0.0	6.939144478262648e-08	6.940429919666258e-08	True	True	6.51445353994283e-16
LE:K-562	ordinal	EX_citr__L_e	0.0	0.0	0.0	1.2739955067039277e-08	1.2736627752474305e-08	True	True	6.51445353994283e-16
LE:K-562	ordinal	EX_cmp_e	0.0	0.0	0.0	0.0	0.0	True	True	6.51445353994283e-16
LE:K-562	ordinal	EX_crn_e	2.3101638676254365e-16	0.0	2.3101638676254365e-16	2.154063509459103e-08	2.153067768517758e-08	True	True	6.51445353994283e-16
LE:K-562	ordinal	EX_cyst__L_e	0.0	0.0	0.0	1.2801843163216517e-09	1.2799379334182959e-09	True	True	6.51445353994283e-16
LE:K-562	ordinal	EX_cytd_e	0.0	0.0	0.0	6.074095631725922e-10	6.072915226251752e-10	True	True	6.51445353994283e-16
LE:K-562	ordinal	EX_dad_2_e	0.0	0.0	0.0	3.5804412844515065e-10	3.189966069072625e-10	True	True	6.51445353994283e-16
LE:K-562	ordinal	EX_dcmp_e	0.0	0.0	0.0	5.309338631406316e-10	5.308987416352551e-10	True	True	6.51445353994283e-16
LE:K-562	ordinal	EX_dcyt_e	0.0	0.0	0.0	6.232997200437634e-10	6.232160620900373e-10	True	True	6.51445353994283e-16
LE:K-562	ordinal	EX_dhap_e	0.0	0.0	0.0	1.6219562323009472e-09	1.621629053261131e-09	True	True	6.51445353994283e-16
LE:K-562	ordinal	EX_dmgly_e	0.0	0.0	0.0	1.4594630994960086e-09	1.459403401545737e-09	True	True	6.51445353994283e-16
LE:K-562	ordinal	EX_duri_e	0.0	0.0	0.0	6.253399685946012e-10	6.252252049421259e-10	True	True	6.51445353994283e-16
LE:K-562	ordinal	EX_ethamp_e	0.0	0.0	0.0	1.1784149645877901e-08	1.1780689979090653e-08	True	True	6.51445353994283e-16
LE:K-562	ordinal	EX_fol_e	0.0	-0.0	0.0	2.8158635570150126e-08	2.81523853118415e-08	True	True	6.51445353994283e-16
LE:K-562	ordinal	EX_fum_e	11.847538732115042	11.847538732115014	2.842170943040401e-14	2.054919132632449e-07	2.0546009871225124e-07	True	True	6.51445353994283e-16
LE:K-562	ordinal	EX_g3pc_e	0.0	0.0	0.0	1.614850165128737e-09	1.6145198511452463e-09	True	True	6.51445353994283e-16
LE:K-562	ordinal	EX_glc__D_e	-10.0	-10.0	0.0	1.742083810540862e-09	1.741657484899406e-09	True	True	6.51445353994283e-16
LE:K-562	ordinal	EX_glcur_e	0.0	0.0	0.0	2.5897352745790787e-09	1.9698269682066893e-09	True	True	6.51445353994283e-16
LE:K-562	ordinal	EX_gln__L_e	-10.0	-10.0	0.0	6.647269223947205e-08	6.64578205800126e-08	True	True	6.51445353994283e-16
LE:K-562	ordinal	EX_glu__L_e	-10.0	-10.0	0.0	3.4683768745935595e-08	3.4671272075570414e-08	True	True	6.51445353994283e-16
LE:K-562	ordinal	EX_gly_e	-10.0	-10.0	0.0	2.7347756947904145e-07	2.734117874325648e-07	True	True	6.51445353994283e-16
LE:K-562	ordinal	EX_glyald_e	0.0	0.0	0.0	3.46486461949539e-09	3.4644109803139145e-09	True	True	6.51445353994283e-16
LE:K-562	ordinal	EX_glyb_e	0.0	0.0	0.0	6.936788499303539e-09	6.935842445831109e-09	True	True	6.51445353994283e-16
LE:K-562	ordinal	EX_glyc3p_e	0.0	0.0	0.0	1.5379250911097082e-09	1.5374945760981973e-09	True	True	6.51445353994283e-16
LE:K-562	ordinal	EX_gmp_e	0.0	-0.0	0.0	0.0	0.0	True	True	6.51445353994283e-16
LE:K-562	ordinal	EX_gthox_e	0.0	-0.0	0.0	3.153343345567943e-09	3.1529256242871875e-09	True	True	6.51445353994283e-16
LE:K-562	ordinal	EX_hcys__L_e	0.0	0.0	0.0	1.8409585965780808e-09	1.8405108548336102e-09	True	True	6.51445353994283e-16
LE:K-562	ordinal	EX_hom__L_e	0.0	-0.0	0.0	0.0	0.0	True	True	6.51445353994283e-16
LE:K-562	ordinal	EX_hxan_e	0.0	0.0	0.0	4.924601927760292e-10	4.923141339041592e-10	True	True	6.51445353994283e-16
LE:K-562	ordinal	EX_icit_e	0.0	-0.0	0.0	2.5485305742656688e-08	2.5485810795089492e-08	True	True	6.51445353994283e-16
LE:K-562	ordinal	EX_ile__L_e	-0.9398300444600184	-0.9398300444600189	5.551115123125783e-16	1.416390897901465e-07	1.4163923978127713e-07	True	True	6.51445353994283e-16
LE:K-562	ordinal	EX_imp_e	0.0	0.0	0.0	3.6388108712009603e-10	3.638408463402243e-10	True	True	6.51445353994283e-16
LE:K-562	ordinal	EX_ins_e	0.0	0.0	0.0	3.6138118070116624e-10	3.6137901004984485e-10	True	True	6.51445353994283e-16
LE:K-562	ordinal	EX_lac__L_e	17.025188900326313	17.02518890032638	6.750155989720952e-14	5.445913551227477e-07	5.445428570283184e-07	True	True	6.51445353994283e-16
LE:K-562	ordinal	EX_lcts_e	0.0	0.0	0.0	5.475301198661401e-10	5.023445160569914e-10	True	True	6.51445353994283e-16
LE:K-562	ordinal	EX_leu__L_e	-1.7922337326704474	-1.7922337326704487	1.3322676295501878e-15	1.2547844163712796e-07	1.2545159933097239e-07	True	True	6.51445353994283e-16
LE:K-562	ordinal	EX_lys__L_e	-1.9452265708841625	-1.9452265708841634	8.881784197001252e-16	2.8623261827398494e-07	2.8625278569727186e-07	True	True	6.51445353994283e-16
LE:K-562	ordinal	EX_mal__L_e	0.0	-0.0	0.0	4.268527362388621e-08	4.268523312589423e-08	True	True	6.51445353994283e-16
LE:K-562	ordinal	EX_met__L_e	-0.5026982632120718	-0.5026982632120721	3.3306690738754696e-16	1.2547119188077716e-07	1.2547567018739159e-07	True	True	6.51445353994283e-16
LE:K-562	ordinal	EX_nac_e	-2.4969925124507766e-15	-0.0	2.4969925124507766e-15	8.022682451659992e-09	8.024109376947308e-09	True	True	6.51445353994283e-16
LE:K-562	ordinal	EX_ncam_e	0.0	0.0	0.0	4.495117359958041e-08	4.494053011209568e-08	True	True	6.51445353994283e-16
LE:K-562	ordinal	EX_nicrnt_e	0.0	0.0	0.0	8.474745806480267e-10	8.473968193811743e-10	True	True	6.51445353994283e-16
LE:K-562	ordinal	EX_orn_e	0.0	0.0	0.0	2.16134617030692e-08	2.1612165834739017e-08	True	True	6.51445353994283e-16
LE:K-562	ordinal	EX_orot5p_e	0.0	0.0	0.0	5.348034763570913e-10	5.34729871493056e-10	True	True	6.51445353994283e-16
LE:K-562	ordinal	EX_orot_e	0.0	0.0	0.0	1.319732576445553e-09	1.3197567483302919e-09	True	True	6.51445353994283e-16
LE:K-562	ordinal	EX_oxa_e	0.0	-0.0	0.0	3.6172056208425956e-09	2.788174691401565e-09	True	True	6.51445353994283e-16
LE:K-562	ordinal	EX_pep_e	0.0	0.0	0.0	3.065767874395754e-09	3.065320441919539e-09	True	True	6.51445353994283e-16
LE:K-562	ordinal	EX_phe__L_e	-10.0	-10.0	0.0	5.1976511983298224e-08	5.196255159489738e-08	True	True	6.51445353994283e-16
LE:K-562	ordinal	EX_pnto__R_e	0.0	0.0	0.0	3.7542564605003984e-08	3.753694244323924e-08	True	True	6.51445353994283e-16
LE:K-562	ordinal	EX_pro__L_e	-7.414954180563461	-7.4149542432939874	6.273052655103584e-08	3.547543290238764e-07	3.547448477192461e-07	True	True	6.51445353994283e-16
LE:K-562	ordinal	EX_quln_e	0.0	0.0	0.0	6.428681378673823e-10	6.28973946999641e-10	True	True	6.51445353994283e-16
LE:K-562	ordinal	EX_sbt__D_e	0.0	0.0	0.0	0.0	0.0	True	True	6.51445353994283e-16
LE:K-562	ordinal	EX_ser__L_e	-10.0	-10.0	0.0	4.079550919300345e-09	4.079485194097288e-09	True	True	6.51445353994283e-16
LE:K-562	ordinal	EX_spmd_e	0.0	-0.0	0.0	5.338567324824786e-10	4.924887164747815e-10	True	True	6.51445353994283e-16
LE:K-562	ordinal	EX_sprm_e	0.0	0.0	0.0	2.68926007227438e-10	2.498083912608048e-10	True	True	6.51445353994283e-16
LE:K-562	ordinal	EX_srtn_e	0.0	0.0	0.0	1.9834847041967258e-09	1.9830457276270863e-09	True	True	6.51445353994283e-16
LE:K-562	ordinal	EX_succ_e	13.041643839132579	13.0416438391325	7.993605777301127e-14	1.2004861638104103e-07	1.2002694838031402e-07	True	True	6.51445353994283e-16
LE:K-562	ordinal	EX_sucr_e	0.0	0.0	0.0	0.0	0.0	True	True	6.51445353994283e-16
LE:K-562	ordinal	EX_taur_e	0.0	0.0	0.0	1.6260193909925989e-09	1.6258797086443622e-09	True	True	6.51445353994283e-16
LE:K-562	ordinal	EX_tchola_e	0.0	0.0	0.0	3.518615857028009e-10	3.4719190485551127e-10	True	True	6.51445353994283e-16
LE:K-562	ordinal	EX_thr__L_e	-1.0272564007096077	-1.0272564007096083	6.661338147750939e-16	1.416276607102418e-07	1.4163274286715932e-07	True	True	6.51445353994283e-16
LE:K-562	ordinal	EX_thym_e	0.0	0.0	0.0	7.637049400442314e-10	7.635254206661557e-10	True	True	6.51445353994283e-16
LE:K-562	ordinal	EX_thymd_e	0.0	0.0	0.0	5.106313332430198e-10	5.105436004515518e-10	True	True	6.51445353994283e-16
LE:K-562	ordinal	EX_trp__L_e	-0.04371324085544778	-0.04371317812479468	6.273065310258286e-08	1.2549051814358947e-07	1.2547585962613406e-07	True	True	6.51445353994283e-16
LE:K-562	ordinal	EX_tyr__L_e	-6.584407081415429	-6.584407144145956	6.273052743921426e-08	3.5473761084148236e-07	3.5470498715994836e-07	True	True	6.51445353994283e-16
LE:K-562	ordinal	EX_ump_e	0.0	0.0	0.0	4.021002660424355e-10	4.020287991401972e-10	True	True	6.51445353994283e-16
LE:K-562	ordinal	EX_ura_e	0.0	0.0	0.0	1.1037492043395398e-09	1.1036737079805903e-09	True	True	6.51445353994283e-16
LE:K-562	ordinal	EX_urate_e	0.0	-0.0	0.0	4.694577497366424e-10	4.673177923062694e-10	True	True	6.51445353994283e-16
LE:K-562	ordinal	EX_uri_e	0.0	0.0	0.0	6.213858160139914e-10	6.213961012413449e-10	True	True	6.51445353994283e-16
LE:K-562	ordinal	EX_val__L_e	-1.1583927753222314	-1.1583926498609256	1.2546130578883208e-07	1.2548364036746307e-07	1.254775101600103e-07	True	True	6.51445353994283e-16
LE:K-562	ordinal	EX_xan_e	0.0	0.0	0.0	4.853753423383886e-10	4.830927602395008e-10	True	True	6.51445353994283e-16
LE:K-562	ordinal	EX_xmp_e	0.0	0.0	0.0	3.5973823972508007e-10	3.5968392153584716e-10	True	True	6.51445353994283e-16
LE:K-562	ordinal	EX_xtsn_e	0.0	0.0	0.0	3.637369351342626e-10	3.563206119050477e-10	True	True	6.51445353994283e-16
CO:SW-620	ordinal	EX_2pg_e	0.0	0.0	0.0	1.9435988774626403e-10	1.7130830087808135e-10	True	True	2.9261285125009955e-15
CO:SW-620	ordinal	EX_34hpp_e	0.0	-0.0	0.0	3.2201106578703127e-09	3.2123654847282523e-09	True	True	2.9261285125009955e-15
CO:SW-620	ordinal	EX_3hanthrn_e	0.0	0.0	0.0	2.084750102511882e-10	6.561418075534675e-11	True	True	2.9261285125009955e-15
CO:SW-620	ordinal	EX_3pg_e	0.0	0.0	0.0	1.716486036248897e-10	1.7121237760875374e-10	True	True	2.9261285125009955e-15
CO:SW-620	ordinal	EX_4abut_e	0.0	0.0	0.0	6.859535106227118e-10	6.835902462877097e-10	True	True	2.9261285125009955e-15
CO:SW-620	ordinal	EX_4hbz_e	0.0	-0.0	0.0	1.6252656127573324e-10	1.2512407447000533e-10	True	True	2.9261285125009955e-15
CO:SW-620	ordinal	EX_L2aadp_e	0.0	0.0	0.0	2.362661449181844e-10	2.3610568040974165e-10	True	True	2.9261285125009955e-15
CO:SW-620	ordinal	EX_Lkynr_e	0.0	0.0	0.0	1.45736993635309e-10	1.3799550391269122e-10	True	True	2.9261285125009955e-15
CO:SW-620	ordinal	EX_acac_e	0.02872270527168794	0.028722705271687955	1.3877787807814457e-17	1.1581423844247984e-08	1.1577636637588595e-08	True	True	2.9261285125009955e-15
CO:SW-620	ordinal	EX_ade_e	0.0	0.0	0.0	2.8902835419170367e-11	2.607700543279582e-11	True	True	2.9261285125009955e-15
CO:SW-620	ordinal	EX_adn_e	0.0	0.0	0.0	2.1095389910903547e-11	1.962123422624173e-11	True	True	2.9261285125009955e-15
CO:SW-620	ordinal	EX_ahcys_e	0.0	0.0	0.0	1.9183474188986272e-11	1.893152301590817e-11	True	True	2.9261285125009955e-15
CO:SW-620	ordinal	EX_akg_e	0.0	0.0	0.0	1.925756327084598e-09	1.9216557234358334e-09	True	True	2.9261285125009955e-15
CO:SW-620	ordinal	EX_ala__L_e	13.052117326266483	13.052117326266444	3.907985046680551e-14	2.688176081733218e-08	2.6885894399697463e-08	True	True	2.9261285125009955e-15
CO:SW-620	ordinal	EX_amp_e	0.0	0.0	0.0	2.1248311264043815e-11	1.6501161548276855e-11	True	True	2.9261285125009955e-15
CO:SW-620	ordinal	EX_anth_e	0.0	0.0	0.0	1.1910520566181977e-10	1.192272947037054e-10	True	True	2.9261285125009955e-15
CO:SW-620	ordinal	EX_arg__L_e	-10.0	-10.0	0.0	1.4186024799300867e-08	1.420351836145528e-08	True	True	2.9261285125009955e-15
CO:SW-620	ordinal	EX_asn__L_e	-10.0	-10.0	0.0	2.7642036215524968e-08	2.7619210030138674e-08	True	True	2.9261285125009955e-15
CO:SW-620	ordinal	EX_asp__L_e	-2.1263901968943237	-2.12639019689438	5.639932965095795e-14	2.685503952548629e-08	2.6813646414325376e-08	True	True	2.9261285125009955e-15
CO:SW-620	ordinal	EX_bilirub_e	0.0	-0.0	0.0	9.397928108992965e-11	1.3361600020855846e-11	True	True	2.9261285125009955e-15
CO:SW-620	ordinal	EX_cala_e	0.0	-0.0	0.0	7.100059203294406e-11	6.791028850372527e-11	True	True	2.9261285125009955e-15
CO:SW-620	ordinal	EX_chol_e	-2.2595698547931384	-2.25956985479314	1.7763568394002505e-15	2.321198788735046e-09	2.3218844624750545e-09	True	True	2.9261285125009955e-15
CO:SW-620	ordinal	EX_cholp_e	0.0	0.0	0.0	1.6665981906781762e-10	1.6632228927448978e-10	True	True	2.9261285125009955e-15
CO:SW-620	ordinal	EX_cit_e	0.0	0.0	0.0	1.1610019527598715e-08	1.1625367335454939e-08	True	True	2.9261285125009955e-15
CO:SW-620	ordinal	EX_citr__L_e	0.0	-0.0	0.0	7.467696104406729e-10	7.455440709236427e-10	True	True	2.9261285125009955e-15
CO:SW-620	ordinal	EX_cmp_e	0.0	0.0	0.0	3.995920651700701e-11	0.0	True	True	2.9261285125009955e-15
CO:SW-620	ordinal	EX_crn_e	1.5611634539757076e-16	0.0	1.5611634539757076e-16	5.4342289166537905e-09	5.419169642163149e-09	True	True	2.9261285125009955e-15
CO:SW-620	ordinal	EX_cyst__L_e	0.0	0.0	0.0	8.088685241060135e-11	8.100486947881791e-11	True	True	2.9261285125009955e-15
CO:SW-620	ordinal	EX_cytd_e	0.0	0.0	0.0	3.96114372087991e-11	3.758307554058149e-11	True	True	2.9261285125009955e-15
CO:SW-620	ordinal	EX_dad_2_e	0.0	0.0	0.0	2.2221791020593174e-11	1.9663048966833685e-11	True	True	2.9261285125009955e-15
CO:SW-620	ordinal	EX_dcmp_e	0.0	0.0	0.0	3.295872368239136e-11	3.29598570658618e-11	True	True	2.9261285125009955e-15
CO:SW-620	ordinal	EX_dcyt_e	0.0	0.0	0.0	3.8247080710845496e-11	3.836214679253658e-11	True	True	2.9261285125009955e-15
CO:SW-620	ordinal	EX_dhap_e	0.0	0.0	0.0	9.74672396572723e-11	9.764633546183177e-11	True	True	2.9261285125009955e-15
CO:SW-620	ordinal	EX_dmgly_e	0.0	0.0	0.0	1.4447143787109055e-10	1.014202055671376e-10	True	True	2.9261285125009955e-15
CO:SW-620	ordinal	EX_duri_e	0.0	0.0	0.0	4.011735803058728e-11	3.835995410206294e-11	True	True	2.9261285125009955e-15
CO:SW-620	ordinal	EX_ethamp_e	0.0	-0.0	0.0	1.6338462868362822e-09	1.634206436840202e-09	True	True	2.9261285125009955e-15
CO:SW-620	ordinal	EX_fol_e	0.0	-0.0	0.0	4.343812284194814e-09	4.348022936374969e-09	True	True	2.9261285125009955e-15
CO:SW-620	ordinal	EX_fum_e	16.208520767074873	16.208520767075406	5.329070518200751e-13	3.118823599379539e-08	3.116266356073538e-08	True	True	2.9261285125009955e-15
CO:SW-620	ordinal	EX_g3pc_e	0.0	0.0	0.0	1.0296396293811932e-10	9.646317078448874e-11	True	True	2.9261285125009955e-15
CO:SW-620	ordinal	EX_glc__D_e	-10.0	-10.0	0.0	1.0576606257473031e-10	1.0575362807685451e-10	True	True	2.9261285125009955e-15
CO:SW-620	ordinal	EX_glcur_e	0.0	0.0	0.0	1.3378110662419634e-10	1.3358203432289883e-10	True	True	2.9261285125009955e-15
CO:SW-620	ordinal	EX_gln__L_e	-10.0	-10.0	0.0	8.836707543480316e-08	8.826973996178822e-08	True	True	2.9261285125009955e-15
CO:SW-620	ordinal	EX_glu__L_e	-10.0	-10.0	0.0	1.6758860965637723e-09	1.6750227871398238e-09	True	True	2.9261285125009955e-15
CO:SW-620	ordinal	EX_gly_e	-10.0	-10.0	0.0	5.277225767486016e-09	5.268526948043473e-09	True	True	2.9261285125009955e-15
CO:SW-620	ordinal	EX_glyald_e	0.0	0.0	0.0	2.405666717316727e-10	2.0695622993116558e-10	True	True	2.9261285125009955e-15
CO:SW-620	ordinal	EX_glyb_e	0.0	0.0	0.0	5.330273438031516e-10	5.327836686668408e-10	True	True	2.9261285125009955e-15
CO:SW-620	ordinal	EX_glyc3p_e	0.0	0.0	0.0	9.833675372238616e-11	9.239997655896559e-11	True	True	2.9261285125009955e-15
CO:SW-620	ordinal	EX_gmp_e	0.0	-0.0	0.0	2.56552408471211e-11	0.0	True	True	2.9261285125009955e-15
CO:SW-620	ordinal	EX_gthox_e	0.0	-0.0	0.0	2.2560044242497607e-10	2.2505686203544428e-10	True	True	2.9261285125009955e-15
CO:SW-620	ordinal	EX_hcys__L_e	0.0	0.0	0.0	1.380013802483026e-10	1.2583445396785464e-10	True	True	2.9261285125009955e-15
CO:SW-620	ordinal	EX_hom__L_e	0.0	-0.0	0.0	2.012496930122044e-17	0.0	True	True	2.9261285125009955e-15
CO:SW-620	ordinal	EX_hxan_e	0.0	0.0	0.0	3.4975114086201586e-11	3.079669852468214e-11	True	True	2.9261285125009955e-15
CO:SW-620	ordinal	EX_icit_e	0.0	-0.0	0.0	1.9789263835078508e-09	1.9837731457528207e-09	True	True	2.9261285125009955e-15
CO:SW-620	ordinal	EX_ile__L_e	-0.9398300444600183	-0.9398300444600189	6.661338147750939e-16	2.2793444132140905e-08	2.277662858318763e-08	True	True	2.9261285125009955e-15
CO:SW-620	ordinal	EX_imp_e	0.0	0.0	0.0	2.2457525695442877e-11	2.242334096180798e-11	True	True	2.9261285125009955e-15
CO:SW-620	ordinal	EX_ins_e	0.0	0.0	0.0	2.4207168272671552e-11	2.2176926961492427e-11	True	True	2.9261285125009955e-15
CO:SW-620	ordinal	EX_lac__L_e	16.02518890032638	16.025188900326324	5.684341886080802e-14	3.8115672396088485e-08	3.8090377074695425e-08	True	True	2.9261285125009955e-15
CO:SW-620	ordinal	EX_lcts_e	0.0	0.0	0.0	5.68382875876988e-11	3.170745610514558e-11	True	True	2.9261285125009955e-15
CO:SW-620	ordinal	EX_leu__L_e	-1.7922337326704478	-1.7922337326704487	8.881784197001252e-16	1.5929844776607638e-08	1.5929479957321746e-08	True	True	2.9261285125009955e-15
CO:SW-620	ordinal	EX_lys__L_e	-10.0	-10.0	0.0	1.419661721513421e-08	1.4224319500044658e-08	True	True	2.9261285125009955e-15
CO:SW-620	ordinal	EX_mal__L_e	0.0	-0.0	0.0	2.1848057396220956e-09	2.1824622109534175e-09	True	True	2.9261285125009955e-15
CO:SW-620	ordinal	EX_met__L_e	-3.191046958856994	-3.1910469740946565	1.5237662687184184e-08	8.269994378196088e-08	8.284827668347816e-08	True	True	2.9261285125009955e-15
CO:SW-620	ordinal	EX_nac_e	0.0	-0.0	0.0	4.3103388863094745e-10	4.3086600953756715e-10	True	True	2.9261285125009955e-15
CO:SW-620	ordinal	EX_ncam_e	0.0	0.0	0.0	2.9733206967073e-09	2.9691706794664997e-09	True	True	2.9261285125009955e-15
CO:SW-620	ordinal	EX_nicrnt_e	0.0	0.0	0.0	5.146752610546377e-11	5.130240676720632e-11	True	True	2.9261285125009955e-15
CO:SW-620	ordinal	EX_orn_e	0.0	0.0	0.0	1.4371109410785753e-09	1.4336110476480462e-09	True	True	2.9261285125009955e-15
CO:SW-620	ordinal	EX_orot5p_e	0.0	0.0	0.0	3.4028368145204195e-11	3.3193614523696624e-11	True	True	2.9261285125009955e-15
CO:SW-620	ordinal	EX_orot_e	0.0	0.0	0.0	8.170651267407148e-11	8.163575371256115e-11	True	True	2.9261285125009955e-15
CO:SW-620	ordinal	EX_oxa_e	0.0	-0.0	0.0	2.3631998232527944e-10	2.0404833378506737e-10	True	True	2.9261285125009955e-15
CO:SW-620	ordinal	EX_pep_e	0.0	0.0	0.0	2.2578433184834555e-10	1.956728112872952e-10	True	True	2.9261285125009955e-15
CO:SW-620	ordinal	EX_phe__L_e	-9.373980505231089	-9.37398050523053	5.577760475716786e-13	3.353962085839157e-08	3.345897958695332e-08	True	True	2.9261285125009955e-15
CO:SW-620	ordinal	EX_pnto__R_e	0.0	0.0	0.0	2.0289256697487272e-09	2.02789161365056e-09	True	True	2.9261285125009955e-15
CO:SW-620	ordinal	EX_pro__L_e	-1.3551019514225007	-1.3551019514225016	8.881784197001252e-16	2.360899298281538e-08	2.3570557949881277e-08	True	True	2.9261285125009955e-15
CO:SW-620	ordinal	EX_quln_e	0.0	0.0	0.0	1.457091845929006e-10	4.291533794997804e-11	True	True	2.9261285125009955e-15
CO:SW-620	ordinal	EX_sbt__D_e	0.0	0.0	0.0	1.0677600154654655e-10	0.0	True	True	2.9261285125009955e-15
CO:SW-620	ordinal	EX_ser__L_e	-10.0	-10.0	0.0	2.2500934448999033e-10	2.2451729364547646e-10	True	True	2.9261285125009955e-15
CO:SW-620	ordinal	EX_spmd_e	0.0	0.0	0.0	3.229271340921182e-11	3.233147083392396e-11	True	True	2.9261285125009955e-15
CO:SW-620	ordinal	EX_sprm_e	0.0	-0.0	0.0	1.656677862656228e-11	1.645794611704332e-11	True	True	2.9261285125009955e-15
CO:SW-620	ordinal	EX_srtn_e	0.0	0.0	0.0	1.2604100812517393e-10	1.258754211974633e-10	True	True	2.9261285125009955e-15
CO:SW-620	ordinal	EX_succ_e	13.234475728426952	13.234475728427409	4.565237077258644e-13	8.471776169471923e-09	8.457476496914751e-09	True	True	2.9261285125009955e-15
CO:SW-620	ordinal	EX_sucr_e	0.0	0.0	0.0	5.497845123552523e-11	0.0	True	True	2.9261285125009955e-15
CO:SW-620	ordinal	EX_taur_e	0.0	0.0	0.0	1.0547323293216423e-10	1.0532130723106548e-10	True	True	2.9261285125009955e-15
CO:SW-620	ordinal	EX_tchola_e	0.0	0.0	0.0	7.212461443937884e-11	2.3190461255409315e-11	True	True	2.9261285125009955e-15
CO:SW-620	ordinal	EX_thr__L_e	-1.0272564007096077	-1.0272564007096083	6.661338147750939e-16	2.284184841272463e-08	2.279913857705651e-08	True	True	2.9261285125009955e-15
CO:SW-620	ordinal	EX_thym_e	0.0	0.0	0.0	4.916545810504823e-11	4.9097211145139724e-11	True	True	2.9261285125009955e-15
CO:SW-620	ordinal	EX_thymd_e	0.0	0.0	0.0	3.201682354662672e-11	3.112422819473437e-11	True	True	2.9261285125009955e-15
CO:SW-620	ordinal	EX_trp__L_e	-0.043713185743549744	-0.04371317812479468	7.618755064331406e-09	2.280866934906145e-08	2.2797003916552594e-08	True	True	2.9261285125009955e-15
CO:SW-620	ordinal	EX_tyr__L_e	-0.5245548522744691	-0.5245548522744695	4.440892098500626e-16	1.954799155878817e-08	1.9553469066124762e-08	True	True	2.9261285125009955e-15
CO:SW-620	ordinal	EX_ump_e	0.0	0.0	0.0	4.018245467349756e-11	2.4462099013078387e-11	True	True	2.9261285125009955e-15
CO:SW-620	ordinal	EX_ura_e	0.0	0.0	0.0	7.358541240317206e-11	7.336103946542494e-11	True	True	2.9261285125009955e-15
CO:SW-620	ordinal	EX_urate_e	0.0	-0.0	0.0	3.4479773600583516e-11	2.927951344418551e-11	True	True	2.9261285125009955e-15
CO:SW-620	ordinal	EX_uri_e	0.0	0.0	0.0	3.818969276272014e-11	3.829500605512237e-11	True	True	2.9261285125009955e-15
CO:SW-620	ordinal	EX_val__L_e	-1.1583926650984349	-1.1583926498609256	1.523750925436218e-08	1.524475035097339e-08	1.5196341962564475e-08	True	True	2.9261285125009955e-15
CO:SW-620	ordinal	EX_xan_e	0.0	0.0	0.0	3.037127421838421e-11	3.035992384461043e-11	True	True	2.9261285125009955e-15
CO:SW-620	ordinal	EX_xmp_e	0.0	0.0	0.0	2.2508949346070796e-11	2.2099905239159057e-11	True	True	2.9261285125009955e-15
CO:SW-620	ordinal	EX_xtsn_e	0.0	0.0	0.0	2.1968312863359868e-11	2.191091752479224e-11	True	True	2.9261285125009955e-15
CNS:SNB-19	magnitude_g1.00	EX_2pg_e	0.0	0.0	0.0	3.57907160962657e-09	3.5784708529718046e-09	True	True	4.611268395786186e-15
CNS:SNB-19	magnitude_g1.00	EX_34hpp_e	0.0	-0.0	0.0	3.5274567048466875e-08	3.526157854594203e-08	True	True	4.611268395786186e-15
CNS:SNB-19	magnitude_g1.00	EX_3hanthrn_e	0.0	0.0	0.0	1.0250580177066637e-09	1.0242294235769256e-09	True	True	4.611268395786186e-15
CNS:SNB-19	magnitude_g1.00	EX_3pg_e	0.0	0.0	0.0	3.6950465966580846e-09	3.6941152359304397e-09	True	True	4.611268395786186e-15
CNS:SNB-19	magnitude_g1.00	EX_4abut_e	0.0	-0.0	0.0	2.0269132941785636e-08	2.026452754243517e-08	True	True	4.611268395786186e-15
CNS:SNB-19	magnitude_g1.00	EX_4hbz_e	0.0	-0.0	0.0	2.3844934190171194e-09	2.1939022502526536e-09	True	True	4.611268395786186e-15
CNS:SNB-19	magnitude_g1.00	EX_L2aadp_e	0.0	0.0	0.0	5.904997474340132e-09	5.903928013140103e-09	True	True	4.611268395786186e-15
CNS:SNB-19	magnitude_g1.00	EX_Lkynr_e	0.0	-0.0	0.0	2.1366464413745987e-09	2.1364114921595956e-09	True	True	4.611268395786186e-15
CNS:SNB-19	magnitude_g1.00	EX_acac_e	0.0	-0.0	0.0	9.186870436165607e-08	9.18546995028191e-08	True	True	4.611268395786186e-15
CNS:SNB-19	magnitude_g1.00	EX_ade_e	0.0	0.0	0.0	5.141332269326602e-10	4.686562249389681e-10	True	True	4.611268395786186e-15
CNS:SNB-19	magnitude_g1.00	EX_adn_e	0.0	0.0	0.0	3.9478653391590284e-10	3.70178554476297e-10	True	True	4.611268395786186e-15
CNS:SNB-19	magnitude_g1.00	EX_ahcys_e	0.0	0.0	0.0	3.5323932752354866e-10	3.495976841350057e-10	True	True	4.611268395786186e-15
CNS:SNB-19	magnitude_g1.00	EX_akg_e	0.0	0.0	0.0	3.522375514486237e-08	3.521225977465292e-08	True	True	4.611268395786186e-15
CNS:SNB-19	magnitude_g1.00	EX_ala__L_e	11.272492613958127	11.272492611520581	2.437545276734454e-09	2.1973358634852502e-06	2.197290429606369e-06	True	True	4.611268395786186e-15
CNS:SNB-19	magnitude_g1.00	EX_amp_e	0.0	0.0	0.0	3.9708011901084895e-10	3.0830804575998627e-10	True	True	4.611268395786186e-15
CNS:SNB-19	magnitude_g1.00	EX_anth_e	0.0	0.0	0.0	1.9353815449844587e-09	1.935034838668813e-09	True	True	4.611268395786186e-15
CNS:SNB-19	magnitude_g1.00	EX_arg__L_e	-1.1802492389233221	-1.180249238923323	8.881784197001252e-16	9.744618867379984e-08	9.74285494503846e-08	True	True	4.611268395786186e-15
CNS:SNB-19	magnitude_g1.00	EX_asn__L_e	-10.0	-10.0	0.0	1.736870860469253e-07	1.7362247817231946e-07	True	True	4.611268395786186e-15
CNS:SNB-19	magnitude_g1.00	EX_asp__L_e	-2.126390196894435	-2.1263901968942944	1.4077627952246985e-13	1.2904391244461522e-07	1.2901471091453232e-07	True	True	4.611268395786186e-15
CNS:SNB-19	magnitude_g1.00	EX_bilirub_e	0.0	-0.0	0.0	2.2367749375372236e-10	2.2342790244196791e-10	True	True	4.611268395786186e-15
CNS:SNB-19	magnitude_g1.00	EX_cala_e	0.0	-0.0	0.0	1.2025137050514271e-09	1.2022392760009979e-09	True	True	4.611268395786186e-15
CNS:SNB-19	magnitude_g1.00	EX_chol_e	-2.259569854793136	-2.2595698547931407	4.440892098500626e-15	6.091114768125294e-08	6.089373982831603e-08	True	True	4.611268395786186e-15
CNS:SNB-19	magnitude_g1.00	EX_cholp_e	0.0	0.0	0.0	3.189910604366156e-09	3.1899149988134923e-09	True	True	4.611268395786186e-15
CNS:SNB-19	magnitude_g1.00	EX_cit_e	0.0	0.0	0.0	5.232648456904287e-08	5.231782426109906e-08	True	True	4.611268395786186e-15
CNS:SNB-19	magnitude_g1.00	EX_citr__L_e	0.0	-0.0	0.0	1.6402809869940166e-08	1.6399491542529177e-08	True	True	4.611268395786186e-15
CNS:SNB-19	magnitude_g1.00	EX_cmp_e	0.0	0.0	0.0	7.43493784234771e-10	0.0	True	True	4.611268395786186e-15
CNS:SNB-19	magnitude_g1.00	EX_crn_e	-1.5884624574181584e-15	0.0	1.5884624574181584e-15	2.1652769637585655e-07	2.164720243058582e-07	True	True	4.611268395786186e-15
CNS:SNB-19	magnitude_g1.00	EX_cyst__L_e	0.0	0.0	0.0	1.464085081613172e-09	1.4636691858527229e-09	True	True	4.611268395786186e-15
CNS:SNB-19	magnitude_g1.00	EX_cytd_e	0.0	0.0	0.0	7.353150942501292e-10	7.199596474549708e-10	True	True	4.611268395786186e-15
CNS:SNB-19	magnitude_g1.00	EX_dad_2_e	0.0	0.0	0.0	4.1914096317435373e-10	3.65719926564978e-10	True	True	4.611268395786186e-15
CNS:SNB-19	magnitude_g1.00	EX_dcmp_e	0.0	0.0	0.0	6.20582184646583e-10	6.203846325547602e-10	True	True	4.611268395786186e-15
CNS:SNB-19	magnitude_g1.00	EX_dcyt_e	0.0	0.0	0.0	7.32667986672995e-10	7.325262341151273e-10	True	True	4.611268395786186e-15
CNS:SNB-19	magnitude_g1.00	EX_dhap_e	0.0	0.0	0.0	2.080425440168524e-09	2.079744376715098e-09	True	True	4.611268395786186e-15
CNS:SNB-19	magnitude_g1.00	EX_dmgly_e	0.0	0.0	0.0	1.7806377586068183e-09	1.7801443936704685e-09	True	True	4.611268395786186e-15
CNS:SNB-19	magnitude_g1.00	EX_duri_e	0.0	0.0	0.0	7.367629569418786e-10	7.257175971275842e-10	True	True	4.611268395786186e-15
CNS:SNB-19	magnitude_g1.00	EX_ethamp_e	0.0	0.0	0.0	1.2471971614036952e-08	1.2470643406814474e-08	True	True	4.611268395786186e-15
CNS:SNB-19	magnitude_g1.00	EX_fol_e	0.0	-0.0	0.0	5.180634344841531e-08	5.1800394196277466e-08	True	True	4.611268395786186e-15
CNS:SNB-19	magnitude_g1.00	EX_fum_e	16.183888144256695	16.183888144352327	9.563194680595188e-11	2.631583377876723e-06	2.631179615519841e-06	True	True	4.611268395786186e-15
CNS:SNB-19	magnitude_g1.00	EX_g3pc_e	0.0	0.0	0.0	2.1298372355157136e-09	2.1293471430539057e-09	True	True	4.611268395786186e-15
CNS:SNB-19	magnitude_g1.00	EX_glc__D_e	-10.0	-10.0	0.0	2.815601973793491e-09	2.8145681341129603e-09	True	True	4.611268395786186e-15
CNS:SNB-19	magnitude_g1.00	EX_glcur_e	0.0	0.0	0.0	2.403892014645409e-09	2.0521238042192635e-09	True	True	4.611268395786186e-15
CNS:SNB-19	magnitude_g1.00	EX_gln__L_e	-10.0	-10.0	0.0	7.202512186665899e-08	7.200342011515204e-08	True	True	4.611268395786186e-15
CNS:SNB-19	magnitude_g1.00	EX_glu__L_e	-10.0	-10.0	0.0	4.445854173695807e-08	4.4459319781253726e-08	True	True	4.611268395786186e-15
CNS:SNB-19	magnitude_g1.00	EX_gly_e	-6.440750486579894	-6.440750488247128	1.6672334623990537e-09	4.3514468366367964e-06	4.351440308525412e-06	True	True	4.611268395786186e-15
CNS:SNB-19	magnitude_g1.00	EX_glyald_e	0.0	0.0	0.0	4.9462879957663615e-09	4.94560659092258e-09	True	True	4.611268395786186e-15
CNS:SNB-19	magnitude_g1.00	EX_glyb_e	0.0	0.0	0.0	1.3075484911339225e-08	1.3071128794724e-08	True	True	4.611268395786186e-15
CNS:SNB-19	magnitude_g1.00	EX_glyc3p_e	0.0	0.0	0.0	2.0342583155436355e-09	2.0337631578826176e-09	True	True	4.611268395786186e-15
CNS:SNB-19	magnitude_g1.00	EX_gmp_e	0.0	-0.0	0.0	4.3284312168904886e-10	0.0	True	True	4.611268395786186e-15
CNS:SNB-19	magnitude_g1.00	EX_gthox_e	0.0	-0.0	0.0	3.6911821205904514e-09	3.6905056788327784e-09	True	True	4.611268395786186e-15
CNS:SNB-19	magnitude_g1.00	EX_hcys__L_e	0.0	0.0	0.0	2.009172307254675e-09	2.0085408891645784e-09	True	True	4.611268395786186e-15
CNS:SNB-19	magnitude_g1.00	EX_hom__L_e	0.0	-0.0	0.0	0.0	0.0	True	True	4.611268395786186e-15
CNS:SNB-19	magnitude_g1.00	EX_hxan_e	0.0	0.0	0.0	5.504591173166873e-10	5.503872912981933e-10	True	True	4.611268395786186e-15
CNS:SNB-19	magnitude_g1.00	EX_icit_e	0.0	-0.0	0.0	3.4068379010016485e-08	3.406117299320499e-08	True	True	4.611268395786186e-15
CNS:SNB-19	magnitude_g1.00	EX_ile__L_e	-0.9398300444600184	-0.9398300444600189	5.551115123125783e-16	6.278194686348826e-08	6.277355035777532e-08	True	True	4.611268395786186e-15
CNS:SNB-19	magnitude_g1.00	EX_imp_e	0.0	0.0	0.0	4.220250086996053e-10	4.218947413647811e-10	True	True	4.611268395786186e-15
CNS:SNB-19	magnitude_g1.00	EX_ins_e	0.0	0.0	0.0	4.2203449197286995e-10	4.193753955217261e-10	True	True	4.611268395786186e-15
CNS:SNB-19	magnitude_g1.00	EX_lac__L_e	11.058772080916109	11.058772081245385	3.2927616189226683e-10	1.0249677785623135e-05	1.0249249566385288e-05	False	False	4.611268395786186e-15
CNS:SNB-19	magnitude_g1.00	EX_lcts_e	0.0	0.0	0.0	7.586321817249447e-10	7.071475066931385e-10	True	True	4.611268395786186e-15
CNS:SNB-19	magnitude_g1.00	EX_leu__L_e	-1.7922337326704476	-1.7922337326704487	1.1102230246251565e-15	5.747544062906229e-08	5.74645215856151e-08	True	True	4.611268395786186e-15
CNS:SNB-19	magnitude_g1.00	EX_lys__L_e	-1.945226570884162	-1.9452265708841634	1.3322676295501878e-15	1.434633873920177e-07	1.4341483267621413e-07	True	True	4.611268395786186e-15
CNS:SNB-19	magnitude_g1.00	EX_mal__L_e	0.0	-0.0	0.0	8.642729058699504e-08	8.640611781629559e-08	True	True	4.611268395786186e-15
CNS:SNB-19	magnitude_g1.00	EX_met__L_e	-4.271588377036411	-4.271588376776482	2.5992896723892045e-10	1.0838328780238271e-05	1.0838331007789748e-05	False	False	4.611268395786186e-15
CNS:SNB-19	magnitude_g1.00	EX_nac_e	6.121074267216385e-15	-0.0	6.121074267216385e-15	9.402873626285453e-09	9.401375011819368e-09	True	True	4.611268395786186e-15
CNS:SNB-19	magnitude_g1.00	EX_ncam_e	0.0	0.0	0.0	6.344103730888828e-08	6.341879910110038e-08	True	True	4.611268395786186e-15
CNS:SNB-19	magnitude_g1.00	EX_nicrnt_e	0.0	0.0	0.0	1.0537130653581524e-09	1.0534541017293009e-09	True	True	4.611268395786186e-15
CNS:SNB-19	magnitude_g1.00	EX_orn_e	0.0	0.0	0.0	5.966748925726987e-08	5.9648186834238e-08	True	True	4.611268395786186e-15
CNS:SNB-19	magnitude_g1.00	EX_orot5p_e	0.0	0.0	0.0	6.347365637429259e-10	6.345814984598519e-10	True	True	4.611268395786186e-15
CNS:SNB-19	magnitude_g1.00	EX_orot_e	0.0	0.0	0.0	1.4534071669145583e-09	1.4530175951321667e-09	True	True	4.611268395786186e-15
CNS:SNB-19	magnitude_g1.00	EX_oxa_e	0.0	-0.0	0.0	3.271825647728715e-09	3.2709315256340687e-09	True	True	4.611268395786186e-15
CNS:SNB-19	magnitude_g1.00	EX_pep_e	0.0	0.0	0.0	3.8601432621223746e-09	3.859599140287884e-09	True	True	4.611268395786186e-15
CNS:SNB-19	magnitude_g1.00	EX_phe__L_e	-0.8524036882104289	-0.8524036882104296	6.661338147750939e-16	5.5469652759931876e-08	5.5455827929762336e-08	True	True	4.611268395786186e-15
CNS:SNB-19	magnitude_g1.00	EX_pnto__R_e	0.0	-0.0	0.0	4.750714688232277e-08	4.748920192761999e-08	True	True	4.611268395786186e-15
CNS:SNB-19	magnitude_g1.00	EX_pro__L_e	-1.3551019514225007	-1.3551019514225018	1.1102230246251565e-15	1.1815673195414433e-07	1.1813584799291732e-07	True	True	4.611268395786186e-15
CNS:SNB-19	magnitude_g1.00	EX_quln_e	0.0	0.0	0.0	7.472049200277951e-10	6.81338519154427e-10	True	True	4.611268395786186e-15
CNS:SNB-19	magnitude_g1.00	EX_sbt__D_e	0.0	0.0	0.0	0.0	0.0	True	True	4.611268395786186e-15
CNS:SNB-19	magnitude_g1.00	EX_ser__L_e	-10.0	-10.0	0.0	5.830257165939656e-09	5.828429294751913e-09	True	True	4.611268395786186e-15
CNS:SNB-19	magnitude_g1.00	EX_spmd_e	0.0	0.0	0.0	7.064882067354898e-10	5.907962646548089e-10	True	True	4.611268395786186e-15
CNS:SNB-19	magnitude_g1.00	EX_sprm_e	0.0	0.0	0.0	3.633809402811987e-10	2.9989594765255807e-10	True	True	4.611268395786186e-15
CNS:SNB-19	magnitude_g1.00	EX_srtn_e	0.0	-0.0	0.0	2.0096034607919835e-09	2.0088553043251522e-09	True	True	4.611268395786186e-15
CNS:SNB-19	magnitude_g1.00	EX_succ_e	15.014100599346687	15.014100609137392	9.790705135515054e-09	2.4231345072678323e-06	2.4228635719936165e-06	True	True	4.611268395786186e-15
CNS:SNB-19	magnitude_g1.00	EX_sucr_e	0.0	0.0	0.0	3.171742156725926e-26	0.0	True	True	4.611268395786186e-15
CNS:SNB-19	magnitude_g1.00	EX_taur_e	0.0	0.0	0.0	1.720481732624091e-09	1.7198864554757165e-09	True	True	4.611268395786186e-15
CNS:SNB-19	magnitude_g1.00	EX_tchola_e	0.0	0.0	0.0	7.047129716975227e-10	3.667013680428699e-10	True	True	4.611268395786186e-15
CNS:SNB-19	magnitude_g1.00	EX_thr__L_e	-1.0272564007096077	-1.0272564007096083	6.661338147750939e-16	6.278774367096673e-08	6.276929287452049e-08	True	True	4.611268395786186e-15
CNS:SNB-19	magnitude_g1.00	EX_thym_e	0.0	0.0	0.0	9.112362369877723e-10	9.109573650967207e-10	True	True	4.611268395786186e-15
CNS:SNB-19	magnitude_g1.00	EX_thymd_e	0.0	0.0	0.0	6.220914644470821e-10	6.101488689291834e-10	True	True	4.611268395786186e-15
CNS:SNB-19	magnitude_g1.00	EX_trp__L_e	-0.04371317812479465	-0.04371317812479468	2.7755575615628914e-17	5.542668776031823e-08	5.5414633451378315e-08	True	True	4.611268395786186e-15
CNS:SNB-19	magnitude_g1.00	EX_tyr__L_e	-0.5245548522744692	-0.5245548522744695	3.3306690738754696e-16	5.770420774542373e-08	5.768751376589165e-08	True	True	4.611268395786186e-15
CNS:SNB-19	magnitude_g1.00	EX_ump_e	0.0	0.0	0.0	4.633091673885487e-10	4.6318598956318624e-10	True	True	4.611268395786186e-15
CNS:SNB-19	magnitude_g1.00	EX_ura_e	0.0	0.0	0.0	1.2738011663295057e-09	1.2736089405329665e-09	True	True	4.611268395786186e-15
CNS:SNB-19	magnitude_g1.00	EX_urate_e	0.0	-0.0	0.0	5.981608341441885e-10	5.263714741854386e-10	True	True	4.611268395786186e-15
CNS:SNB-19	magnitude_g1.00	EX_uri_e	0.0	0.0	0.0	7.376210277928793e-10	7.374939547943882e-10	True	True	4.611268395786186e-15
CNS:SNB-19	magnitude_g1.00	EX_val__L_e	-1.1583926673122606	-1.1583926498609256	1.7451335043716654e-08	5.5429297152187473e-08	5.541198921932278e-08	True	True	4.611268395786186e-15
CNS:SNB-19	magnitude_g1.00	EX_xan_e	0.0	0.0	0.0	5.56995005822397e-10	5.404025837929538e-10	True	True	4.611268395786186e-15
CNS:SNB-19	magnitude_g1.00	EX_xmp_e	0.0	0.0	0.0	4.2538765423617327e-10	4.1505004988451333e-10	True	True	4.611268395786186e-15
CNS:SNB-19	magnitude_g1.00	EX_xtsn_e	0.0	0.0	0.0	4.2287041865088964e-10	4.1285738716645426e-10	True	True	4.611268395786186e-15
LC:A549/ATCC	magnitude_g1.00	EX_2pg_e	0.0	0.0	0.0	2.6047475411036355e-09	2.6046329537621205e-09	True	True	9.723771495075242e-15
LC:A549/ATCC	magnitude_g1.00	EX_34hpp_e	0.0	-0.0	0.0	3.097594193198972e-08	3.098021428282749e-08	True	True	9.723771495075242e-15
LC:A549/ATCC	magnitude_g1.00	EX_3hanthrn_e	0.0	0.0	0.0	8.27995643394246e-10	8.109016006701116e-10	True	True	9.723771495075242e-15
LC:A549/ATCC	magnitude_g1.00	EX_3pg_e	0.0	0.0	0.0	2.6913694792525564e-09	2.691542988486617e-09	True	True	9.723771495075242e-15
LC:A549/ATCC	magnitude_g1.00	EX_4abut_e	0.0	-0.0	0.0	1.3377003591926687e-08	1.3374781884310166e-08	True	True	9.723771495075242e-15
LC:A549/ATCC	magnitude_g1.00	EX_4hbz_e	0.0	-0.0	0.0	1.7973731246437171e-09	1.6535942309225335e-09	True	True	9.723771495075242e-15
LC:A549/ATCC	magnitude_g1.00	EX_L2aadp_e	0.0	0.0	0.0	4.208599160555846e-09	4.207289959189892e-09	True	True	9.723771495075242e-15
LC:A549/ATCC	magnitude_g1.00	EX_Lkynr_e	0.0	0.0	0.0	1.689018887064688e-09	1.6888944687210028e-09	True	True	9.723771495075242e-15
LC:A549/ATCC	magnitude_g1.00	EX_acac_e	0.0	0.0	0.0	1.2724279662358168e-07	1.2723039133355485e-07	True	True	9.723771495075242e-15
LC:A549/ATCC	magnitude_g1.00	EX_ade_e	0.0	0.0	0.0	3.779794672540166e-10	3.4629709480074865e-10	True	True	9.723771495075242e-15
LC:A549/ATCC	magnitude_g1.00	EX_adn_e	0.0	0.0	0.0	2.9021022028455527e-10	2.7293289850405245e-10	True	True	9.723771495075242e-15
LC:A549/ATCC	magnitude_g1.00	EX_ahcys_e	0.0	0.0	0.0	2.583007016986814e-10	2.582618563451433e-10	True	True	9.723771495075242e-15
LC:A549/ATCC	magnitude_g1.00	EX_akg_e	0.0	0.0	0.0	4.0651245970629943e-08	4.0654050792454655e-08	True	True	9.723771495075242e-15
LC:A549/ATCC	magnitude_g1.00	EX_ala__L_e	11.429744378866378	11.429744368513308	1.0353069512802904e-08	2.6469859903954784e-07	2.6472402225863334e-07	True	True	9.723771495075242e-15
LC:A549/ATCC	magnitude_g1.00	EX_amp_e	0.0	0.0	0.0	2.908381737196834e-10	2.2786303661473144e-10	True	True	9.723771495075242e-15
LC:A549/ATCC	magnitude_g1.00	EX_anth_e	0.0	0.0	0.0	1.527221061571349e-09	1.5274768117023996e-09	True	True	9.723771495075242e-15
LC:A549/ATCC	magnitude_g1.00	EX_arg__L_e	-1.1802492389233226	-1.180249238923323	4.440892098500626e-16	1.0218191381916597e-07	1.0217741275297954e-07	True	True	9.723771495075242e-15
LC:A549/ATCC	magnitude_g1.00	EX_asn__L_e	-10.0	-10.0	0.0	1.1330398308473377e-07	1.1332708282907333e-07	True	True	9.723771495075242e-15
LC:A549/ATCC	magnitude_g1.00	EX_asp__L_e	-2.1263901968943366	-2.126390196894386	4.929390229335695e-14	8.644638249677428e-08	8.644973492621943e-08	True	True	9.723771495075242e-15
LC:A549/ATCC	magnitude_g1.00	EX_bilirub_e	0.0	-0.0	0.0	1.7274702467395868e-10	1.7236695479909872e-10	True	True	9.723771495075242e-15
LC:A549/ATCC	magnitude_g1.00	EX_cala_e	0.0	-0.0	0.0	8.89325580470255e-10	8.892764302714795e-10	True	True	9.723771495075242e-15
LC:A549/ATCC	magnitude_g1.00	EX_chol_e	-2.259569854793139	-2.25956985479314	1.3322676295501878e-15	5.502108502142278e-08	5.5040695556840546e-08	True	True	9.723771495075242e-15
LC:A549/ATCC	magnitude_g1.00	EX_cholp_e	0.0	0.0	0.0	2.3537932071190995e-09	2.353364614293696e-09	True	True	9.723771495075242e-15
LC:A549/ATCC	magnitude_g1.00	EX_cit_e	0.0	0.0	0.0	6.435665036987324e-08	6.435121235881525e-08	True	True	9.723771495075242e-15
LC:A549/ATCC	magnitude_g1.00	EX_citr__L_e	0.0	-0.0	0.0	1.1764146421120514e-08	1.1763332863345966e-08	True	True	9.723771495075242e-15
LC:A549/ATCC	magnitude_g1.00	EX_cmp_e	0.0	0.0	0.0	5.679388112636968e-10	0.0	True	True	9.723771495075242e-15
LC:A549/ATCC	magnitude_g1.00	EX_crn_e	1.622692578105283e-17	0.0	1.622692578105283e-17	8.053524125673504e-08	8.053128836005286e-08	True	True	9.723771495075242e-15
LC:A549/ATCC	magnitude_g1.00	EX_cyst__L_e	0.0	0.0	0.0	1.0800638729863912e-09	1.0799618976875536e-09	True	True	9.723771495075242e-15
LC:A549/ATCC	magnitude_g1.00	EX_cytd_e	0.0	0.0	0.0	5.601136272725826e-10	5.364650945693938e-10	True	True	9.723771495075242e-15
LC:A549/ATCC	magnitude_g1.00	EX_dad_2_e	0.0	0.0	0.0	3.0263344972648454e-10	2.6965099597653364e-10	True	True	9.723771495075242e-15
LC:A549/ATCC	magnitude_g1.00	EX_dcmp_e	0.0	0.0	0.0	4.616500930976709e-10	4.616694804226995e-10	True	True	9.723771495075242e-15
LC:A549/ATCC	magnitude_g1.00	EX_dcyt_e	0.0	0.0	0.0	5.469926047457146e-10	5.469161235005515e-10	True	True	9.723771495075242e-15
LC:A549/ATCC	magnitude_g1.00	EX_dhap_e	0.0	0.0	0.0	1.526180398072526e-09	1.5260237518077702e-09	True	True	9.723771495075242e-15
LC:A549/ATCC	magnitude_g1.00	EX_dmgly_e	0.0	0.0	0.0	1.33687656703039e-09	1.3370042184137813e-09	True	True	9.723771495075242e-15
LC:A549/ATCC	magnitude_g1.00	EX_duri_e	0.0	0.0	0.0	5.507500463630005e-10	5.413721693159346e-10	True	True	9.723771495075242e-15
LC:A549/ATCC	magnitude_g1.00	EX_ethamp_e	0.0	0.0	0.0	8.671547227709461e-09	8.668640250064641e-09	True	True	9.723771495075242e-15
LC:A549/ATCC	magnitude_g1.00	EX_fol_e	0.0	0.0	0.0	3.7721212903696486e-08	3.771775899015969e-08	True	True	9.723771495075242e-15
LC:A549/ATCC	magnitude_g1.00	EX_fum_e	15.948013486788515	15.948013502318549	1.553003414755949e-08	4.764887187036493e-07	4.764542875790312e-07	True	True	9.723771495075242e-15
LC:A549/ATCC	magnitude_g1.00	EX_g3pc_e	0.0	0.0	0.0	1.5771671348752165e-09	1.5772412265135927e-09	True	True	9.723771495075242e-15
LC:A549/ATCC	magnitude_g1.00	EX_glc__D_e	-10.0	-10.0	0.0	2.0848904824788406e-09	2.0848336390599798e-09	True	True	9.723771495075242e-15
LC:A549/ATCC	magnitude_g1.00	EX_glcur_e	0.0	0.0	0.0	1.6362758316086439e-09	1.6094290344881301e-09	True	True	9.723771495075242e-15
LC:A549/ATCC	magnitude_g1.00	EX_gln__L_e	-10.0	-10.0	0.0	7.422844738869117e-08	7.421916947691898e-08	True	True	9.723771495075242e-15
LC:A549/ATCC	magnitude_g1.00	EX_glu__L_e	-10.0	-10.0	0.0	3.35969474463127e-08	3.3603409832494435e-08	True	True	9.723771495075242e-15
LC:A549/ATCC	magnitude_g1.00	EX_gly_e	-6.755254105199798	-6.755254084493738	2.0706059977726454e-08	4.83898574543673e-07	4.839143512569422e-07	True	True	9.723771495075242e-15
LC:A549/ATCC	magnitude_g1.00	EX_glyald_e	0.0	0.0	0.0	3.665079496086589e-09	3.6653116097795646e-09	True	True	9.723771495075242e-15
LC:A549/ATCC	magnitude_g1.00	EX_glyb_e	0.0	0.0	0.0	1.0062247667247864e-08	1.0062106209968785e-08	True	True	9.723771495075242e-15
LC:A549/ATCC	magnitude_g1.00	EX_glyc3p_e	0.0	0.0	0.0	1.4872004249661213e-09	1.4872367781748608e-09	True	True	9.723771495075242e-15
LC:A549/ATCC	magnitude_g1.00	EX_gmp_e	0.0	-0.0	0.0	3.569049128541336e-10	0.0	True	True	9.723771495075242e-15
LC:A549/ATCC	magnitude_g1.00	EX_gthox_e	0.0	-0.0	0.0	2.9009060137548465e-09	2.900687690043924e-09	True	True	9.723771495075242e-15
LC:A549/ATCC	magnitude_g1.00	EX_hcys__L_e	0.0	0.0	0.0	1.484202999233398e-09	1.484481870761556e-09	True	True	9.723771495075242e-15
LC:A549/ATCC	magnitude_g1.00	EX_hom__L_e	0.0	-0.0	0.0	0.0	0.0	True	True	9.723771495075242e-15
LC:A549/ATCC	magnitude_g1.00	EX_hxan_e	0.0	0.0	0.0	4.829136588090195e-10	4.0752573537972125e-10	True	True	9.723771495075242e-15
LC:A549/ATCC	magnitude_g1.00	EX_icit_e	0.0	-0.0	0.0	2.669842661079735e-08	2.6694586097164574e-08	True	True	9.723771495075242e-15
LC:A549/ATCC	magnitude_g1.00	EX_ile__L_e	-0.9398300444600182	-0.9398300444600189	7.771561172376096e-16	5.350273313275977e-08	5.35027524506404e-08	True	True	9.723771495075242e-15
LC:A549/ATCC	magnitude_g1.00	EX_imp_e	0.0	0.0	0.0	3.1134772272157475e-10	3.114644653301468e-10	True	True	9.723771495075242e-15
LC:A549/ATCC	magnitude_g1.00	EX_ins_e	0.0	0.0	0.0	3.277988943937554e-10	3.096048972750509e-10	True	True	9.723771495075242e-15
LC:A549/ATCC	magnitude_g1.00	EX_lac__L_e	10.98014255312082	10.980142558297825	5.177005490963893e-09	4.912567366233134e-07	4.913824156460578e-07	True	True	9.723771495075242e-15
LC:A549/ATCC	magnitude_g1.00	EX_lcts_e	0.0	0.0	0.0	6.4912939627013e-10	5.222178675707244e-10	True	True	9.723771495075242e-15
LC:A549/ATCC	magnitude_g1.00	EX_leu__L_e	-1.7922337326704476	-1.7922337326704487	1.1102230246251565e-15	4.4852580094456584e-08	4.485074489579688e-08	True	True	9.723771495075242e-15
LC:A549/ATCC	magnitude_g1.00	EX_lys__L_e	-1.9452265708841618	-1.9452265708841634	1.5543122344752192e-15	1.511806895226897e-07	1.5119571727950643e-07	True	True	9.723771495075242e-15
LC:A549/ATCC	magnitude_g1.00	EX_mal__L_e	0.0	-0.0	0.0	5.665832481653255e-08	5.6645774293428985e-08	True	True	9.723771495075242e-15
LC:A549/ATCC	magnitude_g1.00	EX_met__L_e	-3.5639546832701154	-3.563954773195225	8.992510958094613e-08	1.0889514556744473e-06	1.088869743703924e-06	True	True	9.723771495075242e-15
LC:A549/ATCC	magnitude_g1.00	EX_nac_e	3.3298036876691053e-15	-0.0	3.3298036876691053e-15	6.775131182176178e-09	6.7746217524700114e-09	True	True	9.723771495075242e-15
LC:A549/ATCC	magnitude_g1.00	EX_ncam_e	0.0	0.0	0.0	4.706626091133887e-08	4.7055207138176534e-08	True	True	9.723771495075242e-15
LC:A549/ATCC	magnitude_g1.00	EX_nicrnt_e	0.0	0.0	0.0	7.802696845068877e-10	7.801794765782688e-10	True	True	9.723771495075242e-15
LC:A549/ATCC	magnitude_g1.00	EX_orn_e	0.0	0.0	0.0	3.7140128016544864e-08	3.714238947858495e-08	True	True	9.723771495075242e-15
LC:A549/ATCC	magnitude_g1.00	EX_orot5p_e	0.0	0.0	0.0	4.810605809124606e-10	4.719827306765012e-10	True	True	9.723771495075242e-15
LC:A549/ATCC	magnitude_g1.00	EX_orot_e	0.0	0.0	0.0	1.0847911156059342e-09	1.0848592024714776e-09	True	True	9.723771495075242e-15
LC:A549/ATCC	magnitude_g1.00	EX_oxa_e	0.0	0.0	0.0	2.4779390758737425e-09	2.478229171685636e-09	True	True	9.723771495075242e-15
LC:A549/ATCC	magnitude_g1.00	EX_pep_e	0.0	0.0	0.0	2.833817806489034e-09	2.8335627733078184e-09	True	True	9.723771495075242e-15
LC:A549/ATCC	magnitude_g1.00	EX_phe__L_e	-0.8524036882104289	-0.8524036882104296	6.661338147750939e-16	4.625043703576637e-08	4.6257120800419216e-08	True	True	9.723771495075242e-15
LC:A549/ATCC	magnitude_g1.00	EX_pnto__R_e	0.0	0.0	0.0	3.2718086214633096e-08	3.272309972691414e-08	True	True	9.723771495075242e-15
LC:A549/ATCC	magnitude_g1.00	EX_pro__L_e	-1.3551019514225007	-1.3551019514225018	1.1102230246251565e-15	1.0384526305529107e-07	1.0384769333349197e-07	True	True	9.723771495075242e-15
LC:A549/ATCC	magnitude_g1.00	EX_quln_e	0.0	0.0	0.0	5.38925543328889e-10	5.390081652892114e-10	True	True	9.723771495075242e-15
LC:A549/ATCC	magnitude_g1.00	EX_sbt__D_e	0.0	0.0	0.0	0.0	0.0	True	True	9.723771495075242e-15
LC:A549/ATCC	magnitude_g1.00	EX_ser__L_e	-10.0	-10.0	0.0	4.229979921888116e-09	4.230489736301024e-09	True	True	9.723771495075242e-15
LC:A549/ATCC	magnitude_g1.00	EX_spmd_e	0.0	0.0	0.0	4.6433685198776423e-10	4.4455886180684577e-10	True	True	9.723771495075242e-15
LC:A549/ATCC	magnitude_g1.00	EX_sprm_e	0.0	0.0	0.0	2.382972878825393e-10	2.2601009011870488e-10	True	True	9.723771495075242e-15
LC:A549/ATCC	magnitude_g1.00	EX_srtn_e	0.0	0.0	0.0	1.5896496659227605e-09	1.5894467964017167e-09	True	True	9.723771495075242e-15
LC:A549/ATCC	magnitude_g1.00	EX_succ_e	14.85684867582716	14.856848686180625	1.035346386402125e-08	4.748142252708476e-07	4.748656579067756e-07	True	True	9.723771495075242e-15
LC:A549/ATCC	magnitude_g1.00	EX_sucr_e	0.0	0.0	0.0	0.0	0.0	True	True	9.723771495075242e-15
LC:A549/ATCC	magnitude_g1.00	EX_taur_e	0.0	0.0	0.0	1.3391596269220555e-09	1.3391094899617428e-09	True	True	9.723771495075242e-15
LC:A549/ATCC	magnitude_g1.00	EX_tchola_e	0.0	0.0	0.0	5.298604152250253e-10	2.8515177523406925e-10	True	True	9.723771495075242e-15
LC:A549/ATCC	magnitude_g1.00	EX_thr__L_e	-1.0272564007096079	-1.0272564007096083	4.440892098500626e-16	5.34920852057752e-08	5.3499603414053354e-08	True	True	9.723771495075242e-15
LC:A549/ATCC	magnitude_g1.00	EX_thym_e	0.0	0.0	0.0	6.824080960503536e-10	6.822575282505738e-10	True	True	9.723771495075242e-15
LC:A549/ATCC	magnitude_g1.00	EX_thymd_e	0.0	0.0	0.0	4.6347888460521247e-10	4.5487293792723094e-10	True	True	9.723771495075242e-15
LC:A549/ATCC	magnitude_g1.00	EX_trp__L_e	-0.04371319979227079	-0.04371317812479468	2.166747611193065e-08	4.333730213579301e-08	4.3334500786362806e-08	True	True	9.723771495075242e-15
LC:A549/ATCC	magnitude_g1.00	EX_tyr__L_e	-0.5245548522744691	-0.5245548522744695	4.440892098500626e-16	4.5893067346369776e-08	4.588852020592782e-08	True	True	9.723771495075242e-15
LC:A549/ATCC	magnitude_g1.00	EX_ump_e	0.0	0.0	0.0	3.4819318363115406e-10	3.435212669877785e-10	True	True	9.723771495075242e-15
LC:A549/ATCC	magnitude_g1.00	EX_ura_e	0.0	0.0	0.0	9.569248344691504e-10	9.569320336133558e-10	True	True	9.723771495075242e-15
LC:A549/ATCC	magnitude_g1.00	EX_urate_e	0.0	-0.0	0.0	4.3716008005875124e-10	3.888208643942903e-10	True	True	9.723771495075242e-15
LC:A549/ATCC	magnitude_g1.00	EX_uri_e	0.0	0.0	0.0	5.497586185627957e-10	5.497505228824195e-10	True	True	9.723771495075242e-15
LC:A549/ATCC	magnitude_g1.00	EX_val__L_e	-1.1583926931958772	-1.1583926498609256	4.3334951627116425e-08	4.3335617982975805e-08	4.333294545411093e-08	True	True	9.723771495075242e-15
LC:A549/ATCC	magnitude_g1.00	EX_xan_e	0.0	0.0	0.0	4.270057285512272e-10	3.9962577691454726e-10	True	True	9.723771495075242e-15
LC:A549/ATCC	magnitude_g1.00	EX_xmp_e	0.0	0.0	0.0	3.2660259016741903e-10	3.06208475242542e-10	True	True	9.723771495075242e-15
LC:A549/ATCC	magnitude_g1.00	EX_xtsn_e	0.0	0.0	0.0	3.2450814140315545e-10	3.047185836990707e-10	True	True	9.723771495075242e-15
LE:K-562	magnitude_g1.00	EX_2pg_e	0.0	0.0	0.0	8.43125724474888e-10	8.432721188000869e-10	True	True	1.1559729062392865e-15
LE:K-562	magnitude_g1.00	EX_34hpp_e	0.0	-0.0	0.0	1.0745714308827409e-08	1.075233413416754e-08	True	True	1.1559729062392865e-15
LE:K-562	magnitude_g1.00	EX_3hanthrn_e	0.0	0.0	0.0	7.787794283748024e-10	2.6794000954988217e-10	True	True	1.1559729062392865e-15
LE:K-562	magnitude_g1.00	EX_3pg_e	0.0	0.0	0.0	8.741719917626086e-10	8.744223123358097e-10	True	True	1.1559729062392865e-15
LE:K-562	magnitude_g1.00	EX_4abut_e	0.0	-0.0	0.0	3.822294508207257e-09	3.8211133799587105e-09	True	True	1.1559729062392865e-15
LE:K-562	magnitude_g1.00	EX_4hbz_e	0.0	-0.0	0.0	7.056704320373829e-10	5.294138460953945e-10	True	True	1.1559729062392865e-15
LE:K-562	magnitude_g1.00	EX_L2aadp_e	0.0	-0.0	0.0	1.3607594789617356e-09	1.3615049184685947e-09	True	True	1.1559729062392865e-15
LE:K-562	magnitude_g1.00	EX_Lkynr_e	0.0	0.0	0.0	5.792132854772383e-10	5.553076268831682e-10	True	True	1.1559729062392865e-15
LE:K-562	magnitude_g1.00	EX_acac_e	0.02869933865770579	0.028699348608019915	9.950314124734794e-09	3.690219173464737e-07	3.6921846421900106e-07	True	True	1.1559729062392865e-15
LE:K-562	magnitude_g1.00	EX_ade_e	0.0	0.0	0.0	1.3219999246965812e-10	1.124349502390487e-10	True	True	1.1559729062392865e-15
LE:K-562	magnitude_g1.00	EX_adn_e	0.0	0.0	0.0	1.0069961147354482e-10	8.892087066669774e-11	True	True	1.1559729062392865e-15
LE:K-562	magnitude_g1.00	EX_ahcys_e	0.0	0.0	0.0	8.459506248508104e-11	8.37152569488353e-11	True	True	1.1559729062392865e-15
LE:K-562	magnitude_g1.00	EX_akg_e	0.0	0.0	0.0	9.672929186355835e-09	9.67274971230836e-09	True	True	1.1559729062392865e-15
LE:K-562	magnitude_g1.00	EX_ala__L_e	11.272491732188538	11.272491732188602	6.394884621840902e-14	5.81266430543792e-08	5.8166737204601304e-08	True	True	1.1559729062392865e-15
LE:K-562	magnitude_g1.00	EX_amp_e	0.0	0.0	0.0	1.0147597591986876e-10	7.413181180027095e-11	True	True	1.1559729062392865e-15
LE:K-562	magnitude_g1.00	EX_anth_e	0.0	0.0	0.0	4.942364788455622e-10	4.945863092409296e-10	True	True	1.1559729062392865e-15
LE:K-562	magnitude_g1.00	EX_arg__L_e	-1.1802492389233221	-1.180249238923323	8.881784197001252e-16	2.404178967019277e-08	2.4050788693941172e-08	True	True	1.1559729062392865e-15
LE:K-562	magnitude_g1.00	EX_asn__L_e	-10.0	-10.0	0.0	3.701183359794413e-08	3.705769202611009e-08	True	True	1.1559729062392865e-15
LE:K-562	magnitude_g1.00	EX_asp__L_e	-2.126390196894444	-2.126390196894384	5.995204332975845e-14	2.5711339723955007e-08	2.5729773867055883e-08	True	True	1.1559729062392865e-15
LE:K-562	magnitude_g1.00	EX_bilirub_e	0.0	-0.0	0.0	5.714814772229826e-11	5.686990272641362e-11	True	True	1.1559729062392865e-15
LE:K-562	magnitude_g1.00	EX_cala_e	0.0	0.0	0.0	2.891526456308925e-10	2.7607666153173227e-10	True	True	1.1559729062392865e-15
LE:K-562	magnitude_g1.00	EX_chol_e	-2.259569854793139	-2.25956985479314	1.3322676295501878e-15	1.4491887689871419e-08	1.4493055644493325e-08	True	True	1.1559729062392865e-15
LE:K-562	magnitude_g1.00	EX_cholp_e	0.0	0.0	0.0	7.492431554372641e-10	7.494742604308158e-10	True	True	1.1559729062392865e-15
LE:K-562	magnitude_g1.00	EX_cit_e	0.0	0.0	0.0	1.5079133299648107e-08	1.5089275606783303e-08	True	True	1.1559729062392865e-15
LE:K-562	magnitude_g1.00	EX_citr__L_e	0.0	-0.0	0.0	3.821857869772517e-09	3.825340211260908e-09	True	True	1.1559729062392865e-15
LE:K-562	magnitude_g1.00	EX_cmp_e	0.0	0.0	0.0	1.8172175689531605e-10	0.0	True	True	1.1559729062392865e-15
LE:K-562	magnitude_g1.00	EX_crn_e	0.0	0.0	0.0	1.2569319843959682e-08	1.2581652275578392e-08	True	True	1.1559729062392865e-15
LE:K-562	magnitude_g1.00	EX_cyst__L_e	0.0	0.0	0.0	3.510327349787991e-10	3.511440027637036e-10	True	True	1.1559729062392865e-15
LE:K-562	magnitude_g1.00	EX_cytd_e	0.0	0.0	0.0	1.7940096799548094e-10	1.7205237234918513e-10	True	True	1.1559729062392865e-15
LE:K-562	magnitude_g1.00	EX_dad_2_e	0.0	0.0	0.0	1.0082672258091295e-10	8.78103145751652e-11	True	True	1.1559729062392865e-15
LE:K-562	magnitude_g1.00	EX_dcmp_e	0.0	0.0	0.0	1.4867476112438306e-10	1.4862991393194136e-10	True	True	1.1559729062392865e-15
LE:K-562	magnitude_g1.00	EX_dcyt_e	0.0	0.0	0.0	1.7672764822782085e-10	1.768891699782671e-10	True	True	1.1559729062392865e-15
LE:K-562	magnitude_g1.00	EX_dhap_e	0.0	0.0	0.0	4.959068032744016e-10	4.962110722317448e-10	True	True	1.1559729062392865e-15
LE:K-562	magnitude_g1.00	EX_dmgly_e	0.0	0.0	0.0	5.052026999113512e-10	4.590896521999135e-10	True	True	1.1559729062392865e-15
LE:K-562	magnitude_g1.00	EX_duri_e	0.0	0.0	0.0	1.8177183437930304e-10	1.7499879323423784e-10	True	True	1.1559729062392865e-15
LE:K-562	magnitude_g1.00	EX_ethamp_e	0.0	0.0	0.0	1.7504380681458115e-09	1.750855349591518e-09	True	True	1.1559729062392865e-15
LE:K-562	magnitude_g1.00	EX_fol_e	0.0	-0.0	0.0	1.1906290355148647e-08	1.1914939553510825e-08	True	True	1.1559729062392865e-15
LE:K-562	magnitude_g1.00	EX_fum_e	16.19824212613478	16.19824213110956	4.97477969929605e-09	1.7909792759951415e-07	1.791935915207432e-07	True	True	1.1559729062392865e-15
LE:K-562	magnitude_g1.00	EX_g3pc_e	0.0	0.0	0.0	5.440626076464057e-10	5.081302045795155e-10	True	True	1.1559729062392865e-15
LE:K-562	magnitude_g1.00	EX_glc__D_e	-10.0	-10.0	0.0	6.861302637162225e-10	6.862101997739956e-10	True	True	1.1559729062392865e-15
LE:K-562	magnitude_g1.00	EX_glcur_e	0.0	0.0	0.0	5.506220104744694e-10	5.455653706576413e-10	True	True	1.1559729062392865e-15
LE:K-562	magnitude_g1.00	EX_gln__L_e	-10.0	-10.0	0.0	1.7151585041119688e-08	1.7161895016215567e-08	True	True	1.1559729062392865e-15
LE:K-562	magnitude_g1.00	EX_glu__L_e	-10.0	-10.0	0.0	1.053564702147014e-08	1.0538702355233909e-08	True	True	1.1559729062392865e-15
LE:K-562	magnitude_g1.00	EX_gly_e	-6.4407488118442835	-6.440748811844318	3.4638958368304884e-14	4.7372370026721455e-08	4.737694148104765e-08	True	True	1.1559729062392865e-15
LE:K-562	magnitude_g1.00	EX_glyald_e	0.0	0.0	0.0	1.1951717982940797e-09	1.1964065294023385e-09	True	True	1.1559729062392865e-15
LE:K-562	magnitude_g1.00	EX_glyb_e	0.0	0.0	0.0	2.7559248222169604e-09	2.7567534464983297e-09	True	True	1.1559729062392865e-15
LE:K-562	magnitude_g1.00	EX_glyc3p_e	0.0	0.0	0.0	5.160692819140584e-10	4.83806328333003e-10	True	True	1.1559729062392865e-15
LE:K-562	magnitude_g1.00	EX_gmp_e	0.0	-0.0	0.0	1.03326982540432e-10	0.0	True	True	1.1559729062392865e-15
LE:K-562	magnitude_g1.00	EX_gthox_e	0.0	-0.0	0.0	9.348740808249533e-10	9.227143493717449e-10	True	True	1.1559729062392865e-15
LE:K-562	magnitude_g1.00	EX_hcys__L_e	0.0	0.0	0.0	4.724503629648204e-10	4.676792286772979e-10	True	True	1.1559729062392865e-15
LE:K-562	magnitude_g1.00	EX_hom__L_e	0.0	-0.0	0.0	0.0	0.0	True	True	1.1559729062392865e-15
LE:K-562	magnitude_g1.00	EX_hxan_e	0.0	0.0	0.0	1.5874012348988385e-10	1.3264131459855832e-10	True	True	1.1559729062392865e-15
LE:K-562	magnitude_g1.00	EX_icit_e	0.0	-0.0	0.0	9.113294592303046e-09	9.114031307433379e-09	True	True	1.1559729062392865e-15
LE:K-562	magnitude_g1.00	EX_ile__L_e	-0.939830044460018	-0.9398300444600189	8.881784197001252e-16	1.678553174233599e-08	1.6798492152858557e-08	True	True	1.1559729062392865e-15
LE:K-562	magnitude_g1.00	EX_imp_e	0.0	0.0	0.0	1.0173019411763601e-10	1.0175130182865644e-10	True	True	1.1559729062392865e-15
LE:K-562	magnitude_g1.00	EX_ins_e	0.0	0.0	0.0	1.0543181965993992e-10	1.011326855593353e-10	True	True	1.1559729062392865e-15
LE:K-562	magnitude_g1.00	EX_lac__L_e	11.073118545789391	11.073118550764164	4.974772593868693e-09	2.0883922857706239e-07	2.0900181674221585e-07	True	True	1.1559729062392865e-15
LE:K-562	magnitude_g1.00	EX_lcts_e	0.0	0.0	0.0	3.603793003024971e-10	1.6923529244650126e-10	True	True	1.1559729062392865e-15
LE:K-562	magnitude_g1.00	EX_leu__L_e	-1.7922337326704474	-1.7922337326704487	1.3322676295501878e-15	1.4760534128299696e-08	1.4768425371514127e-08	True	True	1.1559729062392865e-15
LE:K-562	magnitude_g1.00	EX_lys__L_e	-1.9452265708841585	-1.9452265708841634	4.884981308350689e-15	3.540154969172704e-08	3.5422304645038594e-08	True	True	1.1559729062392865e-15
LE:K-562	magnitude_g1.00	EX_mal__L_e	0.0	-0.0	0.0	2.098489088598176e-08	2.1003366157401615e-08	True	True	1.1559729062392865e-15
LE:K-562	magnitude_g1.00	EX_met__L_e	-4.2859413059861655	-4.285941310960287	4.9741215590870524e-09	3.1939097588917775e-07	3.1967694447132544e-07	True	True	1.1559729062392865e-15
LE:K-562	magnitude_g1.00	EX_nac_e	0.0	-0.0	0.0	2.270422570318401e-09	2.271046017909839e-09	True	True	1.1559729062392865e-15
LE:K-562	magnitude_g1.00	EX_ncam_e	0.0	0.0	0.0	1.4977633107993705e-08	1.4980540659810988e-08	True	True	1.1559729062392865e-15
LE:K-562	magnitude_g1.00	EX_nicrnt_e	0.0	0.0	0.0	2.530519716266587e-10	2.5328866781748616e-10	True	True	1.1559729062392865e-15
LE:K-562	magnitude_g1.00	EX_orn_e	0.0	-0.0	0.0	1.014810453043816e-08	1.015370328412048e-08	True	True	1.1559729062392865e-15
LE:K-562	magnitude_g1.00	EX_orot5p_e	0.0	0.0	0.0	1.5568944108397288e-10	1.5269269182383027e-10	True	True	1.1559729062392865e-15
LE:K-562	magnitude_g1.00	EX_orot_e	0.0	0.0	0.0	3.4918096553688746e-10	3.49343554084669e-10	True	True	1.1559729062392865e-15
LE:K-562	magnitude_g1.00	EX_oxa_e	0.0	-0.0	0.0	8.02305345729808e-10	8.033507344678824e-10	True	True	1.1559729062392865e-15
LE:K-562	magnitude_g1.00	EX_pep_e	0.0	0.0	0.0	9.082327253479654e-10	9.086840724314982e-10	True	True	1.1559729062392865e-15
LE:K-562	magnitude_g1.00	EX_phe__L_e	-0.852403688210429	-0.8524036882104296	5.551115123125783e-16	2.0099553910135626e-08	2.010894029069732e-08	True	True	1.1559729062392865e-15
LE:K-562	magnitude_g1.00	EX_pnto__R_e	0.0	0.0	0.0	1.1273426064325184e-08	1.1276730660370049e-08	True	True	1.1559729062392865e-15
LE:K-562	magnitude_g1.00	EX_pro__L_e	-1.355101951422501	-1.3551019514225018	8.881784197001252e-16	2.678462140970339e-08	2.6799187535786473e-08	True	True	1.1559729062392865e-15
LE:K-562	magnitude_g1.00	EX_quln_e	0.0	0.0	0.0	1.784319243631188e-10	1.7913385811733438e-10	True	True	1.1559729062392865e-15
LE:K-562	magnitude_g1.00	EX_sbt__D_e	0.0	0.0	0.0	0.0	0.0	True	True	1.1559729062392865e-15
LE:K-562	magnitude_g1.00	EX_ser__L_e	-10.0	-10.0	0.0	1.4571561735010619e-09	1.457795661963246e-09	True	True	1.1559729062392865e-15
LE:K-562	magnitude_g1.00	EX_spmd_e	0.0	0.0	0.0	2.0054616158842508e-10	1.437820102117606e-10	True	True	1.1559729062392865e-15
LE:K-562	magnitude_g1.00	EX_sprm_e	0.0	0.0	0.0	1.0399886785847244e-10	7.313190949906015e-11	True	True	1.1559729062392865e-15
LE:K-562	magnitude_g1.00	EX_srtn_e	0.0	0.0	0.0	5.349429183205534e-10	5.351040389701025e-10	True	True	1.1559729062392865e-15
LE:K-562	magnitude_g1.00	EX_succ_e	15.014101322505597	15.014101322505287	3.1086244689504383e-13	1.2735234555805164e-07	1.2746905220240023e-07	True	True	1.1559729062392865e-15
LE:K-562	magnitude_g1.00	EX_sucr_e	0.0	0.0	0.0	3.517771667001208e-10	0.0	True	True	1.1559729062392865e-15
LE:K-562	magnitude_g1.00	EX_taur_e	0.0	-0.0	0.0	4.5168136725309153e-10	4.488978078143191e-10	True	True	1.1559729062392865e-15
LE:K-562	magnitude_g1.00	EX_tchola_e	0.0	0.0	0.0	2.729493920962065e-10	9.459537593254918e-11	True	True	1.1559729062392865e-15
LE:K-562	magnitude_g1.00	EX_thr__L_e	-1.0272564007096074	-1.0272564007096083	8.881784197001252e-16	1.679247207952983e-08	1.6798286317509792e-08	True	True	1.1559729062392865e-15
LE:K-562	magnitude_g1.00	EX_thym_e	0.0	0.0	0.0	2.1843787934517042e-10	2.1873974853647837e-10	True	True	1.1559729062392865e-15
LE:K-562	magnitude_g1.00	EX_thymd_e	0.0	0.0	0.0	1.505841465811629e-10	1.4786638580233102e-10	True	True	1.1559729062392865e-15
LE:K-562	magnitude_g1.00	EX_trp__L_e	-0.04371317812479465	-0.04371317812479468	2.7755575615628914e-17	1.4762547219382416e-08	1.4768241123064296e-08	True	True	1.1559729062392865e-15
LE:K-562	magnitude_g1.00	EX_tyr__L_e	-0.5245548522744693	-0.5245548522744695	2.220446049250313e-16	1.537227756198689e-08	1.5383514351263727e-08	True	True	1.1559729062392865e-15
LE:K-562	magnitude_g1.00	EX_ump_e	0.0	0.0	0.0	1.8423599229482794e-10	1.1128359345136118e-10	True	True	1.1559729062392865e-15
LE:K-562	magnitude_g1.00	EX_ura_e	0.0	0.0	0.0	3.0137234002192985e-10	3.014838378945228e-10	True	True	1.1559729062392865e-15
LE:K-562	magnitude_g1.00	EX_urate_e	0.0	-0.0	0.0	1.3263947827554083e-10	1.2605971821955109e-10	True	True	1.1559729062392865e-15
LE:K-562	magnitude_g1.00	EX_uri_e	0.0	0.0	0.0	1.779265098318759e-10	1.7790635631342866e-10	True	True	1.1559729062392865e-15
LE:K-562	magnitude_g1.00	EX_val__L_e	-1.1583926646178027	-1.1583926498609256	1.475687705365658e-08	1.4769641731859906e-08	1.476653421761398e-08	True	True	1.1559729062392865e-15
LE:K-562	magnitude_g1.00	EX_xan_e	0.0	0.0	0.0	1.3273064928076012e-10	1.2966647363675614e-10	True	True	1.1559729062392865e-15
LE:K-562	magnitude_g1.00	EX_xmp_e	0.0	0.0	0.0	1.0326509274914892e-10	9.998901706609331e-11	True	True	1.1559729062392865e-15
LE:K-562	magnitude_g1.00	EX_xtsn_e	0.0	0.0	0.0	1.0251009525346011e-10	9.937448086638767e-11	True	True	1.1559729062392865e-15
LC:A549/ATCC	ordinal	EX_2pg_e	0.0	0.0	0.0	5.251900540052411e-10	5.241602707428683e-10	True	True	7.411437035617548e-15
LC:A549/ATCC	ordinal	EX_34hpp_e	0.0	-0.0	0.0	2.256861144515544e-08	2.2588356074493277e-08	True	True	7.411437035617548e-15
LC:A549/ATCC	ordinal	EX_3hanthrn_e	0.0	-0.0	0.0	2.8205028943981925e-10	2.2317081516121107e-10	True	True	7.411437035617548e-15
LC:A549/ATCC	ordinal	EX_3pg_e	0.0	0.0	0.0	5.269965113593745e-10	5.272653424981399e-10	True	True	7.411437035617548e-15
LC:A549/ATCC	ordinal	EX_4abut_e	0.0	-0.0	0.0	1.6126480281162501e-09	1.6110729727414636e-09	True	True	7.411437035617548e-15
LC:A549/ATCC	ordinal	EX_4hbz_e	0.0	-0.0	0.0	5.096794235931302e-10	3.871633212697282e-10	True	True	7.411437035617548e-15
LC:A549/ATCC	ordinal	EX_L2aadp_e	0.0	0.0	0.0	7.213704745537577e-10	7.215249495720689e-10	True	True	7.411437035617548e-15
LC:A549/ATCC	ordinal	EX_Lkynr_e	0.0	-0.0	0.0	4.4259424391161396e-10	4.4368775320435816e-10	True	True	7.411437035617548e-15
LC:A549/ATCC	ordinal	EX_acac_e	0.0	-0.0	0.0	1.847715861232206e-08	1.8470814211468678e-08	True	True	7.411437035617548e-15
LC:A549/ATCC	ordinal	EX_ade_e	0.0	0.0	0.0	8.367391018947695e-11	7.724515256480808e-11	True	True	7.411437035617548e-15
LC:A549/ATCC	ordinal	EX_adn_e	0.0	0.0	0.0	6.138389732011331e-11	5.8117510803867845e-11	True	True	7.411437035617548e-15
LC:A549/ATCC	ordinal	EX_ahcys_e	0.0	0.0	0.0	5.659480154222899e-11	5.588329798911218e-11	True	True	7.411437035617548e-15
LC:A549/ATCC	ordinal	EX_akg_e	0.0	0.0	0.0	6.268229450509997e-09	6.268901842076957e-09	True	True	7.411437035617548e-15
LC:A549/ATCC	ordinal	EX_ala__L_e	13.052117326266496	13.05211732626646	3.552713678800501e-14	3.012144134117989e-08	3.0114316373897054e-08	True	True	7.411437035617548e-15
LC:A549/ATCC	ordinal	EX_amp_e	0.0	0.0	0.0	6.06535552175764e-11	4.867040104272746e-11	True	True	7.411437035617548e-15
LC:A549/ATCC	ordinal	EX_anth_e	0.0	0.0	0.0	4.128997859867903e-10	4.13015850403411e-10	True	True	7.411437035617548e-15
LC:A549/ATCC	ordinal	EX_arg__L_e	-9.999999023629615	-9.999999	2.3629613821185558e-08	0.0002190453320718433	0.00021904492419189125	False	False	7.411437035617548e-15
LC:A549/ATCC	ordinal	EX_asn__L_e	-10.0	-10.0	0.0	2.562878087530862e-08	2.562179446385926e-08	True	True	7.411437035617548e-15
LC:A549/ATCC	ordinal	EX_asp__L_e	-2.1263901968943197	-2.1263901968943575	3.774758283725532e-14	5.092312527210652e-08	5.092942023665614e-08	True	True	7.411437035617548e-15
LC:A549/ATCC	ordinal	EX_bilirub_e	0.0	-0.0	0.0	4.18041474534744e-11	4.176137213818265e-11	True	True	7.411437035617548e-15
LC:A549/ATCC	ordinal	EX_cala_e	0.0	-0.0	0.0	2.0324964153556014e-10	2.0328660498781013e-10	True	True	7.411437035617548e-15
LC:A549/ATCC	ordinal	EX_chol_e	-2.2595698547931393	-2.25956985479314	8.881784197001252e-16	8.900321368798814e-09	8.904609050119916e-09	True	True	7.411437035617548e-15
LC:A549/ATCC	ordinal	EX_cholp_e	0.0	0.0	0.0	5.01449143773756e-10	5.014486603727164e-10	True	True	7.411437035617548e-15
LC:A549/ATCC	ordinal	EX_cit_e	4.9890844043609155	4.989084387908592	1.64523230594682e-08	1.1157775681169824e-06	1.115476763402512e-06	True	True	7.411437035617548e-15
LC:A549/ATCC	ordinal	EX_citr__L_e	0.0	0.0	0.0	2.0622963194488404e-09	2.0622690222182882e-09	True	True	7.411437035617548e-15
LC:A549/ATCC	ordinal	EX_cmp_e	0.0	0.0	0.0	1.2005597546554865e-10	0.0	True	True	7.411437035617548e-15
LC:A549/ATCC	ordinal	EX_crn_e	1.2174011965621068e-17	0.0	1.2174011965621068e-17	1.3570225454449216e-08	1.3577598362571861e-08	True	True	7.411437035617548e-15
LC:A549/ATCC	ordinal	EX_cyst__L_e	0.0	0.0	0.0	2.3571011664546914e-10	2.3575541518994214e-10	True	True	7.411437035617548e-15
LC:A549/ATCC	ordinal	EX_cytd_e	0.0	0.0	0.0	1.1868355147759148e-10	1.1281839351617862e-10	True	True	7.411437035617548e-15
LC:A549/ATCC	ordinal	EX_dad_2_e	0.0	0.0	0.0	6.677686384916044e-11	5.8007598724429954e-11	True	True	7.411437035617548e-15
LC:A549/ATCC	ordinal	EX_dcmp_e	0.0	0.0	0.0	9.902095109211659e-11	9.903716735593093e-11	True	True	7.411437035617548e-15
LC:A549/ATCC	ordinal	EX_dcyt_e	0.0	0.0	0.0	1.1462952291963184e-10	1.146509276406249e-10	True	True	7.411437035617548e-15
LC:A549/ATCC	ordinal	EX_dhap_e	0.0	0.0	0.0	2.8990519575685613e-10	2.900719664467033e-10	True	True	7.411437035617548e-15
LC:A549/ATCC	ordinal	EX_dmgly_e	0.0	0.0	0.0	4.1891748240209836e-10	3.096439771255177e-10	True	True	7.411437035617548e-15
LC:A549/ATCC	ordinal	EX_duri_e	0.0	0.0	0.0	1.20034362068496e-10	1.1430134616574605e-10	True	True	7.411437035617548e-15
LC:A549/ATCC	ordinal	EX_ethamp_e	0.0	-0.0	0.0	6.666745711711901e-09	6.666722507375766e-09	True	True	7.411437035617548e-15
LC:A549/ATCC	ordinal	EX_fol_e	0.0	0.0	0.0	9.040002057126469e-09	9.040773907287304e-09	True	True	7.411437035617548e-15
LC:A549/ATCC	ordinal	EX_fum_e	13.505410372854149	13.505410381080562	8.226413328316085e-09	5.923693109366468e-07	5.923621895220776e-07	True	True	7.411437035617548e-15
LC:A549/ATCC	ordinal	EX_g3pc_e	0.0	0.0	0.0	2.855812801354939e-10	2.858449033027455e-10	True	True	7.411437035617548e-15
LC:A549/ATCC	ordinal	EX_glc__D_e	-10.0	-10.0	0.0	3.1437963343705633e-10	3.1437430436653813e-10	True	True	7.411437035617548e-15
LC:A549/ATCC	ordinal	EX_glcur_e	0.0	0.0	0.0	4.5900361281699053e-10	4.59034921185264e-10	True	True	7.411437035617548e-15
LC:A549/ATCC	ordinal	EX_gln__L_e	-10.0	-10.0	0.0	9.425016322950341e-08	9.426921465660598e-08	True	True	7.411437035617548e-15
LC:A549/ATCC	ordinal	EX_glu__L_e	-10.0	-10.0	0.0	6.4033027769028195e-09	6.404889063560404e-09	True	True	7.411437035617548e-15
LC:A549/ATCC	ordinal	EX_gly_e	-10.0	-10.0	0.0	1.8194493023315772e-08	1.8194580064800903e-08	True	True	7.411437035617548e-15
LC:A549/ATCC	ordinal	EX_glyald_e	0.0	0.0	0.0	6.152953358757279e-10	6.156408716151418e-10	True	True	7.411437035617548e-15
LC:A549/ATCC	ordinal	EX_glyb_e	0.0	0.0	0.0	1.8560664735578374e-09	1.8578337275094833e-09	True	True	7.411437035617548e-15
LC:A549/ATCC	ordinal	EX_glyc3p_e	0.0	0.0	0.0	2.719845207314737e-10	2.717189806489273e-10	True	True	7.411437035617548e-15
LC:A549/ATCC	ordinal	EX_gmp_e	0.0	-0.0	0.0	6.93236801648793e-11	0.0	True	True	7.411437035617548e-15
LC:A549/ATCC	ordinal	EX_gthox_e	0.0	-0.0	0.0	7.34240985823917e-10	7.341061092347445e-10	True	True	7.411437035617548e-15
LC:A549/ATCC	ordinal	EX_hcys__L_e	0.0	0.0	0.0	3.707652156167028e-10	3.708047202621856e-10	True	True	7.411437035617548e-15
LC:A549/ATCC	ordinal	EX_hom__L_e	0.0	-0.0	0.0	0.0	0.0	True	True	7.411437035617548e-15
LC:A549/ATCC	ordinal	EX_hxan_e	0.0	0.0	0.0	1.1105243806428449e-10	9.117201438257894e-11	True	True	7.411437035617548e-15
LC:A549/ATCC	ordinal	EX_icit_e	0.0	-0.0	0.0	7.308061815946135e-09	7.3098123110071356e-09	True	True	7.411437035617548e-15
LC:A549/ATCC	ordinal	EX_ile__L_e	-0.9398300444600183	-0.9398300444600189	6.661338147750939e-16	2.8776168115030032e-08	2.8787127348550712e-08	True	True	7.411437035617548e-15
LC:A549/ATCC	ordinal	EX_imp_e	0.0	0.0	0.0	6.618111833946737e-11	6.621125869799016e-11	True	True	7.411437035617548e-15
LC:A549/ATCC	ordinal	EX_ins_e	0.0	0.0	0.0	6.719780845318532e-11	6.565997745511254e-11	True	True	7.411437035617548e-15
LC:A549/ATCC	ordinal	EX_lac__L_e	16.02518890032638	16.02518890032634	3.907985046680551e-14	1.6584203876846004e-07	1.657827546353019e-07	True	True	7.411437035617548e-15
LC:A549/ATCC	ordinal	EX_lcts_e	0.0	0.0	0.0	1.556219135325524e-10	9.249629977366453e-11	True	True	7.411437035617548e-15
LC:A549/ATCC	ordinal	EX_leu__L_e	-1.7922337326704512	-1.7922337326704474	3.774758283725532e-15	3.9565187126555657e-08	3.9571087739886934e-08	True	True	7.411437035617548e-15
LC:A549/ATCC	ordinal	EX_lys__L_e	-9.999784022567964	-9.99978402562472	3.0567566255967904e-09	0.00021904596958854938	0.00021904380079718067	False	False	7.411437035617548e-15
LC:A549/ATCC	ordinal	EX_mal__L_e	0.0	-0.0	0.0	5.953670457161404e-09	5.9550799846874725e-09	True	True	7.411437035617548e-15
LC:A549/ATCC	ordinal	EX_met__L_e	-4.393379885984149	-4.393379894210516	8.22636714303826e-09	6.137415393681067e-07	6.140159420908731e-07	True	True	7.411437035617548e-15
LC:A549/ATCC	ordinal	EX_nac_e	1.3231036419779912e-16	-0.0	1.3231036419779912e-16	1.1469241195194494e-09	1.1468905825040565e-09	True	True	7.411437035617548e-15
LC:A549/ATCC	ordinal	EX_ncam_e	0.0	0.0	0.0	8.663399087511524e-09	8.661701874264812e-09	True	True	7.411437035617548e-15
LC:A549/ATCC	ordinal	EX_nicrnt_e	0.0	0.0	0.0	1.5169853229125602e-10	1.516201053597399e-10	True	True	7.411437035617548e-15
LC:A549/ATCC	ordinal	EX_orn_e	0.0	0.0	0.0	2.6704851827215553e-09	2.671012373892777e-09	True	True	7.411437035617548e-15
LC:A549/ATCC	ordinal	EX_orot5p_e	0.0	0.0	0.0	1.0113099953272479e-10	9.888051488715632e-11	True	True	7.411437035617548e-15
LC:A549/ATCC	ordinal	EX_orot_e	0.0	0.0	0.0	2.447776462057151e-10	2.4462770698008285e-10	True	True	7.411437035617548e-15
LC:A549/ATCC	ordinal	EX_oxa_e	0.0	0.0	0.0	6.754174986293045e-10	6.402292029861201e-10	True	True	7.411437035617548e-15
LC:A549/ATCC	ordinal	EX_pep_e	0.0	0.0	0.0	6.053789881562644e-10	6.049489797987917e-10	True	True	7.411437035617548e-15
LC:A549/ATCC	ordinal	EX_phe__L_e	-6.670870111010339	-6.6708701192360405	8.225701009223485e-09	5.667763076644405e-07	5.671309342147879e-07	True	True	7.411437035617548e-15
LC:A549/ATCC	ordinal	EX_pnto__R_e	0.0	-0.0	0.0	6.038838538628558e-09	6.042252562895811e-09	True	True	7.411437035617548e-15
LC:A549/ATCC	ordinal	EX_pro__L_e	-1.3551019514225011	-1.355101951422502	8.881784197001252e-16	3.055033737098256e-08	3.057977426834668e-08	True	True	7.411437035617548e-15
LC:A549/ATCC	ordinal	EX_quln_e	0.0	0.0	0.0	1.461701656757546e-10	1.463635139013301e-10	True	True	7.411437035617548e-15
LC:A549/ATCC	ordinal	EX_sbt__D_e	0.0	0.0	0.0	0.0	0.0	True	True	7.411437035617548e-15
LC:A549/ATCC	ordinal	EX_ser__L_e	-10.0	-10.0	0.0	6.679439223944428e-10	6.685176856535691e-10	True	True	7.411437035617548e-15
LC:A549/ATCC	ordinal	EX_spmd_e	0.0	-0.0	0.0	1.1523564278419122e-10	9.499601434454405e-11	True	True	7.411437035617548e-15
LC:A549/ATCC	ordinal	EX_sprm_e	0.0	0.0	0.0	1.1885474775734146e-10	4.892418645620996e-11	True	True	7.411437035617548e-15
LC:A549/ATCC	ordinal	EX_srtn_e	0.0	0.0	0.0	4.0634189534928206e-10	4.063647196517195e-10	True	True	7.411437035617548e-15
LC:A549/ATCC	ordinal	EX_succ_e	13.234475728426984	13.234475728427268	2.8421709430404007e-13	4.344789239496549e-08	4.343286263974733e-08	True	True	7.411437035617548e-15
LC:A549/ATCC	ordinal	EX_sucr_e	0.0	0.0	0.0	1.63359564097092e-10	0.0	True	True	7.411437035617548e-15
LC:A549/ATCC	ordinal	EX_taur_e	0.0	0.0	0.0	3.358186895143253e-10	3.360813849440092e-10	True	True	7.411437035617548e-15
LC:A549/ATCC	ordinal	EX_tchola_e	0.0	0.0	0.0	1.8967405276644277e-10	7.446364512652004e-11	True	True	7.411437035617548e-15
LC:A549/ATCC	ordinal	EX_thr__L_e	-1.0272564007096077	-1.0272564007096083	6.661338147750939e-16	2.87730061998559e-08	2.8794168827062094e-08	True	True	7.411437035617548e-15
LC:A549/ATCC	ordinal	EX_thym_e	0.0	0.0	0.0	1.4586762258890627e-10	1.4583356744424236e-10	True	True	7.411437035617548e-15
LC:A549/ATCC	ordinal	EX_thymd_e	0.0	0.0	0.0	9.558546976960624e-11	9.256226340959017e-11	True	True	7.411437035617548e-15
LC:A549/ATCC	ordinal	EX_trp__L_e	-0.04371318771876201	-0.04371317812479468	9.5939673289136e-09	2.8786407424430394e-08	2.878677562989651e-08	True	True	7.411437035617548e-15
LC:A549/ATCC	ordinal	EX_tyr__L_e	-0.5245548522744692	-0.5245548522744695	3.3306690738754696e-16	2.31031140884852e-08	2.3108877922339843e-08	True	True	7.411437035617548e-15
LC:A549/ATCC	ordinal	EX_ump_e	0.0	0.0	0.0	1.191897746442034e-10	7.263845080984765e-11	True	True	7.411437035617548e-15
LC:A549/ATCC	ordinal	EX_ura_e	0.0	0.0	0.0	2.1721762681039085e-10	2.1749935186221592e-10	True	True	7.411437035617548e-15
LC:A549/ATCC	ordinal	EX_urate_e	0.0	-0.0	0.0	8.736470435239883e-11	8.687925379113892e-11	True	True	7.411437035617548e-15
LC:A549/ATCC	ordinal	EX_uri_e	0.0	0.0	0.0	1.144321886673235e-10	1.134726201890146e-10	True	True	7.411437035617548e-15
LC:A549/ATCC	ordinal	EX_val__L_e	-1.15839266904886	-1.1583926498609256	1.9187934352515867e-08	1.9186845889862525e-08	1.9190849132044718e-08	True	True	7.411437035617548e-15
LC:A549/ATCC	ordinal	EX_xan_e	0.0	0.0	0.0	8.9907065134727e-11	8.993975009197186e-11	True	True	7.411437035617548e-15
LC:A549/ATCC	ordinal	EX_xmp_e	0.0	0.0	0.0	6.636148444041566e-11	6.537015373453414e-11	True	True	7.411437035617548e-15
LC:A549/ATCC	ordinal	EX_xtsn_e	0.0	0.0	0.0	6.582763587043864e-11	6.490546988757728e-11	True	True	7.411437035617548e-15
CO:SW-620	magnitude_g1.00	EX_2pg_e	0.0	0.0	0.0	2.0670850910116923e-09	2.067011450890277e-09	True	True	8.2326339464995e-15
CO:SW-620	magnitude_g1.00	EX_34hpp_e	0.0	-0.0	0.0	3.79230977305456e-08	3.792735192575947e-08	True	True	8.2326339464995e-15
CO:SW-620	magnitude_g1.00	EX_3hanthrn_e	0.0	0.0	0.0	7.410715634252467e-10	7.268005330916084e-10	True	True	8.2326339464995e-15
CO:SW-620	magnitude_g1.00	EX_3pg_e	0.0	0.0	0.0	2.1438942106619646e-09	2.143906385754235e-09	True	True	8.2326339464995e-15
CO:SW-620	magnitude_g1.00	EX_4abut_e	0.0	0.0	0.0	7.99048850890661e-09	7.990525574541607e-09	True	True	8.2326339464995e-15
CO:SW-620	magnitude_g1.00	EX_4hbz_e	0.0	-0.0	0.0	1.4957273160075903e-09	1.3769982386420556e-09	True	True	8.2326339464995e-15
CO:SW-620	magnitude_g1.00	EX_L2aadp_e	0.0	0.0	0.0	3.1736221931174345e-09	3.174154684864173e-09	True	True	8.2326339464995e-15
CO:SW-620	magnitude_g1.00	EX_Lkynr_e	0.0	0.0	0.0	1.5253981317027958e-09	1.525357617992995e-09	True	True	8.2326339464995e-15
CO:SW-620	magnitude_g1.00	EX_acac_e	0.0	-0.0	0.0	1.0771995729529615e-07	1.0774168189911504e-07	True	True	8.2326339464995e-15
CO:SW-620	magnitude_g1.00	EX_ade_e	0.0	0.0	0.0	3.021576719655712e-10	2.7606483765652e-10	True	True	8.2326339464995e-15
CO:SW-620	magnitude_g1.00	EX_adn_e	0.0	0.0	0.0	2.3149600540995654e-10	2.1755752754870628e-10	True	True	8.2326339464995e-15
CO:SW-620	magnitude_g1.00	EX_ahcys_e	0.0	0.0	0.0	2.0556983356821463e-10	2.0558132973746979e-10	True	True	8.2326339464995e-15
CO:SW-620	magnitude_g1.00	EX_akg_e	0.0	0.0	0.0	3.037116835878573e-08	3.0372916626220103e-08	True	True	8.2326339464995e-15
CO:SW-620	magnitude_g1.00	EX_ala__L_e	11.272491732188577	11.272491732188609	3.197442310920451e-14	1.7312840405736551e-07	1.7311814914933166e-07	True	True	8.2326339464995e-15
CO:SW-620	magnitude_g1.00	EX_amp_e	0.0	0.0	0.0	2.330466594292754e-10	1.8174883820165633e-10	True	True	8.2326339464995e-15
CO:SW-620	magnitude_g1.00	EX_anth_e	0.0	-0.0	0.0	1.3241221166863274e-09	1.323947727671081e-09	True	True	8.2326339464995e-15
CO:SW-620	magnitude_g1.00	EX_arg__L_e	-1.1802492389233223	-1.180249238923323	6.661338147750939e-16	5.646711964679696e-08	5.6464447784065896e-08	True	True	8.2326339464995e-15
CO:SW-620	magnitude_g1.00	EX_asn__L_e	-10.0	-10.0	0.0	6.928921258975151e-08	6.929765916652286e-08	True	True	8.2326339464995e-15
CO:SW-620	magnitude_g1.00	EX_asp__L_e	-2.1263901968944077	-2.126390196894375	3.2862601528904634e-14	5.941850877988486e-08	5.9415357966940974e-08	True	True	8.2326339464995e-15
CO:SW-620	magnitude_g1.00	EX_bilirub_e	0.0	-0.0	0.0	5.480520743426934e-10	1.4704032041185276e-10	True	True	8.2326339464995e-15
CO:SW-620	magnitude_g1.00	EX_cala_e	0.0	-0.0	0.0	7.081902680684236e-10	7.089170916962928e-10	True	True	8.2326339464995e-15
CO:SW-620	magnitude_g1.00	EX_chol_e	-2.259569854793139	-2.2595698547931407	1.7763568394002505e-15	3.6506182965467815e-08	3.649837898578312e-08	True	True	8.2326339464995e-15
CO:SW-620	magnitude_g1.00	EX_cholp_e	0.0	0.0	0.0	1.8259638044486968e-09	1.8264598722339542e-09	True	True	8.2326339464995e-15
CO:SW-620	magnitude_g1.00	EX_cit_e	0.0	-0.0	0.0	4.4696687886876195e-08	4.4702778827012584e-08	True	True	8.2326339464995e-15
CO:SW-620	magnitude_g1.00	EX_citr__L_e	0.0	0.0	0.0	9.310558041051048e-09	9.310519633043413e-09	True	True	8.2326339464995e-15
CO:SW-620	magnitude_g1.00	EX_cmp_e	0.0	0.0	0.0	4.523184428165299e-10	0.0	True	True	8.2326339464995e-15
CO:SW-620	magnitude_g1.00	EX_crn_e	9.30035564550328e-17	0.0	9.30035564550328e-17	3.598910326589242e-08	3.5986378321695156e-08	True	True	8.2326339464995e-15
CO:SW-620	magnitude_g1.00	EX_cyst__L_e	0.0	0.0	0.0	8.67797998846277e-10	8.679821306145641e-10	True	True	8.2326339464995e-15
CO:SW-620	magnitude_g1.00	EX_cytd_e	0.0	0.0	0.0	4.4677695790810183e-10	4.2580361458988136e-10	True	True	8.2326339464995e-15
CO:SW-620	magnitude_g1.00	EX_dad_2_e	0.0	0.0	0.0	2.4099916427426983e-10	2.1447291165266336e-10	True	True	8.2326339464995e-15
CO:SW-620	magnitude_g1.00	EX_dcmp_e	0.0	0.0	0.0	3.6549473851651823e-10	3.65510011146597e-10	True	True	8.2326339464995e-15
CO:SW-620	magnitude_g1.00	EX_dcyt_e	0.0	0.0	0.0	4.3180110474307776e-10	4.317744495274667e-10	True	True	8.2326339464995e-15
CO:SW-620	magnitude_g1.00	EX_dhap_e	0.0	0.0	0.0	1.2108647612464286e-09	1.2111183167462514e-09	True	True	8.2326339464995e-15
CO:SW-620	magnitude_g1.00	EX_dmgly_e	0.0	0.0	0.0	1.1736229960111831e-09	1.173394714726328e-09	True	True	8.2326339464995e-15
CO:SW-620	magnitude_g1.00	EX_duri_e	0.0	0.0	0.0	4.4969834576111466e-10	4.3110198744145123e-10	True	True	8.2326339464995e-15
CO:SW-620	magnitude_g1.00	EX_ethamp_e	0.0	0.0	0.0	4.080651200288153e-09	4.081163629265916e-09	True	True	8.2326339464995e-15
CO:SW-620	magnitude_g1.00	EX_fol_e	0.0	-0.0	0.0	4.320975606275597e-08	4.3222044242616715e-08	True	True	8.2326339464995e-15
CO:SW-620	magnitude_g1.00	EX_fum_e	16.18389245680566	16.1838924568055	1.5987211554602254e-13	1.6223698651174345e-07	1.6224892007699054e-07	True	True	8.2326339464995e-15
CO:SW-620	magnitude_g1.00	EX_g3pc_e	0.0	0.0	0.0	1.237249283472515e-09	1.2364329560199394e-09	True	True	8.2326339464995e-15
CO:SW-620	magnitude_g1.00	EX_glc__D_e	-10.0	-10.0	0.0	1.7121983830747922e-09	1.7123582551903382e-09	True	True	8.2326339464995e-15
CO:SW-620	magnitude_g1.00	EX_glcur_e	0.0	0.0	0.0	1.4890424965539003e-09	1.4888872357232685e-09	True	True	8.2326339464995e-15
CO:SW-620	magnitude_g1.00	EX_gln__L_e	-10.0	-10.0	0.0	5.851886086816194e-08	5.8533412783390304e-08	True	True	8.2326339464995e-15
CO:SW-620	magnitude_g1.00	EX_glu__L_e	-10.0	-10.0	0.0	2.6612070769260754e-08	2.6606846503796078e-08	True	True	8.2326339464995e-15
CO:SW-620	magnitude_g1.00	EX_gly_e	-6.440748811844303	-6.44074881184432	1.687538997430238e-14	1.2891401457437723e-07	1.2891285106064743e-07	True	True	8.2326339464995e-15
CO:SW-620	magnitude_g1.00	EX_glyald_e	0.0	0.0	0.0	2.914255082067543e-09	2.913887797717507e-09	True	True	8.2326339464995e-15
CO:SW-620	magnitude_g1.00	EX_glyb_e	0.0	0.0	0.0	6.994963610526602e-09	6.994777640534609e-09	True	True	8.2326339464995e-15
CO:SW-620	magnitude_g1.00	EX_glyc3p_e	0.0	0.0	0.0	1.1787628037420235e-09	1.1784171416451272e-09	True	True	8.2326339464995e-15
CO:SW-620	magnitude_g1.00	EX_gmp_e	0.0	-0.0	0.0	2.9211463381031064e-10	0.0	True	True	8.2326339464995e-15
CO:SW-620	magnitude_g1.00	EX_gthox_e	0.0	-0.0	0.0	2.566484375196125e-09	2.565975876223092e-09	True	True	8.2326339464995e-15
CO:SW-620	magnitude_g1.00	EX_hcys__L_e	0.0	0.0	0.0	1.1637867241218702e-09	1.1639755825854081e-09	True	True	8.2326339464995e-15
CO:SW-620	magnitude_g1.00	EX_hom__L_e	0.0	-0.0	0.0	0.0	0.0	True	True	8.2326339464995e-15
CO:SW-620	magnitude_g1.00	EX_hxan_e	0.0	0.0	0.0	3.381835749151674e-10	3.2656721771218145e-10	True	True	8.2326339464995e-15
CO:SW-620	magnitude_g1.00	EX_icit_e	0.0	-0.0	0.0	3.391135138185773e-08	3.39129431203844e-08	True	True	8.2326339464995e-15
CO:SW-620	magnitude_g1.00	EX_ile__L_e	-0.9398300444600182	-0.9398300444600189	7.771561172376096e-16	4.1923172600100145e-08	4.192249569712203e-08	True	True	8.2326339464995e-15
CO:SW-620	magnitude_g1.00	EX_imp_e	0.0	0.0	0.0	2.493843621223722e-10	2.494476292191905e-10	True	True	8.2326339464995e-15
CO:SW-620	magnitude_g1.00	EX_ins_e	0.0	0.0	0.0	2.49889243921543e-10	2.4770416273689477e-10	True	True	8.2326339464995e-15
CO:SW-620	magnitude_g1.00	EX_lac__L_e	11.0587688764603	11.058768876460075	2.255973186038318e-13	2.488714621051713e-07	2.488988819493443e-07	True	True	8.2326339464995e-15
CO:SW-620	magnitude_g1.00	EX_lcts_e	0.0	0.0	0.0	5.578568749857691e-10	4.180478740956062e-10	True	True	8.2326339464995e-15
CO:SW-620	magnitude_g1.00	EX_leu__L_e	-1.7922337326704476	-1.7922337326704487	1.1102230246251565e-15	3.8516882128192265e-08	3.8522423029263564e-08	True	True	8.2326339464995e-15
CO:SW-620	magnitude_g1.00	EX_lys__L_e	-1.9452265708841623	-1.9452265708841634	1.1102230246251565e-15	8.29867299323439e-08	8.301468468197015e-08	True	True	8.2326339464995e-15
CO:SW-620	magnitude_g1.00	EX_mal__L_e	0.0	-0.0	0.0	6.278630902730473e-08	6.278320441310825e-08	True	True	8.2326339464995e-15
CO:SW-620	magnitude_g1.00	EX_met__L_e	-4.271597563443433	-4.271598562722089	9.992786562662559e-07	7.057612998906393e-06	7.058553968875003e-06	True	True	8.2326339464995e-15
CO:SW-620	magnitude_g1.00	EX_nac_e	0.0	-0.0	0.0	5.269176006541489e-09	5.27025179053453e-09	True	True	8.2326339464995e-15
CO:SW-620	magnitude_g1.00	EX_ncam_e	0.0	0.0	0.0	3.5065332531871896e-08	3.507413670583044e-08	True	True	8.2326339464995e-15
CO:SW-620	magnitude_g1.00	EX_nicrnt_e	0.0	0.0	0.0	6.229363374624752e-10	6.228866311630554e-10	True	True	8.2326339464995e-15
CO:SW-620	magnitude_g1.00	EX_orn_e	0.0	0.0	0.0	2.0926998272675853e-08	2.0928577663536943e-08	True	True	8.2326339464995e-15
CO:SW-620	magnitude_g1.00	EX_orot5p_e	0.0	0.0	0.0	3.8510570780564156e-10	3.7723574264347803e-10	True	True	8.2326339464995e-15
CO:SW-620	magnitude_g1.00	EX_orot_e	0.0	0.0	0.0	8.630679190381829e-10	8.634104542437626e-10	True	True	8.2326339464995e-15
CO:SW-620	magnitude_g1.00	EX_oxa_e	0.0	0.0	0.0	2.1075356133705443e-09	2.1079031819445207e-09	True	True	8.2326339464995e-15
CO:SW-620	magnitude_g1.00	EX_pep_e	0.0	0.0	0.0	2.214732610713343e-09	2.214618100015997e-09	True	True	8.2326339464995e-15
CO:SW-620	magnitude_g1.00	EX_phe__L_e	-0.8524036882104289	-0.8524036882104296	6.661338147750939e-16	1.0422670704279824e-07	1.0424974083989014e-07	True	True	8.2326339464995e-15
CO:SW-620	magnitude_g1.00	EX_pnto__R_e	0.0	0.0	0.0	2.823716547957363e-08	2.8241862509868126e-08	True	True	8.2326339464995e-15
CO:SW-620	magnitude_g1.00	EX_pro__L_e	-1.3551019514225007	-1.3551019514225018	1.1102230246251565e-15	6.534410856851025e-08	6.535256802386868e-08	True	True	8.2326339464995e-15
CO:SW-620	magnitude_g1.00	EX_quln_e	0.0	-0.0	0.0	4.83274371785111e-10	4.833844289987173e-10	True	True	8.2326339464995e-15
CO:SW-620	magnitude_g1.00	EX_sbt__D_e	0.0	0.0	0.0	0.0	0.0	True	True	8.2326339464995e-15
CO:SW-620	magnitude_g1.00	EX_ser__L_e	-10.0	-10.0	0.0	3.5985365798296698e-09	3.598923825620659e-09	True	True	8.2326339464995e-15
CO:SW-620	magnitude_g1.00	EX_spmd_e	0.0	0.0	0.0	4.1399137429901123e-10	3.619514354030988e-10	True	True	8.2326339464995e-15
CO:SW-620	magnitude_g1.00	EX_sprm_e	0.0	0.0	0.0	2.1411107235434605e-10	1.8461188001638988e-10	True	True	8.2326339464995e-15
CO:SW-620	magnitude_g1.00	EX_srtn_e	0.0	0.0	0.0	1.460251617747977e-09	1.4602825615384063e-09	True	True	8.2326339464995e-15
CO:SW-620	magnitude_g1.00	EX_succ_e	15.014101322505377	15.014101322505239	1.3855583347321954e-13	1.3323831105083173e-07	1.3325653114293345e-07	True	True	8.2326339464995e-15
CO:SW-620	magnitude_g1.00	EX_sucr_e	0.0	0.0	0.0	0.0	0.0	True	True	8.2326339464995e-15
CO:SW-620	magnitude_g1.00	EX_taur_e	0.0	-0.0	0.0	1.1916918156484326e-09	1.1916458930727458e-09	True	True	8.2326339464995e-15
CO:SW-620	magnitude_g1.00	EX_tchola_e	0.0	0.0	0.0	5.051574389785388e-10	2.528696375968997e-10	True	True	8.2326339464995e-15
CO:SW-620	magnitude_g1.00	EX_thr__L_e	-1.0272564007096077	-1.0272564007096083	6.661338147750939e-16	4.190692415306785e-08	4.192593561214153e-08	True	True	8.2326339464995e-15
CO:SW-620	magnitude_g1.00	EX_thym_e	0.0	0.0	0.0	5.496704252008315e-10	5.496892919941806e-10	True	True	8.2326339464995e-15
CO:SW-620	magnitude_g1.00	EX_thymd_e	0.0	0.0	0.0	3.7154637786560584e-10	3.6391164387472585e-10	True	True	8.2326339464995e-15
CO:SW-620	magnitude_g1.00	EX_trp__L_e	-0.043713178124794645	-0.04371317812479468	3.469446951953614e-17	3.8517913338032006e-08	3.8519819015037093e-08	True	True	8.2326339464995e-15
CO:SW-620	magnitude_g1.00	EX_tyr__L_e	-0.5245548522744691	-0.5245548522744695	4.440892098500626e-16	4.023326682922601e-08	4.023226318761175e-08	True	True	8.2326339464995e-15
CO:SW-620	magnitude_g1.00	EX_ump_e	0.0	0.0	0.0	4.578926784281359e-10	2.733899218121394e-10	True	True	8.2326339464995e-15
CO:SW-620	magnitude_g1.00	EX_ura_e	0.0	0.0	0.0	7.680199846908796e-10	7.681053015851091e-10	True	True	8.2326339464995e-15
CO:SW-620	magnitude_g1.00	EX_urate_e	0.0	-0.0	0.0	3.591142526884433e-10	3.114447351074843e-10	True	True	8.2326339464995e-15
CO:SW-620	magnitude_g1.00	EX_uri_e	0.0	0.0	0.0	4.394282066283233e-10	4.3959297313378443e-10	True	True	8.2326339464995e-15
CO:SW-620	magnitude_g1.00	EX_val__L_e	-1.1583926554161614	-1.1583926498609256	5.5552358269039814e-09	3.851881302807669e-08	3.852251162506093e-08	True	True	8.2326339464995e-15
CO:SW-620	magnitude_g1.00	EX_xan_e	0.0	0.0	0.0	3.306688535924218e-10	3.201932052832035e-10	True	True	8.2326339464995e-15
CO:SW-620	magnitude_g1.00	EX_xmp_e	0.0	0.0	0.0	2.551875838956643e-10	2.453328096230223e-10	True	True	8.2326339464995e-15
CO:SW-620	magnitude_g1.00	EX_xtsn_e	0.0	0.0	0.0	2.534449413880887e-10	2.4396917819302644e-10	True	True	8.2326339464995e-15
CNS:SNB-19	ordinal	EX_2pg_e	0.0	0.0	0.0	8.234653784999241e-11	7.23829884918814e-11	True	True	2.869172473222819e-15
CNS:SNB-19	ordinal	EX_34hpp_e	0.0	-0.0	0.0	1.4545682607080337e-09	1.455337184097516e-09	True	True	2.869172473222819e-15
CNS:SNB-19	ordinal	EX_3hanthrn_e	0.0	0.0	0.0	8.042051493953807e-11	2.5126567493316543e-11	True	True	2.869172473222819e-15
CNS:SNB-19	ordinal	EX_3pg_e	0.0	0.0	0.0	7.242893537164791e-11	7.261036216732464e-11	True	True	2.869172473222819e-15
CNS:SNB-19	ordinal	EX_4abut_e	0.0	-0.0	0.0	2.2869043825519457e-10	2.2895711285370637e-10	True	True	2.869172473222819e-15
CNS:SNB-19	ordinal	EX_4hbz_e	0.0	-0.0	0.0	6.390465278295463e-11	4.966213157487958e-11	True	True	2.869172473222819e-15
CNS:SNB-19	ordinal	EX_L2aadp_e	0.0	-0.0	0.0	1.0505830274862358e-10	1.0528703834703872e-10	True	True	2.869172473222819e-15
CNS:SNB-19	ordinal	EX_Lkynr_e	0.0	0.0	0.0	5.031037003167859e-11	5.0646512736984125e-11	True	True	2.869172473222819e-15
CNS:SNB-19	ordinal	EX_acac_e	0.0287227052716876	0.028722705271687958	3.5735303605122226e-16	2.9951150309903696e-09	2.993839121057107e-09	True	True	2.869172473222819e-15
CNS:SNB-19	ordinal	EX_ade_e	0.0	0.0	0.0	1.1218877559798472e-11	1.0180301046602835e-11	True	True	2.869172473222819e-15
CNS:SNB-19	ordinal	EX_adn_e	0.0	0.0	0.0	8.375112298737952e-12	7.716494110354688e-12	True	True	2.869172473222819e-15
CNS:SNB-19	ordinal	EX_ahcys_e	0.0	0.0	0.0	7.545576002742893e-12	7.421618875014246e-12	True	True	2.869172473222819e-15
CNS:SNB-19	ordinal	EX_akg_e	0.0	0.0	0.0	6.744429031637239e-10	6.725677792474016e-10	True	True	2.869172473222819e-15
CNS:SNB-19	ordinal	EX_ala__L_e	14.090425764909424	14.090425764909408	1.5987211554602254e-14	2.3259639547745792e-08	2.325345604958784e-08	True	True	2.869172473222819e-15
CNS:SNB-19	ordinal	EX_amp_e	0.0	0.0	0.0	7.85809858020984e-12	6.580513911558228e-12	True	True	2.869172473222819e-15
CNS:SNB-19	ordinal	EX_anth_e	0.0	-0.0	0.0	4.5507798261715896e-11	4.5450137846948456e-11	True	True	2.869172473222819e-15
CNS:SNB-19	ordinal	EX_arg__L_e	-1.1802492389233221	-1.180249238923323	8.881784197001252e-16	1.3557918565609839e-08	1.3588811409448454e-08	True	True	2.869172473222819e-15
CNS:SNB-19	ordinal	EX_asn__L_e	-10.0	-10.0	0.0	3.5963552136308863e-09	3.6120546553775057e-09	True	True	2.869172473222819e-15
CNS:SNB-19	ordinal	EX_asp__L_e	-2.126390196894381	-2.1263901968943872	6.217248937900877e-15	7.459447282087694e-09	7.436198323773624e-09	True	True	2.869172473222819e-15
CNS:SNB-19	ordinal	EX_bilirub_e	0.0	-0.0	0.0	5.266960733945147e-12	5.264152750069942e-12	True	True	2.869172473222819e-15
CNS:SNB-19	ordinal	EX_cala_e	0.0	0.0	0.0	2.849278142938489e-11	2.7685520542775066e-11	True	True	2.869172473222819e-15
CNS:SNB-19	ordinal	EX_chol_e	-2.9517754805551255	-2.9517754805551206	4.884981308350689e-15	3.0907583159489604e-09	3.1059146365919332e-09	True	True	2.869172473222819e-15
CNS:SNB-19	ordinal	EX_cholp_e	0.0	0.0	0.0	7.872535969108466e-11	6.942846297874894e-11	True	True	2.869172473222819e-15
CNS:SNB-19	ordinal	EX_cit_e	0.0	0.0	0.0	1.0042160790102294e-09	9.969838288270694e-10	True	True	2.869172473222819e-15
CNS:SNB-19	ordinal	EX_citr__L_e	0.0	0.0	0.0	2.798190445887847e-10	2.789133368708008e-10	True	True	2.869172473222819e-15
CNS:SNB-19	ordinal	EX_cmp_e	0.0	0.0	0.0	1.5939438058495234e-11	0.0	True	True	2.869172473222819e-15
CNS:SNB-19	ordinal	EX_crn_e	0.0	0.0	0.0	9.823320700742386e-10	9.708447313754336e-10	True	True	2.869172473222819e-15
CNS:SNB-19	ordinal	EX_cyst__L_e	0.0	-0.0	0.0	3.717688418661071e-11	3.084288380250655e-11	True	True	2.869172473222819e-15
CNS:SNB-19	ordinal	EX_cytd_e	0.0	0.0	0.0	1.573965624131548e-11	1.5006357267921544e-11	True	True	2.869172473222819e-15
CNS:SNB-19	ordinal	EX_dad_2_e	0.0	0.0	0.0	8.639900999968502e-12	7.723266470804901e-12	True	True	2.869172473222819e-15
CNS:SNB-19	ordinal	EX_dcmp_e	0.0	0.0	0.0	1.3255014728699316e-11	1.3323092629136113e-11	True	True	2.869172473222819e-15
CNS:SNB-19	ordinal	EX_dcyt_e	0.0	0.0	0.0	1.528735339102836e-11	1.5266760078347374e-11	True	True	2.869172473222819e-15
CNS:SNB-19	ordinal	EX_dhap_e	0.0	0.0	0.0	4.008849011698257e-11	3.993960717707523e-11	True	True	2.869172473222819e-15
CNS:SNB-19	ordinal	EX_dmgly_e	0.0	0.0	0.0	5.7258501761015184e-11	3.97785561438202e-11	True	True	2.869172473222819e-15
CNS:SNB-19	ordinal	EX_duri_e	0.0	0.0	0.0	1.594491943295864e-11	1.508754232659726e-11	True	True	2.869172473222819e-15
CNS:SNB-19	ordinal	EX_ethamp_e	0.0	-0.0	0.0	0.6922056270483735	0.6922056270497134	False	False	2.869172473222819e-15
CNS:SNB-19	ordinal	EX_fol_e	0.0	0.0	0.0	1.1456873559694062e-09	1.1390710596970166e-09	True	True	2.869172473222819e-15
CNS:SNB-19	ordinal	EX_fum_e	17.154647873671315	17.1546478731896	4.817160004222387e-10	1.0509470627084738e-08	1.0497309688162204e-08	True	True	2.869172473222819e-15
CNS:SNB-19	ordinal	EX_g3pc_e	0.0	0.0	0.0	4.2191659393629326e-11	3.911704293813045e-11	True	True	2.869172473222819e-15
CNS:SNB-19	ordinal	EX_glc__D_e	-10.0	-10.0	0.0	4.1385561644347035e-11	4.106226469957619e-11	True	True	2.869172473222819e-15
CNS:SNB-19	ordinal	EX_glcur_e	0.0	0.0	0.0	5.358495964345375e-11	5.313793849381909e-11	True	True	2.869172473222819e-15
CNS:SNB-19	ordinal	EX_gln__L_e	-10.0	-10.0	0.0	1.8344223917665659e-09	1.8383783384479102e-09	True	True	2.869172473222819e-15
CNS:SNB-19	ordinal	EX_glu__L_e	-10.0	-10.0	0.0	6.878124736431346e-10	6.90459245333841e-10	True	True	2.869172473222819e-15
CNS:SNB-19	ordinal	EX_gly_e	-10.0	-10.0	0.0	1.8447696703560723e-09	1.84640569500516e-09	True	True	2.869172473222819e-15
CNS:SNB-19	ordinal	EX_glyald_e	0.0	0.0	0.0	9.287074158098418e-11	8.117773120375205e-11	True	True	2.869172473222819e-15
CNS:SNB-19	ordinal	EX_glyb_e	0.0	0.0	0.0	2.1773187490602045e-10	2.1688961737709178e-10	True	True	2.869172473222819e-15
CNS:SNB-19	ordinal	EX_glyc3p_e	0.0	0.0	0.0	4.0127703347055737e-11	3.758449107493789e-11	True	True	2.869172473222819e-15
CNS:SNB-19	ordinal	EX_gmp_e	0.0	-0.0	0.0	1.0138617559983545e-11	0.0	True	True	2.869172473222819e-15
CNS:SNB-19	ordinal	EX_gthox_e	0.0	-0.0	0.0	8.835898645194672e-11	8.801670503544301e-11	True	True	2.869172473222819e-15
CNS:SNB-19	ordinal	EX_hcys__L_e	0.0	0.0	0.0	6.430310539504683e-11	4.786193297716396e-11	True	True	2.869172473222819e-15
CNS:SNB-19	ordinal	EX_hom__L_e	0.0	-0.0	0.0	0.0	0.0	True	True	2.869172473222819e-15
CNS:SNB-19	ordinal	EX_hxan_e	0.0	0.0	0.0	1.4460648302850387e-11	1.1920908704610156e-11	True	True	2.869172473222819e-15
CNS:SNB-19	ordinal	EX_icit_e	0.0	-0.0	0.0	7.588657719686589e-10	7.554366021622627e-10	True	True	2.869172473222819e-15
CNS:SNB-19	ordinal	EX_ile__L_e	-0.9398300444600182	-0.9398300444600189	7.771561172376096e-16	3.161935602236099e-09	3.1624765028936963e-09	True	True	2.869172473222819e-15
CNS:SNB-19	ordinal	EX_imp_e	0.0	0.0	0.0	8.82452531770267e-12	8.813894059045424e-12	True	True	2.869172473222819e-15
CNS:SNB-19	ordinal	EX_ins_e	0.0	0.0	0.0	9.782706609465159e-12	8.697598197215939e-12	True	True	2.869172473222819e-15
CNS:SNB-19	ordinal	EX_lac__L_e	12.794614101634055	12.794614102838494	1.2044392150301064e-09	2.633769824456067e-08	2.6242517492391926e-08	True	True	2.869172473222819e-15
CNS:SNB-19	ordinal	EX_lcts_e	0.0	0.0	0.0	2.0795414654175788e-11	1.2411249097966722e-11	True	True	2.869172473222819e-15
CNS:SNB-19	ordinal	EX_leu__L_e	-1.7922337326704474	-1.7922337326704487	1.3322676295501878e-15	1.3553135502775149e-08	1.3549939836821068e-08	True	True	2.869172473222819e-15
CNS:SNB-19	ordinal	EX_lys__L_e	-1.945226570884162	-1.9452265708841634	1.3322676295501878e-15	1.2943064175985342e-08	1.279336103721107e-08	True	True	2.869172473222819e-15
CNS:SNB-19	ordinal	EX_mal__L_e	0.0	-0.0	0.0	7.672613971961473e-10	7.683524927415419e-10	True	True	2.869172473222819e-15
CNS:SNB-19	ordinal	EX_met__L_e	-7.985171976257857	-7.985171975776141	4.817160004222387e-10	1.1748975126124606e-08	1.1752069539738841e-08	True	True	2.869172473222819e-15
CNS:SNB-19	ordinal	EX_nac_e	1.9951333108106835e-15	-0.0	1.9951333108106835e-15	1.5801233607344876e-10	1.575949148957534e-10	True	True	2.869172473222819e-15
CNS:SNB-19	ordinal	EX_ncam_e	0.0	0.0	0.0	1.2280179733478067e-09	1.224574168050556e-09	True	True	2.869172473222819e-15
CNS:SNB-19	ordinal	EX_nicrnt_e	0.0	0.0	0.0	2.0585942259744215e-11	2.0455359628357428e-11	True	True	2.869172473222819e-15
CNS:SNB-19	ordinal	EX_orn_e	0.0	0.0	0.0	3.5824363060752206e-10	3.5563374467528774e-10	True	True	2.869172473222819e-15
CNS:SNB-19	ordinal	EX_orot5p_e	0.0	0.0	0.0	1.3501247053245785e-11	1.3202161586178818e-11	True	True	2.869172473222819e-15
CNS:SNB-19	ordinal	EX_orot_e	0.0	0.0	0.0	3.211982886132228e-11	3.257993874683507e-11	True	True	2.869172473222819e-15
CNS:SNB-19	ordinal	EX_oxa_e	0.0	0.0	0.0	9.295094247130194e-11	8.319442234720422e-11	True	True	2.869172473222819e-15
CNS:SNB-19	ordinal	EX_pep_e	0.0	0.0	0.0	9.71255350952608e-11	8.341971557968009e-11	True	True	2.869172473222819e-15
CNS:SNB-19	ordinal	EX_phe__L_e	-7.781738438896169	-7.781738439618767	7.2259798145069e-10	1.5746995707388578e-08	1.5732128488821218e-08	True	True	2.869172473222819e-15
CNS:SNB-19	ordinal	EX_pnto__R_e	0.0	0.0	0.0	1.0137055954036215e-09	1.006610973464105e-09	True	True	2.869172473222819e-15
CNS:SNB-19	ordinal	EX_pro__L_e	-1.3551019514225016	-1.3551019514225016	0.0	3.884375709972687e-09	3.8457081963372275e-09	True	True	2.869172473222819e-15
CNS:SNB-19	ordinal	EX_quln_e	0.0	0.0	0.0	2.233344323711558e-10	1.6526631914833462e-11	True	True	2.869172473222819e-15
CNS:SNB-19	ordinal	EX_sbt__D_e	0.0	0.0	0.0	0.0	0.0	True	True	2.869172473222819e-15
CNS:SNB-19	ordinal	EX_ser__L_e	-10.0	-10.0	0.0	9.163514391730132e-11	9.105605158765684e-11	True	True	2.869172473222819e-15
CNS:SNB-19	ordinal	EX_spmd_e	0.0	0.0	0.0	8.237444425454197e-11	1.2340554417731451e-11	True	True	2.869172473222819e-15
CNS:SNB-19	ordinal	EX_sprm_e	0.0	0.0	0.0	5.352370693605728e-11	6.3320986436277985e-12	True	True	2.869172473222819e-15
CNS:SNB-19	ordinal	EX_srtn_e	0.0	0.0	0.0	4.901095635783858e-11	4.881073323304008e-11	True	True	2.869172473222819e-15
CNS:SNB-19	ordinal	EX_succ_e	12.8883729155464	12.888372915546464	6.394884621840902e-14	2.268780718850394e-09	2.2657129505887497e-09	True	True	2.869172473222819e-15
CNS:SNB-19	ordinal	EX_sucr_e	0.0	0.0	0.0	2.1187699520838932e-11	0.0	True	True	2.869172473222819e-15
CNS:SNB-19	ordinal	EX_taur_e	0.0	0.0	0.0	4.1009833765353466e-11	4.0952130575533374e-11	True	True	2.869172473222819e-15
CNS:SNB-19	ordinal	EX_tchola_e	0.0	0.0	0.0	1.835288262291332e-11	8.928364220789964e-12	True	True	2.869172473222819e-15
CNS:SNB-19	ordinal	EX_thr__L_e	-1.0272564007096077	-1.0272564007096083	6.661338147750939e-16	3.821261973513401e-09	3.794497160924948e-09	True	True	2.869172473222819e-15
CNS:SNB-19	ordinal	EX_thym_e	0.0	0.0	0.0	1.9515763646076285e-11	1.9327577327403776e-11	True	True	2.869172473222819e-15
CNS:SNB-19	ordinal	EX_thymd_e	0.0	0.0	0.0	1.2810453088788774e-11	1.2397048665402366e-11	True	True	2.869172473222819e-15
CNS:SNB-19	ordinal	EX_trp__L_e	-0.04371317932900618	-0.04371317812479468	1.204211501348862e-09	3.8304117239151836e-09	3.7913761019581216e-09	True	True	2.869172473222819e-15
CNS:SNB-19	ordinal	EX_tyr__L_e	-0.5245548522744691	-0.5245548522744695	4.440892098500626e-16	3.194809083950645e-09	3.1778242259861145e-09	True	True	2.869172473222819e-15
CNS:SNB-19	ordinal	EX_ump_e	0.0	0.0	0.0	1.5596134268192118e-11	9.860584571086406e-12	True	True	2.869172473222819e-15
CNS:SNB-19	ordinal	EX_ura_e	0.0	0.0	0.0	2.8769596536207968e-11	2.8738122992422177e-11	True	True	2.869172473222819e-15
CNS:SNB-19	ordinal	EX_urate_e	0.0	-0.0	0.0	1.3931725908184589e-11	1.1419004630752738e-11	True	True	2.869172473222819e-15
CNS:SNB-19	ordinal	EX_uri_e	0.0	0.0	0.0	1.5075869080378304e-11	1.5048184920374297e-11	True	True	2.869172473222819e-15
CNS:SNB-19	ordinal	EX_val__L_e	-1.1583926522693477	-1.1583926498609256	2.408422128397092e-09	2.4165982548396414e-09	2.3997657194740896e-09	True	True	2.869172473222819e-15
CNS:SNB-19	ordinal	EX_xan_e	0.0	0.0	0.0	1.3846053207000658e-11	1.1821210676998817e-11	True	True	2.869172473222819e-15
CNS:SNB-19	ordinal	EX_xmp_e	0.0	0.0	0.0	9.866071302914556e-12	8.707506937710718e-12	True	True	2.869172473222819e-15
CNS:SNB-19	ordinal	EX_xtsn_e	0.0	0.0	0.0	9.739465696756667e-12	8.615164137637521e-12	True	True	2.869172473222819e-15
ME:MDA-MB-435	magnitude_g1.00	EX_2pg_e	0.0	0.0	0.0	8.850766306911858e-09	8.849888821771401e-09	True	True	1.0229002599003654e-15
ME:MDA-MB-435	magnitude_g1.00	EX_34hpp_e	0.0	-0.0	0.0	1.1739319638487595e-07	1.1739222793849535e-07	True	True	1.0229002599003654e-15
ME:MDA-MB-435	magnitude_g1.00	EX_3hanthrn_e	0.0	-0.0	0.0	2.542096938727383e-09	2.5421123289046705e-09	True	True	1.0229002599003654e-15
ME:MDA-MB-435	magnitude_g1.00	EX_3pg_e	0.0	0.0	0.0	9.164188986960286e-09	9.163901637521121e-09	True	True	1.0229002599003654e-15
ME:MDA-MB-435	magnitude_g1.00	EX_4abut_e	0.0	0.0	0.0	4.266945860228569e-08	4.2667050448493884e-08	True	True	1.0229002599003654e-15
ME:MDA-MB-435	magnitude_g1.00	EX_4hbz_e	0.0	-0.0	0.0	5.953863165306591e-09	5.4855675921696095e-09	True	True	1.0229002599003654e-15
ME:MDA-MB-435	magnitude_g1.00	EX_L2aadp_e	0.0	-0.0	0.0	1.4516106164226897e-08	1.4515668881101667e-08	True	True	1.0229002599003654e-15
ME:MDA-MB-435	magnitude_g1.00	EX_Lkynr_e	0.0	0.0	0.0	5.266902753349008e-09	5.266538835230713e-09	True	True	1.0229002599003654e-15
ME:MDA-MB-435	magnitude_g1.00	EX_acac_e	0.0	-0.0	0.0	2.3731302507927147e-07	2.373095730270891e-07	True	True	1.0229002599003654e-15
ME:MDA-MB-435	magnitude_g1.00	EX_ade_e	0.0	0.0	0.0	1.1554622407684188e-09	1.155392448382031e-09	True	True	1.0229002599003654e-15
ME:MDA-MB-435	magnitude_g1.00	EX_adn_e	0.0	0.0	0.0	9.122985749064311e-10	9.122554933682636e-10	True	True	1.0229002599003654e-15
ME:MDA-MB-435	magnitude_g1.00	EX_ahcys_e	0.0	0.0	0.0	8.588745574100387e-10	8.5881257660958e-10	True	True	1.0229002599003654e-15
ME:MDA-MB-435	magnitude_g1.00	EX_akg_e	0.0	0.0	0.0	8.724150551907189e-08	8.724127242842883e-08	True	True	1.0229002599003654e-15
ME:MDA-MB-435	magnitude_g1.00	EX_ala__L_e	11.272491763903572	11.27249191204259	1.481390174973285e-07	1.323154384280656e-06	1.323097354344327e-06	True	True	1.0229002599003654e-15
ME:MDA-MB-435	magnitude_g1.00	EX_amp_e	0.0	0.0	0.0	7.655923673016693e-10	7.592504402964551e-10	True	True	1.0229002599003654e-15
ME:MDA-MB-435	magnitude_g1.00	EX_anth_e	0.0	-0.0	0.0	4.776677849064607e-09	4.776214238299487e-09	True	True	1.0229002599003654e-15
ME:MDA-MB-435	magnitude_g1.00	EX_arg__L_e	-1.1802492389233221	-1.180249238923323	8.881784197001252e-16	1.7918672745587116e-07	1.7917499217645627e-07	True	True	1.0229002599003654e-15
ME:MDA-MB-435	magnitude_g1.00	EX_asn__L_e	-10.0	-10.0	0.0	5.394525235402625e-07	5.394346622722423e-07	True	True	1.0229002599003654e-15
ME:MDA-MB-435	magnitude_g1.00	EX_asp__L_e	-2.1263901968942696	-2.1263901968944143	1.4477308241112041e-13	3.1229625241380177e-07	3.1227212637929824e-07	True	True	1.0229002599003654e-15
ME:MDA-MB-435	magnitude_g1.00	EX_bilirub_e	2.50415859549783e-32	-0.0	2.50415859549783e-32	5.554167612530795e-10	5.553766739426051e-10	True	True	1.0229002599003654e-15
ME:MDA-MB-435	magnitude_g1.00	EX_cala_e	0.0	0.0	0.0	2.9089835462650205e-09	2.9088840731599955e-09	True	True	1.0229002599003654e-15
ME:MDA-MB-435	magnitude_g1.00	EX_chol_e	-2.259569854793139	-2.25956985479314	1.3322676295501878e-15	1.4689741645312893e-07	1.4689324201455634e-07	True	True	1.0229002599003654e-15
ME:MDA-MB-435	magnitude_g1.00	EX_cholp_e	0.0	0.0	0.0	7.749550168478674e-09	7.749201280660145e-09	True	True	1.0229002599003654e-15
ME:MDA-MB-435	magnitude_g1.00	EX_cit_e	0.0	0.0	0.0	1.0879301915394046e-07	1.0878428113869631e-07	True	True	1.0229002599003654e-15
ME:MDA-MB-435	magnitude_g1.00	EX_citr__L_e	0.0	0.0	0.0	3.840037609378816e-08	3.839695745207046e-08	True	True	1.0229002599003654e-15
ME:MDA-MB-435	magnitude_g1.00	EX_cmp_e	0.0	0.0	0.0	0.0	0.0	True	True	1.0229002599003654e-15
ME:MDA-MB-435	magnitude_g1.00	EX_crn_e	0.0	0.0	0.0	2.786281158743064e-07	2.786173958213567e-07	True	True	1.0229002599003654e-15
ME:MDA-MB-435	magnitude_g1.00	EX_cyst__L_e	0.0	0.0	0.0	3.5903771493651137e-09	3.5900606931704715e-09	True	True	1.0229002599003654e-15
ME:MDA-MB-435	magnitude_g1.00	EX_cytd_e	0.0	0.0	0.0	1.7596074336253136e-09	1.7595473966736108e-09	True	True	1.0229002599003654e-15
ME:MDA-MB-435	magnitude_g1.00	EX_dad_2_e	0.0	0.0	0.0	9.49524421183442e-10	8.984518268251307e-10	True	True	1.0229002599003654e-15
ME:MDA-MB-435	magnitude_g1.00	EX_dcmp_e	0.0	0.0	0.0	1.513781602823039e-09	1.5137025521916314e-09	True	True	1.0229002599003654e-15
ME:MDA-MB-435	magnitude_g1.00	EX_dcyt_e	0.0	0.0	0.0	1.790367240768695e-09	1.7901963800248666e-09	True	True	1.0229002599003654e-15
ME:MDA-MB-435	magnitude_g1.00	EX_dhap_e	0.0	0.0	0.0	5.115861498634675e-09	5.115659895693625e-09	True	True	1.0229002599003654e-15
ME:MDA-MB-435	magnitude_g1.00	EX_dmgly_e	0.0	0.0	0.0	4.473056166637293e-09	4.473071038535383e-09	True	True	1.0229002599003654e-15
ME:MDA-MB-435	magnitude_g1.00	EX_duri_e	0.0	0.0	0.0	1.7720911413844124e-09	1.7720119260822287e-09	True	True	1.0229002599003654e-15
ME:MDA-MB-435	magnitude_g1.00	EX_ethamp_e	0.0	0.0	0.0	2.3256960352601216e-08	2.3255541492517295e-08	True	True	1.0229002599003654e-15
ME:MDA-MB-435	magnitude_g1.00	EX_fol_e	0.0	-0.0	0.0	1.1683881191582643e-07	1.1683379920373026e-07	True	True	1.0229002599003654e-15
ME:MDA-MB-435	magnitude_g1.00	EX_fum_e	16.18389242508974	16.183892091761233	3.3332850790657176e-07	8.731282576945887e-07	8.730795784117618e-07	True	True	1.0229002599003654e-15
ME:MDA-MB-435	magnitude_g1.00	EX_g3pc_e	0.0	0.0	0.0	5.21132580006757e-09	5.211140186034413e-09	True	True	1.0229002599003654e-15
ME:MDA-MB-435	magnitude_g1.00	EX_glc__D_e	-10.0	-10.0	0.0	7.150362080210471e-09	7.149923320071139e-09	True	True	1.0229002599003654e-15
ME:MDA-MB-435	magnitude_g1.00	EX_glcur_e	0.0	0.0	0.0	5.595721897862916e-09	5.124780599885526e-09	True	True	1.0229002599003654e-15
ME:MDA-MB-435	magnitude_g1.00	EX_gln__L_e	-10.0	-10.0	0.0	1.72942135279186e-07	1.7293154286335266e-07	True	True	1.0229002599003654e-15
ME:MDA-MB-435	magnitude_g1.00	EX_glu__L_e	-10.0	-10.0	0.0	1.1225846563434061e-07	1.1225038676343502e-07	True	True	1.0229002599003654e-15
ME:MDA-MB-435	magnitude_g1.00	EX_gly_e	-6.440748843559229	-6.440749176888843	3.333296145768827e-07	1.3540988179627789e-06	1.3540723342586602e-06	True	True	1.0229002599003654e-15
ME:MDA-MB-435	magnitude_g1.00	EX_glyald_e	0.0	0.0	0.0	1.2145566186237358e-08	1.2145322969558947e-08	True	True	1.0229002599003654e-15
ME:MDA-MB-435	magnitude_g1.00	EX_glyb_e	0.0	0.0	0.0	3.074007373325233e-08	3.073762488980947e-08	True	True	1.0229002599003654e-15
ME:MDA-MB-435	magnitude_g1.00	EX_glyc3p_e	0.0	0.0	0.0	5.003109633665831e-09	5.003071068543363e-09	True	True	1.0229002599003654e-15
ME:MDA-MB-435	magnitude_g1.00	EX_gmp_e	0.0	-0.0	0.0	0.0	0.0	True	True	1.0229002599003654e-15
ME:MDA-MB-435	magnitude_g1.00	EX_gthox_e	0.0	-0.0	0.0	9.08226214083949e-09	9.081590590653832e-09	True	True	1.0229002599003654e-15
ME:MDA-MB-435	magnitude_g1.00	EX_hcys__L_e	0.0	0.0	0.0	4.839337752694968e-09	4.839360023822792e-09	True	True	1.0229002599003654e-15
ME:MDA-MB-435	magnitude_g1.00	EX_hom__L_e	0.0	-0.0	0.0	0.0	0.0	True	True	1.0229002599003654e-15
ME:MDA-MB-435	magnitude_g1.00	EX_hxan_e	0.0	0.0	0.0	1.35902916968419e-09	1.3589092906496347e-09	True	True	1.0229002599003654e-15
ME:MDA-MB-435	magnitude_g1.00	EX_icit_e	0.0	-0.0	0.0	9.964527335895793e-08	9.964285707653175e-08	True	True	1.0229002599003654e-15
ME:MDA-MB-435	magnitude_g1.00	EX_ile__L_e	-0.9398300444600185	-0.9398300444600189	4.440892098500626e-16	1.4638108725151255e-07	1.4638163348124067e-07	True	True	1.0229002599003654e-15
ME:MDA-MB-435	magnitude_g1.00	EX_imp_e	0.0	0.0	0.0	1.0404789924129863e-09	1.04042249815528e-09	True	True	1.0229002599003654e-15
ME:MDA-MB-435	magnitude_g1.00	EX_ins_e	0.0	0.0	0.0	1.0346294551411467e-09	1.03458963618408e-09	True	True	1.0229002599003654e-15
ME:MDA-MB-435	magnitude_g1.00	EX_lac__L_e	11.058768781314475	11.058767781326758	9.99987717520412e-07	2.0066879429236906e-06	2.006630888118366e-06	True	True	1.0229002599003654e-15
ME:MDA-MB-435	magnitude_g1.00	EX_lcts_e	0.0	0.0	0.0	1.7518074052648881e-09	1.7516863864047091e-09	True	True	1.0229002599003654e-15
ME:MDA-MB-435	magnitude_g1.00	EX_leu__L_e	-1.792233732670444	-1.7922337326704487	4.6629367034256575e-15	1.4151862015587824e-07	1.4150651428401773e-07	True	True	1.0229002599003654e-15
ME:MDA-MB-435	magnitude_g1.00	EX_lys__L_e	-1.9452265708841625	-1.9452265708841634	8.881784197001252e-16	2.620922245899493e-07	2.620785268803161e-07	True	True	1.0229002599003654e-15
ME:MDA-MB-435	magnitude_g1.00	EX_mal__L_e	0.0	-0.0	0.0	2.814854477859659e-07	2.814666952843936e-07	True	True	1.0229002599003654e-15
ME:MDA-MB-435	magnitude_g1.00	EX_met__L_e	-7.014416527676402	-7.014416194347754	3.3332864823876207e-07	1.2713016846355174e-05	1.2712302472017711e-05	False	False	1.0229002599003654e-15
ME:MDA-MB-435	magnitude_g1.00	EX_nac_e	2.556948247750023e-14	-0.0	2.556948247750023e-14	2.398465555710624e-08	2.3982843266878717e-08	True	True	1.0229002599003654e-15
ME:MDA-MB-435	magnitude_g1.00	EX_ncam_e	0.0	0.0	0.0	1.3947655440182523e-07	1.3946545890961826e-07	True	True	1.0229002599003654e-15
ME:MDA-MB-435	magnitude_g1.00	EX_nicrnt_e	0.0	0.0	0.0	2.59272889925652e-09	2.5925394608883323e-09	True	True	1.0229002599003654e-15
ME:MDA-MB-435	magnitude_g1.00	EX_orn_e	0.0	0.0	0.0	1.2208670920138026e-07	1.220809863263789e-07	True	True	1.0229002599003654e-15
ME:MDA-MB-435	magnitude_g1.00	EX_orot5p_e	0.0	0.0	0.0	1.55607636297287e-09	1.5559841748391534e-09	True	True	1.0229002599003654e-15
ME:MDA-MB-435	magnitude_g1.00	EX_orot_e	0.0	0.0	0.0	3.533813642253546e-09	3.5336311654532437e-09	True	True	1.0229002599003654e-15
ME:MDA-MB-435	magnitude_g1.00	EX_oxa_e	0.0	-0.0	0.0	8.185701621879848e-09	8.185470079524748e-09	True	True	1.0229002599003654e-15
ME:MDA-MB-435	magnitude_g1.00	EX_pep_e	0.0	0.0	0.0	9.436773422526718e-09	9.436417425234822e-09	True	True	1.0229002599003654e-15
ME:MDA-MB-435	magnitude_g1.00	EX_phe__L_e	-0.852403688210429	-0.8524036882104296	5.551115123125783e-16	1.689187986153584e-07	1.689149122796607e-07	True	True	1.0229002599003654e-15
ME:MDA-MB-435	magnitude_g1.00	EX_pnto__R_e	0.0	0.0	0.0	1.1875993376885034e-07	1.1875944907524989e-07	True	True	1.0229002599003654e-15
ME:MDA-MB-435	magnitude_g1.00	EX_pro__L_e	-1.355101951422501	-1.3551019514225018	8.881784197001252e-16	2.504642131473389e-07	2.504527878421925e-07	True	True	1.0229002599003654e-15
ME:MDA-MB-435	magnitude_g1.00	EX_quln_e	0.0	0.0	0.0	1.6891916297820936e-09	1.6890856302227463e-09	True	True	1.0229002599003654e-15
ME:MDA-MB-435	magnitude_g1.00	EX_sbt__D_e	0.0	0.0	0.0	0.0	0.0	True	True	1.0229002599003654e-15
ME:MDA-MB-435	magnitude_g1.00	EX_ser__L_e	-10.0	-10.0	0.0	1.493239665251167e-08	1.4931611502788655e-08	True	True	1.0229002599003654e-15
ME:MDA-MB-435	magnitude_g1.00	EX_spmd_e	0.0	0.0	0.0	1.5627956086619286e-09	1.4397877886612137e-09	True	True	1.0229002599003654e-15
ME:MDA-MB-435	magnitude_g1.00	EX_sprm_e	0.0	0.0	0.0	8.031387698778818e-10	7.321149815785332e-10	True	True	1.0229002599003654e-15
ME:MDA-MB-435	magnitude_g1.00	EX_srtn_e	0.0	0.0	0.0	5.021936876270877e-09	5.021423277185022e-09	True	True	1.0229002599003654e-15
ME:MDA-MB-435	magnitude_g1.00	EX_succ_e	15.014101290789485	15.014100957460945	3.3332853988099487e-07	8.375115854164505e-07	8.374775770647602e-07	True	True	1.0229002599003654e-15
ME:MDA-MB-435	magnitude_g1.00	EX_sucr_e	0.0	0.0	0.0	0.0	0.0	True	True	1.0229002599003654e-15
ME:MDA-MB-435	magnitude_g1.00	EX_taur_e	0.0	-0.0	0.0	4.277783996262558e-09	4.277454834777927e-09	True	True	1.0229002599003654e-15
ME:MDA-MB-435	magnitude_g1.00	EX_tchola_e	0.0	0.0	0.0	9.416626343178927e-10	9.12400148194329e-10	True	True	1.0229002599003654e-15
ME:MDA-MB-435	magnitude_g1.00	EX_thr__L_e	-1.0272564007096074	-1.0272564007096083	8.881784197001252e-16	1.4638761491880814e-07	1.463808101398456e-07	True	True	1.0229002599003654e-15
ME:MDA-MB-435	magnitude_g1.00	EX_thym_e	0.0	0.0	0.0	2.2438586936305585e-09	2.2437107727313332e-09	True	True	1.0229002599003654e-15
ME:MDA-MB-435	magnitude_g1.00	EX_thymd_e	0.0	0.0	0.0	1.4994445222989595e-09	1.4993394858997533e-09	True	True	1.0229002599003654e-15
ME:MDA-MB-435	magnitude_g1.00	EX_trp__L_e	-0.04371317812479465	-0.04371317812479468	2.7755575615628914e-17	1.41515439019968e-07	1.41509541723428e-07	True	True	1.0229002599003654e-15
ME:MDA-MB-435	magnitude_g1.00	EX_tyr__L_e	-0.5245548522744691	-0.5245548522744695	4.440892098500626e-16	1.4720551577696028e-07	1.4720345742347263e-07	True	True	1.0229002599003654e-15
ME:MDA-MB-435	magnitude_g1.00	EX_ump_e	0.0	0.0	0.0	1.1352304295575137e-09	1.1351670159420735e-09	True	True	1.0229002599003654e-15
ME:MDA-MB-435	magnitude_g1.00	EX_ura_e	0.0	0.0	0.0	3.1084357034324636e-09	3.108370172366648e-09	True	True	1.0229002599003654e-15
ME:MDA-MB-435	magnitude_g1.00	EX_urate_e	0.0	-0.0	0.0	1.303490495309332e-09	1.3034350820065323e-09	True	True	1.0229002599003654e-15
ME:MDA-MB-435	magnitude_g1.00	EX_uri_e	0.0	0.0	0.0	1.809907644999001e-09	1.8098391119103496e-09	True	True	1.0229002599003654e-15
ME:MDA-MB-435	magnitude_g1.00	EX_val__L_e	-1.1583927818698214	-1.1583926498609256	1.3200889581455044e-07	1.415221573264347e-07	1.4150878602237071e-07	True	True	1.0229002599003654e-15
ME:MDA-MB-435	magnitude_g1.00	EX_xan_e	0.0	0.0	0.0	1.3370555878072843e-09	1.3368957330062159e-09	True	True	1.0229002599003654e-15
ME:MDA-MB-435	magnitude_g1.00	EX_xmp_e	0.0	0.0	0.0	1.023984144023807e-09	1.0239490698790579e-09	True	True	1.0229002599003654e-15
ME:MDA-MB-435	magnitude_g1.00	EX_xtsn_e	0.0	0.0	0.0	1.0195303229458973e-09	1.0194593780266104e-09	True	True	1.0229002599003654e-15
ME:SK-MEL-28	magnitude_g1.00	EX_2pg_e	0.0	0.0	0.0	5.440229479921099e-09	5.440089267949588e-09	True	True	7.144977780020009e-15
ME:SK-MEL-28	magnitude_g1.00	EX_34hpp_e	0.0	0.0	0.0	8.342782476809019e-08	8.341981361237316e-08	True	True	7.144977780020009e-15
ME:SK-MEL-28	magnitude_g1.00	EX_3hanthrn_e	0.0	-0.0	0.0	1.727823140071839e-09	1.7276304251776078e-09	True	True	7.144977780020009e-15
ME:SK-MEL-28	magnitude_g1.00	EX_3pg_e	0.0	0.0	0.0	5.6377903164153446e-09	5.637396327529132e-09	True	True	7.144977780020009e-15
ME:SK-MEL-28	magnitude_g1.00	EX_4abut_e	0.0	0.0	0.0	1.9957443468642793e-08	1.995489640194137e-08	True	True	7.144977780020009e-15
ME:SK-MEL-28	magnitude_g1.00	EX_4hbz_e	0.0	-0.0	0.0	3.754442119035799e-09	3.4600966947757595e-09	True	True	7.144977780020009e-15
ME:SK-MEL-28	magnitude_g1.00	EX_L2aadp_e	0.0	0.0	0.0	8.430816673796565e-09	8.429647840498814e-09	True	True	7.144977780020009e-15
ME:SK-MEL-28	magnitude_g1.00	EX_Lkynr_e	0.0	0.0	0.0	3.588339728545173e-09	3.5882692372979363e-09	True	True	7.144977780020009e-15
ME:SK-MEL-28	magnitude_g1.00	EX_acac_e	0.0	0.0	0.0	3.204214771611209e-07	3.20383944811542e-07	True	True	7.144977780020009e-15
ME:SK-MEL-28	magnitude_g1.00	EX_ade_e	0.0	0.0	0.0	7.333104735162534e-10	7.051690342763095e-10	True	True	7.144977780020009e-15
ME:SK-MEL-28	magnitude_g1.00	EX_adn_e	0.0	0.0	0.0	5.813414714854423e-10	5.572253769514646e-10	True	True	7.144977780020009e-15
ME:SK-MEL-28	magnitude_g1.00	EX_ahcys_e	0.0	0.0	0.0	5.309677226685248e-10	5.2531046179638e-10	True	True	7.144977780020009e-15
ME:SK-MEL-28	magnitude_g1.00	EX_akg_e	0.0	0.0	0.0	5.592494918982487e-08	5.59233974684048e-08	True	True	7.144977780020009e-15
ME:SK-MEL-28	magnitude_g1.00	EX_ala__L_e	11.272491732188628	11.272491732188612	1.5987211554602254e-14	4.0226690067868276e-07	4.0226636777163094e-07	True	True	7.144977780020009e-15
ME:SK-MEL-28	magnitude_g1.00	EX_amp_e	0.0	0.0	0.0	5.836787401331954e-10	4.6544013088123393e-10	True	True	7.144977780020009e-15
ME:SK-MEL-28	magnitude_g1.00	EX_anth_e	0.0	0.0	0.0	3.20118693134429e-09	3.2010585701151e-09	True	True	7.144977780020009e-15
ME:SK-MEL-28	magnitude_g1.00	EX_arg__L_e	-1.1802492389233223	-1.180249238923323	6.661338147750939e-16	1.0997903343579196e-07	1.0997485211383662e-07	True	True	7.144977780020009e-15
ME:SK-MEL-28	magnitude_g1.00	EX_asn__L_e	-10.0	-10.0	0.0	2.170778703458609e-07	2.1706456720949063e-07	True	True	7.144977780020009e-15
ME:SK-MEL-28	magnitude_g1.00	EX_asp__L_e	-2.126390196894347	-2.1263901968943717	2.4868995751603507e-14	1.5503706851660581e-07	1.550383479376194e-07	True	True	7.144977780020009e-15
ME:SK-MEL-28	magnitude_g1.00	EX_bilirub_e	0.0	-0.0	0.0	6.821058848002541e-10	3.61930579314088e-10	True	True	7.144977780020009e-15
ME:SK-MEL-28	magnitude_g1.00	EX_cala_e	0.0	0.0	0.0	1.780776984156337e-09	1.7806627283789567e-09	True	True	7.144977780020009e-15
ME:SK-MEL-28	magnitude_g1.00	EX_chol_e	-2.2595698547931384	-2.2595698547931407	2.220446049250313e-15	9.222674224318439e-08	9.222829699950807e-08	True	True	7.144977780020009e-15
ME:SK-MEL-28	magnitude_g1.00	EX_cholp_e	0.0	0.0	0.0	4.761261792271551e-09	4.761457894630894e-09	True	True	7.144977780020009e-15
ME:SK-MEL-28	magnitude_g1.00	EX_cit_e	0.0	-0.0	0.0	7.252220174526646e-08	7.252330469498247e-08	True	True	7.144977780020009e-15
ME:SK-MEL-28	magnitude_g1.00	EX_citr__L_e	0.0	0.0	0.0	2.292024074871076e-08	2.2919937003873514e-08	True	True	7.144977780020009e-15
ME:SK-MEL-28	magnitude_g1.00	EX_cmp_e	0.0	0.0	0.0	0.0	0.0	True	True	7.144977780020009e-15
ME:SK-MEL-28	magnitude_g1.00	EX_crn_e	2.794538993292735e-16	0.0	2.794538993292735e-16	8.156196781026499e-08	8.155820271742165e-08	True	True	7.144977780020009e-15
ME:SK-MEL-28	magnitude_g1.00	EX_cyst__L_e	0.0	0.0	0.0	2.172906439038442e-09	2.172737545436121e-09	True	True	7.144977780020009e-15
ME:SK-MEL-28	magnitude_g1.00	EX_cytd_e	0.0	0.0	0.0	1.0779151107554637e-09	1.078065192672284e-09	True	True	7.144977780020009e-15
ME:SK-MEL-28	magnitude_g1.00	EX_dad_2_e	0.0	0.0	0.0	5.876331758713336e-10	5.498100585921151e-10	True	True	7.144977780020009e-15
ME:SK-MEL-28	magnitude_g1.00	EX_dcmp_e	0.0	0.0	0.0	9.309013352130863e-10	9.309273074631363e-10	True	True	7.144977780020009e-15
ME:SK-MEL-28	magnitude_g1.00	EX_dcyt_e	0.0	0.0	0.0	1.094528798511592e-09	1.0944187778250125e-09	True	True	7.144977780020009e-15
ME:SK-MEL-28	magnitude_g1.00	EX_dhap_e	0.0	0.0	0.0	3.126223681057405e-09	3.126202741121631e-09	True	True	7.144977780020009e-15
ME:SK-MEL-28	magnitude_g1.00	EX_dmgly_e	0.0	0.0	0.0	2.8695504964653713e-09	2.8700073428922224e-09	True	True	7.144977780020009e-15
ME:SK-MEL-28	magnitude_g1.00	EX_duri_e	0.0	0.0	0.0	1.0867015884458826e-09	1.0865918720348589e-09	True	True	7.144977780020009e-15
ME:SK-MEL-28	magnitude_g1.00	EX_ethamp_e	0.0	0.0	0.0	1.2591476684892274e-08	1.2590792186628619e-08	True	True	7.144977780020009e-15
ME:SK-MEL-28	magnitude_g1.00	EX_fol_e	0.0	0.0	0.0	7.807768707720369e-08	7.807960145100878e-08	True	True	7.144977780020009e-15
ME:SK-MEL-28	magnitude_g1.00	EX_fum_e	16.18389245680523	16.18389245680549	2.6290081223123707e-13	4.6271382103668657e-07	4.6271886944282414e-07	True	True	7.144977780020009e-15
ME:SK-MEL-28	magnitude_g1.00	EX_g3pc_e	0.0	0.0	0.0	3.1744387503782722e-09	3.1740086114950827e-09	True	True	7.144977780020009e-15
ME:SK-MEL-28	magnitude_g1.00	EX_glc__D_e	-10.0	-10.0	0.0	4.311088375175132e-09	4.3102446056764165e-09	True	True	7.144977780020009e-15
ME:SK-MEL-28	magnitude_g1.00	EX_glcur_e	0.0	0.0	0.0	3.5525529697356847e-09	3.5524223562788393e-09	True	True	7.144977780020009e-15
ME:SK-MEL-28	magnitude_g1.00	EX_gln__L_e	-10.0	-10.0	0.0	1.4817479510043086e-07	1.4815813464963412e-07	True	True	7.144977780020009e-15
ME:SK-MEL-28	magnitude_g1.00	EX_glu__L_e	-10.0	-10.0	0.0	6.762843263175e-08	6.762916981983835e-08	True	True	7.144977780020009e-15
ME:SK-MEL-28	magnitude_g1.00	EX_gly_e	-6.440748811844328	-6.440748811844324	3.552713678800501e-15	3.3806813526382484e-07	3.3805290566846224e-07	True	True	7.144977780020009e-15
ME:SK-MEL-28	magnitude_g1.00	EX_glyald_e	0.0	0.0	0.0	7.314851216757633e-09	7.3146875223528696e-09	True	True	7.144977780020009e-15
ME:SK-MEL-28	magnitude_g1.00	EX_glyb_e	0.0	0.0	0.0	1.7858243472135293e-08	1.7858314534773375e-08	True	True	7.144977780020009e-15
ME:SK-MEL-28	magnitude_g1.00	EX_glyc3p_e	0.0	0.0	0.0	3.0496791908096134e-09	3.049844821134684e-09	True	True	7.144977780020009e-15
ME:SK-MEL-28	magnitude_g1.00	EX_gmp_e	0.0	-0.0	0.0	6.482582803188937e-10	0.0	True	True	7.144977780020009e-15
ME:SK-MEL-28	magnitude_g1.00	EX_gthox_e	0.0	-0.0	0.0	6.146429171844169e-09	6.146586573052559e-09	True	True	7.144977780020009e-15
ME:SK-MEL-28	magnitude_g1.00	EX_hcys__L_e	0.0	0.0	0.0	2.926949957493473e-09	2.9267708256952574e-09	True	True	7.144977780020009e-15
ME:SK-MEL-28	magnitude_g1.00	EX_hom__L_e	0.0	-0.0	0.0	0.0	0.0	True	True	7.144977780020009e-15
ME:SK-MEL-28	magnitude_g1.00	EX_hxan_e	0.0	0.0	0.0	8.528725705314839e-10	8.311644705827348e-10	True	True	7.144977780020009e-15
ME:SK-MEL-28	magnitude_g1.00	EX_icit_e	0.0	-0.0	0.0	8.610602102381415e-08	8.610461144087367e-08	True	True	7.144977780020009e-15
ME:SK-MEL-28	magnitude_g1.00	EX_ile__L_e	-0.9398300444600183	-0.9398300444600189	6.661338147750939e-16	8.703354137384878e-08	8.702355558387609e-08	True	True	7.144977780020009e-15
ME:SK-MEL-28	magnitude_g1.00	EX_imp_e	0.0	0.0	0.0	6.37602186557931e-10	6.376197347890411e-10	True	True	7.144977780020009e-15
ME:SK-MEL-28	magnitude_g1.00	EX_ins_e	0.0	0.0	0.0	6.343841275745128e-10	6.330442836599559e-10	True	True	7.144977780020009e-15
ME:SK-MEL-28	magnitude_g1.00	EX_lac__L_e	11.058768876459732	11.058768876460007	2.753353101070388e-13	6.643134344841428e-07	6.642848902060905e-07	True	True	7.144977780020009e-15
ME:SK-MEL-28	magnitude_g1.00	EX_lcts_e	0.0	0.0	0.0	1.2774993793092042e-09	1.063972826509385e-09	True	True	7.144977780020009e-15
ME:SK-MEL-28	magnitude_g1.00	EX_leu__L_e	-1.7922337326704476	-1.7922337326704487	1.1102230246251565e-15	9.588877625255066e-08	9.587716709447136e-08	True	True	7.144977780020009e-15
ME:SK-MEL-28	magnitude_g1.00	EX_lys__L_e	-1.9452265708841618	-1.9452265708841634	1.5543122344752192e-15	1.531198945414758e-07	1.5312278245360744e-07	True	True	7.144977780020009e-15
ME:SK-MEL-28	magnitude_g1.00	EX_mal__L_e	0.0	-0.0	0.0	1.5935200419064708e-07	1.593492147122788e-07	True	True	7.144977780020009e-15
ME:SK-MEL-28	magnitude_g1.00	EX_met__L_e	-7.014416559391812	-7.014416559392053	2.4158453015843406e-13	9.171428718701691e-07	9.171268882113282e-07	True	True	7.144977780020009e-15
ME:SK-MEL-28	magnitude_g1.00	EX_nac_e	0.0	-0.0	0.0	1.4188910862181748e-08	1.4188783481472456e-08	True	True	7.144977780020009e-15
ME:SK-MEL-28	magnitude_g1.00	EX_ncam_e	0.0	0.0	0.0	8.702819375148479e-08	8.702346560563374e-08	True	True	7.144977780020009e-15
ME:SK-MEL-28	magnitude_g1.00	EX_nicrnt_e	0.0	0.0	0.0	1.5801934734603929e-09	1.5800774022523e-09	True	True	7.144977780020009e-15
ME:SK-MEL-28	magnitude_g1.00	EX_orn_e	0.0	0.0	0.0	4.561880631137813e-08	4.5616626920264025e-08	True	True	7.144977780020009e-15
ME:SK-MEL-28	magnitude_g1.00	EX_orot5p_e	0.0	0.0	0.0	9.582021723376259e-10	9.582077908909525e-10	True	True	7.144977780020009e-15
ME:SK-MEL-28	magnitude_g1.00	EX_orot_e	0.0	0.0	0.0	2.1930846920350525e-09	2.1928984184071965e-09	True	True	7.144977780020009e-15
ME:SK-MEL-28	magnitude_g1.00	EX_oxa_e	0.0	-0.0	0.0	5.3665162015610766e-09	5.365910116255724e-09	True	True	7.144977780020009e-15
ME:SK-MEL-28	magnitude_g1.00	EX_pep_e	0.0	0.0	0.0	5.82759216080254e-09	5.826683358023388e-09	True	True	7.144977780020009e-15
ME:SK-MEL-28	magnitude_g1.00	EX_phe__L_e	-0.8524036882104288	-0.8524036882104296	7.771561172376096e-16	1.4162419170737905e-07	1.416239996387958e-07	True	True	7.144977780020009e-15
ME:SK-MEL-28	magnitude_g1.00	EX_pnto__R_e	0.0	-0.0	0.0	8.6699008741644e-08	8.66965663288938e-08	True	True	7.144977780020009e-15
ME:SK-MEL-28	magnitude_g1.00	EX_pro__L_e	-1.3551019514225011	-1.3551019514225018	6.661338147750939e-16	1.384898458134387e-07	1.3848096602764315e-07	True	True	7.144977780020009e-15
ME:SK-MEL-28	magnitude_g1.00	EX_quln_e	0.0	0.0	0.0	1.151727182794852e-09	1.1517102344753812e-09	True	True	7.144977780020009e-15
ME:SK-MEL-28	magnitude_g1.00	EX_sbt__D_e	0.0	0.0	0.0	0.0	0.0	True	True	7.144977780020009e-15
ME:SK-MEL-28	magnitude_g1.00	EX_ser__L_e	-10.0	-10.0	0.0	9.168894976596675e-09	9.1687653025474e-09	True	True	7.144977780020009e-15
ME:SK-MEL-28	magnitude_g1.00	EX_spmd_e	0.0	0.0	0.0	8.921786132745697e-10	8.921474046817247e-10	True	True	7.144977780020009e-15
ME:SK-MEL-28	magnitude_g1.00	EX_sprm_e	0.0	0.0	0.0	4.6009040469555577e-10	4.558322882193337e-10	True	True	7.144977780020009e-15
ME:SK-MEL-28	magnitude_g1.00	EX_srtn_e	0.0	0.0	0.0	3.40658177473604e-09	3.406736226452267e-09	True	True	7.144977780020009e-15
ME:SK-MEL-28	magnitude_g1.00	EX_succ_e	15.014101322504963	15.014101322505198	2.3447910280083306e-13	1.958245494648736e-07	1.9582045673871562e-07	True	True	7.144977780020009e-15
ME:SK-MEL-28	magnitude_g1.00	EX_sucr_e	0.0	0.0	0.0	0.0	0.0	True	True	7.144977780020009e-15
ME:SK-MEL-28	magnitude_g1.00	EX_taur_e	0.0	0.0	0.0	2.8415588546259707e-09	2.841311186330131e-09	True	True	7.144977780020009e-15
ME:SK-MEL-28	magnitude_g1.00	EX_tchola_e	0.0	0.0	0.0	9.661245668305488e-10	6.074930525279296e-10	True	True	7.144977780020009e-15
ME:SK-MEL-28	magnitude_g1.00	EX_thr__L_e	-1.0272564007096077	-1.0272564007096083	6.661338147750939e-16	8.702991616260647e-08	8.702321863118812e-08	True	True	7.144977780020009e-15
ME:SK-MEL-28	magnitude_g1.00	EX_thym_e	0.0	0.0	0.0	1.370001548753369e-09	1.37011696432765e-09	True	True	7.144977780020009e-15
ME:SK-MEL-28	magnitude_g1.00	EX_thymd_e	0.0	0.0	0.0	9.19006819512332e-10	9.190001190595432e-10	True	True	7.144977780020009e-15
ME:SK-MEL-28	magnitude_g1.00	EX_trp__L_e	-0.04371317812479465	-0.04371317812479468	2.7755575615628914e-17	8.702287366407768e-08	8.702418045208882e-08	True	True	7.144977780020009e-15
ME:SK-MEL-28	magnitude_g1.00	EX_tyr__L_e	-0.5245548522744691	-0.5245548522744695	4.440892098500626e-16	9.104582643360004e-08	9.104244513835624e-08	True	True	7.144977780020009e-15
ME:SK-MEL-28	magnitude_g1.00	EX_ump_e	0.0	0.0	0.0	6.965059817553553e-10	6.964892551586388e-10	True	True	7.144977780020009e-15
ME:SK-MEL-28	magnitude_g1.00	EX_ura_e	0.0	0.0	0.0	1.9237838758441446e-09	1.9237160198137815e-09	True	True	7.144977780020009e-15
ME:SK-MEL-28	magnitude_g1.00	EX_urate_e	0.0	-0.0	0.0	8.272257793913382e-10	7.959836391621518e-10	True	True	7.144977780020009e-15
ME:SK-MEL-28	magnitude_g1.00	EX_uri_e	0.0	0.0	0.0	1.108442191376502e-09	1.108263425475542e-09	True	True	7.144977780020009e-15
ME:SK-MEL-28	magnitude_g1.00	EX_val__L_e	-1.1583927368902276	-1.1583926498609256	8.702930198722925e-08	8.702384235448335e-08	8.702584985975648e-08	True	True	7.144977780020009e-15
ME:SK-MEL-28	magnitude_g1.00	EX_xan_e	0.0	0.0	0.0	8.508608792782786e-10	8.177656884988949e-10	True	True	7.144977780020009e-15
ME:SK-MEL-28	magnitude_g1.00	EX_xmp_e	0.0	0.0	0.0	6.366463812566225e-10	6.270285402010245e-10	True	True	7.144977780020009e-15
ME:SK-MEL-28	magnitude_g1.00	EX_xtsn_e	0.0	0.0	0.0	6.319024817665497e-10	6.240515326716434e-10	True	True	7.144977780020009e-15
ME:UACC-257	magnitude_g1.00	EX_2pg_e	0.0	0.0	0.0	5.363633110517831e-09	5.3634572338978614e-09	True	True	5.480650316414538e-15
ME:UACC-257	magnitude_g1.00	EX_34hpp_e	0.0	-0.0	0.0	6.710952430962436e-08	6.710324029768344e-08	True	True	5.480650316414538e-15
ME:UACC-257	magnitude_g1.00	EX_3hanthrn_e	0.0	0.0	0.0	1.6488983514605754e-09	1.6489093832561251e-09	True	True	5.480650316414538e-15
ME:UACC-257	magnitude_g1.00	EX_3pg_e	0.0	0.0	0.0	5.553818584244201e-09	5.553282278469851e-09	True	True	5.480650316414538e-15
ME:UACC-257	magnitude_g1.00	EX_4abut_e	0.0	0.0	0.0	2.505613147001982e-08	2.5056316231571056e-08	True	True	5.480650316414538e-15
ME:UACC-257	magnitude_g1.00	EX_4hbz_e	0.0	-0.0	0.0	3.7085177286275675e-09	3.4145808468528014e-09	True	True	5.480650316414538e-15
ME:UACC-257	magnitude_g1.00	EX_L2aadp_e	0.0	0.0	0.0	8.610257119325679e-09	8.60959663401741e-09	True	True	5.480650316414538e-15
ME:UACC-257	magnitude_g1.00	EX_Lkynr_e	0.0	0.0	0.0	3.4480405855007475e-09	3.4478967458895227e-09	True	True	5.480650316414538e-15
ME:UACC-257	magnitude_g1.00	EX_acac_e	0.0	-0.0	0.0	1.423329319568335e-07	1.4232400410291168e-07	True	True	5.480650316414538e-15
ME:UACC-257	magnitude_g1.00	EX_ade_e	0.0	0.0	0.0	7.382450014609618e-10	7.083906794491668e-10	True	True	5.480650316414538e-15
ME:UACC-257	magnitude_g1.00	EX_adn_e	0.0	0.0	0.0	5.845592231210575e-10	5.595715002471024e-10	True	True	5.480650316414538e-15
ME:UACC-257	magnitude_g1.00	EX_ahcys_e	0.0	0.0	0.0	5.353838396135378e-10	5.298472771642082e-10	True	True	5.480650316414538e-15
ME:UACC-257	magnitude_g1.00	EX_akg_e	0.0	0.0	0.0	6.566153580823549e-08	6.566226495863248e-08	True	True	5.480650316414538e-15
ME:UACC-257	magnitude_g1.00	EX_ala__L_e	11.272491740644368	11.272491732188598	8.455769417992087e-09	4.692656752069979e-07	4.6927539365526627e-07	True	True	5.480650316414538e-15
ME:UACC-257	magnitude_g1.00	EX_amp_e	0.0	0.0	0.0	5.878325770821616e-10	4.670366315906449e-10	True	True	5.480650316414538e-15
ME:UACC-257	magnitude_g1.00	EX_anth_e	0.0	0.0	0.0	3.0912812843506553e-09	3.0909640251763904e-09	True	True	5.480650316414538e-15
ME:UACC-257	magnitude_g1.00	EX_arg__L_e	-1.1802492389233221	-1.180249238923323	8.881784197001252e-16	1.5697376110068717e-07	1.5697215816068422e-07	True	True	5.480650316414538e-15
ME:UACC-257	magnitude_g1.00	EX_asn__L_e	-10.0	-10.0	0.0	1.6683717163346046e-07	1.6685284620621132e-07	True	True	5.480650316414538e-15
ME:UACC-257	magnitude_g1.00	EX_asp__L_e	-2.1263901968943935	-2.126390196894389	4.440892098500626e-15	1.8010896107867325e-07	1.8009135160923506e-07	True	True	5.480650316414538e-15
ME:UACC-257	magnitude_g1.00	EX_bilirub_e	0.0	-0.0	0.0	6.459961967869867e-10	3.5212807671284575e-10	True	True	5.480650316414538e-15
ME:UACC-257	magnitude_g1.00	EX_cala_e	0.0	0.0	0.0	1.8094268005159314e-09	1.8091864673053237e-09	True	True	5.480650316414538e-15
ME:UACC-257	magnitude_g1.00	EX_chol_e	-2.259569854793141	-2.25956985479314	8.881784197001252e-16	8.772780901722399e-08	8.771635862103722e-08	True	True	5.480650316414538e-15
ME:UACC-257	magnitude_g1.00	EX_cholp_e	0.0	0.0	0.0	4.748370799956009e-09	4.748176740676513e-09	True	True	5.480650316414538e-15
ME:UACC-257	magnitude_g1.00	EX_cit_e	0.0	0.0	0.0	9.473975171631584e-08	9.473219497735386e-08	True	True	5.480650316414538e-15
ME:UACC-257	magnitude_g1.00	EX_citr__L_e	0.0	0.0	0.0	2.40707946710278e-08	2.4069439052976094e-08	True	True	5.480650316414538e-15
ME:UACC-257	magnitude_g1.00	EX_cmp_e	0.0	0.0	0.0	0.0	0.0	True	True	5.480650316414538e-15
ME:UACC-257	magnitude_g1.00	EX_crn_e	3.3610611191736495e-16	0.0	3.3610611191736495e-16	1.6373032076930745e-07	1.6372536468418908e-07	True	True	5.480650316414538e-15
ME:UACC-257	magnitude_g1.00	EX_cyst__L_e	0.0	0.0	0.0	2.2147332176444975e-09	2.2147927936089218e-09	True	True	5.480650316414538e-15
ME:UACC-257	magnitude_g1.00	EX_cytd_e	0.0	0.0	0.0	1.0906552631700175e-09	1.0905782943382292e-09	True	True	5.480650316414538e-15
ME:UACC-257	magnitude_g1.00	EX_dad_2_e	0.0	0.0	0.0	5.961392747465171e-10	5.528800750553842e-10	True	True	5.480650316414538e-15
ME:UACC-257	magnitude_g1.00	EX_dcmp_e	0.0	0.0	0.0	9.409214469832315e-10	9.409851786656986e-10	True	True	5.480650316414538e-15
ME:UACC-257	magnitude_g1.00	EX_dcyt_e	0.0	0.0	0.0	1.1139060237392377e-09	1.113834080523901e-09	True	True	5.480650316414538e-15
ME:UACC-257	magnitude_g1.00	EX_dhap_e	0.0	0.0	0.0	3.134562741089467e-09	3.1347562323702505e-09	True	True	5.480650316414538e-15
ME:UACC-257	magnitude_g1.00	EX_dmgly_e	0.0	0.0	0.0	2.7365346008374046e-09	2.7365317379759984e-09	True	True	5.480650316414538e-15
ME:UACC-257	magnitude_g1.00	EX_duri_e	0.0	0.0	0.0	1.103262112174954e-09	1.1032630364837814e-09	True	True	5.480650316414538e-15
ME:UACC-257	magnitude_g1.00	EX_ethamp_e	0.0	0.0	0.0	1.665024445590655e-08	1.6649547740499315e-08	True	True	5.480650316414538e-15
ME:UACC-257	magnitude_g1.00	EX_fol_e	-2.3943446001153115e-15	-0.0	2.3943446001153115e-15	7.343007076673966e-08	7.342451061001024e-08	True	True	5.480650316414538e-15
ME:UACC-257	magnitude_g1.00	EX_fum_e	16.183889170631925	16.18388920822159	3.758966471423264e-08	8.696681774722492e-07	8.695965973970488e-07	True	True	5.480650316414538e-15
ME:UACC-257	magnitude_g1.00	EX_g3pc_e	0.0	0.0	0.0	3.20186523109159e-09	3.2019504825342437e-09	True	True	5.480650316414538e-15
ME:UACC-257	magnitude_g1.00	EX_glc__D_e	-10.0	-10.0	0.0	4.374973272547322e-09	4.374760109726594e-09	True	True	5.480650316414538e-15
ME:UACC-257	magnitude_g1.00	EX_glcur_e	0.0	0.0	0.0	3.482863965283469e-09	3.30975780116205e-09	True	True	5.480650316414538e-15
ME:UACC-257	magnitude_g1.00	EX_gln__L_e	-10.0	-10.0	0.0	1.1520992693192511e-07	1.152120141512114e-07	True	True	5.480650316414538e-15
ME:UACC-257	magnitude_g1.00	EX_glu__L_e	-10.0	-10.0	0.0	6.329615409583766e-08	6.328872537153529e-08	True	True	5.480650316414538e-15
ME:UACC-257	magnitude_g1.00	EX_gly_e	-6.440748828755864	-6.4407488118443155	1.691154860594679e-08	6.542957668997929e-07	6.542682822185952e-07	True	True	5.480650316414538e-15
ME:UACC-257	magnitude_g1.00	EX_glyald_e	0.0	0.0	0.0	7.52935562997137e-09	7.528836221126767e-09	True	True	5.480650316414538e-15
ME:UACC-257	magnitude_g1.00	EX_glyb_e	0.0	0.0	0.0	1.8651581229970182e-08	1.865220809439195e-08	True	True	5.480650316414538e-15
ME:UACC-257	magnitude_g1.00	EX_glyc3p_e	0.0	0.0	0.0	3.0599484723050785e-09	3.060087072626061e-09	True	True	5.480650316414538e-15
ME:UACC-257	magnitude_g1.00	EX_gmp_e	0.0	-0.0	0.0	6.521729716429142e-10	0.0	True	True	5.480650316414538e-15
ME:UACC-257	magnitude_g1.00	EX_gthox_e	0.0	-0.0	0.0	5.883229126546556e-09	5.883176612542229e-09	True	True	5.480650316414538e-15
ME:UACC-257	magnitude_g1.00	EX_hcys__L_e	0.0	0.0	0.0	3.0248246289541265e-09	3.024713812749269e-09	True	True	5.480650316414538e-15
ME:UACC-257	magnitude_g1.00	EX_hom__L_e	0.0	-0.0	0.0	0.0	0.0	True	True	5.480650316414538e-15
ME:UACC-257	magnitude_g1.00	EX_hxan_e	0.0	0.0	0.0	8.348712800891618e-10	8.348377822375852e-10	True	True	5.480650316414538e-15
ME:UACC-257	magnitude_g1.00	EX_icit_e	0.0	-0.0	0.0	5.668578113233838e-08	5.668397440317108e-08	True	True	5.480650316414538e-15
ME:UACC-257	magnitude_g1.00	EX_ile__L_e	-0.9398300444600183	-0.9398300444600189	6.661338147750939e-16	9.540004941577251e-08	9.53971721617819e-08	True	True	5.480650316414538e-15
ME:UACC-257	magnitude_g1.00	EX_imp_e	0.0	0.0	0.0	6.394418077537008e-10	6.393994778086665e-10	True	True	5.480650316414538e-15
ME:UACC-257	magnitude_g1.00	EX_ins_e	0.0	0.0	0.0	6.395283736737212e-10	6.356434822940571e-10	True	True	5.480650316414538e-15
ME:UACC-257	magnitude_g1.00	EX_lac__L_e	11.058773455118306	11.058773424477888	3.064041820266539e-08	1.4757354751537832e-06	1.4756926560721695e-06	True	True	5.480650316414538e-15
ME:UACC-257	magnitude_g1.00	EX_lcts_e	0.0	0.0	0.0	1.080911754581929e-09	1.0809593220528768e-09	True	True	5.480650316414538e-15
ME:UACC-257	magnitude_g1.00	EX_leu__L_e	-1.7922337326704472	-1.7922337326704487	1.5543122344752192e-15	8.26860224734105e-08	8.268397189148402e-08	True	True	5.480650316414538e-15
ME:UACC-257	magnitude_g1.00	EX_lys__L_e	-1.9452265708841616	-1.9452265708841634	1.7763568394002505e-15	2.3128872861377658e-07	2.3127048942583883e-07	True	True	5.480650316414538e-15
ME:UACC-257	magnitude_g1.00	EX_mal__L_e	0.0	-0.0	0.0	1.2933195073603303e-07	1.2932661519471367e-07	True	True	5.480650316414538e-15
ME:UACC-257	magnitude_g1.00	EX_met__L_e	-4.27159217597608	-4.271592286373353	1.1039727265682586e-07	1.8211777401688778e-06	1.8213766450614344e-06	True	True	5.480650316414538e-15
ME:UACC-257	magnitude_g1.00	EX_nac_e	1.85510459291285e-15	-0.0	1.85510459291285e-15	1.4790346161527077e-08	1.4789870177041435e-08	True	True	5.480650316414538e-15
ME:UACC-257	magnitude_g1.00	EX_ncam_e	0.0	0.0	0.0	9.021551928555955e-08	9.022366853628228e-08	True	True	5.480650316414538e-15
ME:UACC-257	magnitude_g1.00	EX_nicrnt_e	0.0	0.0	0.0	1.5989497392247835e-09	1.598954635362304e-09	True	True	5.480650316414538e-15
ME:UACC-257	magnitude_g1.00	EX_orn_e	0.0	0.0	0.0	7.461238904217933e-08	7.462979812797877e-08	True	True	5.480650316414538e-15
ME:UACC-257	magnitude_g1.00	EX_orot5p_e	0.0	0.0	0.0	9.64931615220293e-10	9.649596677263617e-10	True	True	5.480650316414538e-15
ME:UACC-257	magnitude_g1.00	EX_orot_e	0.0	0.0	0.0	2.2056224973202298e-09	2.2055017256938925e-09	True	True	5.480650316414538e-15
ME:UACC-257	magnitude_g1.00	EX_oxa_e	0.0	-0.0	0.0	5.079909927488119e-09	5.080647014210626e-09	True	True	5.480650316414538e-15
ME:UACC-257	magnitude_g1.00	EX_pep_e	0.0	0.0	0.0	5.789985766693575e-09	5.7898006389223156e-09	True	True	5.480650316414538e-15
ME:UACC-257	magnitude_g1.00	EX_phe__L_e	-0.8524036882104289	-0.8524036882104296	6.661338147750939e-16	1.0349535062292858e-07	1.0349150336708135e-07	True	True	5.480650316414538e-15
ME:UACC-257	magnitude_g1.00	EX_pnto__R_e	0.0	0.0	0.0	6.868071913609239e-08	6.868124479161217e-08	True	True	5.480650316414538e-15
ME:UACC-257	magnitude_g1.00	EX_pro__L_e	-1.355101951422501	-1.3551019514225018	8.881784197001252e-16	1.7330527923853367e-07	1.7329330681548072e-07	True	True	5.480650316414538e-15
ME:UACC-257	magnitude_g1.00	EX_quln_e	0.0	0.0	0.0	1.0973252751019557e-09	1.0974055951789915e-09	True	True	5.480650316414538e-15
ME:UACC-257	magnitude_g1.00	EX_sbt__D_e	0.0	0.0	0.0	0.0	0.0	True	True	5.480650316414538e-15
ME:UACC-257	magnitude_g1.00	EX_ser__L_e	-10.0	-10.0	0.0	8.941094975511987e-09	8.941404061602043e-09	True	True	5.480650316414538e-15
ME:UACC-257	magnitude_g1.00	EX_spmd_e	0.0	0.0	0.0	9.074926594263784e-10	9.075389585232424e-10	True	True	5.480650316414538e-15
ME:UACC-257	magnitude_g1.00	EX_sprm_e	0.0	0.0	0.0	4.6562842365015734e-10	4.6156422422286656e-10	True	True	5.480650316414538e-15
ME:UACC-257	magnitude_g1.00	EX_srtn_e	0.0	0.0	0.0	3.2433414736377755e-09	3.243321486588272e-09	True	True	5.480650316414538e-15
ME:UACC-257	magnitude_g1.00	EX_succ_e	15.014101314049526	15.014101322505363	8.455836919551984e-09	8.695542916825616e-07	8.69501327827038e-07	True	True	5.480650316414538e-15
ME:UACC-257	magnitude_g1.00	EX_sucr_e	0.0	0.0	0.0	0.0	0.0	True	True	5.480650316414538e-15
ME:UACC-257	magnitude_g1.00	EX_taur_e	0.0	-0.0	0.0	2.7260097431481785e-09	2.725879966192224e-09	True	True	5.480650316414538e-15
ME:UACC-257	magnitude_g1.00	EX_tchola_e	0.0	0.0	0.0	9.087579507028282e-10	5.835766199602752e-10	True	True	5.480650316414538e-15
ME:UACC-257	magnitude_g1.00	EX_thr__L_e	-1.0272564007096079	-1.0272564007096083	4.440892098500626e-16	9.54012302489815e-08	9.539993239826572e-08	True	True	5.480650316414538e-15
ME:UACC-257	magnitude_g1.00	EX_thym_e	0.0	0.0	0.0	1.3918673909529768e-09	1.391840587228188e-09	True	True	5.480650316414538e-15
ME:UACC-257	magnitude_g1.00	EX_thymd_e	0.0	0.0	0.0	9.303691023499792e-10	9.303659509463102e-10	True	True	5.480650316414538e-15
ME:UACC-257	magnitude_g1.00	EX_trp__L_e	-0.04371321678843077	-0.04371317812479468	3.86636360913406e-08	8.012565753251488e-08	8.012559016279397e-08	True	True	5.480650316414538e-15
ME:UACC-257	magnitude_g1.00	EX_tyr__L_e	-0.5245548522744691	-0.5245548522744695	4.440892098500626e-16	8.511087246088067e-08	8.510649063264708e-08	True	True	5.480650316414538e-15
ME:UACC-257	magnitude_g1.00	EX_ump_e	0.0	0.0	0.0	7.018332495853738e-10	7.017402214870572e-10	True	True	5.480650316414538e-15
ME:UACC-257	magnitude_g1.00	EX_ura_e	0.0	0.0	0.0	1.949525367321966e-09	1.9495666747637586e-09	True	True	5.480650316414538e-15
ME:UACC-257	magnitude_g1.00	EX_urate_e	0.0	-0.0	0.0	8.496709128624184e-10	7.978953095474279e-10	True	True	5.480650316414538e-15
ME:UACC-257	magnitude_g1.00	EX_uri_e	0.0	0.0	0.0	1.1223726677471093e-09	1.122354043037177e-09	True	True	5.480650316414538e-15
ME:UACC-257	magnitude_g1.00	EX_val__L_e	-1.1583927271881969	-1.1583926498609256	7.732727125286942e-08	8.01277015849422e-08	8.012349894670479e-08	True	True	5.480650316414538e-15
ME:UACC-257	magnitude_g1.00	EX_xan_e	0.0	0.0	0.0	8.445078744719267e-10	8.197223178019186e-10	True	True	5.480650316414538e-15
ME:UACC-257	magnitude_g1.00	EX_xmp_e	0.0	0.0	0.0	6.363447192828724e-10	6.287436682406167e-10	True	True	5.480650316414538e-15
ME:UACC-257	magnitude_g1.00	EX_xtsn_e	0.0	0.0	0.0	6.325473011165823e-10	6.25928808783982e-10	True	True	5.480650316414538e-15
ME:UACC-257	ordinal	EX_2pg_e	0.0	0.0	0.0	1.4420179964701704e-09	1.4426113637000526e-09	True	True	5.623504850871335e-15
ME:UACC-257	ordinal	EX_34hpp_e	0.0	-0.0	0.0	3.463528399668184e-08	3.4649826119448335e-08	True	True	5.623504850871335e-15
ME:UACC-257	ordinal	EX_3hanthrn_e	0.0	0.0	0.0	6.396031615365917e-10	6.397966600957261e-10	True	True	5.623504850871335e-15
ME:UACC-257	ordinal	EX_3pg_e	0.0	0.0	0.0	1.4457722215094105e-09	1.4460788122505619e-09	True	True	5.623504850871335e-15
ME:UACC-257	ordinal	EX_4abut_e	0.0	-0.0	0.0	3.989729167674328e-09	3.991662111957339e-09	True	True	5.623504850871335e-15
ME:UACC-257	ordinal	EX_4hbz_e	0.0	-0.0	0.0	1.115004374872847e-09	1.027826712629576e-09	True	True	5.623504850871335e-15
ME:UACC-257	ordinal	EX_L2aadp_e	0.0	0.0	0.0	1.9169432906912055e-09	1.9172503584741207e-09	True	True	5.623504850871335e-15
ME:UACC-257	ordinal	EX_Lkynr_e	0.0	0.0	0.0	1.3412990095449328e-09	1.3417640332136216e-09	True	True	5.623504850871335e-15
ME:UACC-257	ordinal	EX_acac_e	0.028722705271687812	0.028722705271687955	1.4224732503009818e-16	6.510840507359394e-08	6.512668474303873e-08	True	True	5.623504850871335e-15
ME:UACC-257	ordinal	EX_ade_e	0.0	0.0	0.0	2.306262916503337e-10	2.073574645322651e-10	True	True	5.623504850871335e-15
ME:UACC-257	ordinal	EX_adn_e	0.0	0.0	0.0	1.7016332231786755e-10	1.5750711845896603e-10	True	True	5.623504850871335e-15
ME:UACC-257	ordinal	EX_ahcys_e	0.0	0.0	0.0	1.550152547681508e-10	1.5303314171433158e-10	True	True	5.623504850871335e-15
ME:UACC-257	ordinal	EX_akg_e	0.0	0.0	0.0	1.6139388197000082e-08	1.6142596592771952e-08	True	True	5.623504850871335e-15
ME:UACC-257	ordinal	EX_ala__L_e	13.87490079154446	13.874900791544105	3.552713678800501e-13	2.9655702249442584e-07	2.9658546729649515e-07	True	True	5.623504850871335e-15
ME:UACC-257	ordinal	EX_amp_e	0.0	0.0	0.0	1.7086812497595337e-10	1.333964050331815e-10	True	True	5.623504850871335e-15
ME:UACC-257	ordinal	EX_anth_e	0.0	0.0	0.0	1.1712883213892868e-09	1.1717489201146236e-09	True	True	5.623504850871335e-15
ME:UACC-257	ordinal	EX_arg__L_e	-1.1802492389233223	-1.180249238923323	6.661338147750939e-16	6.196164468175169e-07	6.197462043555646e-07	True	True	5.623504850871335e-15
ME:UACC-257	ordinal	EX_asn__L_e	-10.0	-10.0	0.0	1.0577543285705815e-07	1.0578283493600793e-07	True	True	5.623504850871335e-15
ME:UACC-257	ordinal	EX_asp__L_e	-9.999999613792147	-9.999999166881414	4.4691073242120183e-07	1.3032790171507713e-06	1.3036506647523538e-06	True	True	5.623504850871335e-15
ME:UACC-257	ordinal	EX_bilirub_e	0.0	-0.0	0.0	1.2315174978203649e-10	1.2215028988293852e-10	True	True	5.623504850871335e-15
ME:UACC-257	ordinal	EX_cala_e	0.0	0.0	0.0	5.641154775808843e-10	5.586431317539109e-10	True	True	5.623504850871335e-15
ME:UACC-257	ordinal	EX_chol_e	-2.8799338227668025	-2.879933822766686	1.163513729807164e-13	1.6023474369575297e-07	1.6026017402026582e-07	True	True	5.623504850871335e-15
ME:UACC-257	ordinal	EX_cholp_e	0.0	0.0	0.0	1.341969775557615e-09	1.3420513589323946e-09	True	True	5.623504850871335e-15
ME:UACC-257	ordinal	EX_cit_e	0.0	-0.0	0.0	1.7702161856011306e-07	1.7708210009459435e-07	True	True	5.623504850871335e-15
ME:UACC-257	ordinal	EX_citr__L_e	0.0	0.0	0.0	5.672168228193126e-09	5.67214408775385e-09	True	True	5.623504850871335e-15
ME:UACC-257	ordinal	EX_cmp_e	0.0	0.0	0.0	3.208633840474599e-10	0.0	True	True	5.623504850871335e-15
ME:UACC-257	ordinal	EX_crn_e	-1.926500877248836e-17	0.0	1.926500877248836e-17	1.3206958883803526e-08	1.3213032445946737e-08	True	True	5.623504850871335e-15
ME:UACC-257	ordinal	EX_cyst__L_e	0.0	-0.0	0.0	6.487764564135517e-10	6.49057141366427e-10	True	True	5.623504850871335e-15
ME:UACC-257	ordinal	EX_cytd_e	0.0	0.0	0.0	3.183238493143957e-10	3.1003311029564884e-10	True	True	5.623504850871335e-15
ME:UACC-257	ordinal	EX_dad_2_e	0.0	0.0	0.0	1.8214483361789078e-10	1.5790890817157788e-10	True	True	5.623504850871335e-15
ME:UACC-257	ordinal	EX_dcmp_e	0.0	0.0	0.0	2.727842182904042e-10	2.7285707027147055e-10	True	True	5.623504850871335e-15
ME:UACC-257	ordinal	EX_dcyt_e	0.0	0.0	0.0	3.1511068092189263e-10	3.1521241172782766e-10	True	True	5.623504850871335e-15
ME:UACC-257	ordinal	EX_dhap_e	0.0	0.0	0.0	7.991725804145872e-10	7.993588013732733e-10	True	True	5.623504850871335e-15
ME:UACC-257	ordinal	EX_dmgly_e	0.0	0.0	0.0	8.213942282951659e-10	8.218455249675571e-10	True	True	5.623504850871335e-15
ME:UACC-257	ordinal	EX_duri_e	0.0	0.0	0.0	3.181940081716094e-10	3.1326560789857183e-10	True	True	5.623504850871335e-15
ME:UACC-257	ordinal	EX_ethamp_e	0.0	1e-06	1e-06	0.6203640760263693	0.6203640760462232	False	False	5.623504850871335e-15
ME:UACC-257	ordinal	EX_fol_e	0.0	-0.0	0.0	2.198542076103324e-08	2.1986629406001157e-08	True	True	5.623504850871335e-15
ME:UACC-257	ordinal	EX_fum_e	21.952108647566536	21.952108658981327	1.1414790890285076e-08	2.118695121566816e-06	2.119226049757117e-06	True	True	5.623504850871335e-15
ME:UACC-257	ordinal	EX_g3pc_e	0.0	0.0	0.0	7.742389080478933e-10	7.745338814757474e-10	True	True	5.623504850871335e-15
ME:UACC-257	ordinal	EX_glc__D_e	-10.0	-10.0	0.0	8.76926975479364e-10	8.771348092295739e-10	True	True	5.623504850871335e-15
ME:UACC-257	ordinal	EX_glcur_e	0.0	0.0	0.0	1.3182998910668446e-09	1.3184138225597053e-09	True	True	5.623504850871335e-15
ME:UACC-257	ordinal	EX_gln__L_e	-9.777026475173692	-9.777026933499261	4.5832556949676473e-07	2.8017588071804767e-06	2.8035237740198227e-06	True	True	5.623504850871335e-15
ME:UACC-257	ordinal	EX_glu__L_e	-10.0	-10.0	0.0	1.628562706912362e-08	1.6288220550109145e-08	True	True	5.623504850871335e-15
ME:UACC-257	ordinal	EX_gly_e	-9.784475026635068	-9.78447502663465	4.1744385725905886e-13	7.28684744544239e-07	7.288606678201859e-07	True	True	5.623504850871335e-15
ME:UACC-257	ordinal	EX_glyald_e	0.0	0.0	0.0	1.6885312242345098e-09	1.6884325049204563e-09	True	True	5.623504850871335e-15
ME:UACC-257	ordinal	EX_glyb_e	0.0	0.0	0.0	4.061702085819585e-09	4.062847835939465e-09	True	True	5.623504850871335e-15
ME:UACC-257	ordinal	EX_glyc3p_e	0.0	0.0	0.0	7.496153920076636e-10	7.497411580459357e-10	True	True	5.623504850871335e-15
ME:UACC-257	ordinal	EX_gmp_e	0.0	-0.0	0.0	2.0553396589883932e-10	0.0	True	True	5.623504850871335e-15
ME:UACC-257	ordinal	EX_gthox_e	0.0	-0.0	0.0	2.0719234482204047e-09	2.0724093552360046e-09	True	True	5.623504850871335e-15
ME:UACC-257	ordinal	EX_hcys__L_e	0.0	0.0	0.0	1.0141079804381969e-09	1.0145202254043604e-09	True	True	5.623504850871335e-15
ME:UACC-257	ordinal	EX_hom__L_e	-3.1533425261035347e-16	-0.0	3.1533425261035347e-16	0.0	0.0	True	True	5.623504850871335e-15
ME:UACC-257	ordinal	EX_hxan_e	0.0	0.0	0.0	2.8643649930619613e-10	2.4454849256727584e-10	True	True	5.623504850871335e-15
ME:UACC-257	ordinal	EX_icit_e	0.0	-0.0	0.0	1.7896991957505693e-08	1.790619386099479e-08	True	True	5.623504850871335e-15
ME:UACC-257	ordinal	EX_ile__L_e	-0.9398300444600184	-0.9398300444600189	5.551115123125783e-16	4.331900793630439e-08	4.3321239928673094e-08	True	True	5.623504850871335e-15
ME:UACC-257	ordinal	EX_imp_e	0.0	0.0	0.0	1.7997780431353682e-10	1.800256055339844e-10	True	True	5.623504850871335e-15
ME:UACC-257	ordinal	EX_ins_e	0.0	0.0	0.0	2.035898476285171e-10	1.7804668850374128e-10	True	True	5.623504850871335e-15
ME:UACC-257	ordinal	EX_lac__L_e	13.082071343597782	13.082070415531778	9.280660044908018e-07	7.104692814507985e-06	7.107178056742214e-06	True	True	5.623504850871335e-15
ME:UACC-257	ordinal	EX_lcts_e	0.0	0.0	0.0	2.8410821932092307e-10	2.56624943517636e-10	True	True	5.623504850871335e-15
ME:UACC-257	ordinal	EX_leu__L_e	-1.7922337326704478	-1.7922337326704518	3.9968028886505635e-15	4.5668338000126596e-08	4.5668727022274425e-08	True	True	5.623504850871335e-15
ME:UACC-257	ordinal	EX_lys__L_e	-1.945226570884162	-1.9452265708841634	1.3322676295501878e-15	9.279967807529488e-07	9.284317794566732e-07	True	True	5.623504850871335e-15
ME:UACC-257	ordinal	EX_mal__L_e	0.0	-0.0	0.0	1.584418283264094e-08	1.5851417149548294e-08	True	True	5.623504850871335e-15
ME:UACC-257	ordinal	EX_met__L_e	-4.909023333255308	-4.90902379158085	4.583255419632337e-07	2.8027686553855347e-06	2.8035832144723827e-06	True	True	5.623504850871335e-15
ME:UACC-257	ordinal	EX_nac_e	0.0	-0.0	0.0	3.6113885159901794e-09	3.611485333010478e-09	True	True	5.623504850871335e-15
ME:UACC-257	ordinal	EX_ncam_e	0.0	0.0	0.0	2.247120492139363e-08	2.2477333100890558e-08	True	True	5.623504850871335e-15
ME:UACC-257	ordinal	EX_nicrnt_e	0.0	0.0	0.0	4.173307086685952e-10	4.1745273904325586e-10	True	True	5.623504850871335e-15
ME:UACC-257	ordinal	EX_orn_e	0.0	0.0	0.0	8.86846181749939e-09	8.86831230673124e-09	True	True	5.623504850871335e-15
ME:UACC-257	ordinal	EX_orot5p_e	0.0	0.0	0.0	2.7996318916139786e-10	2.733615556138602e-10	True	True	5.623504850871335e-15
ME:UACC-257	ordinal	EX_orot_e	0.0	0.0	0.0	6.795510096511078e-10	6.799769636245401e-10	True	True	5.623504850871335e-15
ME:UACC-257	ordinal	EX_oxa_e	0.0	0.0	0.0	1.7250564348627699e-09	1.6625723020524674e-09	True	True	5.623504850871335e-15
ME:UACC-257	ordinal	EX_pep_e	0.0	0.0	0.0	1.676588452606903e-09	1.6767265353934135e-09	True	True	5.623504850871335e-15
ME:UACC-257	ordinal	EX_phe__L_e	-4.705680406703803	-4.705679936963383	4.697404198950039e-07	4.3027856762023475e-06	4.303101537317389e-06	True	True	5.623504850871335e-15
ME:UACC-257	ordinal	EX_pnto__R_e	0.0	0.0	0.0	1.6484681300407397e-08	1.6491970410653875e-08	True	True	5.623504850871335e-15
ME:UACC-257	ordinal	EX_pro__L_e	-1.3551019514225027	-1.3551019514225011	1.5543122344752192e-15	4.927197161386232e-08	4.9286391856639966e-08	True	True	5.623504850871335e-15
ME:UACC-257	ordinal	EX_quln_e	0.0	0.0	0.0	4.1813916545185306e-10	4.181751241579453e-10	True	True	5.623504850871335e-15
ME:UACC-257	ordinal	EX_sbt__D_e	0.0	0.0	0.0	0.0	0.0	True	True	5.623504850871335e-15
ME:UACC-257	ordinal	EX_ser__L_e	-10.0	-10.0	0.0	1.9029720021990215e-09	1.903050161899955e-09	True	True	5.623504850871335e-15
ME:UACC-257	ordinal	EX_spmd_e	0.0	0.0	0.0	2.7504045470670665e-10	2.665470485983388e-10	True	True	5.623504850871335e-15
ME:UACC-257	ordinal	EX_sprm_e	0.0	0.0	0.0	1.4103038189807902e-10	1.3711254354120683e-10	True	True	5.623504850871335e-15
ME:UACC-257	ordinal	EX_srtn_e	0.0	0.0	0.0	1.1836766217886226e-09	1.1540048916458545e-09	True	True	5.623504850871335e-15
ME:UACC-257	ordinal	EX_succ_e	13.032056231123168	13.032056231123175	7.105427357601002e-15	2.955339404309143e-07	2.955469255994103e-07	True	True	5.623504850871335e-15
ME:UACC-257	ordinal	EX_sucr_e	0.0	0.0	0.0	0.0	0.0	True	True	5.623504850871335e-15
ME:UACC-257	ordinal	EX_taur_e	0.0	0.0	0.0	9.31188971109915e-10	9.31387883484902e-10	True	True	5.623504850871335e-15
ME:UACC-257	ordinal	EX_tchola_e	0.0	0.0	0.0	3.580457379262287e-10	2.0718084038485865e-10	True	True	5.623504850871335e-15
ME:UACC-257	ordinal	EX_thr__L_e	-1.0272564007096077	-1.0272564007096083	6.661338147750939e-16	4.332512681948231e-08	4.332208991542075e-08	True	True	5.623504850871335e-15
ME:UACC-257	ordinal	EX_thym_e	0.0	0.0	0.0	4.0073462555709983e-10	4.006351635475339e-10	True	True	5.623504850871335e-15
ME:UACC-257	ordinal	EX_thymd_e	0.0	0.0	0.0	2.6372130228877024e-10	2.5527746583264843e-10	True	True	5.623504850871335e-15
ME:UACC-257	ordinal	EX_trp__L_e	-0.04371318852617795	-0.04371317812479468	1.0401383268576758e-08	4.047420521652301e-08	4.048795906180791e-08	True	True	5.623504850871335e-15
ME:UACC-257	ordinal	EX_tyr__L_e	-0.5245548522744691	-0.5245548522744695	4.440892098500626e-16	3.619740285287776e-08	3.619438082580473e-08	True	True	5.623504850871335e-15
ME:UACC-257	ordinal	EX_ump_e	0.0	0.0	0.0	2.010167990119527e-10	2.0103912978797212e-10	True	True	5.623504850871335e-15
ME:UACC-257	ordinal	EX_ura_e	0.0	0.0	0.0	6.10443718580624e-10	6.105558281177537e-10	True	True	5.623504850871335e-15
ME:UACC-257	ordinal	EX_urate_e	0.0	-0.0	0.0	2.6979422328668355e-10	2.3314565093338996e-10	True	True	5.623504850871335e-15
ME:UACC-257	ordinal	EX_uri_e	0.0	0.0	0.0	3.182634940854699e-10	3.125487924027226e-10	True	True	5.623504850871335e-15
ME:UACC-257	ordinal	EX_val__L_e	-1.1583926706636916	-1.1583926498609256	2.080276595428643e-08	2.9562031489405172e-08	2.9570368598186292e-08	True	True	5.623504850871335e-15
ME:UACC-257	ordinal	EX_xan_e	0.0	0.0	0.0	2.7147597734041907e-10	2.4149610089452267e-10	True	True	5.623504850871335e-15
ME:UACC-257	ordinal	EX_xmp_e	0.0	0.0	0.0	1.8051629821290069e-10	1.7774415272953092e-10	True	True	5.623504850871335e-15
ME:UACC-257	ordinal	EX_xtsn_e	0.0	0.0	0.0	1.9256134262470974e-10	1.7586279654757675e-10	True	True	5.623504850871335e-15
ME:SK-MEL-28	ordinal	EX_2pg_e	0.0	0.0	0.0	4.006678064939629e-10	4.0107295262714615e-10	True	True	8.490868107234321e-16
ME:SK-MEL-28	ordinal	EX_34hpp_e	0.0	0.0	0.0	8.002471278699327e-09	8.009912733086821e-09	True	True	8.490868107234321e-16
ME:SK-MEL-28	ordinal	EX_3hanthrn_e	0.0	0.0	0.0	1.6831265277167523e-10	1.6041907129569e-10	True	True	8.490868107234321e-16
ME:SK-MEL-28	ordinal	EX_3pg_e	0.0	0.0	0.0	4.0109897728555305e-10	4.0171954651668784e-10	True	True	8.490868107234321e-16
ME:SK-MEL-28	ordinal	EX_4abut_e	0.0	0.0	0.0	1.1057187049628326e-09	1.1085400285105555e-09	True	True	8.490868107234321e-16
ME:SK-MEL-28	ordinal	EX_4hbz_e	0.0	-0.0	0.0	3.035758145153402e-10	2.8093670155061277e-10	True	True	8.490868107234321e-16
ME:SK-MEL-28	ordinal	EX_L2aadp_e	0.0	0.0	0.0	5.276747343152362e-10	5.281391786695362e-10	True	True	8.490868107234321e-16
ME:SK-MEL-28	ordinal	EX_Lkynr_e	0.0	0.0	0.0	3.427847817340456e-10	3.432205630815588e-10	True	True	8.490868107234321e-16
ME:SK-MEL-28	ordinal	EX_acac_e	0.028722705271687972	0.028722705271687955	1.734723475976807e-17	2.5977528808618366e-08	2.6003537711982716e-08	True	True	8.490868107234321e-16
ME:SK-MEL-28	ordinal	EX_ade_e	0.0	0.0	0.0	6.378949177190377e-11	5.67350610936046e-11	True	True	8.490868107234321e-16
ME:SK-MEL-28	ordinal	EX_adn_e	0.0	0.0	0.0	4.634954939429718e-11	4.3162806662166986e-11	True	True	8.490868107234321e-16
ME:SK-MEL-28	ordinal	EX_ahcys_e	0.0	0.0	0.0	4.197317797230917e-11	4.1516123872042954e-11	True	True	8.490868107234321e-16
ME:SK-MEL-28	ordinal	EX_akg_e	0.0	0.0	0.0	5.0144631389004205e-09	5.020899251917399e-09	True	True	8.490868107234321e-16
ME:SK-MEL-28	ordinal	EX_ala__L_e	13.05211732626647	13.052117326266409	6.217248937900877e-14	3.55926221828895e-08	3.5893762628802506e-08	True	True	8.490868107234321e-16
ME:SK-MEL-28	ordinal	EX_amp_e	0.0	0.0	0.0	4.644201087336387e-11	3.6692426874651574e-11	True	True	8.490868107234321e-16
ME:SK-MEL-28	ordinal	EX_anth_e	0.0	0.0	0.0	2.966193100198979e-10	2.972256749444461e-10	True	True	8.490868107234321e-16
ME:SK-MEL-28	ordinal	EX_arg__L_e	-1.1802492389233226	-1.180249238923323	4.440892098500626e-16	2.2415760581040445e-08	2.242413854602887e-08	True	True	8.490868107234321e-16
ME:SK-MEL-28	ordinal	EX_asn__L_e	-10.0	-10.0	0.0	5.40434648144128e-08	5.410675285588695e-08	True	True	8.490868107234321e-16
ME:SK-MEL-28	ordinal	EX_asp__L_e	-10.0	-10.0	0.0	2.4290249811542708e-08	2.432501133853293e-08	True	True	8.490868107234321e-16
ME:SK-MEL-28	ordinal	EX_bilirub_e	0.0	-0.0	0.0	1.2324826078573803e-10	3.225386624450266e-11	True	True	8.490868107234321e-16
ME:SK-MEL-28	ordinal	EX_cala_e	0.0	0.0	0.0	1.6338900818543747e-10	1.4959742574970162e-10	True	True	8.490868107234321e-16
ME:SK-MEL-28	ordinal	EX_chol_e	-2.25956985479314	-2.25956985479314	0.0	8.731046108323426e-09	8.748945568015642e-09	True	True	8.490868107234321e-16
ME:SK-MEL-28	ordinal	EX_cholp_e	0.0	0.0	0.0	3.829205314511579e-10	3.834575990069311e-10	True	True	8.490868107234321e-16
ME:SK-MEL-28	ordinal	EX_cit_e	0.0	0.0	0.0	8.741308817861674e-09	8.75878392037066e-09	True	True	8.490868107234321e-16
ME:SK-MEL-28	ordinal	EX_citr__L_e	0.0	-0.0	0.0	1.6152960372166993e-09	1.6166215033308617e-09	True	True	8.490868107234321e-16
ME:SK-MEL-28	ordinal	EX_cmp_e	0.0	0.0	0.0	8.764284522877862e-11	0.0	True	True	8.490868107234321e-16
ME:SK-MEL-28	ordinal	EX_crn_e	0.0	0.0	0.0	3.5121788863517013e-09	3.512468538247049e-09	True	True	8.490868107234321e-16
ME:SK-MEL-28	ordinal	EX_cyst__L_e	0.0	0.0	0.0	1.693391157761513e-10	1.6964207816272392e-10	True	True	8.490868107234321e-16
ME:SK-MEL-28	ordinal	EX_cytd_e	0.0	0.0	0.0	8.748108443807334e-11	8.33524360643878e-11	True	True	8.490868107234321e-16
ME:SK-MEL-28	ordinal	EX_dad_2_e	0.0	0.0	0.0	4.970594700817369e-11	4.309408385694269e-11	True	True	8.490868107234321e-16
ME:SK-MEL-28	ordinal	EX_dcmp_e	0.0	0.0	0.0	7.327820953783097e-11	7.330824836060401e-11	True	True	8.490868107234321e-16
ME:SK-MEL-28	ordinal	EX_dcyt_e	0.0	0.0	0.0	8.409301563673965e-11	8.42434177972251e-11	True	True	8.490868107234321e-16
ME:SK-MEL-28	ordinal	EX_dhap_e	0.0	0.0	0.0	2.1796066367827706e-10	2.185158720635627e-10	True	True	8.490868107234321e-16
ME:SK-MEL-28	ordinal	EX_dmgly_e	0.0	0.0	0.0	3.155861697724924e-10	2.1810264705379723e-10	True	True	8.490868107234321e-16
ME:SK-MEL-28	ordinal	EX_duri_e	0.0	0.0	0.0	8.882604630297857e-11	8.363060244320764e-11	True	True	8.490868107234321e-16
ME:SK-MEL-28	ordinal	EX_ethamp_e	0.0	-0.0	0.0	8.191427862083648e-09	8.209645963042078e-09	True	True	8.490868107234321e-16
ME:SK-MEL-28	ordinal	EX_fol_e	0.0	-0.0	0.0	6.8645836902456515e-09	6.860120653764016e-09	True	True	8.490868107234321e-16
ME:SK-MEL-28	ordinal	EX_fum_e	21.240990721876916	21.240990688843766	3.303314954905545e-08	3.5781264884349184e-07	3.5837608791666753e-07	True	True	8.490868107234321e-16
ME:SK-MEL-28	ordinal	EX_g3pc_e	0.0	0.0	0.0	2.1326464963360837e-10	2.1369894742662154e-10	True	True	8.490868107234321e-16
ME:SK-MEL-28	ordinal	EX_glc__D_e	-10.0	-10.0	0.0	2.2849988567941182e-10	2.2879476091475226e-10	True	True	8.490868107234321e-16
ME:SK-MEL-28	ordinal	EX_glcur_e	0.0	0.0	0.0	3.356458493747145e-10	3.356880329263845e-10	True	True	8.490868107234321e-16
ME:SK-MEL-28	ordinal	EX_gln__L_e	-8.458649671364446	-8.45864963832954	3.303490636596962e-08	2.8044878419564157e-07	2.805601546640446e-07	True	True	8.490868107234321e-16
ME:SK-MEL-28	ordinal	EX_glu__L_e	-10.0	-10.0	0.0	3.780767698913223e-09	3.788253266634456e-09	True	True	8.490868107234321e-16
ME:SK-MEL-28	ordinal	EX_gly_e	-10.0	-10.0	0.0	4.650524765281716e-08	4.659078634006164e-08	True	True	8.490868107234321e-16
ME:SK-MEL-28	ordinal	EX_glyald_e	0.0	0.0	0.0	4.452604762159027e-10	4.462439306962551e-10	True	True	8.490868107234321e-16
ME:SK-MEL-28	ordinal	EX_glyb_e	0.0	-0.0	0.0	1.2495542977344493e-09	1.2499624419795795e-09	True	True	8.490868107234321e-16
ME:SK-MEL-28	ordinal	EX_glyc3p_e	0.0	0.0	0.0	2.0562580648324772e-10	2.0591195415420316e-10	True	True	8.490868107234321e-16
ME:SK-MEL-28	ordinal	EX_gmp_e	0.0	-0.0	0.0	5.467147256463848e-11	0.0	True	True	8.490868107234321e-16
ME:SK-MEL-28	ordinal	EX_gthox_e	0.0	-0.0	0.0	5.429854093257006e-10	5.31779065227056e-10	True	True	8.490868107234321e-16
ME:SK-MEL-28	ordinal	EX_hcys__L_e	0.0	0.0	0.0	2.563186052103841e-10	2.565592183145782e-10	True	True	8.490868107234321e-16
ME:SK-MEL-28	ordinal	EX_hom__L_e	0.0	0.0	0.0	0.0	0.0	True	True	8.490868107234321e-16
ME:SK-MEL-28	ordinal	EX_hxan_e	0.0	0.0	0.0	8.351544842033194e-11	6.685746400947323e-11	True	True	8.490868107234321e-16
ME:SK-MEL-28	ordinal	EX_icit_e	0.0	-0.0	0.0	4.545586384126721e-09	4.554760124619861e-09	True	True	8.490868107234321e-16
ME:SK-MEL-28	ordinal	EX_ile__L_e	-0.9398300444600183	-0.9398300444600189	6.661338147750939e-16	9.00520991109488e-09	9.015643342991098e-09	True	True	8.490868107234321e-16
ME:SK-MEL-28	ordinal	EX_imp_e	0.0	0.0	0.0	4.916568483337164e-11	4.929595620595251e-11	True	True	8.490868107234321e-16
ME:SK-MEL-28	ordinal	EX_ins_e	0.0	0.0	0.0	5.236378194187603e-11	4.8649695383318203e-11	True	True	8.490868107234321e-16
ME:SK-MEL-28	ordinal	EX_lac__L_e	16.02510388229797	16.0251039813999	9.910193199402784e-08	9.369415892024335e-07	9.37637892661769e-07	True	True	8.490868107234321e-16
ME:SK-MEL-28	ordinal	EX_lcts_e	0.0	0.0	0.0	1.2325624177513448e-10	6.914438326972002e-11	True	True	8.490868107234321e-16
ME:SK-MEL-28	ordinal	EX_leu__L_e	-1.7922337326704432	-1.7922337326704536	1.0436096431476471e-14	1.119895154388928e-08	1.1211163553070946e-08	True	True	8.490868107234321e-16
ME:SK-MEL-28	ordinal	EX_lys__L_e	-1.9452265708841618	-1.9452265708841634	1.5543122344752192e-15	3.327211617332182e-08	3.33131109364615e-08	True	True	8.490868107234321e-16
ME:SK-MEL-28	ordinal	EX_mal__L_e	0.0	-0.0	0.0	4.811793068357913e-09	4.82076600860637e-09	True	True	8.490868107234321e-16
ME:SK-MEL-28	ordinal	EX_met__L_e	-4.197905021357842	-4.197904768551855	2.528059868112109e-07	4.5923737257425046e-07	4.5966917650019923e-07	True	True	8.490868107234321e-16
ME:SK-MEL-28	ordinal	EX_nac_e	-1.848756976094947e-15	-0.0	1.848756976094947e-15	1.0622313797284136e-09	1.0631149294226816e-09	True	True	8.490868107234321e-16
ME:SK-MEL-28	ordinal	EX_ncam_e	0.0	0.0	0.0	6.638684106623538e-09	6.639377640264381e-09	True	True	8.490868107234321e-16
ME:SK-MEL-28	ordinal	EX_nicrnt_e	0.0	0.0	0.0	1.1325553109919761e-10	1.1342216055254539e-10	True	True	8.490868107234321e-16
ME:SK-MEL-28	ordinal	EX_orn_e	0.0	-0.0	0.0	2.574962258411644e-09	2.5769106936419037e-09	True	True	8.490868107234321e-16
ME:SK-MEL-28	ordinal	EX_orot5p_e	0.0	0.0	0.0	7.52495058714551e-11	7.368583521127903e-11	True	True	8.490868107234321e-16
ME:SK-MEL-28	ordinal	EX_orot_e	0.0	0.0	0.0	1.8190181106265387e-10	1.8208556884502514e-10	True	True	8.490868107234321e-16
ME:SK-MEL-28	ordinal	EX_oxa_e	0.0	0.0	0.0	4.734608164231454e-10	4.621425369267241e-10	True	True	8.490868107234321e-16
ME:SK-MEL-28	ordinal	EX_pep_e	0.0	0.0	0.0	4.6315516402097033e-10	4.6326875668967205e-10	True	True	8.490868107234321e-16
ME:SK-MEL-28	ordinal	EX_phe__L_e	-6.532755638898666	-6.532755704966182	6.606751590254589e-08	5.789141210854609e-07	5.793618447214044e-07	True	True	8.490868107234321e-16
ME:SK-MEL-28	ordinal	EX_pnto__R_e	0.0	0.0	0.0	7.162459678592718e-09	7.169569825089562e-09	True	True	8.490868107234321e-16
ME:SK-MEL-28	ordinal	EX_pro__L_e	-1.3551019514225007	-1.3551019514225011	4.440892098500626e-16	1.1773825692174e-08	1.1780478814671369e-08	True	True	8.490868107234321e-16
ME:SK-MEL-28	ordinal	EX_quln_e	0.0	0.0	0.0	1.4830363702484803e-10	1.0534802659852478e-10	True	True	8.490868107234321e-16
ME:SK-MEL-28	ordinal	EX_sbt__D_e	0.0	0.0	0.0	0.0	0.0	True	True	8.490868107234321e-16
ME:SK-MEL-28	ordinal	EX_ser__L_e	-10.0	-10.0	0.0	5.289333415703368e-10	5.294928939747479e-10	True	True	8.490868107234321e-16
ME:SK-MEL-28	ordinal	EX_spmd_e	0.0	0.0	0.0	7.177729781217227e-11	7.028333470771031e-11	True	True	8.490868107234321e-16
ME:SK-MEL-28	ordinal	EX_sprm_e	0.0	0.0	0.0	3.689049303152066e-11	3.612292165834339e-11	True	True	8.490868107234321e-16
ME:SK-MEL-28	ordinal	EX_srtn_e	0.0	0.0	0.0	2.9361868899777093e-10	2.943059129734138e-10	True	True	8.490868107234321e-16
ME:SK-MEL-28	ordinal	EX_succ_e	13.234475728427132	13.23447572842773	5.986322548778844e-13	2.738067728103033e-08	2.739812643426376e-08	True	True	8.490868107234321e-16
ME:SK-MEL-28	ordinal	EX_sucr_e	0.0	0.0	0.0	1.1412702469503042e-10	0.0	True	True	8.490868107234321e-16
ME:SK-MEL-28	ordinal	EX_taur_e	0.0	-0.0	0.0	2.4451829147103927e-10	2.447689551043908e-10	True	True	8.490868107234321e-16
ME:SK-MEL-28	ordinal	EX_tchola_e	0.0	0.0	0.0	1.2016224141091463e-10	5.3728478456428586e-11	True	True	8.490868107234321e-16
ME:SK-MEL-28	ordinal	EX_thr__L_e	-1.0272564007096079	-1.0272564007096083	4.440892098500626e-16	9.005298506892245e-09	9.020368452183902e-09	True	True	8.490868107234321e-16
ME:SK-MEL-28	ordinal	EX_thym_e	0.0	0.0	0.0	1.0682799379140157e-10	1.0683676165967881e-10	True	True	8.490868107234321e-16
ME:SK-MEL-28	ordinal	EX_thymd_e	0.0	0.0	0.0	7.090165052039657e-11	6.871786473183761e-11	True	True	8.490868107234321e-16
ME:SK-MEL-28	ordinal	EX_trp__L_e	-0.04371318159863091	-0.04371317812479468	3.4738362325592576e-09	6.939230884350778e-09	6.958316589589231e-09	True	True	8.490868107234321e-16
ME:SK-MEL-28	ordinal	EX_tyr__L_e	-0.5245548522744692	-0.5245548522744695	3.3306690738754696e-16	8.389894223803651e-09	8.395630857194192e-09	True	True	8.490868107234321e-16
ME:SK-MEL-28	ordinal	EX_ump_e	0.0	0.0	0.0	8.629729513125297e-11	5.3672566391327337e-11	True	True	8.490868107234321e-16
ME:SK-MEL-28	ordinal	EX_ura_e	0.0	0.0	0.0	1.6290486905202143e-10	1.6300788496792507e-10	True	True	8.490868107234321e-16
ME:SK-MEL-28	ordinal	EX_urate_e	0.0	0.0	0.0	7.434180176135756e-11	6.387023053529297e-11	True	True	8.490868107234321e-16
ME:SK-MEL-28	ordinal	EX_uri_e	0.0	0.0	0.0	8.773328396500687e-11	8.389422490040488e-11	True	True	8.490868107234321e-16
ME:SK-MEL-28	ordinal	EX_val__L_e	-1.1583926568085976	-1.1583926498609256	6.94767199327373e-09	6.950495734514561e-09	6.954909537171261e-09	True	True	8.490868107234321e-16
ME:SK-MEL-28	ordinal	EX_xan_e	0.0	0.0	0.0	6.851438105727121e-11	6.612008163209282e-11	True	True	8.490868107234321e-16
ME:SK-MEL-28	ordinal	EX_xmp_e	0.0	0.0	0.0	4.918135758249656e-11	4.854450175173497e-11	True	True	8.490868107234321e-16
ME:SK-MEL-28	ordinal	EX_xtsn_e	0.0	0.0	0.0	4.8720872071609465e-11	4.807243492166435e-11	True	True	8.490868107234321e-16
RE:CAKI-1	ordinal	EX_2pg_e	0.0	0.0	0.0	2.685635697412806e-10	2.6911450845545914e-10	True	True	8.52684728843331e-15
RE:CAKI-1	ordinal	EX_34hpp_e	0.0	0.0	0.0	7.141445678160385e-09	7.159933090861159e-09	True	True	8.52684728843331e-15
RE:CAKI-1	ordinal	EX_3hanthrn_e	0.0	0.0	0.0	2.8309062541608787e-10	1.006803529435274e-10	True	True	8.52684728843331e-15
RE:CAKI-1	ordinal	EX_3pg_e	0.0	0.0	0.0	2.6924021594815197e-10	2.6910385031442274e-10	True	True	8.52684728843331e-15
RE:CAKI-1	ordinal	EX_4abut_e	0.0	-0.0	0.0	7.608440924038775e-10	7.614609196560019e-10	True	True	8.52684728843331e-15
RE:CAKI-1	ordinal	EX_4hbz_e	0.0	-0.0	0.0	2.5110200958903315e-10	1.9644302743317437e-10	True	True	8.52684728843331e-15
RE:CAKI-1	ordinal	EX_L2aadp_e	0.0	-0.0	0.0	3.6091447412173967e-10	3.610832748077833e-10	True	True	8.52684728843331e-15
RE:CAKI-1	ordinal	EX_Lkynr_e	0.0	-0.0	0.0	1.9667175992822498e-10	1.9704157773612754e-10	True	True	8.52684728843331e-15
RE:CAKI-1	ordinal	EX_acac_e	0.028722705271687944	0.028722705271687958	1.3877787807814457e-17	2.0920676857549836e-08	2.089664462648355e-08	True	True	8.52684728843331e-15
RE:CAKI-1	ordinal	EX_ade_e	0.0	0.0	0.0	4.205675367269532e-11	3.8205338812191105e-11	True	True	8.52684728843331e-15
RE:CAKI-1	ordinal	EX_adn_e	0.0	0.0	0.0	3.120108884106733e-11	2.8881785851808672e-11	True	True	8.52684728843331e-15
RE:CAKI-1	ordinal	EX_ahcys_e	0.0	0.0	0.0	2.8084252328701814e-11	2.7742252939333412e-11	True	True	8.52684728843331e-15
RE:CAKI-1	ordinal	EX_akg_e	0.0	0.0	0.0	2.8160071064769483e-09	2.819319888658356e-09	True	True	8.52684728843331e-15
RE:CAKI-1	ordinal	EX_ala__L_e	13.128615387984889	13.128615387984826	6.217248937900877e-14	2.6336971714613355e-08	2.636497420382966e-08	True	True	8.52684728843331e-15
RE:CAKI-1	ordinal	EX_amp_e	0.0	0.0	0.0	3.1411719557675496e-11	2.4286350708280224e-11	True	True	8.52684728843331e-15
RE:CAKI-1	ordinal	EX_anth_e	0.0	0.0	0.0	1.8006764363904153e-10	1.7963763809802913e-10	True	True	8.52684728843331e-15
RE:CAKI-1	ordinal	EX_arg__L_e	-1.1802492389233223	-1.180249238923323	6.661338147750939e-16	7.958391501361461e-09	7.94656518365855e-09	True	True	8.52684728843331e-15
RE:CAKI-1	ordinal	EX_asn__L_e	-7.934541678856233	-7.934541706215784	2.7359551069139343e-08	2.831104000122764e-07	2.8338078550405044e-07	True	True	8.52684728843331e-15
RE:CAKI-1	ordinal	EX_asp__L_e	-2.1263901968943175	-2.126390196894393	7.549516567451064e-14	3.190238206940421e-08	3.1925410315380987e-08	True	True	8.52684728843331e-15
RE:CAKI-1	ordinal	EX_bilirub_e	0.0	0.0	0.0	1.987655141292906e-11	1.9837061286538798e-11	True	True	8.52684728843331e-15
RE:CAKI-1	ordinal	EX_cala_e	0.0	0.0	0.0	9.831206068869421e-11	9.837715318177187e-11	True	True	8.52684728843331e-15
RE:CAKI-1	ordinal	EX_chol_e	-2.259569854793138	-2.25956985479314	2.220446049250313e-15	4.052904234441712e-09	4.057806535229247e-09	True	True	8.52684728843331e-15
RE:CAKI-1	ordinal	EX_cholp_e	0.0	0.0	0.0	2.4760438885467075e-10	2.4816215749012827e-10	True	True	8.52684728843331e-15
RE:CAKI-1	ordinal	EX_cit_e	0.0	-0.0	0.0	2.8558198854863595e-07	2.851194693676007e-07	True	True	8.52684728843331e-15
RE:CAKI-1	ordinal	EX_citr__L_e	0.0	0.0	0.0	1.1141987955877427e-09	1.1139960065520427e-09	True	True	8.52684728843331e-15
RE:CAKI-1	ordinal	EX_cmp_e	0.0	0.0	0.0	5.810259291436988e-11	0.0	True	True	8.52684728843331e-15
RE:CAKI-1	ordinal	EX_crn_e	8.684763103195165e-17	0.0	8.684763103195165e-17	2.3069361755706983e-09	2.3065534936573717e-09	True	True	8.52684728843331e-15
RE:CAKI-1	ordinal	EX_cyst__L_e	0.0	0.0	0.0	1.206766731026713e-10	1.1763923168928159e-10	True	True	8.52684728843331e-15
RE:CAKI-1	ordinal	EX_cytd_e	0.0	0.0	0.0	5.7536766863974986e-11	5.499597999225614e-11	True	True	8.52684728843331e-15
RE:CAKI-1	ordinal	EX_dad_2_e	0.0	0.0	0.0	3.3293459709780563e-11	2.888009276169612e-11	True	True	8.52684728843331e-15
RE:CAKI-1	ordinal	EX_dcmp_e	0.0	0.0	0.0	4.8417181468315665e-11	4.839997846950439e-11	True	True	8.52684728843331e-15
RE:CAKI-1	ordinal	EX_dcyt_e	0.0	0.0	0.0	5.5208413983381145e-11	5.529607327581232e-11	True	True	8.52684728843331e-15
RE:CAKI-1	ordinal	EX_dhap_e	0.0	0.0	0.0	1.4756249788448341e-10	1.4793855029893166e-10	True	True	8.52684728843331e-15
RE:CAKI-1	ordinal	EX_dmgly_e	0.0	0.0	0.0	2.1479561245402072e-10	1.5204637549004474e-10	True	True	8.52684728843331e-15
RE:CAKI-1	ordinal	EX_duri_e	0.0	0.0	0.0	5.825585559486215e-11	5.516187506771075e-11	True	True	8.52684728843331e-15
RE:CAKI-1	ordinal	EX_ethamp_e	0.0	-0.0	0.0	3.692253860835743e-09	3.693353622935547e-09	True	True	8.52684728843331e-15
RE:CAKI-1	ordinal	EX_fol_e	-0.7147278041795062	-0.7147277494642594	5.471524677780337e-08	2.459707209023776e-07	2.459302308466249e-07	True	True	8.52684728843331e-15
RE:CAKI-1	ordinal	EX_fum_e	12.26308912220265	12.263089149561633	2.7358982634950735e-08	2.1907269953658215e-07	2.1949098538698308e-07	True	True	8.52684728843331e-15
RE:CAKI-1	ordinal	EX_g3pc_e	0.0	0.0	0.0	1.5207708284922502e-10	1.4246248625227054e-10	True	True	8.52684728843331e-15
RE:CAKI-1	ordinal	EX_glc__D_e	-10.0	-10.0	0.0	1.5793943930475507e-10	1.5804602071511908e-10	True	True	8.52684728843331e-15
RE:CAKI-1	ordinal	EX_glcur_e	0.0	0.0	0.0	2.1132156294266178e-10	2.115686514869708e-10	True	True	8.52684728843331e-15
RE:CAKI-1	ordinal	EX_gln__L_e	-10.0	-10.0	0.0	4.849866286349425e-09	4.865327696279564e-09	True	True	8.52684728843331e-15
RE:CAKI-1	ordinal	EX_glu__L_e	-10.0	-10.0	0.0	3.101250811710088e-09	3.10447312301676e-09	True	True	8.52684728843331e-15
RE:CAKI-1	ordinal	EX_gly_e	-10.0	-10.0	0.0	8.629726266917714e-09	8.635746340246442e-09	True	True	8.52684728843331e-15
RE:CAKI-1	ordinal	EX_glyald_e	0.0	0.0	0.0	3.084509642585626e-10	3.0803182227145953e-10	True	True	8.52684728843331e-15
RE:CAKI-1	ordinal	EX_glyb_e	0.0	0.0	0.0	7.595908454065136e-10	7.613358832259109e-10	True	True	8.52684728843331e-15
RE:CAKI-1	ordinal	EX_glyc3p_e	0.0	0.0	0.0	1.4997007089312736e-10	1.407705063627418e-10	True	True	8.52684728843331e-15
RE:CAKI-1	ordinal	EX_gmp_e	0.0	-0.0	0.0	3.7173063273100035e-11	0.0	True	True	8.52684728843331e-15
RE:CAKI-1	ordinal	EX_gthox_e	0.0	-0.0	0.0	3.5796444770389323e-10	3.5766323236430253e-10	True	True	8.52684728843331e-15
RE:CAKI-1	ordinal	EX_hcys__L_e	0.0	0.0	0.0	2.06101683635206e-10	1.8144863389579768e-10	True	True	8.52684728843331e-15
RE:CAKI-1	ordinal	EX_hom__L_e	0.0	-0.0	0.0	-2.9043892870141654e-26	0.0	True	True	8.52684728843331e-15
RE:CAKI-1	ordinal	EX_hxan_e	0.0	0.0	0.0	4.479702027291292e-11	4.484050300339238e-11	True	True	8.52684728843331e-15
RE:CAKI-1	ordinal	EX_icit_e	0.0	-0.0	0.0	7.683937627874651e-09	7.694005432767881e-09	True	True	8.52684728843331e-15
RE:CAKI-1	ordinal	EX_ile__L_e	-0.9398300444600183	-0.9398300444600189	6.661338147750939e-16	9.690246938198754e-09	9.70609947970047e-09	True	True	8.52684728843331e-15
RE:CAKI-1	ordinal	EX_imp_e	0.0	0.0	0.0	3.287948501680669e-11	3.2851027453872916e-11	True	True	8.52684728843331e-15
RE:CAKI-1	ordinal	EX_ins_e	0.0	0.0	0.0	3.250243481227602e-11	3.254257974205643e-11	True	True	8.52684728843331e-15
RE:CAKI-1	ordinal	EX_lac__L_e	17.025188900326388	17.02518890032631	7.815970093361102e-14	1.1081306894311638e-07	1.1092561180703342e-07	True	True	8.52684728843331e-15
RE:CAKI-1	ordinal	EX_lcts_e	0.0	0.0	0.0	8.515839904665339e-11	4.700900779752715e-11	True	True	8.52684728843331e-15
RE:CAKI-1	ordinal	EX_leu__L_e	-1.7922337326704474	-1.7922337326704487	1.3322676295501878e-15	9.925697153079227e-09	9.921173660387694e-09	True	True	8.52684728843331e-15
RE:CAKI-1	ordinal	EX_lys__L_e	-1.9452265708841618	-1.9452265708841634	1.5543122344752192e-15	8.019622299570983e-09	8.027416065203852e-09	True	True	8.52684728843331e-15
RE:CAKI-1	ordinal	EX_mal__L_e	0.0	-0.0	0.0	4.436054663320951e-09	4.430194877613758e-09	True	True	8.52684728843331e-15
RE:CAKI-1	ordinal	EX_met__L_e	-5.159071545933032	-5.159071545932391	6.412648190234904e-13	3.3147745615025315e-07	3.31697733280123e-07	True	True	8.52684728843331e-15
RE:CAKI-1	ordinal	EX_nac_e	3.473645259331344e-15	-0.0	3.473645259331344e-15	8.014829975095243e-10	8.031104670180866e-10	True	True	8.52684728843331e-15
RE:CAKI-1	ordinal	EX_ncam_e	0.0	0.0	0.0	4.4822491565215664e-09	4.483330447631791e-09	True	True	8.52684728843331e-15
RE:CAKI-1	ordinal	EX_nicrnt_e	0.0	0.0	0.0	7.62506981044851e-11	7.619971320593777e-11	True	True	8.52684728843331e-15
RE:CAKI-1	ordinal	EX_orn_e	0.0	0.0	0.0	1.316026360337307e-09	1.3155013018996119e-09	True	True	8.52684728843331e-15
RE:CAKI-1	ordinal	EX_orot5p_e	0.0	0.0	0.0	4.954213473393095e-11	4.846550938353289e-11	True	True	8.52684728843331e-15
RE:CAKI-1	ordinal	EX_orot_e	0.0	0.0	0.0	1.172701802579138e-10	1.177529185270032e-10	True	True	8.52684728843331e-15
RE:CAKI-1	ordinal	EX_oxa_e	0.0	0.0	0.0	4.0104121630320644e-10	3.2488526746558227e-10	True	True	8.52684728843331e-15
RE:CAKI-1	ordinal	EX_pep_e	0.0	0.0	0.0	2.941230604689693e-10	2.9419161551302864e-10	True	True	8.52684728843331e-15
RE:CAKI-1	ordinal	EX_phe__L_e	-9.999960851580127	-9.999960742147604	1.0943252348738497e-07	2.6558592480796506e-07	2.6537320962916056e-07	True	True	8.52684728843331e-15
RE:CAKI-1	ordinal	EX_pnto__R_e	0.0	0.0	0.0	3.5537538729344825e-09	3.5511009663637337e-09	True	True	8.52684728843331e-15
RE:CAKI-1	ordinal	EX_pro__L_e	-1.3551019514225005	-1.355101951422502	1.5543122344752192e-15	1.0950221618344358e-08	1.0944222861297703e-08	True	True	8.52684728843331e-15
RE:CAKI-1	ordinal	EX_quln_e	0.0	0.0	0.0	1.8193331086762284e-10	6.661597199790019e-11	True	True	8.52684728843331e-15
RE:CAKI-1	ordinal	EX_sbt__D_e	0.0	0.0	0.0	1.6095507647659007e-10	0.0	True	True	8.52684728843331e-15
RE:CAKI-1	ordinal	EX_ser__L_e	-10.0	-10.0	0.0	3.431299688827494e-10	3.431885886584496e-10	True	True	8.52684728843331e-15
RE:CAKI-1	ordinal	EX_spmd_e	0.0	0.0	0.0	5.722245397814244e-11	4.597344727130803e-11	True	True	8.52684728843331e-15
RE:CAKI-1	ordinal	EX_sprm_e	0.0	0.0	0.0	2.96232082389628e-11	2.368771845340234e-11	True	True	8.52684728843331e-15
RE:CAKI-1	ordinal	EX_srtn_e	0.0	0.0	0.0	1.9136636320973876e-10	1.9113688409788665e-10	True	True	8.52684728843331e-15
RE:CAKI-1	ordinal	EX_succ_e	13.157977666708518	13.157977666709145	6.270539643082884e-13	2.2654015552348028e-08	2.2675735067423375e-08	True	True	8.52684728843331e-15
RE:CAKI-1	ordinal	EX_sucr_e	0.0	0.0	0.0	8.106235708994435e-11	0.0	True	True	8.52684728843331e-15
RE:CAKI-1	ordinal	EX_taur_e	0.0	-0.0	0.0	1.606307162018941e-10	1.6043522066411242e-10	True	True	8.52684728843331e-15
RE:CAKI-1	ordinal	EX_tchola_e	0.0	0.0	0.0	7.083490188356576e-11	3.482192312276311e-11	True	True	8.52684728843331e-15
RE:CAKI-1	ordinal	EX_thr__L_e	-1.0272564007096079	-1.0272564007096083	4.440892098500626e-16	9.689864688411376e-09	9.698302605443132e-09	True	True	8.52684728843331e-15
RE:CAKI-1	ordinal	EX_thym_e	0.0	0.0	0.0	6.997160518445754e-11	6.984209250311044e-11	True	True	8.52684728843331e-15
RE:CAKI-1	ordinal	EX_thymd_e	0.0	0.0	0.0	4.664100967063732e-11	4.5209135046686555e-11	True	True	8.52684728843331e-15
RE:CAKI-1	ordinal	EX_trp__L_e	-0.043713178124794645	-0.04371317812479468	3.469446951953614e-17	9.688891564052504e-09	9.700303352233597e-09	True	True	8.52684728843331e-15
RE:CAKI-1	ordinal	EX_tyr__L_e	-0.5245548522744692	-0.5245548522744695	3.3306690738754696e-16	9.928402877612541e-09	9.936804157284485e-09	True	True	8.52684728843331e-15
RE:CAKI-1	ordinal	EX_ump_e	0.0	0.0	0.0	5.755975107521446e-11	3.5931146946666104e-11	True	True	8.52684728843331e-15
RE:CAKI-1	ordinal	EX_ura_e	0.0	0.0	0.0	1.0210561535831947e-10	1.022163464980963e-10	True	True	8.52684728843331e-15
RE:CAKI-1	ordinal	EX_urate_e	0.0	-0.0	0.0	4.360309145676091e-11	4.306599521441967e-11	True	True	8.52684728843331e-15
RE:CAKI-1	ordinal	EX_uri_e	0.0	0.0	0.0	5.5298336556948534e-11	5.5318694069939056e-11	True	True	8.52684728843331e-15
RE:CAKI-1	ordinal	EX_val__L_e	-1.1583926595536014	-1.1583926498609256	9.692675773109727e-09	9.710179327271362e-09	9.694861358156004e-09	True	True	8.52684728843331e-15
RE:CAKI-1	ordinal	EX_xan_e	0.0	0.0	0.0	4.4455926424634526e-11	4.4503956075914175e-11	True	True	8.52684728843331e-15
RE:CAKI-1	ordinal	EX_xmp_e	0.0	0.0	0.0	3.28995942164513e-11	3.2454039455842576e-11	True	True	8.52684728843331e-15
RE:CAKI-1	ordinal	EX_xtsn_e	0.0	0.0	0.0	3.2629323299683657e-11	3.216533489594836e-11	True	True	8.52684728843331e-15
RE:CAKI-1	magnitude_g1.00	EX_2pg_e	0.0	0.0	0.0	3.1310349641718403e-10	2.8104096827519243e-10	True	True	0.0
RE:CAKI-1	magnitude_g1.00	EX_34hpp_e	0.0	-0.0	0.0	3.6824210225564304e-09	3.6859848506765047e-09	True	True	0.0
RE:CAKI-1	magnitude_g1.00	EX_3hanthrn_e	0.0	0.0	0.0	2.5217536807581076e-10	8.74359581603524e-11	True	True	0.0
RE:CAKI-1	magnitude_g1.00	EX_3pg_e	0.0	0.0	0.0	2.894275631193699e-10	2.899440687542665e-10	True	True	0.0
RE:CAKI-1	magnitude_g1.00	EX_4abut_e	0.0	0.0	0.0	1.2107527319089365e-09	1.213879755501068e-09	True	True	0.0
RE:CAKI-1	magnitude_g1.00	EX_4hbz_e	0.0	-0.0	0.0	2.3424873465535504e-10	1.7952071549281216e-10	True	True	0.0
RE:CAKI-1	magnitude_g1.00	EX_L2aadp_e	0.0	0.0	0.0	4.711504351990452e-10	4.705034668751025e-10	True	True	0.0
RE:CAKI-1	magnitude_g1.00	EX_Lkynr_e	0.0	0.0	0.0	1.9002166442782382e-10	1.8226675724264396e-10	True	True	0.0
RE:CAKI-1	magnitude_g1.00	EX_acac_e	0.0	-0.0	0.0	2.8367863046170865e-08	2.8423085763479294e-08	True	True	0.0
RE:CAKI-1	magnitude_g1.00	EX_ade_e	0.0	0.0	0.0	4.0358849891731815e-11	3.699274220281268e-11	True	True	0.0
RE:CAKI-1	magnitude_g1.00	EX_adn_e	0.0	0.0	0.0	3.0955080454923984e-11	2.9117153133029205e-11	True	True	0.0
RE:CAKI-1	magnitude_g1.00	EX_ahcys_e	0.0	0.0	0.0	2.7523604586339063e-11	2.7577051753269188e-11	True	True	0.0
RE:CAKI-1	magnitude_g1.00	EX_akg_e	0.0	0.0	0.0	3.952008546363253e-09	3.960799688229599e-09	True	True	0.0
RE:CAKI-1	magnitude_g1.00	EX_ala__L_e	12.507321502841528	12.507321502833056	8.471445767099794e-12	2.3634063062161204e-07	2.370396341433434e-07	True	True	0.0
RE:CAKI-1	magnitude_g1.00	EX_amp_e	0.0	0.0	0.0	3.1172383201645075e-11	2.4344970483980433e-11	True	True	0.0
RE:CAKI-1	magnitude_g1.00	EX_anth_e	0.0	0.0	0.0	1.6363038086010012e-10	1.638255139129232e-10	True	True	0.0
RE:CAKI-1	magnitude_g1.00	EX_arg__L_e	-1.1802492389233221	-1.180249238923323	8.881784197001252e-16	7.433831106240518e-09	7.4427985996550206e-09	True	True	0.0
RE:CAKI-1	magnitude_g1.00	EX_asn__L_e	-10.0	-10.0	0.0	9.097346875819312e-09	9.102036457875329e-09	True	True	0.0
RE:CAKI-1	magnitude_g1.00	EX_asp__L_e	-2.126390196894368	-2.126390196894361	7.105427357601002e-15	9.026768665876261e-09	9.03909613825249e-09	True	True	0.0
RE:CAKI-1	magnitude_g1.00	EX_bilirub_e	0.0	-0.0	0.0	1.8276172875354556e-11	1.8344006912259425e-11	True	True	0.0
RE:CAKI-1	magnitude_g1.00	EX_cala_e	0.0	-0.0	0.0	9.927219616058043e-11	9.47278485537497e-11	True	True	0.0
RE:CAKI-1	magnitude_g1.00	EX_chol_e	-2.2595698547931393	-2.2595698547931407	1.3322676295501878e-15	5.842792916155304e-09	5.847407891224066e-09	True	True	0.0
RE:CAKI-1	magnitude_g1.00	EX_cholp_e	0.0	0.0	0.0	2.491001508175171e-10	2.4945112642171807e-10	True	True	0.0
RE:CAKI-1	magnitude_g1.00	EX_cit_e	0.0	0.0	0.0	8.552168641001459e-09	8.560707920324262e-09	True	True	0.0
RE:CAKI-1	magnitude_g1.00	EX_citr__L_e	0.0	-0.0	0.0	1.342356005921974e-09	1.3467380544085472e-09	True	True	0.0
RE:CAKI-1	magnitude_g1.00	EX_cmp_e	0.0	0.0	0.0	5.996475279362414e-11	0.0	True	True	0.0
RE:CAKI-1	magnitude_g1.00	EX_crn_e	-7.138251408781773e-17	0.0	7.138251408781773e-17	6.374837429365532e-09	6.385663553487575e-09	True	True	0.0
RE:CAKI-1	magnitude_g1.00	EX_cyst__L_e	0.0	0.0	0.0	1.1677939206114322e-10	1.170716856790932e-10	True	True	0.0
RE:CAKI-1	magnitude_g1.00	EX_cytd_e	0.0	0.0	0.0	5.931355117748305e-11	5.685119042198039e-11	True	True	0.0
RE:CAKI-1	magnitude_g1.00	EX_dad_2_e	0.0	0.0	0.0	3.234036184922239e-11	2.869174342556846e-11	True	True	0.0
RE:CAKI-1	magnitude_g1.00	EX_dcmp_e	0.0	0.0	0.0	4.861301692255315e-11	4.8882287106977174e-11	True	True	0.0
RE:CAKI-1	magnitude_g1.00	EX_dcyt_e	0.0	0.0	0.0	5.767272789341731e-11	5.7686411203405896e-11	True	True	0.0
RE:CAKI-1	magnitude_g1.00	EX_dhap_e	0.0	0.0	0.0	1.6258820855106946e-10	1.6289547488668177e-10	True	True	0.0
RE:CAKI-1	magnitude_g1.00	EX_dmgly_e	0.0	0.0	0.0	1.6416814193211433e-10	1.4322630437979157e-10	True	True	0.0
RE:CAKI-1	magnitude_g1.00	EX_duri_e	0.0	0.0	0.0	5.94090441809748e-11	5.711583983547541e-11	True	True	0.0
RE:CAKI-1	magnitude_g1.00	EX_ethamp_e	0.0	0.0	0.0	9.569468011950118e-10	9.60895141233209e-10	True	True	0.0
RE:CAKI-1	magnitude_g1.00	EX_fol_e	0.0	-0.0	0.0	4.327860190076045e-09	4.336842884811176e-09	True	True	0.0
RE:CAKI-1	magnitude_g1.00	EX_fum_e	14.927594665657477	14.927594665657551	7.460698725481052e-14	1.4345262933090908e-07	1.4353058475080616e-07	True	True	0.0
RE:CAKI-1	magnitude_g1.00	EX_g3pc_e	0.0	0.0	0.0	1.7628966227097387e-10	1.6578005634926285e-10	True	True	0.0
RE:CAKI-1	magnitude_g1.00	EX_glc__D_e	-10.0	-10.0	0.0	2.2008883604485163e-10	2.2046364733796509e-10	True	True	0.0
RE:CAKI-1	magnitude_g1.00	EX_glcur_e	0.0	0.0	0.0	1.9658923469527612e-10	1.7473933411338294e-10	True	True	0.0
RE:CAKI-1	magnitude_g1.00	EX_gln__L_e	-10.0	-10.0	0.0	4.171468503955111e-09	4.172662215751188e-09	True	True	0.0
RE:CAKI-1	magnitude_g1.00	EX_glu__L_e	-10.0	-10.0	0.0	3.2219666934452107e-09	3.2287879037085077e-09	True	True	0.0
RE:CAKI-1	magnitude_g1.00	EX_gly_e	-7.718514623487177	-7.718514623495773	8.595790745857812e-12	2.3664632564646126e-07	2.3702718987550497e-07	True	True	0.0
RE:CAKI-1	magnitude_g1.00	EX_glyald_e	0.0	0.0	0.0	4.5432978616576083e-10	3.895319622415627e-10	True	True	0.0
RE:CAKI-1	magnitude_g1.00	EX_glyb_e	0.0	0.0	0.0	1.0671154614765215e-09	1.0686775908652635e-09	True	True	0.0
RE:CAKI-1	magnitude_g1.00	EX_glyc3p_e	0.0	0.0	0.0	1.6884086938552617e-10	1.5891266080814148e-10	True	True	0.0
RE:CAKI-1	magnitude_g1.00	EX_gmp_e	0.0	-0.0	0.0	3.414977462719384e-11	0.0	True	True	0.0
RE:CAKI-1	magnitude_g1.00	EX_gthox_e	0.0	-0.0	0.0	3.183882497295672e-10	3.204370102594112e-10	True	True	0.0
RE:CAKI-1	magnitude_g1.00	EX_hcys__L_e	0.0	0.0	0.0	1.8668722573879432e-10	1.6140976196071238e-10	True	True	0.0
RE:CAKI-1	magnitude_g1.00	EX_hom__L_e	0.0	-0.0	0.0	0.0	0.0	True	True	0.0
RE:CAKI-1	magnitude_g1.00	EX_hxan_e	0.0	0.0	0.0	5.2098643052327295e-11	4.34192681808554e-11	True	True	0.0
RE:CAKI-1	magnitude_g1.00	EX_icit_e	0.0	-0.0	0.0	3.2504796741414635e-09	3.254235547700546e-09	True	True	0.0
RE:CAKI-1	magnitude_g1.00	EX_ile__L_e	-0.9398300444600182	-0.9398300444600189	7.771561172376096e-16	4.954336163542905e-09	4.97018959322304e-09	True	True	0.0
RE:CAKI-1	magnitude_g1.00	EX_imp_e	0.0	0.0	0.0	3.308975758024789e-11	3.3167246726861777e-11	True	True	0.0
RE:CAKI-1	magnitude_g1.00	EX_ins_e	0.0	0.0	0.0	3.299446002487179e-11	3.297659367795802e-11	True	True	0.0
RE:CAKI-1	magnitude_g1.00	EX_lac__L_e	7.4616196669760875	7.46161966704407	6.798295260068699e-11	1.8929845460036177e-06	1.8961837557895933e-06	True	True	0.0
RE:CAKI-1	magnitude_g1.00	EX_lcts_e	0.0	0.0	0.0	1.2090895293275813e-10	5.573242277644196e-11	True	True	0.0
RE:CAKI-1	magnitude_g1.00	EX_leu__L_e	-1.7922337326704434	-1.7922337326704487	5.329070518200751e-15	4.626708793864509e-09	4.637284778397088e-09	True	True	0.0
RE:CAKI-1	magnitude_g1.00	EX_lys__L_e	-1.945226570884162	-1.9452265708841634	1.3322676295501878e-15	1.0932110994232858e-08	1.0952135198749602e-08	True	True	0.0
RE:CAKI-1	magnitude_g1.00	EX_mal__L_e	0.0	-0.0	0.0	7.489203807620857e-09	7.512316102520344e-09	True	True	0.0
RE:CAKI-1	magnitude_g1.00	EX_met__L_e	-0.5026982632120718	-0.5026982632120721	3.3306690738754696e-16	7.447479144495617e-08	7.450932737462779e-08	True	True	0.0
RE:CAKI-1	magnitude_g1.00	EX_nac_e	-2.1012488736308145e-15	-0.0	2.1012488736308145e-15	8.333903523985008e-10	8.353673308647558e-10	True	True	0.0
RE:CAKI-1	magnitude_g1.00	EX_ncam_e	0.0	0.0	0.0	5.328603474154154e-09	5.340433576842922e-09	True	True	0.0
RE:CAKI-1	magnitude_g1.00	EX_nicrnt_e	0.0	0.0	0.0	8.306988519653554e-11	8.327150080589263e-11	True	True	0.0
RE:CAKI-1	magnitude_g1.00	EX_orn_e	0.0	0.0	0.0	2.6629356521482354e-09	2.6633993167873963e-09	True	True	0.0
RE:CAKI-1	magnitude_g1.00	EX_orot5p_e	0.0	0.0	0.0	5.0884573500942957e-11	5.0080051217094024e-11	True	True	0.0
RE:CAKI-1	magnitude_g1.00	EX_orot_e	0.0	0.0	0.0	1.1441624767961715e-10	1.1446971148743046e-10	True	True	0.0
RE:CAKI-1	magnitude_g1.00	EX_oxa_e	0.0	-0.0	0.0	2.790475801802203e-10	2.7837889045955714e-10	True	True	0.0
RE:CAKI-1	magnitude_g1.00	EX_pep_e	0.0	0.0	0.0	3.0210517948673933e-10	3.024445693888822e-10	True	True	0.0
RE:CAKI-1	magnitude_g1.00	EX_phe__L_e	-0.8524036882104289	-0.8524036882104296	6.661338147750939e-16	5.936207636558777e-09	5.948990633442008e-09	True	True	0.0
RE:CAKI-1	magnitude_g1.00	EX_pnto__R_e	0.0	-0.0	0.0	3.7098099426624274e-09	3.7084276651701784e-09	True	True	0.0
RE:CAKI-1	magnitude_g1.00	EX_pro__L_e	-1.355101951422501	-1.3551019514225018	8.881784197001252e-16	9.31331389786294e-09	9.34541977137826e-09	True	True	0.0
RE:CAKI-1	magnitude_g1.00	EX_quln_e	0.0	0.0	0.0	5.8011119050567284e-11	5.813826559888628e-11	True	True	0.0
RE:CAKI-1	magnitude_g1.00	EX_sbt__D_e	0.0	0.0	0.0	0.0	0.0	True	True	0.0
RE:CAKI-1	magnitude_g1.00	EX_ser__L_e	-10.0	-10.0	0.0	4.5431391981765046e-10	4.55399273846524e-10	True	True	0.0
RE:CAKI-1	magnitude_g1.00	EX_spmd_e	0.0	0.0	0.0	4.104350140197257e-10	4.720804634333115e-11	True	True	0.0
RE:CAKI-1	magnitude_g1.00	EX_sprm_e	0.0	0.0	0.0	2.9261872945516165e-11	2.40915436282245e-11	True	True	0.0
RE:CAKI-1	magnitude_g1.00	EX_srtn_e	0.0	-0.0	0.0	1.7499171840317748e-10	1.7576270625059247e-10	True	True	0.0
RE:CAKI-1	magnitude_g1.00	EX_succ_e	13.779271551852226	13.779271551860656	8.430589559793589e-12	3.015976979270363e-07	3.0193163702563197e-07	True	True	0.0
RE:CAKI-1	magnitude_g1.00	EX_sucr_e	0.0	0.0	0.0	1.1272760759229646e-10	0.0	True	True	0.0
RE:CAKI-1	magnitude_g1.00	EX_taur_e	0.0	-0.0	0.0	1.450809015478616e-10	1.4522427704832808e-10	True	True	0.0
RE:CAKI-1	magnitude_g1.00	EX_tchola_e	0.0	0.0	0.0	8.609833602096184e-11	3.081110629052939e-11	True	True	0.0
RE:CAKI-1	magnitude_g1.00	EX_thr__L_e	-1.0272564007096077	-1.0272564007096083	6.661338147750939e-16	4.960320376667937e-09	4.970086564526355e-09	True	True	0.0
RE:CAKI-1	magnitude_g1.00	EX_thym_e	0.0	0.0	0.0	7.192214850269823e-11	7.22030768507409e-11	True	True	0.0
RE:CAKI-1	magnitude_g1.00	EX_thymd_e	0.0	0.0	0.0	4.900495039051132e-11	4.816454873823872e-11	True	True	0.0
RE:CAKI-1	magnitude_g1.00	EX_trp__L_e	-0.043713178124794645	-0.04371317812479468	3.469446951953614e-17	4.5854492078389875e-09	4.589850846614674e-09	True	True	0.0
RE:CAKI-1	magnitude_g1.00	EX_tyr__L_e	-0.5245548522744691	-0.5245548522744695	4.440892098500626e-16	4.77592410064176e-09	4.7868166097586595e-09	True	True	0.0
RE:CAKI-1	magnitude_g1.00	EX_ump_e	0.0	0.0	0.0	3.64243240346934e-11	3.6462166619344316e-11	True	True	0.0
RE:CAKI-1	magnitude_g1.00	EX_ura_e	0.0	0.0	0.0	1.006294397499431e-10	1.0077844114775303e-10	True	True	0.0
RE:CAKI-1	magnitude_g1.00	EX_urate_e	0.0	-0.0	0.0	4.807328145443864e-11	4.159045330354161e-11	True	True	0.0
RE:CAKI-1	magnitude_g1.00	EX_uri_e	0.0	0.0	0.0	5.81534793367926e-11	5.82335846210924e-11	True	True	0.0
RE:CAKI-1	magnitude_g1.00	EX_val__L_e	-1.1583926531941138	-1.1583926498609256	3.333188169918344e-09	4.59178695066953e-09	4.592279889692463e-09	True	True	0.0
RE:CAKI-1	magnitude_g1.00	EX_xan_e	0.0	0.0	0.0	4.478440083119749e-11	4.269473663498502e-11	True	True	0.0
RE:CAKI-1	magnitude_g1.00	EX_xmp_e	0.0	0.0	0.0	3.429500824029856e-11	3.266970027837601e-11	True	True	0.0
RE:CAKI-1	magnitude_g1.00	EX_xtsn_e	0.0	0.0	0.0	3.4029379069708347e-11	3.246175550586372e-11	True	True	0.0
ME:MDA-MB-435	ordinal	EX_2pg_e	0.0	0.0	0.0	1.1691887366986214e-09	1.16876819333811e-09	True	True	2.0279189764647023e-15
ME:MDA-MB-435	ordinal	EX_34hpp_e	0.0	-0.0	0.0	1.3946991717304519e-07	1.39379745078827e-07	True	True	2.0279189764647023e-15
ME:MDA-MB-435	ordinal	EX_3hanthrn_e	0.0	-0.0	0.0	5.920033809719182e-10	4.698614705119001e-10	True	True	2.0279189764647023e-15
ME:MDA-MB-435	ordinal	EX_3pg_e	0.0	0.0	0.0	1.1719652228185247e-09	1.1716387859905808e-09	True	True	2.0279189764647023e-15
ME:MDA-MB-435	ordinal	EX_4abut_e	0.0	-0.0	0.0	3.1013063503472943e-09	3.0988727139913408e-09	True	True	2.0279189764647023e-15
ME:MDA-MB-435	ordinal	EX_4hbz_e	0.0	-0.0	0.0	8.775940040765017e-10	8.12395214305211e-10	True	True	2.0279189764647023e-15
ME:MDA-MB-435	ordinal	EX_L2aadp_e	0.0	-0.0	0.0	1.6246847949755572e-09	1.623379618411929e-09	True	True	2.0279189764647023e-15
ME:MDA-MB-435	ordinal	EX_Lkynr_e	0.0	-0.0	0.0	9.33479945071326e-10	9.329235554843876e-10	True	True	2.0279189764647023e-15
ME:MDA-MB-435	ordinal	EX_acac_e	0.0	-0.0	0.0	4.8307718898314626e-08	4.8280456410587647e-08	True	True	2.0279189764647023e-15
ME:MDA-MB-435	ordinal	EX_ade_e	0.0	0.0	0.0	1.8302725433247692e-10	1.6557463409494485e-10	True	True	2.0279189764647023e-15
ME:MDA-MB-435	ordinal	EX_adn_e	0.0	0.0	0.0	1.355497179224503e-10	1.258615434096555e-10	True	True	2.0279189764647023e-15
ME:MDA-MB-435	ordinal	EX_ahcys_e	0.0	0.0	0.0	1.213085670306971e-10	1.1971446056691093e-10	True	True	2.0279189764647023e-15
ME:MDA-MB-435	ordinal	EX_akg_e	0.0	0.0	0.0	1.3000392685232793e-08	1.299420304690102e-08	True	True	2.0279189764647023e-15
ME:MDA-MB-435	ordinal	EX_ala__L_e	11.570369161432218	11.570369018552741	1.4287947713853555e-07	4.4831812751056077e-07	4.485385360908367e-07	True	True	2.0279189764647023e-15
ME:MDA-MB-435	ordinal	EX_amp_e	0.0	0.0	0.0	1.3634547878596465e-10	1.0578560249996372e-10	True	True	2.0279189764647023e-15
ME:MDA-MB-435	ordinal	EX_anth_e	0.0	0.0	0.0	8.71918063008596e-10	8.715304034012661e-10	True	True	2.0279189764647023e-15
ME:MDA-MB-435	ordinal	EX_arg__L_e	-1.1802492389233226	-1.180249238923323	4.440892098500626e-16	4.3763494161908056e-08	4.3741829047760916e-08	True	True	2.0279189764647023e-15
ME:MDA-MB-435	ordinal	EX_asn__L_e	-1.700994579283206	-1.700994474504714	1.0477849188283983e-07	3.196150004658449e-07	3.1940229572313683e-07	True	True	2.0279189764647023e-15
ME:MDA-MB-435	ordinal	EX_asp__L_e	-10.0	-10.0	0.0	2.5538522407941855e-08	2.5530770386694712e-08	True	True	2.0279189764647023e-15
ME:MDA-MB-435	ordinal	EX_bilirub_e	0.0	-0.0	0.0	1.949337517823665e-10	8.893499619090994e-11	True	True	2.0279189764647023e-15
ME:MDA-MB-435	ordinal	EX_cala_e	0.0	0.0	0.0	4.285116868998132e-10	4.2797108728892006e-10	True	True	2.0279189764647023e-15
ME:MDA-MB-435	ordinal	EX_chol_e	-2.259569854793138	-2.25956985479314	2.220446049250313e-15	1.3493131945097048e-08	1.3492423622807337e-08	True	True	2.0279189764647023e-15
ME:MDA-MB-435	ordinal	EX_cholp_e	0.0	0.0	0.0	1.0731163788644331e-09	1.073222399838869e-09	True	True	2.0279189764647023e-15
ME:MDA-MB-435	ordinal	EX_cit_e	0.0	-0.0	0.0	5.0103624170316285e-08	5.0080553037901154e-08	True	True	2.0279189764647023e-15
ME:MDA-MB-435	ordinal	EX_citr__L_e	0.0	0.0	0.0	4.765818391012789e-09	4.764678251945042e-09	True	True	2.0279189764647023e-15
ME:MDA-MB-435	ordinal	EX_cmp_e	0.0	0.0	0.0	2.4947534300218723e-10	0.0	True	True	2.0279189764647023e-15
ME:MDA-MB-435	ordinal	EX_crn_e	0.0	0.0	0.0	1.3127943591647629e-08	1.3127178754892185e-08	True	True	2.0279189764647023e-15
ME:MDA-MB-435	ordinal	EX_cyst__L_e	0.0	0.0	0.0	4.953164075442986e-10	4.945608367279419e-10	True	True	2.0279189764647023e-15
ME:MDA-MB-435	ordinal	EX_cytd_e	0.0	0.0	0.0	2.466157630826296e-10	2.3607743537823467e-10	True	True	2.0279189764647023e-15
ME:MDA-MB-435	ordinal	EX_dad_2_e	0.0	0.0	0.0	1.439804036334961e-10	1.2500542267979142e-10	True	True	2.0279189764647023e-15
ME:MDA-MB-435	ordinal	EX_dcmp_e	0.0	0.0	0.0	2.0733346434963317e-10	2.0745169471148017e-10	True	True	2.0279189764647023e-15
ME:MDA-MB-435	ordinal	EX_dcyt_e	0.0	0.0	0.0	2.3813848455122566e-10	2.3805432625145784e-10	True	True	2.0279189764647023e-15
ME:MDA-MB-435	ordinal	EX_dhap_e	0.0	0.0	0.0	6.439233000372603e-10	6.436353672256701e-10	True	True	2.0279189764647023e-15
ME:MDA-MB-435	ordinal	EX_dmgly_e	0.0	0.0	0.0	6.073448972406114e-10	6.071292033955633e-10	True	True	2.0279189764647023e-15
ME:MDA-MB-435	ordinal	EX_duri_e	0.0	0.0	0.0	2.525147709963127e-10	2.3881696620264847e-10	True	True	2.0279189764647023e-15
ME:MDA-MB-435	ordinal	EX_ethamp_e	0.0	0.0	0.0	4.776287902794255e-09	4.774075357261154e-09	True	True	2.0279189764647023e-15
ME:MDA-MB-435	ordinal	EX_fol_e	0.0	0.0	0.0	2.220906589220799e-08	2.220436989830432e-08	True	True	2.0279189764647023e-15
ME:MDA-MB-435	ordinal	EX_fum_e	18.909627093208968	18.90962714083548	4.762651073519919e-08	1.8603475382406032e-07	1.859495419864743e-07	True	True	2.0279189764647023e-15
ME:MDA-MB-435	ordinal	EX_g3pc_e	0.0	0.0	0.0	6.185311909831726e-10	6.183105139001555e-10	True	True	2.0279189764647023e-15
ME:MDA-MB-435	ordinal	EX_glc__D_e	-10.0	-10.0	0.0	6.927773910092583e-10	6.925819917569243e-10	True	True	2.0279189764647023e-15
ME:MDA-MB-435	ordinal	EX_glcur_e	0.0	0.0	0.0	9.600269498661606e-10	9.606213513535522e-10	True	True	2.0279189764647023e-15
ME:MDA-MB-435	ordinal	EX_gln__L_e	-10.0	-10.0	0.0	1.611247668620308e-08	1.610521849215729e-08	True	True	2.0279189764647023e-15
ME:MDA-MB-435	ordinal	EX_glu__L_e	-10.0	-10.0	0.0	1.0363486069309147e-08	1.035864727327862e-08	True	True	2.0279189764647023e-15
ME:MDA-MB-435	ordinal	EX_gly_e	-7.036503670331493	-7.0365033845725575	2.857589356253243e-07	8.715628485589377e-07	8.712463213100818e-07	True	True	2.0279189764647023e-15
ME:MDA-MB-435	ordinal	EX_glyald_e	0.0	0.0	0.0	1.3529024920443143e-09	1.3515037977640532e-09	True	True	2.0279189764647023e-15
ME:MDA-MB-435	ordinal	EX_glyb_e	0.0	0.0	0.0	3.2102164668978993e-09	3.2085929735260528e-09	True	True	2.0279189764647023e-15
ME:MDA-MB-435	ordinal	EX_glyc3p_e	0.0	0.0	0.0	6.110573960774477e-10	6.116555595347961e-10	True	True	2.0279189764647023e-15
ME:MDA-MB-435	ordinal	EX_gmp_e	0.0	-0.0	0.0	1.640148931216351e-10	0.0	True	True	2.0279189764647023e-15
ME:MDA-MB-435	ordinal	EX_gthox_e	0.0	-0.0	0.0	1.6660332691330092e-09	1.6648924727746817e-09	True	True	2.0279189764647023e-15
ME:MDA-MB-435	ordinal	EX_hcys__L_e	0.0	0.0	0.0	7.375828182335588e-10	7.372777943714937e-10	True	True	2.0279189764647023e-15
ME:MDA-MB-435	ordinal	EX_hom__L_e	0.0	-0.0	0.0	0.0	0.0	True	True	2.0279189764647023e-15
ME:MDA-MB-435	ordinal	EX_hxan_e	0.0	0.0	0.0	2.335780622128052e-10	1.9412890739367583e-10	True	True	2.0279189764647023e-15
ME:MDA-MB-435	ordinal	EX_icit_e	0.0	-0.0	0.0	2.212747308694426e-08	2.211338179236577e-08	True	True	2.0279189764647023e-15
ME:MDA-MB-435	ordinal	EX_ile__L_e	-0.9398300444600183	-0.9398300444600189	6.661338147750939e-16	3.8489767595351054e-08	3.848069729528447e-08	True	True	2.0279189764647023e-15
ME:MDA-MB-435	ordinal	EX_imp_e	0.0	0.0	0.0	1.4285817383324047e-10	1.428697993244299e-10	True	True	2.0279189764647023e-15
ME:MDA-MB-435	ordinal	EX_ins_e	0.0	0.0	0.0	1.576421109281942e-10	1.417030381922757e-10	True	True	2.0279189764647023e-15
ME:MDA-MB-435	ordinal	EX_lac__L_e	16.488202781018952	16.488202914373154	1.3335420234739104e-07	4.0672523837770314e-07	4.065629717331376e-07	True	True	2.0279189764647023e-15
ME:MDA-MB-435	ordinal	EX_lcts_e	0.0	0.0	0.0	2.1479463417852366e-10	2.0159032692304482e-10	True	True	2.0279189764647023e-15
ME:MDA-MB-435	ordinal	EX_leu__L_e	-1.7922337326704474	-1.7922337326704487	1.3322676295501878e-15	3.848877194734257e-08	3.8473549235362725e-08	True	True	2.0279189764647023e-15
ME:MDA-MB-435	ordinal	EX_lys__L_e	-1.945226570884162	-1.9452265708841634	1.3322676295501878e-15	4.320573609994938e-08	4.319081314818618e-08	True	True	2.0279189764647023e-15
ME:MDA-MB-435	ordinal	EX_mal__L_e	0.0	-0.0	0.0	2.4993571872400996e-08	2.497978357496322e-08	True	True	2.0279189764647023e-15
ME:MDA-MB-435	ordinal	EX_met__L_e	-9.759978343257465	-9.759978362307944	1.9050478528015446e-08	8.595636202812784e-08	8.593834621706264e-08	True	True	2.0279189764647023e-15
ME:MDA-MB-435	ordinal	EX_nac_e	6.5812234406957085e-15	-0.0	6.5812234406957085e-15	3.1414839423844192e-09	3.1421514279372786e-09	True	True	2.0279189764647023e-15
ME:MDA-MB-435	ordinal	EX_ncam_e	0.0	0.0	0.0	1.806318142440039e-08	1.8060002086410048e-08	True	True	2.0279189764647023e-15
ME:MDA-MB-435	ordinal	EX_nicrnt_e	0.0	0.0	0.0	3.309750413355771e-10	3.3096880791561034e-10	True	True	2.0279189764647023e-15
ME:MDA-MB-435	ordinal	EX_orn_e	0.0	-0.0	0.0	4.886423348223324e-09	4.8855384266863685e-09	True	True	2.0279189764647023e-15
ME:MDA-MB-435	ordinal	EX_orot5p_e	0.0	0.0	0.0	2.1474608126840896e-10	2.100379870029201e-10	True	True	2.0279189764647023e-15
ME:MDA-MB-435	ordinal	EX_orot_e	0.0	0.0	0.0	5.001489926320507e-10	4.996874580776023e-10	True	True	2.0279189764647023e-15
ME:MDA-MB-435	ordinal	EX_oxa_e	0.0	-0.0	0.0	1.7339479184580626e-09	1.4208118173048942e-09	True	True	2.0279189764647023e-15
ME:MDA-MB-435	ordinal	EX_pep_e	0.0	0.0	0.0	1.2910987716679891e-09	1.2909175950426288e-09	True	True	2.0279189764647023e-15
ME:MDA-MB-435	ordinal	EX_phe__L_e	-10.0	-10.0	0.0	3.8415546299575e-08	3.839321749410374e-08	True	True	2.0279189764647023e-15
ME:MDA-MB-435	ordinal	EX_pnto__R_e	0.0	0.0	0.0	1.8529307523802682e-08	1.8512015742544464e-08	True	True	2.0279189764647023e-15
ME:MDA-MB-435	ordinal	EX_pro__L_e	-1.3551019514224987	-1.3551019514225011	2.4424906541753444e-15	4.425703559185479e-08	4.4255344278099074e-08	True	True	2.0279189764647023e-15
ME:MDA-MB-435	ordinal	EX_quln_e	0.0	0.0	0.0	3.604280351652004e-10	3.0293752691553283e-10	True	True	2.0279189764647023e-15
ME:MDA-MB-435	ordinal	EX_sbt__D_e	0.0	0.0	0.0	0.0	0.0	True	True	2.0279189764647023e-15
ME:MDA-MB-435	ordinal	EX_ser__L_e	-10.0	-10.0	0.0	1.6158896443130288e-09	1.6141186165441468e-09	True	True	2.0279189764647023e-15
ME:MDA-MB-435	ordinal	EX_spmd_e	0.0	0.0	0.0	1.9852714748400038e-10	1.9823564786479847e-10	True	True	2.0279189764647023e-15
ME:MDA-MB-435	ordinal	EX_sprm_e	0.0	0.0	0.0	1.0373951094178604e-10	1.024123528022011e-10	True	True	2.0279189764647023e-15
ME:MDA-MB-435	ordinal	EX_srtn_e	0.0	0.0	0.0	8.63560010364105e-10	8.644622795372925e-10	True	True	2.0279189764647023e-15
ME:MDA-MB-435	ordinal	EX_succ_e	14.716223893261366	14.716224036140977	1.428796103652985e-07	4.357597127579993e-07	4.356985687792303e-07	True	True	2.0279189764647023e-15
ME:MDA-MB-435	ordinal	EX_sucr_e	0.0	0.0	0.0	0.0	0.0	True	True	2.0279189764647023e-15
ME:MDA-MB-435	ordinal	EX_taur_e	0.0	0.0	0.0	7.185672386705039e-10	7.183349470807343e-10	True	True	2.0279189764647023e-15
ME:MDA-MB-435	ordinal	EX_tchola_e	0.0	0.0	0.0	3.0494669255431187e-10	1.56750862290167e-10	True	True	2.0279189764647023e-15
ME:MDA-MB-435	ordinal	EX_thr__L_e	-1.0272564007096077	-1.0272564007096083	6.661338147750939e-16	4.0815204105371095e-08	4.080225113334279e-08	True	True	2.0279189764647023e-15
ME:MDA-MB-435	ordinal	EX_thym_e	0.0	0.0	0.0	3.0706898533809455e-10	3.0520315441595613e-10	True	True	2.0279189764647023e-15
ME:MDA-MB-435	ordinal	EX_thymd_e	0.0	0.0	0.0	2.0283541244597516e-10	1.9680326118765024e-10	True	True	2.0279189764647023e-15
ME:MDA-MB-435	ordinal	EX_trp__L_e	-0.04371317812479466	-0.04371317812479468	2.0816681711721685e-17	3.8490326613460635e-08	3.846750763758511e-08	True	True	2.0279189764647023e-15
ME:MDA-MB-435	ordinal	EX_tyr__L_e	-0.5245548522744692	-0.5245548522744695	3.3306690738754696e-16	1.4053482344511536e-07	1.404390062020866e-07	True	True	2.0279189764647023e-15
ME:MDA-MB-435	ordinal	EX_ump_e	0.0	0.0	0.0	2.4825151050931976e-10	1.556979545291881e-10	True	True	2.0279189764647023e-15
ME:MDA-MB-435	ordinal	EX_ura_e	0.0	0.0	0.0	4.4636152768262476e-10	4.4363268614233665e-10	True	True	2.0279189764647023e-15
ME:MDA-MB-435	ordinal	EX_urate_e	0.0	-0.0	0.0	2.211365532214261e-10	1.8659682291976727e-10	True	True	2.0279189764647023e-15
ME:MDA-MB-435	ordinal	EX_uri_e	0.0	0.0	0.0	2.4016463745865426e-10	2.401278065278234e-10	True	True	2.0279189764647023e-15
ME:MDA-MB-435	ordinal	EX_val__L_e	-1.1583926883481703	-1.1583926498609256	3.8487244724549896e-08	3.847351415231515e-08	3.847329232975483e-08	True	True	2.0279189764647023e-15
ME:MDA-MB-435	ordinal	EX_xan_e	0.0	0.0	0.0	2.078525484835663e-10	1.9291373792917732e-10	True	True	2.0279189764647023e-15
ME:MDA-MB-435	ordinal	EX_xmp_e	0.0	0.0	0.0	1.4358380767681796e-10	1.413391625959548e-10	True	True	2.0279189764647023e-15
ME:MDA-MB-435	ordinal	EX_xtsn_e	0.0	0.0	0.0	1.5608247928524557e-10	1.3982814905943997e-10	True	True	2.0279189764647023e-15
