run_id	context_id	arm	exchange_id	point	range_lo	range_hi	scenario	status
twostage-20260916T061947Z	BR:BT-549	magnitude_g1.00	EX_2pg_e	0.0	0.0	6.07167809194246	primary	optimal
twostage-20260916T061947Z	BR:BT-549	magnitude_g1.00	EX_34hpp_e	0.0	0.0	13.026358738859876	primary	optimal
twostage-20260916T061947Z	BR:BT-549	magnitude_g1.00	EX_3hanthrn_e	0.0	0.0	2.0081023565618943	primary	optimal
twostage-20260916T061947Z	BR:BT-549	magnitude_g1.00	EX_3pg_e	0.0	0.0	6.071678091942321	primary	optimal
twostage-20260916T061947Z	BR:BT-549	magnitude_g1.00	EX_4abut_e	0.0	0.0	31.287345204675567	primary	optimal
twostage-20260916T061947Z	BR:BT-549	magnitude_g1.00	EX_4hbz_e	0.0	0.0	5.5311890700937365	primary	optimal
twostage-20260916T061947Z	BR:BT-549	magnitude_g1.00	EX_L2aadp_e	0.0	0.0	8.734370527932692	primary	optimal
twostage-20260916T061947Z	BR:BT-549	magnitude_g1.00	EX_Lkynr_e	0.0	0.0	4.082525722824271	primary	optimal
twostage-20260916T061947Z	BR:BT-549	magnitude_g1.00	EX_acac_e	0.0	0.0	14.253417669608615	primary	optimal
twostage-20260916T061947Z	BR:BT-549	magnitude_g1.00	EX_ade_e	0.0	0.0	1.2346405388330373	primary	optimal
twostage-20260916T061947Z	BR:BT-549	magnitude_g1.00	EX_adn_e	0.0	0.0	0.9738086180014269	primary	optimal
twostage-20260916T061947Z	BR:BT-549	magnitude_g1.00	EX_ahcys_e	0.0	0.0	0.9139485130294397	primary	optimal
twostage-20260916T061947Z	BR:BT-549	magnitude_g1.00	EX_akg_e	0.0	0.0	40.31434114346471	primary	optimal
twostage-20260916T061947Z	BR:BT-549	magnitude_g1.00	EX_ala__L_e	1e-06	0.0	59.07336857340859	primary	optimal
twostage-20260916T061947Z	BR:BT-549	magnitude_g1.00	EX_amp_e	0.0	0.0	0.8104239992843987	primary	optimal
twostage-20260916T061947Z	BR:BT-549	magnitude_g1.00	EX_anth_e	0.0	0.0	3.7930950890860187	primary	optimal
twostage-20260916T061947Z	BR:BT-549	magnitude_g1.00	EX_arg__L_e	-9.999999	-10.0	3.3267478642978103	primary	optimal
twostage-20260916T061947Z	BR:BT-549	magnitude_g1.00	EX_asn__L_e	-9.999999	-10.0	7.500802921765171	primary	optimal
twostage-20260916T061947Z	BR:BT-549	magnitude_g1.00	EX_asp__L_e	-9.999999	-10.0	29.668689125831996	primary	optimal
twostage-20260916T061947Z	BR:BT-549	magnitude_g1.00	EX_bilirub_e	7.961052625622843e-32	0.0	0.5020618439206003	primary	optimal
twostage-20260916T061947Z	BR:BT-549	magnitude_g1.00	EX_cala_e	0.0	0.0	3.0800902970727413	primary	optimal
twostage-20260916T061947Z	BR:BT-549	magnitude_g1.00	EX_chol_e	-9.999999000000003	-10.0	0.5480695843331909	primary	optimal
twostage-20260916T061947Z	BR:BT-549	magnitude_g1.00	EX_cholp_e	0.0	0.0	6.071678091942378	primary	optimal
twostage-20260916T061947Z	BR:BT-549	magnitude_g1.00	EX_cit_e	0.0	0.0	31.045326228988603	primary	optimal
twostage-20260916T061947Z	BR:BT-549	magnitude_g1.00	EX_citr__L_e	0.0	0.0	16.08779891827486	primary	optimal
twostage-20260916T061947Z	BR:BT-549	magnitude_g1.00	EX_cmp_e	0.0	0.0	0.0	primary	optimal
twostage-20260916T061947Z	BR:BT-549	magnitude_g1.00	EX_crn_e	-0.9999989999999999	-1.0	0.0	primary	optimal
twostage-20260916T061947Z	BR:BT-549	magnitude_g1.00	EX_cyst__L_e	0.0	0.0	3.7177305896871586	primary	optimal
twostage-20260916T061947Z	BR:BT-549	magnitude_g1.00	EX_cytd_e	0.0	0.0	1.8833018017746397	primary	optimal
twostage-20260916T061947Z	BR:BT-549	magnitude_g1.00	EX_dad_2_e	0.0	0.0	0.964800033170441	primary	optimal
twostage-20260916T061947Z	BR:BT-549	magnitude_g1.00	EX_dcmp_e	0.0	0.0	1.6281793283920851	primary	optimal
twostage-20260916T061947Z	BR:BT-549	magnitude_g1.00	EX_dcyt_e	0.0	0.0	1.932901984402168	primary	optimal
twostage-20260916T061947Z	BR:BT-549	magnitude_g1.00	EX_dhap_e	0.0	0.0	5.492123560235157	primary	optimal
twostage-20260916T061947Z	BR:BT-549	magnitude_g1.00	EX_dmgly_e	0.0	0.0	4.496209339629811	primary	optimal
twostage-20260916T061947Z	BR:BT-549	magnitude_g1.00	EX_duri_e	0.0	0.0	1.8957087247560258	primary	optimal
twostage-20260916T061947Z	BR:BT-549	magnitude_g1.00	EX_ethamp_e	0.0	0.0	6.071678091942522	primary	optimal
twostage-20260916T061947Z	BR:BT-549	magnitude_g1.00	EX_fol_e	-9.999999	-10.0	-7.105427357601002e-15	primary	optimal
twostage-20260916T061947Z	BR:BT-549	magnitude_g1.00	EX_fum_e	1e-06	0.0	42.6415139492739	primary	optimal
twostage-20260916T061947Z	BR:BT-549	magnitude_g1.00	EX_g3pc_e	0.0	0.0	2.3789764032148515	primary	optimal
twostage-20260916T061947Z	BR:BT-549	magnitude_g1.00	EX_glc__D_e	-10.0	-10.0	-2.832086441042642	primary	optimal
twostage-20260916T061947Z	BR:BT-549	magnitude_g1.00	EX_glcur_e	0.0	0.0	4.0859791845494815	primary	optimal
twostage-20260916T061947Z	BR:BT-549	magnitude_g1.00	EX_gln__L_e	-9.999999	-10.0	6.531906867787184	primary	optimal
twostage-20260916T061947Z	BR:BT-549	magnitude_g1.00	EX_glu__L_e	-9.999999	-10.0	27.588271866844664	primary	optimal
twostage-20260916T061947Z	BR:BT-549	magnitude_g1.00	EX_gly_e	-9.999999	-10.0	30.951230256640883	primary	optimal
twostage-20260916T061947Z	BR:BT-549	magnitude_g1.00	EX_glyald_e	0.0	0.0	12.714585122654745	primary	optimal
twostage-20260916T061947Z	BR:BT-549	magnitude_g1.00	EX_glyb_e	0.0	0.0	10.176014634748098	primary	optimal
twostage-20260916T061947Z	BR:BT-549	magnitude_g1.00	EX_glyc3p_e	0.0	0.0	5.397079014317307	primary	optimal
twostage-20260916T061947Z	BR:BT-549	magnitude_g1.00	EX_gmp_e	0.0	0.0	0.0	primary	optimal
twostage-20260916T061947Z	BR:BT-549	magnitude_g1.00	EX_gthox_e	0.0	0.0	5.601700248270349	primary	optimal
twostage-20260916T061947Z	BR:BT-549	magnitude_g1.00	EX_hcys__L_e	0.0	0.0	5.0591945312322215	primary	optimal
twostage-20260916T061947Z	BR:BT-549	magnitude_g1.00	EX_hom__L_e	0.0	0.0	0.0	primary	optimal
twostage-20260916T061947Z	BR:BT-549	magnitude_g1.00	EX_hxan_e	0.0	0.0	1.4489855371637401	primary	optimal
twostage-20260916T061947Z	BR:BT-549	magnitude_g1.00	EX_icit_e	0.0	0.0	32.13254717215004	primary	optimal
twostage-20260916T061947Z	BR:BT-549	magnitude_g1.00	EX_ile__L_e	-9.999999	-10.0	-0.9398300444600016	primary	optimal
twostage-20260916T061947Z	BR:BT-549	magnitude_g1.00	EX_imp_e	0.0	0.0	1.1096741329041877	primary	optimal
twostage-20260916T061947Z	BR:BT-549	magnitude_g1.00	EX_ins_e	0.0	0.0	1.1022033147344474	primary	optimal
twostage-20260916T061947Z	BR:BT-549	magnitude_g1.00	EX_lac__L_e	-0.999999	-1.0	54.256114589081506	primary	optimal
twostage-20260916T061947Z	BR:BT-549	magnitude_g1.00	EX_lcts_e	0.0	0.0	1.85081083013063	primary	optimal
twostage-20260916T061947Z	BR:BT-549	magnitude_g1.00	EX_leu__L_e	-9.999999	-10.0	-1.7922337326704412	primary	optimal
twostage-20260916T061947Z	BR:BT-549	magnitude_g1.00	EX_lys__L_e	-9.999999	-10.0	-1.9452265708840892	primary	optimal
twostage-20260916T061947Z	BR:BT-549	magnitude_g1.00	EX_mal__L_e	1e-06	0.0	38.37877172081367	primary	optimal
twostage-20260916T061947Z	BR:BT-549	magnitude_g1.00	EX_met__L_e	-9.999999	-10.0	-0.5026982632120696	primary	optimal
twostage-20260916T061947Z	BR:BT-549	magnitude_g1.00	EX_nac_e	3.347054171957784e-15	0.0	10.837855758230013	primary	optimal
twostage-20260916T061947Z	BR:BT-549	magnitude_g1.00	EX_ncam_e	-9.999999	-10.0	-1.7763568394002505e-15	primary	optimal
twostage-20260916T061947Z	BR:BT-549	magnitude_g1.00	EX_nicrnt_e	0.0	0.0	2.7437198474262012	primary	optimal
twostage-20260916T061947Z	BR:BT-549	magnitude_g1.00	EX_orn_e	1.0000000000000002e-06	0.0	34.6752474710089	primary	optimal
twostage-20260916T061947Z	BR:BT-549	magnitude_g1.00	EX_orot5p_e	0.0	0.0	1.6522958634284999	primary	optimal
twostage-20260916T061947Z	BR:BT-549	magnitude_g1.00	EX_orot_e	0.0	0.0	3.772899059048685	primary	optimal
twostage-20260916T061947Z	BR:BT-549	magnitude_g1.00	EX_oxa_e	0.0	0.0	7.592932457704201	primary	optimal
twostage-20260916T061947Z	BR:BT-549	magnitude_g1.00	EX_pep_e	0.0	0.0	6.071678091942511	primary	optimal
twostage-20260916T061947Z	BR:BT-549	magnitude_g1.00	EX_phe__L_e	-9.134547874213284	-10.0	-0.8524036882104298	primary	optimal
twostage-20260916T061947Z	BR:BT-549	magnitude_g1.00	EX_pnto__R_e	2.2253464863688523e-12	-10.0	0.049999999999998934	primary	optimal
twostage-20260916T061947Z	BR:BT-549	magnitude_g1.00	EX_pro__L_e	-1.3551019514249305	-10.0	23.365134771027446	primary	optimal
twostage-20260916T061947Z	BR:BT-549	magnitude_g1.00	EX_quln_e	0.0	0.0	1.3513107716631723	primary	optimal
twostage-20260916T061947Z	BR:BT-549	magnitude_g1.00	EX_sbt__D_e	0.0	0.0	0.0	primary	optimal
twostage-20260916T061947Z	BR:BT-549	magnitude_g1.00	EX_ser__L_e	-10.0	-10.0	3.457848877060227	primary	optimal
twostage-20260916T061947Z	BR:BT-549	magnitude_g1.00	EX_spmd_e	0.0	0.0	1.449018012892146	primary	optimal
twostage-20260916T061947Z	BR:BT-549	magnitude_g1.00	EX_sprm_e	0.0	0.0	0.7307375407320746	primary	optimal
twostage-20260916T061947Z	BR:BT-549	magnitude_g1.00	EX_srtn_e	0.0	0.0	4.075667364211655	primary	optimal
twostage-20260916T061947Z	BR:BT-549	magnitude_g1.00	EX_succ_e	13.462568264375143	0.0	62.28404005863263	primary	optimal
twostage-20260916T061947Z	BR:BT-549	magnitude_g1.00	EX_sucr_e	0.0	0.0	0.0	primary	optimal
twostage-20260916T061947Z	BR:BT-549	magnitude_g1.00	EX_taur_e	-2.5501365119678355e-15	0.0	3.6402009781684828	primary	optimal
twostage-20260916T061947Z	BR:BT-549	magnitude_g1.00	EX_tchola_e	0.0	0.0	0.7797987476699184	primary	optimal
twostage-20260916T061947Z	BR:BT-549	magnitude_g1.00	EX_thr__L_e	-1.0272564007096083	-10.0	-1.0272564007096072	primary	optimal
twostage-20260916T061947Z	BR:BT-549	magnitude_g1.00	EX_thym_e	0.0	0.0	2.383657069193294	primary	optimal
twostage-20260916T061947Z	BR:BT-549	magnitude_g1.00	EX_thymd_e	0.0	0.0	1.6024121807945926	primary	optimal
twostage-20260916T061947Z	BR:BT-549	magnitude_g1.00	EX_trp__L_e	-0.04371317812479467	-10.0	-0.04371317812480058	primary	optimal
twostage-20260916T061947Z	BR:BT-549	magnitude_g1.00	EX_tyr__L_e	-0.5245548522744695	-10.0	3.7314178828542492	primary	optimal
twostage-20260916T061947Z	BR:BT-549	magnitude_g1.00	EX_ump_e	0.0	0.0	1.2112696826238407	primary	optimal
twostage-20260916T061947Z	BR:BT-549	magnitude_g1.00	EX_ura_e	0.0	0.0	3.2834526638265245	primary	optimal
twostage-20260916T061947Z	BR:BT-549	magnitude_g1.00	EX_urate_e	0.0	0.0	1.3840504399740745	primary	optimal
twostage-20260916T061947Z	BR:BT-549	magnitude_g1.00	EX_uri_e	0.0	0.0	1.9200442799748803	primary	optimal
twostage-20260916T061947Z	BR:BT-549	magnitude_g1.00	EX_val__L_e	-1.1583931498597086	-10.0	-1.158392649860927	primary	optimal
twostage-20260916T061947Z	BR:BT-549	magnitude_g1.00	EX_xan_e	0.0	0.0	1.4211250380821931	primary	optimal
twostage-20260916T061947Z	BR:BT-549	magnitude_g1.00	EX_xmp_e	0.0	0.0	1.0898809679234158	primary	optimal
twostage-20260916T061947Z	BR:BT-549	magnitude_g1.00	EX_xtsn_e	0.0	0.0	1.084514337071428	primary	optimal
twostage-20260916T061947Z	BR:MCF7	magnitude_g1.00	EX_2pg_e	0.0	0.0	6.071678091942361	primary	optimal
twostage-20260916T061947Z	BR:MCF7	magnitude_g1.00	EX_34hpp_e	0.0	0.0	13.000996804894303	primary	optimal
twostage-20260916T061947Z	BR:MCF7	magnitude_g1.00	EX_3hanthrn_e	0.0	0.0	2.0050616521395375	primary	optimal
twostage-20260916T061947Z	BR:MCF7	magnitude_g1.00	EX_3pg_e	0.0	0.0	6.071678091942447	primary	optimal
twostage-20260916T061947Z	BR:MCF7	magnitude_g1.00	EX_4abut_e	0.0	0.0	33.50881835215809	primary	optimal
twostage-20260916T061947Z	BR:MCF7	magnitude_g1.00	EX_4hbz_e	0.0	0.0	5.535932045764731	primary	optimal
twostage-20260916T061947Z	BR:MCF7	magnitude_g1.00	EX_L2aadp_e	0.0	0.0	8.7398429751772	primary	optimal
twostage-20260916T061947Z	BR:MCF7	magnitude_g1.00	EX_Lkynr_e	0.0	0.0	4.029046730989759	primary	optimal
twostage-20260916T061947Z	BR:MCF7	magnitude_g1.00	EX_acac_e	0.0	0.0	13.797903024049411	primary	optimal
twostage-20260916T061947Z	BR:MCF7	magnitude_g1.00	EX_ade_e	0.0	0.0	1.23926628191237	primary	optimal
twostage-20260916T061947Z	BR:MCF7	magnitude_g1.00	EX_adn_e	0.0	0.0	0.9822669696063822	primary	optimal
twostage-20260916T061947Z	BR:MCF7	magnitude_g1.00	EX_ahcys_e	0.0	0.0	0.918667524939723	primary	optimal
twostage-20260916T061947Z	BR:MCF7	magnitude_g1.00	EX_akg_e	0.0	0.0	40.17895132697731	primary	optimal
twostage-20260916T061947Z	BR:MCF7	magnitude_g1.00	EX_ala__L_e	9.999999999999997e-07	0.0	59.78649519061067	primary	optimal
twostage-20260916T061947Z	BR:MCF7	magnitude_g1.00	EX_amp_e	0.0	0.0	0.8173177219797224	primary	optimal
twostage-20260916T061947Z	BR:MCF7	magnitude_g1.00	EX_anth_e	0.0	0.0	3.7767570506586914	primary	optimal
twostage-20260916T061947Z	BR:MCF7	magnitude_g1.00	EX_arg__L_e	-9.999999	-10.0	3.2800520838231413	primary	optimal
twostage-20260916T061947Z	BR:MCF7	magnitude_g1.00	EX_asn__L_e	-9.999999000000003	-10.0	7.42748960237358	primary	optimal
twostage-20260916T061947Z	BR:MCF7	magnitude_g1.00	EX_asp__L_e	-9.999999	-10.0	29.966555302280092	primary	optimal
twostage-20260916T061947Z	BR:MCF7	magnitude_g1.00	EX_bilirub_e	0.0	0.0	0.4960649548231165	primary	optimal
twostage-20260916T061947Z	BR:MCF7	magnitude_g1.00	EX_cala_e	0.0	0.0	3.035252483416179	primary	optimal
twostage-20260916T061947Z	BR:MCF7	magnitude_g1.00	EX_chol_e	-9.999999	-10.0	0.5464898607237417	primary	optimal
twostage-20260916T061947Z	BR:MCF7	magnitude_g1.00	EX_cholp_e	0.0	0.0	6.071678091942569	primary	optimal
twostage-20260916T061947Z	BR:MCF7	magnitude_g1.00	EX_cit_e	0.0	0.0	31.045326228988817	primary	optimal
twostage-20260916T061947Z	BR:MCF7	magnitude_g1.00	EX_citr__L_e	0.0	0.0	16.036689554269905	primary	optimal
twostage-20260916T061947Z	BR:MCF7	magnitude_g1.00	EX_cmp_e	0.0	0.0	0.0	primary	optimal
twostage-20260916T061947Z	BR:MCF7	magnitude_g1.00	EX_crn_e	-0.999999	-1.0	0.0	primary	optimal
twostage-20260916T061947Z	BR:MCF7	magnitude_g1.00	EX_cyst__L_e	0.0	0.0	3.7263614156384683	primary	optimal
twostage-20260916T061947Z	BR:MCF7	magnitude_g1.00	EX_cytd_e	0.0	0.0	1.8866425274281569	primary	optimal
twostage-20260916T061947Z	BR:MCF7	magnitude_g1.00	EX_dad_2_e	0.0	0.0	0.9731637128103094	primary	optimal
twostage-20260916T061947Z	BR:MCF7	magnitude_g1.00	EX_dcmp_e	0.0	0.0	1.634996823424801	primary	optimal
twostage-20260916T061947Z	BR:MCF7	magnitude_g1.00	EX_dcyt_e	0.0	0.0	1.9470321796427599	primary	optimal
twostage-20260916T061947Z	BR:MCF7	magnitude_g1.00	EX_dhap_e	0.0	0.0	5.569351664046827	primary	optimal
twostage-20260916T061947Z	BR:MCF7	magnitude_g1.00	EX_dmgly_e	0.0	0.0	4.499214170342369	primary	optimal
twostage-20260916T061947Z	BR:MCF7	magnitude_g1.00	EX_duri_e	0.0	0.0	1.910468654157716	primary	optimal
twostage-20260916T061947Z	BR:MCF7	magnitude_g1.00	EX_ethamp_e	0.0	0.0	6.071678091942755	primary	optimal
twostage-20260916T061947Z	BR:MCF7	magnitude_g1.00	EX_fol_e	-9.999999	-10.0	-7.105427357601002e-15	primary	optimal
twostage-20260916T061947Z	BR:MCF7	magnitude_g1.00	EX_fum_e	1.0000000000000002e-06	0.0	42.63756848055395	primary	optimal
twostage-20260916T061947Z	BR:MCF7	magnitude_g1.00	EX_g3pc_e	0.0	0.0	2.375262058063738	primary	optimal
twostage-20260916T061947Z	BR:MCF7	magnitude_g1.00	EX_glc__D_e	-10.0	-10.0	-2.706291788091908	primary	optimal
twostage-20260916T061947Z	BR:MCF7	magnitude_g1.00	EX_glcur_e	0.0	0.0	4.067795317879464	primary	optimal
twostage-20260916T061947Z	BR:MCF7	magnitude_g1.00	EX_gln__L_e	-9.999999	-10.0	6.676307165086292	primary	optimal
twostage-20260916T061947Z	BR:MCF7	magnitude_g1.00	EX_glu__L_e	-9.999999	-10.0	28.152411856399013	primary	optimal
twostage-20260916T061947Z	BR:MCF7	magnitude_g1.00	EX_gly_e	-9.999999000000003	-10.0	31.559409069179562	primary	optimal
twostage-20260916T061947Z	BR:MCF7	magnitude_g1.00	EX_glyald_e	0.0	0.0	12.8671439975742	primary	optimal
twostage-20260916T061947Z	BR:MCF7	magnitude_g1.00	EX_glyb_e	0.0	0.0	10.171188607672583	primary	optimal
twostage-20260916T061947Z	BR:MCF7	magnitude_g1.00	EX_glyc3p_e	0.0	0.0	5.462775534215782	primary	optimal
twostage-20260916T061947Z	BR:MCF7	magnitude_g1.00	EX_gmp_e	0.0	0.0	0.0	primary	optimal
twostage-20260916T061947Z	BR:MCF7	magnitude_g1.00	EX_gthox_e	0.0	0.0	5.62736879685932	primary	optimal
twostage-20260916T061947Z	BR:MCF7	magnitude_g1.00	EX_hcys__L_e	0.0	0.0	5.035761070546929	primary	optimal
twostage-20260916T061947Z	BR:MCF7	magnitude_g1.00	EX_hom__L_e	0.0	0.0	0.0	primary	optimal
twostage-20260916T061947Z	BR:MCF7	magnitude_g1.00	EX_hxan_e	0.0	0.0	1.453023849567524	primary	optimal
twostage-20260916T061947Z	BR:MCF7	magnitude_g1.00	EX_icit_e	0.0	0.0	32.143738946499525	primary	optimal
twostage-20260916T061947Z	BR:MCF7	magnitude_g1.00	EX_ile__L_e	-9.999999	-10.0	-0.9398300444600274	primary	optimal
twostage-20260916T061947Z	BR:MCF7	magnitude_g1.00	EX_imp_e	0.0	0.0	1.118712238135565	primary	optimal
twostage-20260916T061947Z	BR:MCF7	magnitude_g1.00	EX_ins_e	0.0	0.0	1.1109854716626175	primary	optimal
twostage-20260916T061947Z	BR:MCF7	magnitude_g1.00	EX_lac__L_e	-0.9999990000000001	-1.0	54.25611458908286	primary	optimal
twostage-20260916T061947Z	BR:MCF7	magnitude_g1.00	EX_lcts_e	0.0	0.0	1.8539171280964002	primary	optimal
twostage-20260916T061947Z	BR:MCF7	magnitude_g1.00	EX_leu__L_e	-9.999999	-10.0	-1.792233732670443	primary	optimal
twostage-20260916T061947Z	BR:MCF7	magnitude_g1.00	EX_lys__L_e	-9.999999	-10.0	-1.9452265708841674	primary	optimal
twostage-20260916T061947Z	BR:MCF7	magnitude_g1.00	EX_mal__L_e	1.0000000000000002e-06	0.0	38.378771720812836	primary	optimal
twostage-20260916T061947Z	BR:MCF7	magnitude_g1.00	EX_met__L_e	-9.999999	-10.0	-0.5026982632120713	primary	optimal
twostage-20260916T061947Z	BR:MCF7	magnitude_g1.00	EX_nac_e	0.0	0.0	10.831419467008732	primary	optimal
twostage-20260916T061947Z	BR:MCF7	magnitude_g1.00	EX_ncam_e	-9.999998999999999	-10.0	-3.552713678800501e-15	primary	optimal
twostage-20260916T061947Z	BR:MCF7	magnitude_g1.00	EX_nicrnt_e	0.0	0.0	2.750081056606146	primary	optimal
twostage-20260916T061947Z	BR:MCF7	magnitude_g1.00	EX_orn_e	1e-06	0.0	34.70419058562689	primary	optimal
twostage-20260916T061947Z	BR:MCF7	magnitude_g1.00	EX_orot5p_e	0.0	0.0	1.6642399859334789	primary	optimal
twostage-20260916T061947Z	BR:MCF7	magnitude_g1.00	EX_orot_e	0.0	0.0	3.801934177064635	primary	optimal
twostage-20260916T061947Z	BR:MCF7	magnitude_g1.00	EX_oxa_e	0.0	0.0	7.550619652075578	primary	optimal
twostage-20260916T061947Z	BR:MCF7	magnitude_g1.00	EX_pep_e	0.0	0.0	6.071678091942397	primary	optimal
twostage-20260916T061947Z	BR:MCF7	magnitude_g1.00	EX_phe__L_e	-9.134547874211304	-10.0	-0.8524036882104244	primary	optimal
twostage-20260916T061947Z	BR:MCF7	magnitude_g1.00	EX_pnto__R_e	-4.89005646634339e-12	-10.0	0.04999999999999716	primary	optimal
twostage-20260916T061947Z	BR:MCF7	magnitude_g1.00	EX_pro__L_e	-1.3551019514226987	-10.0	23.70853079233116	primary	optimal
twostage-20260916T061947Z	BR:MCF7	magnitude_g1.00	EX_quln_e	0.0	0.0	1.349127977121827	primary	optimal
twostage-20260916T061947Z	BR:MCF7	magnitude_g1.00	EX_sbt__D_e	0.0	0.0	0.0	primary	optimal
twostage-20260916T061947Z	BR:MCF7	magnitude_g1.00	EX_ser__L_e	-10.0	-10.0	3.849817057416252	primary	optimal
twostage-20260916T061947Z	BR:MCF7	magnitude_g1.00	EX_spmd_e	0.0	0.0	1.4321345463137582	primary	optimal
twostage-20260916T061947Z	BR:MCF7	magnitude_g1.00	EX_sprm_e	0.0	0.0	0.7219724844303704	primary	optimal
twostage-20260916T061947Z	BR:MCF7	magnitude_g1.00	EX_srtn_e	0.0	0.0	4.068653306416685	primary	optimal
twostage-20260916T061947Z	BR:MCF7	magnitude_g1.00	EX_succ_e	13.462568264374136	0.0	62.28404005863288	primary	optimal
twostage-20260916T061947Z	BR:MCF7	magnitude_g1.00	EX_sucr_e	0.0	0.0	0.0	primary	optimal
twostage-20260916T061947Z	BR:MCF7	magnitude_g1.00	EX_taur_e	0.0	0.0	3.635876300476672	primary	optimal
twostage-20260916T061947Z	BR:MCF7	magnitude_g1.00	EX_tchola_e	0.0	0.0	0.776931352044989	primary	optimal
twostage-20260916T061947Z	BR:MCF7	magnitude_g1.00	EX_thr__L_e	-1.0272564007096083	-10.0	-1.0272564007095655	primary	optimal
twostage-20260916T061947Z	BR:MCF7	magnitude_g1.00	EX_thym_e	0.0	0.0	2.379297904867795	primary	optimal
twostage-20260916T061947Z	BR:MCF7	magnitude_g1.00	EX_thymd_e	0.0	0.0	1.6082986648949196	primary	optimal
twostage-20260916T061947Z	BR:MCF7	magnitude_g1.00	EX_trp__L_e	-0.04371317812479467	-10.0	-0.04371317812479525	primary	optimal
twostage-20260916T061947Z	BR:MCF7	magnitude_g1.00	EX_tyr__L_e	-0.5245548522744694	-10.0	3.728461753239432	primary	optimal
twostage-20260916T061947Z	BR:MCF7	magnitude_g1.00	EX_ump_e	0.0	0.0	1.2208947414238205	primary	optimal
twostage-20260916T061947Z	BR:MCF7	magnitude_g1.00	EX_ura_e	0.0	0.0	3.2573838939250868	primary	optimal
twostage-20260916T061947Z	BR:MCF7	magnitude_g1.00	EX_urate_e	0.0	0.0	1.3844539427842733	primary	optimal
twostage-20260916T061947Z	BR:MCF7	magnitude_g1.00	EX_uri_e	0.0	0.0	1.9312747967768347	primary	optimal
twostage-20260916T061947Z	BR:MCF7	magnitude_g1.00	EX_val__L_e	-1.158393149861552	-10.0	-1.158392649860927	primary	optimal
twostage-20260916T061947Z	BR:MCF7	magnitude_g1.00	EX_xan_e	0.0	0.0	1.4202335296402628	primary	optimal
twostage-20260916T061947Z	BR:MCF7	magnitude_g1.00	EX_xmp_e	0.0	0.0	1.0994593872998772	primary	optimal
twostage-20260916T061947Z	BR:MCF7	magnitude_g1.00	EX_xtsn_e	0.0	0.0	1.0914747350913534	primary	optimal
twostage-20260916T061947Z	BR:T-47D	magnitude_g1.00	EX_2pg_e	0.0	0.0	6.0716780919423075	primary	optimal
twostage-20260916T061947Z	BR:T-47D	magnitude_g1.00	EX_34hpp_e	0.0	0.0	13.056149030712195	primary	optimal
twostage-20260916T061947Z	BR:T-47D	magnitude_g1.00	EX_3hanthrn_e	0.0	0.0	2.023922538860998	primary	optimal
twostage-20260916T061947Z	BR:T-47D	magnitude_g1.00	EX_3pg_e	0.0	0.0	6.071678091942655	primary	optimal
twostage-20260916T061947Z	BR:T-47D	magnitude_g1.00	EX_4abut_e	0.0	0.0	33.49428000233318	primary	optimal
twostage-20260916T061947Z	BR:T-47D	magnitude_g1.00	EX_4hbz_e	0.0	0.0	5.534231152147976	primary	optimal
twostage-20260916T061947Z	BR:T-47D	magnitude_g1.00	EX_L2aadp_e	0.0	0.0	8.721690376655053	primary	optimal
twostage-20260916T061947Z	BR:T-47D	magnitude_g1.00	EX_Lkynr_e	0.0	0.0	4.07956842690651	primary	optimal
twostage-20260916T061947Z	BR:T-47D	magnitude_g1.00	EX_acac_e	0.0	0.0	13.74692644896805	primary	optimal
twostage-20260916T061947Z	BR:T-47D	magnitude_g1.00	EX_ade_e	0.0	0.0	1.232269551096453	primary	optimal
twostage-20260916T061947Z	BR:T-47D	magnitude_g1.00	EX_adn_e	0.0	0.0	0.970192170702311	primary	optimal
twostage-20260916T061947Z	BR:T-47D	magnitude_g1.00	EX_ahcys_e	0.0	0.0	0.9091120523049184	primary	optimal
twostage-20260916T061947Z	BR:T-47D	magnitude_g1.00	EX_akg_e	0.0	0.0	40.15893783773976	primary	optimal
twostage-20260916T061947Z	BR:T-47D	magnitude_g1.00	EX_ala__L_e	1e-06	0.0	57.95407306863305	primary	optimal
twostage-20260916T061947Z	BR:T-47D	magnitude_g1.00	EX_amp_e	0.0	0.0	0.8078610368387884	primary	optimal
twostage-20260916T061947Z	BR:T-47D	magnitude_g1.00	EX_anth_e	0.0	0.0	3.820694027437484	primary	optimal
twostage-20260916T061947Z	BR:T-47D	magnitude_g1.00	EX_arg__L_e	-9.999998999999999	-10.0	3.3293808983405904	primary	optimal
twostage-20260916T061947Z	BR:T-47D	magnitude_g1.00	EX_asn__L_e	-9.999999	-10.0	7.411940755793208	primary	optimal
twostage-20260916T061947Z	BR:T-47D	magnitude_g1.00	EX_asp__L_e	-9.999999	-10.0	29.80545112532686	primary	optimal
twostage-20260916T061947Z	BR:T-47D	magnitude_g1.00	EX_bilirub_e	0.0	0.0	0.49745014619994143	primary	optimal
twostage-20260916T061947Z	BR:T-47D	magnitude_g1.00	EX_cala_e	0.0	0.0	3.0335249089333733	primary	optimal
twostage-20260916T061947Z	BR:T-47D	magnitude_g1.00	EX_chol_e	-9.999999	-10.0	0.5469777104966582	primary	optimal
twostage-20260916T061947Z	BR:T-47D	magnitude_g1.00	EX_cholp_e	0.0	0.0	6.0716780919423154	primary	optimal
twostage-20260916T061947Z	BR:T-47D	magnitude_g1.00	EX_cit_e	0.0	0.0	31.045326228988063	primary	optimal
twostage-20260916T061947Z	BR:T-47D	magnitude_g1.00	EX_citr__L_e	0.0	0.0	16.072044090320873	primary	optimal
twostage-20260916T061947Z	BR:T-47D	magnitude_g1.00	EX_cmp_e	0.0	0.0	0.0	primary	optimal
twostage-20260916T061947Z	BR:T-47D	magnitude_g1.00	EX_crn_e	-0.999999	-1.0	2.220446049250313e-16	primary	optimal
twostage-20260916T061947Z	BR:T-47D	magnitude_g1.00	EX_cyst__L_e	0.0	0.0	3.6729640919301385	primary	optimal
twostage-20260916T061947Z	BR:T-47D	magnitude_g1.00	EX_cytd_e	0.0	0.0	1.8735530208369917	primary	optimal
twostage-20260916T061947Z	BR:T-47D	magnitude_g1.00	EX_dad_2_e	0.0	0.0	0.962028847816981	primary	optimal
twostage-20260916T061947Z	BR:T-47D	magnitude_g1.00	EX_dcmp_e	0.0	0.0	1.6198763467542105	primary	optimal
twostage-20260916T061947Z	BR:T-47D	magnitude_g1.00	EX_dcyt_e	0.0	0.0	1.9288014110060496	primary	optimal
twostage-20260916T061947Z	BR:T-47D	magnitude_g1.00	EX_dhap_e	0.0	0.0	5.484178330105578	primary	optimal
twostage-20260916T061947Z	BR:T-47D	magnitude_g1.00	EX_dmgly_e	0.0	0.0	4.479405628882536	primary	optimal
twostage-20260916T061947Z	BR:T-47D	magnitude_g1.00	EX_duri_e	0.0	0.0	1.8880892744223539	primary	optimal
twostage-20260916T061947Z	BR:T-47D	magnitude_g1.00	EX_ethamp_e	0.0	0.0	6.071678091942299	primary	optimal
twostage-20260916T061947Z	BR:T-47D	magnitude_g1.00	EX_fol_e	-9.999999	-10.0	3.197442310920451e-14	primary	optimal
twostage-20260916T061947Z	BR:T-47D	magnitude_g1.00	EX_fum_e	1e-06	0.0	42.64939273136584	primary	optimal
twostage-20260916T061947Z	BR:T-47D	magnitude_g1.00	EX_g3pc_e	0.0	0.0	2.3670692316910906	primary	optimal
twostage-20260916T061947Z	BR:T-47D	magnitude_g1.00	EX_glc__D_e	-10.0	-10.0	-2.742510924131639	primary	optimal
twostage-20260916T061947Z	BR:T-47D	magnitude_g1.00	EX_glcur_e	0.0	0.0	4.115486706444492	primary	optimal
twostage-20260916T061947Z	BR:T-47D	magnitude_g1.00	EX_gln__L_e	-9.999999	-10.0	6.46382914774702	primary	optimal
twostage-20260916T061947Z	BR:T-47D	magnitude_g1.00	EX_glu__L_e	-9.999998999999999	-10.0	27.4094506671888	primary	optimal
twostage-20260916T061947Z	BR:T-47D	magnitude_g1.00	EX_gly_e	-9.999999	-10.0	31.401897484504122	primary	optimal
twostage-20260916T061947Z	BR:T-47D	magnitude_g1.00	EX_glyald_e	0.0	0.0	12.74383787656167	primary	optimal
twostage-20260916T061947Z	BR:T-47D	magnitude_g1.00	EX_glyb_e	0.0	0.0	10.184481677676603	primary	optimal
twostage-20260916T061947Z	BR:T-47D	magnitude_g1.00	EX_glyc3p_e	0.0	0.0	5.391378250927061	primary	optimal
twostage-20260916T061947Z	BR:T-47D	magnitude_g1.00	EX_gmp_e	0.0	0.0	0.0	primary	optimal
twostage-20260916T061947Z	BR:T-47D	magnitude_g1.00	EX_gthox_e	0.0	0.0	5.609743436479914	primary	optimal
twostage-20260916T061947Z	BR:T-47D	magnitude_g1.00	EX_hcys__L_e	0.0	0.0	5.00778039126102	primary	optimal
twostage-20260916T061947Z	BR:T-47D	magnitude_g1.00	EX_hom__L_e	0.0	0.0	0.0	primary	optimal
twostage-20260916T061947Z	BR:T-47D	magnitude_g1.00	EX_hxan_e	0.0	0.0	1.4441389101785782	primary	optimal
twostage-20260916T061947Z	BR:T-47D	magnitude_g1.00	EX_icit_e	0.0	0.0	32.062880015057516	primary	optimal
twostage-20260916T061947Z	BR:T-47D	magnitude_g1.00	EX_ile__L_e	-9.999999	-10.0	-0.9398300444600265	primary	optimal
twostage-20260916T061947Z	BR:T-47D	magnitude_g1.00	EX_imp_e	0.0	0.0	1.1048442152394022	primary	optimal
twostage-20260916T061947Z	BR:T-47D	magnitude_g1.00	EX_ins_e	0.0	0.0	1.0966761197474708	primary	optimal
twostage-20260916T061947Z	BR:T-47D	magnitude_g1.00	EX_lac__L_e	-0.999999	-1.0	54.256114589081015	primary	optimal
twostage-20260916T061947Z	BR:T-47D	magnitude_g1.00	EX_lcts_e	0.0	0.0	1.8462631977735062	primary	optimal
twostage-20260916T061947Z	BR:T-47D	magnitude_g1.00	EX_leu__L_e	-9.999999	-10.0	-1.7922337326705193	primary	optimal
twostage-20260916T061947Z	BR:T-47D	magnitude_g1.00	EX_lys__L_e	-9.999999000000003	-10.0	-1.9452265708841772	primary	optimal
twostage-20260916T061947Z	BR:T-47D	magnitude_g1.00	EX_mal__L_e	1e-06	0.0	38.37877172081335	primary	optimal
twostage-20260916T061947Z	BR:T-47D	magnitude_g1.00	EX_met__L_e	-9.999999	-10.0	-0.5026982632120713	primary	optimal
twostage-20260916T061947Z	BR:T-47D	magnitude_g1.00	EX_nac_e	-1.970351368388381e-15	0.0	10.847046748754822	primary	optimal
twostage-20260916T061947Z	BR:T-47D	magnitude_g1.00	EX_ncam_e	-9.999999	-10.0	-1.7763568394002505e-15	primary	optimal
twostage-20260916T061947Z	BR:T-47D	magnitude_g1.00	EX_nicrnt_e	0.0	0.0	2.7205930019428517	primary	optimal
twostage-20260916T061947Z	BR:T-47D	magnitude_g1.00	EX_orn_e	1e-06	0.0	34.77557360940522	primary	optimal
twostage-20260916T061947Z	BR:T-47D	magnitude_g1.00	EX_orot5p_e	0.0	0.0	1.642558828798185	primary	optimal
twostage-20260916T061947Z	BR:T-47D	magnitude_g1.00	EX_orot_e	0.0	0.0	3.753429510651357	primary	optimal
twostage-20260916T061947Z	BR:T-47D	magnitude_g1.00	EX_oxa_e	0.0	0.0	7.6165835952745855	primary	optimal
twostage-20260916T061947Z	BR:T-47D	magnitude_g1.00	EX_pep_e	0.0	0.0	6.071678091942445	primary	optimal
twostage-20260916T061947Z	BR:T-47D	magnitude_g1.00	EX_phe__L_e	-9.134547874212089	-10.0	-0.8524036882104298	primary	optimal
twostage-20260916T061947Z	BR:T-47D	magnitude_g1.00	EX_pnto__R_e	2.5101206170675776e-13	-10.0	0.05000000000000071	primary	optimal
twostage-20260916T061947Z	BR:T-47D	magnitude_g1.00	EX_pro__L_e	-1.3551019514219884	-10.0	24.07198652956533	primary	optimal
twostage-20260916T061947Z	BR:T-47D	magnitude_g1.00	EX_quln_e	0.0	0.0	1.3632844160039024	primary	optimal
twostage-20260916T061947Z	BR:T-47D	magnitude_g1.00	EX_sbt__D_e	0.0	0.0	0.0	primary	optimal
twostage-20260916T061947Z	BR:T-47D	magnitude_g1.00	EX_ser__L_e	-10.0	-10.0	3.567873791876266	primary	optimal
twostage-20260916T061947Z	BR:T-47D	magnitude_g1.00	EX_spmd_e	0.0	0.0	1.4323647783751627	primary	optimal
twostage-20260916T061947Z	BR:T-47D	magnitude_g1.00	EX_sprm_e	0.0	0.0	0.7226048544074455	primary	optimal
twostage-20260916T061947Z	BR:T-47D	magnitude_g1.00	EX_srtn_e	0.0	0.0	4.089498986776923	primary	optimal
twostage-20260916T061947Z	BR:T-47D	magnitude_g1.00	EX_succ_e	13.462568264372864	0.0	62.28404005863276	primary	optimal
twostage-20260916T061947Z	BR:T-47D	magnitude_g1.00	EX_sucr_e	0.0	0.0	0.0	primary	optimal
twostage-20260916T061947Z	BR:T-47D	magnitude_g1.00	EX_taur_e	0.0	0.0	3.6733013784588624	primary	optimal
twostage-20260916T061947Z	BR:T-47D	magnitude_g1.00	EX_tchola_e	0.0	0.0	0.7844823228806267	primary	optimal
twostage-20260916T061947Z	BR:T-47D	magnitude_g1.00	EX_thr__L_e	-1.027256400709608	-10.0	-1.0272564007096072	primary	optimal
twostage-20260916T061947Z	BR:T-47D	magnitude_g1.00	EX_thym_e	0.0	0.0	2.3694630370951244	primary	optimal
twostage-20260916T061947Z	BR:T-47D	magnitude_g1.00	EX_thymd_e	0.0	0.0	1.5898559130415546	primary	optimal
twostage-20260916T061947Z	BR:T-47D	magnitude_g1.00	EX_trp__L_e	-0.04371317812479467	-10.0	-0.04371317812479525	primary	optimal
twostage-20260916T061947Z	BR:T-47D	magnitude_g1.00	EX_tyr__L_e	-0.5245548522744694	-10.0	3.7704521584641757	primary	optimal
twostage-20260916T061947Z	BR:T-47D	magnitude_g1.00	EX_ump_e	0.0	0.0	1.2050833133873837	primary	optimal
twostage-20260916T061947Z	BR:T-47D	magnitude_g1.00	EX_ura_e	0.0	0.0	3.265840869800815	primary	optimal
twostage-20260916T061947Z	BR:T-47D	magnitude_g1.00	EX_urate_e	0.0	0.0	1.37786235031047	primary	optimal
twostage-20260916T061947Z	BR:T-47D	magnitude_g1.00	EX_uri_e	0.0	0.0	1.9103988808162695	primary	optimal
twostage-20260916T061947Z	BR:T-47D	magnitude_g1.00	EX_val__L_e	-1.1583931498668685	-10.0	-1.1583926498609092	primary	optimal
twostage-20260916T061947Z	BR:T-47D	magnitude_g1.00	EX_xan_e	0.0	0.0	1.414297388980709	primary	optimal
twostage-20260916T061947Z	BR:T-47D	magnitude_g1.00	EX_xmp_e	0.0	0.0	1.0854717533731346	primary	optimal
twostage-20260916T061947Z	BR:T-47D	magnitude_g1.00	EX_xtsn_e	0.0	0.0	1.0793600787258002	primary	optimal
twostage-20260916T061947Z	CNS:SF-268	magnitude_g1.00	EX_2pg_e	0.0	0.0	6.071678091942557	primary	optimal
twostage-20260916T061947Z	CNS:SF-268	magnitude_g1.00	EX_34hpp_e	0.0	0.0	12.932991651351085	primary	optimal
twostage-20260916T061947Z	CNS:SF-268	magnitude_g1.00	EX_3hanthrn_e	0.0	0.0	1.9508855250632724	primary	optimal
twostage-20260916T061947Z	CNS:SF-268	magnitude_g1.00	EX_3pg_e	0.0	0.0	6.0716780919424815	primary	optimal
twostage-20260916T061947Z	CNS:SF-268	magnitude_g1.00	EX_4abut_e	0.0	0.0	31.394719915212402	primary	optimal
twostage-20260916T061947Z	CNS:SF-268	magnitude_g1.00	EX_4hbz_e	0.0	0.0	5.347310465373294	primary	optimal
twostage-20260916T061947Z	CNS:SF-268	magnitude_g1.00	EX_L2aadp_e	0.0	0.0	8.71678366253689	primary	optimal
twostage-20260916T061947Z	CNS:SF-268	magnitude_g1.00	EX_Lkynr_e	0.0	0.0	3.939475857802294	primary	optimal
twostage-20260916T061947Z	CNS:SF-268	magnitude_g1.00	EX_acac_e	0.0	0.0	14.248136706641857	primary	optimal
twostage-20260916T061947Z	CNS:SF-268	magnitude_g1.00	EX_ade_e	0.0	0.0	1.2235248267425554	primary	optimal
twostage-20260916T061947Z	CNS:SF-268	magnitude_g1.00	EX_adn_e	0.0	0.0	0.9635684346933067	primary	optimal
twostage-20260916T061947Z	CNS:SF-268	magnitude_g1.00	EX_ahcys_e	0.0	0.0	0.9017440355873817	primary	optimal
twostage-20260916T061947Z	CNS:SF-268	magnitude_g1.00	EX_akg_e	0.0	0.0	39.344289174241105	primary	optimal
twostage-20260916T061947Z	CNS:SF-268	magnitude_g1.00	EX_ala__L_e	1e-06	0.0	58.771065553935756	primary	optimal
twostage-20260916T061947Z	CNS:SF-268	magnitude_g1.00	EX_amp_e	0.0	0.0	0.8030636319577253	primary	optimal
twostage-20260916T061947Z	CNS:SF-268	magnitude_g1.00	EX_anth_e	0.0	0.0	3.671452705098679	primary	optimal
twostage-20260916T061947Z	CNS:SF-268	magnitude_g1.00	EX_arg__L_e	-9.999999	-10.0	3.1391939128469586	primary	optimal
twostage-20260916T061947Z	CNS:SF-268	magnitude_g1.00	EX_asn__L_e	-9.999999000000003	-10.0	7.295579730646995	primary	optimal
twostage-20260916T061947Z	CNS:SF-268	magnitude_g1.00	EX_asp__L_e	-9.999999	-10.0	29.57070321418767	primary	optimal
twostage-20260916T061947Z	CNS:SF-268	magnitude_g1.00	EX_bilirub_e	0.0	0.0	0.48551886504619396	primary	optimal
twostage-20260916T061947Z	CNS:SF-268	magnitude_g1.00	EX_cala_e	0.0	0.0	3.0386588245967627	primary	optimal
twostage-20260916T061947Z	CNS:SF-268	magnitude_g1.00	EX_chol_e	-9.999999	-10.0	0.522656342766898	primary	optimal
twostage-20260916T061947Z	CNS:SF-268	magnitude_g1.00	EX_cholp_e	0.0	0.0	6.071678091942324	primary	optimal
twostage-20260916T061947Z	CNS:SF-268	magnitude_g1.00	EX_cit_e	0.0	0.0	31.045326228989154	primary	optimal
twostage-20260916T061947Z	CNS:SF-268	magnitude_g1.00	EX_citr__L_e	0.0	0.0	15.908101743260852	primary	optimal
twostage-20260916T061947Z	CNS:SF-268	magnitude_g1.00	EX_cmp_e	0.0	0.0	0.0	primary	optimal
twostage-20260916T061947Z	CNS:SF-268	magnitude_g1.00	EX_crn_e	-0.999999	-1.0	0.0	primary	optimal
twostage-20260916T061947Z	CNS:SF-268	magnitude_g1.00	EX_cyst__L_e	0.0	0.0	3.6203360763724133	primary	optimal
twostage-20260916T061947Z	CNS:SF-268	magnitude_g1.00	EX_cytd_e	0.0	0.0	1.8508252188534653	primary	optimal
twostage-20260916T061947Z	CNS:SF-268	magnitude_g1.00	EX_dad_2_e	0.0	0.0	0.9560575130135802	primary	optimal
twostage-20260916T061947Z	CNS:SF-268	magnitude_g1.00	EX_dcmp_e	0.0	0.0	1.605292725259385	primary	optimal
twostage-20260916T061947Z	CNS:SF-268	magnitude_g1.00	EX_dcyt_e	0.0	0.0	1.8988488763238163	primary	optimal
twostage-20260916T061947Z	CNS:SF-268	magnitude_g1.00	EX_dhap_e	0.0	0.0	5.423573858569964	primary	optimal
twostage-20260916T061947Z	CNS:SF-268	magnitude_g1.00	EX_dmgly_e	0.0	0.0	4.377975086770071	primary	optimal
twostage-20260916T061947Z	CNS:SF-268	magnitude_g1.00	EX_duri_e	0.0	0.0	1.8615632157004314	primary	optimal
twostage-20260916T061947Z	CNS:SF-268	magnitude_g1.00	EX_ethamp_e	0.0	0.0	6.071678091942463	primary	optimal
twostage-20260916T061947Z	CNS:SF-268	magnitude_g1.00	EX_fol_e	-9.999999	-10.0	-7.105427357601002e-15	primary	optimal
twostage-20260916T061947Z	CNS:SF-268	magnitude_g1.00	EX_fum_e	1e-06	0.0	42.62142915894086	primary	optimal
twostage-20260916T061947Z	CNS:SF-268	magnitude_g1.00	EX_g3pc_e	0.0	0.0	2.327086903712039	primary	optimal
twostage-20260916T061947Z	CNS:SF-268	magnitude_g1.00	EX_glc__D_e	-10.0	-10.0	-3.0449861393532522	primary	optimal
twostage-20260916T061947Z	CNS:SF-268	magnitude_g1.00	EX_glcur_e	0.0	0.0	3.998240357318727	primary	optimal
twostage-20260916T061947Z	CNS:SF-268	magnitude_g1.00	EX_gln__L_e	-9.999999	-10.0	6.409287087866809	primary	optimal
twostage-20260916T061947Z	CNS:SF-268	magnitude_g1.00	EX_glu__L_e	-9.999999	-10.0	27.379127243603204	primary	optimal
twostage-20260916T061947Z	CNS:SF-268	magnitude_g1.00	EX_gly_e	-9.999999	-10.0	30.679273241886577	primary	optimal
twostage-20260916T061947Z	CNS:SF-268	magnitude_g1.00	EX_glyald_e	0.0	0.0	12.464343266820272	primary	optimal
twostage-20260916T061947Z	CNS:SF-268	magnitude_g1.00	EX_glyb_e	0.0	0.0	10.156864085112474	primary	optimal
twostage-20260916T061947Z	CNS:SF-268	magnitude_g1.00	EX_glyc3p_e	0.0	0.0	5.327270873118505	primary	optimal
twostage-20260916T061947Z	CNS:SF-268	magnitude_g1.00	EX_gmp_e	0.0	0.0	0.0	primary	optimal
twostage-20260916T061947Z	CNS:SF-268	magnitude_g1.00	EX_gthox_e	0.0	0.0	5.580246111715884	primary	optimal
twostage-20260916T061947Z	CNS:SF-268	magnitude_g1.00	EX_hcys__L_e	0.0	0.0	4.9221261978848	primary	optimal
twostage-20260916T061947Z	CNS:SF-268	magnitude_g1.00	EX_hom__L_e	0.0	0.0	0.0	primary	optimal
twostage-20260916T061947Z	CNS:SF-268	magnitude_g1.00	EX_hxan_e	0.0	0.0	1.4320936823029426	primary	optimal
twostage-20260916T061947Z	CNS:SF-268	magnitude_g1.00	EX_icit_e	0.0	0.0	31.567619175150654	primary	optimal
twostage-20260916T061947Z	CNS:SF-268	magnitude_g1.00	EX_ile__L_e	-9.999999	-10.0	-0.9398300444600682	primary	optimal
twostage-20260916T061947Z	CNS:SF-268	magnitude_g1.00	EX_imp_e	0.0	0.0	1.096322569224007	primary	optimal
twostage-20260916T061947Z	CNS:SF-268	magnitude_g1.00	EX_ins_e	0.0	0.0	1.0882963617482966	primary	optimal
twostage-20260916T061947Z	CNS:SF-268	magnitude_g1.00	EX_lac__L_e	-0.999999	-1.0	54.25611458908201	primary	optimal
twostage-20260916T061947Z	CNS:SF-268	magnitude_g1.00	EX_lcts_e	0.0	0.0	1.8069373881385742	primary	optimal
twostage-20260916T061947Z	CNS:SF-268	magnitude_g1.00	EX_leu__L_e	-9.999999000000003	-10.0	-1.7922337326704483	primary	optimal
twostage-20260916T061947Z	CNS:SF-268	magnitude_g1.00	EX_lys__L_e	-9.999999	-10.0	-1.9452265708841798	primary	optimal
twostage-20260916T061947Z	CNS:SF-268	magnitude_g1.00	EX_mal__L_e	1e-06	0.0	38.378771720813134	primary	optimal
twostage-20260916T061947Z	CNS:SF-268	magnitude_g1.00	EX_met__L_e	-9.999999	-10.0	-0.5026982632120731	primary	optimal
twostage-20260916T061947Z	CNS:SF-268	magnitude_g1.00	EX_nac_e	-2.2507110469104938e-15	0.0	10.813876856747184	primary	optimal
twostage-20260916T061947Z	CNS:SF-268	magnitude_g1.00	EX_ncam_e	-9.999999	-10.0	1.7763568394002505e-15	primary	optimal
twostage-20260916T061947Z	CNS:SF-268	magnitude_g1.00	EX_nicrnt_e	0.0	0.0	2.681974124340104	primary	optimal
twostage-20260916T061947Z	CNS:SF-268	magnitude_g1.00	EX_orn_e	1e-06	0.0	34.488601741061885	primary	optimal
twostage-20260916T061947Z	CNS:SF-268	magnitude_g1.00	EX_orot5p_e	0.0	0.0	1.6247529771315667	primary	optimal
twostage-20260916T061947Z	CNS:SF-268	magnitude_g1.00	EX_orot_e	0.0	0.0	3.727333287116132	primary	optimal
twostage-20260916T061947Z	CNS:SF-268	magnitude_g1.00	EX_oxa_e	0.0	0.0	7.502736000939447	primary	optimal
twostage-20260916T061947Z	CNS:SF-268	magnitude_g1.00	EX_pep_e	0.0	0.0	6.071678091942486	primary	optimal
twostage-20260916T061947Z	CNS:SF-268	magnitude_g1.00	EX_phe__L_e	-9.13454787421501	-10.0	-0.852403688210428	primary	optimal
twostage-20260916T061947Z	CNS:SF-268	magnitude_g1.00	EX_pnto__R_e	-4.213868639205589e-12	-10.0	0.05000000000000426	primary	optimal
twostage-20260916T061947Z	CNS:SF-268	magnitude_g1.00	EX_pro__L_e	-1.3551019514201978	-10.0	23.12002631415633	primary	optimal
twostage-20260916T061947Z	CNS:SF-268	magnitude_g1.00	EX_quln_e	0.0	0.0	1.3146403643703426	primary	optimal
twostage-20260916T061947Z	CNS:SF-268	magnitude_g1.00	EX_sbt__D_e	0.0	0.0	0.0	primary	optimal
twostage-20260916T061947Z	CNS:SF-268	magnitude_g1.00	EX_ser__L_e	-10.0	-10.0	3.1606766413228664	primary	optimal
twostage-20260916T061947Z	CNS:SF-268	magnitude_g1.00	EX_spmd_e	0.0	0.0	1.4029569388605776	primary	optimal
twostage-20260916T061947Z	CNS:SF-268	magnitude_g1.00	EX_sprm_e	0.0	0.0	0.7077949861336614	primary	optimal
twostage-20260916T061947Z	CNS:SF-268	magnitude_g1.00	EX_srtn_e	0.0	0.0	3.977648549649585	primary	optimal
twostage-20260916T061947Z	CNS:SF-268	magnitude_g1.00	EX_succ_e	13.462568264371152	0.0	62.1429025404504	primary	optimal
twostage-20260916T061947Z	CNS:SF-268	magnitude_g1.00	EX_sucr_e	0.0	0.0	0.0	primary	optimal
twostage-20260916T061947Z	CNS:SF-268	magnitude_g1.00	EX_taur_e	0.0	0.0	3.557105654757163	primary	optimal
twostage-20260916T061947Z	CNS:SF-268	magnitude_g1.00	EX_tchola_e	0.0	0.0	0.7591104678259961	primary	optimal
twostage-20260916T061947Z	CNS:SF-268	magnitude_g1.00	EX_thr__L_e	-1.027256400709608	-10.0	-1.0272564007095966	primary	optimal
twostage-20260916T061947Z	CNS:SF-268	magnitude_g1.00	EX_thym_e	0.0	0.0	2.333473722730926	primary	optimal
twostage-20260916T061947Z	CNS:SF-268	magnitude_g1.00	EX_thymd_e	0.0	0.0	1.5682446869504265	primary	optimal
twostage-20260916T061947Z	CNS:SF-268	magnitude_g1.00	EX_trp__L_e	-0.04371317812479468	-10.0	-0.04371317812479347	primary	optimal
twostage-20260916T061947Z	CNS:SF-268	magnitude_g1.00	EX_tyr__L_e	-0.5245548522744694	-10.0	3.646679267249391	primary	optimal
twostage-20260916T061947Z	CNS:SF-268	magnitude_g1.00	EX_ump_e	0.0	0.0	1.1947691103696951	primary	optimal
twostage-20260916T061947Z	CNS:SF-268	magnitude_g1.00	EX_ura_e	0.0	0.0	3.217753912923903	primary	optimal
twostage-20260916T061947Z	CNS:SF-268	magnitude_g1.00	EX_urate_e	0.0	0.0	1.3671808910369814	primary	optimal
twostage-20260916T061947Z	CNS:SF-268	magnitude_g1.00	EX_uri_e	0.0	0.0	1.8826633393226855	primary	optimal
twostage-20260916T061947Z	CNS:SF-268	magnitude_g1.00	EX_val__L_e	-1.1583931498589635	-10.0	-1.158392649860879	primary	optimal
twostage-20260916T061947Z	CNS:SF-268	magnitude_g1.00	EX_xan_e	0.0	0.0	1.4040491573520082	primary	optimal
twostage-20260916T061947Z	CNS:SF-268	magnitude_g1.00	EX_xmp_e	0.0	0.0	1.0770760972240134	primary	optimal
twostage-20260916T061947Z	CNS:SF-268	magnitude_g1.00	EX_xtsn_e	0.0	0.0	1.0707227432899262	primary	optimal
twostage-20260916T061947Z	CNS:SF-295	magnitude_g1.00	EX_2pg_e	0.0	0.0	6.0716780919424345	primary	optimal
twostage-20260916T061947Z	CNS:SF-295	magnitude_g1.00	EX_34hpp_e	0.0	0.0	12.971901241881621	primary	optimal
twostage-20260916T061947Z	CNS:SF-295	magnitude_g1.00	EX_3hanthrn_e	0.0	0.0	1.9806042730439164	primary	optimal
twostage-20260916T061947Z	CNS:SF-295	magnitude_g1.00	EX_3pg_e	0.0	0.0	6.071678091942321	primary	optimal
twostage-20260916T061947Z	CNS:SF-295	magnitude_g1.00	EX_4abut_e	0.0	0.0	31.22312777066523	primary	optimal
twostage-20260916T061947Z	CNS:SF-295	magnitude_g1.00	EX_4hbz_e	0.0	0.0	5.457071323742329	primary	optimal
twostage-20260916T061947Z	CNS:SF-295	magnitude_g1.00	EX_L2aadp_e	0.0	0.0	8.706717602532466	primary	optimal
twostage-20260916T061947Z	CNS:SF-295	magnitude_g1.00	EX_Lkynr_e	0.0	0.0	3.9965875452427846	primary	optimal
twostage-20260916T061947Z	CNS:SF-295	magnitude_g1.00	EX_acac_e	0.0	0.0	14.186018133016193	primary	optimal
twostage-20260916T061947Z	CNS:SF-295	magnitude_g1.00	EX_ade_e	0.0	0.0	1.2282790856301782	primary	optimal
twostage-20260916T061947Z	CNS:SF-295	magnitude_g1.00	EX_adn_e	0.0	0.0	0.9683531870520646	primary	optimal
twostage-20260916T061947Z	CNS:SF-295	magnitude_g1.00	EX_ahcys_e	0.0	0.0	0.9080485405652233	primary	optimal
twostage-20260916T061947Z	CNS:SF-295	magnitude_g1.00	EX_akg_e	0.0	0.0	39.7790439061336	primary	optimal
twostage-20260916T061947Z	CNS:SF-295	magnitude_g1.00	EX_ala__L_e	1.0000000000000002e-06	0.0	57.9209884988569	primary	optimal
twostage-20260916T061947Z	CNS:SF-295	magnitude_g1.00	EX_amp_e	0.0	0.0	0.8070501030981393	primary	optimal
twostage-20260916T061947Z	CNS:SF-295	magnitude_g1.00	EX_anth_e	0.0	0.0	3.7391155912719407	primary	optimal
twostage-20260916T061947Z	CNS:SF-295	magnitude_g1.00	EX_arg__L_e	-9.999999	-10.0	3.225496401769776	primary	optimal
twostage-20260916T061947Z	CNS:SF-295	magnitude_g1.00	EX_asn__L_e	-9.999999	-10.0	7.383889090980816	primary	optimal
twostage-20260916T061947Z	CNS:SF-295	magnitude_g1.00	EX_asp__L_e	-9.999999	-10.0	29.58397664671859	primary	optimal
twostage-20260916T061947Z	CNS:SF-295	magnitude_g1.00	EX_bilirub_e	0.0	0.0	0.4932345281731424	primary	optimal
twostage-20260916T061947Z	CNS:SF-295	magnitude_g1.00	EX_cala_e	0.0	0.0	3.0673132907102296	primary	optimal
twostage-20260916T061947Z	CNS:SF-295	magnitude_g1.00	EX_chol_e	-9.999999000000003	-10.0	0.541098496842102	primary	optimal
twostage-20260916T061947Z	CNS:SF-295	magnitude_g1.00	EX_cholp_e	0.0	0.0	6.071678091942364	primary	optimal
twostage-20260916T061947Z	CNS:SF-295	magnitude_g1.00	EX_cit_e	0.0	0.0	31.04532622898876	primary	optimal
twostage-20260916T061947Z	CNS:SF-295	magnitude_g1.00	EX_citr__L_e	0.0	0.0	15.997387177664699	primary	optimal
twostage-20260916T061947Z	CNS:SF-295	magnitude_g1.00	EX_cmp_e	0.0	0.0	0.0	primary	optimal
twostage-20260916T061947Z	CNS:SF-295	magnitude_g1.00	EX_crn_e	-0.9999989999999999	-1.0	-4.440892098500626e-16	primary	optimal
twostage-20260916T061947Z	CNS:SF-295	magnitude_g1.00	EX_cyst__L_e	0.0	0.0	3.6579437939218997	primary	optimal
twostage-20260916T061947Z	CNS:SF-295	magnitude_g1.00	EX_cytd_e	0.0	0.0	1.8688387705837932	primary	optimal
twostage-20260916T061947Z	CNS:SF-295	magnitude_g1.00	EX_dad_2_e	0.0	0.0	0.9606646400364486	primary	optimal
twostage-20260916T061947Z	CNS:SF-295	magnitude_g1.00	EX_dcmp_e	0.0	0.0	1.6177575306505725	primary	optimal
twostage-20260916T061947Z	CNS:SF-295	magnitude_g1.00	EX_dcyt_e	0.0	0.0	1.9166520171933337	primary	optimal
twostage-20260916T061947Z	CNS:SF-295	magnitude_g1.00	EX_dhap_e	0.0	0.0	5.465763540450004	primary	optimal
twostage-20260916T061947Z	CNS:SF-295	magnitude_g1.00	EX_dmgly_e	0.0	0.0	4.42522138660671	primary	optimal
twostage-20260916T061947Z	CNS:SF-295	magnitude_g1.00	EX_duri_e	0.0	0.0	1.8813948600044814	primary	optimal
twostage-20260916T061947Z	CNS:SF-295	magnitude_g1.00	EX_ethamp_e	0.0	0.0	6.071678091942403	primary	optimal
twostage-20260916T061947Z	CNS:SF-295	magnitude_g1.00	EX_fol_e	-9.999999000000003	-10.0	-5.329070518200751e-15	primary	optimal
twostage-20260916T061947Z	CNS:SF-295	magnitude_g1.00	EX_fum_e	1e-06	0.0	42.63181211632872	primary	optimal
twostage-20260916T061947Z	CNS:SF-295	magnitude_g1.00	EX_g3pc_e	0.0	0.0	2.354224981594773	primary	optimal
twostage-20260916T061947Z	CNS:SF-295	magnitude_g1.00	EX_glc__D_e	-10.0	-10.0	-2.9137814212170126	primary	optimal
twostage-20260916T061947Z	CNS:SF-295	magnitude_g1.00	EX_glcur_e	0.0	0.0	4.034540518134555	primary	optimal
twostage-20260916T061947Z	CNS:SF-295	magnitude_g1.00	EX_gln__L_e	-9.999999000000003	-10.0	6.343570522728886	primary	optimal
twostage-20260916T061947Z	CNS:SF-295	magnitude_g1.00	EX_glu__L_e	-9.999999	-10.0	27.282880655076976	primary	optimal
twostage-20260916T061947Z	CNS:SF-295	magnitude_g1.00	EX_gly_e	-9.999999000000003	-10.0	30.692898482244413	primary	optimal
twostage-20260916T061947Z	CNS:SF-295	magnitude_g1.00	EX_glyald_e	0.0	0.0	12.63172952914195	primary	optimal
twostage-20260916T061947Z	CNS:SF-295	magnitude_g1.00	EX_glyb_e	0.0	0.0	10.173375482184934	primary	optimal
twostage-20260916T061947Z	CNS:SF-295	magnitude_g1.00	EX_glyc3p_e	0.0	0.0	5.3723542056246725	primary	optimal
twostage-20260916T061947Z	CNS:SF-295	magnitude_g1.00	EX_gmp_e	0.0	0.0	0.0	primary	optimal
twostage-20260916T061947Z	CNS:SF-295	magnitude_g1.00	EX_gthox_e	0.0	0.0	5.5929747047374105	primary	optimal
twostage-20260916T061947Z	CNS:SF-295	magnitude_g1.00	EX_hcys__L_e	0.0	0.0	4.981821316212447	primary	optimal
twostage-20260916T061947Z	CNS:SF-295	magnitude_g1.00	EX_hom__L_e	0.0	0.0	0.0	primary	optimal
twostage-20260916T061947Z	CNS:SF-295	magnitude_g1.00	EX_hxan_e	0.0	0.0	1.4394958512806526	primary	optimal
twostage-20260916T061947Z	CNS:SF-295	magnitude_g1.00	EX_icit_e	0.0	0.0	31.61245833459706	primary	optimal
twostage-20260916T061947Z	CNS:SF-295	magnitude_g1.00	EX_ile__L_e	-9.999999	-10.0	-0.9398300444599954	primary	optimal
twostage-20260916T061947Z	CNS:SF-295	magnitude_g1.00	EX_imp_e	0.0	0.0	1.103397101299285	primary	optimal
twostage-20260916T061947Z	CNS:SF-295	magnitude_g1.00	EX_ins_e	0.0	0.0	1.0950245870132986	primary	optimal
twostage-20260916T061947Z	CNS:SF-295	magnitude_g1.00	EX_lac__L_e	-0.999999	-1.0	54.25611458908172	primary	optimal
twostage-20260916T061947Z	CNS:SF-295	magnitude_g1.00	EX_lcts_e	0.0	0.0	1.8344150144789528	primary	optimal
twostage-20260916T061947Z	CNS:SF-295	magnitude_g1.00	EX_leu__L_e	-9.999999	-10.0	-1.7922337326704394	primary	optimal
twostage-20260916T061947Z	CNS:SF-295	magnitude_g1.00	EX_lys__L_e	-9.999999	-10.0	-1.9452265708841585	primary	optimal
twostage-20260916T061947Z	CNS:SF-295	magnitude_g1.00	EX_mal__L_e	1e-06	0.0	38.37877172081231	primary	optimal
twostage-20260916T061947Z	CNS:SF-295	magnitude_g1.00	EX_met__L_e	-9.999999	-10.0	-0.5026982632120731	primary	optimal
twostage-20260916T061947Z	CNS:SF-295	magnitude_g1.00	EX_nac_e	-3.1852027802701167e-15	0.0	10.825380254014867	primary	optimal
twostage-20260916T061947Z	CNS:SF-295	magnitude_g1.00	EX_ncam_e	-9.999999000000003	-10.0	0.0	primary	optimal
twostage-20260916T061947Z	CNS:SF-295	magnitude_g1.00	EX_nicrnt_e	0.0	0.0	2.717299225567634	primary	optimal
twostage-20260916T061947Z	CNS:SF-295	magnitude_g1.00	EX_orn_e	1e-06	0.0	34.667623995545505	primary	optimal
twostage-20260916T061947Z	CNS:SF-295	magnitude_g1.00	EX_orot5p_e	0.0	0.0	1.639653250247129	primary	optimal
twostage-20260916T061947Z	CNS:SF-295	magnitude_g1.00	EX_orot_e	0.0	0.0	3.740659825881054	primary	optimal
twostage-20260916T061947Z	CNS:SF-295	magnitude_g1.00	EX_oxa_e	0.0	0.0	7.536574579300287	primary	optimal
twostage-20260916T061947Z	CNS:SF-295	magnitude_g1.00	EX_pep_e	0.0	0.0	6.071678091942461	primary	optimal
twostage-20260916T061947Z	CNS:SF-295	magnitude_g1.00	EX_phe__L_e	-9.13454787421642	-10.0	-0.8524036882103179	primary	optimal
twostage-20260916T061947Z	CNS:SF-295	magnitude_g1.00	EX_pnto__R_e	3.666217383551997e-12	-10.0	0.05000000000000071	primary	optimal
twostage-20260916T061947Z	CNS:SF-295	magnitude_g1.00	EX_pro__L_e	-1.355101951424921	-10.0	23.209927483699694	primary	optimal
twostage-20260916T061947Z	CNS:SF-295	magnitude_g1.00	EX_quln_e	0.0	0.0	1.3336375226120565	primary	optimal
twostage-20260916T061947Z	CNS:SF-295	magnitude_g1.00	EX_sbt__D_e	0.0	0.0	0.0	primary	optimal
twostage-20260916T061947Z	CNS:SF-295	magnitude_g1.00	EX_ser__L_e	-10.0	-10.0	3.2602743757607437	primary	optimal
twostage-20260916T061947Z	CNS:SF-295	magnitude_g1.00	EX_spmd_e	0.0	0.0	1.4270917681232458	primary	optimal
twostage-20260916T061947Z	CNS:SF-295	magnitude_g1.00	EX_sprm_e	0.0	0.0	0.7196878942011267	primary	optimal
twostage-20260916T061947Z	CNS:SF-295	magnitude_g1.00	EX_srtn_e	0.0	0.0	4.0136117466254255	primary	optimal
twostage-20260916T061947Z	CNS:SF-295	magnitude_g1.00	EX_succ_e	13.46256826438167	0.0	62.2840400586327	primary	optimal
twostage-20260916T061947Z	CNS:SF-295	magnitude_g1.00	EX_sucr_e	0.0	0.0	0.0	primary	optimal
twostage-20260916T061947Z	CNS:SF-295	magnitude_g1.00	EX_taur_e	0.0	0.0	3.5871342063063647	primary	optimal
twostage-20260916T061947Z	CNS:SF-295	magnitude_g1.00	EX_tchola_e	0.0	0.0	0.7679807168250925	primary	optimal
twostage-20260916T061947Z	CNS:SF-295	magnitude_g1.00	EX_thr__L_e	-1.027256400709608	-10.0	-1.0272564007096108	primary	optimal
twostage-20260916T061947Z	CNS:SF-295	magnitude_g1.00	EX_thym_e	0.0	0.0	2.365231024090526	primary	optimal
twostage-20260916T061947Z	CNS:SF-295	magnitude_g1.00	EX_thymd_e	0.0	0.0	1.5878242103352218	primary	optimal
twostage-20260916T061947Z	CNS:SF-295	magnitude_g1.00	EX_trp__L_e	-0.04371317812479467	-10.0	-0.043713178124797025	primary	optimal
twostage-20260916T061947Z	CNS:SF-295	magnitude_g1.00	EX_tyr__L_e	-0.5245548522744695	-10.0	3.6815482446081145	primary	optimal
twostage-20260916T061947Z	CNS:SF-295	magnitude_g1.00	EX_ump_e	0.0	0.0	1.204711433430666	primary	optimal
twostage-20260916T061947Z	CNS:SF-295	magnitude_g1.00	EX_ura_e	0.0	0.0	3.251818962994091	primary	optimal
twostage-20260916T061947Z	CNS:SF-295	magnitude_g1.00	EX_urate_e	0.0	0.0	1.374667118381448	primary	optimal
twostage-20260916T061947Z	CNS:SF-295	magnitude_g1.00	EX_uri_e	0.0	0.0	1.902811215783689	primary	optimal
twostage-20260916T061947Z	CNS:SF-295	magnitude_g1.00	EX_val__L_e	-1.1583931498623936	-10.0	-1.1583926498609287	primary	optimal
twostage-20260916T061947Z	CNS:SF-295	magnitude_g1.00	EX_xan_e	0.0	0.0	1.4113670725901482	primary	optimal
twostage-20260916T061947Z	CNS:SF-295	magnitude_g1.00	EX_xmp_e	0.0	0.0	1.0839526938853161	primary	optimal
twostage-20260916T061947Z	CNS:SF-295	magnitude_g1.00	EX_xtsn_e	0.0	0.0	1.07757207796005	primary	optimal
twostage-20260916T061947Z	CNS:SF-539	magnitude_g1.00	EX_2pg_e	0.0	0.0	6.071678091942457	primary	optimal
twostage-20260916T061947Z	CNS:SF-539	magnitude_g1.00	EX_34hpp_e	0.0	0.0	12.977362918780372	primary	optimal
twostage-20260916T061947Z	CNS:SF-539	magnitude_g1.00	EX_3hanthrn_e	0.0	0.0	1.989119545112029	primary	optimal
twostage-20260916T061947Z	CNS:SF-539	magnitude_g1.00	EX_3pg_e	0.0	0.0	6.07167809194246	primary	optimal
twostage-20260916T061947Z	CNS:SF-539	magnitude_g1.00	EX_4abut_e	0.0	0.0	31.319155785145465	primary	optimal
twostage-20260916T061947Z	CNS:SF-539	magnitude_g1.00	EX_4hbz_e	0.0	0.0	5.449927271627665	primary	optimal
twostage-20260916T061947Z	CNS:SF-539	magnitude_g1.00	EX_L2aadp_e	0.0	0.0	8.723650325499905	primary	optimal
twostage-20260916T061947Z	CNS:SF-539	magnitude_g1.00	EX_Lkynr_e	0.0	0.0	4.02581114273044	primary	optimal
twostage-20260916T061947Z	CNS:SF-539	magnitude_g1.00	EX_acac_e	0.0	0.0	14.102128615066137	primary	optimal
twostage-20260916T061947Z	CNS:SF-539	magnitude_g1.00	EX_ade_e	0.0	0.0	1.2237807540667887	primary	optimal
twostage-20260916T061947Z	CNS:SF-539	magnitude_g1.00	EX_adn_e	0.0	0.0	0.9647808511406822	primary	optimal
twostage-20260916T061947Z	CNS:SF-539	magnitude_g1.00	EX_ahcys_e	0.0	0.0	0.9055778220981655	primary	optimal
twostage-20260916T061947Z	CNS:SF-539	magnitude_g1.00	EX_akg_e	0.0	0.0	40.18480989251784	primary	optimal
twostage-20260916T061947Z	CNS:SF-539	magnitude_g1.00	EX_ala__L_e	1e-06	0.0	59.3861824444851	primary	optimal
twostage-20260916T061947Z	CNS:SF-539	magnitude_g1.00	EX_amp_e	0.0	0.0	0.8040561992181057	primary	optimal
twostage-20260916T061947Z	CNS:SF-539	magnitude_g1.00	EX_anth_e	0.0	0.0	3.7512810759521096	primary	optimal
twostage-20260916T061947Z	CNS:SF-539	magnitude_g1.00	EX_arg__L_e	-9.999999	-10.0	3.2618089519826423	primary	optimal
twostage-20260916T061947Z	CNS:SF-539	magnitude_g1.00	EX_asn__L_e	-9.999999	-10.0	7.403925716287415	primary	optimal
twostage-20260916T061947Z	CNS:SF-539	magnitude_g1.00	EX_asp__L_e	-9.999999	-10.0	29.66329933603452	primary	optimal
twostage-20260916T061947Z	CNS:SF-539	magnitude_g1.00	EX_bilirub_e	0.0	0.0	0.4964081699441995	primary	optimal
twostage-20260916T061947Z	CNS:SF-539	magnitude_g1.00	EX_cala_e	0.0	0.0	3.0725701360153264	primary	optimal
twostage-20260916T061947Z	CNS:SF-539	magnitude_g1.00	EX_chol_e	-9.999999	-10.0	0.5406875410742158	primary	optimal
twostage-20260916T061947Z	CNS:SF-539	magnitude_g1.00	EX_cholp_e	0.0	0.0	6.071678091942517	primary	optimal
twostage-20260916T061947Z	CNS:SF-539	magnitude_g1.00	EX_cit_e	0.0	0.0	31.045326228990277	primary	optimal
twostage-20260916T061947Z	CNS:SF-539	magnitude_g1.00	EX_citr__L_e	0.0	0.0	16.02551108608597	primary	optimal
twostage-20260916T061947Z	CNS:SF-539	magnitude_g1.00	EX_cmp_e	0.0	0.0	0.0	primary	optimal
twostage-20260916T061947Z	CNS:SF-539	magnitude_g1.00	EX_crn_e	-0.999999	-1.0	-4.440892098500626e-16	primary	optimal
twostage-20260916T061947Z	CNS:SF-539	magnitude_g1.00	EX_cyst__L_e	0.0	0.0	3.683156283132932	primary	optimal
twostage-20260916T061947Z	CNS:SF-539	magnitude_g1.00	EX_cytd_e	0.0	0.0	1.8683168768652847	primary	optimal
twostage-20260916T061947Z	CNS:SF-539	magnitude_g1.00	EX_dad_2_e	0.0	0.0	0.9561925303724284	primary	optimal
twostage-20260916T061947Z	CNS:SF-539	magnitude_g1.00	EX_dcmp_e	0.0	0.0	1.6151910892280308	primary	optimal
twostage-20260916T061947Z	CNS:SF-539	magnitude_g1.00	EX_dcyt_e	0.0	0.0	1.9166736486409395	primary	optimal
twostage-20260916T061947Z	CNS:SF-539	magnitude_g1.00	EX_dhap_e	0.0	0.0	5.457486242142402	primary	optimal
twostage-20260916T061947Z	CNS:SF-539	magnitude_g1.00	EX_dmgly_e	0.0	0.0	4.449727038879092	primary	optimal
twostage-20260916T061947Z	CNS:SF-539	magnitude_g1.00	EX_duri_e	0.0	0.0	1.8777439224920698	primary	optimal
twostage-20260916T061947Z	CNS:SF-539	magnitude_g1.00	EX_ethamp_e	0.0	0.0	6.071678091942535	primary	optimal
twostage-20260916T061947Z	CNS:SF-539	magnitude_g1.00	EX_fol_e	-9.999999	-10.0	-8.881784197001252e-15	primary	optimal
twostage-20260916T061947Z	CNS:SF-539	magnitude_g1.00	EX_fum_e	1e-06	0.0	42.62751772718354	primary	optimal
twostage-20260916T061947Z	CNS:SF-539	magnitude_g1.00	EX_g3pc_e	0.0	0.0	2.359684106043312	primary	optimal
twostage-20260916T061947Z	CNS:SF-539	magnitude_g1.00	EX_glc__D_e	-10.0	-10.0	-2.9326981628166577	primary	optimal
twostage-20260916T061947Z	CNS:SF-539	magnitude_g1.00	EX_glcur_e	0.0	0.0	4.0609016392133395	primary	optimal
twostage-20260916T061947Z	CNS:SF-539	magnitude_g1.00	EX_gln__L_e	-9.999999000000003	-10.0	6.462826515455776	primary	optimal
twostage-20260916T061947Z	CNS:SF-539	magnitude_g1.00	EX_glu__L_e	-9.999999	-10.0	27.59330170410532	primary	optimal
twostage-20260916T061947Z	CNS:SF-539	magnitude_g1.00	EX_gly_e	-9.999999	-10.0	31.016767538881453	primary	optimal
twostage-20260916T061947Z	CNS:SF-539	magnitude_g1.00	EX_glyald_e	0.0	0.0	12.614824661927981	primary	optimal
twostage-20260916T061947Z	CNS:SF-539	magnitude_g1.00	EX_glyb_e	0.0	0.0	10.166922587810785	primary	optimal
twostage-20260916T061947Z	CNS:SF-539	magnitude_g1.00	EX_glyc3p_e	0.0	0.0	5.356419364933572	primary	optimal
twostage-20260916T061947Z	CNS:SF-539	magnitude_g1.00	EX_gmp_e	0.0	0.0	0.0	primary	optimal
twostage-20260916T061947Z	CNS:SF-539	magnitude_g1.00	EX_gthox_e	0.0	0.0	5.595126298039422	primary	optimal
twostage-20260916T061947Z	CNS:SF-539	magnitude_g1.00	EX_hcys__L_e	0.0	0.0	5.012506006744006	primary	optimal
twostage-20260916T061947Z	CNS:SF-539	magnitude_g1.00	EX_hom__L_e	0.0	0.0	0.0	primary	optimal
twostage-20260916T061947Z	CNS:SF-539	magnitude_g1.00	EX_hxan_e	0.0	0.0	1.4328995518155228	primary	optimal
twostage-20260916T061947Z	CNS:SF-539	magnitude_g1.00	EX_icit_e	0.0	0.0	32.024714533328506	primary	optimal
twostage-20260916T061947Z	CNS:SF-539	magnitude_g1.00	EX_ile__L_e	-9.999999	-10.0	-0.9398300444601038	primary	optimal
twostage-20260916T061947Z	CNS:SF-539	magnitude_g1.00	EX_imp_e	0.0	0.0	1.0985583681869324	primary	optimal
twostage-20260916T061947Z	CNS:SF-539	magnitude_g1.00	EX_ins_e	0.0	0.0	1.0901545120410836	primary	optimal
twostage-20260916T061947Z	CNS:SF-539	magnitude_g1.00	EX_lac__L_e	-0.999999	-1.0	54.25611458908357	primary	optimal
twostage-20260916T061947Z	CNS:SF-539	magnitude_g1.00	EX_lcts_e	0.0	0.0	1.8361582325644388	primary	optimal
twostage-20260916T061947Z	CNS:SF-539	magnitude_g1.00	EX_leu__L_e	-9.999999	-10.0	-1.7922337326704536	primary	optimal
twostage-20260916T061947Z	CNS:SF-539	magnitude_g1.00	EX_lys__L_e	-9.999999	-10.0	-1.9452265708841878	primary	optimal
twostage-20260916T061947Z	CNS:SF-539	magnitude_g1.00	EX_mal__L_e	1e-06	0.0	38.37877172081443	primary	optimal
twostage-20260916T061947Z	CNS:SF-539	magnitude_g1.00	EX_met__L_e	-9.999999	-10.0	-0.5026982632120713	primary	optimal
twostage-20260916T061947Z	CNS:SF-539	magnitude_g1.00	EX_nac_e	0.0	0.0	10.839769586972011	primary	optimal
twostage-20260916T061947Z	CNS:SF-539	magnitude_g1.00	EX_ncam_e	-9.999999	-10.0	0.0	primary	optimal
twostage-20260916T061947Z	CNS:SF-539	magnitude_g1.00	EX_nicrnt_e	0.0	0.0	2.7199870741238197	primary	optimal
twostage-20260916T061947Z	CNS:SF-539	magnitude_g1.00	EX_orn_e	1e-06	0.0	34.532125971715786	primary	optimal
twostage-20260916T061947Z	CNS:SF-539	magnitude_g1.00	EX_orot5p_e	0.0	0.0	1.6379669394936058	primary	optimal
twostage-20260916T061947Z	CNS:SF-539	magnitude_g1.00	EX_orot_e	0.0	0.0	3.733703137693376	primary	optimal
twostage-20260916T061947Z	CNS:SF-539	magnitude_g1.00	EX_oxa_e	0.0	0.0	7.508220174686432	primary	optimal
twostage-20260916T061947Z	CNS:SF-539	magnitude_g1.00	EX_pep_e	0.0	0.0	6.0716780919423305	primary	optimal
twostage-20260916T061947Z	CNS:SF-539	magnitude_g1.00	EX_phe__L_e	-9.134547874214885	-10.0	-0.8524036882104244	primary	optimal
twostage-20260916T061947Z	CNS:SF-539	magnitude_g1.00	EX_pnto__R_e	4.480172533145605e-12	-10.0	0.049999999999998934	primary	optimal
twostage-20260916T061947Z	CNS:SF-539	magnitude_g1.00	EX_pro__L_e	-1.3551019514284124	-10.0	23.534706494453754	primary	optimal
twostage-20260916T061947Z	CNS:SF-539	magnitude_g1.00	EX_quln_e	0.0	0.0	1.3408604502752342	primary	optimal
twostage-20260916T061947Z	CNS:SF-539	magnitude_g1.00	EX_sbt__D_e	0.0	0.0	0.0	primary	optimal
twostage-20260916T061947Z	CNS:SF-539	magnitude_g1.00	EX_ser__L_e	-10.0	-10.0	3.429625883768815	primary	optimal
twostage-20260916T061947Z	CNS:SF-539	magnitude_g1.00	EX_spmd_e	0.0	0.0	1.4299255693925106	primary	optimal
twostage-20260916T061947Z	CNS:SF-539	magnitude_g1.00	EX_sprm_e	0.0	0.0	0.7216442074008118	primary	optimal
twostage-20260916T061947Z	CNS:SF-539	magnitude_g1.00	EX_srtn_e	0.0	0.0	4.047751082115201	primary	optimal
twostage-20260916T061947Z	CNS:SF-539	magnitude_g1.00	EX_succ_e	13.462568264376642	0.0	62.28404005863347	primary	optimal
twostage-20260916T061947Z	CNS:SF-539	magnitude_g1.00	EX_sucr_e	0.0	0.0	0.0	primary	optimal
twostage-20260916T061947Z	CNS:SF-539	magnitude_g1.00	EX_taur_e	0.0	0.0	3.6187409017916448	primary	optimal
twostage-20260916T061947Z	CNS:SF-539	magnitude_g1.00	EX_tchola_e	0.0	0.0	0.7727490088227854	primary	optimal
twostage-20260916T061947Z	CNS:SF-539	magnitude_g1.00	EX_thr__L_e	-1.0272564007096083	-10.0	-1.027256400709578	primary	optimal
twostage-20260916T061947Z	CNS:SF-539	magnitude_g1.00	EX_thym_e	0.0	0.0	2.3672658901692105	primary	optimal
twostage-20260916T061947Z	CNS:SF-539	magnitude_g1.00	EX_thymd_e	0.0	0.0	1.587684001544478	primary	optimal
twostage-20260916T061947Z	CNS:SF-539	magnitude_g1.00	EX_trp__L_e	-0.04371317812479468	-10.0	-0.04371317812479525	primary	optimal
twostage-20260916T061947Z	CNS:SF-539	magnitude_g1.00	EX_tyr__L_e	-0.5245548522744693	-10.0	3.710410049661024	primary	optimal
twostage-20260916T061947Z	CNS:SF-539	magnitude_g1.00	EX_ump_e	0.0	0.0	1.2021269460672155	primary	optimal
twostage-20260916T061947Z	CNS:SF-539	magnitude_g1.00	EX_ura_e	0.0	0.0	3.264970735697129	primary	optimal
twostage-20260916T061947Z	CNS:SF-539	magnitude_g1.00	EX_urate_e	0.0	0.0	1.3690106501010453	primary	optimal
twostage-20260916T061947Z	CNS:SF-539	magnitude_g1.00	EX_uri_e	0.0	0.0	1.9015610092024042	primary	optimal
twostage-20260916T061947Z	CNS:SF-539	magnitude_g1.00	EX_val__L_e	-1.158393149863361	-10.0	-1.158392649860927	primary	optimal
twostage-20260916T061947Z	CNS:SF-539	magnitude_g1.00	EX_xan_e	0.0	0.0	1.4055197872567384	primary	optimal
twostage-20260916T061947Z	CNS:SF-539	magnitude_g1.00	EX_xmp_e	0.0	0.0	1.079160090560852	primary	optimal
twostage-20260916T061947Z	CNS:SF-539	magnitude_g1.00	EX_xtsn_e	0.0	0.0	1.073257586703128	primary	optimal
twostage-20260916T061947Z	CNS:SNB-19	magnitude_g1.00	EX_2pg_e	0.0	0.0	6.071678091942458	primary	optimal
twostage-20260916T061947Z	CNS:SNB-19	magnitude_g1.00	EX_34hpp_e	0.0	0.0	12.905592411264948	primary	optimal
twostage-20260916T061947Z	CNS:SNB-19	magnitude_g1.00	EX_3hanthrn_e	0.0	0.0	1.9374490534748625	primary	optimal
twostage-20260916T061947Z	CNS:SNB-19	magnitude_g1.00	EX_3pg_e	0.0	0.0	6.071678091942401	primary	optimal
twostage-20260916T061947Z	CNS:SNB-19	magnitude_g1.00	EX_4abut_e	0.0	0.0	31.4429411490756	primary	optimal
twostage-20260916T061947Z	CNS:SNB-19	magnitude_g1.00	EX_4hbz_e	0.0	0.0	5.343385202162928	primary	optimal
twostage-20260916T061947Z	CNS:SNB-19	magnitude_g1.00	EX_L2aadp_e	0.0	0.0	8.688041508413258	primary	optimal
twostage-20260916T061947Z	CNS:SNB-19	magnitude_g1.00	EX_Lkynr_e	0.0	0.0	3.91130556430312	primary	optimal
twostage-20260916T061947Z	CNS:SNB-19	magnitude_g1.00	EX_acac_e	0.0	0.0	14.050012772427227	primary	optimal
twostage-20260916T061947Z	CNS:SNB-19	magnitude_g1.00	EX_ade_e	0.0	0.0	1.2253987225788445	primary	optimal
twostage-20260916T061947Z	CNS:SNB-19	magnitude_g1.00	EX_adn_e	0.0	0.0	0.9652567493667203	primary	optimal
twostage-20260916T061947Z	CNS:SNB-19	magnitude_g1.00	EX_ahcys_e	0.0	0.0	0.9040868342671237	primary	optimal
twostage-20260916T061947Z	CNS:SNB-19	magnitude_g1.00	EX_akg_e	0.0	0.0	39.21969733314492	primary	optimal
twostage-20260916T061947Z	CNS:SNB-19	magnitude_g1.00	EX_ala__L_e	1e-06	0.0	58.45451304561084	primary	optimal
twostage-20260916T061947Z	CNS:SNB-19	magnitude_g1.00	EX_amp_e	0.0	0.0	0.8049121058477634	primary	optimal
twostage-20260916T061947Z	CNS:SNB-19	magnitude_g1.00	EX_anth_e	0.0	0.0	3.6507572640723978	primary	optimal
twostage-20260916T061947Z	CNS:SNB-19	magnitude_g1.00	EX_arg__L_e	-9.999999	-10.0	3.1533251517188035	primary	optimal
twostage-20260916T061947Z	CNS:SNB-19	magnitude_g1.00	EX_asn__L_e	-9.999999	-10.0	7.275369859057474	primary	optimal
twostage-20260916T061947Z	CNS:SNB-19	magnitude_g1.00	EX_asp__L_e	-9.999998999999999	-10.0	29.65734497238307	primary	optimal
twostage-20260916T061947Z	CNS:SNB-19	magnitude_g1.00	EX_bilirub_e	0.0	0.0	0.48293612679729386	primary	optimal
twostage-20260916T061947Z	CNS:SNB-19	magnitude_g1.00	EX_cala_e	0.0	0.0	3.047393287876003	primary	optimal
twostage-20260916T061947Z	CNS:SNB-19	magnitude_g1.00	EX_chol_e	-9.999999	-10.0	0.503592506894152	primary	optimal
twostage-20260916T061947Z	CNS:SNB-19	magnitude_g1.00	EX_cholp_e	0.0	0.0	6.071678091942465	primary	optimal
twostage-20260916T061947Z	CNS:SNB-19	magnitude_g1.00	EX_cit_e	0.0	0.0	31.04532622898786	primary	optimal
twostage-20260916T061947Z	CNS:SNB-19	magnitude_g1.00	EX_citr__L_e	0.0	0.0	15.899616844949225	primary	optimal
twostage-20260916T061947Z	CNS:SNB-19	magnitude_g1.00	EX_cmp_e	0.0	0.0	0.0	primary	optimal
twostage-20260916T061947Z	CNS:SNB-19	magnitude_g1.00	EX_crn_e	-0.9999989999999999	-1.0	0.0	primary	optimal
twostage-20260916T061947Z	CNS:SNB-19	magnitude_g1.00	EX_cyst__L_e	0.0	0.0	3.6187876254750875	primary	optimal
twostage-20260916T061947Z	CNS:SNB-19	magnitude_g1.00	EX_cytd_e	0.0	0.0	1.8547934345059742	primary	optimal
twostage-20260916T061947Z	CNS:SNB-19	magnitude_g1.00	EX_dad_2_e	0.0	0.0	0.9574687199278783	primary	optimal
twostage-20260916T061947Z	CNS:SNB-19	magnitude_g1.00	EX_dcmp_e	0.0	0.0	1.6084733257295347	primary	optimal
twostage-20260916T061947Z	CNS:SNB-19	magnitude_g1.00	EX_dcyt_e	0.0	0.0	1.9006432987468334	primary	optimal
twostage-20260916T061947Z	CNS:SNB-19	magnitude_g1.00	EX_dhap_e	0.0	0.0	5.448123639236964	primary	optimal
twostage-20260916T061947Z	CNS:SNB-19	magnitude_g1.00	EX_dmgly_e	0.0	0.0	4.401903828031785	primary	optimal
twostage-20260916T061947Z	CNS:SNB-19	magnitude_g1.00	EX_duri_e	0.0	0.0	1.8645553025052721	primary	optimal
twostage-20260916T061947Z	CNS:SNB-19	magnitude_g1.00	EX_ethamp_e	0.0	0.0	6.071678091942524	primary	optimal
twostage-20260916T061947Z	CNS:SNB-19	magnitude_g1.00	EX_fol_e	-9.999999	-10.0	5.329070518200751e-15	primary	optimal
twostage-20260916T061947Z	CNS:SNB-19	magnitude_g1.00	EX_fum_e	0.0	0.0	42.63233206204784	primary	optimal
twostage-20260916T061947Z	CNS:SNB-19	magnitude_g1.00	EX_g3pc_e	0.0	0.0	2.3285185121314265	primary	optimal
twostage-20260916T061947Z	CNS:SNB-19	magnitude_g1.00	EX_glc__D_e	-10.0	-10.0	-3.0693352652566555	primary	optimal
twostage-20260916T061947Z	CNS:SNB-19	magnitude_g1.00	EX_glcur_e	0.0	0.0	3.977084711110331	primary	optimal
twostage-20260916T061947Z	CNS:SNB-19	magnitude_g1.00	EX_gln__L_e	-9.999999	-10.0	6.40007651958133	primary	optimal
twostage-20260916T061947Z	CNS:SNB-19	magnitude_g1.00	EX_glu__L_e	-9.999999000000003	-10.0	27.38532752881107	primary	optimal
twostage-20260916T061947Z	CNS:SNB-19	magnitude_g1.00	EX_gly_e	-9.999999	-10.0	30.67254521999474	primary	optimal
twostage-20260916T061947Z	CNS:SNB-19	magnitude_g1.00	EX_glyald_e	0.0	0.0	12.403407762789843	primary	optimal
twostage-20260916T061947Z	CNS:SNB-19	magnitude_g1.00	EX_glyb_e	0.0	0.0	10.137473315684236	primary	optimal
twostage-20260916T061947Z	CNS:SNB-19	magnitude_g1.00	EX_glyc3p_e	0.0	0.0	5.358593845438791	primary	optimal
twostage-20260916T061947Z	CNS:SNB-19	magnitude_g1.00	EX_gmp_e	0.0	0.0	0.0	primary	optimal
twostage-20260916T061947Z	CNS:SNB-19	magnitude_g1.00	EX_gthox_e	0.0	0.0	5.588048849680672	primary	optimal
twostage-20260916T061947Z	CNS:SNB-19	magnitude_g1.00	EX_hcys__L_e	0.0	0.0	4.944336926579842	primary	optimal
twostage-20260916T061947Z	CNS:SNB-19	magnitude_g1.00	EX_hom__L_e	0.0	0.0	0.0	primary	optimal
twostage-20260916T061947Z	CNS:SNB-19	magnitude_g1.00	EX_hxan_e	0.0	0.0	1.4314281991698041	primary	optimal
twostage-20260916T061947Z	CNS:SNB-19	magnitude_g1.00	EX_icit_e	0.0	0.0	31.502386259763384	primary	optimal
twostage-20260916T061947Z	CNS:SNB-19	magnitude_g1.00	EX_ile__L_e	-9.999999	-10.0	-0.9398300444600185	primary	optimal
twostage-20260916T061947Z	CNS:SNB-19	magnitude_g1.00	EX_imp_e	0.0	0.0	1.0978278979760865	primary	optimal
twostage-20260916T061947Z	CNS:SNB-19	magnitude_g1.00	EX_ins_e	0.0	0.0	1.0886204847634204	primary	optimal
twostage-20260916T061947Z	CNS:SNB-19	magnitude_g1.00	EX_lac__L_e	-0.9999989999999999	-1.0	54.256114589080866	primary	optimal
twostage-20260916T061947Z	CNS:SNB-19	magnitude_g1.00	EX_lcts_e	0.0	0.0	1.8000822182066532	primary	optimal
twostage-20260916T061947Z	CNS:SNB-19	magnitude_g1.00	EX_leu__L_e	-9.999999	-10.0	-1.7922337326704527	primary	optimal
twostage-20260916T061947Z	CNS:SNB-19	magnitude_g1.00	EX_lys__L_e	-9.999999	-10.0	-1.9452265708841647	primary	optimal
twostage-20260916T061947Z	CNS:SNB-19	magnitude_g1.00	EX_mal__L_e	1e-06	0.0	38.37877172081322	primary	optimal
twostage-20260916T061947Z	CNS:SNB-19	magnitude_g1.00	EX_met__L_e	-9.999999	-10.0	-0.5026982632120713	primary	optimal
twostage-20260916T061947Z	CNS:SNB-19	magnitude_g1.00	EX_nac_e	4.788044654584784e-15	0.0	10.805916309428524	primary	optimal
twostage-20260916T061947Z	CNS:SNB-19	magnitude_g1.00	EX_ncam_e	-9.999999	-10.0	0.0	primary	optimal
twostage-20260916T061947Z	CNS:SNB-19	magnitude_g1.00	EX_nicrnt_e	0.0	0.0	2.6900842899440662	primary	optimal
twostage-20260916T061947Z	CNS:SNB-19	magnitude_g1.00	EX_orn_e	1e-06	0.0	34.451150995245065	primary	optimal
twostage-20260916T061947Z	CNS:SNB-19	magnitude_g1.00	EX_orot5p_e	0.0	0.0	1.627434839398399	primary	optimal
twostage-20260916T061947Z	CNS:SNB-19	magnitude_g1.00	EX_orot_e	0.0	0.0	3.7496827117622056	primary	optimal
twostage-20260916T061947Z	CNS:SNB-19	magnitude_g1.00	EX_oxa_e	0.0	0.0	7.504650795306928	primary	optimal
twostage-20260916T061947Z	CNS:SNB-19	magnitude_g1.00	EX_pep_e	0.0	0.0	6.07167809194246	primary	optimal
twostage-20260916T061947Z	CNS:SNB-19	magnitude_g1.00	EX_phe__L_e	-9.134547874210352	-10.0	-0.8524036882104395	primary	optimal
twostage-20260916T061947Z	CNS:SNB-19	magnitude_g1.00	EX_pnto__R_e	1.4713969168224345e-12	-10.0	0.05000000000000071	primary	optimal
twostage-20260916T061947Z	CNS:SNB-19	magnitude_g1.00	EX_pro__L_e	-1.3551019514221687	-10.0	22.677807967459216	primary	optimal
twostage-20260916T061947Z	CNS:SNB-19	magnitude_g1.00	EX_quln_e	0.0	0.0	1.3063048619423374	primary	optimal
twostage-20260916T061947Z	CNS:SNB-19	magnitude_g1.00	EX_sbt__D_e	0.0	0.0	0.0	primary	optimal
twostage-20260916T061947Z	CNS:SNB-19	magnitude_g1.00	EX_ser__L_e	-10.0	-10.0	3.056120325323127	primary	optimal
twostage-20260916T061947Z	CNS:SNB-19	magnitude_g1.00	EX_spmd_e	0.0	0.0	1.393953439401528	primary	optimal
twostage-20260916T061947Z	CNS:SNB-19	magnitude_g1.00	EX_sprm_e	0.0	0.0	0.7037129925910907	primary	optimal
twostage-20260916T061947Z	CNS:SNB-19	magnitude_g1.00	EX_srtn_e	0.0	0.0	3.9512349037290297	primary	optimal
twostage-20260916T061947Z	CNS:SNB-19	magnitude_g1.00	EX_succ_e	13.462568264369674	0.0	62.26882343872413	primary	optimal
twostage-20260916T061947Z	CNS:SNB-19	magnitude_g1.00	EX_sucr_e	0.0	0.0	0.0	primary	optimal
twostage-20260916T061947Z	CNS:SNB-19	magnitude_g1.00	EX_taur_e	0.0	0.0	3.5160005179093683	primary	optimal
twostage-20260916T061947Z	CNS:SNB-19	magnitude_g1.00	EX_tchola_e	0.0	0.0	0.7520068347875941	primary	optimal
twostage-20260916T061947Z	CNS:SNB-19	magnitude_g1.00	EX_thr__L_e	-1.0272564007096083	-10.0	-1.02725640070957	primary	optimal
twostage-20260916T061947Z	CNS:SNB-19	magnitude_g1.00	EX_thym_e	0.0	0.0	2.3315104528424313	primary	optimal
twostage-20260916T061947Z	CNS:SNB-19	magnitude_g1.00	EX_thymd_e	0.0	0.0	1.5680247316382434	primary	optimal
twostage-20260916T061947Z	CNS:SNB-19	magnitude_g1.00	EX_trp__L_e	-0.04371317812479468	-10.0	-0.0437131781247988	primary	optimal
twostage-20260916T061947Z	CNS:SNB-19	magnitude_g1.00	EX_tyr__L_e	-0.5245548522744694	-10.0	3.623211858315345	primary	optimal
twostage-20260916T061947Z	CNS:SNB-19	magnitude_g1.00	EX_ump_e	0.0	0.0	1.1972814780027259	primary	optimal
twostage-20260916T061947Z	CNS:SNB-19	magnitude_g1.00	EX_ura_e	0.0	0.0	3.2325612605080125	primary	optimal
twostage-20260916T061947Z	CNS:SNB-19	magnitude_g1.00	EX_urate_e	0.0	0.0	1.3662262122783853	primary	optimal
twostage-20260916T061947Z	CNS:SNB-19	magnitude_g1.00	EX_uri_e	0.0	0.0	1.886645988813393	primary	optimal
twostage-20260916T061947Z	CNS:SNB-19	magnitude_g1.00	EX_val__L_e	-1.1583931498619353	-10.0	-1.1583926498609252	primary	optimal
twostage-20260916T061947Z	CNS:SNB-19	magnitude_g1.00	EX_xan_e	0.0	0.0	1.4029688554439543	primary	optimal
twostage-20260916T061947Z	CNS:SNB-19	magnitude_g1.00	EX_xmp_e	0.0	0.0	1.0784522919492332	primary	optimal
twostage-20260916T061947Z	CNS:SNB-19	magnitude_g1.00	EX_xtsn_e	0.0	0.0	1.0708213211112685	primary	optimal
twostage-20260916T061947Z	CNS:SNB-75	magnitude_g1.00	EX_2pg_e	0.0	0.0	6.071678091942426	primary	optimal
twostage-20260916T061947Z	CNS:SNB-75	magnitude_g1.00	EX_34hpp_e	0.0	0.0	12.978763375408931	primary	optimal
twostage-20260916T061947Z	CNS:SNB-75	magnitude_g1.00	EX_3hanthrn_e	0.0	0.0	2.0001283807338925	primary	optimal
twostage-20260916T061947Z	CNS:SNB-75	magnitude_g1.00	EX_3pg_e	0.0	0.0	6.071678091942476	primary	optimal
twostage-20260916T061947Z	CNS:SNB-75	magnitude_g1.00	EX_4abut_e	0.0	0.0	30.88362869968752	primary	optimal
twostage-20260916T061947Z	CNS:SNB-75	magnitude_g1.00	EX_4hbz_e	0.0	0.0	5.472356597773061	primary	optimal
twostage-20260916T061947Z	CNS:SNB-75	magnitude_g1.00	EX_L2aadp_e	0.0	0.0	8.706485130606028	primary	optimal
twostage-20260916T061947Z	CNS:SNB-75	magnitude_g1.00	EX_Lkynr_e	0.0	0.0	4.04433800486175	primary	optimal
twostage-20260916T061947Z	CNS:SNB-75	magnitude_g1.00	EX_acac_e	0.0	0.0	14.261765764014513	primary	optimal
twostage-20260916T061947Z	CNS:SNB-75	magnitude_g1.00	EX_ade_e	0.0	0.0	1.2247555266540615	primary	optimal
twostage-20260916T061947Z	CNS:SNB-75	magnitude_g1.00	EX_adn_e	0.0	0.0	0.9658588182074025	primary	optimal
twostage-20260916T061947Z	CNS:SNB-75	magnitude_g1.00	EX_ahcys_e	0.0	0.0	0.9069097667591309	primary	optimal
twostage-20260916T061947Z	CNS:SNB-75	magnitude_g1.00	EX_akg_e	0.0	0.0	40.266976280981886	primary	optimal
twostage-20260916T061947Z	CNS:SNB-75	magnitude_g1.00	EX_ala__L_e	1e-06	0.0	58.2197164914121	primary	optimal
twostage-20260916T061947Z	CNS:SNB-75	magnitude_g1.00	EX_amp_e	0.0	0.0	0.8054543006169357	primary	optimal
twostage-20260916T061947Z	CNS:SNB-75	magnitude_g1.00	EX_anth_e	0.0	0.0	3.78293989160956	primary	optimal
twostage-20260916T061947Z	CNS:SNB-75	magnitude_g1.00	EX_arg__L_e	-9.999999	-10.0	3.3093299453583147	primary	optimal
twostage-20260916T061947Z	CNS:SNB-75	magnitude_g1.00	EX_asn__L_e	-9.999999	-10.0	7.424343028772688	primary	optimal
twostage-20260916T061947Z	CNS:SNB-75	magnitude_g1.00	EX_asp__L_e	-9.999998999999999	-10.0	29.628673382112044	primary	optimal
twostage-20260916T061947Z	CNS:SNB-75	magnitude_g1.00	EX_bilirub_e	0.0	0.0	0.498049997710878	primary	optimal
twostage-20260916T061947Z	CNS:SNB-75	magnitude_g1.00	EX_cala_e	0.0	0.0	3.087655627281345	primary	optimal
twostage-20260916T061947Z	CNS:SNB-75	magnitude_g1.00	EX_chol_e	-9.999999000000003	-10.0	0.5282383147987363	primary	optimal
twostage-20260916T061947Z	CNS:SNB-75	magnitude_g1.00	EX_cholp_e	0.0	0.0	6.071678091942503	primary	optimal
twostage-20260916T061947Z	CNS:SNB-75	magnitude_g1.00	EX_cit_e	0.0	0.0	31.045326228989474	primary	optimal
twostage-20260916T061947Z	CNS:SNB-75	magnitude_g1.00	EX_citr__L_e	0.0	0.0	16.057052049161324	primary	optimal
twostage-20260916T061947Z	CNS:SNB-75	magnitude_g1.00	EX_cmp_e	0.0	0.0	0.0	primary	optimal
twostage-20260916T061947Z	CNS:SNB-75	magnitude_g1.00	EX_crn_e	-0.9999990000000001	-1.0	2.220446049250313e-16	primary	optimal
twostage-20260916T061947Z	CNS:SNB-75	magnitude_g1.00	EX_cyst__L_e	0.0	0.0	3.69012390721486	primary	optimal
twostage-20260916T061947Z	CNS:SNB-75	magnitude_g1.00	EX_cytd_e	0.0	0.0	1.870019235832327	primary	optimal
twostage-20260916T061947Z	CNS:SNB-75	magnitude_g1.00	EX_dad_2_e	0.0	0.0	0.9577023438973752	primary	optimal
twostage-20260916T061947Z	CNS:SNB-75	magnitude_g1.00	EX_dcmp_e	0.0	0.0	1.619051627923923	primary	optimal
twostage-20260916T061947Z	CNS:SNB-75	magnitude_g1.00	EX_dcyt_e	0.0	0.0	1.919529114479644	primary	optimal
twostage-20260916T061947Z	CNS:SNB-75	magnitude_g1.00	EX_dhap_e	0.0	0.0	5.450597416675359	primary	optimal
twostage-20260916T061947Z	CNS:SNB-75	magnitude_g1.00	EX_dmgly_e	0.0	0.0	4.474652137646989	primary	optimal
twostage-20260916T061947Z	CNS:SNB-75	magnitude_g1.00	EX_duri_e	0.0	0.0	1.8842013045912755	primary	optimal
twostage-20260916T061947Z	CNS:SNB-75	magnitude_g1.00	EX_ethamp_e	0.0	0.0	6.071678091942415	primary	optimal
twostage-20260916T061947Z	CNS:SNB-75	magnitude_g1.00	EX_fol_e	-9.999999	-10.0	-1.0658141036401503e-14	primary	optimal
twostage-20260916T061947Z	CNS:SNB-75	magnitude_g1.00	EX_fum_e	1e-06	0.0	42.6346090088364	primary	optimal
twostage-20260916T061947Z	CNS:SNB-75	magnitude_g1.00	EX_g3pc_e	0.0	0.0	2.3725584927866903	primary	optimal
twostage-20260916T061947Z	CNS:SNB-75	magnitude_g1.00	EX_glc__D_e	-10.0	-10.0	-2.941908080786425	primary	optimal
twostage-20260916T061947Z	CNS:SNB-75	magnitude_g1.00	EX_glcur_e	0.0	0.0	4.0713163245304	primary	optimal
twostage-20260916T061947Z	CNS:SNB-75	magnitude_g1.00	EX_gln__L_e	-9.999999	-10.0	6.496447626910519	primary	optimal
twostage-20260916T061947Z	CNS:SNB-75	magnitude_g1.00	EX_glu__L_e	-9.999999	-10.0	27.934513920655117	primary	optimal
twostage-20260916T061947Z	CNS:SNB-75	magnitude_g1.00	EX_gly_e	-9.999999	-10.0	30.738770608296043	primary	optimal
twostage-20260916T061947Z	CNS:SNB-75	magnitude_g1.00	EX_glyald_e	0.0	0.0	12.586301363563654	primary	optimal
twostage-20260916T061947Z	CNS:SNB-75	magnitude_g1.00	EX_glyb_e	0.0	0.0	10.157741628296908	primary	optimal
twostage-20260916T061947Z	CNS:SNB-75	magnitude_g1.00	EX_glyc3p_e	0.0	0.0	5.347686419208467	primary	optimal
twostage-20260916T061947Z	CNS:SNB-75	magnitude_g1.00	EX_gmp_e	0.0	0.0	0.0	primary	optimal
twostage-20260916T061947Z	CNS:SNB-75	magnitude_g1.00	EX_gthox_e	0.0	0.0	5.614921519627313	primary	optimal
twostage-20260916T061947Z	CNS:SNB-75	magnitude_g1.00	EX_hcys__L_e	0.0	0.0	5.029561041956482	primary	optimal
twostage-20260916T061947Z	CNS:SNB-75	magnitude_g1.00	EX_hom__L_e	0.0	0.0	0.0	primary	optimal
twostage-20260916T061947Z	CNS:SNB-75	magnitude_g1.00	EX_hxan_e	0.0	0.0	1.43391377892483	primary	optimal
twostage-20260916T061947Z	CNS:SNB-75	magnitude_g1.00	EX_icit_e	0.0	0.0	32.13984121248522	primary	optimal
twostage-20260916T061947Z	CNS:SNB-75	magnitude_g1.00	EX_ile__L_e	-9.999999	-10.0	-0.9398300444600025	primary	optimal
twostage-20260916T061947Z	CNS:SNB-75	magnitude_g1.00	EX_imp_e	0.0	0.0	1.100007983101618	primary	optimal
twostage-20260916T061947Z	CNS:SNB-75	magnitude_g1.00	EX_ins_e	0.0	0.0	1.0910168825802038	primary	optimal
twostage-20260916T061947Z	CNS:SNB-75	magnitude_g1.00	EX_lac__L_e	-0.999999	-1.0	54.256114589082316	primary	optimal
twostage-20260916T061947Z	CNS:SNB-75	magnitude_g1.00	EX_lcts_e	0.0	0.0	1.8350614039664206	primary	optimal
twostage-20260916T061947Z	CNS:SNB-75	magnitude_g1.00	EX_leu__L_e	-9.999999000000003	-10.0	-1.792233732670459	primary	optimal
twostage-20260916T061947Z	CNS:SNB-75	magnitude_g1.00	EX_lys__L_e	-9.999999	-10.0	-1.9452265708841612	primary	optimal
twostage-20260916T061947Z	CNS:SNB-75	magnitude_g1.00	EX_mal__L_e	1e-06	0.0	38.37877172081284	primary	optimal
twostage-20260916T061947Z	CNS:SNB-75	magnitude_g1.00	EX_met__L_e	-9.999999	-10.0	-0.5026982632120713	primary	optimal
twostage-20260916T061947Z	CNS:SNB-75	magnitude_g1.00	EX_nac_e	0.0	0.0	10.82934009586456	primary	optimal
twostage-20260916T061947Z	CNS:SNB-75	magnitude_g1.00	EX_ncam_e	-9.999999000000003	-10.0	0.0	primary	optimal
twostage-20260916T061947Z	CNS:SNB-75	magnitude_g1.00	EX_nicrnt_e	0.0	0.0	2.7205995218285643	primary	optimal
twostage-20260916T061947Z	CNS:SNB-75	magnitude_g1.00	EX_orn_e	1e-06	0.0	34.50605714652218	primary	optimal
twostage-20260916T061947Z	CNS:SNB-75	magnitude_g1.00	EX_orot5p_e	0.0	0.0	1.6409514531916483	primary	optimal
twostage-20260916T061947Z	CNS:SNB-75	magnitude_g1.00	EX_orot_e	0.0	0.0	3.753336436043225	primary	optimal
twostage-20260916T061947Z	CNS:SNB-75	magnitude_g1.00	EX_oxa_e	0.0	0.0	7.533321669100106	primary	optimal
twostage-20260916T061947Z	CNS:SNB-75	magnitude_g1.00	EX_pep_e	0.0	0.0	6.071678091942416	primary	optimal
twostage-20260916T061947Z	CNS:SNB-75	magnitude_g1.00	EX_phe__L_e	-9.134547874216125	-10.0	-0.852403688210428	primary	optimal
twostage-20260916T061947Z	CNS:SNB-75	magnitude_g1.00	EX_pnto__R_e	1.882343105145525e-12	-10.0	0.04999999999999716	primary	optimal
twostage-20260916T061947Z	CNS:SNB-75	magnitude_g1.00	EX_pro__L_e	-1.3551019514219227	-10.0	23.172509001039657	primary	optimal
twostage-20260916T061947Z	CNS:SNB-75	magnitude_g1.00	EX_quln_e	0.0	0.0	1.3472407048543569	primary	optimal
twostage-20260916T061947Z	CNS:SNB-75	magnitude_g1.00	EX_sbt__D_e	0.0	0.0	0.0	primary	optimal
twostage-20260916T061947Z	CNS:SNB-75	magnitude_g1.00	EX_ser__L_e	-10.0	-10.0	3.364558109647142	primary	optimal
twostage-20260916T061947Z	CNS:SNB-75	magnitude_g1.00	EX_spmd_e	0.0	0.0	1.4316516508109784	primary	optimal
twostage-20260916T061947Z	CNS:SNB-75	magnitude_g1.00	EX_sprm_e	0.0	0.0	0.7219422657845975	primary	optimal
twostage-20260916T061947Z	CNS:SNB-75	magnitude_g1.00	EX_srtn_e	0.0	0.0	4.04701646420834	primary	optimal
twostage-20260916T061947Z	CNS:SNB-75	magnitude_g1.00	EX_succ_e	13.462568264375156	0.0	62.2840400586333	primary	optimal
twostage-20260916T061947Z	CNS:SNB-75	magnitude_g1.00	EX_sucr_e	0.0	0.0	0.0	primary	optimal
twostage-20260916T061947Z	CNS:SNB-75	magnitude_g1.00	EX_taur_e	0.0	0.0	3.6259455632165714	primary	optimal
twostage-20260916T061947Z	CNS:SNB-75	magnitude_g1.00	EX_tchola_e	0.0	0.0	0.7756555396311873	primary	optimal
twostage-20260916T061947Z	CNS:SNB-75	magnitude_g1.00	EX_thr__L_e	-1.0272564007096083	-10.0	-1.0272564007095903	primary	optimal
twostage-20260916T061947Z	CNS:SNB-75	magnitude_g1.00	EX_thym_e	0.0	0.0	2.3639814735632267	primary	optimal
twostage-20260916T061947Z	CNS:SNB-75	magnitude_g1.00	EX_thymd_e	0.0	0.0	1.5900843541389098	primary	optimal
twostage-20260916T061947Z	CNS:SNB-75	magnitude_g1.00	EX_trp__L_e	-0.043713178124794666	-10.0	-0.04371317812479436	primary	optimal
twostage-20260916T061947Z	CNS:SNB-75	magnitude_g1.00	EX_tyr__L_e	-0.5245548522744694	-10.0	3.718519177093073	primary	optimal
twostage-20260916T061947Z	CNS:SNB-75	magnitude_g1.00	EX_ump_e	0.0	0.0	1.20422091514873	primary	optimal
twostage-20260916T061947Z	CNS:SNB-75	magnitude_g1.00	EX_ura_e	0.0	0.0	3.2756199021235166	primary	optimal
twostage-20260916T061947Z	CNS:SNB-75	magnitude_g1.00	EX_urate_e	0.0	0.0	1.3696415316517685	primary	optimal
twostage-20260916T061947Z	CNS:SNB-75	magnitude_g1.00	EX_uri_e	0.0	0.0	1.9060244501903547	primary	optimal
twostage-20260916T061947Z	CNS:SNB-75	magnitude_g1.00	EX_val__L_e	-1.158393149861595	-10.0	-1.1583926498609234	primary	optimal
twostage-20260916T061947Z	CNS:SNB-75	magnitude_g1.00	EX_xan_e	0.0	0.0	1.4062884446193682	primary	optimal
twostage-20260916T061947Z	CNS:SNB-75	magnitude_g1.00	EX_xmp_e	0.0	0.0	1.0803895934839247	primary	optimal
twostage-20260916T061947Z	CNS:SNB-75	magnitude_g1.00	EX_xtsn_e	0.0	0.0	1.074156326787825	primary	optimal
twostage-20260916T061947Z	CNS:U251	magnitude_g1.00	EX_2pg_e	0.0	0.0	6.071678091942541	primary	optimal
twostage-20260916T061947Z	CNS:U251	magnitude_g1.00	EX_34hpp_e	0.0	0.0	12.908920908656883	primary	optimal
twostage-20260916T061947Z	CNS:U251	magnitude_g1.00	EX_3hanthrn_e	0.0	0.0	1.9482915084206565	primary	optimal
twostage-20260916T061947Z	CNS:U251	magnitude_g1.00	EX_3pg_e	0.0	0.0	6.071678091942554	primary	optimal
twostage-20260916T061947Z	CNS:U251	magnitude_g1.00	EX_4abut_e	0.0	0.0	31.475812502464308	primary	optimal
twostage-20260916T061947Z	CNS:U251	magnitude_g1.00	EX_4hbz_e	0.0	0.0	5.342804583221152	primary	optimal
twostage-20260916T061947Z	CNS:U251	magnitude_g1.00	EX_L2aadp_e	0.0	0.0	8.689357473477399	primary	optimal
twostage-20260916T061947Z	CNS:U251	magnitude_g1.00	EX_Lkynr_e	0.0	0.0	3.9298421755011224	primary	optimal
twostage-20260916T061947Z	CNS:U251	magnitude_g1.00	EX_acac_e	0.0	0.0	14.111538869755632	primary	optimal
twostage-20260916T061947Z	CNS:U251	magnitude_g1.00	EX_ade_e	0.0	0.0	1.2192090132781213	primary	optimal
twostage-20260916T061947Z	CNS:U251	magnitude_g1.00	EX_adn_e	0.0	0.0	0.9596025785747742	primary	optimal
twostage-20260916T061947Z	CNS:U251	magnitude_g1.00	EX_ahcys_e	0.0	0.0	0.9006890376691937	primary	optimal
twostage-20260916T061947Z	CNS:U251	magnitude_g1.00	EX_akg_e	0.0	0.0	39.47094823248379	primary	optimal
twostage-20260916T061947Z	CNS:U251	magnitude_g1.00	EX_ala__L_e	1e-06	0.0	58.6773888418324	primary	optimal
twostage-20260916T061947Z	CNS:U251	magnitude_g1.00	EX_amp_e	0.0	0.0	0.8005179528467649	primary	optimal
twostage-20260916T061947Z	CNS:U251	magnitude_g1.00	EX_anth_e	0.0	0.0	3.6725519109671962	primary	optimal
twostage-20260916T061947Z	CNS:U251	magnitude_g1.00	EX_arg__L_e	-9.999999	-10.0	3.169584091535418	primary	optimal
twostage-20260916T061947Z	CNS:U251	magnitude_g1.00	EX_asn__L_e	-9.999999	-10.0	7.288978058505126	primary	optimal
twostage-20260916T061947Z	CNS:U251	magnitude_g1.00	EX_asp__L_e	-9.999999	-10.0	29.558548237806782	primary	optimal
twostage-20260916T061947Z	CNS:U251	magnitude_g1.00	EX_bilirub_e	0.0	0.0	0.4852952272628009	primary	optimal
twostage-20260916T061947Z	CNS:U251	magnitude_g1.00	EX_cala_e	0.0	0.0	3.0302171598485277	primary	optimal
twostage-20260916T061947Z	CNS:U251	magnitude_g1.00	EX_chol_e	-9.999999	-10.0	0.5104382196409993	primary	optimal
twostage-20260916T061947Z	CNS:U251	magnitude_g1.00	EX_cholp_e	0.0	0.0	6.071678091942513	primary	optimal
twostage-20260916T061947Z	CNS:U251	magnitude_g1.00	EX_cit_e	0.0	0.0	31.045326228988255	primary	optimal
twostage-20260916T061947Z	CNS:U251	magnitude_g1.00	EX_citr__L_e	0.0	0.0	15.886412875587402	primary	optimal
twostage-20260916T061947Z	CNS:U251	magnitude_g1.00	EX_cmp_e	0.0	0.0	0.0	primary	optimal
twostage-20260916T061947Z	CNS:U251	magnitude_g1.00	EX_crn_e	-0.9999989999999999	-1.0	8.881784197001252e-16	primary	optimal
twostage-20260916T061947Z	CNS:U251	magnitude_g1.00	EX_cyst__L_e	0.0	0.0	3.633444115715026	primary	optimal
twostage-20260916T061947Z	CNS:U251	magnitude_g1.00	EX_cytd_e	0.0	0.0	1.8460645214317295	primary	optimal
twostage-20260916T061947Z	CNS:U251	magnitude_g1.00	EX_dad_2_e	0.0	0.0	0.9519300730547275	primary	optimal
twostage-20260916T061947Z	CNS:U251	magnitude_g1.00	EX_dcmp_e	0.0	0.0	1.6006698181813457	primary	optimal
twostage-20260916T061947Z	CNS:U251	magnitude_g1.00	EX_dcyt_e	0.0	0.0	1.8929027726220657	primary	optimal
twostage-20260916T061947Z	CNS:U251	magnitude_g1.00	EX_dhap_e	0.0	0.0	5.41928985896738	primary	optimal
twostage-20260916T061947Z	CNS:U251	magnitude_g1.00	EX_dmgly_e	0.0	0.0	4.401768802226938	primary	optimal
twostage-20260916T061947Z	CNS:U251	magnitude_g1.00	EX_duri_e	0.0	0.0	1.855131237552547	primary	optimal
twostage-20260916T061947Z	CNS:U251	magnitude_g1.00	EX_ethamp_e	0.0	0.0	6.07167809194259	primary	optimal
twostage-20260916T061947Z	CNS:U251	magnitude_g1.00	EX_fol_e	-9.999999	-10.0	1.4210854715202004e-14	primary	optimal
twostage-20260916T061947Z	CNS:U251	magnitude_g1.00	EX_fum_e	1e-06	0.0	42.59370092628463	primary	optimal
twostage-20260916T061947Z	CNS:U251	magnitude_g1.00	EX_g3pc_e	0.0	0.0	2.3385276979081526	primary	optimal
twostage-20260916T061947Z	CNS:U251	magnitude_g1.00	EX_glc__D_e	-10.0	-10.0	-3.0560191096773925	primary	optimal
twostage-20260916T061947Z	CNS:U251	magnitude_g1.00	EX_glcur_e	0.0	0.0	3.9898085256467297	primary	optimal
twostage-20260916T061947Z	CNS:U251	magnitude_g1.00	EX_gln__L_e	-9.999999	-10.0	6.439878817723603	primary	optimal
twostage-20260916T061947Z	CNS:U251	magnitude_g1.00	EX_glu__L_e	-9.999999	-10.0	27.405941349018452	primary	optimal
twostage-20260916T061947Z	CNS:U251	magnitude_g1.00	EX_gly_e	-9.999999	-10.0	30.972962795739676	primary	optimal
twostage-20260916T061947Z	CNS:U251	magnitude_g1.00	EX_glyald_e	0.0	0.0	12.448662312171955	primary	optimal
twostage-20260916T061947Z	CNS:U251	magnitude_g1.00	EX_glyb_e	0.0	0.0	10.14301501641182	primary	optimal
twostage-20260916T061947Z	CNS:U251	magnitude_g1.00	EX_glyc3p_e	0.0	0.0	5.328012183887535	primary	optimal
twostage-20260916T061947Z	CNS:U251	magnitude_g1.00	EX_gmp_e	0.0	0.0	0.0	primary	optimal
twostage-20260916T061947Z	CNS:U251	magnitude_g1.00	EX_gthox_e	0.0	0.0	5.595197278871093	primary	optimal
twostage-20260916T061947Z	CNS:U251	magnitude_g1.00	EX_hcys__L_e	0.0	0.0	4.959002608287024	primary	optimal
twostage-20260916T061947Z	CNS:U251	magnitude_g1.00	EX_hom__L_e	0.0	0.0	0.0	primary	optimal
twostage-20260916T061947Z	CNS:U251	magnitude_g1.00	EX_hxan_e	0.0	0.0	1.4255177134499826	primary	optimal
twostage-20260916T061947Z	CNS:U251	magnitude_g1.00	EX_icit_e	0.0	0.0	31.52872027416417	primary	optimal
twostage-20260916T061947Z	CNS:U251	magnitude_g1.00	EX_ile__L_e	-9.999999	-10.0	-0.9398300444600203	primary	optimal
twostage-20260916T061947Z	CNS:U251	magnitude_g1.00	EX_imp_e	0.0	0.0	1.0922721385083374	primary	optimal
twostage-20260916T061947Z	CNS:U251	magnitude_g1.00	EX_ins_e	0.0	0.0	1.0829623856723287	primary	optimal
twostage-20260916T061947Z	CNS:U251	magnitude_g1.00	EX_lac__L_e	-0.9999989999999999	-1.0	54.256114589081314	primary	optimal
twostage-20260916T061947Z	CNS:U251	magnitude_g1.00	EX_lcts_e	0.0	0.0	1.8054405892080716	primary	optimal
twostage-20260916T061947Z	CNS:U251	magnitude_g1.00	EX_leu__L_e	-9.999999	-10.0	-1.79223373267045	primary	optimal
twostage-20260916T061947Z	CNS:U251	magnitude_g1.00	EX_lys__L_e	-9.999999	-10.0	-1.9452265708841647	primary	optimal
twostage-20260916T061947Z	CNS:U251	magnitude_g1.00	EX_mal__L_e	1e-06	0.0	38.37877172081235	primary	optimal
twostage-20260916T061947Z	CNS:U251	magnitude_g1.00	EX_met__L_e	-9.999999	-10.0	-0.502698263212074	primary	optimal
twostage-20260916T061947Z	CNS:U251	magnitude_g1.00	EX_nac_e	0.0	0.0	10.805887820597183	primary	optimal
twostage-20260916T061947Z	CNS:U251	magnitude_g1.00	EX_ncam_e	-9.999999000000003	-10.0	3.197442310920451e-14	primary	optimal
twostage-20260916T061947Z	CNS:U251	magnitude_g1.00	EX_nicrnt_e	0.0	0.0	2.6818749957344847	primary	optimal
twostage-20260916T061947Z	CNS:U251	magnitude_g1.00	EX_orn_e	1e-06	0.0	34.452256078924094	primary	optimal
twostage-20260916T061947Z	CNS:U251	magnitude_g1.00	EX_orot5p_e	0.0	0.0	1.6213001189043423	primary	optimal
twostage-20260916T061947Z	CNS:U251	magnitude_g1.00	EX_orot_e	0.0	0.0	3.7132211853122414	primary	optimal
twostage-20260916T061947Z	CNS:U251	magnitude_g1.00	EX_oxa_e	0.0	0.0	7.451461293950092	primary	optimal
twostage-20260916T061947Z	CNS:U251	magnitude_g1.00	EX_pep_e	0.0	0.0	6.071678091942533	primary	optimal
twostage-20260916T061947Z	CNS:U251	magnitude_g1.00	EX_phe__L_e	-9.134547874213414	-10.0	-0.8524036882104298	primary	optimal
twostage-20260916T061947Z	CNS:U251	magnitude_g1.00	EX_pnto__R_e	-1.4098479425837015e-12	-10.0	0.05000000000000249	primary	optimal
twostage-20260916T061947Z	CNS:U251	magnitude_g1.00	EX_pro__L_e	-1.3551019514234426	-10.0	22.839025702229854	primary	optimal
twostage-20260916T061947Z	CNS:U251	magnitude_g1.00	EX_quln_e	0.0	0.0	1.3137844934335368	primary	optimal
twostage-20260916T061947Z	CNS:U251	magnitude_g1.00	EX_sbt__D_e	0.0	0.0	0.0	primary	optimal
twostage-20260916T061947Z	CNS:U251	magnitude_g1.00	EX_ser__L_e	-10.0	-10.0	3.231588809741179	primary	optimal
twostage-20260916T061947Z	CNS:U251	magnitude_g1.00	EX_spmd_e	0.0	0.0	1.401682051884771	primary	optimal
twostage-20260916T061947Z	CNS:U251	magnitude_g1.00	EX_sprm_e	0.0	0.0	0.7072080895319189	primary	optimal
twostage-20260916T061947Z	CNS:U251	magnitude_g1.00	EX_srtn_e	0.0	0.0	3.9601507935552775	primary	optimal
twostage-20260916T061947Z	CNS:U251	magnitude_g1.00	EX_succ_e	13.462568264379787	0.0	62.25645499844754	primary	optimal
twostage-20260916T061947Z	CNS:U251	magnitude_g1.00	EX_sucr_e	0.0	0.0	0.0	primary	optimal
twostage-20260916T061947Z	CNS:U251	magnitude_g1.00	EX_taur_e	0.0	0.0	3.553743613513984	primary	optimal
twostage-20260916T061947Z	CNS:U251	magnitude_g1.00	EX_tchola_e	0.0	0.0	0.7570885030832364	primary	optimal
twostage-20260916T061947Z	CNS:U251	magnitude_g1.00	EX_thr__L_e	-1.0272564007096083	-10.0	-1.0272564007095504	primary	optimal
twostage-20260916T061947Z	CNS:U251	magnitude_g1.00	EX_thym_e	0.0	0.0	2.3300691279686325	primary	optimal
twostage-20260916T061947Z	CNS:U251	magnitude_g1.00	EX_thymd_e	0.0	0.0	1.564433772003938	primary	optimal
twostage-20260916T061947Z	CNS:U251	magnitude_g1.00	EX_trp__L_e	-0.04371317812479467	-10.0	-0.04371317812479525	primary	optimal
twostage-20260916T061947Z	CNS:U251	magnitude_g1.00	EX_tyr__L_e	-0.5245548522744694	-10.0	3.63638015705305	primary	optimal
twostage-20260916T061947Z	CNS:U251	magnitude_g1.00	EX_ump_e	0.0	0.0	1.1917704156678295	primary	optimal
twostage-20260916T061947Z	CNS:U251	magnitude_g1.00	EX_ura_e	0.0	0.0	3.216561471589559	primary	optimal
twostage-20260916T061947Z	CNS:U251	magnitude_g1.00	EX_urate_e	0.0	0.0	1.3614876814941435	primary	optimal
twostage-20260916T061947Z	CNS:U251	magnitude_g1.00	EX_uri_e	0.0	0.0	1.8770381898750939	primary	optimal
twostage-20260916T061947Z	CNS:U251	magnitude_g1.00	EX_val__L_e	-1.158393149862098	-10.0	-1.158392649860927	primary	optimal
twostage-20260916T061947Z	CNS:U251	magnitude_g1.00	EX_xan_e	0.0	0.0	1.3981341776063467	primary	optimal
twostage-20260916T061947Z	CNS:U251	magnitude_g1.00	EX_xmp_e	0.0	0.0	1.0729033452676782	primary	optimal
twostage-20260916T061947Z	CNS:U251	magnitude_g1.00	EX_xtsn_e	0.0	0.0	1.0663771915093965	primary	optimal
twostage-20260916T061947Z	CO:COLO 205	magnitude_g1.00	EX_2pg_e	0.0	0.0	6.071678091942343	primary	optimal
twostage-20260916T061947Z	CO:COLO 205	magnitude_g1.00	EX_34hpp_e	0.0	0.0	13.012239423097876	primary	optimal
twostage-20260916T061947Z	CO:COLO 205	magnitude_g1.00	EX_3hanthrn_e	0.0	0.0	1.96395667636865	primary	optimal
twostage-20260916T061947Z	CO:COLO 205	magnitude_g1.00	EX_3pg_e	0.0	0.0	6.071678091942277	primary	optimal
twostage-20260916T061947Z	CO:COLO 205	magnitude_g1.00	EX_4abut_e	0.0	0.0	31.376065697146526	primary	optimal
twostage-20260916T061947Z	CO:COLO 205	magnitude_g1.00	EX_4hbz_e	0.0	0.0	5.542856814805154	primary	optimal
twostage-20260916T061947Z	CO:COLO 205	magnitude_g1.00	EX_L2aadp_e	0.0	0.0	8.719945221224885	primary	optimal
twostage-20260916T061947Z	CO:COLO 205	magnitude_g1.00	EX_Lkynr_e	0.0	0.0	3.9572428819287158	primary	optimal
twostage-20260916T061947Z	CO:COLO 205	magnitude_g1.00	EX_acac_e	0.0	0.0	14.149259025398733	primary	optimal
twostage-20260916T061947Z	CO:COLO 205	magnitude_g1.00	EX_ade_e	0.0	0.0	1.250692047846186	primary	optimal
twostage-20260916T061947Z	CO:COLO 205	magnitude_g1.00	EX_adn_e	0.0	0.0	0.9843664992510631	primary	optimal
twostage-20260916T061947Z	CO:COLO 205	magnitude_g1.00	EX_ahcys_e	0.0	0.0	0.9187454026635551	primary	optimal
twostage-20260916T061947Z	CO:COLO 205	magnitude_g1.00	EX_akg_e	0.0	0.0	39.41192638318534	primary	optimal
twostage-20260916T061947Z	CO:COLO 205	magnitude_g1.00	EX_ala__L_e	9.999999999999997e-07	0.0	58.84068381094442	primary	optimal
twostage-20260916T061947Z	CO:COLO 205	magnitude_g1.00	EX_amp_e	0.0	0.0	0.8173562648476563	primary	optimal
twostage-20260916T061947Z	CO:COLO 205	magnitude_g1.00	EX_anth_e	0.0	0.0	3.687347079315103	primary	optimal
twostage-20260916T061947Z	CO:COLO 205	magnitude_g1.00	EX_arg__L_e	-9.999999	-10.0	3.259454956831133	primary	optimal
twostage-20260916T061947Z	CO:COLO 205	magnitude_g1.00	EX_asn__L_e	-9.999999	-10.0	7.326986491232074	primary	optimal
twostage-20260916T061947Z	CO:COLO 205	magnitude_g1.00	EX_asp__L_e	-9.999999	-10.0	29.954352548791523	primary	optimal
twostage-20260916T061947Z	CO:COLO 205	magnitude_g1.00	EX_bilirub_e	0.0	0.0	0.4872406867730836	primary	optimal
twostage-20260916T061947Z	CO:COLO 205	magnitude_g1.00	EX_cala_e	0.0	0.0	3.042436720513855	primary	optimal
twostage-20260916T061947Z	CO:COLO 205	magnitude_g1.00	EX_chol_e	-9.999999000000003	-10.0	0.5446248837809599	primary	optimal
twostage-20260916T061947Z	CO:COLO 205	magnitude_g1.00	EX_cholp_e	0.0	0.0	6.07167809194234	primary	optimal
twostage-20260916T061947Z	CO:COLO 205	magnitude_g1.00	EX_cit_e	0.0	0.0	31.045326228989378	primary	optimal
twostage-20260916T061947Z	CO:COLO 205	magnitude_g1.00	EX_citr__L_e	0.0	0.0	15.986857952396168	primary	optimal
twostage-20260916T061947Z	CO:COLO 205	magnitude_g1.00	EX_cmp_e	0.0	0.0	0.0	primary	optimal
twostage-20260916T061947Z	CO:COLO 205	magnitude_g1.00	EX_crn_e	-0.9999989999999999	-1.0	1.942890293094024e-15	primary	optimal
twostage-20260916T061947Z	CO:COLO 205	magnitude_g1.00	EX_cyst__L_e	0.0	0.0	3.68047660066811	primary	optimal
twostage-20260916T061947Z	CO:COLO 205	magnitude_g1.00	EX_cytd_e	0.0	0.0	1.8842537432494266	primary	optimal
twostage-20260916T061947Z	CO:COLO 205	magnitude_g1.00	EX_dad_2_e	0.0	0.0	0.9762137857872369	primary	optimal
twostage-20260916T061947Z	CO:COLO 205	magnitude_g1.00	EX_dcmp_e	0.0	0.0	1.6311490715526735	primary	optimal
twostage-20260916T061947Z	CO:COLO 205	magnitude_g1.00	EX_dcyt_e	0.0	0.0	1.9382694452864777	primary	optimal
twostage-20260916T061947Z	CO:COLO 205	magnitude_g1.00	EX_dhap_e	0.0	0.0	5.549542097373177	primary	optimal
twostage-20260916T061947Z	CO:COLO 205	magnitude_g1.00	EX_dmgly_e	0.0	0.0	4.426535800119447	primary	optimal
twostage-20260916T061947Z	CO:COLO 205	magnitude_g1.00	EX_duri_e	0.0	0.0	1.8985401162092987	primary	optimal
twostage-20260916T061947Z	CO:COLO 205	magnitude_g1.00	EX_ethamp_e	0.0	0.0	6.0716780919425215	primary	optimal
twostage-20260916T061947Z	CO:COLO 205	magnitude_g1.00	EX_fol_e	-9.999998999999999	-10.0	-9.769962616701378e-15	primary	optimal
twostage-20260916T061947Z	CO:COLO 205	magnitude_g1.00	EX_fum_e	1e-06	0.0	42.64116595148761	primary	optimal
twostage-20260916T061947Z	CO:COLO 205	magnitude_g1.00	EX_g3pc_e	0.0	0.0	2.361884098501767	primary	optimal
twostage-20260916T061947Z	CO:COLO 205	magnitude_g1.00	EX_glc__D_e	-10.0	-10.0	-2.673142692264199	primary	optimal
twostage-20260916T061947Z	CO:COLO 205	magnitude_g1.00	EX_glcur_e	0.0	0.0	4.0303867409839285	primary	optimal
twostage-20260916T061947Z	CO:COLO 205	magnitude_g1.00	EX_gln__L_e	-9.999998999999999	-10.0	6.1039265461010626	primary	optimal
twostage-20260916T061947Z	CO:COLO 205	magnitude_g1.00	EX_glu__L_e	-9.999999	-10.0	27.463195472864395	primary	optimal
twostage-20260916T061947Z	CO:COLO 205	magnitude_g1.00	EX_gly_e	-9.999999000000003	-10.0	30.972546170423918	primary	optimal
twostage-20260916T061947Z	CO:COLO 205	magnitude_g1.00	EX_glyald_e	0.0	0.0	12.772133016505885	primary	optimal
twostage-20260916T061947Z	CO:COLO 205	magnitude_g1.00	EX_glyb_e	0.0	0.0	10.155921328924915	primary	optimal
twostage-20260916T061947Z	CO:COLO 205	magnitude_g1.00	EX_glyc3p_e	0.0	0.0	5.444894838529856	primary	optimal
twostage-20260916T061947Z	CO:COLO 205	magnitude_g1.00	EX_gmp_e	0.0	0.0	0.0	primary	optimal
twostage-20260916T061947Z	CO:COLO 205	magnitude_g1.00	EX_gthox_e	0.0	0.0	5.62108266581657	primary	optimal
twostage-20260916T061947Z	CO:COLO 205	magnitude_g1.00	EX_hcys__L_e	0.0	0.0	4.9812022259370545	primary	optimal
twostage-20260916T061947Z	CO:COLO 205	magnitude_g1.00	EX_hom__L_e	0.0	0.0	0.0	primary	optimal
twostage-20260916T061947Z	CO:COLO 205	magnitude_g1.00	EX_hxan_e	0.0	0.0	1.4647973637847576	primary	optimal
twostage-20260916T061947Z	CO:COLO 205	magnitude_g1.00	EX_icit_e	0.0	0.0	32.14293291691462	primary	optimal
twostage-20260916T061947Z	CO:COLO 205	magnitude_g1.00	EX_ile__L_e	-9.999999	-10.0	-0.9398300444600336	primary	optimal
twostage-20260916T061947Z	CO:COLO 205	magnitude_g1.00	EX_imp_e	0.0	0.0	1.1196329172575776	primary	optimal
twostage-20260916T061947Z	CO:COLO 205	magnitude_g1.00	EX_ins_e	0.0	0.0	1.1121608321143164	primary	optimal
twostage-20260916T061947Z	CO:COLO 205	magnitude_g1.00	EX_lac__L_e	-0.999999	-1.0	54.25611458908341	primary	optimal
twostage-20260916T061947Z	CO:COLO 205	magnitude_g1.00	EX_lcts_e	0.0	0.0	1.8696716057585783	primary	optimal
twostage-20260916T061947Z	CO:COLO 205	magnitude_g1.00	EX_leu__L_e	-9.999999	-10.0	-1.7922337326704483	primary	optimal
twostage-20260916T061947Z	CO:COLO 205	magnitude_g1.00	EX_lys__L_e	-9.999999	-10.0	-1.9452265708841683	primary	optimal
twostage-20260916T061947Z	CO:COLO 205	magnitude_g1.00	EX_mal__L_e	1e-06	0.0	38.37877172081467	primary	optimal
twostage-20260916T061947Z	CO:COLO 205	magnitude_g1.00	EX_met__L_e	-9.999999	-10.0	-0.5026982632120713	primary	optimal
twostage-20260916T061947Z	CO:COLO 205	magnitude_g1.00	EX_nac_e	1.347639391604622e-16	0.0	10.827044301851414	primary	optimal
twostage-20260916T061947Z	CO:COLO 205	magnitude_g1.00	EX_ncam_e	-9.999999	-10.0	8.881784197001252e-16	primary	optimal
twostage-20260916T061947Z	CO:COLO 205	magnitude_g1.00	EX_nicrnt_e	0.0	0.0	2.7462849168497545	primary	optimal
twostage-20260916T061947Z	CO:COLO 205	magnitude_g1.00	EX_orn_e	9.999999999999997e-07	0.0	34.705610743510995	primary	optimal
twostage-20260916T061947Z	CO:COLO 205	magnitude_g1.00	EX_orot5p_e	0.0	0.0	1.6512582179187365	primary	optimal
twostage-20260916T061947Z	CO:COLO 205	magnitude_g1.00	EX_orot_e	0.0	0.0	3.754585122204871	primary	optimal
twostage-20260916T061947Z	CO:COLO 205	magnitude_g1.00	EX_oxa_e	0.0	0.0	7.645500842846886	primary	optimal
twostage-20260916T061947Z	CO:COLO 205	magnitude_g1.00	EX_pep_e	0.0	0.0	6.071678091942423	primary	optimal
twostage-20260916T061947Z	CO:COLO 205	magnitude_g1.00	EX_phe__L_e	-9.134547874220564	-10.0	-0.8524036882104395	primary	optimal
twostage-20260916T061947Z	CO:COLO 205	magnitude_g1.00	EX_pnto__R_e	-9.014449571929819e-13	-10.0	0.04999999999998739	primary	optimal
twostage-20260916T061947Z	CO:COLO 205	magnitude_g1.00	EX_pro__L_e	-1.355101951421167	-10.0	23.72387861206075	primary	optimal
twostage-20260916T061947Z	CO:COLO 205	magnitude_g1.00	EX_quln_e	0.0	0.0	1.3223354110006897	primary	optimal
twostage-20260916T061947Z	CO:COLO 205	magnitude_g1.00	EX_sbt__D_e	0.0	0.0	0.0	primary	optimal
twostage-20260916T061947Z	CO:COLO 205	magnitude_g1.00	EX_ser__L_e	-10.0	-10.0	3.6763375773162372	primary	optimal
twostage-20260916T061947Z	CO:COLO 205	magnitude_g1.00	EX_spmd_e	0.0	0.0	1.4126677548558633	primary	optimal
twostage-20260916T061947Z	CO:COLO 205	magnitude_g1.00	EX_sprm_e	0.0	0.0	0.7133089613286457	primary	optimal
twostage-20260916T061947Z	CO:COLO 205	magnitude_g1.00	EX_srtn_e	0.0	0.0	4.024722096316015	primary	optimal
twostage-20260916T061947Z	CO:COLO 205	magnitude_g1.00	EX_succ_e	13.462568264369448	0.0	62.28404005863453	primary	optimal
twostage-20260916T061947Z	CO:COLO 205	magnitude_g1.00	EX_sucr_e	0.0	0.0	0.0	primary	optimal
twostage-20260916T061947Z	CO:COLO 205	magnitude_g1.00	EX_taur_e	0.0	0.0	3.5947122267889204	primary	optimal
twostage-20260916T061947Z	CO:COLO 205	magnitude_g1.00	EX_tchola_e	0.0	0.0	0.7671610127404708	primary	optimal
twostage-20260916T061947Z	CO:COLO 205	magnitude_g1.00	EX_thr__L_e	-1.027256400709608	-10.0	-1.0272564007096108	primary	optimal
twostage-20260916T061947Z	CO:COLO 205	magnitude_g1.00	EX_thym_e	0.0	0.0	2.3782655830504207	primary	optimal
twostage-20260916T061947Z	CO:COLO 205	magnitude_g1.00	EX_thymd_e	0.0	0.0	1.59935874197427	primary	optimal
twostage-20260916T061947Z	CO:COLO 205	magnitude_g1.00	EX_trp__L_e	-0.04371317812479468	-10.0	-0.04371317812479525	primary	optimal
twostage-20260916T061947Z	CO:COLO 205	magnitude_g1.00	EX_tyr__L_e	-0.5245548522744695	-10.0	3.6831341346361004	primary	optimal
twostage-20260916T061947Z	CO:COLO 205	magnitude_g1.00	EX_ump_e	0.0	0.0	1.2113061297052832	primary	optimal
twostage-20260916T061947Z	CO:COLO 205	magnitude_g1.00	EX_ura_e	0.0	0.0	3.2528254571965483	primary	optimal
twostage-20260916T061947Z	CO:COLO 205	magnitude_g1.00	EX_urate_e	0.0	0.0	1.3992431028213401	primary	optimal
twostage-20260916T061947Z	CO:COLO 205	magnitude_g1.00	EX_uri_e	0.0	0.0	1.9185594678493993	primary	optimal
twostage-20260916T061947Z	CO:COLO 205	magnitude_g1.00	EX_val__L_e	-1.1583931498603814	-10.0	-1.1583926498609323	primary	optimal
twostage-20260916T061947Z	CO:COLO 205	magnitude_g1.00	EX_xan_e	0.0	0.0	1.4357367141907682	primary	optimal
twostage-20260916T061947Z	CO:COLO 205	magnitude_g1.00	EX_xmp_e	0.0	0.0	1.1005290647777497	primary	optimal
twostage-20260916T061947Z	CO:COLO 205	magnitude_g1.00	EX_xtsn_e	0.0	0.0	1.0946477280681153	primary	optimal
twostage-20260916T061947Z	CO:HCC-2998	magnitude_g1.00	EX_2pg_e	0.0	0.0	6.071678091942557	primary	optimal
twostage-20260916T061947Z	CO:HCC-2998	magnitude_g1.00	EX_34hpp_e	0.0	0.0	12.946833972903342	primary	optimal
twostage-20260916T061947Z	CO:HCC-2998	magnitude_g1.00	EX_3hanthrn_e	0.0	0.0	1.9389011353626076	primary	optimal
twostage-20260916T061947Z	CO:HCC-2998	magnitude_g1.00	EX_3pg_e	0.0	0.0	6.071678091942515	primary	optimal
twostage-20260916T061947Z	CO:HCC-2998	magnitude_g1.00	EX_4abut_e	0.0	0.0	30.69388988533978	primary	optimal
twostage-20260916T061947Z	CO:HCC-2998	magnitude_g1.00	EX_4hbz_e	0.0	0.0	5.485666200094891	primary	optimal
twostage-20260916T061947Z	CO:HCC-2998	magnitude_g1.00	EX_L2aadp_e	0.0	0.0	8.70224769124463	primary	optimal
twostage-20260916T061947Z	CO:HCC-2998	magnitude_g1.00	EX_Lkynr_e	0.0	0.0	3.91690387686461	primary	optimal
twostage-20260916T061947Z	CO:HCC-2998	magnitude_g1.00	EX_acac_e	0.0	0.0	14.11751080671652	primary	optimal
twostage-20260916T061947Z	CO:HCC-2998	magnitude_g1.00	EX_ade_e	0.0	0.0	1.2324694104187235	primary	optimal
twostage-20260916T061947Z	CO:HCC-2998	magnitude_g1.00	EX_adn_e	0.0	0.0	0.9718565124409914	primary	optimal
twostage-20260916T061947Z	CO:HCC-2998	magnitude_g1.00	EX_ahcys_e	0.0	0.0	0.9100048704158908	primary	optimal
twostage-20260916T061947Z	CO:HCC-2998	magnitude_g1.00	EX_akg_e	0.0	0.0	39.20139087110022	primary	optimal
twostage-20260916T061947Z	CO:HCC-2998	magnitude_g1.00	EX_ala__L_e	1e-06	0.0	58.772491163368784	primary	optimal
twostage-20260916T061947Z	CO:HCC-2998	magnitude_g1.00	EX_amp_e	0.0	0.0	0.8095534973421924	primary	optimal
twostage-20260916T061947Z	CO:HCC-2998	magnitude_g1.00	EX_anth_e	0.0	0.0	3.6445274199055606	primary	optimal
twostage-20260916T061947Z	CO:HCC-2998	magnitude_g1.00	EX_arg__L_e	-9.999999	-10.0	3.2005774867998182	primary	optimal
twostage-20260916T061947Z	CO:HCC-2998	magnitude_g1.00	EX_asn__L_e	-9.999999	-10.0	7.301245593373659	primary	optimal
twostage-20260916T061947Z	CO:HCC-2998	magnitude_g1.00	EX_asp__L_e	-9.999999	-10.0	29.733466839660277	primary	optimal
twostage-20260916T061947Z	CO:HCC-2998	magnitude_g1.00	EX_bilirub_e	0.0	0.0	0.4848545793736583	primary	optimal
twostage-20260916T061947Z	CO:HCC-2998	magnitude_g1.00	EX_cala_e	0.0	0.0	3.0148282470208723	primary	optimal
twostage-20260916T061947Z	CO:HCC-2998	magnitude_g1.00	EX_chol_e	-9.999999	-10.0	0.5153642737157245	primary	optimal
twostage-20260916T061947Z	CO:HCC-2998	magnitude_g1.00	EX_cholp_e	0.0	0.0	6.071678091942481	primary	optimal
twostage-20260916T061947Z	CO:HCC-2998	magnitude_g1.00	EX_cit_e	0.0	0.0	31.04532622898829	primary	optimal
twostage-20260916T061947Z	CO:HCC-2998	magnitude_g1.00	EX_citr__L_e	0.0	0.0	15.925372674606196	primary	optimal
twostage-20260916T061947Z	CO:HCC-2998	magnitude_g1.00	EX_cmp_e	0.0	0.0	0.0	primary	optimal
twostage-20260916T061947Z	CO:HCC-2998	magnitude_g1.00	EX_crn_e	-0.9999989999999999	-1.0	-1.1102230246251565e-16	primary	optimal
twostage-20260916T061947Z	CO:HCC-2998	magnitude_g1.00	EX_cyst__L_e	0.0	0.0	3.6802456126667664	primary	optimal
twostage-20260916T061947Z	CO:HCC-2998	magnitude_g1.00	EX_cytd_e	0.0	0.0	1.8662179329678714	primary	optimal
twostage-20260916T061947Z	CO:HCC-2998	magnitude_g1.00	EX_dad_2_e	0.0	0.0	0.9640380210169412	primary	optimal
twostage-20260916T061947Z	CO:HCC-2998	magnitude_g1.00	EX_dcmp_e	0.0	0.0	1.617536150740669	primary	optimal
twostage-20260916T061947Z	CO:HCC-2998	magnitude_g1.00	EX_dcyt_e	0.0	0.0	1.923616734536438	primary	optimal
twostage-20260916T061947Z	CO:HCC-2998	magnitude_g1.00	EX_dhap_e	0.0	0.0	5.511134516323348	primary	optimal
twostage-20260916T061947Z	CO:HCC-2998	magnitude_g1.00	EX_dmgly_e	0.0	0.0	4.425440140022195	primary	optimal
twostage-20260916T061947Z	CO:HCC-2998	magnitude_g1.00	EX_duri_e	0.0	0.0	1.8830978362061102	primary	optimal
twostage-20260916T061947Z	CO:HCC-2998	magnitude_g1.00	EX_ethamp_e	0.0	0.0	6.071678091942512	primary	optimal
twostage-20260916T061947Z	CO:HCC-2998	magnitude_g1.00	EX_fol_e	-9.999998999999999	-10.0	-2.042810365310288e-14	primary	optimal
twostage-20260916T061947Z	CO:HCC-2998	magnitude_g1.00	EX_fum_e	1e-06	0.0	42.632945225422894	primary	optimal
twostage-20260916T061947Z	CO:HCC-2998	magnitude_g1.00	EX_g3pc_e	0.0	0.0	2.359488004587248	primary	optimal
twostage-20260916T061947Z	CO:HCC-2998	magnitude_g1.00	EX_glc__D_e	-10.0	-10.0	-2.8337889355481107	primary	optimal
twostage-20260916T061947Z	CO:HCC-2998	magnitude_g1.00	EX_glcur_e	0.0	0.0	3.9761832078478174	primary	optimal
twostage-20260916T061947Z	CO:HCC-2998	magnitude_g1.00	EX_gln__L_e	-9.999999	-10.0	6.175059992550157	primary	optimal
twostage-20260916T061947Z	CO:HCC-2998	magnitude_g1.00	EX_glu__L_e	-9.999999	-10.0	27.24690344653191	primary	optimal
twostage-20260916T061947Z	CO:HCC-2998	magnitude_g1.00	EX_gly_e	-9.999999000000003	-10.0	30.85749346630539	primary	optimal
twostage-20260916T061947Z	CO:HCC-2998	magnitude_g1.00	EX_glyald_e	0.0	0.0	12.643877681371611	primary	optimal
twostage-20260916T061947Z	CO:HCC-2998	magnitude_g1.00	EX_glyb_e	0.0	0.0	10.136419117734704	primary	optimal
twostage-20260916T061947Z	CO:HCC-2998	magnitude_g1.00	EX_glyc3p_e	0.0	0.0	5.424736719462181	primary	optimal
twostage-20260916T061947Z	CO:HCC-2998	magnitude_g1.00	EX_gmp_e	0.0	0.0	0.0	primary	optimal
twostage-20260916T061947Z	CO:HCC-2998	magnitude_g1.00	EX_gthox_e	0.0	0.0	5.586010244534157	primary	optimal
twostage-20260916T061947Z	CO:HCC-2998	magnitude_g1.00	EX_hcys__L_e	0.0	0.0	4.977147607942392	primary	optimal
twostage-20260916T061947Z	CO:HCC-2998	magnitude_g1.00	EX_hom__L_e	0.0	0.0	0.0	primary	optimal
twostage-20260916T061947Z	CO:HCC-2998	magnitude_g1.00	EX_hxan_e	0.0	0.0	1.4443984372014833	primary	optimal
twostage-20260916T061947Z	CO:HCC-2998	magnitude_g1.00	EX_icit_e	0.0	0.0	31.792608314679562	primary	optimal
twostage-20260916T061947Z	CO:HCC-2998	magnitude_g1.00	EX_ile__L_e	-9.999999	-10.0	-0.9398300444600167	primary	optimal
twostage-20260916T061947Z	CO:HCC-2998	magnitude_g1.00	EX_imp_e	0.0	0.0	1.1071429799790427	primary	optimal
twostage-20260916T061947Z	CO:HCC-2998	magnitude_g1.00	EX_ins_e	0.0	0.0	1.0988089410433597	primary	optimal
twostage-20260916T061947Z	CO:HCC-2998	magnitude_g1.00	EX_lac__L_e	-0.999999	-1.0	54.256114589081356	primary	optimal
twostage-20260916T061947Z	CO:HCC-2998	magnitude_g1.00	EX_lcts_e	0.0	0.0	1.8473169415957487	primary	optimal
twostage-20260916T061947Z	CO:HCC-2998	magnitude_g1.00	EX_leu__L_e	-9.999999	-10.0	-1.792233732670443	primary	optimal
twostage-20260916T061947Z	CO:HCC-2998	magnitude_g1.00	EX_lys__L_e	-9.999999000000003	-10.0	-1.9452265708841612	primary	optimal
twostage-20260916T061947Z	CO:HCC-2998	magnitude_g1.00	EX_mal__L_e	1e-06	0.0	38.378771720814015	primary	optimal
twostage-20260916T061947Z	CO:HCC-2998	magnitude_g1.00	EX_met__L_e	-9.999999	-10.0	-0.5026982632120696	primary	optimal
twostage-20260916T061947Z	CO:HCC-2998	magnitude_g1.00	EX_nac_e	-2.2985270822716796e-15	0.0	10.825945217725113	primary	optimal
twostage-20260916T061947Z	CO:HCC-2998	magnitude_g1.00	EX_ncam_e	-9.999999	-10.0	0.0	primary	optimal
twostage-20260916T061947Z	CO:HCC-2998	magnitude_g1.00	EX_nicrnt_e	0.0	0.0	2.7249933623201725	primary	optimal
twostage-20260916T061947Z	CO:HCC-2998	magnitude_g1.00	EX_orn_e	1e-06	0.0	34.688401896293186	primary	optimal
twostage-20260916T061947Z	CO:HCC-2998	magnitude_g1.00	EX_orot5p_e	0.0	0.0	1.6384759978584802	primary	optimal
twostage-20260916T061947Z	CO:HCC-2998	magnitude_g1.00	EX_orot_e	0.0	0.0	3.7259624299559304	primary	optimal
twostage-20260916T061947Z	CO:HCC-2998	magnitude_g1.00	EX_oxa_e	0.0	0.0	7.538990424284913	primary	optimal
twostage-20260916T061947Z	CO:HCC-2998	magnitude_g1.00	EX_pep_e	0.0	0.0	6.071678091942421	primary	optimal
twostage-20260916T061947Z	CO:HCC-2998	magnitude_g1.00	EX_phe__L_e	-9.13454787421367	-10.0	-0.8524036882104298	primary	optimal
twostage-20260916T061947Z	CO:HCC-2998	magnitude_g1.00	EX_pnto__R_e	6.791533168241257e-12	-10.0	0.04999999999999005	primary	optimal
twostage-20260916T061947Z	CO:HCC-2998	magnitude_g1.00	EX_pro__L_e	-1.355101951423757	-10.0	23.12862467248437	primary	optimal
twostage-20260916T061947Z	CO:HCC-2998	magnitude_g1.00	EX_quln_e	0.0	0.0	1.3046796447290605	primary	optimal
twostage-20260916T061947Z	CO:HCC-2998	magnitude_g1.00	EX_sbt__D_e	0.0	0.0	0.0	primary	optimal
twostage-20260916T061947Z	CO:HCC-2998	magnitude_g1.00	EX_ser__L_e	-10.0	-10.0	3.2548926652864747	primary	optimal
twostage-20260916T061947Z	CO:HCC-2998	magnitude_g1.00	EX_spmd_e	0.0	0.0	1.40786246859161	primary	optimal
twostage-20260916T061947Z	CO:HCC-2998	magnitude_g1.00	EX_sprm_e	0.0	0.0	0.7110961823018418	primary	optimal
twostage-20260916T061947Z	CO:HCC-2998	magnitude_g1.00	EX_srtn_e	0.0	0.0	3.964683461426941	primary	optimal
twostage-20260916T061947Z	CO:HCC-2998	magnitude_g1.00	EX_succ_e	13.462568264366496	0.0	62.28404005863198	primary	optimal
twostage-20260916T061947Z	CO:HCC-2998	magnitude_g1.00	EX_sucr_e	0.0	0.0	0.0	primary	optimal
twostage-20260916T061947Z	CO:HCC-2998	magnitude_g1.00	EX_taur_e	0.0	0.0	3.5404616061228684	primary	optimal
twostage-20260916T061947Z	CO:HCC-2998	magnitude_g1.00	EX_tchola_e	0.0	0.0	0.7548602976366254	primary	optimal
twostage-20260916T061947Z	CO:HCC-2998	magnitude_g1.00	EX_thr__L_e	-1.027256400709608	-10.0	-1.027256400709608	primary	optimal
twostage-20260916T061947Z	CO:HCC-2998	magnitude_g1.00	EX_thym_e	0.0	0.0	2.352745599741358	primary	optimal
twostage-20260916T061947Z	CO:HCC-2998	magnitude_g1.00	EX_thymd_e	0.0	0.0	1.582686071473024	primary	optimal
twostage-20260916T061947Z	CO:HCC-2998	magnitude_g1.00	EX_trp__L_e	-0.04371317812479467	-10.0	-0.04371317812478992	primary	optimal
twostage-20260916T061947Z	CO:HCC-2998	magnitude_g1.00	EX_tyr__L_e	-0.5245548522744695	-10.0	3.625326812780725	primary	optimal
twostage-20260916T061947Z	CO:HCC-2998	magnitude_g1.00	EX_ump_e	0.0	0.0	1.2030939189121734	primary	optimal
twostage-20260916T061947Z	CO:HCC-2998	magnitude_g1.00	EX_ura_e	0.0	0.0	3.235682683485251	primary	optimal
twostage-20260916T061947Z	CO:HCC-2998	magnitude_g1.00	EX_urate_e	0.0	0.0	1.3776858183194773	primary	optimal
twostage-20260916T061947Z	CO:HCC-2998	magnitude_g1.00	EX_uri_e	0.0	0.0	1.90142263317771	primary	optimal
twostage-20260916T061947Z	CO:HCC-2998	magnitude_g1.00	EX_val__L_e	-1.1583931498604474	-10.0	-1.1583926498609252	primary	optimal
twostage-20260916T061947Z	CO:HCC-2998	magnitude_g1.00	EX_xan_e	0.0	0.0	1.41469857726605	primary	optimal
twostage-20260916T061947Z	CO:HCC-2998	magnitude_g1.00	EX_xmp_e	0.0	0.0	1.087765857163675	primary	optimal
twostage-20260916T061947Z	CO:HCC-2998	magnitude_g1.00	EX_xtsn_e	0.0	0.0	1.0815896693594058	primary	optimal
twostage-20260916T061947Z	CO:HCT-116	magnitude_g1.00	EX_2pg_e	0.0	0.0	6.071678091942405	primary	optimal
twostage-20260916T061947Z	CO:HCT-116	magnitude_g1.00	EX_34hpp_e	0.0	0.0	12.968946397747066	primary	optimal
twostage-20260916T061947Z	CO:HCT-116	magnitude_g1.00	EX_3hanthrn_e	0.0	0.0	1.9707744118619317	primary	optimal
twostage-20260916T061947Z	CO:HCT-116	magnitude_g1.00	EX_3pg_e	0.0	0.0	6.071678091942356	primary	optimal
twostage-20260916T061947Z	CO:HCT-116	magnitude_g1.00	EX_4abut_e	0.0	0.0	31.994395200096903	primary	optimal
twostage-20260916T061947Z	CO:HCT-116	magnitude_g1.00	EX_4hbz_e	0.0	0.0	5.420661750229932	primary	optimal
twostage-20260916T061947Z	CO:HCT-116	magnitude_g1.00	EX_L2aadp_e	0.0	0.0	8.700333490382139	primary	optimal
twostage-20260916T061947Z	CO:HCT-116	magnitude_g1.00	EX_Lkynr_e	0.0	0.0	3.9817143180491517	primary	optimal
twostage-20260916T061947Z	CO:HCT-116	magnitude_g1.00	EX_acac_e	0.0	0.0	14.310476923814438	primary	optimal
twostage-20260916T061947Z	CO:HCT-116	magnitude_g1.00	EX_ade_e	0.0	0.0	1.2267069475375765	primary	optimal
twostage-20260916T061947Z	CO:HCT-116	magnitude_g1.00	EX_adn_e	0.0	0.0	0.9657898022076952	primary	optimal
twostage-20260916T061947Z	CO:HCT-116	magnitude_g1.00	EX_ahcys_e	0.0	0.0	0.9042786601111009	primary	optimal
twostage-20260916T061947Z	CO:HCT-116	magnitude_g1.00	EX_akg_e	0.0	0.0	39.970855610006744	primary	optimal
twostage-20260916T061947Z	CO:HCT-116	magnitude_g1.00	EX_ala__L_e	1.0000000000000002e-06	0.0	59.304129423356066	primary	optimal
twostage-20260916T061947Z	CO:HCT-116	magnitude_g1.00	EX_amp_e	0.0	0.0	0.804015671204161	primary	optimal
twostage-20260916T061947Z	CO:HCT-116	magnitude_g1.00	EX_anth_e	0.0	0.0	3.720547938225497	primary	optimal
twostage-20260916T061947Z	CO:HCT-116	magnitude_g1.00	EX_arg__L_e	-9.999999	-10.0	3.2455141582785814	primary	optimal
twostage-20260916T061947Z	CO:HCT-116	magnitude_g1.00	EX_asn__L_e	-9.999999	-10.0	7.374434002718044	primary	optimal
twostage-20260916T061947Z	CO:HCT-116	magnitude_g1.00	EX_asp__L_e	-9.999999	-10.0	29.60759858410754	primary	optimal
twostage-20260916T061947Z	CO:HCT-116	magnitude_g1.00	EX_bilirub_e	0.0	0.0	0.49015607946587153	primary	optimal
twostage-20260916T061947Z	CO:HCT-116	magnitude_g1.00	EX_cala_e	0.0	0.0	3.0263323956994483	primary	optimal
twostage-20260916T061947Z	CO:HCT-116	magnitude_g1.00	EX_chol_e	-9.999999000000003	-10.0	0.5252924428197957	primary	optimal
twostage-20260916T061947Z	CO:HCT-116	magnitude_g1.00	EX_cholp_e	0.0	0.0	6.071678091942337	primary	optimal
twostage-20260916T061947Z	CO:HCT-116	magnitude_g1.00	EX_cit_e	0.0	0.0	31.04532622898675	primary	optimal
twostage-20260916T061947Z	CO:HCT-116	magnitude_g1.00	EX_citr__L_e	0.0	0.0	16.019464399405457	primary	optimal
twostage-20260916T061947Z	CO:HCT-116	magnitude_g1.00	EX_cmp_e	0.0	0.0	0.0	primary	optimal
twostage-20260916T061947Z	CO:HCT-116	magnitude_g1.00	EX_crn_e	-0.9999990000000001	-1.0	-2.220446049250313e-16	primary	optimal
twostage-20260916T061947Z	CO:HCT-116	magnitude_g1.00	EX_cyst__L_e	0.0	0.0	3.632773676326682	primary	optimal
twostage-20260916T061947Z	CO:HCT-116	magnitude_g1.00	EX_cytd_e	0.0	0.0	1.8618247712034046	primary	optimal
twostage-20260916T061947Z	CO:HCT-116	magnitude_g1.00	EX_dad_2_e	0.0	0.0	0.9583204594828384	primary	optimal
twostage-20260916T061947Z	CO:HCT-116	magnitude_g1.00	EX_dcmp_e	0.0	0.0	1.6119998624211724	primary	optimal
twostage-20260916T061947Z	CO:HCT-116	magnitude_g1.00	EX_dcyt_e	0.0	0.0	1.91538602060793	primary	optimal
twostage-20260916T061947Z	CO:HCT-116	magnitude_g1.00	EX_dhap_e	0.0	0.0	5.433282246545568	primary	optimal
twostage-20260916T061947Z	CO:HCT-116	magnitude_g1.00	EX_dmgly_e	0.0	0.0	4.409503950778429	primary	optimal
twostage-20260916T061947Z	CO:HCT-116	magnitude_g1.00	EX_duri_e	0.0	0.0	1.8756215912634084	primary	optimal
twostage-20260916T061947Z	CO:HCT-116	magnitude_g1.00	EX_ethamp_e	0.0	0.0	6.071678091942707	primary	optimal
twostage-20260916T061947Z	CO:HCT-116	magnitude_g1.00	EX_fol_e	-9.999998999999999	-10.0	-3.375077994860476e-14	primary	optimal
twostage-20260916T061947Z	CO:HCT-116	magnitude_g1.00	EX_fum_e	0.0	0.0	42.63290496571415	primary	optimal
twostage-20260916T061947Z	CO:HCT-116	magnitude_g1.00	EX_g3pc_e	0.0	0.0	2.3431933322793315	primary	optimal
twostage-20260916T061947Z	CO:HCT-116	magnitude_g1.00	EX_glc__D_e	-10.0	-10.0	-2.899543116709218	primary	optimal
twostage-20260916T061947Z	CO:HCT-116	magnitude_g1.00	EX_glcur_e	0.0	0.0	4.027048261186106	primary	optimal
twostage-20260916T061947Z	CO:HCT-116	magnitude_g1.00	EX_gln__L_e	-9.999999	-10.0	6.521851974472728	primary	optimal
twostage-20260916T061947Z	CO:HCT-116	magnitude_g1.00	EX_glu__L_e	-9.999999	-10.0	27.60478838011632	primary	optimal
twostage-20260916T061947Z	CO:HCT-116	magnitude_g1.00	EX_gly_e	-9.999999	-10.0	30.97309220801469	primary	optimal
twostage-20260916T061947Z	CO:HCT-116	magnitude_g1.00	EX_glyald_e	0.0	0.0	12.563389563349265	primary	optimal
twostage-20260916T061947Z	CO:HCT-116	magnitude_g1.00	EX_glyb_e	0.0	0.0	10.159509514891397	primary	optimal
twostage-20260916T061947Z	CO:HCT-116	magnitude_g1.00	EX_glyc3p_e	0.0	0.0	5.341803819481723	primary	optimal
twostage-20260916T061947Z	CO:HCT-116	magnitude_g1.00	EX_gmp_e	0.0	0.0	0.0	primary	optimal
twostage-20260916T061947Z	CO:HCT-116	magnitude_g1.00	EX_gthox_e	0.0	0.0	5.604299124920031	primary	optimal
twostage-20260916T061947Z	CO:HCT-116	magnitude_g1.00	EX_hcys__L_e	0.0	0.0	4.952236022648795	primary	optimal
twostage-20260916T061947Z	CO:HCT-116	magnitude_g1.00	EX_hom__L_e	0.0	0.0	0.0	primary	optimal
twostage-20260916T061947Z	CO:HCT-116	magnitude_g1.00	EX_hxan_e	0.0	0.0	1.4368173350408229	primary	optimal
twostage-20260916T061947Z	CO:HCT-116	magnitude_g1.00	EX_icit_e	0.0	0.0	32.0239996441482	primary	optimal
twostage-20260916T061947Z	CO:HCT-116	magnitude_g1.00	EX_ile__L_e	-9.999999	-10.0	-0.9398300444600292	primary	optimal
twostage-20260916T061947Z	CO:HCT-116	magnitude_g1.00	EX_imp_e	0.0	0.0	1.099328190326144	primary	optimal
twostage-20260916T061947Z	CO:HCT-116	magnitude_g1.00	EX_ins_e	0.0	0.0	1.0910613919649712	primary	optimal
twostage-20260916T061947Z	CO:HCT-116	magnitude_g1.00	EX_lac__L_e	-0.999999	-1.0	54.25611458907969	primary	optimal
twostage-20260916T061947Z	CO:HCT-116	magnitude_g1.00	EX_lcts_e	0.0	0.0	1.8205795552491297	primary	optimal
twostage-20260916T061947Z	CO:HCT-116	magnitude_g1.00	EX_leu__L_e	-9.999999	-10.0	-1.7922337326704465	primary	optimal
twostage-20260916T061947Z	CO:HCT-116	magnitude_g1.00	EX_lys__L_e	-9.999999	-10.0	-1.945226570884163	primary	optimal
twostage-20260916T061947Z	CO:HCT-116	magnitude_g1.00	EX_mal__L_e	1e-06	0.0	38.37877172081195	primary	optimal
twostage-20260916T061947Z	CO:HCT-116	magnitude_g1.00	EX_met__L_e	-9.999999	-10.0	-0.5026982632120713	primary	optimal
twostage-20260916T061947Z	CO:HCT-116	magnitude_g1.00	EX_nac_e	-2.3108361273751058e-15	0.0	10.81737104172017	primary	optimal
twostage-20260916T061947Z	CO:HCT-116	magnitude_g1.00	EX_ncam_e	-9.999999	-10.0	2.6645352591003757e-15	primary	optimal
twostage-20260916T061947Z	CO:HCT-116	magnitude_g1.00	EX_nicrnt_e	0.0	0.0	2.6921050885021964	primary	optimal
twostage-20260916T061947Z	CO:HCT-116	magnitude_g1.00	EX_orn_e	1e-06	0.0	34.71569478351167	primary	optimal
twostage-20260916T061947Z	CO:HCT-116	magnitude_g1.00	EX_orot5p_e	0.0	0.0	1.6308774887726025	primary	optimal
twostage-20260916T061947Z	CO:HCT-116	magnitude_g1.00	EX_orot_e	0.0	0.0	3.743504990016942	primary	optimal
twostage-20260916T061947Z	CO:HCT-116	magnitude_g1.00	EX_oxa_e	0.0	0.0	7.532397588812337	primary	optimal
twostage-20260916T061947Z	CO:HCT-116	magnitude_g1.00	EX_pep_e	0.0	0.0	6.071678091942218	primary	optimal
twostage-20260916T061947Z	CO:HCT-116	magnitude_g1.00	EX_phe__L_e	-9.13454787420418	-10.0	-0.8524036882104307	primary	optimal
twostage-20260916T061947Z	CO:HCT-116	magnitude_g1.00	EX_pnto__R_e	-4.073480651021086e-12	-10.0	0.05000000000000071	primary	optimal
twostage-20260916T061947Z	CO:HCT-116	magnitude_g1.00	EX_pro__L_e	-1.3551019514235427	-10.0	23.44021620707438	primary	optimal
twostage-20260916T061947Z	CO:HCT-116	magnitude_g1.00	EX_quln_e	0.0	0.0	1.3293913131711836	primary	optimal
twostage-20260916T061947Z	CO:HCT-116	magnitude_g1.00	EX_sbt__D_e	0.0	0.0	0.0	primary	optimal
twostage-20260916T061947Z	CO:HCT-116	magnitude_g1.00	EX_ser__L_e	-10.0	-10.0	3.4146325106582576	primary	optimal
twostage-20260916T061947Z	CO:HCT-116	magnitude_g1.00	EX_spmd_e	0.0	0.0	1.413874376142126	primary	optimal
twostage-20260916T061947Z	CO:HCT-116	magnitude_g1.00	EX_sprm_e	0.0	0.0	0.7128191355673125	primary	optimal
twostage-20260916T061947Z	CO:HCT-116	magnitude_g1.00	EX_srtn_e	0.0	0.0	4.005001735390658	primary	optimal
twostage-20260916T061947Z	CO:HCT-116	magnitude_g1.00	EX_succ_e	13.462568264374529	0.0	62.28404005863202	primary	optimal
twostage-20260916T061947Z	CO:HCT-116	magnitude_g1.00	EX_sucr_e	0.0	0.0	0.0	primary	optimal
twostage-20260916T061947Z	CO:HCT-116	magnitude_g1.00	EX_taur_e	0.0	0.0	3.5891176307914927	primary	optimal
twostage-20260916T061947Z	CO:HCT-116	magnitude_g1.00	EX_tchola_e	0.0	0.0	0.7674168250558014	primary	optimal
twostage-20260916T061947Z	CO:HCT-116	magnitude_g1.00	EX_thr__L_e	-1.027256400709608	-10.0	-1.0272564007096072	primary	optimal
twostage-20260916T061947Z	CO:HCT-116	magnitude_g1.00	EX_thym_e	0.0	0.0	2.353655990736978	primary	optimal
twostage-20260916T061947Z	CO:HCT-116	magnitude_g1.00	EX_thymd_e	0.0	0.0	1.5768944378000105	primary	optimal
twostage-20260916T061947Z	CO:HCT-116	magnitude_g1.00	EX_trp__L_e	-0.04371317812479467	-10.0	-0.04371317812478903	primary	optimal
twostage-20260916T061947Z	CO:HCT-116	magnitude_g1.00	EX_tyr__L_e	-0.5245548522744694	-10.0	3.666119256922928	primary	optimal
twostage-20260916T061947Z	CO:HCT-116	magnitude_g1.00	EX_ump_e	0.0	0.0	1.1980238528375138	primary	optimal
twostage-20260916T061947Z	CO:HCT-116	magnitude_g1.00	EX_ura_e	0.0	0.0	3.2475291091838403	primary	optimal
twostage-20260916T061947Z	CO:HCT-116	magnitude_g1.00	EX_urate_e	0.0	0.0	1.3705029899898524	primary	optimal
twostage-20260916T061947Z	CO:HCT-116	magnitude_g1.00	EX_uri_e	0.0	0.0	1.895900837601814	primary	optimal
twostage-20260916T061947Z	CO:HCT-116	magnitude_g1.00	EX_val__L_e	-1.1583931498619695	-10.0	-1.1583926498609518	primary	optimal
twostage-20260916T061947Z	CO:HCT-116	magnitude_g1.00	EX_xan_e	0.0	0.0	1.4072010495841272	primary	optimal
twostage-20260916T061947Z	CO:HCT-116	magnitude_g1.00	EX_xmp_e	0.0	0.0	1.080091165905008	primary	optimal
twostage-20260916T061947Z	CO:HCT-116	magnitude_g1.00	EX_xtsn_e	0.0	0.0	1.0737528434974202	primary	optimal
twostage-20260916T061947Z	CO:HCT-15	magnitude_g1.00	EX_2pg_e	0.0	0.0	6.071678091942554	primary	optimal
twostage-20260916T061947Z	CO:HCT-15	magnitude_g1.00	EX_34hpp_e	0.0	0.0	12.961392263516831	primary	optimal
twostage-20260916T061947Z	CO:HCT-15	magnitude_g1.00	EX_3hanthrn_e	0.0	0.0	1.9604513211725454	primary	optimal
twostage-20260916T061947Z	CO:HCT-15	magnitude_g1.00	EX_3pg_e	0.0	0.0	6.071678091942617	primary	optimal
twostage-20260916T061947Z	CO:HCT-15	magnitude_g1.00	EX_4abut_e	0.0	0.0	31.636294657579455	primary	optimal
twostage-20260916T061947Z	CO:HCT-15	magnitude_g1.00	EX_4hbz_e	0.0	0.0	5.424124706477962	primary	optimal
twostage-20260916T061947Z	CO:HCT-15	magnitude_g1.00	EX_L2aadp_e	0.0	0.0	8.700809641388751	primary	optimal
twostage-20260916T061947Z	CO:HCT-15	magnitude_g1.00	EX_Lkynr_e	0.0	0.0	3.9591563684065134	primary	optimal
twostage-20260916T061947Z	CO:HCT-15	magnitude_g1.00	EX_acac_e	0.0	0.0	14.183589789267339	primary	optimal
twostage-20260916T061947Z	CO:HCT-15	magnitude_g1.00	EX_ade_e	0.0	0.0	1.2320021861557435	primary	optimal
twostage-20260916T061947Z	CO:HCT-15	magnitude_g1.00	EX_adn_e	0.0	0.0	0.9691793022225974	primary	optimal
twostage-20260916T061947Z	CO:HCT-15	magnitude_g1.00	EX_ahcys_e	0.0	0.0	0.9070719735451462	primary	optimal
twostage-20260916T061947Z	CO:HCT-15	magnitude_g1.00	EX_akg_e	0.0	0.0	39.40860098675213	primary	optimal
twostage-20260916T061947Z	CO:HCT-15	magnitude_g1.00	EX_ala__L_e	1.0000000000000002e-06	0.0	58.48220215152281	primary	optimal
twostage-20260916T061947Z	CO:HCT-15	magnitude_g1.00	EX_amp_e	0.0	0.0	0.8070871808395894	primary	optimal
twostage-20260916T061947Z	CO:HCT-15	magnitude_g1.00	EX_anth_e	0.0	0.0	3.6870420199250247	primary	optimal
twostage-20260916T061947Z	CO:HCT-15	magnitude_g1.00	EX_arg__L_e	-9.999999	-10.0	3.212127766132655	primary	optimal
twostage-20260916T061947Z	CO:HCT-15	magnitude_g1.00	EX_asn__L_e	-9.999999	-10.0	7.334130069438055	primary	optimal
twostage-20260916T061947Z	CO:HCT-15	magnitude_g1.00	EX_asp__L_e	-9.999999	-10.0	29.57312810706146	primary	optimal
twostage-20260916T061947Z	CO:HCT-15	magnitude_g1.00	EX_bilirub_e	0.0	0.0	0.4856177243945843	primary	optimal
twostage-20260916T061947Z	CO:HCT-15	magnitude_g1.00	EX_cala_e	0.0	0.0	3.020566389060021	primary	optimal
twostage-20260916T061947Z	CO:HCT-15	magnitude_g1.00	EX_chol_e	-9.999999	-10.0	0.5208612392230851	primary	optimal
twostage-20260916T061947Z	CO:HCT-15	magnitude_g1.00	EX_cholp_e	0.0	0.0	6.071678091942756	primary	optimal
twostage-20260916T061947Z	CO:HCT-15	magnitude_g1.00	EX_cit_e	0.0	0.0	31.045326228989705	primary	optimal
twostage-20260916T061947Z	CO:HCT-15	magnitude_g1.00	EX_citr__L_e	0.0	0.0	15.965455885891542	primary	optimal
twostage-20260916T061947Z	CO:HCT-15	magnitude_g1.00	EX_cmp_e	0.0	0.0	0.0	primary	optimal
twostage-20260916T061947Z	CO:HCT-15	magnitude_g1.00	EX_crn_e	-0.9999989999999999	-1.0	8.881784197001252e-15	primary	optimal
twostage-20260916T061947Z	CO:HCT-15	magnitude_g1.00	EX_cyst__L_e	0.0	0.0	3.6396183234345014	primary	optimal
twostage-20260916T061947Z	CO:HCT-15	magnitude_g1.00	EX_cytd_e	0.0	0.0	1.8642491450446896	primary	optimal
twostage-20260916T061947Z	CO:HCT-15	magnitude_g1.00	EX_dad_2_e	0.0	0.0	0.9620634464697466	primary	optimal
twostage-20260916T061947Z	CO:HCT-15	magnitude_g1.00	EX_dcmp_e	0.0	0.0	1.6163903287007666	primary	optimal
twostage-20260916T061947Z	CO:HCT-15	magnitude_g1.00	EX_dcyt_e	0.0	0.0	1.9228477069217742	primary	optimal
twostage-20260916T061947Z	CO:HCT-15	magnitude_g1.00	EX_dhap_e	0.0	0.0	5.470012615567359	primary	optimal
twostage-20260916T061947Z	CO:HCT-15	magnitude_g1.00	EX_dmgly_e	0.0	0.0	4.402586833988154	primary	optimal
twostage-20260916T061947Z	CO:HCT-15	magnitude_g1.00	EX_duri_e	0.0	0.0	1.881604429207938	primary	optimal
twostage-20260916T061947Z	CO:HCT-15	magnitude_g1.00	EX_ethamp_e	0.0	0.0	6.071678091942532	primary	optimal
twostage-20260916T061947Z	CO:HCT-15	magnitude_g1.00	EX_fol_e	-9.999998999999999	-10.0	2.3092638912203256e-14	primary	optimal
twostage-20260916T061947Z	CO:HCT-15	magnitude_g1.00	EX_fum_e	0.0	0.0	42.64649555283918	primary	optimal
twostage-20260916T061947Z	CO:HCT-15	magnitude_g1.00	EX_g3pc_e	0.0	0.0	2.343964468058423	primary	optimal
twostage-20260916T061947Z	CO:HCT-15	magnitude_g1.00	EX_glc__D_e	-10.0	-10.0	-2.891401557998578	primary	optimal
twostage-20260916T061947Z	CO:HCT-15	magnitude_g1.00	EX_glcur_e	0.0	0.0	4.010228016900324	primary	optimal
twostage-20260916T061947Z	CO:HCT-15	magnitude_g1.00	EX_gln__L_e	-9.999999	-10.0	6.371127430781913	primary	optimal
twostage-20260916T061947Z	CO:HCT-15	magnitude_g1.00	EX_glu__L_e	-9.999999	-10.0	27.291535705057292	primary	optimal
twostage-20260916T061947Z	CO:HCT-15	magnitude_g1.00	EX_gly_e	-9.999998999999999	-10.0	31.09027432290025	primary	optimal
twostage-20260916T061947Z	CO:HCT-15	magnitude_g1.00	EX_glyald_e	0.0	0.0	12.59876251011326	primary	optimal
twostage-20260916T061947Z	CO:HCT-15	magnitude_g1.00	EX_glyb_e	0.0	0.0	10.150117972013044	primary	optimal
twostage-20260916T061947Z	CO:HCT-15	magnitude_g1.00	EX_glyc3p_e	0.0	0.0	5.377289129172206	primary	optimal
twostage-20260916T061947Z	CO:HCT-15	magnitude_g1.00	EX_gmp_e	0.0	0.0	0.0	primary	optimal
twostage-20260916T061947Z	CO:HCT-15	magnitude_g1.00	EX_gthox_e	0.0	0.0	5.589691883139375	primary	optimal
twostage-20260916T061947Z	CO:HCT-15	magnitude_g1.00	EX_hcys__L_e	0.0	0.0	4.9488132822543305	primary	optimal
twostage-20260916T061947Z	CO:HCT-15	magnitude_g1.00	EX_hom__L_e	0.0	0.0	0.0	primary	optimal
twostage-20260916T061947Z	CO:HCT-15	magnitude_g1.00	EX_hxan_e	0.0	0.0	1.4433488514369905	primary	optimal
twostage-20260916T061947Z	CO:HCT-15	magnitude_g1.00	EX_icit_e	0.0	0.0	32.0198709812449	primary	optimal
twostage-20260916T061947Z	CO:HCT-15	magnitude_g1.00	EX_ile__L_e	-9.999999	-10.0	-0.9398300444600274	primary	optimal
twostage-20260916T061947Z	CO:HCT-15	magnitude_g1.00	EX_imp_e	0.0	0.0	1.103438737459695	primary	optimal
twostage-20260916T061947Z	CO:HCT-15	magnitude_g1.00	EX_ins_e	0.0	0.0	1.095164021382056	primary	optimal
twostage-20260916T061947Z	CO:HCT-15	magnitude_g1.00	EX_lac__L_e	-0.9999990000000001	-1.0	54.256114589083076	primary	optimal
twostage-20260916T061947Z	CO:HCT-15	magnitude_g1.00	EX_lcts_e	0.0	0.0	1.8269543232245915	primary	optimal
twostage-20260916T061947Z	CO:HCT-15	magnitude_g1.00	EX_leu__L_e	-9.999999	-10.0	-1.7922337326704536	primary	optimal
twostage-20260916T061947Z	CO:HCT-15	magnitude_g1.00	EX_lys__L_e	-9.999999	-10.0	-1.94522657088417	primary	optimal
twostage-20260916T061947Z	CO:HCT-15	magnitude_g1.00	EX_mal__L_e	1e-06	0.0	38.37877172081342	primary	optimal
twostage-20260916T061947Z	CO:HCT-15	magnitude_g1.00	EX_met__L_e	-9.999999	-10.0	-0.5026982632120731	primary	optimal
twostage-20260916T061947Z	CO:HCT-15	magnitude_g1.00	EX_nac_e	2.2618556911174503e-15	0.0	10.82856845770219	primary	optimal
twostage-20260916T061947Z	CO:HCT-15	magnitude_g1.00	EX_ncam_e	-9.999999000000003	-10.0	0.0	primary	optimal
twostage-20260916T061947Z	CO:HCT-15	magnitude_g1.00	EX_nicrnt_e	0.0	0.0	2.7067208733400108	primary	optimal
twostage-20260916T061947Z	CO:HCT-15	magnitude_g1.00	EX_orn_e	1e-06	0.0	34.716927864102566	primary	optimal
twostage-20260916T061947Z	CO:HCT-15	magnitude_g1.00	EX_orot5p_e	0.0	0.0	1.6358909872875103	primary	optimal
twostage-20260916T061947Z	CO:HCT-15	magnitude_g1.00	EX_orot_e	0.0	0.0	3.7518407453884417	primary	optimal
twostage-20260916T061947Z	CO:HCT-15	magnitude_g1.00	EX_oxa_e	0.0	0.0	7.54024161205337	primary	optimal
twostage-20260916T061947Z	CO:HCT-15	magnitude_g1.00	EX_pep_e	0.0	0.0	6.071678091942564	primary	optimal
twostage-20260916T061947Z	CO:HCT-15	magnitude_g1.00	EX_phe__L_e	-9.134547874205568	-10.0	-0.852403688210428	primary	optimal
twostage-20260916T061947Z	CO:HCT-15	magnitude_g1.00	EX_pnto__R_e	-1.6139952868224673e-12	-10.0	0.05000000000000071	primary	optimal
twostage-20260916T061947Z	CO:HCT-15	magnitude_g1.00	EX_pro__L_e	-1.3551019514265565	-10.0	23.281010418706543	primary	optimal
twostage-20260916T061947Z	CO:HCT-15	magnitude_g1.00	EX_quln_e	0.0	0.0	1.3202743800502688	primary	optimal
twostage-20260916T061947Z	CO:HCT-15	magnitude_g1.00	EX_sbt__D_e	0.0	0.0	0.0	primary	optimal
twostage-20260916T061947Z	CO:HCT-15	magnitude_g1.00	EX_ser__L_e	-10.0	-10.0	3.280259766549739	primary	optimal
twostage-20260916T061947Z	CO:HCT-15	magnitude_g1.00	EX_spmd_e	0.0	0.0	1.4072234290376626	primary	optimal
twostage-20260916T061947Z	CO:HCT-15	magnitude_g1.00	EX_sprm_e	0.0	0.0	0.710549143292102	primary	optimal
twostage-20260916T061947Z	CO:HCT-15	magnitude_g1.00	EX_srtn_e	0.0	0.0	3.9908435482488125	primary	optimal
twostage-20260916T061947Z	CO:HCT-15	magnitude_g1.00	EX_succ_e	13.462568264366627	0.0	62.28404005863186	primary	optimal
twostage-20260916T061947Z	CO:HCT-15	magnitude_g1.00	EX_sucr_e	0.0	0.0	0.0	primary	optimal
twostage-20260916T061947Z	CO:HCT-15	magnitude_g1.00	EX_taur_e	0.0	0.0	3.5585859321339406	primary	optimal
twostage-20260916T061947Z	CO:HCT-15	magnitude_g1.00	EX_tchola_e	0.0	0.0	0.7606088113866365	primary	optimal
twostage-20260916T061947Z	CO:HCT-15	magnitude_g1.00	EX_thr__L_e	-1.0272564007096083	-10.0	-1.027256400709609	primary	optimal
twostage-20260916T061947Z	CO:HCT-15	magnitude_g1.00	EX_thym_e	0.0	0.0	2.3501257341587194	primary	optimal
twostage-20260916T061947Z	CO:HCT-15	magnitude_g1.00	EX_thymd_e	0.0	0.0	1.5795930361908432	primary	optimal
twostage-20260916T061947Z	CO:HCT-15	magnitude_g1.00	EX_trp__L_e	-0.04371317812479467	-10.0	-0.043713178124816565	primary	optimal
twostage-20260916T061947Z	CO:HCT-15	magnitude_g1.00	EX_tyr__L_e	-0.5245548522744694	-10.0	3.6672293963668476	primary	optimal
twostage-20260916T061947Z	CO:HCT-15	magnitude_g1.00	EX_ump_e	0.0	0.0	1.2011370016300316	primary	optimal
twostage-20260916T061947Z	CO:HCT-15	magnitude_g1.00	EX_ura_e	0.0	0.0	3.238778165625204	primary	optimal
twostage-20260916T061947Z	CO:HCT-15	magnitude_g1.00	EX_urate_e	0.0	0.0	1.3753372080463078	primary	optimal
twostage-20260916T061947Z	CO:HCT-15	magnitude_g1.00	EX_uri_e	0.0	0.0	1.898433822996449	primary	optimal
twostage-20260916T061947Z	CO:HCT-15	magnitude_g1.00	EX_val__L_e	-1.158393149855889	-10.0	-1.1583926498609323	primary	optimal
twostage-20260916T061947Z	CO:HCT-15	magnitude_g1.00	EX_xan_e	0.0	0.0	1.4124568692391917	primary	optimal
twostage-20260916T061947Z	CO:HCT-15	magnitude_g1.00	EX_xmp_e	0.0	0.0	1.0838828362258206	primary	optimal
twostage-20260916T061947Z	CO:HCT-15	magnitude_g1.00	EX_xtsn_e	0.0	0.0	1.0772551727728361	primary	optimal
twostage-20260916T061947Z	CO:KM12	magnitude_g1.00	EX_2pg_e	0.0	0.0	6.0716780919424815	primary	optimal
twostage-20260916T061947Z	CO:KM12	magnitude_g1.00	EX_34hpp_e	0.0	0.0	12.943363275630059	primary	optimal
twostage-20260916T061947Z	CO:KM12	magnitude_g1.00	EX_3hanthrn_e	0.0	0.0	1.9563291425157252	primary	optimal
twostage-20260916T061947Z	CO:KM12	magnitude_g1.00	EX_3pg_e	0.0	0.0	6.071678091942558	primary	optimal
twostage-20260916T061947Z	CO:KM12	magnitude_g1.00	EX_4abut_e	0.0	0.0	31.026294881710346	primary	optimal
twostage-20260916T061947Z	CO:KM12	magnitude_g1.00	EX_4hbz_e	0.0	0.0	5.482565525308158	primary	optimal
twostage-20260916T061947Z	CO:KM12	magnitude_g1.00	EX_L2aadp_e	0.0	0.0	8.701564117643793	primary	optimal
twostage-20260916T061947Z	CO:KM12	magnitude_g1.00	EX_Lkynr_e	0.0	0.0	3.9521992404143553	primary	optimal
twostage-20260916T061947Z	CO:KM12	magnitude_g1.00	EX_acac_e	0.0	0.0	14.5262898114863	primary	optimal
twostage-20260916T061947Z	CO:KM12	magnitude_g1.00	EX_ade_e	0.0	0.0	1.2284424119343333	primary	optimal
twostage-20260916T061947Z	CO:KM12	magnitude_g1.00	EX_adn_e	0.0	0.0	0.9670726179372495	primary	optimal
twostage-20260916T061947Z	CO:KM12	magnitude_g1.00	EX_ahcys_e	0.0	0.0	0.9065392029218695	primary	optimal
twostage-20260916T061947Z	CO:KM12	magnitude_g1.00	EX_akg_e	0.0	0.0	39.680230882863604	primary	optimal
twostage-20260916T061947Z	CO:KM12	magnitude_g1.00	EX_ala__L_e	1e-06	0.0	58.57275211157804	primary	optimal
twostage-20260916T061947Z	CO:KM12	magnitude_g1.00	EX_amp_e	0.0	0.0	0.8061485806088287	primary	optimal
twostage-20260916T061947Z	CO:KM12	magnitude_g1.00	EX_anth_e	0.0	0.0	3.6821805215118903	primary	optimal
twostage-20260916T061947Z	CO:KM12	magnitude_g1.00	EX_arg__L_e	-9.999999	-10.0	3.21084213924515	primary	optimal
twostage-20260916T061947Z	CO:KM12	magnitude_g1.00	EX_asn__L_e	-9.999999	-10.0	7.361016886951265	primary	optimal
twostage-20260916T061947Z	CO:KM12	magnitude_g1.00	EX_asp__L_e	-9.999998999999999	-10.0	29.643963103480615	primary	optimal
twostage-20260916T061947Z	CO:KM12	magnitude_g1.00	EX_bilirub_e	0.0	0.0	0.4880407590258714	primary	optimal
twostage-20260916T061947Z	CO:KM12	magnitude_g1.00	EX_cala_e	0.0	0.0	3.015440054186963	primary	optimal
twostage-20260916T061947Z	CO:KM12	magnitude_g1.00	EX_chol_e	-9.999998999999999	-10.0	0.518851970051415	primary	optimal
twostage-20260916T061947Z	CO:KM12	magnitude_g1.00	EX_cholp_e	0.0	0.0	6.07167809194255	primary	optimal
twostage-20260916T061947Z	CO:KM12	magnitude_g1.00	EX_cit_e	0.0	0.0	31.04532622898834	primary	optimal
twostage-20260916T061947Z	CO:KM12	magnitude_g1.00	EX_citr__L_e	0.0	0.0	15.87485365444887	primary	optimal
twostage-20260916T061947Z	CO:KM12	magnitude_g1.00	EX_cmp_e	0.0	0.0	0.0	primary	optimal
twostage-20260916T061947Z	CO:KM12	magnitude_g1.00	EX_crn_e	-0.9999990000000001	-1.0	-2.220446049250313e-16	primary	optimal
twostage-20260916T061947Z	CO:KM12	magnitude_g1.00	EX_cyst__L_e	0.0	0.0	3.645763387371176	primary	optimal
twostage-20260916T061947Z	CO:KM12	magnitude_g1.00	EX_cytd_e	0.0	0.0	1.8602951112767614	primary	optimal
twostage-20260916T061947Z	CO:KM12	magnitude_g1.00	EX_dad_2_e	0.0	0.0	0.9597705829919276	primary	optimal
twostage-20260916T061947Z	CO:KM12	magnitude_g1.00	EX_dcmp_e	0.0	0.0	1.6142822492487328	primary	optimal
twostage-20260916T061947Z	CO:KM12	magnitude_g1.00	EX_dcyt_e	0.0	0.0	1.917827630058325	primary	optimal
twostage-20260916T061947Z	CO:KM12	magnitude_g1.00	EX_dhap_e	0.0	0.0	5.463870358782033	primary	optimal
twostage-20260916T061947Z	CO:KM12	magnitude_g1.00	EX_dmgly_e	0.0	0.0	4.419854351643406	primary	optimal
twostage-20260916T061947Z	CO:KM12	magnitude_g1.00	EX_duri_e	0.0	0.0	1.8788781661169773	primary	optimal
twostage-20260916T061947Z	CO:KM12	magnitude_g1.00	EX_ethamp_e	0.0	0.0	6.071678091942442	primary	optimal
twostage-20260916T061947Z	CO:KM12	magnitude_g1.00	EX_fol_e	-9.999999	-10.0	1.7763568394002505e-15	primary	optimal
twostage-20260916T061947Z	CO:KM12	magnitude_g1.00	EX_fum_e	1e-06	0.0	42.63048683276019	primary	optimal
twostage-20260916T061947Z	CO:KM12	magnitude_g1.00	EX_g3pc_e	0.0	0.0	2.356168579984029	primary	optimal
twostage-20260916T061947Z	CO:KM12	magnitude_g1.00	EX_glc__D_e	-10.0	-10.0	-2.8995809859029182	primary	optimal
twostage-20260916T061947Z	CO:KM12	magnitude_g1.00	EX_glcur_e	0.0	0.0	3.9941382251343645	primary	optimal
twostage-20260916T061947Z	CO:KM12	magnitude_g1.00	EX_gln__L_e	-9.999999	-10.0	6.341448922035615	primary	optimal
twostage-20260916T061947Z	CO:KM12	magnitude_g1.00	EX_glu__L_e	-9.999999	-10.0	27.438754302742296	primary	optimal
twostage-20260916T061947Z	CO:KM12	magnitude_g1.00	EX_gly_e	-9.999999	-10.0	30.840127589522684	primary	optimal
twostage-20260916T061947Z	CO:KM12	magnitude_g1.00	EX_glyald_e	0.0	0.0	12.588573637089382	primary	optimal
twostage-20260916T061947Z	CO:KM12	magnitude_g1.00	EX_glyb_e	0.0	0.0	10.142171403003925	primary	optimal
twostage-20260916T061947Z	CO:KM12	magnitude_g1.00	EX_glyc3p_e	0.0	0.0	5.371395327453668	primary	optimal
twostage-20260916T061947Z	CO:KM12	magnitude_g1.00	EX_gmp_e	0.0	0.0	-3.045246389476501e-31	primary	optimal
twostage-20260916T061947Z	CO:KM12	magnitude_g1.00	EX_gthox_e	0.0	0.0	5.592026097118182	primary	optimal
twostage-20260916T061947Z	CO:KM12	magnitude_g1.00	EX_hcys__L_e	0.0	0.0	4.960119688524291	primary	optimal
twostage-20260916T061947Z	CO:KM12	magnitude_g1.00	EX_hom__L_e	0.0	0.0	0.0	primary	optimal
twostage-20260916T061947Z	CO:KM12	magnitude_g1.00	EX_hxan_e	0.0	0.0	1.438356579886914	primary	optimal
twostage-20260916T061947Z	CO:KM12	magnitude_g1.00	EX_icit_e	0.0	0.0	32.000385695544	primary	optimal
twostage-20260916T061947Z	CO:KM12	magnitude_g1.00	EX_ile__L_e	-9.999999	-10.0	-0.9398300444600141	primary	optimal
twostage-20260916T061947Z	CO:KM12	magnitude_g1.00	EX_imp_e	0.0	0.0	1.1015544447111159	primary	optimal
twostage-20260916T061947Z	CO:KM12	magnitude_g1.00	EX_ins_e	0.0	0.0	1.0925555511746454	primary	optimal
twostage-20260916T061947Z	CO:KM12	magnitude_g1.00	EX_lac__L_e	-0.9999989999999999	-1.0	54.2561145890838	primary	optimal
twostage-20260916T061947Z	CO:KM12	magnitude_g1.00	EX_lcts_e	0.0	0.0	1.8267963751958087	primary	optimal
twostage-20260916T061947Z	CO:KM12	magnitude_g1.00	EX_leu__L_e	-9.999998999999999	-10.0	-1.7922337326704465	primary	optimal
twostage-20260916T061947Z	CO:KM12	magnitude_g1.00	EX_lys__L_e	-9.999998999999999	-10.0	-1.9452265708841647	primary	optimal
twostage-20260916T061947Z	CO:KM12	magnitude_g1.00	EX_mal__L_e	1e-06	0.0	38.37877172081357	primary	optimal
twostage-20260916T061947Z	CO:KM12	magnitude_g1.00	EX_met__L_e	-9.999999	-10.0	-0.5026982632120731	primary	optimal
twostage-20260916T061947Z	CO:KM12	magnitude_g1.00	EX_nac_e	-2.2342286253044856e-15	0.0	10.808260263399191	primary	optimal
twostage-20260916T061947Z	CO:KM12	magnitude_g1.00	EX_ncam_e	-9.999999000000003	-10.0	0.0	primary	optimal
twostage-20260916T061947Z	CO:KM12	magnitude_g1.00	EX_nicrnt_e	0.0	0.0	2.7068806293208114	primary	optimal
twostage-20260916T061947Z	CO:KM12	magnitude_g1.00	EX_orn_e	1e-06	0.0	34.46772499391814	primary	optimal
twostage-20260916T061947Z	CO:KM12	magnitude_g1.00	EX_orot5p_e	0.0	0.0	1.6373393273924042	primary	optimal
twostage-20260916T061947Z	CO:KM12	magnitude_g1.00	EX_orot_e	0.0	0.0	3.739797721942309	primary	optimal
twostage-20260916T061947Z	CO:KM12	magnitude_g1.00	EX_oxa_e	0.0	0.0	7.484526809203104	primary	optimal
twostage-20260916T061947Z	CO:KM12	magnitude_g1.00	EX_pep_e	0.0	0.0	6.071678091942614	primary	optimal
twostage-20260916T061947Z	CO:KM12	magnitude_g1.00	EX_phe__L_e	-9.134547874217201	-10.0	-0.8524036882104351	primary	optimal
twostage-20260916T061947Z	CO:KM12	magnitude_g1.00	EX_pnto__R_e	1.0061293733206334e-12	-10.0	0.04999999999999982	primary	optimal
twostage-20260916T061947Z	CO:KM12	magnitude_g1.00	EX_pro__L_e	-1.3551019514227287	-10.0	23.34945867756857	primary	optimal
twostage-20260916T061947Z	CO:KM12	magnitude_g1.00	EX_quln_e	0.0	0.0	1.317952193429984	primary	optimal
twostage-20260916T061947Z	CO:KM12	magnitude_g1.00	EX_sbt__D_e	0.0	0.0	0.0	primary	optimal
twostage-20260916T061947Z	CO:KM12	magnitude_g1.00	EX_ser__L_e	-10.0	-10.0	3.367102827718246	primary	optimal
twostage-20260916T061947Z	CO:KM12	magnitude_g1.00	EX_spmd_e	0.0	0.0	1.413227692883531	primary	optimal
twostage-20260916T061947Z	CO:KM12	magnitude_g1.00	EX_sprm_e	0.0	0.0	0.7141722497648606	primary	optimal
twostage-20260916T061947Z	CO:KM12	magnitude_g1.00	EX_srtn_e	0.0	0.0	3.999190549874869	primary	optimal
twostage-20260916T061947Z	CO:KM12	magnitude_g1.00	EX_succ_e	13.462568264371585	0.0	62.28404005863294	primary	optimal
twostage-20260916T061947Z	CO:KM12	magnitude_g1.00	EX_sucr_e	0.0	0.0	0.0	primary	optimal
twostage-20260916T061947Z	CO:KM12	magnitude_g1.00	EX_taur_e	0.0	0.0	3.555982991273322	primary	optimal
twostage-20260916T061947Z	CO:KM12	magnitude_g1.00	EX_tchola_e	0.0	0.0	0.761222588471271	primary	optimal
twostage-20260916T061947Z	CO:KM12	magnitude_g1.00	EX_thr__L_e	-1.0272564007096083	-10.0	-1.027256400709608	primary	optimal
twostage-20260916T061947Z	CO:KM12	magnitude_g1.00	EX_thym_e	0.0	0.0	2.346187337053611	primary	optimal
twostage-20260916T061947Z	CO:KM12	magnitude_g1.00	EX_thymd_e	0.0	0.0	1.5781481333258105	primary	optimal
twostage-20260916T061947Z	CO:KM12	magnitude_g1.00	EX_trp__L_e	-0.04371317812479467	-10.0	-0.04371317812479525	primary	optimal
twostage-20260916T061947Z	CO:KM12	magnitude_g1.00	EX_tyr__L_e	-0.5245548522744695	-10.0	3.6512365207780886	primary	optimal
twostage-20260916T061947Z	CO:KM12	magnitude_g1.00	EX_ump_e	0.0	0.0	1.2011939252258943	primary	optimal
twostage-20260916T061947Z	CO:KM12	magnitude_g1.00	EX_ura_e	0.0	0.0	3.2326636193470684	primary	optimal
twostage-20260916T061947Z	CO:KM12	magnitude_g1.00	EX_urate_e	0.0	0.0	1.3722255021648322	primary	optimal
twostage-20260916T061947Z	CO:KM12	magnitude_g1.00	EX_uri_e	0.0	0.0	1.8975202249160623	primary	optimal
twostage-20260916T061947Z	CO:KM12	magnitude_g1.00	EX_val__L_e	-1.1583931498603635	-10.0	-1.1583926498609634	primary	optimal
twostage-20260916T061947Z	CO:KM12	magnitude_g1.00	EX_xan_e	0.0	0.0	1.4088873673147257	primary	optimal
twostage-20260916T061947Z	CO:KM12	magnitude_g1.00	EX_xmp_e	0.0	0.0	1.0822025279960075	primary	optimal
twostage-20260916T061947Z	CO:KM12	magnitude_g1.00	EX_xtsn_e	0.0	0.0	1.0755122724234942	primary	optimal
twostage-20260916T061947Z	CO:SW-620	magnitude_g1.00	EX_2pg_e	0.0	0.0	6.07167809194257	primary	optimal
twostage-20260916T061947Z	CO:SW-620	magnitude_g1.00	EX_34hpp_e	0.0	0.0	13.019224100415553	primary	optimal
twostage-20260916T061947Z	CO:SW-620	magnitude_g1.00	EX_3hanthrn_e	0.0	0.0	1.981295258446839	primary	optimal
twostage-20260916T061947Z	CO:SW-620	magnitude_g1.00	EX_3pg_e	0.0	0.0	6.0716780919425775	primary	optimal
twostage-20260916T061947Z	CO:SW-620	magnitude_g1.00	EX_4abut_e	0.0	0.0	32.196777889247386	primary	optimal
twostage-20260916T061947Z	CO:SW-620	magnitude_g1.00	EX_4hbz_e	0.0	0.0	5.535271542445651	primary	optimal
twostage-20260916T061947Z	CO:SW-620	magnitude_g1.00	EX_L2aadp_e	0.0	0.0	8.721592656369584	primary	optimal
twostage-20260916T061947Z	CO:SW-620	magnitude_g1.00	EX_Lkynr_e	0.0	0.0	4.002181917709866	primary	optimal
twostage-20260916T061947Z	CO:SW-620	magnitude_g1.00	EX_acac_e	0.0	0.0	14.423308548098936	primary	optimal
twostage-20260916T061947Z	CO:SW-620	magnitude_g1.00	EX_ade_e	0.0	0.0	1.2566638891951614	primary	optimal
twostage-20260916T061947Z	CO:SW-620	magnitude_g1.00	EX_adn_e	0.0	0.0	0.9900715203411705	primary	optimal
twostage-20260916T061947Z	CO:SW-620	magnitude_g1.00	EX_ahcys_e	0.0	0.0	0.9261851747050726	primary	optimal
twostage-20260916T061947Z	CO:SW-620	magnitude_g1.00	EX_akg_e	0.0	0.0	39.753232794686504	primary	optimal
twostage-20260916T061947Z	CO:SW-620	magnitude_g1.00	EX_ala__L_e	1.0000000000000002e-06	0.0	58.31089513206078	primary	optimal
twostage-20260916T061947Z	CO:SW-620	magnitude_g1.00	EX_amp_e	0.0	0.0	0.8242451936539801	primary	optimal
twostage-20260916T061947Z	CO:SW-620	magnitude_g1.00	EX_anth_e	0.0	0.0	3.7216124187376787	primary	optimal
twostage-20260916T061947Z	CO:SW-620	magnitude_g1.00	EX_arg__L_e	-9.999999	-10.0	3.2583651531798714	primary	optimal
twostage-20260916T061947Z	CO:SW-620	magnitude_g1.00	EX_asn__L_e	-9.999999	-10.0	7.384277256893894	primary	optimal
twostage-20260916T061947Z	CO:SW-620	magnitude_g1.00	EX_asp__L_e	-9.999999	-10.0	30.144056595507312	primary	optimal
twostage-20260916T061947Z	CO:SW-620	magnitude_g1.00	EX_bilirub_e	0.0	0.0	0.490563965894359	primary	optimal
twostage-20260916T061947Z	CO:SW-620	magnitude_g1.00	EX_cala_e	0.0	0.0	3.0738533270825776	primary	optimal
twostage-20260916T061947Z	CO:SW-620	magnitude_g1.00	EX_chol_e	-9.999999	-10.0	0.5372821704464327	primary	optimal
twostage-20260916T061947Z	CO:SW-620	magnitude_g1.00	EX_cholp_e	0.0	0.0	6.071678091942532	primary	optimal
twostage-20260916T061947Z	CO:SW-620	magnitude_g1.00	EX_cit_e	0.0	0.0	31.045326228988287	primary	optimal
twostage-20260916T061947Z	CO:SW-620	magnitude_g1.00	EX_citr__L_e	0.0	0.0	16.058467988697476	primary	optimal
twostage-20260916T061947Z	CO:SW-620	magnitude_g1.00	EX_cmp_e	0.0	0.0	0.0	primary	optimal
twostage-20260916T061947Z	CO:SW-620	magnitude_g1.00	EX_crn_e	-0.9999990000000001	-1.0	6.661338147750939e-16	primary	optimal
twostage-20260916T061947Z	CO:SW-620	magnitude_g1.00	EX_cyst__L_e	0.0	0.0	3.7297588054266404	primary	optimal
twostage-20260916T061947Z	CO:SW-620	magnitude_g1.00	EX_cytd_e	0.0	0.0	1.8967162818687862	primary	optimal
twostage-20260916T061947Z	CO:SW-620	magnitude_g1.00	EX_dad_2_e	0.0	0.0	0.981186211930766	primary	optimal
twostage-20260916T061947Z	CO:SW-620	magnitude_g1.00	EX_dcmp_e	0.0	0.0	1.6404203002204738	primary	optimal
twostage-20260916T061947Z	CO:SW-620	magnitude_g1.00	EX_dcyt_e	0.0	0.0	1.9444028277830325	primary	optimal
twostage-20260916T061947Z	CO:SW-620	magnitude_g1.00	EX_dhap_e	0.0	0.0	5.582664250983778	primary	optimal
twostage-20260916T061947Z	CO:SW-620	magnitude_g1.00	EX_dmgly_e	0.0	0.0	4.482112673575155	primary	optimal
twostage-20260916T061947Z	CO:SW-620	magnitude_g1.00	EX_duri_e	0.0	0.0	1.907830818318682	primary	optimal
twostage-20260916T061947Z	CO:SW-620	magnitude_g1.00	EX_ethamp_e	0.0	0.0	6.071678091942554	primary	optimal
twostage-20260916T061947Z	CO:SW-620	magnitude_g1.00	EX_fol_e	-9.999999000000003	-10.0	-3.197442310920451e-14	primary	optimal
twostage-20260916T061947Z	CO:SW-620	magnitude_g1.00	EX_fum_e	0.0	0.0	42.649392731365914	primary	optimal
twostage-20260916T061947Z	CO:SW-620	magnitude_g1.00	EX_g3pc_e	0.0	0.0	2.3675483024990296	primary	optimal
twostage-20260916T061947Z	CO:SW-620	magnitude_g1.00	EX_glc__D_e	-10.0	-10.0	-2.74206058302304	primary	optimal
twostage-20260916T061947Z	CO:SW-620	magnitude_g1.00	EX_glcur_e	0.0	0.0	4.065102938069443	primary	optimal
twostage-20260916T061947Z	CO:SW-620	magnitude_g1.00	EX_gln__L_e	-9.999999	-10.0	6.427964964948607	primary	optimal
twostage-20260916T061947Z	CO:SW-620	magnitude_g1.00	EX_glu__L_e	-9.999999000000003	-10.0	27.97677009397263	primary	optimal
twostage-20260916T061947Z	CO:SW-620	magnitude_g1.00	EX_gly_e	-9.999999	-10.0	31.253788644469438	primary	optimal
twostage-20260916T061947Z	CO:SW-620	magnitude_g1.00	EX_glyald_e	0.0	0.0	12.769588814010392	primary	optimal
twostage-20260916T061947Z	CO:SW-620	magnitude_g1.00	EX_glyb_e	0.0	0.0	10.16418684681969	primary	optimal
twostage-20260916T061947Z	CO:SW-620	magnitude_g1.00	EX_glyc3p_e	0.0	0.0	5.492278070563384	primary	optimal
twostage-20260916T061947Z	CO:SW-620	magnitude_g1.00	EX_gmp_e	0.0	0.0	0.0	primary	optimal
twostage-20260916T061947Z	CO:SW-620	magnitude_g1.00	EX_gthox_e	0.0	0.0	5.608627207227685	primary	optimal
twostage-20260916T061947Z	CO:SW-620	magnitude_g1.00	EX_hcys__L_e	0.0	0.0	5.029062421193962	primary	optimal
twostage-20260916T061947Z	CO:SW-620	magnitude_g1.00	EX_hom__L_e	0.0	0.0	0.0	primary	optimal
twostage-20260916T061947Z	CO:SW-620	magnitude_g1.00	EX_hxan_e	0.0	0.0	1.4719535495606753	primary	optimal
twostage-20260916T061947Z	CO:SW-620	magnitude_g1.00	EX_icit_e	0.0	0.0	32.143444761259225	primary	optimal
twostage-20260916T061947Z	CO:SW-620	magnitude_g1.00	EX_ile__L_e	-9.999999	-10.0	-0.9398300444600363	primary	optimal
twostage-20260916T061947Z	CO:SW-620	magnitude_g1.00	EX_imp_e	0.0	0.0	1.1273470302575055	primary	optimal
twostage-20260916T061947Z	CO:SW-620	magnitude_g1.00	EX_ins_e	0.0	0.0	1.1187735811965431	primary	optimal
twostage-20260916T061947Z	CO:SW-620	magnitude_g1.00	EX_lac__L_e	-0.999999	-1.0	54.256114589082415	primary	optimal
twostage-20260916T061947Z	CO:SW-620	magnitude_g1.00	EX_lcts_e	0.0	0.0	1.8708212082661366	primary	optimal
twostage-20260916T061947Z	CO:SW-620	magnitude_g1.00	EX_leu__L_e	-9.999999	-10.0	-1.7922337326704394	primary	optimal
twostage-20260916T061947Z	CO:SW-620	magnitude_g1.00	EX_lys__L_e	-9.999999	-10.0	-1.9452265708841647	primary	optimal
twostage-20260916T061947Z	CO:SW-620	magnitude_g1.00	EX_mal__L_e	1e-06	0.0	38.37877172081279	primary	optimal
twostage-20260916T061947Z	CO:SW-620	magnitude_g1.00	EX_met__L_e	-9.999999000000003	-10.0	-0.5026982632120696	primary	optimal
twostage-20260916T061947Z	CO:SW-620	magnitude_g1.00	EX_nac_e	5.5246952209769e-16	0.0	10.82860799053895	primary	optimal
twostage-20260916T061947Z	CO:SW-620	magnitude_g1.00	EX_ncam_e	-9.999999	-10.0	-8.881784197001252e-16	primary	optimal
twostage-20260916T061947Z	CO:SW-620	magnitude_g1.00	EX_nicrnt_e	0.0	0.0	2.7612942354587084	primary	optimal
twostage-20260916T061947Z	CO:SW-620	magnitude_g1.00	EX_orn_e	1e-06	0.0	34.74674165613813	primary	optimal
twostage-20260916T061947Z	CO:SW-620	magnitude_g1.00	EX_orot5p_e	0.0	0.0	1.6660504948208352	primary	optimal
twostage-20260916T061947Z	CO:SW-620	magnitude_g1.00	EX_orot_e	0.0	0.0	3.8042507102516647	primary	optimal
twostage-20260916T061947Z	CO:SW-620	magnitude_g1.00	EX_oxa_e	0.0	0.0	7.628316488095999	primary	optimal
twostage-20260916T061947Z	CO:SW-620	magnitude_g1.00	EX_pep_e	0.0	0.0	6.071678091942451	primary	optimal
twostage-20260916T061947Z	CO:SW-620	magnitude_g1.00	EX_phe__L_e	-9.13454787421355	-10.0	-0.8524036882104369	primary	optimal
twostage-20260916T061947Z	CO:SW-620	magnitude_g1.00	EX_pnto__R_e	8.708693666445205e-13	-10.0	0.05000000000000071	primary	optimal
twostage-20260916T061947Z	CO:SW-620	magnitude_g1.00	EX_pro__L_e	-1.355101951423498	-10.0	23.421421668536613	primary	optimal
twostage-20260916T061947Z	CO:SW-620	magnitude_g1.00	EX_quln_e	0.0	0.0	1.334231601295979	primary	optimal
twostage-20260916T061947Z	CO:SW-620	magnitude_g1.00	EX_sbt__D_e	0.0	0.0	0.0	primary	optimal
twostage-20260916T061947Z	CO:SW-620	magnitude_g1.00	EX_ser__L_e	-10.0	-10.0	3.4925569145223063	primary	optimal
twostage-20260916T061947Z	CO:SW-620	magnitude_g1.00	EX_spmd_e	0.0	0.0	1.4246208450124502	primary	optimal
twostage-20260916T061947Z	CO:SW-620	magnitude_g1.00	EX_sprm_e	0.0	0.0	0.7198480583249925	primary	optimal
twostage-20260916T061947Z	CO:SW-620	magnitude_g1.00	EX_srtn_e	0.0	0.0	4.01259116792461	primary	optimal
twostage-20260916T061947Z	CO:SW-620	magnitude_g1.00	EX_succ_e	13.462568264374157	0.0	62.2840400586331	primary	optimal
twostage-20260916T061947Z	CO:SW-620	magnitude_g1.00	EX_sucr_e	0.0	0.0	0.0	primary	optimal
twostage-20260916T061947Z	CO:SW-620	magnitude_g1.00	EX_taur_e	0.0	0.0	3.6114743337560906	primary	optimal
twostage-20260916T061947Z	CO:SW-620	magnitude_g1.00	EX_tchola_e	0.0	0.0	0.7695164426584576	primary	optimal
twostage-20260916T061947Z	CO:SW-620	magnitude_g1.00	EX_thr__L_e	-1.027256400709608	-10.0	-1.027256400709609	primary	optimal
twostage-20260916T061947Z	CO:SW-620	magnitude_g1.00	EX_thym_e	0.0	0.0	2.388130062256295	primary	optimal
twostage-20260916T061947Z	CO:SW-620	magnitude_g1.00	EX_thymd_e	0.0	0.0	1.6011796664417852	primary	optimal
twostage-20260916T061947Z	CO:SW-620	magnitude_g1.00	EX_trp__L_e	-0.04371317812479467	-10.0	-0.04371317812479347	primary	optimal
twostage-20260916T061947Z	CO:SW-620	magnitude_g1.00	EX_tyr__L_e	-0.5245548522744695	-10.0	3.7102716366937494	primary	optimal
twostage-20260916T061947Z	CO:SW-620	magnitude_g1.00	EX_ump_e	0.0	0.0	1.221655379815328	primary	optimal
twostage-20260916T061947Z	CO:SW-620	magnitude_g1.00	EX_ura_e	0.0	0.0	3.2940850670102377	primary	optimal
twostage-20260916T061947Z	CO:SW-620	magnitude_g1.00	EX_urate_e	0.0	0.0	1.4073518984404685	primary	optimal
twostage-20260916T061947Z	CO:SW-620	magnitude_g1.00	EX_uri_e	0.0	0.0	1.9326491201683051	primary	optimal
twostage-20260916T061947Z	CO:SW-620	magnitude_g1.00	EX_val__L_e	-1.1583931498600306	-10.0	-1.1583926498609287	primary	optimal
twostage-20260916T061947Z	CO:SW-620	magnitude_g1.00	EX_xan_e	0.0	0.0	1.4436372588331592	primary	optimal
twostage-20260916T061947Z	CO:SW-620	magnitude_g1.00	EX_xmp_e	0.0	0.0	1.1083432495984105	primary	optimal
twostage-20260916T061947Z	CO:SW-620	magnitude_g1.00	EX_xtsn_e	0.0	0.0	1.1022069497441969	primary	optimal
twostage-20260916T061947Z	LC:A549/ATCC	magnitude_g1.00	EX_2pg_e	0.0	0.0	6.07167809194243	primary	optimal
twostage-20260916T061947Z	LC:A549/ATCC	magnitude_g1.00	EX_34hpp_e	0.0	0.0	12.964030285823247	primary	optimal
twostage-20260916T061947Z	LC:A549/ATCC	magnitude_g1.00	EX_3hanthrn_e	0.0	0.0	1.9792746590752432	primary	optimal
twostage-20260916T061947Z	LC:A549/ATCC	magnitude_g1.00	EX_3pg_e	0.0	0.0	6.07167809194241	primary	optimal
twostage-20260916T061947Z	LC:A549/ATCC	magnitude_g1.00	EX_4abut_e	0.0	0.0	31.922721913771593	primary	optimal
twostage-20260916T061947Z	LC:A549/ATCC	magnitude_g1.00	EX_4hbz_e	0.0	0.0	5.4045124410792225	primary	optimal
twostage-20260916T061947Z	LC:A549/ATCC	magnitude_g1.00	EX_L2aadp_e	0.0	0.0	8.699888137534774	primary	optimal
twostage-20260916T061947Z	LC:A549/ATCC	magnitude_g1.00	EX_Lkynr_e	0.0	0.0	3.982767744319639	primary	optimal
twostage-20260916T061947Z	LC:A549/ATCC	magnitude_g1.00	EX_acac_e	0.0	0.0	13.99842606110273	primary	optimal
twostage-20260916T061947Z	LC:A549/ATCC	magnitude_g1.00	EX_ade_e	0.0	0.0	1.2258618879403298	primary	optimal
twostage-20260916T061947Z	LC:A549/ATCC	magnitude_g1.00	EX_adn_e	0.0	0.0	0.9651730302947066	primary	optimal
twostage-20260916T061947Z	LC:A549/ATCC	magnitude_g1.00	EX_ahcys_e	0.0	0.0	0.9030704926681982	primary	optimal
twostage-20260916T061947Z	LC:A549/ATCC	magnitude_g1.00	EX_akg_e	0.0	0.0	40.016931524223196	primary	optimal
twostage-20260916T061947Z	LC:A549/ATCC	magnitude_g1.00	EX_ala__L_e	1e-06	0.0	59.651240920274105	primary	optimal
twostage-20260916T061947Z	LC:A549/ATCC	magnitude_g1.00	EX_amp_e	0.0	0.0	0.8039279295967747	primary	optimal
twostage-20260916T061947Z	LC:A549/ATCC	magnitude_g1.00	EX_anth_e	0.0	0.0	3.747645549927733	primary	optimal
twostage-20260916T061947Z	LC:A549/ATCC	magnitude_g1.00	EX_arg__L_e	-9.999999000000003	-10.0	3.2551461228649963	primary	optimal
twostage-20260916T061947Z	LC:A549/ATCC	magnitude_g1.00	EX_asn__L_e	-9.999999	-10.0	7.350003756706156	primary	optimal
twostage-20260916T061947Z	LC:A549/ATCC	magnitude_g1.00	EX_asp__L_e	-9.999999	-10.0	29.642542496002033	primary	optimal
twostage-20260916T061947Z	LC:A549/ATCC	magnitude_g1.00	EX_bilirub_e	0.0	0.0	0.4904680917784685	primary	optimal
twostage-20260916T061947Z	LC:A549/ATCC	magnitude_g1.00	EX_cala_e	0.0	0.0	3.0259355797858296	primary	optimal
twostage-20260916T061947Z	LC:A549/ATCC	magnitude_g1.00	EX_chol_e	-9.999999	-10.0	0.5219329102236924	primary	optimal
twostage-20260916T061947Z	LC:A549/ATCC	magnitude_g1.00	EX_cholp_e	0.0	0.0	6.071678091942611	primary	optimal
twostage-20260916T061947Z	LC:A549/ATCC	magnitude_g1.00	EX_cit_e	0.0	0.0	31.045326228987413	primary	optimal
twostage-20260916T061947Z	LC:A549/ATCC	magnitude_g1.00	EX_citr__L_e	0.0	0.0	16.05880282588695	primary	optimal
twostage-20260916T061947Z	LC:A549/ATCC	magnitude_g1.00	EX_cmp_e	0.0	0.0	0.0	primary	optimal
twostage-20260916T061947Z	LC:A549/ATCC	magnitude_g1.00	EX_crn_e	-0.999999	-1.0	0.0	primary	optimal
twostage-20260916T061947Z	LC:A549/ATCC	magnitude_g1.00	EX_cyst__L_e	0.0	0.0	3.6233484337051807	primary	optimal
twostage-20260916T061947Z	LC:A549/ATCC	magnitude_g1.00	EX_cytd_e	0.0	0.0	1.8600132171308845	primary	optimal
twostage-20260916T061947Z	LC:A549/ATCC	magnitude_g1.00	EX_dad_2_e	0.0	0.0	0.9569602151438463	primary	optimal
twostage-20260916T061947Z	LC:A549/ATCC	magnitude_g1.00	EX_dcmp_e	0.0	0.0	1.6105137733645267	primary	optimal
twostage-20260916T061947Z	LC:A549/ATCC	magnitude_g1.00	EX_dcyt_e	0.0	0.0	1.9098675331298107	primary	optimal
twostage-20260916T061947Z	LC:A549/ATCC	magnitude_g1.00	EX_dhap_e	0.0	0.0	5.4428745784947985	primary	optimal
twostage-20260916T061947Z	LC:A549/ATCC	magnitude_g1.00	EX_dmgly_e	0.0	0.0	4.414637999220729	primary	optimal
twostage-20260916T061947Z	LC:A549/ATCC	magnitude_g1.00	EX_duri_e	0.0	0.0	1.872540290561641	primary	optimal
twostage-20260916T061947Z	LC:A549/ATCC	magnitude_g1.00	EX_ethamp_e	0.0	0.0	6.0716780919424105	primary	optimal
twostage-20260916T061947Z	LC:A549/ATCC	magnitude_g1.00	EX_fol_e	-9.999999	-10.0	7.105427357601002e-15	primary	optimal
twostage-20260916T061947Z	LC:A549/ATCC	magnitude_g1.00	EX_fum_e	1e-06	0.0	42.63842944169681	primary	optimal
twostage-20260916T061947Z	LC:A549/ATCC	magnitude_g1.00	EX_g3pc_e	0.0	0.0	2.342537164207914	primary	optimal
twostage-20260916T061947Z	LC:A549/ATCC	magnitude_g1.00	EX_glc__D_e	-10.0	-10.0	-2.8835338025288912	primary	optimal
twostage-20260916T061947Z	LC:A549/ATCC	magnitude_g1.00	EX_glcur_e	0.0	0.0	4.0339134179236416	primary	optimal
twostage-20260916T061947Z	LC:A549/ATCC	magnitude_g1.00	EX_gln__L_e	-9.999999	-10.0	6.504418284420451	primary	optimal
twostage-20260916T061947Z	LC:A549/ATCC	magnitude_g1.00	EX_glu__L_e	-9.999999	-10.0	28.135797262309353	primary	optimal
twostage-20260916T061947Z	LC:A549/ATCC	magnitude_g1.00	EX_gly_e	-9.999999	-10.0	31.186384975698	primary	optimal
twostage-20260916T061947Z	LC:A549/ATCC	magnitude_g1.00	EX_glyald_e	0.0	0.0	12.576279386064973	primary	optimal
twostage-20260916T061947Z	LC:A549/ATCC	magnitude_g1.00	EX_glyb_e	0.0	0.0	10.15767674167895	primary	optimal
twostage-20260916T061947Z	LC:A549/ATCC	magnitude_g1.00	EX_glyc3p_e	0.0	0.0	5.348777068887802	primary	optimal
twostage-20260916T061947Z	LC:A549/ATCC	magnitude_g1.00	EX_gmp_e	0.0	0.0	0.0	primary	optimal
twostage-20260916T061947Z	LC:A549/ATCC	magnitude_g1.00	EX_gthox_e	0.0	0.0	5.610358925567403	primary	optimal
twostage-20260916T061947Z	LC:A549/ATCC	magnitude_g1.00	EX_hcys__L_e	0.0	0.0	4.938910845036263	primary	optimal
twostage-20260916T061947Z	LC:A549/ATCC	magnitude_g1.00	EX_hom__L_e	0.0	0.0	0.0	primary	optimal
twostage-20260916T061947Z	LC:A549/ATCC	magnitude_g1.00	EX_hxan_e	0.0	0.0	1.4340480954197565	primary	optimal
twostage-20260916T061947Z	LC:A549/ATCC	magnitude_g1.00	EX_icit_e	0.0	0.0	32.12678668559267	primary	optimal
twostage-20260916T061947Z	LC:A549/ATCC	magnitude_g1.00	EX_ile__L_e	-9.999999	-10.0	-0.9398300444600185	primary	optimal
twostage-20260916T061947Z	LC:A549/ATCC	magnitude_g1.00	EX_imp_e	0.0	0.0	1.0980164784852844	primary	optimal
twostage-20260916T061947Z	LC:A549/ATCC	magnitude_g1.00	EX_ins_e	0.0	0.0	1.0896937741119264	primary	optimal
twostage-20260916T061947Z	LC:A549/ATCC	magnitude_g1.00	EX_lac__L_e	-0.999999	-1.0	54.25611458908141	primary	optimal
twostage-20260916T061947Z	LC:A549/ATCC	magnitude_g1.00	EX_lcts_e	0.0	0.0	1.8220293980170608	primary	optimal
twostage-20260916T061947Z	LC:A549/ATCC	magnitude_g1.00	EX_leu__L_e	-9.999999000000003	-10.0	-1.7922337326704465	primary	optimal
twostage-20260916T061947Z	LC:A549/ATCC	magnitude_g1.00	EX_lys__L_e	-9.999999000000003	-10.0	-1.945226570884163	primary	optimal
twostage-20260916T061947Z	LC:A549/ATCC	magnitude_g1.00	EX_mal__L_e	1e-06	0.0	38.378771720813496	primary	optimal
twostage-20260916T061947Z	LC:A549/ATCC	magnitude_g1.00	EX_met__L_e	-9.999999	-10.0	-0.5026982632120749	primary	optimal
twostage-20260916T061947Z	LC:A549/ATCC	magnitude_g1.00	EX_nac_e	0.0	0.0	10.8156468555437	primary	optimal
twostage-20260916T061947Z	LC:A549/ATCC	magnitude_g1.00	EX_ncam_e	-9.999998999999999	-10.0	1.2434497875801753e-14	primary	optimal
twostage-20260916T061947Z	LC:A549/ATCC	magnitude_g1.00	EX_nicrnt_e	0.0	0.0	2.6910725902415646	primary	optimal
twostage-20260916T061947Z	LC:A549/ATCC	magnitude_g1.00	EX_orn_e	1e-06	0.0	34.660325736002136	primary	optimal
twostage-20260916T061947Z	LC:A549/ATCC	magnitude_g1.00	EX_orot5p_e	0.0	0.0	1.630080034832831	primary	optimal
twostage-20260916T061947Z	LC:A549/ATCC	magnitude_g1.00	EX_orot_e	0.0	0.0	3.746946687695002	primary	optimal
twostage-20260916T061947Z	LC:A549/ATCC	magnitude_g1.00	EX_oxa_e	0.0	0.0	7.533780277192785	primary	optimal
twostage-20260916T061947Z	LC:A549/ATCC	magnitude_g1.00	EX_pep_e	0.0	0.0	6.071678091942603	primary	optimal
twostage-20260916T061947Z	LC:A549/ATCC	magnitude_g1.00	EX_phe__L_e	-9.134547874216693	-10.0	-0.8524036882104298	primary	optimal
twostage-20260916T061947Z	LC:A549/ATCC	magnitude_g1.00	EX_pnto__R_e	2.8346875983808547e-12	-10.0	0.05000000000000071	primary	optimal
twostage-20260916T061947Z	LC:A549/ATCC	magnitude_g1.00	EX_pro__L_e	-1.3551019514195835	-10.0	23.409655498721317	primary	optimal
twostage-20260916T061947Z	LC:A549/ATCC	magnitude_g1.00	EX_quln_e	0.0	0.0	1.3343617460644994	primary	optimal
twostage-20260916T061947Z	LC:A549/ATCC	magnitude_g1.00	EX_sbt__D_e	0.0	0.0	0.0	primary	optimal
twostage-20260916T061947Z	LC:A549/ATCC	magnitude_g1.00	EX_ser__L_e	-10.0	-10.0	3.382129643246893	primary	optimal
twostage-20260916T061947Z	LC:A549/ATCC	magnitude_g1.00	EX_spmd_e	0.0	0.0	1.4093867238553321	primary	optimal
twostage-20260916T061947Z	LC:A549/ATCC	magnitude_g1.00	EX_sprm_e	0.0	0.0	0.7110307359589555	primary	optimal
twostage-20260916T061947Z	LC:A549/ATCC	magnitude_g1.00	EX_srtn_e	0.0	0.0	4.013046742718518	primary	optimal
twostage-20260916T061947Z	LC:A549/ATCC	magnitude_g1.00	EX_succ_e	13.462568264365977	0.0	62.27813879641888	primary	optimal
twostage-20260916T061947Z	LC:A549/ATCC	magnitude_g1.00	EX_sucr_e	0.0	0.0	0.0	primary	optimal
twostage-20260916T061947Z	LC:A549/ATCC	magnitude_g1.00	EX_taur_e	0.0	0.0	3.5905501303159713	primary	optimal
twostage-20260916T061947Z	LC:A549/ATCC	magnitude_g1.00	EX_tchola_e	0.0	0.0	0.7680695567121427	primary	optimal
twostage-20260916T061947Z	LC:A549/ATCC	magnitude_g1.00	EX_thr__L_e	-1.027256400709608	-10.0	-1.027256400709616	primary	optimal
twostage-20260916T061947Z	LC:A549/ATCC	magnitude_g1.00	EX_thym_e	0.0	0.0	2.3450503672408933	primary	optimal
twostage-20260916T061947Z	LC:A549/ATCC	magnitude_g1.00	EX_thymd_e	0.0	0.0	1.5746465485932777	primary	optimal
twostage-20260916T061947Z	LC:A549/ATCC	magnitude_g1.00	EX_trp__L_e	-0.04371317812479468	-10.0	-0.04371317812479525	primary	optimal
twostage-20260916T061947Z	LC:A549/ATCC	magnitude_g1.00	EX_tyr__L_e	-0.5245548522744694	-10.0	3.6835618799844503	primary	optimal
twostage-20260916T061947Z	LC:A549/ATCC	magnitude_g1.00	EX_ump_e	0.0	0.0	1.1975809031629068	primary	optimal
twostage-20260916T061947Z	LC:A549/ATCC	magnitude_g1.00	EX_ura_e	0.0	0.0	3.239333775210009	primary	optimal
twostage-20260916T061947Z	LC:A549/ATCC	magnitude_g1.00	EX_urate_e	0.0	0.0	1.3697096338567083	primary	optimal
twostage-20260916T061947Z	LC:A549/ATCC	magnitude_g1.00	EX_uri_e	0.0	0.0	1.8929517111884835	primary	optimal
twostage-20260916T061947Z	LC:A549/ATCC	magnitude_g1.00	EX_val__L_e	-1.1583931498605544	-10.0	-1.1583926498609252	primary	optimal
twostage-20260916T061947Z	LC:A549/ATCC	magnitude_g1.00	EX_xan_e	0.0	0.0	1.4059850483510752	primary	optimal
twostage-20260916T061947Z	LC:A549/ATCC	magnitude_g1.00	EX_xmp_e	0.0	0.0	1.0788476687867508	primary	optimal
twostage-20260916T061947Z	LC:A549/ATCC	magnitude_g1.00	EX_xtsn_e	0.0	0.0	1.0726392267892846	primary	optimal
twostage-20260916T061947Z	LC:EKVX	magnitude_g1.00	EX_2pg_e	0.0	0.0	6.071678091942461	primary	optimal
twostage-20260916T061947Z	LC:EKVX	magnitude_g1.00	EX_34hpp_e	0.0	0.0	12.93792585240964	primary	optimal
twostage-20260916T061947Z	LC:EKVX	magnitude_g1.00	EX_3hanthrn_e	0.0	0.0	1.947343279907212	primary	optimal
twostage-20260916T061947Z	LC:EKVX	magnitude_g1.00	EX_3pg_e	0.0	0.0	6.0716780919426085	primary	optimal
twostage-20260916T061947Z	LC:EKVX	magnitude_g1.00	EX_4abut_e	0.0	0.0	30.92944034510322	primary	optimal
twostage-20260916T061947Z	LC:EKVX	magnitude_g1.00	EX_4hbz_e	0.0	0.0	5.456888678587947	primary	optimal
twostage-20260916T061947Z	LC:EKVX	magnitude_g1.00	EX_L2aadp_e	0.0	0.0	8.701751770343805	primary	optimal
twostage-20260916T061947Z	LC:EKVX	magnitude_g1.00	EX_Lkynr_e	0.0	0.0	3.934000733295076	primary	optimal
twostage-20260916T061947Z	LC:EKVX	magnitude_g1.00	EX_acac_e	0.0	0.0	14.145387847617707	primary	optimal
twostage-20260916T061947Z	LC:EKVX	magnitude_g1.00	EX_ade_e	0.0	0.0	1.2251075750320313	primary	optimal
twostage-20260916T061947Z	LC:EKVX	magnitude_g1.00	EX_adn_e	0.0	0.0	0.9655922460755214	primary	optimal
twostage-20260916T061947Z	LC:EKVX	magnitude_g1.00	EX_ahcys_e	0.0	0.0	0.904710762404	primary	optimal
twostage-20260916T061947Z	LC:EKVX	magnitude_g1.00	EX_akg_e	0.0	0.0	39.48420815451689	primary	optimal
twostage-20260916T061947Z	LC:EKVX	magnitude_g1.00	EX_ala__L_e	1e-06	0.0	58.93819057382224	primary	optimal
twostage-20260916T061947Z	LC:EKVX	magnitude_g1.00	EX_amp_e	0.0	0.0	0.8041737259793381	primary	optimal
twostage-20260916T061947Z	LC:EKVX	magnitude_g1.00	EX_anth_e	0.0	0.0	3.670242277398777	primary	optimal
twostage-20260916T061947Z	LC:EKVX	magnitude_g1.00	EX_arg__L_e	-9.999999	-10.0	3.2209025151003603	primary	optimal
twostage-20260916T061947Z	LC:EKVX	magnitude_g1.00	EX_asn__L_e	-9.999999	-10.0	7.298545491155505	primary	optimal
twostage-20260916T061947Z	LC:EKVX	magnitude_g1.00	EX_asp__L_e	-9.999999	-10.0	29.809818305760277	primary	optimal
twostage-20260916T061947Z	LC:EKVX	magnitude_g1.00	EX_bilirub_e	0.0	0.0	0.48741021434399673	primary	optimal
twostage-20260916T061947Z	LC:EKVX	magnitude_g1.00	EX_cala_e	0.0	0.0	3.0101300509873865	primary	optimal
twostage-20260916T061947Z	LC:EKVX	magnitude_g1.00	EX_chol_e	-9.999999	-10.0	0.5242601527456598	primary	optimal
twostage-20260916T061947Z	LC:EKVX	magnitude_g1.00	EX_cholp_e	0.0	0.0	6.071678091942418	primary	optimal
twostage-20260916T061947Z	LC:EKVX	magnitude_g1.00	EX_cit_e	0.0	0.0	31.045326228989325	primary	optimal
twostage-20260916T061947Z	LC:EKVX	magnitude_g1.00	EX_citr__L_e	0.0	0.0	16.0381859999932	primary	optimal
twostage-20260916T061947Z	LC:EKVX	magnitude_g1.00	EX_cmp_e	0.0	0.0	0.0	primary	optimal
twostage-20260916T061947Z	LC:EKVX	magnitude_g1.00	EX_crn_e	-0.999999	-1.0	2.220446049250313e-16	primary	optimal
twostage-20260916T061947Z	LC:EKVX	magnitude_g1.00	EX_cyst__L_e	0.0	0.0	3.6610608782248706	primary	optimal
twostage-20260916T061947Z	LC:EKVX	magnitude_g1.00	EX_cytd_e	0.0	0.0	1.8610962055118427	primary	optimal
twostage-20260916T061947Z	LC:EKVX	magnitude_g1.00	EX_dad_2_e	0.0	0.0	0.9571102385234023	primary	optimal
twostage-20260916T061947Z	LC:EKVX	magnitude_g1.00	EX_dcmp_e	0.0	0.0	1.6102811092556144	primary	optimal
twostage-20260916T061947Z	LC:EKVX	magnitude_g1.00	EX_dcyt_e	0.0	0.0	1.9147396499992637	primary	optimal
twostage-20260916T061947Z	LC:EKVX	magnitude_g1.00	EX_dhap_e	0.0	0.0	5.474856644263963	primary	optimal
twostage-20260916T061947Z	LC:EKVX	magnitude_g1.00	EX_dmgly_e	0.0	0.0	4.430154398340394	primary	optimal
twostage-20260916T061947Z	LC:EKVX	magnitude_g1.00	EX_duri_e	0.0	0.0	1.8745533777573815	primary	optimal
twostage-20260916T061947Z	LC:EKVX	magnitude_g1.00	EX_ethamp_e	0.0	0.0	6.071678091942543	primary	optimal
twostage-20260916T061947Z	LC:EKVX	magnitude_g1.00	EX_fol_e	-9.999998999999999	-10.0	1.0658141036401503e-14	primary	optimal
twostage-20260916T061947Z	LC:EKVX	magnitude_g1.00	EX_fum_e	1e-06	0.0	42.6392417645797	primary	optimal
twostage-20260916T061947Z	LC:EKVX	magnitude_g1.00	EX_g3pc_e	0.0	0.0	2.360261227068398	primary	optimal
twostage-20260916T061947Z	LC:EKVX	magnitude_g1.00	EX_glc__D_e	-10.0	-10.0	-2.858886154282836	primary	optimal
twostage-20260916T061947Z	LC:EKVX	magnitude_g1.00	EX_glcur_e	0.0	0.0	3.9911632950846996	primary	optimal
twostage-20260916T061947Z	LC:EKVX	magnitude_g1.00	EX_gln__L_e	-9.999999	-10.0	6.317297795230021	primary	optimal
twostage-20260916T061947Z	LC:EKVX	magnitude_g1.00	EX_glu__L_e	-9.999998999999999	-10.0	27.433667112495637	primary	optimal
twostage-20260916T061947Z	LC:EKVX	magnitude_g1.00	EX_gly_e	-9.999999000000003	-10.0	31.053305398100218	primary	optimal
twostage-20260916T061947Z	LC:EKVX	magnitude_g1.00	EX_glyald_e	0.0	0.0	12.668275540950509	primary	optimal
twostage-20260916T061947Z	LC:EKVX	magnitude_g1.00	EX_glyb_e	0.0	0.0	10.157508066856067	primary	optimal
twostage-20260916T061947Z	LC:EKVX	magnitude_g1.00	EX_glyc3p_e	0.0	0.0	5.3928121549673085	primary	optimal
twostage-20260916T061947Z	LC:EKVX	magnitude_g1.00	EX_gmp_e	0.0	0.0	0.0	primary	optimal
twostage-20260916T061947Z	LC:EKVX	magnitude_g1.00	EX_gthox_e	0.0	0.0	5.598671036627893	primary	optimal
twostage-20260916T061947Z	LC:EKVX	magnitude_g1.00	EX_hcys__L_e	0.0	0.0	4.953100496022493	primary	optimal
twostage-20260916T061947Z	LC:EKVX	magnitude_g1.00	EX_hom__L_e	0.0	0.0	0.0	primary	optimal
twostage-20260916T061947Z	LC:EKVX	magnitude_g1.00	EX_hxan_e	0.0	0.0	1.4340713959090645	primary	optimal
twostage-20260916T061947Z	LC:EKVX	magnitude_g1.00	EX_icit_e	0.0	0.0	32.026357593162786	primary	optimal
twostage-20260916T061947Z	LC:EKVX	magnitude_g1.00	EX_ile__L_e	-9.999999	-10.0	-0.9398300444600203	primary	optimal
twostage-20260916T061947Z	LC:EKVX	magnitude_g1.00	EX_imp_e	0.0	0.0	1.0988720047857345	primary	optimal
twostage-20260916T061947Z	LC:EKVX	magnitude_g1.00	EX_ins_e	0.0	0.0	1.0909289973137044	primary	optimal
twostage-20260916T061947Z	LC:EKVX	magnitude_g1.00	EX_lac__L_e	-0.9999989999999999	-1.0	54.25611458908184	primary	optimal
twostage-20260916T061947Z	LC:EKVX	magnitude_g1.00	EX_lcts_e	0.0	0.0	1.84360654601976	primary	optimal
twostage-20260916T061947Z	LC:EKVX	magnitude_g1.00	EX_leu__L_e	-9.999999	-10.0	-1.7922337326704483	primary	optimal
twostage-20260916T061947Z	LC:EKVX	magnitude_g1.00	EX_lys__L_e	-9.999999000000003	-10.0	-1.9452265708841683	primary	optimal
twostage-20260916T061947Z	LC:EKVX	magnitude_g1.00	EX_mal__L_e	1e-06	0.0	38.3787717208128	primary	optimal
twostage-20260916T061947Z	LC:EKVX	magnitude_g1.00	EX_met__L_e	-9.999999	-10.0	-0.5026982632120713	primary	optimal
twostage-20260916T061947Z	LC:EKVX	magnitude_g1.00	EX_nac_e	0.0	0.0	10.808743682956047	primary	optimal
twostage-20260916T061947Z	LC:EKVX	magnitude_g1.00	EX_ncam_e	-9.999999	-10.0	-5.329070518200751e-15	primary	optimal
twostage-20260916T061947Z	LC:EKVX	magnitude_g1.00	EX_nicrnt_e	0.0	0.0	2.7087807549736236	primary	optimal
twostage-20260916T061947Z	LC:EKVX	magnitude_g1.00	EX_orn_e	1e-06	0.0	34.69988362642311	primary	optimal
twostage-20260916T061947Z	LC:EKVX	magnitude_g1.00	EX_orot5p_e	0.0	0.0	1.6319225000456055	primary	optimal
twostage-20260916T061947Z	LC:EKVX	magnitude_g1.00	EX_orot_e	0.0	0.0	3.7208556662052246	primary	optimal
twostage-20260916T061947Z	LC:EKVX	magnitude_g1.00	EX_oxa_e	0.0	0.0	7.5573203741260615	primary	optimal
twostage-20260916T061947Z	LC:EKVX	magnitude_g1.00	EX_pep_e	0.0	0.0	6.071678091942548	primary	optimal
twostage-20260916T061947Z	LC:EKVX	magnitude_g1.00	EX_phe__L_e	-9.134547874211277	-10.0	-0.8524036882104351	primary	optimal
twostage-20260916T061947Z	LC:EKVX	magnitude_g1.00	EX_pnto__R_e	-2.40922448146938e-12	-10.0	0.05000000000000071	primary	optimal
twostage-20260916T061947Z	LC:EKVX	magnitude_g1.00	EX_pro__L_e	-1.355101951422447	-10.0	23.053095050276333	primary	optimal
twostage-20260916T061947Z	LC:EKVX	magnitude_g1.00	EX_quln_e	0.0	0.0	1.3135540430898462	primary	optimal
twostage-20260916T061947Z	LC:EKVX	magnitude_g1.00	EX_sbt__D_e	0.0	0.0	0.0	primary	optimal
twostage-20260916T061947Z	LC:EKVX	magnitude_g1.00	EX_ser__L_e	-10.0	-10.0	3.385308942006023	primary	optimal
twostage-20260916T061947Z	LC:EKVX	magnitude_g1.00	EX_spmd_e	0.0	0.0	1.4061044640707263	primary	optimal
twostage-20260916T061947Z	LC:EKVX	magnitude_g1.00	EX_sprm_e	0.0	0.0	0.7089456444867744	primary	optimal
twostage-20260916T061947Z	LC:EKVX	magnitude_g1.00	EX_srtn_e	0.0	0.0	3.9664192393019624	primary	optimal
twostage-20260916T061947Z	LC:EKVX	magnitude_g1.00	EX_succ_e	13.462568264374628	0.0	62.28334846495943	primary	optimal
twostage-20260916T061947Z	LC:EKVX	magnitude_g1.00	EX_sucr_e	0.0	0.0	0.0	primary	optimal
twostage-20260916T061947Z	LC:EKVX	magnitude_g1.00	EX_taur_e	0.0	0.0	3.5577665262143947	primary	optimal
twostage-20260916T061947Z	LC:EKVX	magnitude_g1.00	EX_tchola_e	0.0	0.0	0.7592443473243244	primary	optimal
twostage-20260916T061947Z	LC:EKVX	magnitude_g1.00	EX_thr__L_e	-1.0272564007096083	-10.0	-1.0272564007096072	primary	optimal
twostage-20260916T061947Z	LC:EKVX	magnitude_g1.00	EX_thym_e	0.0	0.0	2.342880662887139	primary	optimal
twostage-20260916T061947Z	LC:EKVX	magnitude_g1.00	EX_thymd_e	0.0	0.0	1.5750904800858607	primary	optimal
twostage-20260916T061947Z	LC:EKVX	magnitude_g1.00	EX_trp__L_e	-0.043713178124794666	-10.0	-0.04371317812479347	primary	optimal
twostage-20260916T061947Z	LC:EKVX	magnitude_g1.00	EX_tyr__L_e	-0.5245548522744694	-10.0	3.638258023518749	primary	optimal
twostage-20260916T061947Z	LC:EKVX	magnitude_g1.00	EX_ump_e	0.0	0.0	1.1986848215552197	primary	optimal
twostage-20260916T061947Z	LC:EKVX	magnitude_g1.00	EX_ura_e	0.0	0.0	3.2306290401760807	primary	optimal
twostage-20260916T061947Z	LC:EKVX	magnitude_g1.00	EX_urate_e	0.0	0.0	1.3696004406369233	primary	optimal
twostage-20260916T061947Z	LC:EKVX	magnitude_g1.00	EX_uri_e	0.0	0.0	1.8952066019287055	primary	optimal
twostage-20260916T061947Z	LC:EKVX	magnitude_g1.00	EX_val__L_e	-1.1583931498623539	-10.0	-1.158392649860927	primary	optimal
twostage-20260916T061947Z	LC:EKVX	magnitude_g1.00	EX_xan_e	0.0	0.0	1.4055539220962028	primary	optimal
twostage-20260916T061947Z	LC:EKVX	magnitude_g1.00	EX_xmp_e	0.0	0.0	1.079602568129908	primary	optimal
twostage-20260916T061947Z	LC:EKVX	magnitude_g1.00	EX_xtsn_e	0.0	0.0	1.0744973436640632	primary	optimal
twostage-20260916T061947Z	LC:NCI-H322M	magnitude_g1.00	EX_2pg_e	0.0	0.0	6.071678091942421	primary	optimal
twostage-20260916T061947Z	LC:NCI-H322M	magnitude_g1.00	EX_34hpp_e	0.0	0.0	12.957290898615428	primary	optimal
twostage-20260916T061947Z	LC:NCI-H322M	magnitude_g1.00	EX_3hanthrn_e	0.0	0.0	1.9645214450521606	primary	optimal
twostage-20260916T061947Z	LC:NCI-H322M	magnitude_g1.00	EX_3pg_e	0.0	0.0	6.071678091942408	primary	optimal
twostage-20260916T061947Z	LC:NCI-H322M	magnitude_g1.00	EX_4abut_e	0.0	0.0	31.6001770971067	primary	optimal
twostage-20260916T061947Z	LC:NCI-H322M	magnitude_g1.00	EX_4hbz_e	0.0	0.0	5.458147221242025	primary	optimal
twostage-20260916T061947Z	LC:NCI-H322M	magnitude_g1.00	EX_L2aadp_e	0.0	0.0	8.704565087420749	primary	optimal
twostage-20260916T061947Z	LC:NCI-H322M	magnitude_g1.00	EX_Lkynr_e	0.0	0.0	3.9626222048143362	primary	optimal
twostage-20260916T061947Z	LC:NCI-H322M	magnitude_g1.00	EX_acac_e	0.0	0.0	13.990681689163473	primary	optimal
twostage-20260916T061947Z	LC:NCI-H322M	magnitude_g1.00	EX_ade_e	0.0	0.0	1.2305044538963823	primary	optimal
twostage-20260916T061947Z	LC:NCI-H322M	magnitude_g1.00	EX_adn_e	0.0	0.0	0.9690262358258164	primary	optimal
twostage-20260916T061947Z	LC:NCI-H322M	magnitude_g1.00	EX_ahcys_e	0.0	0.0	0.9068705862973528	primary	optimal
twostage-20260916T061947Z	LC:NCI-H322M	magnitude_g1.00	EX_akg_e	0.0	0.0	39.73758350463716	primary	optimal
twostage-20260916T061947Z	LC:NCI-H322M	magnitude_g1.00	EX_ala__L_e	1e-06	0.0	59.32238829208153	primary	optimal
twostage-20260916T061947Z	LC:NCI-H322M	magnitude_g1.00	EX_amp_e	0.0	0.0	0.8067891912774057	primary	optimal
twostage-20260916T061947Z	LC:NCI-H322M	magnitude_g1.00	EX_anth_e	0.0	0.0	3.701561423313134	primary	optimal
twostage-20260916T061947Z	LC:NCI-H322M	magnitude_g1.00	EX_arg__L_e	-9.999999	-10.0	3.1889810387857573	primary	optimal
twostage-20260916T061947Z	LC:NCI-H322M	magnitude_g1.00	EX_asn__L_e	-9.999999000000003	-10.0	7.3583403440176145	primary	optimal
twostage-20260916T061947Z	LC:NCI-H322M	magnitude_g1.00	EX_asp__L_e	-9.999999	-10.0	29.532816820246452	primary	optimal
twostage-20260916T061947Z	LC:NCI-H322M	magnitude_g1.00	EX_bilirub_e	0.0	0.0	0.4889071044681818	primary	optimal
twostage-20260916T061947Z	LC:NCI-H322M	magnitude_g1.00	EX_cala_e	0.0	0.0	3.0403350458382294	primary	optimal
twostage-20260916T061947Z	LC:NCI-H322M	magnitude_g1.00	EX_chol_e	-9.999999	-10.0	0.5260741720488685	primary	optimal
twostage-20260916T061947Z	LC:NCI-H322M	magnitude_g1.00	EX_cholp_e	0.0	0.0	6.071678091942602	primary	optimal
twostage-20260916T061947Z	LC:NCI-H322M	magnitude_g1.00	EX_cit_e	0.0	0.0	31.045326228988703	primary	optimal
twostage-20260916T061947Z	LC:NCI-H322M	magnitude_g1.00	EX_citr__L_e	0.0	0.0	15.89440493154734	primary	optimal
twostage-20260916T061947Z	LC:NCI-H322M	magnitude_g1.00	EX_cmp_e	0.0	0.0	0.0	primary	optimal
twostage-20260916T061947Z	LC:NCI-H322M	magnitude_g1.00	EX_crn_e	-0.9999990000000001	-1.0	-1.1102230246251565e-16	primary	optimal
twostage-20260916T061947Z	LC:NCI-H322M	magnitude_g1.00	EX_cyst__L_e	0.0	0.0	3.638864566139254	primary	optimal
twostage-20260916T061947Z	LC:NCI-H322M	magnitude_g1.00	EX_cytd_e	0.0	0.0	1.8729290637816995	primary	optimal
twostage-20260916T061947Z	LC:NCI-H322M	magnitude_g1.00	EX_dad_2_e	0.0	0.0	0.9614888653366063	primary	optimal
twostage-20260916T061947Z	LC:NCI-H322M	magnitude_g1.00	EX_dcmp_e	0.0	0.0	1.617470025721727	primary	optimal
twostage-20260916T061947Z	LC:NCI-H322M	magnitude_g1.00	EX_dcyt_e	0.0	0.0	1.9283136596667108	primary	optimal
twostage-20260916T061947Z	LC:NCI-H322M	magnitude_g1.00	EX_dhap_e	0.0	0.0	5.465030677171116	primary	optimal
twostage-20260916T061947Z	LC:NCI-H322M	magnitude_g1.00	EX_dmgly_e	0.0	0.0	4.449576385613971	primary	optimal
twostage-20260916T061947Z	LC:NCI-H322M	magnitude_g1.00	EX_duri_e	0.0	0.0	1.8867122418977238	primary	optimal
twostage-20260916T061947Z	LC:NCI-H322M	magnitude_g1.00	EX_ethamp_e	0.0	0.0	6.07167809194243	primary	optimal
twostage-20260916T061947Z	LC:NCI-H322M	magnitude_g1.00	EX_fol_e	-9.999998999999999	-10.0	5.329070518200751e-15	primary	optimal
twostage-20260916T061947Z	LC:NCI-H322M	magnitude_g1.00	EX_fum_e	0.0	0.0	42.636675555284775	primary	optimal
twostage-20260916T061947Z	LC:NCI-H322M	magnitude_g1.00	EX_g3pc_e	0.0	0.0	2.3574263744430644	primary	optimal
twostage-20260916T061947Z	LC:NCI-H322M	magnitude_g1.00	EX_glc__D_e	-10.0	-10.0	-2.9644510455873014	primary	optimal
twostage-20260916T061947Z	LC:NCI-H322M	magnitude_g1.00	EX_glcur_e	0.0	0.0	4.007355014768838	primary	optimal
twostage-20260916T061947Z	LC:NCI-H322M	magnitude_g1.00	EX_gln__L_e	-9.999999	-10.0	6.366826447810169	primary	optimal
twostage-20260916T061947Z	LC:NCI-H322M	magnitude_g1.00	EX_glu__L_e	-9.999999	-10.0	27.428938475840297	primary	optimal
twostage-20260916T061947Z	LC:NCI-H322M	magnitude_g1.00	EX_gly_e	-9.999999	-10.0	30.730776371091537	primary	optimal
twostage-20260916T061947Z	LC:NCI-H322M	magnitude_g1.00	EX_glyald_e	0.0	0.0	12.517467654021203	primary	optimal
twostage-20260916T061947Z	LC:NCI-H322M	magnitude_g1.00	EX_glyb_e	0.0	0.0	10.15341600300017	primary	optimal
twostage-20260916T061947Z	LC:NCI-H322M	magnitude_g1.00	EX_glyc3p_e	0.0	0.0	5.362360996992154	primary	optimal
twostage-20260916T061947Z	LC:NCI-H322M	magnitude_g1.00	EX_gmp_e	0.0	0.0	0.0	primary	optimal
twostage-20260916T061947Z	LC:NCI-H322M	magnitude_g1.00	EX_gthox_e	0.0	0.0	5.583813055638892	primary	optimal
twostage-20260916T061947Z	LC:NCI-H322M	magnitude_g1.00	EX_hcys__L_e	0.0	0.0	4.9567927860406	primary	optimal
twostage-20260916T061947Z	LC:NCI-H322M	magnitude_g1.00	EX_hom__L_e	0.0	0.0	0.0	primary	optimal
twostage-20260916T061947Z	LC:NCI-H322M	magnitude_g1.00	EX_hxan_e	0.0	0.0	1.4399738430821925	primary	optimal
twostage-20260916T061947Z	LC:NCI-H322M	magnitude_g1.00	EX_icit_e	0.0	0.0	31.958600035853753	primary	optimal
twostage-20260916T061947Z	LC:NCI-H322M	magnitude_g1.00	EX_ile__L_e	-9.999999	-10.0	-0.9398300444600185	primary	optimal
twostage-20260916T061947Z	LC:NCI-H322M	magnitude_g1.00	EX_imp_e	0.0	0.0	1.1019866117610946	primary	optimal
twostage-20260916T061947Z	LC:NCI-H322M	magnitude_g1.00	EX_ins_e	0.0	0.0	1.0941110955061966	primary	optimal
twostage-20260916T061947Z	LC:NCI-H322M	magnitude_g1.00	EX_lac__L_e	-0.999999	-1.0	54.256114589081875	primary	optimal
twostage-20260916T061947Z	LC:NCI-H322M	magnitude_g1.00	EX_lcts_e	0.0	0.0	1.831368232885554	primary	optimal
twostage-20260916T061947Z	LC:NCI-H322M	magnitude_g1.00	EX_leu__L_e	-9.999999	-10.0	-1.7922337326704483	primary	optimal
twostage-20260916T061947Z	LC:NCI-H322M	magnitude_g1.00	EX_lys__L_e	-9.999999	-10.0	-1.9452265708841745	primary	optimal
twostage-20260916T061947Z	LC:NCI-H322M	magnitude_g1.00	EX_mal__L_e	1e-06	0.0	38.37877172081376	primary	optimal
twostage-20260916T061947Z	LC:NCI-H322M	magnitude_g1.00	EX_met__L_e	-9.999999	-10.0	-0.5026982632120731	primary	optimal
twostage-20260916T061947Z	LC:NCI-H322M	magnitude_g1.00	EX_nac_e	0.0	0.0	10.826582486552429	primary	optimal
twostage-20260916T061947Z	LC:NCI-H322M	magnitude_g1.00	EX_ncam_e	-9.999999	-10.0	0.0	primary	optimal
twostage-20260916T061947Z	LC:NCI-H322M	magnitude_g1.00	EX_nicrnt_e	0.0	0.0	2.706991089626501	primary	optimal
twostage-20260916T061947Z	LC:NCI-H322M	magnitude_g1.00	EX_orn_e	1.0000000000000002e-06	0.0	34.60528968018799	primary	optimal
twostage-20260916T061947Z	LC:NCI-H322M	magnitude_g1.00	EX_orot5p_e	0.0	0.0	1.639325114379933	primary	optimal
twostage-20260916T061947Z	LC:NCI-H322M	magnitude_g1.00	EX_orot_e	0.0	0.0	3.747347065707186	primary	optimal
twostage-20260916T061947Z	LC:NCI-H322M	magnitude_g1.00	EX_oxa_e	0.0	0.0	7.51356650670048	primary	optimal
twostage-20260916T061947Z	LC:NCI-H322M	magnitude_g1.00	EX_pep_e	0.0	0.0	6.071678091942409	primary	optimal
twostage-20260916T061947Z	LC:NCI-H322M	magnitude_g1.00	EX_phe__L_e	-9.134547874215293	-10.0	-0.852403688210428	primary	optimal
twostage-20260916T061947Z	LC:NCI-H322M	magnitude_g1.00	EX_pnto__R_e	4.965494278146493e-13	-10.0	0.05000000000000249	primary	optimal
twostage-20260916T061947Z	LC:NCI-H322M	magnitude_g1.00	EX_pro__L_e	-1.3551019514200708	-10.0	23.286904356127454	primary	optimal
twostage-20260916T061947Z	LC:NCI-H322M	magnitude_g1.00	EX_quln_e	0.0	0.0	1.3224732261744438	primary	optimal
twostage-20260916T061947Z	LC:NCI-H322M	magnitude_g1.00	EX_sbt__D_e	0.0	0.0	0.0	primary	optimal
twostage-20260916T061947Z	LC:NCI-H322M	magnitude_g1.00	EX_ser__L_e	-10.0	-10.0	3.1344953612582755	primary	optimal
twostage-20260916T061947Z	LC:NCI-H322M	magnitude_g1.00	EX_spmd_e	0.0	0.0	1.4084121907892408	primary	optimal
twostage-20260916T061947Z	LC:NCI-H322M	magnitude_g1.00	EX_sprm_e	0.0	0.0	0.7106191398193674	primary	optimal
twostage-20260916T061947Z	LC:NCI-H322M	magnitude_g1.00	EX_srtn_e	0.0	0.0	3.995922236565726	primary	optimal
twostage-20260916T061947Z	LC:NCI-H322M	magnitude_g1.00	EX_succ_e	13.462568264368164	0.0	62.24627147413518	primary	optimal
twostage-20260916T061947Z	LC:NCI-H322M	magnitude_g1.00	EX_sucr_e	0.0	0.0	0.0	primary	optimal
twostage-20260916T061947Z	LC:NCI-H322M	magnitude_g1.00	EX_taur_e	0.0	0.0	3.5563129893464014	primary	optimal
twostage-20260916T061947Z	LC:NCI-H322M	magnitude_g1.00	EX_tchola_e	0.0	0.0	0.7603597224016738	primary	optimal
twostage-20260916T061947Z	LC:NCI-H322M	magnitude_g1.00	EX_thr__L_e	-1.027256400709608	-10.0	-1.0272564007096143	primary	optimal
twostage-20260916T061947Z	LC:NCI-H322M	magnitude_g1.00	EX_thym_e	0.0	0.0	2.366040274911176	primary	optimal
twostage-20260916T061947Z	LC:NCI-H322M	magnitude_g1.00	EX_thymd_e	0.0	0.0	1.582863640606284	primary	optimal
twostage-20260916T061947Z	LC:NCI-H322M	magnitude_g1.00	EX_trp__L_e	-0.04371317812479467	-10.0	-0.04371317812479525	primary	optimal
twostage-20260916T061947Z	LC:NCI-H322M	magnitude_g1.00	EX_tyr__L_e	-0.5245548522744695	-10.0	3.6716681183711173	primary	optimal
twostage-20260916T061947Z	LC:NCI-H322M	magnitude_g1.00	EX_ump_e	0.0	0.0	1.2010046849017995	primary	optimal
twostage-20260916T061947Z	LC:NCI-H322M	magnitude_g1.00	EX_ura_e	0.0	0.0	3.271921218038424	primary	optimal
twostage-20260916T061947Z	LC:NCI-H322M	magnitude_g1.00	EX_urate_e	0.0	0.0	1.3736553277287502	primary	optimal
twostage-20260916T061947Z	LC:NCI-H322M	magnitude_g1.00	EX_uri_e	0.0	0.0	1.9083091571258637	primary	optimal
twostage-20260916T061947Z	LC:NCI-H322M	magnitude_g1.00	EX_val__L_e	-1.158393149861755	-10.0	-1.1583926498609287	primary	optimal
twostage-20260916T061947Z	LC:NCI-H322M	magnitude_g1.00	EX_xan_e	0.0	0.0	1.4100585942007382	primary	optimal
twostage-20260916T061947Z	LC:NCI-H322M	magnitude_g1.00	EX_xmp_e	0.0	0.0	1.0827309833579162	primary	optimal
twostage-20260916T061947Z	LC:NCI-H322M	magnitude_g1.00	EX_xtsn_e	0.0	0.0	1.0768519759674802	primary	optimal
twostage-20260916T061947Z	LC:NCI-H460	magnitude_g1.00	EX_2pg_e	0.0	0.0	6.071678091942462	primary	optimal
twostage-20260916T061947Z	LC:NCI-H460	magnitude_g1.00	EX_34hpp_e	0.0	0.0	13.007174000526268	primary	optimal
twostage-20260916T061947Z	LC:NCI-H460	magnitude_g1.00	EX_3hanthrn_e	0.0	0.0	1.9907193253495479	primary	optimal
twostage-20260916T061947Z	LC:NCI-H460	magnitude_g1.00	EX_3pg_e	0.0	0.0	6.071678091942495	primary	optimal
twostage-20260916T061947Z	LC:NCI-H460	magnitude_g1.00	EX_4abut_e	0.0	0.0	31.888388877313346	primary	optimal
twostage-20260916T061947Z	LC:NCI-H460	magnitude_g1.00	EX_4hbz_e	0.0	0.0	5.452453846645235	primary	optimal
twostage-20260916T061947Z	LC:NCI-H460	magnitude_g1.00	EX_L2aadp_e	0.0	0.0	8.71470482178452	primary	optimal
twostage-20260916T061947Z	LC:NCI-H460	magnitude_g1.00	EX_Lkynr_e	0.0	0.0	4.008713315893719	primary	optimal
twostage-20260916T061947Z	LC:NCI-H460	magnitude_g1.00	EX_acac_e	0.0	0.0	14.222998313127011	primary	optimal
twostage-20260916T061947Z	LC:NCI-H460	magnitude_g1.00	EX_ade_e	0.0	0.0	1.2302037871152645	primary	optimal
twostage-20260916T061947Z	LC:NCI-H460	magnitude_g1.00	EX_adn_e	0.0	0.0	0.9687062541184996	primary	optimal
twostage-20260916T061947Z	LC:NCI-H460	magnitude_g1.00	EX_ahcys_e	0.0	0.0	0.9073259933446297	primary	optimal
twostage-20260916T061947Z	LC:NCI-H460	magnitude_g1.00	EX_akg_e	0.0	0.0	39.99261774795095	primary	optimal
twostage-20260916T061947Z	LC:NCI-H460	magnitude_g1.00	EX_ala__L_e	1e-06	0.0	59.32900526132519	primary	optimal
twostage-20260916T061947Z	LC:NCI-H460	magnitude_g1.00	EX_amp_e	0.0	0.0	0.8069955186601876	primary	optimal
twostage-20260916T061947Z	LC:NCI-H460	magnitude_g1.00	EX_anth_e	0.0	0.0	3.768938578371824	primary	optimal
twostage-20260916T061947Z	LC:NCI-H460	magnitude_g1.00	EX_arg__L_e	-9.999999	-10.0	3.3112410110308326	primary	optimal
twostage-20260916T061947Z	LC:NCI-H460	magnitude_g1.00	EX_asn__L_e	-9.999999	-10.0	7.376840701678605	primary	optimal
twostage-20260916T061947Z	LC:NCI-H460	magnitude_g1.00	EX_asp__L_e	-9.999999	-10.0	29.793754526241333	primary	optimal
twostage-20260916T061947Z	LC:NCI-H460	magnitude_g1.00	EX_bilirub_e	3.983963014238981e-32	0.0	0.4929099839741402	primary	optimal
twostage-20260916T061947Z	LC:NCI-H460	magnitude_g1.00	EX_cala_e	0.0	0.0	3.038811624694368	primary	optimal
twostage-20260916T061947Z	LC:NCI-H460	magnitude_g1.00	EX_chol_e	-9.999999	-10.0	0.539584685293681	primary	optimal
twostage-20260916T061947Z	LC:NCI-H460	magnitude_g1.00	EX_cholp_e	0.0	0.0	6.071678091942527	primary	optimal
twostage-20260916T061947Z	LC:NCI-H460	magnitude_g1.00	EX_cit_e	0.0	0.0	31.045326228987562	primary	optimal
twostage-20260916T061947Z	LC:NCI-H460	magnitude_g1.00	EX_citr__L_e	0.0	0.0	16.082252545079683	primary	optimal
twostage-20260916T061947Z	LC:NCI-H460	magnitude_g1.00	EX_cmp_e	0.0	0.0	0.0	primary	optimal
twostage-20260916T061947Z	LC:NCI-H460	magnitude_g1.00	EX_crn_e	-0.9999990000000001	-1.0	-1.1102230246251565e-16	primary	optimal
twostage-20260916T061947Z	LC:NCI-H460	magnitude_g1.00	EX_cyst__L_e	0.0	0.0	3.661189500893094	primary	optimal
twostage-20260916T061947Z	LC:NCI-H460	magnitude_g1.00	EX_cytd_e	0.0	0.0	1.8605647445019273	primary	optimal
twostage-20260916T061947Z	LC:NCI-H460	magnitude_g1.00	EX_dad_2_e	0.0	0.0	0.9604787681694354	primary	optimal
twostage-20260916T061947Z	LC:NCI-H460	magnitude_g1.00	EX_dcmp_e	0.0	0.0	1.6140741378186503	primary	optimal
twostage-20260916T061947Z	LC:NCI-H460	magnitude_g1.00	EX_dcyt_e	0.0	0.0	1.9124791831044563	primary	optimal
twostage-20260916T061947Z	LC:NCI-H460	magnitude_g1.00	EX_dhap_e	0.0	0.0	5.4651950229958235	primary	optimal
twostage-20260916T061947Z	LC:NCI-H460	magnitude_g1.00	EX_dmgly_e	0.0	0.0	4.435604778473864	primary	optimal
twostage-20260916T061947Z	LC:NCI-H460	magnitude_g1.00	EX_duri_e	0.0	0.0	1.8764523716666377	primary	optimal
twostage-20260916T061947Z	LC:NCI-H460	magnitude_g1.00	EX_ethamp_e	0.0	0.0	6.071678091942478	primary	optimal
twostage-20260916T061947Z	LC:NCI-H460	magnitude_g1.00	EX_fol_e	-9.999998999999999	-10.0	1.3677947663381929e-13	primary	optimal
twostage-20260916T061947Z	LC:NCI-H460	magnitude_g1.00	EX_fum_e	1e-06	0.0	42.641148508815924	primary	optimal
twostage-20260916T061947Z	LC:NCI-H460	magnitude_g1.00	EX_g3pc_e	0.0	0.0	2.3514467471837293	primary	optimal
twostage-20260916T061947Z	LC:NCI-H460	magnitude_g1.00	EX_glc__D_e	-10.0	-10.0	-2.8816358190221334	primary	optimal
twostage-20260916T061947Z	LC:NCI-H460	magnitude_g1.00	EX_glcur_e	0.0	0.0	4.05455373762936	primary	optimal
twostage-20260916T061947Z	LC:NCI-H460	magnitude_g1.00	EX_gln__L_e	-9.999999000000003	-10.0	6.503631633446793	primary	optimal
twostage-20260916T061947Z	LC:NCI-H460	magnitude_g1.00	EX_glu__L_e	-9.999999	-10.0	28.005198537552154	primary	optimal
twostage-20260916T061947Z	LC:NCI-H460	magnitude_g1.00	EX_gly_e	-9.999999	-10.0	31.11258035000413	primary	optimal
twostage-20260916T061947Z	LC:NCI-H460	magnitude_g1.00	EX_glyald_e	0.0	0.0	12.638553707278755	primary	optimal
twostage-20260916T061947Z	LC:NCI-H460	magnitude_g1.00	EX_glyb_e	0.0	0.0	10.16973274439114	primary	optimal
twostage-20260916T061947Z	LC:NCI-H460	magnitude_g1.00	EX_glyc3p_e	0.0	0.0	5.373355138425791	primary	optimal
twostage-20260916T061947Z	LC:NCI-H460	magnitude_g1.00	EX_gmp_e	0.0	0.0	0.0	primary	optimal
twostage-20260916T061947Z	LC:NCI-H460	magnitude_g1.00	EX_gthox_e	0.0	0.0	5.617522818647965	primary	optimal
twostage-20260916T061947Z	LC:NCI-H460	magnitude_g1.00	EX_hcys__L_e	0.0	0.0	4.98534532403193	primary	optimal
twostage-20260916T061947Z	LC:NCI-H460	magnitude_g1.00	EX_hom__L_e	0.0	0.0	0.0	primary	optimal
twostage-20260916T061947Z	LC:NCI-H460	magnitude_g1.00	EX_hxan_e	0.0	0.0	1.4395025303964486	primary	optimal
twostage-20260916T061947Z	LC:NCI-H460	magnitude_g1.00	EX_icit_e	0.0	0.0	32.051174580882375	primary	optimal
twostage-20260916T061947Z	LC:NCI-H460	magnitude_g1.00	EX_ile__L_e	-9.999999000000003	-10.0	-0.939830044460022	primary	optimal
twostage-20260916T061947Z	LC:NCI-H460	magnitude_g1.00	EX_imp_e	0.0	0.0	1.1024950388093897	primary	optimal
twostage-20260916T061947Z	LC:NCI-H460	magnitude_g1.00	EX_ins_e	0.0	0.0	1.0938480158234054	primary	optimal
twostage-20260916T061947Z	LC:NCI-H460	magnitude_g1.00	EX_lac__L_e	-0.999999	-1.0	54.256114589080504	primary	optimal
twostage-20260916T061947Z	LC:NCI-H460	magnitude_g1.00	EX_lcts_e	0.0	0.0	1.8277234113716518	primary	optimal
twostage-20260916T061947Z	LC:NCI-H460	magnitude_g1.00	EX_leu__L_e	-9.999999	-10.0	-1.7922337326704447	primary	optimal
twostage-20260916T061947Z	LC:NCI-H460	magnitude_g1.00	EX_lys__L_e	-9.999999000000003	-10.0	-1.9452265708841647	primary	optimal
twostage-20260916T061947Z	LC:NCI-H460	magnitude_g1.00	EX_mal__L_e	1e-06	0.0	38.37877172081321	primary	optimal
twostage-20260916T061947Z	LC:NCI-H460	magnitude_g1.00	EX_met__L_e	-9.999999	-10.0	-0.5026982632120713	primary	optimal
twostage-20260916T061947Z	LC:NCI-H460	magnitude_g1.00	EX_nac_e	0.0	0.0	10.831797175771012	primary	optimal
twostage-20260916T061947Z	LC:NCI-H460	magnitude_g1.00	EX_ncam_e	-9.999998999999999	-10.0	1.0658141036401503e-14	primary	optimal
twostage-20260916T061947Z	LC:NCI-H460	magnitude_g1.00	EX_nicrnt_e	0.0	0.0	2.713724736893248	primary	optimal
twostage-20260916T061947Z	LC:NCI-H460	magnitude_g1.00	EX_orn_e	1e-06	0.0	34.74064595021532	primary	optimal
twostage-20260916T061947Z	LC:NCI-H460	magnitude_g1.00	EX_orot5p_e	0.0	0.0	1.635784185814912	primary	optimal
twostage-20260916T061947Z	LC:NCI-H460	magnitude_g1.00	EX_orot_e	0.0	0.0	3.752816031412387	primary	optimal
twostage-20260916T061947Z	LC:NCI-H460	magnitude_g1.00	EX_oxa_e	0.0	0.0	7.590255019067398	primary	optimal
twostage-20260916T061947Z	LC:NCI-H460	magnitude_g1.00	EX_pep_e	0.0	0.0	6.071678091942512	primary	optimal
twostage-20260916T061947Z	LC:NCI-H460	magnitude_g1.00	EX_phe__L_e	-9.134547874210945	-10.0	-0.8524036882104262	primary	optimal
twostage-20260916T061947Z	LC:NCI-H460	magnitude_g1.00	EX_pnto__R_e	2.9991675682895016e-12	-10.0	0.05000000000000249	primary	optimal
twostage-20260916T061947Z	LC:NCI-H460	magnitude_g1.00	EX_pro__L_e	-1.355101951422626	-10.0	23.295659447060597	primary	optimal
twostage-20260916T061947Z	LC:NCI-H460	magnitude_g1.00	EX_quln_e	0.0	0.0	1.3407019289125843	primary	optimal
twostage-20260916T061947Z	LC:NCI-H460	magnitude_g1.00	EX_sbt__D_e	0.0	0.0	0.0	primary	optimal
twostage-20260916T061947Z	LC:NCI-H460	magnitude_g1.00	EX_ser__L_e	-10.0	-10.0	3.4980025571152793	primary	optimal
twostage-20260916T061947Z	LC:NCI-H460	magnitude_g1.00	EX_spmd_e	0.0	0.0	1.4199541207042832	primary	optimal
twostage-20260916T061947Z	LC:NCI-H460	magnitude_g1.00	EX_sprm_e	0.0	0.0	0.7158718680775084	primary	optimal
twostage-20260916T061947Z	LC:NCI-H460	magnitude_g1.00	EX_srtn_e	0.0	0.0	4.037513297525164	primary	optimal
twostage-20260916T061947Z	LC:NCI-H460	magnitude_g1.00	EX_succ_e	13.462568264365355	0.0	62.28404005863292	primary	optimal
twostage-20260916T061947Z	LC:NCI-H460	magnitude_g1.00	EX_sucr_e	0.0	0.0	0.0	primary	optimal
twostage-20260916T061947Z	LC:NCI-H460	magnitude_g1.00	EX_taur_e	0.0	0.0	3.6144487244008277	primary	optimal
twostage-20260916T061947Z	LC:NCI-H460	magnitude_g1.00	EX_tchola_e	0.0	0.0	0.7722731955076494	primary	optimal
twostage-20260916T061947Z	LC:NCI-H460	magnitude_g1.00	EX_thr__L_e	-1.027256400709608	-10.0	-1.0272564007095824	primary	optimal
twostage-20260916T061947Z	LC:NCI-H460	magnitude_g1.00	EX_thym_e	0.0	0.0	2.3514067965890475	primary	optimal
twostage-20260916T061947Z	LC:NCI-H460	magnitude_g1.00	EX_thymd_e	0.0	0.0	1.5810397220048218	primary	optimal
twostage-20260916T061947Z	LC:NCI-H460	magnitude_g1.00	EX_trp__L_e	-0.04371317812479468	-10.0	-0.04371317812478992	primary	optimal
twostage-20260916T061947Z	LC:NCI-H460	magnitude_g1.00	EX_tyr__L_e	-0.5245548522744693	-10.0	3.70005557085947	primary	optimal
twostage-20260916T061947Z	LC:NCI-H460	magnitude_g1.00	EX_ump_e	0.0	0.0	1.2014576057232964	primary	optimal
twostage-20260916T061947Z	LC:NCI-H460	magnitude_g1.00	EX_ura_e	0.0	0.0	3.2430051099149284	primary	optimal
twostage-20260916T061947Z	LC:NCI-H460	magnitude_g1.00	EX_urate_e	0.0	0.0	1.3753015591786848	primary	optimal
twostage-20260916T061947Z	LC:NCI-H460	magnitude_g1.00	EX_uri_e	0.0	0.0	1.8974089531658254	primary	optimal
twostage-20260916T061947Z	LC:NCI-H460	magnitude_g1.00	EX_val__L_e	-1.15839314985783	-10.0	-1.1583926498609252	primary	optimal
twostage-20260916T061947Z	LC:NCI-H460	magnitude_g1.00	EX_xan_e	0.0	0.0	1.4116325826173668	primary	optimal
twostage-20260916T061947Z	LC:NCI-H460	magnitude_g1.00	EX_xmp_e	0.0	0.0	1.0834217859387578	primary	optimal
twostage-20260916T061947Z	LC:NCI-H460	magnitude_g1.00	EX_xtsn_e	0.0	0.0	1.077039407046331	primary	optimal
twostage-20260916T061947Z	LC:NCI-H522	magnitude_g1.00	EX_2pg_e	0.0	0.0	6.071678091942578	primary	optimal
twostage-20260916T061947Z	LC:NCI-H522	magnitude_g1.00	EX_34hpp_e	0.0	0.0	12.978945024517424	primary	optimal
twostage-20260916T061947Z	LC:NCI-H522	magnitude_g1.00	EX_3hanthrn_e	0.0	0.0	1.962798248549783	primary	optimal
twostage-20260916T061947Z	LC:NCI-H522	magnitude_g1.00	EX_3pg_e	0.0	0.0	6.071678091942294	primary	optimal
twostage-20260916T061947Z	LC:NCI-H522	magnitude_g1.00	EX_4abut_e	0.0	0.0	32.06907760431521	primary	optimal
twostage-20260916T061947Z	LC:NCI-H522	magnitude_g1.00	EX_4hbz_e	0.0	0.0	5.4059086916186345	primary	optimal
twostage-20260916T061947Z	LC:NCI-H522	magnitude_g1.00	EX_L2aadp_e	0.0	0.0	8.697893864672102	primary	optimal
twostage-20260916T061947Z	LC:NCI-H522	magnitude_g1.00	EX_Lkynr_e	0.0	0.0	3.964892120660261	primary	optimal
twostage-20260916T061947Z	LC:NCI-H522	magnitude_g1.00	EX_acac_e	0.0	0.0	14.22612474023365	primary	optimal
twostage-20260916T061947Z	LC:NCI-H522	magnitude_g1.00	EX_ade_e	0.0	0.0	1.230214279638009	primary	optimal
twostage-20260916T061947Z	LC:NCI-H522	magnitude_g1.00	EX_adn_e	0.0	0.0	0.9679121493138824	primary	optimal
twostage-20260916T061947Z	LC:NCI-H522	magnitude_g1.00	EX_ahcys_e	0.0	0.0	0.9058123575643039	primary	optimal
twostage-20260916T061947Z	LC:NCI-H522	magnitude_g1.00	EX_akg_e	0.0	0.0	39.65085626216819	primary	optimal
twostage-20260916T061947Z	LC:NCI-H522	magnitude_g1.00	EX_ala__L_e	1.0000000000000002e-06	0.0	58.029157059025	primary	optimal
twostage-20260916T061947Z	LC:NCI-H522	magnitude_g1.00	EX_amp_e	0.0	0.0	0.8051444411045692	primary	optimal
twostage-20260916T061947Z	LC:NCI-H522	magnitude_g1.00	EX_anth_e	0.0	0.0	3.6881208361338147	primary	optimal
twostage-20260916T061947Z	LC:NCI-H522	magnitude_g1.00	EX_arg__L_e	-9.999999	-10.0	3.174496495886805	primary	optimal
twostage-20260916T061947Z	LC:NCI-H522	magnitude_g1.00	EX_asn__L_e	-9.999999	-10.0	7.337102619339425	primary	optimal
twostage-20260916T061947Z	LC:NCI-H522	magnitude_g1.00	EX_asp__L_e	-9.999999	-10.0	29.46109762333181	primary	optimal
twostage-20260916T061947Z	LC:NCI-H522	magnitude_g1.00	EX_bilirub_e	-2.286435610383205e-33	0.0	0.4873499892931775	primary	optimal
twostage-20260916T061947Z	LC:NCI-H522	magnitude_g1.00	EX_cala_e	0.0	0.0	3.029098642861227	primary	optimal
twostage-20260916T061947Z	LC:NCI-H522	magnitude_g1.00	EX_chol_e	-9.999999	-10.0	0.5161750662557877	primary	optimal
twostage-20260916T061947Z	LC:NCI-H522	magnitude_g1.00	EX_cholp_e	0.0	0.0	6.071678091942502	primary	optimal
twostage-20260916T061947Z	LC:NCI-H522	magnitude_g1.00	EX_cit_e	0.0	0.0	31.045326228987605	primary	optimal
twostage-20260916T061947Z	LC:NCI-H522	magnitude_g1.00	EX_citr__L_e	0.0	0.0	15.962919672794722	primary	optimal
twostage-20260916T061947Z	LC:NCI-H522	magnitude_g1.00	EX_cmp_e	0.0	0.0	0.0	primary	optimal
twostage-20260916T061947Z	LC:NCI-H522	magnitude_g1.00	EX_crn_e	-0.9999990000000001	-1.0	4.440892098500626e-16	primary	optimal
twostage-20260916T061947Z	LC:NCI-H522	magnitude_g1.00	EX_cyst__L_e	0.0	0.0	3.637987514014911	primary	optimal
twostage-20260916T061947Z	LC:NCI-H522	magnitude_g1.00	EX_cytd_e	0.0	0.0	1.8680962522567541	primary	optimal
twostage-20260916T061947Z	LC:NCI-H522	magnitude_g1.00	EX_dad_2_e	0.0	0.0	0.9604618438118832	primary	optimal
twostage-20260916T061947Z	LC:NCI-H522	magnitude_g1.00	EX_dcmp_e	0.0	0.0	1.6181862651300594	primary	optimal
twostage-20260916T061947Z	LC:NCI-H522	magnitude_g1.00	EX_dcyt_e	0.0	0.0	1.9234597823933421	primary	optimal
twostage-20260916T061947Z	LC:NCI-H522	magnitude_g1.00	EX_dhap_e	0.0	0.0	5.44953889519632	primary	optimal
twostage-20260916T061947Z	LC:NCI-H522	magnitude_g1.00	EX_dmgly_e	0.0	0.0	4.408340178768971	primary	optimal
twostage-20260916T061947Z	LC:NCI-H522	magnitude_g1.00	EX_duri_e	0.0	0.0	1.8824711825824971	primary	optimal
twostage-20260916T061947Z	LC:NCI-H522	magnitude_g1.00	EX_ethamp_e	0.0	0.0	6.071678091942401	primary	optimal
twostage-20260916T061947Z	LC:NCI-H522	magnitude_g1.00	EX_fol_e	-9.999998999999999	-10.0	2.1316282072803006e-14	primary	optimal
twostage-20260916T061947Z	LC:NCI-H522	magnitude_g1.00	EX_fum_e	1e-06	0.0	42.64939273136567	primary	optimal
twostage-20260916T061947Z	LC:NCI-H522	magnitude_g1.00	EX_g3pc_e	0.0	0.0	2.3424335477479152	primary	optimal
twostage-20260916T061947Z	LC:NCI-H522	magnitude_g1.00	EX_glc__D_e	-10.0	-10.0	-2.9154123375454324	primary	optimal
twostage-20260916T061947Z	LC:NCI-H522	magnitude_g1.00	EX_glcur_e	0.0	0.0	4.027075326700709	primary	optimal
twostage-20260916T061947Z	LC:NCI-H522	magnitude_g1.00	EX_gln__L_e	-9.999999	-10.0	6.3332610292463904	primary	optimal
twostage-20260916T061947Z	LC:NCI-H522	magnitude_g1.00	EX_glu__L_e	-9.999999	-10.0	26.953645054063195	primary	optimal
twostage-20260916T061947Z	LC:NCI-H522	magnitude_g1.00	EX_gly_e	-9.999999	-10.0	30.847194338217214	primary	optimal
twostage-20260916T061947Z	LC:NCI-H522	magnitude_g1.00	EX_glyald_e	0.0	0.0	12.524645817129743	primary	optimal
twostage-20260916T061947Z	LC:NCI-H522	magnitude_g1.00	EX_glyb_e	0.0	0.0	10.15409306421615	primary	optimal
twostage-20260916T061947Z	LC:NCI-H522	magnitude_g1.00	EX_glyc3p_e	0.0	0.0	5.355403122231136	primary	optimal
twostage-20260916T061947Z	LC:NCI-H522	magnitude_g1.00	EX_gmp_e	0.0	0.0	0.0	primary	optimal
twostage-20260916T061947Z	LC:NCI-H522	magnitude_g1.00	EX_gthox_e	0.0	0.0	5.584163563445628	primary	optimal
twostage-20260916T061947Z	LC:NCI-H522	magnitude_g1.00	EX_hcys__L_e	0.0	0.0	4.941952113989747	primary	optimal
twostage-20260916T061947Z	LC:NCI-H522	magnitude_g1.00	EX_hom__L_e	0.0	0.0	0.0	primary	optimal
twostage-20260916T061947Z	LC:NCI-H522	magnitude_g1.00	EX_hxan_e	0.0	0.0	1.439696935704871	primary	optimal
twostage-20260916T061947Z	LC:NCI-H522	magnitude_g1.00	EX_icit_e	0.0	0.0	32.01151083512289	primary	optimal
twostage-20260916T061947Z	LC:NCI-H522	magnitude_g1.00	EX_ile__L_e	-9.999999	-10.0	-0.9398300444600176	primary	optimal
twostage-20260916T061947Z	LC:NCI-H522	magnitude_g1.00	EX_imp_e	0.0	0.0	1.1012667147309	primary	optimal
twostage-20260916T061947Z	LC:NCI-H522	magnitude_g1.00	EX_ins_e	0.0	0.0	1.0930148927021024	primary	optimal
twostage-20260916T061947Z	LC:NCI-H522	magnitude_g1.00	EX_lac__L_e	-0.9999989999999999	-1.0	54.25611458908149	primary	optimal
twostage-20260916T061947Z	LC:NCI-H522	magnitude_g1.00	EX_lcts_e	0.0	0.0	1.8274877601000532	primary	optimal
twostage-20260916T061947Z	LC:NCI-H522	magnitude_g1.00	EX_leu__L_e	-9.999999	-10.0	-1.7922337326704483	primary	optimal
twostage-20260916T061947Z	LC:NCI-H522	magnitude_g1.00	EX_lys__L_e	-9.999999000000003	-10.0	-1.9452265708841638	primary	optimal
twostage-20260916T061947Z	LC:NCI-H522	magnitude_g1.00	EX_mal__L_e	1e-06	0.0	38.378771720813454	primary	optimal
twostage-20260916T061947Z	LC:NCI-H522	magnitude_g1.00	EX_met__L_e	-9.999999	-10.0	-0.5026982632120713	primary	optimal
twostage-20260916T061947Z	LC:NCI-H522	magnitude_g1.00	EX_nac_e	-2.0471194296959865e-15	0.0	10.831151707098794	primary	optimal
twostage-20260916T061947Z	LC:NCI-H522	magnitude_g1.00	EX_ncam_e	-9.999999	-10.0	0.0	primary	optimal
twostage-20260916T061947Z	LC:NCI-H522	magnitude_g1.00	EX_nicrnt_e	0.0	0.0	2.693319465821043	primary	optimal
twostage-20260916T061947Z	LC:NCI-H522	magnitude_g1.00	EX_orn_e	1.0000000000000002e-06	0.0	34.74017029815464	primary	optimal
twostage-20260916T061947Z	LC:NCI-H522	magnitude_g1.00	EX_orot5p_e	0.0	0.0	1.6357943453195154	primary	optimal
twostage-20260916T061947Z	LC:NCI-H522	magnitude_g1.00	EX_orot_e	0.0	0.0	3.7564720925682615	primary	optimal
twostage-20260916T061947Z	LC:NCI-H522	magnitude_g1.00	EX_oxa_e	0.0	0.0	7.538113251125345	primary	optimal
twostage-20260916T061947Z	LC:NCI-H522	magnitude_g1.00	EX_pep_e	0.0	0.0	6.0716780919424505	primary	optimal
twostage-20260916T061947Z	LC:NCI-H522	magnitude_g1.00	EX_phe__L_e	-9.134547874204909	-10.0	-0.8524036882104298	primary	optimal
twostage-20260916T061947Z	LC:NCI-H522	magnitude_g1.00	EX_pnto__R_e	-1.4572140000702175e-11	-10.0	0.049999999999993605	primary	optimal
twostage-20260916T061947Z	LC:NCI-H522	magnitude_g1.00	EX_pro__L_e	-1.3551019514212286	-10.0	23.483406685875355	primary	optimal
twostage-20260916T061947Z	LC:NCI-H522	magnitude_g1.00	EX_quln_e	0.0	0.0	1.3227369040085781	primary	optimal
twostage-20260916T061947Z	LC:NCI-H522	magnitude_g1.00	EX_sbt__D_e	0.0	0.0	0.0	primary	optimal
twostage-20260916T061947Z	LC:NCI-H522	magnitude_g1.00	EX_ser__L_e	-10.0	-10.0	3.212242182507398	primary	optimal
twostage-20260916T061947Z	LC:NCI-H522	magnitude_g1.00	EX_spmd_e	0.0	0.0	1.4094212179727295	primary	optimal
twostage-20260916T061947Z	LC:NCI-H522	magnitude_g1.00	EX_sprm_e	0.0	0.0	0.7104953715536053	primary	optimal
twostage-20260916T061947Z	LC:NCI-H522	magnitude_g1.00	EX_srtn_e	0.0	0.0	4.001795811241201	primary	optimal
twostage-20260916T061947Z	LC:NCI-H522	magnitude_g1.00	EX_succ_e	13.462568264371262	0.0	62.28404005863224	primary	optimal
twostage-20260916T061947Z	LC:NCI-H522	magnitude_g1.00	EX_sucr_e	0.0	0.0	0.0	primary	optimal
twostage-20260916T061947Z	LC:NCI-H522	magnitude_g1.00	EX_taur_e	0.0	0.0	3.5586656812281445	primary	optimal
twostage-20260916T061947Z	LC:NCI-H522	magnitude_g1.00	EX_tchola_e	0.0	0.0	0.7620262322794623	primary	optimal
twostage-20260916T061947Z	LC:NCI-H522	magnitude_g1.00	EX_thr__L_e	-1.027256400709608	-10.0	-1.0272564007096072	primary	optimal
twostage-20260916T061947Z	LC:NCI-H522	magnitude_g1.00	EX_thym_e	0.0	0.0	2.3505244076041243	primary	optimal
twostage-20260916T061947Z	LC:NCI-H522	magnitude_g1.00	EX_thymd_e	0.0	0.0	1.5808291764510147	primary	optimal
twostage-20260916T061947Z	LC:NCI-H522	magnitude_g1.00	EX_trp__L_e	-0.04371317812479467	-10.0	-0.04371317812479525	primary	optimal
twostage-20260916T061947Z	LC:NCI-H522	magnitude_g1.00	EX_tyr__L_e	-0.5245548522744695	-10.0	3.674545071247817	primary	optimal
twostage-20260916T061947Z	LC:NCI-H522	magnitude_g1.00	EX_ump_e	0.0	0.0	1.201160949238469	primary	optimal
twostage-20260916T061947Z	LC:NCI-H522	magnitude_g1.00	EX_ura_e	0.0	0.0	3.2444555277101927	primary	optimal
twostage-20260916T061947Z	LC:NCI-H522	magnitude_g1.00	EX_urate_e	0.0	0.0	1.3730640845931315	primary	optimal
twostage-20260916T061947Z	LC:NCI-H522	magnitude_g1.00	EX_uri_e	0.0	0.0	1.9005249266528206	primary	optimal
twostage-20260916T061947Z	LC:NCI-H522	magnitude_g1.00	EX_val__L_e	-1.158393149861314	-10.0	-1.1583926498608985	primary	optimal
twostage-20260916T061947Z	LC:NCI-H522	magnitude_g1.00	EX_xan_e	0.0	0.0	1.4097357179483716	primary	optimal
twostage-20260916T061947Z	LC:NCI-H522	magnitude_g1.00	EX_xmp_e	0.0	0.0	1.0818350857457113	primary	optimal
twostage-20260916T061947Z	LC:NCI-H522	magnitude_g1.00	EX_xtsn_e	0.0	0.0	1.0750787194642615	primary	optimal
twostage-20260916T061947Z	LE:CCRF-CEM	magnitude_g1.00	EX_2pg_e	0.0	0.0	6.07167809194249	primary	optimal
twostage-20260916T061947Z	LE:CCRF-CEM	magnitude_g1.00	EX_34hpp_e	0.0	0.0	12.950477440576535	primary	optimal
twostage-20260916T061947Z	LE:CCRF-CEM	magnitude_g1.00	EX_3hanthrn_e	0.0	0.0	1.9716758535414372	primary	optimal
twostage-20260916T061947Z	LE:CCRF-CEM	magnitude_g1.00	EX_3pg_e	0.0	0.0	6.071678091942533	primary	optimal
twostage-20260916T061947Z	LE:CCRF-CEM	magnitude_g1.00	EX_4abut_e	0.0	0.0	32.95448084271317	primary	optimal
twostage-20260916T061947Z	LE:CCRF-CEM	magnitude_g1.00	EX_4hbz_e	0.0	0.0	5.394668872036446	primary	optimal
twostage-20260916T061947Z	LE:CCRF-CEM	magnitude_g1.00	EX_L2aadp_e	0.0	0.0	8.689219331638931	primary	optimal
twostage-20260916T061947Z	LE:CCRF-CEM	magnitude_g1.00	EX_Lkynr_e	0.0	0.0	3.9791139503904027	primary	optimal
twostage-20260916T061947Z	LE:CCRF-CEM	magnitude_g1.00	EX_acac_e	0.0	0.0	14.189360681504185	primary	optimal
twostage-20260916T061947Z	LE:CCRF-CEM	magnitude_g1.00	EX_ade_e	0.0	0.0	1.2267770459293292	primary	optimal
twostage-20260916T061947Z	LE:CCRF-CEM	magnitude_g1.00	EX_adn_e	0.0	0.0	0.9669356097015361	primary	optimal
twostage-20260916T061947Z	LE:CCRF-CEM	magnitude_g1.00	EX_ahcys_e	0.0	0.0	0.904391115672659	primary	optimal
twostage-20260916T061947Z	LE:CCRF-CEM	magnitude_g1.00	EX_akg_e	0.0	0.0	39.90577329583055	primary	optimal
twostage-20260916T061947Z	LE:CCRF-CEM	magnitude_g1.00	EX_ala__L_e	1e-06	0.0	58.17973140129823	primary	optimal
twostage-20260916T061947Z	LE:CCRF-CEM	magnitude_g1.00	EX_amp_e	0.0	0.0	0.8051174245800247	primary	optimal
twostage-20260916T061947Z	LE:CCRF-CEM	magnitude_g1.00	EX_anth_e	0.0	0.0	3.693130780080087	primary	optimal
twostage-20260916T061947Z	LE:CCRF-CEM	magnitude_g1.00	EX_arg__L_e	-9.999999	-10.0	3.124747221935862	primary	optimal
twostage-20260916T061947Z	LE:CCRF-CEM	magnitude_g1.00	EX_asn__L_e	-9.999999	-10.0	7.305885425145008	primary	optimal
twostage-20260916T061947Z	LE:CCRF-CEM	magnitude_g1.00	EX_asp__L_e	-9.999998999999999	-10.0	29.682283800359535	primary	optimal
twostage-20260916T061947Z	LE:CCRF-CEM	magnitude_g1.00	EX_bilirub_e	0.0	0.0	0.48627520586421297	primary	optimal
twostage-20260916T061947Z	LE:CCRF-CEM	magnitude_g1.00	EX_cala_e	0.0	0.0	3.0269753000840374	primary	optimal
twostage-20260916T061947Z	LE:CCRF-CEM	magnitude_g1.00	EX_chol_e	-9.999999000000003	-10.0	0.5247117613164992	primary	optimal
twostage-20260916T061947Z	LE:CCRF-CEM	magnitude_g1.00	EX_cholp_e	0.0	0.0	6.071678091942484	primary	optimal
twostage-20260916T061947Z	LE:CCRF-CEM	magnitude_g1.00	EX_cit_e	0.0	0.0	31.045326228987832	primary	optimal
twostage-20260916T061947Z	LE:CCRF-CEM	magnitude_g1.00	EX_citr__L_e	0.0	0.0	15.907281618066634	primary	optimal
twostage-20260916T061947Z	LE:CCRF-CEM	magnitude_g1.00	EX_cmp_e	0.0	0.0	0.0	primary	optimal
twostage-20260916T061947Z	LE:CCRF-CEM	magnitude_g1.00	EX_crn_e	-0.999999	-1.0	0.0	primary	optimal
twostage-20260916T061947Z	LE:CCRF-CEM	magnitude_g1.00	EX_cyst__L_e	0.0	0.0	3.6200301347539177	primary	optimal
twostage-20260916T061947Z	LE:CCRF-CEM	magnitude_g1.00	EX_cytd_e	0.0	0.0	1.8579279656557712	primary	optimal
twostage-20260916T061947Z	LE:CCRF-CEM	magnitude_g1.00	EX_dad_2_e	0.0	0.0	0.958717900873299	primary	optimal
twostage-20260916T061947Z	LE:CCRF-CEM	magnitude_g1.00	EX_dcmp_e	0.0	0.0	1.609678573489925	primary	optimal
twostage-20260916T061947Z	LE:CCRF-CEM	magnitude_g1.00	EX_dcyt_e	0.0	0.0	1.9051939549299755	primary	optimal
twostage-20260916T061947Z	LE:CCRF-CEM	magnitude_g1.00	EX_dhap_e	0.0	0.0	5.457945347808256	primary	optimal
twostage-20260916T061947Z	LE:CCRF-CEM	magnitude_g1.00	EX_dmgly_e	0.0	0.0	4.348048429774825	primary	optimal
twostage-20260916T061947Z	LE:CCRF-CEM	magnitude_g1.00	EX_duri_e	0.0	0.0	1.8704055378021576	primary	optimal
twostage-20260916T061947Z	LE:CCRF-CEM	magnitude_g1.00	EX_ethamp_e	0.0	0.0	6.0716780919425535	primary	optimal
twostage-20260916T061947Z	LE:CCRF-CEM	magnitude_g1.00	EX_fol_e	-9.999999	-10.0	-8.881784197001252e-15	primary	optimal
twostage-20260916T061947Z	LE:CCRF-CEM	magnitude_g1.00	EX_fum_e	0.0	0.0	42.64939273136623	primary	optimal
twostage-20260916T061947Z	LE:CCRF-CEM	magnitude_g1.00	EX_g3pc_e	0.0	0.0	2.3335954894031845	primary	optimal
twostage-20260916T061947Z	LE:CCRF-CEM	magnitude_g1.00	EX_glc__D_e	-10.0	-10.0	-2.8806715806278302	primary	optimal
twostage-20260916T061947Z	LE:CCRF-CEM	magnitude_g1.00	EX_glcur_e	0.0	0.0	4.032240401649431	primary	optimal
twostage-20260916T061947Z	LE:CCRF-CEM	magnitude_g1.00	EX_gln__L_e	-9.999999	-10.0	6.458885802962561	primary	optimal
twostage-20260916T061947Z	LE:CCRF-CEM	magnitude_g1.00	EX_glu__L_e	-9.999999	-10.0	27.460763737068326	primary	optimal
twostage-20260916T061947Z	LE:CCRF-CEM	magnitude_g1.00	EX_gly_e	-9.999999	-10.0	31.034638795542026	primary	optimal
twostage-20260916T061947Z	LE:CCRF-CEM	magnitude_g1.00	EX_glyald_e	0.0	0.0	12.596482295105035	primary	optimal
twostage-20260916T061947Z	LE:CCRF-CEM	magnitude_g1.00	EX_glyb_e	0.0	0.0	10.133956049997888	primary	optimal
twostage-20260916T061947Z	LE:CCRF-CEM	magnitude_g1.00	EX_glyc3p_e	0.0	0.0	5.372212408078004	primary	optimal
twostage-20260916T061947Z	LE:CCRF-CEM	magnitude_g1.00	EX_gmp_e	0.0	0.0	0.0	primary	optimal
twostage-20260916T061947Z	LE:CCRF-CEM	magnitude_g1.00	EX_gthox_e	0.0	0.0	5.587115001777875	primary	optimal
twostage-20260916T061947Z	LE:CCRF-CEM	magnitude_g1.00	EX_hcys__L_e	0.0	0.0	4.924212192871316	primary	optimal
twostage-20260916T061947Z	LE:CCRF-CEM	magnitude_g1.00	EX_hom__L_e	0.0	0.0	0.0	primary	optimal
twostage-20260916T061947Z	LE:CCRF-CEM	magnitude_g1.00	EX_hxan_e	0.0	0.0	1.436479244146726	primary	optimal
twostage-20260916T061947Z	LE:CCRF-CEM	magnitude_g1.00	EX_icit_e	0.0	0.0	32.06356642601652	primary	optimal
twostage-20260916T061947Z	LE:CCRF-CEM	magnitude_g1.00	EX_ile__L_e	-9.999999	-10.0	-0.9398300444600078	primary	optimal
twostage-20260916T061947Z	LE:CCRF-CEM	magnitude_g1.00	EX_imp_e	0.0	0.0	1.1008961457752304	primary	optimal
twostage-20260916T061947Z	LE:CCRF-CEM	magnitude_g1.00	EX_ins_e	0.0	0.0	1.092648053625557	primary	optimal
twostage-20260916T061947Z	LE:CCRF-CEM	magnitude_g1.00	EX_lac__L_e	-0.9999989999999999	-1.0	54.25611458908236	primary	optimal
twostage-20260916T061947Z	LE:CCRF-CEM	magnitude_g1.00	EX_lcts_e	0.0	0.0	1.8219381248654827	primary	optimal
twostage-20260916T061947Z	LE:CCRF-CEM	magnitude_g1.00	EX_leu__L_e	-9.999999000000003	-10.0	-1.7922337326704447	primary	optimal
twostage-20260916T061947Z	LE:CCRF-CEM	magnitude_g1.00	EX_lys__L_e	-9.999999	-10.0	-1.945226570884163	primary	optimal
twostage-20260916T061947Z	LE:CCRF-CEM	magnitude_g1.00	EX_mal__L_e	1.0000000000000002e-06	0.0	38.37877172081349	primary	optimal
twostage-20260916T061947Z	LE:CCRF-CEM	magnitude_g1.00	EX_met__L_e	-9.999999	-10.0	-0.5026982632120713	primary	optimal
twostage-20260916T061947Z	LE:CCRF-CEM	magnitude_g1.00	EX_nac_e	0.0	0.0	10.823561151297898	primary	optimal
twostage-20260916T061947Z	LE:CCRF-CEM	magnitude_g1.00	EX_ncam_e	-9.999999000000003	-10.0	-1.3322676295501878e-14	primary	optimal
twostage-20260916T061947Z	LE:CCRF-CEM	magnitude_g1.00	EX_nicrnt_e	0.0	0.0	2.697999882338427	primary	optimal
twostage-20260916T061947Z	LE:CCRF-CEM	magnitude_g1.00	EX_orn_e	1e-06	0.0	34.36235210794545	primary	optimal
twostage-20260916T061947Z	LE:CCRF-CEM	magnitude_g1.00	EX_orot5p_e	0.0	0.0	1.6300374427082427	primary	optimal
twostage-20260916T061947Z	LE:CCRF-CEM	magnitude_g1.00	EX_orot_e	0.0	0.0	3.7411396636510954	primary	optimal
twostage-20260916T061947Z	LE:CCRF-CEM	magnitude_g1.00	EX_oxa_e	0.0	0.0	7.496514879852446	primary	optimal
twostage-20260916T061947Z	LE:CCRF-CEM	magnitude_g1.00	EX_pep_e	0.0	0.0	6.071678091942496	primary	optimal
twostage-20260916T061947Z	LE:CCRF-CEM	magnitude_g1.00	EX_phe__L_e	-9.13454787421323	-10.0	-0.8524036882104316	primary	optimal
twostage-20260916T061947Z	LE:CCRF-CEM	magnitude_g1.00	EX_pnto__R_e	-3.803900962613167e-13	-10.0	0.050000000000000266	primary	optimal
twostage-20260916T061947Z	LE:CCRF-CEM	magnitude_g1.00	EX_pro__L_e	-1.3551019514204603	-10.0	22.971912546864285	primary	optimal
twostage-20260916T061947Z	LE:CCRF-CEM	magnitude_g1.00	EX_quln_e	3.9642989294507117e-16	0.0	1.32880536420036	primary	optimal
twostage-20260916T061947Z	LE:CCRF-CEM	magnitude_g1.00	EX_sbt__D_e	0.0	0.0	0.0	primary	optimal
twostage-20260916T061947Z	LE:CCRF-CEM	magnitude_g1.00	EX_ser__L_e	-10.0	-10.0	3.225267525172085	primary	optimal
twostage-20260916T061947Z	LE:CCRF-CEM	magnitude_g1.00	EX_spmd_e	0.0	0.0	1.4064601576074314	primary	optimal
twostage-20260916T061947Z	LE:CCRF-CEM	magnitude_g1.00	EX_sprm_e	0.0	0.0	0.7099197177233852	primary	optimal
twostage-20260916T061947Z	LE:CCRF-CEM	magnitude_g1.00	EX_srtn_e	0.0	0.0	4.035817645914167	primary	optimal
twostage-20260916T061947Z	LE:CCRF-CEM	magnitude_g1.00	EX_succ_e	13.46256826436765	0.0	62.28404005863318	primary	optimal
twostage-20260916T061947Z	LE:CCRF-CEM	magnitude_g1.00	EX_sucr_e	0.0	0.0	0.0	primary	optimal
twostage-20260916T061947Z	LE:CCRF-CEM	magnitude_g1.00	EX_taur_e	0.0	0.0	3.581163666656274	primary	optimal
twostage-20260916T061947Z	LE:CCRF-CEM	magnitude_g1.00	EX_tchola_e	0.0	0.0	0.7648080223676763	primary	optimal
twostage-20260916T061947Z	LE:CCRF-CEM	magnitude_g1.00	EX_thr__L_e	-1.027256400709608	-10.0	-1.0272564007096072	primary	optimal
twostage-20260916T061947Z	LE:CCRF-CEM	magnitude_g1.00	EX_thym_e	0.0	0.0	2.3291732233488713	primary	optimal
twostage-20260916T061947Z	LE:CCRF-CEM	magnitude_g1.00	EX_thymd_e	0.0	0.0	1.5748139794871454	primary	optimal
twostage-20260916T061947Z	LE:CCRF-CEM	magnitude_g1.00	EX_trp__L_e	-0.04371317812479467	-10.0	-0.04371317812479347	primary	optimal
twostage-20260916T061947Z	LE:CCRF-CEM	magnitude_g1.00	EX_tyr__L_e	-0.5245548522744695	-10.0	3.7041864511069553	primary	optimal
twostage-20260916T061947Z	LE:CCRF-CEM	magnitude_g1.00	EX_ump_e	0.0	0.0	1.1982995545190522	primary	optimal
twostage-20260916T061947Z	LE:CCRF-CEM	magnitude_g1.00	EX_ura_e	0.0	0.0	3.2085094414389483	primary	optimal
twostage-20260916T061947Z	LE:CCRF-CEM	magnitude_g1.00	EX_urate_e	0.0	0.0	1.372199499732017	primary	optimal
twostage-20260916T061947Z	LE:CCRF-CEM	magnitude_g1.00	EX_uri_e	0.0	0.0	1.8943099224702389	primary	optimal
twostage-20260916T061947Z	LE:CCRF-CEM	magnitude_g1.00	EX_val__L_e	-1.1583931498594309	-10.0	-1.1583926498609207	primary	optimal
twostage-20260916T061947Z	LE:CCRF-CEM	magnitude_g1.00	EX_xan_e	0.0	0.0	1.408635464186934	primary	optimal
twostage-20260916T061947Z	LE:CCRF-CEM	magnitude_g1.00	EX_xmp_e	0.0	0.0	1.0816118565177375	primary	optimal
twostage-20260916T061947Z	LE:CCRF-CEM	magnitude_g1.00	EX_xtsn_e	0.0	0.0	1.0753472342971049	primary	optimal
twostage-20260916T061947Z	LE:HL-60(TB)	magnitude_g1.00	EX_2pg_e	0.0	0.0	6.07167809194258	primary	optimal
twostage-20260916T061947Z	LE:HL-60(TB)	magnitude_g1.00	EX_34hpp_e	0.0	0.0	12.964175220110757	primary	optimal
twostage-20260916T061947Z	LE:HL-60(TB)	magnitude_g1.00	EX_3hanthrn_e	0.0	0.0	1.9617252829685743	primary	optimal
twostage-20260916T061947Z	LE:HL-60(TB)	magnitude_g1.00	EX_3pg_e	0.0	0.0	6.071678091942528	primary	optimal
twostage-20260916T061947Z	LE:HL-60(TB)	magnitude_g1.00	EX_4abut_e	0.0	0.0	31.43720399899709	primary	optimal
twostage-20260916T061947Z	LE:HL-60(TB)	magnitude_g1.00	EX_4hbz_e	0.0	0.0	5.470310028022829	primary	optimal
twostage-20260916T061947Z	LE:HL-60(TB)	magnitude_g1.00	EX_L2aadp_e	0.0	0.0	8.714922333965756	primary	optimal
twostage-20260916T061947Z	LE:HL-60(TB)	magnitude_g1.00	EX_Lkynr_e	0.0	0.0	3.9461786866761064	primary	optimal
twostage-20260916T061947Z	LE:HL-60(TB)	magnitude_g1.00	EX_acac_e	0.0	0.0	14.162473023595105	primary	optimal
twostage-20260916T061947Z	LE:HL-60(TB)	magnitude_g1.00	EX_ade_e	0.0	0.0	1.260207985695738	primary	optimal
twostage-20260916T061947Z	LE:HL-60(TB)	magnitude_g1.00	EX_adn_e	0.0	0.0	0.9908700090804491	primary	optimal
twostage-20260916T061947Z	LE:HL-60(TB)	magnitude_g1.00	EX_ahcys_e	0.0	0.0	0.9245410136761775	primary	optimal
twostage-20260916T061947Z	LE:HL-60(TB)	magnitude_g1.00	EX_akg_e	0.0	0.0	39.45557729594661	primary	optimal
twostage-20260916T061947Z	LE:HL-60(TB)	magnitude_g1.00	EX_ala__L_e	1e-06	0.0	58.3230608751902	primary	optimal
twostage-20260916T061947Z	LE:HL-60(TB)	magnitude_g1.00	EX_amp_e	0.0	0.0	0.8238621183115307	primary	optimal
twostage-20260916T061947Z	LE:HL-60(TB)	magnitude_g1.00	EX_anth_e	0.0	0.0	3.6837645149549347	primary	optimal
twostage-20260916T061947Z	LE:HL-60(TB)	magnitude_g1.00	EX_arg__L_e	-9.999999	-10.0	3.1673357836940568	primary	optimal
twostage-20260916T061947Z	LE:HL-60(TB)	magnitude_g1.00	EX_asn__L_e	-9.999999	-10.0	7.304194325117037	primary	optimal
twostage-20260916T061947Z	LE:HL-60(TB)	magnitude_g1.00	EX_asp__L_e	-9.999999	-10.0	30.231797947084488	primary	optimal
twostage-20260916T061947Z	LE:HL-60(TB)	magnitude_g1.00	EX_bilirub_e	0.0	0.0	0.48654274996937	primary	optimal
twostage-20260916T061947Z	LE:HL-60(TB)	magnitude_g1.00	EX_cala_e	0.0	0.0	3.0287103263364474	primary	optimal
twostage-20260916T061947Z	LE:HL-60(TB)	magnitude_g1.00	EX_chol_e	-9.999999	-10.0	0.5301256113629053	primary	optimal
twostage-20260916T061947Z	LE:HL-60(TB)	magnitude_g1.00	EX_cholp_e	0.0	0.0	6.071678091942787	primary	optimal
twostage-20260916T061947Z	LE:HL-60(TB)	magnitude_g1.00	EX_cit_e	0.0	0.0	31.04532622898709	primary	optimal
twostage-20260916T061947Z	LE:HL-60(TB)	magnitude_g1.00	EX_citr__L_e	0.0	0.0	15.970020002813822	primary	optimal
twostage-20260916T061947Z	LE:HL-60(TB)	magnitude_g1.00	EX_cmp_e	0.0	0.0	0.0	primary	optimal
twostage-20260916T061947Z	LE:HL-60(TB)	magnitude_g1.00	EX_crn_e	-0.999999	-1.0	-1.1102230246251565e-16	primary	optimal
twostage-20260916T061947Z	LE:HL-60(TB)	magnitude_g1.00	EX_cyst__L_e	0.0	0.0	3.702279509752055	primary	optimal
twostage-20260916T061947Z	LE:HL-60(TB)	magnitude_g1.00	EX_cytd_e	0.0	0.0	1.883341887660837	primary	optimal
twostage-20260916T061947Z	LE:HL-60(TB)	magnitude_g1.00	EX_dad_2_e	0.0	0.0	0.9815062771635166	primary	optimal
twostage-20260916T061947Z	LE:HL-60(TB)	magnitude_g1.00	EX_dcmp_e	0.0	0.0	1.630336163132933	primary	optimal
twostage-20260916T061947Z	LE:HL-60(TB)	magnitude_g1.00	EX_dcyt_e	0.0	0.0	1.9356988936458237	primary	optimal
twostage-20260916T061947Z	LE:HL-60(TB)	magnitude_g1.00	EX_dhap_e	0.0	0.0	5.597715110019836	primary	optimal
twostage-20260916T061947Z	LE:HL-60(TB)	magnitude_g1.00	EX_dmgly_e	0.0	0.0	4.442510346336541	primary	optimal
twostage-20260916T061947Z	LE:HL-60(TB)	magnitude_g1.00	EX_duri_e	0.0	0.0	1.8953109655334535	primary	optimal
twostage-20260916T061947Z	LE:HL-60(TB)	magnitude_g1.00	EX_ethamp_e	0.0	0.0	6.0716780919425	primary	optimal
twostage-20260916T061947Z	LE:HL-60(TB)	magnitude_g1.00	EX_fol_e	-9.999998999999999	-10.0	-1.7763568394002505e-15	primary	optimal
twostage-20260916T061947Z	LE:HL-60(TB)	magnitude_g1.00	EX_fum_e	0.0	0.0	42.64939273136538	primary	optimal
twostage-20260916T061947Z	LE:HL-60(TB)	magnitude_g1.00	EX_g3pc_e	0.0	0.0	2.3591979440883803	primary	optimal
twostage-20260916T061947Z	LE:HL-60(TB)	magnitude_g1.00	EX_glc__D_e	-10.0	-10.0	-2.6968519158406523	primary	optimal
twostage-20260916T061947Z	LE:HL-60(TB)	magnitude_g1.00	EX_glcur_e	0.0	0.0	4.035687051743623	primary	optimal
twostage-20260916T061947Z	LE:HL-60(TB)	magnitude_g1.00	EX_gln__L_e	-9.999999	-10.0	6.407966200841452	primary	optimal
twostage-20260916T061947Z	LE:HL-60(TB)	magnitude_g1.00	EX_glu__L_e	-9.999999	-10.0	28.085208213397117	primary	optimal
twostage-20260916T061947Z	LE:HL-60(TB)	magnitude_g1.00	EX_gly_e	-9.999999000000003	-10.0	31.45898754204933	primary	optimal
twostage-20260916T061947Z	LE:HL-60(TB)	magnitude_g1.00	EX_glyald_e	0.0	0.0	12.758006195167434	primary	optimal
twostage-20260916T061947Z	LE:HL-60(TB)	magnitude_g1.00	EX_glyb_e	0.0	0.0	10.138214811231702	primary	optimal
twostage-20260916T061947Z	LE:HL-60(TB)	magnitude_g1.00	EX_glyc3p_e	0.0	0.0	5.5101171757647505	primary	optimal
twostage-20260916T061947Z	LE:HL-60(TB)	magnitude_g1.00	EX_gmp_e	0.0	0.0	0.0	primary	optimal
twostage-20260916T061947Z	LE:HL-60(TB)	magnitude_g1.00	EX_gthox_e	0.0	0.0	5.602422550956813	primary	optimal
twostage-20260916T061947Z	LE:HL-60(TB)	magnitude_g1.00	EX_hcys__L_e	0.0	0.0	4.9927169997449345	primary	optimal
twostage-20260916T061947Z	LE:HL-60(TB)	magnitude_g1.00	EX_hom__L_e	0.0	0.0	0.0	primary	optimal
twostage-20260916T061947Z	LE:HL-60(TB)	magnitude_g1.00	EX_hxan_e	0.0	0.0	1.475028846772523	primary	optimal
twostage-20260916T061947Z	LE:HL-60(TB)	magnitude_g1.00	EX_icit_e	0.0	0.0	32.143738946497386	primary	optimal
twostage-20260916T061947Z	LE:HL-60(TB)	magnitude_g1.00	EX_ile__L_e	-9.999999	-10.0	-0.9398300444600363	primary	optimal
twostage-20260916T061947Z	LE:HL-60(TB)	magnitude_g1.00	EX_imp_e	0.0	0.0	1.1265142928969805	primary	optimal
twostage-20260916T061947Z	LE:HL-60(TB)	magnitude_g1.00	EX_ins_e	0.0	0.0	1.1188509778440028	primary	optimal
twostage-20260916T061947Z	LE:HL-60(TB)	magnitude_g1.00	EX_lac__L_e	-0.9999990000000001	-1.0	54.25611458908137	primary	optimal
twostage-20260916T061947Z	LE:HL-60(TB)	magnitude_g1.00	EX_lcts_e	0.0	0.0	1.8630224453064623	primary	optimal
twostage-20260916T061947Z	LE:HL-60(TB)	magnitude_g1.00	EX_leu__L_e	-9.999999	-10.0	-1.79223373267045	primary	optimal
twostage-20260916T061947Z	LE:HL-60(TB)	magnitude_g1.00	EX_lys__L_e	-9.999999	-10.0	-1.9452265708841683	primary	optimal
twostage-20260916T061947Z	LE:HL-60(TB)	magnitude_g1.00	EX_mal__L_e	1e-06	0.0	38.37877172081285	primary	optimal
twostage-20260916T061947Z	LE:HL-60(TB)	magnitude_g1.00	EX_met__L_e	-9.999999	-10.0	-0.5026982632120713	primary	optimal
twostage-20260916T061947Z	LE:HL-60(TB)	magnitude_g1.00	EX_nac_e	0.0	0.0	10.817837768753805	primary	optimal
twostage-20260916T061947Z	LE:HL-60(TB)	magnitude_g1.00	EX_ncam_e	-9.999999	-10.0	-1.7763568394002505e-15	primary	optimal
twostage-20260916T061947Z	LE:HL-60(TB)	magnitude_g1.00	EX_nicrnt_e	0.0	0.0	2.7597447129188413	primary	optimal
twostage-20260916T061947Z	LE:HL-60(TB)	magnitude_g1.00	EX_orn_e	1e-06	0.0	34.150476456649194	primary	optimal
twostage-20260916T061947Z	LE:HL-60(TB)	magnitude_g1.00	EX_orot5p_e	0.0	0.0	1.655962257055817	primary	optimal
twostage-20260916T061947Z	LE:HL-60(TB)	magnitude_g1.00	EX_orot_e	0.0	0.0	3.7837932007884083	primary	optimal
twostage-20260916T061947Z	LE:HL-60(TB)	magnitude_g1.00	EX_oxa_e	0.0	0.0	7.56187421522179	primary	optimal
twostage-20260916T061947Z	LE:HL-60(TB)	magnitude_g1.00	EX_pep_e	0.0	0.0	6.0716780919425535	primary	optimal
twostage-20260916T061947Z	LE:HL-60(TB)	magnitude_g1.00	EX_phe__L_e	-9.134547874206534	-10.0	-0.8524036882104227	primary	optimal
twostage-20260916T061947Z	LE:HL-60(TB)	magnitude_g1.00	EX_pnto__R_e	-4.172760855490753e-12	-10.0	0.05000000000000071	primary	optimal
twostage-20260916T061947Z	LE:HL-60(TB)	magnitude_g1.00	EX_pro__L_e	-1.3551019514211553	-10.0	22.55518843926339	primary	optimal
twostage-20260916T061947Z	LE:HL-60(TB)	magnitude_g1.00	EX_quln_e	-2.2276750744804353e-15	0.0	1.3208701683931179	primary	optimal
twostage-20260916T061947Z	LE:HL-60(TB)	magnitude_g1.00	EX_sbt__D_e	0.0	0.0	0.0	primary	optimal
twostage-20260916T061947Z	LE:HL-60(TB)	magnitude_g1.00	EX_ser__L_e	-10.0	-10.0	3.7146378551157717	primary	optimal
twostage-20260916T061947Z	LE:HL-60(TB)	magnitude_g1.00	EX_spmd_e	0.0	0.0	1.4103245498808583	primary	optimal
twostage-20260916T061947Z	LE:HL-60(TB)	magnitude_g1.00	EX_sprm_e	0.0	0.0	0.7136655015473907	primary	optimal
twostage-20260916T061947Z	LE:HL-60(TB)	magnitude_g1.00	EX_srtn_e	0.0	0.0	3.98831615521259	primary	optimal
twostage-20260916T061947Z	LE:HL-60(TB)	magnitude_g1.00	EX_succ_e	13.46256826436811	0.0	62.279678461310034	primary	optimal
twostage-20260916T061947Z	LE:HL-60(TB)	magnitude_g1.00	EX_sucr_e	0.0	0.0	0.0	primary	optimal
twostage-20260916T061947Z	LE:HL-60(TB)	magnitude_g1.00	EX_taur_e	0.0	0.0	3.576536985719374	primary	optimal
twostage-20260916T061947Z	LE:HL-60(TB)	magnitude_g1.00	EX_tchola_e	0.0	0.0	0.7618373073275694	primary	optimal
twostage-20260916T061947Z	LE:HL-60(TB)	magnitude_g1.00	EX_thr__L_e	-1.0272564007096086	-10.0	-1.027256400709609	primary	optimal
twostage-20260916T061947Z	LE:HL-60(TB)	magnitude_g1.00	EX_thym_e	0.0	0.0	2.3669464188029807	primary	optimal
twostage-20260916T061947Z	LE:HL-60(TB)	magnitude_g1.00	EX_thymd_e	0.0	0.0	1.5908486258003527	primary	optimal
twostage-20260916T061947Z	LE:HL-60(TB)	magnitude_g1.00	EX_trp__L_e	-0.04371317812479467	-10.0	-0.04371317812478992	primary	optimal
twostage-20260916T061947Z	LE:HL-60(TB)	magnitude_g1.00	EX_tyr__L_e	-0.5245548522744694	-10.0	3.674498440015777	primary	optimal
twostage-20260916T061947Z	LE:HL-60(TB)	magnitude_g1.00	EX_ump_e	0.0	0.0	1.2153238392589558	primary	optimal
twostage-20260916T061947Z	LE:HL-60(TB)	magnitude_g1.00	EX_ura_e	0.0	0.0	3.250394079263365	primary	optimal
twostage-20260916T061947Z	LE:HL-60(TB)	magnitude_g1.00	EX_urate_e	0.0	0.0	1.4114627169624827	primary	optimal
twostage-20260916T061947Z	LE:HL-60(TB)	magnitude_g1.00	EX_uri_e	0.0	0.0	1.9197741049591772	primary	optimal
twostage-20260916T061947Z	LE:HL-60(TB)	magnitude_g1.00	EX_val__L_e	-1.1583931498577018	-10.0	-1.1583926498609163	primary	optimal
twostage-20260916T061947Z	LE:HL-60(TB)	magnitude_g1.00	EX_xan_e	0.0	0.0	1.4467670770461214	primary	optimal
twostage-20260916T061947Z	LE:HL-60(TB)	magnitude_g1.00	EX_xmp_e	0.0	0.0	1.1078175974604905	primary	optimal
twostage-20260916T061947Z	LE:HL-60(TB)	magnitude_g1.00	EX_xtsn_e	0.0	0.0	1.1021089451554518	primary	optimal
twostage-20260916T061947Z	LE:K-562	magnitude_g1.00	EX_2pg_e	0.0	0.0	6.071678091942583	primary	optimal
twostage-20260916T061947Z	LE:K-562	magnitude_g1.00	EX_34hpp_e	0.0	0.0	13.001301146662923	primary	optimal
twostage-20260916T061947Z	LE:K-562	magnitude_g1.00	EX_3hanthrn_e	0.0	0.0	1.9753255187196321	primary	optimal
twostage-20260916T061947Z	LE:K-562	magnitude_g1.00	EX_3pg_e	0.0	0.0	6.071678091942505	primary	optimal
twostage-20260916T061947Z	LE:K-562	magnitude_g1.00	EX_4abut_e	0.0	0.0	33.697084537566376	primary	optimal
twostage-20260916T061947Z	LE:K-562	magnitude_g1.00	EX_4hbz_e	0.0	0.0	5.397598967480928	primary	optimal
twostage-20260916T061947Z	LE:K-562	magnitude_g1.00	EX_L2aadp_e	0.0	0.0	8.714658480979955	primary	optimal
twostage-20260916T061947Z	LE:K-562	magnitude_g1.00	EX_Lkynr_e	0.0	0.0	3.987184171259312	primary	optimal
twostage-20260916T061947Z	LE:K-562	magnitude_g1.00	EX_acac_e	0.0	0.0	14.348288328189573	primary	optimal
twostage-20260916T061947Z	LE:K-562	magnitude_g1.00	EX_ade_e	0.0	0.0	1.2423636082315408	primary	optimal
twostage-20260916T061947Z	LE:K-562	magnitude_g1.00	EX_adn_e	0.0	0.0	0.9776620527835671	primary	optimal
twostage-20260916T061947Z	LE:K-562	magnitude_g1.00	EX_ahcys_e	0.0	0.0	0.9129645219940569	primary	optimal
twostage-20260916T061947Z	LE:K-562	magnitude_g1.00	EX_akg_e	0.0	0.0	39.236695832755814	primary	optimal
twostage-20260916T061947Z	LE:K-562	magnitude_g1.00	EX_ala__L_e	1e-06	0.0	58.777268926000104	primary	optimal
twostage-20260916T061947Z	LE:K-562	magnitude_g1.00	EX_amp_e	0.0	0.0	0.8141873464092813	primary	optimal
twostage-20260916T061947Z	LE:K-562	magnitude_g1.00	EX_anth_e	0.0	0.0	3.7117632363509894	primary	optimal
twostage-20260916T061947Z	LE:K-562	magnitude_g1.00	EX_arg__L_e	-9.999999	-10.0	3.1415737444224563	primary	optimal
twostage-20260916T061947Z	LE:K-562	magnitude_g1.00	EX_asn__L_e	-9.999999	-10.0	7.332510717058595	primary	optimal
twostage-20260916T061947Z	LE:K-562	magnitude_g1.00	EX_asp__L_e	-9.999999	-10.0	29.818596055722946	primary	optimal
twostage-20260916T061947Z	LE:K-562	magnitude_g1.00	EX_bilirub_e	0.0	0.0	0.4923468044888328	primary	optimal
twostage-20260916T061947Z	LE:K-562	magnitude_g1.00	EX_cala_e	0.0	0.0	2.998750120890832	primary	optimal
twostage-20260916T061947Z	LE:K-562	magnitude_g1.00	EX_chol_e	-9.999999	-10.0	0.5397441044663609	primary	optimal
twostage-20260916T061947Z	LE:K-562	magnitude_g1.00	EX_cholp_e	0.0	0.0	6.071678091942367	primary	optimal
twostage-20260916T061947Z	LE:K-562	magnitude_g1.00	EX_cit_e	0.0	0.0	31.045326228989254	primary	optimal
twostage-20260916T061947Z	LE:K-562	magnitude_g1.00	EX_citr__L_e	0.0	0.0	15.93901812181836	primary	optimal
twostage-20260916T061947Z	LE:K-562	magnitude_g1.00	EX_cmp_e	0.0	0.0	0.0	primary	optimal
twostage-20260916T061947Z	LE:K-562	magnitude_g1.00	EX_crn_e	-0.9999990000000001	-1.0	-2.220446049250313e-16	primary	optimal
twostage-20260916T061947Z	LE:K-562	magnitude_g1.00	EX_cyst__L_e	0.0	0.0	3.6888821634104856	primary	optimal
twostage-20260916T061947Z	LE:K-562	magnitude_g1.00	EX_cytd_e	0.0	0.0	1.867154676682786	primary	optimal
twostage-20260916T061947Z	LE:K-562	magnitude_g1.00	EX_dad_2_e	0.0	0.0	0.969604818982656	primary	optimal
twostage-20260916T061947Z	LE:K-562	magnitude_g1.00	EX_dcmp_e	0.0	0.0	1.6200710162816832	primary	optimal
twostage-20260916T061947Z	LE:K-562	magnitude_g1.00	EX_dcyt_e	0.0	0.0	1.9280258587526242	primary	optimal
twostage-20260916T061947Z	LE:K-562	magnitude_g1.00	EX_dhap_e	0.0	0.0	5.518162544984331	primary	optimal
twostage-20260916T061947Z	LE:K-562	magnitude_g1.00	EX_dmgly_e	0.0	0.0	4.379667481997832	primary	optimal
twostage-20260916T061947Z	LE:K-562	magnitude_g1.00	EX_duri_e	0.0	0.0	1.888869616326024	primary	optimal
twostage-20260916T061947Z	LE:K-562	magnitude_g1.00	EX_ethamp_e	0.0	0.0	6.071678091942533	primary	optimal
twostage-20260916T061947Z	LE:K-562	magnitude_g1.00	EX_fol_e	-9.999999	-10.0	9.237055564881302e-14	primary	optimal
twostage-20260916T061947Z	LE:K-562	magnitude_g1.00	EX_fum_e	0.0	0.0	42.637790948962156	primary	optimal
twostage-20260916T061947Z	LE:K-562	magnitude_g1.00	EX_g3pc_e	0.0	0.0	2.3506900046348	primary	optimal
twostage-20260916T061947Z	LE:K-562	magnitude_g1.00	EX_glc__D_e	-10.0	-10.0	-2.819505584693601	primary	optimal
twostage-20260916T061947Z	LE:K-562	magnitude_g1.00	EX_glcur_e	0.0	0.0	4.047654318457139	primary	optimal
twostage-20260916T061947Z	LE:K-562	magnitude_g1.00	EX_gln__L_e	-9.999999000000003	-10.0	6.439964563327805	primary	optimal
twostage-20260916T061947Z	LE:K-562	magnitude_g1.00	EX_glu__L_e	-9.999999	-10.0	27.556426954691002	primary	optimal
twostage-20260916T061947Z	LE:K-562	magnitude_g1.00	EX_gly_e	-9.999999	-10.0	31.32672824103656	primary	optimal
twostage-20260916T061947Z	LE:K-562	magnitude_g1.00	EX_glyald_e	0.0	0.0	12.68996195148953	primary	optimal
twostage-20260916T061947Z	LE:K-562	magnitude_g1.00	EX_glyb_e	0.0	0.0	10.140573682262385	primary	optimal
twostage-20260916T061947Z	LE:K-562	magnitude_g1.00	EX_glyc3p_e	0.0	0.0	5.43251974654489	primary	optimal
twostage-20260916T061947Z	LE:K-562	magnitude_g1.00	EX_gmp_e	0.0	0.0	0.0	primary	optimal
twostage-20260916T061947Z	LE:K-562	magnitude_g1.00	EX_gthox_e	0.0	0.0	5.578871432203541	primary	optimal
twostage-20260916T061947Z	LE:K-562	magnitude_g1.00	EX_hcys__L_e	0.0	0.0	4.959656126571537	primary	optimal
twostage-20260916T061947Z	LE:K-562	magnitude_g1.00	EX_hom__L_e	0.0	0.0	0.0	primary	optimal
twostage-20260916T061947Z	LE:K-562	magnitude_g1.00	EX_hxan_e	0.0	0.0	1.4552861619766437	primary	optimal
twostage-20260916T061947Z	LE:K-562	magnitude_g1.00	EX_icit_e	0.0	0.0	31.834953936375385	primary	optimal
twostage-20260916T061947Z	LE:K-562	magnitude_g1.00	EX_ile__L_e	-9.999999	-10.0	-0.9398300444600265	primary	optimal
twostage-20260916T061947Z	LE:K-562	magnitude_g1.00	EX_imp_e	0.0	0.0	1.1127035966142271	primary	optimal
twostage-20260916T061947Z	LE:K-562	magnitude_g1.00	EX_ins_e	0.0	0.0	1.1047397660732403	primary	optimal
twostage-20260916T061947Z	LE:K-562	magnitude_g1.00	EX_lac__L_e	-0.9999990000000001	-1.0	54.256114589077406	primary	optimal
twostage-20260916T061947Z	LE:K-562	magnitude_g1.00	EX_lcts_e	0.0	0.0	1.8403576794204657	primary	optimal
twostage-20260916T061947Z	LE:K-562	magnitude_g1.00	EX_leu__L_e	-9.999999	-10.0	-1.7922337326704634	primary	optimal
twostage-20260916T061947Z	LE:K-562	magnitude_g1.00	EX_lys__L_e	-9.999999	-10.0	-1.9452265708841674	primary	optimal
twostage-20260916T061947Z	LE:K-562	magnitude_g1.00	EX_mal__L_e	1e-06	0.0	38.37877172081348	primary	optimal
twostage-20260916T061947Z	LE:K-562	magnitude_g1.00	EX_met__L_e	-9.999999000000003	-10.0	-0.5026982632120713	primary	optimal
twostage-20260916T061947Z	LE:K-562	magnitude_g1.00	EX_nac_e	0.0	0.0	10.835327548878945	primary	optimal
twostage-20260916T061947Z	LE:K-562	magnitude_g1.00	EX_ncam_e	-9.999999	-10.0	0.0	primary	optimal
twostage-20260916T061947Z	LE:K-562	magnitude_g1.00	EX_nicrnt_e	0.0	0.0	2.7237880456731753	primary	optimal
twostage-20260916T061947Z	LE:K-562	magnitude_g1.00	EX_orn_e	1.0000000000000002e-06	0.0	34.76172376699625	primary	optimal
twostage-20260916T061947Z	LE:K-562	magnitude_g1.00	EX_orot5p_e	0.0	0.0	1.6421453817572258	primary	optimal
twostage-20260916T061947Z	LE:K-562	magnitude_g1.00	EX_orot_e	0.0	0.0	3.7595081532875425	primary	optimal
twostage-20260916T061947Z	LE:K-562	magnitude_g1.00	EX_oxa_e	0.0	0.0	7.527733042022176	primary	optimal
twostage-20260916T061947Z	LE:K-562	magnitude_g1.00	EX_pep_e	0.0	0.0	6.071678091942399	primary	optimal
twostage-20260916T061947Z	LE:K-562	magnitude_g1.00	EX_phe__L_e	-9.134547874214013	-10.0	-0.8524036882104351	primary	optimal
twostage-20260916T061947Z	LE:K-562	magnitude_g1.00	EX_pnto__R_e	-9.544134197016349e-13	-10.0	0.05000000000000249	primary	optimal
twostage-20260916T061947Z	LE:K-562	magnitude_g1.00	EX_pro__L_e	-1.3551019514224376	-10.0	24.186288181193355	primary	optimal
twostage-20260916T061947Z	LE:K-562	magnitude_g1.00	EX_quln_e	0.0	0.0	1.328977434616155	primary	optimal
twostage-20260916T061947Z	LE:K-562	magnitude_g1.00	EX_sbt__D_e	0.0	0.0	0.0	primary	optimal
twostage-20260916T061947Z	LE:K-562	magnitude_g1.00	EX_ser__L_e	-10.0	-10.0	3.586646760010722	primary	optimal
twostage-20260916T061947Z	LE:K-562	magnitude_g1.00	EX_spmd_e	0.0	0.0	1.4092886684276258	primary	optimal
twostage-20260916T061947Z	LE:K-562	magnitude_g1.00	EX_sprm_e	0.0	0.0	0.7101124599473154	primary	optimal
twostage-20260916T061947Z	LE:K-562	magnitude_g1.00	EX_srtn_e	0.0	0.0	4.03743595644558	primary	optimal
twostage-20260916T061947Z	LE:K-562	magnitude_g1.00	EX_succ_e	13.462568264377603	0.0	62.26907757899519	primary	optimal
twostage-20260916T061947Z	LE:K-562	magnitude_g1.00	EX_sucr_e	0.0	0.0	0.0	primary	optimal
twostage-20260916T061947Z	LE:K-562	magnitude_g1.00	EX_taur_e	0.0	0.0	3.6005052729352687	primary	optimal
twostage-20260916T061947Z	LE:K-562	magnitude_g1.00	EX_tchola_e	0.0	0.0	0.7676616758674893	primary	optimal
twostage-20260916T061947Z	LE:K-562	magnitude_g1.00	EX_thr__L_e	-1.027256400709608	-10.0	-1.0272564007095983	primary	optimal
twostage-20260916T061947Z	LE:K-562	magnitude_g1.00	EX_thym_e	0.0	0.0	2.3583293493197517	primary	optimal
twostage-20260916T061947Z	LE:K-562	magnitude_g1.00	EX_thymd_e	0.0	0.0	1.5901219115101664	primary	optimal
twostage-20260916T061947Z	LE:K-562	magnitude_g1.00	EX_trp__L_e	-0.04371317812479467	-10.0	-0.04371317812479525	primary	optimal
twostage-20260916T061947Z	LE:K-562	magnitude_g1.00	EX_tyr__L_e	-0.5245548522744695	-10.0	3.713528737959295	primary	optimal
twostage-20260916T061947Z	LE:K-562	magnitude_g1.00	EX_ump_e	0.0	0.0	1.2096498803919933	primary	optimal
twostage-20260916T061947Z	LE:K-562	magnitude_g1.00	EX_ura_e	0.0	0.0	3.2372339755525212	primary	optimal
twostage-20260916T061947Z	LE:K-562	magnitude_g1.00	EX_urate_e	0.0	0.0	1.3880854456428404	primary	optimal
twostage-20260916T061947Z	LE:K-562	magnitude_g1.00	EX_uri_e	0.0	0.0	1.908950668876681	primary	optimal
twostage-20260916T061947Z	LE:K-562	magnitude_g1.00	EX_val__L_e	-1.1583931498635072	-10.0	-1.1583926498609234	primary	optimal
twostage-20260916T061947Z	LE:K-562	magnitude_g1.00	EX_xan_e	0.0	0.0	1.4243537825316104	primary	optimal
twostage-20260916T061947Z	LE:K-562	magnitude_g1.00	EX_xmp_e	0.0	0.0	1.0935987884827394	primary	optimal
twostage-20260916T061947Z	LE:K-562	magnitude_g1.00	EX_xtsn_e	0.0	0.0	1.086741564577773	primary	optimal
twostage-20260916T061947Z	LE:MOLT-4	magnitude_g1.00	EX_2pg_e	0.0	0.0	6.0716780919423545	primary	optimal
twostage-20260916T061947Z	LE:MOLT-4	magnitude_g1.00	EX_34hpp_e	0.0	0.0	12.926413050257535	primary	optimal
twostage-20260916T061947Z	LE:MOLT-4	magnitude_g1.00	EX_3hanthrn_e	0.0	0.0	1.9482765840327754	primary	optimal
twostage-20260916T061947Z	LE:MOLT-4	magnitude_g1.00	EX_3pg_e	0.0	0.0	6.07167809194244	primary	optimal
twostage-20260916T061947Z	LE:MOLT-4	magnitude_g1.00	EX_4abut_e	0.0	0.0	32.412869307038264	primary	optimal
twostage-20260916T061947Z	LE:MOLT-4	magnitude_g1.00	EX_4hbz_e	0.0	0.0	5.36453998390782	primary	optimal
twostage-20260916T061947Z	LE:MOLT-4	magnitude_g1.00	EX_L2aadp_e	0.0	0.0	8.690099637955315	primary	optimal
twostage-20260916T061947Z	LE:MOLT-4	magnitude_g1.00	EX_Lkynr_e	0.0	0.0	3.9341870065554616	primary	optimal
twostage-20260916T061947Z	LE:MOLT-4	magnitude_g1.00	EX_acac_e	0.0	0.0	14.156750013680128	primary	optimal
twostage-20260916T061947Z	LE:MOLT-4	magnitude_g1.00	EX_ade_e	0.0	0.0	1.2264192318234781	primary	optimal
twostage-20260916T061947Z	LE:MOLT-4	magnitude_g1.00	EX_adn_e	0.0	0.0	0.966288396556641	primary	optimal
twostage-20260916T061947Z	LE:MOLT-4	magnitude_g1.00	EX_ahcys_e	0.0	0.0	0.9035302113077103	primary	optimal
twostage-20260916T061947Z	LE:MOLT-4	magnitude_g1.00	EX_akg_e	0.0	0.0	39.56959515332843	primary	optimal
twostage-20260916T061947Z	LE:MOLT-4	magnitude_g1.00	EX_ala__L_e	1e-06	0.0	58.21402998712494	primary	optimal
twostage-20260916T061947Z	LE:MOLT-4	magnitude_g1.00	EX_amp_e	0.0	0.0	0.8044764831335627	primary	optimal
twostage-20260916T061947Z	LE:MOLT-4	magnitude_g1.00	EX_anth_e	0.0	0.0	3.6620181078153498	primary	optimal
twostage-20260916T061947Z	LE:MOLT-4	magnitude_g1.00	EX_arg__L_e	-9.999999000000003	-10.0	3.151691745324757	primary	optimal
twostage-20260916T061947Z	LE:MOLT-4	magnitude_g1.00	EX_asn__L_e	-9.999999	-10.0	7.262215758685178	primary	optimal
twostage-20260916T061947Z	LE:MOLT-4	magnitude_g1.00	EX_asp__L_e	-9.999999	-10.0	29.58570731899605	primary	optimal
twostage-20260916T061947Z	LE:MOLT-4	magnitude_g1.00	EX_bilirub_e	0.0	0.0	0.48390332424675403	primary	optimal
twostage-20260916T061947Z	LE:MOLT-4	magnitude_g1.00	EX_cala_e	0.0	0.0	3.0292332006874196	primary	optimal
twostage-20260916T061947Z	LE:MOLT-4	magnitude_g1.00	EX_chol_e	-9.999999	-10.0	0.5187189721556789	primary	optimal
twostage-20260916T061947Z	LE:MOLT-4	magnitude_g1.00	EX_cholp_e	0.0	0.0	6.071678091942358	primary	optimal
twostage-20260916T061947Z	LE:MOLT-4	magnitude_g1.00	EX_cit_e	0.0	0.0	31.04532622898925	primary	optimal
twostage-20260916T061947Z	LE:MOLT-4	magnitude_g1.00	EX_citr__L_e	0.0	0.0	15.929248857950716	primary	optimal
twostage-20260916T061947Z	LE:MOLT-4	magnitude_g1.00	EX_cmp_e	0.0	0.0	0.0	primary	optimal
twostage-20260916T061947Z	LE:MOLT-4	magnitude_g1.00	EX_crn_e	-0.999999	-1.0	0.0	primary	optimal
twostage-20260916T061947Z	LE:MOLT-4	magnitude_g1.00	EX_cyst__L_e	0.0	0.0	3.6312050453176283	primary	optimal
twostage-20260916T061947Z	LE:MOLT-4	magnitude_g1.00	EX_cytd_e	0.0	0.0	1.8575446309849712	primary	optimal
twostage-20260916T061947Z	LE:MOLT-4	magnitude_g1.00	EX_dad_2_e	0.0	0.0	0.9578058099053223	primary	optimal
twostage-20260916T061947Z	LE:MOLT-4	magnitude_g1.00	EX_dcmp_e	0.0	0.0	1.609797697146346	primary	optimal
twostage-20260916T061947Z	LE:MOLT-4	magnitude_g1.00	EX_dcyt_e	0.0	0.0	1.908324498456674	primary	optimal
twostage-20260916T061947Z	LE:MOLT-4	magnitude_g1.00	EX_dhap_e	0.0	0.0	5.451464559135648	primary	optimal
twostage-20260916T061947Z	LE:MOLT-4	magnitude_g1.00	EX_dmgly_e	0.0	0.0	4.370365667042678	primary	optimal
twostage-20260916T061947Z	LE:MOLT-4	magnitude_g1.00	EX_duri_e	0.0	0.0	1.8688492930684186	primary	optimal
twostage-20260916T061947Z	LE:MOLT-4	magnitude_g1.00	EX_ethamp_e	0.0	0.0	6.071678091942343	primary	optimal
twostage-20260916T061947Z	LE:MOLT-4	magnitude_g1.00	EX_fol_e	-9.999999	-10.0	-1.0658141036401503e-14	primary	optimal
twostage-20260916T061947Z	LE:MOLT-4	magnitude_g1.00	EX_fum_e	1e-06	0.0	42.64224523562728	primary	optimal
twostage-20260916T061947Z	LE:MOLT-4	magnitude_g1.00	EX_g3pc_e	0.0	0.0	2.3369735853292504	primary	optimal
twostage-20260916T061947Z	LE:MOLT-4	magnitude_g1.00	EX_glc__D_e	-10.0	-10.0	-2.8794494029250997	primary	optimal
twostage-20260916T061947Z	LE:MOLT-4	magnitude_g1.00	EX_glcur_e	0.0	0.0	4.004584581719114	primary	optimal
twostage-20260916T061947Z	LE:MOLT-4	magnitude_g1.00	EX_gln__L_e	-9.999999000000003	-10.0	6.442906513151504	primary	optimal
twostage-20260916T061947Z	LE:MOLT-4	magnitude_g1.00	EX_glu__L_e	-9.999999	-10.0	27.281543242333044	primary	optimal
twostage-20260916T061947Z	LE:MOLT-4	magnitude_g1.00	EX_gly_e	-9.999999	-10.0	31.004627645882177	primary	optimal
twostage-20260916T061947Z	LE:MOLT-4	magnitude_g1.00	EX_glyald_e	0.0	0.0	12.553289009081329	primary	optimal
twostage-20260916T061947Z	LE:MOLT-4	magnitude_g1.00	EX_glyb_e	0.0	0.0	10.137741627690136	primary	optimal
twostage-20260916T061947Z	LE:MOLT-4	magnitude_g1.00	EX_glyc3p_e	0.0	0.0	5.363742739132033	primary	optimal
twostage-20260916T061947Z	LE:MOLT-4	magnitude_g1.00	EX_gmp_e	0.0	0.0	0.0	primary	optimal
twostage-20260916T061947Z	LE:MOLT-4	magnitude_g1.00	EX_gthox_e	0.0	0.0	5.584610647575756	primary	optimal
twostage-20260916T061947Z	LE:MOLT-4	magnitude_g1.00	EX_hcys__L_e	0.0	0.0	4.938345336867574	primary	optimal
twostage-20260916T061947Z	LE:MOLT-4	magnitude_g1.00	EX_hom__L_e	0.0	0.0	0.0	primary	optimal
twostage-20260916T061947Z	LE:MOLT-4	magnitude_g1.00	EX_hxan_e	0.0	0.0	1.4357312087656804	primary	optimal
twostage-20260916T061947Z	LE:MOLT-4	magnitude_g1.00	EX_icit_e	0.0	0.0	31.86217096672092	primary	optimal
twostage-20260916T061947Z	LE:MOLT-4	magnitude_g1.00	EX_ile__L_e	-9.999999	-10.0	-0.9398300444600665	primary	optimal
twostage-20260916T061947Z	LE:MOLT-4	magnitude_g1.00	EX_imp_e	0.0	0.0	1.0997573396590337	primary	optimal
twostage-20260916T061947Z	LE:MOLT-4	magnitude_g1.00	EX_ins_e	0.0	0.0	1.0916595319016813	primary	optimal
twostage-20260916T061947Z	LE:MOLT-4	magnitude_g1.00	EX_lac__L_e	-0.9999990000000001	-1.0	54.25611458908245	primary	optimal
twostage-20260916T061947Z	LE:MOLT-4	magnitude_g1.00	EX_lcts_e	0.0	0.0	1.8180311276987464	primary	optimal
twostage-20260916T061947Z	LE:MOLT-4	magnitude_g1.00	EX_leu__L_e	-9.999999	-10.0	-1.7922337326704518	primary	optimal
twostage-20260916T061947Z	LE:MOLT-4	magnitude_g1.00	EX_lys__L_e	-9.999999	-10.0	-1.9452265708841665	primary	optimal
twostage-20260916T061947Z	LE:MOLT-4	magnitude_g1.00	EX_mal__L_e	1e-06	0.0	38.37877172081379	primary	optimal
twostage-20260916T061947Z	LE:MOLT-4	magnitude_g1.00	EX_met__L_e	-9.999999000000003	-10.0	-0.5026982632120713	primary	optimal
twostage-20260916T061947Z	LE:MOLT-4	magnitude_g1.00	EX_nac_e	-2.185590988040211e-15	0.0	10.82524350748861	primary	optimal
twostage-20260916T061947Z	LE:MOLT-4	magnitude_g1.00	EX_ncam_e	-9.999999	-10.0	5.329070518200751e-15	primary	optimal
twostage-20260916T061947Z	LE:MOLT-4	magnitude_g1.00	EX_nicrnt_e	0.0	0.0	2.6958684343693995	primary	optimal
twostage-20260916T061947Z	LE:MOLT-4	magnitude_g1.00	EX_orn_e	1e-06	0.0	34.65420155436595	primary	optimal
twostage-20260916T061947Z	LE:MOLT-4	magnitude_g1.00	EX_orot5p_e	0.0	0.0	1.6274489477167209	primary	optimal
twostage-20260916T061947Z	LE:MOLT-4	magnitude_g1.00	EX_orot_e	0.0	0.0	3.7361956932386784	primary	optimal
twostage-20260916T061947Z	LE:MOLT-4	magnitude_g1.00	EX_oxa_e	0.0	0.0	7.521147160584798	primary	optimal
twostage-20260916T061947Z	LE:MOLT-4	magnitude_g1.00	EX_pep_e	0.0	0.0	6.071678091942369	primary	optimal
twostage-20260916T061947Z	LE:MOLT-4	magnitude_g1.00	EX_phe__L_e	-9.134547874219594	-10.0	-0.8524036882104475	primary	optimal
twostage-20260916T061947Z	LE:MOLT-4	magnitude_g1.00	EX_pnto__R_e	2.667195556653641e-12	-10.0	0.04999999999999716	primary	optimal
twostage-20260916T061947Z	LE:MOLT-4	magnitude_g1.00	EX_pro__L_e	-1.3551019514235785	-10.0	23.239544887504984	primary	optimal
twostage-20260916T061947Z	LE:MOLT-4	magnitude_g1.00	EX_quln_e	0.0	0.0	1.3138675425702133	primary	optimal
twostage-20260916T061947Z	LE:MOLT-4	magnitude_g1.00	EX_sbt__D_e	0.0	0.0	0.0	primary	optimal
twostage-20260916T061947Z	LE:MOLT-4	magnitude_g1.00	EX_ser__L_e	-10.0	-10.0	3.2967709464296786	primary	optimal
twostage-20260916T061947Z	LE:MOLT-4	magnitude_g1.00	EX_spmd_e	0.0	0.0	1.4042035395132688	primary	optimal
twostage-20260916T061947Z	LE:MOLT-4	magnitude_g1.00	EX_sprm_e	0.0	0.0	0.7077407733087929	primary	optimal
twostage-20260916T061947Z	LE:MOLT-4	magnitude_g1.00	EX_srtn_e	0.0	0.0	3.9827669100055294	primary	optimal
twostage-20260916T061947Z	LE:MOLT-4	magnitude_g1.00	EX_succ_e	13.46256826441475	0.0	62.28404005863347	primary	optimal
twostage-20260916T061947Z	LE:MOLT-4	magnitude_g1.00	EX_sucr_e	0.0	0.0	0.0	primary	optimal
twostage-20260916T061947Z	LE:MOLT-4	magnitude_g1.00	EX_taur_e	0.0	0.0	3.543186946909453	primary	optimal
twostage-20260916T061947Z	LE:MOLT-4	magnitude_g1.00	EX_tchola_e	0.0	0.0	0.7574773723718174	primary	optimal
twostage-20260916T061947Z	LE:MOLT-4	magnitude_g1.00	EX_thr__L_e	-1.027256400709608	-10.0	-1.0272564007096072	primary	optimal
twostage-20260916T061947Z	LE:MOLT-4	magnitude_g1.00	EX_thym_e	0.0	0.0	2.3346119602236794	primary	optimal
twostage-20260916T061947Z	LE:MOLT-4	magnitude_g1.00	EX_thymd_e	0.0	0.0	1.574604704763739	primary	optimal
twostage-20260916T061947Z	LE:MOLT-4	magnitude_g1.00	EX_trp__L_e	-0.04371317812479468	-10.0	-0.04371317812475084	primary	optimal
twostage-20260916T061947Z	LE:MOLT-4	magnitude_g1.00	EX_tyr__L_e	-0.5245548522744694	-10.0	3.648201691152603	primary	optimal
twostage-20260916T061947Z	LE:MOLT-4	magnitude_g1.00	EX_ump_e	0.0	0.0	1.1969618993095275	primary	optimal
twostage-20260916T061947Z	LE:MOLT-4	magnitude_g1.00	EX_ura_e	0.0	0.0	3.216386119957893	primary	optimal
twostage-20260916T061947Z	LE:MOLT-4	magnitude_g1.00	EX_urate_e	0.0	0.0	1.3712828660213117	primary	optimal
twostage-20260916T061947Z	LE:MOLT-4	magnitude_g1.00	EX_uri_e	0.0	0.0	1.8932749900628467	primary	optimal
twostage-20260916T061947Z	LE:MOLT-4	magnitude_g1.00	EX_val__L_e	-1.1583931498809823	-10.0	-1.1583926498609145	primary	optimal
twostage-20260916T061947Z	LE:MOLT-4	magnitude_g1.00	EX_xan_e	0.0	0.0	1.4079196158934915	primary	optimal
twostage-20260916T061947Z	LE:MOLT-4	magnitude_g1.00	EX_xmp_e	0.0	0.0	1.0804839136053797	primary	optimal
twostage-20260916T061947Z	LE:MOLT-4	magnitude_g1.00	EX_xtsn_e	0.0	0.0	1.073877231690105	primary	optimal
twostage-20260916T061947Z	ME:LOX IMVI	magnitude_g1.00	EX_2pg_e	0.0	0.0	6.071678091942458	primary	optimal
twostage-20260916T061947Z	ME:LOX IMVI	magnitude_g1.00	EX_34hpp_e	0.0	0.0	13.023850579943556	primary	optimal
twostage-20260916T061947Z	ME:LOX IMVI	magnitude_g1.00	EX_3hanthrn_e	0.0	0.0	1.9993058601688942	primary	optimal
twostage-20260916T061947Z	ME:LOX IMVI	magnitude_g1.00	EX_3pg_e	0.0	0.0	6.071678091942606	primary	optimal
twostage-20260916T061947Z	ME:LOX IMVI	magnitude_g1.00	EX_4abut_e	0.0	0.0	31.830757037687405	primary	optimal
twostage-20260916T061947Z	ME:LOX IMVI	magnitude_g1.00	EX_4hbz_e	0.0	0.0	5.5094972922468886	primary	optimal
twostage-20260916T061947Z	ME:LOX IMVI	magnitude_g1.00	EX_L2aadp_e	0.0	0.0	8.726610625610794	primary	optimal
twostage-20260916T061947Z	ME:LOX IMVI	magnitude_g1.00	EX_Lkynr_e	0.0	0.0	4.04392338298489	primary	optimal
twostage-20260916T061947Z	ME:LOX IMVI	magnitude_g1.00	EX_acac_e	0.0	0.0	14.206344047954069	primary	optimal
twostage-20260916T061947Z	ME:LOX IMVI	magnitude_g1.00	EX_ade_e	0.0	0.0	1.23908399459344	primary	optimal
twostage-20260916T061947Z	ME:LOX IMVI	magnitude_g1.00	EX_adn_e	0.0	0.0	0.9758188827722245	primary	optimal
twostage-20260916T061947Z	ME:LOX IMVI	magnitude_g1.00	EX_ahcys_e	0.0	0.0	0.915234753970922	primary	optimal
twostage-20260916T061947Z	ME:LOX IMVI	magnitude_g1.00	EX_akg_e	0.0	0.0	40.2982485884413	primary	optimal
twostage-20260916T061947Z	ME:LOX IMVI	magnitude_g1.00	EX_ala__L_e	1e-06	0.0	59.1532473103962	primary	optimal
twostage-20260916T061947Z	ME:LOX IMVI	magnitude_g1.00	EX_amp_e	0.0	0.0	0.8123750151561993	primary	optimal
twostage-20260916T061947Z	ME:LOX IMVI	magnitude_g1.00	EX_anth_e	0.0	0.0	3.7772343345287607	primary	optimal
twostage-20260916T061947Z	ME:LOX IMVI	magnitude_g1.00	EX_arg__L_e	-9.999999	-10.0	3.2731511699849984	primary	optimal
twostage-20260916T061947Z	ME:LOX IMVI	magnitude_g1.00	EX_asn__L_e	-9.999999	-10.0	7.445766477741997	primary	optimal
twostage-20260916T061947Z	ME:LOX IMVI	magnitude_g1.00	EX_asp__L_e	-9.999999	-10.0	29.77810530089323	primary	optimal
twostage-20260916T061947Z	ME:LOX IMVI	magnitude_g1.00	EX_bilirub_e	0.0	0.0	0.498427980950046	primary	optimal
twostage-20260916T061947Z	ME:LOX IMVI	magnitude_g1.00	EX_cala_e	0.0	0.0	3.1006554167687446	primary	optimal
twostage-20260916T061947Z	ME:LOX IMVI	magnitude_g1.00	EX_chol_e	-9.999999	-10.0	0.5507755976279596	primary	optimal
twostage-20260916T061947Z	ME:LOX IMVI	magnitude_g1.00	EX_cholp_e	0.0	0.0	6.071678091942439	primary	optimal
twostage-20260916T061947Z	ME:LOX IMVI	magnitude_g1.00	EX_cit_e	0.0	0.0	31.04532622898852	primary	optimal
twostage-20260916T061947Z	ME:LOX IMVI	magnitude_g1.00	EX_citr__L_e	0.0	0.0	16.080639445833544	primary	optimal
twostage-20260916T061947Z	ME:LOX IMVI	magnitude_g1.00	EX_cmp_e	0.0	0.0	0.0	primary	optimal
twostage-20260916T061947Z	ME:LOX IMVI	magnitude_g1.00	EX_crn_e	-0.9999990000000001	-1.0	0.0	primary	optimal
twostage-20260916T061947Z	ME:LOX IMVI	magnitude_g1.00	EX_cyst__L_e	0.0	0.0	3.6912838518073445	primary	optimal
twostage-20260916T061947Z	ME:LOX IMVI	magnitude_g1.00	EX_cytd_e	0.0	0.0	1.8878670418418044	primary	optimal
twostage-20260916T061947Z	ME:LOX IMVI	magnitude_g1.00	EX_dad_2_e	0.0	0.0	0.9674624679207805	primary	optimal
twostage-20260916T061947Z	ME:LOX IMVI	magnitude_g1.00	EX_dcmp_e	0.0	0.0	1.6297504690842934	primary	optimal
twostage-20260916T061947Z	ME:LOX IMVI	magnitude_g1.00	EX_dcyt_e	0.0	0.0	1.9336876432438657	primary	optimal
twostage-20260916T061947Z	ME:LOX IMVI	magnitude_g1.00	EX_dhap_e	0.0	0.0	5.479860196349128	primary	optimal
twostage-20260916T061947Z	ME:LOX IMVI	magnitude_g1.00	EX_dmgly_e	0.0	0.0	4.470995361425467	primary	optimal
twostage-20260916T061947Z	ME:LOX IMVI	magnitude_g1.00	EX_duri_e	0.0	0.0	1.8930755639748893	primary	optimal
twostage-20260916T061947Z	ME:LOX IMVI	magnitude_g1.00	EX_ethamp_e	0.0	0.0	6.071678091942573	primary	optimal
twostage-20260916T061947Z	ME:LOX IMVI	magnitude_g1.00	EX_fol_e	-9.999999	-10.0	-8.881784197001252e-15	primary	optimal
twostage-20260916T061947Z	ME:LOX IMVI	magnitude_g1.00	EX_fum_e	1e-06	0.0	42.636087388283244	primary	optimal
twostage-20260916T061947Z	ME:LOX IMVI	magnitude_g1.00	EX_g3pc_e	0.0	0.0	2.357678116990031	primary	optimal
twostage-20260916T061947Z	ME:LOX IMVI	magnitude_g1.00	EX_glc__D_e	-10.0	-10.0	-2.9710079899777253	primary	optimal
twostage-20260916T061947Z	ME:LOX IMVI	magnitude_g1.00	EX_glcur_e	0.0	0.0	4.068150747834175	primary	optimal
twostage-20260916T061947Z	ME:LOX IMVI	magnitude_g1.00	EX_gln__L_e	-9.999999	-10.0	6.425752936012132	primary	optimal
twostage-20260916T061947Z	ME:LOX IMVI	magnitude_g1.00	EX_glu__L_e	-9.999999000000003	-10.0	27.703353029806944	primary	optimal
twostage-20260916T061947Z	ME:LOX IMVI	magnitude_g1.00	EX_gly_e	-9.999999	-10.0	30.971162670686258	primary	optimal
twostage-20260916T061947Z	ME:LOX IMVI	magnitude_g1.00	EX_glyald_e	0.0	0.0	12.588034120600218	primary	optimal
twostage-20260916T061947Z	ME:LOX IMVI	magnitude_g1.00	EX_glyb_e	0.0	0.0	10.173046777595427	primary	optimal
twostage-20260916T061947Z	ME:LOX IMVI	magnitude_g1.00	EX_glyc3p_e	0.0	0.0	5.374145606025789	primary	optimal
twostage-20260916T061947Z	ME:LOX IMVI	magnitude_g1.00	EX_gmp_e	0.0	0.0	0.0	primary	optimal
twostage-20260916T061947Z	ME:LOX IMVI	magnitude_g1.00	EX_gthox_e	0.0	0.0	5.602115404147169	primary	optimal
twostage-20260916T061947Z	ME:LOX IMVI	magnitude_g1.00	EX_hcys__L_e	0.0	0.0	5.041064151053323	primary	optimal
twostage-20260916T061947Z	ME:LOX IMVI	magnitude_g1.00	EX_hom__L_e	0.0	0.0	0.0	primary	optimal
twostage-20260916T061947Z	ME:LOX IMVI	magnitude_g1.00	EX_hxan_e	0.0	0.0	1.4526255350524246	primary	optimal
twostage-20260916T061947Z	ME:LOX IMVI	magnitude_g1.00	EX_icit_e	0.0	0.0	32.04477775283573	primary	optimal
twostage-20260916T061947Z	ME:LOX IMVI	magnitude_g1.00	EX_ile__L_e	-9.999999000000003	-10.0	-0.9398300444600274	primary	optimal
twostage-20260916T061947Z	ME:LOX IMVI	magnitude_g1.00	EX_imp_e	0.0	0.0	1.111065526672417	primary	optimal
twostage-20260916T061947Z	ME:LOX IMVI	magnitude_g1.00	EX_ins_e	0.0	0.0	1.103580761241395	primary	optimal
twostage-20260916T061947Z	ME:LOX IMVI	magnitude_g1.00	EX_lac__L_e	-0.999999	-1.0	54.25611458908071	primary	optimal
twostage-20260916T061947Z	ME:LOX IMVI	magnitude_g1.00	EX_lcts_e	0.0	0.0	1.8283853348190278	primary	optimal
twostage-20260916T061947Z	ME:LOX IMVI	magnitude_g1.00	EX_leu__L_e	-9.999999	-10.0	-1.7922337326704536	primary	optimal
twostage-20260916T061947Z	ME:LOX IMVI	magnitude_g1.00	EX_lys__L_e	-9.999999000000003	-10.0	-1.945226570884163	primary	optimal
twostage-20260916T061947Z	ME:LOX IMVI	magnitude_g1.00	EX_mal__L_e	1e-06	0.0	38.378771720813525	primary	optimal
twostage-20260916T061947Z	ME:LOX IMVI	magnitude_g1.00	EX_met__L_e	-9.999999	-10.0	-0.5026982632120713	primary	optimal
twostage-20260916T061947Z	ME:LOX IMVI	magnitude_g1.00	EX_nac_e	4.0806671461712035e-15	0.0	10.834558643795505	primary	optimal
twostage-20260916T061947Z	ME:LOX IMVI	magnitude_g1.00	EX_ncam_e	-9.999999000000003	-10.0	8.881784197001252e-15	primary	optimal
twostage-20260916T061947Z	ME:LOX IMVI	magnitude_g1.00	EX_nicrnt_e	0.0	0.0	2.731579666836791	primary	optimal
twostage-20260916T061947Z	ME:LOX IMVI	magnitude_g1.00	EX_orn_e	1e-06	0.0	34.74987413334199	primary	optimal
twostage-20260916T061947Z	ME:LOX IMVI	magnitude_g1.00	EX_orot5p_e	0.0	0.0	1.6512549487894517	primary	optimal
twostage-20260916T061947Z	ME:LOX IMVI	magnitude_g1.00	EX_orot_e	0.0	0.0	3.785059820195451	primary	optimal
twostage-20260916T061947Z	ME:LOX IMVI	magnitude_g1.00	EX_oxa_e	0.0	0.0	7.600196688318823	primary	optimal
twostage-20260916T061947Z	ME:LOX IMVI	magnitude_g1.00	EX_pep_e	0.0	0.0	6.071678091942595	primary	optimal
twostage-20260916T061947Z	ME:LOX IMVI	magnitude_g1.00	EX_phe__L_e	-9.134547874211068	-10.0	-0.8524036882104138	primary	optimal
twostage-20260916T061947Z	ME:LOX IMVI	magnitude_g1.00	EX_pnto__R_e	-1.1703047986740835e-12	-10.0	0.049999999999998934	primary	optimal
twostage-20260916T061947Z	ME:LOX IMVI	magnitude_g1.00	EX_pro__L_e	-1.3551019514275087	-10.0	23.219093482616763	primary	optimal
twostage-20260916T061947Z	ME:LOX IMVI	magnitude_g1.00	EX_quln_e	0.0	0.0	1.3437588418676074	primary	optimal
twostage-20260916T061947Z	ME:LOX IMVI	magnitude_g1.00	EX_sbt__D_e	0.0	0.0	0.0	primary	optimal
twostage-20260916T061947Z	ME:LOX IMVI	magnitude_g1.00	EX_ser__L_e	-10.0	-10.0	3.416439290355606	primary	optimal
twostage-20260916T061947Z	ME:LOX IMVI	magnitude_g1.00	EX_spmd_e	0.0	0.0	1.436852827951383	primary	optimal
twostage-20260916T061947Z	ME:LOX IMVI	magnitude_g1.00	EX_sprm_e	0.0	0.0	0.724486178277524	primary	optimal
twostage-20260916T061947Z	ME:LOX IMVI	magnitude_g1.00	EX_srtn_e	0.0	0.0	4.046976509611584	primary	optimal
twostage-20260916T061947Z	ME:LOX IMVI	magnitude_g1.00	EX_succ_e	13.462568264384537	0.0	62.284040058632655	primary	optimal
twostage-20260916T061947Z	ME:LOX IMVI	magnitude_g1.00	EX_sucr_e	0.0	0.0	0.0	primary	optimal
twostage-20260916T061947Z	ME:LOX IMVI	magnitude_g1.00	EX_taur_e	0.0	0.0	3.6229405222211772	primary	optimal
twostage-20260916T061947Z	ME:LOX IMVI	magnitude_g1.00	EX_tchola_e	0.0	0.0	0.7742874619523747	primary	optimal
twostage-20260916T061947Z	ME:LOX IMVI	magnitude_g1.00	EX_thr__L_e	-1.0272564007096083	-10.0	-1.0272564007096072	primary	optimal
twostage-20260916T061947Z	ME:LOX IMVI	magnitude_g1.00	EX_thym_e	0.0	0.0	2.3920359765233234	primary	optimal
twostage-20260916T061947Z	ME:LOX IMVI	magnitude_g1.00	EX_thymd_e	0.0	0.0	1.598150446817875	primary	optimal
twostage-20260916T061947Z	ME:LOX IMVI	magnitude_g1.00	EX_trp__L_e	-0.043713178124794666	-10.0	-0.04371317812479525	primary	optimal
twostage-20260916T061947Z	ME:LOX IMVI	magnitude_g1.00	EX_tyr__L_e	-0.5245548522744694	-10.0	3.7122322571941813	primary	optimal
twostage-20260916T061947Z	ME:LOX IMVI	magnitude_g1.00	EX_ump_e	0.0	0.0	1.2116865095592768	primary	optimal
twostage-20260916T061947Z	ME:LOX IMVI	magnitude_g1.00	EX_ura_e	0.0	0.0	3.297430215430042	primary	optimal
twostage-20260916T061947Z	ME:LOX IMVI	magnitude_g1.00	EX_urate_e	0.0	0.0	1.3882184248082483	primary	optimal
twostage-20260916T061947Z	ME:LOX IMVI	magnitude_g1.00	EX_uri_e	0.0	0.0	1.9215538581102587	primary	optimal
twostage-20260916T061947Z	ME:LOX IMVI	magnitude_g1.00	EX_val__L_e	-1.1583931498605247	-10.0	-1.158392649860927	primary	optimal
twostage-20260916T061947Z	ME:LOX IMVI	magnitude_g1.00	EX_xan_e	0.0	0.0	1.4251107522010766	primary	optimal
twostage-20260916T061947Z	ME:LOX IMVI	magnitude_g1.00	EX_xmp_e	0.0	0.0	1.0916692062377782	primary	optimal
twostage-20260916T061947Z	ME:LOX IMVI	magnitude_g1.00	EX_xtsn_e	0.0	0.0	1.085726602518986	primary	optimal
twostage-20260916T061947Z	ME:M14	magnitude_g1.00	EX_2pg_e	0.0	0.0	6.071678091942434	primary	optimal
twostage-20260916T061947Z	ME:M14	magnitude_g1.00	EX_34hpp_e	0.0	0.0	13.00907262253089	primary	optimal
twostage-20260916T061947Z	ME:M14	magnitude_g1.00	EX_3hanthrn_e	0.0	0.0	1.9807480092226386	primary	optimal
twostage-20260916T061947Z	ME:M14	magnitude_g1.00	EX_3pg_e	0.0	0.0	6.071678091942459	primary	optimal
twostage-20260916T061947Z	ME:M14	magnitude_g1.00	EX_4abut_e	0.0	0.0	31.163489454766182	primary	optimal
twostage-20260916T061947Z	ME:M14	magnitude_g1.00	EX_4hbz_e	0.0	0.0	5.488143533142047	primary	optimal
twostage-20260916T061947Z	ME:M14	magnitude_g1.00	EX_L2aadp_e	0.0	0.0	8.71465996734557	primary	optimal
twostage-20260916T061947Z	ME:M14	magnitude_g1.00	EX_Lkynr_e	0.0	0.0	4.000892891272985	primary	optimal
twostage-20260916T061947Z	ME:M14	magnitude_g1.00	EX_acac_e	0.0	0.0	14.21005515664992	primary	optimal
twostage-20260916T061947Z	ME:M14	magnitude_g1.00	EX_ade_e	0.0	0.0	1.2310578480593157	primary	optimal
twostage-20260916T061947Z	ME:M14	magnitude_g1.00	EX_adn_e	0.0	0.0	0.9700940905949206	primary	optimal
twostage-20260916T061947Z	ME:M14	magnitude_g1.00	EX_ahcys_e	0.0	0.0	0.9092073394851709	primary	optimal
twostage-20260916T061947Z	ME:M14	magnitude_g1.00	EX_akg_e	0.0	0.0	39.858078120949344	primary	optimal
twostage-20260916T061947Z	ME:M14	magnitude_g1.00	EX_ala__L_e	1.0000000000000002e-06	0.0	58.054857551752164	primary	optimal
twostage-20260916T061947Z	ME:M14	magnitude_g1.00	EX_amp_e	0.0	0.0	0.8085219665864162	primary	optimal
twostage-20260916T061947Z	ME:M14	magnitude_g1.00	EX_anth_e	0.0	0.0	3.7332420719197947	primary	optimal
twostage-20260916T061947Z	ME:M14	magnitude_g1.00	EX_arg__L_e	-9.999999	-10.0	3.228411052770901	primary	optimal
twostage-20260916T061947Z	ME:M14	magnitude_g1.00	EX_asn__L_e	-9.999999	-10.0	7.400970255698603	primary	optimal
twostage-20260916T061947Z	ME:M14	magnitude_g1.00	EX_asp__L_e	-9.999999	-10.0	29.508922078688123	primary	optimal
twostage-20260916T061947Z	ME:M14	magnitude_g1.00	EX_bilirub_e	-1.1961443597745434e-31	0.0	0.49651498392763044	primary	optimal
twostage-20260916T061947Z	ME:M14	magnitude_g1.00	EX_cala_e	0.0	0.0	3.0559771785973613	primary	optimal
twostage-20260916T061947Z	ME:M14	magnitude_g1.00	EX_chol_e	-9.999999	-10.0	0.5368543926998264	primary	optimal
twostage-20260916T061947Z	ME:M14	magnitude_g1.00	EX_cholp_e	0.0	0.0	6.071678091942348	primary	optimal
twostage-20260916T061947Z	ME:M14	magnitude_g1.00	EX_cit_e	0.0	0.0	31.045326228988394	primary	optimal
twostage-20260916T061947Z	ME:M14	magnitude_g1.00	EX_citr__L_e	0.0	0.0	16.04460049619172	primary	optimal
twostage-20260916T061947Z	ME:M14	magnitude_g1.00	EX_cmp_e	0.0	0.0	0.0	primary	optimal
twostage-20260916T061947Z	ME:M14	magnitude_g1.00	EX_crn_e	-0.999999	-1.0	0.0	primary	optimal
twostage-20260916T061947Z	ME:M14	magnitude_g1.00	EX_cyst__L_e	0.0	0.0	3.656484067763509	primary	optimal
twostage-20260916T061947Z	ME:M14	magnitude_g1.00	EX_cytd_e	0.0	0.0	1.8658351322648157	primary	optimal
twostage-20260916T061947Z	ME:M14	magnitude_g1.00	EX_dad_2_e	0.0	0.0	0.9612686485790651	primary	optimal
twostage-20260916T061947Z	ME:M14	magnitude_g1.00	EX_dcmp_e	0.0	0.0	1.6164509608967574	primary	optimal
twostage-20260916T061947Z	ME:M14	magnitude_g1.00	EX_dcyt_e	0.0	0.0	1.9146650056029755	primary	optimal
twostage-20260916T061947Z	ME:M14	magnitude_g1.00	EX_dhap_e	0.0	0.0	5.47082877534547	primary	optimal
twostage-20260916T061947Z	ME:M14	magnitude_g1.00	EX_dmgly_e	0.0	0.0	4.435587655105429	primary	optimal
twostage-20260916T061947Z	ME:M14	magnitude_g1.00	EX_duri_e	0.0	0.0	1.8793885390425824	primary	optimal
twostage-20260916T061947Z	ME:M14	magnitude_g1.00	EX_ethamp_e	0.0	0.0	6.071678091942242	primary	optimal
twostage-20260916T061947Z	ME:M14	magnitude_g1.00	EX_fol_e	-9.999999	-10.0	-1.7763568394002505e-15	primary	optimal
twostage-20260916T061947Z	ME:M14	magnitude_g1.00	EX_fum_e	1e-06	0.0	42.637174453953186	primary	optimal
twostage-20260916T061947Z	ME:M14	magnitude_g1.00	EX_g3pc_e	0.0	0.0	2.356047863393334	primary	optimal
twostage-20260916T061947Z	ME:M14	magnitude_g1.00	EX_glc__D_e	-10.0	-10.0	-2.943651634369503	primary	optimal
twostage-20260916T061947Z	ME:M14	magnitude_g1.00	EX_glcur_e	0.0	0.0	4.040990129727047	primary	optimal
twostage-20260916T061947Z	ME:M14	magnitude_g1.00	EX_gln__L_e	-9.999999	-10.0	6.39068740677537	primary	optimal
twostage-20260916T061947Z	ME:M14	magnitude_g1.00	EX_glu__L_e	-9.999999	-10.0	27.30466273348626	primary	optimal
twostage-20260916T061947Z	ME:M14	magnitude_g1.00	EX_gly_e	-9.999999	-10.0	30.65289933663007	primary	optimal
twostage-20260916T061947Z	ME:M14	magnitude_g1.00	EX_glyald_e	0.0	0.0	12.612490517881586	primary	optimal
twostage-20260916T061947Z	ME:M14	magnitude_g1.00	EX_glyb_e	0.0	0.0	10.162200648343184	primary	optimal
twostage-20260916T061947Z	ME:M14	magnitude_g1.00	EX_glyc3p_e	0.0	0.0	5.378717441076849	primary	optimal
twostage-20260916T061947Z	ME:M14	magnitude_g1.00	EX_gmp_e	0.0	0.0	0.0	primary	optimal
twostage-20260916T061947Z	ME:M14	magnitude_g1.00	EX_gthox_e	0.0	0.0	5.59578977157053	primary	optimal
twostage-20260916T061947Z	ME:M14	magnitude_g1.00	EX_hcys__L_e	0.0	0.0	4.986677446448507	primary	optimal
twostage-20260916T061947Z	ME:M14	magnitude_g1.00	EX_hom__L_e	0.0	0.0	0.0	primary	optimal
twostage-20260916T061947Z	ME:M14	magnitude_g1.00	EX_hxan_e	0.0	0.0	1.4409323772570324	primary	optimal
twostage-20260916T061947Z	ME:M14	magnitude_g1.00	EX_icit_e	0.0	0.0	32.05287636539808	primary	optimal
twostage-20260916T061947Z	ME:M14	magnitude_g1.00	EX_ile__L_e	-9.999999	-10.0	-0.9398300444600185	primary	optimal
twostage-20260916T061947Z	ME:M14	magnitude_g1.00	EX_imp_e	0.0	0.0	1.1045870534168205	primary	optimal
twostage-20260916T061947Z	ME:M14	magnitude_g1.00	EX_ins_e	0.0	0.0	1.0957051583090391	primary	optimal
twostage-20260916T061947Z	ME:M14	magnitude_g1.00	EX_lac__L_e	-0.999999	-1.0	54.25611458908237	primary	optimal
twostage-20260916T061947Z	ME:M14	magnitude_g1.00	EX_lcts_e	0.0	0.0	1.834605187380134	primary	optimal
twostage-20260916T061947Z	ME:M14	magnitude_g1.00	EX_leu__L_e	-9.999999000000003	-10.0	-1.7922337326704518	primary	optimal
twostage-20260916T061947Z	ME:M14	magnitude_g1.00	EX_lys__L_e	-9.999999	-10.0	-1.9452265708841665	primary	optimal
twostage-20260916T061947Z	ME:M14	magnitude_g1.00	EX_mal__L_e	1e-06	0.0	38.37877172081412	primary	optimal
twostage-20260916T061947Z	ME:M14	magnitude_g1.00	EX_met__L_e	-9.999999	-10.0	-0.5026982632120713	primary	optimal
twostage-20260916T061947Z	ME:M14	magnitude_g1.00	EX_nac_e	0.0	0.0	10.844522191914182	primary	optimal
twostage-20260916T061947Z	ME:M14	magnitude_g1.00	EX_ncam_e	-9.999999000000003	-10.0	0.0	primary	optimal
twostage-20260916T061947Z	ME:M14	magnitude_g1.00	EX_nicrnt_e	0.0	0.0	2.7170440678615133	primary	optimal
twostage-20260916T061947Z	ME:M14	magnitude_g1.00	EX_orn_e	1e-06	0.0	34.73231310620163	primary	optimal
twostage-20260916T061947Z	ME:M14	magnitude_g1.00	EX_orot5p_e	0.0	0.0	1.6396275877950157	primary	optimal
twostage-20260916T061947Z	ME:M14	magnitude_g1.00	EX_orot_e	0.0	0.0	3.76020522713912	primary	optimal
twostage-20260916T061947Z	ME:M14	magnitude_g1.00	EX_oxa_e	0.0	0.0	7.577431976567794	primary	optimal
twostage-20260916T061947Z	ME:M14	magnitude_g1.00	EX_pep_e	0.0	0.0	6.071678091942501	primary	optimal
twostage-20260916T061947Z	ME:M14	magnitude_g1.00	EX_phe__L_e	-9.134547874219788	-10.0	-0.8524036882104422	primary	optimal
twostage-20260916T061947Z	ME:M14	magnitude_g1.00	EX_pnto__R_e	-2.6711157551530917e-12	-10.0	0.05000000000000604	primary	optimal
twostage-20260916T061947Z	ME:M14	magnitude_g1.00	EX_pro__L_e	-1.355101951421655	-10.0	23.63808730650839	primary	optimal
twostage-20260916T061947Z	ME:M14	magnitude_g1.00	EX_quln_e	0.0	0.0	1.333044192395933	primary	optimal
twostage-20260916T061947Z	ME:M14	magnitude_g1.00	EX_sbt__D_e	0.0	0.0	0.0	primary	optimal
twostage-20260916T061947Z	ME:M14	magnitude_g1.00	EX_ser__L_e	-10.0	-10.0	3.2839245082570776	primary	optimal
twostage-20260916T061947Z	ME:M14	magnitude_g1.00	EX_spmd_e	0.0	0.0	1.4215712138968073	primary	optimal
twostage-20260916T061947Z	ME:M14	magnitude_g1.00	EX_sprm_e	0.0	0.0	0.7174433086786322	primary	optimal
twostage-20260916T061947Z	ME:M14	magnitude_g1.00	EX_srtn_e	0.0	0.0	4.03105087813274	primary	optimal
twostage-20260916T061947Z	ME:M14	magnitude_g1.00	EX_succ_e	13.462568264379922	0.0	62.28404005863391	primary	optimal
twostage-20260916T061947Z	ME:M14	magnitude_g1.00	EX_sucr_e	0.0	0.0	0.0	primary	optimal
twostage-20260916T061947Z	ME:M14	magnitude_g1.00	EX_taur_e	0.0	0.0	3.602234501892822	primary	optimal
twostage-20260916T061947Z	ME:M14	magnitude_g1.00	EX_tchola_e	0.0	0.0	0.7703277629213988	primary	optimal
twostage-20260916T061947Z	ME:M14	magnitude_g1.00	EX_thr__L_e	-1.0272564007096083	-10.0	-1.027256400709609	primary	optimal
twostage-20260916T061947Z	ME:M14	magnitude_g1.00	EX_thym_e	0.0	0.0	2.3636705049933835	primary	optimal
twostage-20260916T061947Z	ME:M14	magnitude_g1.00	EX_thymd_e	0.0	0.0	1.5873484611003306	primary	optimal
twostage-20260916T061947Z	ME:M14	magnitude_g1.00	EX_trp__L_e	-0.04371317812479467	-10.0	-0.04371317812479525	primary	optimal
twostage-20260916T061947Z	ME:M14	magnitude_g1.00	EX_tyr__L_e	-0.5245548522744693	-10.0	3.6867877361040446	primary	optimal
twostage-20260916T061947Z	ME:M14	magnitude_g1.00	EX_ump_e	0.0	0.0	1.203816580014351	primary	optimal
twostage-20260916T061947Z	ME:M14	magnitude_g1.00	EX_ura_e	0.0	0.0	3.2619204150260472	primary	optimal
twostage-20260916T061947Z	ME:M14	magnitude_g1.00	EX_urate_e	0.0	0.0	1.3766726133073792	primary	optimal
twostage-20260916T061947Z	ME:M14	magnitude_g1.00	EX_uri_e	0.0	0.0	1.902289385686537	primary	optimal
twostage-20260916T061947Z	ME:M14	magnitude_g1.00	EX_val__L_e	-1.1583931498607098	-10.0	-1.1583926498609198	primary	optimal
twostage-20260916T061947Z	ME:M14	magnitude_g1.00	EX_xan_e	0.0	0.0	1.4135246588070267	primary	optimal
twostage-20260916T061947Z	ME:M14	magnitude_g1.00	EX_xmp_e	0.0	0.0	1.0850456016318337	primary	optimal
twostage-20260916T061947Z	ME:M14	magnitude_g1.00	EX_xtsn_e	0.0	0.0	1.0785748083169162	primary	optimal
twostage-20260916T061947Z	ME:MDA-MB-435	magnitude_g1.00	EX_2pg_e	0.0	0.0	6.07167809194245	primary	optimal
twostage-20260916T061947Z	ME:MDA-MB-435	magnitude_g1.00	EX_34hpp_e	0.0	0.0	13.019791151017166	primary	optimal
twostage-20260916T061947Z	ME:MDA-MB-435	magnitude_g1.00	EX_3hanthrn_e	0.0	0.0	1.9707141175064335	primary	optimal
twostage-20260916T061947Z	ME:MDA-MB-435	magnitude_g1.00	EX_3pg_e	0.0	0.0	6.071678091942321	primary	optimal
twostage-20260916T061947Z	ME:MDA-MB-435	magnitude_g1.00	EX_4abut_e	0.0	0.0	31.23859385552104	primary	optimal
twostage-20260916T061947Z	ME:MDA-MB-435	magnitude_g1.00	EX_4hbz_e	0.0	0.0	5.539094231454826	primary	optimal
twostage-20260916T061947Z	ME:MDA-MB-435	magnitude_g1.00	EX_L2aadp_e	0.0	0.0	8.726814097239943	primary	optimal
twostage-20260916T061947Z	ME:MDA-MB-435	magnitude_g1.00	EX_Lkynr_e	0.0	0.0	3.966751842988536	primary	optimal
twostage-20260916T061947Z	ME:MDA-MB-435	magnitude_g1.00	EX_acac_e	0.0	0.0	14.052051739105698	primary	optimal
twostage-20260916T061947Z	ME:MDA-MB-435	magnitude_g1.00	EX_ade_e	0.0	0.0	1.2587533162740683	primary	optimal
twostage-20260916T061947Z	ME:MDA-MB-435	magnitude_g1.00	EX_adn_e	0.0	0.0	0.9922399757331418	primary	optimal
twostage-20260916T061947Z	ME:MDA-MB-435	magnitude_g1.00	EX_ahcys_e	0.0	0.0	0.9271844434438054	primary	optimal
twostage-20260916T061947Z	ME:MDA-MB-435	magnitude_g1.00	EX_akg_e	0.0	0.0	39.88818584768897	primary	optimal
twostage-20260916T061947Z	ME:MDA-MB-435	magnitude_g1.00	EX_ala__L_e	9.999999999999997e-07	0.0	57.72221570816154	primary	optimal
twostage-20260916T061947Z	ME:MDA-MB-435	magnitude_g1.00	EX_amp_e	0.0	0.0	0.8258594293582014	primary	optimal
twostage-20260916T061947Z	ME:MDA-MB-435	magnitude_g1.00	EX_anth_e	0.0	0.0	3.7117624350417753	primary	optimal
twostage-20260916T061947Z	ME:MDA-MB-435	magnitude_g1.00	EX_arg__L_e	-9.999999	-10.0	3.217945752170042	primary	optimal
twostage-20260916T061947Z	ME:MDA-MB-435	magnitude_g1.00	EX_asn__L_e	-9.999999	-10.0	7.3598198432241615	primary	optimal
twostage-20260916T061947Z	ME:MDA-MB-435	magnitude_g1.00	EX_asp__L_e	-9.999999	-10.0	30.2894229439324	primary	optimal
twostage-20260916T061947Z	ME:MDA-MB-435	magnitude_g1.00	EX_bilirub_e	0.0	0.0	0.4917936177428806	primary	optimal
twostage-20260916T061947Z	ME:MDA-MB-435	magnitude_g1.00	EX_cala_e	0.0	0.0	3.0841224674979344	primary	optimal
twostage-20260916T061947Z	ME:MDA-MB-435	magnitude_g1.00	EX_chol_e	-9.999999	-10.0	0.5344344412969108	primary	optimal
twostage-20260916T061947Z	ME:MDA-MB-435	magnitude_g1.00	EX_cholp_e	0.0	0.0	6.071678091942407	primary	optimal
twostage-20260916T061947Z	ME:MDA-MB-435	magnitude_g1.00	EX_cit_e	0.0	0.0	31.045326228988234	primary	optimal
twostage-20260916T061947Z	ME:MDA-MB-435	magnitude_g1.00	EX_citr__L_e	0.0	0.0	16.023480487600445	primary	optimal
twostage-20260916T061947Z	ME:MDA-MB-435	magnitude_g1.00	EX_cmp_e	0.0	0.0	0.0	primary	optimal
twostage-20260916T061947Z	ME:MDA-MB-435	magnitude_g1.00	EX_crn_e	-0.999999	-1.0	0.0	primary	optimal
twostage-20260916T061947Z	ME:MDA-MB-435	magnitude_g1.00	EX_cyst__L_e	0.0	0.0	3.7022228716744685	primary	optimal
twostage-20260916T061947Z	ME:MDA-MB-435	magnitude_g1.00	EX_cytd_e	0.0	0.0	1.8936408462851868	primary	optimal
twostage-20260916T061947Z	ME:MDA-MB-435	magnitude_g1.00	EX_dad_2_e	0.0	0.0	0.9816979690801906	primary	optimal
twostage-20260916T061947Z	ME:MDA-MB-435	magnitude_g1.00	EX_dcmp_e	0.0	0.0	1.6397210419459718	primary	optimal
twostage-20260916T061947Z	ME:MDA-MB-435	magnitude_g1.00	EX_dcyt_e	0.0	0.0	1.9407381108160098	primary	optimal
twostage-20260916T061947Z	ME:MDA-MB-435	magnitude_g1.00	EX_dhap_e	0.0	0.0	5.590323749419981	primary	optimal
twostage-20260916T061947Z	ME:MDA-MB-435	magnitude_g1.00	EX_dmgly_e	0.0	0.0	4.486152658701143	primary	optimal
twostage-20260916T061947Z	ME:MDA-MB-435	magnitude_g1.00	EX_duri_e	0.0	0.0	1.9029887194970172	primary	optimal
twostage-20260916T061947Z	ME:MDA-MB-435	magnitude_g1.00	EX_ethamp_e	0.0	0.0	6.071678091942397	primary	optimal
twostage-20260916T061947Z	ME:MDA-MB-435	magnitude_g1.00	EX_fol_e	-9.999999	-10.0	-1.7763568394002505e-14	primary	optimal
twostage-20260916T061947Z	ME:MDA-MB-435	magnitude_g1.00	EX_fum_e	1.0000000000000002e-06	0.0	42.6493927313646	primary	optimal
twostage-20260916T061947Z	ME:MDA-MB-435	magnitude_g1.00	EX_g3pc_e	0.0	0.0	2.3560076187677472	primary	optimal
twostage-20260916T061947Z	ME:MDA-MB-435	magnitude_g1.00	EX_glc__D_e	-10.0	-10.0	-2.8358988681141835	primary	optimal
twostage-20260916T061947Z	ME:MDA-MB-435	magnitude_g1.00	EX_glcur_e	0.0	0.0	4.034234962413723	primary	optimal
twostage-20260916T061947Z	ME:MDA-MB-435	magnitude_g1.00	EX_gln__L_e	-9.999999	-10.0	6.388849757097458	primary	optimal
twostage-20260916T061947Z	ME:MDA-MB-435	magnitude_g1.00	EX_glu__L_e	-9.999999	-10.0	28.174153214188777	primary	optimal
twostage-20260916T061947Z	ME:MDA-MB-435	magnitude_g1.00	EX_gly_e	-9.999999	-10.0	30.94311185112423	primary	optimal
twostage-20260916T061947Z	ME:MDA-MB-435	magnitude_g1.00	EX_glyald_e	0.0	0.0	12.659446239674978	primary	optimal
twostage-20260916T061947Z	ME:MDA-MB-435	magnitude_g1.00	EX_glyb_e	0.0	0.0	10.167667810206932	primary	optimal
twostage-20260916T061947Z	ME:MDA-MB-435	magnitude_g1.00	EX_glyc3p_e	0.0	0.0	5.499441623896723	primary	optimal
twostage-20260916T061947Z	ME:MDA-MB-435	magnitude_g1.00	EX_gmp_e	0.0	0.0	0.0	primary	optimal
twostage-20260916T061947Z	ME:MDA-MB-435	magnitude_g1.00	EX_gthox_e	0.0	0.0	5.615028345994614	primary	optimal
twostage-20260916T061947Z	ME:MDA-MB-435	magnitude_g1.00	EX_hcys__L_e	0.0	0.0	5.0104915458080965	primary	optimal
twostage-20260916T061947Z	ME:MDA-MB-435	magnitude_g1.00	EX_hom__L_e	0.0	0.0	0.0	primary	optimal
twostage-20260916T061947Z	ME:MDA-MB-435	magnitude_g1.00	EX_hxan_e	0.0	0.0	1.4723840189792217	primary	optimal
twostage-20260916T061947Z	ME:MDA-MB-435	magnitude_g1.00	EX_icit_e	0.0	0.0	32.14373894649635	primary	optimal
twostage-20260916T061947Z	ME:MDA-MB-435	magnitude_g1.00	EX_ile__L_e	-9.999999000000003	-10.0	-0.939830044460038	primary	optimal
twostage-20260916T061947Z	ME:MDA-MB-435	magnitude_g1.00	EX_imp_e	0.0	0.0	1.1281623083194037	primary	optimal
twostage-20260916T061947Z	ME:MDA-MB-435	magnitude_g1.00	EX_ins_e	0.0	0.0	1.120035777651905	primary	optimal
twostage-20260916T061947Z	ME:MDA-MB-435	magnitude_g1.00	EX_lac__L_e	-0.999999	-1.0	54.2561145890807	primary	optimal
twostage-20260916T061947Z	ME:MDA-MB-435	magnitude_g1.00	EX_lcts_e	0.0	0.0	1.8543751645246784	primary	optimal
twostage-20260916T061947Z	ME:MDA-MB-435	magnitude_g1.00	EX_leu__L_e	-9.999998999999999	-10.0	-1.7922337326704536	primary	optimal
twostage-20260916T061947Z	ME:MDA-MB-435	magnitude_g1.00	EX_lys__L_e	-9.999999	-10.0	-1.9452265708841558	primary	optimal
twostage-20260916T061947Z	ME:MDA-MB-435	magnitude_g1.00	EX_mal__L_e	1.0000000000000002e-06	0.0	38.37877172081246	primary	optimal
twostage-20260916T061947Z	ME:MDA-MB-435	magnitude_g1.00	EX_met__L_e	-9.999999	-10.0	-0.5026982632120713	primary	optimal
twostage-20260916T061947Z	ME:MDA-MB-435	magnitude_g1.00	EX_nac_e	0.0	0.0	10.835340503301273	primary	optimal
twostage-20260916T061947Z	ME:MDA-MB-435	magnitude_g1.00	EX_ncam_e	-9.999999000000003	-10.0	-3.552713678800501e-15	primary	optimal
twostage-20260916T061947Z	ME:MDA-MB-435	magnitude_g1.00	EX_nicrnt_e	0.0	0.0	2.760198178544076	primary	optimal
twostage-20260916T061947Z	ME:MDA-MB-435	magnitude_g1.00	EX_orn_e	1.0000000000000002e-06	0.0	34.753913206565684	primary	optimal
twostage-20260916T061947Z	ME:MDA-MB-435	magnitude_g1.00	EX_orot5p_e	0.0	0.0	1.6638845486103295	primary	optimal
twostage-20260916T061947Z	ME:MDA-MB-435	magnitude_g1.00	EX_orot_e	0.0	0.0	3.7954424156774103	primary	optimal
twostage-20260916T061947Z	ME:MDA-MB-435	magnitude_g1.00	EX_oxa_e	0.0	0.0	7.591237054591774	primary	optimal
twostage-20260916T061947Z	ME:MDA-MB-435	magnitude_g1.00	EX_pep_e	0.0	0.0	6.0716780919423154	primary	optimal
twostage-20260916T061947Z	ME:MDA-MB-435	magnitude_g1.00	EX_phe__L_e	-9.134547874209426	-10.0	-0.8524036882103392	primary	optimal
twostage-20260916T061947Z	ME:MDA-MB-435	magnitude_g1.00	EX_pnto__R_e	-6.825924439987982e-13	-10.0	0.05000000000003091	primary	optimal
twostage-20260916T061947Z	ME:MDA-MB-435	magnitude_g1.00	EX_pro__L_e	-1.3551019514214753	-10.0	23.47174771532605	primary	optimal
twostage-20260916T061947Z	ME:MDA-MB-435	magnitude_g1.00	EX_quln_e	0.0	0.0	1.3254133014265084	primary	optimal
twostage-20260916T061947Z	ME:MDA-MB-435	magnitude_g1.00	EX_sbt__D_e	0.0	0.0	0.0	primary	optimal
twostage-20260916T061947Z	ME:MDA-MB-435	magnitude_g1.00	EX_ser__L_e	-10.0	-10.0	3.503930404784376	primary	optimal
twostage-20260916T061947Z	ME:MDA-MB-435	magnitude_g1.00	EX_spmd_e	0.0	0.0	1.4166784085863346	primary	optimal
twostage-20260916T061947Z	ME:MDA-MB-435	magnitude_g1.00	EX_sprm_e	0.0	0.0	0.7167850968432788	primary	optimal
twostage-20260916T061947Z	ME:MDA-MB-435	magnitude_g1.00	EX_srtn_e	0.0	0.0	4.002310396844719	primary	optimal
twostage-20260916T061947Z	ME:MDA-MB-435	magnitude_g1.00	EX_succ_e	13.46256826438486	0.0	62.284040058631895	primary	optimal
twostage-20260916T061947Z	ME:MDA-MB-435	magnitude_g1.00	EX_sucr_e	0.0	0.0	0.0	primary	optimal
twostage-20260916T061947Z	ME:MDA-MB-435	magnitude_g1.00	EX_taur_e	0.0	0.0	3.5876858147439186	primary	optimal
twostage-20260916T061947Z	ME:MDA-MB-435	magnitude_g1.00	EX_tchola_e	0.0	0.0	0.7652813143969308	primary	optimal
twostage-20260916T061947Z	ME:MDA-MB-435	magnitude_g1.00	EX_thr__L_e	-1.0272564007096083	-10.0	-1.02725640070957	primary	optimal
twostage-20260916T061947Z	ME:MDA-MB-435	magnitude_g1.00	EX_thym_e	0.0	0.0	2.3936931369274426	primary	optimal
twostage-20260916T061947Z	ME:MDA-MB-435	magnitude_g1.00	EX_thymd_e	0.0	0.0	1.604328101924497	primary	optimal
twostage-20260916T061947Z	ME:MDA-MB-435	magnitude_g1.00	EX_trp__L_e	-0.04371317812479467	-10.0	-0.04371317812479436	primary	optimal
twostage-20260916T061947Z	ME:MDA-MB-435	magnitude_g1.00	EX_tyr__L_e	-0.5245548522744693	-10.0	3.676954796614312	primary	optimal
twostage-20260916T061947Z	ME:MDA-MB-435	magnitude_g1.00	EX_ump_e	0.0	0.0	1.2213664055721385	primary	optimal
twostage-20260916T061947Z	ME:MDA-MB-435	magnitude_g1.00	EX_ura_e	0.0	0.0	3.2890298005119933	primary	optimal
twostage-20260916T061947Z	ME:MDA-MB-435	magnitude_g1.00	EX_urate_e	0.0	0.0	1.4105285947252708	primary	optimal
twostage-20260916T061947Z	ME:MDA-MB-435	magnitude_g1.00	EX_uri_e	0.0	0.0	1.9290330725847133	primary	optimal
twostage-20260916T061947Z	ME:MDA-MB-435	magnitude_g1.00	EX_val__L_e	-1.1583931498668827	-10.0	-1.158392649860918	primary	optimal
twostage-20260916T061947Z	ME:MDA-MB-435	magnitude_g1.00	EX_xan_e	0.0	0.0	1.446176299316735	primary	optimal
twostage-20260916T061947Z	ME:MDA-MB-435	magnitude_g1.00	EX_xmp_e	0.0	0.0	1.109116900535467	primary	optimal
twostage-20260916T061947Z	ME:MDA-MB-435	magnitude_g1.00	EX_xtsn_e	0.0	0.0	1.1031672017524312	primary	optimal
twostage-20260916T061947Z	ME:SK-MEL-2	magnitude_g1.00	EX_2pg_e	0.0	0.0	6.071678091942647	primary	optimal
twostage-20260916T061947Z	ME:SK-MEL-2	magnitude_g1.00	EX_34hpp_e	0.0	0.0	12.97137780646119	primary	optimal
twostage-20260916T061947Z	ME:SK-MEL-2	magnitude_g1.00	EX_3hanthrn_e	0.0	0.0	1.9655342741239514	primary	optimal
twostage-20260916T061947Z	ME:SK-MEL-2	magnitude_g1.00	EX_3pg_e	0.0	0.0	6.0716780919423865	primary	optimal
twostage-20260916T061947Z	ME:SK-MEL-2	magnitude_g1.00	EX_4abut_e	0.0	0.0	31.48540855454104	primary	optimal
twostage-20260916T061947Z	ME:SK-MEL-2	magnitude_g1.00	EX_4hbz_e	0.0	0.0	5.459882977305839	primary	optimal
twostage-20260916T061947Z	ME:SK-MEL-2	magnitude_g1.00	EX_L2aadp_e	0.0	0.0	8.716590971689502	primary	optimal
twostage-20260916T061947Z	ME:SK-MEL-2	magnitude_g1.00	EX_Lkynr_e	0.0	0.0	3.9590409362135257	primary	optimal
twostage-20260916T061947Z	ME:SK-MEL-2	magnitude_g1.00	EX_acac_e	0.0	0.0	14.110258271568114	primary	optimal
twostage-20260916T061947Z	ME:SK-MEL-2	magnitude_g1.00	EX_ade_e	0.0	0.0	1.2346909466106561	primary	optimal
twostage-20260916T061947Z	ME:SK-MEL-2	magnitude_g1.00	EX_adn_e	0.0	0.0	0.9726476745870871	primary	optimal
twostage-20260916T061947Z	ME:SK-MEL-2	magnitude_g1.00	EX_ahcys_e	0.0	0.0	0.9105154912105661	primary	optimal
twostage-20260916T061947Z	ME:SK-MEL-2	magnitude_g1.00	EX_akg_e	0.0	0.0	40.09156649873607	primary	optimal
twostage-20260916T061947Z	ME:SK-MEL-2	magnitude_g1.00	EX_ala__L_e	1e-06	0.0	59.30084647424353	primary	optimal
twostage-20260916T061947Z	ME:SK-MEL-2	magnitude_g1.00	EX_amp_e	0.0	0.0	0.8104171420444183	primary	optimal
twostage-20260916T061947Z	ME:SK-MEL-2	magnitude_g1.00	EX_anth_e	0.0	0.0	3.7094372297461464	primary	optimal
twostage-20260916T061947Z	ME:SK-MEL-2	magnitude_g1.00	EX_arg__L_e	-9.999999000000003	-10.0	3.1929576348906648	primary	optimal
twostage-20260916T061947Z	ME:SK-MEL-2	magnitude_g1.00	EX_asn__L_e	-9.999999	-10.0	7.33266666331257	primary	optimal
twostage-20260916T061947Z	ME:SK-MEL-2	magnitude_g1.00	EX_asp__L_e	-9.999999	-10.0	29.79606026016877	primary	optimal
twostage-20260916T061947Z	ME:SK-MEL-2	magnitude_g1.00	EX_bilirub_e	0.0	0.0	0.48936209903615524	primary	optimal
twostage-20260916T061947Z	ME:SK-MEL-2	magnitude_g1.00	EX_cala_e	0.0	0.0	3.039674655448376	primary	optimal
twostage-20260916T061947Z	ME:SK-MEL-2	magnitude_g1.00	EX_chol_e	-9.999999	-10.0	0.5152673580605998	primary	optimal
twostage-20260916T061947Z	ME:SK-MEL-2	magnitude_g1.00	EX_cholp_e	0.0	0.0	6.071678091942611	primary	optimal
twostage-20260916T061947Z	ME:SK-MEL-2	magnitude_g1.00	EX_cit_e	0.0	0.0	31.04532622898776	primary	optimal
twostage-20260916T061947Z	ME:SK-MEL-2	magnitude_g1.00	EX_citr__L_e	0.0	0.0	16.02316343709031	primary	optimal
twostage-20260916T061947Z	ME:SK-MEL-2	magnitude_g1.00	EX_cmp_e	0.0	0.0	0.0	primary	optimal
twostage-20260916T061947Z	ME:SK-MEL-2	magnitude_g1.00	EX_crn_e	-0.999999	-1.0	0.0	primary	optimal
twostage-20260916T061947Z	ME:SK-MEL-2	magnitude_g1.00	EX_cyst__L_e	0.0	0.0	3.662428191862984	primary	optimal
twostage-20260916T061947Z	ME:SK-MEL-2	magnitude_g1.00	EX_cytd_e	0.0	0.0	1.8666967554970406	primary	optimal
twostage-20260916T061947Z	ME:SK-MEL-2	magnitude_g1.00	EX_dad_2_e	0.0	0.0	0.9640930054697254	primary	optimal
twostage-20260916T061947Z	ME:SK-MEL-2	magnitude_g1.00	EX_dcmp_e	0.0	0.0	1.6137160600350342	primary	optimal
twostage-20260916T061947Z	ME:SK-MEL-2	magnitude_g1.00	EX_dcyt_e	0.0	0.0	1.9136408925280748	primary	optimal
twostage-20260916T061947Z	ME:SK-MEL-2	magnitude_g1.00	EX_dhap_e	0.0	0.0	5.473645673409534	primary	optimal
twostage-20260916T061947Z	ME:SK-MEL-2	magnitude_g1.00	EX_dmgly_e	0.0	0.0	4.45798223973693	primary	optimal
twostage-20260916T061947Z	ME:SK-MEL-2	magnitude_g1.00	EX_duri_e	0.0	0.0	1.8758679206544007	primary	optimal
twostage-20260916T061947Z	ME:SK-MEL-2	magnitude_g1.00	EX_ethamp_e	0.0	0.0	6.071678091942547	primary	optimal
twostage-20260916T061947Z	ME:SK-MEL-2	magnitude_g1.00	EX_fol_e	-9.999998999999999	-10.0	3.552713678800501e-15	primary	optimal
twostage-20260916T061947Z	ME:SK-MEL-2	magnitude_g1.00	EX_fum_e	0.0	0.0	42.635327953317734	primary	optimal
twostage-20260916T061947Z	ME:SK-MEL-2	magnitude_g1.00	EX_g3pc_e	0.0	0.0	2.35272112355487	primary	optimal
twostage-20260916T061947Z	ME:SK-MEL-2	magnitude_g1.00	EX_glc__D_e	-10.0	-10.0	-2.920710046890753	primary	optimal
twostage-20260916T061947Z	ME:SK-MEL-2	magnitude_g1.00	EX_glcur_e	0.0	0.0	4.009402396521694	primary	optimal
twostage-20260916T061947Z	ME:SK-MEL-2	magnitude_g1.00	EX_gln__L_e	-9.999999	-10.0	6.455816409206456	primary	optimal
twostage-20260916T061947Z	ME:SK-MEL-2	magnitude_g1.00	EX_glu__L_e	-9.999999	-10.0	27.94223406355192	primary	optimal
twostage-20260916T061947Z	ME:SK-MEL-2	magnitude_g1.00	EX_gly_e	-9.999999	-10.0	30.85892794401834	primary	optimal
twostage-20260916T061947Z	ME:SK-MEL-2	magnitude_g1.00	EX_glyald_e	0.0	0.0	12.520907259028785	primary	optimal
twostage-20260916T061947Z	ME:SK-MEL-2	magnitude_g1.00	EX_glyb_e	0.0	0.0	10.152826331047223	primary	optimal
twostage-20260916T061947Z	ME:SK-MEL-2	magnitude_g1.00	EX_glyc3p_e	0.0	0.0	5.373696332664862	primary	optimal
twostage-20260916T061947Z	ME:SK-MEL-2	magnitude_g1.00	EX_gmp_e	0.0	0.0	0.0	primary	optimal
twostage-20260916T061947Z	ME:SK-MEL-2	magnitude_g1.00	EX_gthox_e	0.0	0.0	5.594926480088783	primary	optimal
twostage-20260916T061947Z	ME:SK-MEL-2	magnitude_g1.00	EX_hcys__L_e	0.0	0.0	4.984313624182796	primary	optimal
twostage-20260916T061947Z	ME:SK-MEL-2	magnitude_g1.00	EX_hom__L_e	0.0	0.0	0.0	primary	optimal
twostage-20260916T061947Z	ME:SK-MEL-2	magnitude_g1.00	EX_hxan_e	0.0	0.0	1.4460088935344164	primary	optimal
twostage-20260916T061947Z	ME:SK-MEL-2	magnitude_g1.00	EX_icit_e	0.0	0.0	32.11801531932856	primary	optimal
twostage-20260916T061947Z	ME:SK-MEL-2	magnitude_g1.00	EX_ile__L_e	-9.999999000000003	-10.0	-0.9398300444600372	primary	optimal
twostage-20260916T061947Z	ME:SK-MEL-2	magnitude_g1.00	EX_imp_e	0.0	0.0	1.1066821823089266	primary	optimal
twostage-20260916T061947Z	ME:SK-MEL-2	magnitude_g1.00	EX_ins_e	0.0	0.0	1.0986177330674747	primary	optimal
twostage-20260916T061947Z	ME:SK-MEL-2	magnitude_g1.00	EX_lac__L_e	-0.9999989999999997	-1.0	54.2561145890822	primary	optimal
twostage-20260916T061947Z	ME:SK-MEL-2	magnitude_g1.00	EX_lcts_e	0.0	0.0	1.8306437050705533	primary	optimal
twostage-20260916T061947Z	ME:SK-MEL-2	magnitude_g1.00	EX_leu__L_e	-9.999999	-10.0	-1.7922337326704483	primary	optimal
twostage-20260916T061947Z	ME:SK-MEL-2	magnitude_g1.00	EX_lys__L_e	-9.999999	-10.0	-1.945226570884163	primary	optimal
twostage-20260916T061947Z	ME:SK-MEL-2	magnitude_g1.00	EX_mal__L_e	1e-06	0.0	38.37877172081303	primary	optimal
twostage-20260916T061947Z	ME:SK-MEL-2	magnitude_g1.00	EX_met__L_e	-9.999999000000003	-10.0	-0.5026982632120713	primary	optimal
twostage-20260916T061947Z	ME:SK-MEL-2	magnitude_g1.00	EX_nac_e	1.6954495696388917e-15	0.0	10.81513773658665	primary	optimal
twostage-20260916T061947Z	ME:SK-MEL-2	magnitude_g1.00	EX_ncam_e	-9.999998999999999	-10.0	4.440892098500626e-15	primary	optimal
twostage-20260916T061947Z	ME:SK-MEL-2	magnitude_g1.00	EX_nicrnt_e	0.0	0.0	2.7072411445466447	primary	optimal
twostage-20260916T061947Z	ME:SK-MEL-2	magnitude_g1.00	EX_orn_e	1e-06	0.0	34.724496519236084	primary	optimal
twostage-20260916T061947Z	ME:SK-MEL-2	magnitude_g1.00	EX_orot5p_e	0.0	0.0	1.6373258339743781	primary	optimal
twostage-20260916T061947Z	ME:SK-MEL-2	magnitude_g1.00	EX_orot_e	0.0	0.0	3.7420550479734995	primary	optimal
twostage-20260916T061947Z	ME:SK-MEL-2	magnitude_g1.00	EX_oxa_e	0.0	0.0	7.561259271235288	primary	optimal
twostage-20260916T061947Z	ME:SK-MEL-2	magnitude_g1.00	EX_pep_e	0.0	0.0	6.071678091942643	primary	optimal
twostage-20260916T061947Z	ME:SK-MEL-2	magnitude_g1.00	EX_phe__L_e	-9.134547874212782	-10.0	-0.8524036882104298	primary	optimal
twostage-20260916T061947Z	ME:SK-MEL-2	magnitude_g1.00	EX_pnto__R_e	-4.123593111766868e-13	-10.0	0.05000000000000071	primary	optimal
twostage-20260916T061947Z	ME:SK-MEL-2	magnitude_g1.00	EX_pro__L_e	-1.3551019514227787	-10.0	23.55699575890163	primary	optimal
twostage-20260916T061947Z	ME:SK-MEL-2	magnitude_g1.00	EX_quln_e	0.0	0.0	1.323370020533933	primary	optimal
twostage-20260916T061947Z	ME:SK-MEL-2	magnitude_g1.00	EX_sbt__D_e	0.0	0.0	0.0	primary	optimal
twostage-20260916T061947Z	ME:SK-MEL-2	magnitude_g1.00	EX_ser__L_e	-10.0	-10.0	3.378498882894541	primary	optimal
twostage-20260916T061947Z	ME:SK-MEL-2	magnitude_g1.00	EX_spmd_e	0.0	0.0	1.4122713515749046	primary	optimal
twostage-20260916T061947Z	ME:SK-MEL-2	magnitude_g1.00	EX_sprm_e	0.0	0.0	0.7130748989183869	primary	optimal
twostage-20260916T061947Z	ME:SK-MEL-2	magnitude_g1.00	EX_srtn_e	0.0	0.0	3.9903184268854686	primary	optimal
twostage-20260916T061947Z	ME:SK-MEL-2	magnitude_g1.00	EX_succ_e	13.462568264374617	0.0	62.2674340872669	primary	optimal
twostage-20260916T061947Z	ME:SK-MEL-2	magnitude_g1.00	EX_sucr_e	0.0	0.0	0.0	primary	optimal
twostage-20260916T061947Z	ME:SK-MEL-2	magnitude_g1.00	EX_taur_e	0.0	0.0	3.581932553804688	primary	optimal
twostage-20260916T061947Z	ME:SK-MEL-2	magnitude_g1.00	EX_tchola_e	0.0	0.0	0.7636546888300575	primary	optimal
twostage-20260916T061947Z	ME:SK-MEL-2	magnitude_g1.00	EX_thr__L_e	-1.0272564007096083	-10.0	-1.0272564007096072	primary	optimal
twostage-20260916T061947Z	ME:SK-MEL-2	magnitude_g1.00	EX_thym_e	0.0	0.0	2.3592670865951293	primary	optimal
twostage-20260916T061947Z	ME:SK-MEL-2	magnitude_g1.00	EX_thymd_e	0.0	0.0	1.5794045756681012	primary	optimal
twostage-20260916T061947Z	ME:SK-MEL-2	magnitude_g1.00	EX_trp__L_e	-0.04371317812479467	-10.0	-0.04371317812482722	primary	optimal
twostage-20260916T061947Z	ME:SK-MEL-2	magnitude_g1.00	EX_tyr__L_e	-0.5245548522744694	-10.0	3.6542449964602923	primary	optimal
twostage-20260916T061947Z	ME:SK-MEL-2	magnitude_g1.00	EX_ump_e	0.0	0.0	1.2028811778500055	primary	optimal
twostage-20260916T061947Z	ME:SK-MEL-2	magnitude_g1.00	EX_ura_e	0.0	0.0	3.2514397887327666	primary	optimal
twostage-20260916T061947Z	ME:SK-MEL-2	magnitude_g1.00	EX_urate_e	0.0	0.0	1.3836053682701135	primary	optimal
twostage-20260916T061947Z	ME:SK-MEL-2	magnitude_g1.00	EX_uri_e	0.0	0.0	1.9016596735581894	primary	optimal
twostage-20260916T061947Z	ME:SK-MEL-2	magnitude_g1.00	EX_val__L_e	-1.158393149861205	-10.0	-1.1583926498609278	primary	optimal
twostage-20260916T061947Z	ME:SK-MEL-2	magnitude_g1.00	EX_xan_e	0.0	0.0	1.4196306622255437	primary	optimal
twostage-20260916T061947Z	ME:SK-MEL-2	magnitude_g1.00	EX_xmp_e	0.0	0.0	1.0876237946455254	primary	optimal
twostage-20260916T061947Z	ME:SK-MEL-2	magnitude_g1.00	EX_xtsn_e	0.0	0.0	1.0822907612749892	primary	optimal
twostage-20260916T061947Z	ME:SK-MEL-28	magnitude_g1.00	EX_2pg_e	0.0	0.0	6.071678091942534	primary	optimal
twostage-20260916T061947Z	ME:SK-MEL-28	magnitude_g1.00	EX_34hpp_e	0.0	0.0	12.922033636597304	primary	optimal
twostage-20260916T061947Z	ME:SK-MEL-28	magnitude_g1.00	EX_3hanthrn_e	0.0	0.0	1.9285192529588493	primary	optimal
twostage-20260916T061947Z	ME:SK-MEL-28	magnitude_g1.00	EX_3pg_e	0.0	0.0	6.071678091942337	primary	optimal
twostage-20260916T061947Z	ME:SK-MEL-28	magnitude_g1.00	EX_4abut_e	0.0	0.0	30.28793438626516	primary	optimal
twostage-20260916T061947Z	ME:SK-MEL-28	magnitude_g1.00	EX_4hbz_e	0.0	0.0	5.3990524575625125	primary	optimal
twostage-20260916T061947Z	ME:SK-MEL-28	magnitude_g1.00	EX_L2aadp_e	0.0	0.0	8.689763092468132	primary	optimal
twostage-20260916T061947Z	ME:SK-MEL-28	magnitude_g1.00	EX_Lkynr_e	0.0	0.0	3.8875401537984673	primary	optimal
twostage-20260916T061947Z	ME:SK-MEL-28	magnitude_g1.00	EX_acac_e	0.0	0.0	14.126395427089445	primary	optimal
twostage-20260916T061947Z	ME:SK-MEL-28	magnitude_g1.00	EX_ade_e	0.0	0.0	1.2246754507907776	primary	optimal
twostage-20260916T061947Z	ME:SK-MEL-28	magnitude_g1.00	EX_adn_e	0.0	0.0	0.9666171930076147	primary	optimal
twostage-20260916T061947Z	ME:SK-MEL-28	magnitude_g1.00	EX_ahcys_e	0.0	0.0	0.9039814261668447	primary	optimal
twostage-20260916T061947Z	ME:SK-MEL-28	magnitude_g1.00	EX_akg_e	0.0	0.0	39.199485549980515	primary	optimal
twostage-20260916T061947Z	ME:SK-MEL-28	magnitude_g1.00	EX_ala__L_e	1e-06	0.0	58.90568322856278	primary	optimal
twostage-20260916T061947Z	ME:SK-MEL-28	magnitude_g1.00	EX_amp_e	0.0	0.0	0.8058935041237526	primary	optimal
twostage-20260916T061947Z	ME:SK-MEL-28	magnitude_g1.00	EX_anth_e	0.0	0.0	3.6274560451604008	primary	optimal
twostage-20260916T061947Z	ME:SK-MEL-28	magnitude_g1.00	EX_arg__L_e	-9.999999	-10.0	3.140476858594539	primary	optimal
twostage-20260916T061947Z	ME:SK-MEL-28	magnitude_g1.00	EX_asn__L_e	-9.999999	-10.0	7.241237167548647	primary	optimal
twostage-20260916T061947Z	ME:SK-MEL-28	magnitude_g1.00	EX_asp__L_e	-9.999999	-10.0	29.598938187805103	primary	optimal
twostage-20260916T061947Z	ME:SK-MEL-28	magnitude_g1.00	EX_bilirub_e	0.0	0.0	0.4826591418782121	primary	optimal
twostage-20260916T061947Z	ME:SK-MEL-28	magnitude_g1.00	EX_cala_e	0.0	0.0	3.000392886373427	primary	optimal
twostage-20260916T061947Z	ME:SK-MEL-28	magnitude_g1.00	EX_chol_e	-9.999999000000003	-10.0	0.49893683614983914	primary	optimal
twostage-20260916T061947Z	ME:SK-MEL-28	magnitude_g1.00	EX_cholp_e	0.0	0.0	6.071678091942508	primary	optimal
twostage-20260916T061947Z	ME:SK-MEL-28	magnitude_g1.00	EX_cit_e	0.0	0.0	31.045326228988703	primary	optimal
twostage-20260916T061947Z	ME:SK-MEL-28	magnitude_g1.00	EX_citr__L_e	0.0	0.0	15.9743788793255	primary	optimal
twostage-20260916T061947Z	ME:SK-MEL-28	magnitude_g1.00	EX_cmp_e	0.0	0.0	0.0	primary	optimal
twostage-20260916T061947Z	ME:SK-MEL-28	magnitude_g1.00	EX_crn_e	-0.999999	-1.0	0.0	primary	optimal
twostage-20260916T061947Z	ME:SK-MEL-28	magnitude_g1.00	EX_cyst__L_e	0.0	0.0	3.6126878057039713	primary	optimal
twostage-20260916T061947Z	ME:SK-MEL-28	magnitude_g1.00	EX_cytd_e	0.0	0.0	1.8502307150986759	primary	optimal
twostage-20260916T061947Z	ME:SK-MEL-28	magnitude_g1.00	EX_dad_2_e	0.0	0.0	0.9586450895698417	primary	optimal
twostage-20260916T061947Z	ME:SK-MEL-28	magnitude_g1.00	EX_dcmp_e	0.0	0.0	1.6040029629866037	primary	optimal
twostage-20260916T061947Z	ME:SK-MEL-28	magnitude_g1.00	EX_dcyt_e	0.0	0.0	1.8993689607177824	primary	optimal
twostage-20260916T061947Z	ME:SK-MEL-28	magnitude_g1.00	EX_dhap_e	0.0	0.0	5.453789215940348	primary	optimal
twostage-20260916T061947Z	ME:SK-MEL-28	magnitude_g1.00	EX_dmgly_e	0.0	0.0	4.380181110092935	primary	optimal
twostage-20260916T061947Z	ME:SK-MEL-28	magnitude_g1.00	EX_duri_e	0.0	0.0	1.8607651822994655	primary	optimal
twostage-20260916T061947Z	ME:SK-MEL-28	magnitude_g1.00	EX_ethamp_e	0.0	0.0	6.071678091942505	primary	optimal
twostage-20260916T061947Z	ME:SK-MEL-28	magnitude_g1.00	EX_fol_e	-9.999999	-10.0	7.105427357601002e-15	primary	optimal
twostage-20260916T061947Z	ME:SK-MEL-28	magnitude_g1.00	EX_fum_e	1e-06	0.0	42.642755873014885	primary	optimal
twostage-20260916T061947Z	ME:SK-MEL-28	magnitude_g1.00	EX_g3pc_e	0.0	0.0	2.338510970245415	primary	optimal
twostage-20260916T061947Z	ME:SK-MEL-28	magnitude_g1.00	EX_glc__D_e	-10.0	-10.0	-3.0602492154937035	primary	optimal
twostage-20260916T061947Z	ME:SK-MEL-28	magnitude_g1.00	EX_glcur_e	0.0	0.0	3.960919101527938	primary	optimal
twostage-20260916T061947Z	ME:SK-MEL-28	magnitude_g1.00	EX_gln__L_e	-9.999999	-10.0	6.144083946334458	primary	optimal
twostage-20260916T061947Z	ME:SK-MEL-28	magnitude_g1.00	EX_glu__L_e	-9.999999000000003	-10.0	27.311720993603995	primary	optimal
twostage-20260916T061947Z	ME:SK-MEL-28	magnitude_g1.00	EX_gly_e	-9.999999	-10.0	30.661702755709047	primary	optimal
twostage-20260916T061947Z	ME:SK-MEL-28	magnitude_g1.00	EX_glyald_e	0.0	0.0	12.381595362136325	primary	optimal
twostage-20260916T061947Z	ME:SK-MEL-28	magnitude_g1.00	EX_glyb_e	0.0	0.0	10.125022929637113	primary	optimal
twostage-20260916T061947Z	ME:SK-MEL-28	magnitude_g1.00	EX_glyc3p_e	0.0	0.0	5.365672864900326	primary	optimal
twostage-20260916T061947Z	ME:SK-MEL-28	magnitude_g1.00	EX_gmp_e	0.0	0.0	0.0	primary	optimal
twostage-20260916T061947Z	ME:SK-MEL-28	magnitude_g1.00	EX_gthox_e	0.0	0.0	5.574154362629744	primary	optimal
twostage-20260916T061947Z	ME:SK-MEL-28	magnitude_g1.00	EX_hcys__L_e	0.0	0.0	4.898325907792321	primary	optimal
twostage-20260916T061947Z	ME:SK-MEL-28	magnitude_g1.00	EX_hom__L_e	0.0	0.0	0.0	primary	optimal
twostage-20260916T061947Z	ME:SK-MEL-28	magnitude_g1.00	EX_hxan_e	0.0	0.0	1.4328397769349313	primary	optimal
twostage-20260916T061947Z	ME:SK-MEL-28	magnitude_g1.00	EX_icit_e	0.0	0.0	32.006575692234236	primary	optimal
twostage-20260916T061947Z	ME:SK-MEL-28	magnitude_g1.00	EX_ile__L_e	-9.999999	-10.0	-0.939830044460022	primary	optimal
twostage-20260916T061947Z	ME:SK-MEL-28	magnitude_g1.00	EX_imp_e	0.0	0.0	1.0997948883434896	primary	optimal
twostage-20260916T061947Z	ME:SK-MEL-28	magnitude_g1.00	EX_ins_e	0.0	0.0	1.0918132135994558	primary	optimal
twostage-20260916T061947Z	ME:SK-MEL-28	magnitude_g1.00	EX_lac__L_e	-0.999999	-1.0	54.25611458908251	primary	optimal
twostage-20260916T061947Z	ME:SK-MEL-28	magnitude_g1.00	EX_lcts_e	0.0	0.0	1.814744080787265	primary	optimal
twostage-20260916T061947Z	ME:SK-MEL-28	magnitude_g1.00	EX_leu__L_e	-9.999999	-10.0	-1.7922337326704483	primary	optimal
twostage-20260916T061947Z	ME:SK-MEL-28	magnitude_g1.00	EX_lys__L_e	-9.999999000000003	-10.0	-1.945226570884163	primary	optimal
twostage-20260916T061947Z	ME:SK-MEL-28	magnitude_g1.00	EX_mal__L_e	1.0000000000000002e-06	0.0	38.37877172081356	primary	optimal
twostage-20260916T061947Z	ME:SK-MEL-28	magnitude_g1.00	EX_met__L_e	-9.999999	-10.0	-0.5026982632120731	primary	optimal
twostage-20260916T061947Z	ME:SK-MEL-28	magnitude_g1.00	EX_nac_e	0.0	0.0	10.81705740025837	primary	optimal
twostage-20260916T061947Z	ME:SK-MEL-28	magnitude_g1.00	EX_ncam_e	-9.999999	-10.0	-1.4210854715202004e-14	primary	optimal
twostage-20260916T061947Z	ME:SK-MEL-28	magnitude_g1.00	EX_nicrnt_e	0.0	0.0	2.6832066031754658	primary	optimal
twostage-20260916T061947Z	ME:SK-MEL-28	magnitude_g1.00	EX_orn_e	1e-06	0.0	34.51083288136723	primary	optimal
twostage-20260916T061947Z	ME:SK-MEL-28	magnitude_g1.00	EX_orot5p_e	0.0	0.0	1.6248861792173974	primary	optimal
twostage-20260916T061947Z	ME:SK-MEL-28	magnitude_g1.00	EX_orot_e	0.0	0.0	3.727517700392857	primary	optimal
twostage-20260916T061947Z	ME:SK-MEL-28	magnitude_g1.00	EX_oxa_e	0.0	0.0	7.532630584163952	primary	optimal
twostage-20260916T061947Z	ME:SK-MEL-28	magnitude_g1.00	EX_pep_e	0.0	0.0	6.071678091942411	primary	optimal
twostage-20260916T061947Z	ME:SK-MEL-28	magnitude_g1.00	EX_phe__L_e	-9.134547874220386	-10.0	-0.852403688210428	primary	optimal
twostage-20260916T061947Z	ME:SK-MEL-28	magnitude_g1.00	EX_pnto__R_e	3.198912517653703e-12	-10.0	0.05000000000001137	primary	optimal
twostage-20260916T061947Z	ME:SK-MEL-28	magnitude_g1.00	EX_pro__L_e	-1.3551019514215576	-10.0	23.016871075528513	primary	optimal
twostage-20260916T061947Z	ME:SK-MEL-28	magnitude_g1.00	EX_quln_e	0.0	0.0	1.2975290443420768	primary	optimal
twostage-20260916T061947Z	ME:SK-MEL-28	magnitude_g1.00	EX_sbt__D_e	0.0	0.0	0.0	primary	optimal
twostage-20260916T061947Z	ME:SK-MEL-28	magnitude_g1.00	EX_ser__L_e	-10.0	-10.0	3.155988269881475	primary	optimal
twostage-20260916T061947Z	ME:SK-MEL-28	magnitude_g1.00	EX_spmd_e	0.0	0.0	1.3840797063779415	primary	optimal
twostage-20260916T061947Z	ME:SK-MEL-28	magnitude_g1.00	EX_sprm_e	0.0	0.0	0.699200385662894	primary	optimal
twostage-20260916T061947Z	ME:SK-MEL-28	magnitude_g1.00	EX_srtn_e	0.0	0.0	3.916665990635255	primary	optimal
twostage-20260916T061947Z	ME:SK-MEL-28	magnitude_g1.00	EX_succ_e	13.462568264369676	0.0	62.2362840804973	primary	optimal
twostage-20260916T061947Z	ME:SK-MEL-28	magnitude_g1.00	EX_sucr_e	0.0	0.0	0.0	primary	optimal
twostage-20260916T061947Z	ME:SK-MEL-28	magnitude_g1.00	EX_taur_e	0.0	0.0	3.506243571397673	primary	optimal
twostage-20260916T061947Z	ME:SK-MEL-28	magnitude_g1.00	EX_tchola_e	0.0	0.0	0.7479820275803644	primary	optimal
twostage-20260916T061947Z	ME:SK-MEL-28	magnitude_g1.00	EX_thr__L_e	-1.0272564007096079	-10.0	-1.0272564007096072	primary	optimal
twostage-20260916T061947Z	ME:SK-MEL-28	magnitude_g1.00	EX_thym_e	0.0	0.0	2.317262384391646	primary	optimal
twostage-20260916T061947Z	ME:SK-MEL-28	magnitude_g1.00	EX_thymd_e	0.0	0.0	1.5651802328417839	primary	optimal
twostage-20260916T061947Z	ME:SK-MEL-28	magnitude_g1.00	EX_trp__L_e	-0.04371317812479467	-10.0	-0.043713178124802354	primary	optimal
twostage-20260916T061947Z	ME:SK-MEL-28	magnitude_g1.00	EX_tyr__L_e	-0.5245548522744693	-10.0	3.601290545050807	primary	optimal
twostage-20260916T061947Z	ME:SK-MEL-28	magnitude_g1.00	EX_ump_e	0.0	0.0	1.1934371990767272	primary	optimal
twostage-20260916T061947Z	ME:SK-MEL-28	magnitude_g1.00	EX_ura_e	0.0	0.0	3.2113635466776103	primary	optimal
twostage-20260916T061947Z	ME:SK-MEL-28	magnitude_g1.00	EX_urate_e	0.0	0.0	1.3715502525908183	primary	optimal
twostage-20260916T061947Z	ME:SK-MEL-28	magnitude_g1.00	EX_uri_e	0.0	0.0	1.8824395739083803	primary	optimal
twostage-20260916T061947Z	ME:SK-MEL-28	magnitude_g1.00	EX_val__L_e	-1.1583931498594007	-10.0	-1.1583926498609252	primary	optimal
twostage-20260916T061947Z	ME:SK-MEL-28	magnitude_g1.00	EX_xan_e	0.0	0.0	1.4071750104507519	primary	optimal
twostage-20260916T061947Z	ME:SK-MEL-28	magnitude_g1.00	EX_xmp_e	0.0	0.0	1.0806842525859273	primary	optimal
twostage-20260916T061947Z	ME:SK-MEL-28	magnitude_g1.00	EX_xtsn_e	0.0	0.0	1.0756130897775695	primary	optimal
twostage-20260916T061947Z	ME:SK-MEL-5	magnitude_g1.00	EX_2pg_e	0.0	0.0	6.071678091942477	primary	optimal
twostage-20260916T061947Z	ME:SK-MEL-5	magnitude_g1.00	EX_34hpp_e	0.0	0.0	12.993116833964043	primary	optimal
twostage-20260916T061947Z	ME:SK-MEL-5	magnitude_g1.00	EX_3hanthrn_e	0.0	0.0	1.9796694204771352	primary	optimal
twostage-20260916T061947Z	ME:SK-MEL-5	magnitude_g1.00	EX_3pg_e	0.0	0.0	6.071678091942351	primary	optimal
twostage-20260916T061947Z	ME:SK-MEL-5	magnitude_g1.00	EX_4abut_e	0.0	0.0	32.06820384129684	primary	optimal
twostage-20260916T061947Z	ME:SK-MEL-5	magnitude_g1.00	EX_4hbz_e	0.0	0.0	5.45957813357106	primary	optimal
twostage-20260916T061947Z	ME:SK-MEL-5	magnitude_g1.00	EX_L2aadp_e	0.0	0.0	8.706884058259371	primary	optimal
twostage-20260916T061947Z	ME:SK-MEL-5	magnitude_g1.00	EX_Lkynr_e	0.0	0.0	3.9975328697618497	primary	optimal
twostage-20260916T061947Z	ME:SK-MEL-5	magnitude_g1.00	EX_acac_e	0.0	0.0	14.081073266279576	primary	optimal
twostage-20260916T061947Z	ME:SK-MEL-5	magnitude_g1.00	EX_ade_e	0.0	0.0	1.2317227506125874	primary	optimal
twostage-20260916T061947Z	ME:SK-MEL-5	magnitude_g1.00	EX_adn_e	0.0	0.0	0.9698199198542008	primary	optimal
twostage-20260916T061947Z	ME:SK-MEL-5	magnitude_g1.00	EX_ahcys_e	0.0	0.0	0.9085555022829225	primary	optimal
twostage-20260916T061947Z	ME:SK-MEL-5	magnitude_g1.00	EX_akg_e	0.0	0.0	39.94467290891219	primary	optimal
twostage-20260916T061947Z	ME:SK-MEL-5	magnitude_g1.00	EX_ala__L_e	1e-06	0.0	59.01091300371965	primary	optimal
twostage-20260916T061947Z	ME:SK-MEL-5	magnitude_g1.00	EX_amp_e	0.0	0.0	0.8083502668198416	primary	optimal
twostage-20260916T061947Z	ME:SK-MEL-5	magnitude_g1.00	EX_anth_e	0.0	0.0	3.74436940990898	primary	optimal
twostage-20260916T061947Z	ME:SK-MEL-5	magnitude_g1.00	EX_arg__L_e	-9.999999000000003	-10.0	3.209647349177501	primary	optimal
twostage-20260916T061947Z	ME:SK-MEL-5	magnitude_g1.00	EX_asn__L_e	-9.999999	-10.0	7.396978179999282	primary	optimal
twostage-20260916T061947Z	ME:SK-MEL-5	magnitude_g1.00	EX_asp__L_e	-9.999999	-10.0	29.926828349820344	primary	optimal
twostage-20260916T061947Z	ME:SK-MEL-5	magnitude_g1.00	EX_bilirub_e	0.0	0.0	0.49235831926820023	primary	optimal
twostage-20260916T061947Z	ME:SK-MEL-5	magnitude_g1.00	EX_cala_e	0.0	0.0	3.04014035059427	primary	optimal
twostage-20260916T061947Z	ME:SK-MEL-5	magnitude_g1.00	EX_chol_e	-9.999999	-10.0	0.5254920100670393	primary	optimal
twostage-20260916T061947Z	ME:SK-MEL-5	magnitude_g1.00	EX_cholp_e	0.0	0.0	6.071678091942505	primary	optimal
twostage-20260916T061947Z	ME:SK-MEL-5	magnitude_g1.00	EX_cit_e	0.0	0.0	31.04532622898949	primary	optimal
twostage-20260916T061947Z	ME:SK-MEL-5	magnitude_g1.00	EX_citr__L_e	0.0	0.0	15.98009063270409	primary	optimal
twostage-20260916T061947Z	ME:SK-MEL-5	magnitude_g1.00	EX_cmp_e	0.0	0.0	0.0	primary	optimal
twostage-20260916T061947Z	ME:SK-MEL-5	magnitude_g1.00	EX_crn_e	-0.9999990000000001	-1.0	3.3306690738754696e-16	primary	optimal
twostage-20260916T061947Z	ME:SK-MEL-5	magnitude_g1.00	EX_cyst__L_e	0.0	0.0	3.654494120459536	primary	optimal
twostage-20260916T061947Z	ME:SK-MEL-5	magnitude_g1.00	EX_cytd_e	0.0	0.0	1.8620394906086193	primary	optimal
twostage-20260916T061947Z	ME:SK-MEL-5	magnitude_g1.00	EX_dad_2_e	0.0	0.0	0.9617993235331297	primary	optimal
twostage-20260916T061947Z	ME:SK-MEL-5	magnitude_g1.00	EX_dcmp_e	0.0	0.0	1.6141014432945806	primary	optimal
twostage-20260916T061947Z	ME:SK-MEL-5	magnitude_g1.00	EX_dcyt_e	0.0	0.0	1.915606925011653	primary	optimal
twostage-20260916T061947Z	ME:SK-MEL-5	magnitude_g1.00	EX_dhap_e	0.0	0.0	5.462182540176379	primary	optimal
twostage-20260916T061947Z	ME:SK-MEL-5	magnitude_g1.00	EX_dmgly_e	0.0	0.0	4.43113304948805	primary	optimal
twostage-20260916T061947Z	ME:SK-MEL-5	magnitude_g1.00	EX_duri_e	0.0	0.0	1.8767715409738688	primary	optimal
twostage-20260916T061947Z	ME:SK-MEL-5	magnitude_g1.00	EX_ethamp_e	0.0	0.0	6.0716780919421245	primary	optimal
twostage-20260916T061947Z	ME:SK-MEL-5	magnitude_g1.00	EX_fol_e	-9.999999	-10.0	5.861977570020827e-14	primary	optimal
twostage-20260916T061947Z	ME:SK-MEL-5	magnitude_g1.00	EX_fum_e	1e-06	0.0	42.64334703748079	primary	optimal
twostage-20260916T061947Z	ME:SK-MEL-5	magnitude_g1.00	EX_g3pc_e	0.0	0.0	2.347888394402732	primary	optimal
twostage-20260916T061947Z	ME:SK-MEL-5	magnitude_g1.00	EX_glc__D_e	-10.0	-10.0	-2.8606424660157073	primary	optimal
twostage-20260916T061947Z	ME:SK-MEL-5	magnitude_g1.00	EX_glcur_e	0.0	0.0	4.0308927591376555	primary	optimal
twostage-20260916T061947Z	ME:SK-MEL-5	magnitude_g1.00	EX_gln__L_e	-9.999999	-10.0	6.45198814841219	primary	optimal
twostage-20260916T061947Z	ME:SK-MEL-5	magnitude_g1.00	EX_glu__L_e	-9.999999	-10.0	27.53359125043639	primary	optimal
twostage-20260916T061947Z	ME:SK-MEL-5	magnitude_g1.00	EX_gly_e	-9.999999	-10.0	31.085268815928067	primary	optimal
twostage-20260916T061947Z	ME:SK-MEL-5	magnitude_g1.00	EX_glyald_e	0.0	0.0	12.5940271933312	primary	optimal
twostage-20260916T061947Z	ME:SK-MEL-5	magnitude_g1.00	EX_glyb_e	0.0	0.0	10.155533290439157	primary	optimal
twostage-20260916T061947Z	ME:SK-MEL-5	magnitude_g1.00	EX_glyc3p_e	0.0	0.0	5.363615850771061	primary	optimal
twostage-20260916T061947Z	ME:SK-MEL-5	magnitude_g1.00	EX_gmp_e	0.0	0.0	0.0	primary	optimal
twostage-20260916T061947Z	ME:SK-MEL-5	magnitude_g1.00	EX_gthox_e	0.0	0.0	5.59133380492722	primary	optimal
twostage-20260916T061947Z	ME:SK-MEL-5	magnitude_g1.00	EX_hcys__L_e	0.0	0.0	4.963329902674033	primary	optimal
twostage-20260916T061947Z	ME:SK-MEL-5	magnitude_g1.00	EX_hom__L_e	0.0	0.0	0.0	primary	optimal
twostage-20260916T061947Z	ME:SK-MEL-5	magnitude_g1.00	EX_hxan_e	0.0	0.0	1.4413430362061088	primary	optimal
twostage-20260916T061947Z	ME:SK-MEL-5	magnitude_g1.00	EX_icit_e	0.0	0.0	32.033144980367105	primary	optimal
twostage-20260916T061947Z	ME:SK-MEL-5	magnitude_g1.00	EX_ile__L_e	-9.999999000000003	-10.0	-0.9398300444600185	primary	optimal
twostage-20260916T061947Z	ME:SK-MEL-5	magnitude_g1.00	EX_imp_e	0.0	0.0	1.1043564504927763	primary	optimal
twostage-20260916T061947Z	ME:SK-MEL-5	magnitude_g1.00	EX_ins_e	0.0	0.0	1.0949902642476796	primary	optimal
twostage-20260916T061947Z	ME:SK-MEL-5	magnitude_g1.00	EX_lac__L_e	-0.999999	-1.0	54.25611458908255	primary	optimal
twostage-20260916T061947Z	ME:SK-MEL-5	magnitude_g1.00	EX_lcts_e	0.0	0.0	1.8235923185643355	primary	optimal
twostage-20260916T061947Z	ME:SK-MEL-5	magnitude_g1.00	EX_leu__L_e	-9.999999	-10.0	-1.7922337326704483	primary	optimal
twostage-20260916T061947Z	ME:SK-MEL-5	magnitude_g1.00	EX_lys__L_e	-9.999999	-10.0	-1.945226570884163	primary	optimal
twostage-20260916T061947Z	ME:SK-MEL-5	magnitude_g1.00	EX_mal__L_e	9.999999999999997e-07	0.0	38.37877172081272	primary	optimal
twostage-20260916T061947Z	ME:SK-MEL-5	magnitude_g1.00	EX_met__L_e	-9.999999	-10.0	-0.5026982632120713	primary	optimal
twostage-20260916T061947Z	ME:SK-MEL-5	magnitude_g1.00	EX_nac_e	0.0	0.0	10.817482766828023	primary	optimal
twostage-20260916T061947Z	ME:SK-MEL-5	magnitude_g1.00	EX_ncam_e	-9.999999	-10.0	5.329070518200751e-15	primary	optimal
twostage-20260916T061947Z	ME:SK-MEL-5	magnitude_g1.00	EX_nicrnt_e	0.0	0.0	2.707104074577476	primary	optimal
twostage-20260916T061947Z	ME:SK-MEL-5	magnitude_g1.00	EX_orn_e	9.999999999999997e-07	0.0	34.737029644560835	primary	optimal
twostage-20260916T061947Z	ME:SK-MEL-5	magnitude_g1.00	EX_orot5p_e	0.0	0.0	1.6378462977149792	primary	optimal
twostage-20260916T061947Z	ME:SK-MEL-5	magnitude_g1.00	EX_orot_e	0.0	0.0	3.7477121462973195	primary	optimal
twostage-20260916T061947Z	ME:SK-MEL-5	magnitude_g1.00	EX_oxa_e	0.0	0.0	7.514313814889	primary	optimal
twostage-20260916T061947Z	ME:SK-MEL-5	magnitude_g1.00	EX_pep_e	0.0	0.0	6.071678091942372	primary	optimal
twostage-20260916T061947Z	ME:SK-MEL-5	magnitude_g1.00	EX_phe__L_e	-9.134547874217795	-10.0	-0.8524036882104316	primary	optimal
twostage-20260916T061947Z	ME:SK-MEL-5	magnitude_g1.00	EX_pnto__R_e	3.853500373808731e-12	-10.0	0.04999999999999982	primary	optimal
twostage-20260916T061947Z	ME:SK-MEL-5	magnitude_g1.00	EX_pro__L_e	-1.3551019514233509	-10.0	23.76255745156251	primary	optimal
twostage-20260916T061947Z	ME:SK-MEL-5	magnitude_g1.00	EX_quln_e	0.0	0.0	1.3340706087498542	primary	optimal
twostage-20260916T061947Z	ME:SK-MEL-5	magnitude_g1.00	EX_sbt__D_e	0.0	0.0	0.0	primary	optimal
twostage-20260916T061947Z	ME:SK-MEL-5	magnitude_g1.00	EX_ser__L_e	-10.0	-10.0	3.476516012340457	primary	optimal
twostage-20260916T061947Z	ME:SK-MEL-5	magnitude_g1.00	EX_spmd_e	0.0	0.0	1.4167816620095386	primary	optimal
twostage-20260916T061947Z	ME:SK-MEL-5	magnitude_g1.00	EX_sprm_e	0.0	0.0	0.7151544112737797	primary	optimal
twostage-20260916T061947Z	ME:SK-MEL-5	magnitude_g1.00	EX_srtn_e	1.8881316179808824e-15	0.0	4.011291259604284	primary	optimal
twostage-20260916T061947Z	ME:SK-MEL-5	magnitude_g1.00	EX_succ_e	13.462568264372308	0.0	62.284040058632826	primary	optimal
twostage-20260916T061947Z	ME:SK-MEL-5	magnitude_g1.00	EX_sucr_e	0.0	0.0	0.0	primary	optimal
twostage-20260916T061947Z	ME:SK-MEL-5	magnitude_g1.00	EX_taur_e	0.0	0.0	3.600459968196752	primary	optimal
twostage-20260916T061947Z	ME:SK-MEL-5	magnitude_g1.00	EX_tchola_e	0.0	0.0	0.768907226740974	primary	optimal
twostage-20260916T061947Z	ME:SK-MEL-5	magnitude_g1.00	EX_thr__L_e	-1.027256400709608	-10.0	-1.0272564007095877	primary	optimal
twostage-20260916T061947Z	ME:SK-MEL-5	magnitude_g1.00	EX_thym_e	0.0	0.0	2.3632118907110775	primary	optimal
twostage-20260916T061947Z	ME:SK-MEL-5	magnitude_g1.00	EX_thymd_e	0.0	0.0	1.582089703517064	primary	optimal
twostage-20260916T061947Z	ME:SK-MEL-5	magnitude_g1.00	EX_trp__L_e	-0.04371317812479468	-10.0	-0.04371317812480058	primary	optimal
twostage-20260916T061947Z	ME:SK-MEL-5	magnitude_g1.00	EX_tyr__L_e	-0.5245548522744694	-10.0	3.68271831781138	primary	optimal
twostage-20260916T061947Z	ME:SK-MEL-5	magnitude_g1.00	EX_ump_e	0.0	0.0	1.2016963858951806	primary	optimal
twostage-20260916T061947Z	ME:SK-MEL-5	magnitude_g1.00	EX_ura_e	0.0	0.0	3.2592409453630276	primary	optimal
twostage-20260916T061947Z	ME:SK-MEL-5	magnitude_g1.00	EX_urate_e	0.0	0.0	1.3764634638882856	primary	optimal
twostage-20260916T061947Z	ME:SK-MEL-5	magnitude_g1.00	EX_uri_e	0.0	0.0	1.9011987746815215	primary	optimal
twostage-20260916T061947Z	ME:SK-MEL-5	magnitude_g1.00	EX_val__L_e	-1.1583931498620774	-10.0	-1.1583926498609243	primary	optimal
twostage-20260916T061947Z	ME:SK-MEL-5	magnitude_g1.00	EX_xan_e	0.0	0.0	1.4131256953349862	primary	optimal
twostage-20260916T061947Z	ME:SK-MEL-5	magnitude_g1.00	EX_xmp_e	0.0	0.0	1.0851199015220296	primary	optimal
twostage-20260916T061947Z	ME:SK-MEL-5	magnitude_g1.00	EX_xtsn_e	0.0	0.0	1.0777352366032626	primary	optimal
twostage-20260916T061947Z	ME:UACC-257	magnitude_g1.00	EX_2pg_e	0.0	0.0	6.071678091942523	primary	optimal
twostage-20260916T061947Z	ME:UACC-257	magnitude_g1.00	EX_34hpp_e	0.0	0.0	12.948625896442046	primary	optimal
twostage-20260916T061947Z	ME:UACC-257	magnitude_g1.00	EX_3hanthrn_e	0.0	0.0	1.9520090627119562	primary	optimal
twostage-20260916T061947Z	ME:UACC-257	magnitude_g1.00	EX_3pg_e	0.0	0.0	6.071678091942575	primary	optimal
twostage-20260916T061947Z	ME:UACC-257	magnitude_g1.00	EX_4abut_e	0.0	0.0	30.81309127858224	primary	optimal
twostage-20260916T061947Z	ME:UACC-257	magnitude_g1.00	EX_4hbz_e	0.0	0.0	5.383736145993296	primary	optimal
twostage-20260916T061947Z	ME:UACC-257	magnitude_g1.00	EX_L2aadp_e	0.0	0.0	8.684479363641097	primary	optimal
twostage-20260916T061947Z	ME:UACC-257	magnitude_g1.00	EX_Lkynr_e	0.0	0.0	3.9352372833737475	primary	optimal
twostage-20260916T061947Z	ME:UACC-257	magnitude_g1.00	EX_acac_e	0.0	0.0	14.081627294198677	primary	optimal
twostage-20260916T061947Z	ME:UACC-257	magnitude_g1.00	EX_ade_e	0.0	0.0	1.22304348776672	primary	optimal
twostage-20260916T061947Z	ME:UACC-257	magnitude_g1.00	EX_adn_e	0.0	0.0	0.9639637598146241	primary	optimal
twostage-20260916T061947Z	ME:UACC-257	magnitude_g1.00	EX_ahcys_e	0.0	0.0	0.9034158712858393	primary	optimal
twostage-20260916T061947Z	ME:UACC-257	magnitude_g1.00	EX_akg_e	0.0	0.0	39.57625530717594	primary	optimal
twostage-20260916T061947Z	ME:UACC-257	magnitude_g1.00	EX_ala__L_e	1e-06	0.0	58.02895628631952	primary	optimal
twostage-20260916T061947Z	ME:UACC-257	magnitude_g1.00	EX_amp_e	0.0	0.0	0.803750652936814	primary	optimal
twostage-20260916T061947Z	ME:UACC-257	magnitude_g1.00	EX_anth_e	0.0	0.0	3.6809527252513354	primary	optimal
twostage-20260916T061947Z	ME:UACC-257	magnitude_g1.00	EX_arg__L_e	-9.999999	-10.0	3.1593193234640373	primary	optimal
twostage-20260916T061947Z	ME:UACC-257	magnitude_g1.00	EX_asn__L_e	-9.999999	-10.0	7.279652752466457	primary	optimal
twostage-20260916T061947Z	ME:UACC-257	magnitude_g1.00	EX_asp__L_e	-9.999998999999999	-10.0	29.434231522839507	primary	optimal
twostage-20260916T061947Z	ME:UACC-257	magnitude_g1.00	EX_bilirub_e	1.818991837946939e-18	0.0	0.4859192303454365	primary	optimal
twostage-20260916T061947Z	ME:UACC-257	magnitude_g1.00	EX_cala_e	0.0	0.0	3.0161879737334876	primary	optimal
twostage-20260916T061947Z	ME:UACC-257	magnitude_g1.00	EX_chol_e	-9.999999	-10.0	0.5048192932760613	primary	optimal
twostage-20260916T061947Z	ME:UACC-257	magnitude_g1.00	EX_cholp_e	0.0	0.0	6.071678091942623	primary	optimal
twostage-20260916T061947Z	ME:UACC-257	magnitude_g1.00	EX_cit_e	0.0	0.0	31.045326228988674	primary	optimal
twostage-20260916T061947Z	ME:UACC-257	magnitude_g1.00	EX_citr__L_e	0.0	0.0	15.9962607531682	primary	optimal
twostage-20260916T061947Z	ME:UACC-257	magnitude_g1.00	EX_cmp_e	0.0	0.0	0.0	primary	optimal
twostage-20260916T061947Z	ME:UACC-257	magnitude_g1.00	EX_crn_e	-0.9999990000000001	-1.0	4.440892098500626e-16	primary	optimal
twostage-20260916T061947Z	ME:UACC-257	magnitude_g1.00	EX_cyst__L_e	0.0	0.0	3.62332634180833	primary	optimal
twostage-20260916T061947Z	ME:UACC-257	magnitude_g1.00	EX_cytd_e	0.0	0.0	1.8526163872553207	primary	optimal
twostage-20260916T061947Z	ME:UACC-257	magnitude_g1.00	EX_dad_2_e	0.0	0.0	0.9565502792863778	primary	optimal
twostage-20260916T061947Z	ME:UACC-257	magnitude_g1.00	EX_dcmp_e	0.0	0.0	1.608862394147956	primary	optimal
twostage-20260916T061947Z	ME:UACC-257	magnitude_g1.00	EX_dcyt_e	0.0	0.0	1.9058655577025907	primary	optimal
twostage-20260916T061947Z	ME:UACC-257	magnitude_g1.00	EX_dhap_e	0.0	0.0	5.446151167185627	primary	optimal
twostage-20260916T061947Z	ME:UACC-257	magnitude_g1.00	EX_dmgly_e	0.0	0.0	4.38097033723106	primary	optimal
twostage-20260916T061947Z	ME:UACC-257	magnitude_g1.00	EX_duri_e	0.0	0.0	1.8668010312038208	primary	optimal
twostage-20260916T061947Z	ME:UACC-257	magnitude_g1.00	EX_ethamp_e	0.0	0.0	6.071678091942499	primary	optimal
twostage-20260916T061947Z	ME:UACC-257	magnitude_g1.00	EX_fol_e	-9.999999000000003	-10.0	-1.7763568394002505e-15	primary	optimal
twostage-20260916T061947Z	ME:UACC-257	magnitude_g1.00	EX_fum_e	1e-06	0.0	42.63841567801381	primary	optimal
twostage-20260916T061947Z	ME:UACC-257	magnitude_g1.00	EX_g3pc_e	0.0	0.0	2.3435477721941993	primary	optimal
twostage-20260916T061947Z	ME:UACC-257	magnitude_g1.00	EX_glc__D_e	-10.0	-10.0	-2.900068024686068	primary	optimal
twostage-20260916T061947Z	ME:UACC-257	magnitude_g1.00	EX_glcur_e	0.0	0.0	3.9934162689568615	primary	optimal
twostage-20260916T061947Z	ME:UACC-257	magnitude_g1.00	EX_gln__L_e	-9.999999000000003	-10.0	6.396371143986897	primary	optimal
twostage-20260916T061947Z	ME:UACC-257	magnitude_g1.00	EX_glu__L_e	-9.999999000000003	-10.0	27.166489400374637	primary	optimal
twostage-20260916T061947Z	ME:UACC-257	magnitude_g1.00	EX_gly_e	-9.999999	-10.0	31.01342226979545	primary	optimal
twostage-20260916T061947Z	ME:UACC-257	magnitude_g1.00	EX_glyald_e	0.0	0.0	12.51711776283153	primary	optimal
twostage-20260916T061947Z	ME:UACC-257	magnitude_g1.00	EX_glyb_e	0.0	0.0	10.125521050036676	primary	optimal
twostage-20260916T061947Z	ME:UACC-257	magnitude_g1.00	EX_glyc3p_e	0.0	0.0	5.355179636721512	primary	optimal
twostage-20260916T061947Z	ME:UACC-257	magnitude_g1.00	EX_gmp_e	0.0	0.0	0.0	primary	optimal
twostage-20260916T061947Z	ME:UACC-257	magnitude_g1.00	EX_gthox_e	0.0	0.0	5.592148302426117	primary	optimal
twostage-20260916T061947Z	ME:UACC-257	magnitude_g1.00	EX_hcys__L_e	0.0	0.0	4.927773740498199	primary	optimal
twostage-20260916T061947Z	ME:UACC-257	magnitude_g1.00	EX_hom__L_e	0.0	0.0	0.0	primary	optimal
twostage-20260916T061947Z	ME:UACC-257	magnitude_g1.00	EX_hxan_e	0.0	0.0	1.4312301229782969	primary	optimal
twostage-20260916T061947Z	ME:UACC-257	magnitude_g1.00	EX_icit_e	0.0	0.0	31.94427219066908	primary	optimal
twostage-20260916T061947Z	ME:UACC-257	magnitude_g1.00	EX_ile__L_e	-9.999999	-10.0	-0.9398300444599981	primary	optimal
twostage-20260916T061947Z	ME:UACC-257	magnitude_g1.00	EX_imp_e	0.0	0.0	1.09759647855998	primary	optimal
twostage-20260916T061947Z	ME:UACC-257	magnitude_g1.00	EX_ins_e	0.0	0.0	1.0887977629413934	primary	optimal
twostage-20260916T061947Z	ME:UACC-257	magnitude_g1.00	EX_lac__L_e	-0.999999	-1.0	54.25611458908355	primary	optimal
twostage-20260916T061947Z	ME:UACC-257	magnitude_g1.00	EX_lcts_e	0.0	0.0	1.8207338338363472	primary	optimal
twostage-20260916T061947Z	ME:UACC-257	magnitude_g1.00	EX_leu__L_e	-9.999999	-10.0	-1.792233732670443	primary	optimal
twostage-20260916T061947Z	ME:UACC-257	magnitude_g1.00	EX_lys__L_e	-9.999999	-10.0	-1.9452265708841487	primary	optimal
twostage-20260916T061947Z	ME:UACC-257	magnitude_g1.00	EX_mal__L_e	1e-06	0.0	38.37877172081238	primary	optimal
twostage-20260916T061947Z	ME:UACC-257	magnitude_g1.00	EX_met__L_e	-9.999999	-10.0	-0.5026982632120731	primary	optimal
twostage-20260916T061947Z	ME:UACC-257	magnitude_g1.00	EX_nac_e	0.0	0.0	10.824134557833636	primary	optimal
twostage-20260916T061947Z	ME:UACC-257	magnitude_g1.00	EX_ncam_e	-9.999998999999999	-10.0	0.0	primary	optimal
twostage-20260916T061947Z	ME:UACC-257	magnitude_g1.00	EX_nicrnt_e	0.0	0.0	2.6829932906297245	primary	optimal
twostage-20260916T061947Z	ME:UACC-257	magnitude_g1.00	EX_orn_e	1e-06	0.0	34.729843019031335	primary	optimal
twostage-20260916T061947Z	ME:UACC-257	magnitude_g1.00	EX_orot5p_e	0.0	0.0	1.627352196633512	primary	optimal
twostage-20260916T061947Z	ME:UACC-257	magnitude_g1.00	EX_orot_e	0.0	0.0	3.741553259869987	primary	optimal
twostage-20260916T061947Z	ME:UACC-257	magnitude_g1.00	EX_oxa_e	0.0	0.0	7.530691580926429	primary	optimal
twostage-20260916T061947Z	ME:UACC-257	magnitude_g1.00	EX_pep_e	0.0	0.0	6.071678091942471	primary	optimal
twostage-20260916T061947Z	ME:UACC-257	magnitude_g1.00	EX_phe__L_e	-9.134547874214551	-10.0	-0.8524036882104129	primary	optimal
twostage-20260916T061947Z	ME:UACC-257	magnitude_g1.00	EX_pnto__R_e	-2.2827199896712386e-12	-10.0	0.05000000000002025	primary	optimal
twostage-20260916T061947Z	ME:UACC-257	magnitude_g1.00	EX_pro__L_e	-1.3551019514246283	-10.0	23.307114204535683	primary	optimal
twostage-20260916T061947Z	ME:UACC-257	magnitude_g1.00	EX_quln_e	0.0	0.0	1.3145345000671256	primary	optimal
twostage-20260916T061947Z	ME:UACC-257	magnitude_g1.00	EX_sbt__D_e	0.0	0.0	0.0	primary	optimal
twostage-20260916T061947Z	ME:UACC-257	magnitude_g1.00	EX_ser__L_e	-10.0	-10.0	3.3019821537666836	primary	optimal
twostage-20260916T061947Z	ME:UACC-257	magnitude_g1.00	EX_spmd_e	0.0	0.0	1.39552654024307	primary	optimal
twostage-20260916T061947Z	ME:UACC-257	magnitude_g1.00	EX_sprm_e	0.0	0.0	0.7040405639136212	primary	optimal
twostage-20260916T061947Z	ME:UACC-257	magnitude_g1.00	EX_srtn_e	0.0	0.0	3.9636432419018326	primary	optimal
twostage-20260916T061947Z	ME:UACC-257	magnitude_g1.00	EX_succ_e	13.46256826437818	0.0	62.28404005863377	primary	optimal
twostage-20260916T061947Z	ME:UACC-257	magnitude_g1.00	EX_sucr_e	0.0	0.0	0.0	primary	optimal
twostage-20260916T061947Z	ME:UACC-257	magnitude_g1.00	EX_taur_e	0.0	0.0	3.5442404247074095	primary	optimal
twostage-20260916T061947Z	ME:UACC-257	magnitude_g1.00	EX_tchola_e	0.0	0.0	0.7575011246628622	primary	optimal
twostage-20260916T061947Z	ME:UACC-257	magnitude_g1.00	EX_thr__L_e	-1.0272564007096083	-10.0	-1.0272564007099216	primary	optimal
twostage-20260916T061947Z	ME:UACC-257	magnitude_g1.00	EX_thym_e	0.0	0.0	2.3304442042437326	primary	optimal
twostage-20260916T061947Z	ME:UACC-257	magnitude_g1.00	EX_thymd_e	0.0	0.0	1.5681454543746214	primary	optimal
twostage-20260916T061947Z	ME:UACC-257	magnitude_g1.00	EX_trp__L_e	-0.04371317812479467	-10.0	-0.04371317812479525	primary	optimal
twostage-20260916T061947Z	ME:UACC-257	magnitude_g1.00	EX_tyr__L_e	-0.5245548522744695	-10.0	3.634778944073641	primary	optimal
twostage-20260916T061947Z	ME:UACC-257	magnitude_g1.00	EX_ump_e	0.0	0.0	1.1961608349068062	primary	optimal
twostage-20260916T061947Z	ME:UACC-257	magnitude_g1.00	EX_ura_e	0.0	0.0	3.2290944221919182	primary	optimal
twostage-20260916T061947Z	ME:UACC-257	magnitude_g1.00	EX_urate_e	0.0	0.0	1.3671359036030932	primary	optimal
twostage-20260916T061947Z	ME:UACC-257	magnitude_g1.00	EX_uri_e	0.0	0.0	1.8867824403001001	primary	optimal
twostage-20260916T061947Z	ME:UACC-257	magnitude_g1.00	EX_val__L_e	-1.1583931498649456	-10.0	-1.158392649860927	primary	optimal
twostage-20260916T061947Z	ME:UACC-257	magnitude_g1.00	EX_xan_e	0.0	0.0	1.403544694034481	primary	optimal
twostage-20260916T061947Z	ME:UACC-257	magnitude_g1.00	EX_xmp_e	0.0	0.0	1.078288898734616	primary	optimal
twostage-20260916T061947Z	ME:UACC-257	magnitude_g1.00	EX_xtsn_e	0.0	0.0	1.0716859188626593	primary	optimal
twostage-20260916T061947Z	ME:UACC-62	magnitude_g1.00	EX_2pg_e	0.0	0.0	6.071678091942455	primary	optimal
twostage-20260916T061947Z	ME:UACC-62	magnitude_g1.00	EX_34hpp_e	0.0	0.0	12.945351909624915	primary	optimal
twostage-20260916T061947Z	ME:UACC-62	magnitude_g1.00	EX_3hanthrn_e	0.0	0.0	1.953614220758215	primary	optimal
twostage-20260916T061947Z	ME:UACC-62	magnitude_g1.00	EX_3pg_e	0.0	0.0	6.071678091942432	primary	optimal
twostage-20260916T061947Z	ME:UACC-62	magnitude_g1.00	EX_4abut_e	0.0	0.0	32.12712381989153	primary	optimal
twostage-20260916T061947Z	ME:UACC-62	magnitude_g1.00	EX_4hbz_e	0.0	0.0	5.438263291770352	primary	optimal
twostage-20260916T061947Z	ME:UACC-62	magnitude_g1.00	EX_L2aadp_e	0.0	0.0	8.711606601016257	primary	optimal
twostage-20260916T061947Z	ME:UACC-62	magnitude_g1.00	EX_Lkynr_e	0.0	0.0	3.9489847774220244	primary	optimal
twostage-20260916T061947Z	ME:UACC-62	magnitude_g1.00	EX_acac_e	0.0	0.0	14.181174782131402	primary	optimal
twostage-20260916T061947Z	ME:UACC-62	magnitude_g1.00	EX_ade_e	0.0	0.0	1.231354948515159	primary	optimal
twostage-20260916T061947Z	ME:UACC-62	magnitude_g1.00	EX_adn_e	0.0	0.0	0.9689326724212125	primary	optimal
twostage-20260916T061947Z	ME:UACC-62	magnitude_g1.00	EX_ahcys_e	0.0	0.0	0.9078857847726063	primary	optimal
twostage-20260916T061947Z	ME:UACC-62	magnitude_g1.00	EX_akg_e	0.0	0.0	40.12987717745137	primary	optimal
twostage-20260916T061947Z	ME:UACC-62	magnitude_g1.00	EX_ala__L_e	1.0000000000000002e-06	0.0	59.57826669522676	primary	optimal
twostage-20260916T061947Z	ME:UACC-62	magnitude_g1.00	EX_amp_e	0.0	0.0	0.8078175933022711	primary	optimal
twostage-20260916T061947Z	ME:UACC-62	magnitude_g1.00	EX_anth_e	0.0	0.0	3.6817833006360043	primary	optimal
twostage-20260916T061947Z	ME:UACC-62	magnitude_g1.00	EX_arg__L_e	-9.999999	-10.0	3.178447403727641	primary	optimal
twostage-20260916T061947Z	ME:UACC-62	magnitude_g1.00	EX_asn__L_e	-9.999999	-10.0	7.305772781280212	primary	optimal
twostage-20260916T061947Z	ME:UACC-62	magnitude_g1.00	EX_asp__L_e	-9.999999	-10.0	29.82020058621915	primary	optimal
twostage-20260916T061947Z	ME:UACC-62	magnitude_g1.00	EX_bilirub_e	0.0	0.0	0.4872925006471454	primary	optimal
twostage-20260916T061947Z	ME:UACC-62	magnitude_g1.00	EX_cala_e	0.0	0.0	3.038405665835611	primary	optimal
twostage-20260916T061947Z	ME:UACC-62	magnitude_g1.00	EX_chol_e	-9.999999000000003	-10.0	0.506526959116615	primary	optimal
twostage-20260916T061947Z	ME:UACC-62	magnitude_g1.00	EX_cholp_e	0.0	0.0	6.071678091942445	primary	optimal
twostage-20260916T061947Z	ME:UACC-62	magnitude_g1.00	EX_cit_e	0.0	0.0	31.045326228988763	primary	optimal
twostage-20260916T061947Z	ME:UACC-62	magnitude_g1.00	EX_citr__L_e	0.0	0.0	15.954878851686773	primary	optimal
twostage-20260916T061947Z	ME:UACC-62	magnitude_g1.00	EX_cmp_e	0.0	0.0	0.0	primary	optimal
twostage-20260916T061947Z	ME:UACC-62	magnitude_g1.00	EX_crn_e	-0.9999990000000001	-1.0	-5.551115123125783e-16	primary	optimal
twostage-20260916T061947Z	ME:UACC-62	magnitude_g1.00	EX_cyst__L_e	0.0	0.0	3.648802631827969	primary	optimal
twostage-20260916T061947Z	ME:UACC-62	magnitude_g1.00	EX_cytd_e	0.0	0.0	1.85857501711774	primary	optimal
twostage-20260916T061947Z	ME:UACC-62	magnitude_g1.00	EX_dad_2_e	0.0	0.0	0.9607526133805975	primary	optimal
twostage-20260916T061947Z	ME:UACC-62	magnitude_g1.00	EX_dcmp_e	0.0	0.0	1.6093735399666877	primary	optimal
twostage-20260916T061947Z	ME:UACC-62	magnitude_g1.00	EX_dcyt_e	0.0	0.0	1.9083586155223278	primary	optimal
twostage-20260916T061947Z	ME:UACC-62	magnitude_g1.00	EX_dhap_e	0.0	0.0	5.449826461462325	primary	optimal
twostage-20260916T061947Z	ME:UACC-62	magnitude_g1.00	EX_dmgly_e	0.0	0.0	4.449399807622646	primary	optimal
twostage-20260916T061947Z	ME:UACC-62	magnitude_g1.00	EX_duri_e	0.0	0.0	1.8709850147854257	primary	optimal
twostage-20260916T061947Z	ME:UACC-62	magnitude_g1.00	EX_ethamp_e	0.0	0.0	6.071678091942429	primary	optimal
twostage-20260916T061947Z	ME:UACC-62	magnitude_g1.00	EX_fol_e	-9.999999	-10.0	-1.2434497875801753e-14	primary	optimal
twostage-20260916T061947Z	ME:UACC-62	magnitude_g1.00	EX_fum_e	0.0	0.0	42.638247449723956	primary	optimal
twostage-20260916T061947Z	ME:UACC-62	magnitude_g1.00	EX_g3pc_e	0.0	0.0	2.3537691250610036	primary	optimal
twostage-20260916T061947Z	ME:UACC-62	magnitude_g1.00	EX_glc__D_e	-10.0	-10.0	-3.0428662570508407	primary	optimal
twostage-20260916T061947Z	ME:UACC-62	magnitude_g1.00	EX_glcur_e	0.0	0.0	3.993935588698025	primary	optimal
twostage-20260916T061947Z	ME:UACC-62	magnitude_g1.00	EX_gln__L_e	-9.999999	-10.0	6.274944932134525	primary	optimal
twostage-20260916T061947Z	ME:UACC-62	magnitude_g1.00	EX_glu__L_e	-9.999999	-10.0	27.894832763600792	primary	optimal
twostage-20260916T061947Z	ME:UACC-62	magnitude_g1.00	EX_gly_e	-9.999999	-10.0	30.757898083753297	primary	optimal
twostage-20260916T061947Z	ME:UACC-62	magnitude_g1.00	EX_glyald_e	0.0	0.0	12.426704310653603	primary	optimal
twostage-20260916T061947Z	ME:UACC-62	magnitude_g1.00	EX_glyb_e	0.0	0.0	10.148455927732716	primary	optimal
twostage-20260916T061947Z	ME:UACC-62	magnitude_g1.00	EX_glyc3p_e	0.0	0.0	5.3478077832344395	primary	optimal
twostage-20260916T061947Z	ME:UACC-62	magnitude_g1.00	EX_gmp_e	0.0	0.0	0.0	primary	optimal
twostage-20260916T061947Z	ME:UACC-62	magnitude_g1.00	EX_gthox_e	0.0	0.0	5.589500969549569	primary	optimal
twostage-20260916T061947Z	ME:UACC-62	magnitude_g1.00	EX_hcys__L_e	0.0	0.0	4.963587842969877	primary	optimal
twostage-20260916T061947Z	ME:UACC-62	magnitude_g1.00	EX_hom__L_e	0.0	0.0	0.0	primary	optimal
twostage-20260916T061947Z	ME:UACC-62	magnitude_g1.00	EX_hxan_e	0.0	0.0	1.4411422767066644	primary	optimal
twostage-20260916T061947Z	ME:UACC-62	magnitude_g1.00	EX_icit_e	0.0	0.0	32.07597865453268	primary	optimal
twostage-20260916T061947Z	ME:UACC-62	magnitude_g1.00	EX_ile__L_e	-9.999999	-10.0	-0.9398300444600238	primary	optimal
twostage-20260916T061947Z	ME:UACC-62	magnitude_g1.00	EX_imp_e	0.0	0.0	1.1024520753199356	primary	optimal
twostage-20260916T061947Z	ME:UACC-62	magnitude_g1.00	EX_ins_e	0.0	0.0	1.0932553029329153	primary	optimal
twostage-20260916T061947Z	ME:UACC-62	magnitude_g1.00	EX_lac__L_e	-0.9999989999999999	-1.0	54.25611458908254	primary	optimal
twostage-20260916T061947Z	ME:UACC-62	magnitude_g1.00	EX_lcts_e	0.0	0.0	1.815727558066657	primary	optimal
twostage-20260916T061947Z	ME:UACC-62	magnitude_g1.00	EX_leu__L_e	-9.999999	-10.0	-1.792233732670418	primary	optimal
twostage-20260916T061947Z	ME:UACC-62	magnitude_g1.00	EX_lys__L_e	-9.999999000000003	-10.0	-1.9452265708841665	primary	optimal
twostage-20260916T061947Z	ME:UACC-62	magnitude_g1.00	EX_mal__L_e	1e-06	0.0	38.37877172081347	primary	optimal
twostage-20260916T061947Z	ME:UACC-62	magnitude_g1.00	EX_met__L_e	-9.999999	-10.0	-0.5026982632120731	primary	optimal
twostage-20260916T061947Z	ME:UACC-62	magnitude_g1.00	EX_nac_e	0.0	0.0	10.809935714932493	primary	optimal
twostage-20260916T061947Z	ME:UACC-62	magnitude_g1.00	EX_ncam_e	-9.999999000000003	-10.0	1.7763568394002505e-15	primary	optimal
twostage-20260916T061947Z	ME:UACC-62	magnitude_g1.00	EX_nicrnt_e	0.0	0.0	2.696600385363888	primary	optimal
twostage-20260916T061947Z	ME:UACC-62	magnitude_g1.00	EX_orn_e	1e-06	0.0	34.67060656309092	primary	optimal
twostage-20260916T061947Z	ME:UACC-62	magnitude_g1.00	EX_orot5p_e	0.0	0.0	1.6326561340515515	primary	optimal
twostage-20260916T061947Z	ME:UACC-62	magnitude_g1.00	EX_orot_e	0.0	0.0	3.732711977680979	primary	optimal
twostage-20260916T061947Z	ME:UACC-62	magnitude_g1.00	EX_oxa_e	0.0	0.0	7.5268353489223685	primary	optimal
twostage-20260916T061947Z	ME:UACC-62	magnitude_g1.00	EX_pep_e	0.0	0.0	6.071678091942446	primary	optimal
twostage-20260916T061947Z	ME:UACC-62	magnitude_g1.00	EX_phe__L_e	-9.13454787421157	-10.0	-0.8524036882104777	primary	optimal
twostage-20260916T061947Z	ME:UACC-62	magnitude_g1.00	EX_pnto__R_e	2.296957487596038e-12	-10.0	0.049999999999998934	primary	optimal
twostage-20260916T061947Z	ME:UACC-62	magnitude_g1.00	EX_pro__L_e	-1.3551019514236207	-10.0	23.39135230418962	primary	optimal
twostage-20260916T061947Z	ME:UACC-62	magnitude_g1.00	EX_quln_e	0.0	0.0	1.316112704608203	primary	optimal
twostage-20260916T061947Z	ME:UACC-62	magnitude_g1.00	EX_sbt__D_e	0.0	0.0	0.0	primary	optimal
twostage-20260916T061947Z	ME:UACC-62	magnitude_g1.00	EX_ser__L_e	-10.0	-10.0	3.3062080250723835	primary	optimal
twostage-20260916T061947Z	ME:UACC-62	magnitude_g1.00	EX_spmd_e	0.0	0.0	1.4049019635384357	primary	optimal
twostage-20260916T061947Z	ME:UACC-62	magnitude_g1.00	EX_sprm_e	0.0	0.0	0.7095098801867856	primary	optimal
twostage-20260916T061947Z	ME:UACC-62	magnitude_g1.00	EX_srtn_e	0.0	0.0	3.9840815550931543	primary	optimal
twostage-20260916T061947Z	ME:UACC-62	magnitude_g1.00	EX_succ_e	13.462568264376152	0.0	62.284040058632755	primary	optimal
twostage-20260916T061947Z	ME:UACC-62	magnitude_g1.00	EX_sucr_e	0.0	0.0	0.0	primary	optimal
twostage-20260916T061947Z	ME:UACC-62	magnitude_g1.00	EX_taur_e	0.0	0.0	3.567867321021362	primary	optimal
twostage-20260916T061947Z	ME:UACC-62	magnitude_g1.00	EX_tchola_e	0.0	0.0	0.7605442568312786	primary	optimal
twostage-20260916T061947Z	ME:UACC-62	magnitude_g1.00	EX_thr__L_e	-1.0272564007096083	-10.0	-1.0272564007096072	primary	optimal
twostage-20260916T061947Z	ME:UACC-62	magnitude_g1.00	EX_thym_e	0.0	0.0	2.355731425397949	primary	optimal
twostage-20260916T061947Z	ME:UACC-62	magnitude_g1.00	EX_thymd_e	0.0	0.0	1.5753784144909684	primary	optimal
twostage-20260916T061947Z	ME:UACC-62	magnitude_g1.00	EX_trp__L_e	-0.04371317812479468	-10.0	-0.043713178124792584	primary	optimal
twostage-20260916T061947Z	ME:UACC-62	magnitude_g1.00	EX_tyr__L_e	-0.5245548522744694	-10.0	3.6403509243256513	primary	optimal
twostage-20260916T061947Z	ME:UACC-62	magnitude_g1.00	EX_ump_e	0.0	0.0	1.2001744938932546	primary	optimal
twostage-20260916T061947Z	ME:UACC-62	magnitude_g1.00	EX_ura_e	0.0	0.0	3.2461052903803442	primary	optimal
twostage-20260916T061947Z	ME:UACC-62	magnitude_g1.00	EX_urate_e	0.0	0.0	1.3789563611099878	primary	optimal
twostage-20260916T061947Z	ME:UACC-62	magnitude_g1.00	EX_uri_e	0.0	0.0	1.8937467400750676	primary	optimal
twostage-20260916T061947Z	ME:UACC-62	magnitude_g1.00	EX_val__L_e	-1.1583931498645532	-10.0	-1.158392649860927	primary	optimal
twostage-20260916T061947Z	ME:UACC-62	magnitude_g1.00	EX_xan_e	0.0	0.0	1.4145915048785225	primary	optimal
twostage-20260916T061947Z	ME:UACC-62	magnitude_g1.00	EX_xmp_e	0.0	0.0	1.0836408099370336	primary	optimal
twostage-20260916T061947Z	ME:UACC-62	magnitude_g1.00	EX_xtsn_e	0.0	0.0	1.0770118759361076	primary	optimal
twostage-20260916T061947Z	OV:IGROV1	magnitude_g1.00	EX_2pg_e	0.0	0.0	6.071678091942492	primary	optimal
twostage-20260916T061947Z	OV:IGROV1	magnitude_g1.00	EX_34hpp_e	0.0	0.0	12.901133081538982	primary	optimal
twostage-20260916T061947Z	OV:IGROV1	magnitude_g1.00	EX_3hanthrn_e	0.0	0.0	1.948104556925161	primary	optimal
twostage-20260916T061947Z	OV:IGROV1	magnitude_g1.00	EX_3pg_e	0.0	0.0	6.0716780919424265	primary	optimal
twostage-20260916T061947Z	OV:IGROV1	magnitude_g1.00	EX_4abut_e	0.0	0.0	30.939544318107483	primary	optimal
twostage-20260916T061947Z	OV:IGROV1	magnitude_g1.00	EX_4hbz_e	0.0	0.0	5.409576082394173	primary	optimal
twostage-20260916T061947Z	OV:IGROV1	magnitude_g1.00	EX_L2aadp_e	0.0	0.0	8.693725938812072	primary	optimal
twostage-20260916T061947Z	OV:IGROV1	magnitude_g1.00	EX_Lkynr_e	0.0	0.0	3.9256886365311705	primary	optimal
twostage-20260916T061947Z	OV:IGROV1	magnitude_g1.00	EX_acac_e	0.0	0.0	14.155234145109873	primary	optimal
twostage-20260916T061947Z	OV:IGROV1	magnitude_g1.00	EX_ade_e	0.0	0.0	1.2263084125000823	primary	optimal
twostage-20260916T061947Z	OV:IGROV1	magnitude_g1.00	EX_adn_e	0.0	0.0	0.9668775932713003	primary	optimal
twostage-20260916T061947Z	OV:IGROV1	magnitude_g1.00	EX_ahcys_e	0.0	0.0	0.9022682971514847	primary	optimal
twostage-20260916T061947Z	OV:IGROV1	magnitude_g1.00	EX_akg_e	0.0	0.0	39.70373283849075	primary	optimal
twostage-20260916T061947Z	OV:IGROV1	magnitude_g1.00	EX_ala__L_e	1e-06	0.0	58.20444118075846	primary	optimal
twostage-20260916T061947Z	OV:IGROV1	magnitude_g1.00	EX_amp_e	0.0	0.0	0.8029474611045526	primary	optimal
twostage-20260916T061947Z	OV:IGROV1	magnitude_g1.00	EX_anth_e	0.0	0.0	3.668003974400288	primary	optimal
twostage-20260916T061947Z	OV:IGROV1	magnitude_g1.00	EX_arg__L_e	-9.999999	-10.0	3.21622212851991	primary	optimal
twostage-20260916T061947Z	OV:IGROV1	magnitude_g1.00	EX_asn__L_e	-9.999999	-10.0	7.262864174896324	primary	optimal
twostage-20260916T061947Z	OV:IGROV1	magnitude_g1.00	EX_asp__L_e	-9.999999	-10.0	29.12907993730087	primary	optimal
twostage-20260916T061947Z	OV:IGROV1	magnitude_g1.00	EX_bilirub_e	0.0	0.0	0.4807836745965524	primary	optimal
twostage-20260916T061947Z	OV:IGROV1	magnitude_g1.00	EX_cala_e	0.0	0.0	3.02766499217192	primary	optimal
twostage-20260916T061947Z	OV:IGROV1	magnitude_g1.00	EX_chol_e	-9.999999	-10.0	0.5302170555260413	primary	optimal
twostage-20260916T061947Z	OV:IGROV1	magnitude_g1.00	EX_cholp_e	0.0	0.0	6.071678091942823	primary	optimal
twostage-20260916T061947Z	OV:IGROV1	magnitude_g1.00	EX_cit_e	0.0	0.0	31.04532622898697	primary	optimal
twostage-20260916T061947Z	OV:IGROV1	magnitude_g1.00	EX_citr__L_e	0.0	0.0	15.902794163349395	primary	optimal
twostage-20260916T061947Z	OV:IGROV1	magnitude_g1.00	EX_cmp_e	0.0	0.0	0.0	primary	optimal
twostage-20260916T061947Z	OV:IGROV1	magnitude_g1.00	EX_crn_e	-0.999999	-1.0	-1.1102230246251565e-16	primary	optimal
twostage-20260916T061947Z	OV:IGROV1	magnitude_g1.00	EX_cyst__L_e	0.0	0.0	3.620738225364458	primary	optimal
twostage-20260916T061947Z	OV:IGROV1	magnitude_g1.00	EX_cytd_e	0.0	0.0	1.851798206298171	primary	optimal
twostage-20260916T061947Z	OV:IGROV1	magnitude_g1.00	EX_dad_2_e	0.0	0.0	0.9585621928306918	primary	optimal
twostage-20260916T061947Z	OV:IGROV1	magnitude_g1.00	EX_dcmp_e	0.0	0.0	1.607081712300188	primary	optimal
twostage-20260916T061947Z	OV:IGROV1	magnitude_g1.00	EX_dcyt_e	0.0	0.0	1.9111184760577975	primary	optimal
twostage-20260916T061947Z	OV:IGROV1	magnitude_g1.00	EX_dhap_e	0.0	0.0	5.445243682258027	primary	optimal
twostage-20260916T061947Z	OV:IGROV1	magnitude_g1.00	EX_dmgly_e	0.0	0.0	4.340206873615235	primary	optimal
twostage-20260916T061947Z	OV:IGROV1	magnitude_g1.00	EX_duri_e	0.0	0.0	1.8750381810015295	primary	optimal
twostage-20260916T061947Z	OV:IGROV1	magnitude_g1.00	EX_ethamp_e	0.0	0.0	6.071678091942306	primary	optimal
twostage-20260916T061947Z	OV:IGROV1	magnitude_g1.00	EX_fol_e	-9.999999	-10.0	-8.881784197001252e-15	primary	optimal
twostage-20260916T061947Z	OV:IGROV1	magnitude_g1.00	EX_fum_e	1e-06	0.0	42.624176691152805	primary	optimal
twostage-20260916T061947Z	OV:IGROV1	magnitude_g1.00	EX_g3pc_e	0.0	0.0	2.3267293531771993	primary	optimal
twostage-20260916T061947Z	OV:IGROV1	magnitude_g1.00	EX_glc__D_e	-10.0	-10.0	-2.8848897690505257	primary	optimal
twostage-20260916T061947Z	OV:IGROV1	magnitude_g1.00	EX_glcur_e	0.0	0.0	3.980619724917049	primary	optimal
twostage-20260916T061947Z	OV:IGROV1	magnitude_g1.00	EX_gln__L_e	-9.999999	-10.0	6.398840720127096	primary	optimal
twostage-20260916T061947Z	OV:IGROV1	magnitude_g1.00	EX_glu__L_e	-9.999999	-10.0	27.248329926018553	primary	optimal
twostage-20260916T061947Z	OV:IGROV1	magnitude_g1.00	EX_gly_e	-9.999998999999999	-10.0	30.753736676611258	primary	optimal
twostage-20260916T061947Z	OV:IGROV1	magnitude_g1.00	EX_glyald_e	0.0	0.0	12.607018337694257	primary	optimal
twostage-20260916T061947Z	OV:IGROV1	magnitude_g1.00	EX_glyb_e	0.0	0.0	10.154146102654964	primary	optimal
twostage-20260916T061947Z	OV:IGROV1	magnitude_g1.00	EX_glyc3p_e	0.0	0.0	5.361494316851824	primary	optimal
twostage-20260916T061947Z	OV:IGROV1	magnitude_g1.00	EX_gmp_e	0.0	0.0	0.0	primary	optimal
twostage-20260916T061947Z	OV:IGROV1	magnitude_g1.00	EX_gthox_e	0.0	0.0	5.6037265969328	primary	optimal
twostage-20260916T061947Z	OV:IGROV1	magnitude_g1.00	EX_hcys__L_e	0.0	0.0	4.886190831147625	primary	optimal
twostage-20260916T061947Z	OV:IGROV1	magnitude_g1.00	EX_hom__L_e	0.0	0.0	0.0	primary	optimal
twostage-20260916T061947Z	OV:IGROV1	magnitude_g1.00	EX_hxan_e	0.0	0.0	1.4380104844679638	primary	optimal
twostage-20260916T061947Z	OV:IGROV1	magnitude_g1.00	EX_icit_e	0.0	0.0	31.97151827427585	primary	optimal
twostage-20260916T061947Z	OV:IGROV1	magnitude_g1.00	EX_ile__L_e	-9.999999	-10.0	-0.9398300444600158	primary	optimal
twostage-20260916T061947Z	OV:IGROV1	magnitude_g1.00	EX_imp_e	0.0	0.0	1.100462636386524	primary	optimal
twostage-20260916T061947Z	OV:IGROV1	magnitude_g1.00	EX_ins_e	0.0	0.0	1.0938487711339129	primary	optimal
twostage-20260916T061947Z	OV:IGROV1	magnitude_g1.00	EX_lac__L_e	-0.999999	-1.0	54.25611458908051	primary	optimal
twostage-20260916T061947Z	OV:IGROV1	magnitude_g1.00	EX_lcts_e	0.0	0.0	1.8309138403163006	primary	optimal
twostage-20260916T061947Z	OV:IGROV1	magnitude_g1.00	EX_leu__L_e	-9.999999	-10.0	-1.792233732670434	primary	optimal
twostage-20260916T061947Z	OV:IGROV1	magnitude_g1.00	EX_lys__L_e	-9.999999	-10.0	-1.9452265708841487	primary	optimal
twostage-20260916T061947Z	OV:IGROV1	magnitude_g1.00	EX_mal__L_e	1e-06	0.0	38.378771720812836	primary	optimal
twostage-20260916T061947Z	OV:IGROV1	magnitude_g1.00	EX_met__L_e	-9.999999	-10.0	-0.5026982632120731	primary	optimal
twostage-20260916T061947Z	OV:IGROV1	magnitude_g1.00	EX_nac_e	2.209333702951174e-15	0.0	10.823865698523347	primary	optimal
twostage-20260916T061947Z	OV:IGROV1	magnitude_g1.00	EX_ncam_e	-9.999999	-10.0	3.552713678800501e-15	primary	optimal
twostage-20260916T061947Z	OV:IGROV1	magnitude_g1.00	EX_nicrnt_e	0.0	0.0	2.7014690287047327	primary	optimal
twostage-20260916T061947Z	OV:IGROV1	magnitude_g1.00	EX_orn_e	9.999999999999997e-07	0.0	34.48900074853441	primary	optimal
twostage-20260916T061947Z	OV:IGROV1	magnitude_g1.00	EX_orot5p_e	0.0	0.0	1.6301787906390834	primary	optimal
twostage-20260916T061947Z	OV:IGROV1	magnitude_g1.00	EX_orot_e	0.0	0.0	3.722599671206474	primary	optimal
twostage-20260916T061947Z	OV:IGROV1	magnitude_g1.00	EX_oxa_e	0.0	0.0	7.464017326259244	primary	optimal
twostage-20260916T061947Z	OV:IGROV1	magnitude_g1.00	EX_pep_e	0.0	0.0	6.071678091942422	primary	optimal
twostage-20260916T061947Z	OV:IGROV1	magnitude_g1.00	EX_phe__L_e	-9.134547874204646	-10.0	-0.8524036882104333	primary	optimal
twostage-20260916T061947Z	OV:IGROV1	magnitude_g1.00	EX_pnto__R_e	-2.9126122644005037e-12	-10.0	0.04999999999999005	primary	optimal
twostage-20260916T061947Z	OV:IGROV1	magnitude_g1.00	EX_pro__L_e	-1.3551019514235787	-10.0	23.04283006094685	primary	optimal
twostage-20260916T061947Z	OV:IGROV1	magnitude_g1.00	EX_quln_e	0.0	0.0	1.314524097339031	primary	optimal
twostage-20260916T061947Z	OV:IGROV1	magnitude_g1.00	EX_sbt__D_e	0.0	0.0	0.0	primary	optimal
twostage-20260916T061947Z	OV:IGROV1	magnitude_g1.00	EX_ser__L_e	-10.0	-10.0	3.3284563138589047	primary	optimal
twostage-20260916T061947Z	OV:IGROV1	magnitude_g1.00	EX_spmd_e	0.0	0.0	1.4022227389823192	primary	optimal
twostage-20260916T061947Z	OV:IGROV1	magnitude_g1.00	EX_sprm_e	0.0	0.0	0.7069839923916518	primary	optimal
twostage-20260916T061947Z	OV:IGROV1	magnitude_g1.00	EX_srtn_e	0.0	0.0	3.9712747896911096	primary	optimal
twostage-20260916T061947Z	OV:IGROV1	magnitude_g1.00	EX_succ_e	13.462568264376486	0.0	62.28404005863146	primary	optimal
twostage-20260916T061947Z	OV:IGROV1	magnitude_g1.00	EX_sucr_e	0.0	0.0	0.0	primary	optimal
twostage-20260916T061947Z	OV:IGROV1	magnitude_g1.00	EX_taur_e	0.0	0.0	3.5558424125553705	primary	optimal
twostage-20260916T061947Z	OV:IGROV1	magnitude_g1.00	EX_tchola_e	0.0	0.0	0.7596432065177282	primary	optimal
twostage-20260916T061947Z	OV:IGROV1	magnitude_g1.00	EX_thr__L_e	-1.0272564007096083	-10.0	-1.027256400709608	primary	optimal
twostage-20260916T061947Z	OV:IGROV1	magnitude_g1.00	EX_thym_e	0.0	0.0	2.3539807260354078	primary	optimal
twostage-20260916T061947Z	OV:IGROV1	magnitude_g1.00	EX_thymd_e	0.0	0.0	1.5860130278415852	primary	optimal
twostage-20260916T061947Z	OV:IGROV1	magnitude_g1.00	EX_trp__L_e	-0.04371317812479467	-10.0	-0.04371317812479525	primary	optimal
twostage-20260916T061947Z	OV:IGROV1	magnitude_g1.00	EX_tyr__L_e	-0.5245548522744694	-10.0	3.6241728225549643	primary	optimal
twostage-20260916T061947Z	OV:IGROV1	magnitude_g1.00	EX_ump_e	0.0	0.0	1.1953313728151733	primary	optimal
twostage-20260916T061947Z	OV:IGROV1	magnitude_g1.00	EX_ura_e	0.0	0.0	3.217664721523023	primary	optimal
twostage-20260916T061947Z	OV:IGROV1	magnitude_g1.00	EX_urate_e	0.0	0.0	1.3725258316796316	primary	optimal
twostage-20260916T061947Z	OV:IGROV1	magnitude_g1.00	EX_uri_e	0.0	0.0	1.8947857605598029	primary	optimal
twostage-20260916T061947Z	OV:IGROV1	magnitude_g1.00	EX_val__L_e	-1.1583931498597784	-10.0	-1.1583926498609234	primary	optimal
twostage-20260916T061947Z	OV:IGROV1	magnitude_g1.00	EX_xan_e	0.0	0.0	1.4086096976144633	primary	optimal
twostage-20260916T061947Z	OV:IGROV1	magnitude_g1.00	EX_xmp_e	0.0	0.0	1.0815043554329076	primary	optimal
twostage-20260916T061947Z	OV:IGROV1	magnitude_g1.00	EX_xtsn_e	0.0	0.0	1.076486327686308	primary	optimal
twostage-20260916T061947Z	OV:NCI/ADR-RES	magnitude_g1.00	EX_2pg_e	0.0	0.0	6.071678091942288	primary	optimal
twostage-20260916T061947Z	OV:NCI/ADR-RES	magnitude_g1.00	EX_34hpp_e	0.0	0.0	12.97706840862665	primary	optimal
twostage-20260916T061947Z	OV:NCI/ADR-RES	magnitude_g1.00	EX_3hanthrn_e	0.0	0.0	1.9885526562825944	primary	optimal
twostage-20260916T061947Z	OV:NCI/ADR-RES	magnitude_g1.00	EX_3pg_e	0.0	0.0	6.071678091942452	primary	optimal
twostage-20260916T061947Z	OV:NCI/ADR-RES	magnitude_g1.00	EX_4abut_e	0.0	0.0	32.841955646363424	primary	optimal
twostage-20260916T061947Z	OV:NCI/ADR-RES	magnitude_g1.00	EX_4hbz_e	0.0	0.0	5.42296723432135	primary	optimal
twostage-20260916T061947Z	OV:NCI/ADR-RES	magnitude_g1.00	EX_L2aadp_e	0.0	0.0	8.7179588876125	primary	optimal
twostage-20260916T061947Z	OV:NCI/ADR-RES	magnitude_g1.00	EX_Lkynr_e	0.0	0.0	4.027496378554074	primary	optimal
twostage-20260916T061947Z	OV:NCI/ADR-RES	magnitude_g1.00	EX_acac_e	0.0	0.0	14.346370422226382	primary	optimal
twostage-20260916T061947Z	OV:NCI/ADR-RES	magnitude_g1.00	EX_ade_e	0.0	0.0	1.23704824364422	primary	optimal
twostage-20260916T061947Z	OV:NCI/ADR-RES	magnitude_g1.00	EX_adn_e	0.0	0.0	0.9734413359595274	primary	optimal
twostage-20260916T061947Z	OV:NCI/ADR-RES	magnitude_g1.00	EX_ahcys_e	0.0	0.0	0.9124871328722942	primary	optimal
twostage-20260916T061947Z	OV:NCI/ADR-RES	magnitude_g1.00	EX_akg_e	0.0	0.0	40.08306231498127	primary	optimal
twostage-20260916T061947Z	OV:NCI/ADR-RES	magnitude_g1.00	EX_ala__L_e	1e-06	0.0	59.269743991759	primary	optimal
twostage-20260916T061947Z	OV:NCI/ADR-RES	magnitude_g1.00	EX_amp_e	0.0	0.0	0.81123965335205	primary	optimal
twostage-20260916T061947Z	OV:NCI/ADR-RES	magnitude_g1.00	EX_anth_e	0.0	0.0	3.7487666714116865	primary	optimal
twostage-20260916T061947Z	OV:NCI/ADR-RES	magnitude_g1.00	EX_arg__L_e	-9.999999	-10.0	3.2394403158944742	primary	optimal
twostage-20260916T061947Z	OV:NCI/ADR-RES	magnitude_g1.00	EX_asn__L_e	-9.999999	-10.0	7.325375567920476	primary	optimal
twostage-20260916T061947Z	OV:NCI/ADR-RES	magnitude_g1.00	EX_asp__L_e	-9.999999	-10.0	29.826306668420443	primary	optimal
twostage-20260916T061947Z	OV:NCI/ADR-RES	magnitude_g1.00	EX_bilirub_e	-6.910353002064486e-33	0.0	0.49317839812761505	primary	optimal
twostage-20260916T061947Z	OV:NCI/ADR-RES	magnitude_g1.00	EX_cala_e	0.0	0.0	3.0475605730725257	primary	optimal
twostage-20260916T061947Z	OV:NCI/ADR-RES	magnitude_g1.00	EX_chol_e	-9.999999000000003	-10.0	0.539878519571831	primary	optimal
twostage-20260916T061947Z	OV:NCI/ADR-RES	magnitude_g1.00	EX_cholp_e	0.0	0.0	6.07167809194239	primary	optimal
twostage-20260916T061947Z	OV:NCI/ADR-RES	magnitude_g1.00	EX_cit_e	0.0	0.0	31.045326228987427	primary	optimal
twostage-20260916T061947Z	OV:NCI/ADR-RES	magnitude_g1.00	EX_citr__L_e	0.0	0.0	16.056153354610373	primary	optimal
twostage-20260916T061947Z	OV:NCI/ADR-RES	magnitude_g1.00	EX_cmp_e	0.0	0.0	0.0	primary	optimal
twostage-20260916T061947Z	OV:NCI/ADR-RES	magnitude_g1.00	EX_crn_e	-0.999999	-1.0	4.440892098500626e-16	primary	optimal
twostage-20260916T061947Z	OV:NCI/ADR-RES	magnitude_g1.00	EX_cyst__L_e	0.0	0.0	3.7161602551249016	primary	optimal
twostage-20260916T061947Z	OV:NCI/ADR-RES	magnitude_g1.00	EX_cytd_e	0.0	0.0	1.8720304645267938	primary	optimal
twostage-20260916T061947Z	OV:NCI/ADR-RES	magnitude_g1.00	EX_dad_2_e	0.0	0.0	0.966252111489357	primary	optimal
twostage-20260916T061947Z	OV:NCI/ADR-RES	magnitude_g1.00	EX_dcmp_e	0.0	0.0	1.6230170255407843	primary	optimal
twostage-20260916T061947Z	OV:NCI/ADR-RES	magnitude_g1.00	EX_dcyt_e	0.0	0.0	1.9239221796002235	primary	optimal
twostage-20260916T061947Z	OV:NCI/ADR-RES	magnitude_g1.00	EX_dhap_e	0.0	0.0	5.503180324177937	primary	optimal
twostage-20260916T061947Z	OV:NCI/ADR-RES	magnitude_g1.00	EX_dmgly_e	0.0	0.0	4.468077246841155	primary	optimal
twostage-20260916T061947Z	OV:NCI/ADR-RES	magnitude_g1.00	EX_duri_e	0.0	0.0	1.8852348726713282	primary	optimal
twostage-20260916T061947Z	OV:NCI/ADR-RES	magnitude_g1.00	EX_ethamp_e	0.0	0.0	6.071678091942389	primary	optimal
twostage-20260916T061947Z	OV:NCI/ADR-RES	magnitude_g1.00	EX_fol_e	-9.999999	-10.0	-3.8191672047105385e-14	primary	optimal
twostage-20260916T061947Z	OV:NCI/ADR-RES	magnitude_g1.00	EX_fum_e	1e-06	0.0	42.63910791055989	primary	optimal
twostage-20260916T061947Z	OV:NCI/ADR-RES	magnitude_g1.00	EX_g3pc_e	0.0	0.0	2.3591765725147797	primary	optimal
twostage-20260916T061947Z	OV:NCI/ADR-RES	magnitude_g1.00	EX_glc__D_e	-10.0	-10.0	-2.93429470021128	primary	optimal
twostage-20260916T061947Z	OV:NCI/ADR-RES	magnitude_g1.00	EX_glcur_e	0.0	0.0	4.066079576343955	primary	optimal
twostage-20260916T061947Z	OV:NCI/ADR-RES	magnitude_g1.00	EX_gln__L_e	-9.999999	-10.0	6.426020839243618	primary	optimal
twostage-20260916T061947Z	OV:NCI/ADR-RES	magnitude_g1.00	EX_glu__L_e	-9.999999	-10.0	27.94680707108967	primary	optimal
twostage-20260916T061947Z	OV:NCI/ADR-RES	magnitude_g1.00	EX_gly_e	-9.999999000000003	-10.0	31.226679981831587	primary	optimal
twostage-20260916T061947Z	OV:NCI/ADR-RES	magnitude_g1.00	EX_glyald_e	0.0	0.0	12.669644271454532	primary	optimal
twostage-20260916T061947Z	OV:NCI/ADR-RES	magnitude_g1.00	EX_glyb_e	0.0	0.0	10.167331610630075	primary	optimal
twostage-20260916T061947Z	OV:NCI/ADR-RES	magnitude_g1.00	EX_glyc3p_e	0.0	0.0	5.401618258045084	primary	optimal
twostage-20260916T061947Z	OV:NCI/ADR-RES	magnitude_g1.00	EX_gmp_e	0.0	0.0	0.0	primary	optimal
twostage-20260916T061947Z	OV:NCI/ADR-RES	magnitude_g1.00	EX_gthox_e	0.0	0.0	5.601105930285364	primary	optimal
twostage-20260916T061947Z	OV:NCI/ADR-RES	magnitude_g1.00	EX_hcys__L_e	0.0	0.0	5.033578135783364	primary	optimal
twostage-20260916T061947Z	OV:NCI/ADR-RES	magnitude_g1.00	EX_hom__L_e	0.0	0.0	0.0	primary	optimal
twostage-20260916T061947Z	OV:NCI/ADR-RES	magnitude_g1.00	EX_hxan_e	0.0	0.0	1.4490386100801724	primary	optimal
twostage-20260916T061947Z	OV:NCI/ADR-RES	magnitude_g1.00	EX_icit_e	0.0	0.0	32.024885669097344	primary	optimal
twostage-20260916T061947Z	OV:NCI/ADR-RES	magnitude_g1.00	EX_ile__L_e	-9.999999	-10.0	-0.9398300444600185	primary	optimal
twostage-20260916T061947Z	OV:NCI/ADR-RES	magnitude_g1.00	EX_imp_e	0.0	0.0	1.1080562634163655	primary	optimal
twostage-20260916T061947Z	OV:NCI/ADR-RES	magnitude_g1.00	EX_ins_e	0.0	0.0	1.1000662017525025	primary	optimal
twostage-20260916T061947Z	OV:NCI/ADR-RES	magnitude_g1.00	EX_lac__L_e	-0.999999	-1.0	54.256114589080774	primary	optimal
twostage-20260916T061947Z	OV:NCI/ADR-RES	magnitude_g1.00	EX_lcts_e	0.0	0.0	1.8249725699915238	primary	optimal
twostage-20260916T061947Z	OV:NCI/ADR-RES	magnitude_g1.00	EX_leu__L_e	-9.999999	-10.0	-1.7922337326704518	primary	optimal
twostage-20260916T061947Z	OV:NCI/ADR-RES	magnitude_g1.00	EX_lys__L_e	-9.999999	-10.0	-1.9452265708841985	primary	optimal
twostage-20260916T061947Z	OV:NCI/ADR-RES	magnitude_g1.00	EX_mal__L_e	1e-06	0.0	38.378771720811606	primary	optimal
twostage-20260916T061947Z	OV:NCI/ADR-RES	magnitude_g1.00	EX_met__L_e	-9.999999	-10.0	-0.5026982632120731	primary	optimal
twostage-20260916T061947Z	OV:NCI/ADR-RES	magnitude_g1.00	EX_nac_e	0.0	0.0	10.84948922740389	primary	optimal
twostage-20260916T061947Z	OV:NCI/ADR-RES	magnitude_g1.00	EX_ncam_e	-9.999999000000003	-10.0	0.0	primary	optimal
twostage-20260916T061947Z	OV:NCI/ADR-RES	magnitude_g1.00	EX_nicrnt_e	0.0	0.0	2.7175419935233793	primary	optimal
twostage-20260916T061947Z	OV:NCI/ADR-RES	magnitude_g1.00	EX_orn_e	1e-06	0.0	34.56373648578587	primary	optimal
twostage-20260916T061947Z	OV:NCI/ADR-RES	magnitude_g1.00	EX_orot5p_e	0.0	0.0	1.6443856778303134	primary	optimal
twostage-20260916T061947Z	OV:NCI/ADR-RES	magnitude_g1.00	EX_orot_e	0.0	0.0	3.767847696227572	primary	optimal
twostage-20260916T061947Z	OV:NCI/ADR-RES	magnitude_g1.00	EX_oxa_e	0.0	0.0	7.563603695490585	primary	optimal
twostage-20260916T061947Z	OV:NCI/ADR-RES	magnitude_g1.00	EX_pep_e	0.0	0.0	6.071678091942297	primary	optimal
twostage-20260916T061947Z	OV:NCI/ADR-RES	magnitude_g1.00	EX_phe__L_e	-9.134547874209519	-10.0	-0.8524036882104298	primary	optimal
twostage-20260916T061947Z	OV:NCI/ADR-RES	magnitude_g1.00	EX_pnto__R_e	9.681290652863124e-13	-10.0	0.04999999999999982	primary	optimal
twostage-20260916T061947Z	OV:NCI/ADR-RES	magnitude_g1.00	EX_pro__L_e	-1.3551019514206883	-10.0	22.957716421679823	primary	optimal
twostage-20260916T061947Z	OV:NCI/ADR-RES	magnitude_g1.00	EX_quln_e	2.20168481544569e-15	0.0	1.3394872976040673	primary	optimal
twostage-20260916T061947Z	OV:NCI/ADR-RES	magnitude_g1.00	EX_sbt__D_e	0.0	0.0	0.0	primary	optimal
twostage-20260916T061947Z	OV:NCI/ADR-RES	magnitude_g1.00	EX_ser__L_e	-10.0	-10.0	3.422594462255639	primary	optimal
twostage-20260916T061947Z	OV:NCI/ADR-RES	magnitude_g1.00	EX_spmd_e	0.0	0.0	1.4276517811723846	primary	optimal
twostage-20260916T061947Z	OV:NCI/ADR-RES	magnitude_g1.00	EX_sprm_e	0.0	0.0	0.7199174304414474	primary	optimal
twostage-20260916T061947Z	OV:NCI/ADR-RES	magnitude_g1.00	EX_srtn_e	0.0	0.0	4.050427146933073	primary	optimal
twostage-20260916T061947Z	OV:NCI/ADR-RES	magnitude_g1.00	EX_succ_e	13.46256826437682	0.0	62.28404005863174	primary	optimal
twostage-20260916T061947Z	OV:NCI/ADR-RES	magnitude_g1.00	EX_sucr_e	0.0	0.0	0.0	primary	optimal
twostage-20260916T061947Z	OV:NCI/ADR-RES	magnitude_g1.00	EX_taur_e	0.0	0.0	3.614399240931584	primary	optimal
twostage-20260916T061947Z	OV:NCI/ADR-RES	magnitude_g1.00	EX_tchola_e	0.0	0.0	0.7704840971355718	primary	optimal
twostage-20260916T061947Z	OV:NCI/ADR-RES	magnitude_g1.00	EX_thr__L_e	-1.0272564007096083	-10.0	-1.0272564007096125	primary	optimal
twostage-20260916T061947Z	OV:NCI/ADR-RES	magnitude_g1.00	EX_thym_e	0.0	0.0	2.3650532067367607	primary	optimal
twostage-20260916T061947Z	OV:NCI/ADR-RES	magnitude_g1.00	EX_thymd_e	0.0	0.0	1.5855805310643898	primary	optimal
twostage-20260916T061947Z	OV:NCI/ADR-RES	magnitude_g1.00	EX_trp__L_e	-0.04371317812479467	-10.0	-0.04371317812479347	primary	optimal
twostage-20260916T061947Z	OV:NCI/ADR-RES	magnitude_g1.00	EX_tyr__L_e	-0.5245548522744694	-10.0	3.714381523165518	primary	optimal
twostage-20260916T061947Z	OV:NCI/ADR-RES	magnitude_g1.00	EX_ump_e	0.0	0.0	1.2087437223680726	primary	optimal
twostage-20260916T061947Z	OV:NCI/ADR-RES	magnitude_g1.00	EX_ura_e	0.0	0.0	3.256781820764835	primary	optimal
twostage-20260916T061947Z	OV:NCI/ADR-RES	magnitude_g1.00	EX_urate_e	0.0	0.0	1.3836259395539172	primary	optimal
twostage-20260916T061947Z	OV:NCI/ADR-RES	magnitude_g1.00	EX_uri_e	0.0	0.0	1.9057971128522286	primary	optimal
twostage-20260916T061947Z	OV:NCI/ADR-RES	magnitude_g1.00	EX_val__L_e	-1.1583931498626796	-10.0	-1.1583926498609793	primary	optimal
twostage-20260916T061947Z	OV:NCI/ADR-RES	magnitude_g1.00	EX_xan_e	0.0	0.0	1.4198855661728296	primary	optimal
twostage-20260916T061947Z	OV:NCI/ADR-RES	magnitude_g1.00	EX_xmp_e	0.0	0.0	1.088806478504934	primary	optimal
twostage-20260916T061947Z	OV:NCI/ADR-RES	magnitude_g1.00	EX_xtsn_e	0.0	0.0	1.0829838126543538	primary	optimal
twostage-20260916T061947Z	OV:OVCAR-3	magnitude_g1.00	EX_2pg_e	0.0	0.0	6.0716780919425055	primary	optimal
twostage-20260916T061947Z	OV:OVCAR-3	magnitude_g1.00	EX_34hpp_e	0.0	0.0	13.006008758841645	primary	optimal
twostage-20260916T061947Z	OV:OVCAR-3	magnitude_g1.00	EX_3hanthrn_e	0.0	0.0	1.9957511707464493	primary	optimal
twostage-20260916T061947Z	OV:OVCAR-3	magnitude_g1.00	EX_3pg_e	0.0	0.0	6.0716780919425215	primary	optimal
twostage-20260916T061947Z	OV:OVCAR-3	magnitude_g1.00	EX_4abut_e	0.0	0.0	32.33223001939809	primary	optimal
twostage-20260916T061947Z	OV:OVCAR-3	magnitude_g1.00	EX_4hbz_e	0.0	0.0	5.531407623331274	primary	optimal
twostage-20260916T061947Z	OV:OVCAR-3	magnitude_g1.00	EX_L2aadp_e	0.0	0.0	8.727127445427003	primary	optimal
twostage-20260916T061947Z	OV:OVCAR-3	magnitude_g1.00	EX_Lkynr_e	0.0	0.0	4.039704483252043	primary	optimal
twostage-20260916T061947Z	OV:OVCAR-3	magnitude_g1.00	EX_acac_e	0.0	0.0	14.215354988226101	primary	optimal
twostage-20260916T061947Z	OV:OVCAR-3	magnitude_g1.00	EX_ade_e	0.0	0.0	1.2470188713271675	primary	optimal
twostage-20260916T061947Z	OV:OVCAR-3	magnitude_g1.00	EX_adn_e	0.0	0.0	0.980697528175476	primary	optimal
twostage-20260916T061947Z	OV:OVCAR-3	magnitude_g1.00	EX_ahcys_e	0.0	0.0	0.9184270840536345	primary	optimal
twostage-20260916T061947Z	OV:OVCAR-3	magnitude_g1.00	EX_akg_e	0.0	0.0	40.26053454756735	primary	optimal
twostage-20260916T061947Z	OV:OVCAR-3	magnitude_g1.00	EX_ala__L_e	1e-06	0.0	59.60866898777924	primary	optimal
twostage-20260916T061947Z	OV:OVCAR-3	magnitude_g1.00	EX_amp_e	0.0	0.0	0.8167189824098002	primary	optimal
twostage-20260916T061947Z	OV:OVCAR-3	magnitude_g1.00	EX_anth_e	0.0	0.0	3.778064844472693	primary	optimal
twostage-20260916T061947Z	OV:OVCAR-3	magnitude_g1.00	EX_arg__L_e	-9.999999	-10.0	3.366613335268274	primary	optimal
twostage-20260916T061947Z	OV:OVCAR-3	magnitude_g1.00	EX_asn__L_e	-9.999999	-10.0	7.458172851305718	primary	optimal
twostage-20260916T061947Z	OV:OVCAR-3	magnitude_g1.00	EX_asp__L_e	-9.999999	-10.0	29.8755904780945	primary	optimal
twostage-20260916T061947Z	OV:OVCAR-3	magnitude_g1.00	EX_bilirub_e	0.0	0.0	0.4960399692082953	primary	optimal
twostage-20260916T061947Z	OV:OVCAR-3	magnitude_g1.00	EX_cala_e	0.0	0.0	3.070692264775147	primary	optimal
twostage-20260916T061947Z	OV:OVCAR-3	magnitude_g1.00	EX_chol_e	-9.999999000000003	-10.0	0.5525963714110377	primary	optimal
twostage-20260916T061947Z	OV:OVCAR-3	magnitude_g1.00	EX_cholp_e	0.0	0.0	6.071678091942421	primary	optimal
twostage-20260916T061947Z	OV:OVCAR-3	magnitude_g1.00	EX_cit_e	0.0	0.0	31.045326228987	primary	optimal
twostage-20260916T061947Z	OV:OVCAR-3	magnitude_g1.00	EX_citr__L_e	0.0	0.0	16.061378603397145	primary	optimal
twostage-20260916T061947Z	OV:OVCAR-3	magnitude_g1.00	EX_cmp_e	0.0	0.0	0.0	primary	optimal
twostage-20260916T061947Z	OV:OVCAR-3	magnitude_g1.00	EX_crn_e	-0.9999989999999999	-1.0	-6.994405055138486e-15	primary	optimal
twostage-20260916T061947Z	OV:OVCAR-3	magnitude_g1.00	EX_cyst__L_e	0.0	0.0	3.714360242778066	primary	optimal
twostage-20260916T061947Z	OV:OVCAR-3	magnitude_g1.00	EX_cytd_e	0.0	0.0	1.8877154064348893	primary	optimal
twostage-20260916T061947Z	OV:OVCAR-3	magnitude_g1.00	EX_dad_2_e	0.0	0.0	0.973522454452704	primary	optimal
twostage-20260916T061947Z	OV:OVCAR-3	magnitude_g1.00	EX_dcmp_e	0.0	0.0	1.6357111547966154	primary	optimal
twostage-20260916T061947Z	OV:OVCAR-3	magnitude_g1.00	EX_dcyt_e	0.0	0.0	1.943644148964891	primary	optimal
twostage-20260916T061947Z	OV:OVCAR-3	magnitude_g1.00	EX_dhap_e	0.0	0.0	5.524022434441483	primary	optimal
twostage-20260916T061947Z	OV:OVCAR-3	magnitude_g1.00	EX_dmgly_e	0.0	0.0	4.493331015288129	primary	optimal
twostage-20260916T061947Z	OV:OVCAR-3	magnitude_g1.00	EX_duri_e	0.0	0.0	1.9029774033839026	primary	optimal
twostage-20260916T061947Z	OV:OVCAR-3	magnitude_g1.00	EX_ethamp_e	0.0	0.0	6.071678091942187	primary	optimal
twostage-20260916T061947Z	OV:OVCAR-3	magnitude_g1.00	EX_fol_e	-9.999999000000003	-10.0	-5.329070518200751e-15	primary	optimal
twostage-20260916T061947Z	OV:OVCAR-3	magnitude_g1.00	EX_fum_e	1e-06	0.0	42.633322248119995	primary	optimal
twostage-20260916T061947Z	OV:OVCAR-3	magnitude_g1.00	EX_g3pc_e	0.0	0.0	2.3690161558164804	primary	optimal
twostage-20260916T061947Z	OV:OVCAR-3	magnitude_g1.00	EX_glc__D_e	-10.0	-10.0	-2.8418731548722396	primary	optimal
twostage-20260916T061947Z	OV:OVCAR-3	magnitude_g1.00	EX_glcur_e	0.0	0.0	4.069257536374007	primary	optimal
twostage-20260916T061947Z	OV:OVCAR-3	magnitude_g1.00	EX_gln__L_e	-9.999999	-10.0	6.709758527800544	primary	optimal
twostage-20260916T061947Z	OV:OVCAR-3	magnitude_g1.00	EX_glu__L_e	-9.999999	-10.0	27.871617189655154	primary	optimal
twostage-20260916T061947Z	OV:OVCAR-3	magnitude_g1.00	EX_gly_e	-9.999999000000003	-10.0	31.207903546757226	primary	optimal
twostage-20260916T061947Z	OV:OVCAR-3	magnitude_g1.00	EX_glyald_e	0.0	0.0	12.716394080113975	primary	optimal
twostage-20260916T061947Z	OV:OVCAR-3	magnitude_g1.00	EX_glyb_e	0.0	0.0	10.175174744252208	primary	optimal
twostage-20260916T061947Z	OV:OVCAR-3	magnitude_g1.00	EX_glyc3p_e	0.0	0.0	5.424125869022196	primary	optimal
twostage-20260916T061947Z	OV:OVCAR-3	magnitude_g1.00	EX_gmp_e	0.0	0.0	0.0	primary	optimal
twostage-20260916T061947Z	OV:OVCAR-3	magnitude_g1.00	EX_gthox_e	0.0	0.0	5.638382561577243	primary	optimal
twostage-20260916T061947Z	OV:OVCAR-3	magnitude_g1.00	EX_hcys__L_e	0.0	0.0	5.060784145165349	primary	optimal
twostage-20260916T061947Z	OV:OVCAR-3	magnitude_g1.00	EX_hom__L_e	0.0	0.0	0.0	primary	optimal
twostage-20260916T061947Z	OV:OVCAR-3	magnitude_g1.00	EX_hxan_e	0.0	0.0	1.4616564433782815	primary	optimal
twostage-20260916T061947Z	OV:OVCAR-3	magnitude_g1.00	EX_icit_e	0.0	0.0	31.97727992259344	primary	optimal
twostage-20260916T061947Z	OV:OVCAR-3	magnitude_g1.00	EX_ile__L_e	-9.999999000000003	-10.0	-0.9398300444600025	primary	optimal
twostage-20260916T061947Z	OV:OVCAR-3	magnitude_g1.00	EX_imp_e	0.0	0.0	1.116764059316712	primary	optimal
twostage-20260916T061947Z	OV:OVCAR-3	magnitude_g1.00	EX_ins_e	0.0	0.0	1.108556833396497	primary	optimal
twostage-20260916T061947Z	OV:OVCAR-3	magnitude_g1.00	EX_lac__L_e	-0.999999	-1.0	54.25611458908098	primary	optimal
twostage-20260916T061947Z	OV:OVCAR-3	magnitude_g1.00	EX_lcts_e	0.0	0.0	1.8437132988589533	primary	optimal
twostage-20260916T061947Z	OV:OVCAR-3	magnitude_g1.00	EX_leu__L_e	-9.999999	-10.0	-1.79223373267045	primary	optimal
twostage-20260916T061947Z	OV:OVCAR-3	magnitude_g1.00	EX_lys__L_e	-9.999999	-10.0	-1.945226570884163	primary	optimal
twostage-20260916T061947Z	OV:OVCAR-3	magnitude_g1.00	EX_mal__L_e	1e-06	0.0	38.378771720813354	primary	optimal
twostage-20260916T061947Z	OV:OVCAR-3	magnitude_g1.00	EX_met__L_e	-9.999999	-10.0	-0.5026982632120731	primary	optimal
twostage-20260916T061947Z	OV:OVCAR-3	magnitude_g1.00	EX_nac_e	0.0	0.0	10.843547961932341	primary	optimal
twostage-20260916T061947Z	OV:OVCAR-3	magnitude_g1.00	EX_ncam_e	-9.999999	-10.0	-7.105427357601002e-15	primary	optimal
twostage-20260916T061947Z	OV:OVCAR-3	magnitude_g1.00	EX_nicrnt_e	0.0	0.0	2.7376179611498386	primary	optimal
twostage-20260916T061947Z	OV:OVCAR-3	magnitude_g1.00	EX_orn_e	1.0000000000000002e-06	0.0	34.72784159242364	primary	optimal
twostage-20260916T061947Z	OV:OVCAR-3	magnitude_g1.00	EX_orot5p_e	0.0	0.0	1.6548033284807115	primary	optimal
twostage-20260916T061947Z	OV:OVCAR-3	magnitude_g1.00	EX_orot_e	0.0	0.0	3.7899645318152952	primary	optimal
twostage-20260916T061947Z	OV:OVCAR-3	magnitude_g1.00	EX_oxa_e	0.0	0.0	7.570767264897071	primary	optimal
twostage-20260916T061947Z	OV:OVCAR-3	magnitude_g1.00	EX_pep_e	0.0	0.0	6.071678091942619	primary	optimal
twostage-20260916T061947Z	OV:OVCAR-3	magnitude_g1.00	EX_phe__L_e	-9.134547874212265	-10.0	-0.852403688210428	primary	optimal
twostage-20260916T061947Z	OV:OVCAR-3	magnitude_g1.00	EX_pnto__R_e	-1.028174117280602e-12	-10.0	0.05000000000000071	primary	optimal
twostage-20260916T061947Z	OV:OVCAR-3	magnitude_g1.00	EX_pro__L_e	-1.3551019514215077	-10.0	23.404496717499676	primary	optimal
twostage-20260916T061947Z	OV:OVCAR-3	magnitude_g1.00	EX_quln_e	0.0	0.0	1.3454859853395655	primary	optimal
twostage-20260916T061947Z	OV:OVCAR-3	magnitude_g1.00	EX_sbt__D_e	0.0	0.0	0.0	primary	optimal
twostage-20260916T061947Z	OV:OVCAR-3	magnitude_g1.00	EX_ser__L_e	-10.0	-10.0	3.503015952326448	primary	optimal
twostage-20260916T061947Z	OV:OVCAR-3	magnitude_g1.00	EX_spmd_e	0.0	0.0	1.443338543938308	primary	optimal
twostage-20260916T061947Z	OV:OVCAR-3	magnitude_g1.00	EX_sprm_e	0.0	0.0	0.7277676727368323	primary	optimal
twostage-20260916T061947Z	OV:OVCAR-3	magnitude_g1.00	EX_srtn_e	0.0	0.0	4.044856436394657	primary	optimal
twostage-20260916T061947Z	OV:OVCAR-3	magnitude_g1.00	EX_succ_e	13.462568264372825	0.0	62.284040058632634	primary	optimal
twostage-20260916T061947Z	OV:OVCAR-3	magnitude_g1.00	EX_sucr_e	0.0	0.0	0.0	primary	optimal
twostage-20260916T061947Z	OV:OVCAR-3	magnitude_g1.00	EX_taur_e	0.0	0.0	3.623716125612941	primary	optimal
twostage-20260916T061947Z	OV:OVCAR-3	magnitude_g1.00	EX_tchola_e	0.0	0.0	0.7759039685042953	primary	optimal
twostage-20260916T061947Z	OV:OVCAR-3	magnitude_g1.00	EX_thr__L_e	-1.027256400709608	-10.0	-1.0272564007095824	primary	optimal
twostage-20260916T061947Z	OV:OVCAR-3	magnitude_g1.00	EX_thym_e	0.0	0.0	2.3994399708605725	primary	optimal
twostage-20260916T061947Z	OV:OVCAR-3	magnitude_g1.00	EX_thymd_e	0.0	0.0	1.6025205226588168	primary	optimal
twostage-20260916T061947Z	OV:OVCAR-3	magnitude_g1.00	EX_trp__L_e	-0.04371317812479468	-10.0	-0.04371317812479525	primary	optimal
twostage-20260916T061947Z	OV:OVCAR-3	magnitude_g1.00	EX_tyr__L_e	-0.5245548522744695	-10.0	3.7094132857019906	primary	optimal
twostage-20260916T061947Z	OV:OVCAR-3	magnitude_g1.00	EX_ump_e	0.0	0.0	1.215694941595427	primary	optimal
twostage-20260916T061947Z	OV:OVCAR-3	magnitude_g1.00	EX_ura_e	0.0	0.0	3.304614026114571	primary	optimal
twostage-20260916T061947Z	OV:OVCAR-3	magnitude_g1.00	EX_urate_e	0.0	0.0	1.3931431019025595	primary	optimal
twostage-20260916T061947Z	OV:OVCAR-3	magnitude_g1.00	EX_uri_e	0.0	0.0	1.9236894376832407	primary	optimal
twostage-20260916T061947Z	OV:OVCAR-3	magnitude_g1.00	EX_val__L_e	-1.1583931498609883	-10.0	-1.1583926498609305	primary	optimal
twostage-20260916T061947Z	OV:OVCAR-3	magnitude_g1.00	EX_xan_e	0.0	0.0	1.4305383584009645	primary	optimal
twostage-20260916T061947Z	OV:OVCAR-3	magnitude_g1.00	EX_xmp_e	0.0	0.0	1.0968984373701396	primary	optimal
twostage-20260916T061947Z	OV:OVCAR-3	magnitude_g1.00	EX_xtsn_e	0.0	0.0	1.0906374710555722	primary	optimal
twostage-20260916T061947Z	OV:OVCAR-4	magnitude_g1.00	EX_2pg_e	0.0	0.0	6.0716780919424185	primary	optimal
twostage-20260916T061947Z	OV:OVCAR-4	magnitude_g1.00	EX_34hpp_e	0.0	0.0	12.90476092525079	primary	optimal
twostage-20260916T061947Z	OV:OVCAR-4	magnitude_g1.00	EX_3hanthrn_e	0.0	0.0	1.9472330896963288	primary	optimal
twostage-20260916T061947Z	OV:OVCAR-4	magnitude_g1.00	EX_3pg_e	0.0	0.0	6.071678091942544	primary	optimal
twostage-20260916T061947Z	OV:OVCAR-4	magnitude_g1.00	EX_4abut_e	0.0	0.0	31.903340956221324	primary	optimal
twostage-20260916T061947Z	OV:OVCAR-4	magnitude_g1.00	EX_4hbz_e	0.0	0.0	5.3812884589762096	primary	optimal
twostage-20260916T061947Z	OV:OVCAR-4	magnitude_g1.00	EX_L2aadp_e	0.0	0.0	8.689023440023842	primary	optimal
twostage-20260916T061947Z	OV:OVCAR-4	magnitude_g1.00	EX_Lkynr_e	0.0	0.0	3.934819758519935	primary	optimal
twostage-20260916T061947Z	OV:OVCAR-4	magnitude_g1.00	EX_acac_e	0.0	0.0	13.860012518061033	primary	optimal
twostage-20260916T061947Z	OV:OVCAR-4	magnitude_g1.00	EX_ade_e	0.0	0.0	1.2181620429065394	primary	optimal
twostage-20260916T061947Z	OV:OVCAR-4	magnitude_g1.00	EX_adn_e	0.0	0.0	0.9603510600613889	primary	optimal
twostage-20260916T061947Z	OV:OVCAR-4	magnitude_g1.00	EX_ahcys_e	0.0	0.0	0.8990216600544364	primary	optimal
twostage-20260916T061947Z	OV:OVCAR-4	magnitude_g1.00	EX_akg_e	0.0	0.0	39.43085317549748	primary	optimal
twostage-20260916T061947Z	OV:OVCAR-4	magnitude_g1.00	EX_ala__L_e	1e-06	0.0	58.70535355035958	primary	optimal
twostage-20260916T061947Z	OV:OVCAR-4	magnitude_g1.00	EX_amp_e	0.0	0.0	0.799661556827966	primary	optimal
twostage-20260916T061947Z	OV:OVCAR-4	magnitude_g1.00	EX_anth_e	0.0	0.0	3.6638351561959905	primary	optimal
twostage-20260916T061947Z	OV:OVCAR-4	magnitude_g1.00	EX_arg__L_e	-9.999999	-10.0	3.1533896425673253	primary	optimal
twostage-20260916T061947Z	OV:OVCAR-4	magnitude_g1.00	EX_asn__L_e	-9.999999	-10.0	7.293510185091044	primary	optimal
twostage-20260916T061947Z	OV:OVCAR-4	magnitude_g1.00	EX_asp__L_e	-9.999999	-10.0	29.583375127159208	primary	optimal
twostage-20260916T061947Z	OV:OVCAR-4	magnitude_g1.00	EX_bilirub_e	0.0	0.0	0.48401956710436306	primary	optimal
twostage-20260916T061947Z	OV:OVCAR-4	magnitude_g1.00	EX_cala_e	0.0	0.0	2.981016499747967	primary	optimal
twostage-20260916T061947Z	OV:OVCAR-4	magnitude_g1.00	EX_chol_e	-9.999999	-10.0	0.5205141019291459	primary	optimal
twostage-20260916T061947Z	OV:OVCAR-4	magnitude_g1.00	EX_cholp_e	0.0	0.0	6.071678091942419	primary	optimal
twostage-20260916T061947Z	OV:OVCAR-4	magnitude_g1.00	EX_cit_e	0.0	0.0	31.045326228988653	primary	optimal
twostage-20260916T061947Z	OV:OVCAR-4	magnitude_g1.00	EX_citr__L_e	0.0	0.0	15.812112414634036	primary	optimal
twostage-20260916T061947Z	OV:OVCAR-4	magnitude_g1.00	EX_cmp_e	0.0	0.0	0.0	primary	optimal
twostage-20260916T061947Z	OV:OVCAR-4	magnitude_g1.00	EX_crn_e	-0.999999	-1.0	-5.551115123125783e-16	primary	optimal
twostage-20260916T061947Z	OV:OVCAR-4	magnitude_g1.00	EX_cyst__L_e	0.0	0.0	3.6490272005092064	primary	optimal
twostage-20260916T061947Z	OV:OVCAR-4	magnitude_g1.00	EX_cytd_e	0.0	0.0	1.8418979716204817	primary	optimal
twostage-20260916T061947Z	OV:OVCAR-4	magnitude_g1.00	EX_dad_2_e	0.0	0.0	0.9526973106718316	primary	optimal
twostage-20260916T061947Z	OV:OVCAR-4	magnitude_g1.00	EX_dcmp_e	0.0	0.0	1.5960907054995626	primary	optimal
twostage-20260916T061947Z	OV:OVCAR-4	magnitude_g1.00	EX_dcyt_e	0.0	0.0	1.9006071436427048	primary	optimal
twostage-20260916T061947Z	OV:OVCAR-4	magnitude_g1.00	EX_dhap_e	0.0	0.0	5.438073316637032	primary	optimal
twostage-20260916T061947Z	OV:OVCAR-4	magnitude_g1.00	EX_dmgly_e	0.0	0.0	4.390308249646784	primary	optimal
twostage-20260916T061947Z	OV:OVCAR-4	magnitude_g1.00	EX_duri_e	0.0	0.0	1.8593540869145142	primary	optimal
twostage-20260916T061947Z	OV:OVCAR-4	magnitude_g1.00	EX_ethamp_e	0.0	0.0	6.071678091942376	primary	optimal
twostage-20260916T061947Z	OV:OVCAR-4	magnitude_g1.00	EX_fol_e	-9.999999000000003	-10.0	0.0	primary	optimal
twostage-20260916T061947Z	OV:OVCAR-4	magnitude_g1.00	EX_fum_e	1e-06	0.0	42.61979045637951	primary	optimal
twostage-20260916T061947Z	OV:OVCAR-4	magnitude_g1.00	EX_g3pc_e	0.0	0.0	2.3323952515657473	primary	optimal
twostage-20260916T061947Z	OV:OVCAR-4	magnitude_g1.00	EX_glc__D_e	-10.0	-10.0	-2.867246849601603	primary	optimal
twostage-20260916T061947Z	OV:OVCAR-4	magnitude_g1.00	EX_glcur_e	0.0	0.0	3.9718426747046434	primary	optimal
twostage-20260916T061947Z	OV:OVCAR-4	magnitude_g1.00	EX_gln__L_e	-9.999999000000003	-10.0	6.344248854397673	primary	optimal
twostage-20260916T061947Z	OV:OVCAR-4	magnitude_g1.00	EX_glu__L_e	-9.999999	-10.0	26.9723981126834	primary	optimal
twostage-20260916T061947Z	OV:OVCAR-4	magnitude_g1.00	EX_gly_e	-9.999999	-10.0	31.143299633765622	primary	optimal
twostage-20260916T061947Z	OV:OVCAR-4	magnitude_g1.00	EX_glyald_e	0.0	0.0	12.613873428301169	primary	optimal
twostage-20260916T061947Z	OV:OVCAR-4	magnitude_g1.00	EX_glyb_e	0.0	0.0	10.153575717730012	primary	optimal
twostage-20260916T061947Z	OV:OVCAR-4	magnitude_g1.00	EX_glyc3p_e	0.0	0.0	5.353626294604438	primary	optimal
twostage-20260916T061947Z	OV:OVCAR-4	magnitude_g1.00	EX_gmp_e	0.0	0.0	0.0	primary	optimal
twostage-20260916T061947Z	OV:OVCAR-4	magnitude_g1.00	EX_gthox_e	0.0	0.0	5.5806791974189105	primary	optimal
twostage-20260916T061947Z	OV:OVCAR-4	magnitude_g1.00	EX_hcys__L_e	0.0	0.0	4.922895450882834	primary	optimal
twostage-20260916T061947Z	OV:OVCAR-4	magnitude_g1.00	EX_hom__L_e	0.0	0.0	0.0	primary	optimal
twostage-20260916T061947Z	OV:OVCAR-4	magnitude_g1.00	EX_hxan_e	0.0	0.0	1.42763167617101	primary	optimal
twostage-20260916T061947Z	OV:OVCAR-4	magnitude_g1.00	EX_icit_e	0.0	0.0	31.57017487740513	primary	optimal
twostage-20260916T061947Z	OV:OVCAR-4	magnitude_g1.00	EX_ile__L_e	-9.999999000000003	-10.0	-0.9398300444600167	primary	optimal
twostage-20260916T061947Z	OV:OVCAR-4	magnitude_g1.00	EX_imp_e	0.0	0.0	1.0933905331657452	primary	optimal
twostage-20260916T061947Z	OV:OVCAR-4	magnitude_g1.00	EX_ins_e	0.0	0.0	1.0859675657787162	primary	optimal
twostage-20260916T061947Z	OV:OVCAR-4	magnitude_g1.00	EX_lac__L_e	-0.999999	-1.0	54.25611458908267	primary	optimal
twostage-20260916T061947Z	OV:OVCAR-4	magnitude_g1.00	EX_lcts_e	0.0	0.0	1.822271977910554	primary	optimal
twostage-20260916T061947Z	OV:OVCAR-4	magnitude_g1.00	EX_leu__L_e	-9.999999	-10.0	-1.7922337326704483	primary	optimal
twostage-20260916T061947Z	OV:OVCAR-4	magnitude_g1.00	EX_lys__L_e	-9.999999	-10.0	-1.9452265708841612	primary	optimal
twostage-20260916T061947Z	OV:OVCAR-4	magnitude_g1.00	EX_mal__L_e	1e-06	0.0	38.37877172081419	primary	optimal
twostage-20260916T061947Z	OV:OVCAR-4	magnitude_g1.00	EX_met__L_e	-9.999999	-10.0	-0.5026982632120713	primary	optimal
twostage-20260916T061947Z	OV:OVCAR-4	magnitude_g1.00	EX_nac_e	0.0	0.0	10.825090827022075	primary	optimal
twostage-20260916T061947Z	OV:OVCAR-4	magnitude_g1.00	EX_ncam_e	-9.999999	-10.0	3.552713678800501e-15	primary	optimal
twostage-20260916T061947Z	OV:OVCAR-4	magnitude_g1.00	EX_nicrnt_e	0.0	0.0	2.692276836777072	primary	optimal
twostage-20260916T061947Z	OV:OVCAR-4	magnitude_g1.00	EX_orn_e	1e-06	0.0	34.39648441413217	primary	optimal
twostage-20260916T061947Z	OV:OVCAR-4	magnitude_g1.00	EX_orot5p_e	0.0	0.0	1.6192285826797526	primary	optimal
twostage-20260916T061947Z	OV:OVCAR-4	magnitude_g1.00	EX_orot_e	0.0	0.0	3.6883895507199966	primary	optimal
twostage-20260916T061947Z	OV:OVCAR-4	magnitude_g1.00	EX_oxa_e	0.0	0.0	7.390411654173511	primary	optimal
twostage-20260916T061947Z	OV:OVCAR-4	magnitude_g1.00	EX_pep_e	0.0	0.0	6.071678091942653	primary	optimal
twostage-20260916T061947Z	OV:OVCAR-4	magnitude_g1.00	EX_phe__L_e	-9.134547874218526	-10.0	-0.8524036882104298	primary	optimal
twostage-20260916T061947Z	OV:OVCAR-4	magnitude_g1.00	EX_pnto__R_e	2.3650437471369578e-12	-10.0	0.05000000000000249	primary	optimal
twostage-20260916T061947Z	OV:OVCAR-4	magnitude_g1.00	EX_pro__L_e	-1.355101951424114	-10.0	23.12040210635496	primary	optimal
twostage-20260916T061947Z	OV:OVCAR-4	magnitude_g1.00	EX_quln_e	0.0	0.0	1.3119853153418999	primary	optimal
twostage-20260916T061947Z	OV:OVCAR-4	magnitude_g1.00	EX_sbt__D_e	0.0	0.0	0.0	primary	optimal
twostage-20260916T061947Z	OV:OVCAR-4	magnitude_g1.00	EX_ser__L_e	-10.0	-10.0	3.437061836711626	primary	optimal
twostage-20260916T061947Z	OV:OVCAR-4	magnitude_g1.00	EX_spmd_e	0.0	0.0	1.3970562145417016	primary	optimal
twostage-20260916T061947Z	OV:OVCAR-4	magnitude_g1.00	EX_sprm_e	0.0	0.0	0.7050431068926418	primary	optimal
twostage-20260916T061947Z	OV:OVCAR-4	magnitude_g1.00	EX_srtn_e	0.0	0.0	3.9682934579424693	primary	optimal
twostage-20260916T061947Z	OV:OVCAR-4	magnitude_g1.00	EX_succ_e	13.462568264384146	0.0	62.278534064189984	primary	optimal
twostage-20260916T061947Z	OV:OVCAR-4	magnitude_g1.00	EX_sucr_e	0.0	0.0	0.0	primary	optimal
twostage-20260916T061947Z	OV:OVCAR-4	magnitude_g1.00	EX_taur_e	0.0	0.0	3.547349101090896	primary	optimal
twostage-20260916T061947Z	OV:OVCAR-4	magnitude_g1.00	EX_tchola_e	0.0	0.0	0.7550814273363926	primary	optimal
twostage-20260916T061947Z	OV:OVCAR-4	magnitude_g1.00	EX_thr__L_e	-1.0272564007096086	-10.0	-1.027256400709609	primary	optimal
twostage-20260916T061947Z	OV:OVCAR-4	magnitude_g1.00	EX_thym_e	0.0	0.0	2.33514191548164	primary	optimal
twostage-20260916T061947Z	OV:OVCAR-4	magnitude_g1.00	EX_thymd_e	0.0	0.0	1.5657676254703787	primary	optimal
twostage-20260916T061947Z	OV:OVCAR-4	magnitude_g1.00	EX_trp__L_e	-0.04371317812479467	-10.0	-0.043713178124791696	primary	optimal
twostage-20260916T061947Z	OV:OVCAR-4	magnitude_g1.00	EX_tyr__L_e	-0.5245548522744694	-10.0	3.6316118487418745	primary	optimal
twostage-20260916T061947Z	OV:OVCAR-4	magnitude_g1.00	EX_ump_e	0.0	0.0	1.1900644937216587	primary	optimal
twostage-20260916T061947Z	OV:OVCAR-4	magnitude_g1.00	EX_ura_e	0.0	0.0	3.2053252359280027	primary	optimal
twostage-20260916T061947Z	OV:OVCAR-4	magnitude_g1.00	EX_urate_e	0.0	0.0	1.3615205740198983	primary	optimal
twostage-20260916T061947Z	OV:OVCAR-4	magnitude_g1.00	EX_uri_e	0.0	0.0	1.880142289287204	primary	optimal
twostage-20260916T061947Z	OV:OVCAR-4	magnitude_g1.00	EX_val__L_e	-1.1583931498632576	-10.0	-1.1583926498609518	primary	optimal
twostage-20260916T061947Z	OV:OVCAR-4	magnitude_g1.00	EX_xan_e	0.0	0.0	1.3970398226968574	primary	optimal
twostage-20260916T061947Z	OV:OVCAR-4	magnitude_g1.00	EX_xmp_e	0.0	0.0	1.0742726386740864	primary	optimal
twostage-20260916T061947Z	OV:OVCAR-4	magnitude_g1.00	EX_xtsn_e	0.0	0.0	1.0681749390339388	primary	optimal
twostage-20260916T061947Z	OV:OVCAR-5	magnitude_g1.00	EX_2pg_e	0.0	0.0	6.07167809194235	primary	optimal
twostage-20260916T061947Z	OV:OVCAR-5	magnitude_g1.00	EX_34hpp_e	0.0	0.0	12.959419731603125	primary	optimal
twostage-20260916T061947Z	OV:OVCAR-5	magnitude_g1.00	EX_3hanthrn_e	0.0	0.0	1.9703522370616569	primary	optimal
twostage-20260916T061947Z	OV:OVCAR-5	magnitude_g1.00	EX_3pg_e	0.0	0.0	6.0716780919422995	primary	optimal
twostage-20260916T061947Z	OV:OVCAR-5	magnitude_g1.00	EX_4abut_e	0.0	0.0	31.20380607044816	primary	optimal
twostage-20260916T061947Z	OV:OVCAR-5	magnitude_g1.00	EX_4hbz_e	0.0	0.0	5.456217064592687	primary	optimal
twostage-20260916T061947Z	OV:OVCAR-5	magnitude_g1.00	EX_L2aadp_e	0.0	0.0	8.705653008406577	primary	optimal
twostage-20260916T061947Z	OV:OVCAR-5	magnitude_g1.00	EX_Lkynr_e	0.0	0.0	3.9773943101088185	primary	optimal
twostage-20260916T061947Z	OV:OVCAR-5	magnitude_g1.00	EX_acac_e	0.0	0.0	14.140613060172427	primary	optimal
twostage-20260916T061947Z	OV:OVCAR-5	magnitude_g1.00	EX_ade_e	0.0	0.0	1.2337996591037224	primary	optimal
twostage-20260916T061947Z	OV:OVCAR-5	magnitude_g1.00	EX_adn_e	0.0	0.0	0.971683886480181	primary	optimal
twostage-20260916T061947Z	OV:OVCAR-5	magnitude_g1.00	EX_ahcys_e	0.0	0.0	0.9100702760140565	primary	optimal
twostage-20260916T061947Z	OV:OVCAR-5	magnitude_g1.00	EX_akg_e	0.0	0.0	39.76517636134589	primary	optimal
twostage-20260916T061947Z	OV:OVCAR-5	magnitude_g1.00	EX_ala__L_e	1e-06	0.0	58.892202337226905	primary	optimal
twostage-20260916T061947Z	OV:OVCAR-5	magnitude_g1.00	EX_amp_e	0.0	0.0	0.8093069953647007	primary	optimal
twostage-20260916T061947Z	OV:OVCAR-5	magnitude_g1.00	EX_anth_e	0.0	0.0	3.7119262974379823	primary	optimal
twostage-20260916T061947Z	OV:OVCAR-5	magnitude_g1.00	EX_arg__L_e	-9.999999	-10.0	3.220639251788343	primary	optimal
twostage-20260916T061947Z	OV:OVCAR-5	magnitude_g1.00	EX_asn__L_e	-9.999999000000003	-10.0	7.325983500332822	primary	optimal
twostage-20260916T061947Z	OV:OVCAR-5	magnitude_g1.00	EX_asp__L_e	-9.999999	-10.0	29.93904772884154	primary	optimal
twostage-20260916T061947Z	OV:OVCAR-5	magnitude_g1.00	EX_bilirub_e	0.0	0.0	0.4899161663965888	primary	optimal
twostage-20260916T061947Z	OV:OVCAR-5	magnitude_g1.00	EX_cala_e	0.0	0.0	3.0432884152205766	primary	optimal
twostage-20260916T061947Z	OV:OVCAR-5	magnitude_g1.00	EX_chol_e	-9.999999	-10.0	0.5270522141441184	primary	optimal
twostage-20260916T061947Z	OV:OVCAR-5	magnitude_g1.00	EX_cholp_e	0.0	0.0	6.071678091942368	primary	optimal
twostage-20260916T061947Z	OV:OVCAR-5	magnitude_g1.00	EX_cit_e	0.0	0.0	31.04532622898987	primary	optimal
twostage-20260916T061947Z	OV:OVCAR-5	magnitude_g1.00	EX_citr__L_e	0.0	0.0	16.01918403148902	primary	optimal
twostage-20260916T061947Z	OV:OVCAR-5	magnitude_g1.00	EX_cmp_e	0.0	0.0	0.0	primary	optimal
twostage-20260916T061947Z	OV:OVCAR-5	magnitude_g1.00	EX_crn_e	-0.999999	-1.0	-1.1102230246251565e-16	primary	optimal
twostage-20260916T061947Z	OV:OVCAR-5	magnitude_g1.00	EX_cyst__L_e	0.0	0.0	3.6649702521867713	primary	optimal
twostage-20260916T061947Z	OV:OVCAR-5	magnitude_g1.00	EX_cytd_e	0.0	0.0	1.871137655132459	primary	optimal
twostage-20260916T061947Z	OV:OVCAR-5	magnitude_g1.00	EX_dad_2_e	0.0	0.0	0.9636816164162776	primary	optimal
twostage-20260916T061947Z	OV:OVCAR-5	magnitude_g1.00	EX_dcmp_e	0.0	0.0	1.6191936211206635	primary	optimal
twostage-20260916T061947Z	OV:OVCAR-5	magnitude_g1.00	EX_dcyt_e	0.0	0.0	1.9204987492608243	primary	optimal
twostage-20260916T061947Z	OV:OVCAR-5	magnitude_g1.00	EX_dhap_e	0.0	0.0	5.482047297091858	primary	optimal
twostage-20260916T061947Z	OV:OVCAR-5	magnitude_g1.00	EX_dmgly_e	0.0	0.0	4.443414062737765	primary	optimal
twostage-20260916T061947Z	OV:OVCAR-5	magnitude_g1.00	EX_duri_e	0.0	0.0	1.8825555246152776	primary	optimal
twostage-20260916T061947Z	OV:OVCAR-5	magnitude_g1.00	EX_ethamp_e	0.0	0.0	6.071678091942358	primary	optimal
twostage-20260916T061947Z	OV:OVCAR-5	magnitude_g1.00	EX_fol_e	-9.999998999999999	-10.0	3.552713678800501e-15	primary	optimal
twostage-20260916T061947Z	OV:OVCAR-5	magnitude_g1.00	EX_fum_e	1e-06	0.0	42.64380381748899	primary	optimal
twostage-20260916T061947Z	OV:OVCAR-5	magnitude_g1.00	EX_g3pc_e	0.0	0.0	2.362110277226739	primary	optimal
twostage-20260916T061947Z	OV:OVCAR-5	magnitude_g1.00	EX_glc__D_e	-10.0	-10.0	-2.821406551887033	primary	optimal
twostage-20260916T061947Z	OV:OVCAR-5	magnitude_g1.00	EX_glcur_e	0.0	0.0	4.023958063761729	primary	optimal
twostage-20260916T061947Z	OV:OVCAR-5	magnitude_g1.00	EX_gln__L_e	-9.999999	-10.0	6.421452809252961	primary	optimal
twostage-20260916T061947Z	OV:OVCAR-5	magnitude_g1.00	EX_glu__L_e	-9.999999	-10.0	27.63262650877182	primary	optimal
twostage-20260916T061947Z	OV:OVCAR-5	magnitude_g1.00	EX_gly_e	-9.999999000000003	-10.0	30.992204037660652	primary	optimal
twostage-20260916T061947Z	OV:OVCAR-5	magnitude_g1.00	EX_glyald_e	0.0	0.0	12.645185558486407	primary	optimal
twostage-20260916T061947Z	OV:OVCAR-5	magnitude_g1.00	EX_glyb_e	0.0	0.0	10.161942167705538	primary	optimal
twostage-20260916T061947Z	OV:OVCAR-5	magnitude_g1.00	EX_glyc3p_e	0.0	0.0	5.386453795071648	primary	optimal
twostage-20260916T061947Z	OV:OVCAR-5	magnitude_g1.00	EX_gmp_e	0.0	0.0	0.0	primary	optimal
twostage-20260916T061947Z	OV:OVCAR-5	magnitude_g1.00	EX_gthox_e	0.0	0.0	5.604646986919218	primary	optimal
twostage-20260916T061947Z	OV:OVCAR-5	magnitude_g1.00	EX_hcys__L_e	0.0	0.0	4.974529040572853	primary	optimal
twostage-20260916T061947Z	OV:OVCAR-5	magnitude_g1.00	EX_hom__L_e	0.0	0.0	0.0	primary	optimal
twostage-20260916T061947Z	OV:OVCAR-5	magnitude_g1.00	EX_hxan_e	0.0	0.0	1.4453810744168987	primary	optimal
twostage-20260916T061947Z	OV:OVCAR-5	magnitude_g1.00	EX_icit_e	0.0	0.0	32.14115559743379	primary	optimal
twostage-20260916T061947Z	OV:OVCAR-5	magnitude_g1.00	EX_ile__L_e	-9.999999	-10.0	-0.9398300444600132	primary	optimal
twostage-20260916T061947Z	OV:OVCAR-5	magnitude_g1.00	EX_imp_e	0.0	0.0	1.1060659429223563	primary	optimal
twostage-20260916T061947Z	OV:OVCAR-5	magnitude_g1.00	EX_ins_e	0.0	0.0	1.0982443930421584	primary	optimal
twostage-20260916T061947Z	OV:OVCAR-5	magnitude_g1.00	EX_lac__L_e	-0.9999990000000001	-1.0	54.25611458908272	primary	optimal
twostage-20260916T061947Z	OV:OVCAR-5	magnitude_g1.00	EX_lcts_e	0.0	0.0	1.839454053179153	primary	optimal
twostage-20260916T061947Z	OV:OVCAR-5	magnitude_g1.00	EX_leu__L_e	-9.999999	-10.0	-1.7922337326704412	primary	optimal
twostage-20260916T061947Z	OV:OVCAR-5	magnitude_g1.00	EX_lys__L_e	-9.999999	-10.0	-1.9452265708841647	primary	optimal
twostage-20260916T061947Z	OV:OVCAR-5	magnitude_g1.00	EX_mal__L_e	1e-06	0.0	38.3787717208145	primary	optimal
twostage-20260916T061947Z	OV:OVCAR-5	magnitude_g1.00	EX_met__L_e	-9.999999	-10.0	-0.5026982632120713	primary	optimal
twostage-20260916T061947Z	OV:OVCAR-5	magnitude_g1.00	EX_nac_e	0.0	0.0	10.828930028108614	primary	optimal
twostage-20260916T061947Z	OV:OVCAR-5	magnitude_g1.00	EX_ncam_e	-9.999999	-10.0	1.7763568394002505e-15	primary	optimal
twostage-20260916T061947Z	OV:OVCAR-5	magnitude_g1.00	EX_nicrnt_e	0.0	0.0	2.711667448532847	primary	optimal
twostage-20260916T061947Z	OV:OVCAR-5	magnitude_g1.00	EX_orn_e	1e-06	0.0	34.58565549231564	primary	optimal
twostage-20260916T061947Z	OV:OVCAR-5	magnitude_g1.00	EX_orot5p_e	0.0	0.0	1.6401770360730374	primary	optimal
twostage-20260916T061947Z	OV:OVCAR-5	magnitude_g1.00	EX_orot_e	0.0	0.0	3.754347176589253	primary	optimal
twostage-20260916T061947Z	OV:OVCAR-5	magnitude_g1.00	EX_oxa_e	0.0	0.0	7.540457381746016	primary	optimal
twostage-20260916T061947Z	OV:OVCAR-5	magnitude_g1.00	EX_pep_e	0.0	0.0	6.071678091942416	primary	optimal
twostage-20260916T061947Z	OV:OVCAR-5	magnitude_g1.00	EX_phe__L_e	-9.13454787421931	-10.0	-0.8524036882104031	primary	optimal
twostage-20260916T061947Z	OV:OVCAR-5	magnitude_g1.00	EX_pnto__R_e	-3.9902218619317065e-13	-10.0	0.05000000000000071	primary	optimal
twostage-20260916T061947Z	OV:OVCAR-5	magnitude_g1.00	EX_pro__L_e	-1.355101951421513	-10.0	23.041673467884156	primary	optimal
twostage-20260916T061947Z	OV:OVCAR-5	magnitude_g1.00	EX_quln_e	0.0	0.0	1.327104222369993	primary	optimal
twostage-20260916T061947Z	OV:OVCAR-5	magnitude_g1.00	EX_sbt__D_e	0.0	0.0	0.0	primary	optimal
twostage-20260916T061947Z	OV:OVCAR-5	magnitude_g1.00	EX_ser__L_e	-10.0	-10.0	3.412144664167545	primary	optimal
twostage-20260916T061947Z	OV:OVCAR-5	magnitude_g1.00	EX_spmd_e	0.0	0.0	1.4159494892559341	primary	optimal
twostage-20260916T061947Z	OV:OVCAR-5	magnitude_g1.00	EX_sprm_e	0.0	0.0	0.7143490798690019	primary	optimal
twostage-20260916T061947Z	OV:OVCAR-5	magnitude_g1.00	EX_srtn_e	0.0	0.0	4.00398251003867	primary	optimal
twostage-20260916T061947Z	OV:OVCAR-5	magnitude_g1.00	EX_succ_e	13.46256826437688	0.0	62.28404005863423	primary	optimal
twostage-20260916T061947Z	OV:OVCAR-5	magnitude_g1.00	EX_sucr_e	0.0	0.0	0.0	primary	optimal
twostage-20260916T061947Z	OV:OVCAR-5	magnitude_g1.00	EX_taur_e	0.0	0.0	3.586096078183513	primary	optimal
twostage-20260916T061947Z	OV:OVCAR-5	magnitude_g1.00	EX_tchola_e	0.0	0.0	0.7653157390930058	primary	optimal
twostage-20260916T061947Z	OV:OVCAR-5	magnitude_g1.00	EX_thr__L_e	-1.027256400709608	-10.0	-1.0272564007096072	primary	optimal
twostage-20260916T061947Z	OV:OVCAR-5	magnitude_g1.00	EX_thym_e	0.0	0.0	2.361501452036974	primary	optimal
twostage-20260916T061947Z	OV:OVCAR-5	magnitude_g1.00	EX_thymd_e	0.0	0.0	1.5835458273144618	primary	optimal
twostage-20260916T061947Z	OV:OVCAR-5	magnitude_g1.00	EX_trp__L_e	-0.043713178124794666	-10.0	-0.04371317812479347	primary	optimal
twostage-20260916T061947Z	OV:OVCAR-5	magnitude_g1.00	EX_tyr__L_e	-0.5245548522744695	-10.0	3.675928207323974	primary	optimal
twostage-20260916T061947Z	OV:OVCAR-5	magnitude_g1.00	EX_ump_e	0.0	0.0	1.2042375792566824	primary	optimal
twostage-20260916T061947Z	OV:OVCAR-5	magnitude_g1.00	EX_ura_e	0.0	0.0	3.2536288765365553	primary	optimal
twostage-20260916T061947Z	OV:OVCAR-5	magnitude_g1.00	EX_urate_e	0.0	0.0	1.382125199091623	primary	optimal
twostage-20260916T061947Z	OV:OVCAR-5	magnitude_g1.00	EX_uri_e	0.0	0.0	1.904274826744223	primary	optimal
twostage-20260916T061947Z	OV:OVCAR-5	magnitude_g1.00	EX_val__L_e	-1.1583931498615465	-10.0	-1.1583926498609234	primary	optimal
twostage-20260916T061947Z	OV:OVCAR-5	magnitude_g1.00	EX_xan_e	0.0	0.0	1.4182132519069226	primary	optimal
twostage-20260916T061947Z	OV:OVCAR-5	magnitude_g1.00	EX_xmp_e	0.0	0.0	1.0870519993041945	primary	optimal
twostage-20260916T061947Z	OV:OVCAR-5	magnitude_g1.00	EX_xtsn_e	0.0	0.0	1.0818774311146127	primary	optimal
twostage-20260916T061947Z	OV:OVCAR-8	magnitude_g1.00	EX_2pg_e	0.0	0.0	6.071678091942673	primary	optimal
twostage-20260916T061947Z	OV:OVCAR-8	magnitude_g1.00	EX_34hpp_e	0.0	0.0	13.022071444579387	primary	optimal
twostage-20260916T061947Z	OV:OVCAR-8	magnitude_g1.00	EX_3hanthrn_e	0.0	0.0	1.991773195988276	primary	optimal
twostage-20260916T061947Z	OV:OVCAR-8	magnitude_g1.00	EX_3pg_e	0.0	0.0	6.071678091942513	primary	optimal
twostage-20260916T061947Z	OV:OVCAR-8	magnitude_g1.00	EX_4abut_e	0.0	0.0	31.975825653082126	primary	optimal
twostage-20260916T061947Z	OV:OVCAR-8	magnitude_g1.00	EX_4hbz_e	0.0	0.0	5.483349224028761	primary	optimal
twostage-20260916T061947Z	OV:OVCAR-8	magnitude_g1.00	EX_L2aadp_e	0.0	0.0	8.722072308858678	primary	optimal
twostage-20260916T061947Z	OV:OVCAR-8	magnitude_g1.00	EX_Lkynr_e	0.0	0.0	4.034059886682334	primary	optimal
twostage-20260916T061947Z	OV:OVCAR-8	magnitude_g1.00	EX_acac_e	0.0	0.0	14.374278586689105	primary	optimal
twostage-20260916T061947Z	OV:OVCAR-8	magnitude_g1.00	EX_ade_e	0.0	0.0	1.239163428012244	primary	optimal
twostage-20260916T061947Z	OV:OVCAR-8	magnitude_g1.00	EX_adn_e	0.0	0.0	0.9752002628550499	primary	optimal
twostage-20260916T061947Z	OV:OVCAR-8	magnitude_g1.00	EX_ahcys_e	0.0	0.0	0.9137593985833846	primary	optimal
twostage-20260916T061947Z	OV:OVCAR-8	magnitude_g1.00	EX_akg_e	0.0	0.0	39.970643109611096	primary	optimal
twostage-20260916T061947Z	OV:OVCAR-8	magnitude_g1.00	EX_ala__L_e	1.0000000000000002e-06	0.0	58.817420941426604	primary	optimal
twostage-20260916T061947Z	OV:OVCAR-8	magnitude_g1.00	EX_amp_e	0.0	0.0	0.8119787882830038	primary	optimal
twostage-20260916T061947Z	OV:OVCAR-8	magnitude_g1.00	EX_anth_e	0.0	0.0	3.7515935701699576	primary	optimal
twostage-20260916T061947Z	OV:OVCAR-8	magnitude_g1.00	EX_arg__L_e	-9.999999	-10.0	3.3075461473325927	primary	optimal
twostage-20260916T061947Z	OV:OVCAR-8	magnitude_g1.00	EX_asn__L_e	-9.999999	-10.0	7.408692689560075	primary	optimal
twostage-20260916T061947Z	OV:OVCAR-8	magnitude_g1.00	EX_asp__L_e	-9.999998999999999	-10.0	29.73070235472498	primary	optimal
twostage-20260916T061947Z	OV:OVCAR-8	magnitude_g1.00	EX_bilirub_e	-1.2434182507087526e-33	0.0	0.4956526738576471	primary	optimal
twostage-20260916T061947Z	OV:OVCAR-8	magnitude_g1.00	EX_cala_e	0.0	0.0	3.062163509991918	primary	optimal
twostage-20260916T061947Z	OV:OVCAR-8	magnitude_g1.00	EX_chol_e	-9.999999000000003	-10.0	0.5442107966878539	primary	optimal
twostage-20260916T061947Z	OV:OVCAR-8	magnitude_g1.00	EX_cholp_e	0.0	0.0	6.071678091942514	primary	optimal
twostage-20260916T061947Z	OV:OVCAR-8	magnitude_g1.00	EX_cit_e	0.0	0.0	31.04532622898891	primary	optimal
twostage-20260916T061947Z	OV:OVCAR-8	magnitude_g1.00	EX_citr__L_e	0.0	0.0	16.097581742315477	primary	optimal
twostage-20260916T061947Z	OV:OVCAR-8	magnitude_g1.00	EX_cmp_e	0.0	0.0	0.0	primary	optimal
twostage-20260916T061947Z	OV:OVCAR-8	magnitude_g1.00	EX_crn_e	-0.999999	-1.0	7.771561172376096e-16	primary	optimal
twostage-20260916T061947Z	OV:OVCAR-8	magnitude_g1.00	EX_cyst__L_e	0.0	0.0	3.698298163734358	primary	optimal
twostage-20260916T061947Z	OV:OVCAR-8	magnitude_g1.00	EX_cytd_e	0.0	0.0	1.8775974978162004	primary	optimal
twostage-20260916T061947Z	OV:OVCAR-8	magnitude_g1.00	EX_dad_2_e	0.0	0.0	0.9676459259758514	primary	optimal
twostage-20260916T061947Z	OV:OVCAR-8	magnitude_g1.00	EX_dcmp_e	0.0	0.0	1.628474503607192	primary	optimal
twostage-20260916T061947Z	OV:OVCAR-8	magnitude_g1.00	EX_dcyt_e	0.0	0.0	1.9306914300105804	primary	optimal
twostage-20260916T061947Z	OV:OVCAR-8	magnitude_g1.00	EX_dhap_e	0.0	0.0	5.49060710638189	primary	optimal
twostage-20260916T061947Z	OV:OVCAR-8	magnitude_g1.00	EX_dmgly_e	0.0	0.0	4.461302137907532	primary	optimal
twostage-20260916T061947Z	OV:OVCAR-8	magnitude_g1.00	EX_duri_e	0.0	0.0	1.8937763103217946	primary	optimal
twostage-20260916T061947Z	OV:OVCAR-8	magnitude_g1.00	EX_ethamp_e	0.0	0.0	6.071678091942608	primary	optimal
twostage-20260916T061947Z	OV:OVCAR-8	magnitude_g1.00	EX_fol_e	-9.999999000000003	-10.0	-1.5987211554602254e-14	primary	optimal
twostage-20260916T061947Z	OV:OVCAR-8	magnitude_g1.00	EX_fum_e	1e-06	0.0	42.64646388685682	primary	optimal
twostage-20260916T061947Z	OV:OVCAR-8	magnitude_g1.00	EX_g3pc_e	0.0	0.0	2.3594196720826597	primary	optimal
twostage-20260916T061947Z	OV:OVCAR-8	magnitude_g1.00	EX_glc__D_e	-10.0	-10.0	-2.882991270641931	primary	optimal
twostage-20260916T061947Z	OV:OVCAR-8	magnitude_g1.00	EX_glcur_e	0.0	0.0	4.0785986972681085	primary	optimal
twostage-20260916T061947Z	OV:OVCAR-8	magnitude_g1.00	EX_gln__L_e	-9.999998999999999	-10.0	6.428037157973083	primary	optimal
twostage-20260916T061947Z	OV:OVCAR-8	magnitude_g1.00	EX_glu__L_e	-9.999999	-10.0	27.410532317696383	primary	optimal
twostage-20260916T061947Z	OV:OVCAR-8	magnitude_g1.00	EX_gly_e	-9.999998999999999	-10.0	30.8516703801174	primary	optimal
twostage-20260916T061947Z	OV:OVCAR-8	magnitude_g1.00	EX_glyald_e	0.0	0.0	12.680910573171756	primary	optimal
twostage-20260916T061947Z	OV:OVCAR-8	magnitude_g1.00	EX_glyb_e	0.0	0.0	10.176184737254099	primary	optimal
twostage-20260916T061947Z	OV:OVCAR-8	magnitude_g1.00	EX_glyc3p_e	0.0	0.0	5.396339397369623	primary	optimal
twostage-20260916T061947Z	OV:OVCAR-8	magnitude_g1.00	EX_gmp_e	0.0	0.0	0.0	primary	optimal
twostage-20260916T061947Z	OV:OVCAR-8	magnitude_g1.00	EX_gthox_e	0.0	0.0	5.605032650589134	primary	optimal
twostage-20260916T061947Z	OV:OVCAR-8	magnitude_g1.00	EX_hcys__L_e	0.0	0.0	5.012184989901366	primary	optimal
twostage-20260916T061947Z	OV:OVCAR-8	magnitude_g1.00	EX_hom__L_e	0.0	0.0	0.0	primary	optimal
twostage-20260916T061947Z	OV:OVCAR-8	magnitude_g1.00	EX_hxan_e	0.0	0.0	1.4529378993354078	primary	optimal
twostage-20260916T061947Z	OV:OVCAR-8	magnitude_g1.00	EX_icit_e	0.0	0.0	32.019771792808356	primary	optimal
twostage-20260916T061947Z	OV:OVCAR-8	magnitude_g1.00	EX_ile__L_e	-9.999999	-10.0	-0.9398300444599919	primary	optimal
twostage-20260916T061947Z	OV:OVCAR-8	magnitude_g1.00	EX_imp_e	0.0	0.0	1.110946440958727	primary	optimal
twostage-20260916T061947Z	OV:OVCAR-8	magnitude_g1.00	EX_ins_e	0.0	0.0	1.102497836952942	primary	optimal
twostage-20260916T061947Z	OV:OVCAR-8	magnitude_g1.00	EX_lac__L_e	-0.999999	-1.0	54.25611458908145	primary	optimal
twostage-20260916T061947Z	OV:OVCAR-8	magnitude_g1.00	EX_lcts_e	0.0	0.0	1.839400577455417	primary	optimal
twostage-20260916T061947Z	OV:OVCAR-8	magnitude_g1.00	EX_leu__L_e	-9.999999	-10.0	-1.7922337326704367	primary	optimal
twostage-20260916T061947Z	OV:OVCAR-8	magnitude_g1.00	EX_lys__L_e	-9.999999	-10.0	-1.9452265708841612	primary	optimal
twostage-20260916T061947Z	OV:OVCAR-8	magnitude_g1.00	EX_mal__L_e	1e-06	0.0	38.37877172081383	primary	optimal
twostage-20260916T061947Z	OV:OVCAR-8	magnitude_g1.00	EX_met__L_e	-9.999999000000003	-10.0	-0.5026982632120713	primary	optimal
twostage-20260916T061947Z	OV:OVCAR-8	magnitude_g1.00	EX_nac_e	0.0	0.0	10.845703440849535	primary	optimal
twostage-20260916T061947Z	OV:OVCAR-8	magnitude_g1.00	EX_ncam_e	-9.999999000000003	-10.0	4.440892098500626e-15	primary	optimal
twostage-20260916T061947Z	OV:OVCAR-8	magnitude_g1.00	EX_nicrnt_e	0.0	0.0	2.718221065078283	primary	optimal
twostage-20260916T061947Z	OV:OVCAR-8	magnitude_g1.00	EX_orn_e	1e-06	0.0	34.7635931782558	primary	optimal
twostage-20260916T061947Z	OV:OVCAR-8	magnitude_g1.00	EX_orot5p_e	0.0	0.0	1.6478647773701047	primary	optimal
twostage-20260916T061947Z	OV:OVCAR-8	magnitude_g1.00	EX_orot_e	0.0	0.0	3.784532985788377	primary	optimal
twostage-20260916T061947Z	OV:OVCAR-8	magnitude_g1.00	EX_oxa_e	0.0	0.0	7.5993016668661815	primary	optimal
twostage-20260916T061947Z	OV:OVCAR-8	magnitude_g1.00	EX_pep_e	0.0	0.0	6.0716780919426645	primary	optimal
twostage-20260916T061947Z	OV:OVCAR-8	magnitude_g1.00	EX_phe__L_e	-9.134547874210607	-10.0	-0.8524036882104147	primary	optimal
twostage-20260916T061947Z	OV:OVCAR-8	magnitude_g1.00	EX_pnto__R_e	-7.606635361805224e-13	-10.0	0.049999999999959854	primary	optimal
twostage-20260916T061947Z	OV:OVCAR-8	magnitude_g1.00	EX_pro__L_e	-1.3551019514221965	-10.0	23.239329698496896	primary	optimal
twostage-20260916T061947Z	OV:OVCAR-8	magnitude_g1.00	EX_quln_e	0.0	0.0	1.3420824036434675	primary	optimal
twostage-20260916T061947Z	OV:OVCAR-8	magnitude_g1.00	EX_sbt__D_e	0.0	0.0	0.0	primary	optimal
twostage-20260916T061947Z	OV:OVCAR-8	magnitude_g1.00	EX_ser__L_e	-10.0	-10.0	3.417002742003965	primary	optimal
twostage-20260916T061947Z	OV:OVCAR-8	magnitude_g1.00	EX_spmd_e	0.0	0.0	1.4314094410425917	primary	optimal
twostage-20260916T061947Z	OV:OVCAR-8	magnitude_g1.00	EX_sprm_e	0.0	0.0	0.7217176425343789	primary	optimal
twostage-20260916T061947Z	OV:OVCAR-8	magnitude_g1.00	EX_srtn_e	0.0	0.0	4.045608066553193	primary	optimal
twostage-20260916T061947Z	OV:OVCAR-8	magnitude_g1.00	EX_succ_e	13.462568264369198	0.0	62.2840400586324	primary	optimal
twostage-20260916T061947Z	OV:OVCAR-8	magnitude_g1.00	EX_sucr_e	0.0	0.0	0.0	primary	optimal
twostage-20260916T061947Z	OV:OVCAR-8	magnitude_g1.00	EX_taur_e	0.0	0.0	3.6170476088396217	primary	optimal
twostage-20260916T061947Z	OV:OVCAR-8	magnitude_g1.00	EX_tchola_e	0.0	0.0	0.7741639847166876	primary	optimal
twostage-20260916T061947Z	OV:OVCAR-8	magnitude_g1.00	EX_thr__L_e	-1.0272564007096083	-10.0	-1.0272564007096383	primary	optimal
twostage-20260916T061947Z	OV:OVCAR-8	magnitude_g1.00	EX_thym_e	0.0	0.0	2.3710098531556016	primary	optimal
twostage-20260916T061947Z	OV:OVCAR-8	magnitude_g1.00	EX_thymd_e	0.0	0.0	1.5924396123200375	primary	optimal
twostage-20260916T061947Z	OV:OVCAR-8	magnitude_g1.00	EX_trp__L_e	-0.043713178124794666	-10.0	-0.0437131781247988	primary	optimal
twostage-20260916T061947Z	OV:OVCAR-8	magnitude_g1.00	EX_tyr__L_e	-0.5245548522744695	-10.0	3.7189432040334007	primary	optimal
twostage-20260916T061947Z	OV:OVCAR-8	magnitude_g1.00	EX_ump_e	0.0	0.0	1.2101837125621744	primary	optimal
twostage-20260916T061947Z	OV:OVCAR-8	magnitude_g1.00	EX_ura_e	0.0	0.0	3.276133589539328	primary	optimal
twostage-20260916T061947Z	OV:OVCAR-8	magnitude_g1.00	EX_urate_e	0.0	0.0	1.3864454592071231	primary	optimal
twostage-20260916T061947Z	OV:OVCAR-8	magnitude_g1.00	EX_uri_e	0.0	0.0	1.9114047107402796	primary	optimal
twostage-20260916T061947Z	OV:OVCAR-8	magnitude_g1.00	EX_val__L_e	-1.1583931498596967	-10.0	-1.1583926498609252	primary	optimal
twostage-20260916T061947Z	OV:OVCAR-8	magnitude_g1.00	EX_xan_e	0.0	0.0	1.4235788643727811	primary	optimal
twostage-20260916T061947Z	OV:OVCAR-8	magnitude_g1.00	EX_xmp_e	0.0	0.0	1.0913693085762306	primary	optimal
twostage-20260916T061947Z	OV:OVCAR-8	magnitude_g1.00	EX_xtsn_e	0.0	0.0	1.0853203748351872	primary	optimal
twostage-20260916T061947Z	OV:SK-OV-3	magnitude_g1.00	EX_2pg_e	0.0	0.0	6.071678091942291	primary	optimal
twostage-20260916T061947Z	OV:SK-OV-3	magnitude_g1.00	EX_34hpp_e	0.0	0.0	12.943672643786385	primary	optimal
twostage-20260916T061947Z	OV:SK-OV-3	magnitude_g1.00	EX_3hanthrn_e	0.0	0.0	1.9737225908660938	primary	optimal
twostage-20260916T061947Z	OV:SK-OV-3	magnitude_g1.00	EX_3pg_e	0.0	0.0	6.071678091942456	primary	optimal
twostage-20260916T061947Z	OV:SK-OV-3	magnitude_g1.00	EX_4abut_e	0.0	0.0	31.85514566874019	primary	optimal
twostage-20260916T061947Z	OV:SK-OV-3	magnitude_g1.00	EX_4hbz_e	0.0	0.0	5.4108390326604265	primary	optimal
twostage-20260916T061947Z	OV:SK-OV-3	magnitude_g1.00	EX_L2aadp_e	0.0	0.0	8.705312179198636	primary	optimal
twostage-20260916T061947Z	OV:SK-OV-3	magnitude_g1.00	EX_Lkynr_e	0.0	0.0	3.9883040242289796	primary	optimal
twostage-20260916T061947Z	OV:SK-OV-3	magnitude_g1.00	EX_acac_e	0.0	0.0	14.260921095875338	primary	optimal
twostage-20260916T061947Z	OV:SK-OV-3	magnitude_g1.00	EX_ade_e	0.0	0.0	1.2287016161512243	primary	optimal
twostage-20260916T061947Z	OV:SK-OV-3	magnitude_g1.00	EX_adn_e	0.0	0.0	0.967262351949246	primary	optimal
twostage-20260916T061947Z	OV:SK-OV-3	magnitude_g1.00	EX_ahcys_e	0.0	0.0	0.9069165431477473	primary	optimal
twostage-20260916T061947Z	OV:SK-OV-3	magnitude_g1.00	EX_akg_e	0.0	0.0	40.18036341538197	primary	optimal
twostage-20260916T061947Z	OV:SK-OV-3	magnitude_g1.00	EX_ala__L_e	1.0000000000000002e-06	0.0	59.650436595124496	primary	optimal
twostage-20260916T061947Z	OV:SK-OV-3	magnitude_g1.00	EX_amp_e	0.0	0.0	0.8063746072994925	primary	optimal
twostage-20260916T061947Z	OV:SK-OV-3	magnitude_g1.00	EX_anth_e	0.0	0.0	3.7284590563010207	primary	optimal
twostage-20260916T061947Z	OV:SK-OV-3	magnitude_g1.00	EX_arg__L_e	-9.999999	-10.0	3.238842041028257	primary	optimal
twostage-20260916T061947Z	OV:SK-OV-3	magnitude_g1.00	EX_asn__L_e	-9.999999	-10.0	7.30677311725928	primary	optimal
twostage-20260916T061947Z	OV:SK-OV-3	magnitude_g1.00	EX_asp__L_e	-9.999999	-10.0	29.553925246311863	primary	optimal
twostage-20260916T061947Z	OV:SK-OV-3	magnitude_g1.00	EX_bilirub_e	0.0	0.0	0.48890792271262246	primary	optimal
twostage-20260916T061947Z	OV:SK-OV-3	magnitude_g1.00	EX_cala_e	0.0	0.0	3.0458067244894678	primary	optimal
twostage-20260916T061947Z	OV:SK-OV-3	magnitude_g1.00	EX_chol_e	-9.999999000000003	-10.0	0.5159378580754643	primary	optimal
twostage-20260916T061947Z	OV:SK-OV-3	magnitude_g1.00	EX_cholp_e	0.0	0.0	6.071678091942401	primary	optimal
twostage-20260916T061947Z	OV:SK-OV-3	magnitude_g1.00	EX_cit_e	0.0	0.0	31.04532622898876	primary	optimal
twostage-20260916T061947Z	OV:SK-OV-3	magnitude_g1.00	EX_citr__L_e	0.0	0.0	16.06005324354591	primary	optimal
twostage-20260916T061947Z	OV:SK-OV-3	magnitude_g1.00	EX_cmp_e	0.0	0.0	0.0	primary	optimal
twostage-20260916T061947Z	OV:SK-OV-3	magnitude_g1.00	EX_crn_e	-0.9999989999999999	-1.0	-1.3433698597964394e-14	primary	optimal
twostage-20260916T061947Z	OV:SK-OV-3	magnitude_g1.00	EX_cyst__L_e	0.0	0.0	3.6550308289167144	primary	optimal
twostage-20260916T061947Z	OV:SK-OV-3	magnitude_g1.00	EX_cytd_e	0.0	0.0	1.8628580505844503	primary	optimal
twostage-20260916T061947Z	OV:SK-OV-3	magnitude_g1.00	EX_dad_2_e	0.0	0.0	0.9595236765950415	primary	optimal
twostage-20260916T061947Z	OV:SK-OV-3	magnitude_g1.00	EX_dcmp_e	0.0	0.0	1.6178321977790961	primary	optimal
twostage-20260916T061947Z	OV:SK-OV-3	magnitude_g1.00	EX_dcyt_e	0.0	0.0	1.9134881922780071	primary	optimal
twostage-20260916T061947Z	OV:SK-OV-3	magnitude_g1.00	EX_dhap_e	0.0	0.0	5.477890903192434	primary	optimal
twostage-20260916T061947Z	OV:SK-OV-3	magnitude_g1.00	EX_dmgly_e	0.0	0.0	4.452545146177894	primary	optimal
twostage-20260916T061947Z	OV:SK-OV-3	magnitude_g1.00	EX_duri_e	0.0	0.0	1.8763748922507122	primary	optimal
twostage-20260916T061947Z	OV:SK-OV-3	magnitude_g1.00	EX_ethamp_e	0.0	0.0	6.071678091942613	primary	optimal
twostage-20260916T061947Z	OV:SK-OV-3	magnitude_g1.00	EX_fol_e	-9.999999	-10.0	0.0	primary	optimal
twostage-20260916T061947Z	OV:SK-OV-3	magnitude_g1.00	EX_fum_e	0.0	0.0	42.6429924511676	primary	optimal
twostage-20260916T061947Z	OV:SK-OV-3	magnitude_g1.00	EX_g3pc_e	0.0	0.0	2.3568707004851808	primary	optimal
twostage-20260916T061947Z	OV:SK-OV-3	magnitude_g1.00	EX_glc__D_e	-10.0	-10.0	-2.8901933334538343	primary	optimal
twostage-20260916T061947Z	OV:SK-OV-3	magnitude_g1.00	EX_glcur_e	0.0	0.0	4.02922939174135	primary	optimal
twostage-20260916T061947Z	OV:SK-OV-3	magnitude_g1.00	EX_gln__L_e	-9.999999000000003	-10.0	6.475938046009615	primary	optimal
twostage-20260916T061947Z	OV:SK-OV-3	magnitude_g1.00	EX_glu__L_e	-9.999999	-10.0	28.086386853381104	primary	optimal
twostage-20260916T061947Z	OV:SK-OV-3	magnitude_g1.00	EX_gly_e	-9.999999	-10.0	31.201086138363088	primary	optimal
twostage-20260916T061947Z	OV:SK-OV-3	magnitude_g1.00	EX_glyald_e	0.0	0.0	12.5832951776518	primary	optimal
twostage-20260916T061947Z	OV:SK-OV-3	magnitude_g1.00	EX_glyb_e	0.0	0.0	10.14895816400123	primary	optimal
twostage-20260916T061947Z	OV:SK-OV-3	magnitude_g1.00	EX_glyc3p_e	0.0	0.0	5.371476220612279	primary	optimal
twostage-20260916T061947Z	OV:SK-OV-3	magnitude_g1.00	EX_gmp_e	0.0	0.0	0.0	primary	optimal
twostage-20260916T061947Z	OV:SK-OV-3	magnitude_g1.00	EX_gthox_e	0.0	0.0	5.615981172403218	primary	optimal
twostage-20260916T061947Z	OV:SK-OV-3	magnitude_g1.00	EX_hcys__L_e	0.0	0.0	4.985240220005036	primary	optimal
twostage-20260916T061947Z	OV:SK-OV-3	magnitude_g1.00	EX_hom__L_e	0.0	0.0	0.0	primary	optimal
twostage-20260916T061947Z	OV:SK-OV-3	magnitude_g1.00	EX_hxan_e	0.0	0.0	1.4381642856254995	primary	optimal
twostage-20260916T061947Z	OV:SK-OV-3	magnitude_g1.00	EX_icit_e	0.0	0.0	32.1437389464981	primary	optimal
twostage-20260916T061947Z	OV:SK-OV-3	magnitude_g1.00	EX_ile__L_e	-9.999999	-10.0	-0.9398300444600132	primary	optimal
twostage-20260916T061947Z	OV:SK-OV-3	magnitude_g1.00	EX_imp_e	0.0	0.0	1.1015808809744094	primary	optimal
twostage-20260916T061947Z	OV:SK-OV-3	magnitude_g1.00	EX_ins_e	0.0	0.0	1.0924006834350197	primary	optimal
twostage-20260916T061947Z	OV:SK-OV-3	magnitude_g1.00	EX_lac__L_e	-0.999999	-1.0	54.256114589081804	primary	optimal
twostage-20260916T061947Z	OV:SK-OV-3	magnitude_g1.00	EX_lcts_e	0.0	0.0	1.831874103347193	primary	optimal
twostage-20260916T061947Z	OV:SK-OV-3	magnitude_g1.00	EX_leu__L_e	-9.999999	-10.0	-1.7922337326704465	primary	optimal
twostage-20260916T061947Z	OV:SK-OV-3	magnitude_g1.00	EX_lys__L_e	-9.999999000000003	-10.0	-1.945226570884202	primary	optimal
twostage-20260916T061947Z	OV:SK-OV-3	magnitude_g1.00	EX_mal__L_e	1e-06	0.0	38.378771720812665	primary	optimal
twostage-20260916T061947Z	OV:SK-OV-3	magnitude_g1.00	EX_met__L_e	-9.999999	-10.0	-0.5026982632120713	primary	optimal
twostage-20260916T061947Z	OV:SK-OV-3	magnitude_g1.00	EX_nac_e	4.409194339070129e-15	0.0	10.83320561467097	primary	optimal
twostage-20260916T061947Z	OV:SK-OV-3	magnitude_g1.00	EX_ncam_e	-9.999999	-10.0	0.0	primary	optimal
twostage-20260916T061947Z	OV:SK-OV-3	magnitude_g1.00	EX_nicrnt_e	0.0	0.0	2.705575216511253	primary	optimal
twostage-20260916T061947Z	OV:SK-OV-3	magnitude_g1.00	EX_orn_e	1e-06	0.0	34.554771368085284	primary	optimal
twostage-20260916T061947Z	OV:SK-OV-3	magnitude_g1.00	EX_orot5p_e	0.0	0.0	1.6370547487411136	primary	optimal
twostage-20260916T061947Z	OV:SK-OV-3	magnitude_g1.00	EX_orot_e	0.0	0.0	3.768216318249501	primary	optimal
twostage-20260916T061947Z	OV:SK-OV-3	magnitude_g1.00	EX_oxa_e	0.0	0.0	7.572546564339452	primary	optimal
twostage-20260916T061947Z	OV:SK-OV-3	magnitude_g1.00	EX_pep_e	0.0	0.0	6.071678091942297	primary	optimal
twostage-20260916T061947Z	OV:SK-OV-3	magnitude_g1.00	EX_phe__L_e	-9.134547874217931	-10.0	-0.8524036882104298	primary	optimal
twostage-20260916T061947Z	OV:SK-OV-3	magnitude_g1.00	EX_pnto__R_e	3.417730777047258e-12	-10.0	0.049999999999998934	primary	optimal
twostage-20260916T061947Z	OV:SK-OV-3	magnitude_g1.00	EX_pro__L_e	-1.3551019514222047	-10.0	23.23675805620774	primary	optimal
twostage-20260916T061947Z	OV:SK-OV-3	magnitude_g1.00	EX_quln_e	0.0	0.0	1.3295188527056037	primary	optimal
twostage-20260916T061947Z	OV:SK-OV-3	magnitude_g1.00	EX_sbt__D_e	0.0	0.0	0.0	primary	optimal
twostage-20260916T061947Z	OV:SK-OV-3	magnitude_g1.00	EX_ser__L_e	-10.0	-10.0	3.426797820934014	primary	optimal
twostage-20260916T061947Z	OV:SK-OV-3	magnitude_g1.00	EX_spmd_e	0.0	0.0	1.4092925344725198	primary	optimal
twostage-20260916T061947Z	OV:SK-OV-3	magnitude_g1.00	EX_sprm_e	0.0	0.0	0.710751136279346	primary	optimal
twostage-20260916T061947Z	OV:SK-OV-3	magnitude_g1.00	EX_srtn_e	0.0	0.0	4.0091367583325574	primary	optimal
twostage-20260916T061947Z	OV:SK-OV-3	magnitude_g1.00	EX_succ_e	13.462568264378609	0.0	62.284040058632925	primary	optimal
twostage-20260916T061947Z	OV:SK-OV-3	magnitude_g1.00	EX_sucr_e	0.0	0.0	0.0	primary	optimal
twostage-20260916T061947Z	OV:SK-OV-3	magnitude_g1.00	EX_taur_e	0.0	0.0	3.587948615893433	primary	optimal
twostage-20260916T061947Z	OV:SK-OV-3	magnitude_g1.00	EX_tchola_e	0.0	0.0	0.76554619827875	primary	optimal
twostage-20260916T061947Z	OV:SK-OV-3	magnitude_g1.00	EX_thr__L_e	-1.0272564007096083	-10.0	-1.0272564007096037	primary	optimal
twostage-20260916T061947Z	OV:SK-OV-3	magnitude_g1.00	EX_thym_e	0.0	0.0	2.343118640626734	primary	optimal
twostage-20260916T061947Z	OV:SK-OV-3	magnitude_g1.00	EX_thymd_e	0.0	0.0	1.5750746182715385	primary	optimal
twostage-20260916T061947Z	OV:SK-OV-3	magnitude_g1.00	EX_trp__L_e	-0.04371317812479468	-10.0	-0.04371317812479525	primary	optimal
twostage-20260916T061947Z	OV:SK-OV-3	magnitude_g1.00	EX_tyr__L_e	-0.5245548522744694	-10.0	3.6670522944229886	primary	optimal
twostage-20260916T061947Z	OV:SK-OV-3	magnitude_g1.00	EX_ump_e	0.0	0.0	1.2022295048146472	primary	optimal
twostage-20260916T061947Z	OV:SK-OV-3	magnitude_g1.00	EX_ura_e	0.0	0.0	3.237254070798695	primary	optimal
twostage-20260916T061947Z	OV:SK-OV-3	magnitude_g1.00	EX_urate_e	0.0	0.0	1.3743139866821228	primary	optimal
twostage-20260916T061947Z	OV:SK-OV-3	magnitude_g1.00	EX_uri_e	0.0	0.0	1.893307053750376	primary	optimal
twostage-20260916T061947Z	OV:SK-OV-3	magnitude_g1.00	EX_val__L_e	-1.158393149861161	-10.0	-1.1583926498609376	primary	optimal
twostage-20260916T061947Z	OV:SK-OV-3	magnitude_g1.00	EX_xan_e	0.0	0.0	1.410268832781631	primary	optimal
twostage-20260916T061947Z	OV:SK-OV-3	magnitude_g1.00	EX_xmp_e	0.0	0.0	1.0823133708968102	primary	optimal
twostage-20260916T061947Z	OV:SK-OV-3	magnitude_g1.00	EX_xtsn_e	0.0	0.0	1.0755219079709026	primary	optimal
twostage-20260916T061947Z	PR:DU-145	magnitude_g1.00	EX_2pg_e	0.0	0.0	6.071678091942477	primary	optimal
twostage-20260916T061947Z	PR:DU-145	magnitude_g1.00	EX_34hpp_e	0.0	0.0	12.961881714155272	primary	optimal
twostage-20260916T061947Z	PR:DU-145	magnitude_g1.00	EX_3hanthrn_e	0.0	0.0	1.970138770057295	primary	optimal
twostage-20260916T061947Z	PR:DU-145	magnitude_g1.00	EX_3pg_e	0.0	0.0	6.071678091942495	primary	optimal
twostage-20260916T061947Z	PR:DU-145	magnitude_g1.00	EX_4abut_e	0.0	0.0	31.60664900037227	primary	optimal
twostage-20260916T061947Z	PR:DU-145	magnitude_g1.00	EX_4hbz_e	0.0	0.0	5.408620417294829	primary	optimal
twostage-20260916T061947Z	PR:DU-145	magnitude_g1.00	EX_L2aadp_e	0.0	0.0	8.732308313935249	primary	optimal
twostage-20260916T061947Z	PR:DU-145	magnitude_g1.00	EX_Lkynr_e	0.0	0.0	3.9773184435326763	primary	optimal
twostage-20260916T061947Z	PR:DU-145	magnitude_g1.00	EX_acac_e	0.0	0.0	14.06762792742364	primary	optimal
twostage-20260916T061947Z	PR:DU-145	magnitude_g1.00	EX_ade_e	0.0	0.0	1.2241085860023948	primary	optimal
twostage-20260916T061947Z	PR:DU-145	magnitude_g1.00	EX_adn_e	0.0	0.0	0.9629438250132244	primary	optimal
twostage-20260916T061947Z	PR:DU-145	magnitude_g1.00	EX_ahcys_e	0.0	0.0	0.9019905614535308	primary	optimal
twostage-20260916T061947Z	PR:DU-145	magnitude_g1.00	EX_akg_e	0.0	0.0	39.87587860845371	primary	optimal
twostage-20260916T061947Z	PR:DU-145	magnitude_g1.00	EX_ala__L_e	1e-06	0.0	59.513117159328765	primary	optimal
twostage-20260916T061947Z	PR:DU-145	magnitude_g1.00	EX_amp_e	0.0	0.0	0.8024737468872548	primary	optimal
twostage-20260916T061947Z	PR:DU-145	magnitude_g1.00	EX_anth_e	0.0	0.0	3.7213164200305138	primary	optimal
twostage-20260916T061947Z	PR:DU-145	magnitude_g1.00	EX_arg__L_e	-9.999998999999999	-10.0	3.2052620784133503	primary	optimal
twostage-20260916T061947Z	PR:DU-145	magnitude_g1.00	EX_asn__L_e	-9.999999000000003	-10.0	7.3335980003448205	primary	optimal
twostage-20260916T061947Z	PR:DU-145	magnitude_g1.00	EX_asp__L_e	-9.999999000000003	-10.0	29.635183372067967	primary	optimal
twostage-20260916T061947Z	PR:DU-145	magnitude_g1.00	EX_bilirub_e	0.0	0.0	0.49026664498868694	primary	optimal
twostage-20260916T061947Z	PR:DU-145	magnitude_g1.00	EX_cala_e	0.0	0.0	3.04137663471372	primary	optimal
twostage-20260916T061947Z	PR:DU-145	magnitude_g1.00	EX_chol_e	-9.999999	-10.0	0.5249316458567485	primary	optimal
twostage-20260916T061947Z	PR:DU-145	magnitude_g1.00	EX_cholp_e	0.0	0.0	6.0716780919424425	primary	optimal
twostage-20260916T061947Z	PR:DU-145	magnitude_g1.00	EX_cit_e	0.0	0.0	31.04532622898938	primary	optimal
twostage-20260916T061947Z	PR:DU-145	magnitude_g1.00	EX_citr__L_e	0.0	0.0	15.98607409983811	primary	optimal
twostage-20260916T061947Z	PR:DU-145	magnitude_g1.00	EX_cmp_e	0.0	0.0	0.0	primary	optimal
twostage-20260916T061947Z	PR:DU-145	magnitude_g1.00	EX_crn_e	-0.9999989999999999	-1.0	2.220446049250313e-16	primary	optimal
twostage-20260916T061947Z	PR:DU-145	magnitude_g1.00	EX_cyst__L_e	0.0	0.0	3.648811599632676	primary	optimal
twostage-20260916T061947Z	PR:DU-145	magnitude_g1.00	EX_cytd_e	0.0	0.0	1.8570113247117093	primary	optimal
twostage-20260916T061947Z	PR:DU-145	magnitude_g1.00	EX_dad_2_e	0.0	0.0	0.9556014493166564	primary	optimal
twostage-20260916T061947Z	PR:DU-145	magnitude_g1.00	EX_dcmp_e	0.0	0.0	1.6105339105375605	primary	optimal
twostage-20260916T061947Z	PR:DU-145	magnitude_g1.00	EX_dcyt_e	0.0	0.0	1.9097542055328103	primary	optimal
twostage-20260916T061947Z	PR:DU-145	magnitude_g1.00	EX_dhap_e	0.0	0.0	5.437827123455598	primary	optimal
twostage-20260916T061947Z	PR:DU-145	magnitude_g1.00	EX_dmgly_e	0.0	0.0	4.435730432997161	primary	optimal
twostage-20260916T061947Z	PR:DU-145	magnitude_g1.00	EX_duri_e	0.0	0.0	1.8711856240642721	primary	optimal
twostage-20260916T061947Z	PR:DU-145	magnitude_g1.00	EX_ethamp_e	0.0	0.0	6.071678091942423	primary	optimal
twostage-20260916T061947Z	PR:DU-145	magnitude_g1.00	EX_fol_e	-9.999999	-10.0	1.0658141036401503e-14	primary	optimal
twostage-20260916T061947Z	PR:DU-145	magnitude_g1.00	EX_fum_e	0.0	0.0	42.62746880782135	primary	optimal
twostage-20260916T061947Z	PR:DU-145	magnitude_g1.00	EX_g3pc_e	0.0	0.0	2.347885660816008	primary	optimal
twostage-20260916T061947Z	PR:DU-145	magnitude_g1.00	EX_glc__D_e	-10.0	-10.0	-3.0130296972324464	primary	optimal
twostage-20260916T061947Z	PR:DU-145	magnitude_g1.00	EX_glcur_e	0.0	0.0	4.0237624772291065	primary	optimal
twostage-20260916T061947Z	PR:DU-145	magnitude_g1.00	EX_gln__L_e	-9.999999	-10.0	6.4178716081327565	primary	optimal
twostage-20260916T061947Z	PR:DU-145	magnitude_g1.00	EX_glu__L_e	-9.999999000000003	-10.0	27.62728528112007	primary	optimal
twostage-20260916T061947Z	PR:DU-145	magnitude_g1.00	EX_gly_e	-9.999999	-10.0	30.777399967496358	primary	optimal
twostage-20260916T061947Z	PR:DU-145	magnitude_g1.00	EX_glyald_e	0.0	0.0	12.486005771568758	primary	optimal
twostage-20260916T061947Z	PR:DU-145	magnitude_g1.00	EX_glyb_e	0.0	0.0	10.163835235018958	primary	optimal
twostage-20260916T061947Z	PR:DU-145	magnitude_g1.00	EX_glyc3p_e	0.0	0.0	5.345737472474479	primary	optimal
twostage-20260916T061947Z	PR:DU-145	magnitude_g1.00	EX_gmp_e	0.0	0.0	0.0	primary	optimal
twostage-20260916T061947Z	PR:DU-145	magnitude_g1.00	EX_gthox_e	0.0	0.0	5.60314754894003	primary	optimal
twostage-20260916T061947Z	PR:DU-145	magnitude_g1.00	EX_hcys__L_e	0.0	0.0	4.975287593600096	primary	optimal
twostage-20260916T061947Z	PR:DU-145	magnitude_g1.00	EX_hom__L_e	0.0	0.0	0.0	primary	optimal
twostage-20260916T061947Z	PR:DU-145	magnitude_g1.00	EX_hxan_e	0.0	0.0	1.4318577600948197	primary	optimal
twostage-20260916T061947Z	PR:DU-145	magnitude_g1.00	EX_icit_e	0.0	0.0	32.0108023290114	primary	optimal
twostage-20260916T061947Z	PR:DU-145	magnitude_g1.00	EX_ile__L_e	-9.999999000000003	-10.0	-0.9398300444600247	primary	optimal
twostage-20260916T061947Z	PR:DU-145	magnitude_g1.00	EX_imp_e	0.0	0.0	1.095010812885077	primary	optimal
twostage-20260916T061947Z	PR:DU-145	magnitude_g1.00	EX_ins_e	0.0	0.0	1.0869123920809585	primary	optimal
twostage-20260916T061947Z	PR:DU-145	magnitude_g1.00	EX_lac__L_e	-0.9999990000000001	-1.0	54.25611458908099	primary	optimal
twostage-20260916T061947Z	PR:DU-145	magnitude_g1.00	EX_lcts_e	0.0	0.0	1.8190056184964707	primary	optimal
twostage-20260916T061947Z	PR:DU-145	magnitude_g1.00	EX_leu__L_e	-9.999999000000003	-10.0	-1.7922337326704607	primary	optimal
twostage-20260916T061947Z	PR:DU-145	magnitude_g1.00	EX_lys__L_e	-9.999999	-10.0	-1.9452265708841612	primary	optimal
twostage-20260916T061947Z	PR:DU-145	magnitude_g1.00	EX_mal__L_e	1e-06	0.0	38.37877172081358	primary	optimal
twostage-20260916T061947Z	PR:DU-145	magnitude_g1.00	EX_met__L_e	-9.999999	-10.0	-0.5026982632120713	primary	optimal
twostage-20260916T061947Z	PR:DU-145	magnitude_g1.00	EX_nac_e	0.0	0.0	10.822081917180338	primary	optimal
twostage-20260916T061947Z	PR:DU-145	magnitude_g1.00	EX_ncam_e	-9.999999000000003	-10.0	8.881784197001252e-16	primary	optimal
twostage-20260916T061947Z	PR:DU-145	magnitude_g1.00	EX_nicrnt_e	0.0	0.0	2.6923710317818346	primary	optimal
twostage-20260916T061947Z	PR:DU-145	magnitude_g1.00	EX_orn_e	1e-06	0.0	34.58995778477255	primary	optimal
twostage-20260916T061947Z	PR:DU-145	magnitude_g1.00	EX_orot5p_e	0.0	0.0	1.629307729009798	primary	optimal
twostage-20260916T061947Z	PR:DU-145	magnitude_g1.00	EX_orot_e	0.0	0.0	3.7459135094627007	primary	optimal
twostage-20260916T061947Z	PR:DU-145	magnitude_g1.00	EX_oxa_e	0.0	0.0	7.540078578322631	primary	optimal
twostage-20260916T061947Z	PR:DU-145	magnitude_g1.00	EX_pep_e	0.0	0.0	6.071678091942339	primary	optimal
twostage-20260916T061947Z	PR:DU-145	magnitude_g1.00	EX_phe__L_e	-9.134547874212734	-10.0	-0.8524036882103925	primary	optimal
twostage-20260916T061947Z	PR:DU-145	magnitude_g1.00	EX_pnto__R_e	1.4904330359644146e-12	-10.0	0.0500000000000016	primary	optimal
twostage-20260916T061947Z	PR:DU-145	magnitude_g1.00	EX_pro__L_e	-1.355101951422805	-10.0	23.233735022343403	primary	optimal
twostage-20260916T061947Z	PR:DU-145	magnitude_g1.00	EX_quln_e	0.0	0.0	1.3264205576172217	primary	optimal
twostage-20260916T061947Z	PR:DU-145	magnitude_g1.00	EX_sbt__D_e	0.0	0.0	0.0	primary	optimal
twostage-20260916T061947Z	PR:DU-145	magnitude_g1.00	EX_ser__L_e	-10.0	-10.0	3.266483397605397	primary	optimal
twostage-20260916T061947Z	PR:DU-145	magnitude_g1.00	EX_spmd_e	0.0	0.0	1.4138730390020964	primary	optimal
twostage-20260916T061947Z	PR:DU-145	magnitude_g1.00	EX_sprm_e	0.0	0.0	0.7128336548120953	primary	optimal
twostage-20260916T061947Z	PR:DU-145	magnitude_g1.00	EX_srtn_e	0.0	0.0	3.9986595082444274	primary	optimal
twostage-20260916T061947Z	PR:DU-145	magnitude_g1.00	EX_succ_e	13.462568264438376	0.0	62.267201857744915	primary	optimal
twostage-20260916T061947Z	PR:DU-145	magnitude_g1.00	EX_sucr_e	0.0	0.0	0.0	primary	optimal
twostage-20260916T061947Z	PR:DU-145	magnitude_g1.00	EX_taur_e	0.0	0.0	3.577795623263811	primary	optimal
twostage-20260916T061947Z	PR:DU-145	magnitude_g1.00	EX_tchola_e	0.0	0.0	0.7641410705413945	primary	optimal
twostage-20260916T061947Z	PR:DU-145	magnitude_g1.00	EX_thr__L_e	-1.0272564007096083	-10.0	-1.0272564007096197	primary	optimal
twostage-20260916T061947Z	PR:DU-145	magnitude_g1.00	EX_thym_e	0.0	0.0	2.3544906447859426	primary	optimal
twostage-20260916T061947Z	PR:DU-145	magnitude_g1.00	EX_thymd_e	0.0	0.0	1.5746030244109814	primary	optimal
twostage-20260916T061947Z	PR:DU-145	magnitude_g1.00	EX_trp__L_e	-0.04371317812479467	-10.0	-0.04371317812479525	primary	optimal
twostage-20260916T061947Z	PR:DU-145	magnitude_g1.00	EX_tyr__L_e	-0.5245548522744694	-10.0	3.661569122735465	primary	optimal
twostage-20260916T061947Z	PR:DU-145	magnitude_g1.00	EX_ump_e	0.0	0.0	1.1975643716410536	primary	optimal
twostage-20260916T061947Z	PR:DU-145	magnitude_g1.00	EX_ura_e	0.0	0.0	3.2520510322570324	primary	optimal
twostage-20260916T061947Z	PR:DU-145	magnitude_g1.00	EX_urate_e	0.0	0.0	1.3667691620001805	primary	optimal
twostage-20260916T061947Z	PR:DU-145	magnitude_g1.00	EX_uri_e	0.0	0.0	1.8899095238851806	primary	optimal
twostage-20260916T061947Z	PR:DU-145	magnitude_g1.00	EX_val__L_e	-1.1583931498926867	-10.0	-1.1583926498609163	primary	optimal
twostage-20260916T061947Z	PR:DU-145	magnitude_g1.00	EX_xan_e	0.0	0.0	1.4031665137424927	primary	optimal
twostage-20260916T061947Z	PR:DU-145	magnitude_g1.00	EX_xmp_e	0.0	0.0	1.0757053103023502	primary	optimal
twostage-20260916T061947Z	PR:DU-145	magnitude_g1.00	EX_xtsn_e	0.0	0.0	1.069503898724378	primary	optimal
twostage-20260916T061947Z	PR:PC-3	magnitude_g1.00	EX_2pg_e	0.0	0.0	6.0716780919425375	primary	optimal
twostage-20260916T061947Z	PR:PC-3	magnitude_g1.00	EX_34hpp_e	0.0	0.0	12.937529264221052	primary	optimal
twostage-20260916T061947Z	PR:PC-3	magnitude_g1.00	EX_3hanthrn_e	0.0	0.0	1.9659302070591973	primary	optimal
twostage-20260916T061947Z	PR:PC-3	magnitude_g1.00	EX_3pg_e	0.0	0.0	6.071678091942428	primary	optimal
twostage-20260916T061947Z	PR:PC-3	magnitude_g1.00	EX_4abut_e	0.0	0.0	31.8058122868078	primary	optimal
twostage-20260916T061947Z	PR:PC-3	magnitude_g1.00	EX_4hbz_e	0.0	0.0	5.400809706012038	primary	optimal
twostage-20260916T061947Z	PR:PC-3	magnitude_g1.00	EX_L2aadp_e	0.0	0.0	8.689503110286903	primary	optimal
twostage-20260916T061947Z	PR:PC-3	magnitude_g1.00	EX_Lkynr_e	0.0	0.0	3.9775941133464787	primary	optimal
twostage-20260916T061947Z	PR:PC-3	magnitude_g1.00	EX_acac_e	0.0	0.0	14.305809702882401	primary	optimal
twostage-20260916T061947Z	PR:PC-3	magnitude_g1.00	EX_ade_e	0.0	0.0	1.2231627707027446	primary	optimal
twostage-20260916T061947Z	PR:PC-3	magnitude_g1.00	EX_adn_e	0.0	0.0	0.9619467179406569	primary	optimal
twostage-20260916T061947Z	PR:PC-3	magnitude_g1.00	EX_ahcys_e	0.0	0.0	0.9008498109476745	primary	optimal
twostage-20260916T061947Z	PR:PC-3	magnitude_g1.00	EX_akg_e	0.0	0.0	40.05892196493581	primary	optimal
twostage-20260916T061947Z	PR:PC-3	magnitude_g1.00	EX_ala__L_e	1e-06	0.0	58.82248745295158	primary	optimal
twostage-20260916T061947Z	PR:PC-3	magnitude_g1.00	EX_amp_e	0.0	0.0	0.801169437311007	primary	optimal
twostage-20260916T061947Z	PR:PC-3	magnitude_g1.00	EX_anth_e	0.0	0.0	3.713838788964453	primary	optimal
twostage-20260916T061947Z	PR:PC-3	magnitude_g1.00	EX_arg__L_e	-9.999999	-10.0	3.2252506173248863	primary	optimal
twostage-20260916T061947Z	PR:PC-3	magnitude_g1.00	EX_asn__L_e	-9.999999	-10.0	7.351380816367946	primary	optimal
twostage-20260916T061947Z	PR:PC-3	magnitude_g1.00	EX_asp__L_e	-9.999999	-10.0	29.701757262791702	primary	optimal
twostage-20260916T061947Z	PR:PC-3	magnitude_g1.00	EX_bilirub_e	0.0	0.0	0.4887190506105004	primary	optimal
twostage-20260916T061947Z	PR:PC-3	magnitude_g1.00	EX_cala_e	0.0	0.0	3.0240303809257694	primary	optimal
twostage-20260916T061947Z	PR:PC-3	magnitude_g1.00	EX_chol_e	-9.999999	-10.0	0.5242578639558692	primary	optimal
twostage-20260916T061947Z	PR:PC-3	magnitude_g1.00	EX_cholp_e	0.0	0.0	6.0716780919425455	primary	optimal
twostage-20260916T061947Z	PR:PC-3	magnitude_g1.00	EX_cit_e	0.0	0.0	31.045326228991467	primary	optimal
twostage-20260916T061947Z	PR:PC-3	magnitude_g1.00	EX_citr__L_e	0.0	0.0	16.005382678016126	primary	optimal
twostage-20260916T061947Z	PR:PC-3	magnitude_g1.00	EX_cmp_e	0.0	0.0	0.0	primary	optimal
twostage-20260916T061947Z	PR:PC-3	magnitude_g1.00	EX_crn_e	-0.9999989999999999	-1.0	-2.220446049250313e-16	primary	optimal
twostage-20260916T061947Z	PR:PC-3	magnitude_g1.00	EX_cyst__L_e	0.0	0.0	3.6459872944914014	primary	optimal
twostage-20260916T061947Z	PR:PC-3	magnitude_g1.00	EX_cytd_e	0.0	0.0	1.8480841220247015	primary	optimal
twostage-20260916T061947Z	PR:PC-3	magnitude_g1.00	EX_dad_2_e	0.0	0.0	0.9541055909160676	primary	optimal
twostage-20260916T061947Z	PR:PC-3	magnitude_g1.00	EX_dcmp_e	0.0	0.0	1.601313456425144	primary	optimal
twostage-20260916T061947Z	PR:PC-3	magnitude_g1.00	EX_dcyt_e	0.0	0.0	1.8982997914959474	primary	optimal
twostage-20260916T061947Z	PR:PC-3	magnitude_g1.00	EX_dhap_e	0.0	0.0	5.414270625520878	primary	optimal
twostage-20260916T061947Z	PR:PC-3	magnitude_g1.00	EX_dmgly_e	0.0	0.0	4.421869369834006	primary	optimal
twostage-20260916T061947Z	PR:PC-3	magnitude_g1.00	EX_duri_e	0.0	0.0	1.8621641590016502	primary	optimal
twostage-20260916T061947Z	PR:PC-3	magnitude_g1.00	EX_ethamp_e	0.0	0.0	6.071678091942573	primary	optimal
twostage-20260916T061947Z	PR:PC-3	magnitude_g1.00	EX_fol_e	-9.999999	-10.0	-8.881784197001252e-15	primary	optimal
twostage-20260916T061947Z	PR:PC-3	magnitude_g1.00	EX_fum_e	1e-06	0.0	42.64492616099841	primary	optimal
twostage-20260916T061947Z	PR:PC-3	magnitude_g1.00	EX_g3pc_e	0.0	0.0	2.339040587318293	primary	optimal
twostage-20260916T061947Z	PR:PC-3	magnitude_g1.00	EX_glc__D_e	-10.0	-10.0	-3.006279975497036	primary	optimal
twostage-20260916T061947Z	PR:PC-3	magnitude_g1.00	EX_glcur_e	0.0	0.0	4.0155853121568	primary	optimal
twostage-20260916T061947Z	PR:PC-3	magnitude_g1.00	EX_gln__L_e	-9.999999000000003	-10.0	6.47317721872093	primary	optimal
twostage-20260916T061947Z	PR:PC-3	magnitude_g1.00	EX_glu__L_e	-9.999999000000003	-10.0	27.53656533519902	primary	optimal
twostage-20260916T061947Z	PR:PC-3	magnitude_g1.00	EX_gly_e	-9.999999000000003	-10.0	31.106830183463206	primary	optimal
twostage-20260916T061947Z	PR:PC-3	magnitude_g1.00	EX_glyald_e	0.0	0.0	12.489066217117752	primary	optimal
twostage-20260916T061947Z	PR:PC-3	magnitude_g1.00	EX_glyb_e	0.0	0.0	10.161282425513306	primary	optimal
twostage-20260916T061947Z	PR:PC-3	magnitude_g1.00	EX_glyc3p_e	0.0	0.0	5.3137061332990365	primary	optimal
twostage-20260916T061947Z	PR:PC-3	magnitude_g1.00	EX_gmp_e	0.0	0.0	0.0	primary	optimal
twostage-20260916T061947Z	PR:PC-3	magnitude_g1.00	EX_gthox_e	0.0	0.0	5.594497191604707	primary	optimal
twostage-20260916T061947Z	PR:PC-3	magnitude_g1.00	EX_hcys__L_e	0.0	0.0	4.96290110247239	primary	optimal
twostage-20260916T061947Z	PR:PC-3	magnitude_g1.00	EX_hom__L_e	0.0	0.0	0.0	primary	optimal
twostage-20260916T061947Z	PR:PC-3	magnitude_g1.00	EX_hxan_e	0.0	0.0	1.433851897949354	primary	optimal
twostage-20260916T061947Z	PR:PC-3	magnitude_g1.00	EX_icit_e	0.0	0.0	31.77645808308191	primary	optimal
twostage-20260916T061947Z	PR:PC-3	magnitude_g1.00	EX_ile__L_e	-9.999999	-10.0	-0.9398300444600043	primary	optimal
twostage-20260916T061947Z	PR:PC-3	magnitude_g1.00	EX_imp_e	0.0	0.0	1.0956320350018665	primary	optimal
twostage-20260916T061947Z	PR:PC-3	magnitude_g1.00	EX_ins_e	0.0	0.0	1.0871488307040278	primary	optimal
twostage-20260916T061947Z	PR:PC-3	magnitude_g1.00	EX_lac__L_e	-0.9999989999999999	-1.0	54.256114589080646	primary	optimal
twostage-20260916T061947Z	PR:PC-3	magnitude_g1.00	EX_lcts_e	0.0	0.0	1.806437746406777	primary	optimal
twostage-20260916T061947Z	PR:PC-3	magnitude_g1.00	EX_leu__L_e	-9.999999	-10.0	-1.7922337326704447	primary	optimal
twostage-20260916T061947Z	PR:PC-3	magnitude_g1.00	EX_lys__L_e	-9.999999	-10.0	-1.945226570884163	primary	optimal
twostage-20260916T061947Z	PR:PC-3	magnitude_g1.00	EX_mal__L_e	1e-06	0.0	38.3787717208123	primary	optimal
twostage-20260916T061947Z	PR:PC-3	magnitude_g1.00	EX_met__L_e	-9.999999000000003	-10.0	-0.5026982632120713	primary	optimal
twostage-20260916T061947Z	PR:PC-3	magnitude_g1.00	EX_nac_e	0.0	0.0	10.81528832115828	primary	optimal
twostage-20260916T061947Z	PR:PC-3	magnitude_g1.00	EX_ncam_e	-9.999998999999999	-10.0	1.7763568394002505e-15	primary	optimal
twostage-20260916T061947Z	PR:PC-3	magnitude_g1.00	EX_nicrnt_e	0.0	0.0	2.6861890339137924	primary	optimal
twostage-20260916T061947Z	PR:PC-3	magnitude_g1.00	EX_orn_e	1e-06	0.0	34.67704633003203	primary	optimal
twostage-20260916T061947Z	PR:PC-3	magnitude_g1.00	EX_orot5p_e	0.0	0.0	1.6231478790431357	primary	optimal
twostage-20260916T061947Z	PR:PC-3	magnitude_g1.00	EX_orot_e	0.0	0.0	3.7219454170274733	primary	optimal
twostage-20260916T061947Z	PR:PC-3	magnitude_g1.00	EX_oxa_e	0.0	0.0	7.544534287254074	primary	optimal
twostage-20260916T061947Z	PR:PC-3	magnitude_g1.00	EX_pep_e	0.0	0.0	6.071678091942326	primary	optimal
twostage-20260916T061947Z	PR:PC-3	magnitude_g1.00	EX_phe__L_e	-9.134547874211679	-10.0	-0.8524036882104262	primary	optimal
twostage-20260916T061947Z	PR:PC-3	magnitude_g1.00	EX_pnto__R_e	-2.2701591877480565e-12	-10.0	0.049999999999993605	primary	optimal
twostage-20260916T061947Z	PR:PC-3	magnitude_g1.00	EX_pro__L_e	-1.3551019514197422	-10.0	22.958185053099953	primary	optimal
twostage-20260916T061947Z	PR:PC-3	magnitude_g1.00	EX_quln_e	0.0	0.0	1.3267801320759869	primary	optimal
twostage-20260916T061947Z	PR:PC-3	magnitude_g1.00	EX_sbt__D_e	0.0	0.0	0.0	primary	optimal
twostage-20260916T061947Z	PR:PC-3	magnitude_g1.00	EX_ser__L_e	-10.0	-10.0	3.44260834011306	primary	optimal
twostage-20260916T061947Z	PR:PC-3	magnitude_g1.00	EX_spmd_e	0.0	0.0	1.411614996746605	primary	optimal
twostage-20260916T061947Z	PR:PC-3	magnitude_g1.00	EX_sprm_e	0.0	0.0	0.7115427768868047	primary	optimal
twostage-20260916T061947Z	PR:PC-3	magnitude_g1.00	EX_srtn_e	0.0	0.0	3.9974811833927713	primary	optimal
twostage-20260916T061947Z	PR:PC-3	magnitude_g1.00	EX_succ_e	13.462568264373992	0.0	62.28404005863238	primary	optimal
twostage-20260916T061947Z	PR:PC-3	magnitude_g1.00	EX_sucr_e	0.0	0.0	0.0	primary	optimal
twostage-20260916T061947Z	PR:PC-3	magnitude_g1.00	EX_taur_e	0.0	0.0	3.5862732001939928	primary	optimal
twostage-20260916T061947Z	PR:PC-3	magnitude_g1.00	EX_tchola_e	0.0	0.0	0.7657182046879876	primary	optimal
twostage-20260916T061947Z	PR:PC-3	magnitude_g1.00	EX_thr__L_e	-1.0272564007096083	-10.0	-1.0272564007096072	primary	optimal
twostage-20260916T061947Z	PR:PC-3	magnitude_g1.00	EX_thym_e	0.0	0.0	2.34838268099126	primary	optimal
twostage-20260916T061947Z	PR:PC-3	magnitude_g1.00	EX_thymd_e	0.0	0.0	1.5695203683697239	primary	optimal
twostage-20260916T061947Z	PR:PC-3	magnitude_g1.00	EX_trp__L_e	-0.04371317812479468	-10.0	-0.04371317812478459	primary	optimal
twostage-20260916T061947Z	PR:PC-3	magnitude_g1.00	EX_tyr__L_e	-0.5245548522744694	-10.0	3.656950428776801	primary	optimal
twostage-20260916T061947Z	PR:PC-3	magnitude_g1.00	EX_ump_e	0.0	0.0	1.1925115744389678	primary	optimal
twostage-20260916T061947Z	PR:PC-3	magnitude_g1.00	EX_ura_e	0.0	0.0	3.2380607115962166	primary	optimal
twostage-20260916T061947Z	PR:PC-3	magnitude_g1.00	EX_urate_e	0.0	0.0	1.3696605952975935	primary	optimal
twostage-20260916T061947Z	PR:PC-3	magnitude_g1.00	EX_uri_e	0.0	0.0	1.8851794669177946	primary	optimal
twostage-20260916T061947Z	PR:PC-3	magnitude_g1.00	EX_val__L_e	-1.158393149862059	-10.0	-1.1583926498609252	primary	optimal
twostage-20260916T061947Z	PR:PC-3	magnitude_g1.00	EX_xan_e	0.0	0.0	1.405667738854093	primary	optimal
twostage-20260916T061947Z	PR:PC-3	magnitude_g1.00	EX_xmp_e	0.0	0.0	1.0765503198946171	primary	optimal
twostage-20260916T061947Z	PR:PC-3	magnitude_g1.00	EX_xtsn_e	0.0	0.0	1.070501505442898	primary	optimal
twostage-20260916T061947Z	RE:A498	magnitude_g1.00	EX_2pg_e	0.0	0.0	6.071678091942503	primary	optimal
twostage-20260916T061947Z	RE:A498	magnitude_g1.00	EX_34hpp_e	0.0	0.0	12.996988299931928	primary	optimal
twostage-20260916T061947Z	RE:A498	magnitude_g1.00	EX_3hanthrn_e	0.0	0.0	1.990703054008421	primary	optimal
twostage-20260916T061947Z	RE:A498	magnitude_g1.00	EX_3pg_e	0.0	0.0	6.071678091942366	primary	optimal
twostage-20260916T061947Z	RE:A498	magnitude_g1.00	EX_4abut_e	0.0	0.0	32.059502082628406	primary	optimal
twostage-20260916T061947Z	RE:A498	magnitude_g1.00	EX_4hbz_e	0.0	0.0	5.487772103995696	primary	optimal
twostage-20260916T061947Z	RE:A498	magnitude_g1.00	EX_L2aadp_e	0.0	0.0	8.712265094640543	primary	optimal
twostage-20260916T061947Z	RE:A498	magnitude_g1.00	EX_Lkynr_e	0.0	0.0	4.009518246256305	primary	optimal
twostage-20260916T061947Z	RE:A498	magnitude_g1.00	EX_acac_e	0.0	0.0	13.939976297059662	primary	optimal
twostage-20260916T061947Z	RE:A498	magnitude_g1.00	EX_ade_e	0.0	0.0	1.2249987311665667	primary	optimal
twostage-20260916T061947Z	RE:A498	magnitude_g1.00	EX_adn_e	0.0	0.0	0.9665161153671045	primary	optimal
twostage-20260916T061947Z	RE:A498	magnitude_g1.00	EX_ahcys_e	0.0	0.0	0.9059453185512027	primary	optimal
twostage-20260916T061947Z	RE:A498	magnitude_g1.00	EX_akg_e	0.0	0.0	40.034700813553336	primary	optimal
twostage-20260916T061947Z	RE:A498	magnitude_g1.00	EX_ala__L_e	1e-06	0.0	59.23861427704382	primary	optimal
twostage-20260916T061947Z	RE:A498	magnitude_g1.00	EX_amp_e	0.0	0.0	0.8052535640999476	primary	optimal
twostage-20260916T061947Z	RE:A498	magnitude_g1.00	EX_anth_e	0.0	0.0	3.7607391564445645	primary	optimal
twostage-20260916T061947Z	RE:A498	magnitude_g1.00	EX_arg__L_e	-9.999999	-10.0	3.249560975533997	primary	optimal
twostage-20260916T061947Z	RE:A498	magnitude_g1.00	EX_asn__L_e	-9.999999	-10.0	7.383866386957706	primary	optimal
twostage-20260916T061947Z	RE:A498	magnitude_g1.00	EX_asp__L_e	-9.999999	-10.0	29.655794680394127	primary	optimal
twostage-20260916T061947Z	RE:A498	magnitude_g1.00	EX_bilirub_e	1.2451774692726053e-33	0.0	0.4953386573409551	primary	optimal
twostage-20260916T061947Z	RE:A498	magnitude_g1.00	EX_cala_e	0.0	0.0	3.0486841913850875	primary	optimal
twostage-20260916T061947Z	RE:A498	magnitude_g1.00	EX_chol_e	-9.999999000000003	-10.0	0.541373809984101	primary	optimal
twostage-20260916T061947Z	RE:A498	magnitude_g1.00	EX_cholp_e	0.0	0.0	6.071678091942648	primary	optimal
twostage-20260916T061947Z	RE:A498	magnitude_g1.00	EX_cit_e	0.0	0.0	31.045326228990188	primary	optimal
twostage-20260916T061947Z	RE:A498	magnitude_g1.00	EX_citr__L_e	0.0	0.0	16.05094637903953	primary	optimal
twostage-20260916T061947Z	RE:A498	magnitude_g1.00	EX_cmp_e	0.0	0.0	0.0	primary	optimal
twostage-20260916T061947Z	RE:A498	magnitude_g1.00	EX_crn_e	-0.9999990000000001	-1.0	-2.220446049250313e-16	primary	optimal
twostage-20260916T061947Z	RE:A498	magnitude_g1.00	EX_cyst__L_e	0.0	0.0	3.6672975861824546	primary	optimal
twostage-20260916T061947Z	RE:A498	magnitude_g1.00	EX_cytd_e	0.0	0.0	1.8721994457750981	primary	optimal
twostage-20260916T061947Z	RE:A498	magnitude_g1.00	EX_dad_2_e	0.0	0.0	0.9580655511758823	primary	optimal
twostage-20260916T061947Z	RE:A498	magnitude_g1.00	EX_dcmp_e	0.0	0.0	1.6217173758730128	primary	optimal
twostage-20260916T061947Z	RE:A498	magnitude_g1.00	EX_dcyt_e	0.0	0.0	1.9227888599614797	primary	optimal
twostage-20260916T061947Z	RE:A498	magnitude_g1.00	EX_dhap_e	0.0	0.0	5.473605922299684	primary	optimal
twostage-20260916T061947Z	RE:A498	magnitude_g1.00	EX_dmgly_e	0.0	0.0	4.471673386673692	primary	optimal
twostage-20260916T061947Z	RE:A498	magnitude_g1.00	EX_duri_e	0.0	0.0	1.8844556271394621	primary	optimal
twostage-20260916T061947Z	RE:A498	magnitude_g1.00	EX_ethamp_e	0.0	0.0	6.071678091942404	primary	optimal
twostage-20260916T061947Z	RE:A498	magnitude_g1.00	EX_fol_e	-9.999999	-10.0	-1.4210854715202004e-14	primary	optimal
twostage-20260916T061947Z	RE:A498	magnitude_g1.00	EX_fum_e	1e-06	0.0	42.63204270510928	primary	optimal
twostage-20260916T061947Z	RE:A498	magnitude_g1.00	EX_g3pc_e	0.0	0.0	2.3597270651888222	primary	optimal
twostage-20260916T061947Z	RE:A498	magnitude_g1.00	EX_glc__D_e	-10.0	-10.0	-2.8366764153899613	primary	optimal
twostage-20260916T061947Z	RE:A498	magnitude_g1.00	EX_glcur_e	0.0	0.0	4.050618884357774	primary	optimal
twostage-20260916T061947Z	RE:A498	magnitude_g1.00	EX_gln__L_e	-9.999999000000003	-10.0	6.327724644059143	primary	optimal
twostage-20260916T061947Z	RE:A498	magnitude_g1.00	EX_glu__L_e	-9.999999	-10.0	27.713219460980966	primary	optimal
twostage-20260916T061947Z	RE:A498	magnitude_g1.00	EX_gly_e	-9.999999	-10.0	30.95314499378396	primary	optimal
twostage-20260916T061947Z	RE:A498	magnitude_g1.00	EX_glyald_e	0.0	0.0	12.71005684609656	primary	optimal
twostage-20260916T061947Z	RE:A498	magnitude_g1.00	EX_glyb_e	0.0	0.0	10.164556348343847	primary	optimal
twostage-20260916T061947Z	RE:A498	magnitude_g1.00	EX_glyc3p_e	0.0	0.0	5.3861586349382335	primary	optimal
twostage-20260916T061947Z	RE:A498	magnitude_g1.00	EX_gmp_e	0.0	0.0	0.0	primary	optimal
twostage-20260916T061947Z	RE:A498	magnitude_g1.00	EX_gthox_e	0.0	0.0	5.615480100173128	primary	optimal
twostage-20260916T061947Z	RE:A498	magnitude_g1.00	EX_hcys__L_e	0.0	0.0	4.989106672211139	primary	optimal
twostage-20260916T061947Z	RE:A498	magnitude_g1.00	EX_hom__L_e	0.0	0.0	0.0	primary	optimal
twostage-20260916T061947Z	RE:A498	magnitude_g1.00	EX_hxan_e	0.0	0.0	1.435750521639124	primary	optimal
twostage-20260916T061947Z	RE:A498	magnitude_g1.00	EX_icit_e	0.0	0.0	32.11265949421366	primary	optimal
twostage-20260916T061947Z	RE:A498	magnitude_g1.00	EX_ile__L_e	-9.999999	-10.0	-0.939830044460007	primary	optimal
twostage-20260916T061947Z	RE:A498	magnitude_g1.00	EX_imp_e	0.0	0.0	1.1010377872080652	primary	optimal
twostage-20260916T061947Z	RE:A498	magnitude_g1.00	EX_ins_e	0.0	0.0	1.0926629348148902	primary	optimal
twostage-20260916T061947Z	RE:A498	magnitude_g1.00	EX_lac__L_e	-0.999999	-1.0	54.25611458908174	primary	optimal
twostage-20260916T061947Z	RE:A498	magnitude_g1.00	EX_lcts_e	0.0	0.0	1.8437728586768847	primary	optimal
twostage-20260916T061947Z	RE:A498	magnitude_g1.00	EX_leu__L_e	-9.999999	-10.0	-1.7922337326704483	primary	optimal
twostage-20260916T061947Z	RE:A498	magnitude_g1.00	EX_lys__L_e	-9.999999	-10.0	-1.9452265708841612	primary	optimal
twostage-20260916T061947Z	RE:A498	magnitude_g1.00	EX_mal__L_e	1e-06	0.0	38.37877172081328	primary	optimal
twostage-20260916T061947Z	RE:A498	magnitude_g1.00	EX_met__L_e	-9.999999	-10.0	-0.5026982632120731	primary	optimal
twostage-20260916T061947Z	RE:A498	magnitude_g1.00	EX_nac_e	0.0	0.0	10.846465102760973	primary	optimal
twostage-20260916T061947Z	RE:A498	magnitude_g1.00	EX_ncam_e	-9.999999000000003	-10.0	0.0	primary	optimal
twostage-20260916T061947Z	RE:A498	magnitude_g1.00	EX_nicrnt_e	0.0	0.0	2.7254585718572693	primary	optimal
twostage-20260916T061947Z	RE:A498	magnitude_g1.00	EX_orn_e	1e-06	0.0	34.64744677899583	primary	optimal
twostage-20260916T061947Z	RE:A498	magnitude_g1.00	EX_orot5p_e	0.0	0.0	1.6410255546724772	primary	optimal
twostage-20260916T061947Z	RE:A498	magnitude_g1.00	EX_orot_e	0.0	0.0	3.752150636829698	primary	optimal
twostage-20260916T061947Z	RE:A498	magnitude_g1.00	EX_oxa_e	0.0	0.0	7.538653543148614	primary	optimal
twostage-20260916T061947Z	RE:A498	magnitude_g1.00	EX_pep_e	0.0	0.0	6.071678091942509	primary	optimal
twostage-20260916T061947Z	RE:A498	magnitude_g1.00	EX_phe__L_e	-9.134547874217175	-10.0	-0.8524036882104227	primary	optimal
twostage-20260916T061947Z	RE:A498	magnitude_g1.00	EX_pnto__R_e	1.5963682554808812e-12	-10.0	0.05000000000000071	primary	optimal
twostage-20260916T061947Z	RE:A498	magnitude_g1.00	EX_pro__L_e	-1.355101951410751	-10.0	23.602287367570696	primary	optimal
twostage-20260916T061947Z	RE:A498	magnitude_g1.00	EX_quln_e	0.0	0.0	1.3399109099091928	primary	optimal
twostage-20260916T061947Z	RE:A498	magnitude_g1.00	EX_sbt__D_e	0.0	0.0	0.0	primary	optimal
twostage-20260916T061947Z	RE:A498	magnitude_g1.00	EX_ser__L_e	-10.0	-10.0	3.522052493049421	primary	optimal
twostage-20260916T061947Z	RE:A498	magnitude_g1.00	EX_spmd_e	0.0	0.0	1.4293637765500347	primary	optimal
twostage-20260916T061947Z	RE:A498	magnitude_g1.00	EX_sprm_e	0.0	0.0	0.7214535457622654	primary	optimal
twostage-20260916T061947Z	RE:A498	magnitude_g1.00	EX_srtn_e	0.0	0.0	4.03991998245604	primary	optimal
twostage-20260916T061947Z	RE:A498	magnitude_g1.00	EX_succ_e	13.462568264358582	0.0	62.28404005863307	primary	optimal
twostage-20260916T061947Z	RE:A498	magnitude_g1.00	EX_sucr_e	0.0	0.0	0.0	primary	optimal
twostage-20260916T061947Z	RE:A498	magnitude_g1.00	EX_taur_e	0.0	0.0	3.6296523564120773	primary	optimal
twostage-20260916T061947Z	RE:A498	magnitude_g1.00	EX_tchola_e	0.0	0.0	0.7735255421647197	primary	optimal
twostage-20260916T061947Z	RE:A498	magnitude_g1.00	EX_thr__L_e	-1.027256400709608	-10.0	-1.027256400709609	primary	optimal
twostage-20260916T061947Z	RE:A498	magnitude_g1.00	EX_thym_e	0.0	0.0	2.3639965564880874	primary	optimal
twostage-20260916T061947Z	RE:A498	magnitude_g1.00	EX_thymd_e	0.0	0.0	1.590337565970432	primary	optimal
twostage-20260916T061947Z	RE:A498	magnitude_g1.00	EX_trp__L_e	-0.04371317812479467	-10.0	-0.04371317812479525	primary	optimal
twostage-20260916T061947Z	RE:A498	magnitude_g1.00	EX_tyr__L_e	-0.5245548522744694	-10.0	3.700957794119234	primary	optimal
twostage-20260916T061947Z	RE:A498	magnitude_g1.00	EX_ump_e	0.0	0.0	1.204476574927345	primary	optimal
twostage-20260916T061947Z	RE:A498	magnitude_g1.00	EX_ura_e	0.0	0.0	3.2562607743422367	primary	optimal
twostage-20260916T061947Z	RE:A498	magnitude_g1.00	EX_urate_e	0.0	0.0	1.3712111804114302	primary	optimal
twostage-20260916T061947Z	RE:A498	magnitude_g1.00	EX_uri_e	0.0	0.0	1.9040872595009897	primary	optimal
twostage-20260916T061947Z	RE:A498	magnitude_g1.00	EX_val__L_e	-1.1583931498625326	-10.0	-1.1583926498609198	primary	optimal
twostage-20260916T061947Z	RE:A498	magnitude_g1.00	EX_xan_e	0.0	0.0	1.4074928337499266	primary	optimal
twostage-20260916T061947Z	RE:A498	magnitude_g1.00	EX_xmp_e	0.0	0.0	1.081367845948101	primary	optimal
twostage-20260916T061947Z	RE:A498	magnitude_g1.00	EX_xtsn_e	0.0	0.0	1.0754292461623642	primary	optimal
twostage-20260916T061947Z	RE:ACHN	magnitude_g1.00	EX_2pg_e	0.0	0.0	6.071678091942459	primary	optimal
twostage-20260916T061947Z	RE:ACHN	magnitude_g1.00	EX_34hpp_e	0.0	0.0	12.936466227548514	primary	optimal
twostage-20260916T061947Z	RE:ACHN	magnitude_g1.00	EX_3hanthrn_e	0.0	0.0	1.94495979959447	primary	optimal
twostage-20260916T061947Z	RE:ACHN	magnitude_g1.00	EX_3pg_e	0.0	0.0	6.071678091942448	primary	optimal
twostage-20260916T061947Z	RE:ACHN	magnitude_g1.00	EX_4abut_e	0.0	0.0	31.51385779137285	primary	optimal
twostage-20260916T061947Z	RE:ACHN	magnitude_g1.00	EX_4hbz_e	0.0	0.0	5.380663761526499	primary	optimal
twostage-20260916T061947Z	RE:ACHN	magnitude_g1.00	EX_L2aadp_e	0.0	0.0	8.699036166822358	primary	optimal
twostage-20260916T061947Z	RE:ACHN	magnitude_g1.00	EX_Lkynr_e	0.0	0.0	3.9347799391399767	primary	optimal
twostage-20260916T061947Z	RE:ACHN	magnitude_g1.00	EX_acac_e	0.0	0.0	14.12615413999009	primary	optimal
twostage-20260916T061947Z	RE:ACHN	magnitude_g1.00	EX_ade_e	0.0	0.0	1.221130313046078	primary	optimal
twostage-20260916T061947Z	RE:ACHN	magnitude_g1.00	EX_adn_e	0.0	0.0	0.961792958781539	primary	optimal
twostage-20260916T061947Z	RE:ACHN	magnitude_g1.00	EX_ahcys_e	0.0	0.0	0.9001049510561693	primary	optimal
twostage-20260916T061947Z	RE:ACHN	magnitude_g1.00	EX_akg_e	0.0	0.0	39.67888797448358	primary	optimal
twostage-20260916T061947Z	RE:ACHN	magnitude_g1.00	EX_ala__L_e	1e-06	0.0	59.18354988526628	primary	optimal
twostage-20260916T061947Z	RE:ACHN	magnitude_g1.00	EX_amp_e	0.0	0.0	0.8012697601688071	primary	optimal
twostage-20260916T061947Z	RE:ACHN	magnitude_g1.00	EX_anth_e	0.0	0.0	3.6645470040375483	primary	optimal
twostage-20260916T061947Z	RE:ACHN	magnitude_g1.00	EX_arg__L_e	-9.999999000000003	-10.0	3.147666685928429	primary	optimal
twostage-20260916T061947Z	RE:ACHN	magnitude_g1.00	EX_asn__L_e	-9.999999	-10.0	7.2964474168495945	primary	optimal
twostage-20260916T061947Z	RE:ACHN	magnitude_g1.00	EX_asp__L_e	-9.999999000000003	-10.0	29.367405299784973	primary	optimal
twostage-20260916T061947Z	RE:ACHN	magnitude_g1.00	EX_bilirub_e	0.0	0.0	0.48696327514462373	primary	optimal
twostage-20260916T061947Z	RE:ACHN	magnitude_g1.00	EX_cala_e	0.0	0.0	3.0347944468898067	primary	optimal
twostage-20260916T061947Z	RE:ACHN	magnitude_g1.00	EX_chol_e	-9.999999	-10.0	0.5256925043793438	primary	optimal
twostage-20260916T061947Z	RE:ACHN	magnitude_g1.00	EX_cholp_e	0.0	0.0	6.0716780919426245	primary	optimal
twostage-20260916T061947Z	RE:ACHN	magnitude_g1.00	EX_cit_e	0.0	0.0	31.045326228987836	primary	optimal
twostage-20260916T061947Z	RE:ACHN	magnitude_g1.00	EX_citr__L_e	0.0	0.0	15.917862859640364	primary	optimal
twostage-20260916T061947Z	RE:ACHN	magnitude_g1.00	EX_cmp_e	0.0	0.0	0.0	primary	optimal
twostage-20260916T061947Z	RE:ACHN	magnitude_g1.00	EX_crn_e	-0.9999990000000001	-1.0	-3.3306690738754696e-16	primary	optimal
twostage-20260916T061947Z	RE:ACHN	magnitude_g1.00	EX_cyst__L_e	0.0	0.0	3.6220961200830906	primary	optimal
twostage-20260916T061947Z	RE:ACHN	magnitude_g1.00	EX_cytd_e	0.0	0.0	1.8562496318486892	primary	optimal
twostage-20260916T061947Z	RE:ACHN	magnitude_g1.00	EX_dad_2_e	0.0	0.0	0.953528223561437	primary	optimal
twostage-20260916T061947Z	RE:ACHN	magnitude_g1.00	EX_dcmp_e	0.0	0.0	1.605095586934277	primary	optimal
twostage-20260916T061947Z	RE:ACHN	magnitude_g1.00	EX_dcyt_e	0.0	0.0	1.9058542004850936	primary	optimal
twostage-20260916T061947Z	RE:ACHN	magnitude_g1.00	EX_dhap_e	0.0	0.0	5.422438229588451	primary	optimal
twostage-20260916T061947Z	RE:ACHN	magnitude_g1.00	EX_dmgly_e	0.0	0.0	4.378103551365011	primary	optimal
twostage-20260916T061947Z	RE:ACHN	magnitude_g1.00	EX_duri_e	0.0	0.0	1.865380277062695	primary	optimal
twostage-20260916T061947Z	RE:ACHN	magnitude_g1.00	EX_ethamp_e	0.0	0.0	6.071678091942496	primary	optimal
twostage-20260916T061947Z	RE:ACHN	magnitude_g1.00	EX_fol_e	-9.999998999999999	-10.0	8.881784197001252e-15	primary	optimal
twostage-20260916T061947Z	RE:ACHN	magnitude_g1.00	EX_fum_e	1e-06	0.0	42.61926668690754	primary	optimal
twostage-20260916T061947Z	RE:ACHN	magnitude_g1.00	EX_g3pc_e	0.0	0.0	2.328438013118302	primary	optimal
twostage-20260916T061947Z	RE:ACHN	magnitude_g1.00	EX_glc__D_e	-10.0	-10.0	-3.0130540245326674	primary	optimal
twostage-20260916T061947Z	RE:ACHN	magnitude_g1.00	EX_glcur_e	0.0	0.0	3.9841998087600685	primary	optimal
twostage-20260916T061947Z	RE:ACHN	magnitude_g1.00	EX_gln__L_e	-9.999999	-10.0	6.325468929373695	primary	optimal
twostage-20260916T061947Z	RE:ACHN	magnitude_g1.00	EX_glu__L_e	-9.999999	-10.0	27.18925280335838	primary	optimal
twostage-20260916T061947Z	RE:ACHN	magnitude_g1.00	EX_gly_e	-9.999999	-10.0	30.694467022529242	primary	optimal
twostage-20260916T061947Z	RE:ACHN	magnitude_g1.00	EX_glyald_e	0.0	0.0	12.482575451436025	primary	optimal
twostage-20260916T061947Z	RE:ACHN	magnitude_g1.00	EX_glyb_e	0.0	0.0	10.15970226298833	primary	optimal
twostage-20260916T061947Z	RE:ACHN	magnitude_g1.00	EX_glyc3p_e	0.0	0.0	5.331227888229543	primary	optimal
twostage-20260916T061947Z	RE:ACHN	magnitude_g1.00	EX_gmp_e	0.0	0.0	0.0	primary	optimal
twostage-20260916T061947Z	RE:ACHN	magnitude_g1.00	EX_gthox_e	0.0	0.0	5.589517771806064	primary	optimal
twostage-20260916T061947Z	RE:ACHN	magnitude_g1.00	EX_hcys__L_e	0.0	0.0	4.924454591553995	primary	optimal
twostage-20260916T061947Z	RE:ACHN	magnitude_g1.00	EX_hom__L_e	0.0	0.0	0.0	primary	optimal
twostage-20260916T061947Z	RE:ACHN	magnitude_g1.00	EX_hxan_e	0.0	0.0	1.428371080547165	primary	optimal
twostage-20260916T061947Z	RE:ACHN	magnitude_g1.00	EX_icit_e	0.0	0.0	31.69411204611268	primary	optimal
twostage-20260916T061947Z	RE:ACHN	magnitude_g1.00	EX_ile__L_e	-9.999999	-10.0	-0.9398300444599985	primary	optimal
twostage-20260916T061947Z	RE:ACHN	magnitude_g1.00	EX_imp_e	0.0	0.0	1.0939181854129634	primary	optimal
twostage-20260916T061947Z	RE:ACHN	magnitude_g1.00	EX_ins_e	0.0	0.0	1.0857875065547675	primary	optimal
twostage-20260916T061947Z	RE:ACHN	magnitude_g1.00	EX_lac__L_e	-0.9999990000000001	-1.0	54.2561145890808	primary	optimal
twostage-20260916T061947Z	RE:ACHN	magnitude_g1.00	EX_lcts_e	0.0	0.0	1.8136220656930977	primary	optimal
twostage-20260916T061947Z	RE:ACHN	magnitude_g1.00	EX_leu__L_e	-9.999999	-10.0	-1.792233732670443	primary	optimal
twostage-20260916T061947Z	RE:ACHN	magnitude_g1.00	EX_lys__L_e	-9.999999	-10.0	-1.9452265708841683	primary	optimal
twostage-20260916T061947Z	RE:ACHN	magnitude_g1.00	EX_mal__L_e	1e-06	0.0	38.37877172081326	primary	optimal
twostage-20260916T061947Z	RE:ACHN	magnitude_g1.00	EX_met__L_e	-9.999999	-10.0	-0.5026982632120713	primary	optimal
twostage-20260916T061947Z	RE:ACHN	magnitude_g1.00	EX_nac_e	1.4118375613129842e-15	0.0	10.831491597758847	primary	optimal
twostage-20260916T061947Z	RE:ACHN	magnitude_g1.00	EX_ncam_e	-9.999999	-10.0	0.0	primary	optimal
twostage-20260916T061947Z	RE:ACHN	magnitude_g1.00	EX_nicrnt_e	0.0	0.0	2.6861367916939214	primary	optimal
twostage-20260916T061947Z	RE:ACHN	magnitude_g1.00	EX_orn_e	1e-06	0.0	34.50891860131743	primary	optimal
twostage-20260916T061947Z	RE:ACHN	magnitude_g1.00	EX_orot5p_e	0.0	0.0	1.625952934205463	primary	optimal
twostage-20260916T061947Z	RE:ACHN	magnitude_g1.00	EX_orot_e	0.0	0.0	3.731674957876588	primary	optimal
twostage-20260916T061947Z	RE:ACHN	magnitude_g1.00	EX_oxa_e	0.0	0.0	7.442536354981469	primary	optimal
twostage-20260916T061947Z	RE:ACHN	magnitude_g1.00	EX_pep_e	0.0	0.0	6.0716780919421804	primary	optimal
twostage-20260916T061947Z	RE:ACHN	magnitude_g1.00	EX_phe__L_e	-9.13454787420939	-10.0	-0.8524036882104458	primary	optimal
twostage-20260916T061947Z	RE:ACHN	magnitude_g1.00	EX_pnto__R_e	4.1230012411422264e-13	-10.0	0.04999999999996696	primary	optimal
twostage-20260916T061947Z	RE:ACHN	magnitude_g1.00	EX_pro__L_e	-1.3551019514214344	-10.0	23.308168353524838	primary	optimal
twostage-20260916T061947Z	RE:ACHN	magnitude_g1.00	EX_quln_e	0.0	0.0	1.3103486572205565	primary	optimal
twostage-20260916T061947Z	RE:ACHN	magnitude_g1.00	EX_sbt__D_e	0.0	0.0	0.0	primary	optimal
twostage-20260916T061947Z	RE:ACHN	magnitude_g1.00	EX_ser__L_e	-10.0	-10.0	3.170448534527693	primary	optimal
twostage-20260916T061947Z	RE:ACHN	magnitude_g1.00	EX_spmd_e	0.0	0.0	1.402368867521905	primary	optimal
twostage-20260916T061947Z	RE:ACHN	magnitude_g1.00	EX_sprm_e	0.0	0.0	0.7078812737216303	primary	optimal
twostage-20260916T061947Z	RE:ACHN	magnitude_g1.00	EX_srtn_e	0.0	0.0	3.96834701107499	primary	optimal
twostage-20260916T061947Z	RE:ACHN	magnitude_g1.00	EX_succ_e	13.462568264374136	0.0	62.26665587411001	primary	optimal
twostage-20260916T061947Z	RE:ACHN	magnitude_g1.00	EX_sucr_e	0.0	0.0	0.0	primary	optimal
twostage-20260916T061947Z	RE:ACHN	magnitude_g1.00	EX_taur_e	0.0	0.0	3.5472585569336617	primary	optimal
twostage-20260916T061947Z	RE:ACHN	magnitude_g1.00	EX_tchola_e	0.0	0.0	0.7557597795783831	primary	optimal
twostage-20260916T061947Z	RE:ACHN	magnitude_g1.00	EX_thr__L_e	-1.0272564007096083	-10.0	-1.0272564007096179	primary	optimal
twostage-20260916T061947Z	RE:ACHN	magnitude_g1.00	EX_thym_e	0.0	0.0	2.3483279050877837	primary	optimal
twostage-20260916T061947Z	RE:ACHN	magnitude_g1.00	EX_thymd_e	0.0	0.0	1.5712370190171088	primary	optimal
twostage-20260916T061947Z	RE:ACHN	magnitude_g1.00	EX_trp__L_e	-0.04371317812479467	-10.0	-0.0437131781247988	primary	optimal
twostage-20260916T061947Z	RE:ACHN	magnitude_g1.00	EX_tyr__L_e	-0.5245548522744695	-10.0	3.627261440993647	primary	optimal
twostage-20260916T061947Z	RE:ACHN	magnitude_g1.00	EX_ump_e	0.0	0.0	1.195241385517098	primary	optimal
twostage-20260916T061947Z	RE:ACHN	magnitude_g1.00	EX_ura_e	0.0	0.0	3.2365136330243587	primary	optimal
twostage-20260916T061947Z	RE:ACHN	magnitude_g1.00	EX_urate_e	0.0	0.0	1.3636407281845082	primary	optimal
twostage-20260916T061947Z	RE:ACHN	magnitude_g1.00	EX_uri_e	0.0	0.0	1.8884487117504778	primary	optimal
twostage-20260916T061947Z	RE:ACHN	magnitude_g1.00	EX_val__L_e	-1.1583931498627604	-10.0	-1.1583926498609172	primary	optimal
twostage-20260916T061947Z	RE:ACHN	magnitude_g1.00	EX_xan_e	0.0	0.0	1.4001363952681023	primary	optimal
twostage-20260916T061947Z	RE:ACHN	magnitude_g1.00	EX_xmp_e	0.0	0.0	1.0746890963543172	primary	optimal
twostage-20260916T061947Z	RE:ACHN	magnitude_g1.00	EX_xtsn_e	0.0	0.0	1.0684722838059755	primary	optimal
twostage-20260916T061947Z	RE:CAKI-1	magnitude_g1.00	EX_2pg_e	0.0	0.0	6.071678091942558	primary	optimal
twostage-20260916T061947Z	RE:CAKI-1	magnitude_g1.00	EX_34hpp_e	0.0	0.0	12.910696882883542	primary	optimal
twostage-20260916T061947Z	RE:CAKI-1	magnitude_g1.00	EX_3hanthrn_e	0.0	0.0	1.9586150061401169	primary	optimal
twostage-20260916T061947Z	RE:CAKI-1	magnitude_g1.00	EX_3pg_e	0.0	0.0	6.071678091942349	primary	optimal
twostage-20260916T061947Z	RE:CAKI-1	magnitude_g1.00	EX_4abut_e	0.0	0.0	31.133274518035442	primary	optimal
twostage-20260916T061947Z	RE:CAKI-1	magnitude_g1.00	EX_4hbz_e	0.0	0.0	5.39650493920528	primary	optimal
twostage-20260916T061947Z	RE:CAKI-1	magnitude_g1.00	EX_L2aadp_e	0.0	0.0	8.70416657084578	primary	optimal
twostage-20260916T061947Z	RE:CAKI-1	magnitude_g1.00	EX_Lkynr_e	0.0	0.0	3.9458631281370184	primary	optimal
twostage-20260916T061947Z	RE:CAKI-1	magnitude_g1.00	EX_acac_e	0.0	0.0	14.251423097168358	primary	optimal
twostage-20260916T061947Z	RE:CAKI-1	magnitude_g1.00	EX_ade_e	0.0	0.0	1.2211035650257422	primary	optimal
twostage-20260916T061947Z	RE:CAKI-1	magnitude_g1.00	EX_adn_e	0.0	0.0	0.9620070059759166	primary	optimal
twostage-20260916T061947Z	RE:CAKI-1	magnitude_g1.00	EX_ahcys_e	0.0	0.0	0.8994348494280082	primary	optimal
twostage-20260916T061947Z	RE:CAKI-1	magnitude_g1.00	EX_akg_e	0.0	0.0	40.23715001841982	primary	optimal
twostage-20260916T061947Z	RE:CAKI-1	magnitude_g1.00	EX_ala__L_e	1e-06	0.0	59.5126004169026	primary	optimal
twostage-20260916T061947Z	RE:CAKI-1	magnitude_g1.00	EX_amp_e	0.0	0.0	0.8005774802611173	primary	optimal
twostage-20260916T061947Z	RE:CAKI-1	magnitude_g1.00	EX_anth_e	0.0	0.0	3.6891996374281217	primary	optimal
twostage-20260916T061947Z	RE:CAKI-1	magnitude_g1.00	EX_arg__L_e	-9.999999	-10.0	3.187534259388126	primary	optimal
twostage-20260916T061947Z	RE:CAKI-1	magnitude_g1.00	EX_asn__L_e	-9.999999	-10.0	7.296871674855535	primary	optimal
twostage-20260916T061947Z	RE:CAKI-1	magnitude_g1.00	EX_asp__L_e	-9.999999	-10.0	29.60897066669221	primary	optimal
twostage-20260916T061947Z	RE:CAKI-1	magnitude_g1.00	EX_bilirub_e	0.0	0.0	0.48678081326384226	primary	optimal
twostage-20260916T061947Z	RE:CAKI-1	magnitude_g1.00	EX_cala_e	0.0	0.0	3.016120866995563	primary	optimal
twostage-20260916T061947Z	RE:CAKI-1	magnitude_g1.00	EX_chol_e	-9.999999	-10.0	0.5194796443095803	primary	optimal
twostage-20260916T061947Z	RE:CAKI-1	magnitude_g1.00	EX_cholp_e	0.0	0.0	6.071678091942432	primary	optimal
twostage-20260916T061947Z	RE:CAKI-1	magnitude_g1.00	EX_cit_e	0.0	0.0	31.04532622898781	primary	optimal
twostage-20260916T061947Z	RE:CAKI-1	magnitude_g1.00	EX_citr__L_e	0.0	0.0	15.956638574789219	primary	optimal
twostage-20260916T061947Z	RE:CAKI-1	magnitude_g1.00	EX_cmp_e	0.0	0.0	0.0	primary	optimal
twostage-20260916T061947Z	RE:CAKI-1	magnitude_g1.00	EX_crn_e	-0.9999989999999999	-1.0	-1.1102230246251565e-16	primary	optimal
twostage-20260916T061947Z	RE:CAKI-1	magnitude_g1.00	EX_cyst__L_e	0.0	0.0	3.6223281747885956	primary	optimal
twostage-20260916T061947Z	RE:CAKI-1	magnitude_g1.00	EX_cytd_e	0.0	0.0	1.8513243936471875	primary	optimal
twostage-20260916T061947Z	RE:CAKI-1	magnitude_g1.00	EX_dad_2_e	0.0	0.0	0.9533766770705446	primary	optimal
twostage-20260916T061947Z	RE:CAKI-1	magnitude_g1.00	EX_dcmp_e	0.0	0.0	1.6008677422464703	primary	optimal
twostage-20260916T061947Z	RE:CAKI-1	magnitude_g1.00	EX_dcyt_e	0.0	0.0	1.8966282758025543	primary	optimal
twostage-20260916T061947Z	RE:CAKI-1	magnitude_g1.00	EX_dhap_e	0.0	0.0	5.422899846910065	primary	optimal
twostage-20260916T061947Z	RE:CAKI-1	magnitude_g1.00	EX_dmgly_e	0.0	0.0	4.437677863888779	primary	optimal
twostage-20260916T061947Z	RE:CAKI-1	magnitude_g1.00	EX_duri_e	0.0	0.0	1.8586180504936773	primary	optimal
twostage-20260916T061947Z	RE:CAKI-1	magnitude_g1.00	EX_ethamp_e	0.0	0.0	6.0716780919426165	primary	optimal
twostage-20260916T061947Z	RE:CAKI-1	magnitude_g1.00	EX_fol_e	-9.999999000000003	-10.0	-1.7763568394002505e-15	primary	optimal
twostage-20260916T061947Z	RE:CAKI-1	magnitude_g1.00	EX_fum_e	1e-06	0.0	42.621479829517384	primary	optimal
twostage-20260916T061947Z	RE:CAKI-1	magnitude_g1.00	EX_g3pc_e	0.0	0.0	2.338410205618895	primary	optimal
twostage-20260916T061947Z	RE:CAKI-1	magnitude_g1.00	EX_glc__D_e	-10.0	-10.0	-3.008607305769552	primary	optimal
twostage-20260916T061947Z	RE:CAKI-1	magnitude_g1.00	EX_glcur_e	0.0	0.0	3.9896841769627693	primary	optimal
twostage-20260916T061947Z	RE:CAKI-1	magnitude_g1.00	EX_gln__L_e	-9.999999	-10.0	6.420890456300465	primary	optimal
twostage-20260916T061947Z	RE:CAKI-1	magnitude_g1.00	EX_glu__L_e	-9.999999	-10.0	27.989470631084956	primary	optimal
twostage-20260916T061947Z	RE:CAKI-1	magnitude_g1.00	EX_gly_e	-9.999999	-10.0	30.867782667193815	primary	optimal
twostage-20260916T061947Z	RE:CAKI-1	magnitude_g1.00	EX_glyald_e	0.0	0.0	12.425871733032183	primary	optimal
twostage-20260916T061947Z	RE:CAKI-1	magnitude_g1.00	EX_glyb_e	0.0	0.0	10.15053798603152	primary	optimal
twostage-20260916T061947Z	RE:CAKI-1	magnitude_g1.00	EX_glyc3p_e	0.0	0.0	5.31664524566147	primary	optimal
twostage-20260916T061947Z	RE:CAKI-1	magnitude_g1.00	EX_gmp_e	0.0	0.0	0.0	primary	optimal
twostage-20260916T061947Z	RE:CAKI-1	magnitude_g1.00	EX_gthox_e	0.0	0.0	5.597937646466436	primary	optimal
twostage-20260916T061947Z	RE:CAKI-1	magnitude_g1.00	EX_hcys__L_e	0.0	0.0	4.932326826022241	primary	optimal
twostage-20260916T061947Z	RE:CAKI-1	magnitude_g1.00	EX_hom__L_e	0.0	0.0	0.0	primary	optimal
twostage-20260916T061947Z	RE:CAKI-1	magnitude_g1.00	EX_hxan_e	0.0	0.0	1.4282581971306914	primary	optimal
twostage-20260916T061947Z	RE:CAKI-1	magnitude_g1.00	EX_icit_e	0.0	0.0	32.14373894649757	primary	optimal
twostage-20260916T061947Z	RE:CAKI-1	magnitude_g1.00	EX_ile__L_e	-9.999999	-10.0	-0.9398300444599954	primary	optimal
twostage-20260916T061947Z	RE:CAKI-1	magnitude_g1.00	EX_imp_e	0.0	0.0	1.094135677673405	primary	optimal
twostage-20260916T061947Z	RE:CAKI-1	magnitude_g1.00	EX_ins_e	0.0	0.0	1.0860886263125054	primary	optimal
twostage-20260916T061947Z	RE:CAKI-1	magnitude_g1.00	EX_lac__L_e	-0.9999990000000001	-1.0	54.25611458908115	primary	optimal
twostage-20260916T061947Z	RE:CAKI-1	magnitude_g1.00	EX_lcts_e	0.0	0.0	1.8197445927626146	primary	optimal
twostage-20260916T061947Z	RE:CAKI-1	magnitude_g1.00	EX_leu__L_e	-9.999999	-10.0	-1.7922337326704536	primary	optimal
twostage-20260916T061947Z	RE:CAKI-1	magnitude_g1.00	EX_lys__L_e	-9.999999	-10.0	-1.9452265708841772	primary	optimal
twostage-20260916T061947Z	RE:CAKI-1	magnitude_g1.00	EX_mal__L_e	1e-06	0.0	38.37877172081303	primary	optimal
twostage-20260916T061947Z	RE:CAKI-1	magnitude_g1.00	EX_met__L_e	-9.999999	-10.0	-0.5026982632120696	primary	optimal
twostage-20260916T061947Z	RE:CAKI-1	magnitude_g1.00	EX_nac_e	0.0	0.0	10.829567934049553	primary	optimal
twostage-20260916T061947Z	RE:CAKI-1	magnitude_g1.00	EX_ncam_e	-9.999999000000003	-10.0	1.7763568394002505e-15	primary	optimal
twostage-20260916T061947Z	RE:CAKI-1	magnitude_g1.00	EX_nicrnt_e	0.0	0.0	2.687898104032643	primary	optimal
twostage-20260916T061947Z	RE:CAKI-1	magnitude_g1.00	EX_orn_e	1e-06	0.0	34.41326919284048	primary	optimal
twostage-20260916T061947Z	RE:CAKI-1	magnitude_g1.00	EX_orot5p_e	0.0	0.0	1.6222001634439405	primary	optimal
twostage-20260916T061947Z	RE:CAKI-1	magnitude_g1.00	EX_orot_e	0.0	0.0	3.7114461326024593	primary	optimal
twostage-20260916T061947Z	RE:CAKI-1	magnitude_g1.00	EX_oxa_e	0.0	0.0	7.499915759490415	primary	optimal
twostage-20260916T061947Z	RE:CAKI-1	magnitude_g1.00	EX_pep_e	0.0	0.0	6.0716780919424265	primary	optimal
twostage-20260916T061947Z	RE:CAKI-1	magnitude_g1.00	EX_phe__L_e	-9.13454787421091	-10.0	-0.8524036882104316	primary	optimal
twostage-20260916T061947Z	RE:CAKI-1	magnitude_g1.00	EX_pnto__R_e	2.2276790821214183e-12	-10.0	0.05000000000000071	primary	optimal
twostage-20260916T061947Z	RE:CAKI-1	magnitude_g1.00	EX_pro__L_e	-1.355101951421815	-10.0	23.302318095643543	primary	optimal
twostage-20260916T061947Z	RE:CAKI-1	magnitude_g1.00	EX_quln_e	0.0	0.0	1.3196968438166572	primary	optimal
twostage-20260916T061947Z	RE:CAKI-1	magnitude_g1.00	EX_sbt__D_e	0.0	0.0	0.0	primary	optimal
twostage-20260916T061947Z	RE:CAKI-1	magnitude_g1.00	EX_ser__L_e	-10.0	-10.0	3.377844697757408	primary	optimal
twostage-20260916T061947Z	RE:CAKI-1	magnitude_g1.00	EX_spmd_e	0.0	0.0	1.4070994190816557	primary	optimal
twostage-20260916T061947Z	RE:CAKI-1	magnitude_g1.00	EX_sprm_e	0.0	0.0	0.7099225301812064	primary	optimal
twostage-20260916T061947Z	RE:CAKI-1	magnitude_g1.00	EX_srtn_e	0.0	0.0	3.985889074533209	primary	optimal
twostage-20260916T061947Z	RE:CAKI-1	magnitude_g1.00	EX_succ_e	13.462568264374207	0.0	62.28404005863207	primary	optimal
twostage-20260916T061947Z	RE:CAKI-1	magnitude_g1.00	EX_sucr_e	0.0	0.0	0.0	primary	optimal
twostage-20260916T061947Z	RE:CAKI-1	magnitude_g1.00	EX_taur_e	0.0	0.0	3.5690598832048295	primary	optimal
twostage-20260916T061947Z	RE:CAKI-1	magnitude_g1.00	EX_tchola_e	0.0	0.0	0.7623713888396053	primary	optimal
twostage-20260916T061947Z	RE:CAKI-1	magnitude_g1.00	EX_thr__L_e	-1.027256400709608	-10.0	-1.0272564007095912	primary	optimal
twostage-20260916T061947Z	RE:CAKI-1	magnitude_g1.00	EX_thym_e	0.0	0.0	2.3412779149955334	primary	optimal
twostage-20260916T061947Z	RE:CAKI-1	magnitude_g1.00	EX_thymd_e	0.0	0.0	1.569997079360775	primary	optimal
twostage-20260916T061947Z	RE:CAKI-1	magnitude_g1.00	EX_trp__L_e	-0.04371317812479468	-10.0	-0.04371317812478548	primary	optimal
twostage-20260916T061947Z	RE:CAKI-1	magnitude_g1.00	EX_tyr__L_e	-0.5245548522744694	-10.0	3.6360106454425405	primary	optimal
twostage-20260916T061947Z	RE:CAKI-1	magnitude_g1.00	EX_ump_e	0.0	0.0	1.1916528682991532	primary	optimal
twostage-20260916T061947Z	RE:CAKI-1	magnitude_g1.00	EX_ura_e	0.0	0.0	3.2129990339363785	primary	optimal
twostage-20260916T061947Z	RE:CAKI-1	magnitude_g1.00	EX_urate_e	0.0	0.0	1.3659045568647437	primary	optimal
twostage-20260916T061947Z	RE:CAKI-1	magnitude_g1.00	EX_uri_e	0.0	0.0	1.8834294213997007	primary	optimal
twostage-20260916T061947Z	RE:CAKI-1	magnitude_g1.00	EX_val__L_e	-1.1583931498636535	-10.0	-1.1583926498609571	primary	optimal
twostage-20260916T061947Z	RE:CAKI-1	magnitude_g1.00	EX_xan_e	0.0	0.0	1.401109540894387	primary	optimal
twostage-20260916T061947Z	RE:CAKI-1	magnitude_g1.00	EX_xmp_e	0.0	0.0	1.07551287647564	primary	optimal
twostage-20260916T061947Z	RE:CAKI-1	magnitude_g1.00	EX_xtsn_e	0.0	0.0	1.0690826418063555	primary	optimal
twostage-20260916T061947Z	RE:RXF 393	magnitude_g1.00	EX_2pg_e	0.0	0.0	6.071678091942552	primary	optimal
twostage-20260916T061947Z	RE:RXF 393	magnitude_g1.00	EX_34hpp_e	0.0	0.0	12.987544393184828	primary	optimal
twostage-20260916T061947Z	RE:RXF 393	magnitude_g1.00	EX_3hanthrn_e	0.0	0.0	2.001702945304394	primary	optimal
twostage-20260916T061947Z	RE:RXF 393	magnitude_g1.00	EX_3pg_e	0.0	0.0	6.07167809194251	primary	optimal
twostage-20260916T061947Z	RE:RXF 393	magnitude_g1.00	EX_4abut_e	0.0	0.0	30.289111778316045	primary	optimal
twostage-20260916T061947Z	RE:RXF 393	magnitude_g1.00	EX_4hbz_e	0.0	0.0	5.484961734403142	primary	optimal
twostage-20260916T061947Z	RE:RXF 393	magnitude_g1.00	EX_L2aadp_e	0.0	0.0	8.730305087575994	primary	optimal
twostage-20260916T061947Z	RE:RXF 393	magnitude_g1.00	EX_Lkynr_e	0.0	0.0	4.0435877909490605	primary	optimal
twostage-20260916T061947Z	RE:RXF 393	magnitude_g1.00	EX_acac_e	0.0	0.0	14.053084000555613	primary	optimal
twostage-20260916T061947Z	RE:RXF 393	magnitude_g1.00	EX_ade_e	0.0	0.0	1.2233060578935302	primary	optimal
twostage-20260916T061947Z	RE:RXF 393	magnitude_g1.00	EX_adn_e	0.0	0.0	0.9649726086540539	primary	optimal
twostage-20260916T061947Z	RE:RXF 393	magnitude_g1.00	EX_ahcys_e	0.0	0.0	0.9067234587214158	primary	optimal
twostage-20260916T061947Z	RE:RXF 393	magnitude_g1.00	EX_akg_e	0.0	0.0	39.94339331122602	primary	optimal
twostage-20260916T061947Z	RE:RXF 393	magnitude_g1.00	EX_ala__L_e	1e-06	0.0	59.33649392763585	primary	optimal
twostage-20260916T061947Z	RE:RXF 393	magnitude_g1.00	EX_amp_e	0.0	0.0	0.8035128627095135	primary	optimal
twostage-20260916T061947Z	RE:RXF 393	magnitude_g1.00	EX_anth_e	0.0	0.0	3.7671182194874926	primary	optimal
twostage-20260916T061947Z	RE:RXF 393	magnitude_g1.00	EX_arg__L_e	-9.999999	-10.0	3.3315150251449803	primary	optimal
twostage-20260916T061947Z	RE:RXF 393	magnitude_g1.00	EX_asn__L_e	-9.999999000000003	-10.0	7.418940572437729	primary	optimal
twostage-20260916T061947Z	RE:RXF 393	magnitude_g1.00	EX_asp__L_e	-9.999998999999999	-10.0	29.917921799042023	primary	optimal
twostage-20260916T061947Z	RE:RXF 393	magnitude_g1.00	EX_bilirub_e	0.0	0.0	0.5002760624829861	primary	optimal
twostage-20260916T061947Z	RE:RXF 393	magnitude_g1.00	EX_cala_e	0.0	0.0	3.067593013328784	primary	optimal
twostage-20260916T061947Z	RE:RXF 393	magnitude_g1.00	EX_chol_e	-9.999999000000003	-10.0	0.5364413963782043	primary	optimal
twostage-20260916T061947Z	RE:RXF 393	magnitude_g1.00	EX_cholp_e	0.0	0.0	6.0716780919425	primary	optimal
twostage-20260916T061947Z	RE:RXF 393	magnitude_g1.00	EX_cit_e	0.0	0.0	31.04532622898853	primary	optimal
twostage-20260916T061947Z	RE:RXF 393	magnitude_g1.00	EX_citr__L_e	0.0	0.0	16.091318303720243	primary	optimal
twostage-20260916T061947Z	RE:RXF 393	magnitude_g1.00	EX_cmp_e	0.0	0.0	0.0	primary	optimal
twostage-20260916T061947Z	RE:RXF 393	magnitude_g1.00	EX_crn_e	-0.999999	-1.0	2.220446049250313e-16	primary	optimal
twostage-20260916T061947Z	RE:RXF 393	magnitude_g1.00	EX_cyst__L_e	0.0	0.0	3.7010285160828587	primary	optimal
twostage-20260916T061947Z	RE:RXF 393	magnitude_g1.00	EX_cytd_e	0.0	0.0	1.8761012149179852	primary	optimal
twostage-20260916T061947Z	RE:RXF 393	magnitude_g1.00	EX_dad_2_e	0.0	0.0	0.9564014291538607	primary	optimal
twostage-20260916T061947Z	RE:RXF 393	magnitude_g1.00	EX_dcmp_e	0.0	0.0	1.6225066077639525	primary	optimal
twostage-20260916T061947Z	RE:RXF 393	magnitude_g1.00	EX_dcyt_e	0.0	0.0	1.9295147377367872	primary	optimal
twostage-20260916T061947Z	RE:RXF 393	magnitude_g1.00	EX_dhap_e	0.0	0.0	5.459526362981232	primary	optimal
twostage-20260916T061947Z	RE:RXF 393	magnitude_g1.00	EX_dmgly_e	0.0	0.0	4.505170020208825	primary	optimal
twostage-20260916T061947Z	RE:RXF 393	magnitude_g1.00	EX_duri_e	0.0	0.0	1.8881905919306077	primary	optimal
twostage-20260916T061947Z	RE:RXF 393	magnitude_g1.00	EX_ethamp_e	0.0	0.0	6.0716780919424576	primary	optimal
twostage-20260916T061947Z	RE:RXF 393	magnitude_g1.00	EX_fol_e	-9.999999	-10.0	-6.394884621840902e-14	primary	optimal
twostage-20260916T061947Z	RE:RXF 393	magnitude_g1.00	EX_fum_e	1e-06	0.0	42.638627021134084	primary	optimal
twostage-20260916T061947Z	RE:RXF 393	magnitude_g1.00	EX_g3pc_e	0.0	0.0	2.376258563770694	primary	optimal
twostage-20260916T061947Z	RE:RXF 393	magnitude_g1.00	EX_glc__D_e	-10.0	-10.0	-2.840940619617241	primary	optimal
twostage-20260916T061947Z	RE:RXF 393	magnitude_g1.00	EX_glcur_e	0.0	0.0	4.083795202631721	primary	optimal
twostage-20260916T061947Z	RE:RXF 393	magnitude_g1.00	EX_gln__L_e	-9.999999	-10.0	6.396942783815995	primary	optimal
twostage-20260916T061947Z	RE:RXF 393	magnitude_g1.00	EX_glu__L_e	-9.999999	-10.0	27.60392799082138	primary	optimal
twostage-20260916T061947Z	RE:RXF 393	magnitude_g1.00	EX_gly_e	-9.999998999999999	-10.0	31.112634960805245	primary	optimal
twostage-20260916T061947Z	RE:RXF 393	magnitude_g1.00	EX_glyald_e	0.0	0.0	12.700170622205833	primary	optimal
twostage-20260916T061947Z	RE:RXF 393	magnitude_g1.00	EX_glyb_e	0.0	0.0	10.15847265947929	primary	optimal
twostage-20260916T061947Z	RE:RXF 393	magnitude_g1.00	EX_glyc3p_e	0.0	0.0	5.363030877778105	primary	optimal
twostage-20260916T061947Z	RE:RXF 393	magnitude_g1.00	EX_gmp_e	0.0	0.0	0.0	primary	optimal
twostage-20260916T061947Z	RE:RXF 393	magnitude_g1.00	EX_gthox_e	0.0	0.0	5.607384390791507	primary	optimal
twostage-20260916T061947Z	RE:RXF 393	magnitude_g1.00	EX_hcys__L_e	0.0	0.0	5.028431530375363	primary	optimal
twostage-20260916T061947Z	RE:RXF 393	magnitude_g1.00	EX_hom__L_e	0.0	0.0	0.0	primary	optimal
twostage-20260916T061947Z	RE:RXF 393	magnitude_g1.00	EX_hxan_e	0.0	0.0	1.4337867327500569	primary	optimal
twostage-20260916T061947Z	RE:RXF 393	magnitude_g1.00	EX_icit_e	0.0	0.0	32.14373894649817	primary	optimal
twostage-20260916T061947Z	RE:RXF 393	magnitude_g1.00	EX_ile__L_e	-9.999999	-10.0	-0.93983004446003	primary	optimal
twostage-20260916T061947Z	RE:RXF 393	magnitude_g1.00	EX_imp_e	0.0	0.0	1.0995450182400803	primary	optimal
twostage-20260916T061947Z	RE:RXF 393	magnitude_g1.00	EX_ins_e	0.0	0.0	1.09134636312852	primary	optimal
twostage-20260916T061947Z	RE:RXF 393	magnitude_g1.00	EX_lac__L_e	-0.999999	-1.0	54.25611458908165	primary	optimal
twostage-20260916T061947Z	RE:RXF 393	magnitude_g1.00	EX_lcts_e	0.0	0.0	1.8533325431094034	primary	optimal
twostage-20260916T061947Z	RE:RXF 393	magnitude_g1.00	EX_leu__L_e	-9.999999000000003	-10.0	-1.7922337326704394	primary	optimal
twostage-20260916T061947Z	RE:RXF 393	magnitude_g1.00	EX_lys__L_e	-9.999999000000003	-10.0	-1.9452265708841594	primary	optimal
twostage-20260916T061947Z	RE:RXF 393	magnitude_g1.00	EX_mal__L_e	1e-06	0.0	38.378771720812615	primary	optimal
twostage-20260916T061947Z	RE:RXF 393	magnitude_g1.00	EX_met__L_e	-9.999999	-10.0	-0.5026982632120731	primary	optimal
twostage-20260916T061947Z	RE:RXF 393	magnitude_g1.00	EX_nac_e	0.0	0.0	10.842234322792326	primary	optimal
twostage-20260916T061947Z	RE:RXF 393	magnitude_g1.00	EX_ncam_e	-9.999999	-10.0	1.7763568394002505e-15	primary	optimal
twostage-20260916T061947Z	RE:RXF 393	magnitude_g1.00	EX_nicrnt_e	0.0	0.0	2.7269255821547635	primary	optimal
twostage-20260916T061947Z	RE:RXF 393	magnitude_g1.00	EX_orn_e	1e-06	0.0	34.39096455128831	primary	optimal
twostage-20260916T061947Z	RE:RXF 393	magnitude_g1.00	EX_orot5p_e	0.0	0.0	1.643475404802718	primary	optimal
twostage-20260916T061947Z	RE:RXF 393	magnitude_g1.00	EX_orot_e	0.0	0.0	3.7408694726837104	primary	optimal
twostage-20260916T061947Z	RE:RXF 393	magnitude_g1.00	EX_oxa_e	0.0	0.0	7.537805343138366	primary	optimal
twostage-20260916T061947Z	RE:RXF 393	magnitude_g1.00	EX_pep_e	0.0	0.0	6.071678091942437	primary	optimal
twostage-20260916T061947Z	RE:RXF 393	magnitude_g1.00	EX_phe__L_e	-9.13454787421516	-10.0	-0.852403688210428	primary	optimal
twostage-20260916T061947Z	RE:RXF 393	magnitude_g1.00	EX_pnto__R_e	3.0443653554104834e-12	-10.0	0.0500000000000238	primary	optimal
twostage-20260916T061947Z	RE:RXF 393	magnitude_g1.00	EX_pro__L_e	-1.355101951423151	-10.0	23.426235782267817	primary	optimal
twostage-20260916T061947Z	RE:RXF 393	magnitude_g1.00	EX_quln_e	0.0	0.0	1.3490971810424937	primary	optimal
twostage-20260916T061947Z	RE:RXF 393	magnitude_g1.00	EX_sbt__D_e	0.0	0.0	0.0	primary	optimal
twostage-20260916T061947Z	RE:RXF 393	magnitude_g1.00	EX_ser__L_e	-10.0	-10.0	3.549560768817528	primary	optimal
twostage-20260916T061947Z	RE:RXF 393	magnitude_g1.00	EX_spmd_e	0.0	0.0	1.4405881333240207	primary	optimal
twostage-20260916T061947Z	RE:RXF 393	magnitude_g1.00	EX_sprm_e	0.0	0.0	0.7266749950673216	primary	optimal
twostage-20260916T061947Z	RE:RXF 393	magnitude_g1.00	EX_srtn_e	0.0	0.0	4.061067440152336	primary	optimal
twostage-20260916T061947Z	RE:RXF 393	magnitude_g1.00	EX_succ_e	13.462568264375763	0.0	62.28404005863262	primary	optimal
twostage-20260916T061947Z	RE:RXF 393	magnitude_g1.00	EX_sucr_e	0.0	0.0	0.0	primary	optimal
twostage-20260916T061947Z	RE:RXF 393	magnitude_g1.00	EX_taur_e	0.0	0.0	3.6481928286721885	primary	optimal
twostage-20260916T061947Z	RE:RXF 393	magnitude_g1.00	EX_tchola_e	0.0	0.0	0.7775516239334264	primary	optimal
twostage-20260916T061947Z	RE:RXF 393	magnitude_g1.00	EX_thr__L_e	-1.0272564007096079	-10.0	-1.0272564007096072	primary	optimal
twostage-20260916T061947Z	RE:RXF 393	magnitude_g1.00	EX_thym_e	0.0	0.0	2.3737775711671807	primary	optimal
twostage-20260916T061947Z	RE:RXF 393	magnitude_g1.00	EX_thymd_e	0.0	0.0	1.5940120752926512	primary	optimal
twostage-20260916T061947Z	RE:RXF 393	magnitude_g1.00	EX_trp__L_e	-0.04371317812479467	-10.0	-0.04371317812480946	primary	optimal
twostage-20260916T061947Z	RE:RXF 393	magnitude_g1.00	EX_tyr__L_e	-0.5245548522744694	-10.0	3.7285203502641644	primary	optimal
twostage-20260916T061947Z	RE:RXF 393	magnitude_g1.00	EX_ump_e	0.0	0.0	1.2038019062165395	primary	optimal
twostage-20260916T061947Z	RE:RXF 393	magnitude_g1.00	EX_ura_e	0.0	0.0	3.268231019693509	primary	optimal
twostage-20260916T061947Z	RE:RXF 393	magnitude_g1.00	EX_urate_e	0.0	0.0	1.3703324524341203	primary	optimal
twostage-20260916T061947Z	RE:RXF 393	magnitude_g1.00	EX_uri_e	0.0	0.0	1.908503216604429	primary	optimal
twostage-20260916T061947Z	RE:RXF 393	magnitude_g1.00	EX_val__L_e	-1.1583931498623123	-10.0	-1.1583926498609003	primary	optimal
twostage-20260916T061947Z	RE:RXF 393	magnitude_g1.00	EX_xan_e	0.0	0.0	1.406119573825747	primary	optimal
twostage-20260916T061947Z	RE:RXF 393	magnitude_g1.00	EX_xmp_e	0.0	0.0	1.079971336372644	primary	optimal
twostage-20260916T061947Z	RE:RXF 393	magnitude_g1.00	EX_xtsn_e	0.0	0.0	1.074632914581771	primary	optimal
twostage-20260916T061947Z	RE:SN12C	magnitude_g1.00	EX_2pg_e	0.0	0.0	6.071678091942472	primary	optimal
twostage-20260916T061947Z	RE:SN12C	magnitude_g1.00	EX_34hpp_e	0.0	0.0	13.036415822437103	primary	optimal
twostage-20260916T061947Z	RE:SN12C	magnitude_g1.00	EX_3hanthrn_e	0.0	0.0	1.9940606296342138	primary	optimal
twostage-20260916T061947Z	RE:SN12C	magnitude_g1.00	EX_3pg_e	0.0	0.0	6.071678091942251	primary	optimal
twostage-20260916T061947Z	RE:SN12C	magnitude_g1.00	EX_4abut_e	0.0	0.0	32.0548915715793	primary	optimal
twostage-20260916T061947Z	RE:SN12C	magnitude_g1.00	EX_4hbz_e	0.0	0.0	5.5310749009556455	primary	optimal
twostage-20260916T061947Z	RE:SN12C	magnitude_g1.00	EX_L2aadp_e	0.0	0.0	8.72475756209651	primary	optimal
twostage-20260916T061947Z	RE:SN12C	magnitude_g1.00	EX_Lkynr_e	0.0	0.0	4.0341381785981545	primary	optimal
twostage-20260916T061947Z	RE:SN12C	magnitude_g1.00	EX_acac_e	0.0	0.0	14.197136005229474	primary	optimal
twostage-20260916T061947Z	RE:SN12C	magnitude_g1.00	EX_ade_e	0.0	0.0	1.2398990326933799	primary	optimal
twostage-20260916T061947Z	RE:SN12C	magnitude_g1.00	EX_adn_e	0.0	0.0	0.9776079694134882	primary	optimal
twostage-20260916T061947Z	RE:SN12C	magnitude_g1.00	EX_ahcys_e	0.0	0.0	0.9164567709811303	primary	optimal
twostage-20260916T061947Z	RE:SN12C	magnitude_g1.00	EX_akg_e	0.0	0.0	40.19980812151379	primary	optimal
twostage-20260916T061947Z	RE:SN12C	magnitude_g1.00	EX_ala__L_e	1e-06	0.0	58.72435001267233	primary	optimal
twostage-20260916T061947Z	RE:SN12C	magnitude_g1.00	EX_amp_e	0.0	0.0	0.8133297877416337	primary	optimal
twostage-20260916T061947Z	RE:SN12C	magnitude_g1.00	EX_anth_e	0.0	0.0	3.747742331375557	primary	optimal
twostage-20260916T061947Z	RE:SN12C	magnitude_g1.00	EX_arg__L_e	-9.999999000000003	-10.0	3.2461466084079786	primary	optimal
twostage-20260916T061947Z	RE:SN12C	magnitude_g1.00	EX_asn__L_e	-9.999999	-10.0	7.414119998163723	primary	optimal
twostage-20260916T061947Z	RE:SN12C	magnitude_g1.00	EX_asp__L_e	-9.999999	-10.0	29.91477391152635	primary	optimal
twostage-20260916T061947Z	RE:SN12C	magnitude_g1.00	EX_bilirub_e	0.0	0.0	0.49762965159920647	primary	optimal
twostage-20260916T061947Z	RE:SN12C	magnitude_g1.00	EX_cala_e	0.0	0.0	3.1009689456893	primary	optimal
twostage-20260916T061947Z	RE:SN12C	magnitude_g1.00	EX_chol_e	-9.999999	-10.0	0.5534818417050447	primary	optimal
twostage-20260916T061947Z	RE:SN12C	magnitude_g1.00	EX_cholp_e	0.0	0.0	6.071678091942365	primary	optimal
twostage-20260916T061947Z	RE:SN12C	magnitude_g1.00	EX_cit_e	0.0	0.0	31.045326228989676	primary	optimal
twostage-20260916T061947Z	RE:SN12C	magnitude_g1.00	EX_citr__L_e	0.0	0.0	16.07052794603233	primary	optimal
twostage-20260916T061947Z	RE:SN12C	magnitude_g1.00	EX_cmp_e	0.0	0.0	0.0	primary	optimal
twostage-20260916T061947Z	RE:SN12C	magnitude_g1.00	EX_crn_e	-0.9999989999999999	-1.0	-5.551115123125783e-16	primary	optimal
twostage-20260916T061947Z	RE:SN12C	magnitude_g1.00	EX_cyst__L_e	0.0	0.0	3.720577484619461	primary	optimal
twostage-20260916T061947Z	RE:SN12C	magnitude_g1.00	EX_cytd_e	0.0	0.0	1.8942409626838417	primary	optimal
twostage-20260916T061947Z	RE:SN12C	magnitude_g1.00	EX_dad_2_e	0.0	0.0	0.9688864589490142	primary	optimal
twostage-20260916T061947Z	RE:SN12C	magnitude_g1.00	EX_dcmp_e	0.0	0.0	1.636634418783686	primary	optimal
twostage-20260916T061947Z	RE:SN12C	magnitude_g1.00	EX_dcyt_e	0.0	0.0	1.9461093280258004	primary	optimal
twostage-20260916T061947Z	RE:SN12C	magnitude_g1.00	EX_dhap_e	0.0	0.0	5.5020342098693025	primary	optimal
twostage-20260916T061947Z	RE:SN12C	magnitude_g1.00	EX_dmgly_e	0.0	0.0	4.519492920584575	primary	optimal
twostage-20260916T061947Z	RE:SN12C	magnitude_g1.00	EX_duri_e	0.0	0.0	1.9052625690297078	primary	optimal
twostage-20260916T061947Z	RE:SN12C	magnitude_g1.00	EX_ethamp_e	0.0	0.0	6.071678091942366	primary	optimal
twostage-20260916T061947Z	RE:SN12C	magnitude_g1.00	EX_fol_e	-9.999998999999999	-10.0	5.329070518200751e-15	primary	optimal
twostage-20260916T061947Z	RE:SN12C	magnitude_g1.00	EX_fum_e	1e-06	0.0	42.649392731367286	primary	optimal
twostage-20260916T061947Z	RE:SN12C	magnitude_g1.00	EX_g3pc_e	0.0	0.0	2.3773417827556114	primary	optimal
twostage-20260916T061947Z	RE:SN12C	magnitude_g1.00	EX_glc__D_e	-10.0	-10.0	-2.836883733753173	primary	optimal
twostage-20260916T061947Z	RE:SN12C	magnitude_g1.00	EX_glcur_e	0.0	0.0	4.085209708575472	primary	optimal
twostage-20260916T061947Z	RE:SN12C	magnitude_g1.00	EX_gln__L_e	-9.999999000000003	-10.0	6.4601952215921665	primary	optimal
twostage-20260916T061947Z	RE:SN12C	magnitude_g1.00	EX_glu__L_e	-9.999999	-10.0	27.882843991075557	primary	optimal
twostage-20260916T061947Z	RE:SN12C	magnitude_g1.00	EX_gly_e	-9.999999000000003	-10.0	30.75018648999843	primary	optimal
twostage-20260916T061947Z	RE:SN12C	magnitude_g1.00	EX_glyald_e	0.0	0.0	12.742728847305106	primary	optimal
twostage-20260916T061947Z	RE:SN12C	magnitude_g1.00	EX_glyb_e	0.0	0.0	10.182613424927753	primary	optimal
twostage-20260916T061947Z	RE:SN12C	magnitude_g1.00	EX_glyc3p_e	0.0	0.0	5.414581686273611	primary	optimal
twostage-20260916T061947Z	RE:SN12C	magnitude_g1.00	EX_gmp_e	0.0	0.0	0.0	primary	optimal
twostage-20260916T061947Z	RE:SN12C	magnitude_g1.00	EX_gthox_e	0.0	0.0	5.600433140111329	primary	optimal
twostage-20260916T061947Z	RE:SN12C	magnitude_g1.00	EX_hcys__L_e	0.0	0.0	5.060159293981235	primary	optimal
twostage-20260916T061947Z	RE:SN12C	magnitude_g1.00	EX_hom__L_e	0.0	0.0	0.0	primary	optimal
twostage-20260916T061947Z	RE:SN12C	magnitude_g1.00	EX_hxan_e	0.0	0.0	1.453102963333895	primary	optimal
twostage-20260916T061947Z	RE:SN12C	magnitude_g1.00	EX_icit_e	0.0	0.0	32.136670863154144	primary	optimal
twostage-20260916T061947Z	RE:SN12C	magnitude_g1.00	EX_ile__L_e	-9.999999	-10.0	-0.9398300444600176	primary	optimal
twostage-20260916T061947Z	RE:SN12C	magnitude_g1.00	EX_imp_e	0.0	0.0	1.112756662455963	primary	optimal
twostage-20260916T061947Z	RE:SN12C	magnitude_g1.00	EX_ins_e	0.0	0.0	1.1054062731243188	primary	optimal
twostage-20260916T061947Z	RE:SN12C	magnitude_g1.00	EX_lac__L_e	-0.999999	-1.0	54.25611458908245	primary	optimal
twostage-20260916T061947Z	RE:SN12C	magnitude_g1.00	EX_lcts_e	0.0	0.0	1.8556267261916135	primary	optimal
twostage-20260916T061947Z	RE:SN12C	magnitude_g1.00	EX_leu__L_e	-9.999999	-10.0	-1.79223373267045	primary	optimal
twostage-20260916T061947Z	RE:SN12C	magnitude_g1.00	EX_lys__L_e	-9.999999	-10.0	-1.9452265708841736	primary	optimal
twostage-20260916T061947Z	RE:SN12C	magnitude_g1.00	EX_mal__L_e	1e-06	0.0	38.37877172081442	primary	optimal
twostage-20260916T061947Z	RE:SN12C	magnitude_g1.00	EX_met__L_e	-9.999999	-10.0	-0.5026982632120713	primary	optimal
twostage-20260916T061947Z	RE:SN12C	magnitude_g1.00	EX_nac_e	0.0	0.0	10.85245338100071	primary	optimal
twostage-20260916T061947Z	RE:SN12C	magnitude_g1.00	EX_ncam_e	-9.999999000000003	-10.0	1.7763568394002505e-15	primary	optimal
twostage-20260916T061947Z	RE:SN12C	magnitude_g1.00	EX_nicrnt_e	0.0	0.0	2.74281618627492	primary	optimal
twostage-20260916T061947Z	RE:SN12C	magnitude_g1.00	EX_orn_e	1e-06	0.0	34.746883142353475	primary	optimal
twostage-20260916T061947Z	RE:SN12C	magnitude_g1.00	EX_orot5p_e	0.0	0.0	1.6576016497093544	primary	optimal
twostage-20260916T061947Z	RE:SN12C	magnitude_g1.00	EX_orot_e	0.0	0.0	3.7950798217687125	primary	optimal
twostage-20260916T061947Z	RE:SN12C	magnitude_g1.00	EX_oxa_e	0.0	0.0	7.605483095823097	primary	optimal
twostage-20260916T061947Z	RE:SN12C	magnitude_g1.00	EX_pep_e	0.0	0.0	6.071678091942416	primary	optimal
twostage-20260916T061947Z	RE:SN12C	magnitude_g1.00	EX_phe__L_e	-9.134547874218509	-10.0	-0.8524036882104191	primary	optimal
twostage-20260916T061947Z	RE:SN12C	magnitude_g1.00	EX_pnto__R_e	-2.311056301663417e-12	-10.0	0.05000000000000071	primary	optimal
twostage-20260916T061947Z	RE:SN12C	magnitude_g1.00	EX_pro__L_e	-1.3551019514193716	-10.0	23.133220764084033	primary	optimal
twostage-20260916T061947Z	RE:SN12C	magnitude_g1.00	EX_quln_e	0.0	0.0	1.342490307866646	primary	optimal
twostage-20260916T061947Z	RE:SN12C	magnitude_g1.00	EX_sbt__D_e	0.0	0.0	0.0	primary	optimal
twostage-20260916T061947Z	RE:SN12C	magnitude_g1.00	EX_ser__L_e	-10.0	-10.0	3.39711295494441	primary	optimal
twostage-20260916T061947Z	RE:SN12C	magnitude_g1.00	EX_spmd_e	0.0	0.0	1.441721171187449	primary	optimal
twostage-20260916T061947Z	RE:SN12C	magnitude_g1.00	EX_sprm_e	0.0	0.0	0.7267857295682765	primary	optimal
twostage-20260916T061947Z	RE:SN12C	magnitude_g1.00	EX_srtn_e	0.0	0.0	4.0534903703826926	primary	optimal
twostage-20260916T061947Z	RE:SN12C	magnitude_g1.00	EX_succ_e	13.462568264373017	0.0	62.28404005863359	primary	optimal
twostage-20260916T061947Z	RE:SN12C	magnitude_g1.00	EX_sucr_e	0.0	0.0	0.0	primary	optimal
twostage-20260916T061947Z	RE:SN12C	magnitude_g1.00	EX_taur_e	0.0	0.0	3.63347237973258	primary	optimal
twostage-20260916T061947Z	RE:SN12C	magnitude_g1.00	EX_tchola_e	0.0	0.0	0.7758416395072316	primary	optimal
twostage-20260916T061947Z	RE:SN12C	magnitude_g1.00	EX_thr__L_e	-1.0272564007096083	-10.0	-1.0272564007096072	primary	optimal
twostage-20260916T061947Z	RE:SN12C	magnitude_g1.00	EX_thym_e	0.0	0.0	2.4057664672227417	primary	optimal
twostage-20260916T061947Z	RE:SN12C	magnitude_g1.00	EX_thymd_e	0.0	0.0	1.610212234358695	primary	optimal
twostage-20260916T061947Z	RE:SN12C	magnitude_g1.00	EX_trp__L_e	-0.04371317812479467	-10.0	-0.04371317812479525	primary	optimal
twostage-20260916T061947Z	RE:SN12C	magnitude_g1.00	EX_tyr__L_e	-0.5245548522744694	-10.0	3.7273353797154405	primary	optimal
twostage-20260916T061947Z	RE:SN12C	magnitude_g1.00	EX_ump_e	0.0	0.0	1.2152147979473313	primary	optimal
twostage-20260916T061947Z	RE:SN12C	magnitude_g1.00	EX_ura_e	0.0	0.0	3.31063996345897	primary	optimal
twostage-20260916T061947Z	RE:SN12C	magnitude_g1.00	EX_urate_e	0.0	0.0	1.3870598413722286	primary	optimal
twostage-20260916T061947Z	RE:SN12C	magnitude_g1.00	EX_uri_e	0.0	0.0	1.9319326072661127	primary	optimal
twostage-20260916T061947Z	RE:SN12C	magnitude_g1.00	EX_val__L_e	-1.1583931498597888	-10.0	-1.158392649860911	primary	optimal
twostage-20260916T061947Z	RE:SN12C	magnitude_g1.00	EX_xan_e	0.0	0.0	1.424054632580749	primary	optimal
twostage-20260916T061947Z	RE:SN12C	magnitude_g1.00	EX_xmp_e	0.0	0.0	1.0936305911451065	primary	optimal
twostage-20260916T061947Z	RE:SN12C	magnitude_g1.00	EX_xtsn_e	0.0	0.0	1.0871411599243288	primary	optimal
twostage-20260916T061947Z	RE:TK-10	magnitude_g1.00	EX_2pg_e	0.0	0.0	6.071678091942299	primary	optimal
twostage-20260916T061947Z	RE:TK-10	magnitude_g1.00	EX_34hpp_e	0.0	0.0	12.99208077753953	primary	optimal
twostage-20260916T061947Z	RE:TK-10	magnitude_g1.00	EX_3hanthrn_e	0.0	0.0	1.9780176443918043	primary	optimal
twostage-20260916T061947Z	RE:TK-10	magnitude_g1.00	EX_3pg_e	0.0	0.0	6.07167809194249	primary	optimal
twostage-20260916T061947Z	RE:TK-10	magnitude_g1.00	EX_4abut_e	0.0	0.0	31.509384907227126	primary	optimal
twostage-20260916T061947Z	RE:TK-10	magnitude_g1.00	EX_4hbz_e	0.0	0.0	5.511523668496998	primary	optimal
twostage-20260916T061947Z	RE:TK-10	magnitude_g1.00	EX_L2aadp_e	0.0	0.0	8.71883193415625	primary	optimal
twostage-20260916T061947Z	RE:TK-10	magnitude_g1.00	EX_Lkynr_e	0.0	0.0	3.99931160367181	primary	optimal
twostage-20260916T061947Z	RE:TK-10	magnitude_g1.00	EX_acac_e	0.0	0.0	14.207606606230257	primary	optimal
twostage-20260916T061947Z	RE:TK-10	magnitude_g1.00	EX_ade_e	0.0	0.0	1.2363432549844127	primary	optimal
twostage-20260916T061947Z	RE:TK-10	magnitude_g1.00	EX_adn_e	0.0	0.0	0.9724224745642538	primary	optimal
twostage-20260916T061947Z	RE:TK-10	magnitude_g1.00	EX_ahcys_e	0.0	0.0	0.9121311823122523	primary	optimal
twostage-20260916T061947Z	RE:TK-10	magnitude_g1.00	EX_akg_e	0.0	0.0	40.15107963329489	primary	optimal
twostage-20260916T061947Z	RE:TK-10	magnitude_g1.00	EX_ala__L_e	1e-06	0.0	59.22423336424784	primary	optimal
twostage-20260916T061947Z	RE:TK-10	magnitude_g1.00	EX_amp_e	0.0	0.0	0.8104543573650217	primary	optimal
twostage-20260916T061947Z	RE:TK-10	magnitude_g1.00	EX_anth_e	0.0	0.0	3.7291126417823275	primary	optimal
twostage-20260916T061947Z	RE:TK-10	magnitude_g1.00	EX_arg__L_e	-9.999999000000003	-10.0	3.2365961131624617	primary	optimal
twostage-20260916T061947Z	RE:TK-10	magnitude_g1.00	EX_asn__L_e	-9.999999	-10.0	7.389410820346366	primary	optimal
twostage-20260916T061947Z	RE:TK-10	magnitude_g1.00	EX_asp__L_e	-9.999999	-10.0	29.96653766713834	primary	optimal
twostage-20260916T061947Z	RE:TK-10	magnitude_g1.00	EX_bilirub_e	-2.5165794995407615e-32	0.0	0.4945384775033519	primary	optimal
twostage-20260916T061947Z	RE:TK-10	magnitude_g1.00	EX_cala_e	0.0	0.0	3.07842476793095	primary	optimal
twostage-20260916T061947Z	RE:TK-10	magnitude_g1.00	EX_chol_e	-9.999999	-10.0	0.5329380696524881	primary	optimal
twostage-20260916T061947Z	RE:TK-10	magnitude_g1.00	EX_cholp_e	0.0	0.0	6.071678091942453	primary	optimal
twostage-20260916T061947Z	RE:TK-10	magnitude_g1.00	EX_cit_e	0.0	0.0	31.045326228987406	primary	optimal
twostage-20260916T061947Z	RE:TK-10	magnitude_g1.00	EX_citr__L_e	0.0	0.0	16.058682771816144	primary	optimal
twostage-20260916T061947Z	RE:TK-10	magnitude_g1.00	EX_cmp_e	0.0	0.0	0.0	primary	optimal
twostage-20260916T061947Z	RE:TK-10	magnitude_g1.00	EX_crn_e	-0.9999990000000001	-1.0	-5.551115123125783e-16	primary	optimal
twostage-20260916T061947Z	RE:TK-10	magnitude_g1.00	EX_cyst__L_e	0.0	0.0	3.6904109986792037	primary	optimal
twostage-20260916T061947Z	RE:TK-10	magnitude_g1.00	EX_cytd_e	0.0	0.0	1.879254593217332	primary	optimal
twostage-20260916T061947Z	RE:TK-10	magnitude_g1.00	EX_dad_2_e	0.0	0.0	0.963877156463389	primary	optimal
twostage-20260916T061947Z	RE:TK-10	magnitude_g1.00	EX_dcmp_e	0.0	0.0	1.6273148350981557	primary	optimal
twostage-20260916T061947Z	RE:TK-10	magnitude_g1.00	EX_dcyt_e	0.0	0.0	1.9296853855578946	primary	optimal
twostage-20260916T061947Z	RE:TK-10	magnitude_g1.00	EX_dhap_e	0.0	0.0	5.4885985920131874	primary	optimal
twostage-20260916T061947Z	RE:TK-10	magnitude_g1.00	EX_dmgly_e	0.0	0.0	4.470073140214628	primary	optimal
twostage-20260916T061947Z	RE:TK-10	magnitude_g1.00	EX_duri_e	0.0	0.0	1.8910057268557334	primary	optimal
twostage-20260916T061947Z	RE:TK-10	magnitude_g1.00	EX_ethamp_e	0.0	0.0	6.071678091942386	primary	optimal
twostage-20260916T061947Z	RE:TK-10	magnitude_g1.00	EX_fol_e	-9.999999	-10.0	-1.1546319456101628e-14	primary	optimal
twostage-20260916T061947Z	RE:TK-10	magnitude_g1.00	EX_fum_e	1e-06	0.0	42.63927921005508	primary	optimal
twostage-20260916T061947Z	RE:TK-10	magnitude_g1.00	EX_g3pc_e	0.0	0.0	2.367499156956081	primary	optimal
twostage-20260916T061947Z	RE:TK-10	magnitude_g1.00	EX_glc__D_e	-10.0	-10.0	-2.8903908726386316	primary	optimal
twostage-20260916T061947Z	RE:TK-10	magnitude_g1.00	EX_glcur_e	0.0	0.0	4.042073424254115	primary	optimal
twostage-20260916T061947Z	RE:TK-10	magnitude_g1.00	EX_gln__L_e	-9.999999	-10.0	6.381713570698842	primary	optimal
twostage-20260916T061947Z	RE:TK-10	magnitude_g1.00	EX_glu__L_e	-9.999999	-10.0	27.82787359307268	primary	optimal
twostage-20260916T061947Z	RE:TK-10	magnitude_g1.00	EX_gly_e	-9.999999	-10.0	30.74297739640784	primary	optimal
twostage-20260916T061947Z	RE:TK-10	magnitude_g1.00	EX_glyald_e	0.0	0.0	12.60583231801349	primary	optimal
twostage-20260916T061947Z	RE:TK-10	magnitude_g1.00	EX_glyb_e	0.0	0.0	10.160994416119237	primary	optimal
twostage-20260916T061947Z	RE:TK-10	magnitude_g1.00	EX_glyc3p_e	0.0	0.0	5.396784415916089	primary	optimal
twostage-20260916T061947Z	RE:TK-10	magnitude_g1.00	EX_gmp_e	0.0	0.0	0.0	primary	optimal
twostage-20260916T061947Z	RE:TK-10	magnitude_g1.00	EX_gthox_e	0.0	0.0	5.609875247372795	primary	optimal
twostage-20260916T061947Z	RE:TK-10	magnitude_g1.00	EX_hcys__L_e	0.0	0.0	5.021242236924307	primary	optimal
twostage-20260916T061947Z	RE:TK-10	magnitude_g1.00	EX_hom__L_e	0.0	0.0	0.0	primary	optimal
twostage-20260916T061947Z	RE:TK-10	magnitude_g1.00	EX_hxan_e	0.0	0.0	1.4460791611999542	primary	optimal
twostage-20260916T061947Z	RE:TK-10	magnitude_g1.00	EX_icit_e	0.0	0.0	32.14231547408507	primary	optimal
twostage-20260916T061947Z	RE:TK-10	magnitude_g1.00	EX_ile__L_e	-9.999999	-10.0	-0.9398300444600842	primary	optimal
twostage-20260916T061947Z	RE:TK-10	magnitude_g1.00	EX_imp_e	0.0	0.0	1.1064284872998633	primary	optimal
twostage-20260916T061947Z	RE:TK-10	magnitude_g1.00	EX_ins_e	0.0	0.0	1.0976483873111136	primary	optimal
twostage-20260916T061947Z	RE:TK-10	magnitude_g1.00	EX_lac__L_e	-0.9999989999999999	-1.0	54.25611458908105	primary	optimal
twostage-20260916T061947Z	RE:TK-10	magnitude_g1.00	EX_lcts_e	0.0	0.0	1.844846922886068	primary	optimal
twostage-20260916T061947Z	RE:TK-10	magnitude_g1.00	EX_leu__L_e	-9.999999	-10.0	-1.7922337326704483	primary	optimal
twostage-20260916T061947Z	RE:TK-10	magnitude_g1.00	EX_lys__L_e	-9.999999	-10.0	-1.945226570884131	primary	optimal
twostage-20260916T061947Z	RE:TK-10	magnitude_g1.00	EX_mal__L_e	1e-06	0.0	38.378771720812836	primary	optimal
twostage-20260916T061947Z	RE:TK-10	magnitude_g1.00	EX_met__L_e	-9.999999	-10.0	-0.5026982632120713	primary	optimal
twostage-20260916T061947Z	RE:TK-10	magnitude_g1.00	EX_nac_e	0.0	0.0	10.82830091313078	primary	optimal
twostage-20260916T061947Z	RE:TK-10	magnitude_g1.00	EX_ncam_e	-9.999999000000003	-10.0	-3.552713678800501e-15	primary	optimal
twostage-20260916T061947Z	RE:TK-10	magnitude_g1.00	EX_nicrnt_e	0.0	0.0	2.721807829670705	primary	optimal
twostage-20260916T061947Z	RE:TK-10	magnitude_g1.00	EX_orn_e	1e-06	0.0	34.64398781265665	primary	optimal
twostage-20260916T061947Z	RE:TK-10	magnitude_g1.00	EX_orot5p_e	0.0	0.0	1.6456353585456363	primary	optimal
twostage-20260916T061947Z	RE:TK-10	magnitude_g1.00	EX_orot_e	0.0	0.0	3.7724801728674637	primary	optimal
twostage-20260916T061947Z	RE:TK-10	magnitude_g1.00	EX_oxa_e	0.0	0.0	7.588522653046192	primary	optimal
twostage-20260916T061947Z	RE:TK-10	magnitude_g1.00	EX_pep_e	0.0	0.0	6.071678091942524	primary	optimal
twostage-20260916T061947Z	RE:TK-10	magnitude_g1.00	EX_phe__L_e	-9.134547874210023	-10.0	-0.85240368821042	primary	optimal
twostage-20260916T061947Z	RE:TK-10	magnitude_g1.00	EX_pnto__R_e	2.926377673806107e-12	-10.0	0.04999999999993676	primary	optimal
twostage-20260916T061947Z	RE:TK-10	magnitude_g1.00	EX_pro__L_e	-1.3551019514252611	-10.0	23.422005122406063	primary	optimal
twostage-20260916T061947Z	RE:TK-10	magnitude_g1.00	EX_quln_e	0.0	0.0	1.3323389957829643	primary	optimal
twostage-20260916T061947Z	RE:TK-10	magnitude_g1.00	EX_sbt__D_e	0.0	0.0	0.0	primary	optimal
twostage-20260916T061947Z	RE:TK-10	magnitude_g1.00	EX_ser__L_e	-10.0	-10.0	3.365579878696142	primary	optimal
twostage-20260916T061947Z	RE:TK-10	magnitude_g1.00	EX_spmd_e	0.0	0.0	1.429289359549525	primary	optimal
twostage-20260916T061947Z	RE:TK-10	magnitude_g1.00	EX_sprm_e	0.0	0.0	0.7212371131189205	primary	optimal
twostage-20260916T061947Z	RE:TK-10	magnitude_g1.00	EX_srtn_e	0.0	0.0	4.026161681816298	primary	optimal
twostage-20260916T061947Z	RE:TK-10	magnitude_g1.00	EX_succ_e	13.462568264375614	0.0	62.284040058631795	primary	optimal
twostage-20260916T061947Z	RE:TK-10	magnitude_g1.00	EX_sucr_e	0.0	0.0	0.0	primary	optimal
twostage-20260916T061947Z	RE:TK-10	magnitude_g1.00	EX_taur_e	0.0	0.0	3.607586862014227	primary	optimal
twostage-20260916T061947Z	RE:TK-10	magnitude_g1.00	EX_tchola_e	0.0	0.0	0.7702845462358275	primary	optimal
twostage-20260916T061947Z	RE:TK-10	magnitude_g1.00	EX_thr__L_e	-1.027256400709608	-10.0	-1.027256400709608	primary	optimal
twostage-20260916T061947Z	RE:TK-10	magnitude_g1.00	EX_thym_e	0.0	0.0	2.3855273169049442	primary	optimal
twostage-20260916T061947Z	RE:TK-10	magnitude_g1.00	EX_thymd_e	0.0	0.0	1.5942167324765033	primary	optimal
twostage-20260916T061947Z	RE:TK-10	magnitude_g1.00	EX_trp__L_e	-0.04371317812479468	-10.0	-0.04371317812479347	primary	optimal
twostage-20260916T061947Z	RE:TK-10	magnitude_g1.00	EX_tyr__L_e	-0.5245548522744694	-10.0	3.678851032659957	primary	optimal
twostage-20260916T061947Z	RE:TK-10	magnitude_g1.00	EX_ump_e	0.0	0.0	1.2096762918183477	primary	optimal
twostage-20260916T061947Z	RE:TK-10	magnitude_g1.00	EX_ura_e	0.0	0.0	3.286028186659115	primary	optimal
twostage-20260916T061947Z	RE:TK-10	magnitude_g1.00	EX_urate_e	0.0	0.0	1.381544201406258	primary	optimal
twostage-20260916T061947Z	RE:TK-10	magnitude_g1.00	EX_uri_e	0.0	0.0	1.911935531611812	primary	optimal
twostage-20260916T061947Z	RE:TK-10	magnitude_g1.00	EX_val__L_e	-1.158393149860907	-10.0	-1.1583926498609252	primary	optimal
twostage-20260916T061947Z	RE:TK-10	magnitude_g1.00	EX_xan_e	0.0	0.0	1.4178563778410345	primary	optimal
twostage-20260916T061947Z	RE:TK-10	magnitude_g1.00	EX_xmp_e	0.0	0.0	1.0873269425169358	primary	optimal
twostage-20260916T061947Z	RE:TK-10	magnitude_g1.00	EX_xtsn_e	0.0	0.0	1.0804858610279677	primary	optimal
twostage-20260916T061947Z	BR:BT-549	ordinal	EX_2pg_e	0.0	0.0	6.071678091942559	primary	optimal
twostage-20260916T061947Z	BR:BT-549	ordinal	EX_34hpp_e	0.0	0.0	12.544529059786502	primary	optimal
twostage-20260916T061947Z	BR:BT-549	ordinal	EX_3hanthrn_e	0.0	0.0	1.819947671656671	primary	optimal
twostage-20260916T061947Z	BR:BT-549	ordinal	EX_3pg_e	0.0	0.0	6.071678091942452	primary	optimal
twostage-20260916T061947Z	BR:BT-549	ordinal	EX_4abut_e	0.0	0.0	20.622350197072876	primary	optimal
twostage-20260916T061947Z	BR:BT-549	ordinal	EX_4hbz_e	0.0	0.0	4.816387224396155	primary	optimal
twostage-20260916T061947Z	BR:BT-549	ordinal	EX_L2aadp_e	0.0	0.0	8.492083286940014	primary	optimal
twostage-20260916T061947Z	BR:BT-549	ordinal	EX_Lkynr_e	0.0	0.0	3.6877087805639435	primary	optimal
twostage-20260916T061947Z	BR:BT-549	ordinal	EX_acac_e	0.0	0.0	12.808796588212816	primary	optimal
twostage-20260916T061947Z	BR:BT-549	ordinal	EX_ade_e	0.0	0.0	1.0444121794092434	primary	optimal
twostage-20260916T061947Z	BR:BT-549	ordinal	EX_adn_e	0.0	0.0	0.8143393920522066	primary	optimal
twostage-20260916T061947Z	BR:BT-549	ordinal	EX_ahcys_e	0.0	0.0	0.7743122409675053	primary	optimal
twostage-20260916T061947Z	BR:BT-549	ordinal	EX_akg_e	1e-06	0.0	36.9961898063346	primary	optimal
twostage-20260916T061947Z	BR:BT-549	ordinal	EX_ala__L_e	1e-06	0.0	51.68127711750317	primary	optimal
twostage-20260916T061947Z	BR:BT-549	ordinal	EX_amp_e	0.0	0.0	0.6791060145607591	primary	optimal
twostage-20260916T061947Z	BR:BT-549	ordinal	EX_anth_e	0.0	0.0	3.414973831076569	primary	optimal
twostage-20260916T061947Z	BR:BT-549	ordinal	EX_arg__L_e	-9.999999000000003	-10.0	2.5795312783460953	primary	optimal
twostage-20260916T061947Z	BR:BT-549	ordinal	EX_asn__L_e	-9.999999	-10.0	6.903517744044837	primary	optimal
twostage-20260916T061947Z	BR:BT-549	ordinal	EX_asp__L_e	-9.999999000000003	-10.0	25.105705705836108	primary	optimal
twostage-20260916T061947Z	BR:BT-549	ordinal	EX_bilirub_e	0.0	0.0	0.4420135551749734	primary	optimal
twostage-20260916T061947Z	BR:BT-549	ordinal	EX_cala_e	0.0	0.0	2.656078521606377	primary	optimal
twostage-20260916T061947Z	BR:BT-549	ordinal	EX_chol_e	-9.999999	-10.0	0.34299054812710356	primary	optimal
twostage-20260916T061947Z	BR:BT-549	ordinal	EX_cholp_e	0.0	0.0	6.071678091942338	primary	optimal
twostage-20260916T061947Z	BR:BT-549	ordinal	EX_cit_e	1e-06	0.0	31.043827026726145	primary	optimal
twostage-20260916T061947Z	BR:BT-549	ordinal	EX_citr__L_e	0.0	0.0	14.337547133934322	primary	optimal
twostage-20260916T061947Z	BR:BT-549	ordinal	EX_cmp_e	0.0	0.0	0.0	primary	optimal
twostage-20260916T061947Z	BR:BT-549	ordinal	EX_crn_e	-0.9999989999999997	-1.0	3.774758283725532e-15	primary	optimal
twostage-20260916T061947Z	BR:BT-549	ordinal	EX_cyst__L_e	0.0	0.0	3.2064240784223426	primary	optimal
twostage-20260916T061947Z	BR:BT-549	ordinal	EX_cytd_e	0.0	0.0	1.5901958903044608	primary	optimal
twostage-20260916T061947Z	BR:BT-549	ordinal	EX_dad_2_e	0.0	0.0	0.810544761909549	primary	optimal
twostage-20260916T061947Z	BR:BT-549	ordinal	EX_dcmp_e	0.0	0.0	1.3744976094077537	primary	optimal
twostage-20260916T061947Z	BR:BT-549	ordinal	EX_dcyt_e	0.0	0.0	1.6260087094794204	primary	optimal
twostage-20260916T061947Z	BR:BT-549	ordinal	EX_dhap_e	0.0	0.0	4.390116831634174	primary	optimal
twostage-20260916T061947Z	BR:BT-549	ordinal	EX_dmgly_e	0.0	0.0	3.963037134338075	primary	optimal
twostage-20260916T061947Z	BR:BT-549	ordinal	EX_duri_e	0.0	0.0	1.5947080905398474	primary	optimal
twostage-20260916T061947Z	BR:BT-549	ordinal	EX_ethamp_e	0.0	0.0	6.0716780919423785	primary	optimal
twostage-20260916T061947Z	BR:BT-549	ordinal	EX_fol_e	-9.999999	-10.0	0.0	primary	optimal
twostage-20260916T061947Z	BR:BT-549	ordinal	EX_fum_e	1.0000000000000002e-06	0.0	40.98075346417109	primary	optimal
twostage-20260916T061947Z	BR:BT-549	ordinal	EX_g3pc_e	0.0	0.0	2.1189675297815787	primary	optimal
twostage-20260916T061947Z	BR:BT-549	ordinal	EX_glc__D_e	-10.0	-10.0	-5.017419052281689	primary	optimal
twostage-20260916T061947Z	BR:BT-549	ordinal	EX_glcur_e	0.0	0.0	3.6638036785639163	primary	optimal
twostage-20260916T061947Z	BR:BT-549	ordinal	EX_gln__L_e	-9.999999	-10.0	4.649854558082113	primary	optimal
twostage-20260916T061947Z	BR:BT-549	ordinal	EX_glu__L_e	-9.999999	-10.0	23.00003005244376	primary	optimal
twostage-20260916T061947Z	BR:BT-549	ordinal	EX_gly_e	-9.999999	-10.0	25.466435744579297	primary	optimal
twostage-20260916T061947Z	BR:BT-549	ordinal	EX_glyald_e	0.0	0.0	9.447283082254671	primary	optimal
twostage-20260916T061947Z	BR:BT-549	ordinal	EX_glyb_e	0.0	0.0	9.894000953751716	primary	optimal
twostage-20260916T061947Z	BR:BT-549	ordinal	EX_glyc3p_e	0.0	0.0	4.213199793455324	primary	optimal
twostage-20260916T061947Z	BR:BT-549	ordinal	EX_gmp_e	0.0	0.0	0.0	primary	optimal
twostage-20260916T061947Z	BR:BT-549	ordinal	EX_gthox_e	0.0	0.0	5.291086841651778	primary	optimal
twostage-20260916T061947Z	BR:BT-549	ordinal	EX_hcys__L_e	0.0	0.0	4.541166093712673	primary	optimal
twostage-20260916T061947Z	BR:BT-549	ordinal	EX_hom__L_e	0.0	0.0	0.0	primary	optimal
twostage-20260916T061947Z	BR:BT-549	ordinal	EX_hxan_e	0.0	0.0	1.2326935797506446	primary	optimal
twostage-20260916T061947Z	BR:BT-549	ordinal	EX_icit_e	1.0000000000000002e-06	0.0	29.877347337621938	primary	optimal
twostage-20260916T061947Z	BR:BT-549	ordinal	EX_ile__L_e	-9.999999	-10.0	-0.939830044460022	primary	optimal
twostage-20260916T061947Z	BR:BT-549	ordinal	EX_imp_e	0.0	0.0	0.9282784450569077	primary	optimal
twostage-20260916T061947Z	BR:BT-549	ordinal	EX_ins_e	0.0	0.0	0.9249882477997204	primary	optimal
twostage-20260916T061947Z	BR:BT-549	ordinal	EX_lac__L_e	-0.9999989999999999	-1.0	53.666195273101565	primary	optimal
twostage-20260916T061947Z	BR:BT-549	ordinal	EX_lcts_e	0.0	0.0	1.4409157286473655	primary	optimal
twostage-20260916T061947Z	BR:BT-549	ordinal	EX_leu__L_e	-9.999999	-10.0	-1.7922337326704447	primary	optimal
twostage-20260916T061947Z	BR:BT-549	ordinal	EX_lys__L_e	-9.999999	-10.0	-1.9452265708841638	primary	optimal
twostage-20260916T061947Z	BR:BT-549	ordinal	EX_mal__L_e	1.0000000000000002e-06	0.0	36.26491398264497	primary	optimal
twostage-20260916T061947Z	BR:BT-549	ordinal	EX_met__L_e	-9.999999	-10.0	-0.5026982632120713	primary	optimal
twostage-20260916T061947Z	BR:BT-549	ordinal	EX_nac_e	-8.970815016027188e-15	0.0	10.643346718108624	primary	optimal
twostage-20260916T061947Z	BR:BT-549	ordinal	EX_ncam_e	-7.845448124332355	-10.0	0.0	primary	optimal
twostage-20260916T061947Z	BR:BT-549	ordinal	EX_nicrnt_e	0.0	0.0	2.270219342732267	primary	optimal
twostage-20260916T061947Z	BR:BT-549	ordinal	EX_orn_e	0.0	0.0	26.903586341339704	primary	optimal
twostage-20260916T061947Z	BR:BT-549	ordinal	EX_orot5p_e	0.0	0.0	1.383806870133558	primary	optimal
twostage-20260916T061947Z	BR:BT-549	ordinal	EX_orot_e	0.0	0.0	3.1883699397587897	primary	optimal
twostage-20260916T061947Z	BR:BT-549	ordinal	EX_oxa_e	0.0	0.0	6.604061594521967	primary	optimal
twostage-20260916T061947Z	BR:BT-549	ordinal	EX_pep_e	0.0	0.0	6.071678091942507	primary	optimal
twostage-20260916T061947Z	BR:BT-549	ordinal	EX_phe__L_e	-0.8524037538347496	-10.0	-0.8524036882104298	primary	optimal
twostage-20260916T061947Z	BR:BT-549	ordinal	EX_pnto__R_e	0.0	-10.0	0.05000000000000249	primary	optimal
twostage-20260916T061947Z	BR:BT-549	ordinal	EX_pro__L_e	-1.3551019514225016	-10.0	18.552690951854647	primary	optimal
twostage-20260916T061947Z	BR:BT-549	ordinal	EX_quln_e	0.0	0.0	1.2200350088543817	primary	optimal
twostage-20260916T061947Z	BR:BT-549	ordinal	EX_sbt__D_e	0.0	0.0	0.0	primary	optimal
twostage-20260916T061947Z	BR:BT-549	ordinal	EX_ser__L_e	-10.0	-10.0	0.15441470570644103	primary	optimal
twostage-20260916T061947Z	BR:BT-549	ordinal	EX_spmd_e	0.0	0.0	1.251627370016717	primary	optimal
twostage-20260916T061947Z	BR:BT-549	ordinal	EX_sprm_e	0.0	0.0	0.6349123017874275	primary	optimal
twostage-20260916T061947Z	BR:BT-549	ordinal	EX_srtn_e	0.0	0.0	3.6492048441095464	primary	optimal
twostage-20260916T061947Z	BR:BT-549	ordinal	EX_succ_e	13.520013421998325	0.0	56.295622295344266	primary	optimal
twostage-20260916T061947Z	BR:BT-549	ordinal	EX_sucr_e	0.0	0.0	0.0	primary	optimal
twostage-20260916T061947Z	BR:BT-549	ordinal	EX_taur_e	0.0	0.0	3.2355732910080075	primary	optimal
twostage-20260916T061947Z	BR:BT-549	ordinal	EX_tchola_e	0.0	0.0	0.6999165342331146	primary	optimal
twostage-20260916T061947Z	BR:BT-549	ordinal	EX_thr__L_e	-1.0272564007096083	-10.0	-1.0272564007096072	primary	optimal
twostage-20260916T061947Z	BR:BT-549	ordinal	EX_thym_e	0.0	0.0	2.012242470261013	primary	optimal
twostage-20260916T061947Z	BR:BT-549	ordinal	EX_thymd_e	0.0	0.0	1.337308190259893	primary	optimal
twostage-20260916T061947Z	BR:BT-549	ordinal	EX_trp__L_e	-0.043713178124794666	-10.0	-0.043713178124791696	primary	optimal
twostage-20260916T061947Z	BR:BT-549	ordinal	EX_tyr__L_e	-0.5245548522744695	-10.0	3.3421639813517494	primary	optimal
twostage-20260916T061947Z	BR:BT-549	ordinal	EX_ump_e	0.0	0.0	1.0164297938532145	primary	optimal
twostage-20260916T061947Z	BR:BT-549	ordinal	EX_ura_e	0.0	0.0	2.8119443683109413	primary	optimal
twostage-20260916T061947Z	BR:BT-549	ordinal	EX_urate_e	0.0	0.0	1.1787956115381077	primary	optimal
twostage-20260916T061947Z	BR:BT-549	ordinal	EX_uri_e	0.0	0.0	1.603283341190453	primary	optimal
twostage-20260916T061947Z	BR:BT-549	ordinal	EX_val__L_e	-1.1583931571346004	-10.0	-1.1583926498609287	primary	optimal
twostage-20260916T061947Z	BR:BT-549	ordinal	EX_xan_e	0.0	0.0	1.211077646711708	primary	optimal
twostage-20260916T061947Z	BR:BT-549	ordinal	EX_xmp_e	0.0	0.0	0.914600830696265	primary	optimal
twostage-20260916T061947Z	BR:BT-549	ordinal	EX_xtsn_e	0.0	0.0	0.9111131601636585	primary	optimal
twostage-20260916T061947Z	BR:MCF7	ordinal	EX_2pg_e	0.0	0.0	6.071678091942469	primary	optimal
twostage-20260916T061947Z	BR:MCF7	ordinal	EX_34hpp_e	0.0	0.0	12.56198259091971	primary	optimal
twostage-20260916T061947Z	BR:MCF7	ordinal	EX_3hanthrn_e	0.0	0.0	1.806026181109603	primary	optimal
twostage-20260916T061947Z	BR:MCF7	ordinal	EX_3pg_e	0.0	0.0	6.071678091942396	primary	optimal
twostage-20260916T061947Z	BR:MCF7	ordinal	EX_4abut_e	0.0	0.0	25.58956661155841	primary	optimal
twostage-20260916T061947Z	BR:MCF7	ordinal	EX_4hbz_e	0.0	0.0	4.828864456062167	primary	optimal
twostage-20260916T061947Z	BR:MCF7	ordinal	EX_L2aadp_e	0.0	0.0	8.539955724000697	primary	optimal
twostage-20260916T061947Z	BR:MCF7	ordinal	EX_Lkynr_e	0.0	0.0	3.622671332955551	primary	optimal
twostage-20260916T061947Z	BR:MCF7	ordinal	EX_acac_e	0.0	0.0	12.090535655316136	primary	optimal
twostage-20260916T061947Z	BR:MCF7	ordinal	EX_ade_e	0.0	0.0	1.0317099271179349	primary	optimal
twostage-20260916T061947Z	BR:MCF7	ordinal	EX_adn_e	0.0	0.0	0.8118742736889263	primary	optimal
twostage-20260916T061947Z	BR:MCF7	ordinal	EX_ahcys_e	0.0	0.0	0.7723735872883042	primary	optimal
twostage-20260916T061947Z	BR:MCF7	ordinal	EX_akg_e	1e-06	0.0	37.323626369167435	primary	optimal
twostage-20260916T061947Z	BR:MCF7	ordinal	EX_ala__L_e	1e-06	0.0	51.50526028185646	primary	optimal
twostage-20260916T061947Z	BR:MCF7	ordinal	EX_amp_e	0.0	0.0	0.6779324786702772	primary	optimal
twostage-20260916T061947Z	BR:MCF7	ordinal	EX_anth_e	0.0	0.0	3.3718873896558144	primary	optimal
twostage-20260916T061947Z	BR:MCF7	ordinal	EX_arg__L_e	-9.999999000000003	-10.0	2.4719932925022734	primary	optimal
twostage-20260916T061947Z	BR:MCF7	ordinal	EX_asn__L_e	-9.999999	-10.0	6.905451567292422	primary	optimal
twostage-20260916T061947Z	BR:MCF7	ordinal	EX_asp__L_e	-9.999999	-10.0	25.061072169579	primary	optimal
twostage-20260916T061947Z	BR:MCF7	ordinal	EX_bilirub_e	0.0	0.0	0.443082576031217	primary	optimal
twostage-20260916T061947Z	BR:MCF7	ordinal	EX_cala_e	0.0	0.0	2.57775580965609	primary	optimal
twostage-20260916T061947Z	BR:MCF7	ordinal	EX_chol_e	-9.999999	-10.0	0.36049885950103544	primary	optimal
twostage-20260916T061947Z	BR:MCF7	ordinal	EX_cholp_e	0.0	0.0	6.071678091942585	primary	optimal
twostage-20260916T061947Z	BR:MCF7	ordinal	EX_cit_e	1e-06	0.0	31.04532622898736	primary	optimal
twostage-20260916T061947Z	BR:MCF7	ordinal	EX_citr__L_e	0.0	0.0	13.980451834077607	primary	optimal
twostage-20260916T061947Z	BR:MCF7	ordinal	EX_cmp_e	0.0	0.0	0.0	primary	optimal
twostage-20260916T061947Z	BR:MCF7	ordinal	EX_crn_e	-0.999999	-1.0	-4.9960036108132044e-15	primary	optimal
twostage-20260916T061947Z	BR:MCF7	ordinal	EX_cyst__L_e	0.0	0.0	3.253177520585625	primary	optimal
twostage-20260916T061947Z	BR:MCF7	ordinal	EX_cytd_e	0.0	0.0	1.5882439661472691	primary	optimal
twostage-20260916T061947Z	BR:MCF7	ordinal	EX_dad_2_e	0.0	0.0	0.8089814925049598	primary	optimal
twostage-20260916T061947Z	BR:MCF7	ordinal	EX_dcmp_e	0.0	0.0	1.3755766002366658	primary	optimal
twostage-20260916T061947Z	BR:MCF7	ordinal	EX_dcyt_e	0.0	0.0	1.6492809718085464	primary	optimal
twostage-20260916T061947Z	BR:MCF7	ordinal	EX_dhap_e	0.0	0.0	4.401234602626152	primary	optimal
twostage-20260916T061947Z	BR:MCF7	ordinal	EX_dmgly_e	0.0	0.0	3.954788551853326	primary	optimal
twostage-20260916T061947Z	BR:MCF7	ordinal	EX_duri_e	0.0	0.0	1.619585576766462	primary	optimal
twostage-20260916T061947Z	BR:MCF7	ordinal	EX_ethamp_e	0.0	0.0	6.071678091942571	primary	optimal
twostage-20260916T061947Z	BR:MCF7	ordinal	EX_fol_e	-9.999999000000003	-10.0	3.375077994860476e-14	primary	optimal
twostage-20260916T061947Z	BR:MCF7	ordinal	EX_fum_e	1e-06	0.0	41.08451575411803	primary	optimal
twostage-20260916T061947Z	BR:MCF7	ordinal	EX_g3pc_e	0.0	0.0	2.08898698802818	primary	optimal
twostage-20260916T061947Z	BR:MCF7	ordinal	EX_glc__D_e	-10.0	-10.0	-4.790745053346115	primary	optimal
twostage-20260916T061947Z	BR:MCF7	ordinal	EX_glcur_e	0.0	0.0	3.6073894956117774	primary	optimal
twostage-20260916T061947Z	BR:MCF7	ordinal	EX_gln__L_e	-9.999999000000003	-10.0	5.0053018435448084	primary	optimal
twostage-20260916T061947Z	BR:MCF7	ordinal	EX_glu__L_e	-9.999999	-10.0	23.689797204811654	primary	optimal
twostage-20260916T061947Z	BR:MCF7	ordinal	EX_gly_e	-9.999999	-10.0	26.394321230575102	primary	optimal
twostage-20260916T061947Z	BR:MCF7	ordinal	EX_glyald_e	0.0	0.0	9.889900232326998	primary	optimal
twostage-20260916T061947Z	BR:MCF7	ordinal	EX_glyb_e	0.0	0.0	9.918697383943453	primary	optimal
twostage-20260916T061947Z	BR:MCF7	ordinal	EX_glyc3p_e	0.0	0.0	4.200278739363569	primary	optimal
twostage-20260916T061947Z	BR:MCF7	ordinal	EX_gmp_e	0.0	0.0	0.0	primary	optimal
twostage-20260916T061947Z	BR:MCF7	ordinal	EX_gthox_e	0.0	0.0	5.331765930085534	primary	optimal
twostage-20260916T061947Z	BR:MCF7	ordinal	EX_hcys__L_e	0.0	0.0	4.5424226954576294	primary	optimal
twostage-20260916T061947Z	BR:MCF7	ordinal	EX_hom__L_e	0.0	0.0	0.0	primary	optimal
twostage-20260916T061947Z	BR:MCF7	ordinal	EX_hxan_e	0.0	0.0	1.2187272019534547	primary	optimal
twostage-20260916T061947Z	BR:MCF7	ordinal	EX_icit_e	1e-06	0.0	30.33663106567198	primary	optimal
twostage-20260916T061947Z	BR:MCF7	ordinal	EX_ile__L_e	-9.999999	-10.0	-0.9398300444600132	primary	optimal
twostage-20260916T061947Z	BR:MCF7	ordinal	EX_imp_e	0.0	0.0	0.9256586948366285	primary	optimal
twostage-20260916T061947Z	BR:MCF7	ordinal	EX_ins_e	0.0	0.0	0.9233792132114085	primary	optimal
twostage-20260916T061947Z	BR:MCF7	ordinal	EX_lac__L_e	-0.9999990000000001	-1.0	54.2561145890815	primary	optimal
twostage-20260916T061947Z	BR:MCF7	ordinal	EX_lcts_e	0.0	0.0	1.4397485844887528	primary	optimal
twostage-20260916T061947Z	BR:MCF7	ordinal	EX_leu__L_e	-9.999999	-10.0	-1.7922337326704465	primary	optimal
twostage-20260916T061947Z	BR:MCF7	ordinal	EX_lys__L_e	-9.999999	-10.0	-1.9452265708841434	primary	optimal
twostage-20260916T061947Z	BR:MCF7	ordinal	EX_mal__L_e	1e-06	0.0	36.75787118861703	primary	optimal
twostage-20260916T061947Z	BR:MCF7	ordinal	EX_met__L_e	-9.999999000000003	-10.0	-0.5026982632120731	primary	optimal
twostage-20260916T061947Z	BR:MCF7	ordinal	EX_nac_e	5.158465056239533e-15	0.0	10.64694255894136	primary	optimal
twostage-20260916T061947Z	BR:MCF7	ordinal	EX_ncam_e	-9.4175586873327	-10.0	3.552713678800501e-15	primary	optimal
twostage-20260916T061947Z	BR:MCF7	ordinal	EX_nicrnt_e	0.0	0.0	2.2500941497175284	primary	optimal
twostage-20260916T061947Z	BR:MCF7	ordinal	EX_orn_e	0.0	0.0	27.998524626651914	primary	optimal
twostage-20260916T061947Z	BR:MCF7	ordinal	EX_orot5p_e	0.0	0.0	1.3936191052699178	primary	optimal
twostage-20260916T061947Z	BR:MCF7	ordinal	EX_orot_e	0.0	0.0	3.2406718911913486	primary	optimal
twostage-20260916T061947Z	BR:MCF7	ordinal	EX_oxa_e	0.0	0.0	6.553132588527321	primary	optimal
twostage-20260916T061947Z	BR:MCF7	ordinal	EX_pep_e	0.0	0.0	6.071678091942523	primary	optimal
twostage-20260916T061947Z	BR:MCF7	ordinal	EX_phe__L_e	-0.8524036882104294	-10.0	-0.8524036882104298	primary	optimal
twostage-20260916T061947Z	BR:MCF7	ordinal	EX_pnto__R_e	0.0	-10.0	0.04999999999998739	primary	optimal
twostage-20260916T061947Z	BR:MCF7	ordinal	EX_pro__L_e	-1.3551019514246492	-10.0	20.95860392109933	primary	optimal
twostage-20260916T061947Z	BR:MCF7	ordinal	EX_quln_e	0.0	0.0	1.2055749731831729	primary	optimal
twostage-20260916T061947Z	BR:MCF7	ordinal	EX_sbt__D_e	0.0	0.0	0.0	primary	optimal
twostage-20260916T061947Z	BR:MCF7	ordinal	EX_ser__L_e	-10.0	-10.0	0.7028791864968499	primary	optimal
twostage-20260916T061947Z	BR:MCF7	ordinal	EX_spmd_e	0.0	0.0	1.2363833425786679	primary	optimal
twostage-20260916T061947Z	BR:MCF7	ordinal	EX_sprm_e	0.0	0.0	0.6284190466389918	primary	optimal
twostage-20260916T061947Z	BR:MCF7	ordinal	EX_srtn_e	0.0	0.0	3.606023495992665	primary	optimal
twostage-20260916T061947Z	BR:MCF7	ordinal	EX_succ_e	13.778601824152409	0.0	56.23360764501947	primary	optimal
twostage-20260916T061947Z	BR:MCF7	ordinal	EX_sucr_e	0.0	0.0	0.0	primary	optimal
twostage-20260916T061947Z	BR:MCF7	ordinal	EX_taur_e	0.0	0.0	3.2466914866179963	primary	optimal
twostage-20260916T061947Z	BR:MCF7	ordinal	EX_tchola_e	0.0	0.0	0.6972994414219505	primary	optimal
twostage-20260916T061947Z	BR:MCF7	ordinal	EX_thr__L_e	-1.027256400709608	-10.0	-1.0272564007096516	primary	optimal
twostage-20260916T061947Z	BR:MCF7	ordinal	EX_thym_e	0.0	0.0	1.9802087597697693	primary	optimal
twostage-20260916T061947Z	BR:MCF7	ordinal	EX_thymd_e	0.0	0.0	1.3426608255005783	primary	optimal
twostage-20260916T061947Z	BR:MCF7	ordinal	EX_trp__L_e	-0.04371317812479467	-10.0	-0.04371317812480768	primary	optimal
twostage-20260916T061947Z	BR:MCF7	ordinal	EX_tyr__L_e	-0.5245548522744694	-10.0	3.2989703559390087	primary	optimal
twostage-20260916T061947Z	BR:MCF7	ordinal	EX_ump_e	0.0	0.0	1.0224499416960167	primary	optimal
twostage-20260916T061947Z	BR:MCF7	ordinal	EX_ura_e	0.0	0.0	2.7783434343676823	primary	optimal
twostage-20260916T061947Z	BR:MCF7	ordinal	EX_urate_e	0.0	0.0	1.1659093190966818	primary	optimal
twostage-20260916T061947Z	BR:MCF7	ordinal	EX_uri_e	0.0	0.0	1.6168861075611614	primary	optimal
twostage-20260916T061947Z	BR:MCF7	ordinal	EX_val__L_e	-1.1583930648902507	-10.0	-1.1583926498609252	primary	optimal
twostage-20260916T061947Z	BR:MCF7	ordinal	EX_xan_e	0.0	0.0	1.1957108815896265	primary	optimal
twostage-20260916T061947Z	BR:MCF7	ordinal	EX_xmp_e	0.0	0.0	0.914166409248368	primary	optimal
twostage-20260916T061947Z	BR:MCF7	ordinal	EX_xtsn_e	0.0	0.0	0.9101060238537054	primary	optimal
twostage-20260916T061947Z	BR:T-47D	ordinal	EX_2pg_e	0.0	0.0	6.071678091942504	primary	optimal
twostage-20260916T061947Z	BR:T-47D	ordinal	EX_34hpp_e	0.0	0.0	12.518667598933327	primary	optimal
twostage-20260916T061947Z	BR:T-47D	ordinal	EX_3hanthrn_e	0.0	0.0	1.7852989077774333	primary	optimal
twostage-20260916T061947Z	BR:T-47D	ordinal	EX_3pg_e	0.0	0.0	6.071678091942435	primary	optimal
twostage-20260916T061947Z	BR:T-47D	ordinal	EX_4abut_e	0.0	0.0	24.477263412609783	primary	optimal
twostage-20260916T061947Z	BR:T-47D	ordinal	EX_4hbz_e	0.0	0.0	4.747705334365431	primary	optimal
twostage-20260916T061947Z	BR:T-47D	ordinal	EX_L2aadp_e	0.0	0.0	8.421645574986119	primary	optimal
twostage-20260916T061947Z	BR:T-47D	ordinal	EX_Lkynr_e	0.0	0.0	3.6123937247843116	primary	optimal
twostage-20260916T061947Z	BR:T-47D	ordinal	EX_acac_e	0.0	0.0	11.607869122880851	primary	optimal
twostage-20260916T061947Z	BR:T-47D	ordinal	EX_ade_e	0.0	0.0	1.0221485504150631	primary	optimal
twostage-20260916T061947Z	BR:T-47D	ordinal	EX_adn_e	0.0	0.0	0.7969878607427278	primary	optimal
twostage-20260916T061947Z	BR:T-47D	ordinal	EX_ahcys_e	0.0	0.0	0.7578480802183821	primary	optimal
twostage-20260916T061947Z	BR:T-47D	ordinal	EX_akg_e	0.0	0.0	36.19343281982375	primary	optimal
twostage-20260916T061947Z	BR:T-47D	ordinal	EX_ala__L_e	1e-06	0.0	48.63510849036201	primary	optimal
twostage-20260916T061947Z	BR:T-47D	ordinal	EX_amp_e	0.0	0.0	0.6650194598508015	primary	optimal
twostage-20260916T061947Z	BR:T-47D	ordinal	EX_anth_e	0.0	0.0	3.341382991581704	primary	optimal
twostage-20260916T061947Z	BR:T-47D	ordinal	EX_arg__L_e	-9.999999	-10.0	2.5823670373619305	primary	optimal
twostage-20260916T061947Z	BR:T-47D	ordinal	EX_asn__L_e	-9.999999	-10.0	6.620943976644317	primary	optimal
twostage-20260916T061947Z	BR:T-47D	ordinal	EX_asp__L_e	-9.999999	-10.0	25.87497434224335	primary	optimal
twostage-20260916T061947Z	BR:T-47D	ordinal	EX_bilirub_e	0.0	0.0	0.4319497955394492	primary	optimal
twostage-20260916T061947Z	BR:T-47D	ordinal	EX_cala_e	0.0	0.0	2.55879595325793	primary	optimal
twostage-20260916T061947Z	BR:T-47D	ordinal	EX_chol_e	-9.999999	-10.0	0.3376079371549144	primary	optimal
twostage-20260916T061947Z	BR:T-47D	ordinal	EX_cholp_e	0.0	0.0	6.071678091942467	primary	optimal
twostage-20260916T061947Z	BR:T-47D	ordinal	EX_cit_e	1.0000000000000002e-06	0.0	30.969647687977876	primary	optimal
twostage-20260916T061947Z	BR:T-47D	ordinal	EX_citr__L_e	0.0	0.0	14.047539036695058	primary	optimal
twostage-20260916T061947Z	BR:T-47D	ordinal	EX_cmp_e	0.0	0.0	0.0	primary	optimal
twostage-20260916T061947Z	BR:T-47D	ordinal	EX_crn_e	-0.9999990000000001	-1.0	-7.771561172376096e-16	primary	optimal
twostage-20260916T061947Z	BR:T-47D	ordinal	EX_cyst__L_e	0.0	0.0	3.1268116482927346	primary	optimal
twostage-20260916T061947Z	BR:T-47D	ordinal	EX_cytd_e	0.0	0.0	1.5653649192259493	primary	optimal
twostage-20260916T061947Z	BR:T-47D	ordinal	EX_dad_2_e	0.0	0.0	0.7906034984723589	primary	optimal
twostage-20260916T061947Z	BR:T-47D	ordinal	EX_dcmp_e	0.0	0.0	1.3462341106264635	primary	optimal
twostage-20260916T061947Z	BR:T-47D	ordinal	EX_dcyt_e	0.0	0.0	1.6107241735643343	primary	optimal
twostage-20260916T061947Z	BR:T-47D	ordinal	EX_dhap_e	0.0	0.0	4.3038466633609	primary	optimal
twostage-20260916T061947Z	BR:T-47D	ordinal	EX_dmgly_e	0.0	0.0	3.8727440442148313	primary	optimal
twostage-20260916T061947Z	BR:T-47D	ordinal	EX_duri_e	0.0	0.0	1.5728825089032659	primary	optimal
twostage-20260916T061947Z	BR:T-47D	ordinal	EX_ethamp_e	0.0	0.0	6.071678091942503	primary	optimal
twostage-20260916T061947Z	BR:T-47D	ordinal	EX_fol_e	-9.999999000000003	-10.0	-4.263256414560601e-14	primary	optimal
twostage-20260916T061947Z	BR:T-47D	ordinal	EX_fum_e	1e-06	0.0	41.00774911460722	primary	optimal
twostage-20260916T061947Z	BR:T-47D	ordinal	EX_g3pc_e	0.0	0.0	2.093278425817901	primary	optimal
twostage-20260916T061947Z	BR:T-47D	ordinal	EX_glc__D_e	-10.0	-10.0	-4.887776704086932	primary	optimal
twostage-20260916T061947Z	BR:T-47D	ordinal	EX_glcur_e	0.0	0.0	3.5714539151318863	primary	optimal
twostage-20260916T061947Z	BR:T-47D	ordinal	EX_gln__L_e	-9.999999000000003	-10.0	4.614912928791075	primary	optimal
twostage-20260916T061947Z	BR:T-47D	ordinal	EX_glu__L_e	-9.999999	-10.0	21.639030682905666	primary	optimal
twostage-20260916T061947Z	BR:T-47D	ordinal	EX_gly_e	-9.999999000000003	-10.0	25.65398288266977	primary	optimal
twostage-20260916T061947Z	BR:T-47D	ordinal	EX_glyald_e	0.0	0.0	9.583527832928356	primary	optimal
twostage-20260916T061947Z	BR:T-47D	ordinal	EX_glyb_e	0.0	0.0	9.926985405302622	primary	optimal
twostage-20260916T061947Z	BR:T-47D	ordinal	EX_glyc3p_e	0.0	0.0	4.142738602899472	primary	optimal
twostage-20260916T061947Z	BR:T-47D	ordinal	EX_gmp_e	0.0	0.0	0.0	primary	optimal
twostage-20260916T061947Z	BR:T-47D	ordinal	EX_gthox_e	0.0	0.0	5.306306593955679	primary	optimal
twostage-20260916T061947Z	BR:T-47D	ordinal	EX_hcys__L_e	0.0	0.0	4.419067239953197	primary	optimal
twostage-20260916T061947Z	BR:T-47D	ordinal	EX_hom__L_e	0.0	0.0	0.0	primary	optimal
twostage-20260916T061947Z	BR:T-47D	ordinal	EX_hxan_e	0.0	0.0	1.2047977265378493	primary	optimal
twostage-20260916T061947Z	BR:T-47D	ordinal	EX_icit_e	0.0	0.0	29.513925383913385	primary	optimal
twostage-20260916T061947Z	BR:T-47D	ordinal	EX_ile__L_e	-9.999999	-10.0	-0.9398300444600203	primary	optimal
twostage-20260916T061947Z	BR:T-47D	ordinal	EX_imp_e	0.0	0.0	0.9063935546133134	primary	optimal
twostage-20260916T061947Z	BR:T-47D	ordinal	EX_ins_e	0.0	0.0	0.9021040075425591	primary	optimal
twostage-20260916T061947Z	BR:T-47D	ordinal	EX_lac__L_e	-0.999999	-1.0	53.74205417635731	primary	optimal
twostage-20260916T061947Z	BR:T-47D	ordinal	EX_lcts_e	0.0	0.0	1.4449804268247983	primary	optimal
twostage-20260916T061947Z	BR:T-47D	ordinal	EX_leu__L_e	-9.999999	-10.0	-1.7922337326704483	primary	optimal
twostage-20260916T061947Z	BR:T-47D	ordinal	EX_lys__L_e	-9.999999	-10.0	-1.94522657088417	primary	optimal
twostage-20260916T061947Z	BR:T-47D	ordinal	EX_mal__L_e	1e-06	0.0	36.63531919179545	primary	optimal
twostage-20260916T061947Z	BR:T-47D	ordinal	EX_met__L_e	-9.999999	-10.0	-0.5026982632120784	primary	optimal
twostage-20260916T061947Z	BR:T-47D	ordinal	EX_nac_e	0.0	0.0	10.636940895318794	primary	optimal
twostage-20260916T061947Z	BR:T-47D	ordinal	EX_ncam_e	-6.864470020945143	-10.0	-2.6645352591003757e-15	primary	optimal
twostage-20260916T061947Z	BR:T-47D	ordinal	EX_nicrnt_e	0.0	0.0	2.2213293670810788	primary	optimal
twostage-20260916T061947Z	BR:T-47D	ordinal	EX_orn_e	0.0	0.0	28.142768006374656	primary	optimal
twostage-20260916T061947Z	BR:T-47D	ordinal	EX_orot5p_e	0.0	0.0	1.361120434915262	primary	optimal
twostage-20260916T061947Z	BR:T-47D	ordinal	EX_orot_e	0.0	0.0	3.1113736798787293	primary	optimal
twostage-20260916T061947Z	BR:T-47D	ordinal	EX_oxa_e	0.0	0.0	6.521287864666554	primary	optimal
twostage-20260916T061947Z	BR:T-47D	ordinal	EX_pep_e	0.0	0.0	6.071678091942245	primary	optimal
twostage-20260916T061947Z	BR:T-47D	ordinal	EX_phe__L_e	-0.8524037053827735	-10.0	-0.8524036882104298	primary	optimal
twostage-20260916T061947Z	BR:T-47D	ordinal	EX_pnto__R_e	0.0	-10.0	0.04999999999996696	primary	optimal
twostage-20260916T061947Z	BR:T-47D	ordinal	EX_pro__L_e	-1.3551019514225016	-10.0	19.989898286854345	primary	optimal
twostage-20260916T061947Z	BR:T-47D	ordinal	EX_quln_e	7.608435828229709e-16	0.0	1.1944193877456917	primary	optimal
twostage-20260916T061947Z	BR:T-47D	ordinal	EX_sbt__D_e	0.0	0.0	0.0	primary	optimal
twostage-20260916T061947Z	BR:T-47D	ordinal	EX_ser__L_e	-10.0	-10.0	0.0033457525980640675	primary	optimal
twostage-20260916T061947Z	BR:T-47D	ordinal	EX_spmd_e	0.0	0.0	1.2168199103591137	primary	optimal
twostage-20260916T061947Z	BR:T-47D	ordinal	EX_sprm_e	0.0	0.0	0.6164835999251486	primary	optimal
twostage-20260916T061947Z	BR:T-47D	ordinal	EX_srtn_e	0.0	0.0	3.5673416480861255	primary	optimal
twostage-20260916T061947Z	BR:T-47D	ordinal	EX_succ_e	19.05317813214796	0.0	57.668664109859904	primary	optimal
twostage-20260916T061947Z	BR:T-47D	ordinal	EX_sucr_e	0.0	0.0	0.0	primary	optimal
twostage-20260916T061947Z	BR:T-47D	ordinal	EX_taur_e	0.0	0.0	3.2075261236506796	primary	optimal
twostage-20260916T061947Z	BR:T-47D	ordinal	EX_tchola_e	0.0	0.0	0.6876396075657731	primary	optimal
twostage-20260916T061947Z	BR:T-47D	ordinal	EX_thr__L_e	-1.027256400709608	-10.0	-1.0272564007095628	primary	optimal
twostage-20260916T061947Z	BR:T-47D	ordinal	EX_thym_e	0.0	0.0	1.9809975964388846	primary	optimal
twostage-20260916T061947Z	BR:T-47D	ordinal	EX_thymd_e	0.0	0.0	1.3115614204224673	primary	optimal
twostage-20260916T061947Z	BR:T-47D	ordinal	EX_trp__L_e	-0.04371317812479467	-10.0	-0.043713178124797025	primary	optimal
twostage-20260916T061947Z	BR:T-47D	ordinal	EX_tyr__L_e	-0.5245548522744694	-10.0	3.2644854647594728	primary	optimal
twostage-20260916T061947Z	BR:T-47D	ordinal	EX_ump_e	0.0	0.0	0.9969424094857828	primary	optimal
twostage-20260916T061947Z	BR:T-47D	ordinal	EX_ura_e	0.0	0.0	2.7659933325730535	primary	optimal
twostage-20260916T061947Z	BR:T-47D	ordinal	EX_urate_e	0.0	0.0	1.150633259038755	primary	optimal
twostage-20260916T061947Z	BR:T-47D	ordinal	EX_uri_e	0.0	0.0	1.584093636385982	primary	optimal
twostage-20260916T061947Z	BR:T-47D	ordinal	EX_val__L_e	-1.1583926840727152	-10.0	-1.1583926498609332	primary	optimal
twostage-20260916T061947Z	BR:T-47D	ordinal	EX_xan_e	0.0	0.0	1.181332789651221	primary	optimal
twostage-20260916T061947Z	BR:T-47D	ordinal	EX_xmp_e	0.0	0.0	0.8940532238150046	primary	optimal
twostage-20260916T061947Z	BR:T-47D	ordinal	EX_xtsn_e	0.0	0.0	0.8891911474124895	primary	optimal
twostage-20260916T061947Z	CNS:SF-268	ordinal	EX_2pg_e	0.0	0.0	6.0716780919424	primary	optimal
twostage-20260916T061947Z	CNS:SF-268	ordinal	EX_34hpp_e	0.0	0.0	12.417506537481401	primary	optimal
twostage-20260916T061947Z	CNS:SF-268	ordinal	EX_3hanthrn_e	0.0	0.0	1.7799687584790929	primary	optimal
twostage-20260916T061947Z	CNS:SF-268	ordinal	EX_3pg_e	0.0	0.0	6.071678091942484	primary	optimal
twostage-20260916T061947Z	CNS:SF-268	ordinal	EX_4abut_e	0.0	0.0	22.2521279674121	primary	optimal
twostage-20260916T061947Z	CNS:SF-268	ordinal	EX_4hbz_e	0.0	0.0	4.6753243166761225	primary	optimal
twostage-20260916T061947Z	CNS:SF-268	ordinal	EX_L2aadp_e	0.0	0.0	8.502411873576728	primary	optimal
twostage-20260916T061947Z	CNS:SF-268	ordinal	EX_Lkynr_e	0.0	0.0	3.580413518906227	primary	optimal
twostage-20260916T061947Z	CNS:SF-268	ordinal	EX_acac_e	0.0	0.0	13.0432504344043	primary	optimal
twostage-20260916T061947Z	CNS:SF-268	ordinal	EX_ade_e	0.0	0.0	1.0572846494768686	primary	optimal
twostage-20260916T061947Z	CNS:SF-268	ordinal	EX_adn_e	0.0	0.0	0.8193128020577559	primary	optimal
twostage-20260916T061947Z	CNS:SF-268	ordinal	EX_ahcys_e	0.0	0.0	0.7742077247600591	primary	optimal
twostage-20260916T061947Z	CNS:SF-268	ordinal	EX_akg_e	1.0000000000000002e-06	0.0	34.5659130216432	primary	optimal
twostage-20260916T061947Z	CNS:SF-268	ordinal	EX_ala__L_e	1e-06	0.0	51.42921591941454	primary	optimal
twostage-20260916T061947Z	CNS:SF-268	ordinal	EX_amp_e	0.0	0.0	0.6870782463060388	primary	optimal
twostage-20260916T061947Z	CNS:SF-268	ordinal	EX_anth_e	0.0	0.0	3.3160394710105483	primary	optimal
twostage-20260916T061947Z	CNS:SF-268	ordinal	EX_arg__L_e	-9.999999	-10.0	2.410492915397433	primary	optimal
twostage-20260916T061947Z	CNS:SF-268	ordinal	EX_asn__L_e	-9.999999	-10.0	6.653814931290907	primary	optimal
twostage-20260916T061947Z	CNS:SF-268	ordinal	EX_asp__L_e	-9.999999	-10.0	25.45458434105337	primary	optimal
twostage-20260916T061947Z	CNS:SF-268	ordinal	EX_bilirub_e	0.0	0.0	0.4373350983766216	primary	optimal
twostage-20260916T061947Z	CNS:SF-268	ordinal	EX_cala_e	0.0	0.0	2.717666361761373	primary	optimal
twostage-20260916T061947Z	CNS:SF-268	ordinal	EX_chol_e	-9.999999	-10.0	0.3217877074574358	primary	optimal
twostage-20260916T061947Z	CNS:SF-268	ordinal	EX_cholp_e	0.0	0.0	6.071678091942513	primary	optimal
twostage-20260916T061947Z	CNS:SF-268	ordinal	EX_cit_e	1e-06	0.0	30.56545223327448	primary	optimal
twostage-20260916T061947Z	CNS:SF-268	ordinal	EX_citr__L_e	0.0	0.0	14.226342977211385	primary	optimal
twostage-20260916T061947Z	CNS:SF-268	ordinal	EX_cmp_e	0.0	0.0	0.0	primary	optimal
twostage-20260916T061947Z	CNS:SF-268	ordinal	EX_crn_e	-0.9999989999999999	-1.0	-9.992007221626409e-16	primary	optimal
twostage-20260916T061947Z	CNS:SF-268	ordinal	EX_cyst__L_e	0.0	0.0	3.13420689162026	primary	optimal
twostage-20260916T061947Z	CNS:SF-268	ordinal	EX_cytd_e	0.0	0.0	1.5788318265921872	primary	optimal
twostage-20260916T061947Z	CNS:SF-268	ordinal	EX_dad_2_e	0.0	0.0	0.8195017478047132	primary	optimal
twostage-20260916T061947Z	CNS:SF-268	ordinal	EX_dcmp_e	0.0	0.0	1.3802329490564504	primary	optimal
twostage-20260916T061947Z	CNS:SF-268	ordinal	EX_dcyt_e	0.0	0.0	1.6186397620947703	primary	optimal
twostage-20260916T061947Z	CNS:SF-268	ordinal	EX_dhap_e	0.0	0.0	4.389417700930159	primary	optimal
twostage-20260916T061947Z	CNS:SF-268	ordinal	EX_dmgly_e	0.0	0.0	3.8618850026474623	primary	optimal
twostage-20260916T061947Z	CNS:SF-268	ordinal	EX_duri_e	0.0	0.0	1.5881157034562408	primary	optimal
twostage-20260916T061947Z	CNS:SF-268	ordinal	EX_ethamp_e	0.0	0.0	6.071678091942439	primary	optimal
twostage-20260916T061947Z	CNS:SF-268	ordinal	EX_fol_e	-9.999999000000003	-10.0	1.2434497875801753e-14	primary	optimal
twostage-20260916T061947Z	CNS:SF-268	ordinal	EX_fum_e	1.0000000000000002e-06	0.0	40.54075545181053	primary	optimal
twostage-20260916T061947Z	CNS:SF-268	ordinal	EX_g3pc_e	0.0	0.0	2.0667121819688195	primary	optimal
twostage-20260916T061947Z	CNS:SF-268	ordinal	EX_glc__D_e	-10.0	-10.0	-5.1109142136958825	primary	optimal
twostage-20260916T061947Z	CNS:SF-268	ordinal	EX_glcur_e	0.0	0.0	3.6027972785196662	primary	optimal
twostage-20260916T061947Z	CNS:SF-268	ordinal	EX_gln__L_e	-9.999999	-10.0	4.957138062221846	primary	optimal
twostage-20260916T061947Z	CNS:SF-268	ordinal	EX_glu__L_e	-9.999999	-10.0	23.308105748759633	primary	optimal
twostage-20260916T061947Z	CNS:SF-268	ordinal	EX_gly_e	-9.999999	-10.0	25.096041515873914	primary	optimal
twostage-20260916T061947Z	CNS:SF-268	ordinal	EX_glyald_e	0.0	0.0	9.546441997230483	primary	optimal
twostage-20260916T061947Z	CNS:SF-268	ordinal	EX_glyb_e	0.0	0.0	9.90476478310873	primary	optimal
twostage-20260916T061947Z	CNS:SF-268	ordinal	EX_glyc3p_e	0.0	0.0	4.221812553152828	primary	optimal
twostage-20260916T061947Z	CNS:SF-268	ordinal	EX_gmp_e	0.0	0.0	0.0	primary	optimal
twostage-20260916T061947Z	CNS:SF-268	ordinal	EX_gthox_e	0.0	0.0	5.314154932820832	primary	optimal
twostage-20260916T061947Z	CNS:SF-268	ordinal	EX_hcys__L_e	0.0	0.0	4.501080219219651	primary	optimal
twostage-20260916T061947Z	CNS:SF-268	ordinal	EX_hom__L_e	0.0	0.0	0.0	primary	optimal
twostage-20260916T061947Z	CNS:SF-268	ordinal	EX_hxan_e	0.0	0.0	1.2421357717994577	primary	optimal
twostage-20260916T061947Z	CNS:SF-268	ordinal	EX_icit_e	8.7381284084981e-07	0.0	28.08692722887789	primary	optimal
twostage-20260916T061947Z	CNS:SF-268	ordinal	EX_ile__L_e	-9.999999	-10.0	-0.9398300444600203	primary	optimal
twostage-20260916T061947Z	CNS:SF-268	ordinal	EX_imp_e	0.0	0.0	0.9314095332760154	primary	optimal
twostage-20260916T061947Z	CNS:SF-268	ordinal	EX_ins_e	0.0	0.0	0.9259823905191853	primary	optimal
twostage-20260916T061947Z	CNS:SF-268	ordinal	EX_lac__L_e	-0.9999990000000001	-1.0	52.60028106123441	primary	optimal
twostage-20260916T061947Z	CNS:SF-268	ordinal	EX_lcts_e	0.0	0.0	1.4199084457758484	primary	optimal
twostage-20260916T061947Z	CNS:SF-268	ordinal	EX_leu__L_e	-9.999999000000003	-10.0	-1.7922337326704536	primary	optimal
twostage-20260916T061947Z	CNS:SF-268	ordinal	EX_lys__L_e	-9.999999000000003	-10.0	-1.945226570884163	primary	optimal
twostage-20260916T061947Z	CNS:SF-268	ordinal	EX_mal__L_e	1.0000000000000002e-06	0.0	35.62802199615986	primary	optimal
twostage-20260916T061947Z	CNS:SF-268	ordinal	EX_met__L_e	-9.999999	-10.0	-0.5026982632120749	primary	optimal
twostage-20260916T061947Z	CNS:SF-268	ordinal	EX_nac_e	-4.174819634588816e-15	0.0	10.617418000857096	primary	optimal
twostage-20260916T061947Z	CNS:SF-268	ordinal	EX_ncam_e	-8.489655120534438	-10.0	7.105427357601002e-15	primary	optimal
twostage-20260916T061947Z	CNS:SF-268	ordinal	EX_nicrnt_e	0.0	0.0	2.2115298215979307	primary	optimal
twostage-20260916T061947Z	CNS:SF-268	ordinal	EX_orn_e	0.0	0.0	27.558925250747333	primary	optimal
twostage-20260916T061947Z	CNS:SF-268	ordinal	EX_orot5p_e	0.0	0.0	1.376908528441996	primary	optimal
twostage-20260916T061947Z	CNS:SF-268	ordinal	EX_orot_e	0.0	0.0	3.238030944220355	primary	optimal
twostage-20260916T061947Z	CNS:SF-268	ordinal	EX_oxa_e	0.0	0.0	6.507016801102504	primary	optimal
twostage-20260916T061947Z	CNS:SF-268	ordinal	EX_pep_e	0.0	0.0	6.071678091942543	primary	optimal
twostage-20260916T061947Z	CNS:SF-268	ordinal	EX_phe__L_e	-0.852403714829495	-10.0	-0.8524036882104262	primary	optimal
twostage-20260916T061947Z	CNS:SF-268	ordinal	EX_pnto__R_e	0.0	-10.0	0.05000000000000071	primary	optimal
twostage-20260916T061947Z	CNS:SF-268	ordinal	EX_pro__L_e	-1.3551019514225016	-10.0	19.31415727234517	primary	optimal
twostage-20260916T061947Z	CNS:SF-268	ordinal	EX_quln_e	0.0	0.0	1.1941491578681374	primary	optimal
twostage-20260916T061947Z	CNS:SF-268	ordinal	EX_sbt__D_e	0.0	0.0	0.0	primary	optimal
twostage-20260916T061947Z	CNS:SF-268	ordinal	EX_ser__L_e	-10.0	-10.0	0.019956563540377517	primary	optimal
twostage-20260916T061947Z	CNS:SF-268	ordinal	EX_spmd_e	0.0	0.0	1.2118982548123056	primary	optimal
twostage-20260916T061947Z	CNS:SF-268	ordinal	EX_sprm_e	0.0	0.0	0.616860421825572	primary	optimal
twostage-20260916T061947Z	CNS:SF-268	ordinal	EX_srtn_e	0.0	0.0	3.5316272379626685	primary	optimal
twostage-20260916T061947Z	CNS:SF-268	ordinal	EX_succ_e	13.520013725392088	0.0	55.8876580544435	primary	optimal
twostage-20260916T061947Z	CNS:SF-268	ordinal	EX_sucr_e	0.0	0.0	0.0	primary	optimal
twostage-20260916T061947Z	CNS:SF-268	ordinal	EX_taur_e	0.0	0.0	3.185282159082551	primary	optimal
twostage-20260916T061947Z	CNS:SF-268	ordinal	EX_tchola_e	0.0	0.0	0.6865371560943649	primary	optimal
twostage-20260916T061947Z	CNS:SF-268	ordinal	EX_thr__L_e	-1.027256400709608	-10.0	-1.027256400709609	primary	optimal
twostage-20260916T061947Z	CNS:SF-268	ordinal	EX_thym_e	0.0	0.0	1.9923478996621922	primary	optimal
twostage-20260916T061947Z	CNS:SF-268	ordinal	EX_thymd_e	0.0	0.0	1.317941727998341	primary	optimal
twostage-20260916T061947Z	CNS:SF-268	ordinal	EX_trp__L_e	-0.04371317812479468	-10.0	-0.04371317812479347	primary	optimal
twostage-20260916T061947Z	CNS:SF-268	ordinal	EX_tyr__L_e	-0.5245548522744695	-10.0	3.282638933291727	primary	optimal
twostage-20260916T061947Z	CNS:SF-268	ordinal	EX_ump_e	0.0	0.0	1.018465028693127	primary	optimal
twostage-20260916T061947Z	CNS:SF-268	ordinal	EX_ura_e	0.0	0.0	2.820633018967245	primary	optimal
twostage-20260916T061947Z	CNS:SF-268	ordinal	EX_urate_e	0.0	0.0	1.1856723410133292	primary	optimal
twostage-20260916T061947Z	CNS:SF-268	ordinal	EX_uri_e	0.0	0.0	1.5865794325581324	primary	optimal
twostage-20260916T061947Z	CNS:SF-268	ordinal	EX_val__L_e	-1.1583932389273697	-10.0	-1.1583926498609234	primary	optimal
twostage-20260916T061947Z	CNS:SF-268	ordinal	EX_xan_e	0.0	0.0	1.2213785110064013	primary	optimal
twostage-20260916T061947Z	CNS:SF-268	ordinal	EX_xmp_e	0.0	0.0	0.9173428213255775	primary	optimal
twostage-20260916T061947Z	CNS:SF-268	ordinal	EX_xtsn_e	0.0	0.0	0.9120192637852386	primary	optimal
twostage-20260916T061947Z	CNS:SF-295	ordinal	EX_2pg_e	0.0	0.0	6.0716780919424265	primary	optimal
twostage-20260916T061947Z	CNS:SF-295	ordinal	EX_34hpp_e	0.0	0.0	12.460041059890147	primary	optimal
twostage-20260916T061947Z	CNS:SF-295	ordinal	EX_3hanthrn_e	0.0	0.0	1.7968890755321432	primary	optimal
twostage-20260916T061947Z	CNS:SF-295	ordinal	EX_3pg_e	0.0	0.0	6.071678091942323	primary	optimal
twostage-20260916T061947Z	CNS:SF-295	ordinal	EX_4abut_e	0.0	0.0	20.95735837135047	primary	optimal
twostage-20260916T061947Z	CNS:SF-295	ordinal	EX_4hbz_e	0.0	0.0	4.768484668719485	primary	optimal
twostage-20260916T061947Z	CNS:SF-295	ordinal	EX_L2aadp_e	0.0	0.0	8.43756929828267	primary	optimal
twostage-20260916T061947Z	CNS:SF-295	ordinal	EX_Lkynr_e	0.0	0.0	3.6148875933155553	primary	optimal
twostage-20260916T061947Z	CNS:SF-295	ordinal	EX_acac_e	0.0	0.0	12.959786844207734	primary	optimal
twostage-20260916T061947Z	CNS:SF-295	ordinal	EX_ade_e	0.0	0.0	1.0521101419660281	primary	optimal
twostage-20260916T061947Z	CNS:SF-295	ordinal	EX_adn_e	0.0	0.0	0.8143091410938712	primary	optimal
twostage-20260916T061947Z	CNS:SF-295	ordinal	EX_ahcys_e	0.0	0.0	0.776028593436749	primary	optimal
twostage-20260916T061947Z	CNS:SF-295	ordinal	EX_akg_e	0.0	0.0	35.08571768019945	primary	optimal
twostage-20260916T061947Z	CNS:SF-295	ordinal	EX_ala__L_e	1e-06	0.0	50.0001443415225	primary	optimal
twostage-20260916T061947Z	CNS:SF-295	ordinal	EX_amp_e	0.0	0.0	0.6816473815590598	primary	optimal
twostage-20260916T061947Z	CNS:SF-295	ordinal	EX_anth_e	0.0	0.0	3.3760700221735633	primary	optimal
twostage-20260916T061947Z	CNS:SF-295	ordinal	EX_arg__L_e	-9.999999	-10.0	2.511991059263256	primary	optimal
twostage-20260916T061947Z	CNS:SF-295	ordinal	EX_asn__L_e	-9.999999	-10.0	6.799088135190983	primary	optimal
twostage-20260916T061947Z	CNS:SF-295	ordinal	EX_asp__L_e	-9.999999	-10.0	25.238668768659856	primary	optimal
twostage-20260916T061947Z	CNS:SF-295	ordinal	EX_bilirub_e	0.0	0.0	0.4385038320777071	primary	optimal
twostage-20260916T061947Z	CNS:SF-295	ordinal	EX_cala_e	0.0	0.0	2.7179395882421793	primary	optimal
twostage-20260916T061947Z	CNS:SF-295	ordinal	EX_chol_e	-9.999999	-10.0	0.3398306205040592	primary	optimal
twostage-20260916T061947Z	CNS:SF-295	ordinal	EX_cholp_e	0.0	0.0	6.071678091942562	primary	optimal
twostage-20260916T061947Z	CNS:SF-295	ordinal	EX_cit_e	1e-06	0.0	30.8576622797639	primary	optimal
twostage-20260916T061947Z	CNS:SF-295	ordinal	EX_citr__L_e	0.0	0.0	14.131838319989505	primary	optimal
twostage-20260916T061947Z	CNS:SF-295	ordinal	EX_cmp_e	0.0	0.0	0.0	primary	optimal
twostage-20260916T061947Z	CNS:SF-295	ordinal	EX_crn_e	-0.999999	-1.0	4.218847493575595e-15	primary	optimal
twostage-20260916T061947Z	CNS:SF-295	ordinal	EX_cyst__L_e	0.0	0.0	3.182700102943033	primary	optimal
twostage-20260916T061947Z	CNS:SF-295	ordinal	EX_cytd_e	0.0	0.0	1.5924739019248	primary	optimal
twostage-20260916T061947Z	CNS:SF-295	ordinal	EX_dad_2_e	0.0	0.0	0.8122407982067631	primary	optimal
twostage-20260916T061947Z	CNS:SF-295	ordinal	EX_dcmp_e	0.0	0.0	1.3838272449979923	primary	optimal
twostage-20260916T061947Z	CNS:SF-295	ordinal	EX_dcyt_e	0.0	0.0	1.63111304853937	primary	optimal
twostage-20260916T061947Z	CNS:SF-295	ordinal	EX_dhap_e	0.0	0.0	4.358492832018132	primary	optimal
twostage-20260916T061947Z	CNS:SF-295	ordinal	EX_dmgly_e	0.0	0.0	3.9325403090353253	primary	optimal
twostage-20260916T061947Z	CNS:SF-295	ordinal	EX_duri_e	0.0	0.0	1.5981487405849852	primary	optimal
twostage-20260916T061947Z	CNS:SF-295	ordinal	EX_ethamp_e	0.0	0.0	6.071678091942554	primary	optimal
twostage-20260916T061947Z	CNS:SF-295	ordinal	EX_fol_e	-9.999999	-10.0	7.105427357601002e-14	primary	optimal
twostage-20260916T061947Z	CNS:SF-295	ordinal	EX_fum_e	1e-06	0.0	41.00080744207308	primary	optimal
twostage-20260916T061947Z	CNS:SF-295	ordinal	EX_g3pc_e	0.0	0.0	2.1043678771941967	primary	optimal
twostage-20260916T061947Z	CNS:SF-295	ordinal	EX_glc__D_e	-10.0	-10.0	-5.150231973596487	primary	optimal
twostage-20260916T061947Z	CNS:SF-295	ordinal	EX_glcur_e	0.0	0.0	3.6147498048251783	primary	optimal
twostage-20260916T061947Z	CNS:SF-295	ordinal	EX_gln__L_e	-9.999999	-10.0	4.45670073129704	primary	optimal
twostage-20260916T061947Z	CNS:SF-295	ordinal	EX_glu__L_e	-9.999999	-10.0	22.811183354232124	primary	optimal
twostage-20260916T061947Z	CNS:SF-295	ordinal	EX_gly_e	-9.999999	-10.0	24.94836029494928	primary	optimal
twostage-20260916T061947Z	CNS:SF-295	ordinal	EX_glyald_e	0.0	0.0	9.370132885486491	primary	optimal
twostage-20260916T061947Z	CNS:SF-295	ordinal	EX_glyb_e	0.0	0.0	9.91181140925891	primary	optimal
twostage-20260916T061947Z	CNS:SF-295	ordinal	EX_glyc3p_e	0.0	0.0	4.186269355348556	primary	optimal
twostage-20260916T061947Z	CNS:SF-295	ordinal	EX_gmp_e	0.0	0.0	0.0	primary	optimal
twostage-20260916T061947Z	CNS:SF-295	ordinal	EX_gthox_e	0.0	0.0	5.326599250244977	primary	optimal
twostage-20260916T061947Z	CNS:SF-295	ordinal	EX_hcys__L_e	0.0	0.0	4.538540912184993	primary	optimal
twostage-20260916T061947Z	CNS:SF-295	ordinal	EX_hom__L_e	0.0	0.0	0.0	primary	optimal
twostage-20260916T061947Z	CNS:SF-295	ordinal	EX_hxan_e	0.0	0.0	1.2401641881041892	primary	optimal
twostage-20260916T061947Z	CNS:SF-295	ordinal	EX_icit_e	0.0	0.0	28.660303147358892	primary	optimal
twostage-20260916T061947Z	CNS:SF-295	ordinal	EX_ile__L_e	-9.999999000000003	-10.0	-0.939830044460022	primary	optimal
twostage-20260916T061947Z	CNS:SF-295	ordinal	EX_imp_e	0.0	0.0	0.9291608066147419	primary	optimal
twostage-20260916T061947Z	CNS:SF-295	ordinal	EX_ins_e	0.0	0.0	0.9216004139708138	primary	optimal
twostage-20260916T061947Z	CNS:SF-295	ordinal	EX_lac__L_e	-0.9999990000000001	-1.0	53.147357938012036	primary	optimal
twostage-20260916T061947Z	CNS:SF-295	ordinal	EX_lcts_e	0.0	0.0	1.4230648886125115	primary	optimal
twostage-20260916T061947Z	CNS:SF-295	ordinal	EX_leu__L_e	-9.999999	-10.0	-1.7922337326704483	primary	optimal
twostage-20260916T061947Z	CNS:SF-295	ordinal	EX_lys__L_e	-9.999999	-10.0	-1.9452265708842127	primary	optimal
twostage-20260916T061947Z	CNS:SF-295	ordinal	EX_mal__L_e	1e-06	0.0	36.143673558110756	primary	optimal
twostage-20260916T061947Z	CNS:SF-295	ordinal	EX_met__L_e	-9.999999	-10.0	-0.5026982632120713	primary	optimal
twostage-20260916T061947Z	CNS:SF-295	ordinal	EX_nac_e	2.5902902671158166e-14	0.0	10.621395349279386	primary	optimal
twostage-20260916T061947Z	CNS:SF-295	ordinal	EX_ncam_e	-7.973427683615663	-10.0	5.329070518200751e-15	primary	optimal
twostage-20260916T061947Z	CNS:SF-295	ordinal	EX_nicrnt_e	0.0	0.0	2.2311262592993444	primary	optimal
twostage-20260916T061947Z	CNS:SF-295	ordinal	EX_orn_e	0.0	0.0	27.513557933779733	primary	optimal
twostage-20260916T061947Z	CNS:SF-295	ordinal	EX_orot5p_e	0.0	0.0	1.3883525408958137	primary	optimal
twostage-20260916T061947Z	CNS:SF-295	ordinal	EX_orot_e	0.0	0.0	3.2273768528266022	primary	optimal
twostage-20260916T061947Z	CNS:SF-295	ordinal	EX_oxa_e	0.0	0.0	6.581267742569785	primary	optimal
twostage-20260916T061947Z	CNS:SF-295	ordinal	EX_pep_e	0.0	0.0	6.071678091942537	primary	optimal
twostage-20260916T061947Z	CNS:SF-295	ordinal	EX_phe__L_e	-0.8524037127151309	-10.0	-0.8524036882104298	primary	optimal
twostage-20260916T061947Z	CNS:SF-295	ordinal	EX_pnto__R_e	0.0	-10.0	0.04999999999996341	primary	optimal
twostage-20260916T061947Z	CNS:SF-295	ordinal	EX_pro__L_e	-1.3551019514225016	-10.0	18.819281201232194	primary	optimal
twostage-20260916T061947Z	CNS:SF-295	ordinal	EX_quln_e	0.0	0.0	1.203044590771037	primary	optimal
twostage-20260916T061947Z	CNS:SF-295	ordinal	EX_sbt__D_e	0.0	0.0	0.0	primary	optimal
twostage-20260916T061947Z	CNS:SF-295	ordinal	EX_ser__L_e	-10.0	-10.0	-0.15858431451609056	primary	optimal
twostage-20260916T061947Z	CNS:SF-295	ordinal	EX_spmd_e	0.0	0.0	1.2344173786669355	primary	optimal
twostage-20260916T061947Z	CNS:SF-295	ordinal	EX_sprm_e	0.0	0.0	0.6284980601811985	primary	optimal
twostage-20260916T061947Z	CNS:SF-295	ordinal	EX_srtn_e	0.0	0.0	3.539051741833138	primary	optimal
twostage-20260916T061947Z	CNS:SF-295	ordinal	EX_succ_e	18.513676658770642	0.0	57.382550335833784	primary	optimal
twostage-20260916T061947Z	CNS:SF-295	ordinal	EX_sucr_e	0.0	0.0	0.0	primary	optimal
twostage-20260916T061947Z	CNS:SF-295	ordinal	EX_taur_e	0.0	0.0	3.1850243866025556	primary	optimal
twostage-20260916T061947Z	CNS:SF-295	ordinal	EX_tchola_e	0.0	0.0	0.688635171263316	primary	optimal
twostage-20260916T061947Z	CNS:SF-295	ordinal	EX_thr__L_e	-1.0272564007096083	-10.0	-1.0272564007096072	primary	optimal
twostage-20260916T061947Z	CNS:SF-295	ordinal	EX_thym_e	0.0	0.0	2.030508183813921	primary	optimal
twostage-20260916T061947Z	CNS:SF-295	ordinal	EX_thymd_e	0.0	0.0	1.3324455329203913	primary	optimal
twostage-20260916T061947Z	CNS:SF-295	ordinal	EX_trp__L_e	-0.04371317812479467	-10.0	-0.04371317812479347	primary	optimal
twostage-20260916T061947Z	CNS:SF-295	ordinal	EX_tyr__L_e	-0.5245548522744693	-10.0	3.287607050666239	primary	optimal
twostage-20260916T061947Z	CNS:SF-295	ordinal	EX_ump_e	0.0	0.0	1.0216449190073953	primary	optimal
twostage-20260916T061947Z	CNS:SF-295	ordinal	EX_ura_e	0.0	0.0	2.8495520826651313	primary	optimal
twostage-20260916T061947Z	CNS:SF-295	ordinal	EX_urate_e	0.0	0.0	1.1854493043141234	primary	optimal
twostage-20260916T061947Z	CNS:SF-295	ordinal	EX_uri_e	0.0	0.0	1.602454860611596	primary	optimal
twostage-20260916T061947Z	CNS:SF-295	ordinal	EX_val__L_e	-1.1583926587023838	-10.0	-1.1583926498609252	primary	optimal
twostage-20260916T061947Z	CNS:SF-295	ordinal	EX_xan_e	0.0	0.0	1.218819603573842	primary	optimal
twostage-20260916T061947Z	CNS:SF-295	ordinal	EX_xmp_e	0.0	0.0	0.9159557500692654	primary	optimal
twostage-20260916T061947Z	CNS:SF-295	ordinal	EX_xtsn_e	0.0	0.0	0.9091169462544961	primary	optimal
twostage-20260916T061947Z	CNS:SF-539	ordinal	EX_2pg_e	0.0	0.0	6.071678091942488	primary	optimal
twostage-20260916T061947Z	CNS:SF-539	ordinal	EX_34hpp_e	0.0	0.0	12.480808731086235	primary	optimal
twostage-20260916T061947Z	CNS:SF-539	ordinal	EX_3hanthrn_e	0.0	0.0	1.7896160832365027	primary	optimal
twostage-20260916T061947Z	CNS:SF-539	ordinal	EX_3pg_e	0.0	0.0	6.071678091942568	primary	optimal
twostage-20260916T061947Z	CNS:SF-539	ordinal	EX_4abut_e	0.0	0.0	20.992229310836244	primary	optimal
twostage-20260916T061947Z	CNS:SF-539	ordinal	EX_4hbz_e	0.0	0.0	4.80184283158499	primary	optimal
twostage-20260916T061947Z	CNS:SF-539	ordinal	EX_L2aadp_e	0.0	0.0	8.518991417268367	primary	optimal
twostage-20260916T061947Z	CNS:SF-539	ordinal	EX_Lkynr_e	0.0	0.0	3.6158686452958455	primary	optimal
twostage-20260916T061947Z	CNS:SF-539	ordinal	EX_acac_e	0.0	0.0	12.705534953568788	primary	optimal
twostage-20260916T061947Z	CNS:SF-539	ordinal	EX_ade_e	0.0	0.0	1.0358343311314977	primary	optimal
twostage-20260916T061947Z	CNS:SF-539	ordinal	EX_adn_e	0.0	0.0	0.8104047960042948	primary	optimal
twostage-20260916T061947Z	CNS:SF-539	ordinal	EX_ahcys_e	0.0	0.0	0.7686778876458958	primary	optimal
twostage-20260916T061947Z	CNS:SF-539	ordinal	EX_akg_e	0.0	0.0	35.91258634174947	primary	optimal
twostage-20260916T061947Z	CNS:SF-539	ordinal	EX_ala__L_e	1e-06	0.0	50.06561641827721	primary	optimal
twostage-20260916T061947Z	CNS:SF-539	ordinal	EX_amp_e	0.0	0.0	0.6776962183300953	primary	optimal
twostage-20260916T061947Z	CNS:SF-539	ordinal	EX_anth_e	0.0	0.0	3.3413360109924066	primary	optimal
twostage-20260916T061947Z	CNS:SF-539	ordinal	EX_arg__L_e	-9.999999	-10.0	2.503386357765224	primary	optimal
twostage-20260916T061947Z	CNS:SF-539	ordinal	EX_asn__L_e	-9.999999	-10.0	6.720236345036169	primary	optimal
twostage-20260916T061947Z	CNS:SF-539	ordinal	EX_asp__L_e	-9.999999	-10.0	24.95116583625444	primary	optimal
twostage-20260916T061947Z	CNS:SF-539	ordinal	EX_bilirub_e	0.0	0.0	0.43939626530581705	primary	optimal
twostage-20260916T061947Z	CNS:SF-539	ordinal	EX_cala_e	0.0	0.0	2.6811793261668226	primary	optimal
twostage-20260916T061947Z	CNS:SF-539	ordinal	EX_chol_e	-9.999999	-10.0	0.3539851753951041	primary	optimal
twostage-20260916T061947Z	CNS:SF-539	ordinal	EX_cholp_e	0.0	0.0	6.071678091942529	primary	optimal
twostage-20260916T061947Z	CNS:SF-539	ordinal	EX_cit_e	1e-06	0.0	31.006136757189765	primary	optimal
twostage-20260916T061947Z	CNS:SF-539	ordinal	EX_citr__L_e	0.0	0.0	14.030080936092897	primary	optimal
twostage-20260916T061947Z	CNS:SF-539	ordinal	EX_cmp_e	0.0	0.0	0.0	primary	optimal
twostage-20260916T061947Z	CNS:SF-539	ordinal	EX_crn_e	-0.9999990000000001	-1.0	-2.220446049250313e-16	primary	optimal
twostage-20260916T061947Z	CNS:SF-539	ordinal	EX_cyst__L_e	0.0	0.0	3.2057946829517516	primary	optimal
twostage-20260916T061947Z	CNS:SF-539	ordinal	EX_cytd_e	0.0	0.0	1.5948181256528908	primary	optimal
twostage-20260916T061947Z	CNS:SF-539	ordinal	EX_dad_2_e	0.0	0.0	0.8060789568891809	primary	optimal
twostage-20260916T061947Z	CNS:SF-539	ordinal	EX_dcmp_e	0.0	0.0	1.3758000681982223	primary	optimal
twostage-20260916T061947Z	CNS:SF-539	ordinal	EX_dcyt_e	0.0	0.0	1.6329951664890026	primary	optimal
twostage-20260916T061947Z	CNS:SF-539	ordinal	EX_dhap_e	0.0	0.0	4.384115818433239	primary	optimal
twostage-20260916T061947Z	CNS:SF-539	ordinal	EX_dmgly_e	0.0	0.0	3.9398182318956727	primary	optimal
twostage-20260916T061947Z	CNS:SF-539	ordinal	EX_duri_e	0.0	0.0	1.5959365089270086	primary	optimal
twostage-20260916T061947Z	CNS:SF-539	ordinal	EX_ethamp_e	0.0	0.0	6.071678091942405	primary	optimal
twostage-20260916T061947Z	CNS:SF-539	ordinal	EX_fol_e	-9.999999	-10.0	0.0	primary	optimal
twostage-20260916T061947Z	CNS:SF-539	ordinal	EX_fum_e	1e-06	0.0	40.62046757539867	primary	optimal
twostage-20260916T061947Z	CNS:SF-539	ordinal	EX_g3pc_e	0.0	0.0	2.112600296612373	primary	optimal
twostage-20260916T061947Z	CNS:SF-539	ordinal	EX_glc__D_e	-10.0	-10.0	-5.123095776427328	primary	optimal
twostage-20260916T061947Z	CNS:SF-539	ordinal	EX_glcur_e	0.0	0.0	3.5981235437515755	primary	optimal
twostage-20260916T061947Z	CNS:SF-539	ordinal	EX_gln__L_e	-9.999999	-10.0	4.434444384577219	primary	optimal
twostage-20260916T061947Z	CNS:SF-539	ordinal	EX_glu__L_e	-9.999999	-10.0	23.009379683870215	primary	optimal
twostage-20260916T061947Z	CNS:SF-539	ordinal	EX_gly_e	-9.999999	-10.0	25.293718776	primary	optimal
twostage-20260916T061947Z	CNS:SF-539	ordinal	EX_glyald_e	0.0	0.0	9.469060231583889	primary	optimal
twostage-20260916T061947Z	CNS:SF-539	ordinal	EX_glyb_e	0.0	0.0	9.899699208113574	primary	optimal
twostage-20260916T061947Z	CNS:SF-539	ordinal	EX_glyc3p_e	0.0	0.0	4.205379652551152	primary	optimal
twostage-20260916T061947Z	CNS:SF-539	ordinal	EX_gmp_e	0.0	0.0	0.0	primary	optimal
twostage-20260916T061947Z	CNS:SF-539	ordinal	EX_gthox_e	0.0	0.0	5.298081041124347	primary	optimal
twostage-20260916T061947Z	CNS:SF-539	ordinal	EX_hcys__L_e	0.0	0.0	4.517790734368658	primary	optimal
twostage-20260916T061947Z	CNS:SF-539	ordinal	EX_hom__L_e	0.0	0.0	0.0	primary	optimal
twostage-20260916T061947Z	CNS:SF-539	ordinal	EX_hxan_e	0.0	0.0	1.2184027311251222	primary	optimal
twostage-20260916T061947Z	CNS:SF-539	ordinal	EX_icit_e	0.0	0.0	29.707616570704	primary	optimal
twostage-20260916T061947Z	CNS:SF-539	ordinal	EX_ile__L_e	-9.999999000000003	-10.0	-0.9398300444600096	primary	optimal
twostage-20260916T061947Z	CNS:SF-539	ordinal	EX_imp_e	0.0	0.0	0.9235471451428522	primary	optimal
twostage-20260916T061947Z	CNS:SF-539	ordinal	EX_ins_e	0.0	0.0	0.9180038148316454	primary	optimal
twostage-20260916T061947Z	CNS:SF-539	ordinal	EX_lac__L_e	-0.9999990000000001	-1.0	53.7936329901667	primary	optimal
twostage-20260916T061947Z	CNS:SF-539	ordinal	EX_lcts_e	0.0	0.0	1.4435638912033069	primary	optimal
twostage-20260916T061947Z	CNS:SF-539	ordinal	EX_leu__L_e	-9.999999	-10.0	-1.7922337326704465	primary	optimal
twostage-20260916T061947Z	CNS:SF-539	ordinal	EX_lys__L_e	-9.999999	-10.0	-1.9452265708841576	primary	optimal
twostage-20260916T061947Z	CNS:SF-539	ordinal	EX_mal__L_e	1e-06	0.0	35.99346328995559	primary	optimal
twostage-20260916T061947Z	CNS:SF-539	ordinal	EX_met__L_e	-9.999999	-10.0	-0.5026982632120731	primary	optimal
twostage-20260916T061947Z	CNS:SF-539	ordinal	EX_nac_e	1.1879020746116903e-14	0.0	10.6574434548258	primary	optimal
twostage-20260916T061947Z	CNS:SF-539	ordinal	EX_ncam_e	-8.482818135485722	-10.0	5.329070518200751e-15	primary	optimal
twostage-20260916T061947Z	CNS:SF-539	ordinal	EX_nicrnt_e	0.0	0.0	2.2498955377814034	primary	optimal
twostage-20260916T061947Z	CNS:SF-539	ordinal	EX_orn_e	0.0	0.0	26.187477209845387	primary	optimal
twostage-20260916T061947Z	CNS:SF-539	ordinal	EX_orot5p_e	0.0	0.0	1.3851186776600026	primary	optimal
twostage-20260916T061947Z	CNS:SF-539	ordinal	EX_orot_e	0.0	0.0	3.144872012670272	primary	optimal
twostage-20260916T061947Z	CNS:SF-539	ordinal	EX_oxa_e	0.0	0.0	6.460227158747439	primary	optimal
twostage-20260916T061947Z	CNS:SF-539	ordinal	EX_pep_e	0.0	0.0	6.071678091942544	primary	optimal
twostage-20260916T061947Z	CNS:SF-539	ordinal	EX_phe__L_e	-0.8524036882104293	-10.0	-0.8524036882104262	primary	optimal
twostage-20260916T061947Z	CNS:SF-539	ordinal	EX_pnto__R_e	0.0	-10.0	0.049999999999998934	primary	optimal
twostage-20260916T061947Z	CNS:SF-539	ordinal	EX_pro__L_e	-1.3551019514244977	-10.0	19.31093597760668	primary	optimal
twostage-20260916T061947Z	CNS:SF-539	ordinal	EX_quln_e	0.0	0.0	1.1993334171649859	primary	optimal
twostage-20260916T061947Z	CNS:SF-539	ordinal	EX_sbt__D_e	0.0	0.0	0.0	primary	optimal
twostage-20260916T061947Z	CNS:SF-539	ordinal	EX_ser__L_e	-10.0	-10.0	0.13468235104091048	primary	optimal
twostage-20260916T061947Z	CNS:SF-539	ordinal	EX_spmd_e	0.0	0.0	1.2394856104162983	primary	optimal
twostage-20260916T061947Z	CNS:SF-539	ordinal	EX_sprm_e	0.0	0.0	0.6315037176085526	primary	optimal
twostage-20260916T061947Z	CNS:SF-539	ordinal	EX_srtn_e	0.0	0.0	3.5881037525018042	primary	optimal
twostage-20260916T061947Z	CNS:SF-539	ordinal	EX_succ_e	13.668270905502123	0.0	56.08730168858175	primary	optimal
twostage-20260916T061947Z	CNS:SF-539	ordinal	EX_sucr_e	0.0	0.0	0.0	primary	optimal
twostage-20260916T061947Z	CNS:SF-539	ordinal	EX_taur_e	0.0	0.0	3.199142452478101	primary	optimal
twostage-20260916T061947Z	CNS:SF-539	ordinal	EX_tchola_e	0.0	0.0	0.6910497219670333	primary	optimal
twostage-20260916T061947Z	CNS:SF-539	ordinal	EX_thr__L_e	-1.0272564007096083	-10.0	-1.0272564007096108	primary	optimal
twostage-20260916T061947Z	CNS:SF-539	ordinal	EX_thym_e	0.0	0.0	2.036199456638511	primary	optimal
twostage-20260916T061947Z	CNS:SF-539	ordinal	EX_thymd_e	0.0	0.0	1.3341883002612884	primary	optimal
twostage-20260916T061947Z	CNS:SF-539	ordinal	EX_trp__L_e	-0.04371317812479467	-10.0	-0.0437131781247988	primary	optimal
twostage-20260916T061947Z	CNS:SF-539	ordinal	EX_tyr__L_e	-0.5245548522744695	-10.0	3.2811676727315677	primary	optimal
twostage-20260916T061947Z	CNS:SF-539	ordinal	EX_ump_e	0.0	0.0	1.01688495105571	primary	optimal
twostage-20260916T061947Z	CNS:SF-539	ordinal	EX_ura_e	0.0	0.0	2.8234515715186053	primary	optimal
twostage-20260916T061947Z	CNS:SF-539	ordinal	EX_urate_e	0.0	0.0	1.167691253969154	primary	optimal
twostage-20260916T061947Z	CNS:SF-539	ordinal	EX_uri_e	0.0	0.0	1.6058430772351246	primary	optimal
twostage-20260916T061947Z	CNS:SF-539	ordinal	EX_val__L_e	-1.1583927624560209	-10.0	-1.1583926498609216	primary	optimal
twostage-20260916T061947Z	CNS:SF-539	ordinal	EX_xan_e	0.0	0.0	1.1983040725833647	primary	optimal
twostage-20260916T061947Z	CNS:SF-539	ordinal	EX_xmp_e	0.0	0.0	0.9101772336161668	primary	optimal
twostage-20260916T061947Z	CNS:SF-539	ordinal	EX_xtsn_e	0.0	0.0	0.9052728506443248	primary	optimal
twostage-20260916T061947Z	CNS:SNB-19	ordinal	EX_2pg_e	0.0	0.0	6.071678091942506	primary	optimal
twostage-20260916T061947Z	CNS:SNB-19	ordinal	EX_34hpp_e	0.0	0.0	12.385469685818324	primary	optimal
twostage-20260916T061947Z	CNS:SNB-19	ordinal	EX_3hanthrn_e	0.0	0.0	1.7376857831882162	primary	optimal
twostage-20260916T061947Z	CNS:SNB-19	ordinal	EX_3pg_e	0.0	0.0	6.071678091942493	primary	optimal
twostage-20260916T061947Z	CNS:SNB-19	ordinal	EX_4abut_e	0.0	0.0	22.91871260011487	primary	optimal
twostage-20260916T061947Z	CNS:SNB-19	ordinal	EX_4hbz_e	0.0	0.0	4.700540176415707	primary	optimal
twostage-20260916T061947Z	CNS:SNB-19	ordinal	EX_L2aadp_e	0.0	0.0	8.456506460300067	primary	optimal
twostage-20260916T061947Z	CNS:SNB-19	ordinal	EX_Lkynr_e	0.0	0.0	3.493083629009582	primary	optimal
twostage-20260916T061947Z	CNS:SNB-19	ordinal	EX_acac_e	0.0	0.0	12.827757198414554	primary	optimal
twostage-20260916T061947Z	CNS:SNB-19	ordinal	EX_ade_e	0.0	0.0	1.0523838334713438	primary	optimal
twostage-20260916T061947Z	CNS:SNB-19	ordinal	EX_adn_e	0.0	0.0	0.813868607442105	primary	optimal
twostage-20260916T061947Z	CNS:SNB-19	ordinal	EX_ahcys_e	0.0	0.0	0.7711406723476816	primary	optimal
twostage-20260916T061947Z	CNS:SNB-19	ordinal	EX_akg_e	1e-06	0.0	34.96165251115631	primary	optimal
twostage-20260916T061947Z	CNS:SNB-19	ordinal	EX_ala__L_e	1.0000000000000002e-06	0.0	51.67107102360866	primary	optimal
twostage-20260916T061947Z	CNS:SNB-19	ordinal	EX_amp_e	0.0	0.0	0.684665908725895	primary	optimal
twostage-20260916T061947Z	CNS:SNB-19	ordinal	EX_anth_e	0.0	0.0	3.240038083391702	primary	optimal
twostage-20260916T061947Z	CNS:SNB-19	ordinal	EX_arg__L_e	-9.999999	-10.0	2.424704209066781	primary	optimal
twostage-20260916T061947Z	CNS:SNB-19	ordinal	EX_asn__L_e	-9.999999	-10.0	6.5466011889845115	primary	optimal
twostage-20260916T061947Z	CNS:SNB-19	ordinal	EX_asp__L_e	-9.999999	-10.0	25.791687503256203	primary	optimal
twostage-20260916T061947Z	CNS:SNB-19	ordinal	EX_bilirub_e	0.0	0.0	0.4276758495897184	primary	optimal
twostage-20260916T061947Z	CNS:SNB-19	ordinal	EX_cala_e	0.0	0.0	2.7328471714425207	primary	optimal
twostage-20260916T061947Z	CNS:SNB-19	ordinal	EX_chol_e	-9.999999	-10.0	0.2904883667198427	primary	optimal
twostage-20260916T061947Z	CNS:SNB-19	ordinal	EX_cholp_e	0.0	0.0	6.0716780919421955	primary	optimal
twostage-20260916T061947Z	CNS:SNB-19	ordinal	EX_cit_e	1e-06	0.0	30.529924784022324	primary	optimal
twostage-20260916T061947Z	CNS:SNB-19	ordinal	EX_citr__L_e	0.0	0.0	14.15190297515046	primary	optimal
twostage-20260916T061947Z	CNS:SNB-19	ordinal	EX_cmp_e	0.0	0.0	0.0	primary	optimal
twostage-20260916T061947Z	CNS:SNB-19	ordinal	EX_crn_e	-0.999999	-1.0	2.6645352591003757e-15	primary	optimal
twostage-20260916T061947Z	CNS:SNB-19	ordinal	EX_cyst__L_e	0.0	0.0	3.1151658454790745	primary	optimal
twostage-20260916T061947Z	CNS:SNB-19	ordinal	EX_cytd_e	0.0	0.0	1.5759225961266219	primary	optimal
twostage-20260916T061947Z	CNS:SNB-19	ordinal	EX_dad_2_e	0.0	0.0	0.814438494361577	primary	optimal
twostage-20260916T061947Z	CNS:SNB-19	ordinal	EX_dcmp_e	0.0	0.0	1.383172773767958	primary	optimal
twostage-20260916T061947Z	CNS:SNB-19	ordinal	EX_dcyt_e	0.0	0.0	1.6151778968346278	primary	optimal
twostage-20260916T061947Z	CNS:SNB-19	ordinal	EX_dhap_e	0.0	0.0	4.366273655190082	primary	optimal
twostage-20260916T061947Z	CNS:SNB-19	ordinal	EX_dmgly_e	0.0	0.0	3.9164248808277717	primary	optimal
twostage-20260916T061947Z	CNS:SNB-19	ordinal	EX_duri_e	0.0	0.0	1.5800555719231075	primary	optimal
twostage-20260916T061947Z	CNS:SNB-19	ordinal	EX_ethamp_e	0.0	0.0	6.07167809194247	primary	optimal
twostage-20260916T061947Z	CNS:SNB-19	ordinal	EX_fol_e	-9.999999	-10.0	-5.329070518200751e-15	primary	optimal
twostage-20260916T061947Z	CNS:SNB-19	ordinal	EX_fum_e	1e-06	0.0	41.05238242886031	primary	optimal
twostage-20260916T061947Z	CNS:SNB-19	ordinal	EX_g3pc_e	0.0	0.0	2.0669575365983253	primary	optimal
twostage-20260916T061947Z	CNS:SNB-19	ordinal	EX_glc__D_e	-10.0	-10.0	-5.264413671326643	primary	optimal
twostage-20260916T061947Z	CNS:SNB-19	ordinal	EX_glcur_e	0.0	0.0	3.542143006269321	primary	optimal
twostage-20260916T061947Z	CNS:SNB-19	ordinal	EX_gln__L_e	-9.999999	-10.0	5.023626202420058	primary	optimal
twostage-20260916T061947Z	CNS:SNB-19	ordinal	EX_glu__L_e	-9.999999	-10.0	22.95499601117426	primary	optimal
twostage-20260916T061947Z	CNS:SNB-19	ordinal	EX_gly_e	-9.999999	-10.0	24.866904136495823	primary	optimal
twostage-20260916T061947Z	CNS:SNB-19	ordinal	EX_glyald_e	0.0	0.0	9.238431369908296	primary	optimal
twostage-20260916T061947Z	CNS:SNB-19	ordinal	EX_glyb_e	0.0	0.0	9.867903512515685	primary	optimal
twostage-20260916T061947Z	CNS:SNB-19	ordinal	EX_glyc3p_e	0.0	0.0	4.206443019250743	primary	optimal
twostage-20260916T061947Z	CNS:SNB-19	ordinal	EX_gmp_e	0.0	0.0	0.0	primary	optimal
twostage-20260916T061947Z	CNS:SNB-19	ordinal	EX_gthox_e	0.0	0.0	5.316695054676061	primary	optimal
twostage-20260916T061947Z	CNS:SNB-19	ordinal	EX_hcys__L_e	0.0	0.0	4.531285124336642	primary	optimal
twostage-20260916T061947Z	CNS:SNB-19	ordinal	EX_hom__L_e	0.0	0.0	0.0	primary	optimal
twostage-20260916T061947Z	CNS:SNB-19	ordinal	EX_hxan_e	0.0	0.0	1.228906098034755	primary	optimal
twostage-20260916T061947Z	CNS:SNB-19	ordinal	EX_icit_e	0.0	0.0	28.22537778876186	primary	optimal
twostage-20260916T061947Z	CNS:SNB-19	ordinal	EX_ile__L_e	-9.999999	-10.0	-0.9398300444598906	primary	optimal
twostage-20260916T061947Z	CNS:SNB-19	ordinal	EX_imp_e	0.0	0.0	0.9251044315799946	primary	optimal
twostage-20260916T061947Z	CNS:SNB-19	ordinal	EX_ins_e	0.0	0.0	0.9158910207169434	primary	optimal
twostage-20260916T061947Z	CNS:SNB-19	ordinal	EX_lac__L_e	-0.999999	-1.0	52.85142618622223	primary	optimal
twostage-20260916T061947Z	CNS:SNB-19	ordinal	EX_lcts_e	0.0	0.0	1.3879120777439764	primary	optimal
twostage-20260916T061947Z	CNS:SNB-19	ordinal	EX_leu__L_e	-9.999999	-10.0	-1.7922337326704483	primary	optimal
twostage-20260916T061947Z	CNS:SNB-19	ordinal	EX_lys__L_e	-9.999999000000003	-10.0	-1.945226570884163	primary	optimal
twostage-20260916T061947Z	CNS:SNB-19	ordinal	EX_mal__L_e	1e-06	0.0	35.88818390992706	primary	optimal
twostage-20260916T061947Z	CNS:SNB-19	ordinal	EX_met__L_e	-9.999999	-10.0	-0.5026982632120767	primary	optimal
twostage-20260916T061947Z	CNS:SNB-19	ordinal	EX_nac_e	2.6316353322256362e-14	0.0	10.588881040328392	primary	optimal
twostage-20260916T061947Z	CNS:SNB-19	ordinal	EX_ncam_e	-9.999999	-10.0	-1.7763568394002505e-15	primary	optimal
twostage-20260916T061947Z	CNS:SNB-19	ordinal	EX_nicrnt_e	0.0	0.0	2.189054689243988	primary	optimal
twostage-20260916T061947Z	CNS:SNB-19	ordinal	EX_orn_e	0.0	0.0	27.558983140536668	primary	optimal
twostage-20260916T061947Z	CNS:SNB-19	ordinal	EX_orot5p_e	0.0	0.0	1.3749780258978435	primary	optimal
twostage-20260916T061947Z	CNS:SNB-19	ordinal	EX_orot_e	0.0	0.0	3.2492185479523115	primary	optimal
twostage-20260916T061947Z	CNS:SNB-19	ordinal	EX_oxa_e	0.0	0.0	6.536229759679283	primary	optimal
twostage-20260916T061947Z	CNS:SNB-19	ordinal	EX_pep_e	0.0	0.0	6.071678091942501	primary	optimal
twostage-20260916T061947Z	CNS:SNB-19	ordinal	EX_phe__L_e	-1.1050939275531575	-10.0	-0.852403688210444	primary	optimal
twostage-20260916T061947Z	CNS:SNB-19	ordinal	EX_pnto__R_e	0.0	-10.0	0.05000000000000604	primary	optimal
twostage-20260916T061947Z	CNS:SNB-19	ordinal	EX_pro__L_e	-1.3551019674274805	-10.0	18.928895169586433	primary	optimal
twostage-20260916T061947Z	CNS:SNB-19	ordinal	EX_quln_e	0.0	0.0	1.16563824424098	primary	optimal
twostage-20260916T061947Z	CNS:SNB-19	ordinal	EX_sbt__D_e	0.0	0.0	0.0	primary	optimal
twostage-20260916T061947Z	CNS:SNB-19	ordinal	EX_ser__L_e	-10.0	-10.0	-0.28167423038711115	primary	optimal
twostage-20260916T061947Z	CNS:SNB-19	ordinal	EX_spmd_e	0.0	0.0	1.1927601362386262	primary	optimal
twostage-20260916T061947Z	CNS:SNB-19	ordinal	EX_sprm_e	0.0	0.0	0.607067732189699	primary	optimal
twostage-20260916T061947Z	CNS:SNB-19	ordinal	EX_srtn_e	0.0	0.0	3.4511157404249846	primary	optimal
twostage-20260916T061947Z	CNS:SNB-19	ordinal	EX_succ_e	18.513767131265283	0.0	55.51342800624341	primary	optimal
twostage-20260916T061947Z	CNS:SNB-19	ordinal	EX_sucr_e	0.0	0.0	0.0	primary	optimal
twostage-20260916T061947Z	CNS:SNB-19	ordinal	EX_taur_e	0.0	0.0	3.072634112789624	primary	optimal
twostage-20260916T061947Z	CNS:SNB-19	ordinal	EX_tchola_e	0.0	0.0	0.6696618592669576	primary	optimal
twostage-20260916T061947Z	CNS:SNB-19	ordinal	EX_thr__L_e	-1.027256400709608	-10.0	-1.027256400709609	primary	optimal
twostage-20260916T061947Z	CNS:SNB-19	ordinal	EX_thym_e	0.0	0.0	1.989408173249485	primary	optimal
twostage-20260916T061947Z	CNS:SNB-19	ordinal	EX_thymd_e	0.0	0.0	1.3061358634626041	primary	optimal
twostage-20260916T061947Z	CNS:SNB-19	ordinal	EX_trp__L_e	-0.04371317812479467	-10.0	-0.043713178124802354	primary	optimal
twostage-20260916T061947Z	CNS:SNB-19	ordinal	EX_tyr__L_e	-0.5245548522744694	-10.0	3.1988989264405423	primary	optimal
twostage-20260916T061947Z	CNS:SNB-19	ordinal	EX_ump_e	0.0	0.0	1.01839632000748	primary	optimal
twostage-20260916T061947Z	CNS:SNB-19	ordinal	EX_ura_e	0.0	0.0	2.842023400582365	primary	optimal
twostage-20260916T061947Z	CNS:SNB-19	ordinal	EX_urate_e	0.0	0.0	1.172840208269098	primary	optimal
twostage-20260916T061947Z	CNS:SNB-19	ordinal	EX_uri_e	0.0	0.0	1.579260116553706	primary	optimal
twostage-20260916T061947Z	CNS:SNB-19	ordinal	EX_val__L_e	-1.1583927782443368	-10.0	-1.158392649860927	primary	optimal
twostage-20260916T061947Z	CNS:SNB-19	ordinal	EX_xan_e	0.0	0.0	1.2086109099639628	primary	optimal
twostage-20260916T061947Z	CNS:SNB-19	ordinal	EX_xmp_e	0.0	0.0	0.9109748617714685	primary	optimal
twostage-20260916T061947Z	CNS:SNB-19	ordinal	EX_xtsn_e	0.0	0.0	0.9021730825576549	primary	optimal
twostage-20260916T061947Z	CNS:SNB-75	ordinal	EX_2pg_e	0.0	0.0	6.071678091942405	primary	optimal
twostage-20260916T061947Z	CNS:SNB-75	ordinal	EX_34hpp_e	0.0	0.0	12.447212685603757	primary	optimal
twostage-20260916T061947Z	CNS:SNB-75	ordinal	EX_3hanthrn_e	0.0	0.0	1.7954567211828905	primary	optimal
twostage-20260916T061947Z	CNS:SNB-75	ordinal	EX_3pg_e	0.0	0.0	6.07167809194239	primary	optimal
twostage-20260916T061947Z	CNS:SNB-75	ordinal	EX_4abut_e	0.0	0.0	19.736598545604693	primary	optimal
twostage-20260916T061947Z	CNS:SNB-75	ordinal	EX_4hbz_e	0.0	9.328491577314613e-33	4.712296891290075	primary	optimal
twostage-20260916T061947Z	CNS:SNB-75	ordinal	EX_L2aadp_e	0.0	0.0	8.441288627713856	primary	optimal
twostage-20260916T061947Z	CNS:SNB-75	ordinal	EX_Lkynr_e	0.0	0.0	3.623790079157146	primary	optimal
twostage-20260916T061947Z	CNS:SNB-75	ordinal	EX_acac_e	0.0	0.0	12.786059704415976	primary	optimal
twostage-20260916T061947Z	CNS:SNB-75	ordinal	EX_ade_e	0.0	0.0	1.009676419393545	primary	optimal
twostage-20260916T061947Z	CNS:SNB-75	ordinal	EX_adn_e	0.0	0.0	0.7913924954201038	primary	optimal
twostage-20260916T061947Z	CNS:SNB-75	ordinal	EX_ahcys_e	0.0	0.0	0.7514975216679695	primary	optimal
twostage-20260916T061947Z	CNS:SNB-75	ordinal	EX_akg_e	1e-06	0.0	36.689962860207125	primary	optimal
twostage-20260916T061947Z	CNS:SNB-75	ordinal	EX_ala__L_e	1e-06	0.0	51.11299911594927	primary	optimal
twostage-20260916T061947Z	CNS:SNB-75	ordinal	EX_amp_e	0.0	0.0	0.6629131413856723	primary	optimal
twostage-20260916T061947Z	CNS:SNB-75	ordinal	EX_anth_e	0.0	0.0	3.3730694377785437	primary	optimal
twostage-20260916T061947Z	CNS:SNB-75	ordinal	EX_arg__L_e	-9.999999	-10.0	2.5700507895660745	primary	optimal
twostage-20260916T061947Z	CNS:SNB-75	ordinal	EX_asn__L_e	-9.999999	-10.0	6.697301544754	primary	optimal
twostage-20260916T061947Z	CNS:SNB-75	ordinal	EX_asp__L_e	-9.999999	-10.0	24.82504252802847	primary	optimal
twostage-20260916T061947Z	CNS:SNB-75	ordinal	EX_bilirub_e	0.0	0.0	0.4307864141245225	primary	optimal
twostage-20260916T061947Z	CNS:SNB-75	ordinal	EX_cala_e	0.0	0.0	2.6410337602136265	primary	optimal
twostage-20260916T061947Z	CNS:SNB-75	ordinal	EX_chol_e	-9.999999	-10.0	0.30709139743420233	primary	optimal
twostage-20260916T061947Z	CNS:SNB-75	ordinal	EX_cholp_e	0.0	0.0	6.071678091942259	primary	optimal
twostage-20260916T061947Z	CNS:SNB-75	ordinal	EX_cit_e	1e-06	0.0	31.012481705315345	primary	optimal
twostage-20260916T061947Z	CNS:SNB-75	ordinal	EX_citr__L_e	0.0	0.0	14.077731282302256	primary	optimal
twostage-20260916T061947Z	CNS:SNB-75	ordinal	EX_cmp_e	0.0	0.0	0.0	primary	optimal
twostage-20260916T061947Z	CNS:SNB-75	ordinal	EX_crn_e	-0.9999989999999999	-1.0	-4.218847493575595e-15	primary	optimal
twostage-20260916T061947Z	CNS:SNB-75	ordinal	EX_cyst__L_e	0.0	0.0	3.136999287624194	primary	optimal
twostage-20260916T061947Z	CNS:SNB-75	ordinal	EX_cytd_e	0.0	0.0	1.559958169597552	primary	optimal
twostage-20260916T061947Z	CNS:SNB-75	ordinal	EX_dad_2_e	0.0	0.0	0.7890810452629533	primary	optimal
twostage-20260916T061947Z	CNS:SNB-75	ordinal	EX_dcmp_e	0.0	0.0	1.3499062462277132	primary	optimal
twostage-20260916T061947Z	CNS:SNB-75	ordinal	EX_dcyt_e	0.0	0.0	1.6025846061611961	primary	optimal
twostage-20260916T061947Z	CNS:SNB-75	ordinal	EX_dhap_e	0.0	0.0	4.333628622891407	primary	optimal
twostage-20260916T061947Z	CNS:SNB-75	ordinal	EX_dmgly_e	0.0	0.0	3.875246396771277	primary	optimal
twostage-20260916T061947Z	CNS:SNB-75	ordinal	EX_duri_e	0.0	0.0	1.5731965297203447	primary	optimal
twostage-20260916T061947Z	CNS:SNB-75	ordinal	EX_ethamp_e	0.0	0.0	6.071678091942659	primary	optimal
twostage-20260916T061947Z	CNS:SNB-75	ordinal	EX_fol_e	-9.999999	-10.0	-2.042810365310288e-14	primary	optimal
twostage-20260916T061947Z	CNS:SNB-75	ordinal	EX_fum_e	1.0000000000000002e-06	0.0	40.61314614458255	primary	optimal
twostage-20260916T061947Z	CNS:SNB-75	ordinal	EX_g3pc_e	0.0	0.0	2.1046207350695973	primary	optimal
twostage-20260916T061947Z	CNS:SNB-75	ordinal	EX_glc__D_e	-10.0	-10.0	-5.117232495924915	primary	optimal
twostage-20260916T061947Z	CNS:SNB-75	ordinal	EX_glcur_e	0.0	0.0	3.5837676962533003	primary	optimal
twostage-20260916T061947Z	CNS:SNB-75	ordinal	EX_gln__L_e	-9.999999	-10.0	4.677005800241194	primary	optimal
twostage-20260916T061947Z	CNS:SNB-75	ordinal	EX_glu__L_e	-9.999999	-10.0	23.8550177939867	primary	optimal
twostage-20260916T061947Z	CNS:SNB-75	ordinal	EX_gly_e	-9.999999	-10.0	25.054999115679475	primary	optimal
twostage-20260916T061947Z	CNS:SNB-75	ordinal	EX_glyald_e	0.0	0.0	9.330504837741788	primary	optimal
twostage-20260916T061947Z	CNS:SNB-75	ordinal	EX_glyb_e	0.0	0.0	9.8612088838042	primary	optimal
twostage-20260916T061947Z	CNS:SNB-75	ordinal	EX_glyc3p_e	0.0	0.0	4.1597386959508915	primary	optimal
twostage-20260916T061947Z	CNS:SNB-75	ordinal	EX_gmp_e	0.0	0.0	0.0	primary	optimal
twostage-20260916T061947Z	CNS:SNB-75	ordinal	EX_gthox_e	0.0	0.0	5.30408998119139	primary	optimal
twostage-20260916T061947Z	CNS:SNB-75	ordinal	EX_hcys__L_e	0.0	0.0	4.453580241291221	primary	optimal
twostage-20260916T061947Z	CNS:SNB-75	ordinal	EX_hom__L_e	0.0	0.0	0.0	primary	optimal
twostage-20260916T061947Z	CNS:SNB-75	ordinal	EX_hxan_e	0.0	0.0	1.1860512558753318	primary	optimal
twostage-20260916T061947Z	CNS:SNB-75	ordinal	EX_icit_e	1.0000000000000002e-06	0.0	29.851900161735514	primary	optimal
twostage-20260916T061947Z	CNS:SNB-75	ordinal	EX_ile__L_e	-9.999999	-10.0	-0.9398300444600203	primary	optimal
twostage-20260916T061947Z	CNS:SNB-75	ordinal	EX_imp_e	0.0	0.0	0.900896733142495	primary	optimal
twostage-20260916T061947Z	CNS:SNB-75	ordinal	EX_ins_e	0.0	0.0	0.8958060475080809	primary	optimal
twostage-20260916T061947Z	CNS:SNB-75	ordinal	EX_lac__L_e	-0.9999990000000001	-1.0	53.18168851854395	primary	optimal
twostage-20260916T061947Z	CNS:SNB-75	ordinal	EX_lcts_e	0.0	0.0	1.4340488177395527	primary	optimal
twostage-20260916T061947Z	CNS:SNB-75	ordinal	EX_leu__L_e	-9.999999	-10.0	-1.7922337326703701	primary	optimal
twostage-20260916T061947Z	CNS:SNB-75	ordinal	EX_lys__L_e	-9.999999	-10.0	-1.9452265708841647	primary	optimal
twostage-20260916T061947Z	CNS:SNB-75	ordinal	EX_mal__L_e	1e-06	0.0	36.00780237412465	primary	optimal
twostage-20260916T061947Z	CNS:SNB-75	ordinal	EX_met__L_e	-9.999999	-10.0	-0.5026982632120713	primary	optimal
twostage-20260916T061947Z	CNS:SNB-75	ordinal	EX_nac_e	1.6705613158127906e-15	0.0	10.61505480053929	primary	optimal
twostage-20260916T061947Z	CNS:SNB-75	ordinal	EX_ncam_e	-5.368439062432293	-10.0	3.552713678800501e-15	primary	optimal
twostage-20260916T061947Z	CNS:SNB-75	ordinal	EX_nicrnt_e	0.0	0.0	2.234170386001616	primary	optimal
twostage-20260916T061947Z	CNS:SNB-75	ordinal	EX_orn_e	0.0	0.0	25.510149440533716	primary	optimal
twostage-20260916T061947Z	CNS:SNB-75	ordinal	EX_orot5p_e	0.0	0.0	1.3552363636733906	primary	optimal
twostage-20260916T061947Z	CNS:SNB-75	ordinal	EX_orot_e	0.0	0.0	3.112113143907869	primary	optimal
twostage-20260916T061947Z	CNS:SNB-75	ordinal	EX_oxa_e	0.0	0.0	6.398383500426792	primary	optimal
twostage-20260916T061947Z	CNS:SNB-75	ordinal	EX_pep_e	0.0	0.0	6.071678091942531	primary	optimal
twostage-20260916T061947Z	CNS:SNB-75	ordinal	EX_phe__L_e	-0.8524037930974191	-10.0	-0.8524036882104298	primary	optimal
twostage-20260916T061947Z	CNS:SNB-75	ordinal	EX_pnto__R_e	0.0	-10.0	0.05000000000000071	primary	optimal
twostage-20260916T061947Z	CNS:SNB-75	ordinal	EX_pro__L_e	-1.3551019514225013	-10.0	18.001765547733967	primary	optimal
twostage-20260916T061947Z	CNS:SNB-75	ordinal	EX_quln_e	0.0	0.0	1.1991241124674243	primary	optimal
twostage-20260916T061947Z	CNS:SNB-75	ordinal	EX_sbt__D_e	0.0	0.0	0.0	primary	optimal
twostage-20260916T061947Z	CNS:SNB-75	ordinal	EX_ser__L_e	-10.0	-10.0	-0.17213652071321853	primary	optimal
twostage-20260916T061947Z	CNS:SNB-75	ordinal	EX_spmd_e	0.0	0.0	1.2195733136456113	primary	optimal
twostage-20260916T061947Z	CNS:SNB-75	ordinal	EX_sprm_e	0.0	0.0	0.6190513061111069	primary	optimal
twostage-20260916T061947Z	CNS:SNB-75	ordinal	EX_srtn_e	0.0	0.0	3.553552044165422	primary	optimal
twostage-20260916T061947Z	CNS:SNB-75	ordinal	EX_succ_e	16.202558421554894	0.0	54.57374438816918	primary	optimal
twostage-20260916T061947Z	CNS:SNB-75	ordinal	EX_sucr_e	0.0	0.0	0.0	primary	optimal
twostage-20260916T061947Z	CNS:SNB-75	ordinal	EX_taur_e	0.0	0.0	3.1742779550420157	primary	optimal
twostage-20260916T061947Z	CNS:SNB-75	ordinal	EX_tchola_e	0.0	0.0	0.686452434177655	primary	optimal
twostage-20260916T061947Z	CNS:SNB-75	ordinal	EX_thr__L_e	-1.027256400709608	-10.0	-1.02725640070957	primary	optimal
twostage-20260916T061947Z	CNS:SNB-75	ordinal	EX_thym_e	0.0	0.0	1.9808819934099078	primary	optimal
twostage-20260916T061947Z	CNS:SNB-75	ordinal	EX_thymd_e	0.0	0.0	1.319931620596252	primary	optimal
twostage-20260916T061947Z	CNS:SNB-75	ordinal	EX_trp__L_e	-0.04371317812479468	-10.0	-0.043713178124768604	primary	optimal
twostage-20260916T061947Z	CNS:SNB-75	ordinal	EX_tyr__L_e	-0.5245548522744694	-10.0	3.2666092543123635	primary	optimal
twostage-20260916T061947Z	CNS:SNB-75	ordinal	EX_ump_e	0.0	0.0	0.9975773528011752	primary	optimal
twostage-20260916T061947Z	CNS:SNB-75	ordinal	EX_ura_e	0.0	0.0	2.7736544207063982	primary	optimal
twostage-20260916T061947Z	CNS:SNB-75	ordinal	EX_urate_e	0.0	0.0	1.1364053904461648	primary	optimal
twostage-20260916T061947Z	CNS:SNB-75	ordinal	EX_uri_e	0.0	0.0	1.5755332856717363	primary	optimal
twostage-20260916T061947Z	CNS:SNB-75	ordinal	EX_val__L_e	-1.1583926616264957	-10.0	-1.1583926498609287	primary	optimal
twostage-20260916T061947Z	CNS:SNB-75	ordinal	EX_xan_e	0.0	0.0	1.1661481139517815	primary	optimal
twostage-20260916T061947Z	CNS:SNB-75	ordinal	EX_xmp_e	0.0	0.0	0.887573352222415	primary	optimal
twostage-20260916T061947Z	CNS:SNB-75	ordinal	EX_xtsn_e	0.0	0.0	0.8832865463867494	primary	optimal
twostage-20260916T061947Z	CNS:U251	ordinal	EX_2pg_e	0.0	0.0	6.071678091942418	primary	optimal
twostage-20260916T061947Z	CNS:U251	ordinal	EX_34hpp_e	0.0	0.0	12.339015420712903	primary	optimal
twostage-20260916T061947Z	CNS:U251	ordinal	EX_3hanthrn_e	0.0	0.0	1.7161868995034826	primary	optimal
twostage-20260916T061947Z	CNS:U251	ordinal	EX_3pg_e	0.0	0.0	6.071678091942448	primary	optimal
twostage-20260916T061947Z	CNS:U251	ordinal	EX_4abut_e	0.0	0.0	23.37347160806271	primary	optimal
twostage-20260916T061947Z	CNS:U251	ordinal	EX_4hbz_e	0.0	0.0	4.6245686345883446	primary	optimal
twostage-20260916T061947Z	CNS:U251	ordinal	EX_L2aadp_e	0.0	0.0	8.444587061741021	primary	optimal
twostage-20260916T061947Z	CNS:U251	ordinal	EX_Lkynr_e	0.0	0.0	3.443818548107996	primary	optimal
twostage-20260916T061947Z	CNS:U251	ordinal	EX_acac_e	0.0	0.0	12.727275911709157	primary	optimal
twostage-20260916T061947Z	CNS:U251	ordinal	EX_ade_e	0.0	0.0	1.0425013244375787	primary	optimal
twostage-20260916T061947Z	CNS:U251	ordinal	EX_adn_e	0.0	0.0	0.8061162830734685	primary	optimal
twostage-20260916T061947Z	CNS:U251	ordinal	EX_ahcys_e	0.0	0.0	0.7656878570254306	primary	optimal
twostage-20260916T061947Z	CNS:U251	ordinal	EX_akg_e	0.0	0.0	35.445040687286145	primary	optimal
twostage-20260916T061947Z	CNS:U251	ordinal	EX_ala__L_e	1e-06	0.0	51.453565788746	primary	optimal
twostage-20260916T061947Z	CNS:U251	ordinal	EX_amp_e	0.0	0.0	0.6774445297310496	primary	optimal
twostage-20260916T061947Z	CNS:U251	ordinal	EX_anth_e	0.0	0.0	3.2021542555111866	primary	optimal
twostage-20260916T061947Z	CNS:U251	ordinal	EX_arg__L_e	-9.999999	-10.0	2.3712964723160486	primary	optimal
twostage-20260916T061947Z	CNS:U251	ordinal	EX_asn__L_e	-9.999999000000003	-10.0	6.493372212709198	primary	optimal
twostage-20260916T061947Z	CNS:U251	ordinal	EX_asp__L_e	-9.999999	-10.0	25.613576873396983	primary	optimal
twostage-20260916T061947Z	CNS:U251	ordinal	EX_bilirub_e	0.0	0.0	0.42404498211208197	primary	optimal
twostage-20260916T061947Z	CNS:U251	ordinal	EX_cala_e	0.0	0.0	2.6481892761357653	primary	optimal
twostage-20260916T061947Z	CNS:U251	ordinal	EX_chol_e	-9.999999	-10.0	0.2829037414746301	primary	optimal
twostage-20260916T061947Z	CNS:U251	ordinal	EX_cholp_e	0.0	0.0	6.071678091942528	primary	optimal
twostage-20260916T061947Z	CNS:U251	ordinal	EX_cit_e	1e-06	0.0	30.38422030060944	primary	optimal
twostage-20260916T061947Z	CNS:U251	ordinal	EX_citr__L_e	0.0	0.0	13.91504000684352	primary	optimal
twostage-20260916T061947Z	CNS:U251	ordinal	EX_cmp_e	0.0	0.0	0.0	primary	optimal
twostage-20260916T061947Z	CNS:U251	ordinal	EX_crn_e	-0.9999990000000001	-1.0	5.329070518200751e-15	primary	optimal
twostage-20260916T061947Z	CNS:U251	ordinal	EX_cyst__L_e	0.0	0.0	3.146327687945652	primary	optimal
twostage-20260916T061947Z	CNS:U251	ordinal	EX_cytd_e	0.0	0.0	1.5450073349999829	primary	optimal
twostage-20260916T061947Z	CNS:U251	ordinal	EX_dad_2_e	0.0	0.0	0.804480969716709	primary	optimal
twostage-20260916T061947Z	CNS:U251	ordinal	EX_dcmp_e	0.0	0.0	1.3516637914276248	primary	optimal
twostage-20260916T061947Z	CNS:U251	ordinal	EX_dcyt_e	0.0	0.0	1.5781875364811835	primary	optimal
twostage-20260916T061947Z	CNS:U251	ordinal	EX_dhap_e	0.0	0.0	4.324385964332562	primary	optimal
twostage-20260916T061947Z	CNS:U251	ordinal	EX_dmgly_e	0.0	0.0	3.8736088013663212	primary	optimal
twostage-20260916T061947Z	CNS:U251	ordinal	EX_duri_e	0.0	0.0	1.549573221460739	primary	optimal
twostage-20260916T061947Z	CNS:U251	ordinal	EX_ethamp_e	0.0	0.0	6.071678091942617	primary	optimal
twostage-20260916T061947Z	CNS:U251	ordinal	EX_fol_e	-9.999999	-10.0	-1.9539925233402755e-14	primary	optimal
twostage-20260916T061947Z	CNS:U251	ordinal	EX_fum_e	1e-06	0.0	40.46903158630083	primary	optimal
twostage-20260916T061947Z	CNS:U251	ordinal	EX_g3pc_e	0.0	0.0	2.066638472473378	primary	optimal
twostage-20260916T061947Z	CNS:U251	ordinal	EX_glc__D_e	-10.0	-10.0	-5.293741609886382	primary	optimal
twostage-20260916T061947Z	CNS:U251	ordinal	EX_glcur_e	0.0	0.0	3.4986811918018987	primary	optimal
twostage-20260916T061947Z	CNS:U251	ordinal	EX_gln__L_e	-9.999999	-10.0	4.855637787826591	primary	optimal
twostage-20260916T061947Z	CNS:U251	ordinal	EX_glu__L_e	-9.999999	-10.0	23.195596820347472	primary	optimal
twostage-20260916T061947Z	CNS:U251	ordinal	EX_gly_e	-9.999999	-10.0	25.627183077763913	primary	optimal
twostage-20260916T061947Z	CNS:U251	ordinal	EX_glyald_e	0.0	0.0	9.163207155373826	primary	optimal
twostage-20260916T061947Z	CNS:U251	ordinal	EX_glyb_e	0.0	0.0	9.853856423550866	primary	optimal
twostage-20260916T061947Z	CNS:U251	ordinal	EX_glyc3p_e	0.0	0.0	4.1596179927622146	primary	optimal
twostage-20260916T061947Z	CNS:U251	ordinal	EX_gmp_e	0.0	0.0	0.0	primary	optimal
twostage-20260916T061947Z	CNS:U251	ordinal	EX_gthox_e	0.0	0.0	5.3145142123685885	primary	optimal
twostage-20260916T061947Z	CNS:U251	ordinal	EX_hcys__L_e	0.0	0.0	4.49185717725623	primary	optimal
twostage-20260916T061947Z	CNS:U251	ordinal	EX_hom__L_e	0.0	0.0	0.0	primary	optimal
twostage-20260916T061947Z	CNS:U251	ordinal	EX_hxan_e	0.0	0.0	1.2219350088997145	primary	optimal
twostage-20260916T061947Z	CNS:U251	ordinal	EX_icit_e	0.0	0.0	28.325437209238157	primary	optimal
twostage-20260916T061947Z	CNS:U251	ordinal	EX_ile__L_e	-9.999999	-10.0	-0.9398300444599919	primary	optimal
twostage-20260916T061947Z	CNS:U251	ordinal	EX_imp_e	0.0	0.0	0.9180407428404213	primary	optimal
twostage-20260916T061947Z	CNS:U251	ordinal	EX_ins_e	0.0	0.0	0.9089724171385872	primary	optimal
twostage-20260916T061947Z	CNS:U251	ordinal	EX_lac__L_e	-0.9999990000000001	-1.0	52.88634927469075	primary	optimal
twostage-20260916T061947Z	CNS:U251	ordinal	EX_lcts_e	0.0	0.0	1.390300125061179	primary	optimal
twostage-20260916T061947Z	CNS:U251	ordinal	EX_leu__L_e	-9.999999	-10.0	-1.7922337326704803	primary	optimal
twostage-20260916T061947Z	CNS:U251	ordinal	EX_lys__L_e	-9.999999	-10.0	-1.945226570884163	primary	optimal
twostage-20260916T061947Z	CNS:U251	ordinal	EX_mal__L_e	1e-06	0.0	35.75843357860739	primary	optimal
twostage-20260916T061947Z	CNS:U251	ordinal	EX_met__L_e	-9.999999	-10.0	-0.5026982632120713	primary	optimal
twostage-20260916T061947Z	CNS:U251	ordinal	EX_nac_e	0.0	0.0	10.570835056631857	primary	optimal
twostage-20260916T061947Z	CNS:U251	ordinal	EX_ncam_e	-7.408482726216356	-10.0	8.881784197001252e-15	primary	optimal
twostage-20260916T061947Z	CNS:U251	ordinal	EX_nicrnt_e	0.0	0.0	2.1701448137427954	primary	optimal
twostage-20260916T061947Z	CNS:U251	ordinal	EX_orn_e	0.0	0.0	27.765477921390328	primary	optimal
twostage-20260916T061947Z	CNS:U251	ordinal	EX_orot5p_e	0.0	0.0	1.354794322595926	primary	optimal
twostage-20260916T061947Z	CNS:U251	ordinal	EX_orot_e	0.0	0.0	3.1837196808679598	primary	optimal
twostage-20260916T061947Z	CNS:U251	ordinal	EX_oxa_e	0.0	0.0	6.330278598463178	primary	optimal
twostage-20260916T061947Z	CNS:U251	ordinal	EX_pep_e	0.0	0.0	6.07167809194309	primary	optimal
twostage-20260916T061947Z	CNS:U251	ordinal	EX_phe__L_e	-0.8524036986011436	-10.0	-0.8524036882104262	primary	optimal
twostage-20260916T061947Z	CNS:U251	ordinal	EX_pnto__R_e	0.0	-10.0	0.04999999999999716	primary	optimal
twostage-20260916T061947Z	CNS:U251	ordinal	EX_pro__L_e	-1.3551019514225013	-10.0	18.98018229371838	primary	optimal
twostage-20260916T061947Z	CNS:U251	ordinal	EX_quln_e	0.0	0.0	1.1525472230933147	primary	optimal
twostage-20260916T061947Z	CNS:U251	ordinal	EX_sbt__D_e	0.0	0.0	0.0	primary	optimal
twostage-20260916T061947Z	CNS:U251	ordinal	EX_ser__L_e	-10.0	-10.0	-0.010404371664634387	primary	optimal
twostage-20260916T061947Z	CNS:U251	ordinal	EX_spmd_e	0.0	0.0	1.1814165830866905	primary	optimal
twostage-20260916T061947Z	CNS:U251	ordinal	EX_sprm_e	0.0	0.0	0.6023711882149095	primary	optimal
twostage-20260916T061947Z	CNS:U251	ordinal	EX_srtn_e	0.0	0.0	3.4301036873210164	primary	optimal
twostage-20260916T061947Z	CNS:U251	ordinal	EX_succ_e	18.51376100241268	0.0	54.687443672025694	primary	optimal
twostage-20260916T061947Z	CNS:U251	ordinal	EX_sucr_e	0.0	0.0	0.0	primary	optimal
twostage-20260916T061947Z	CNS:U251	ordinal	EX_taur_e	0.0	0.0	3.08084879275826	primary	optimal
twostage-20260916T061947Z	CNS:U251	ordinal	EX_tchola_e	0.0	0.0	0.6641307974896594	primary	optimal
twostage-20260916T061947Z	CNS:U251	ordinal	EX_thr__L_e	-1.027256400709608	-10.0	-1.0272564007096001	primary	optimal
twostage-20260916T061947Z	CNS:U251	ordinal	EX_thym_e	0.0	0.0	1.9606097474165147	primary	optimal
twostage-20260916T061947Z	CNS:U251	ordinal	EX_thymd_e	0.0	0.0	1.2870623707352977	primary	optimal
twostage-20260916T061947Z	CNS:U251	ordinal	EX_trp__L_e	-0.04371317812479467	-10.0	-0.04371317812479791	primary	optimal
twostage-20260916T061947Z	CNS:U251	ordinal	EX_tyr__L_e	-0.5245548522744694	-10.0	3.1674311764812835	primary	optimal
twostage-20260916T061947Z	CNS:U251	ordinal	EX_ump_e	0.0	0.0	1.0035606053991817	primary	optimal
twostage-20260916T061947Z	CNS:U251	ordinal	EX_ura_e	0.0	0.0	2.7744082180902514	primary	optimal
twostage-20260916T061947Z	CNS:U251	ordinal	EX_urate_e	0.0	0.0	1.1680528162564499	primary	optimal
twostage-20260916T061947Z	CNS:U251	ordinal	EX_uri_e	0.0	0.0	1.5554249313872341	primary	optimal
twostage-20260916T061947Z	CNS:U251	ordinal	EX_val__L_e	-1.1583927168035548	-10.0	-1.1583926498609216	primary	optimal
twostage-20260916T061947Z	CNS:U251	ordinal	EX_xan_e	0.0	0.0	1.2023814577946823	primary	optimal
twostage-20260916T061947Z	CNS:U251	ordinal	EX_xmp_e	0.0	0.0	0.9046700355385581	primary	optimal
twostage-20260916T061947Z	CNS:U251	ordinal	EX_xtsn_e	0.0	0.0	0.8970097807698776	primary	optimal
twostage-20260916T061947Z	CO:COLO 205	ordinal	EX_2pg_e	0.0	0.0	6.071678091942264	primary	optimal
twostage-20260916T061947Z	CO:COLO 205	ordinal	EX_34hpp_e	0.0	0.0	12.617260020191893	primary	optimal
twostage-20260916T061947Z	CO:COLO 205	ordinal	EX_3hanthrn_e	0.0	0.0	1.798884931932632	primary	optimal
twostage-20260916T061947Z	CO:COLO 205	ordinal	EX_3pg_e	0.0	0.0	6.0716780919423385	primary	optimal
twostage-20260916T061947Z	CO:COLO 205	ordinal	EX_4abut_e	0.0	0.0	21.708492818995772	primary	optimal
twostage-20260916T061947Z	CO:COLO 205	ordinal	EX_4hbz_e	0.0	0.0	4.89163949666046	primary	optimal
twostage-20260916T061947Z	CO:COLO 205	ordinal	EX_L2aadp_e	0.0	0.0	8.448966352551292	primary	optimal
twostage-20260916T061947Z	CO:COLO 205	ordinal	EX_Lkynr_e	0.0	0.0	3.6488915261450394	primary	optimal
twostage-20260916T061947Z	CO:COLO 205	ordinal	EX_acac_e	0.0	0.0	12.549648695612607	primary	optimal
twostage-20260916T061947Z	CO:COLO 205	ordinal	EX_ade_e	0.0	0.0	1.0294712449114825	primary	optimal
twostage-20260916T061947Z	CO:COLO 205	ordinal	EX_adn_e	0.0	0.0	0.7961937500036714	primary	optimal
twostage-20260916T061947Z	CO:COLO 205	ordinal	EX_ahcys_e	0.0	0.0	0.7611650163824663	primary	optimal
twostage-20260916T061947Z	CO:COLO 205	ordinal	EX_akg_e	0.0	0.0	35.06268359065451	primary	optimal
twostage-20260916T061947Z	CO:COLO 205	ordinal	EX_ala__L_e	1e-06	0.0	51.02299460357228	primary	optimal
twostage-20260916T061947Z	CO:COLO 205	ordinal	EX_amp_e	0.0	0.0	0.6673972413329657	primary	optimal
twostage-20260916T061947Z	CO:COLO 205	ordinal	EX_anth_e	0.0	0.0	3.3690464239752673	primary	optimal
twostage-20260916T061947Z	CO:COLO 205	ordinal	EX_arg__L_e	-9.999999	-10.0	2.607581203377885	primary	optimal
twostage-20260916T061947Z	CO:COLO 205	ordinal	EX_asn__L_e	-9.999999	-10.0	6.761066352793494	primary	optimal
twostage-20260916T061947Z	CO:COLO 205	ordinal	EX_asp__L_e	-9.999999000000003	-10.0	24.779070221429627	primary	optimal
twostage-20260916T061947Z	CO:COLO 205	ordinal	EX_bilirub_e	0.0	0.0	0.43250833488642665	primary	optimal
twostage-20260916T061947Z	CO:COLO 205	ordinal	EX_cala_e	0.0	0.0	2.619821383949654	primary	optimal
twostage-20260916T061947Z	CO:COLO 205	ordinal	EX_chol_e	-9.999999	-10.0	0.33960036675935373	primary	optimal
twostage-20260916T061947Z	CO:COLO 205	ordinal	EX_cholp_e	0.0	0.0	6.071678091942354	primary	optimal
twostage-20260916T061947Z	CO:COLO 205	ordinal	EX_cit_e	1e-06	0.0	30.735497551651022	primary	optimal
twostage-20260916T061947Z	CO:COLO 205	ordinal	EX_citr__L_e	0.0	0.0	13.974943408760193	primary	optimal
twostage-20260916T061947Z	CO:COLO 205	ordinal	EX_cmp_e	0.0	0.0	0.0	primary	optimal
twostage-20260916T061947Z	CO:COLO 205	ordinal	EX_crn_e	-0.999999	-1.0	2.220446049250313e-16	primary	optimal
twostage-20260916T061947Z	CO:COLO 205	ordinal	EX_cyst__L_e	0.0	0.0	3.1728896818933854	primary	optimal
twostage-20260916T061947Z	CO:COLO 205	ordinal	EX_cytd_e	0.0	0.0	1.5754853711332655	primary	optimal
twostage-20260916T061947Z	CO:COLO 205	ordinal	EX_dad_2_e	0.0	0.0	0.7943904111409358	primary	optimal
twostage-20260916T061947Z	CO:COLO 205	ordinal	EX_dcmp_e	0.0	0.0	1.3613661123823964	primary	optimal
twostage-20260916T061947Z	CO:COLO 205	ordinal	EX_dcyt_e	0.0	0.0	1.626242695296732	primary	optimal
twostage-20260916T061947Z	CO:COLO 205	ordinal	EX_dhap_e	0.0	0.0	4.22939699424516	primary	optimal
twostage-20260916T061947Z	CO:COLO 205	ordinal	EX_dmgly_e	0.0	0.0	3.926310731309027	primary	optimal
twostage-20260916T061947Z	CO:COLO 205	ordinal	EX_duri_e	0.0	0.0	1.5846942842853673	primary	optimal
twostage-20260916T061947Z	CO:COLO 205	ordinal	EX_ethamp_e	0.0	0.0	6.071678091942391	primary	optimal
twostage-20260916T061947Z	CO:COLO 205	ordinal	EX_fol_e	-9.999999	-10.0	-5.329070518200751e-15	primary	optimal
twostage-20260916T061947Z	CO:COLO 205	ordinal	EX_fum_e	1e-06	0.0	41.36821598049466	primary	optimal
twostage-20260916T061947Z	CO:COLO 205	ordinal	EX_g3pc_e	0.0	0.0	2.1168010572717444	primary	optimal
twostage-20260916T061947Z	CO:COLO 205	ordinal	EX_glc__D_e	-10.0	-10.0	-4.912501842037105	primary	optimal
twostage-20260916T061947Z	CO:COLO 205	ordinal	EX_glcur_e	0.0	0.0	3.634084064817479	primary	optimal
twostage-20260916T061947Z	CO:COLO 205	ordinal	EX_gln__L_e	-9.999999	-10.0	4.351699507373781	primary	optimal
twostage-20260916T061947Z	CO:COLO 205	ordinal	EX_glu__L_e	-9.999999	-10.0	21.401131398578116	primary	optimal
twostage-20260916T061947Z	CO:COLO 205	ordinal	EX_gly_e	-9.999999	-10.0	25.035572375635965	primary	optimal
twostage-20260916T061947Z	CO:COLO 205	ordinal	EX_glyald_e	0.0	0.0	9.374002106919228	primary	optimal
twostage-20260916T061947Z	CO:COLO 205	ordinal	EX_glyb_e	0.0	0.0	9.875154198008778	primary	optimal
twostage-20260916T061947Z	CO:COLO 205	ordinal	EX_glyc3p_e	0.0	0.0	4.062494408453837	primary	optimal
twostage-20260916T061947Z	CO:COLO 205	ordinal	EX_gmp_e	0.0	0.0	0.0	primary	optimal
twostage-20260916T061947Z	CO:COLO 205	ordinal	EX_gthox_e	0.0	0.0	5.360751800794977	primary	optimal
twostage-20260916T061947Z	CO:COLO 205	ordinal	EX_hcys__L_e	0.0	0.0	4.512336901359487	primary	optimal
twostage-20260916T061947Z	CO:COLO 205	ordinal	EX_hom__L_e	0.0	0.0	0.0	primary	optimal
twostage-20260916T061947Z	CO:COLO 205	ordinal	EX_hxan_e	0.0	0.0	1.2144070849976807	primary	optimal
twostage-20260916T061947Z	CO:COLO 205	ordinal	EX_icit_e	0.0	0.0	28.614635037051944	primary	optimal
twostage-20260916T061947Z	CO:COLO 205	ordinal	EX_ile__L_e	-9.999999	-10.0	-0.9398300444600132	primary	optimal
twostage-20260916T061947Z	CO:COLO 205	ordinal	EX_imp_e	0.0	0.0	0.9069958423435527	primary	optimal
twostage-20260916T061947Z	CO:COLO 205	ordinal	EX_ins_e	0.0	0.0	0.9024844733850617	primary	optimal
twostage-20260916T061947Z	CO:COLO 205	ordinal	EX_lac__L_e	-0.999999	-1.0	54.25611458908019	primary	optimal
twostage-20260916T061947Z	CO:COLO 205	ordinal	EX_lcts_e	0.0	0.0	1.4218857918317525	primary	optimal
twostage-20260916T061947Z	CO:COLO 205	ordinal	EX_leu__L_e	-9.999999	-10.0	-1.79223373267045	primary	optimal
twostage-20260916T061947Z	CO:COLO 205	ordinal	EX_lys__L_e	-9.999999	-10.0	-1.9452265708841594	primary	optimal
twostage-20260916T061947Z	CO:COLO 205	ordinal	EX_mal__L_e	1e-06	0.0	36.63649917290658	primary	optimal
twostage-20260916T061947Z	CO:COLO 205	ordinal	EX_met__L_e	-9.999999	-10.0	-0.5026982632120802	primary	optimal
twostage-20260916T061947Z	CO:COLO 205	ordinal	EX_nac_e	0.0	0.0	10.6475420402086	primary	optimal
twostage-20260916T061947Z	CO:COLO 205	ordinal	EX_ncam_e	-9.999999	-10.0	-5.329070518200751e-15	primary	optimal
twostage-20260916T061947Z	CO:COLO 205	ordinal	EX_nicrnt_e	0.0	0.0	2.2252578854848477	primary	optimal
twostage-20260916T061947Z	CO:COLO 205	ordinal	EX_orn_e	1.0000000000000002e-06	0.0	27.61222407142109	primary	optimal
twostage-20260916T061947Z	CO:COLO 205	ordinal	EX_orot5p_e	0.0	0.0	1.3642825174769349	primary	optimal
twostage-20260916T061947Z	CO:COLO 205	ordinal	EX_orot_e	0.0	0.0	3.1376873441696436	primary	optimal
twostage-20260916T061947Z	CO:COLO 205	ordinal	EX_oxa_e	0.0	0.0	6.790924278514158	primary	optimal
twostage-20260916T061947Z	CO:COLO 205	ordinal	EX_pep_e	0.0	0.0	6.071678091942558	primary	optimal
twostage-20260916T061947Z	CO:COLO 205	ordinal	EX_phe__L_e	-2.136183599743323	-10.0	-0.8524036882104298	primary	optimal
twostage-20260916T061947Z	CO:COLO 205	ordinal	EX_pnto__R_e	0.0	-10.0	0.04999999999999538	primary	optimal
twostage-20260916T061947Z	CO:COLO 205	ordinal	EX_pro__L_e	-1.3551019514225018	-10.0	20.106947733039746	primary	optimal
twostage-20260916T061947Z	CO:COLO 205	ordinal	EX_quln_e	1.154149377532174e-14	0.0	1.2039419658305004	primary	optimal
twostage-20260916T061947Z	CO:COLO 205	ordinal	EX_sbt__D_e	0.0	0.0	0.0	primary	optimal
twostage-20260916T061947Z	CO:COLO 205	ordinal	EX_ser__L_e	-10.0	-10.0	0.143440387318135	primary	optimal
twostage-20260916T061947Z	CO:COLO 205	ordinal	EX_spmd_e	0.0	0.0	1.2218430661399393	primary	optimal
twostage-20260916T061947Z	CO:COLO 205	ordinal	EX_sprm_e	0.0	0.0	0.6221991951705286	primary	optimal
twostage-20260916T061947Z	CO:COLO 205	ordinal	EX_srtn_e	0.0	0.0	3.5919432770812816	primary	optimal
twostage-20260916T061947Z	CO:COLO 205	ordinal	EX_succ_e	14.33480117194273	0.0	56.3185526146683	primary	optimal
twostage-20260916T061947Z	CO:COLO 205	ordinal	EX_sucr_e	0.0	0.0	0.0	primary	optimal
twostage-20260916T061947Z	CO:COLO 205	ordinal	EX_taur_e	0.0	0.0	3.195097727880128	primary	optimal
twostage-20260916T061947Z	CO:COLO 205	ordinal	EX_tchola_e	0.0	0.0	0.6983840065339499	primary	optimal
twostage-20260916T061947Z	CO:COLO 205	ordinal	EX_thr__L_e	-1.0272564007096083	-10.0	-1.027256400709593	primary	optimal
twostage-20260916T061947Z	CO:COLO 205	ordinal	EX_thym_e	0.0	0.0	2.0237060032465535	primary	optimal
twostage-20260916T061947Z	CO:COLO 205	ordinal	EX_thymd_e	0.0	0.0	1.3331121116156852	primary	optimal
twostage-20260916T061947Z	CO:COLO 205	ordinal	EX_trp__L_e	-0.04371317812479467	-10.0	-0.04371317812478814	primary	optimal
twostage-20260916T061947Z	CO:COLO 205	ordinal	EX_tyr__L_e	-0.5245548522744694	-10.0	3.3053689354288758	primary	optimal
twostage-20260916T061947Z	CO:COLO 205	ordinal	EX_ump_e	0.0	0.0	0.9983385924960511	primary	optimal
twostage-20260916T061947Z	CO:COLO 205	ordinal	EX_ura_e	0.0	0.0	2.8219297109475274	primary	optimal
twostage-20260916T061947Z	CO:COLO 205	ordinal	EX_urate_e	0.0	0.0	1.1602897432312944	primary	optimal
twostage-20260916T061947Z	CO:COLO 205	ordinal	EX_uri_e	0.0	0.0	1.5878445365272411	primary	optimal
twostage-20260916T061947Z	CO:COLO 205	ordinal	EX_val__L_e	-1.15839273477567	-10.0	-1.1583926498609234	primary	optimal
twostage-20260916T061947Z	CO:COLO 205	ordinal	EX_xan_e	0.0	0.0	1.1930363804797357	primary	optimal
twostage-20260916T061947Z	CO:COLO 205	ordinal	EX_xmp_e	0.0	0.0	0.8943840485998932	primary	optimal
twostage-20260916T061947Z	CO:COLO 205	ordinal	EX_xtsn_e	0.0	0.0	0.8892783026337203	primary	optimal
twostage-20260916T061947Z	CO:HCC-2998	ordinal	EX_2pg_e	0.0	0.0	6.071678091942332	primary	optimal
twostage-20260916T061947Z	CO:HCC-2998	ordinal	EX_34hpp_e	0.0	0.0	12.447237046388974	primary	optimal
twostage-20260916T061947Z	CO:HCC-2998	ordinal	EX_3hanthrn_e	0.0	0.0	1.7196221371848772	primary	optimal
twostage-20260916T061947Z	CO:HCC-2998	ordinal	EX_3pg_e	0.0	0.0	6.071678091942434	primary	optimal
twostage-20260916T061947Z	CO:HCC-2998	ordinal	EX_4abut_e	0.0	0.0	21.294003021316346	primary	optimal
twostage-20260916T061947Z	CO:HCC-2998	ordinal	EX_4hbz_e	0.0	0.0	4.629796693431283	primary	optimal
twostage-20260916T061947Z	CO:HCC-2998	ordinal	EX_L2aadp_e	0.0	0.0	8.338499846278918	primary	optimal
twostage-20260916T061947Z	CO:HCC-2998	ordinal	EX_Lkynr_e	0.0	0.0	3.486796462080103	primary	optimal
twostage-20260916T061947Z	CO:HCC-2998	ordinal	EX_acac_e	0.0	0.0	12.149122554763741	primary	optimal
twostage-20260916T061947Z	CO:HCC-2998	ordinal	EX_ade_e	0.0	0.0	1.0013062599780769	primary	optimal
twostage-20260916T061947Z	CO:HCC-2998	ordinal	EX_adn_e	0.0	0.0	0.7776864781398701	primary	optimal
twostage-20260916T061947Z	CO:HCC-2998	ordinal	EX_ahcys_e	0.0	0.0	0.7415209999226857	primary	optimal
twostage-20260916T061947Z	CO:HCC-2998	ordinal	EX_akg_e	0.0	0.0	34.71430678534421	primary	optimal
twostage-20260916T061947Z	CO:HCC-2998	ordinal	EX_ala__L_e	1e-06	0.0	50.61130717516429	primary	optimal
twostage-20260916T061947Z	CO:HCC-2998	ordinal	EX_amp_e	0.0	0.0	0.6494228308636723	primary	optimal
twostage-20260916T061947Z	CO:HCC-2998	ordinal	EX_anth_e	0.0	0.0	3.2063043878997783	primary	optimal
twostage-20260916T061947Z	CO:HCC-2998	ordinal	EX_arg__L_e	-9.999999	-10.0	2.4267647731048534	primary	optimal
twostage-20260916T061947Z	CO:HCC-2998	ordinal	EX_asn__L_e	-9.999999	-10.0	6.32594568280911	primary	optimal
twostage-20260916T061947Z	CO:HCC-2998	ordinal	EX_asp__L_e	-9.999999	-10.0	25.024211549415714	primary	optimal
twostage-20260916T061947Z	CO:HCC-2998	ordinal	EX_bilirub_e	0.0	0.0	0.41677537012109767	primary	optimal
twostage-20260916T061947Z	CO:HCC-2998	ordinal	EX_cala_e	0.0	0.0	2.499397197007265	primary	optimal
twostage-20260916T061947Z	CO:HCC-2998	ordinal	EX_chol_e	-9.999999000000003	-10.0	0.25837912569834837	primary	optimal
twostage-20260916T061947Z	CO:HCC-2998	ordinal	EX_cholp_e	0.0	0.0	6.071678091942467	primary	optimal
twostage-20260916T061947Z	CO:HCC-2998	ordinal	EX_cit_e	1e-06	0.0	30.54812503263639	primary	optimal
twostage-20260916T061947Z	CO:HCC-2998	ordinal	EX_citr__L_e	0.0	0.0	13.801750705687923	primary	optimal
twostage-20260916T061947Z	CO:HCC-2998	ordinal	EX_cmp_e	0.0	0.0	0.0	primary	optimal
twostage-20260916T061947Z	CO:HCC-2998	ordinal	EX_crn_e	-0.9999989999999999	-1.0	-1.4432899320127035e-15	primary	optimal
twostage-20260916T061947Z	CO:HCC-2998	ordinal	EX_cyst__L_e	0.0	0.0	3.0678128820717965	primary	optimal
twostage-20260916T061947Z	CO:HCC-2998	ordinal	EX_cytd_e	0.0	0.0	1.5249204041764919	primary	optimal
twostage-20260916T061947Z	CO:HCC-2998	ordinal	EX_dad_2_e	0.0	0.0	0.7744987476077666	primary	optimal
twostage-20260916T061947Z	CO:HCC-2998	ordinal	EX_dcmp_e	0.0	0.0	1.3264655454455048	primary	optimal
twostage-20260916T061947Z	CO:HCC-2998	ordinal	EX_dcyt_e	0.0	0.0	1.5778753792590927	primary	optimal
twostage-20260916T061947Z	CO:HCC-2998	ordinal	EX_dhap_e	0.0	0.0	4.124657766841371	primary	optimal
twostage-20260916T061947Z	CO:HCC-2998	ordinal	EX_dmgly_e	0.0	0.0	3.808138955963795	primary	optimal
twostage-20260916T061947Z	CO:HCC-2998	ordinal	EX_duri_e	0.0	0.0	1.5396820912192604	primary	optimal
twostage-20260916T061947Z	CO:HCC-2998	ordinal	EX_ethamp_e	0.0	0.0	6.071678091942489	primary	optimal
twostage-20260916T061947Z	CO:HCC-2998	ordinal	EX_fol_e	-9.999999	-10.0	-1.7763568394002505e-15	primary	optimal
twostage-20260916T061947Z	CO:HCC-2998	ordinal	EX_fum_e	1.0000000000000002e-06	0.0	40.88282112963024	primary	optimal
twostage-20260916T061947Z	CO:HCC-2998	ordinal	EX_g3pc_e	0.0	0.0	2.058288585345337	primary	optimal
twostage-20260916T061947Z	CO:HCC-2998	ordinal	EX_glc__D_e	-10.0	-10.0	-5.276136769430719	primary	optimal
twostage-20260916T061947Z	CO:HCC-2998	ordinal	EX_glcur_e	0.0	0.0	3.482975961702569	primary	optimal
twostage-20260916T061947Z	CO:HCC-2998	ordinal	EX_gln__L_e	-9.999998999999999	-10.0	4.136327036781931	primary	optimal
twostage-20260916T061947Z	CO:HCC-2998	ordinal	EX_glu__L_e	-9.999998999999999	-10.0	21.673097675792917	primary	optimal
twostage-20260916T061947Z	CO:HCC-2998	ordinal	EX_gly_e	-9.999999	-10.0	24.528819966237428	primary	optimal
twostage-20260916T061947Z	CO:HCC-2998	ordinal	EX_glyald_e	0.0	0.0	8.987939355096692	primary	optimal
twostage-20260916T061947Z	CO:HCC-2998	ordinal	EX_glyb_e	0.0	0.0	9.777909477482934	primary	optimal
twostage-20260916T061947Z	CO:HCC-2998	ordinal	EX_glyc3p_e	0.0	0.0	3.9628027385430533	primary	optimal
twostage-20260916T061947Z	CO:HCC-2998	ordinal	EX_gmp_e	0.0	0.0	0.0	primary	optimal
twostage-20260916T061947Z	CO:HCC-2998	ordinal	EX_gthox_e	0.0	0.0	5.247697275480655	primary	optimal
twostage-20260916T061947Z	CO:HCC-2998	ordinal	EX_hcys__L_e	0.0	0.0	4.379556461508625	primary	optimal
twostage-20260916T061947Z	CO:HCC-2998	ordinal	EX_hom__L_e	0.0	0.0	0.0	primary	optimal
twostage-20260916T061947Z	CO:HCC-2998	ordinal	EX_hxan_e	0.0	0.0	1.1780748482744428	primary	optimal
twostage-20260916T061947Z	CO:HCC-2998	ordinal	EX_icit_e	0.0	0.0	28.30620344776391	primary	optimal
twostage-20260916T061947Z	CO:HCC-2998	ordinal	EX_ile__L_e	-9.999999	-10.0	-0.9398300444600185	primary	optimal
twostage-20260916T061947Z	CO:HCC-2998	ordinal	EX_imp_e	0.0	0.0	0.8844307785152045	primary	optimal
twostage-20260916T061947Z	CO:HCC-2998	ordinal	EX_ins_e	0.0	0.0	0.8785883640324706	primary	optimal
twostage-20260916T061947Z	CO:HCC-2998	ordinal	EX_lac__L_e	-0.9999990000000001	-1.0	54.23798399307077	primary	optimal
twostage-20260916T061947Z	CO:HCC-2998	ordinal	EX_lcts_e	0.0	0.0	1.3672853512710734	primary	optimal
twostage-20260916T061947Z	CO:HCC-2998	ordinal	EX_leu__L_e	-9.999999	-10.0	-1.79223373267045	primary	optimal
twostage-20260916T061947Z	CO:HCC-2998	ordinal	EX_lys__L_e	-9.999999000000003	-10.0	-1.9452265708841647	primary	optimal
twostage-20260916T061947Z	CO:HCC-2998	ordinal	EX_mal__L_e	1.0000000000000002e-06	0.0	36.17554381441961	primary	optimal
twostage-20260916T061947Z	CO:HCC-2998	ordinal	EX_met__L_e	-9.999999	-10.0	-0.5026982632120784	primary	optimal
twostage-20260916T061947Z	CO:HCC-2998	ordinal	EX_nac_e	2.2874302764747665e-16	0.0	10.628662497364962	primary	optimal
twostage-20260916T061947Z	CO:HCC-2998	ordinal	EX_ncam_e	-9.999999	-10.0	-1.7763568394002505e-15	primary	optimal
twostage-20260916T061947Z	CO:HCC-2998	ordinal	EX_nicrnt_e	0.0	0.0	2.152686535435993	primary	optimal
twostage-20260916T061947Z	CO:HCC-2998	ordinal	EX_orn_e	0.0	0.0	27.984977383014584	primary	optimal
twostage-20260916T061947Z	CO:HCC-2998	ordinal	EX_orot5p_e	0.0	0.0	1.3290692486630697	primary	optimal
twostage-20260916T061947Z	CO:HCC-2998	ordinal	EX_orot_e	0.0	0.0	3.053210136833683	primary	optimal
twostage-20260916T061947Z	CO:HCC-2998	ordinal	EX_oxa_e	0.0	0.0	6.415629729406803	primary	optimal
twostage-20260916T061947Z	CO:HCC-2998	ordinal	EX_pep_e	0.0	0.0	6.071678091942428	primary	optimal
twostage-20260916T061947Z	CO:HCC-2998	ordinal	EX_phe__L_e	-1.479785350516426	-10.0	-0.8524036882104298	primary	optimal
twostage-20260916T061947Z	CO:HCC-2998	ordinal	EX_pnto__R_e	0.0	-10.0	0.04999999999999538	primary	optimal
twostage-20260916T061947Z	CO:HCC-2998	ordinal	EX_pro__L_e	-1.3551019514225013	-10.0	19.183171801590028	primary	optimal
twostage-20260916T061947Z	CO:HCC-2998	ordinal	EX_quln_e	0.0	0.0	1.153324501750185	primary	optimal
twostage-20260916T061947Z	CO:HCC-2998	ordinal	EX_sbt__D_e	0.0	0.0	0.0	primary	optimal
twostage-20260916T061947Z	CO:HCC-2998	ordinal	EX_ser__L_e	-10.0	-10.0	-0.5057545943554429	primary	optimal
twostage-20260916T061947Z	CO:HCC-2998	ordinal	EX_spmd_e	0.0	0.0	1.1673837050341016	primary	optimal
twostage-20260916T061947Z	CO:HCC-2998	ordinal	EX_sprm_e	0.0	0.0	0.5933889787776596	primary	optimal
twostage-20260916T061947Z	CO:HCC-2998	ordinal	EX_srtn_e	0.0	0.0	3.4431057070299085	primary	optimal
twostage-20260916T061947Z	CO:HCC-2998	ordinal	EX_succ_e	14.104962649830648	0.0	56.34733893730768	primary	optimal
twostage-20260916T061947Z	CO:HCC-2998	ordinal	EX_sucr_e	0.0	0.0	0.0	primary	optimal
twostage-20260916T061947Z	CO:HCC-2998	ordinal	EX_taur_e	0.0	0.0	3.0792396689811596	primary	optimal
twostage-20260916T061947Z	CO:HCC-2998	ordinal	EX_tchola_e	0.0	0.0	0.6651169431752373	primary	optimal
twostage-20260916T061947Z	CO:HCC-2998	ordinal	EX_thr__L_e	-1.0272564007096079	-10.0	-1.0272564007095966	primary	optimal
twostage-20260916T061947Z	CO:HCC-2998	ordinal	EX_thym_e	0.0	0.0	1.9215734711153345	primary	optimal
twostage-20260916T061947Z	CO:HCC-2998	ordinal	EX_thymd_e	0.0	0.0	1.2746844502887538	primary	optimal
twostage-20260916T061947Z	CO:HCC-2998	ordinal	EX_trp__L_e	-0.04371317812479467	-10.0	-0.043713178124797025	primary	optimal
twostage-20260916T061947Z	CO:HCC-2998	ordinal	EX_tyr__L_e	-0.5245548522744695	-10.0	3.160068586445876	primary	optimal
twostage-20260916T061947Z	CO:HCC-2998	ordinal	EX_ump_e	0.0	0.0	0.9762448972618961	primary	optimal
twostage-20260916T061947Z	CO:HCC-2998	ordinal	EX_ura_e	0.0	0.0	2.69765389993143	primary	optimal
twostage-20260916T061947Z	CO:HCC-2998	ordinal	EX_urate_e	0.0	0.0	1.1223107653209825	primary	optimal
twostage-20260916T061947Z	CO:HCC-2998	ordinal	EX_uri_e	0.0	0.0	1.5351685275161882	primary	optimal
twostage-20260916T061947Z	CO:HCC-2998	ordinal	EX_val__L_e	-1.1583926544469565	-10.0	-1.1583926498609785	primary	optimal
twostage-20260916T061947Z	CO:HCC-2998	ordinal	EX_xan_e	0.0	0.0	1.1547315900301947	primary	optimal
twostage-20260916T061947Z	CO:HCC-2998	ordinal	EX_xmp_e	0.0	0.0	0.8717173155414792	primary	optimal
twostage-20260916T061947Z	CO:HCC-2998	ordinal	EX_xtsn_e	0.0	0.0	0.8655738526981318	primary	optimal
twostage-20260916T061947Z	CO:HCT-116	ordinal	EX_2pg_e	0.0	0.0	6.0716780919424105	primary	optimal
twostage-20260916T061947Z	CO:HCT-116	ordinal	EX_34hpp_e	0.0	0.0	12.40001546291814	primary	optimal
twostage-20260916T061947Z	CO:HCT-116	ordinal	EX_3hanthrn_e	0.0	0.0	1.7106437348424577	primary	optimal
twostage-20260916T061947Z	CO:HCT-116	ordinal	EX_3pg_e	0.0	0.0	6.071678091942295	primary	optimal
twostage-20260916T061947Z	CO:HCT-116	ordinal	EX_4abut_e	0.0	0.0	22.02705612016009	primary	optimal
twostage-20260916T061947Z	CO:HCT-116	ordinal	EX_4hbz_e	0.0	0.0	4.587961338583996	primary	optimal
twostage-20260916T061947Z	CO:HCT-116	ordinal	EX_L2aadp_e	0.0	0.0	8.367884225405	primary	optimal
twostage-20260916T061947Z	CO:HCT-116	ordinal	EX_Lkynr_e	0.0	0.0	3.4511034271894845	primary	optimal
twostage-20260916T061947Z	CO:HCT-116	ordinal	EX_acac_e	0.0	0.0	12.477379694232445	primary	optimal
twostage-20260916T061947Z	CO:HCT-116	ordinal	EX_ade_e	0.0	0.0	1.0144064924342004	primary	optimal
twostage-20260916T061947Z	CO:HCT-116	ordinal	EX_adn_e	0.0	0.0	0.7808388248160794	primary	optimal
twostage-20260916T061947Z	CO:HCT-116	ordinal	EX_ahcys_e	0.0	0.0	0.7447593520127014	primary	optimal
twostage-20260916T061947Z	CO:HCT-116	ordinal	EX_akg_e	0.0	0.0	35.86836976857623	primary	optimal
twostage-20260916T061947Z	CO:HCT-116	ordinal	EX_ala__L_e	1e-06	0.0	50.50273642719417	primary	optimal
twostage-20260916T061947Z	CO:HCT-116	ordinal	EX_amp_e	0.0	0.0	0.653678166115022	primary	optimal
twostage-20260916T061947Z	CO:HCT-116	ordinal	EX_anth_e	0.0	0.0	3.1920003368420113	primary	optimal
twostage-20260916T061947Z	CO:HCT-116	ordinal	EX_arg__L_e	-9.999999	-10.0	2.367166884450761	primary	optimal
twostage-20260916T061947Z	CO:HCT-116	ordinal	EX_asn__L_e	-9.999999	-10.0	6.4129439908558705	primary	optimal
twostage-20260916T061947Z	CO:HCT-116	ordinal	EX_asp__L_e	-9.999999	-10.0	25.401528362981363	primary	optimal
twostage-20260916T061947Z	CO:HCT-116	ordinal	EX_bilirub_e	1.224016059108361e-15	0.0	0.41717341632334537	primary	optimal
twostage-20260916T061947Z	CO:HCT-116	ordinal	EX_cala_e	0.0	0.0	2.5571364400001273	primary	optimal
twostage-20260916T061947Z	CO:HCT-116	ordinal	EX_chol_e	-9.999999	-10.0	0.25855971958465346	primary	optimal
twostage-20260916T061947Z	CO:HCT-116	ordinal	EX_cholp_e	0.0	0.0	6.071678091942403	primary	optimal
twostage-20260916T061947Z	CO:HCT-116	ordinal	EX_cit_e	1e-06	0.0	30.944606284064	primary	optimal
twostage-20260916T061947Z	CO:HCT-116	ordinal	EX_citr__L_e	0.0	0.0	13.82048504252869	primary	optimal
twostage-20260916T061947Z	CO:HCT-116	ordinal	EX_cmp_e	0.0	0.0	0.0	primary	optimal
twostage-20260916T061947Z	CO:HCT-116	ordinal	EX_crn_e	-0.999999	-1.0	-5.88418203051333e-15	primary	optimal
twostage-20260916T061947Z	CO:HCT-116	ordinal	EX_cyst__L_e	0.0	0.0	3.0391672849199405	primary	optimal
twostage-20260916T061947Z	CO:HCT-116	ordinal	EX_cytd_e	0.0	0.0	1.5231729501614668	primary	optimal
twostage-20260916T061947Z	CO:HCT-116	ordinal	EX_dad_2_e	0.0	0.0	0.7790545816940648	primary	optimal
twostage-20260916T061947Z	CO:HCT-116	ordinal	EX_dcmp_e	0.0	0.0	1.3205987922419273	primary	optimal
twostage-20260916T061947Z	CO:HCT-116	ordinal	EX_dcyt_e	0.0	0.0	1.5656413265505167	primary	optimal
twostage-20260916T061947Z	CO:HCT-116	ordinal	EX_dhap_e	0.0	0.0	4.11950491631193	primary	optimal
twostage-20260916T061947Z	CO:HCT-116	ordinal	EX_dmgly_e	0.0	0.0	3.7769787667302728	primary	optimal
twostage-20260916T061947Z	CO:HCT-116	ordinal	EX_duri_e	0.0	0.0	1.5284324866547003	primary	optimal
twostage-20260916T061947Z	CO:HCT-116	ordinal	EX_ethamp_e	0.0	0.0	6.071678091942557	primary	optimal
twostage-20260916T061947Z	CO:HCT-116	ordinal	EX_fol_e	-9.999999	-10.0	0.0	primary	optimal
twostage-20260916T061947Z	CO:HCT-116	ordinal	EX_fum_e	1e-06	0.0	40.62605715699027	primary	optimal
twostage-20260916T061947Z	CO:HCT-116	ordinal	EX_g3pc_e	0.0	0.0	2.012019906950764	primary	optimal
twostage-20260916T061947Z	CO:HCT-116	ordinal	EX_glc__D_e	-10.0	-10.0	-5.4438894946845595	primary	optimal
twostage-20260916T061947Z	CO:HCT-116	ordinal	EX_glcur_e	0.0	0.0	3.464258957933954	primary	optimal
twostage-20260916T061947Z	CO:HCT-116	ordinal	EX_gln__L_e	-9.999999	-10.0	4.462537251057819	primary	optimal
twostage-20260916T061947Z	CO:HCT-116	ordinal	EX_glu__L_e	-9.999999	-10.0	22.773519604020535	primary	optimal
twostage-20260916T061947Z	CO:HCT-116	ordinal	EX_gly_e	-9.999999	-10.0	24.899128855731927	primary	optimal
twostage-20260916T061947Z	CO:HCT-116	ordinal	EX_glyald_e	0.0	0.0	8.750384003018203	primary	optimal
twostage-20260916T061947Z	CO:HCT-116	ordinal	EX_glyb_e	0.0	0.0	9.828610611963773	primary	optimal
twostage-20260916T061947Z	CO:HCT-116	ordinal	EX_glyc3p_e	0.0	0.0	3.9433496031672406	primary	optimal
twostage-20260916T061947Z	CO:HCT-116	ordinal	EX_gmp_e	0.0	0.0	0.0	primary	optimal
twostage-20260916T061947Z	CO:HCT-116	ordinal	EX_gthox_e	0.0	0.0	5.26144828477642	primary	optimal
twostage-20260916T061947Z	CO:HCT-116	ordinal	EX_hcys__L_e	0.0	0.0	4.341538911279092	primary	optimal
twostage-20260916T061947Z	CO:HCT-116	ordinal	EX_hom__L_e	0.0	0.0	0.0	primary	optimal
twostage-20260916T061947Z	CO:HCT-116	ordinal	EX_hxan_e	0.0	0.0	1.195243802919055	primary	optimal
twostage-20260916T061947Z	CO:HCT-116	ordinal	EX_icit_e	0.0	0.0	29.20219044949524	primary	optimal
twostage-20260916T061947Z	CO:HCT-116	ordinal	EX_ile__L_e	-9.999999	-10.0	-0.9398300444600203	primary	optimal
twostage-20260916T061947Z	CO:HCT-116	ordinal	EX_imp_e	0.0	0.0	0.8902411545957513	primary	optimal
twostage-20260916T061947Z	CO:HCT-116	ordinal	EX_ins_e	0.0	0.0	0.88432978097632	primary	optimal
twostage-20260916T061947Z	CO:HCT-116	ordinal	EX_lac__L_e	-0.999999	-1.0	53.83551535701643	primary	optimal
twostage-20260916T061947Z	CO:HCT-116	ordinal	EX_lcts_e	0.0	0.0	1.3257570546838067	primary	optimal
twostage-20260916T061947Z	CO:HCT-116	ordinal	EX_leu__L_e	-9.999999	-10.0	-1.7922337326704314	primary	optimal
twostage-20260916T061947Z	CO:HCT-116	ordinal	EX_lys__L_e	-9.999999	-10.0	-1.945226570884234	primary	optimal
twostage-20260916T061947Z	CO:HCT-116	ordinal	EX_mal__L_e	1e-06	0.0	36.3392443699764	primary	optimal
twostage-20260916T061947Z	CO:HCT-116	ordinal	EX_met__L_e	-9.999999	-10.0	-0.5026982632120713	primary	optimal
twostage-20260916T061947Z	CO:HCT-116	ordinal	EX_nac_e	-1.98406056547652e-15	0.0	10.548266003208859	primary	optimal
twostage-20260916T061947Z	CO:HCT-116	ordinal	EX_ncam_e	-7.850815735912803	-10.0	3.375077994860476e-14	primary	optimal
twostage-20260916T061947Z	CO:HCT-116	ordinal	EX_nicrnt_e	0.0	0.0	2.10153088169531	primary	optimal
twostage-20260916T061947Z	CO:HCT-116	ordinal	EX_orn_e	0.0	0.0	27.54771685595839	primary	optimal
twostage-20260916T061947Z	CO:HCT-116	ordinal	EX_orot5p_e	0.0	0.0	1.325502826985988	primary	optimal
twostage-20260916T061947Z	CO:HCT-116	ordinal	EX_orot_e	0.0	0.0	3.0994127075573825	primary	optimal
twostage-20260916T061947Z	CO:HCT-116	ordinal	EX_oxa_e	0.0	0.0	6.413132151553529	primary	optimal
twostage-20260916T061947Z	CO:HCT-116	ordinal	EX_pep_e	0.0	0.0	6.071678091942373	primary	optimal
twostage-20260916T061947Z	CO:HCT-116	ordinal	EX_phe__L_e	-0.8524036972350497	-10.0	-0.8524036882104298	primary	optimal
twostage-20260916T061947Z	CO:HCT-116	ordinal	EX_pnto__R_e	-2.185188511495537e-15	-10.0	0.05000000000000249	primary	optimal
twostage-20260916T061947Z	CO:HCT-116	ordinal	EX_pro__L_e	-1.3551019514225018	-10.0	19.42334403818843	primary	optimal
twostage-20260916T061947Z	CO:HCT-116	ordinal	EX_quln_e	0.0	0.0	1.1470385993125016	primary	optimal
twostage-20260916T061947Z	CO:HCT-116	ordinal	EX_sbt__D_e	0.0	0.0	0.0	primary	optimal
twostage-20260916T061947Z	CO:HCT-116	ordinal	EX_ser__L_e	-10.0	-10.0	-0.6418277944652298	primary	optimal
twostage-20260916T061947Z	CO:HCT-116	ordinal	EX_spmd_e	0.0	0.0	1.1514641771358494	primary	optimal
twostage-20260916T061947Z	CO:HCT-116	ordinal	EX_sprm_e	0.0	0.0	0.5867665726283925	primary	optimal
twostage-20260916T061947Z	CO:HCT-116	ordinal	EX_srtn_e	0.0	0.0	3.3885598176140923	primary	optimal
twostage-20260916T061947Z	CO:HCT-116	ordinal	EX_succ_e	13.533506766593636	0.0	55.91942962158039	primary	optimal
twostage-20260916T061947Z	CO:HCT-116	ordinal	EX_sucr_e	0.0	0.0	0.0	primary	optimal
twostage-20260916T061947Z	CO:HCT-116	ordinal	EX_taur_e	0.0	0.0	3.0551574901443117	primary	optimal
twostage-20260916T061947Z	CO:HCT-116	ordinal	EX_tchola_e	0.0	0.0	0.6605914609783763	primary	optimal
twostage-20260916T061947Z	CO:HCT-116	ordinal	EX_thr__L_e	-1.027256400709608	-10.0	-1.0272564007095824	primary	optimal
twostage-20260916T061947Z	CO:HCT-116	ordinal	EX_thym_e	0.0	0.0	1.926741826847661	primary	optimal
twostage-20260916T061947Z	CO:HCT-116	ordinal	EX_thymd_e	0.0	0.0	1.2573254850882358	primary	optimal
twostage-20260916T061947Z	CO:HCT-116	ordinal	EX_trp__L_e	-0.043713178124794666	-10.0	-0.04371317812479525	primary	optimal
twostage-20260916T061947Z	CO:HCT-116	ordinal	EX_tyr__L_e	-0.5245548522744694	-10.0	3.1324436761551686	primary	optimal
twostage-20260916T061947Z	CO:HCT-116	ordinal	EX_ump_e	0.0	0.0	0.9723095784816561	primary	optimal
twostage-20260916T061947Z	CO:HCT-116	ordinal	EX_ura_e	0.0	0.0	2.7387592732675095	primary	optimal
twostage-20260916T061947Z	CO:HCT-116	ordinal	EX_urate_e	0.0	0.0	1.1417058733136431	primary	optimal
twostage-20260916T061947Z	CO:HCT-116	ordinal	EX_uri_e	0.0	0.0	1.5296771457625054	primary	optimal
twostage-20260916T061947Z	CO:HCT-116	ordinal	EX_val__L_e	-1.1583926857398348	-10.0	-1.1583926498609411	primary	optimal
twostage-20260916T061947Z	CO:HCT-116	ordinal	EX_xan_e	0.0	0.0	1.1735379372209	primary	optimal
twostage-20260916T061947Z	CO:HCT-116	ordinal	EX_xmp_e	0.0	0.0	0.8786987882098292	primary	optimal
twostage-20260916T061947Z	CO:HCT-116	ordinal	EX_xtsn_e	0.0	0.0	0.8719894524178764	primary	optimal
twostage-20260916T061947Z	CO:HCT-15	ordinal	EX_2pg_e	0.0	0.0	6.071678091942333	primary	optimal
twostage-20260916T061947Z	CO:HCT-15	ordinal	EX_34hpp_e	0.0	0.0	12.394287923118767	primary	optimal
twostage-20260916T061947Z	CO:HCT-15	ordinal	EX_3hanthrn_e	0.0	0.0	1.7231659030234756	primary	optimal
twostage-20260916T061947Z	CO:HCT-15	ordinal	EX_3pg_e	0.0	0.0	6.071678091942268	primary	optimal
twostage-20260916T061947Z	CO:HCT-15	ordinal	EX_4abut_e	0.0	0.0	22.483366589571112	primary	optimal
twostage-20260916T061947Z	CO:HCT-15	ordinal	EX_4hbz_e	0.0	0.0	4.638360916184945	primary	optimal
twostage-20260916T061947Z	CO:HCT-15	ordinal	EX_L2aadp_e	0.0	0.0	8.394311733415895	primary	optimal
twostage-20260916T061947Z	CO:HCT-15	ordinal	EX_Lkynr_e	0.0	0.0	3.4865767990984784	primary	optimal
twostage-20260916T061947Z	CO:HCT-15	ordinal	EX_acac_e	0.0	0.0	12.720946727449867	primary	optimal
twostage-20260916T061947Z	CO:HCT-15	ordinal	EX_ade_e	0.0	0.0	1.0318238748849204	primary	optimal
twostage-20260916T061947Z	CO:HCT-15	ordinal	EX_adn_e	0.0	0.0	0.7961711518311916	primary	optimal
twostage-20260916T061947Z	CO:HCT-15	ordinal	EX_ahcys_e	0.0	0.0	0.7576992601450412	primary	optimal
twostage-20260916T061947Z	CO:HCT-15	ordinal	EX_akg_e	0.0	0.0	35.47411470889067	primary	optimal
twostage-20260916T061947Z	CO:HCT-15	ordinal	EX_ala__L_e	1e-06	0.0	50.01331494812984	primary	optimal
twostage-20260916T061947Z	CO:HCT-15	ordinal	EX_amp_e	0.0	0.0	0.6659026410702142	primary	optimal
twostage-20260916T061947Z	CO:HCT-15	ordinal	EX_anth_e	0.0	0.0	3.2161377446011197	primary	optimal
twostage-20260916T061947Z	CO:HCT-15	ordinal	EX_arg__L_e	-9.999999	-10.0	2.4146497366723105	primary	optimal
twostage-20260916T061947Z	CO:HCT-15	ordinal	EX_asn__L_e	-9.999999	-10.0	6.54723318013259	primary	optimal
twostage-20260916T061947Z	CO:HCT-15	ordinal	EX_asp__L_e	-9.999998999999999	-10.0	24.849283848068218	primary	optimal
twostage-20260916T061947Z	CO:HCT-15	ordinal	EX_bilirub_e	0.0	0.0	0.4195705822299406	primary	optimal
twostage-20260916T061947Z	CO:HCT-15	ordinal	EX_cala_e	0.0	0.0	2.6049306793886347	primary	optimal
twostage-20260916T061947Z	CO:HCT-15	ordinal	EX_chol_e	-9.999999000000003	-10.0	0.28572751067681723	primary	optimal
twostage-20260916T061947Z	CO:HCT-15	ordinal	EX_cholp_e	0.0	0.0	6.071678091942464	primary	optimal
twostage-20260916T061947Z	CO:HCT-15	ordinal	EX_cit_e	1e-06	0.0	30.850920416101683	primary	optimal
twostage-20260916T061947Z	CO:HCT-15	ordinal	EX_citr__L_e	0.0	0.0	13.775433337731108	primary	optimal
twostage-20260916T061947Z	CO:HCT-15	ordinal	EX_cmp_e	0.0	0.0	0.0	primary	optimal
twostage-20260916T061947Z	CO:HCT-15	ordinal	EX_crn_e	-0.9999989999999999	-1.0	2.220446049250313e-16	primary	optimal
twostage-20260916T061947Z	CO:HCT-15	ordinal	EX_cyst__L_e	0.0	0.0	3.082849109632695	primary	optimal
twostage-20260916T061947Z	CO:HCT-15	ordinal	EX_cytd_e	0.0	0.0	1.5629009021165423	primary	optimal
twostage-20260916T061947Z	CO:HCT-15	ordinal	EX_dad_2_e	0.0	0.0	0.7962389186354945	primary	optimal
twostage-20260916T061947Z	CO:HCT-15	ordinal	EX_dcmp_e	0.0	0.0	1.3558070437560799	primary	optimal
twostage-20260916T061947Z	CO:HCT-15	ordinal	EX_dcyt_e	0.0	0.0	1.6174260983249462	primary	optimal
twostage-20260916T061947Z	CO:HCT-15	ordinal	EX_dhap_e	0.0	0.0	4.233283115373834	primary	optimal
twostage-20260916T061947Z	CO:HCT-15	ordinal	EX_dmgly_e	0.0	0.0	3.8302631292345284	primary	optimal
twostage-20260916T061947Z	CO:HCT-15	ordinal	EX_duri_e	0.0	0.0	1.5738000253047646	primary	optimal
twostage-20260916T061947Z	CO:HCT-15	ordinal	EX_ethamp_e	0.0	0.0	6.0716780919423625	primary	optimal
twostage-20260916T061947Z	CO:HCT-15	ordinal	EX_fol_e	-9.999999	-10.0	-3.552713678800501e-15	primary	optimal
twostage-20260916T061947Z	CO:HCT-15	ordinal	EX_fum_e	1e-06	0.0	40.95739136549521	primary	optimal
twostage-20260916T061947Z	CO:HCT-15	ordinal	EX_g3pc_e	0.0	0.0	2.046906036825117	primary	optimal
twostage-20260916T061947Z	CO:HCT-15	ordinal	EX_glc__D_e	-10.0	-10.0	-5.390731585032663	primary	optimal
twostage-20260916T061947Z	CO:HCT-15	ordinal	EX_glcur_e	0.0	0.0	3.486828089281259	primary	optimal
twostage-20260916T061947Z	CO:HCT-15	ordinal	EX_gln__L_e	-9.999999	-10.0	4.530083055233354	primary	optimal
twostage-20260916T061947Z	CO:HCT-15	ordinal	EX_glu__L_e	-9.999999	-10.0	22.14483808855104	primary	optimal
twostage-20260916T061947Z	CO:HCT-15	ordinal	EX_gly_e	-9.999999	-10.0	24.942990324966424	primary	optimal
twostage-20260916T061947Z	CO:HCT-15	ordinal	EX_glyald_e	0.0	0.0	9.077542642042658	primary	optimal
twostage-20260916T061947Z	CO:HCT-15	ordinal	EX_glyb_e	0.0	0.0	9.84708253099462	primary	optimal
twostage-20260916T061947Z	CO:HCT-15	ordinal	EX_glyc3p_e	0.0	0.0	4.054962748016855	primary	optimal
twostage-20260916T061947Z	CO:HCT-15	ordinal	EX_gmp_e	0.0	0.0	0.0	primary	optimal
twostage-20260916T061947Z	CO:HCT-15	ordinal	EX_gthox_e	0.0	0.0	5.2691049587062535	primary	optimal
twostage-20260916T061947Z	CO:HCT-15	ordinal	EX_hcys__L_e	0.0	0.0	4.414414684289999	primary	optimal
twostage-20260916T061947Z	CO:HCT-15	ordinal	EX_hom__L_e	0.0	0.0	0.0	primary	optimal
twostage-20260916T061947Z	CO:HCT-15	ordinal	EX_hxan_e	0.0	0.0	1.2178082708933624	primary	optimal
twostage-20260916T061947Z	CO:HCT-15	ordinal	EX_icit_e	0.0	0.0	29.241942725651572	primary	optimal
twostage-20260916T061947Z	CO:HCT-15	ordinal	EX_ile__L_e	-9.999999	-10.0	-0.9398300444600274	primary	optimal
twostage-20260916T061947Z	CO:HCT-15	ordinal	EX_imp_e	0.0	0.0	0.9080775021671245	primary	optimal
twostage-20260916T061947Z	CO:HCT-15	ordinal	EX_ins_e	0.0	0.0	0.9021315279153235	primary	optimal
twostage-20260916T061947Z	CO:HCT-15	ordinal	EX_lac__L_e	-0.9999989999999999	-1.0	53.86759150806175	primary	optimal
twostage-20260916T061947Z	CO:HCT-15	ordinal	EX_lcts_e	0.0	0.0	1.3658476704744296	primary	optimal
twostage-20260916T061947Z	CO:HCT-15	ordinal	EX_leu__L_e	-9.999999000000003	-10.0	-1.79223373267045	primary	optimal
twostage-20260916T061947Z	CO:HCT-15	ordinal	EX_lys__L_e	-9.999999000000003	-10.0	-1.9452265708841776	primary	optimal
twostage-20260916T061947Z	CO:HCT-15	ordinal	EX_mal__L_e	1e-06	0.0	36.24112380780129	primary	optimal
twostage-20260916T061947Z	CO:HCT-15	ordinal	EX_met__L_e	-9.999999	-10.0	-0.5026982632120731	primary	optimal
twostage-20260916T061947Z	CO:HCT-15	ordinal	EX_nac_e	2.444179117838598e-15	0.0	10.625284367836693	primary	optimal
twostage-20260916T061947Z	CO:HCT-15	ordinal	EX_ncam_e	-9.16826122459627	-10.0	1.7763568394002505e-15	primary	optimal
twostage-20260916T061947Z	CO:HCT-15	ordinal	EX_nicrnt_e	0.0	0.0	2.158402475502035	primary	optimal
twostage-20260916T061947Z	CO:HCT-15	ordinal	EX_orn_e	0.0	0.0	27.25004180701716	primary	optimal
twostage-20260916T061947Z	CO:HCT-15	ordinal	EX_orot5p_e	0.0	0.0	1.3599449813485283	primary	optimal
twostage-20260916T061947Z	CO:HCT-15	ordinal	EX_orot_e	0.0	0.0	3.1818458339908107	primary	optimal
twostage-20260916T061947Z	CO:HCT-15	ordinal	EX_oxa_e	0.0	0.0	6.459388174897969	primary	optimal
twostage-20260916T061947Z	CO:HCT-15	ordinal	EX_pep_e	0.0	0.0	6.071678091942387	primary	optimal
twostage-20260916T061947Z	CO:HCT-15	ordinal	EX_phe__L_e	-0.8524037646511716	-10.0	-0.8524036882104316	primary	optimal
twostage-20260916T061947Z	CO:HCT-15	ordinal	EX_pnto__R_e	0.0	-10.0	0.04999999999999183	primary	optimal
twostage-20260916T061947Z	CO:HCT-15	ordinal	EX_pro__L_e	-1.3551019514225016	-10.0	20.06389473971154	primary	optimal
twostage-20260916T061947Z	CO:HCT-15	ordinal	EX_quln_e	0.0	0.0	1.155143818020021	primary	optimal
twostage-20260916T061947Z	CO:HCT-15	ordinal	EX_sbt__D_e	0.0	0.0	0.0	primary	optimal
twostage-20260916T061947Z	CO:HCT-15	ordinal	EX_ser__L_e	-10.0	-10.0	-0.5195443680014908	primary	optimal
twostage-20260916T061947Z	CO:HCT-15	ordinal	EX_spmd_e	0.0	0.0	1.1818346170922525	primary	optimal
twostage-20260916T061947Z	CO:HCT-15	ordinal	EX_sprm_e	0.0	0.0	0.6021013376032334	primary	optimal
twostage-20260916T061947Z	CO:HCT-15	ordinal	EX_srtn_e	0.0	0.0	3.407682790515053	primary	optimal
twostage-20260916T061947Z	CO:HCT-15	ordinal	EX_succ_e	18.22380845618223	0.0	57.46465374465153	primary	optimal
twostage-20260916T061947Z	CO:HCT-15	ordinal	EX_sucr_e	0.0	0.0	0.0	primary	optimal
twostage-20260916T061947Z	CO:HCT-15	ordinal	EX_taur_e	2.14351833761556e-15	0.0	3.075878370934536	primary	optimal
twostage-20260916T061947Z	CO:HCT-15	ordinal	EX_tchola_e	0.0	0.0	0.6674239737153711	primary	optimal
twostage-20260916T061947Z	CO:HCT-15	ordinal	EX_thr__L_e	-1.027256400709608	-10.0	-1.027256400709609	primary	optimal
twostage-20260916T061947Z	CO:HCT-15	ordinal	EX_thym_e	0.0	0.0	1.9692424932433212	primary	optimal
twostage-20260916T061947Z	CO:HCT-15	ordinal	EX_thymd_e	0.0	0.0	1.2969839351739685	primary	optimal
twostage-20260916T061947Z	CO:HCT-15	ordinal	EX_trp__L_e	-0.04371317812479467	-10.0	-0.043713178124797025	primary	optimal
twostage-20260916T061947Z	CO:HCT-15	ordinal	EX_tyr__L_e	-0.5245548522744694	-10.0	3.1576672315585794	primary	optimal
twostage-20260916T061947Z	CO:HCT-15	ordinal	EX_ump_e	0.0	0.0	0.9964454995351122	primary	optimal
twostage-20260916T061947Z	CO:HCT-15	ordinal	EX_ura_e	0.0	0.0	2.791278921481318	primary	optimal
twostage-20260916T061947Z	CO:HCT-15	ordinal	EX_urate_e	0.0	0.0	1.1600477063746297	primary	optimal
twostage-20260916T061947Z	CO:HCT-15	ordinal	EX_uri_e	0.0	0.0	1.571006853854834	primary	optimal
twostage-20260916T061947Z	CO:HCT-15	ordinal	EX_val__L_e	-1.158392666605635	-10.0	-1.15839264986095	primary	optimal
twostage-20260916T061947Z	CO:HCT-15	ordinal	EX_xan_e	0.0	0.0	1.1932430007743147	primary	optimal
twostage-20260916T061947Z	CO:HCT-15	ordinal	EX_xmp_e	0.0	0.0	0.8951635414808887	primary	optimal
twostage-20260916T061947Z	CO:HCT-15	ordinal	EX_xtsn_e	0.0	0.0	0.8885939962044733	primary	optimal
twostage-20260916T061947Z	CO:KM12	ordinal	EX_2pg_e	0.0	0.0	6.071678091942439	primary	optimal
twostage-20260916T061947Z	CO:KM12	ordinal	EX_34hpp_e	0.0	0.0	12.440433758119754	primary	optimal
twostage-20260916T061947Z	CO:KM12	ordinal	EX_3hanthrn_e	0.0	0.0	1.7318569968087012	primary	optimal
twostage-20260916T061947Z	CO:KM12	ordinal	EX_3pg_e	0.0	0.0	6.071678091942302	primary	optimal
twostage-20260916T061947Z	CO:KM12	ordinal	EX_4abut_e	0.0	0.0	21.2985058113215	primary	optimal
twostage-20260916T061947Z	CO:KM12	ordinal	EX_4hbz_e	0.0	0.0	4.683835607405313	primary	optimal
twostage-20260916T061947Z	CO:KM12	ordinal	EX_L2aadp_e	0.0	0.0	8.354664422677223	primary	optimal
twostage-20260916T061947Z	CO:KM12	ordinal	EX_Lkynr_e	0.0	0.0	3.505840211940565	primary	optimal
twostage-20260916T061947Z	CO:KM12	ordinal	EX_acac_e	0.0	0.0	13.27900106154175	primary	optimal
twostage-20260916T061947Z	CO:KM12	ordinal	EX_ade_e	0.0	0.0	0.9883760863188207	primary	optimal
twostage-20260916T061947Z	CO:KM12	ordinal	EX_adn_e	0.0	0.0	0.765960107638135	primary	optimal
twostage-20260916T061947Z	CO:KM12	ordinal	EX_ahcys_e	0.0	0.0	0.7311490587354821	primary	optimal
twostage-20260916T061947Z	CO:KM12	ordinal	EX_akg_e	0.0	0.0	35.659668213126906	primary	optimal
twostage-20260916T061947Z	CO:KM12	ordinal	EX_ala__L_e	1e-06	0.0	49.18713414497136	primary	optimal
twostage-20260916T061947Z	CO:KM12	ordinal	EX_amp_e	0.0	0.0	0.6433331572454876	primary	optimal
twostage-20260916T061947Z	CO:KM12	ordinal	EX_anth_e	0.0	0.0	3.235140785172354	primary	optimal
twostage-20260916T061947Z	CO:KM12	ordinal	EX_arg__L_e	-9.999999	-10.0	2.3381133374979983	primary	optimal
twostage-20260916T061947Z	CO:KM12	ordinal	EX_asn__L_e	-9.999999	-10.0	6.671489457802127	primary	optimal
twostage-20260916T061947Z	CO:KM12	ordinal	EX_asp__L_e	-9.999999	-10.0	24.21540664508716	primary	optimal
twostage-20260916T061947Z	CO:KM12	ordinal	EX_bilirub_e	0.0	0.0	0.425460192293461	primary	optimal
twostage-20260916T061947Z	CO:KM12	ordinal	EX_cala_e	0.0	0.0	2.5152808569778373	primary	optimal
twostage-20260916T061947Z	CO:KM12	ordinal	EX_chol_e	-9.999999	-10.0	0.28400103481141564	primary	optimal
twostage-20260916T061947Z	CO:KM12	ordinal	EX_cholp_e	0.0	0.0	6.071678091942399	primary	optimal
twostage-20260916T061947Z	CO:KM12	ordinal	EX_cit_e	1e-06	0.0	30.878808283194914	primary	optimal
twostage-20260916T061947Z	CO:KM12	ordinal	EX_citr__L_e	0.0	0.0	13.534992486755044	primary	optimal
twostage-20260916T061947Z	CO:KM12	ordinal	EX_cmp_e	0.0	0.0	0.0	primary	optimal
twostage-20260916T061947Z	CO:KM12	ordinal	EX_crn_e	-0.9999990000000001	-1.0	6.661338147750939e-16	primary	optimal
twostage-20260916T061947Z	CO:KM12	ordinal	EX_cyst__L_e	0.0	0.0	3.000708498784495	primary	optimal
twostage-20260916T061947Z	CO:KM12	ordinal	EX_cytd_e	0.0	0.0	1.507457650512866	primary	optimal
twostage-20260916T061947Z	CO:KM12	ordinal	EX_dad_2_e	0.0	0.0	0.7653456398238905	primary	optimal
twostage-20260916T061947Z	CO:KM12	ordinal	EX_dcmp_e	0.0	0.0	1.3115550817942703	primary	optimal
twostage-20260916T061947Z	CO:KM12	ordinal	EX_dcyt_e	0.0	0.0	1.5563944005830348	primary	optimal
twostage-20260916T061947Z	CO:KM12	ordinal	EX_dhap_e	0.0	0.0	4.111766858912791	primary	optimal
twostage-20260916T061947Z	CO:KM12	ordinal	EX_dmgly_e	0.0	0.0	3.7434887379141926	primary	optimal
twostage-20260916T061947Z	CO:KM12	ordinal	EX_duri_e	0.0	0.0	1.5236246725066358	primary	optimal
twostage-20260916T061947Z	CO:KM12	ordinal	EX_ethamp_e	0.0	0.0	6.071678091942271	primary	optimal
twostage-20260916T061947Z	CO:KM12	ordinal	EX_fol_e	-9.999999	-10.0	-1.687538997430238e-14	primary	optimal
twostage-20260916T061947Z	CO:KM12	ordinal	EX_fum_e	1e-06	0.0	41.02555451592471	primary	optimal
twostage-20260916T061947Z	CO:KM12	ordinal	EX_g3pc_e	0.0	0.0	2.03173193581003	primary	optimal
twostage-20260916T061947Z	CO:KM12	ordinal	EX_glc__D_e	-10.0	-10.0	-5.356443342630185	primary	optimal
twostage-20260916T061947Z	CO:KM12	ordinal	EX_glcur_e	0.0	0.0	3.489927752177727	primary	optimal
twostage-20260916T061947Z	CO:KM12	ordinal	EX_gln__L_e	-9.999999	-10.0	4.369303437113321	primary	optimal
twostage-20260916T061947Z	CO:KM12	ordinal	EX_glu__L_e	-9.999998999999999	-10.0	21.88636960398243	primary	optimal
twostage-20260916T061947Z	CO:KM12	ordinal	EX_gly_e	-9.999998999999999	-10.0	24.80531201406066	primary	optimal
twostage-20260916T061947Z	CO:KM12	ordinal	EX_glyald_e	0.0	0.0	9.007200439495909	primary	optimal
twostage-20260916T061947Z	CO:KM12	ordinal	EX_glyb_e	0.0	0.0	9.822509899130708	primary	optimal
twostage-20260916T061947Z	CO:KM12	ordinal	EX_glyc3p_e	0.0	0.0	3.95495173641232	primary	optimal
twostage-20260916T061947Z	CO:KM12	ordinal	EX_gmp_e	0.0	0.0	0.0	primary	optimal
twostage-20260916T061947Z	CO:KM12	ordinal	EX_gthox_e	0.0	0.0	5.257052762439361	primary	optimal
twostage-20260916T061947Z	CO:KM12	ordinal	EX_hcys__L_e	0.0	0.0	4.343742309216629	primary	optimal
twostage-20260916T061947Z	CO:KM12	ordinal	EX_hom__L_e	0.0	0.0	0.0	primary	optimal
twostage-20260916T061947Z	CO:KM12	ordinal	EX_hxan_e	0.0	0.0	1.1673048167879039	primary	optimal
twostage-20260916T061947Z	CO:KM12	ordinal	EX_icit_e	0.0	0.0	28.79197260777269	primary	optimal
twostage-20260916T061947Z	CO:KM12	ordinal	EX_ile__L_e	-9.999999000000003	-10.0	-0.9398300444600203	primary	optimal
twostage-20260916T061947Z	CO:KM12	ordinal	EX_imp_e	0.0	0.0	0.8750862675231544	primary	optimal
twostage-20260916T061947Z	CO:KM12	ordinal	EX_ins_e	0.0	0.0	0.8690925361926377	primary	optimal
twostage-20260916T061947Z	CO:KM12	ordinal	EX_lac__L_e	-0.999999	-1.0	54.00956880780134	primary	optimal
twostage-20260916T061947Z	CO:KM12	ordinal	EX_lcts_e	0.0	0.0	1.346854407395344	primary	optimal
twostage-20260916T061947Z	CO:KM12	ordinal	EX_leu__L_e	-9.999998999999999	-10.0	-1.7922337326704376	primary	optimal
twostage-20260916T061947Z	CO:KM12	ordinal	EX_lys__L_e	-9.999999	-10.0	-1.945226570884155	primary	optimal
twostage-20260916T061947Z	CO:KM12	ordinal	EX_mal__L_e	1e-06	0.0	36.019400694446155	primary	optimal
twostage-20260916T061947Z	CO:KM12	ordinal	EX_met__L_e	-9.999999000000003	-10.0	-0.5026982632120642	primary	optimal
twostage-20260916T061947Z	CO:KM12	ordinal	EX_nac_e	-2.059425156081966e-15	0.0	10.551360344540187	primary	optimal
twostage-20260916T061947Z	CO:KM12	ordinal	EX_ncam_e	-8.192143756456566	-10.0	-1.0658141036401503e-14	primary	optimal
twostage-20260916T061947Z	CO:KM12	ordinal	EX_nicrnt_e	0.0	0.0	2.12481036336624	primary	optimal
twostage-20260916T061947Z	CO:KM12	ordinal	EX_orn_e	0.0	0.0	25.493795660808548	primary	optimal
twostage-20260916T061947Z	CO:KM12	ordinal	EX_orot5p_e	0.0	0.0	1.3164338833451776	primary	optimal
twostage-20260916T061947Z	CO:KM12	ordinal	EX_orot_e	0.0	0.0	3.0558378092462113	primary	optimal
twostage-20260916T061947Z	CO:KM12	ordinal	EX_oxa_e	0.0	0.0	6.324757963405935	primary	optimal
twostage-20260916T061947Z	CO:KM12	ordinal	EX_pep_e	0.0	0.0	6.071678091942361	primary	optimal
twostage-20260916T061947Z	CO:KM12	ordinal	EX_phe__L_e	-0.8524037606703223	-10.0	-0.8524036882104298	primary	optimal
twostage-20260916T061947Z	CO:KM12	ordinal	EX_pnto__R_e	0.0	-10.0	0.0500000000000016	primary	optimal
twostage-20260916T061947Z	CO:KM12	ordinal	EX_pro__L_e	-1.3551019514225018	-10.0	19.243095392846147	primary	optimal
twostage-20260916T061947Z	CO:KM12	ordinal	EX_quln_e	0.0	0.0	1.1601716915046658	primary	optimal
twostage-20260916T061947Z	CO:KM12	ordinal	EX_sbt__D_e	0.0	0.0	0.0	primary	optimal
twostage-20260916T061947Z	CO:KM12	ordinal	EX_ser__L_e	-10.0	-10.0	-0.5501709029620943	primary	optimal
twostage-20260916T061947Z	CO:KM12	ordinal	EX_spmd_e	0.0	0.0	1.1697752659064773	primary	optimal
twostage-20260916T061947Z	CO:KM12	ordinal	EX_sprm_e	0.0	0.0	0.5965106072759091	primary	optimal
twostage-20260916T061947Z	CO:KM12	ordinal	EX_srtn_e	0.0	0.0	3.4721895093867543	primary	optimal
twostage-20260916T061947Z	CO:KM12	ordinal	EX_succ_e	14.018956103647213	0.0	56.19010237380948	primary	optimal
twostage-20260916T061947Z	CO:KM12	ordinal	EX_sucr_e	0.0	0.0	0.0	primary	optimal
twostage-20260916T061947Z	CO:KM12	ordinal	EX_taur_e	0.0	0.0	3.0860797549627117	primary	optimal
twostage-20260916T061947Z	CO:KM12	ordinal	EX_tchola_e	0.0	0.0	0.6715853666348353	primary	optimal
twostage-20260916T061947Z	CO:KM12	ordinal	EX_thr__L_e	-1.0272564007096083	-10.0	-1.0272564007096054	primary	optimal
twostage-20260916T061947Z	CO:KM12	ordinal	EX_thym_e	0.0	0.0	1.9211054701969785	primary	optimal
twostage-20260916T061947Z	CO:KM12	ordinal	EX_thymd_e	0.0	0.0	1.2657639170584671	primary	optimal
twostage-20260916T061947Z	CO:KM12	ordinal	EX_trp__L_e	-0.04371317812479468	-10.0	-0.0437131781247837	primary	optimal
twostage-20260916T061947Z	CO:KM12	ordinal	EX_tyr__L_e	-0.5245548522744694	-10.0	3.162802479245523	primary	optimal
twostage-20260916T061947Z	CO:KM12	ordinal	EX_ump_e	0.0	0.0	0.967090067866658	primary	optimal
twostage-20260916T061947Z	CO:KM12	ordinal	EX_ura_e	0.0	0.0	2.7053837443414563	primary	optimal
twostage-20260916T061947Z	CO:KM12	ordinal	EX_urate_e	0.0	0.0	1.1136274368985108	primary	optimal
twostage-20260916T061947Z	CO:KM12	ordinal	EX_uri_e	0.0	0.0	1.5231230927904023	primary	optimal
twostage-20260916T061947Z	CO:KM12	ordinal	EX_val__L_e	-1.1583926752614737	-10.0	-1.1583926498609252	primary	optimal
twostage-20260916T061947Z	CO:KM12	ordinal	EX_xan_e	0.0	0.0	1.1454932592559655	primary	optimal
twostage-20260916T061947Z	CO:KM12	ordinal	EX_xmp_e	0.0	0.0	0.8626691641382825	primary	optimal
twostage-20260916T061947Z	CO:KM12	ordinal	EX_xtsn_e	0.0	0.0	0.8569604980468849	primary	optimal
twostage-20260916T061947Z	CO:SW-620	ordinal	EX_2pg_e	0.0	0.0	6.071678091942422	primary	optimal
twostage-20260916T061947Z	CO:SW-620	ordinal	EX_34hpp_e	0.0	0.0	12.389332927488534	primary	optimal
twostage-20260916T061947Z	CO:SW-620	ordinal	EX_3hanthrn_e	0.0	0.0	1.701381031533853	primary	optimal
twostage-20260916T061947Z	CO:SW-620	ordinal	EX_3pg_e	0.0	0.0	6.07167809194251	primary	optimal
twostage-20260916T061947Z	CO:SW-620	ordinal	EX_4abut_e	0.0	0.0	22.67956317627083	primary	optimal
twostage-20260916T061947Z	CO:SW-620	ordinal	EX_4hbz_e	0.0	0.0	4.477511270862217	primary	optimal
twostage-20260916T061947Z	CO:SW-620	ordinal	EX_L2aadp_e	0.0	0.0	8.280391624633582	primary	optimal
twostage-20260916T061947Z	CO:SW-620	ordinal	EX_Lkynr_e	0.0	0.0	3.477311799130932	primary	optimal
twostage-20260916T061947Z	CO:SW-620	ordinal	EX_acac_e	0.0	0.0	12.136758921904486	primary	optimal
twostage-20260916T061947Z	CO:SW-620	ordinal	EX_ade_e	0.0	0.0	0.9566181422215904	primary	optimal
twostage-20260916T061947Z	CO:SW-620	ordinal	EX_adn_e	0.0	0.0	0.7412149286262298	primary	optimal
twostage-20260916T061947Z	CO:SW-620	ordinal	EX_ahcys_e	0.0	0.0	0.7085160646065288	primary	optimal
twostage-20260916T061947Z	CO:SW-620	ordinal	EX_akg_e	0.0	0.0	36.0049734589654	primary	optimal
twostage-20260916T061947Z	CO:SW-620	ordinal	EX_ala__L_e	9.999999999999997e-07	0.0	48.22104036240961	primary	optimal
twostage-20260916T061947Z	CO:SW-620	ordinal	EX_amp_e	0.0	0.0	0.6206072586457906	primary	optimal
twostage-20260916T061947Z	CO:SW-620	ordinal	EX_anth_e	0.0	0.0	3.190495377159806	primary	optimal
twostage-20260916T061947Z	CO:SW-620	ordinal	EX_arg__L_e	-9.999999	-10.0	2.3094247947598605	primary	optimal
twostage-20260916T061947Z	CO:SW-620	ordinal	EX_asn__L_e	-9.999999	-10.0	6.260923654665387	primary	optimal
twostage-20260916T061947Z	CO:SW-620	ordinal	EX_asp__L_e	-9.999999000000003	-10.0	24.10277916127773	primary	optimal
twostage-20260916T061947Z	CO:SW-620	ordinal	EX_bilirub_e	0.0	0.0	0.4081596649857892	primary	optimal
twostage-20260916T061947Z	CO:SW-620	ordinal	EX_cala_e	0.0	0.0	2.4682761953406125	primary	optimal
twostage-20260916T061947Z	CO:SW-620	ordinal	EX_chol_e	-9.999999	-10.0	0.24185661647666257	primary	optimal
twostage-20260916T061947Z	CO:SW-620	ordinal	EX_cholp_e	0.0	0.0	6.019382978905119	primary	optimal
twostage-20260916T061947Z	CO:SW-620	ordinal	EX_cit_e	1e-06	0.0	30.773777285894194	primary	optimal
twostage-20260916T061947Z	CO:SW-620	ordinal	EX_citr__L_e	0.0	0.0	13.743898969129377	primary	optimal
twostage-20260916T061947Z	CO:SW-620	ordinal	EX_cmp_e	0.0	0.0	0.0	primary	optimal
twostage-20260916T061947Z	CO:SW-620	ordinal	EX_crn_e	-0.999999	-1.0	-2.220446049250313e-15	primary	optimal
twostage-20260916T061947Z	CO:SW-620	ordinal	EX_cyst__L_e	0.0	0.0	2.9576414735351917	primary	optimal
twostage-20260916T061947Z	CO:SW-620	ordinal	EX_cytd_e	0.0	0.0	1.4580554501217768	primary	optimal
twostage-20260916T061947Z	CO:SW-620	ordinal	EX_dad_2_e	0.0	0.0	0.7360139487621805	primary	optimal
twostage-20260916T061947Z	CO:SW-620	ordinal	EX_dcmp_e	0.0	0.0	1.260061526649684	primary	optimal
twostage-20260916T061947Z	CO:SW-620	ordinal	EX_dcyt_e	0.0	0.0	1.4940563168833747	primary	optimal
twostage-20260916T061947Z	CO:SW-620	ordinal	EX_dhap_e	0.0	0.0	3.91621150674767	primary	optimal
twostage-20260916T061947Z	CO:SW-620	ordinal	EX_dmgly_e	0.0	0.0	3.6398092459257088	primary	optimal
twostage-20260916T061947Z	CO:SW-620	ordinal	EX_duri_e	0.0	0.0	1.4696579624372406	primary	optimal
twostage-20260916T061947Z	CO:SW-620	ordinal	EX_ethamp_e	0.0	0.0	6.07167809194247	primary	optimal
twostage-20260916T061947Z	CO:SW-620	ordinal	EX_fol_e	-9.999999	-10.0	9.769962616701378e-15	primary	optimal
twostage-20260916T061947Z	CO:SW-620	ordinal	EX_fum_e	1.0000000000000002e-06	0.0	40.62347800130506	primary	optimal
twostage-20260916T061947Z	CO:SW-620	ordinal	EX_g3pc_e	0.0	0.0	1.9637957760274527	primary	optimal
twostage-20260916T061947Z	CO:SW-620	ordinal	EX_glc__D_e	-10.0	-10.0	-5.464605883146429	primary	optimal
twostage-20260916T061947Z	CO:SW-620	ordinal	EX_glcur_e	0.0	0.0	3.44279195864411	primary	optimal
twostage-20260916T061947Z	CO:SW-620	ordinal	EX_gln__L_e	-9.999999000000003	-10.0	4.180256746212798	primary	optimal
twostage-20260916T061947Z	CO:SW-620	ordinal	EX_glu__L_e	-9.999999	-10.0	21.213525946812105	primary	optimal
twostage-20260916T061947Z	CO:SW-620	ordinal	EX_gly_e	-9.999999	-10.0	24.344598346969285	primary	optimal
twostage-20260916T061947Z	CO:SW-620	ordinal	EX_glyald_e	0.0	0.0	8.638045785218853	primary	optimal
twostage-20260916T061947Z	CO:SW-620	ordinal	EX_glyb_e	0.0	0.0	9.781513436902962	primary	optimal
twostage-20260916T061947Z	CO:SW-620	ordinal	EX_glyc3p_e	0.0	0.0	3.7610653937187206	primary	optimal
twostage-20260916T061947Z	CO:SW-620	ordinal	EX_gmp_e	0.0	0.0	0.0	primary	optimal
twostage-20260916T061947Z	CO:SW-620	ordinal	EX_gthox_e	0.0	0.0	5.194144081310127	primary	optimal
twostage-20260916T061947Z	CO:SW-620	ordinal	EX_hcys__L_e	0.0	0.0	4.239690383883444	primary	optimal
twostage-20260916T061947Z	CO:SW-620	ordinal	EX_hom__L_e	0.0	0.0	0.0	primary	optimal
twostage-20260916T061947Z	CO:SW-620	ordinal	EX_hxan_e	0.0	0.0	1.1294902542130458	primary	optimal
twostage-20260916T061947Z	CO:SW-620	ordinal	EX_icit_e	1.0000000000000002e-06	0.0	28.326914881256123	primary	optimal
twostage-20260916T061947Z	CO:SW-620	ordinal	EX_ile__L_e	-9.999999	-10.0	-0.9398300444600025	primary	optimal
twostage-20260916T061947Z	CO:SW-620	ordinal	EX_imp_e	0.0	0.0	0.8453402542829559	primary	optimal
twostage-20260916T061947Z	CO:SW-620	ordinal	EX_ins_e	0.0	0.0	0.8399763829110773	primary	optimal
twostage-20260916T061947Z	CO:SW-620	ordinal	EX_lac__L_e	-0.9999990000000001	-1.0	53.131312596687366	primary	optimal
twostage-20260916T061947Z	CO:SW-620	ordinal	EX_lcts_e	0.0	0.0	1.3019036369955697	primary	optimal
twostage-20260916T061947Z	CO:SW-620	ordinal	EX_leu__L_e	-9.999999	-10.0	-1.79223373267045	primary	optimal
twostage-20260916T061947Z	CO:SW-620	ordinal	EX_lys__L_e	-9.999999	-10.0	-1.945226570884186	primary	optimal
twostage-20260916T061947Z	CO:SW-620	ordinal	EX_mal__L_e	1.0000000000000002e-06	0.0	36.01518501456431	primary	optimal
twostage-20260916T061947Z	CO:SW-620	ordinal	EX_met__L_e	-9.999999	-10.0	-0.5026982632120696	primary	optimal
twostage-20260916T061947Z	CO:SW-620	ordinal	EX_nac_e	0.0	0.0	10.551078698964673	primary	optimal
twostage-20260916T061947Z	CO:SW-620	ordinal	EX_ncam_e	-9.999999	-10.0	-1.7763568394002505e-15	primary	optimal
twostage-20260916T061947Z	CO:SW-620	ordinal	EX_nicrnt_e	0.0	0.0	2.040053266207376	primary	optimal
twostage-20260916T061947Z	CO:SW-620	ordinal	EX_orn_e	0.0	0.0	27.982853206584753	primary	optimal
twostage-20260916T061947Z	CO:SW-620	ordinal	EX_orot5p_e	0.0	0.0	1.2731774159558797	primary	optimal
twostage-20260916T061947Z	CO:SW-620	ordinal	EX_orot_e	0.0	0.0	2.944484554827016	primary	optimal
twostage-20260916T061947Z	CO:SW-620	ordinal	EX_oxa_e	0.0	0.0	6.368638339367155	primary	optimal
twostage-20260916T061947Z	CO:SW-620	ordinal	EX_pep_e	0.0	0.0	6.071678091942387	primary	optimal
twostage-20260916T061947Z	CO:SW-620	ordinal	EX_phe__L_e	-2.616883414478362	-10.0	-0.8524036882103996	primary	optimal
twostage-20260916T061947Z	CO:SW-620	ordinal	EX_pnto__R_e	0.0	-10.0	0.04999999999999716	primary	optimal
twostage-20260916T061947Z	CO:SW-620	ordinal	EX_pro__L_e	-1.355101951422502	-10.0	19.1606911695097	primary	optimal
twostage-20260916T061947Z	CO:SW-620	ordinal	EX_quln_e	0.0	0.0	1.1389739023348566	primary	optimal
twostage-20260916T061947Z	CO:SW-620	ordinal	EX_sbt__D_e	0.0	0.0	0.0	primary	optimal
twostage-20260916T061947Z	CO:SW-620	ordinal	EX_ser__L_e	-10.0	-10.0	-0.9312043044918973	primary	optimal
twostage-20260916T061947Z	CO:SW-620	ordinal	EX_spmd_e	0.0	0.0	1.1417216484542763	primary	optimal
twostage-20260916T061947Z	CO:SW-620	ordinal	EX_sprm_e	0.0	0.0	0.5801631149051483	primary	optimal
twostage-20260916T061947Z	CO:SW-620	ordinal	EX_srtn_e	0.0	0.0	3.369554406153389	primary	optimal
twostage-20260916T061947Z	CO:SW-620	ordinal	EX_succ_e	14.384918707838033	0.0	58.05299045846196	primary	optimal
twostage-20260916T061947Z	CO:SW-620	ordinal	EX_sucr_e	0.0	0.0	0.0	primary	optimal
twostage-20260916T061947Z	CO:SW-620	ordinal	EX_taur_e	0.0	0.0	3.023645158571058	primary	optimal
twostage-20260916T061947Z	CO:SW-620	ordinal	EX_tchola_e	0.0	0.0	0.6547701950543481	primary	optimal
twostage-20260916T061947Z	CO:SW-620	ordinal	EX_thr__L_e	-1.0272564007096083	-10.0	-1.0272564007096054	primary	optimal
twostage-20260916T061947Z	CO:SW-620	ordinal	EX_thym_e	0.0	0.0	1.8499790518703452	primary	optimal
twostage-20260916T061947Z	CO:SW-620	ordinal	EX_thymd_e	0.0	0.0	1.2156647517002586	primary	optimal
twostage-20260916T061947Z	CO:SW-620	ordinal	EX_trp__L_e	-0.04371317812479468	-10.0	-0.043713178124797025	primary	optimal
twostage-20260916T061947Z	CO:SW-620	ordinal	EX_tyr__L_e	-0.5245548522744693	-10.0	3.107227345758954	primary	optimal
twostage-20260916T061947Z	CO:SW-620	ordinal	EX_ump_e	0.0	0.0	0.9317633309091038	primary	optimal
twostage-20260916T061947Z	CO:SW-620	ordinal	EX_ura_e	0.0	0.0	2.647517438601108	primary	optimal
twostage-20260916T061947Z	CO:SW-620	ordinal	EX_urate_e	0.0	0.0	1.079159547609697	primary	optimal
twostage-20260916T061947Z	CO:SW-620	ordinal	EX_uri_e	0.0	0.0	1.4764469687773958	primary	optimal
twostage-20260916T061947Z	CO:SW-620	ordinal	EX_val__L_e	-1.1583928850190992	-10.0	-1.158392649860911	primary	optimal
twostage-20260916T061947Z	CO:SW-620	ordinal	EX_xan_e	0.0	0.0	1.109846387608631	primary	optimal
twostage-20260916T061947Z	CO:SW-620	ordinal	EX_xmp_e	0.0	0.0	0.8339003787845666	primary	optimal
twostage-20260916T061947Z	CO:SW-620	ordinal	EX_xtsn_e	0.0	0.0	0.8286940348761275	primary	optimal
twostage-20260916T061947Z	LC:A549/ATCC	ordinal	EX_2pg_e	0.0	0.0	6.071678091942397	primary	optimal
twostage-20260916T061947Z	LC:A549/ATCC	ordinal	EX_34hpp_e	0.0	0.0	12.511436779245445	primary	optimal
twostage-20260916T061947Z	LC:A549/ATCC	ordinal	EX_3hanthrn_e	0.0	0.0	1.786765373084518	primary	optimal
twostage-20260916T061947Z	LC:A549/ATCC	ordinal	EX_3pg_e	0.0	0.0	6.071678091942337	primary	optimal
twostage-20260916T061947Z	LC:A549/ATCC	ordinal	EX_4abut_e	0.0	0.0	23.62788139949872	primary	optimal
twostage-20260916T061947Z	LC:A549/ATCC	ordinal	EX_4hbz_e	0.0	0.0	4.709083768421452	primary	optimal
twostage-20260916T061947Z	LC:A549/ATCC	ordinal	EX_L2aadp_e	0.0	0.0	8.454547792701586	primary	optimal
twostage-20260916T061947Z	LC:A549/ATCC	ordinal	EX_Lkynr_e	0.0	0.0	3.5833351285868287	primary	optimal
twostage-20260916T061947Z	LC:A549/ATCC	ordinal	EX_acac_e	0.0	0.0	12.55743160776814	primary	optimal
twostage-20260916T061947Z	LC:A549/ATCC	ordinal	EX_ade_e	0.0	0.0	1.0461676056267863	primary	optimal
twostage-20260916T061947Z	LC:A549/ATCC	ordinal	EX_adn_e	0.0	0.0	0.8115967941456592	primary	optimal
twostage-20260916T061947Z	LC:A549/ATCC	ordinal	EX_ahcys_e	0.0	0.0	0.7680658063420825	primary	optimal
twostage-20260916T061947Z	LC:A549/ATCC	ordinal	EX_akg_e	1.0000000000000002e-06	0.0	37.99754974984686	primary	optimal
twostage-20260916T061947Z	LC:A549/ATCC	ordinal	EX_ala__L_e	1e-06	0.0	53.866550613824884	primary	optimal
twostage-20260916T061947Z	LC:A549/ATCC	ordinal	EX_amp_e	0.0	0.0	0.6788020579308442	primary	optimal
twostage-20260916T061947Z	LC:A549/ATCC	ordinal	EX_anth_e	0.0	0.0	3.3521434578445293	primary	optimal
twostage-20260916T061947Z	LC:A549/ATCC	ordinal	EX_arg__L_e	-9.999999000000003	-10.0	2.5105570106200426	primary	optimal
twostage-20260916T061947Z	LC:A549/ATCC	ordinal	EX_asn__L_e	-9.999999	-10.0	6.644987896423337	primary	optimal
twostage-20260916T061947Z	LC:A549/ATCC	ordinal	EX_asp__L_e	-9.999999	-10.0	25.58253789938632	primary	optimal
twostage-20260916T061947Z	LC:A549/ATCC	ordinal	EX_bilirub_e	0.0	0.0	0.430957122487938	primary	optimal
twostage-20260916T061947Z	LC:A549/ATCC	ordinal	EX_cala_e	0.0	0.0	2.6508369443670126	primary	optimal
twostage-20260916T061947Z	LC:A549/ATCC	ordinal	EX_chol_e	-9.999999	-10.0	0.3229294469986451	primary	optimal
twostage-20260916T061947Z	LC:A549/ATCC	ordinal	EX_cholp_e	0.0	0.0	6.071678091942562	primary	optimal
twostage-20260916T061947Z	LC:A549/ATCC	ordinal	EX_cit_e	1e-06	0.0	31.037519099597066	primary	optimal
twostage-20260916T061947Z	LC:A549/ATCC	ordinal	EX_citr__L_e	0.0	0.0	14.275846428916818	primary	optimal
twostage-20260916T061947Z	LC:A549/ATCC	ordinal	EX_cmp_e	0.0	0.0	0.0	primary	optimal
twostage-20260916T061947Z	LC:A549/ATCC	ordinal	EX_crn_e	-0.999999	-1.0	0.0	primary	optimal
twostage-20260916T061947Z	LC:A549/ATCC	ordinal	EX_cyst__L_e	0.0	0.0	3.1102386086469447	primary	optimal
twostage-20260916T061947Z	LC:A549/ATCC	ordinal	EX_cytd_e	0.0	0.0	1.5863378689529444	primary	optimal
twostage-20260916T061947Z	LC:A549/ATCC	ordinal	EX_dad_2_e	0.0	0.0	0.8092003469413034	primary	optimal
twostage-20260916T061947Z	LC:A549/ATCC	ordinal	EX_dcmp_e	0.0	0.0	1.3765547780989256	primary	optimal
twostage-20260916T061947Z	LC:A549/ATCC	ordinal	EX_dcyt_e	0.0	0.0	1.6278136309095976	primary	optimal
twostage-20260916T061947Z	LC:A549/ATCC	ordinal	EX_dhap_e	0.0	0.0	4.333147069018779	primary	optimal
twostage-20260916T061947Z	LC:A549/ATCC	ordinal	EX_dmgly_e	0.0	0.0	3.8794589757043916	primary	optimal
twostage-20260916T061947Z	LC:A549/ATCC	ordinal	EX_duri_e	0.0	0.0	1.5931625313261506	primary	optimal
twostage-20260916T061947Z	LC:A549/ATCC	ordinal	EX_ethamp_e	0.0	0.0	6.0716780919425295	primary	optimal
twostage-20260916T061947Z	LC:A549/ATCC	ordinal	EX_fol_e	-9.999999000000003	-10.0	-8.881784197001252e-15	primary	optimal
twostage-20260916T061947Z	LC:A549/ATCC	ordinal	EX_fum_e	1e-06	0.0	41.172842747639095	primary	optimal
twostage-20260916T061947Z	LC:A549/ATCC	ordinal	EX_g3pc_e	0.0	0.0	2.089717907080104	primary	optimal
twostage-20260916T061947Z	LC:A549/ATCC	ordinal	EX_glc__D_e	-10.0	-10.0	-4.941654317543872	primary	optimal
twostage-20260916T061947Z	LC:A549/ATCC	ordinal	EX_glcur_e	0.0	0.0	3.58017614771758	primary	optimal
twostage-20260916T061947Z	LC:A549/ATCC	ordinal	EX_gln__L_e	-9.999999	-10.0	5.064361914287961	primary	optimal
twostage-20260916T061947Z	LC:A549/ATCC	ordinal	EX_glu__L_e	-9.999999000000003	-10.0	24.571729630921084	primary	optimal
twostage-20260916T061947Z	LC:A549/ATCC	ordinal	EX_gly_e	-9.999999	-10.0	25.981827934860377	primary	optimal
twostage-20260916T061947Z	LC:A549/ATCC	ordinal	EX_glyald_e	0.0	0.0	9.56109872131616	primary	optimal
twostage-20260916T061947Z	LC:A549/ATCC	ordinal	EX_glyb_e	0.0	0.0	9.918681621343634	primary	optimal
twostage-20260916T061947Z	LC:A549/ATCC	ordinal	EX_glyc3p_e	0.0	0.0	4.168921602057899	primary	optimal
twostage-20260916T061947Z	LC:A549/ATCC	ordinal	EX_gmp_e	0.0	0.0	0.0	primary	optimal
twostage-20260916T061947Z	LC:A549/ATCC	ordinal	EX_gthox_e	0.0	0.0	5.343581207262378	primary	optimal
twostage-20260916T061947Z	LC:A549/ATCC	ordinal	EX_hcys__L_e	0.0	0.0	4.444310255145361	primary	optimal
twostage-20260916T061947Z	LC:A549/ATCC	ordinal	EX_hom__L_e	0.0	0.0	0.0	primary	optimal
twostage-20260916T061947Z	LC:A549/ATCC	ordinal	EX_hxan_e	0.0	0.0	1.2272757128499896	primary	optimal
twostage-20260916T061947Z	LC:A549/ATCC	ordinal	EX_icit_e	1e-06	0.0	29.95901025753793	primary	optimal
twostage-20260916T061947Z	LC:A549/ATCC	ordinal	EX_ile__L_e	-9.999999	-10.0	-0.9398300444600132	primary	optimal
twostage-20260916T061947Z	LC:A549/ATCC	ordinal	EX_imp_e	0.0	0.0	0.9223021969787629	primary	optimal
twostage-20260916T061947Z	LC:A549/ATCC	ordinal	EX_ins_e	0.0	0.0	0.9166371468431677	primary	optimal
twostage-20260916T061947Z	LC:A549/ATCC	ordinal	EX_lac__L_e	-0.999999	-1.0	54.25611458908021	primary	optimal
twostage-20260916T061947Z	LC:A549/ATCC	ordinal	EX_lcts_e	0.0	0.0	1.4233993965809317	primary	optimal
twostage-20260916T061947Z	LC:A549/ATCC	ordinal	EX_leu__L_e	-9.999999	-10.0	-1.79223373267045	primary	optimal
twostage-20260916T061947Z	LC:A549/ATCC	ordinal	EX_lys__L_e	-9.999999	-10.0	-1.9452265708841594	primary	optimal
twostage-20260916T061947Z	LC:A549/ATCC	ordinal	EX_mal__L_e	1e-06	0.0	36.678466324949206	primary	optimal
twostage-20260916T061947Z	LC:A549/ATCC	ordinal	EX_met__L_e	-9.999999	-10.0	-0.5026982632120767	primary	optimal
twostage-20260916T061947Z	LC:A549/ATCC	ordinal	EX_nac_e	0.0	0.0	10.60125068668329	primary	optimal
twostage-20260916T061947Z	LC:A549/ATCC	ordinal	EX_ncam_e	-9.664186272791682	-10.0	-1.7763568394002505e-14	primary	optimal
twostage-20260916T061947Z	LC:A549/ATCC	ordinal	EX_nicrnt_e	0.0	0.0	2.215127679303104	primary	optimal
twostage-20260916T061947Z	LC:A549/ATCC	ordinal	EX_orn_e	0.0	0.0	28.629920921515115	primary	optimal
twostage-20260916T061947Z	LC:A549/ATCC	ordinal	EX_orot5p_e	0.0	0.0	1.3754752693802432	primary	optimal
twostage-20260916T061947Z	LC:A549/ATCC	ordinal	EX_orot_e	0.0	0.0	3.2191440828903084	primary	optimal
twostage-20260916T061947Z	LC:A549/ATCC	ordinal	EX_oxa_e	0.0	0.0	6.573890341791422	primary	optimal
twostage-20260916T061947Z	LC:A549/ATCC	ordinal	EX_pep_e	0.0	0.0	6.071678091942569	primary	optimal
twostage-20260916T061947Z	LC:A549/ATCC	ordinal	EX_phe__L_e	-0.8524036882104293	-10.0	-0.8524036882104316	primary	optimal
twostage-20260916T061947Z	LC:A549/ATCC	ordinal	EX_pnto__R_e	0.0	-10.0	0.04999999999999405	primary	optimal
twostage-20260916T061947Z	LC:A549/ATCC	ordinal	EX_pro__L_e	-1.3551019514231608	-10.0	20.42221282260944	primary	optimal
twostage-20260916T061947Z	LC:A549/ATCC	ordinal	EX_quln_e	0.0	0.0	1.1941564697660167	primary	optimal
twostage-20260916T061947Z	LC:A549/ATCC	ordinal	EX_sbt__D_e	0.0	0.0	0.0	primary	optimal
twostage-20260916T061947Z	LC:A549/ATCC	ordinal	EX_ser__L_e	-10.0	-10.0	0.02878520304219455	primary	optimal
twostage-20260916T061947Z	LC:A549/ATCC	ordinal	EX_spmd_e	0.0	0.0	1.2054373754332055	primary	optimal
twostage-20260916T061947Z	LC:A549/ATCC	ordinal	EX_sprm_e	0.0	0.0	0.6118399563214355	primary	optimal
twostage-20260916T061947Z	LC:A549/ATCC	ordinal	EX_srtn_e	0.0	0.0	3.5444250696191153	primary	optimal
twostage-20260916T061947Z	LC:A549/ATCC	ordinal	EX_succ_e	13.520013005009627	0.0	57.07558805512216	primary	optimal
twostage-20260916T061947Z	LC:A549/ATCC	ordinal	EX_sucr_e	0.0	0.0	0.0	primary	optimal
twostage-20260916T061947Z	LC:A549/ATCC	ordinal	EX_taur_e	0.0	0.0	3.1642634666938245	primary	optimal
twostage-20260916T061947Z	LC:A549/ATCC	ordinal	EX_tchola_e	0.0	0.0	0.6825736082922764	primary	optimal
twostage-20260916T061947Z	LC:A549/ATCC	ordinal	EX_thr__L_e	-1.027256400709608	-10.0	-1.0272564007096001	primary	optimal
twostage-20260916T061947Z	LC:A549/ATCC	ordinal	EX_thym_e	0.0	0.0	2.003584421772384	primary	optimal
twostage-20260916T061947Z	LC:A549/ATCC	ordinal	EX_thymd_e	0.0	0.0	1.3217905393355114	primary	optimal
twostage-20260916T061947Z	LC:A549/ATCC	ordinal	EX_trp__L_e	-0.04371317812479467	-10.0	-0.04371317812479347	primary	optimal
twostage-20260916T061947Z	LC:A549/ATCC	ordinal	EX_tyr__L_e	-0.5245548522744695	-10.0	3.2732558886809793	primary	optimal
twostage-20260916T061947Z	LC:A549/ATCC	ordinal	EX_ump_e	0.0	0.0	1.015375375855849	primary	optimal
twostage-20260916T061947Z	LC:A549/ATCC	ordinal	EX_ura_e	0.0	0.0	2.8216916803181746	primary	optimal
twostage-20260916T061947Z	LC:A549/ATCC	ordinal	EX_urate_e	0.0	0.0	1.1728555197804786	primary	optimal
twostage-20260916T061947Z	LC:A549/ATCC	ordinal	EX_uri_e	0.0	0.0	1.5946343129705978	primary	optimal
twostage-20260916T061947Z	LC:A549/ATCC	ordinal	EX_val__L_e	-1.1583930714153732	-10.0	-1.1583926498609287	primary	optimal
twostage-20260916T061947Z	LC:A549/ATCC	ordinal	EX_xan_e	0.0	0.0	1.205636336506763	primary	optimal
twostage-20260916T061947Z	LC:A549/ATCC	ordinal	EX_xmp_e	0.0	0.0	0.9089510490925773	primary	optimal
twostage-20260916T061947Z	LC:A549/ATCC	ordinal	EX_xtsn_e	0.0	0.0	0.9032508390552291	primary	optimal
twostage-20260916T061947Z	LC:EKVX	ordinal	EX_2pg_e	0.0	0.0	6.071678091942407	primary	optimal
twostage-20260916T061947Z	LC:EKVX	ordinal	EX_34hpp_e	0.0	0.0	12.445169703392333	primary	optimal
twostage-20260916T061947Z	LC:EKVX	ordinal	EX_3hanthrn_e	0.0	0.0	1.7052041900122636	primary	optimal
twostage-20260916T061947Z	LC:EKVX	ordinal	EX_3pg_e	0.0	0.0	6.071678091942374	primary	optimal
twostage-20260916T061947Z	LC:EKVX	ordinal	EX_4abut_e	0.0	0.0	22.183202116421068	primary	optimal
twostage-20260916T061947Z	LC:EKVX	ordinal	EX_4hbz_e	0.0	0.0	4.630589739427134	primary	optimal
twostage-20260916T061947Z	LC:EKVX	ordinal	EX_L2aadp_e	0.0	0.0	8.339011634543262	primary	optimal
twostage-20260916T061947Z	LC:EKVX	ordinal	EX_Lkynr_e	0.0	0.0	3.4247581509312535	primary	optimal
twostage-20260916T061947Z	LC:EKVX	ordinal	EX_acac_e	0.0	0.0	12.220255167514846	primary	optimal
twostage-20260916T061947Z	LC:EKVX	ordinal	EX_ade_e	0.0	0.0	1.0020581586733943	primary	optimal
twostage-20260916T061947Z	LC:EKVX	ordinal	EX_adn_e	0.0	0.0	0.7792336150783654	primary	optimal
twostage-20260916T061947Z	LC:EKVX	ordinal	EX_ahcys_e	0.0	0.0	0.7417103465849874	primary	optimal
twostage-20260916T061947Z	LC:EKVX	ordinal	EX_akg_e	0.0	0.0	35.13781613858215	primary	optimal
twostage-20260916T061947Z	LC:EKVX	ordinal	EX_ala__L_e	1e-06	0.0	50.072047369206516	primary	optimal
twostage-20260916T061947Z	LC:EKVX	ordinal	EX_amp_e	0.0	0.0	0.6521863380651093	primary	optimal
twostage-20260916T061947Z	LC:EKVX	ordinal	EX_anth_e	0.0	0.0	3.168599201854427	primary	optimal
twostage-20260916T061947Z	LC:EKVX	ordinal	EX_arg__L_e	-9.999999	-10.0	2.413551772561366	primary	optimal
twostage-20260916T061947Z	LC:EKVX	ordinal	EX_asn__L_e	-9.999999	-10.0	6.1726424145880285	primary	optimal
twostage-20260916T061947Z	LC:EKVX	ordinal	EX_asp__L_e	-9.999999	-10.0	24.735641226486358	primary	optimal
twostage-20260916T061947Z	LC:EKVX	ordinal	EX_bilirub_e	0.0	0.0	0.41442596320813957	primary	optimal
twostage-20260916T061947Z	LC:EKVX	ordinal	EX_cala_e	0.0	0.0	2.537931119526147	primary	optimal
twostage-20260916T061947Z	LC:EKVX	ordinal	EX_chol_e	-9.999999	-10.0	0.28432521831875196	primary	optimal
twostage-20260916T061947Z	LC:EKVX	ordinal	EX_cholp_e	0.0	0.0	6.071678091942352	primary	optimal
twostage-20260916T061947Z	LC:EKVX	ordinal	EX_cit_e	1e-06	0.0	30.934273502176662	primary	optimal
twostage-20260916T061947Z	LC:EKVX	ordinal	EX_citr__L_e	0.0	0.0	13.994354316073471	primary	optimal
twostage-20260916T061947Z	LC:EKVX	ordinal	EX_cmp_e	0.0	0.0	0.0	primary	optimal
twostage-20260916T061947Z	LC:EKVX	ordinal	EX_crn_e	-0.9999990000000001	-1.0	8.881784197001252e-16	primary	optimal
twostage-20260916T061947Z	LC:EKVX	ordinal	EX_cyst__L_e	0.0	0.0	3.049617313060422	primary	optimal
twostage-20260916T061947Z	LC:EKVX	ordinal	EX_cytd_e	0.0	0.0	1.5270674604225725	primary	optimal
twostage-20260916T061947Z	LC:EKVX	ordinal	EX_dad_2_e	0.0	0.0	0.7751736504416813	primary	optimal
twostage-20260916T061947Z	LC:EKVX	ordinal	EX_dcmp_e	0.0	0.0	1.3209120769212106	primary	optimal
twostage-20260916T061947Z	LC:EKVX	ordinal	EX_dcyt_e	0.0	0.0	1.5678118303237543	primary	optimal
twostage-20260916T061947Z	LC:EKVX	ordinal	EX_dhap_e	0.0	0.0	4.2037694050459695	primary	optimal
twostage-20260916T061947Z	LC:EKVX	ordinal	EX_dmgly_e	0.0	0.0	3.799670767109954	primary	optimal
twostage-20260916T061947Z	LC:EKVX	ordinal	EX_duri_e	0.0	0.0	1.5362389432031964	primary	optimal
twostage-20260916T061947Z	LC:EKVX	ordinal	EX_ethamp_e	0.0	0.0	6.071678091942485	primary	optimal
twostage-20260916T061947Z	LC:EKVX	ordinal	EX_fol_e	-9.999999	-10.0	7.105427357601002e-15	primary	optimal
twostage-20260916T061947Z	LC:EKVX	ordinal	EX_fum_e	1e-06	0.0	40.96222916425638	primary	optimal
twostage-20260916T061947Z	LC:EKVX	ordinal	EX_g3pc_e	0.0	0.0	2.050228854472226	primary	optimal
twostage-20260916T061947Z	LC:EKVX	ordinal	EX_glc__D_e	-10.0	-10.0	-5.367287750221987	primary	optimal
twostage-20260916T061947Z	LC:EKVX	ordinal	EX_glcur_e	0.0	0.0	3.427995237622904	primary	optimal
twostage-20260916T061947Z	LC:EKVX	ordinal	EX_gln__L_e	-9.999999	-10.0	4.321714244627469	primary	optimal
twostage-20260916T061947Z	LC:EKVX	ordinal	EX_glu__L_e	-9.999999000000003	-10.0	21.72847970761103	primary	optimal
twostage-20260916T061947Z	LC:EKVX	ordinal	EX_gly_e	-9.999999	-10.0	25.104295160972548	primary	optimal
twostage-20260916T061947Z	LC:EKVX	ordinal	EX_glyald_e	0.0	0.0	9.101272084573395	primary	optimal
twostage-20260916T061947Z	LC:EKVX	ordinal	EX_glyb_e	0.0	0.0	9.862723903783117	primary	optimal
twostage-20260916T061947Z	LC:EKVX	ordinal	EX_glyc3p_e	0.0	0.0	4.043143992031427	primary	optimal
twostage-20260916T061947Z	LC:EKVX	ordinal	EX_gmp_e	0.0	0.0	0.0	primary	optimal
twostage-20260916T061947Z	LC:EKVX	ordinal	EX_gthox_e	0.0	0.0	5.283541613890682	primary	optimal
twostage-20260916T061947Z	LC:EKVX	ordinal	EX_hcys__L_e	0.0	0.0	4.314399802937338	primary	optimal
twostage-20260916T061947Z	LC:EKVX	ordinal	EX_hom__L_e	0.0	0.0	0.0	primary	optimal
twostage-20260916T061947Z	LC:EKVX	ordinal	EX_hxan_e	0.0	0.0	1.1806270875155052	primary	optimal
twostage-20260916T061947Z	LC:EKVX	ordinal	EX_icit_e	1e-06	0.0	29.299070172420087	primary	optimal
twostage-20260916T061947Z	LC:EKVX	ordinal	EX_ile__L_e	-9.999999	-10.0	-0.9398300444600203	primary	optimal
twostage-20260916T061947Z	LC:EKVX	ordinal	EX_imp_e	0.0	0.0	0.8879884395023931	primary	optimal
twostage-20260916T061947Z	LC:EKVX	ordinal	EX_ins_e	0.0	0.0	0.8834298387523868	primary	optimal
twostage-20260916T061947Z	LC:EKVX	ordinal	EX_lac__L_e	-0.9999990000000001	-1.0	54.04028559078487	primary	optimal
twostage-20260916T061947Z	LC:EKVX	ordinal	EX_lcts_e	0.0	0.0	1.3779974578069658	primary	optimal
twostage-20260916T061947Z	LC:EKVX	ordinal	EX_leu__L_e	-9.999999	-10.0	-1.7922337326704483	primary	optimal
twostage-20260916T061947Z	LC:EKVX	ordinal	EX_lys__L_e	-9.999999	-10.0	-1.9452265708841647	primary	optimal
twostage-20260916T061947Z	LC:EKVX	ordinal	EX_mal__L_e	1e-06	0.0	36.520435756236985	primary	optimal
twostage-20260916T061947Z	LC:EKVX	ordinal	EX_met__L_e	-9.999999000000003	-10.0	-0.5026982632120713	primary	optimal
twostage-20260916T061947Z	LC:EKVX	ordinal	EX_nac_e	-3.1709175345052745e-15	0.0	10.568133290182393	primary	optimal
twostage-20260916T061947Z	LC:EKVX	ordinal	EX_ncam_e	-9.097183241709233	-10.0	-1.4210854715202004e-14	primary	optimal
twostage-20260916T061947Z	LC:EKVX	ordinal	EX_nicrnt_e	0.0	0.0	2.1518157215402365	primary	optimal
twostage-20260916T061947Z	LC:EKVX	ordinal	EX_orn_e	0.0	0.0	27.706192104510368	primary	optimal
twostage-20260916T061947Z	LC:EKVX	ordinal	EX_orot5p_e	0.0	0.0	1.3314045835603585	primary	optimal
twostage-20260916T061947Z	LC:EKVX	ordinal	EX_orot_e	0.0	0.0	3.047979333698136	primary	optimal
twostage-20260916T061947Z	LC:EKVX	ordinal	EX_oxa_e	0.0	0.0	6.365215852294226	primary	optimal
twostage-20260916T061947Z	LC:EKVX	ordinal	EX_pep_e	0.0	0.0	6.071678091942435	primary	optimal
twostage-20260916T061947Z	LC:EKVX	ordinal	EX_phe__L_e	-0.8524036882104293	-10.0	-0.8524036882104173	primary	optimal
twostage-20260916T061947Z	LC:EKVX	ordinal	EX_pnto__R_e	0.0	-10.0	0.04999999999999716	primary	optimal
twostage-20260916T061947Z	LC:EKVX	ordinal	EX_pro__L_e	-1.3551019514206366	-10.0	19.087994724268217	primary	optimal
twostage-20260916T061947Z	LC:EKVX	ordinal	EX_quln_e	0.0	0.0	1.1382526153893617	primary	optimal
twostage-20260916T061947Z	LC:EKVX	ordinal	EX_sbt__D_e	0.0	0.0	0.0	primary	optimal
twostage-20260916T061947Z	LC:EKVX	ordinal	EX_ser__L_e	-10.0	-10.0	-0.2652666348149565	primary	optimal
twostage-20260916T061947Z	LC:EKVX	ordinal	EX_spmd_e	0.0	0.0	1.1567223328471279	primary	optimal
twostage-20260916T061947Z	LC:EKVX	ordinal	EX_sprm_e	0.0	0.0	0.5867844301847162	primary	optimal
twostage-20260916T061947Z	LC:EKVX	ordinal	EX_srtn_e	0.0	0.0	3.401646710907521	primary	optimal
twostage-20260916T061947Z	LC:EKVX	ordinal	EX_succ_e	14.10514207110317	0.0	56.43055908675966	primary	optimal
twostage-20260916T061947Z	LC:EKVX	ordinal	EX_sucr_e	0.0	0.0	0.0	primary	optimal
twostage-20260916T061947Z	LC:EKVX	ordinal	EX_taur_e	-2.6136639856036912e-15	0.0	3.0505536562486033	primary	optimal
twostage-20260916T061947Z	LC:EKVX	ordinal	EX_tchola_e	0.0	0.0	0.6587424715499103	primary	optimal
twostage-20260916T061947Z	LC:EKVX	ordinal	EX_thr__L_e	-1.027256400709608	-10.0	-1.0272564007096152	primary	optimal
twostage-20260916T061947Z	LC:EKVX	ordinal	EX_thym_e	0.0	0.0	1.9293402693253383	primary	optimal
twostage-20260916T061947Z	LC:EKVX	ordinal	EX_thymd_e	0.0	0.0	1.2736859681283839	primary	optimal
twostage-20260916T061947Z	LC:EKVX	ordinal	EX_trp__L_e	-0.04371317812479467	-10.0	-0.04371317812479525	primary	optimal
twostage-20260916T061947Z	LC:EKVX	ordinal	EX_tyr__L_e	-0.5245548522744694	-10.0	3.120753644724663	primary	optimal
twostage-20260916T061947Z	LC:EKVX	ordinal	EX_ump_e	0.0	0.0	0.979915349334253	primary	optimal
twostage-20260916T061947Z	LC:EKVX	ordinal	EX_ura_e	0.0	0.0	2.7282251277091816	primary	optimal
twostage-20260916T061947Z	LC:EKVX	ordinal	EX_urate_e	0.0	0.0	1.1268688091965249	primary	optimal
twostage-20260916T061947Z	LC:EKVX	ordinal	EX_uri_e	0.0	0.0	1.5388031764835788	primary	optimal
twostage-20260916T061947Z	LC:EKVX	ordinal	EX_val__L_e	-1.1583927133895926	-10.0	-1.1583926498609305	primary	optimal
twostage-20260916T061947Z	LC:EKVX	ordinal	EX_xan_e	0.0	0.0	1.157579321961866	primary	optimal
twostage-20260916T061947Z	LC:EKVX	ordinal	EX_xmp_e	0.0	0.0	0.8751991211836787	primary	optimal
twostage-20260916T061947Z	LC:EKVX	ordinal	EX_xtsn_e	0.0	0.0	0.8707245335767579	primary	optimal
twostage-20260916T061947Z	LC:NCI-H322M	ordinal	EX_2pg_e	0.0	0.0	6.071678091942611	primary	optimal
twostage-20260916T061947Z	LC:NCI-H322M	ordinal	EX_34hpp_e	0.0	0.0	12.48891327575229	primary	optimal
twostage-20260916T061947Z	LC:NCI-H322M	ordinal	EX_3hanthrn_e	0.0	0.0	1.7756949431110105	primary	optimal
twostage-20260916T061947Z	LC:NCI-H322M	ordinal	EX_3pg_e	0.0	0.0	6.071678091942319	primary	optimal
twostage-20260916T061947Z	LC:NCI-H322M	ordinal	EX_4abut_e	0.0	0.0	22.70112896201095	primary	optimal
twostage-20260916T061947Z	LC:NCI-H322M	ordinal	EX_4hbz_e	0.0	0.0	4.809529868189406	primary	optimal
twostage-20260916T061947Z	LC:NCI-H322M	ordinal	EX_L2aadp_e	0.0	0.0	8.450635519708106	primary	optimal
twostage-20260916T061947Z	LC:NCI-H322M	ordinal	EX_Lkynr_e	0.0	0.0	3.5712911327539603	primary	optimal
twostage-20260916T061947Z	LC:NCI-H322M	ordinal	EX_acac_e	0.0	0.0	12.455491202955539	primary	optimal
twostage-20260916T061947Z	LC:NCI-H322M	ordinal	EX_ade_e	0.0	0.0	1.052369429278204	primary	optimal
twostage-20260916T061947Z	LC:NCI-H322M	ordinal	EX_adn_e	0.0	0.0	0.820286766115162	primary	optimal
twostage-20260916T061947Z	LC:NCI-H322M	ordinal	EX_ahcys_e	0.0	0.0	0.7768986966042033	primary	optimal
twostage-20260916T061947Z	LC:NCI-H322M	ordinal	EX_akg_e	1e-06	0.0	35.41287200904383	primary	optimal
twostage-20260916T061947Z	LC:NCI-H322M	ordinal	EX_ala__L_e	1e-06	0.0	51.93740038499282	primary	optimal
twostage-20260916T061947Z	LC:NCI-H322M	ordinal	EX_amp_e	0.0	0.0	0.6833840196650942	primary	optimal
twostage-20260916T061947Z	LC:NCI-H322M	ordinal	EX_anth_e	0.0	0.0	3.3308974801091478	primary	optimal
twostage-20260916T061947Z	LC:NCI-H322M	ordinal	EX_arg__L_e	-9.999999	-10.0	2.5261429533093755	primary	optimal
twostage-20260916T061947Z	LC:NCI-H322M	ordinal	EX_asn__L_e	-9.999999	-10.0	6.82507258181507	primary	optimal
twostage-20260916T061947Z	LC:NCI-H322M	ordinal	EX_asp__L_e	-9.999998999999999	-10.0	24.71821357680077	primary	optimal
twostage-20260916T061947Z	LC:NCI-H322M	ordinal	EX_bilirub_e	0.0	0.0	0.4346974475812117	primary	optimal
twostage-20260916T061947Z	LC:NCI-H322M	ordinal	EX_cala_e	0.0	0.0	2.678862842938671	primary	optimal
twostage-20260916T061947Z	LC:NCI-H322M	ordinal	EX_chol_e	-9.999999	-10.0	0.35029036558640325	primary	optimal
twostage-20260916T061947Z	LC:NCI-H322M	ordinal	EX_cholp_e	0.0	0.0	6.071678091942488	primary	optimal
twostage-20260916T061947Z	LC:NCI-H322M	ordinal	EX_cit_e	1e-06	0.0	30.996067768527485	primary	optimal
twostage-20260916T061947Z	LC:NCI-H322M	ordinal	EX_citr__L_e	0.0	0.0	14.021377698170543	primary	optimal
twostage-20260916T061947Z	LC:NCI-H322M	ordinal	EX_cmp_e	0.0	0.0	0.0	primary	optimal
twostage-20260916T061947Z	LC:NCI-H322M	ordinal	EX_crn_e	-0.9999990000000001	-1.0	4.440892098500626e-16	primary	optimal
twostage-20260916T061947Z	LC:NCI-H322M	ordinal	EX_cyst__L_e	0.0	0.0	3.169218932024805	primary	optimal
twostage-20260916T061947Z	LC:NCI-H322M	ordinal	EX_cytd_e	0.0	0.0	1.6239377975501699	primary	optimal
twostage-20260916T061947Z	LC:NCI-H322M	ordinal	EX_dad_2_e	0.0	0.0	0.815525582988489	primary	optimal
twostage-20260916T061947Z	LC:NCI-H322M	ordinal	EX_dcmp_e	0.0	0.0	1.396122431759928	primary	optimal
twostage-20260916T061947Z	LC:NCI-H322M	ordinal	EX_dcyt_e	0.0	0.0	1.6767425214158835	primary	optimal
twostage-20260916T061947Z	LC:NCI-H322M	ordinal	EX_dhap_e	0.0	0.0	4.408574803561851	primary	optimal
twostage-20260916T061947Z	LC:NCI-H322M	ordinal	EX_dmgly_e	0.0	0.0	3.949443195337581	primary	optimal
twostage-20260916T061947Z	LC:NCI-H322M	ordinal	EX_duri_e	0.0	0.0	1.6339204106189762	primary	optimal
twostage-20260916T061947Z	LC:NCI-H322M	ordinal	EX_ethamp_e	0.0	0.0	6.071678091942284	primary	optimal
twostage-20260916T061947Z	LC:NCI-H322M	ordinal	EX_fol_e	-9.999999	-10.0	5.329070518200751e-15	primary	optimal
twostage-20260916T061947Z	LC:NCI-H322M	ordinal	EX_fum_e	1e-06	0.0	41.17180382528365	primary	optimal
twostage-20260916T061947Z	LC:NCI-H322M	ordinal	EX_g3pc_e	0.0	0.0	2.1237627799561443	primary	optimal
twostage-20260916T061947Z	LC:NCI-H322M	ordinal	EX_glc__D_e	-10.0	-10.0	-5.082122489510007	primary	optimal
twostage-20260916T061947Z	LC:NCI-H322M	ordinal	EX_glcur_e	0.0	0.0	3.556231836561148	primary	optimal
twostage-20260916T061947Z	LC:NCI-H322M	ordinal	EX_gln__L_e	-9.999999	-10.0	4.704630817459499	primary	optimal
twostage-20260916T061947Z	LC:NCI-H322M	ordinal	EX_glu__L_e	-9.999999	-10.0	22.731681352137212	primary	optimal
twostage-20260916T061947Z	LC:NCI-H322M	ordinal	EX_gly_e	-9.999999	-10.0	24.84146752162987	primary	optimal
twostage-20260916T061947Z	LC:NCI-H322M	ordinal	EX_glyald_e	0.0	0.0	9.596469295164704	primary	optimal
twostage-20260916T061947Z	LC:NCI-H322M	ordinal	EX_glyb_e	0.0	0.0	9.913298280430858	primary	optimal
twostage-20260916T061947Z	LC:NCI-H322M	ordinal	EX_glyc3p_e	0.0	0.0	4.224132533711364	primary	optimal
twostage-20260916T061947Z	LC:NCI-H322M	ordinal	EX_gmp_e	0.0	0.0	0.0	primary	optimal
twostage-20260916T061947Z	LC:NCI-H322M	ordinal	EX_gthox_e	0.0	0.0	5.30971197634623	primary	optimal
twostage-20260916T061947Z	LC:NCI-H322M	ordinal	EX_hcys__L_e	0.0	0.0	4.463229031256264	primary	optimal
twostage-20260916T061947Z	LC:NCI-H322M	ordinal	EX_hom__L_e	0.0	0.0	0.0	primary	optimal
twostage-20260916T061947Z	LC:NCI-H322M	ordinal	EX_hxan_e	0.0	0.0	1.237960434680482	primary	optimal
twostage-20260916T061947Z	LC:NCI-H322M	ordinal	EX_icit_e	1e-06	0.0	29.5053694146763	primary	optimal
twostage-20260916T061947Z	LC:NCI-H322M	ordinal	EX_ile__L_e	-9.999999	-10.0	-0.939830044460022	primary	optimal
twostage-20260916T061947Z	LC:NCI-H322M	ordinal	EX_imp_e	0.0	0.0	0.9320465465685673	primary	optimal
twostage-20260916T061947Z	LC:NCI-H322M	ordinal	EX_ins_e	0.0	0.0	0.9276870321230849	primary	optimal
twostage-20260916T061947Z	LC:NCI-H322M	ordinal	EX_lac__L_e	-0.999999	-1.0	54.2427609686314	primary	optimal
twostage-20260916T061947Z	LC:NCI-H322M	ordinal	EX_lcts_e	0.0	0.0	1.4566052788904156	primary	optimal
twostage-20260916T061947Z	LC:NCI-H322M	ordinal	EX_leu__L_e	-9.999999	-10.0	-1.7922337326704483	primary	optimal
twostage-20260916T061947Z	LC:NCI-H322M	ordinal	EX_lys__L_e	-9.999999	-10.0	-1.9452265708841612	primary	optimal
twostage-20260916T061947Z	LC:NCI-H322M	ordinal	EX_mal__L_e	1e-06	0.0	36.31678809244897	primary	optimal
twostage-20260916T061947Z	LC:NCI-H322M	ordinal	EX_met__L_e	-9.999999	-10.0	-0.5026982632120731	primary	optimal
twostage-20260916T061947Z	LC:NCI-H322M	ordinal	EX_nac_e	1.1708003204327172e-15	0.0	10.647674739833178	primary	optimal
twostage-20260916T061947Z	LC:NCI-H322M	ordinal	EX_ncam_e	-9.30073642413992	-10.0	7.105427357601002e-15	primary	optimal
twostage-20260916T061947Z	LC:NCI-H322M	ordinal	EX_nicrnt_e	0.0	0.0	2.2670009673653455	primary	optimal
twostage-20260916T061947Z	LC:NCI-H322M	ordinal	EX_orn_e	0.0	0.0	27.111954298735114	primary	optimal
twostage-20260916T061947Z	LC:NCI-H322M	ordinal	EX_orot5p_e	0.0	0.0	1.4049477397577559	primary	optimal
twostage-20260916T061947Z	LC:NCI-H322M	ordinal	EX_orot_e	0.0	0.0	3.2224984621248476	primary	optimal
twostage-20260916T061947Z	LC:NCI-H322M	ordinal	EX_oxa_e	0.0	0.0	6.508385967718914	primary	optimal
twostage-20260916T061947Z	LC:NCI-H322M	ordinal	EX_pep_e	0.0	0.0	6.071678091942692	primary	optimal
twostage-20260916T061947Z	LC:NCI-H322M	ordinal	EX_phe__L_e	-0.8524036882104294	-10.0	-0.8524036882104298	primary	optimal
twostage-20260916T061947Z	LC:NCI-H322M	ordinal	EX_pnto__R_e	0.0	-10.0	0.049999999999998934	primary	optimal
twostage-20260916T061947Z	LC:NCI-H322M	ordinal	EX_pro__L_e	-1.3551019514236031	-10.0	19.217450335196226	primary	optimal
twostage-20260916T061947Z	LC:NCI-H322M	ordinal	EX_quln_e	0.0	0.0	1.1894005572059283	primary	optimal
twostage-20260916T061947Z	LC:NCI-H322M	ordinal	EX_sbt__D_e	0.0	0.0	0.0	primary	optimal
twostage-20260916T061947Z	LC:NCI-H322M	ordinal	EX_ser__L_e	-10.0	-10.0	-0.13592348960419512	primary	optimal
twostage-20260916T061947Z	LC:NCI-H322M	ordinal	EX_spmd_e	0.0	0.0	1.225932752884212	primary	optimal
twostage-20260916T061947Z	LC:NCI-H322M	ordinal	EX_sprm_e	0.0	0.0	0.6228143227435926	primary	optimal
twostage-20260916T061947Z	LC:NCI-H322M	ordinal	EX_srtn_e	0.0	0.0	3.5365950193064557	primary	optimal
twostage-20260916T061947Z	LC:NCI-H322M	ordinal	EX_succ_e	13.563355560228228	0.0	55.18246110052154	primary	optimal
twostage-20260916T061947Z	LC:NCI-H322M	ordinal	EX_sucr_e	0.0	0.0	0.0	primary	optimal
twostage-20260916T061947Z	LC:NCI-H322M	ordinal	EX_taur_e	0.0	0.0	3.1714270190740708	primary	optimal
twostage-20260916T061947Z	LC:NCI-H322M	ordinal	EX_tchola_e	0.0	0.0	0.6829133797146967	primary	optimal
twostage-20260916T061947Z	LC:NCI-H322M	ordinal	EX_thr__L_e	-1.027256400709608	-10.0	-1.027256400709609	primary	optimal
twostage-20260916T061947Z	LC:NCI-H322M	ordinal	EX_thym_e	0.0	0.0	2.0661667328448345	primary	optimal
twostage-20260916T061947Z	LC:NCI-H322M	ordinal	EX_thymd_e	0.0	0.0	1.3521239298327397	primary	optimal
twostage-20260916T061947Z	LC:NCI-H322M	ordinal	EX_trp__L_e	-0.04371317812479467	-10.0	-0.04371317812479525	primary	optimal
twostage-20260916T061947Z	LC:NCI-H322M	ordinal	EX_tyr__L_e	-0.5245548522744696	-10.0	3.2419641525335763	primary	optimal
twostage-20260916T061947Z	LC:NCI-H322M	ordinal	EX_ump_e	0.0	0.0	1.0275604638133868	primary	optimal
twostage-20260916T061947Z	LC:NCI-H322M	ordinal	EX_ura_e	0.0	0.0	2.885097979013203	primary	optimal
twostage-20260916T061947Z	LC:NCI-H322M	ordinal	EX_urate_e	0.0	0.0	1.1813188231334184	primary	optimal
twostage-20260916T061947Z	LC:NCI-H322M	ordinal	EX_uri_e	0.0	0.0	1.6395272283842668	primary	optimal
twostage-20260916T061947Z	LC:NCI-H322M	ordinal	EX_val__L_e	-1.1583929095970564	-10.0	-1.158392649860934	primary	optimal
twostage-20260916T061947Z	LC:NCI-H322M	ordinal	EX_xan_e	0.0	0.0	1.2123248065107861	primary	optimal
twostage-20260916T061947Z	LC:NCI-H322M	ordinal	EX_xmp_e	0.0	0.0	0.9187727877927315	primary	optimal
twostage-20260916T061947Z	LC:NCI-H322M	ordinal	EX_xtsn_e	0.0	0.0	0.9136935879210236	primary	optimal
twostage-20260916T061947Z	LC:NCI-H460	ordinal	EX_2pg_e	0.0	0.0	6.0716780919425215	primary	optimal
twostage-20260916T061947Z	LC:NCI-H460	ordinal	EX_34hpp_e	0.0	0.0	12.561639932629216	primary	optimal
twostage-20260916T061947Z	LC:NCI-H460	ordinal	EX_3hanthrn_e	0.0	0.0	1.821452077685866	primary	optimal
twostage-20260916T061947Z	LC:NCI-H460	ordinal	EX_3pg_e	0.0	0.0	6.071678091942343	primary	optimal
twostage-20260916T061947Z	LC:NCI-H460	ordinal	EX_4abut_e	0.0	0.0	23.317584566310575	primary	optimal
twostage-20260916T061947Z	LC:NCI-H460	ordinal	EX_4hbz_e	0.0	0.0	4.794492454651494	primary	optimal
twostage-20260916T061947Z	LC:NCI-H460	ordinal	EX_L2aadp_e	0.0	0.0	8.448436826440359	primary	optimal
twostage-20260916T061947Z	LC:NCI-H460	ordinal	EX_Lkynr_e	0.0	0.0	3.652126178621904	primary	optimal
twostage-20260916T061947Z	LC:NCI-H460	ordinal	EX_acac_e	0.0	0.0	12.706678507060847	primary	optimal
twostage-20260916T061947Z	LC:NCI-H460	ordinal	EX_ade_e	0.0	0.0	1.0560977763130273	primary	optimal
twostage-20260916T061947Z	LC:NCI-H460	ordinal	EX_adn_e	0.0	0.0	0.815013977366217	primary	optimal
twostage-20260916T061947Z	LC:NCI-H460	ordinal	EX_ahcys_e	0.0	0.0	0.776302394900209	primary	optimal
twostage-20260916T061947Z	LC:NCI-H460	ordinal	EX_akg_e	1e-06	0.0	37.408014537290796	primary	optimal
twostage-20260916T061947Z	LC:NCI-H460	ordinal	EX_ala__L_e	1e-06	0.0	52.709738737072094	primary	optimal
twostage-20260916T061947Z	LC:NCI-H460	ordinal	EX_amp_e	0.0	0.0	0.6830655915100919	primary	optimal
twostage-20260916T061947Z	LC:NCI-H460	ordinal	EX_anth_e	0.0	0.0	3.431656993766561	primary	optimal
twostage-20260916T061947Z	LC:NCI-H460	ordinal	EX_arg__L_e	-9.999999	-10.0	2.680019889004686	primary	optimal
twostage-20260916T061947Z	LC:NCI-H460	ordinal	EX_asn__L_e	-9.999999	-10.0	6.843030588083259	primary	optimal
twostage-20260916T061947Z	LC:NCI-H460	ordinal	EX_asp__L_e	-9.999999000000003	-10.0	26.041654632046626	primary	optimal
twostage-20260916T061947Z	LC:NCI-H460	ordinal	EX_bilirub_e	0.0	0.0	0.43894901746845355	primary	optimal
twostage-20260916T061947Z	LC:NCI-H460	ordinal	EX_cala_e	0.0	0.0	2.672740768458144	primary	optimal
twostage-20260916T061947Z	LC:NCI-H460	ordinal	EX_chol_e	-9.999999000000003	-10.0	0.33153741205707715	primary	optimal
twostage-20260916T061947Z	LC:NCI-H460	ordinal	EX_cholp_e	0.0	0.0	6.071678091942246	primary	optimal
twostage-20260916T061947Z	LC:NCI-H460	ordinal	EX_cit_e	1e-06	0.0	30.985939815501816	primary	optimal
twostage-20260916T061947Z	LC:NCI-H460	ordinal	EX_citr__L_e	0.0	0.0	14.553288040469212	primary	optimal
twostage-20260916T061947Z	LC:NCI-H460	ordinal	EX_cmp_e	0.0	0.0	0.0	primary	optimal
twostage-20260916T061947Z	LC:NCI-H460	ordinal	EX_crn_e	-0.999999	-1.0	-6.661338147750939e-16	primary	optimal
twostage-20260916T061947Z	LC:NCI-H460	ordinal	EX_cyst__L_e	0.0	0.0	3.1740161214519125	primary	optimal
twostage-20260916T061947Z	LC:NCI-H460	ordinal	EX_cytd_e	0.0	0.0	1.574935798276851	primary	optimal
twostage-20260916T061947Z	LC:NCI-H460	ordinal	EX_dad_2_e	0.0	0.0	0.8140277626581758	primary	optimal
twostage-20260916T061947Z	LC:NCI-H460	ordinal	EX_dcmp_e	0.0	0.0	1.376154210257799	primary	optimal
twostage-20260916T061947Z	LC:NCI-H460	ordinal	EX_dcyt_e	0.0	0.0	1.616368129086066	primary	optimal
twostage-20260916T061947Z	LC:NCI-H460	ordinal	EX_dhap_e	0.0	0.0	4.333139709069502	primary	optimal
twostage-20260916T061947Z	LC:NCI-H460	ordinal	EX_dmgly_e	0.0	0.0	3.9153045474347348	primary	optimal
twostage-20260916T061947Z	LC:NCI-H460	ordinal	EX_duri_e	0.0	0.0	1.5859277520170794	primary	optimal
twostage-20260916T061947Z	LC:NCI-H460	ordinal	EX_ethamp_e	0.0	0.0	6.071678091942365	primary	optimal
twostage-20260916T061947Z	LC:NCI-H460	ordinal	EX_fol_e	-9.999999	-10.0	-1.0302869668521453e-13	primary	optimal
twostage-20260916T061947Z	LC:NCI-H460	ordinal	EX_fum_e	1e-06	0.0	41.088891348866284	primary	optimal
twostage-20260916T061947Z	LC:NCI-H460	ordinal	EX_g3pc_e	0.0	0.0	2.0915702739594773	primary	optimal
twostage-20260916T061947Z	LC:NCI-H460	ordinal	EX_glc__D_e	-10.0	-10.0	-5.247311951460802	primary	optimal
twostage-20260916T061947Z	LC:NCI-H460	ordinal	EX_glcur_e	0.0	0.0	3.661579666490215	primary	optimal
twostage-20260916T061947Z	LC:NCI-H460	ordinal	EX_gln__L_e	-9.999999	-10.0	4.976799164736895	primary	optimal
twostage-20260916T061947Z	LC:NCI-H460	ordinal	EX_glu__L_e	-9.999999	-10.0	24.163070243036927	primary	optimal
twostage-20260916T061947Z	LC:NCI-H460	ordinal	EX_gly_e	-9.999999000000003	-10.0	25.65460088461601	primary	optimal
twostage-20260916T061947Z	LC:NCI-H460	ordinal	EX_glyald_e	0.0	0.0	9.32966074247562	primary	optimal
twostage-20260916T061947Z	LC:NCI-H460	ordinal	EX_glyb_e	0.0	0.0	9.897427787201766	primary	optimal
twostage-20260916T061947Z	LC:NCI-H460	ordinal	EX_glyc3p_e	0.0	0.0	4.16338720596174	primary	optimal
twostage-20260916T061947Z	LC:NCI-H460	ordinal	EX_gmp_e	0.0	0.0	0.0	primary	optimal
twostage-20260916T061947Z	LC:NCI-H460	ordinal	EX_gthox_e	0.0	0.0	5.360466405317819	primary	optimal
twostage-20260916T061947Z	LC:NCI-H460	ordinal	EX_hcys__L_e	0.0	0.0	4.550423388578721	primary	optimal
twostage-20260916T061947Z	LC:NCI-H460	ordinal	EX_hom__L_e	0.0	0.0	0.0	primary	optimal
twostage-20260916T061947Z	LC:NCI-H460	ordinal	EX_hxan_e	0.0	0.0	1.2381955856578981	primary	optimal
twostage-20260916T061947Z	LC:NCI-H460	ordinal	EX_icit_e	0.0	0.0	29.59775533365298	primary	optimal
twostage-20260916T061947Z	LC:NCI-H460	ordinal	EX_ile__L_e	-9.999999000000003	-10.0	-0.9398300444600185	primary	optimal
twostage-20260916T061947Z	LC:NCI-H460	ordinal	EX_imp_e	0.0	0.0	0.9274989648278756	primary	optimal
twostage-20260916T061947Z	LC:NCI-H460	ordinal	EX_ins_e	0.0	0.0	0.9193641221475036	primary	optimal
twostage-20260916T061947Z	LC:NCI-H460	ordinal	EX_lac__L_e	-0.999999	-1.0	54.25611458908283	primary	optimal
twostage-20260916T061947Z	LC:NCI-H460	ordinal	EX_lcts_e	0.0	0.0	1.3896252813599157	primary	optimal
twostage-20260916T061947Z	LC:NCI-H460	ordinal	EX_leu__L_e	-9.999999	-10.0	-1.7922337326704536	primary	optimal
twostage-20260916T061947Z	LC:NCI-H460	ordinal	EX_lys__L_e	-9.999999	-10.0	-1.9452265708841576	primary	optimal
twostage-20260916T061947Z	LC:NCI-H460	ordinal	EX_mal__L_e	1e-06	0.0	36.672731491425296	primary	optimal
twostage-20260916T061947Z	LC:NCI-H460	ordinal	EX_met__L_e	-9.999999	-10.0	-0.5026982632120705	primary	optimal
twostage-20260916T061947Z	LC:NCI-H460	ordinal	EX_nac_e	0.0	0.0	10.6491169656705	primary	optimal
twostage-20260916T061947Z	LC:NCI-H460	ordinal	EX_ncam_e	-9.607263050657284	-10.0	1.7763568394002505e-15	primary	optimal
twostage-20260916T061947Z	LC:NCI-H460	ordinal	EX_nicrnt_e	0.0	0.0	2.2293852671002634	primary	optimal
twostage-20260916T061947Z	LC:NCI-H460	ordinal	EX_orn_e	0.0	0.0	29.44373024780911	primary	optimal
twostage-20260916T061947Z	LC:NCI-H460	ordinal	EX_orot5p_e	0.0	0.0	1.3804015573658208	primary	optimal
twostage-20260916T061947Z	LC:NCI-H460	ordinal	EX_orot_e	0.0	0.0	3.2389783226832893	primary	optimal
twostage-20260916T061947Z	LC:NCI-H460	ordinal	EX_oxa_e	0.0	0.0	6.765852242400969	primary	optimal
twostage-20260916T061947Z	LC:NCI-H460	ordinal	EX_pep_e	0.0	0.0	6.071678091942352	primary	optimal
twostage-20260916T061947Z	LC:NCI-H460	ordinal	EX_phe__L_e	-0.8524036882104294	-10.0	-0.8524036882104298	primary	optimal
twostage-20260916T061947Z	LC:NCI-H460	ordinal	EX_pnto__R_e	0.0	-10.0	0.0500000000000016	primary	optimal
twostage-20260916T061947Z	LC:NCI-H460	ordinal	EX_pro__L_e	-1.3551019514265983	-10.0	19.470228228157858	primary	optimal
twostage-20260916T061947Z	LC:NCI-H460	ordinal	EX_quln_e	0.0	0.0	1.220462612615532	primary	optimal
twostage-20260916T061947Z	LC:NCI-H460	ordinal	EX_sbt__D_e	0.0	0.0	0.0	primary	optimal
twostage-20260916T061947Z	LC:NCI-H460	ordinal	EX_ser__L_e	-10.0	-10.0	-0.22075490482487278	primary	optimal
twostage-20260916T061947Z	LC:NCI-H460	ordinal	EX_spmd_e	0.0	0.0	1.2304237411495216	primary	optimal
twostage-20260916T061947Z	LC:NCI-H460	ordinal	EX_sprm_e	0.0	0.0	0.6243146202851296	primary	optimal
twostage-20260916T061947Z	LC:NCI-H460	ordinal	EX_srtn_e	0.0	0.0	3.602983361597185	primary	optimal
twostage-20260916T061947Z	LC:NCI-H460	ordinal	EX_succ_e	13.520013102195197	0.0	56.35203967449308	primary	optimal
twostage-20260916T061947Z	LC:NCI-H460	ordinal	EX_sucr_e	0.0	0.0	0.0	primary	optimal
twostage-20260916T061947Z	LC:NCI-H460	ordinal	EX_taur_e	0.0	0.0	3.2383686608388498	primary	optimal
twostage-20260916T061947Z	LC:NCI-H460	ordinal	EX_tchola_e	0.0	0.0	0.698943340648582	primary	optimal
twostage-20260916T061947Z	LC:NCI-H460	ordinal	EX_thr__L_e	-1.0272564007096083	-10.0	-1.027256400709608	primary	optimal
twostage-20260916T061947Z	LC:NCI-H460	ordinal	EX_thym_e	0.0	0.0	1.9944603136748025	primary	optimal
twostage-20260916T061947Z	LC:NCI-H460	ordinal	EX_thymd_e	0.0	0.0	1.315759631590134	primary	optimal
twostage-20260916T061947Z	LC:NCI-H460	ordinal	EX_trp__L_e	-0.04371317812479468	-10.0	-0.04371317812479347	primary	optimal
twostage-20260916T061947Z	LC:NCI-H460	ordinal	EX_tyr__L_e	-0.5245548522744694	-10.0	3.3315275755620095	primary	optimal
twostage-20260916T061947Z	LC:NCI-H460	ordinal	EX_ump_e	0.0	0.0	1.013985543606708	primary	optimal
twostage-20260916T061947Z	LC:NCI-H460	ordinal	EX_ura_e	0.0	0.0	2.8230269470290374	primary	optimal
twostage-20260916T061947Z	LC:NCI-H460	ordinal	EX_urate_e	0.0	0.0	1.182593189437523	primary	optimal
twostage-20260916T061947Z	LC:NCI-H460	ordinal	EX_uri_e	0.0	0.0	1.5878486837989514	primary	optimal
twostage-20260916T061947Z	LC:NCI-H460	ordinal	EX_val__L_e	-1.1583930474308344	-10.0	-1.1583926498609145	primary	optimal
twostage-20260916T061947Z	LC:NCI-H460	ordinal	EX_xan_e	0.0	0.0	1.2170563254223394	primary	optimal
twostage-20260916T061947Z	LC:NCI-H460	ordinal	EX_xmp_e	0.0	0.0	0.9143721062186377	primary	optimal
twostage-20260916T061947Z	LC:NCI-H460	ordinal	EX_xtsn_e	0.0	0.0	0.9068211388748876	primary	optimal
twostage-20260916T061947Z	LC:NCI-H522	ordinal	EX_2pg_e	0.0	0.0	6.071678091942502	primary	optimal
twostage-20260916T061947Z	LC:NCI-H522	ordinal	EX_34hpp_e	0.0	0.0	12.34053237128269	primary	optimal
twostage-20260916T061947Z	LC:NCI-H522	ordinal	EX_3hanthrn_e	0.0	0.0	1.6739688887141995	primary	optimal
twostage-20260916T061947Z	LC:NCI-H522	ordinal	EX_3pg_e	0.0	0.0	6.071678091942513	primary	optimal
twostage-20260916T061947Z	LC:NCI-H522	ordinal	EX_4abut_e	0.0	0.0	22.232801388769175	primary	optimal
twostage-20260916T061947Z	LC:NCI-H522	ordinal	EX_4hbz_e	0.0	0.0	4.473902579881811	primary	optimal
twostage-20260916T061947Z	LC:NCI-H522	ordinal	EX_L2aadp_e	0.0	0.0	8.354289685788444	primary	optimal
twostage-20260916T061947Z	LC:NCI-H522	ordinal	EX_Lkynr_e	0.0	0.0	3.3734977164588567	primary	optimal
twostage-20260916T061947Z	LC:NCI-H522	ordinal	EX_acac_e	0.0	0.0	12.176657438049858	primary	optimal
twostage-20260916T061947Z	LC:NCI-H522	ordinal	EX_ade_e	0.0	0.0	1.0004410676831388	primary	optimal
twostage-20260916T061947Z	LC:NCI-H522	ordinal	EX_adn_e	0.0	0.0	0.777711979675312	primary	optimal
twostage-20260916T061947Z	LC:NCI-H522	ordinal	EX_ahcys_e	0.0	0.0	0.7348348375502912	primary	optimal
twostage-20260916T061947Z	LC:NCI-H522	ordinal	EX_akg_e	1e-06	0.0	34.58218369380594	primary	optimal
twostage-20260916T061947Z	LC:NCI-H522	ordinal	EX_ala__L_e	1e-06	0.0	49.98413209181189	primary	optimal
twostage-20260916T061947Z	LC:NCI-H522	ordinal	EX_amp_e	0.0	0.0	0.6479607902716359	primary	optimal
twostage-20260916T061947Z	LC:NCI-H522	ordinal	EX_anth_e	0.0	0.0	3.110084283027356	primary	optimal
twostage-20260916T061947Z	LC:NCI-H522	ordinal	EX_arg__L_e	-9.999999	-10.0	2.2626953260890392	primary	optimal
twostage-20260916T061947Z	LC:NCI-H522	ordinal	EX_asn__L_e	-9.999999	-10.0	6.287388500738447	primary	optimal
twostage-20260916T061947Z	LC:NCI-H522	ordinal	EX_asp__L_e	-9.999999	-10.0	24.208137269614415	primary	optimal
twostage-20260916T061947Z	LC:NCI-H522	ordinal	EX_bilirub_e	6.183623707359598e-18	0.0	0.4074827328117391	primary	optimal
twostage-20260916T061947Z	LC:NCI-H522	ordinal	EX_cala_e	0.0	0.0	2.524220207829901	primary	optimal
twostage-20260916T061947Z	LC:NCI-H522	ordinal	EX_chol_e	-9.999999000000003	-10.0	0.2405247442407207	primary	optimal
twostage-20260916T061947Z	LC:NCI-H522	ordinal	EX_cholp_e	0.0	0.0	6.071678091942387	primary	optimal
twostage-20260916T061947Z	LC:NCI-H522	ordinal	EX_cit_e	1e-06	0.0	30.888723457642847	primary	optimal
twostage-20260916T061947Z	LC:NCI-H522	ordinal	EX_citr__L_e	0.0	0.0	13.867841352344556	primary	optimal
twostage-20260916T061947Z	LC:NCI-H522	ordinal	EX_cmp_e	0.0	0.0	0.0	primary	optimal
twostage-20260916T061947Z	LC:NCI-H522	ordinal	EX_crn_e	-0.999999	-1.0	2.220446049250313e-16	primary	optimal
twostage-20260916T061947Z	LC:NCI-H522	ordinal	EX_cyst__L_e	0.0	0.0	2.9788354945965043	primary	optimal
twostage-20260916T061947Z	LC:NCI-H522	ordinal	EX_cytd_e	0.0	0.0	1.531576126324822	primary	optimal
twostage-20260916T061947Z	LC:NCI-H522	ordinal	EX_dad_2_e	0.0	0.0	0.7759042189258119	primary	optimal
twostage-20260916T061947Z	LC:NCI-H522	ordinal	EX_dcmp_e	0.0	0.0	1.3238303917023237	primary	optimal
twostage-20260916T061947Z	LC:NCI-H522	ordinal	EX_dcyt_e	0.0	0.0	1.575285953152484	primary	optimal
twostage-20260916T061947Z	LC:NCI-H522	ordinal	EX_dhap_e	0.0	0.0	4.150092088914155	primary	optimal
twostage-20260916T061947Z	LC:NCI-H522	ordinal	EX_dmgly_e	0.0	0.0	3.669484359822447	primary	optimal
twostage-20260916T061947Z	LC:NCI-H522	ordinal	EX_duri_e	0.0	0.0	1.5378232592270469	primary	optimal
twostage-20260916T061947Z	LC:NCI-H522	ordinal	EX_ethamp_e	0.0	0.0	6.071678091942485	primary	optimal
twostage-20260916T061947Z	LC:NCI-H522	ordinal	EX_fol_e	-9.999999	-10.0	3.552713678800501e-15	primary	optimal
twostage-20260916T061947Z	LC:NCI-H522	ordinal	EX_fum_e	1e-06	0.0	40.82734114176746	primary	optimal
twostage-20260916T061947Z	LC:NCI-H522	ordinal	EX_g3pc_e	0.0	0.0	2.0015818142269546	primary	optimal
twostage-20260916T061947Z	LC:NCI-H522	ordinal	EX_glc__D_e	-10.0	-10.0	-5.305694090393789	primary	optimal
twostage-20260916T061947Z	LC:NCI-H522	ordinal	EX_glcur_e	0.0	0.0	3.399680903527203	primary	optimal
twostage-20260916T061947Z	LC:NCI-H522	ordinal	EX_gln__L_e	-9.999998999999999	-10.0	4.339708927538906	primary	optimal
twostage-20260916T061947Z	LC:NCI-H522	ordinal	EX_glu__L_e	-9.999999	-10.0	21.122596144554606	primary	optimal
twostage-20260916T061947Z	LC:NCI-H522	ordinal	EX_gly_e	-9.999999	-10.0	23.99254657678735	primary	optimal
twostage-20260916T061947Z	LC:NCI-H522	ordinal	EX_glyald_e	0.0	0.0	8.935502155253925	primary	optimal
twostage-20260916T061947Z	LC:NCI-H522	ordinal	EX_glyb_e	0.0	0.0	9.81076784638208	primary	optimal
twostage-20260916T061947Z	LC:NCI-H522	ordinal	EX_glyc3p_e	0.0	0.0	3.9929247713767615	primary	optimal
twostage-20260916T061947Z	LC:NCI-H522	ordinal	EX_gmp_e	0.0	0.0	0.0	primary	optimal
twostage-20260916T061947Z	LC:NCI-H522	ordinal	EX_gthox_e	0.0	0.0	5.225017639586119	primary	optimal
twostage-20260916T061947Z	LC:NCI-H522	ordinal	EX_hcys__L_e	0.0	0.0	4.204468324085577	primary	optimal
twostage-20260916T061947Z	LC:NCI-H522	ordinal	EX_hom__L_e	0.0	0.0	0.0	primary	optimal
twostage-20260916T061947Z	LC:NCI-H522	ordinal	EX_hxan_e	0.0	0.0	1.1763539049155396	primary	optimal
twostage-20260916T061947Z	LC:NCI-H522	ordinal	EX_icit_e	1e-06	0.0	28.625563718770387	primary	optimal
twostage-20260916T061947Z	LC:NCI-H522	ordinal	EX_ile__L_e	-9.999999	-10.0	-0.9398300444600203	primary	optimal
twostage-20260916T061947Z	LC:NCI-H522	ordinal	EX_imp_e	0.0	0.0	0.884488017216486	primary	optimal
twostage-20260916T061947Z	LC:NCI-H522	ordinal	EX_ins_e	0.0	0.0	0.8802421055460347	primary	optimal
twostage-20260916T061947Z	LC:NCI-H522	ordinal	EX_lac__L_e	-0.999999	-1.0	52.68889098759359	primary	optimal
twostage-20260916T061947Z	LC:NCI-H522	ordinal	EX_lcts_e	0.0	0.0	1.3580589396003222	primary	optimal
twostage-20260916T061947Z	LC:NCI-H522	ordinal	EX_leu__L_e	-9.999999	-10.0	-1.7922337326704998	primary	optimal
twostage-20260916T061947Z	LC:NCI-H522	ordinal	EX_lys__L_e	-9.999999000000003	-10.0	-1.9452265708841736	primary	optimal
twostage-20260916T061947Z	LC:NCI-H522	ordinal	EX_mal__L_e	1e-06	0.0	35.95730227876881	primary	optimal
twostage-20260916T061947Z	LC:NCI-H522	ordinal	EX_met__L_e	-9.999999	-10.0	-0.5026982632120713	primary	optimal
twostage-20260916T061947Z	LC:NCI-H522	ordinal	EX_nac_e	0.0	0.0	10.583439690469085	primary	optimal
twostage-20260916T061947Z	LC:NCI-H522	ordinal	EX_ncam_e	-5.146793006602054	-10.0	7.105427357601002e-15	primary	optimal
twostage-20260916T061947Z	LC:NCI-H522	ordinal	EX_nicrnt_e	0.0	0.0	2.1056724808582503	primary	optimal
twostage-20260916T061947Z	LC:NCI-H522	ordinal	EX_orn_e	0.0	0.0	28.176756518709087	primary	optimal
twostage-20260916T061947Z	LC:NCI-H522	ordinal	EX_orot5p_e	0.0	0.0	1.3238928807206294	primary	optimal
twostage-20260916T061947Z	LC:NCI-H522	ordinal	EX_orot_e	0.0	0.0	3.0891893984593697	primary	optimal
twostage-20260916T061947Z	LC:NCI-H522	ordinal	EX_oxa_e	0.0	0.0	6.282139789933936	primary	optimal
twostage-20260916T061947Z	LC:NCI-H522	ordinal	EX_pep_e	0.0	0.0	6.071678091942415	primary	optimal
twostage-20260916T061947Z	LC:NCI-H522	ordinal	EX_phe__L_e	-0.8524039192345089	-10.0	-0.8524036882104298	primary	optimal
twostage-20260916T061947Z	LC:NCI-H522	ordinal	EX_pnto__R_e	0.0	-10.0	0.05000000000000071	primary	optimal
twostage-20260916T061947Z	LC:NCI-H522	ordinal	EX_pro__L_e	-1.3551019514225013	-10.0	19.20466260154026	primary	optimal
twostage-20260916T061947Z	LC:NCI-H522	ordinal	EX_quln_e	0.0	0.0	1.122100847282354	primary	optimal
twostage-20260916T061947Z	LC:NCI-H522	ordinal	EX_sbt__D_e	0.0	0.0	0.0	primary	optimal
twostage-20260916T061947Z	LC:NCI-H522	ordinal	EX_ser__L_e	-10.0	-10.0	-0.7503541318055149	primary	optimal
twostage-20260916T061947Z	LC:NCI-H522	ordinal	EX_spmd_e	0.0	0.0	1.1506749616338532	primary	optimal
twostage-20260916T061947Z	LC:NCI-H522	ordinal	EX_sprm_e	0.0	0.0	0.5831085567909692	primary	optimal
twostage-20260916T061947Z	LC:NCI-H522	ordinal	EX_srtn_e	0.0	0.0	3.3087695365534993	primary	optimal
twostage-20260916T061947Z	LC:NCI-H522	ordinal	EX_succ_e	18.513762126459994	0.0	55.5132926146158	primary	optimal
twostage-20260916T061947Z	LC:NCI-H522	ordinal	EX_sucr_e	0.0	0.0	0.0	primary	optimal
twostage-20260916T061947Z	LC:NCI-H522	ordinal	EX_taur_e	0.0	0.0	2.9719570768325556	primary	optimal
twostage-20260916T061947Z	LC:NCI-H522	ordinal	EX_tchola_e	0.0	0.0	0.6442255335108593	primary	optimal
twostage-20260916T061947Z	LC:NCI-H522	ordinal	EX_thr__L_e	-1.027256400709608	-10.0	-1.0272564007096046	primary	optimal
twostage-20260916T061947Z	LC:NCI-H522	ordinal	EX_thym_e	0.0	0.0	1.9115259035777086	primary	optimal
twostage-20260916T061947Z	LC:NCI-H522	ordinal	EX_thymd_e	0.0	0.0	1.266754512615747	primary	optimal
twostage-20260916T061947Z	LC:NCI-H522	ordinal	EX_trp__L_e	-0.04371317812479468	-10.0	-0.04371317812479525	primary	optimal
twostage-20260916T061947Z	LC:NCI-H522	ordinal	EX_tyr__L_e	-0.5245548522744694	-10.0	3.0688934191871042	primary	optimal
twostage-20260916T061947Z	LC:NCI-H522	ordinal	EX_ump_e	0.0	0.0	0.9723384747724448	primary	optimal
twostage-20260916T061947Z	LC:NCI-H522	ordinal	EX_ura_e	0.0	0.0	2.7029314850513955	primary	optimal
twostage-20260916T061947Z	LC:NCI-H522	ordinal	EX_urate_e	0.0	0.0	1.1209357428073499	primary	optimal
twostage-20260916T061947Z	LC:NCI-H522	ordinal	EX_uri_e	0.0	0.0	1.5360223430197824	primary	optimal
twostage-20260916T061947Z	LC:NCI-H522	ordinal	EX_val__L_e	-1.158392714961747	-10.0	-1.1583926498609323	primary	optimal
twostage-20260916T061947Z	LC:NCI-H522	ordinal	EX_xan_e	0.0	0.0	1.1527193557854936	primary	optimal
twostage-20260916T061947Z	LC:NCI-H522	ordinal	EX_xmp_e	0.0	0.0	0.8710191169683862	primary	optimal
twostage-20260916T061947Z	LC:NCI-H522	ordinal	EX_xtsn_e	0.0	0.0	0.8662027627095537	primary	optimal
twostage-20260916T061947Z	LE:CCRF-CEM	ordinal	EX_2pg_e	0.0	0.0	6.071678091942518	primary	optimal
twostage-20260916T061947Z	LE:CCRF-CEM	ordinal	EX_34hpp_e	0.0	0.0	12.242759479455641	primary	optimal
twostage-20260916T061947Z	LE:CCRF-CEM	ordinal	EX_3hanthrn_e	0.0	0.0	1.6663331962803063	primary	optimal
twostage-20260916T061947Z	LE:CCRF-CEM	ordinal	EX_3pg_e	0.0	0.0	6.071678091942509	primary	optimal
twostage-20260916T061947Z	LE:CCRF-CEM	ordinal	EX_4abut_e	0.0	0.0	22.839090049759726	primary	optimal
twostage-20260916T061947Z	LE:CCRF-CEM	ordinal	EX_4hbz_e	0.0	0.0	4.404909516176908	primary	optimal
twostage-20260916T061947Z	LE:CCRF-CEM	ordinal	EX_L2aadp_e	0.0	0.0	8.334536290797812	primary	optimal
twostage-20260916T061947Z	LE:CCRF-CEM	ordinal	EX_Lkynr_e	0.0	0.0	3.35242413162059	primary	optimal
twostage-20260916T061947Z	LE:CCRF-CEM	ordinal	EX_acac_e	0.0	0.0	12.2867112146452	primary	optimal
twostage-20260916T061947Z	LE:CCRF-CEM	ordinal	EX_ade_e	0.0	0.0	0.9783415693153681	primary	optimal
twostage-20260916T061947Z	LE:CCRF-CEM	ordinal	EX_adn_e	0.0	0.0	0.7607900845739356	primary	optimal
twostage-20260916T061947Z	LE:CCRF-CEM	ordinal	EX_ahcys_e	0.0	0.0	0.7185048181724637	primary	optimal
twostage-20260916T061947Z	LE:CCRF-CEM	ordinal	EX_akg_e	1e-06	0.0	34.85236111606005	primary	optimal
twostage-20260916T061947Z	LE:CCRF-CEM	ordinal	EX_ala__L_e	1e-06	0.0	48.89337838852526	primary	optimal
twostage-20260916T061947Z	LE:CCRF-CEM	ordinal	EX_amp_e	0.0	0.0	0.6350930819747336	primary	optimal
twostage-20260916T061947Z	LE:CCRF-CEM	ordinal	EX_anth_e	0.0	0.0	3.0938327734464846	primary	optimal
twostage-20260916T061947Z	LE:CCRF-CEM	ordinal	EX_arg__L_e	-9.999999	-10.0	2.0492850508525833	primary	optimal
twostage-20260916T061947Z	LE:CCRF-CEM	ordinal	EX_asn__L_e	-9.999999	-10.0	5.952076483626244	primary	optimal
twostage-20260916T061947Z	LE:CCRF-CEM	ordinal	EX_asp__L_e	-9.999999	-10.0	24.03912842803991	primary	optimal
twostage-20260916T061947Z	LE:CCRF-CEM	ordinal	EX_bilirub_e	0.0	0.0	0.40057232722834873	primary	optimal
twostage-20260916T061947Z	LE:CCRF-CEM	ordinal	EX_cala_e	0.0	0.0	2.462851161781503	primary	optimal
twostage-20260916T061947Z	LE:CCRF-CEM	ordinal	EX_chol_e	-9.999999	-10.0	0.24121946485632792	primary	optimal
twostage-20260916T061947Z	LE:CCRF-CEM	ordinal	EX_cholp_e	0.0	0.0	6.043193849803093	primary	optimal
twostage-20260916T061947Z	LE:CCRF-CEM	ordinal	EX_cit_e	1e-06	0.0	30.79035841248874	primary	optimal
twostage-20260916T061947Z	LE:CCRF-CEM	ordinal	EX_citr__L_e	0.0	0.0	13.493809138425465	primary	optimal
twostage-20260916T061947Z	LE:CCRF-CEM	ordinal	EX_cmp_e	0.0	0.0	0.0	primary	optimal
twostage-20260916T061947Z	LE:CCRF-CEM	ordinal	EX_crn_e	-0.9999989999999999	-1.0	6.661338147750939e-16	primary	optimal
twostage-20260916T061947Z	LE:CCRF-CEM	ordinal	EX_cyst__L_e	0.0	0.0	2.8934128662559377	primary	optimal
twostage-20260916T061947Z	LE:CCRF-CEM	ordinal	EX_cytd_e	0.0	0.0	1.4694399314538458	primary	optimal
twostage-20260916T061947Z	LE:CCRF-CEM	ordinal	EX_dad_2_e	0.0	0.0	0.7580210315535089	primary	optimal
twostage-20260916T061947Z	LE:CCRF-CEM	ordinal	EX_dcmp_e	0.0	0.0	1.2730962780541053	primary	optimal
twostage-20260916T061947Z	LE:CCRF-CEM	ordinal	EX_dcyt_e	0.0	0.0	1.4987279239691067	primary	optimal
twostage-20260916T061947Z	LE:CCRF-CEM	ordinal	EX_dhap_e	0.0	0.0	4.043186901072526	primary	optimal
twostage-20260916T061947Z	LE:CCRF-CEM	ordinal	EX_dmgly_e	0.0	0.0	3.5336164955941776	primary	optimal
twostage-20260916T061947Z	LE:CCRF-CEM	ordinal	EX_duri_e	0.0	0.0	1.4738051238302425	primary	optimal
twostage-20260916T061947Z	LE:CCRF-CEM	ordinal	EX_ethamp_e	0.0	0.0	6.0716780919423945	primary	optimal
twostage-20260916T061947Z	LE:CCRF-CEM	ordinal	EX_fol_e	-9.999999	-10.0	2.3092638912203256e-14	primary	optimal
twostage-20260916T061947Z	LE:CCRF-CEM	ordinal	EX_fum_e	1e-06	0.0	40.33140711277639	primary	optimal
twostage-20260916T061947Z	LE:CCRF-CEM	ordinal	EX_g3pc_e	0.0	0.0	1.9475817032480733	primary	optimal
twostage-20260916T061947Z	LE:CCRF-CEM	ordinal	EX_glc__D_e	-10.0	-10.0	-5.395651193705375	primary	optimal
twostage-20260916T061947Z	LE:CCRF-CEM	ordinal	EX_glcur_e	0.0	0.0	3.3814044794108633	primary	optimal
twostage-20260916T061947Z	LE:CCRF-CEM	ordinal	EX_gln__L_e	-9.999999	-10.0	4.296344544031127	primary	optimal
twostage-20260916T061947Z	LE:CCRF-CEM	ordinal	EX_glu__L_e	-9.999999	-10.0	21.80462903889895	primary	optimal
twostage-20260916T061947Z	LE:CCRF-CEM	ordinal	EX_gly_e	-9.999999	-10.0	23.883521286345367	primary	optimal
twostage-20260916T061947Z	LE:CCRF-CEM	ordinal	EX_glyald_e	0.0	0.0	8.79723346655123	primary	optimal
twostage-20260916T061947Z	LE:CCRF-CEM	ordinal	EX_glyb_e	0.0	0.0	9.749047483996518	primary	optimal
twostage-20260916T061947Z	LE:CCRF-CEM	ordinal	EX_glyc3p_e	0.0	0.0	3.8806652569166173	primary	optimal
twostage-20260916T061947Z	LE:CCRF-CEM	ordinal	EX_gmp_e	0.0	0.0	0.0	primary	optimal
twostage-20260916T061947Z	LE:CCRF-CEM	ordinal	EX_gthox_e	0.0	0.0	5.19874336276214	primary	optimal
twostage-20260916T061947Z	LE:CCRF-CEM	ordinal	EX_hcys__L_e	0.0	0.0	4.1397435126809565	primary	optimal
twostage-20260916T061947Z	LE:CCRF-CEM	ordinal	EX_hom__L_e	0.0	0.0	0.0	primary	optimal
twostage-20260916T061947Z	LE:CCRF-CEM	ordinal	EX_hxan_e	0.0	0.0	1.1513270069514154	primary	optimal
twostage-20260916T061947Z	LE:CCRF-CEM	ordinal	EX_icit_e	1e-06	0.0	27.8064855975266	primary	optimal
twostage-20260916T061947Z	LE:CCRF-CEM	ordinal	EX_ile__L_e	-9.999999	-10.0	-0.9398300444600229	primary	optimal
twostage-20260916T061947Z	LE:CCRF-CEM	ordinal	EX_imp_e	0.0	0.0	0.8663306856818767	primary	optimal
twostage-20260916T061947Z	LE:CCRF-CEM	ordinal	EX_ins_e	0.0	0.0	0.861388476381204	primary	optimal
twostage-20260916T061947Z	LE:CCRF-CEM	ordinal	EX_lac__L_e	-0.999999	-1.0	51.53543176827942	primary	optimal
twostage-20260916T061947Z	LE:CCRF-CEM	ordinal	EX_lcts_e	0.0	0.0	1.2988465486062517	primary	optimal
twostage-20260916T061947Z	LE:CCRF-CEM	ordinal	EX_leu__L_e	-9.999999	-10.0	-1.7922337326704483	primary	optimal
twostage-20260916T061947Z	LE:CCRF-CEM	ordinal	EX_lys__L_e	-9.999999	-10.0	-1.945226570884163	primary	optimal
twostage-20260916T061947Z	LE:CCRF-CEM	ordinal	EX_mal__L_e	1e-06	0.0	35.388884483214724	primary	optimal
twostage-20260916T061947Z	LE:CCRF-CEM	ordinal	EX_met__L_e	-9.999999	-10.0	-0.502698263212066	primary	optimal
twostage-20260916T061947Z	LE:CCRF-CEM	ordinal	EX_nac_e	-8.869206419563306e-15	0.0	10.53274306155675	primary	optimal
twostage-20260916T061947Z	LE:CCRF-CEM	ordinal	EX_ncam_e	-2.14706010750732	-10.0	-7.105427357601002e-15	primary	optimal
twostage-20260916T061947Z	LE:CCRF-CEM	ordinal	EX_nicrnt_e	0.0	0.0	2.04414271644442	primary	optimal
twostage-20260916T061947Z	LE:CCRF-CEM	ordinal	EX_orn_e	0.0	0.0	24.28884483998669	primary	optimal
twostage-20260916T061947Z	LE:CCRF-CEM	ordinal	EX_orot5p_e	0.0	0.0	1.2790477311407946	primary	optimal
twostage-20260916T061947Z	LE:CCRF-CEM	ordinal	EX_orot_e	0.0	0.0	2.9873853068382696	primary	optimal
twostage-20260916T061947Z	LE:CCRF-CEM	ordinal	EX_oxa_e	0.0	0.0	6.090195122169546	primary	optimal
twostage-20260916T061947Z	LE:CCRF-CEM	ordinal	EX_pep_e	0.0	0.0	6.071678091942329	primary	optimal
twostage-20260916T061947Z	LE:CCRF-CEM	ordinal	EX_phe__L_e	-0.8524039955065764	-10.0	-0.8524036882105115	primary	optimal
twostage-20260916T061947Z	LE:CCRF-CEM	ordinal	EX_pnto__R_e	0.0	-10.0	0.049999999999988276	primary	optimal
twostage-20260916T061947Z	LE:CCRF-CEM	ordinal	EX_pro__L_e	-1.3551019514225016	-10.0	16.753641936061822	primary	optimal
twostage-20260916T061947Z	LE:CCRF-CEM	ordinal	EX_quln_e	0.0	0.0	1.1169084102002367	primary	optimal
twostage-20260916T061947Z	LE:CCRF-CEM	ordinal	EX_sbt__D_e	0.0	0.0	0.0	primary	optimal
twostage-20260916T061947Z	LE:CCRF-CEM	ordinal	EX_ser__L_e	-10.0	-10.0	-0.6922546678535838	primary	optimal
twostage-20260916T061947Z	LE:CCRF-CEM	ordinal	EX_spmd_e	0.0	0.0	1.1081548396582683	primary	optimal
twostage-20260916T061947Z	LE:CCRF-CEM	ordinal	EX_sprm_e	0.0	0.0	0.5654569586601413	primary	optimal
twostage-20260916T061947Z	LE:CCRF-CEM	ordinal	EX_srtn_e	0.0	0.0	3.301784753431237	primary	optimal
twostage-20260916T061947Z	LE:CCRF-CEM	ordinal	EX_succ_e	25.83201983581413	0.0	56.21237694137036	primary	optimal
twostage-20260916T061947Z	LE:CCRF-CEM	ordinal	EX_sucr_e	0.0	0.0	0.0	primary	optimal
twostage-20260916T061947Z	LE:CCRF-CEM	ordinal	EX_taur_e	0.0	0.0	2.974450250691195	primary	optimal
twostage-20260916T061947Z	LE:CCRF-CEM	ordinal	EX_tchola_e	0.0	0.0	0.6437081931282411	primary	optimal
twostage-20260916T061947Z	LE:CCRF-CEM	ordinal	EX_thr__L_e	-1.0272564007096083	-10.0	-1.0272564007096072	primary	optimal
twostage-20260916T061947Z	LE:CCRF-CEM	ordinal	EX_thym_e	0.0	0.0	1.8334703189224788	primary	optimal
twostage-20260916T061947Z	LE:CCRF-CEM	ordinal	EX_thymd_e	0.0	0.0	1.2235986386836195	primary	optimal
twostage-20260916T061947Z	LE:CCRF-CEM	ordinal	EX_trp__L_e	-0.04371317812479467	-10.0	-0.043713178124811236	primary	optimal
twostage-20260916T061947Z	LE:CCRF-CEM	ordinal	EX_tyr__L_e	-0.5245548522744695	-10.0	3.0606937811453094	primary	optimal
twostage-20260916T061947Z	LE:CCRF-CEM	ordinal	EX_ump_e	0.0	0.0	0.9420038215002041	primary	optimal
twostage-20260916T061947Z	LE:CCRF-CEM	ordinal	EX_ura_e	0.0	0.0	2.5756400619596094	primary	optimal
twostage-20260916T061947Z	LE:CCRF-CEM	ordinal	EX_urate_e	0.0	0.0	1.1013249950760065	primary	optimal
twostage-20260916T061947Z	LE:CCRF-CEM	ordinal	EX_uri_e	0.0	0.0	1.4846018924141022	primary	optimal
twostage-20260916T061947Z	LE:CCRF-CEM	ordinal	EX_val__L_e	-1.158392660017347	-10.0	-1.1583926498609198	primary	optimal
twostage-20260916T061947Z	LE:CCRF-CEM	ordinal	EX_xan_e	0.0	0.0	1.1323593940398415	primary	optimal
twostage-20260916T061947Z	LE:CCRF-CEM	ordinal	EX_xmp_e	0.0	0.0	0.8538962189922092	primary	optimal
twostage-20260916T061947Z	LE:CCRF-CEM	ordinal	EX_xtsn_e	0.0	0.0	0.8490370187412032	primary	optimal
twostage-20260916T061947Z	LE:HL-60(TB)	ordinal	EX_2pg_e	0.0	0.0	6.071678091942497	primary	optimal
twostage-20260916T061947Z	LE:HL-60(TB)	ordinal	EX_34hpp_e	0.0	0.0	12.463847643431224	primary	optimal
twostage-20260916T061947Z	LE:HL-60(TB)	ordinal	EX_3hanthrn_e	0.0	0.0	1.773140738262769	primary	optimal
twostage-20260916T061947Z	LE:HL-60(TB)	ordinal	EX_3pg_e	0.0	0.0	6.071678091942359	primary	optimal
twostage-20260916T061947Z	LE:HL-60(TB)	ordinal	EX_4abut_e	0.0	0.0	22.305438955405297	primary	optimal
twostage-20260916T061947Z	LE:HL-60(TB)	ordinal	EX_4hbz_e	0.0	0.0	4.817707386542861	primary	optimal
twostage-20260916T061947Z	LE:HL-60(TB)	ordinal	EX_L2aadp_e	0.0	0.0	8.415624649940861	primary	optimal
twostage-20260916T061947Z	LE:HL-60(TB)	ordinal	EX_Lkynr_e	0.0	0.0	3.589923348658072	primary	optimal
twostage-20260916T061947Z	LE:HL-60(TB)	ordinal	EX_acac_e	0.0	0.0	13.24772886939665	primary	optimal
twostage-20260916T061947Z	LE:HL-60(TB)	ordinal	EX_ade_e	0.0	0.0	1.077308820149729	primary	optimal
twostage-20260916T061947Z	LE:HL-60(TB)	ordinal	EX_adn_e	0.0	0.0	0.8297008320487343	primary	optimal
twostage-20260916T061947Z	LE:HL-60(TB)	ordinal	EX_ahcys_e	0.0	0.0	0.7901577564941964	primary	optimal
twostage-20260916T061947Z	LE:HL-60(TB)	ordinal	EX_akg_e	0.0	0.0	35.528152704785406	primary	optimal
twostage-20260916T061947Z	LE:HL-60(TB)	ordinal	EX_ala__L_e	1e-06	0.0	49.50821086388148	primary	optimal
twostage-20260916T061947Z	LE:HL-60(TB)	ordinal	EX_amp_e	0.0	0.0	0.6914169908028173	primary	optimal
twostage-20260916T061947Z	LE:HL-60(TB)	ordinal	EX_anth_e	0.0	0.0	3.325718118039237	primary	optimal
twostage-20260916T061947Z	LE:HL-60(TB)	ordinal	EX_arg__L_e	-9.999999	-10.0	2.3868946480777233	primary	optimal
twostage-20260916T061947Z	LE:HL-60(TB)	ordinal	EX_asn__L_e	-9.999999	-10.0	6.625987082665062	primary	optimal
twostage-20260916T061947Z	LE:HL-60(TB)	ordinal	EX_asp__L_e	-9.999999	-10.0	25.69072857868528	primary	optimal
twostage-20260916T061947Z	LE:HL-60(TB)	ordinal	EX_bilirub_e	0.0	0.0	0.4357838658619213	primary	optimal
twostage-20260916T061947Z	LE:HL-60(TB)	ordinal	EX_cala_e	0.0	0.0	2.654027659282175	primary	optimal
twostage-20260916T061947Z	LE:HL-60(TB)	ordinal	EX_chol_e	-9.999999	-10.0	0.34669655903773017	primary	optimal
twostage-20260916T061947Z	LE:HL-60(TB)	ordinal	EX_cholp_e	0.0	0.0	6.071678091942491	primary	optimal
twostage-20260916T061947Z	LE:HL-60(TB)	ordinal	EX_cit_e	1e-06	0.0	31.042059578275364	primary	optimal
twostage-20260916T061947Z	LE:HL-60(TB)	ordinal	EX_citr__L_e	0.0	0.0	13.926180559175602	primary	optimal
twostage-20260916T061947Z	LE:HL-60(TB)	ordinal	EX_cmp_e	0.0	0.0	0.0	primary	optimal
twostage-20260916T061947Z	LE:HL-60(TB)	ordinal	EX_crn_e	-0.9999990000000001	-1.0	2.6645352591003757e-15	primary	optimal
twostage-20260916T061947Z	LE:HL-60(TB)	ordinal	EX_cyst__L_e	0.0	0.0	3.2282887693323845	primary	optimal
twostage-20260916T061947Z	LE:HL-60(TB)	ordinal	EX_cytd_e	0.0	0.0	1.617109470537857	primary	optimal
twostage-20260916T061947Z	LE:HL-60(TB)	ordinal	EX_dad_2_e	0.0	0.0	0.8273812363152351	primary	optimal
twostage-20260916T061947Z	LE:HL-60(TB)	ordinal	EX_dcmp_e	0.0	0.0	1.3985775623495007	primary	optimal
twostage-20260916T061947Z	LE:HL-60(TB)	ordinal	EX_dcyt_e	0.0	0.0	1.663804867390126	primary	optimal
twostage-20260916T061947Z	LE:HL-60(TB)	ordinal	EX_dhap_e	0.0	0.0	4.337390991565808	primary	optimal
twostage-20260916T061947Z	LE:HL-60(TB)	ordinal	EX_dmgly_e	0.0	0.0	3.9434354402848952	primary	optimal
twostage-20260916T061947Z	LE:HL-60(TB)	ordinal	EX_duri_e	0.0	0.0	1.6245895760705265	primary	optimal
twostage-20260916T061947Z	LE:HL-60(TB)	ordinal	EX_ethamp_e	0.0	0.0	6.071678091942516	primary	optimal
twostage-20260916T061947Z	LE:HL-60(TB)	ordinal	EX_fol_e	-9.999999	-10.0	-1.3322676295501878e-14	primary	optimal
twostage-20260916T061947Z	LE:HL-60(TB)	ordinal	EX_fum_e	1e-06	0.0	41.428470809276476	primary	optimal
twostage-20260916T061947Z	LE:HL-60(TB)	ordinal	EX_g3pc_e	0.0	0.0	2.091437925992898	primary	optimal
twostage-20260916T061947Z	LE:HL-60(TB)	ordinal	EX_glc__D_e	-10.0	-10.0	-4.899485862745767	primary	optimal
twostage-20260916T061947Z	LE:HL-60(TB)	ordinal	EX_glcur_e	0.0	0.0	3.595015154668726	primary	optimal
twostage-20260916T061947Z	LE:HL-60(TB)	ordinal	EX_gln__L_e	-9.999999	-10.0	4.852768064513321	primary	optimal
twostage-20260916T061947Z	LE:HL-60(TB)	ordinal	EX_glu__L_e	-9.999998999999999	-10.0	23.056665346223177	primary	optimal
twostage-20260916T061947Z	LE:HL-60(TB)	ordinal	EX_gly_e	-9.999999	-10.0	26.517733610684974	primary	optimal
twostage-20260916T061947Z	LE:HL-60(TB)	ordinal	EX_glyald_e	0.0	0.0	9.609534329945687	primary	optimal
twostage-20260916T061947Z	LE:HL-60(TB)	ordinal	EX_glyb_e	0.0	0.0	9.855175502121051	primary	optimal
twostage-20260916T061947Z	LE:HL-60(TB)	ordinal	EX_glyc3p_e	0.0	0.0	4.167307469554191	primary	optimal
twostage-20260916T061947Z	LE:HL-60(TB)	ordinal	EX_gmp_e	0.0	0.0	0.0	primary	optimal
twostage-20260916T061947Z	LE:HL-60(TB)	ordinal	EX_gthox_e	0.0	0.0	5.308466269973021	primary	optimal
twostage-20260916T061947Z	LE:HL-60(TB)	ordinal	EX_hcys__L_e	0.0	0.0	4.6220742163575945	primary	optimal
twostage-20260916T061947Z	LE:HL-60(TB)	ordinal	EX_hom__L_e	0.0	0.0	0.0	primary	optimal
twostage-20260916T061947Z	LE:HL-60(TB)	ordinal	EX_hxan_e	0.0	0.0	1.2726074984898739	primary	optimal
twostage-20260916T061947Z	LE:HL-60(TB)	ordinal	EX_icit_e	1e-06	0.0	30.31443883523112	primary	optimal
twostage-20260916T061947Z	LE:HL-60(TB)	ordinal	EX_ile__L_e	-9.999999	-10.0	-0.9398300444600327	primary	optimal
twostage-20260916T061947Z	LE:HL-60(TB)	ordinal	EX_imp_e	0.0	0.0	0.9433390388949214	primary	optimal
twostage-20260916T061947Z	LE:HL-60(TB)	ordinal	EX_ins_e	0.0	0.0	0.9408044852337185	primary	optimal
twostage-20260916T061947Z	LE:HL-60(TB)	ordinal	EX_lac__L_e	-0.999999	-1.0	53.43564246625644	primary	optimal
twostage-20260916T061947Z	LE:HL-60(TB)	ordinal	EX_lcts_e	0.0	0.0	1.4266269522671162	primary	optimal
twostage-20260916T061947Z	LE:HL-60(TB)	ordinal	EX_leu__L_e	-9.999999	-10.0	-1.7922337326704518	primary	optimal
twostage-20260916T061947Z	LE:HL-60(TB)	ordinal	EX_lys__L_e	-9.999999	-10.0	-1.94522657088417	primary	optimal
twostage-20260916T061947Z	LE:HL-60(TB)	ordinal	EX_mal__L_e	1e-06	0.0	36.981289898024166	primary	optimal
twostage-20260916T061947Z	LE:HL-60(TB)	ordinal	EX_met__L_e	-9.999999	-10.0	-0.5026982632120687	primary	optimal
twostage-20260916T061947Z	LE:HL-60(TB)	ordinal	EX_nac_e	7.814011644269133e-15	0.0	10.639906419014785	primary	optimal
twostage-20260916T061947Z	LE:HL-60(TB)	ordinal	EX_ncam_e	-9.999999	-10.0	8.881784197001252e-15	primary	optimal
twostage-20260916T061947Z	LE:HL-60(TB)	ordinal	EX_nicrnt_e	0.0	0.0	2.2558108374423655	primary	optimal
twostage-20260916T061947Z	LE:HL-60(TB)	ordinal	EX_orn_e	0.0	0.0	25.06951902338381	primary	optimal
twostage-20260916T061947Z	LE:HL-60(TB)	ordinal	EX_orot5p_e	0.0	0.0	1.4049414792079453	primary	optimal
twostage-20260916T061947Z	LE:HL-60(TB)	ordinal	EX_orot_e	0.0	0.0	3.27480883108997	primary	optimal
twostage-20260916T061947Z	LE:HL-60(TB)	ordinal	EX_oxa_e	0.0	0.0	6.5706342205268715	primary	optimal
twostage-20260916T061947Z	LE:HL-60(TB)	ordinal	EX_pep_e	0.0	0.0	6.0716780919424185	primary	optimal
twostage-20260916T061947Z	LE:HL-60(TB)	ordinal	EX_phe__L_e	-8.058461327362338	-10.0	-0.8524036882104173	primary	optimal
twostage-20260916T061947Z	LE:HL-60(TB)	ordinal	EX_pnto__R_e	0.0	-10.0	0.05000000000000959	primary	optimal
twostage-20260916T061947Z	LE:HL-60(TB)	ordinal	EX_pro__L_e	-1.355101951422502	-10.0	18.37627788227782	primary	optimal
twostage-20260916T061947Z	LE:HL-60(TB)	ordinal	EX_quln_e	0.0	0.0	1.1873615311099082	primary	optimal
twostage-20260916T061947Z	LE:HL-60(TB)	ordinal	EX_sbt__D_e	0.0	0.0	0.0	primary	optimal
twostage-20260916T061947Z	LE:HL-60(TB)	ordinal	EX_ser__L_e	-10.0	-10.0	0.6012659160482537	primary	optimal
twostage-20260916T061947Z	LE:HL-60(TB)	ordinal	EX_spmd_e	0.0	0.0	1.21930847424835	primary	optimal
twostage-20260916T061947Z	LE:HL-60(TB)	ordinal	EX_sprm_e	0.0	0.0	0.6226382759186693	primary	optimal
twostage-20260916T061947Z	LE:HL-60(TB)	ordinal	EX_srtn_e	0.0	0.0	3.511714740065192	primary	optimal
twostage-20260916T061947Z	LE:HL-60(TB)	ordinal	EX_succ_e	13.520013113251531	0.0	57.70691725437525	primary	optimal
twostage-20260916T061947Z	LE:HL-60(TB)	ordinal	EX_sucr_e	0.0	0.0	0.0	primary	optimal
twostage-20260916T061947Z	LE:HL-60(TB)	ordinal	EX_taur_e	0.0	0.0	3.2030892567619715	primary	optimal
twostage-20260916T061947Z	LE:HL-60(TB)	ordinal	EX_tchola_e	0.0	0.0	0.6909883103878582	primary	optimal
twostage-20260916T061947Z	LE:HL-60(TB)	ordinal	EX_thr__L_e	-1.0272564007096083	-10.0	-1.0272564007096356	primary	optimal
twostage-20260916T061947Z	LE:HL-60(TB)	ordinal	EX_thym_e	0.0	0.0	2.030319811631984	primary	optimal
twostage-20260916T061947Z	LE:HL-60(TB)	ordinal	EX_thymd_e	0.0	0.0	1.3456091786181696	primary	optimal
twostage-20260916T061947Z	LE:HL-60(TB)	ordinal	EX_trp__L_e	-0.04371317812479469	-10.0	-0.043713178124777485	primary	optimal
twostage-20260916T061947Z	LE:HL-60(TB)	ordinal	EX_tyr__L_e	-0.5245548522744695	-10.0	3.2377472027588836	primary	optimal
twostage-20260916T061947Z	LE:HL-60(TB)	ordinal	EX_ump_e	0.0	0.0	1.0325747421473328	primary	optimal
twostage-20260916T061947Z	LE:HL-60(TB)	ordinal	EX_ura_e	0.0	0.0	2.8567342890510807	primary	optimal
twostage-20260916T061947Z	LE:HL-60(TB)	ordinal	EX_urate_e	0.0	0.0	1.2148042715009746	primary	optimal
twostage-20260916T061947Z	LE:HL-60(TB)	ordinal	EX_uri_e	0.0	0.0	1.6284565488370024	primary	optimal
twostage-20260916T061947Z	LE:HL-60(TB)	ordinal	EX_val__L_e	-1.158393117830873	-10.0	-1.1583926498609145	primary	optimal
twostage-20260916T061947Z	LE:HL-60(TB)	ordinal	EX_xan_e	0.0	0.0	1.249315420776748	primary	optimal
twostage-20260916T061947Z	LE:HL-60(TB)	ordinal	EX_xmp_e	0.0	0.0	0.9310102580376787	primary	optimal
twostage-20260916T061947Z	LE:HL-60(TB)	ordinal	EX_xtsn_e	0.0	0.0	0.9270959068837811	primary	optimal
twostage-20260916T061947Z	LE:K-562	ordinal	EX_2pg_e	0.0	0.0	6.0421091971363134	primary	optimal
twostage-20260916T061947Z	LE:K-562	ordinal	EX_34hpp_e	0.0	0.0	12.229991928176895	primary	optimal
twostage-20260916T061947Z	LE:K-562	ordinal	EX_3hanthrn_e	0.0	0.0	1.6411651129731064	primary	optimal
twostage-20260916T061947Z	LE:K-562	ordinal	EX_3pg_e	0.0	0.0	6.056945534520002	primary	optimal
twostage-20260916T061947Z	LE:K-562	ordinal	EX_4abut_e	0.0	0.0	25.135386887608018	primary	optimal
twostage-20260916T061947Z	LE:K-562	ordinal	EX_4hbz_e	0.0	0.0	4.112990076050673	primary	optimal
twostage-20260916T061947Z	LE:K-562	ordinal	EX_L2aadp_e	0.0	0.0	8.28334888569706	primary	optimal
twostage-20260916T061947Z	LE:K-562	ordinal	EX_Lkynr_e	0.0	0.0	3.3059014085345235	primary	optimal
twostage-20260916T061947Z	LE:K-562	ordinal	EX_acac_e	0.0	0.0	11.823765391734023	primary	optimal
twostage-20260916T061947Z	LE:K-562	ordinal	EX_ade_e	0.0	0.0	0.9158848762923173	primary	optimal
twostage-20260916T061947Z	LE:K-562	ordinal	EX_adn_e	0.0	0.0	0.7116082561814383	primary	optimal
twostage-20260916T061947Z	LE:K-562	ordinal	EX_ahcys_e	0.0	0.0	0.6747479573315533	primary	optimal
twostage-20260916T061947Z	LE:K-562	ordinal	EX_akg_e	0.0	0.0	34.889214440433314	primary	optimal
twostage-20260916T061947Z	LE:K-562	ordinal	EX_ala__L_e	1e-06	0.0	44.99192807640906	primary	optimal
twostage-20260916T061947Z	LE:K-562	ordinal	EX_amp_e	0.0	0.0	0.6006987543511425	primary	optimal
twostage-20260916T061947Z	LE:K-562	ordinal	EX_anth_e	0.0	0.0	3.0251231518292157	primary	optimal
twostage-20260916T061947Z	LE:K-562	ordinal	EX_arg__L_e	-9.999999000000003	-10.0	1.905271945015693	primary	optimal
twostage-20260916T061947Z	LE:K-562	ordinal	EX_asn__L_e	-9.999999	-10.0	5.845952708161533	primary	optimal
twostage-20260916T061947Z	LE:K-562	ordinal	EX_asp__L_e	-9.999999	-10.0	23.097732102029866	primary	optimal
twostage-20260916T061947Z	LE:K-562	ordinal	EX_bilirub_e	0.0	0.0	0.4033414099966663	primary	optimal
twostage-20260916T061947Z	LE:K-562	ordinal	EX_cala_e	0.0	0.0	2.2474026928520017	primary	optimal
twostage-20260916T061947Z	LE:K-562	ordinal	EX_chol_e	-9.999999	-10.0	0.222402318998171	primary	optimal
twostage-20260916T061947Z	LE:K-562	ordinal	EX_cholp_e	0.0	0.0	5.984318368963723	primary	optimal
twostage-20260916T061947Z	LE:K-562	ordinal	EX_cit_e	1e-06	0.0	29.832785577854235	primary	optimal
twostage-20260916T061947Z	LE:K-562	ordinal	EX_citr__L_e	0.0	0.0	12.957413839546678	primary	optimal
twostage-20260916T061947Z	LE:K-562	ordinal	EX_cmp_e	0.0	0.0	0.0	primary	optimal
twostage-20260916T061947Z	LE:K-562	ordinal	EX_crn_e	-0.9999990000000001	-1.0	-3.3306690738754696e-16	primary	optimal
twostage-20260916T061947Z	LE:K-562	ordinal	EX_cyst__L_e	0.0	0.0	2.8062931002659246	primary	optimal
twostage-20260916T061947Z	LE:K-562	ordinal	EX_cytd_e	0.0	0.0	1.3911087720260724	primary	optimal
twostage-20260916T061947Z	LE:K-562	ordinal	EX_dad_2_e	0.0	0.0	0.711944724170212	primary	optimal
twostage-20260916T061947Z	LE:K-562	ordinal	EX_dcmp_e	0.0	0.0	1.2126257027738445	primary	optimal
twostage-20260916T061947Z	LE:K-562	ordinal	EX_dcyt_e	0.0	0.0	1.4433842583823413	primary	optimal
twostage-20260916T061947Z	LE:K-562	ordinal	EX_dhap_e	0.0	0.0	3.7884330290595756	primary	optimal
twostage-20260916T061947Z	LE:K-562	ordinal	EX_dmgly_e	0.0	0.0	3.312570239472542	primary	optimal
twostage-20260916T061947Z	LE:K-562	ordinal	EX_duri_e	0.0	0.0	1.4174080389999617	primary	optimal
twostage-20260916T061947Z	LE:K-562	ordinal	EX_ethamp_e	0.0	0.0	6.0716780919425375	primary	optimal
twostage-20260916T061947Z	LE:K-562	ordinal	EX_fol_e	-9.999999	-10.0	2.3092638912203256e-14	primary	optimal
twostage-20260916T061947Z	LE:K-562	ordinal	EX_fum_e	1e-06	0.0	39.23554410656785	primary	optimal
twostage-20260916T061947Z	LE:K-562	ordinal	EX_g3pc_e	0.0	0.0	1.898582380042534	primary	optimal
twostage-20260916T061947Z	LE:K-562	ordinal	EX_glc__D_e	-10.0	-10.0	-5.7160916273945785	primary	optimal
twostage-20260916T061947Z	LE:K-562	ordinal	EX_glcur_e	0.0	0.0	3.289152911761882	primary	optimal
twostage-20260916T061947Z	LE:K-562	ordinal	EX_gln__L_e	-9.999998999999999	-10.0	4.286703311822844	primary	optimal
twostage-20260916T061947Z	LE:K-562	ordinal	EX_glu__L_e	-9.999999	-10.0	22.102598624286532	primary	optimal
twostage-20260916T061947Z	LE:K-562	ordinal	EX_gly_e	-9.999999	-10.0	23.14279858838503	primary	optimal
twostage-20260916T061947Z	LE:K-562	ordinal	EX_glyald_e	0.0	0.0	8.246919942771626	primary	optimal
twostage-20260916T061947Z	LE:K-562	ordinal	EX_glyb_e	0.0	0.0	9.673099793279635	primary	optimal
twostage-20260916T061947Z	LE:K-562	ordinal	EX_glyc3p_e	0.0	0.0	3.637836210583901	primary	optimal
twostage-20260916T061947Z	LE:K-562	ordinal	EX_gmp_e	0.0	0.0	0.0	primary	optimal
twostage-20260916T061947Z	LE:K-562	ordinal	EX_gthox_e	0.0	0.0	5.115396202690495	primary	optimal
twostage-20260916T061947Z	LE:K-562	ordinal	EX_hcys__L_e	0.0	0.0	4.003122519918366	primary	optimal
twostage-20260916T061947Z	LE:K-562	ordinal	EX_hom__L_e	0.0	0.0	0.0	primary	optimal
twostage-20260916T061947Z	LE:K-562	ordinal	EX_hxan_e	0.0	0.0	1.0792268846015636	primary	optimal
twostage-20260916T061947Z	LE:K-562	ordinal	EX_icit_e	0.0	0.0	26.195380902307523	primary	optimal
twostage-20260916T061947Z	LE:K-562	ordinal	EX_ile__L_e	-9.999999	-10.0	-0.9398300444600114	primary	optimal
twostage-20260916T061947Z	LE:K-562	ordinal	EX_imp_e	0.0	0.0	0.812351533797905	primary	optimal
twostage-20260916T061947Z	LE:K-562	ordinal	EX_ins_e	0.0	0.0	0.8065241158938606	primary	optimal
twostage-20260916T061947Z	LE:K-562	ordinal	EX_lac__L_e	-0.999999	-1.0	53.10073778491021	primary	optimal
twostage-20260916T061947Z	LE:K-562	ordinal	EX_lcts_e	0.0	0.0	1.2093172551437024	primary	optimal
twostage-20260916T061947Z	LE:K-562	ordinal	EX_leu__L_e	-9.999998999999999	-10.0	-1.7922337326704465	primary	optimal
twostage-20260916T061947Z	LE:K-562	ordinal	EX_lys__L_e	-9.999999	-10.0	-1.9452265708841647	primary	optimal
twostage-20260916T061947Z	LE:K-562	ordinal	EX_mal__L_e	1.0000000000000002e-06	0.0	33.78084440959824	primary	optimal
twostage-20260916T061947Z	LE:K-562	ordinal	EX_met__L_e	-9.999999000000003	-10.0	-0.5026982632120731	primary	optimal
twostage-20260916T061947Z	LE:K-562	ordinal	EX_nac_e	-3.27630999321089e-16	0.0	10.515359017936184	primary	optimal
twostage-20260916T061947Z	LE:K-562	ordinal	EX_ncam_e	-4.041761690740672	-10.0	1.4210854715202004e-14	primary	optimal
twostage-20260916T061947Z	LE:K-562	ordinal	EX_nicrnt_e	0.0	0.0	1.961031013613757	primary	optimal
twostage-20260916T061947Z	LE:K-562	ordinal	EX_orn_e	0.0	0.0	29.32626346281783	primary	optimal
twostage-20260916T061947Z	LE:K-562	ordinal	EX_orot5p_e	0.0	0.0	1.2152226929062409	primary	optimal
twostage-20260916T061947Z	LE:K-562	ordinal	EX_orot_e	0.0	0.0	2.8711379909801282	primary	optimal
twostage-20260916T061947Z	LE:K-562	ordinal	EX_oxa_e	0.0	0.0	5.761028949061171	primary	optimal
twostage-20260916T061947Z	LE:K-562	ordinal	EX_pep_e	0.0	0.0	6.071678091942393	primary	optimal
twostage-20260916T061947Z	LE:K-562	ordinal	EX_phe__L_e	-0.8524041407412815	-10.0	-0.8524036882104316	primary	optimal
twostage-20260916T061947Z	LE:K-562	ordinal	EX_pnto__R_e	0.0	-10.0	0.05000000000000959	primary	optimal
twostage-20260916T061947Z	LE:K-562	ordinal	EX_pro__L_e	-1.3551019514225018	-10.0	20.9275360169168	primary	optimal
twostage-20260916T061947Z	LE:K-562	ordinal	EX_quln_e	0.0	0.0	1.0925650992625706	primary	optimal
twostage-20260916T061947Z	LE:K-562	ordinal	EX_sbt__D_e	0.0	0.0	0.0	primary	optimal
twostage-20260916T061947Z	LE:K-562	ordinal	EX_ser__L_e	-10.0	-10.0	-1.0344888645448693	primary	optimal
twostage-20260916T061947Z	LE:K-562	ordinal	EX_spmd_e	0.0	0.0	1.0903732796700667	primary	optimal
twostage-20260916T061947Z	LE:K-562	ordinal	EX_sprm_e	0.0	0.0	0.5495143496814938	primary	optimal
twostage-20260916T061947Z	LE:K-562	ordinal	EX_srtn_e	0.0	0.0	3.308995049026791	primary	optimal
twostage-20260916T061947Z	LE:K-562	ordinal	EX_succ_e	13.5569745190019	0.0	53.30179442527728	primary	optimal
twostage-20260916T061947Z	LE:K-562	ordinal	EX_sucr_e	0.0	0.0	0.0	primary	optimal
twostage-20260916T061947Z	LE:K-562	ordinal	EX_taur_e	0.0	0.0	2.9001629643834423	primary	optimal
twostage-20260916T061947Z	LE:K-562	ordinal	EX_tchola_e	0.0	0.0	0.6279447177274764	primary	optimal
twostage-20260916T061947Z	LE:K-562	ordinal	EX_thr__L_e	-1.0272564007096083	-10.0	-1.0272564007095308	primary	optimal
twostage-20260916T061947Z	LE:K-562	ordinal	EX_thym_e	0.0	0.0	1.7567305442379166	primary	optimal
twostage-20260916T061947Z	LE:K-562	ordinal	EX_thymd_e	0.0	0.0	1.179659793215266	primary	optimal
twostage-20260916T061947Z	LE:K-562	ordinal	EX_trp__L_e	-0.04371317812479467	-10.0	-0.04371317812479525	primary	optimal
twostage-20260916T061947Z	LE:K-562	ordinal	EX_tyr__L_e	-0.5245548522744693	-10.0	3.0088707412596536	primary	optimal
twostage-20260916T061947Z	LE:K-562	ordinal	EX_ump_e	0.0	0.0	0.9081708568538359	primary	optimal
twostage-20260916T061947Z	LE:K-562	ordinal	EX_ura_e	0.0	0.0	2.4749229800537065	primary	optimal
twostage-20260916T061947Z	LE:K-562	ordinal	EX_urate_e	0.0	0.0	1.0255284735694183	primary	optimal
twostage-20260916T061947Z	LE:K-562	ordinal	EX_uri_e	0.0	0.0	1.4148378384455274	primary	optimal
twostage-20260916T061947Z	LE:K-562	ordinal	EX_val__L_e	-1.158392993291004	-10.0	-1.1583926498609323	primary	optimal
twostage-20260916T061947Z	LE:K-562	ordinal	EX_xan_e	0.0	0.0	1.056537647259988	primary	optimal
twostage-20260916T061947Z	LE:K-562	ordinal	EX_xmp_e	0.0	0.0	0.8009151970164096	primary	optimal
twostage-20260916T061947Z	LE:K-562	ordinal	EX_xtsn_e	0.0	0.0	0.793885478427946	primary	optimal
twostage-20260916T061947Z	LE:MOLT-4	ordinal	EX_2pg_e	0.0	0.0	6.071678091942427	primary	optimal
twostage-20260916T061947Z	LE:MOLT-4	ordinal	EX_34hpp_e	0.0	0.0	12.2597287966035	primary	optimal
twostage-20260916T061947Z	LE:MOLT-4	ordinal	EX_3hanthrn_e	0.0	0.0	1.6713751754760793	primary	optimal
twostage-20260916T061947Z	LE:MOLT-4	ordinal	EX_3pg_e	0.0	0.0	6.071678091943012	primary	optimal
twostage-20260916T061947Z	LE:MOLT-4	ordinal	EX_4abut_e	0.0	0.0	22.452575809585927	primary	optimal
twostage-20260916T061947Z	LE:MOLT-4	ordinal	EX_4hbz_e	0.0	0.0	4.454548062352665	primary	optimal
twostage-20260916T061947Z	LE:MOLT-4	ordinal	EX_L2aadp_e	0.0	0.0	8.328838318341775	primary	optimal
twostage-20260916T061947Z	LE:MOLT-4	ordinal	EX_Lkynr_e	0.0	0.0	3.3714551262196983	primary	optimal
twostage-20260916T061947Z	LE:MOLT-4	ordinal	EX_acac_e	0.0	0.0	12.332627326983909	primary	optimal
twostage-20260916T061947Z	LE:MOLT-4	ordinal	EX_ade_e	0.0	0.0	0.9999590698946631	primary	optimal
twostage-20260916T061947Z	LE:MOLT-4	ordinal	EX_adn_e	0.0	0.0	0.7763271496526934	primary	optimal
twostage-20260916T061947Z	LE:MOLT-4	ordinal	EX_ahcys_e	0.0	0.0	0.7384280699854121	primary	optimal
twostage-20260916T061947Z	LE:MOLT-4	ordinal	EX_akg_e	0.0	0.0	34.457544893478264	primary	optimal
twostage-20260916T061947Z	LE:MOLT-4	ordinal	EX_ala__L_e	1e-06	0.0	48.88744757770432	primary	optimal
twostage-20260916T061947Z	LE:MOLT-4	ordinal	EX_amp_e	0.0	0.0	0.6505927591550219	primary	optimal
twostage-20260916T061947Z	LE:MOLT-4	ordinal	EX_anth_e	0.0	0.0	3.108255648581231	primary	optimal
twostage-20260916T061947Z	LE:MOLT-4	ordinal	EX_arg__L_e	-9.999999	-10.0	2.244744023485338	primary	optimal
twostage-20260916T061947Z	LE:MOLT-4	ordinal	EX_asn__L_e	-9.999999	-10.0	5.901095156057022	primary	optimal
twostage-20260916T061947Z	LE:MOLT-4	ordinal	EX_asp__L_e	-9.999999000000003	-10.0	24.304006598474018	primary	optimal
twostage-20260916T061947Z	LE:MOLT-4	ordinal	EX_bilirub_e	0.0	0.0	0.4073731999170358	primary	optimal
twostage-20260916T061947Z	LE:MOLT-4	ordinal	EX_cala_e	0.0	0.0	2.5523194575496118	primary	optimal
twostage-20260916T061947Z	LE:MOLT-4	ordinal	EX_chol_e	-9.999999	-10.0	0.27235594190109746	primary	optimal
twostage-20260916T061947Z	LE:MOLT-4	ordinal	EX_cholp_e	0.0	0.0	6.071678091942496	primary	optimal
twostage-20260916T061947Z	LE:MOLT-4	ordinal	EX_cit_e	1e-06	0.0	30.896325060410902	primary	optimal
twostage-20260916T061947Z	LE:MOLT-4	ordinal	EX_citr__L_e	0.0	0.0	13.828691325257317	primary	optimal
twostage-20260916T061947Z	LE:MOLT-4	ordinal	EX_cmp_e	0.0	0.0	0.0	primary	optimal
twostage-20260916T061947Z	LE:MOLT-4	ordinal	EX_crn_e	-0.999999	-1.0	-2.220446049250313e-16	primary	optimal
twostage-20260916T061947Z	LE:MOLT-4	ordinal	EX_cyst__L_e	0.0	0.0	3.007115963737894	primary	optimal
twostage-20260916T061947Z	LE:MOLT-4	ordinal	EX_cytd_e	0.0	0.0	1.5184079936279702	primary	optimal
twostage-20260916T061947Z	LE:MOLT-4	ordinal	EX_dad_2_e	0.0	0.0	0.7734193777450297	primary	optimal
twostage-20260916T061947Z	LE:MOLT-4	ordinal	EX_dcmp_e	0.0	0.0	1.3165714333970628	primary	optimal
twostage-20260916T061947Z	LE:MOLT-4	ordinal	EX_dcyt_e	0.0	0.0	1.5553920155218977	primary	optimal
twostage-20260916T061947Z	LE:MOLT-4	ordinal	EX_dhap_e	0.0	0.0	4.139133459987492	primary	optimal
twostage-20260916T061947Z	LE:MOLT-4	ordinal	EX_dmgly_e	0.0	0.0	3.6470905220219363	primary	optimal
twostage-20260916T061947Z	LE:MOLT-4	ordinal	EX_duri_e	0.0	0.0	1.5210671922210908	primary	optimal
twostage-20260916T061947Z	LE:MOLT-4	ordinal	EX_ethamp_e	0.0	0.0	6.071678091942407	primary	optimal
twostage-20260916T061947Z	LE:MOLT-4	ordinal	EX_fol_e	-9.999999	-10.0	1.3766765505351941e-14	primary	optimal
twostage-20260916T061947Z	LE:MOLT-4	ordinal	EX_fum_e	9.999999999999997e-07	0.0	40.66040841330866	primary	optimal
twostage-20260916T061947Z	LE:MOLT-4	ordinal	EX_g3pc_e	0.0	0.0	2.0007607486596455	primary	optimal
twostage-20260916T061947Z	LE:MOLT-4	ordinal	EX_glc__D_e	-10.0	-10.0	-5.175090505359292	primary	optimal
twostage-20260916T061947Z	LE:MOLT-4	ordinal	EX_glcur_e	0.0	0.0	3.3795827166956305	primary	optimal
twostage-20260916T061947Z	LE:MOLT-4	ordinal	EX_gln__L_e	-9.999999	-10.0	4.468471096594596	primary	optimal
twostage-20260916T061947Z	LE:MOLT-4	ordinal	EX_glu__L_e	-9.999999	-10.0	21.675877993152618	primary	optimal
twostage-20260916T061947Z	LE:MOLT-4	ordinal	EX_gly_e	-9.999999	-10.0	24.423896735874752	primary	optimal
twostage-20260916T061947Z	LE:MOLT-4	ordinal	EX_glyald_e	0.0	0.0	9.150014566940131	primary	optimal
twostage-20260916T061947Z	LE:MOLT-4	ordinal	EX_glyb_e	0.0	0.0	9.78355365601541	primary	optimal
twostage-20260916T061947Z	LE:MOLT-4	ordinal	EX_glyc3p_e	0.0	0.0	3.9842062630014214	primary	optimal
twostage-20260916T061947Z	LE:MOLT-4	ordinal	EX_gmp_e	0.0	0.0	0.0	primary	optimal
twostage-20260916T061947Z	LE:MOLT-4	ordinal	EX_gthox_e	0.0	0.0	5.228738601296333	primary	optimal
twostage-20260916T061947Z	LE:MOLT-4	ordinal	EX_hcys__L_e	0.0	0.0	4.277375812339479	primary	optimal
twostage-20260916T061947Z	LE:MOLT-4	ordinal	EX_hom__L_e	0.0	0.0	0.0	primary	optimal
twostage-20260916T061947Z	LE:MOLT-4	ordinal	EX_hxan_e	0.0	0.0	1.18121015481633	primary	optimal
twostage-20260916T061947Z	LE:MOLT-4	ordinal	EX_icit_e	0.0	0.0	28.178529338124196	primary	optimal
twostage-20260916T061947Z	LE:MOLT-4	ordinal	EX_ile__L_e	-9.999999	-10.0	-0.9398300444600389	primary	optimal
twostage-20260916T061947Z	LE:MOLT-4	ordinal	EX_imp_e	0.0	0.0	0.8869276608471336	primary	optimal
twostage-20260916T061947Z	LE:MOLT-4	ordinal	EX_ins_e	0.0	0.0	0.8816863897886074	primary	optimal
twostage-20260916T061947Z	LE:MOLT-4	ordinal	EX_lac__L_e	-0.999999	-1.0	52.007125194928165	primary	optimal
twostage-20260916T061947Z	LE:MOLT-4	ordinal	EX_lcts_e	0.0	0.0	1.3457894031089765	primary	optimal
twostage-20260916T061947Z	LE:MOLT-4	ordinal	EX_leu__L_e	-9.999999	-10.0	-1.7922337326704465	primary	optimal
twostage-20260916T061947Z	LE:MOLT-4	ordinal	EX_lys__L_e	-9.999999000000003	-10.0	-1.9452265708841612	primary	optimal
twostage-20260916T061947Z	LE:MOLT-4	ordinal	EX_mal__L_e	9.999999999999997e-07	0.0	35.921339250734725	primary	optimal
twostage-20260916T061947Z	LE:MOLT-4	ordinal	EX_met__L_e	-9.999999	-10.0	-0.5026982632120713	primary	optimal
twostage-20260916T061947Z	LE:MOLT-4	ordinal	EX_nac_e	0.0	0.0	10.567272306020657	primary	optimal
twostage-20260916T061947Z	LE:MOLT-4	ordinal	EX_ncam_e	-5.667848093897768	-10.0	8.881784197001252e-15	primary	optimal
twostage-20260916T061947Z	LE:MOLT-4	ordinal	EX_nicrnt_e	0.0	0.0	2.1098433138180552	primary	optimal
twostage-20260916T061947Z	LE:MOLT-4	ordinal	EX_orn_e	0.0	0.0	26.827526906897866	primary	optimal
twostage-20260916T061947Z	LE:MOLT-4	ordinal	EX_orot5p_e	0.0	0.0	1.3165805271739692	primary	optimal
twostage-20260916T061947Z	LE:MOLT-4	ordinal	EX_orot_e	0.0	0.0	3.0632799553979666	primary	optimal
twostage-20260916T061947Z	LE:MOLT-4	ordinal	EX_oxa_e	0.0	0.0	6.25883657096521	primary	optimal
twostage-20260916T061947Z	LE:MOLT-4	ordinal	EX_pep_e	0.0	0.0	6.071678091942595	primary	optimal
twostage-20260916T061947Z	LE:MOLT-4	ordinal	EX_phe__L_e	-0.8524036962235746	-10.0	-0.8524036882104316	primary	optimal
twostage-20260916T061947Z	LE:MOLT-4	ordinal	EX_pnto__R_e	0.0	-10.0	0.04999999999997584	primary	optimal
twostage-20260916T061947Z	LE:MOLT-4	ordinal	EX_pro__L_e	-1.355101951422502	-10.0	18.530567274244905	primary	optimal
twostage-20260916T061947Z	LE:MOLT-4	ordinal	EX_quln_e	0.0	0.0	1.1187628930585547	primary	optimal
twostage-20260916T061947Z	LE:MOLT-4	ordinal	EX_sbt__D_e	0.0	0.0	0.0	primary	optimal
twostage-20260916T061947Z	LE:MOLT-4	ordinal	EX_ser__L_e	-10.0	-10.0	-0.40482233816693625	primary	optimal
twostage-20260916T061947Z	LE:MOLT-4	ordinal	EX_spmd_e	0.0	0.0	1.153804923945427	primary	optimal
twostage-20260916T061947Z	LE:MOLT-4	ordinal	EX_sprm_e	0.0	0.0	0.5855246219083768	primary	optimal
twostage-20260916T061947Z	LE:MOLT-4	ordinal	EX_srtn_e	0.0	0.0	3.3134535102907234	primary	optimal
twostage-20260916T061947Z	LE:MOLT-4	ordinal	EX_succ_e	20.62243717950557	0.0	57.13425014575636	primary	optimal
twostage-20260916T061947Z	LE:MOLT-4	ordinal	EX_sucr_e	0.0	0.0	0.0	primary	optimal
twostage-20260916T061947Z	LE:MOLT-4	ordinal	EX_taur_e	0.0	0.0	2.9671064502389877	primary	optimal
twostage-20260916T061947Z	LE:MOLT-4	ordinal	EX_tchola_e	0.0	0.0	0.6446725466209929	primary	optimal
twostage-20260916T061947Z	LE:MOLT-4	ordinal	EX_thr__L_e	-1.0272564007096083	-10.0	-1.027256400709609	primary	optimal
twostage-20260916T061947Z	LE:MOLT-4	ordinal	EX_thym_e	0.0	0.0	1.8898273055585955	primary	optimal
twostage-20260916T061947Z	LE:MOLT-4	ordinal	EX_thymd_e	0.0	0.0	1.2632047475819848	primary	optimal
twostage-20260916T061947Z	LE:MOLT-4	ordinal	EX_trp__L_e	-0.04371317812479467	-10.0	-0.043713178124797025	primary	optimal
twostage-20260916T061947Z	LE:MOLT-4	ordinal	EX_tyr__L_e	-0.5245548522744694	-10.0	3.061745822556968	primary	optimal
twostage-20260916T061947Z	LE:MOLT-4	ordinal	EX_ump_e	0.0	0.0	0.9694819470922057	primary	optimal
twostage-20260916T061947Z	LE:MOLT-4	ordinal	EX_ura_e	0.0	0.0	2.675001056128683	primary	optimal
twostage-20260916T061947Z	LE:MOLT-4	ordinal	EX_urate_e	0.0	0.0	1.1301851929725437	primary	optimal
twostage-20260916T061947Z	LE:MOLT-4	ordinal	EX_uri_e	0.0	0.0	1.5295985504001377	primary	optimal
twostage-20260916T061947Z	LE:MOLT-4	ordinal	EX_val__L_e	-1.158392650213669	-10.0	-1.1583926498609216	primary	optimal
twostage-20260916T061947Z	LE:MOLT-4	ordinal	EX_xan_e	0.0	0.0	1.162183135104395	primary	optimal
twostage-20260916T061947Z	LE:MOLT-4	ordinal	EX_xmp_e	0.0	0.0	0.8748369083681738	primary	optimal
twostage-20260916T061947Z	LE:MOLT-4	ordinal	EX_xtsn_e	0.0	0.0	0.8687318928977064	primary	optimal
twostage-20260916T061947Z	ME:LOX IMVI	ordinal	EX_2pg_e	0.0	0.0	6.071678091942476	primary	optimal
twostage-20260916T061947Z	ME:LOX IMVI	ordinal	EX_34hpp_e	0.0	0.0	12.582875701809117	primary	optimal
twostage-20260916T061947Z	ME:LOX IMVI	ordinal	EX_3hanthrn_e	0.0	0.0	1.8245339209288371	primary	optimal
twostage-20260916T061947Z	ME:LOX IMVI	ordinal	EX_3pg_e	0.0	0.0	6.071678091942676	primary	optimal
twostage-20260916T061947Z	ME:LOX IMVI	ordinal	EX_4abut_e	0.0	0.0	22.56285218640338	primary	optimal
twostage-20260916T061947Z	ME:LOX IMVI	ordinal	EX_4hbz_e	0.0	0.0	4.888423872708079	primary	optimal
twostage-20260916T061947Z	ME:LOX IMVI	ordinal	EX_L2aadp_e	0.0	0.0	8.485959460737863	primary	optimal
twostage-20260916T061947Z	ME:LOX IMVI	ordinal	EX_Lkynr_e	0.0	0.0	3.664919987500584	primary	optimal
twostage-20260916T061947Z	ME:LOX IMVI	ordinal	EX_acac_e	0.0	0.0	12.895403737045447	primary	optimal
twostage-20260916T061947Z	ME:LOX IMVI	ordinal	EX_ade_e	0.0	0.0	1.0680996186848677	primary	optimal
twostage-20260916T061947Z	ME:LOX IMVI	ordinal	EX_adn_e	0.0	0.0	0.8255185894001309	primary	optimal
twostage-20260916T061947Z	ME:LOX IMVI	ordinal	EX_ahcys_e	0.0	0.0	0.7838700091852271	primary	optimal
twostage-20260916T061947Z	ME:LOX IMVI	ordinal	EX_akg_e	1e-06	0.0	37.42645960101613	primary	optimal
twostage-20260916T061947Z	ME:LOX IMVI	ordinal	EX_ala__L_e	1e-06	0.0	51.60164096576515	primary	optimal
twostage-20260916T061947Z	ME:LOX IMVI	ordinal	EX_amp_e	0.0	0.0	0.6908682199369559	primary	optimal
twostage-20260916T061947Z	ME:LOX IMVI	ordinal	EX_anth_e	0.0	0.0	3.43731072606664	primary	optimal
twostage-20260916T061947Z	ME:LOX IMVI	ordinal	EX_arg__L_e	-9.999999	-10.0	2.546088247494989	primary	optimal
twostage-20260916T061947Z	ME:LOX IMVI	ordinal	EX_asn__L_e	-9.999999	-10.0	6.95070729410122	primary	optimal
twostage-20260916T061947Z	ME:LOX IMVI	ordinal	EX_asp__L_e	-9.999999	-10.0	25.983165432808153	primary	optimal
twostage-20260916T061947Z	ME:LOX IMVI	ordinal	EX_bilirub_e	0.0	0.0	0.44899067452245245	primary	optimal
twostage-20260916T061947Z	ME:LOX IMVI	ordinal	EX_cala_e	0.0	0.0	2.773127500540504	primary	optimal
twostage-20260916T061947Z	ME:LOX IMVI	ordinal	EX_chol_e	-9.999999	-10.0	0.3513129264417486	primary	optimal
twostage-20260916T061947Z	ME:LOX IMVI	ordinal	EX_cholp_e	0.0	0.0	6.071678091942498	primary	optimal
twostage-20260916T061947Z	ME:LOX IMVI	ordinal	EX_cit_e	1e-06	0.0	30.98369831564141	primary	optimal
twostage-20260916T061947Z	ME:LOX IMVI	ordinal	EX_citr__L_e	0.0	0.0	14.456941902850536	primary	optimal
twostage-20260916T061947Z	ME:LOX IMVI	ordinal	EX_cmp_e	0.0	0.0	0.0	primary	optimal
twostage-20260916T061947Z	ME:LOX IMVI	ordinal	EX_crn_e	-0.9999989999999999	-1.0	6.661338147750939e-16	primary	optimal
twostage-20260916T061947Z	ME:LOX IMVI	ordinal	EX_cyst__L_e	0.0	0.0	3.2140188369542377	primary	optimal
twostage-20260916T061947Z	ME:LOX IMVI	ordinal	EX_cytd_e	0.0	0.0	1.6138548677876983	primary	optimal
twostage-20260916T061947Z	ME:LOX IMVI	ordinal	EX_dad_2_e	0.0	0.0	0.8247260322684301	primary	optimal
twostage-20260916T061947Z	ME:LOX IMVI	ordinal	EX_dcmp_e	0.0	0.0	1.3976421427408434	primary	optimal
twostage-20260916T061947Z	ME:LOX IMVI	ordinal	EX_dcyt_e	0.0	0.0	1.6467471475110809	primary	optimal
twostage-20260916T061947Z	ME:LOX IMVI	ordinal	EX_dhap_e	0.0	0.0	4.337803559969055	primary	optimal
twostage-20260916T061947Z	ME:LOX IMVI	ordinal	EX_dmgly_e	0.0	0.0	3.961725203417074	primary	optimal
twostage-20260916T061947Z	ME:LOX IMVI	ordinal	EX_duri_e	0.0	0.0	1.6054795306531895	primary	optimal
twostage-20260916T061947Z	ME:LOX IMVI	ordinal	EX_ethamp_e	0.0	0.0	6.071678091942477	primary	optimal
twostage-20260916T061947Z	ME:LOX IMVI	ordinal	EX_fol_e	-9.999999	-10.0	-6.927791673660977e-14	primary	optimal
twostage-20260916T061947Z	ME:LOX IMVI	ordinal	EX_fum_e	1.0000000000000002e-06	0.0	41.07931124264339	primary	optimal
twostage-20260916T061947Z	ME:LOX IMVI	ordinal	EX_g3pc_e	0.0	0.0	2.0884370770150804	primary	optimal
twostage-20260916T061947Z	ME:LOX IMVI	ordinal	EX_glc__D_e	-10.0	-10.0	-5.182630575796648	primary	optimal
twostage-20260916T061947Z	ME:LOX IMVI	ordinal	EX_glcur_e	0.0	0.0	3.6991431549106006	primary	optimal
twostage-20260916T061947Z	ME:LOX IMVI	ordinal	EX_gln__L_e	-9.999999	-10.0	4.765114303944312	primary	optimal
twostage-20260916T061947Z	ME:LOX IMVI	ordinal	EX_glu__L_e	-9.999999	-10.0	23.387524979062277	primary	optimal
twostage-20260916T061947Z	ME:LOX IMVI	ordinal	EX_gly_e	-9.999999	-10.0	25.88332968109963	primary	optimal
twostage-20260916T061947Z	ME:LOX IMVI	ordinal	EX_glyald_e	0.0	0.0	9.395842436575792	primary	optimal
twostage-20260916T061947Z	ME:LOX IMVI	ordinal	EX_glyb_e	0.0	0.0	9.90340950758741	primary	optimal
twostage-20260916T061947Z	ME:LOX IMVI	ordinal	EX_glyc3p_e	0.0	0.0	4.168556575377641	primary	optimal
twostage-20260916T061947Z	ME:LOX IMVI	ordinal	EX_gmp_e	0.0	0.0	0.0	primary	optimal
twostage-20260916T061947Z	ME:LOX IMVI	ordinal	EX_gthox_e	0.0	0.0	5.336342953277473	primary	optimal
twostage-20260916T061947Z	ME:LOX IMVI	ordinal	EX_hcys__L_e	0.0	0.0	4.622522854733751	primary	optimal
twostage-20260916T061947Z	ME:LOX IMVI	ordinal	EX_hom__L_e	0.0	0.0	0.0	primary	optimal
twostage-20260916T061947Z	ME:LOX IMVI	ordinal	EX_hxan_e	0.0	0.0	1.2604723682335528	primary	optimal
twostage-20260916T061947Z	ME:LOX IMVI	ordinal	EX_icit_e	0.0	0.0	29.396956259307572	primary	optimal
twostage-20260916T061947Z	ME:LOX IMVI	ordinal	EX_ile__L_e	-9.999999000000003	-10.0	-0.9398300444600274	primary	optimal
twostage-20260916T061947Z	ME:LOX IMVI	ordinal	EX_imp_e	0.0	0.0	0.9407872647181995	primary	optimal
twostage-20260916T061947Z	ME:LOX IMVI	ordinal	EX_ins_e	0.0	0.0	0.935916606010406	primary	optimal
twostage-20260916T061947Z	ME:LOX IMVI	ordinal	EX_lac__L_e	-0.999999	-1.0	53.98208327235892	primary	optimal
twostage-20260916T061947Z	ME:LOX IMVI	ordinal	EX_lcts_e	0.0	0.0	1.408645797757785	primary	optimal
twostage-20260916T061947Z	ME:LOX IMVI	ordinal	EX_leu__L_e	-9.999999	-10.0	-1.7922337326704483	primary	optimal
twostage-20260916T061947Z	ME:LOX IMVI	ordinal	EX_lys__L_e	-9.999999	-10.0	-1.9452265708841647	primary	optimal
twostage-20260916T061947Z	ME:LOX IMVI	ordinal	EX_mal__L_e	1.0000000000000002e-06	0.0	36.46381805698249	primary	optimal
twostage-20260916T061947Z	ME:LOX IMVI	ordinal	EX_met__L_e	-9.999999000000003	-10.0	-0.5026982632120731	primary	optimal
twostage-20260916T061947Z	ME:LOX IMVI	ordinal	EX_nac_e	1.1372253977311962e-16	0.0	10.667596340903561	primary	optimal
twostage-20260916T061947Z	ME:LOX IMVI	ordinal	EX_ncam_e	-8.46106134631646	-10.0	5.329070518200751e-15	primary	optimal
twostage-20260916T061947Z	ME:LOX IMVI	ordinal	EX_nicrnt_e	0.0	0.0	2.2392664029275933	primary	optimal
twostage-20260916T061947Z	ME:LOX IMVI	ordinal	EX_orn_e	0.0	0.0	28.7289793806752	primary	optimal
twostage-20260916T061947Z	ME:LOX IMVI	ordinal	EX_orot5p_e	0.0	0.0	1.394883356314464	primary	optimal
twostage-20260916T061947Z	ME:LOX IMVI	ordinal	EX_orot_e	0.0	0.0	3.284044923261826	primary	optimal
twostage-20260916T061947Z	ME:LOX IMVI	ordinal	EX_oxa_e	0.0	0.0	6.697415961266647	primary	optimal
twostage-20260916T061947Z	ME:LOX IMVI	ordinal	EX_pep_e	0.0	0.0	6.071678091942454	primary	optimal
twostage-20260916T061947Z	ME:LOX IMVI	ordinal	EX_phe__L_e	-0.8524036962305421	-10.0	-0.8524036882104298	primary	optimal
twostage-20260916T061947Z	ME:LOX IMVI	ordinal	EX_pnto__R_e	0.0	-10.0	0.05000000000000249	primary	optimal
twostage-20260916T061947Z	ME:LOX IMVI	ordinal	EX_pro__L_e	-1.3551019514225016	-10.0	19.226293712708088	primary	optimal
twostage-20260916T061947Z	ME:LOX IMVI	ordinal	EX_quln_e	0.0	0.0	1.2257955265856761	primary	optimal
twostage-20260916T061947Z	ME:LOX IMVI	ordinal	EX_sbt__D_e	0.0	0.0	0.0	primary	optimal
twostage-20260916T061947Z	ME:LOX IMVI	ordinal	EX_ser__L_e	-10.0	-10.0	0.09882579671650425	primary	optimal
twostage-20260916T061947Z	ME:LOX IMVI	ordinal	EX_spmd_e	0.0	0.0	1.248921290245853	primary	optimal
twostage-20260916T061947Z	ME:LOX IMVI	ordinal	EX_sprm_e	0.0	0.0	0.637103966158412	primary	optimal
twostage-20260916T061947Z	ME:LOX IMVI	ordinal	EX_srtn_e	0.0	0.0	3.6147791884267058	primary	optimal
twostage-20260916T061947Z	ME:LOX IMVI	ordinal	EX_succ_e	13.529011556923647	0.0	56.558334217692405	primary	optimal
twostage-20260916T061947Z	ME:LOX IMVI	ordinal	EX_sucr_e	0.0	0.0	0.0	primary	optimal
twostage-20260916T061947Z	ME:LOX IMVI	ordinal	EX_taur_e	0.0	0.0	3.250783224059476	primary	optimal
twostage-20260916T061947Z	ME:LOX IMVI	ordinal	EX_tchola_e	0.0	0.0	0.7028516929451598	primary	optimal
twostage-20260916T061947Z	ME:LOX IMVI	ordinal	EX_thr__L_e	-1.0272564007096083	-10.0	-1.027256400709609	primary	optimal
twostage-20260916T061947Z	ME:LOX IMVI	ordinal	EX_thym_e	0.0	0.0	2.0601834997240025	primary	optimal
twostage-20260916T061947Z	ME:LOX IMVI	ordinal	EX_thymd_e	0.0	0.0	1.3359633849146113	primary	optimal
twostage-20260916T061947Z	ME:LOX IMVI	ordinal	EX_trp__L_e	-0.04371317812479468	-10.0	-0.04371317812478459	primary	optimal
twostage-20260916T061947Z	ME:LOX IMVI	ordinal	EX_tyr__L_e	-0.5245548522744695	-10.0	3.3488302859605934	primary	optimal
twostage-20260916T061947Z	ME:LOX IMVI	ordinal	EX_ump_e	0.0	0.0	1.028599403637078	primary	optimal
twostage-20260916T061947Z	ME:LOX IMVI	ordinal	EX_ura_e	0.0	0.0	2.915184577540821	primary	optimal
twostage-20260916T061947Z	ME:LOX IMVI	ordinal	EX_urate_e	0.0	0.0	1.204179362389797	primary	optimal
twostage-20260916T061947Z	ME:LOX IMVI	ordinal	EX_uri_e	0.0	0.0	1.6190196357456128	primary	optimal
twostage-20260916T061947Z	ME:LOX IMVI	ordinal	EX_val__L_e	-1.1583929284318297	-10.0	-1.1583926498609252	primary	optimal
twostage-20260916T061947Z	ME:LOX IMVI	ordinal	EX_xan_e	0.0	0.0	1.2403360034909356	primary	optimal
twostage-20260916T061947Z	ME:LOX IMVI	ordinal	EX_xmp_e	0.0	0.0	0.9268523789140114	primary	optimal
twostage-20260916T061947Z	ME:LOX IMVI	ordinal	EX_xtsn_e	0.0	0.0	0.9208106836877274	primary	optimal
twostage-20260916T061947Z	ME:M14	ordinal	EX_2pg_e	0.0	0.0	6.071678091942338	primary	optimal
twostage-20260916T061947Z	ME:M14	ordinal	EX_34hpp_e	0.0	0.0	12.374613318283213	primary	optimal
twostage-20260916T061947Z	ME:M14	ordinal	EX_3hanthrn_e	0.0	0.0	1.7093054505125018	primary	optimal
twostage-20260916T061947Z	ME:M14	ordinal	EX_3pg_e	0.0	0.0	6.071678091942431	primary	optimal
twostage-20260916T061947Z	ME:M14	ordinal	EX_4abut_e	0.0	0.0	20.044237051034695	primary	optimal
twostage-20260916T061947Z	ME:M14	ordinal	EX_4hbz_e	0.0	0.0	4.493952026177485	primary	optimal
twostage-20260916T061947Z	ME:M14	ordinal	EX_L2aadp_e	0.0	0.0	8.342626621184735	primary	optimal
twostage-20260916T061947Z	ME:M14	ordinal	EX_Lkynr_e	0.0	0.0	3.4194533872478314	primary	optimal
twostage-20260916T061947Z	ME:M14	ordinal	EX_acac_e	0.0	0.0	12.005376447222773	primary	optimal
twostage-20260916T061947Z	ME:M14	ordinal	EX_ade_e	0.0	0.0	0.9817152284817903	primary	optimal
twostage-20260916T061947Z	ME:M14	ordinal	EX_adn_e	0.0	0.0	0.7653995860824702	primary	optimal
twostage-20260916T061947Z	ME:M14	ordinal	EX_ahcys_e	0.0	0.0	0.7238533056937431	primary	optimal
twostage-20260916T061947Z	ME:M14	ordinal	EX_akg_e	1e-06	0.0	34.3905493124173	primary	optimal
twostage-20260916T061947Z	ME:M14	ordinal	EX_ala__L_e	1e-06	0.0	48.7050747109679	primary	optimal
twostage-20260916T061947Z	ME:M14	ordinal	EX_amp_e	0.0	0.0	0.6413209561141385	primary	optimal
twostage-20260916T061947Z	ME:M14	ordinal	EX_anth_e	0.0	0.0	3.1761261808087493	primary	optimal
twostage-20260916T061947Z	ME:M14	ordinal	EX_arg__L_e	-9.999999	-10.0	2.2720338681071475	primary	optimal
twostage-20260916T061947Z	ME:M14	ordinal	EX_asn__L_e	-9.999999	-10.0	6.284200474155295	primary	optimal
twostage-20260916T061947Z	ME:M14	ordinal	EX_asp__L_e	-9.999999	-10.0	23.679645980866834	primary	optimal
twostage-20260916T061947Z	ME:M14	ordinal	EX_bilirub_e	0.0	0.0	0.4174743929394571	primary	optimal
twostage-20260916T061947Z	ME:M14	ordinal	EX_cala_e	0.0	0.0	2.486476363011039	primary	optimal
twostage-20260916T061947Z	ME:M14	ordinal	EX_chol_e	-9.999999	-10.0	0.26962617820657153	primary	optimal
twostage-20260916T061947Z	ME:M14	ordinal	EX_cholp_e	0.0	0.0	6.071678091942406	primary	optimal
twostage-20260916T061947Z	ME:M14	ordinal	EX_cit_e	1e-06	0.0	30.65259302927927	primary	optimal
twostage-20260916T061947Z	ME:M14	ordinal	EX_citr__L_e	0.0	0.0	13.76895434884001	primary	optimal
twostage-20260916T061947Z	ME:M14	ordinal	EX_cmp_e	0.0	0.0	0.0	primary	optimal
twostage-20260916T061947Z	ME:M14	ordinal	EX_crn_e	-0.999999	-1.0	-2.220446049250313e-16	primary	optimal
twostage-20260916T061947Z	ME:M14	ordinal	EX_cyst__L_e	0.0	0.0	2.9381426517672335	primary	optimal
twostage-20260916T061947Z	ME:M14	ordinal	EX_cytd_e	0.0	0.0	1.4853751012388594	primary	optimal
twostage-20260916T061947Z	ME:M14	ordinal	EX_dad_2_e	0.0	0.0	0.7612676370631895	primary	optimal
twostage-20260916T061947Z	ME:M14	ordinal	EX_dcmp_e	0.0	0.0	1.2888518631114665	primary	optimal
twostage-20260916T061947Z	ME:M14	ordinal	EX_dcyt_e	0.0	0.0	1.5216335263482739	primary	optimal
twostage-20260916T061947Z	ME:M14	ordinal	EX_dhap_e	0.0	0.0	4.1645368116412325	primary	optimal
twostage-20260916T061947Z	ME:M14	ordinal	EX_dmgly_e	0.0	0.0	3.632818445945038	primary	optimal
twostage-20260916T061947Z	ME:M14	ordinal	EX_duri_e	0.0	0.0	1.4927866682107767	primary	optimal
twostage-20260916T061947Z	ME:M14	ordinal	EX_ethamp_e	0.0	0.0	6.071678091942478	primary	optimal
twostage-20260916T061947Z	ME:M14	ordinal	EX_fol_e	-9.999999	-10.0	8.881784197001252e-16	primary	optimal
twostage-20260916T061947Z	ME:M14	ordinal	EX_fum_e	1e-06	0.0	40.64647660490043	primary	optimal
twostage-20260916T061947Z	ME:M14	ordinal	EX_g3pc_e	0.0	0.0	2.003380559146146	primary	optimal
twostage-20260916T061947Z	ME:M14	ordinal	EX_glc__D_e	-10.0	-10.0	-5.261520589501784	primary	optimal
twostage-20260916T061947Z	ME:M14	ordinal	EX_glcur_e	0.0	0.0	3.4450903947294096	primary	optimal
twostage-20260916T061947Z	ME:M14	ordinal	EX_gln__L_e	-9.999999	-10.0	4.336742412987118	primary	optimal
twostage-20260916T061947Z	ME:M14	ordinal	EX_glu__L_e	-9.999999	-10.0	21.39848833293003	primary	optimal
twostage-20260916T061947Z	ME:M14	ordinal	EX_gly_e	-9.999999	-10.0	24.10730816875612	primary	optimal
twostage-20260916T061947Z	ME:M14	ordinal	EX_glyald_e	0.0	0.0	9.013401943729521	primary	optimal
twostage-20260916T061947Z	ME:M14	ordinal	EX_glyb_e	0.0	0.0	9.80079785820907	primary	optimal
twostage-20260916T061947Z	ME:M14	ordinal	EX_glyc3p_e	0.0	0.0	4.0195005388186535	primary	optimal
twostage-20260916T061947Z	ME:M14	ordinal	EX_gmp_e	0.0	0.0	0.0	primary	optimal
twostage-20260916T061947Z	ME:M14	ordinal	EX_gthox_e	0.0	0.0	5.237660546498556	primary	optimal
twostage-20260916T061947Z	ME:M14	ordinal	EX_hcys__L_e	0.0	0.0	4.181549667178918	primary	optimal
twostage-20260916T061947Z	ME:M14	ordinal	EX_hom__L_e	0.0	0.0	0.0	primary	optimal
twostage-20260916T061947Z	ME:M14	ordinal	EX_hxan_e	0.0	0.0	1.151016385674529	primary	optimal
twostage-20260916T061947Z	ME:M14	ordinal	EX_icit_e	0.0	0.0	28.176565142115354	primary	optimal
twostage-20260916T061947Z	ME:M14	ordinal	EX_ile__L_e	-9.999999	-10.0	-0.9398300444600256	primary	optimal
twostage-20260916T061947Z	ME:M14	ordinal	EX_imp_e	0.0	0.0	0.8713021700118243	primary	optimal
twostage-20260916T061947Z	ME:M14	ordinal	EX_ins_e	0.0	0.0	0.8646062769533934	primary	optimal
twostage-20260916T061947Z	ME:M14	ordinal	EX_lac__L_e	-0.999999	-1.0	52.96328066748891	primary	optimal
twostage-20260916T061947Z	ME:M14	ordinal	EX_lcts_e	0.0	0.0	1.3489696594898486	primary	optimal
twostage-20260916T061947Z	ME:M14	ordinal	EX_leu__L_e	-9.999999	-10.0	-1.79223373267045	primary	optimal
twostage-20260916T061947Z	ME:M14	ordinal	EX_lys__L_e	-9.999999	-10.0	-1.9452265708841656	primary	optimal
twostage-20260916T061947Z	ME:M14	ordinal	EX_mal__L_e	1e-06	0.0	35.79062896115041	primary	optimal
twostage-20260916T061947Z	ME:M14	ordinal	EX_met__L_e	-9.999998999999999	-10.0	-0.5026982632120713	primary	optimal
twostage-20260916T061947Z	ME:M14	ordinal	EX_nac_e	2.4391673342348266e-16	0.0	10.607819079132783	primary	optimal
twostage-20260916T061947Z	ME:M14	ordinal	EX_ncam_e	-2.309345983690116	-10.0	7.105427357601002e-15	primary	optimal
twostage-20260916T061947Z	ME:M14	ordinal	EX_nicrnt_e	0.0	0.0	2.110170218729654	primary	optimal
twostage-20260916T061947Z	ME:M14	ordinal	EX_orn_e	0.0	0.0	27.42135646674172	primary	optimal
twostage-20260916T061947Z	ME:M14	ordinal	EX_orot5p_e	0.0	0.0	1.2969421639166916	primary	optimal
twostage-20260916T061947Z	ME:M14	ordinal	EX_orot_e	0.0	0.0	3.0019167970113045	primary	optimal
twostage-20260916T061947Z	ME:M14	ordinal	EX_oxa_e	0.0	0.0	6.237709691158997	primary	optimal
twostage-20260916T061947Z	ME:M14	ordinal	EX_pep_e	0.0	0.0	6.071678091942417	primary	optimal
twostage-20260916T061947Z	ME:M14	ordinal	EX_phe__L_e	-0.8524038580114922	-10.0	-0.8524036882104298	primary	optimal
twostage-20260916T061947Z	ME:M14	ordinal	EX_pnto__R_e	0.0	-10.0	0.04999999999999183	primary	optimal
twostage-20260916T061947Z	ME:M14	ordinal	EX_pro__L_e	-1.3551019514225018	-10.0	17.978455489543403	primary	optimal
twostage-20260916T061947Z	ME:M14	ordinal	EX_quln_e	0.0	0.0	1.144413547065806	primary	optimal
twostage-20260916T061947Z	ME:M14	ordinal	EX_sbt__D_e	0.0	0.0	0.0	primary	optimal
twostage-20260916T061947Z	ME:M14	ordinal	EX_ser__L_e	-10.0	-10.0	-0.6150214296808721	primary	optimal
twostage-20260916T061947Z	ME:M14	ordinal	EX_spmd_e	0.0	0.0	1.1417683385484674	primary	optimal
twostage-20260916T061947Z	ME:M14	ordinal	EX_sprm_e	0.0	0.0	0.5813051822963158	primary	optimal
twostage-20260916T061947Z	ME:M14	ordinal	EX_srtn_e	0.0	0.0	3.3944430111144146	primary	optimal
twostage-20260916T061947Z	ME:M14	ordinal	EX_succ_e	18.51369910359001	0.0	55.474102072121205	primary	optimal
twostage-20260916T061947Z	ME:M14	ordinal	EX_sucr_e	0.0	0.0	0.0	primary	optimal
twostage-20260916T061947Z	ME:M14	ordinal	EX_taur_e	0.0	0.0	3.0422819960918397	primary	optimal
twostage-20260916T061947Z	ME:M14	ordinal	EX_tchola_e	0.0	0.0	0.6555740318125644	primary	optimal
twostage-20260916T061947Z	ME:M14	ordinal	EX_thr__L_e	-1.0272564007096083	-10.0	-1.0272564007096037	primary	optimal
twostage-20260916T061947Z	ME:M14	ordinal	EX_thym_e	0.0	0.0	1.889425753113105	primary	optimal
twostage-20260916T061947Z	ME:M14	ordinal	EX_thymd_e	0.0	0.0	1.2501297192803758	primary	optimal
twostage-20260916T061947Z	ME:M14	ordinal	EX_trp__L_e	-0.04371317812479467	-10.0	-0.04371317812479347	primary	optimal
twostage-20260916T061947Z	ME:M14	ordinal	EX_tyr__L_e	-0.5245548522744694	-10.0	3.144576331562578	primary	optimal
twostage-20260916T061947Z	ME:M14	ordinal	EX_ump_e	0.0	0.0	0.9547554639596875	primary	optimal
twostage-20260916T061947Z	ME:M14	ordinal	EX_ura_e	0.0	0.0	2.645066037652492	primary	optimal
twostage-20260916T061947Z	ME:M14	ordinal	EX_urate_e	0.0	0.0	1.1019488475002552	primary	optimal
twostage-20260916T061947Z	ME:M14	ordinal	EX_uri_e	0.0	0.0	1.5006313068606583	primary	optimal
twostage-20260916T061947Z	ME:M14	ordinal	EX_val__L_e	-1.1583926598248289	-10.0	-1.1583926498609234	primary	optimal
twostage-20260916T061947Z	ME:M14	ordinal	EX_xan_e	0.0	0.0	1.1319636682339886	primary	optimal
twostage-20260916T061947Z	ME:M14	ordinal	EX_xmp_e	0.0	0.0	0.8584548260062139	primary	optimal
twostage-20260916T061947Z	ME:M14	ordinal	EX_xtsn_e	0.0	0.0	0.8520783137541579	primary	optimal
twostage-20260916T061947Z	ME:MDA-MB-435	ordinal	EX_2pg_e	0.0	0.0	5.997603977440628	primary	optimal
twostage-20260916T061947Z	ME:MDA-MB-435	ordinal	EX_34hpp_e	0.0	0.0	12.138285775186343	primary	optimal
twostage-20260916T061947Z	ME:MDA-MB-435	ordinal	EX_3hanthrn_e	0.0	0.0	1.541077122347141	primary	optimal
twostage-20260916T061947Z	ME:MDA-MB-435	ordinal	EX_3pg_e	0.0	0.0	6.014948410020198	primary	optimal
twostage-20260916T061947Z	ME:MDA-MB-435	ordinal	EX_4abut_e	0.0	0.0	19.459639592362556	primary	optimal
twostage-20260916T061947Z	ME:MDA-MB-435	ordinal	EX_4hbz_e	0.0	0.0	3.9931228838236157	primary	optimal
twostage-20260916T061947Z	ME:MDA-MB-435	ordinal	EX_L2aadp_e	0.0	0.0	8.22555469893286	primary	optimal
twostage-20260916T061947Z	ME:MDA-MB-435	ordinal	EX_Lkynr_e	0.0	0.0	3.0835948770813166	primary	optimal
twostage-20260916T061947Z	ME:MDA-MB-435	ordinal	EX_acac_e	0.0	0.0	10.683397655522699	primary	optimal
twostage-20260916T061947Z	ME:MDA-MB-435	ordinal	EX_ade_e	0.0	0.0	0.8724209804199418	primary	optimal
twostage-20260916T061947Z	ME:MDA-MB-435	ordinal	EX_adn_e	0.0	0.0	0.6748867964755896	primary	optimal
twostage-20260916T061947Z	ME:MDA-MB-435	ordinal	EX_ahcys_e	0.0	0.0	0.638934592818327	primary	optimal
twostage-20260916T061947Z	ME:MDA-MB-435	ordinal	EX_akg_e	0.0	0.0	33.28758081895977	primary	optimal
twostage-20260916T061947Z	ME:MDA-MB-435	ordinal	EX_ala__L_e	1e-06	0.0	44.52008694589712	primary	optimal
twostage-20260916T061947Z	ME:MDA-MB-435	ordinal	EX_amp_e	0.0	0.0	0.5652902168948076	primary	optimal
twostage-20260916T061947Z	ME:MDA-MB-435	ordinal	EX_anth_e	0.0	0.0	2.8842297167368134	primary	optimal
twostage-20260916T061947Z	ME:MDA-MB-435	ordinal	EX_arg__L_e	-9.999999	-10.0	1.85490613593667	primary	optimal
twostage-20260916T061947Z	ME:MDA-MB-435	ordinal	EX_asn__L_e	-9.999999	-10.0	5.462972656083896	primary	optimal
twostage-20260916T061947Z	ME:MDA-MB-435	ordinal	EX_asp__L_e	-9.999999	-10.0	22.19216494479171	primary	optimal
twostage-20260916T061947Z	ME:MDA-MB-435	ordinal	EX_bilirub_e	0.0	0.0	0.3696009707646899	primary	optimal
twostage-20260916T061947Z	ME:MDA-MB-435	ordinal	EX_cala_e	0.0	0.0	2.2304010110714927	primary	optimal
twostage-20260916T061947Z	ME:MDA-MB-435	ordinal	EX_chol_e	-9.999999	-10.0	0.14967733078694082	primary	optimal
twostage-20260916T061947Z	ME:MDA-MB-435	ordinal	EX_cholp_e	0.0	0.0	5.769946936807914	primary	optimal
twostage-20260916T061947Z	ME:MDA-MB-435	ordinal	EX_cit_e	9.999999999999997e-07	0.0	29.493745313009732	primary	optimal
twostage-20260916T061947Z	ME:MDA-MB-435	ordinal	EX_citr__L_e	0.0	0.0	12.901026385087226	primary	optimal
twostage-20260916T061947Z	ME:MDA-MB-435	ordinal	EX_cmp_e	0.0	0.0	0.0	primary	optimal
twostage-20260916T061947Z	ME:MDA-MB-435	ordinal	EX_crn_e	-0.9999989999999999	-1.0	-2.3314683517128287e-15	primary	optimal
twostage-20260916T061947Z	ME:MDA-MB-435	ordinal	EX_cyst__L_e	0.0	0.0	2.589714637230204	primary	optimal
twostage-20260916T061947Z	ME:MDA-MB-435	ordinal	EX_cytd_e	0.0	0.0	1.3050129691943324	primary	optimal
twostage-20260916T061947Z	ME:MDA-MB-435	ordinal	EX_dad_2_e	0.0	0.0	0.6707102605537479	primary	optimal
twostage-20260916T061947Z	ME:MDA-MB-435	ordinal	EX_dcmp_e	0.0	0.0	1.1305429188788958	primary	optimal
twostage-20260916T061947Z	ME:MDA-MB-435	ordinal	EX_dcyt_e	0.0	0.0	1.3318435394360872	primary	optimal
twostage-20260916T061947Z	ME:MDA-MB-435	ordinal	EX_dhap_e	0.0	0.0	3.582716117483385	primary	optimal
twostage-20260916T061947Z	ME:MDA-MB-435	ordinal	EX_dmgly_e	0.0	0.0	3.2050308743105864	primary	optimal
twostage-20260916T061947Z	ME:MDA-MB-435	ordinal	EX_duri_e	0.0	0.0	1.3078510104175307	primary	optimal
twostage-20260916T061947Z	ME:MDA-MB-435	ordinal	EX_ethamp_e	0.0	0.0	6.071678091942419	primary	optimal
twostage-20260916T061947Z	ME:MDA-MB-435	ordinal	EX_fol_e	-9.999999	-10.0	8.881784197001252e-15	primary	optimal
twostage-20260916T061947Z	ME:MDA-MB-435	ordinal	EX_fum_e	1e-06	0.0	39.51303053181315	primary	optimal
twostage-20260916T061947Z	ME:MDA-MB-435	ordinal	EX_g3pc_e	0.0	0.0	1.8029498762514802	primary	optimal
twostage-20260916T061947Z	ME:MDA-MB-435	ordinal	EX_glc__D_e	-10.0	-10.0	-5.74709591210907	primary	optimal
twostage-20260916T061947Z	ME:MDA-MB-435	ordinal	EX_glcur_e	0.0	0.0	3.137585683210156	primary	optimal
twostage-20260916T061947Z	ME:MDA-MB-435	ordinal	EX_gln__L_e	-9.999999000000003	-10.0	3.6907883942199584	primary	optimal
twostage-20260916T061947Z	ME:MDA-MB-435	ordinal	EX_glu__L_e	-9.999999	-10.0	20.201628975798787	primary	optimal
twostage-20260916T061947Z	ME:MDA-MB-435	ordinal	EX_gly_e	-9.999998999999999	-10.0	22.482203903653932	primary	optimal
twostage-20260916T061947Z	ME:MDA-MB-435	ordinal	EX_glyald_e	0.0	0.0	7.915302440041547	primary	optimal
twostage-20260916T061947Z	ME:MDA-MB-435	ordinal	EX_glyb_e	0.0	0.0	9.715819575502382	primary	optimal
twostage-20260916T061947Z	ME:MDA-MB-435	ordinal	EX_glyc3p_e	0.0	0.0	3.450512447427985	primary	optimal
twostage-20260916T061947Z	ME:MDA-MB-435	ordinal	EX_gmp_e	0.0	0.0	0.0	primary	optimal
twostage-20260916T061947Z	ME:MDA-MB-435	ordinal	EX_gthox_e	0.0	0.0	5.083615932601539	primary	optimal
twostage-20260916T061947Z	ME:MDA-MB-435	ordinal	EX_hcys__L_e	0.0	0.0	3.7071394465090077	primary	optimal
twostage-20260916T061947Z	ME:MDA-MB-435	ordinal	EX_hom__L_e	0.0	0.0	0.0	primary	optimal
twostage-20260916T061947Z	ME:MDA-MB-435	ordinal	EX_hxan_e	0.0	0.0	1.0214386560759603	primary	optimal
twostage-20260916T061947Z	ME:MDA-MB-435	ordinal	EX_icit_e	0.0	0.0	26.538469386974814	primary	optimal
twostage-20260916T061947Z	ME:MDA-MB-435	ordinal	EX_ile__L_e	-9.999999	-10.0	-0.9398300444600203	primary	optimal
twostage-20260916T061947Z	ME:MDA-MB-435	ordinal	EX_imp_e	0.0	0.0	0.7657149815658697	primary	optimal
twostage-20260916T061947Z	ME:MDA-MB-435	ordinal	EX_ins_e	0.0	0.0	0.7606572795640321	primary	optimal
twostage-20260916T061947Z	ME:MDA-MB-435	ordinal	EX_lac__L_e	-0.999999	-1.0	51.7032781764637	primary	optimal
twostage-20260916T061947Z	ME:MDA-MB-435	ordinal	EX_lcts_e	0.0	0.0	1.1751804458284645	primary	optimal
twostage-20260916T061947Z	ME:MDA-MB-435	ordinal	EX_leu__L_e	-9.999999	-10.0	-1.7922337326704483	primary	optimal
twostage-20260916T061947Z	ME:MDA-MB-435	ordinal	EX_lys__L_e	-9.999999	-10.0	-1.945226570884163	primary	optimal
twostage-20260916T061947Z	ME:MDA-MB-435	ordinal	EX_mal__L_e	1e-06	0.0	34.85493131692622	primary	optimal
twostage-20260916T061947Z	ME:MDA-MB-435	ordinal	EX_met__L_e	-9.902044589170691	-10.0	-0.5026982632120891	primary	optimal
twostage-20260916T061947Z	ME:MDA-MB-435	ordinal	EX_nac_e	0.0	0.0	10.472471489647841	primary	optimal
twostage-20260916T061947Z	ME:MDA-MB-435	ordinal	EX_ncam_e	-1.825576812840994e-08	-10.0	8.881784197001252e-15	primary	optimal
twostage-20260916T061947Z	ME:MDA-MB-435	ordinal	EX_nicrnt_e	0.0	0.0	1.8301768033950454	primary	optimal
twostage-20260916T061947Z	ME:MDA-MB-435	ordinal	EX_orn_e	0.0	0.0	25.978840873036614	primary	optimal
twostage-20260916T061947Z	ME:MDA-MB-435	ordinal	EX_orot5p_e	0.0	0.0	1.1358210598772065	primary	optimal
twostage-20260916T061947Z	ME:MDA-MB-435	ordinal	EX_orot_e	0.0	0.0	2.665328847658338	primary	optimal
twostage-20260916T061947Z	ME:MDA-MB-435	ordinal	EX_oxa_e	0.0	0.0	5.718003193386234	primary	optimal
twostage-20260916T061947Z	ME:MDA-MB-435	ordinal	EX_pep_e	0.0	0.0	6.0716780919425695	primary	optimal
twostage-20260916T061947Z	ME:MDA-MB-435	ordinal	EX_phe__L_e	-0.8524045629687874	-10.0	-0.8524036882104262	primary	optimal
twostage-20260916T061947Z	ME:MDA-MB-435	ordinal	EX_pnto__R_e	0.0	-10.0	0.05000000000000071	primary	optimal
twostage-20260916T061947Z	ME:MDA-MB-435	ordinal	EX_pro__L_e	-1.3551019514225024	-10.0	17.14361803610909	primary	optimal
twostage-20260916T061947Z	ME:MDA-MB-435	ordinal	EX_quln_e	0.0	0.0	1.0310668125109081	primary	optimal
twostage-20260916T061947Z	ME:MDA-MB-435	ordinal	EX_sbt__D_e	0.0	0.0	0.0	primary	optimal
twostage-20260916T061947Z	ME:MDA-MB-435	ordinal	EX_ser__L_e	-10.0	-10.0	-1.4648431485802884	primary	optimal
twostage-20260916T061947Z	ME:MDA-MB-435	ordinal	EX_spmd_e	0.0	0.0	1.0025573526460807	primary	optimal
twostage-20260916T061947Z	ME:MDA-MB-435	ordinal	EX_sprm_e	0.0	0.0	0.5108960262670278	primary	optimal
twostage-20260916T061947Z	ME:MDA-MB-435	ordinal	EX_srtn_e	0.0	0.0	3.029637826897186	primary	optimal
twostage-20260916T061947Z	ME:MDA-MB-435	ordinal	EX_succ_e	18.223848850495727	0.0	54.1048074579745	primary	optimal
twostage-20260916T061947Z	ME:MDA-MB-435	ordinal	EX_sucr_e	0.0	0.0	0.0	primary	optimal
twostage-20260916T061947Z	ME:MDA-MB-435	ordinal	EX_taur_e	0.0	0.0	2.7227701037524064	primary	optimal
twostage-20260916T061947Z	ME:MDA-MB-435	ordinal	EX_tchola_e	0.0	0.0	0.5904876649343088	primary	optimal
twostage-20260916T061947Z	ME:MDA-MB-435	ordinal	EX_thr__L_e	-1.027256400709608	-10.0	-1.0272564007095468	primary	optimal
twostage-20260916T061947Z	ME:MDA-MB-435	ordinal	EX_thym_e	0.0	0.0	1.6637869070463978	primary	optimal
twostage-20260916T061947Z	ME:MDA-MB-435	ordinal	EX_thymd_e	0.0	0.0	1.0921137183889953	primary	optimal
twostage-20260916T061947Z	ME:MDA-MB-435	ordinal	EX_trp__L_e	-0.04371317812479468	-10.0	-0.04371317812479525	primary	optimal
twostage-20260916T061947Z	ME:MDA-MB-435	ordinal	EX_tyr__L_e	-0.5245548522744695	-10.0	2.7772381482241215	primary	optimal
twostage-20260916T061947Z	ME:MDA-MB-435	ordinal	EX_ump_e	0.0	0.0	0.8382258459815831	primary	optimal
twostage-20260916T061947Z	ME:MDA-MB-435	ordinal	EX_ura_e	0.0	0.0	2.353599779282183	primary	optimal
twostage-20260916T061947Z	ME:MDA-MB-435	ordinal	EX_urate_e	0.0	0.0	0.9793978757314137	primary	optimal
twostage-20260916T061947Z	ME:MDA-MB-435	ordinal	EX_uri_e	0.0	0.0	1.3165474509193063	primary	optimal
twostage-20260916T061947Z	ME:MDA-MB-435	ordinal	EX_val__L_e	-1.1583926947634953	-10.0	-1.1583926498609234	primary	optimal
twostage-20260916T061947Z	ME:MDA-MB-435	ordinal	EX_xan_e	0.0	0.0	1.0071562848837685	primary	optimal
twostage-20260916T061947Z	ME:MDA-MB-435	ordinal	EX_xmp_e	0.0	0.0	0.7554228832034273	primary	optimal
twostage-20260916T061947Z	ME:MDA-MB-435	ordinal	EX_xtsn_e	0.0	0.0	0.7496360652283788	primary	optimal
twostage-20260916T061947Z	ME:SK-MEL-2	ordinal	EX_2pg_e	0.0	0.0	6.071678091942356	primary	optimal
twostage-20260916T061947Z	ME:SK-MEL-2	ordinal	EX_34hpp_e	0.0	0.0	12.232283516829511	primary	optimal
twostage-20260916T061947Z	ME:SK-MEL-2	ordinal	EX_3hanthrn_e	0.0	0.0	1.6205473908335557	primary	optimal
twostage-20260916T061947Z	ME:SK-MEL-2	ordinal	EX_3pg_e	0.0	0.0	6.071678091942479	primary	optimal
twostage-20260916T061947Z	ME:SK-MEL-2	ordinal	EX_4abut_e	0.0	0.0	20.452066065308603	primary	optimal
twostage-20260916T061947Z	ME:SK-MEL-2	ordinal	EX_4hbz_e	0.0	0.0	4.303598199917125	primary	optimal
twostage-20260916T061947Z	ME:SK-MEL-2	ordinal	EX_L2aadp_e	0.0	0.0	8.321637622335913	primary	optimal
twostage-20260916T061947Z	ME:SK-MEL-2	ordinal	EX_Lkynr_e	0.0	0.0	3.2557934201249874	primary	optimal
twostage-20260916T061947Z	ME:SK-MEL-2	ordinal	EX_acac_e	0.0	0.0	11.578678407894591	primary	optimal
twostage-20260916T061947Z	ME:SK-MEL-2	ordinal	EX_ade_e	0.0	0.0	0.9517332256928372	primary	optimal
twostage-20260916T061947Z	ME:SK-MEL-2	ordinal	EX_adn_e	0.0	0.0	0.7403425451297844	primary	optimal
twostage-20260916T061947Z	ME:SK-MEL-2	ordinal	EX_ahcys_e	0.0	0.0	0.7019189480204823	primary	optimal
twostage-20260916T061947Z	ME:SK-MEL-2	ordinal	EX_akg_e	1.0000000000000002e-06	0.0	35.21188477034444	primary	optimal
twostage-20260916T061947Z	ME:SK-MEL-2	ordinal	EX_ala__L_e	1e-06	0.0	50.690923381780884	primary	optimal
twostage-20260916T061947Z	ME:SK-MEL-2	ordinal	EX_amp_e	0.0	0.0	0.6214054688543402	primary	optimal
twostage-20260916T061947Z	ME:SK-MEL-2	ordinal	EX_anth_e	0.0	0.0	3.0481858898601963	primary	optimal
twostage-20260916T061947Z	ME:SK-MEL-2	ordinal	EX_arg__L_e	-9.999999	-10.0	2.1068460754317053	primary	optimal
twostage-20260916T061947Z	ME:SK-MEL-2	ordinal	EX_asn__L_e	-9.999999000000003	-10.0	5.947063181171909	primary	optimal
twostage-20260916T061947Z	ME:SK-MEL-2	ordinal	EX_asp__L_e	-9.999999000000003	-10.0	23.310890677884124	primary	optimal
twostage-20260916T061947Z	ME:SK-MEL-2	ordinal	EX_bilirub_e	0.0	0.0	0.39176424755776906	primary	optimal
twostage-20260916T061947Z	ME:SK-MEL-2	ordinal	EX_cala_e	0.0	0.0	2.4041782965589014	primary	optimal
twostage-20260916T061947Z	ME:SK-MEL-2	ordinal	EX_chol_e	-9.999999000000003	-10.0	0.18163120116574705	primary	optimal
twostage-20260916T061947Z	ME:SK-MEL-2	ordinal	EX_cholp_e	0.0	0.0	6.031574507679635	primary	optimal
twostage-20260916T061947Z	ME:SK-MEL-2	ordinal	EX_cit_e	1e-06	0.0	30.77432986472322	primary	optimal
twostage-20260916T061947Z	ME:SK-MEL-2	ordinal	EX_citr__L_e	0.0	0.0	13.509290222758514	primary	optimal
twostage-20260916T061947Z	ME:SK-MEL-2	ordinal	EX_cmp_e	0.0	0.0	0.0	primary	optimal
twostage-20260916T061947Z	ME:SK-MEL-2	ordinal	EX_crn_e	-0.999999	-1.0	8.215650382226158e-15	primary	optimal
twostage-20260916T061947Z	ME:SK-MEL-2	ordinal	EX_cyst__L_e	0.0	0.0	2.8503307514880887	primary	optimal
twostage-20260916T061947Z	ME:SK-MEL-2	ordinal	EX_cytd_e	0.0	0.0	1.4318637242835524	primary	optimal
twostage-20260916T061947Z	ME:SK-MEL-2	ordinal	EX_dad_2_e	0.0	0.0	0.7372938214459981	primary	optimal
twostage-20260916T061947Z	ME:SK-MEL-2	ordinal	EX_dcmp_e	0.0	0.0	1.243910282359717	primary	optimal
twostage-20260916T061947Z	ME:SK-MEL-2	ordinal	EX_dcyt_e	0.0	0.0	1.4618192906649667	primary	optimal
twostage-20260916T061947Z	ME:SK-MEL-2	ordinal	EX_dhap_e	0.0	0.0	3.95963340218722	primary	optimal
twostage-20260916T061947Z	ME:SK-MEL-2	ordinal	EX_dmgly_e	0.0	0.0	3.583054995865775	primary	optimal
twostage-20260916T061947Z	ME:SK-MEL-2	ordinal	EX_duri_e	0.0	0.0	1.4297210472146522	primary	optimal
twostage-20260916T061947Z	ME:SK-MEL-2	ordinal	EX_ethamp_e	0.0	0.0	6.071678091942553	primary	optimal
twostage-20260916T061947Z	ME:SK-MEL-2	ordinal	EX_fol_e	-9.999999	-10.0	0.0	primary	optimal
twostage-20260916T061947Z	ME:SK-MEL-2	ordinal	EX_fum_e	1e-06	0.0	40.26243301651039	primary	optimal
twostage-20260916T061947Z	ME:SK-MEL-2	ordinal	EX_g3pc_e	0.0	0.0	1.943541219661848	primary	optimal
twostage-20260916T061947Z	ME:SK-MEL-2	ordinal	EX_glc__D_e	-10.0	-10.0	-5.4650921891757225	primary	optimal
twostage-20260916T061947Z	ME:SK-MEL-2	ordinal	EX_glcur_e	0.0	0.0	3.28144784042291	primary	optimal
twostage-20260916T061947Z	ME:SK-MEL-2	ordinal	EX_gln__L_e	-9.999999	-10.0	4.253415935602536	primary	optimal
twostage-20260916T061947Z	ME:SK-MEL-2	ordinal	EX_glu__L_e	-9.999999000000003	-10.0	21.373626221153337	primary	optimal
twostage-20260916T061947Z	ME:SK-MEL-2	ordinal	EX_gly_e	-9.999999	-10.0	24.09310671901475	primary	optimal
twostage-20260916T061947Z	ME:SK-MEL-2	ordinal	EX_glyald_e	0.0	0.0	8.476117744932536	primary	optimal
twostage-20260916T061947Z	ME:SK-MEL-2	ordinal	EX_glyb_e	0.0	0.0	9.74944100311157	primary	optimal
twostage-20260916T061947Z	ME:SK-MEL-2	ordinal	EX_glyc3p_e	0.0	0.0	3.811683722547248	primary	optimal
twostage-20260916T061947Z	ME:SK-MEL-2	ordinal	EX_gmp_e	0.0	0.0	0.0	primary	optimal
twostage-20260916T061947Z	ME:SK-MEL-2	ordinal	EX_gthox_e	0.0	0.0	5.180925514045998	primary	optimal
twostage-20260916T061947Z	ME:SK-MEL-2	ordinal	EX_hcys__L_e	0.0	0.0	4.072411362742649	primary	optimal
twostage-20260916T061947Z	ME:SK-MEL-2	ordinal	EX_hom__L_e	0.0	0.0	0.0	primary	optimal
twostage-20260916T061947Z	ME:SK-MEL-2	ordinal	EX_hxan_e	0.0	0.0	1.11933970455117	primary	optimal
twostage-20260916T061947Z	ME:SK-MEL-2	ordinal	EX_icit_e	1e-06	0.0	28.23126674469285	primary	optimal
twostage-20260916T061947Z	ME:SK-MEL-2	ordinal	EX_ile__L_e	-9.999999	-10.0	-0.939830044460015	primary	optimal
twostage-20260916T061947Z	ME:SK-MEL-2	ordinal	EX_imp_e	0.0	0.0	0.8429498809341089	primary	optimal
twostage-20260916T061947Z	ME:SK-MEL-2	ordinal	EX_ins_e	0.0	0.0	0.836702264209062	primary	optimal
twostage-20260916T061947Z	ME:SK-MEL-2	ordinal	EX_lac__L_e	-0.9999990000000001	-1.0	53.399262346902766	primary	optimal
twostage-20260916T061947Z	ME:SK-MEL-2	ordinal	EX_lcts_e	0.0	0.0	1.286038835036642	primary	optimal
twostage-20260916T061947Z	ME:SK-MEL-2	ordinal	EX_leu__L_e	-9.999999	-10.0	-1.7922337326704483	primary	optimal
twostage-20260916T061947Z	ME:SK-MEL-2	ordinal	EX_lys__L_e	-9.999999	-10.0	-1.9452265708841683	primary	optimal
twostage-20260916T061947Z	ME:SK-MEL-2	ordinal	EX_mal__L_e	1e-06	0.0	35.69475279142334	primary	optimal
twostage-20260916T061947Z	ME:SK-MEL-2	ordinal	EX_met__L_e	-9.999999	-10.0	-0.5026982632120749	primary	optimal
twostage-20260916T061947Z	ME:SK-MEL-2	ordinal	EX_nac_e	1.4838626904565948e-15	0.0	10.489060392173196	primary	optimal
twostage-20260916T061947Z	ME:SK-MEL-2	ordinal	EX_ncam_e	-3.000337566938598	-10.0	7.105427357601002e-15	primary	optimal
twostage-20260916T061947Z	ME:SK-MEL-2	ordinal	EX_nicrnt_e	0.0	0.0	1.9976613102940846	primary	optimal
twostage-20260916T061947Z	ME:SK-MEL-2	ordinal	EX_orn_e	0.0	0.0	26.68053379325187	primary	optimal
twostage-20260916T061947Z	ME:SK-MEL-2	ordinal	EX_orot5p_e	0.0	0.0	1.2469876721053241	primary	optimal
twostage-20260916T061947Z	ME:SK-MEL-2	ordinal	EX_orot_e	0.0	0.0	2.8933475299176754	primary	optimal
twostage-20260916T061947Z	ME:SK-MEL-2	ordinal	EX_oxa_e	0.0	0.0	6.088282811142526	primary	optimal
twostage-20260916T061947Z	ME:SK-MEL-2	ordinal	EX_pep_e	0.0	0.0	6.071678091942791	primary	optimal
twostage-20260916T061947Z	ME:SK-MEL-2	ordinal	EX_phe__L_e	-0.8524037649059903	-10.0	-0.8524036882104298	primary	optimal
twostage-20260916T061947Z	ME:SK-MEL-2	ordinal	EX_pnto__R_e	0.0	-10.0	0.04999999999999716	primary	optimal
twostage-20260916T061947Z	ME:SK-MEL-2	ordinal	EX_pro__L_e	-1.3551019514225018	-10.0	17.81398808556851	primary	optimal
twostage-20260916T061947Z	ME:SK-MEL-2	ordinal	EX_quln_e	0.0	0.0	1.082919869720216	primary	optimal
twostage-20260916T061947Z	ME:SK-MEL-2	ordinal	EX_sbt__D_e	0.0	0.0	0.0	primary	optimal
twostage-20260916T061947Z	ME:SK-MEL-2	ordinal	EX_ser__L_e	-10.0	-10.0	-0.8234074277623518	primary	optimal
twostage-20260916T061947Z	ME:SK-MEL-2	ordinal	EX_spmd_e	0.0	0.0	1.0825099550101551	primary	optimal
twostage-20260916T061947Z	ME:SK-MEL-2	ordinal	EX_sprm_e	0.0	0.0	0.551861465677586	primary	optimal
twostage-20260916T061947Z	ME:SK-MEL-2	ordinal	EX_srtn_e	0.0	0.0	3.1816964687715155	primary	optimal
twostage-20260916T061947Z	ME:SK-MEL-2	ordinal	EX_succ_e	13.408555621920078	0.0	52.501394711019195	primary	optimal
twostage-20260916T061947Z	ME:SK-MEL-2	ordinal	EX_sucr_e	0.0	0.0	0.0	primary	optimal
twostage-20260916T061947Z	ME:SK-MEL-2	ordinal	EX_taur_e	0.0	0.0	2.894731429815203	primary	optimal
twostage-20260916T061947Z	ME:SK-MEL-2	ordinal	EX_tchola_e	0.0	0.0	0.6218127155689296	primary	optimal
twostage-20260916T061947Z	ME:SK-MEL-2	ordinal	EX_thr__L_e	-1.0272564007096083	-10.0	-1.0272564007096108	primary	optimal
twostage-20260916T061947Z	ME:SK-MEL-2	ordinal	EX_thym_e	0.0	0.0	1.817930423458188	primary	optimal
twostage-20260916T061947Z	ME:SK-MEL-2	ordinal	EX_thymd_e	0.0	0.0	1.1874384431662701	primary	optimal
twostage-20260916T061947Z	ME:SK-MEL-2	ordinal	EX_trp__L_e	-0.04371317812479467	-10.0	-0.04371317812480768	primary	optimal
twostage-20260916T061947Z	ME:SK-MEL-2	ordinal	EX_tyr__L_e	-0.5245548522744693	-10.0	2.9245875400417325	primary	optimal
twostage-20260916T061947Z	ME:SK-MEL-2	ordinal	EX_ump_e	0.0	0.0	0.9190610468283757	primary	optimal
twostage-20260916T061947Z	ME:SK-MEL-2	ordinal	EX_ura_e	0.0	0.0	2.5667923548930354	primary	optimal
twostage-20260916T061947Z	ME:SK-MEL-2	ordinal	EX_urate_e	0.0	0.0	1.071817786525254	primary	optimal
twostage-20260916T061947Z	ME:SK-MEL-2	ordinal	EX_uri_e	0.0	0.0	1.4392662025596867	primary	optimal
twostage-20260916T061947Z	ME:SK-MEL-2	ordinal	EX_val__L_e	-1.1583928518567472	-10.0	-1.1583926498609252	primary	optimal
twostage-20260916T061947Z	ME:SK-MEL-2	ordinal	EX_xan_e	0.0	0.0	1.100837830968699	primary	optimal
twostage-20260916T061947Z	ME:SK-MEL-2	ordinal	EX_xmp_e	0.0	0.0	0.831740280377197	primary	optimal
twostage-20260916T061947Z	ME:SK-MEL-2	ordinal	EX_xtsn_e	0.0	0.0	0.8250988916158464	primary	optimal
twostage-20260916T061947Z	ME:SK-MEL-28	ordinal	EX_2pg_e	0.0	0.0	6.071678091942485	primary	optimal
twostage-20260916T061947Z	ME:SK-MEL-28	ordinal	EX_34hpp_e	0.0	0.0	12.509626194321536	primary	optimal
twostage-20260916T061947Z	ME:SK-MEL-28	ordinal	EX_3hanthrn_e	0.0	0.0	1.7545552994057165	primary	optimal
twostage-20260916T061947Z	ME:SK-MEL-28	ordinal	EX_3pg_e	0.0	0.0	6.0716780919426	primary	optimal
twostage-20260916T061947Z	ME:SK-MEL-28	ordinal	EX_4abut_e	0.0	0.0	23.41536462207639	primary	optimal
twostage-20260916T061947Z	ME:SK-MEL-28	ordinal	EX_4hbz_e	0.0	0.0	4.736179880307671	primary	optimal
twostage-20260916T061947Z	ME:SK-MEL-28	ordinal	EX_L2aadp_e	0.0	0.0	8.401518302073548	primary	optimal
twostage-20260916T061947Z	ME:SK-MEL-28	ordinal	EX_Lkynr_e	0.0	0.0	3.537527517762773	primary	optimal
twostage-20260916T061947Z	ME:SK-MEL-28	ordinal	EX_acac_e	0.0	0.0	13.012058081472153	primary	optimal
twostage-20260916T061947Z	ME:SK-MEL-28	ordinal	EX_ade_e	0.0	0.0	1.05739882457017	primary	optimal
twostage-20260916T061947Z	ME:SK-MEL-28	ordinal	EX_adn_e	0.0	0.0	0.8203044453204357	primary	optimal
twostage-20260916T061947Z	ME:SK-MEL-28	ordinal	EX_ahcys_e	0.0	0.0	0.7768137199631736	primary	optimal
twostage-20260916T061947Z	ME:SK-MEL-28	ordinal	EX_akg_e	0.0	0.0	36.2551656029363	primary	optimal
twostage-20260916T061947Z	ME:SK-MEL-28	ordinal	EX_ala__L_e	1e-06	0.0	53.40635508308217	primary	optimal
twostage-20260916T061947Z	ME:SK-MEL-28	ordinal	EX_amp_e	0.0	0.0	0.6877435810512091	primary	optimal
twostage-20260916T061947Z	ME:SK-MEL-28	ordinal	EX_anth_e	0.0	0.0	3.286175711662305	primary	optimal
twostage-20260916T061947Z	ME:SK-MEL-28	ordinal	EX_arg__L_e	-9.999999	-10.0	2.4802130254749817	primary	optimal
twostage-20260916T061947Z	ME:SK-MEL-28	ordinal	EX_asn__L_e	-9.999999	-10.0	6.619155825772872	primary	optimal
twostage-20260916T061947Z	ME:SK-MEL-28	ordinal	EX_asp__L_e	-9.999999	-10.0	25.18102453330728	primary	optimal
twostage-20260916T061947Z	ME:SK-MEL-28	ordinal	EX_bilirub_e	0.0	0.0	0.4346510300086084	primary	optimal
twostage-20260916T061947Z	ME:SK-MEL-28	ordinal	EX_cala_e	0.0	0.0	2.6633570012875705	primary	optimal
twostage-20260916T061947Z	ME:SK-MEL-28	ordinal	EX_chol_e	-9.999999000000003	-10.0	0.29191112572468225	primary	optimal
twostage-20260916T061947Z	ME:SK-MEL-28	ordinal	EX_cholp_e	0.0	0.0	6.0716780919423465	primary	optimal
twostage-20260916T061947Z	ME:SK-MEL-28	ordinal	EX_cit_e	1e-06	0.0	30.468588960536408	primary	optimal
twostage-20260916T061947Z	ME:SK-MEL-28	ordinal	EX_citr__L_e	0.0	0.0	14.346095641470534	primary	optimal
twostage-20260916T061947Z	ME:SK-MEL-28	ordinal	EX_cmp_e	0.0	0.0	0.0	primary	optimal
twostage-20260916T061947Z	ME:SK-MEL-28	ordinal	EX_crn_e	-0.9999990000000002	-1.0	3.774758283725532e-15	primary	optimal
twostage-20260916T061947Z	ME:SK-MEL-28	ordinal	EX_cyst__L_e	0.0	0.0	3.086508497810666	primary	optimal
twostage-20260916T061947Z	ME:SK-MEL-28	ordinal	EX_cytd_e	0.0	0.0	1.587450969806314	primary	optimal
twostage-20260916T061947Z	ME:SK-MEL-28	ordinal	EX_dad_2_e	0.0	0.0	0.8196879910972743	primary	optimal
twostage-20260916T061947Z	ME:SK-MEL-28	ordinal	EX_dcmp_e	0.0	0.0	1.3857275198447787	primary	optimal
twostage-20260916T061947Z	ME:SK-MEL-28	ordinal	EX_dcyt_e	0.0	0.0	1.628292772059871	primary	optimal
twostage-20260916T061947Z	ME:SK-MEL-28	ordinal	EX_dhap_e	0.0	0.0	4.388044206163041	primary	optimal
twostage-20260916T061947Z	ME:SK-MEL-28	ordinal	EX_dmgly_e	0.0	0.0	3.9058304867665923	primary	optimal
twostage-20260916T061947Z	ME:SK-MEL-28	ordinal	EX_duri_e	0.0	0.0	1.5899368412755803	primary	optimal
twostage-20260916T061947Z	ME:SK-MEL-28	ordinal	EX_ethamp_e	0.0	0.0	6.071678091942589	primary	optimal
twostage-20260916T061947Z	ME:SK-MEL-28	ordinal	EX_fol_e	-9.999999	-10.0	-7.105427357601002e-15	primary	optimal
twostage-20260916T061947Z	ME:SK-MEL-28	ordinal	EX_fum_e	1.0000000000000002e-06	0.0	41.696480020905724	primary	optimal
twostage-20260916T061947Z	ME:SK-MEL-28	ordinal	EX_g3pc_e	0.0	0.0	2.0950545761880353	primary	optimal
twostage-20260916T061947Z	ME:SK-MEL-28	ordinal	EX_glc__D_e	-10.0	-10.0	-5.189858882729067	primary	optimal
twostage-20260916T061947Z	ME:SK-MEL-28	ordinal	EX_glcur_e	0.0	0.0	3.5715948202730963	primary	optimal
twostage-20260916T061947Z	ME:SK-MEL-28	ordinal	EX_gln__L_e	-9.999999	-10.0	4.863655091061817	primary	optimal
twostage-20260916T061947Z	ME:SK-MEL-28	ordinal	EX_glu__L_e	-9.999999000000003	-10.0	22.208365058551802	primary	optimal
twostage-20260916T061947Z	ME:SK-MEL-28	ordinal	EX_gly_e	-9.999999	-10.0	26.08940475867565	primary	optimal
twostage-20260916T061947Z	ME:SK-MEL-28	ordinal	EX_glyald_e	0.0	0.0	9.178661084085961	primary	optimal
twostage-20260916T061947Z	ME:SK-MEL-28	ordinal	EX_glyb_e	0.0	0.0	9.856318335981944	primary	optimal
twostage-20260916T061947Z	ME:SK-MEL-28	ordinal	EX_glyc3p_e	0.0	0.0	4.2298336286495815	primary	optimal
twostage-20260916T061947Z	ME:SK-MEL-28	ordinal	EX_gmp_e	0.0	0.0	0.0	primary	optimal
twostage-20260916T061947Z	ME:SK-MEL-28	ordinal	EX_gthox_e	0.0	0.0	5.30845462100599	primary	optimal
twostage-20260916T061947Z	ME:SK-MEL-28	ordinal	EX_hcys__L_e	0.0	0.0	4.446061394139672	primary	optimal
twostage-20260916T061947Z	ME:SK-MEL-28	ordinal	EX_hom__L_e	0.0	0.0	0.0	primary	optimal
twostage-20260916T061947Z	ME:SK-MEL-28	ordinal	EX_hxan_e	0.0	0.0	1.237860432293004	primary	optimal
twostage-20260916T061947Z	ME:SK-MEL-28	ordinal	EX_icit_e	0.0	0.0	29.123635589985117	primary	optimal
twostage-20260916T061947Z	ME:SK-MEL-28	ordinal	EX_ile__L_e	-9.999999	-10.0	-0.9398300444600167	primary	optimal
twostage-20260916T061947Z	ME:SK-MEL-28	ordinal	EX_imp_e	0.0	0.0	0.9319272385338514	primary	optimal
twostage-20260916T061947Z	ME:SK-MEL-28	ordinal	EX_ins_e	0.0	0.0	0.9245573254527112	primary	optimal
twostage-20260916T061947Z	ME:SK-MEL-28	ordinal	EX_lac__L_e	-0.9999990000000001	-1.0	54.2561145890825	primary	optimal
twostage-20260916T061947Z	ME:SK-MEL-28	ordinal	EX_lcts_e	0.0	0.0	1.404060930743083	primary	optimal
twostage-20260916T061947Z	ME:SK-MEL-28	ordinal	EX_leu__L_e	-9.999999	-10.0	-1.7922337326704376	primary	optimal
twostage-20260916T061947Z	ME:SK-MEL-28	ordinal	EX_lys__L_e	-9.999999	-10.0	-1.9452265708841843	primary	optimal
twostage-20260916T061947Z	ME:SK-MEL-28	ordinal	EX_mal__L_e	1.0000000000000002e-06	0.0	36.94782283126079	primary	optimal
twostage-20260916T061947Z	ME:SK-MEL-28	ordinal	EX_met__L_e	-9.999999	-10.0	-0.5026982632120713	primary	optimal
twostage-20260916T061947Z	ME:SK-MEL-28	ordinal	EX_nac_e	-2.845272605800754e-15	0.0	10.671777991141047	primary	optimal
twostage-20260916T061947Z	ME:SK-MEL-28	ordinal	EX_ncam_e	-9.999999	-10.0	-8.881784197001252e-16	primary	optimal
twostage-20260916T061947Z	ME:SK-MEL-28	ordinal	EX_nicrnt_e	0.0	0.0	2.2008276941052625	primary	optimal
twostage-20260916T061947Z	ME:SK-MEL-28	ordinal	EX_orn_e	0.0	0.0	29.514203191894417	primary	optimal
twostage-20260916T061947Z	ME:SK-MEL-28	ordinal	EX_orot5p_e	0.0	0.0	1.3835751701947936	primary	optimal
twostage-20260916T061947Z	ME:SK-MEL-28	ordinal	EX_orot_e	0.0	0.0	3.2677992395122213	primary	optimal
twostage-20260916T061947Z	ME:SK-MEL-28	ordinal	EX_oxa_e	0.0	0.0	6.7674677130383945	primary	optimal
twostage-20260916T061947Z	ME:SK-MEL-28	ordinal	EX_pep_e	0.0	0.0	6.071678091942355	primary	optimal
twostage-20260916T061947Z	ME:SK-MEL-28	ordinal	EX_phe__L_e	-4.831936105992867	-10.0	-0.8524036882104298	primary	optimal
twostage-20260916T061947Z	ME:SK-MEL-28	ordinal	EX_pnto__R_e	0.0	-10.0	0.05000000000000426	primary	optimal
twostage-20260916T061947Z	ME:SK-MEL-28	ordinal	EX_pro__L_e	-1.3551019514225016	-10.0	19.95761603949459	primary	optimal
twostage-20260916T061947Z	ME:SK-MEL-28	ordinal	EX_quln_e	0.0	0.0	1.1742560289001625	primary	optimal
twostage-20260916T061947Z	ME:SK-MEL-28	ordinal	EX_sbt__D_e	0.0	0.0	0.0	primary	optimal
twostage-20260916T061947Z	ME:SK-MEL-28	ordinal	EX_ser__L_e	-10.0	-10.0	-0.07335633695600348	primary	optimal
twostage-20260916T061947Z	ME:SK-MEL-28	ordinal	EX_spmd_e	0.0	0.0	1.181093997836596	primary	optimal
twostage-20260916T061947Z	ME:SK-MEL-28	ordinal	EX_sprm_e	0.0	0.0	0.6007559361466983	primary	optimal
twostage-20260916T061947Z	ME:SK-MEL-28	ordinal	EX_srtn_e	0.0	0.0	3.4722232704898204	primary	optimal
twostage-20260916T061947Z	ME:SK-MEL-28	ordinal	EX_succ_e	13.542398837861676	0.0	56.47509988088083	primary	optimal
twostage-20260916T061947Z	ME:SK-MEL-28	ordinal	EX_sucr_e	0.0	0.0	0.0	primary	optimal
twostage-20260916T061947Z	ME:SK-MEL-28	ordinal	EX_taur_e	0.0	0.0	3.135411323681432	primary	optimal
twostage-20260916T061947Z	ME:SK-MEL-28	ordinal	EX_tchola_e	0.0	0.0	0.6775473375764755	primary	optimal
twostage-20260916T061947Z	ME:SK-MEL-28	ordinal	EX_thr__L_e	-1.0272564007096083	-10.0	-1.027256400709609	primary	optimal
twostage-20260916T061947Z	ME:SK-MEL-28	ordinal	EX_thym_e	0.0	0.0	1.991949071829368	primary	optimal
twostage-20260916T061947Z	ME:SK-MEL-28	ordinal	EX_thymd_e	0.0	0.0	1.321403026695385	primary	optimal
twostage-20260916T061947Z	ME:SK-MEL-28	ordinal	EX_trp__L_e	-0.04371317812479467	-10.0	-0.04371317812478992	primary	optimal
twostage-20260916T061947Z	ME:SK-MEL-28	ordinal	EX_tyr__L_e	-0.5245548522744695	-10.0	3.2217244212065395	primary	optimal
twostage-20260916T061947Z	ME:SK-MEL-28	ordinal	EX_ump_e	0.0	0.0	1.0198929544591027	primary	optimal
twostage-20260916T061947Z	ME:SK-MEL-28	ordinal	EX_ura_e	0.0	0.0	2.8546241030271737	primary	optimal
twostage-20260916T061947Z	ME:SK-MEL-28	ordinal	EX_urate_e	0.0	0.0	1.1816824826334387	primary	optimal
twostage-20260916T061947Z	ME:SK-MEL-28	ordinal	EX_uri_e	0.0	0.0	1.5912428461851633	primary	optimal
twostage-20260916T061947Z	ME:SK-MEL-28	ordinal	EX_val__L_e	-1.1583928578682237	-10.0	-1.1583926498609056	primary	optimal
twostage-20260916T061947Z	ME:SK-MEL-28	ordinal	EX_xan_e	0.0	0.0	1.2160715013472547	primary	optimal
twostage-20260916T061947Z	ME:SK-MEL-28	ordinal	EX_xmp_e	0.0	0.0	0.9173409932435872	primary	optimal
twostage-20260916T061947Z	ME:SK-MEL-28	ordinal	EX_xtsn_e	0.0	0.0	0.9103353703783867	primary	optimal
twostage-20260916T061947Z	ME:SK-MEL-5	ordinal	EX_2pg_e	0.0	0.0	6.071678091942663	primary	optimal
twostage-20260916T061947Z	ME:SK-MEL-5	ordinal	EX_34hpp_e	0.0	0.0	12.44131046519326	primary	optimal
twostage-20260916T061947Z	ME:SK-MEL-5	ordinal	EX_3hanthrn_e	0.0	0.0	1.7273069855627754	primary	optimal
twostage-20260916T061947Z	ME:SK-MEL-5	ordinal	EX_3pg_e	0.0	0.0	6.071678091942573	primary	optimal
twostage-20260916T061947Z	ME:SK-MEL-5	ordinal	EX_4abut_e	0.0	0.0	22.224820080339033	primary	optimal
twostage-20260916T061947Z	ME:SK-MEL-5	ordinal	EX_4hbz_e	0.0	0.0	4.441581559568259	primary	optimal
twostage-20260916T061947Z	ME:SK-MEL-5	ordinal	EX_L2aadp_e	0.0	0.0	8.327772288734447	primary	optimal
twostage-20260916T061947Z	ME:SK-MEL-5	ordinal	EX_Lkynr_e	0.0	0.0	3.4839750541047807	primary	optimal
twostage-20260916T061947Z	ME:SK-MEL-5	ordinal	EX_acac_e	0.0	0.0	11.796037266325	primary	optimal
twostage-20260916T061947Z	ME:SK-MEL-5	ordinal	EX_ade_e	0.0	0.0	0.9637735734719909	primary	optimal
twostage-20260916T061947Z	ME:SK-MEL-5	ordinal	EX_adn_e	0.0	0.0	0.7462858273692098	primary	optimal
twostage-20260916T061947Z	ME:SK-MEL-5	ordinal	EX_ahcys_e	0.0	0.0	0.7100167039600292	primary	optimal
twostage-20260916T061947Z	ME:SK-MEL-5	ordinal	EX_akg_e	0.0	0.0	35.326028745340196	primary	optimal
twostage-20260916T061947Z	ME:SK-MEL-5	ordinal	EX_ala__L_e	1e-06	0.0	49.6778902876009	primary	optimal
twostage-20260916T061947Z	ME:SK-MEL-5	ordinal	EX_amp_e	0.0	0.0	0.6256406266296839	primary	optimal
twostage-20260916T061947Z	ME:SK-MEL-5	ordinal	EX_anth_e	0.0	0.0	3.2231032761972735	primary	optimal
twostage-20260916T061947Z	ME:SK-MEL-5	ordinal	EX_arg__L_e	-9.999999	-10.0	2.2323943104052715	primary	optimal
twostage-20260916T061947Z	ME:SK-MEL-5	ordinal	EX_asn__L_e	-9.999999	-10.0	6.517365425108179	primary	optimal
twostage-20260916T061947Z	ME:SK-MEL-5	ordinal	EX_asp__L_e	-9.999999	-10.0	23.75828942558143	primary	optimal
twostage-20260916T061947Z	ME:SK-MEL-5	ordinal	EX_bilirub_e	0.0	0.0	0.4207584716257724	primary	optimal
twostage-20260916T061947Z	ME:SK-MEL-5	ordinal	EX_cala_e	0.0	0.0	2.493422837593196	primary	optimal
twostage-20260916T061947Z	ME:SK-MEL-5	ordinal	EX_chol_e	-9.999999	-10.0	0.24037325122209613	primary	optimal
twostage-20260916T061947Z	ME:SK-MEL-5	ordinal	EX_cholp_e	0.0	0.0	6.0409565291285885	primary	optimal
twostage-20260916T061947Z	ME:SK-MEL-5	ordinal	EX_cit_e	1e-06	0.0	30.53631766400672	primary	optimal
twostage-20260916T061947Z	ME:SK-MEL-5	ordinal	EX_citr__L_e	0.0	0.0	13.540592009446513	primary	optimal
twostage-20260916T061947Z	ME:SK-MEL-5	ordinal	EX_cmp_e	0.0	0.0	0.0	primary	optimal
twostage-20260916T061947Z	ME:SK-MEL-5	ordinal	EX_crn_e	-0.999999	-1.0	4.440892098500626e-16	primary	optimal
twostage-20260916T061947Z	ME:SK-MEL-5	ordinal	EX_cyst__L_e	0.0	0.0	2.9054873227350098	primary	optimal
twostage-20260916T061947Z	ME:SK-MEL-5	ordinal	EX_cytd_e	0.0	0.0	1.4591501227266557	primary	optimal
twostage-20260916T061947Z	ME:SK-MEL-5	ordinal	EX_dad_2_e	0.0	0.0	0.7441834004031789	primary	optimal
twostage-20260916T061947Z	ME:SK-MEL-5	ordinal	EX_dcmp_e	0.0	0.0	1.2684928810319298	primary	optimal
twostage-20260916T061947Z	ME:SK-MEL-5	ordinal	EX_dcyt_e	0.0	0.0	1.5009988319673304	primary	optimal
twostage-20260916T061947Z	ME:SK-MEL-5	ordinal	EX_dhap_e	0.0	0.0	3.9726172674002265	primary	optimal
twostage-20260916T061947Z	ME:SK-MEL-5	ordinal	EX_dmgly_e	0.0	0.0	3.589240155282831	primary	optimal
twostage-20260916T061947Z	ME:SK-MEL-5	ordinal	EX_duri_e	0.0	0.0	1.4686283478002418	primary	optimal
twostage-20260916T061947Z	ME:SK-MEL-5	ordinal	EX_ethamp_e	0.0	0.0	6.071678091942528	primary	optimal
twostage-20260916T061947Z	ME:SK-MEL-5	ordinal	EX_fol_e	-9.999999	-10.0	0.0	primary	optimal
twostage-20260916T061947Z	ME:SK-MEL-5	ordinal	EX_fum_e	9.999999999999997e-07	0.0	40.68210198024551	primary	optimal
twostage-20260916T061947Z	ME:SK-MEL-5	ordinal	EX_g3pc_e	0.0	0.0	1.9674221473014997	primary	optimal
twostage-20260916T061947Z	ME:SK-MEL-5	ordinal	EX_glc__D_e	-10.0	-10.0	-5.269237688224357	primary	optimal
twostage-20260916T061947Z	ME:SK-MEL-5	ordinal	EX_glcur_e	0.0	0.0	3.483134693322004	primary	optimal
twostage-20260916T061947Z	ME:SK-MEL-5	ordinal	EX_gln__L_e	-9.999999	-10.0	4.554840331236704	primary	optimal
twostage-20260916T061947Z	ME:SK-MEL-5	ordinal	EX_glu__L_e	-9.999999	-10.0	21.394285950005028	primary	optimal
twostage-20260916T061947Z	ME:SK-MEL-5	ordinal	EX_gly_e	-9.999999	-10.0	24.775883451724365	primary	optimal
twostage-20260916T061947Z	ME:SK-MEL-5	ordinal	EX_glyald_e	0.0	0.0	8.821843379317887	primary	optimal
twostage-20260916T061947Z	ME:SK-MEL-5	ordinal	EX_glyb_e	0.0	0.0	9.793970765155368	primary	optimal
twostage-20260916T061947Z	ME:SK-MEL-5	ordinal	EX_glyc3p_e	0.0	0.0	3.8303753592677743	primary	optimal
twostage-20260916T061947Z	ME:SK-MEL-5	ordinal	EX_gmp_e	0.0	0.0	0.0	primary	optimal
twostage-20260916T061947Z	ME:SK-MEL-5	ordinal	EX_gthox_e	0.0	0.0	5.208165862225606	primary	optimal
twostage-20260916T061947Z	ME:SK-MEL-5	ordinal	EX_hcys__L_e	0.0	0.0	4.197604992725224	primary	optimal
twostage-20260916T061947Z	ME:SK-MEL-5	ordinal	EX_hom__L_e	0.0	0.0	0.0	primary	optimal
twostage-20260916T061947Z	ME:SK-MEL-5	ordinal	EX_hxan_e	0.0	0.0	1.1321647524005325	primary	optimal
twostage-20260916T061947Z	ME:SK-MEL-5	ordinal	EX_icit_e	0.0	0.0	27.361607732442987	primary	optimal
twostage-20260916T061947Z	ME:SK-MEL-5	ordinal	EX_ile__L_e	-9.999999	-10.0	-0.9398300444600203	primary	optimal
twostage-20260916T061947Z	ME:SK-MEL-5	ordinal	EX_imp_e	0.0	0.0	0.849801964352217	primary	optimal
twostage-20260916T061947Z	ME:SK-MEL-5	ordinal	EX_ins_e	0.0	0.0	0.8433908605727469	primary	optimal
twostage-20260916T061947Z	ME:SK-MEL-5	ordinal	EX_lac__L_e	-0.9999989999999999	-1.0	53.99136611216675	primary	optimal
twostage-20260916T061947Z	ME:SK-MEL-5	ordinal	EX_lcts_e	0.0	0.0	1.3048767036610522	primary	optimal
twostage-20260916T061947Z	ME:SK-MEL-5	ordinal	EX_leu__L_e	-9.999999	-10.0	-1.7922337326704483	primary	optimal
twostage-20260916T061947Z	ME:SK-MEL-5	ordinal	EX_lys__L_e	-9.999999000000003	-10.0	-1.945226570884163	primary	optimal
twostage-20260916T061947Z	ME:SK-MEL-5	ordinal	EX_mal__L_e	9.999999999999997e-07	0.0	35.91549607632072	primary	optimal
twostage-20260916T061947Z	ME:SK-MEL-5	ordinal	EX_met__L_e	-9.999999	-10.0	-0.5026982632120696	primary	optimal
twostage-20260916T061947Z	ME:SK-MEL-5	ordinal	EX_nac_e	0.0	0.0	10.525314393214488	primary	optimal
twostage-20260916T061947Z	ME:SK-MEL-5	ordinal	EX_ncam_e	-4.790061916350652	-10.0	0.0	primary	optimal
twostage-20260916T061947Z	ME:SK-MEL-5	ordinal	EX_nicrnt_e	0.0	0.0	2.048183090060641	primary	optimal
twostage-20260916T061947Z	ME:SK-MEL-5	ordinal	EX_orn_e	-5.969816843572279e-17	0.0	27.74525638574398	primary	optimal
twostage-20260916T061947Z	ME:SK-MEL-5	ordinal	EX_orot5p_e	0.0	0.0	1.2726677697910003	primary	optimal
twostage-20260916T061947Z	ME:SK-MEL-5	ordinal	EX_orot_e	0.0	0.0	3.008104213342165	primary	optimal
twostage-20260916T061947Z	ME:SK-MEL-5	ordinal	EX_oxa_e	0.0	0.0	6.180401622490641	primary	optimal
twostage-20260916T061947Z	ME:SK-MEL-5	ordinal	EX_pep_e	0.0	0.0	6.071678091942189	primary	optimal
twostage-20260916T061947Z	ME:SK-MEL-5	ordinal	EX_phe__L_e	-0.8524038434616572	-10.0	-0.8524036882103552	primary	optimal
twostage-20260916T061947Z	ME:SK-MEL-5	ordinal	EX_pnto__R_e	0.0	-10.0	0.050000000000007816	primary	optimal
twostage-20260916T061947Z	ME:SK-MEL-5	ordinal	EX_pro__L_e	-1.3551019514225016	-10.0	18.986071991383735	primary	optimal
twostage-20260916T061947Z	ME:SK-MEL-5	ordinal	EX_quln_e	0.0	0.0	1.1558132260531433	primary	optimal
twostage-20260916T061947Z	ME:SK-MEL-5	ordinal	EX_sbt__D_e	0.0	0.0	0.0	primary	optimal
twostage-20260916T061947Z	ME:SK-MEL-5	ordinal	EX_ser__L_e	-10.0	-10.0	-0.5147662058527774	primary	optimal
twostage-20260916T061947Z	ME:SK-MEL-5	ordinal	EX_spmd_e	0.0	0.0	1.1336444974198259	primary	optimal
twostage-20260916T061947Z	ME:SK-MEL-5	ordinal	EX_sprm_e	0.0	0.0	0.5771675778677674	primary	optimal
twostage-20260916T061947Z	ME:SK-MEL-5	ordinal	EX_srtn_e	0.0	0.0	3.3940084115170803	primary	optimal
twostage-20260916T061947Z	ME:SK-MEL-5	ordinal	EX_succ_e	18.223847289312452	0.0	57.286917766575144	primary	optimal
twostage-20260916T061947Z	ME:SK-MEL-5	ordinal	EX_sucr_e	0.0	0.0	0.0	primary	optimal
twostage-20260916T061947Z	ME:SK-MEL-5	ordinal	EX_taur_e	-3.8281545687061557e-17	0.0	3.0583669327658076	primary	optimal
twostage-20260916T061947Z	ME:SK-MEL-5	ordinal	EX_tchola_e	0.0	0.0	0.6591524183929058	primary	optimal
twostage-20260916T061947Z	ME:SK-MEL-5	ordinal	EX_thr__L_e	-1.0272564007096083	-10.0	-1.0272564007096214	primary	optimal
twostage-20260916T061947Z	ME:SK-MEL-5	ordinal	EX_thym_e	0.0	0.0	1.8877641632850908	primary	optimal
twostage-20260916T061947Z	ME:SK-MEL-5	ordinal	EX_thymd_e	0.0	0.0	1.2261492733352777	primary	optimal
twostage-20260916T061947Z	ME:SK-MEL-5	ordinal	EX_trp__L_e	-0.04371317812479467	-10.0	-0.04371317812479525	primary	optimal
twostage-20260916T061947Z	ME:SK-MEL-5	ordinal	EX_tyr__L_e	-0.5245548522744694	-10.0	3.1647283498380596	primary	optimal
twostage-20260916T061947Z	ME:SK-MEL-5	ordinal	EX_ump_e	0.0	0.0	0.9355602532042963	primary	optimal
twostage-20260916T061947Z	ME:SK-MEL-5	ordinal	EX_ura_e	0.0	0.0	2.6878725116171327	primary	optimal
twostage-20260916T061947Z	ME:SK-MEL-5	ordinal	EX_urate_e	0.0	0.0	1.079530665191656	primary	optimal
twostage-20260916T061947Z	ME:SK-MEL-5	ordinal	EX_uri_e	0.0	0.0	1.4787735319076625	primary	optimal
twostage-20260916T061947Z	ME:SK-MEL-5	ordinal	EX_val__L_e	-1.1583927151735474	-10.0	-1.1583926498609731	primary	optimal
twostage-20260916T061947Z	ME:SK-MEL-5	ordinal	EX_xan_e	0.0	0.0	1.1121789144545247	primary	optimal
twostage-20260916T061947Z	ME:SK-MEL-5	ordinal	EX_xmp_e	0.0	0.0	0.8370100227942203	primary	optimal
twostage-20260916T061947Z	ME:SK-MEL-5	ordinal	EX_xtsn_e	0.0	0.0	0.8305525471365538	primary	optimal
twostage-20260916T061947Z	ME:UACC-257	ordinal	EX_2pg_e	0.0	0.0	6.071678091942342	primary	optimal
twostage-20260916T061947Z	ME:UACC-257	ordinal	EX_34hpp_e	0.0	0.0	12.456422402314198	primary	optimal
twostage-20260916T061947Z	ME:UACC-257	ordinal	EX_3hanthrn_e	0.0	0.0	1.7385986016341748	primary	optimal
twostage-20260916T061947Z	ME:UACC-257	ordinal	EX_3pg_e	0.0	0.0	6.07167809194243	primary	optimal
twostage-20260916T061947Z	ME:UACC-257	ordinal	EX_4abut_e	0.0	0.0	22.349524513286816	primary	optimal
twostage-20260916T061947Z	ME:UACC-257	ordinal	EX_4hbz_e	0.0	0.0	4.587044835218354	primary	optimal
twostage-20260916T061947Z	ME:UACC-257	ordinal	EX_L2aadp_e	0.0	0.0	8.359787900802521	primary	optimal
twostage-20260916T061947Z	ME:UACC-257	ordinal	EX_Lkynr_e	0.0	0.0	3.499361734243298	primary	optimal
twostage-20260916T061947Z	ME:UACC-257	ordinal	EX_acac_e	0.0	0.0	12.417097580384645	primary	optimal
twostage-20260916T061947Z	ME:UACC-257	ordinal	EX_ade_e	0.0	0.0	1.0182796382756822	primary	optimal
twostage-20260916T061947Z	ME:UACC-257	ordinal	EX_adn_e	0.0	0.0	0.7898137976151862	primary	optimal
twostage-20260916T061947Z	ME:UACC-257	ordinal	EX_ahcys_e	0.0	0.0	0.7511720373127613	primary	optimal
twostage-20260916T061947Z	ME:UACC-257	ordinal	EX_akg_e	1e-06	0.0	36.27152641252579	primary	optimal
twostage-20260916T061947Z	ME:UACC-257	ordinal	EX_ala__L_e	1e-06	0.0	51.88650679498027	primary	optimal
twostage-20260916T061947Z	ME:UACC-257	ordinal	EX_amp_e	0.0	0.0	0.6627526761792594	primary	optimal
twostage-20260916T061947Z	ME:UACC-257	ordinal	EX_anth_e	0.0	0.0	3.2356716370971963	primary	optimal
twostage-20260916T061947Z	ME:UACC-257	ordinal	EX_arg__L_e	-9.999999000000003	-10.0	2.3633183738888723	primary	optimal
twostage-20260916T061947Z	ME:UACC-257	ordinal	EX_asn__L_e	-9.999999	-10.0	6.4370519179997565	primary	optimal
twostage-20260916T061947Z	ME:UACC-257	ordinal	EX_asp__L_e	-9.999998999999999	-10.0	24.214416035037043	primary	optimal
twostage-20260916T061947Z	ME:UACC-257	ordinal	EX_bilirub_e	0.0	0.0	0.42431716407211195	primary	optimal
twostage-20260916T061947Z	ME:UACC-257	ordinal	EX_cala_e	0.0	0.0	2.5969332617459586	primary	optimal
twostage-20260916T061947Z	ME:UACC-257	ordinal	EX_chol_e	-9.999999	-10.0	0.2570963875565792	primary	optimal
twostage-20260916T061947Z	ME:UACC-257	ordinal	EX_cholp_e	0.0	0.0	6.071678091942318	primary	optimal
twostage-20260916T061947Z	ME:UACC-257	ordinal	EX_cit_e	1e-06	0.0	30.86317179020269	primary	optimal
twostage-20260916T061947Z	ME:UACC-257	ordinal	EX_citr__L_e	0.0	0.0	14.048395893668213	primary	optimal
twostage-20260916T061947Z	ME:UACC-257	ordinal	EX_cmp_e	0.0	0.0	0.0	primary	optimal
twostage-20260916T061947Z	ME:UACC-257	ordinal	EX_crn_e	-0.9999989999999999	-1.0	-1.1102230246251565e-16	primary	optimal
twostage-20260916T061947Z	ME:UACC-257	ordinal	EX_cyst__L_e	0.0	0.0	3.0201946208467074	primary	optimal
twostage-20260916T061947Z	ME:UACC-257	ordinal	EX_cytd_e	0.0	0.0	1.5443804306757627	primary	optimal
twostage-20260916T061947Z	ME:UACC-257	ordinal	EX_dad_2_e	0.0	0.0	0.7899036310290778	primary	optimal
twostage-20260916T061947Z	ME:UACC-257	ordinal	EX_dcmp_e	0.0	0.0	1.34856370651763	primary	optimal
twostage-20260916T061947Z	ME:UACC-257	ordinal	EX_dcyt_e	0.0	0.0	1.589781731630528	primary	optimal
twostage-20260916T061947Z	ME:UACC-257	ordinal	EX_dhap_e	0.0	0.0	4.229636134960235	primary	optimal
twostage-20260916T061947Z	ME:UACC-257	ordinal	EX_dmgly_e	0.0	0.0	3.764119836402291	primary	optimal
twostage-20260916T061947Z	ME:UACC-257	ordinal	EX_duri_e	0.0	0.0	1.552354431500697	primary	optimal
twostage-20260916T061947Z	ME:UACC-257	ordinal	EX_ethamp_e	0.0	0.0	6.071678091942343	primary	optimal
twostage-20260916T061947Z	ME:UACC-257	ordinal	EX_fol_e	-9.999999	-10.0	-2.3092638912203256e-14	primary	optimal
twostage-20260916T061947Z	ME:UACC-257	ordinal	EX_fum_e	1e-06	0.0	41.360565943233766	primary	optimal
twostage-20260916T061947Z	ME:UACC-257	ordinal	EX_g3pc_e	0.0	0.0	2.060189676970476	primary	optimal
twostage-20260916T061947Z	ME:UACC-257	ordinal	EX_glc__D_e	-10.0	-10.0	-5.079958767514711	primary	optimal
twostage-20260916T061947Z	ME:UACC-257	ordinal	EX_glcur_e	0.0	0.0	3.515837182247512	primary	optimal
twostage-20260916T061947Z	ME:UACC-257	ordinal	EX_gln__L_e	-9.999999	-10.0	4.947234757106327	primary	optimal
twostage-20260916T061947Z	ME:UACC-257	ordinal	EX_glu__L_e	-9.999999000000003	-10.0	21.95531076755516	primary	optimal
twostage-20260916T061947Z	ME:UACC-257	ordinal	EX_gly_e	-9.999999	-10.0	25.726888515585937	primary	optimal
twostage-20260916T061947Z	ME:UACC-257	ordinal	EX_glyald_e	0.0	0.0	9.21043666360856	primary	optimal
twostage-20260916T061947Z	ME:UACC-257	ordinal	EX_glyb_e	0.0	0.0	9.808084684010815	primary	optimal
twostage-20260916T061947Z	ME:UACC-257	ordinal	EX_glyc3p_e	0.0	0.0	4.0838146326121105	primary	optimal
twostage-20260916T061947Z	ME:UACC-257	ordinal	EX_gmp_e	0.0	0.0	0.0	primary	optimal
twostage-20260916T061947Z	ME:UACC-257	ordinal	EX_gthox_e	0.0	0.0	5.297390040633126	primary	optimal
twostage-20260916T061947Z	ME:UACC-257	ordinal	EX_hcys__L_e	0.0	0.0	4.369454718369839	primary	optimal
twostage-20260916T061947Z	ME:UACC-257	ordinal	EX_hom__L_e	0.0	0.0	0.0	primary	optimal
twostage-20260916T061947Z	ME:UACC-257	ordinal	EX_hxan_e	0.0	0.0	1.1944622854379054	primary	optimal
twostage-20260916T061947Z	ME:UACC-257	ordinal	EX_icit_e	0.0	0.0	28.783577772431308	primary	optimal
twostage-20260916T061947Z	ME:UACC-257	ordinal	EX_ile__L_e	-9.999999000000003	-10.0	-0.9398300444600558	primary	optimal
twostage-20260916T061947Z	ME:UACC-257	ordinal	EX_imp_e	0.0	0.0	0.8982297542147789	primary	optimal
twostage-20260916T061947Z	ME:UACC-257	ordinal	EX_ins_e	0.0	0.0	0.8905843109252278	primary	optimal
twostage-20260916T061947Z	ME:UACC-257	ordinal	EX_lac__L_e	-0.999999	-1.0	54.073334932400165	primary	optimal
twostage-20260916T061947Z	ME:UACC-257	ordinal	EX_lcts_e	0.0	0.0	1.3806732533946433	primary	optimal
twostage-20260916T061947Z	ME:UACC-257	ordinal	EX_leu__L_e	-9.999999	-10.0	-1.79223373267045	primary	optimal
twostage-20260916T061947Z	ME:UACC-257	ordinal	EX_lys__L_e	-9.999999000000003	-10.0	-1.945226570884163	primary	optimal
twostage-20260916T061947Z	ME:UACC-257	ordinal	EX_mal__L_e	1e-06	0.0	36.51001188498093	primary	optimal
twostage-20260916T061947Z	ME:UACC-257	ordinal	EX_met__L_e	-9.999999000000003	-10.0	-0.5026982632120713	primary	optimal
twostage-20260916T061947Z	ME:UACC-257	ordinal	EX_nac_e	-1.2217750166243291e-14	0.0	10.622383486998835	primary	optimal
twostage-20260916T061947Z	ME:UACC-257	ordinal	EX_ncam_e	-8.45835323738245	-10.0	5.329070518200751e-15	primary	optimal
twostage-20260916T061947Z	ME:UACC-257	ordinal	EX_nicrnt_e	0.0	0.0	2.146350664140748	primary	optimal
twostage-20260916T061947Z	ME:UACC-257	ordinal	EX_orn_e	0.0	0.0	29.610102162560036	primary	optimal
twostage-20260916T061947Z	ME:UACC-257	ordinal	EX_orot5p_e	0.0	0.0	1.345341349929398	primary	optimal
twostage-20260916T061947Z	ME:UACC-257	ordinal	EX_orot_e	0.0	0.0	3.184533623661141	primary	optimal
twostage-20260916T061947Z	ME:UACC-257	ordinal	EX_oxa_e	0.0	0.0	6.439215460201413	primary	optimal
twostage-20260916T061947Z	ME:UACC-257	ordinal	EX_pep_e	0.0	0.0	6.071678091942553	primary	optimal
twostage-20260916T061947Z	ME:UACC-257	ordinal	EX_phe__L_e	-0.8524037697742985	-10.0	-0.852403688210428	primary	optimal
twostage-20260916T061947Z	ME:UACC-257	ordinal	EX_pnto__R_e	0.0	-10.0	0.0500000000000016	primary	optimal
twostage-20260916T061947Z	ME:UACC-257	ordinal	EX_pro__L_e	-1.3551019514225016	-10.0	20.03817431378706	primary	optimal
twostage-20260916T061947Z	ME:UACC-257	ordinal	EX_quln_e	0.0	0.0	1.1645649238895621	primary	optimal
twostage-20260916T061947Z	ME:UACC-257	ordinal	EX_sbt__D_e	0.0	0.0	0.0	primary	optimal
twostage-20260916T061947Z	ME:UACC-257	ordinal	EX_ser__L_e	-10.0	-10.0	-0.2758750919768255	primary	optimal
twostage-20260916T061947Z	ME:UACC-257	ordinal	EX_spmd_e	0.0	0.0	1.167662071679889	primary	optimal
twostage-20260916T061947Z	ME:UACC-257	ordinal	EX_sprm_e	0.0	0.0	0.5914688442752348	primary	optimal
twostage-20260916T061947Z	ME:UACC-257	ordinal	EX_srtn_e	0.0	0.0	3.4601021203980915	primary	optimal
twostage-20260916T061947Z	ME:UACC-257	ordinal	EX_succ_e	18.513766099557916	0.0	57.18511624550971	primary	optimal
twostage-20260916T061947Z	ME:UACC-257	ordinal	EX_sucr_e	0.0	0.0	0.0	primary	optimal
twostage-20260916T061947Z	ME:UACC-257	ordinal	EX_taur_e	0.0	0.0	3.06266244636696	primary	optimal
twostage-20260916T061947Z	ME:UACC-257	ordinal	EX_tchola_e	0.0	0.0	0.6646001012308117	primary	optimal
twostage-20260916T061947Z	ME:UACC-257	ordinal	EX_thr__L_e	-1.027256400709608	-10.0	-1.027256400709641	primary	optimal
twostage-20260916T061947Z	ME:UACC-257	ordinal	EX_thym_e	0.0	0.0	1.9491138921920754	primary	optimal
twostage-20260916T061947Z	ME:UACC-257	ordinal	EX_thymd_e	0.0	0.0	1.2879897569158272	primary	optimal
twostage-20260916T061947Z	ME:UACC-257	ordinal	EX_trp__L_e	-0.043713178124794666	-10.0	-0.04371317812479347	primary	optimal
twostage-20260916T061947Z	ME:UACC-257	ordinal	EX_tyr__L_e	-0.5245548522744694	-10.0	3.2075640913298016	primary	optimal
twostage-20260916T061947Z	ME:UACC-257	ordinal	EX_ump_e	0.0	0.0	0.9919955551142928	primary	optimal
twostage-20260916T061947Z	ME:UACC-257	ordinal	EX_ura_e	0.0	0.0	2.7864968665234264	primary	optimal
twostage-20260916T061947Z	ME:UACC-257	ordinal	EX_urate_e	0.0	0.0	1.1383545538905024	primary	optimal
twostage-20260916T061947Z	ME:UACC-257	ordinal	EX_uri_e	0.0	0.0	1.5512167339024125	primary	optimal
twostage-20260916T061947Z	ME:UACC-257	ordinal	EX_val__L_e	-1.1583927551076774	-10.0	-1.1583926498609358	primary	optimal
twostage-20260916T061947Z	ME:UACC-257	ordinal	EX_xan_e	0.0	0.0	1.172378329490022	primary	optimal
twostage-20260916T061947Z	ME:UACC-257	ordinal	EX_xmp_e	0.0	0.0	0.8844967131012768	primary	optimal
twostage-20260916T061947Z	ME:UACC-257	ordinal	EX_xtsn_e	0.0	0.0	0.8772029548874309	primary	optimal
twostage-20260916T061947Z	ME:UACC-62	ordinal	EX_2pg_e	0.0	0.0	6.071678091942488	primary	optimal
twostage-20260916T061947Z	ME:UACC-62	ordinal	EX_34hpp_e	0.0	0.0	12.267880964846755	primary	optimal
twostage-20260916T061947Z	ME:UACC-62	ordinal	EX_3hanthrn_e	0.0	0.0	1.6339843591231193	primary	optimal
twostage-20260916T061947Z	ME:UACC-62	ordinal	EX_3pg_e	0.0	0.0	6.071678091942487	primary	optimal
twostage-20260916T061947Z	ME:UACC-62	ordinal	EX_4abut_e	0.0	0.0	22.18557035013262	primary	optimal
twostage-20260916T061947Z	ME:UACC-62	ordinal	EX_4hbz_e	0.0	0.0	4.3081845057231325	primary	optimal
twostage-20260916T061947Z	ME:UACC-62	ordinal	EX_L2aadp_e	0.0	0.0	8.333741102660435	primary	optimal
twostage-20260916T061947Z	ME:UACC-62	ordinal	EX_Lkynr_e	0.0	0.0	3.2966703831357678	primary	optimal
twostage-20260916T061947Z	ME:UACC-62	ordinal	EX_acac_e	0.0	0.0	12.05192945309707	primary	optimal
twostage-20260916T061947Z	ME:UACC-62	ordinal	EX_ade_e	0.0	0.0	0.9517257976815743	primary	optimal
twostage-20260916T061947Z	ME:UACC-62	ordinal	EX_adn_e	0.0	0.0	0.7350888955138376	primary	optimal
twostage-20260916T061947Z	ME:UACC-62	ordinal	EX_ahcys_e	0.0	0.0	0.6989776651322817	primary	optimal
twostage-20260916T061947Z	ME:UACC-62	ordinal	EX_akg_e	0.0	0.0	35.82653714291963	primary	optimal
twostage-20260916T061947Z	ME:UACC-62	ordinal	EX_ala__L_e	1e-06	0.0	51.162176238573956	primary	optimal
twostage-20260916T061947Z	ME:UACC-62	ordinal	EX_amp_e	0.0	0.0	0.617683043850387	primary	optimal
twostage-20260916T061947Z	ME:UACC-62	ordinal	EX_anth_e	0.0	0.0	3.0467275989510294	primary	optimal
twostage-20260916T061947Z	ME:UACC-62	ordinal	EX_arg__L_e	-9.999999000000003	-10.0	2.142844737033104	primary	optimal
twostage-20260916T061947Z	ME:UACC-62	ordinal	EX_asn__L_e	-9.999999	-10.0	6.063107374919974	primary	optimal
twostage-20260916T061947Z	ME:UACC-62	ordinal	EX_asp__L_e	-9.999999	-10.0	23.32172442111856	primary	optimal
twostage-20260916T061947Z	ME:UACC-62	ordinal	EX_bilirub_e	0.0	0.0	0.3996853472383462	primary	optimal
twostage-20260916T061947Z	ME:UACC-62	ordinal	EX_cala_e	0.0	0.0	2.448384123426871	primary	optimal
twostage-20260916T061947Z	ME:UACC-62	ordinal	EX_chol_e	-9.999999	-10.0	0.17576188285047525	primary	optimal
twostage-20260916T061947Z	ME:UACC-62	ordinal	EX_cholp_e	0.0	0.0	6.033637397697054	primary	optimal
twostage-20260916T061947Z	ME:UACC-62	ordinal	EX_cit_e	1e-06	0.0	30.761038634884464	primary	optimal
twostage-20260916T061947Z	ME:UACC-62	ordinal	EX_citr__L_e	0.0	0.0	13.425064561477052	primary	optimal
twostage-20260916T061947Z	ME:UACC-62	ordinal	EX_cmp_e	0.0	0.0	0.0	primary	optimal
twostage-20260916T061947Z	ME:UACC-62	ordinal	EX_crn_e	-0.999999	-1.0	2.220446049250313e-16	primary	optimal
twostage-20260916T061947Z	ME:UACC-62	ordinal	EX_cyst__L_e	0.0	0.0	2.8428155981270824	primary	optimal
twostage-20260916T061947Z	ME:UACC-62	ordinal	EX_cytd_e	0.0	0.0	1.4311260389688312	primary	optimal
twostage-20260916T061947Z	ME:UACC-62	ordinal	EX_dad_2_e	0.0	0.0	0.7339547498621878	primary	optimal
twostage-20260916T061947Z	ME:UACC-62	ordinal	EX_dcmp_e	0.0	0.0	1.2446604826167003	primary	optimal
twostage-20260916T061947Z	ME:UACC-62	ordinal	EX_dcyt_e	0.0	0.0	1.4665144387528928	primary	optimal
twostage-20260916T061947Z	ME:UACC-62	ordinal	EX_dhap_e	0.0	0.0	3.941890120436803	primary	optimal
twostage-20260916T061947Z	ME:UACC-62	ordinal	EX_dmgly_e	0.0	0.0	3.585192174150559	primary	optimal
twostage-20260916T061947Z	ME:UACC-62	ordinal	EX_duri_e	0.0	0.0	1.4361595246894017	primary	optimal
twostage-20260916T061947Z	ME:UACC-62	ordinal	EX_ethamp_e	0.0	0.0	6.071678091942672	primary	optimal
twostage-20260916T061947Z	ME:UACC-62	ordinal	EX_fol_e	-9.999999	-10.0	-8.881784197001252e-15	primary	optimal
twostage-20260916T061947Z	ME:UACC-62	ordinal	EX_fum_e	1e-06	0.0	40.364849622596054	primary	optimal
twostage-20260916T061947Z	ME:UACC-62	ordinal	EX_g3pc_e	0.0	0.0	1.9597062864303496	primary	optimal
twostage-20260916T061947Z	ME:UACC-62	ordinal	EX_glc__D_e	-10.0	-10.0	-5.526038624795613	primary	optimal
twostage-20260916T061947Z	ME:UACC-62	ordinal	EX_glcur_e	0.0	0.0	3.3312068350645077	primary	optimal
twostage-20260916T061947Z	ME:UACC-62	ordinal	EX_gln__L_e	-9.999999	-10.0	4.101233613986459	primary	optimal
twostage-20260916T061947Z	ME:UACC-62	ordinal	EX_glu__L_e	-9.999999	-10.0	21.291131363579773	primary	optimal
twostage-20260916T061947Z	ME:UACC-62	ordinal	EX_gly_e	-9.999999	-10.0	23.74834011456585	primary	optimal
twostage-20260916T061947Z	ME:UACC-62	ordinal	EX_glyald_e	0.0	0.0	8.516405860107762	primary	optimal
twostage-20260916T061947Z	ME:UACC-62	ordinal	EX_glyb_e	0.0	0.0	9.755665146995456	primary	optimal
twostage-20260916T061947Z	ME:UACC-62	ordinal	EX_glyc3p_e	0.0	0.0	3.7924528106455426	primary	optimal
twostage-20260916T061947Z	ME:UACC-62	ordinal	EX_gmp_e	0.0	0.0	0.0	primary	optimal
twostage-20260916T061947Z	ME:UACC-62	ordinal	EX_gthox_e	0.0	0.0	5.183095453497108	primary	optimal
twostage-20260916T061947Z	ME:UACC-62	ordinal	EX_hcys__L_e	0.0	0.0	4.118930120597031	primary	optimal
twostage-20260916T061947Z	ME:UACC-62	ordinal	EX_hom__L_e	0.0	0.0	0.0	primary	optimal
twostage-20260916T061947Z	ME:UACC-62	ordinal	EX_hxan_e	0.0	0.0	1.1146968805980075	primary	optimal
twostage-20260916T061947Z	ME:UACC-62	ordinal	EX_icit_e	1e-06	0.0	27.87447418358439	primary	optimal
twostage-20260916T061947Z	ME:UACC-62	ordinal	EX_ile__L_e	-9.999999	-10.0	-0.9398300444600007	primary	optimal
twostage-20260916T061947Z	ME:UACC-62	ordinal	EX_imp_e	0.0	0.0	0.8365114384052441	primary	optimal
twostage-20260916T061947Z	ME:UACC-62	ordinal	EX_ins_e	0.0	0.0	0.828672290222091	primary	optimal
twostage-20260916T061947Z	ME:UACC-62	ordinal	EX_lac__L_e	-0.9999990000000001	-1.0	53.90222757422398	primary	optimal
twostage-20260916T061947Z	ME:UACC-62	ordinal	EX_lcts_e	0.0	0.0	1.277387021398717	primary	optimal
twostage-20260916T061947Z	ME:UACC-62	ordinal	EX_leu__L_e	-9.999999	-10.0	-1.7922337326704536	primary	optimal
twostage-20260916T061947Z	ME:UACC-62	ordinal	EX_lys__L_e	-9.999999	-10.0	-1.945226570884162	primary	optimal
twostage-20260916T061947Z	ME:UACC-62	ordinal	EX_mal__L_e	1e-06	0.0	35.372658809662894	primary	optimal
twostage-20260916T061947Z	ME:UACC-62	ordinal	EX_met__L_e	-9.999999	-10.0	-0.5026982632120696	primary	optimal
twostage-20260916T061947Z	ME:UACC-62	ordinal	EX_nac_e	0.0	0.0	10.496343678042145	primary	optimal
twostage-20260916T061947Z	ME:UACC-62	ordinal	EX_ncam_e	-4.270791271681634	-10.0	-1.7763568394002505e-15	primary	optimal
twostage-20260916T061947Z	ME:UACC-62	ordinal	EX_nicrnt_e	0.0	0.0	1.9973780522504043	primary	optimal
twostage-20260916T061947Z	ME:UACC-62	ordinal	EX_orn_e	0.0	0.0	26.76639824051103	primary	optimal
twostage-20260916T061947Z	ME:UACC-62	ordinal	EX_orot5p_e	0.0	0.0	1.247564524099433	primary	optimal
twostage-20260916T061947Z	ME:UACC-62	ordinal	EX_orot_e	0.0	0.0	2.928792538675173	primary	optimal
twostage-20260916T061947Z	ME:UACC-62	ordinal	EX_oxa_e	0.0	0.0	6.123833884238001	primary	optimal
twostage-20260916T061947Z	ME:UACC-62	ordinal	EX_pep_e	0.0	0.0	6.071678091942355	primary	optimal
twostage-20260916T061947Z	ME:UACC-62	ordinal	EX_phe__L_e	-0.8524038241045692	-10.0	-0.8524036882104298	primary	optimal
twostage-20260916T061947Z	ME:UACC-62	ordinal	EX_pnto__R_e	0.0	-10.0	0.049999999999608136	primary	optimal
twostage-20260916T061947Z	ME:UACC-62	ordinal	EX_pro__L_e	-1.3551019514225016	-10.0	17.951283339402092	primary	optimal
twostage-20260916T061947Z	ME:UACC-62	ordinal	EX_quln_e	0.0	0.0	1.0959787948150916	primary	optimal
twostage-20260916T061947Z	ME:UACC-62	ordinal	EX_sbt__D_e	0.0	0.0	0.0	primary	optimal
twostage-20260916T061947Z	ME:UACC-62	ordinal	EX_ser__L_e	-10.0	-10.0	-0.8696863935811375	primary	optimal
twostage-20260916T061947Z	ME:UACC-62	ordinal	EX_spmd_e	0.0	0.0	1.0908306795218508	primary	optimal
twostage-20260916T061947Z	ME:UACC-62	ordinal	EX_sprm_e	0.0	0.0	0.5554045334224661	primary	optimal
twostage-20260916T061947Z	ME:UACC-62	ordinal	EX_srtn_e	0.0	0.0	3.2566615729712476	primary	optimal
twostage-20260916T061947Z	ME:UACC-62	ordinal	EX_succ_e	13.408556729931718	0.0	54.63126070409049	primary	optimal
twostage-20260916T061947Z	ME:UACC-62	ordinal	EX_sucr_e	0.0	0.0	0.0	primary	optimal
twostage-20260916T061947Z	ME:UACC-62	ordinal	EX_taur_e	-2.3254374448980415e-15	0.0	2.9361007704270774	primary	optimal
twostage-20260916T061947Z	ME:UACC-62	ordinal	EX_tchola_e	0.0	0.0	0.6317950592473219	primary	optimal
twostage-20260916T061947Z	ME:UACC-62	ordinal	EX_thr__L_e	-1.0272564007096083	-10.0	-1.027256400709609	primary	optimal
twostage-20260916T061947Z	ME:UACC-62	ordinal	EX_thym_e	0.0	0.0	1.835469879665083	primary	optimal
twostage-20260916T061947Z	ME:UACC-62	ordinal	EX_thymd_e	0.0	0.0	1.194477171991834	primary	optimal
twostage-20260916T061947Z	ME:UACC-62	ordinal	EX_trp__L_e	-0.04371317812479468	-10.0	-0.043713178124797025	primary	optimal
twostage-20260916T061947Z	ME:UACC-62	ordinal	EX_tyr__L_e	-0.5245548522744693	-10.0	2.9892046659492806	primary	optimal
twostage-20260916T061947Z	ME:UACC-62	ordinal	EX_ump_e	0.0	0.0	0.9193590868824228	primary	optimal
twostage-20260916T061947Z	ME:UACC-62	ordinal	EX_ura_e	0.0	0.0	2.6075408342209943	primary	optimal
twostage-20260916T061947Z	ME:UACC-62	ordinal	EX_urate_e	0.0	0.0	1.066816268424671	primary	optimal
twostage-20260916T061947Z	ME:UACC-62	ordinal	EX_uri_e	0.0	0.0	1.4396983539131625	primary	optimal
twostage-20260916T061947Z	ME:UACC-62	ordinal	EX_val__L_e	-1.1583929037506713	-10.0	-1.1583926498609127	primary	optimal
twostage-20260916T061947Z	ME:UACC-62	ordinal	EX_xan_e	0.0	0.0	1.097039855227359	primary	optimal
twostage-20260916T061947Z	ME:UACC-62	ordinal	EX_xmp_e	0.0	0.0	0.8244143235001152	primary	optimal
twostage-20260916T061947Z	ME:UACC-62	ordinal	EX_xtsn_e	0.0	0.0	0.8173522476816701	primary	optimal
twostage-20260916T061947Z	OV:IGROV1	ordinal	EX_2pg_e	0.0	0.0	6.071678091942458	primary	optimal
twostage-20260916T061947Z	OV:IGROV1	ordinal	EX_34hpp_e	0.0	0.0	12.302755804425285	primary	optimal
twostage-20260916T061947Z	OV:IGROV1	ordinal	EX_3hanthrn_e	0.0	0.0	1.658990569601906	primary	optimal
twostage-20260916T061947Z	OV:IGROV1	ordinal	EX_3pg_e	0.0	0.0	6.071678091942403	primary	optimal
twostage-20260916T061947Z	OV:IGROV1	ordinal	EX_4abut_e	0.0	0.0	19.293751159523836	primary	optimal
twostage-20260916T061947Z	OV:IGROV1	ordinal	EX_4hbz_e	0.0	0.0	4.538690997139816	primary	optimal
twostage-20260916T061947Z	OV:IGROV1	ordinal	EX_L2aadp_e	0.0	0.0	8.288847087990455	primary	optimal
twostage-20260916T061947Z	OV:IGROV1	ordinal	EX_Lkynr_e	0.0	0.0	3.36512276428841	primary	optimal
twostage-20260916T061947Z	OV:IGROV1	ordinal	EX_acac_e	0.0	0.0	12.12609234888926	primary	optimal
twostage-20260916T061947Z	OV:IGROV1	ordinal	EX_ade_e	0.0	0.0	0.9746854453167761	primary	optimal
twostage-20260916T061947Z	OV:IGROV1	ordinal	EX_adn_e	0.0	0.0	0.7532077686868107	primary	optimal
twostage-20260916T061947Z	OV:IGROV1	ordinal	EX_ahcys_e	0.0	0.0	0.7145998785450356	primary	optimal
twostage-20260916T061947Z	OV:IGROV1	ordinal	EX_akg_e	0.0	0.0	34.19542288243941	primary	optimal
twostage-20260916T061947Z	OV:IGROV1	ordinal	EX_ala__L_e	1e-06	0.0	46.15805167572754	primary	optimal
twostage-20260916T061947Z	OV:IGROV1	ordinal	EX_amp_e	0.0	0.0	0.6272856040112428	primary	optimal
twostage-20260916T061947Z	OV:IGROV1	ordinal	EX_anth_e	0.0	0.0	3.1227995387413268	primary	optimal
twostage-20260916T061947Z	OV:IGROV1	ordinal	EX_arg__L_e	-9.999999	-10.0	2.1687330316429465	primary	optimal
twostage-20260916T061947Z	OV:IGROV1	ordinal	EX_asn__L_e	-9.999999	-10.0	5.424697119285846	primary	optimal
twostage-20260916T061947Z	OV:IGROV1	ordinal	EX_asp__L_e	-9.999999	-10.0	23.05852123841536	primary	optimal
twostage-20260916T061947Z	OV:IGROV1	ordinal	EX_bilirub_e	0.0	0.0	0.3915230403646382	primary	optimal
twostage-20260916T061947Z	OV:IGROV1	ordinal	EX_cala_e	0.0	0.0	2.511351347914206	primary	optimal
twostage-20260916T061947Z	OV:IGROV1	ordinal	EX_chol_e	-9.999999	-10.0	0.275121360252475	primary	optimal
twostage-20260916T061947Z	OV:IGROV1	ordinal	EX_cholp_e	0.0	0.0	6.033470093328512	primary	optimal
twostage-20260916T061947Z	OV:IGROV1	ordinal	EX_cit_e	1.0000000000000002e-06	0.0	30.716682005332824	primary	optimal
twostage-20260916T061947Z	OV:IGROV1	ordinal	EX_citr__L_e	0.0	0.0	13.323107108189745	primary	optimal
twostage-20260916T061947Z	OV:IGROV1	ordinal	EX_cmp_e	0.0	0.0	0.0	primary	optimal
twostage-20260916T061947Z	OV:IGROV1	ordinal	EX_crn_e	-0.999999	-1.0	-9.992007221626409e-16	primary	optimal
twostage-20260916T061947Z	OV:IGROV1	ordinal	EX_cyst__L_e	0.0	0.0	2.9773330547005656	primary	optimal
twostage-20260916T061947Z	OV:IGROV1	ordinal	EX_cytd_e	0.0	0.0	1.4621347070470443	primary	optimal
twostage-20260916T061947Z	OV:IGROV1	ordinal	EX_dad_2_e	0.0	0.0	0.7515338533782838	primary	optimal
twostage-20260916T061947Z	OV:IGROV1	ordinal	EX_dcmp_e	0.0	0.0	1.269158514131689	primary	optimal
twostage-20260916T061947Z	OV:IGROV1	ordinal	EX_dcyt_e	0.0	0.0	1.5136088304219304	primary	optimal
twostage-20260916T061947Z	OV:IGROV1	ordinal	EX_dhap_e	0.0	0.0	3.9748290855944197	primary	optimal
twostage-20260916T061947Z	OV:IGROV1	ordinal	EX_dmgly_e	0.0	0.0	3.5634043783590386	primary	optimal
twostage-20260916T061947Z	OV:IGROV1	ordinal	EX_duri_e	0.0	0.0	1.4814780983606044	primary	optimal
twostage-20260916T061947Z	OV:IGROV1	ordinal	EX_ethamp_e	0.0	0.0	6.071678091942496	primary	optimal
twostage-20260916T061947Z	OV:IGROV1	ordinal	EX_fol_e	-9.999999	-10.0	3.552713678800501e-15	primary	optimal
twostage-20260916T061947Z	OV:IGROV1	ordinal	EX_fum_e	1e-06	0.0	39.880120630491845	primary	optimal
twostage-20260916T061947Z	OV:IGROV1	ordinal	EX_g3pc_e	0.0	0.0	1.9523378651453716	primary	optimal
twostage-20260916T061947Z	OV:IGROV1	ordinal	EX_glc__D_e	-10.0	-10.0	-5.546415484083648	primary	optimal
twostage-20260916T061947Z	OV:IGROV1	ordinal	EX_glcur_e	0.0	0.0	3.3528635365698634	primary	optimal
twostage-20260916T061947Z	OV:IGROV1	ordinal	EX_gln__L_e	-9.999999	-10.0	3.9490529387310875	primary	optimal
twostage-20260916T061947Z	OV:IGROV1	ordinal	EX_glu__L_e	-9.999999	-10.0	21.30993112728475	primary	optimal
twostage-20260916T061947Z	OV:IGROV1	ordinal	EX_gly_e	-9.999999	-10.0	23.685120486392545	primary	optimal
twostage-20260916T061947Z	OV:IGROV1	ordinal	EX_glyald_e	0.0	0.0	8.65795728707426	primary	optimal
twostage-20260916T061947Z	OV:IGROV1	ordinal	EX_glyb_e	0.0	0.0	9.76513784744949	primary	optimal
twostage-20260916T061947Z	OV:IGROV1	ordinal	EX_glyc3p_e	0.0	0.0	3.822835565198429	primary	optimal
twostage-20260916T061947Z	OV:IGROV1	ordinal	EX_gmp_e	0.0	0.0	0.0	primary	optimal
twostage-20260916T061947Z	OV:IGROV1	ordinal	EX_gthox_e	0.0	0.0	5.274662750362358	primary	optimal
twostage-20260916T061947Z	OV:IGROV1	ordinal	EX_hcys__L_e	0.0	0.0	4.192496734162715	primary	optimal
twostage-20260916T061947Z	OV:IGROV1	ordinal	EX_hom__L_e	0.0	0.0	0.0	primary	optimal
twostage-20260916T061947Z	OV:IGROV1	ordinal	EX_hxan_e	0.0	0.0	1.1504223494881403	primary	optimal
twostage-20260916T061947Z	OV:IGROV1	ordinal	EX_icit_e	0.0	0.0	28.392556196538237	primary	optimal
twostage-20260916T061947Z	OV:IGROV1	ordinal	EX_ile__L_e	-9.999999	-10.0	-0.9398300444600185	primary	optimal
twostage-20260916T061947Z	OV:IGROV1	ordinal	EX_imp_e	0.0	0.0	0.8562040534080404	primary	optimal
twostage-20260916T061947Z	OV:IGROV1	ordinal	EX_ins_e	0.0	0.0	0.8539660018296273	primary	optimal
twostage-20260916T061947Z	OV:IGROV1	ordinal	EX_lac__L_e	-0.9999989999999999	-1.0	53.50353915065497	primary	optimal
twostage-20260916T061947Z	OV:IGROV1	ordinal	EX_lcts_e	0.0	0.0	1.2961007985302326	primary	optimal
twostage-20260916T061947Z	OV:IGROV1	ordinal	EX_leu__L_e	-9.999998999999999	-10.0	-1.7922337326704447	primary	optimal
twostage-20260916T061947Z	OV:IGROV1	ordinal	EX_lys__L_e	-9.999999	-10.0	-1.945226570884163	primary	optimal
twostage-20260916T061947Z	OV:IGROV1	ordinal	EX_mal__L_e	1e-06	0.0	35.66123015460522	primary	optimal
twostage-20260916T061947Z	OV:IGROV1	ordinal	EX_met__L_e	-9.999999	-10.0	-0.5026982632120713	primary	optimal
twostage-20260916T061947Z	OV:IGROV1	ordinal	EX_nac_e	-8.893531183765352e-15	0.0	10.590569803102136	primary	optimal
twostage-20260916T061947Z	OV:IGROV1	ordinal	EX_ncam_e	-6.114497544139016	-10.0	-8.881784197001252e-16	primary	optimal
twostage-20260916T061947Z	OV:IGROV1	ordinal	EX_nicrnt_e	0.0	0.0	2.0752667453848463	primary	optimal
twostage-20260916T061947Z	OV:IGROV1	ordinal	EX_orn_e	0.0	0.0	24.573459972627337	primary	optimal
twostage-20260916T061947Z	OV:IGROV1	ordinal	EX_orot5p_e	0.0	0.0	1.277202564795753	primary	optimal
twostage-20260916T061947Z	OV:IGROV1	ordinal	EX_orot_e	0.0	0.0	2.9518853961984566	primary	optimal
twostage-20260916T061947Z	OV:IGROV1	ordinal	EX_oxa_e	0.0	0.0	6.002185163868603	primary	optimal
twostage-20260916T061947Z	OV:IGROV1	ordinal	EX_pep_e	0.0	0.0	6.071678091942411	primary	optimal
twostage-20260916T061947Z	OV:IGROV1	ordinal	EX_phe__L_e	-0.8524037105000054	-10.0	-0.8524036882104564	primary	optimal
twostage-20260916T061947Z	OV:IGROV1	ordinal	EX_pnto__R_e	0.0	-10.0	0.049999999999998934	primary	optimal
twostage-20260916T061947Z	OV:IGROV1	ordinal	EX_pro__L_e	-1.3551019514225018	-10.0	17.91631973125674	primary	optimal
twostage-20260916T061947Z	OV:IGROV1	ordinal	EX_quln_e	0.0	0.0	1.1050287462136095	primary	optimal
twostage-20260916T061947Z	OV:IGROV1	ordinal	EX_sbt__D_e	0.0	0.0	0.0	primary	optimal
twostage-20260916T061947Z	OV:IGROV1	ordinal	EX_ser__L_e	-10.0	-10.0	-0.8371331012616283	primary	optimal
twostage-20260916T061947Z	OV:IGROV1	ordinal	EX_spmd_e	0.0	0.0	1.1268471606348678	primary	optimal
twostage-20260916T061947Z	OV:IGROV1	ordinal	EX_sprm_e	0.0	0.0	0.574590112870831	primary	optimal
twostage-20260916T061947Z	OV:IGROV1	ordinal	EX_srtn_e	0.0	0.0	3.2173069141878003	primary	optimal
twostage-20260916T061947Z	OV:IGROV1	ordinal	EX_succ_e	14.104819438385753	0.0	53.72891429453832	primary	optimal
twostage-20260916T061947Z	OV:IGROV1	ordinal	EX_sucr_e	0.0	0.0	0.0	primary	optimal
twostage-20260916T061947Z	OV:IGROV1	ordinal	EX_taur_e	0.0	0.0	2.9073784157990916	primary	optimal
twostage-20260916T061947Z	OV:IGROV1	ordinal	EX_tchola_e	0.0	0.0	0.6316513159728868	primary	optimal
twostage-20260916T061947Z	OV:IGROV1	ordinal	EX_thr__L_e	-1.0272564007096083	-10.0	-1.0272564007096086	primary	optimal
twostage-20260916T061947Z	OV:IGROV1	ordinal	EX_thym_e	0.0	0.0	1.9002395591796377	primary	optimal
twostage-20260916T061947Z	OV:IGROV1	ordinal	EX_thymd_e	0.0	0.0	1.240590849081384	primary	optimal
twostage-20260916T061947Z	OV:IGROV1	ordinal	EX_trp__L_e	-0.04371317812479467	-10.0	-0.04371317812479347	primary	optimal
twostage-20260916T061947Z	OV:IGROV1	ordinal	EX_tyr__L_e	-0.5245548522744696	-10.0	2.987035651516184	primary	optimal
twostage-20260916T061947Z	OV:IGROV1	ordinal	EX_ump_e	0.0	0.0	0.9353460983020707	primary	optimal
twostage-20260916T061947Z	OV:IGROV1	ordinal	EX_ura_e	0.0	0.0	2.655409016774979	primary	optimal
twostage-20260916T061947Z	OV:IGROV1	ordinal	EX_urate_e	0.0	0.0	1.0984890460248848	primary	optimal
twostage-20260916T061947Z	OV:IGROV1	ordinal	EX_uri_e	0.0	0.0	1.4842148097647212	primary	optimal
twostage-20260916T061947Z	OV:IGROV1	ordinal	EX_val__L_e	-1.1583926524787678	-10.0	-1.1583926498609216	primary	optimal
twostage-20260916T061947Z	OV:IGROV1	ordinal	EX_xan_e	0.0	0.0	1.1290487715758901	primary	optimal
twostage-20260916T061947Z	OV:IGROV1	ordinal	EX_xmp_e	0.0	0.0	0.8448534952547283	primary	optimal
twostage-20260916T061947Z	OV:IGROV1	ordinal	EX_xtsn_e	0.0	0.0	0.8418405082539817	primary	optimal
twostage-20260916T061947Z	OV:NCI/ADR-RES	ordinal	EX_2pg_e	0.0	0.0	6.07167809194241	primary	optimal
twostage-20260916T061947Z	OV:NCI/ADR-RES	ordinal	EX_34hpp_e	0.0	0.0	12.608008796999304	primary	optimal
twostage-20260916T061947Z	OV:NCI/ADR-RES	ordinal	EX_3hanthrn_e	0.0	0.0	1.8653966161554116	primary	optimal
twostage-20260916T061947Z	OV:NCI/ADR-RES	ordinal	EX_3pg_e	0.0	0.0	6.0716780919422355	primary	optimal
twostage-20260916T061947Z	OV:NCI/ADR-RES	ordinal	EX_4abut_e	0.0	0.0	25.86881630809835	primary	optimal
twostage-20260916T061947Z	OV:NCI/ADR-RES	ordinal	EX_4hbz_e	0.0	0.0	5.070566094474861	primary	optimal
twostage-20260916T061947Z	OV:NCI/ADR-RES	ordinal	EX_L2aadp_e	0.0	0.0	8.553260762009185	primary	optimal
twostage-20260916T061947Z	OV:NCI/ADR-RES	ordinal	EX_Lkynr_e	0.0	0.0	3.76426112886756	primary	optimal
twostage-20260916T061947Z	OV:NCI/ADR-RES	ordinal	EX_acac_e	0.0	0.0	13.708122482507516	primary	optimal
twostage-20260916T061947Z	OV:NCI/ADR-RES	ordinal	EX_ade_e	0.0	0.0	1.1425294879570642	primary	optimal
twostage-20260916T061947Z	OV:NCI/ADR-RES	ordinal	EX_adn_e	0.0	0.0	0.888899953606283	primary	optimal
twostage-20260916T061947Z	OV:NCI/ADR-RES	ordinal	EX_ahcys_e	0.0	0.0	0.8397884850582302	primary	optimal
twostage-20260916T061947Z	OV:NCI/ADR-RES	ordinal	EX_akg_e	0.0	0.0	37.217897281283165	primary	optimal
twostage-20260916T061947Z	OV:NCI/ADR-RES	ordinal	EX_ala__L_e	1e-06	0.0	51.76056687521178	primary	optimal
twostage-20260916T061947Z	OV:NCI/ADR-RES	ordinal	EX_amp_e	0.0	0.0	0.7443804331216705	primary	optimal
twostage-20260916T061947Z	OV:NCI/ADR-RES	ordinal	EX_anth_e	0.0	0.0	3.4885194225261618	primary	optimal
twostage-20260916T061947Z	OV:NCI/ADR-RES	ordinal	EX_arg__L_e	-9.999999	-10.0	2.7904867481670395	primary	optimal
twostage-20260916T061947Z	OV:NCI/ADR-RES	ordinal	EX_asn__L_e	-9.999999	-10.0	6.969995028341368	primary	optimal
twostage-20260916T061947Z	OV:NCI/ADR-RES	ordinal	EX_asp__L_e	-9.999999	-10.0	26.752536794533327	primary	optimal
twostage-20260916T061947Z	OV:NCI/ADR-RES	ordinal	EX_bilirub_e	0.0	0.0	0.4601341331166579	primary	optimal
twostage-20260916T061947Z	OV:NCI/ADR-RES	ordinal	EX_cala_e	0.0	0.0	2.8655926745510434	primary	optimal
twostage-20260916T061947Z	OV:NCI/ADR-RES	ordinal	EX_chol_e	-9.999999000000003	-10.0	0.42261216487143266	primary	optimal
twostage-20260916T061947Z	OV:NCI/ADR-RES	ordinal	EX_cholp_e	0.0	0.0	6.071678091942304	primary	optimal
twostage-20260916T061947Z	OV:NCI/ADR-RES	ordinal	EX_cit_e	1e-06	0.0	31.04532622898906	primary	optimal
twostage-20260916T061947Z	OV:NCI/ADR-RES	ordinal	EX_citr__L_e	0.0	0.0	14.797558316339508	primary	optimal
twostage-20260916T061947Z	OV:NCI/ADR-RES	ordinal	EX_cmp_e	0.0	0.0	0.0	primary	optimal
twostage-20260916T061947Z	OV:NCI/ADR-RES	ordinal	EX_crn_e	-0.999999	-1.0	-1.1102230246251565e-15	primary	optimal
twostage-20260916T061947Z	OV:NCI/ADR-RES	ordinal	EX_cyst__L_e	0.0	0.0	3.4759784319537905	primary	optimal
twostage-20260916T061947Z	OV:NCI/ADR-RES	ordinal	EX_cytd_e	0.0	0.0	1.7133801596127045	primary	optimal
twostage-20260916T061947Z	OV:NCI/ADR-RES	ordinal	EX_dad_2_e	0.0	0.0	0.8892839647730486	primary	optimal
twostage-20260916T061947Z	OV:NCI/ADR-RES	ordinal	EX_dcmp_e	0.0	0.0	1.4966166965860188	primary	optimal
twostage-20260916T061947Z	OV:NCI/ADR-RES	ordinal	EX_dcyt_e	0.0	0.0	1.7613554502049276	primary	optimal
twostage-20260916T061947Z	OV:NCI/ADR-RES	ordinal	EX_dhap_e	0.0	0.0	4.740498021483154	primary	optimal
twostage-20260916T061947Z	OV:NCI/ADR-RES	ordinal	EX_dmgly_e	0.0	0.0	4.2036428664366285	primary	optimal
twostage-20260916T061947Z	OV:NCI/ADR-RES	ordinal	EX_duri_e	0.0	0.0	1.724669665255469	primary	optimal
twostage-20260916T061947Z	OV:NCI/ADR-RES	ordinal	EX_ethamp_e	0.0	0.0	6.071678091942712	primary	optimal
twostage-20260916T061947Z	OV:NCI/ADR-RES	ordinal	EX_fol_e	-9.999999	-10.0	1.7763568394002505e-15	primary	optimal
twostage-20260916T061947Z	OV:NCI/ADR-RES	ordinal	EX_fum_e	1e-06	0.0	40.960368140761936	primary	optimal
twostage-20260916T061947Z	OV:NCI/ADR-RES	ordinal	EX_g3pc_e	0.0	0.0	2.199544714846222	primary	optimal
twostage-20260916T061947Z	OV:NCI/ADR-RES	ordinal	EX_glc__D_e	-10.0	-10.0	-4.884718724770407	primary	optimal
twostage-20260916T061947Z	OV:NCI/ADR-RES	ordinal	EX_glcur_e	0.0	0.0	3.7599198021344	primary	optimal
twostage-20260916T061947Z	OV:NCI/ADR-RES	ordinal	EX_gln__L_e	-9.999999	-10.0	5.184398564578249	primary	optimal
twostage-20260916T061947Z	OV:NCI/ADR-RES	ordinal	EX_glu__L_e	-9.999999	-10.0	25.190775165717746	primary	optimal
twostage-20260916T061947Z	OV:NCI/ADR-RES	ordinal	EX_gly_e	-9.999999	-10.0	26.537030196614182	primary	optimal
twostage-20260916T061947Z	OV:NCI/ADR-RES	ordinal	EX_glyald_e	0.0	0.0	10.036719385674045	primary	optimal
twostage-20260916T061947Z	OV:NCI/ADR-RES	ordinal	EX_glyb_e	0.0	0.0	9.9625098352939	primary	optimal
twostage-20260916T061947Z	OV:NCI/ADR-RES	ordinal	EX_glyc3p_e	0.0	0.0	4.528074038752226	primary	optimal
twostage-20260916T061947Z	OV:NCI/ADR-RES	ordinal	EX_gmp_e	0.0	0.0	0.0	primary	optimal
twostage-20260916T061947Z	OV:NCI/ADR-RES	ordinal	EX_gthox_e	0.0	0.0	5.41415603182478	primary	optimal
twostage-20260916T061947Z	OV:NCI/ADR-RES	ordinal	EX_hcys__L_e	0.0	0.0	4.8460594156730785	primary	optimal
twostage-20260916T061947Z	OV:NCI/ADR-RES	ordinal	EX_hom__L_e	0.0	0.0	0.0	primary	optimal
twostage-20260916T061947Z	OV:NCI/ADR-RES	ordinal	EX_hxan_e	0.0	0.0	1.343987358330039	primary	optimal
twostage-20260916T061947Z	OV:NCI/ADR-RES	ordinal	EX_icit_e	0.0	0.0	29.956312352848464	primary	optimal
twostage-20260916T061947Z	OV:NCI/ADR-RES	ordinal	EX_ile__L_e	-9.999999	-10.0	-0.939830044460015	primary	optimal
twostage-20260916T061947Z	OV:NCI/ADR-RES	ordinal	EX_imp_e	0.0	0.0	1.0098902244252121	primary	optimal
twostage-20260916T061947Z	OV:NCI/ADR-RES	ordinal	EX_ins_e	0.0	0.0	1.0060106191563736	primary	optimal
twostage-20260916T061947Z	OV:NCI/ADR-RES	ordinal	EX_lac__L_e	-0.999999	-1.0	53.77580458565229	primary	optimal
twostage-20260916T061947Z	OV:NCI/ADR-RES	ordinal	EX_lcts_e	0.0	0.0	1.4850382598237977	primary	optimal
twostage-20260916T061947Z	OV:NCI/ADR-RES	ordinal	EX_leu__L_e	-9.999999000000003	-10.0	-1.7922337326704483	primary	optimal
twostage-20260916T061947Z	OV:NCI/ADR-RES	ordinal	EX_lys__L_e	-9.999999	-10.0	-1.945226570884163	primary	optimal
twostage-20260916T061947Z	OV:NCI/ADR-RES	ordinal	EX_mal__L_e	1e-06	0.0	36.25721296461365	primary	optimal
twostage-20260916T061947Z	OV:NCI/ADR-RES	ordinal	EX_met__L_e	-9.999999	-10.0	-0.50269826321209	primary	optimal
twostage-20260916T061947Z	OV:NCI/ADR-RES	ordinal	EX_nac_e	0.0	0.0	10.739885686164088	primary	optimal
twostage-20260916T061947Z	OV:NCI/ADR-RES	ordinal	EX_ncam_e	-9.999999000000003	-10.0	-1.7763568394002505e-15	primary	optimal
twostage-20260916T061947Z	OV:NCI/ADR-RES	ordinal	EX_nicrnt_e	0.0	0.0	2.383913250012856	primary	optimal
twostage-20260916T061947Z	OV:NCI/ADR-RES	ordinal	EX_orn_e	0.0	0.0	29.06866798248805	primary	optimal
twostage-20260916T061947Z	OV:NCI/ADR-RES	ordinal	EX_orot5p_e	0.0	0.0	1.4972361220302561	primary	optimal
twostage-20260916T061947Z	OV:NCI/ADR-RES	ordinal	EX_orot_e	0.0	0.0	3.4653491075588354	primary	optimal
twostage-20260916T061947Z	OV:NCI/ADR-RES	ordinal	EX_oxa_e	0.0	0.0	6.9535042312483535	primary	optimal
twostage-20260916T061947Z	OV:NCI/ADR-RES	ordinal	EX_pep_e	0.0	0.0	6.071678091942347	primary	optimal
twostage-20260916T061947Z	OV:NCI/ADR-RES	ordinal	EX_phe__L_e	-2.912060766785535	-10.0	-0.8524036882104298	primary	optimal
twostage-20260916T061947Z	OV:NCI/ADR-RES	ordinal	EX_pnto__R_e	0.0	-10.0	0.05000000000006377	primary	optimal
twostage-20260916T061947Z	OV:NCI/ADR-RES	ordinal	EX_pro__L_e	-1.355102068060849	-10.0	19.264804849801493	primary	optimal
twostage-20260916T061947Z	OV:NCI/ADR-RES	ordinal	EX_quln_e	0.0	0.0	1.2511465442644245	primary	optimal
twostage-20260916T061947Z	OV:NCI/ADR-RES	ordinal	EX_sbt__D_e	0.0	0.0	0.0	primary	optimal
twostage-20260916T061947Z	OV:NCI/ADR-RES	ordinal	EX_ser__L_e	-10.0	-10.0	0.7940791174902023	primary	optimal
twostage-20260916T061947Z	OV:NCI/ADR-RES	ordinal	EX_spmd_e	0.0	0.0	1.3230045637386907	primary	optimal
twostage-20260916T061947Z	OV:NCI/ADR-RES	ordinal	EX_sprm_e	0.0	0.0	0.6730301494714704	primary	optimal
twostage-20260916T061947Z	OV:NCI/ADR-RES	ordinal	EX_srtn_e	0.0	0.0	3.729801594726955	primary	optimal
twostage-20260916T061947Z	OV:NCI/ADR-RES	ordinal	EX_succ_e	13.52001331182481	0.0	56.89757977662571	primary	optimal
twostage-20260916T061947Z	OV:NCI/ADR-RES	ordinal	EX_sucr_e	0.0	0.0	0.0	primary	optimal
twostage-20260916T061947Z	OV:NCI/ADR-RES	ordinal	EX_taur_e	0.0	0.0	3.3326538375072317	primary	optimal
twostage-20260916T061947Z	OV:NCI/ADR-RES	ordinal	EX_tchola_e	0.0	0.0	0.7222851379592021	primary	optimal
twostage-20260916T061947Z	OV:NCI/ADR-RES	ordinal	EX_thr__L_e	-1.027256400709608	-10.0	-1.0272564007096339	primary	optimal
twostage-20260916T061947Z	OV:NCI/ADR-RES	ordinal	EX_thym_e	0.0	0.0	2.180083024236587	primary	optimal
twostage-20260916T061947Z	OV:NCI/ADR-RES	ordinal	EX_thymd_e	0.0	0.0	1.4237860553188446	primary	optimal
twostage-20260916T061947Z	OV:NCI/ADR-RES	ordinal	EX_trp__L_e	-0.04371317812479467	-10.0	-0.043713178124797025	primary	optimal
twostage-20260916T061947Z	OV:NCI/ADR-RES	ordinal	EX_tyr__L_e	-0.5245548522744694	-10.0	3.4344191143063805	primary	optimal
twostage-20260916T061947Z	OV:NCI/ADR-RES	ordinal	EX_ump_e	0.0	0.0	1.1039425989459193	primary	optimal
twostage-20260916T061947Z	OV:NCI/ADR-RES	ordinal	EX_ura_e	0.0	0.0	3.0430404664267887	primary	optimal
twostage-20260916T061947Z	OV:NCI/ADR-RES	ordinal	EX_urate_e	0.0	0.0	1.2799909927013005	primary	optimal
twostage-20260916T061947Z	OV:NCI/ADR-RES	ordinal	EX_uri_e	0.0	0.0	1.7233792698471864	primary	optimal
twostage-20260916T061947Z	OV:NCI/ADR-RES	ordinal	EX_val__L_e	-1.158393063705737	-10.0	-1.1583926498609536	primary	optimal
twostage-20260916T061947Z	OV:NCI/ADR-RES	ordinal	EX_xan_e	0.0	0.0	1.3159098440756074	primary	optimal
twostage-20260916T061947Z	OV:NCI/ADR-RES	ordinal	EX_xmp_e	0.0	0.0	0.9943903683529352	primary	optimal
twostage-20260916T061947Z	OV:NCI/ADR-RES	ordinal	EX_xtsn_e	0.0	0.0	0.990547481879092	primary	optimal
twostage-20260916T061947Z	OV:OVCAR-3	ordinal	EX_2pg_e	0.0	0.0	6.071678091942476	primary	optimal
twostage-20260916T061947Z	OV:OVCAR-3	ordinal	EX_34hpp_e	0.0	0.0	12.499985361502608	primary	optimal
twostage-20260916T061947Z	OV:OVCAR-3	ordinal	EX_3hanthrn_e	0.0	0.0	1.7857107209494134	primary	optimal
twostage-20260916T061947Z	OV:OVCAR-3	ordinal	EX_3pg_e	0.0	0.0	6.0716780919424655	primary	optimal
twostage-20260916T061947Z	OV:OVCAR-3	ordinal	EX_4abut_e	0.0	0.0	21.7841012762573	primary	optimal
twostage-20260916T061947Z	OV:OVCAR-3	ordinal	EX_4hbz_e	0.0	0.0	4.792306335824769	primary	optimal
twostage-20260916T061947Z	OV:OVCAR-3	ordinal	EX_L2aadp_e	0.0	0.0	8.451773165109563	primary	optimal
twostage-20260916T061947Z	OV:OVCAR-3	ordinal	EX_Lkynr_e	0.0	0.0	3.596873377044063	primary	optimal
twostage-20260916T061947Z	OV:OVCAR-3	ordinal	EX_acac_e	0.0	0.0	12.537860786250521	primary	optimal
twostage-20260916T061947Z	OV:OVCAR-3	ordinal	EX_ade_e	0.0	0.0	1.0522199219109927	primary	optimal
twostage-20260916T061947Z	OV:OVCAR-3	ordinal	EX_adn_e	0.0	0.0	0.8108291316401101	primary	optimal
twostage-20260916T061947Z	OV:OVCAR-3	ordinal	EX_ahcys_e	0.0	0.0	0.7682183089992575	primary	optimal
twostage-20260916T061947Z	OV:OVCAR-3	ordinal	EX_akg_e	1.0000000000000002e-06	0.0	37.146578066469395	primary	optimal
twostage-20260916T061947Z	OV:OVCAR-3	ordinal	EX_ala__L_e	1e-06	0.0	51.853672855235466	primary	optimal
twostage-20260916T061947Z	OV:OVCAR-3	ordinal	EX_amp_e	0.0	0.0	0.679240757155625	primary	optimal
twostage-20260916T061947Z	OV:OVCAR-3	ordinal	EX_anth_e	0.0	0.0	3.3344667050832215	primary	optimal
twostage-20260916T061947Z	OV:OVCAR-3	ordinal	EX_arg__L_e	-9.999999	-10.0	2.5493955017251264	primary	optimal
twostage-20260916T061947Z	OV:OVCAR-3	ordinal	EX_asn__L_e	-9.999999000000003	-10.0	6.80297956717796	primary	optimal
twostage-20260916T061947Z	OV:OVCAR-3	ordinal	EX_asp__L_e	-9.999999	-10.0	25.8563202764245	primary	optimal
twostage-20260916T061947Z	OV:OVCAR-3	ordinal	EX_bilirub_e	0.0	0.0	0.43174116561964776	primary	optimal
twostage-20260916T061947Z	OV:OVCAR-3	ordinal	EX_cala_e	0.0	0.0	2.6229238742345578	primary	optimal
twostage-20260916T061947Z	OV:OVCAR-3	ordinal	EX_chol_e	-9.999999	-10.0	0.3168347801949729	primary	optimal
twostage-20260916T061947Z	OV:OVCAR-3	ordinal	EX_cholp_e	0.0	0.0	6.0716780919425215	primary	optimal
twostage-20260916T061947Z	OV:OVCAR-3	ordinal	EX_cit_e	1e-06	0.0	30.891557306923065	primary	optimal
twostage-20260916T061947Z	OV:OVCAR-3	ordinal	EX_citr__L_e	0.0	0.0	14.095071195044886	primary	optimal
twostage-20260916T061947Z	OV:OVCAR-3	ordinal	EX_cmp_e	0.0	0.0	0.0	primary	optimal
twostage-20260916T061947Z	OV:OVCAR-3	ordinal	EX_crn_e	-0.999999	-1.0	-2.55351295663786e-15	primary	optimal
twostage-20260916T061947Z	OV:OVCAR-3	ordinal	EX_cyst__L_e	0.0	0.0	3.1783370548505827	primary	optimal
twostage-20260916T061947Z	OV:OVCAR-3	ordinal	EX_cytd_e	0.0	0.0	1.5676743178548482	primary	optimal
twostage-20260916T061947Z	OV:OVCAR-3	ordinal	EX_dad_2_e	0.0	0.0	0.812010342791843	primary	optimal
twostage-20260916T061947Z	OV:OVCAR-3	ordinal	EX_dcmp_e	0.0	0.0	1.3668253831253019	primary	optimal
twostage-20260916T061947Z	OV:OVCAR-3	ordinal	EX_dcyt_e	0.0	0.0	1.6088302166649737	primary	optimal
twostage-20260916T061947Z	OV:OVCAR-3	ordinal	EX_dhap_e	0.0	0.0	4.268983984097825	primary	optimal
twostage-20260916T061947Z	OV:OVCAR-3	ordinal	EX_dmgly_e	0.0	0.0	3.863728516724971	primary	optimal
twostage-20260916T061947Z	OV:OVCAR-3	ordinal	EX_duri_e	0.0	0.0	1.57416537594222	primary	optimal
twostage-20260916T061947Z	OV:OVCAR-3	ordinal	EX_ethamp_e	0.0	0.0	6.0716780919424025	primary	optimal
twostage-20260916T061947Z	OV:OVCAR-3	ordinal	EX_fol_e	-9.999999	-10.0	-1.7763568394002505e-14	primary	optimal
twostage-20260916T061947Z	OV:OVCAR-3	ordinal	EX_fum_e	1e-06	0.0	40.62417218288652	primary	optimal
twostage-20260916T061947Z	OV:OVCAR-3	ordinal	EX_g3pc_e	0.0	0.0	2.044396284088866	primary	optimal
twostage-20260916T061947Z	OV:OVCAR-3	ordinal	EX_glc__D_e	-10.0	-10.0	-5.213236775306853	primary	optimal
twostage-20260916T061947Z	OV:OVCAR-3	ordinal	EX_glcur_e	0.0	0.0	3.604799018632227	primary	optimal
twostage-20260916T061947Z	OV:OVCAR-3	ordinal	EX_gln__L_e	-9.999999	-10.0	5.09234345187667	primary	optimal
twostage-20260916T061947Z	OV:OVCAR-3	ordinal	EX_glu__L_e	-9.999999	-10.0	23.56923159989318	primary	optimal
twostage-20260916T061947Z	OV:OVCAR-3	ordinal	EX_gly_e	-9.999999	-10.0	25.51665714291307	primary	optimal
twostage-20260916T061947Z	OV:OVCAR-3	ordinal	EX_glyald_e	0.0	0.0	9.11637305575915	primary	optimal
twostage-20260916T061947Z	OV:OVCAR-3	ordinal	EX_glyb_e	0.0	0.0	9.868683458865947	primary	optimal
twostage-20260916T061947Z	OV:OVCAR-3	ordinal	EX_glyc3p_e	0.0	0.0	4.0937358857798	primary	optimal
twostage-20260916T061947Z	OV:OVCAR-3	ordinal	EX_gmp_e	0.0	0.0	0.0	primary	optimal
twostage-20260916T061947Z	OV:OVCAR-3	ordinal	EX_gthox_e	0.0	0.0	5.3241991206483155	primary	optimal
twostage-20260916T061947Z	OV:OVCAR-3	ordinal	EX_hcys__L_e	0.0	0.0	4.499682585009018	primary	optimal
twostage-20260916T061947Z	OV:OVCAR-3	ordinal	EX_hom__L_e	0.0	0.0	0.0	primary	optimal
twostage-20260916T061947Z	OV:OVCAR-3	ordinal	EX_hxan_e	0.0	0.0	1.2382882314217598	primary	optimal
twostage-20260916T061947Z	OV:OVCAR-3	ordinal	EX_icit_e	0.0	0.0	28.9217553345806	primary	optimal
twostage-20260916T061947Z	OV:OVCAR-3	ordinal	EX_ile__L_e	-9.999999000000003	-10.0	-0.939830044460018	primary	optimal
twostage-20260916T061947Z	OV:OVCAR-3	ordinal	EX_imp_e	0.0	0.0	0.9222415993942236	primary	optimal
twostage-20260916T061947Z	OV:OVCAR-3	ordinal	EX_ins_e	0.0	0.0	0.9164567799612183	primary	optimal
twostage-20260916T061947Z	OV:OVCAR-3	ordinal	EX_lac__L_e	-0.9999990000000001	-1.0	54.00622338547765	primary	optimal
twostage-20260916T061947Z	OV:OVCAR-3	ordinal	EX_lcts_e	0.0	0.0	1.3767198150182354	primary	optimal
twostage-20260916T061947Z	OV:OVCAR-3	ordinal	EX_leu__L_e	-9.999999	-10.0	-1.792233732670459	primary	optimal
twostage-20260916T061947Z	OV:OVCAR-3	ordinal	EX_lys__L_e	-9.999999	-10.0	-1.9452265708841612	primary	optimal
twostage-20260916T061947Z	OV:OVCAR-3	ordinal	EX_mal__L_e	1e-06	0.0	36.22131093591297	primary	optimal
twostage-20260916T061947Z	OV:OVCAR-3	ordinal	EX_met__L_e	-9.999999	-10.0	-0.5026982632120749	primary	optimal
twostage-20260916T061947Z	OV:OVCAR-3	ordinal	EX_nac_e	-4.7309281714241535e-15	0.0	10.653229872467838	primary	optimal
twostage-20260916T061947Z	OV:OVCAR-3	ordinal	EX_ncam_e	-8.502331788941582	-10.0	1.0658141036401503e-14	primary	optimal
twostage-20260916T061947Z	OV:OVCAR-3	ordinal	EX_nicrnt_e	0.0	0.0	2.1681598226998013	primary	optimal
twostage-20260916T061947Z	OV:OVCAR-3	ordinal	EX_orn_e	0.0	0.0	28.65555613593043	primary	optimal
twostage-20260916T061947Z	OV:OVCAR-3	ordinal	EX_orot5p_e	0.0	0.0	1.3650272513149109	primary	optimal
twostage-20260916T061947Z	OV:OVCAR-3	ordinal	EX_orot_e	0.0	0.0	3.1962388594319036	primary	optimal
twostage-20260916T061947Z	OV:OVCAR-3	ordinal	EX_oxa_e	0.0	0.0	6.482496290346597	primary	optimal
twostage-20260916T061947Z	OV:OVCAR-3	ordinal	EX_pep_e	0.0	0.0	6.071678091942333	primary	optimal
twostage-20260916T061947Z	OV:OVCAR-3	ordinal	EX_phe__L_e	-0.8524036882104293	-10.0	-0.852403688210428	primary	optimal
twostage-20260916T061947Z	OV:OVCAR-3	ordinal	EX_pnto__R_e	0.0	-10.0	0.04999999999999716	primary	optimal
twostage-20260916T061947Z	OV:OVCAR-3	ordinal	EX_pro__L_e	-1.3551019514213072	-10.0	18.984187980736454	primary	optimal
twostage-20260916T061947Z	OV:OVCAR-3	ordinal	EX_quln_e	0.0	0.0	1.1980098781545416	primary	optimal
twostage-20260916T061947Z	OV:OVCAR-3	ordinal	EX_sbt__D_e	0.0	0.0	0.0	primary	optimal
twostage-20260916T061947Z	OV:OVCAR-3	ordinal	EX_ser__L_e	-10.0	-10.0	-0.2585860757647816	primary	optimal
twostage-20260916T061947Z	OV:OVCAR-3	ordinal	EX_spmd_e	0.0	0.0	1.209228452373232	primary	optimal
twostage-20260916T061947Z	OV:OVCAR-3	ordinal	EX_sprm_e	0.0	0.0	0.6166287470100978	primary	optimal
twostage-20260916T061947Z	OV:OVCAR-3	ordinal	EX_srtn_e	0.0	0.0	3.552809701485228	primary	optimal
twostage-20260916T061947Z	OV:OVCAR-3	ordinal	EX_succ_e	13.52001286561739	0.0	55.00193882682365	primary	optimal
twostage-20260916T061947Z	OV:OVCAR-3	ordinal	EX_sucr_e	0.0	0.0	0.0	primary	optimal
twostage-20260916T061947Z	OV:OVCAR-3	ordinal	EX_taur_e	0.0	0.0	3.1643722180397718	primary	optimal
twostage-20260916T061947Z	OV:OVCAR-3	ordinal	EX_tchola_e	0.0	0.0	0.6879612769598289	primary	optimal
twostage-20260916T061947Z	OV:OVCAR-3	ordinal	EX_thr__L_e	-1.027256400709608	-10.0	-1.027256400709602	primary	optimal
twostage-20260916T061947Z	OV:OVCAR-3	ordinal	EX_thym_e	0.0	0.0	2.004886997451958	primary	optimal
twostage-20260916T061947Z	OV:OVCAR-3	ordinal	EX_thymd_e	0.0	0.0	1.2938612194100099	primary	optimal
twostage-20260916T061947Z	OV:OVCAR-3	ordinal	EX_trp__L_e	-0.04371317812479468	-10.0	-0.043713178124802354	primary	optimal
twostage-20260916T061947Z	OV:OVCAR-3	ordinal	EX_tyr__L_e	-0.5245548522744694	-10.0	3.279397252075905	primary	optimal
twostage-20260916T061947Z	OV:OVCAR-3	ordinal	EX_ump_e	0.0	0.0	1.0070260664877282	primary	optimal
twostage-20260916T061947Z	OV:OVCAR-3	ordinal	EX_ura_e	0.0	0.0	2.8477605984489376	primary	optimal
twostage-20260916T061947Z	OV:OVCAR-3	ordinal	EX_urate_e	0.0	0.0	1.176743237516223	primary	optimal
twostage-20260916T061947Z	OV:OVCAR-3	ordinal	EX_uri_e	0.0	0.0	1.5781584589557274	primary	optimal
twostage-20260916T061947Z	OV:OVCAR-3	ordinal	EX_val__L_e	-1.1583929958681776	-10.0	-1.158392649860927	primary	optimal
twostage-20260916T061947Z	OV:OVCAR-3	ordinal	EX_xan_e	0.0	0.0	1.2119289784176466	primary	optimal
twostage-20260916T061947Z	OV:OVCAR-3	ordinal	EX_xmp_e	0.0	0.0	0.908471189590825	primary	optimal
twostage-20260916T061947Z	OV:OVCAR-3	ordinal	EX_xtsn_e	0.0	0.0	0.9021548279236503	primary	optimal
twostage-20260916T061947Z	OV:OVCAR-4	ordinal	EX_2pg_e	0.0	0.0	6.0716780919424025	primary	optimal
twostage-20260916T061947Z	OV:OVCAR-4	ordinal	EX_34hpp_e	0.0	0.0	12.408958796576586	primary	optimal
twostage-20260916T061947Z	OV:OVCAR-4	ordinal	EX_3hanthrn_e	0.0	0.0	1.7191199868657234	primary	optimal
twostage-20260916T061947Z	OV:OVCAR-4	ordinal	EX_3pg_e	0.0	0.0	6.0716780919423545	primary	optimal
twostage-20260916T061947Z	OV:OVCAR-4	ordinal	EX_4abut_e	0.0	0.0	23.077721633586737	primary	optimal
twostage-20260916T061947Z	OV:OVCAR-4	ordinal	EX_4hbz_e	0.0	0.0	4.628560255007498	primary	optimal
twostage-20260916T061947Z	OV:OVCAR-4	ordinal	EX_L2aadp_e	0.0	0.0	8.357186436116235	primary	optimal
twostage-20260916T061947Z	OV:OVCAR-4	ordinal	EX_Lkynr_e	0.0	0.0	3.4628496790870935	primary	optimal
twostage-20260916T061947Z	OV:OVCAR-4	ordinal	EX_acac_e	0.0	0.0	12.049878754026771	primary	optimal
twostage-20260916T061947Z	OV:OVCAR-4	ordinal	EX_ade_e	0.0	0.0	1.0278963462335358	primary	optimal
twostage-20260916T061947Z	OV:OVCAR-4	ordinal	EX_adn_e	0.0	0.0	0.8014745033656472	primary	optimal
twostage-20260916T061947Z	OV:OVCAR-4	ordinal	EX_ahcys_e	0.0	0.0	0.7602347320371985	primary	optimal
twostage-20260916T061947Z	OV:OVCAR-4	ordinal	EX_akg_e	0.0	0.0	34.16974296978996	primary	optimal
twostage-20260916T061947Z	OV:OVCAR-4	ordinal	EX_ala__L_e	1e-06	0.0	46.935033308884506	primary	optimal
twostage-20260916T061947Z	OV:OVCAR-4	ordinal	EX_amp_e	0.0	0.0	0.6692722386974805	primary	optimal
twostage-20260916T061947Z	OV:OVCAR-4	ordinal	EX_anth_e	0.0	0.0	3.1916204825813193	primary	optimal
twostage-20260916T061947Z	OV:OVCAR-4	ordinal	EX_arg__L_e	-9.999999	-10.0	2.3495076686186294	primary	optimal
twostage-20260916T061947Z	OV:OVCAR-4	ordinal	EX_asn__L_e	-9.999999	-10.0	6.547064280610298	primary	optimal
twostage-20260916T061947Z	OV:OVCAR-4	ordinal	EX_asp__L_e	-9.999999000000003	-10.0	24.72888296519267	primary	optimal
twostage-20260916T061947Z	OV:OVCAR-4	ordinal	EX_bilirub_e	0.0	0.0	0.42895517807512834	primary	optimal
twostage-20260916T061947Z	OV:OVCAR-4	ordinal	EX_cala_e	0.0	0.0	2.5737078884465627	primary	optimal
twostage-20260916T061947Z	OV:OVCAR-4	ordinal	EX_chol_e	-9.999999	-10.0	0.32265052965707464	primary	optimal
twostage-20260916T061947Z	OV:OVCAR-4	ordinal	EX_cholp_e	0.0	0.0	6.071678091942444	primary	optimal
twostage-20260916T061947Z	OV:OVCAR-4	ordinal	EX_cit_e	1e-06	0.0	30.76763721590343	primary	optimal
twostage-20260916T061947Z	OV:OVCAR-4	ordinal	EX_citr__L_e	0.0	0.0	13.610710663953876	primary	optimal
twostage-20260916T061947Z	OV:OVCAR-4	ordinal	EX_cmp_e	0.0	0.0	0.0	primary	optimal
twostage-20260916T061947Z	OV:OVCAR-4	ordinal	EX_crn_e	-0.9999989999999999	-1.0	-3.3306690738754696e-16	primary	optimal
twostage-20260916T061947Z	OV:OVCAR-4	ordinal	EX_cyst__L_e	0.0	0.0	3.165254160454673	primary	optimal
twostage-20260916T061947Z	OV:OVCAR-4	ordinal	EX_cytd_e	0.0	0.0	1.563818863947904	primary	optimal
twostage-20260916T061947Z	OV:OVCAR-4	ordinal	EX_dad_2_e	0.0	0.0	0.7999789343028837	primary	optimal
twostage-20260916T061947Z	OV:OVCAR-4	ordinal	EX_dcmp_e	0.0	0.0	1.3527244454535303	primary	optimal
twostage-20260916T061947Z	OV:OVCAR-4	ordinal	EX_dcyt_e	0.0	0.0	1.622149853421141	primary	optimal
twostage-20260916T061947Z	OV:OVCAR-4	ordinal	EX_dhap_e	0.0	0.0	4.3411539381815105	primary	optimal
twostage-20260916T061947Z	OV:OVCAR-4	ordinal	EX_dmgly_e	0.0	0.0	3.830550294560392	primary	optimal
twostage-20260916T061947Z	OV:OVCAR-4	ordinal	EX_duri_e	0.0	0.0	1.5794648886753881	primary	optimal
twostage-20260916T061947Z	OV:OVCAR-4	ordinal	EX_ethamp_e	0.0	0.0	6.0716780919424025	primary	optimal
twostage-20260916T061947Z	OV:OVCAR-4	ordinal	EX_fol_e	-9.999999000000003	-10.0	-1.7763568394002505e-15	primary	optimal
twostage-20260916T061947Z	OV:OVCAR-4	ordinal	EX_fum_e	1e-06	0.0	40.67953391416459	primary	optimal
twostage-20260916T061947Z	OV:OVCAR-4	ordinal	EX_g3pc_e	0.0	0.0	2.050791294995987	primary	optimal
twostage-20260916T061947Z	OV:OVCAR-4	ordinal	EX_glc__D_e	-10.0	-10.0	-5.046229019525399	primary	optimal
twostage-20260916T061947Z	OV:OVCAR-4	ordinal	EX_glcur_e	0.0	0.0	3.4581906070695227	primary	optimal
twostage-20260916T061947Z	OV:OVCAR-4	ordinal	EX_gln__L_e	-9.999999	-10.0	4.450283266580857	primary	optimal
twostage-20260916T061947Z	OV:OVCAR-4	ordinal	EX_glu__L_e	-9.999999000000003	-10.0	21.137141458214934	primary	optimal
twostage-20260916T061947Z	OV:OVCAR-4	ordinal	EX_gly_e	-9.999998999999999	-10.0	25.476714832726422	primary	optimal
twostage-20260916T061947Z	OV:OVCAR-4	ordinal	EX_glyald_e	0.0	0.0	9.607123341088373	primary	optimal
twostage-20260916T061947Z	OV:OVCAR-4	ordinal	EX_glyb_e	0.0	0.0	9.853508774123831	primary	optimal
twostage-20260916T061947Z	OV:OVCAR-4	ordinal	EX_glyc3p_e	0.0	0.0	4.162783679841526	primary	optimal
twostage-20260916T061947Z	OV:OVCAR-4	ordinal	EX_gmp_e	0.0	0.0	0.0	primary	optimal
twostage-20260916T061947Z	OV:OVCAR-4	ordinal	EX_gthox_e	0.0	0.0	5.273218260500396	primary	optimal
twostage-20260916T061947Z	OV:OVCAR-4	ordinal	EX_hcys__L_e	0.0	0.0	4.408534290548305	primary	optimal
twostage-20260916T061947Z	OV:OVCAR-4	ordinal	EX_hom__L_e	0.0	0.0	0.0	primary	optimal
twostage-20260916T061947Z	OV:OVCAR-4	ordinal	EX_hxan_e	0.0	0.0	1.2133023955230626	primary	optimal
twostage-20260916T061947Z	OV:OVCAR-4	ordinal	EX_icit_e	0.0	0.0	28.48676341929211	primary	optimal
twostage-20260916T061947Z	OV:OVCAR-4	ordinal	EX_ile__L_e	-9.999999	-10.0	-0.9398300444600203	primary	optimal
twostage-20260916T061947Z	OV:OVCAR-4	ordinal	EX_imp_e	0.0	0.0	0.9136725259116308	primary	optimal
twostage-20260916T061947Z	OV:OVCAR-4	ordinal	EX_ins_e	0.0	0.0	0.9097761148531487	primary	optimal
twostage-20260916T061947Z	OV:OVCAR-4	ordinal	EX_lac__L_e	-0.999999	-1.0	53.649781944215086	primary	optimal
twostage-20260916T061947Z	OV:OVCAR-4	ordinal	EX_lcts_e	0.0	0.0	1.4257238128347176	primary	optimal
twostage-20260916T061947Z	OV:OVCAR-4	ordinal	EX_leu__L_e	-9.999999	-10.0	-1.7922337326704394	primary	optimal
twostage-20260916T061947Z	OV:OVCAR-4	ordinal	EX_lys__L_e	-9.999999000000003	-10.0	-1.9452265708841754	primary	optimal
twostage-20260916T061947Z	OV:OVCAR-4	ordinal	EX_mal__L_e	1e-06	0.0	36.27579545062701	primary	optimal
twostage-20260916T061947Z	OV:OVCAR-4	ordinal	EX_met__L_e	-9.999999	-10.0	-0.5026982632120758	primary	optimal
twostage-20260916T061947Z	OV:OVCAR-4	ordinal	EX_nac_e	0.0	0.0	10.63967946147645	primary	optimal
twostage-20260916T061947Z	OV:OVCAR-4	ordinal	EX_ncam_e	-9.147546000323931	-10.0	1.7763568394002505e-15	primary	optimal
twostage-20260916T061947Z	OV:OVCAR-4	ordinal	EX_nicrnt_e	0.0	0.0	2.229505642516674	primary	optimal
twostage-20260916T061947Z	OV:OVCAR-4	ordinal	EX_orn_e	0.0	0.0	26.04878732013382	primary	optimal
twostage-20260916T061947Z	OV:OVCAR-4	ordinal	EX_orot5p_e	0.0	0.0	1.363082736033249	primary	optimal
twostage-20260916T061947Z	OV:OVCAR-4	ordinal	EX_orot_e	0.0	0.0	3.1096498538396364	primary	optimal
twostage-20260916T061947Z	OV:OVCAR-4	ordinal	EX_oxa_e	0.0	0.0	6.149687313294233	primary	optimal
twostage-20260916T061947Z	OV:OVCAR-4	ordinal	EX_pep_e	0.0	0.0	6.071678091942222	primary	optimal
twostage-20260916T061947Z	OV:OVCAR-4	ordinal	EX_phe__L_e	-0.8524036882104294	-10.0	-0.8524036882104049	primary	optimal
twostage-20260916T061947Z	OV:OVCAR-4	ordinal	EX_pnto__R_e	0.0	-10.0	0.04999999999999716	primary	optimal
twostage-20260916T061947Z	OV:OVCAR-4	ordinal	EX_pro__L_e	-1.3551019514250509	-10.0	19.467141979264294	primary	optimal
twostage-20260916T061947Z	OV:OVCAR-4	ordinal	EX_quln_e	0.0	0.0	1.1504772616941144	primary	optimal
twostage-20260916T061947Z	OV:OVCAR-4	ordinal	EX_sbt__D_e	0.0	0.0	0.0	primary	optimal
twostage-20260916T061947Z	OV:OVCAR-4	ordinal	EX_ser__L_e	-10.0	-10.0	0.10204906428973559	primary	optimal
twostage-20260916T061947Z	OV:OVCAR-4	ordinal	EX_spmd_e	0.0	0.0	1.1881993594713782	primary	optimal
twostage-20260916T061947Z	OV:OVCAR-4	ordinal	EX_sprm_e	0.0	0.0	0.6031125191377047	primary	optimal
twostage-20260916T061947Z	OV:OVCAR-4	ordinal	EX_srtn_e	0.0	0.0	3.427377999441127	primary	optimal
twostage-20260916T061947Z	OV:OVCAR-4	ordinal	EX_succ_e	15.369085944811806	0.0	55.41470140652879	primary	optimal
twostage-20260916T061947Z	OV:OVCAR-4	ordinal	EX_sucr_e	0.0	0.0	0.0	primary	optimal
twostage-20260916T061947Z	OV:OVCAR-4	ordinal	EX_taur_e	0.0	0.0	3.090510263424899	primary	optimal
twostage-20260916T061947Z	OV:OVCAR-4	ordinal	EX_tchola_e	0.0	0.0	0.6662243520013217	primary	optimal
twostage-20260916T061947Z	OV:OVCAR-4	ordinal	EX_thr__L_e	-1.0272564007096083	-10.0	-1.0272564007096179	primary	optimal
twostage-20260916T061947Z	OV:OVCAR-4	ordinal	EX_thym_e	0.0	0.0	1.994779594207783	primary	optimal
twostage-20260916T061947Z	OV:OVCAR-4	ordinal	EX_thymd_e	0.0	0.0	1.318783669722405	primary	optimal
twostage-20260916T061947Z	OV:OVCAR-4	ordinal	EX_trp__L_e	-0.04371317812479467	-10.0	-0.04371317812479347	primary	optimal
twostage-20260916T061947Z	OV:OVCAR-4	ordinal	EX_tyr__L_e	-0.5245548522744695	-10.0	3.150881369363407	primary	optimal
twostage-20260916T061947Z	OV:OVCAR-4	ordinal	EX_ump_e	0.0	0.0	1.0033209422703058	primary	optimal
twostage-20260916T061947Z	OV:OVCAR-4	ordinal	EX_ura_e	0.0	0.0	2.7818460656411603	primary	optimal
twostage-20260916T061947Z	OV:OVCAR-4	ordinal	EX_urate_e	0.0	0.0	1.1556055114528623	primary	optimal
twostage-20260916T061947Z	OV:OVCAR-4	ordinal	EX_uri_e	0.0	0.0	1.5845128301064528	primary	optimal
twostage-20260916T061947Z	OV:OVCAR-4	ordinal	EX_val__L_e	-1.1583926557065516	-10.0	-1.1583926498609056	primary	optimal
twostage-20260916T061947Z	OV:OVCAR-4	ordinal	EX_xan_e	0.0	0.0	1.187927693544471	primary	optimal
twostage-20260916T061947Z	OV:OVCAR-4	ordinal	EX_xmp_e	0.0	0.0	0.8999906364711313	primary	optimal
twostage-20260916T061947Z	OV:OVCAR-4	ordinal	EX_xtsn_e	0.0	0.0	0.8954514283949213	primary	optimal
twostage-20260916T061947Z	OV:OVCAR-5	ordinal	EX_2pg_e	0.0	0.0	6.071678091942384	primary	optimal
twostage-20260916T061947Z	OV:OVCAR-5	ordinal	EX_34hpp_e	0.0	0.0	12.490140627648884	primary	optimal
twostage-20260916T061947Z	OV:OVCAR-5	ordinal	EX_3hanthrn_e	0.0	0.0	1.7769762914556801	primary	optimal
twostage-20260916T061947Z	OV:OVCAR-5	ordinal	EX_3pg_e	0.0	0.0	6.07167809194241	primary	optimal
twostage-20260916T061947Z	OV:OVCAR-5	ordinal	EX_4abut_e	0.0	0.0	22.068503629009985	primary	optimal
twostage-20260916T061947Z	OV:OVCAR-5	ordinal	EX_4hbz_e	0.0	0.0	4.71924746254085	primary	optimal
twostage-20260916T061947Z	OV:OVCAR-5	ordinal	EX_L2aadp_e	0.0	0.0	8.429070430290997	primary	optimal
twostage-20260916T061947Z	OV:OVCAR-5	ordinal	EX_Lkynr_e	0.0	0.0	3.592771804355326	primary	optimal
twostage-20260916T061947Z	OV:OVCAR-5	ordinal	EX_acac_e	0.0	0.0	12.423087780573889	primary	optimal
twostage-20260916T061947Z	OV:OVCAR-5	ordinal	EX_ade_e	0.0	0.0	1.032197622817229	primary	optimal
twostage-20260916T061947Z	OV:OVCAR-5	ordinal	EX_adn_e	0.0	0.0	0.8032729492576753	primary	optimal
twostage-20260916T061947Z	OV:OVCAR-5	ordinal	EX_ahcys_e	0.0	0.0	0.7616420862030584	primary	optimal
twostage-20260916T061947Z	OV:OVCAR-5	ordinal	EX_akg_e	0.0	0.0	36.14287478117652	primary	optimal
twostage-20260916T061947Z	OV:OVCAR-5	ordinal	EX_ala__L_e	1e-06	0.0	51.35331250833247	primary	optimal
twostage-20260916T061947Z	OV:OVCAR-5	ordinal	EX_amp_e	0.0	0.0	0.6694717127338845	primary	optimal
twostage-20260916T061947Z	OV:OVCAR-5	ordinal	EX_anth_e	0.0	0.0	3.319558261710336	primary	optimal
twostage-20260916T061947Z	OV:OVCAR-5	ordinal	EX_arg__L_e	-9.999999	-10.0	2.4466703064758684	primary	optimal
twostage-20260916T061947Z	OV:OVCAR-5	ordinal	EX_asn__L_e	-9.999999000000003	-10.0	6.4509911441047825	primary	optimal
twostage-20260916T061947Z	OV:OVCAR-5	ordinal	EX_asp__L_e	-9.999999	-10.0	26.18231795153023	primary	optimal
twostage-20260916T061947Z	OV:OVCAR-5	ordinal	EX_bilirub_e	0.0	0.0	0.4302214412156217	primary	optimal
twostage-20260916T061947Z	OV:OVCAR-5	ordinal	EX_cala_e	0.0	0.0	2.6192383173557605	primary	optimal
twostage-20260916T061947Z	OV:OVCAR-5	ordinal	EX_chol_e	-9.999999	-10.0	0.30803779506101975	primary	optimal
twostage-20260916T061947Z	OV:OVCAR-5	ordinal	EX_cholp_e	0.0	0.0	6.071678091942394	primary	optimal
twostage-20260916T061947Z	OV:OVCAR-5	ordinal	EX_cit_e	1e-06	0.0	31.03885529989161	primary	optimal
twostage-20260916T061947Z	OV:OVCAR-5	ordinal	EX_citr__L_e	0.0	0.0	14.113789820351666	primary	optimal
twostage-20260916T061947Z	OV:OVCAR-5	ordinal	EX_cmp_e	0.0	0.0	0.0	primary	optimal
twostage-20260916T061947Z	OV:OVCAR-5	ordinal	EX_crn_e	-0.999999	-1.0	-5.551115123125783e-16	primary	optimal
twostage-20260916T061947Z	OV:OVCAR-5	ordinal	EX_cyst__L_e	0.0	0.0	3.1278464789158393	primary	optimal
twostage-20260916T061947Z	OV:OVCAR-5	ordinal	EX_cytd_e	0.0	0.0	1.5689297508470894	primary	optimal
twostage-20260916T061947Z	OV:OVCAR-5	ordinal	EX_dad_2_e	0.0	0.0	0.798424259362286	primary	optimal
twostage-20260916T061947Z	OV:OVCAR-5	ordinal	EX_dcmp_e	0.0	0.0	1.3559634171772785	primary	optimal
twostage-20260916T061947Z	OV:OVCAR-5	ordinal	EX_dcyt_e	0.0	0.0	1.6040485743902155	primary	optimal
twostage-20260916T061947Z	OV:OVCAR-5	ordinal	EX_dhap_e	0.0	0.0	4.299992036647931	primary	optimal
twostage-20260916T061947Z	OV:OVCAR-5	ordinal	EX_dmgly_e	0.0	0.0	3.89720221503709	primary	optimal
twostage-20260916T061947Z	OV:OVCAR-5	ordinal	EX_duri_e	0.0	0.0	1.5748849365965902	primary	optimal
twostage-20260916T061947Z	OV:OVCAR-5	ordinal	EX_ethamp_e	0.0	0.0	6.071678091942489	primary	optimal
twostage-20260916T061947Z	OV:OVCAR-5	ordinal	EX_fol_e	-9.999999	-10.0	3.552713678800501e-15	primary	optimal
twostage-20260916T061947Z	OV:OVCAR-5	ordinal	EX_fum_e	1e-06	0.0	40.88123531076139	primary	optimal
twostage-20260916T061947Z	OV:OVCAR-5	ordinal	EX_g3pc_e	0.0	0.0	2.088862201394303	primary	optimal
twostage-20260916T061947Z	OV:OVCAR-5	ordinal	EX_glc__D_e	-10.0	-10.0	-5.054269554808699	primary	optimal
twostage-20260916T061947Z	OV:OVCAR-5	ordinal	EX_glcur_e	0.0	0.0	3.572820459593579	primary	optimal
twostage-20260916T061947Z	OV:OVCAR-5	ordinal	EX_gln__L_e	-9.999999	-10.0	4.586974075679677	primary	optimal
twostage-20260916T061947Z	OV:OVCAR-5	ordinal	EX_glu__L_e	-9.999999	-10.0	22.693114822974486	primary	optimal
twostage-20260916T061947Z	OV:OVCAR-5	ordinal	EX_gly_e	-9.999999	-10.0	25.552407555487843	primary	optimal
twostage-20260916T061947Z	OV:OVCAR-5	ordinal	EX_glyald_e	0.0	0.0	9.390190960423896	primary	optimal
twostage-20260916T061947Z	OV:OVCAR-5	ordinal	EX_glyb_e	0.0	0.0	9.903103261995788	primary	optimal
twostage-20260916T061947Z	OV:OVCAR-5	ordinal	EX_glyc3p_e	0.0	0.0	4.139810464973131	primary	optimal
twostage-20260916T061947Z	OV:OVCAR-5	ordinal	EX_gmp_e	0.0	0.0	0.0	primary	optimal
twostage-20260916T061947Z	OV:OVCAR-5	ordinal	EX_gthox_e	0.0	0.0	5.3142767072656945	primary	optimal
twostage-20260916T061947Z	OV:OVCAR-5	ordinal	EX_hcys__L_e	0.0	0.0	4.4346022717836036	primary	optimal
twostage-20260916T061947Z	OV:OVCAR-5	ordinal	EX_hom__L_e	0.0	0.0	0.0	primary	optimal
twostage-20260916T061947Z	OV:OVCAR-5	ordinal	EX_hxan_e	0.0	0.0	1.215697002633186	primary	optimal
twostage-20260916T061947Z	OV:OVCAR-5	ordinal	EX_icit_e	0.0	0.0	29.926282577799697	primary	optimal
twostage-20260916T061947Z	OV:OVCAR-5	ordinal	EX_ile__L_e	-9.999999	-10.0	-0.9398300444600176	primary	optimal
twostage-20260916T061947Z	OV:OVCAR-5	ordinal	EX_imp_e	0.0	0.0	0.9128676086161318	primary	optimal
twostage-20260916T061947Z	OV:OVCAR-5	ordinal	EX_ins_e	0.0	0.0	0.9085603603151113	primary	optimal
twostage-20260916T061947Z	OV:OVCAR-5	ordinal	EX_lac__L_e	-0.9999989999999999	-1.0	53.789666823574166	primary	optimal
twostage-20260916T061947Z	OV:OVCAR-5	ordinal	EX_lcts_e	0.0	0.0	1.4149408074217569	primary	optimal
twostage-20260916T061947Z	OV:OVCAR-5	ordinal	EX_leu__L_e	-9.999999	-10.0	-1.7922337326704483	primary	optimal
twostage-20260916T061947Z	OV:OVCAR-5	ordinal	EX_lys__L_e	-9.999999	-10.0	-1.9452265708841772	primary	optimal
twostage-20260916T061947Z	OV:OVCAR-5	ordinal	EX_mal__L_e	1e-06	0.0	36.67396932708076	primary	optimal
twostage-20260916T061947Z	OV:OVCAR-5	ordinal	EX_met__L_e	-9.999999	-10.0	-0.5026982632120713	primary	optimal
twostage-20260916T061947Z	OV:OVCAR-5	ordinal	EX_nac_e	0.0	0.0	10.63094124571824	primary	optimal
twostage-20260916T061947Z	OV:OVCAR-5	ordinal	EX_ncam_e	-8.868816642318194	-10.0	3.552713678800501e-15	primary	optimal
twostage-20260916T061947Z	OV:OVCAR-5	ordinal	EX_nicrnt_e	0.0	0.0	2.19678228437757	primary	optimal
twostage-20260916T061947Z	OV:OVCAR-5	ordinal	EX_orn_e	0.0	0.0	26.94866844005417	primary	optimal
twostage-20260916T061947Z	OV:OVCAR-5	ordinal	EX_orot5p_e	0.0	0.0	1.365339562438427	primary	optimal
twostage-20260916T061947Z	OV:OVCAR-5	ordinal	EX_orot_e	0.0	0.0	3.1416334548471125	primary	optimal
twostage-20260916T061947Z	OV:OVCAR-5	ordinal	EX_oxa_e	0.0	0.0	6.483043520103788	primary	optimal
twostage-20260916T061947Z	OV:OVCAR-5	ordinal	EX_pep_e	0.0	0.0	6.071678091942453	primary	optimal
twostage-20260916T061947Z	OV:OVCAR-5	ordinal	EX_phe__L_e	-0.8524036882104293	-10.0	-0.852403688210428	primary	optimal
twostage-20260916T061947Z	OV:OVCAR-5	ordinal	EX_pnto__R_e	0.0	-10.0	0.05000000000000071	primary	optimal
twostage-20260916T061947Z	OV:OVCAR-5	ordinal	EX_pro__L_e	-1.3551019514148117	-10.0	18.840260696603156	primary	optimal
twostage-20260916T061947Z	OV:OVCAR-5	ordinal	EX_quln_e	0.0	0.0	1.1896162767533633	primary	optimal
twostage-20260916T061947Z	OV:OVCAR-5	ordinal	EX_sbt__D_e	0.0	0.0	0.0	primary	optimal
twostage-20260916T061947Z	OV:OVCAR-5	ordinal	EX_ser__L_e	-10.0	-10.0	-0.10193753886677691	primary	optimal
twostage-20260916T061947Z	OV:OVCAR-5	ordinal	EX_spmd_e	0.0	0.0	1.2096355947718471	primary	optimal
twostage-20260916T061947Z	OV:OVCAR-5	ordinal	EX_sprm_e	0.0	0.0	0.6153836411031709	primary	optimal
twostage-20260916T061947Z	OV:OVCAR-5	ordinal	EX_srtn_e	0.0	0.0	3.545136291963031	primary	optimal
twostage-20260916T061947Z	OV:OVCAR-5	ordinal	EX_succ_e	14.105054503348315	0.0	56.83745752421036	primary	optimal
twostage-20260916T061947Z	OV:OVCAR-5	ordinal	EX_sucr_e	0.0	0.0	0.0	primary	optimal
twostage-20260916T061947Z	OV:OVCAR-5	ordinal	EX_taur_e	0.0	0.0	3.179816249159859	primary	optimal
twostage-20260916T061947Z	OV:OVCAR-5	ordinal	EX_tchola_e	0.0	0.0	0.68411884531584	primary	optimal
twostage-20260916T061947Z	OV:OVCAR-5	ordinal	EX_thr__L_e	-1.027256400709608	-10.0	-1.027256400709608	primary	optimal
twostage-20260916T061947Z	OV:OVCAR-5	ordinal	EX_thym_e	0.0	0.0	1.992770093091378	primary	optimal
twostage-20260916T061947Z	OV:OVCAR-5	ordinal	EX_thymd_e	0.0	0.0	1.3059282481821513	primary	optimal
twostage-20260916T061947Z	OV:OVCAR-5	ordinal	EX_trp__L_e	-0.04371317812479467	-10.0	-0.043713178124797025	primary	optimal
twostage-20260916T061947Z	OV:OVCAR-5	ordinal	EX_tyr__L_e	-0.5245548522744693	-10.0	3.260378774077424	primary	optimal
twostage-20260916T061947Z	OV:OVCAR-5	ordinal	EX_ump_e	0.0	0.0	1.0029542542081984	primary	optimal
twostage-20260916T061947Z	OV:OVCAR-5	ordinal	EX_ura_e	0.0	0.0	2.7974178355312085	primary	optimal
twostage-20260916T061947Z	OV:OVCAR-5	ordinal	EX_urate_e	0.0	0.0	1.1639096732185215	primary	optimal
twostage-20260916T061947Z	OV:OVCAR-5	ordinal	EX_uri_e	0.0	0.0	1.5785649677200353	primary	optimal
twostage-20260916T061947Z	OV:OVCAR-5	ordinal	EX_val__L_e	-1.1583926586870756	-10.0	-1.1583926498609252	primary	optimal
twostage-20260916T061947Z	OV:OVCAR-5	ordinal	EX_xan_e	0.0	0.0	1.1950363479357713	primary	optimal
twostage-20260916T061947Z	OV:OVCAR-5	ordinal	EX_xmp_e	0.0	0.0	0.9000428063849175	primary	optimal
twostage-20260916T061947Z	OV:OVCAR-5	ordinal	EX_xtsn_e	0.0	0.0	0.8959588788593704	primary	optimal
twostage-20260916T061947Z	OV:OVCAR-8	ordinal	EX_2pg_e	0.0	0.0	6.07167809194237	primary	optimal
twostage-20260916T061947Z	OV:OVCAR-8	ordinal	EX_34hpp_e	0.0	0.0	12.537818255780106	primary	optimal
twostage-20260916T061947Z	OV:OVCAR-8	ordinal	EX_3hanthrn_e	0.0	0.0	1.801272826638224	primary	optimal
twostage-20260916T061947Z	OV:OVCAR-8	ordinal	EX_3pg_e	0.0	0.0	6.071678091942855	primary	optimal
twostage-20260916T061947Z	OV:OVCAR-8	ordinal	EX_4abut_e	0.0	0.0	23.181301156786326	primary	optimal
twostage-20260916T061947Z	OV:OVCAR-8	ordinal	EX_4hbz_e	0.0	0.0	4.776192336228645	primary	optimal
twostage-20260916T061947Z	OV:OVCAR-8	ordinal	EX_L2aadp_e	0.0	0.0	8.42865313843452	primary	optimal
twostage-20260916T061947Z	OV:OVCAR-8	ordinal	EX_Lkynr_e	0.0	0.0	3.63597249595396	primary	optimal
twostage-20260916T061947Z	OV:OVCAR-8	ordinal	EX_acac_e	0.0	0.0	12.979603235646671	primary	optimal
twostage-20260916T061947Z	OV:OVCAR-8	ordinal	EX_ade_e	0.0	0.0	1.049225069467581	primary	optimal
twostage-20260916T061947Z	OV:OVCAR-8	ordinal	EX_adn_e	0.0	0.0	0.8094512000811832	primary	optimal
twostage-20260916T061947Z	OV:OVCAR-8	ordinal	EX_ahcys_e	0.0	0.0	0.7684084046267586	primary	optimal
twostage-20260916T061947Z	OV:OVCAR-8	ordinal	EX_akg_e	0.0	0.0	36.35959021788963	primary	optimal
twostage-20260916T061947Z	OV:OVCAR-8	ordinal	EX_ala__L_e	1e-06	0.0	50.52710341824853	primary	optimal
twostage-20260916T061947Z	OV:OVCAR-8	ordinal	EX_amp_e	0.0	0.0	0.6782812448043632	primary	optimal
twostage-20260916T061947Z	OV:OVCAR-8	ordinal	EX_anth_e	0.0	0.0	3.369603465996701	primary	optimal
twostage-20260916T061947Z	OV:OVCAR-8	ordinal	EX_arg__L_e	-9.999999000000003	-10.0	2.633896642664756	primary	optimal
twostage-20260916T061947Z	OV:OVCAR-8	ordinal	EX_asn__L_e	-9.999999	-10.0	6.74315000852376	primary	optimal
twostage-20260916T061947Z	OV:OVCAR-8	ordinal	EX_asp__L_e	-9.999999	-10.0	25.687205503296102	primary	optimal
twostage-20260916T061947Z	OV:OVCAR-8	ordinal	EX_bilirub_e	0.0	0.0	0.43918998860289576	primary	optimal
twostage-20260916T061947Z	OV:OVCAR-8	ordinal	EX_cala_e	0.0	0.0	2.6728350282091307	primary	optimal
twostage-20260916T061947Z	OV:OVCAR-8	ordinal	EX_chol_e	-9.999999	-10.0	0.32573268596164323	primary	optimal
twostage-20260916T061947Z	OV:OVCAR-8	ordinal	EX_cholp_e	0.0	0.0	6.07167809194258	primary	optimal
twostage-20260916T061947Z	OV:OVCAR-8	ordinal	EX_cit_e	1e-06	0.0	30.95146792570833	primary	optimal
twostage-20260916T061947Z	OV:OVCAR-8	ordinal	EX_citr__L_e	0.0	0.0	14.793279672488692	primary	optimal
twostage-20260916T061947Z	OV:OVCAR-8	ordinal	EX_cmp_e	0.0	0.0	0.0	primary	optimal
twostage-20260916T061947Z	OV:OVCAR-8	ordinal	EX_crn_e	-0.9999990000000001	-1.0	-1.1102230246251565e-16	primary	optimal
twostage-20260916T061947Z	OV:OVCAR-8	ordinal	EX_cyst__L_e	0.0	0.0	3.1702471875186635	primary	optimal
twostage-20260916T061947Z	OV:OVCAR-8	ordinal	EX_cytd_e	0.0	0.0	1.5778504477071378	primary	optimal
twostage-20260916T061947Z	OV:OVCAR-8	ordinal	EX_dad_2_e	0.0	0.0	0.8101344658455422	primary	optimal
twostage-20260916T061947Z	OV:OVCAR-8	ordinal	EX_dcmp_e	0.0	0.0	1.3732701789331723	primary	optimal
twostage-20260916T061947Z	OV:OVCAR-8	ordinal	EX_dcyt_e	0.0	0.0	1.6208685966123277	primary	optimal
twostage-20260916T061947Z	OV:OVCAR-8	ordinal	EX_dhap_e	0.0	0.0	4.27344229730381	primary	optimal
twostage-20260916T061947Z	OV:OVCAR-8	ordinal	EX_dmgly_e	0.0	0.0	3.884100519645549	primary	optimal
twostage-20260916T061947Z	OV:OVCAR-8	ordinal	EX_duri_e	0.0	0.0	1.5935398371748046	primary	optimal
twostage-20260916T061947Z	OV:OVCAR-8	ordinal	EX_ethamp_e	0.0	0.0	6.071678091942284	primary	optimal
twostage-20260916T061947Z	OV:OVCAR-8	ordinal	EX_fol_e	-9.999999	-10.0	-4.263256414560601e-14	primary	optimal
twostage-20260916T061947Z	OV:OVCAR-8	ordinal	EX_fum_e	1e-06	0.0	41.13964387527378	primary	optimal
twostage-20260916T061947Z	OV:OVCAR-8	ordinal	EX_g3pc_e	0.0	0.0	2.0732802744843943	primary	optimal
twostage-20260916T061947Z	OV:OVCAR-8	ordinal	EX_glc__D_e	-10.0	-10.0	-5.208723988410809	primary	optimal
twostage-20260916T061947Z	OV:OVCAR-8	ordinal	EX_glcur_e	0.0	0.0	3.664073679981521	primary	optimal
twostage-20260916T061947Z	OV:OVCAR-8	ordinal	EX_gln__L_e	-9.999999	-10.0	4.727648719853593	primary	optimal
twostage-20260916T061947Z	OV:OVCAR-8	ordinal	EX_glu__L_e	-9.999999	-10.0	22.90337138003069	primary	optimal
twostage-20260916T061947Z	OV:OVCAR-8	ordinal	EX_gly_e	-9.999999	-10.0	24.967160752601718	primary	optimal
twostage-20260916T061947Z	OV:OVCAR-8	ordinal	EX_glyald_e	0.0	0.0	9.385717105952956	primary	optimal
twostage-20260916T061947Z	OV:OVCAR-8	ordinal	EX_glyb_e	0.0	0.0	9.893473219510287	primary	optimal
twostage-20260916T061947Z	OV:OVCAR-8	ordinal	EX_glyc3p_e	0.0	0.0	4.100151073170759	primary	optimal
twostage-20260916T061947Z	OV:OVCAR-8	ordinal	EX_gmp_e	0.0	0.0	0.0	primary	optimal
twostage-20260916T061947Z	OV:OVCAR-8	ordinal	EX_gthox_e	0.0	0.0	5.312061355401789	primary	optimal
twostage-20260916T061947Z	OV:OVCAR-8	ordinal	EX_hcys__L_e	0.0	0.0	4.525354269398181	primary	optimal
twostage-20260916T061947Z	OV:OVCAR-8	ordinal	EX_hom__L_e	0.0	0.0	0.0	primary	optimal
twostage-20260916T061947Z	OV:OVCAR-8	ordinal	EX_hxan_e	0.0	0.0	1.237837858987435	primary	optimal
twostage-20260916T061947Z	OV:OVCAR-8	ordinal	EX_icit_e	0.0	0.0	29.06348089930887	primary	optimal
twostage-20260916T061947Z	OV:OVCAR-8	ordinal	EX_ile__L_e	-9.999999	-10.0	-0.9398300444600185	primary	optimal
twostage-20260916T061947Z	OV:OVCAR-8	ordinal	EX_imp_e	0.0	0.0	0.9235663463213551	primary	optimal
twostage-20260916T061947Z	OV:OVCAR-8	ordinal	EX_ins_e	0.0	0.0	0.9177949514371189	primary	optimal
twostage-20260916T061947Z	OV:OVCAR-8	ordinal	EX_lac__L_e	-0.9999990000000001	-1.0	53.81471424157232	primary	optimal
twostage-20260916T061947Z	OV:OVCAR-8	ordinal	EX_lcts_e	0.0	0.0	1.39734472076403	primary	optimal
twostage-20260916T061947Z	OV:OVCAR-8	ordinal	EX_leu__L_e	-9.999999000000003	-10.0	-1.7922337326704465	primary	optimal
twostage-20260916T061947Z	OV:OVCAR-8	ordinal	EX_lys__L_e	-9.999999	-10.0	-1.9452265708846301	primary	optimal
twostage-20260916T061947Z	OV:OVCAR-8	ordinal	EX_mal__L_e	1e-06	0.0	36.43884618180768	primary	optimal
twostage-20260916T061947Z	OV:OVCAR-8	ordinal	EX_met__L_e	-9.999999	-10.0	-0.5026982632120731	primary	optimal
twostage-20260916T061947Z	OV:OVCAR-8	ordinal	EX_nac_e	1.5745593288172015e-15	0.0	10.668456686993485	primary	optimal
twostage-20260916T061947Z	OV:OVCAR-8	ordinal	EX_ncam_e	-8.81458046145281	-10.0	1.7763568394002505e-15	primary	optimal
twostage-20260916T061947Z	OV:OVCAR-8	ordinal	EX_nicrnt_e	0.0	0.0	2.1942986705851397	primary	optimal
twostage-20260916T061947Z	OV:OVCAR-8	ordinal	EX_orn_e	0.0	0.0	29.892600606911717	primary	optimal
twostage-20260916T061947Z	OV:OVCAR-8	ordinal	EX_orot5p_e	0.0	0.0	1.3745475036659505	primary	optimal
twostage-20260916T061947Z	OV:OVCAR-8	ordinal	EX_orot_e	0.0	0.0	3.2376610238324965	primary	optimal
twostage-20260916T061947Z	OV:OVCAR-8	ordinal	EX_oxa_e	0.0	0.0	6.779341841177663	primary	optimal
twostage-20260916T061947Z	OV:OVCAR-8	ordinal	EX_pep_e	0.0	0.0	6.071678091942495	primary	optimal
twostage-20260916T061947Z	OV:OVCAR-8	ordinal	EX_phe__L_e	-0.8524037581657316	-10.0	-0.8524036882104298	primary	optimal
twostage-20260916T061947Z	OV:OVCAR-8	ordinal	EX_pnto__R_e	0.0	-10.0	0.049999999999993605	primary	optimal
twostage-20260916T061947Z	OV:OVCAR-8	ordinal	EX_pro__L_e	-1.3551019514225016	-10.0	18.70172433910169	primary	optimal
twostage-20260916T061947Z	OV:OVCAR-8	ordinal	EX_quln_e	0.0	0.0	1.2113979651572178	primary	optimal
twostage-20260916T061947Z	OV:OVCAR-8	ordinal	EX_sbt__D_e	0.0	0.0	0.0	primary	optimal
twostage-20260916T061947Z	OV:OVCAR-8	ordinal	EX_ser__L_e	-10.0	-10.0	-0.11354999330930424	primary	optimal
twostage-20260916T061947Z	OV:OVCAR-8	ordinal	EX_spmd_e	0.0	0.0	1.2286525164609665	primary	optimal
twostage-20260916T061947Z	OV:OVCAR-8	ordinal	EX_sprm_e	0.0	0.0	0.62382329046769	primary	optimal
twostage-20260916T061947Z	OV:OVCAR-8	ordinal	EX_srtn_e	0.0	0.0	3.580644050381081	primary	optimal
twostage-20260916T061947Z	OV:OVCAR-8	ordinal	EX_succ_e	13.668258972187692	0.0	57.48823796388021	primary	optimal
twostage-20260916T061947Z	OV:OVCAR-8	ordinal	EX_sucr_e	0.0	0.0	0.0	primary	optimal
twostage-20260916T061947Z	OV:OVCAR-8	ordinal	EX_taur_e	0.0	0.0	3.2027311175904547	primary	optimal
twostage-20260916T061947Z	OV:OVCAR-8	ordinal	EX_tchola_e	0.0	0.0	0.6964078200086826	primary	optimal
twostage-20260916T061947Z	OV:OVCAR-8	ordinal	EX_thr__L_e	-1.0272564007096083	-10.0	-1.0272564007095646	primary	optimal
twostage-20260916T061947Z	OV:OVCAR-8	ordinal	EX_thym_e	0.0	0.0	2.0104245729633465	primary	optimal
twostage-20260916T061947Z	OV:OVCAR-8	ordinal	EX_thymd_e	0.0	0.0	1.3194403209472423	primary	optimal
twostage-20260916T061947Z	OV:OVCAR-8	ordinal	EX_trp__L_e	-0.04371317812479468	-10.0	-0.043713178124782814	primary	optimal
twostage-20260916T061947Z	OV:OVCAR-8	ordinal	EX_tyr__L_e	-0.5245548522744695	-10.0	3.3290565449219334	primary	optimal
twostage-20260916T061947Z	OV:OVCAR-8	ordinal	EX_ump_e	0.0	0.0	1.0115233784870046	primary	optimal
twostage-20260916T061947Z	OV:OVCAR-8	ordinal	EX_ura_e	0.0	0.0	2.849468821085573	primary	optimal
twostage-20260916T061947Z	OV:OVCAR-8	ordinal	EX_urate_e	0.0	0.0	1.1783486954337226	primary	optimal
twostage-20260916T061947Z	OV:OVCAR-8	ordinal	EX_uri_e	0.0	0.0	1.5895295197204864	primary	optimal
twostage-20260916T061947Z	OV:OVCAR-8	ordinal	EX_val__L_e	-1.158392691430211	-10.0	-1.1583926498609074	primary	optimal
twostage-20260916T061947Z	OV:OVCAR-8	ordinal	EX_xan_e	0.0	0.0	1.2135031095080522	primary	optimal
twostage-20260916T061947Z	OV:OVCAR-8	ordinal	EX_xmp_e	0.0	0.0	0.9099558382208325	primary	optimal
twostage-20260916T061947Z	OV:OVCAR-8	ordinal	EX_xtsn_e	0.0	0.0	0.9041937293784895	primary	optimal
twostage-20260916T061947Z	OV:SK-OV-3	ordinal	EX_2pg_e	0.0	0.0	6.071678091942421	primary	optimal
twostage-20260916T061947Z	OV:SK-OV-3	ordinal	EX_34hpp_e	0.0	0.0	12.24740393288832	primary	optimal
twostage-20260916T061947Z	OV:SK-OV-3	ordinal	EX_3hanthrn_e	0.0	0.0	1.675649351354354	primary	optimal
twostage-20260916T061947Z	OV:SK-OV-3	ordinal	EX_3pg_e	0.0	0.0	6.071678091942405	primary	optimal
twostage-20260916T061947Z	OV:SK-OV-3	ordinal	EX_4abut_e	0.0	0.0	21.14867432331884	primary	optimal
twostage-20260916T061947Z	OV:SK-OV-3	ordinal	EX_4hbz_e	0.0	0.0	4.393977298815609	primary	optimal
twostage-20260916T061947Z	OV:SK-OV-3	ordinal	EX_L2aadp_e	0.0	0.0	8.324215906196047	primary	optimal
twostage-20260916T061947Z	OV:SK-OV-3	ordinal	EX_Lkynr_e	0.0	0.0	3.3801950606464617	primary	optimal
twostage-20260916T061947Z	OV:SK-OV-3	ordinal	EX_acac_e	0.0	0.0	12.220785522050665	primary	optimal
twostage-20260916T061947Z	OV:SK-OV-3	ordinal	EX_ade_e	0.0	0.0	0.9751018848039485	primary	optimal
twostage-20260916T061947Z	OV:SK-OV-3	ordinal	EX_adn_e	0.0	0.0	0.7592307255292403	primary	optimal
twostage-20260916T061947Z	OV:SK-OV-3	ordinal	EX_ahcys_e	0.0	0.0	0.719819196106397	primary	optimal
twostage-20260916T061947Z	OV:SK-OV-3	ordinal	EX_akg_e	1e-06	0.0	36.00484134562735	primary	optimal
twostage-20260916T061947Z	OV:SK-OV-3	ordinal	EX_ala__L_e	1e-06	0.0	51.32901943491031	primary	optimal
twostage-20260916T061947Z	OV:SK-OV-3	ordinal	EX_amp_e	0.0	0.0	0.6332336659443478	primary	optimal
twostage-20260916T061947Z	OV:SK-OV-3	ordinal	EX_anth_e	0.0	0.0	3.1460410799459506	primary	optimal
twostage-20260916T061947Z	OV:SK-OV-3	ordinal	EX_arg__L_e	-9.999999000000003	-10.0	2.2559113920032443	primary	optimal
twostage-20260916T061947Z	OV:SK-OV-3	ordinal	EX_asn__L_e	-9.999999	-10.0	5.748122645782797	primary	optimal
twostage-20260916T061947Z	OV:SK-OV-3	ordinal	EX_asp__L_e	-9.999999	-10.0	23.79871079938284	primary	optimal
twostage-20260916T061947Z	OV:SK-OV-3	ordinal	EX_bilirub_e	0.0	0.0	0.395565099262557	primary	optimal
twostage-20260916T061947Z	OV:SK-OV-3	ordinal	EX_cala_e	0.0	0.0	2.488493777948762	primary	optimal
twostage-20260916T061947Z	OV:SK-OV-3	ordinal	EX_chol_e	-9.999999	-10.0	0.20812674706849962	primary	optimal
twostage-20260916T061947Z	OV:SK-OV-3	ordinal	EX_cholp_e	0.0	0.0	6.071678091942414	primary	optimal
twostage-20260916T061947Z	OV:SK-OV-3	ordinal	EX_cit_e	1e-06	0.0	31.037558399457314	primary	optimal
twostage-20260916T061947Z	OV:SK-OV-3	ordinal	EX_citr__L_e	0.0	0.0	13.743928259741175	primary	optimal
twostage-20260916T061947Z	OV:SK-OV-3	ordinal	EX_cmp_e	0.0	0.0	0.0	primary	optimal
twostage-20260916T061947Z	OV:SK-OV-3	ordinal	EX_crn_e	-0.999999	-1.0	2.220446049250313e-16	primary	optimal
twostage-20260916T061947Z	OV:SK-OV-3	ordinal	EX_cyst__L_e	0.0	0.0	2.939007877145038	primary	optimal
twostage-20260916T061947Z	OV:SK-OV-3	ordinal	EX_cytd_e	0.0	0.0	1.4737142426147953	primary	optimal
twostage-20260916T061947Z	OV:SK-OV-3	ordinal	EX_dad_2_e	0.0	0.0	0.7552129773052494	primary	optimal
twostage-20260916T061947Z	OV:SK-OV-3	ordinal	EX_dcmp_e	0.0	0.0	1.2866240741521895	primary	optimal
twostage-20260916T061947Z	OV:SK-OV-3	ordinal	EX_dcyt_e	0.0	0.0	1.5034975854968207	primary	optimal
twostage-20260916T061947Z	OV:SK-OV-3	ordinal	EX_dhap_e	0.0	0.0	4.071173899743405	primary	optimal
twostage-20260916T061947Z	OV:SK-OV-3	ordinal	EX_dmgly_e	0.0	0.0	3.683691476737947	primary	optimal
twostage-20260916T061947Z	OV:SK-OV-3	ordinal	EX_duri_e	0.0	0.0	1.477300681538133	primary	optimal
twostage-20260916T061947Z	OV:SK-OV-3	ordinal	EX_ethamp_e	0.0	0.0	6.07167809194252	primary	optimal
twostage-20260916T061947Z	OV:SK-OV-3	ordinal	EX_fol_e	-9.999999	-10.0	1.7763568394002505e-15	primary	optimal
twostage-20260916T061947Z	OV:SK-OV-3	ordinal	EX_fum_e	1e-06	0.0	40.41489965274973	primary	optimal
twostage-20260916T061947Z	OV:SK-OV-3	ordinal	EX_g3pc_e	0.0	0.0	1.9905593250043891	primary	optimal
twostage-20260916T061947Z	OV:SK-OV-3	ordinal	EX_glc__D_e	-10.0	-10.0	-5.410242896251282	primary	optimal
twostage-20260916T061947Z	OV:SK-OV-3	ordinal	EX_glcur_e	0.0	0.0	3.3621650939467176	primary	optimal
twostage-20260916T061947Z	OV:SK-OV-3	ordinal	EX_gln__L_e	-9.999999	-10.0	4.296781832585013	primary	optimal
twostage-20260916T061947Z	OV:SK-OV-3	ordinal	EX_glu__L_e	-9.999999	-10.0	23.023323019980953	primary	optimal
twostage-20260916T061947Z	OV:SK-OV-3	ordinal	EX_gly_e	-9.999999	-10.0	25.115006968944588	primary	optimal
twostage-20260916T061947Z	OV:SK-OV-3	ordinal	EX_glyald_e	0.0	0.0	8.75067584535513	primary	optimal
twostage-20260916T061947Z	OV:SK-OV-3	ordinal	EX_glyb_e	0.0	0.0	9.778859109661909	primary	optimal
twostage-20260916T061947Z	OV:SK-OV-3	ordinal	EX_glyc3p_e	0.0	0.0	3.901725046029902	primary	optimal
twostage-20260916T061947Z	OV:SK-OV-3	ordinal	EX_gmp_e	0.0	0.0	0.0	primary	optimal
twostage-20260916T061947Z	OV:SK-OV-3	ordinal	EX_gthox_e	0.0	0.0	5.230417130596292	primary	optimal
twostage-20260916T061947Z	OV:SK-OV-3	ordinal	EX_hcys__L_e	0.0	0.0	4.228560517076684	primary	optimal
twostage-20260916T061947Z	OV:SK-OV-3	ordinal	EX_hom__L_e	0.0	0.0	0.0	primary	optimal
twostage-20260916T061947Z	OV:SK-OV-3	ordinal	EX_hxan_e	0.0	0.0	1.1472040457477664	primary	optimal
twostage-20260916T061947Z	OV:SK-OV-3	ordinal	EX_icit_e	1e-06	0.0	29.644499804875693	primary	optimal
twostage-20260916T061947Z	OV:SK-OV-3	ordinal	EX_ile__L_e	-9.999999000000003	-10.0	-0.9398300444600203	primary	optimal
twostage-20260916T061947Z	OV:SK-OV-3	ordinal	EX_imp_e	0.0	0.0	0.862699738732991	primary	optimal
twostage-20260916T061947Z	OV:SK-OV-3	ordinal	EX_ins_e	0.0	0.0	0.8557744832229274	primary	optimal
twostage-20260916T061947Z	OV:SK-OV-3	ordinal	EX_lac__L_e	-0.9999990000000001	-1.0	53.38588473246069	primary	optimal
twostage-20260916T061947Z	OV:SK-OV-3	ordinal	EX_lcts_e	0.0	0.0	1.3232151502818303	primary	optimal
twostage-20260916T061947Z	OV:SK-OV-3	ordinal	EX_leu__L_e	-9.999999000000003	-10.0	-1.7922337326704483	primary	optimal
twostage-20260916T061947Z	OV:SK-OV-3	ordinal	EX_lys__L_e	-9.999999	-10.0	-1.945226570884163	primary	optimal
twostage-20260916T061947Z	OV:SK-OV-3	ordinal	EX_mal__L_e	1e-06	0.0	35.99822805121848	primary	optimal
twostage-20260916T061947Z	OV:SK-OV-3	ordinal	EX_met__L_e	-9.999999	-10.0	-0.5026982632120713	primary	optimal
twostage-20260916T061947Z	OV:SK-OV-3	ordinal	EX_nac_e	-1.3444895593408947e-16	0.0	10.575528920881954	primary	optimal
twostage-20260916T061947Z	OV:SK-OV-3	ordinal	EX_ncam_e	-7.503121410859448	-10.0	0.0	primary	optimal
twostage-20260916T061947Z	OV:SK-OV-3	ordinal	EX_nicrnt_e	0.0	0.0	2.0576093289634163	primary	optimal
twostage-20260916T061947Z	OV:SK-OV-3	ordinal	EX_orn_e	0.0	0.0	26.147236023928624	primary	optimal
twostage-20260916T061947Z	OV:SK-OV-3	ordinal	EX_orot5p_e	0.0	0.0	1.290533783171561	primary	optimal
twostage-20260916T061947Z	OV:SK-OV-3	ordinal	EX_orot_e	0.0	0.0	3.0076851848772317	primary	optimal
twostage-20260916T061947Z	OV:SK-OV-3	ordinal	EX_oxa_e	0.0	0.0	6.330735989988682	primary	optimal
twostage-20260916T061947Z	OV:SK-OV-3	ordinal	EX_pep_e	0.0	0.0	6.0716780919423545	primary	optimal
twostage-20260916T061947Z	OV:SK-OV-3	ordinal	EX_phe__L_e	-0.8524036882104292	-10.0	-0.8524036882104404	primary	optimal
twostage-20260916T061947Z	OV:SK-OV-3	ordinal	EX_pnto__R_e	0.0	-10.0	0.05000000000000959	primary	optimal
twostage-20260916T061947Z	OV:SK-OV-3	ordinal	EX_pro__L_e	-1.355101951420929	-10.0	17.945626647061452	primary	optimal
twostage-20260916T061947Z	OV:SK-OV-3	ordinal	EX_quln_e	0.0	0.0	1.1168404607595879	primary	optimal
twostage-20260916T061947Z	OV:SK-OV-3	ordinal	EX_sbt__D_e	0.0	0.0	0.0	primary	optimal
twostage-20260916T061947Z	OV:SK-OV-3	ordinal	EX_ser__L_e	-10.0	-10.0	-0.6024057011814309	primary	optimal
twostage-20260916T061947Z	OV:SK-OV-3	ordinal	EX_spmd_e	0.0	0.0	1.119180742332543	primary	optimal
twostage-20260916T061947Z	OV:SK-OV-3	ordinal	EX_sprm_e	0.0	0.0	0.5676653148582389	primary	optimal
twostage-20260916T061947Z	OV:SK-OV-3	ordinal	EX_srtn_e	0.0	0.0	3.2839472631899174	primary	optimal
twostage-20260916T061947Z	OV:SK-OV-3	ordinal	EX_succ_e	13.520012513772924	0.0	53.65263321836769	primary	optimal
twostage-20260916T061947Z	OV:SK-OV-3	ordinal	EX_sucr_e	0.0	0.0	0.0	primary	optimal
twostage-20260916T061947Z	OV:SK-OV-3	ordinal	EX_taur_e	0.0	0.0	2.9665684237947803	primary	optimal
twostage-20260916T061947Z	OV:SK-OV-3	ordinal	EX_tchola_e	0.0	0.0	0.6358352069436399	primary	optimal
twostage-20260916T061947Z	OV:SK-OV-3	ordinal	EX_thr__L_e	-1.0272564007096083	-10.0	-1.0272564007096054	primary	optimal
twostage-20260916T061947Z	OV:SK-OV-3	ordinal	EX_thym_e	0.0	0.0	1.8363374773493901	primary	optimal
twostage-20260916T061947Z	OV:SK-OV-3	ordinal	EX_thymd_e	0.0	0.0	1.2196035744681981	primary	optimal
twostage-20260916T061947Z	OV:SK-OV-3	ordinal	EX_trp__L_e	-0.043713178124794666	-10.0	-0.04371317812479347	primary	optimal
twostage-20260916T061947Z	OV:SK-OV-3	ordinal	EX_tyr__L_e	-0.5245548522744695	-10.0	3.0117953535915385	primary	optimal
twostage-20260916T061947Z	OV:SK-OV-3	ordinal	EX_ump_e	0.0	0.0	0.9475412972271293	primary	optimal
twostage-20260916T061947Z	OV:SK-OV-3	ordinal	EX_ura_e	0.0	0.0	2.6053512034745485	primary	optimal
twostage-20260916T061947Z	OV:SK-OV-3	ordinal	EX_urate_e	0.0	0.0	1.0985054664037968	primary	optimal
twostage-20260916T061947Z	OV:SK-OV-3	ordinal	EX_uri_e	0.0	0.0	1.4743868908437214	primary	optimal
twostage-20260916T061947Z	OV:SK-OV-3	ordinal	EX_val__L_e	-1.1583930188979399	-10.0	-1.1583926498609234	primary	optimal
twostage-20260916T061947Z	OV:SK-OV-3	ordinal	EX_xan_e	0.0	0.0	1.1286594142373767	primary	optimal
twostage-20260916T061947Z	OV:SK-OV-3	ordinal	EX_xmp_e	0.0	0.0	0.8504581086785205	primary	optimal
twostage-20260916T061947Z	OV:SK-OV-3	ordinal	EX_xtsn_e	0.0	0.0	0.8446664094456933	primary	optimal
twostage-20260916T061947Z	PR:DU-145	ordinal	EX_2pg_e	0.0	0.0	6.071678091942379	primary	optimal
twostage-20260916T061947Z	PR:DU-145	ordinal	EX_34hpp_e	0.0	0.0	12.48215474094152	primary	optimal
twostage-20260916T061947Z	PR:DU-145	ordinal	EX_3hanthrn_e	0.0	0.0	1.7856839484410405	primary	optimal
twostage-20260916T061947Z	PR:DU-145	ordinal	EX_3pg_e	0.0	0.0	6.071678091942355	primary	optimal
twostage-20260916T061947Z	PR:DU-145	ordinal	EX_4abut_e	0.0	0.0	22.44737048412965	primary	optimal
twostage-20260916T061947Z	PR:DU-145	ordinal	EX_4hbz_e	0.0	0.0	4.794041243622605	primary	optimal
twostage-20260916T061947Z	PR:DU-145	ordinal	EX_L2aadp_e	0.0	0.0	8.548837421945471	primary	optimal
twostage-20260916T061947Z	PR:DU-145	ordinal	EX_Lkynr_e	0.0	0.0	3.591886357192977	primary	optimal
twostage-20260916T061947Z	PR:DU-145	ordinal	EX_acac_e	0.0	0.0	12.609881947552168	primary	optimal
twostage-20260916T061947Z	PR:DU-145	ordinal	EX_ade_e	0.0	0.0	1.0639119386076294	primary	optimal
twostage-20260916T061947Z	PR:DU-145	ordinal	EX_adn_e	0.0	0.0	0.8218636835646386	primary	optimal
twostage-20260916T061947Z	PR:DU-145	ordinal	EX_ahcys_e	0.0	0.0	0.7835151200854538	primary	optimal
twostage-20260916T061947Z	PR:DU-145	ordinal	EX_akg_e	1e-06	0.0	35.921188111510006	primary	optimal
twostage-20260916T061947Z	PR:DU-145	ordinal	EX_ala__L_e	9.999999999999997e-07	0.0	51.910973569510475	primary	optimal
twostage-20260916T061947Z	PR:DU-145	ordinal	EX_amp_e	0.0	0.0	0.6868409981597894	primary	optimal
twostage-20260916T061947Z	PR:DU-145	ordinal	EX_anth_e	0.0	0.0	3.3502400967859622	primary	optimal
twostage-20260916T061947Z	PR:DU-145	ordinal	EX_arg__L_e	-9.999999	-10.0	2.542459432252852	primary	optimal
twostage-20260916T061947Z	PR:DU-145	ordinal	EX_asn__L_e	-9.999998999999999	-10.0	6.583632745887206	primary	optimal
twostage-20260916T061947Z	PR:DU-145	ordinal	EX_asp__L_e	-9.999999	-10.0	25.749899311005514	primary	optimal
twostage-20260916T061947Z	PR:DU-145	ordinal	EX_bilirub_e	0.0	0.0	0.4363657272104649	primary	optimal
twostage-20260916T061947Z	PR:DU-145	ordinal	EX_cala_e	0.0	0.0	2.7179945429482952	primary	optimal
twostage-20260916T061947Z	PR:DU-145	ordinal	EX_chol_e	-9.999999	-10.0	0.33485311826048847	primary	optimal
twostage-20260916T061947Z	PR:DU-145	ordinal	EX_cholp_e	0.0	0.0	6.071678091942302	primary	optimal
twostage-20260916T061947Z	PR:DU-145	ordinal	EX_cit_e	1.0000000000000002e-06	0.0	30.97381509590621	primary	optimal
twostage-20260916T061947Z	PR:DU-145	ordinal	EX_citr__L_e	0.0	0.0	14.146685947304013	primary	optimal
twostage-20260916T061947Z	PR:DU-145	ordinal	EX_cmp_e	0.0	0.0	0.0	primary	optimal
twostage-20260916T061947Z	PR:DU-145	ordinal	EX_crn_e	-0.9999990000000001	-1.0	-3.3306690738754696e-16	primary	optimal
twostage-20260916T061947Z	PR:DU-145	ordinal	EX_cyst__L_e	0.0	0.0	3.2114706631172267	primary	optimal
twostage-20260916T061947Z	PR:DU-145	ordinal	EX_cytd_e	0.0	0.0	1.6090602001036236	primary	optimal
twostage-20260916T061947Z	PR:DU-145	ordinal	EX_dad_2_e	0.0	0.0	0.8178374705002843	primary	optimal
twostage-20260916T061947Z	PR:DU-145	ordinal	EX_dcmp_e	0.0	0.0	1.397308893891918	primary	optimal
twostage-20260916T061947Z	PR:DU-145	ordinal	EX_dcyt_e	0.0	0.0	1.6528076426535918	primary	optimal
twostage-20260916T061947Z	PR:DU-145	ordinal	EX_dhap_e	0.0	0.0	4.361667307331435	primary	optimal
twostage-20260916T061947Z	PR:DU-145	ordinal	EX_dmgly_e	0.0	0.0	3.9580365398316935	primary	optimal
twostage-20260916T061947Z	PR:DU-145	ordinal	EX_duri_e	0.0	0.0	1.6163455560682356	primary	optimal
twostage-20260916T061947Z	PR:DU-145	ordinal	EX_ethamp_e	0.0	0.0	6.071678091942336	primary	optimal
twostage-20260916T061947Z	PR:DU-145	ordinal	EX_fol_e	-9.999999	-10.0	1.4210854715202004e-14	primary	optimal
twostage-20260916T061947Z	PR:DU-145	ordinal	EX_fum_e	1e-06	0.0	40.73533104588717	primary	optimal
twostage-20260916T061947Z	PR:DU-145	ordinal	EX_g3pc_e	0.0	0.0	2.122706047656313	primary	optimal
twostage-20260916T061947Z	PR:DU-145	ordinal	EX_glc__D_e	-10.0	-10.0	-5.124060668959949	primary	optimal
twostage-20260916T061947Z	PR:DU-145	ordinal	EX_glcur_e	0.0	0.0	3.5973663009948664	primary	optimal
twostage-20260916T061947Z	PR:DU-145	ordinal	EX_gln__L_e	-9.999999	-10.0	4.661812163671108	primary	optimal
twostage-20260916T061947Z	PR:DU-145	ordinal	EX_glu__L_e	-9.999999000000003	-10.0	23.621607813448858	primary	optimal
twostage-20260916T061947Z	PR:DU-145	ordinal	EX_gly_e	-9.999998999999999	-10.0	25.184972378714804	primary	optimal
twostage-20260916T061947Z	PR:DU-145	ordinal	EX_glyald_e	0.0	0.0	9.474635895871893	primary	optimal
twostage-20260916T061947Z	PR:DU-145	ordinal	EX_glyb_e	0.0	0.0	9.914705546445338	primary	optimal
twostage-20260916T061947Z	PR:DU-145	ordinal	EX_glyc3p_e	0.0	0.0	4.178715873251326	primary	optimal
twostage-20260916T061947Z	PR:DU-145	ordinal	EX_gmp_e	0.0	0.0	0.0	primary	optimal
twostage-20260916T061947Z	PR:DU-145	ordinal	EX_gthox_e	0.0	0.0	5.3461093280696925	primary	optimal
twostage-20260916T061947Z	PR:DU-145	ordinal	EX_hcys__L_e	0.0	0.0	4.527815274974429	primary	optimal
twostage-20260916T061947Z	PR:DU-145	ordinal	EX_hom__L_e	0.0	0.0	0.0	primary	optimal
twostage-20260916T061947Z	PR:DU-145	ordinal	EX_hxan_e	0.0	0.0	1.248967094197234	primary	optimal
twostage-20260916T061947Z	PR:DU-145	ordinal	EX_icit_e	1e-06	0.0	29.50261977261086	primary	optimal
twostage-20260916T061947Z	PR:DU-145	ordinal	EX_ile__L_e	-9.999999	-10.0	-0.9398300444600274	primary	optimal
twostage-20260916T061947Z	PR:DU-145	ordinal	EX_imp_e	0.0	0.0	0.9310271468362191	primary	optimal
twostage-20260916T061947Z	PR:DU-145	ordinal	EX_ins_e	0.0	0.0	0.926344225209139	primary	optimal
twostage-20260916T061947Z	PR:DU-145	ordinal	EX_lac__L_e	-0.999999	-1.0	53.894791902509866	primary	optimal
twostage-20260916T061947Z	PR:DU-145	ordinal	EX_lcts_e	0.0	0.0	1.4330830689537875	primary	optimal
twostage-20260916T061947Z	PR:DU-145	ordinal	EX_leu__L_e	-9.999999000000003	-10.0	-1.79223373267045	primary	optimal
twostage-20260916T061947Z	PR:DU-145	ordinal	EX_lys__L_e	-9.999999	-10.0	-1.9452265708841647	primary	optimal
twostage-20260916T061947Z	PR:DU-145	ordinal	EX_mal__L_e	1e-06	0.0	36.19762491582618	primary	optimal
twostage-20260916T061947Z	PR:DU-145	ordinal	EX_met__L_e	-9.999999	-10.0	-0.5026982632120713	primary	optimal
twostage-20260916T061947Z	PR:DU-145	ordinal	EX_nac_e	6.1943193087170986e-15	0.0	10.619113285384223	primary	optimal
twostage-20260916T061947Z	PR:DU-145	ordinal	EX_ncam_e	-9.419101238231777	-10.0	7.105427357601002e-15	primary	optimal
twostage-20260916T061947Z	PR:DU-145	ordinal	EX_nicrnt_e	0.0	0.0	2.2578753543753805	primary	optimal
twostage-20260916T061947Z	PR:DU-145	ordinal	EX_orn_e	0.0	0.0	27.636573106239936	primary	optimal
twostage-20260916T061947Z	PR:DU-145	ordinal	EX_orot5p_e	0.0	0.0	1.4045319229631068	primary	optimal
twostage-20260916T061947Z	PR:DU-145	ordinal	EX_orot_e	0.0	0.0	3.26784597206982	primary	optimal
twostage-20260916T061947Z	PR:DU-145	ordinal	EX_oxa_e	0.0	0.0	6.624646015708167	primary	optimal
twostage-20260916T061947Z	PR:DU-145	ordinal	EX_pep_e	0.0	0.0	6.0716780919424	primary	optimal
twostage-20260916T061947Z	PR:DU-145	ordinal	EX_phe__L_e	-0.8524036882104293	-10.0	-0.852403688210428	primary	optimal
twostage-20260916T061947Z	PR:DU-145	ordinal	EX_pnto__R_e	0.0	-10.0	0.05000000000000604	primary	optimal
twostage-20260916T061947Z	PR:DU-145	ordinal	EX_pro__L_e	-1.3551019514275489	-10.0	19.57560835959286	primary	optimal
twostage-20260916T061947Z	PR:DU-145	ordinal	EX_quln_e	0.0	0.0	1.1972170680409178	primary	optimal
twostage-20260916T061947Z	PR:DU-145	ordinal	EX_sbt__D_e	0.0	0.0	0.0	primary	optimal
twostage-20260916T061947Z	PR:DU-145	ordinal	EX_ser__L_e	-10.0	-10.0	0.03358315773302932	primary	optimal
twostage-20260916T061947Z	PR:DU-145	ordinal	EX_spmd_e	0.0	0.0	1.2334651373705114	primary	optimal
twostage-20260916T061947Z	PR:DU-145	ordinal	EX_sprm_e	0.0	0.0	0.6262163691648859	primary	optimal
twostage-20260916T061947Z	PR:DU-145	ordinal	EX_srtn_e	0.0	0.0	3.5322502501403035	primary	optimal
twostage-20260916T061947Z	PR:DU-145	ordinal	EX_succ_e	13.520013072896454	0.0	56.11124651074054	primary	optimal
twostage-20260916T061947Z	PR:DU-145	ordinal	EX_sucr_e	0.0	0.0	0.0	primary	optimal
twostage-20260916T061947Z	PR:DU-145	ordinal	EX_taur_e	0.0	0.0	3.1716546865745516	primary	optimal
twostage-20260916T061947Z	PR:DU-145	ordinal	EX_tchola_e	0.0	0.0	0.6838171437965329	primary	optimal
twostage-20260916T061947Z	PR:DU-145	ordinal	EX_thr__L_e	-1.0272564007096079	-10.0	-1.0272564007096108	primary	optimal
twostage-20260916T061947Z	PR:DU-145	ordinal	EX_thym_e	0.0	0.0	2.0602007896715264	primary	optimal
twostage-20260916T061947Z	PR:DU-145	ordinal	EX_thymd_e	0.0	0.0	1.3405312115079508	primary	optimal
twostage-20260916T061947Z	PR:DU-145	ordinal	EX_trp__L_e	-0.043713178124794666	-10.0	-0.043713178124801466	primary	optimal
twostage-20260916T061947Z	PR:DU-145	ordinal	EX_tyr__L_e	-0.5245548522744695	-10.0	3.2686727280681867	primary	optimal
twostage-20260916T061947Z	PR:DU-145	ordinal	EX_ump_e	0.0	0.0	1.0310842335136228	primary	optimal
twostage-20260916T061947Z	PR:DU-145	ordinal	EX_ura_e	0.0	0.0	2.890186914615263	primary	optimal
twostage-20260916T061947Z	PR:DU-145	ordinal	EX_urate_e	0.0	0.0	1.1917620191050742	primary	optimal
twostage-20260916T061947Z	PR:DU-145	ordinal	EX_uri_e	0.0	0.0	1.6217036258108228	primary	optimal
twostage-20260916T061947Z	PR:DU-145	ordinal	EX_val__L_e	-1.158393050102747	-10.0	-1.1583926498609252	primary	optimal
twostage-20260916T061947Z	PR:DU-145	ordinal	EX_xan_e	0.0	0.0	1.225073594741897	primary	optimal
twostage-20260916T061947Z	PR:DU-145	ordinal	EX_xmp_e	0.0	0.0	0.9189827943814646	primary	optimal
twostage-20260916T061947Z	PR:DU-145	ordinal	EX_xtsn_e	0.0	0.0	0.9143200637432466	primary	optimal
twostage-20260916T061947Z	PR:PC-3	ordinal	EX_2pg_e	0.0	0.0	6.071678091942299	primary	optimal
twostage-20260916T061947Z	PR:PC-3	ordinal	EX_34hpp_e	0.0	0.0	12.263857874087508	primary	optimal
twostage-20260916T061947Z	PR:PC-3	ordinal	EX_3hanthrn_e	0.0	0.0	1.6677831484242636	primary	optimal
twostage-20260916T061947Z	PR:PC-3	ordinal	EX_3pg_e	0.0	0.0	6.071678091942328	primary	optimal
twostage-20260916T061947Z	PR:PC-3	ordinal	EX_4abut_e	0.0	0.0	20.207443999963733	primary	optimal
twostage-20260916T061947Z	PR:PC-3	ordinal	EX_4hbz_e	0.0	7.061328859324139e-32	4.463922863865303	primary	optimal
twostage-20260916T061947Z	PR:PC-3	ordinal	EX_L2aadp_e	0.0	0.0	8.289573971245465	primary	optimal
twostage-20260916T061947Z	PR:PC-3	ordinal	EX_Lkynr_e	0.0	0.0	3.3541550376923106	primary	optimal
twostage-20260916T061947Z	PR:PC-3	ordinal	EX_acac_e	0.0	0.0	12.406813726978731	primary	optimal
twostage-20260916T061947Z	PR:PC-3	ordinal	EX_ade_e	0.0	0.0	0.9770719912754612	primary	optimal
twostage-20260916T061947Z	PR:PC-3	ordinal	EX_adn_e	0.0	0.0	0.7522337350511815	primary	optimal
twostage-20260916T061947Z	PR:PC-3	ordinal	EX_ahcys_e	0.0	0.0	0.7131965535593411	primary	optimal
twostage-20260916T061947Z	PR:PC-3	ordinal	EX_akg_e	0.0	0.0	34.94516526006731	primary	optimal
twostage-20260916T061947Z	PR:PC-3	ordinal	EX_ala__L_e	1e-06	0.0	47.935731542195356	primary	optimal
twostage-20260916T061947Z	PR:PC-3	ordinal	EX_amp_e	0.0	0.0	0.6301758610081019	primary	optimal
twostage-20260916T061947Z	PR:PC-3	ordinal	EX_anth_e	0.0	0.0	3.0944809790955388	primary	optimal
twostage-20260916T061947Z	PR:PC-3	ordinal	EX_arg__L_e	-9.999999	-10.0	2.21767503535768	primary	optimal
twostage-20260916T061947Z	PR:PC-3	ordinal	EX_asn__L_e	-9.999999	-10.0	6.164818552134872	primary	optimal
twostage-20260916T061947Z	PR:PC-3	ordinal	EX_asp__L_e	-9.999999	-10.0	24.50807086860115	primary	optimal
twostage-20260916T061947Z	PR:PC-3	ordinal	EX_bilirub_e	0.0	0.0	0.4074247777122776	primary	optimal
twostage-20260916T061947Z	PR:PC-3	ordinal	EX_cala_e	0.0	0.0	2.452225518887368	primary	optimal
twostage-20260916T061947Z	PR:PC-3	ordinal	EX_chol_e	-9.999999	-10.0	0.2182311526765727	primary	optimal
twostage-20260916T061947Z	PR:PC-3	ordinal	EX_cholp_e	0.0	0.0	6.055915015203713	primary	optimal
twostage-20260916T061947Z	PR:PC-3	ordinal	EX_cit_e	1e-06	0.0	30.698058040206053	primary	optimal
twostage-20260916T061947Z	PR:PC-3	ordinal	EX_citr__L_e	0.0	0.0	13.52872684937343	primary	optimal
twostage-20260916T061947Z	PR:PC-3	ordinal	EX_cmp_e	0.0	0.0	0.0	primary	optimal
twostage-20260916T061947Z	PR:PC-3	ordinal	EX_crn_e	-0.999999	-1.0	2.220446049250313e-16	primary	optimal
twostage-20260916T061947Z	PR:PC-3	ordinal	EX_cyst__L_e	0.0	0.0	2.941446909112462	primary	optimal
twostage-20260916T061947Z	PR:PC-3	ordinal	EX_cytd_e	0.0	0.0	1.4500000824071295	primary	optimal
twostage-20260916T061947Z	PR:PC-3	ordinal	EX_dad_2_e	0.0	0.0	0.7514386848357957	primary	optimal
twostage-20260916T061947Z	PR:PC-3	ordinal	EX_dcmp_e	0.0	0.0	1.2618323765262067	primary	optimal
twostage-20260916T061947Z	PR:PC-3	ordinal	EX_dcyt_e	0.0	0.0	1.4809773003326998	primary	optimal
twostage-20260916T061947Z	PR:PC-3	ordinal	EX_dhap_e	0.0	0.0	4.032361570477709	primary	optimal
twostage-20260916T061947Z	PR:PC-3	ordinal	EX_dmgly_e	0.0	0.0	3.6325568742971917	primary	optimal
twostage-20260916T061947Z	PR:PC-3	ordinal	EX_duri_e	0.0	0.0	1.4565745975157376	primary	optimal
twostage-20260916T061947Z	PR:PC-3	ordinal	EX_ethamp_e	0.0	0.0	6.071678091942375	primary	optimal
twostage-20260916T061947Z	PR:PC-3	ordinal	EX_fol_e	-9.999999	-10.0	0.0	primary	optimal
twostage-20260916T061947Z	PR:PC-3	ordinal	EX_fum_e	1e-06	0.0	40.43982437543604	primary	optimal
twostage-20260916T061947Z	PR:PC-3	ordinal	EX_g3pc_e	0.0	0.0	1.9600749893246205	primary	optimal
twostage-20260916T061947Z	PR:PC-3	ordinal	EX_glc__D_e	-10.0	-10.0	-5.517673499984354	primary	optimal
twostage-20260916T061947Z	PR:PC-3	ordinal	EX_glcur_e	0.0	0.0	3.392843924125642	primary	optimal
twostage-20260916T061947Z	PR:PC-3	ordinal	EX_gln__L_e	-9.999999	-10.0	4.358979561009669	primary	optimal
twostage-20260916T061947Z	PR:PC-3	ordinal	EX_glu__L_e	-9.999999000000003	-10.0	21.733082405924453	primary	optimal
twostage-20260916T061947Z	PR:PC-3	ordinal	EX_gly_e	-9.999999	-10.0	25.112403398170677	primary	optimal
twostage-20260916T061947Z	PR:PC-3	ordinal	EX_glyald_e	0.0	0.0	8.607732235507608	primary	optimal
twostage-20260916T061947Z	PR:PC-3	ordinal	EX_glyb_e	0.0	0.0	9.76985548718012	primary	optimal
twostage-20260916T061947Z	PR:PC-3	ordinal	EX_glyc3p_e	0.0	0.0	3.885268500064962	primary	optimal
twostage-20260916T061947Z	PR:PC-3	ordinal	EX_gmp_e	0.0	0.0	0.0	primary	optimal
twostage-20260916T061947Z	PR:PC-3	ordinal	EX_gthox_e	0.0	0.0	5.214654823132215	primary	optimal
twostage-20260916T061947Z	PR:PC-3	ordinal	EX_hcys__L_e	0.0	0.0	4.2325190470796	primary	optimal
twostage-20260916T061947Z	PR:PC-3	ordinal	EX_hom__L_e	0.0	0.0	0.0	primary	optimal
twostage-20260916T061947Z	PR:PC-3	ordinal	EX_hxan_e	0.0	0.0	1.1511871378337653	primary	optimal
twostage-20260916T061947Z	PR:PC-3	ordinal	EX_icit_e	0.0	0.0	27.6823094186262	primary	optimal
twostage-20260916T061947Z	PR:PC-3	ordinal	EX_ile__L_e	-9.999999	-10.0	-0.9398300444600167	primary	optimal
twostage-20260916T061947Z	PR:PC-3	ordinal	EX_imp_e	0.0	0.0	0.858313721384644	primary	optimal
twostage-20260916T061947Z	PR:PC-3	ordinal	EX_ins_e	0.0	0.0	0.8513706863361733	primary	optimal
twostage-20260916T061947Z	PR:PC-3	ordinal	EX_lac__L_e	-0.999999	-1.0	53.009683854349134	primary	optimal
twostage-20260916T061947Z	PR:PC-3	ordinal	EX_lcts_e	0.0	0.0	1.2994914889732647	primary	optimal
twostage-20260916T061947Z	PR:PC-3	ordinal	EX_leu__L_e	-9.999999000000003	-10.0	-1.7922337326704483	primary	optimal
twostage-20260916T061947Z	PR:PC-3	ordinal	EX_lys__L_e	-9.999999	-10.0	-1.945226570884163	primary	optimal
twostage-20260916T061947Z	PR:PC-3	ordinal	EX_mal__L_e	1e-06	0.0	35.87566775188687	primary	optimal
twostage-20260916T061947Z	PR:PC-3	ordinal	EX_met__L_e	-9.999999	-10.0	-0.5026982632120696	primary	optimal
twostage-20260916T061947Z	PR:PC-3	ordinal	EX_nac_e	0.0	0.0	10.492745877893954	primary	optimal
twostage-20260916T061947Z	PR:PC-3	ordinal	EX_ncam_e	-2.2522319648813394	-10.0	-1.2434497875801753e-14	primary	optimal
twostage-20260916T061947Z	PR:PC-3	ordinal	EX_nicrnt_e	0.0	0.0	2.035474298157551	primary	optimal
twostage-20260916T061947Z	PR:PC-3	ordinal	EX_orn_e	0.0	0.0	26.545530324148835	primary	optimal
twostage-20260916T061947Z	PR:PC-3	ordinal	EX_orot5p_e	0.0	0.0	1.2688748868021222	primary	optimal
twostage-20260916T061947Z	PR:PC-3	ordinal	EX_orot_e	0.0	0.0	2.972954956989604	primary	optimal
twostage-20260916T061947Z	PR:PC-3	ordinal	EX_oxa_e	0.0	0.0	6.26185115229348	primary	optimal
twostage-20260916T061947Z	PR:PC-3	ordinal	EX_pep_e	0.0	0.0	6.071678091942341	primary	optimal
twostage-20260916T061947Z	PR:PC-3	ordinal	EX_phe__L_e	-0.8524038351983002	-10.0	-0.8524036882104333	primary	optimal
twostage-20260916T061947Z	PR:PC-3	ordinal	EX_pnto__R_e	0.0	-10.0	0.05000000000000249	primary	optimal
twostage-20260916T061947Z	PR:PC-3	ordinal	EX_pro__L_e	-1.3551019514225016	-10.0	16.862297843945996	primary	optimal
twostage-20260916T061947Z	PR:PC-3	ordinal	EX_quln_e	0.0	0.0	1.1196248067570247	primary	optimal
twostage-20260916T061947Z	PR:PC-3	ordinal	EX_sbt__D_e	0.0	0.0	0.0	primary	optimal
twostage-20260916T061947Z	PR:PC-3	ordinal	EX_ser__L_e	-10.0	-10.0	-0.7303800791273694	primary	optimal
twostage-20260916T061947Z	PR:PC-3	ordinal	EX_spmd_e	0.0	0.0	1.1115652415159902	primary	optimal
twostage-20260916T061947Z	PR:PC-3	ordinal	EX_sprm_e	0.0	0.0	0.5665643888491263	primary	optimal
twostage-20260916T061947Z	PR:PC-3	ordinal	EX_srtn_e	0.0	0.0	3.305752409835106	primary	optimal
twostage-20260916T061947Z	PR:PC-3	ordinal	EX_succ_e	19.053001849899744	0.0	57.5691981822267	primary	optimal
twostage-20260916T061947Z	PR:PC-3	ordinal	EX_sucr_e	0.0	0.0	0.0	primary	optimal
twostage-20260916T061947Z	PR:PC-3	ordinal	EX_taur_e	0.0	0.0	2.9769629741975243	primary	optimal
twostage-20260916T061947Z	PR:PC-3	ordinal	EX_tchola_e	0.0	0.0	0.6449392922066599	primary	optimal
twostage-20260916T061947Z	PR:PC-3	ordinal	EX_thr__L_e	-1.027256400709608	-10.0	-1.0272564007096072	primary	optimal
twostage-20260916T061947Z	PR:PC-3	ordinal	EX_thym_e	0.0	0.0	1.8396559019565926	primary	optimal
twostage-20260916T061947Z	PR:PC-3	ordinal	EX_thymd_e	0.0	0.0	1.2025801830833582	primary	optimal
twostage-20260916T061947Z	PR:PC-3	ordinal	EX_trp__L_e	-0.04371317812479467	-10.0	-0.043713178124791696	primary	optimal
twostage-20260916T061947Z	PR:PC-3	ordinal	EX_tyr__L_e	-0.5245548522744694	-10.0	3.0664991279999128	primary	optimal
twostage-20260916T061947Z	PR:PC-3	ordinal	EX_ump_e	0.0	0.0	0.932511460240221	primary	optimal
twostage-20260916T061947Z	PR:PC-3	ordinal	EX_ura_e	0.0	0.0	2.6215408193364174	primary	optimal
twostage-20260916T061947Z	PR:PC-3	ordinal	EX_urate_e	0.0	0.0	1.0994747693288374	primary	optimal
twostage-20260916T061947Z	PR:PC-3	ordinal	EX_uri_e	0.0	0.0	1.4638876838787032	primary	optimal
twostage-20260916T061947Z	PR:PC-3	ordinal	EX_val__L_e	-1.1583926537355784	-10.0	-1.1583926498609216	primary	optimal
twostage-20260916T061947Z	PR:PC-3	ordinal	EX_xan_e	0.0	0.0	1.131082016558986	primary	optimal
twostage-20260916T061947Z	PR:PC-3	ordinal	EX_xmp_e	0.0	0.0	0.8461037577527178	primary	optimal
twostage-20260916T061947Z	PR:PC-3	ordinal	EX_xtsn_e	0.0	0.0	0.8396481164364183	primary	optimal
twostage-20260916T061947Z	RE:A498	ordinal	EX_2pg_e	0.0	0.0	6.071678091942381	primary	optimal
twostage-20260916T061947Z	RE:A498	ordinal	EX_34hpp_e	0.0	0.0	12.491510048172122	primary	optimal
twostage-20260916T061947Z	RE:A498	ordinal	EX_3hanthrn_e	0.0	0.0	1.759597705340689	primary	optimal
twostage-20260916T061947Z	RE:A498	ordinal	EX_3pg_e	0.0	0.0	6.071678091942464	primary	optimal
twostage-20260916T061947Z	RE:A498	ordinal	EX_4abut_e	0.0	0.0	21.75125680707241	primary	optimal
twostage-20260916T061947Z	RE:A498	ordinal	EX_4hbz_e	0.0	0.0	4.574107544010473	primary	optimal
twostage-20260916T061947Z	RE:A498	ordinal	EX_L2aadp_e	0.0	0.0	8.342934604619732	primary	optimal
twostage-20260916T061947Z	RE:A498	ordinal	EX_Lkynr_e	0.0	0.0	3.5389962275688025	primary	optimal
twostage-20260916T061947Z	RE:A498	ordinal	EX_acac_e	0.0	0.0	11.54814142977967	primary	optimal
twostage-20260916T061947Z	RE:A498	ordinal	EX_ade_e	0.0	0.0	0.9823365091358655	primary	optimal
twostage-20260916T061947Z	RE:A498	ordinal	EX_adn_e	0.0	0.0	0.7692321564106441	primary	optimal
twostage-20260916T061947Z	RE:A498	ordinal	EX_ahcys_e	0.0	0.0	0.7286953728166337	primary	optimal
twostage-20260916T061947Z	RE:A498	ordinal	EX_akg_e	1e-06	0.0	35.85615427503103	primary	optimal
twostage-20260916T061947Z	RE:A498	ordinal	EX_ala__L_e	1e-06	0.0	49.633801269324024	primary	optimal
twostage-20260916T061947Z	RE:A498	ordinal	EX_amp_e	0.0	0.0	0.6428344731567536	primary	optimal
twostage-20260916T061947Z	RE:A498	ordinal	EX_anth_e	0.0	0.0	3.3016507263423724	primary	optimal
twostage-20260916T061947Z	RE:A498	ordinal	EX_arg__L_e	-9.999999	-10.0	2.3145969157535298	primary	optimal
twostage-20260916T061947Z	RE:A498	ordinal	EX_asn__L_e	-9.999999	-10.0	6.305455344909933	primary	optimal
twostage-20260916T061947Z	RE:A498	ordinal	EX_asp__L_e	-9.999999	-10.0	25.09253214266516	primary	optimal
twostage-20260916T061947Z	RE:A498	ordinal	EX_bilirub_e	0.0	0.0	0.4179733353760387	primary	optimal
twostage-20260916T061947Z	RE:A498	ordinal	EX_cala_e	0.0	0.0	2.495125630252818	primary	optimal
twostage-20260916T061947Z	RE:A498	ordinal	EX_chol_e	-9.999999000000003	-10.0	0.2857512639316892	primary	optimal
twostage-20260916T061947Z	RE:A498	ordinal	EX_cholp_e	0.0	0.0	6.071678091942524	primary	optimal
twostage-20260916T061947Z	RE:A498	ordinal	EX_cit_e	1e-06	0.0	30.88084287204251	primary	optimal
twostage-20260916T061947Z	RE:A498	ordinal	EX_citr__L_e	0.0	0.0	13.991079999452664	primary	optimal
twostage-20260916T061947Z	RE:A498	ordinal	EX_cmp_e	0.0	0.0	0.0	primary	optimal
twostage-20260916T061947Z	RE:A498	ordinal	EX_crn_e	-0.999999	-1.0	-1.1102230246251565e-16	primary	optimal
twostage-20260916T061947Z	RE:A498	ordinal	EX_cyst__L_e	0.0	0.0	3.008279327032374	primary	optimal
twostage-20260916T061947Z	RE:A498	ordinal	EX_cytd_e	0.0	0.0	1.5122345720586479	primary	optimal
twostage-20260916T061947Z	RE:A498	ordinal	EX_dad_2_e	0.0	0.0	0.7660639206915968	primary	optimal
twostage-20260916T061947Z	RE:A498	ordinal	EX_dcmp_e	0.0	0.0	1.3082278480582297	primary	optimal
twostage-20260916T061947Z	RE:A498	ordinal	EX_dcyt_e	0.0	0.0	1.5469495618946283	primary	optimal
twostage-20260916T061947Z	RE:A498	ordinal	EX_dhap_e	0.0	0.0	4.199946681711966	primary	optimal
twostage-20260916T061947Z	RE:A498	ordinal	EX_dmgly_e	0.0	0.0	3.7551433834237287	primary	optimal
twostage-20260916T061947Z	RE:A498	ordinal	EX_duri_e	0.0	0.0	1.5185640799153661	primary	optimal
twostage-20260916T061947Z	RE:A498	ordinal	EX_ethamp_e	0.0	0.0	6.071678091942556	primary	optimal
twostage-20260916T061947Z	RE:A498	ordinal	EX_fol_e	-9.999999	-10.0	-1.2434497875801753e-14	primary	optimal
twostage-20260916T061947Z	RE:A498	ordinal	EX_fum_e	1e-06	0.0	40.6241073647793	primary	optimal
twostage-20260916T061947Z	RE:A498	ordinal	EX_g3pc_e	0.0	0.0	2.0314079604458533	primary	optimal
twostage-20260916T061947Z	RE:A498	ordinal	EX_glc__D_e	-10.0	-10.0	-5.19024196359267	primary	optimal
twostage-20260916T061947Z	RE:A498	ordinal	EX_glcur_e	0.0	0.0	3.5181474293158677	primary	optimal
twostage-20260916T061947Z	RE:A498	ordinal	EX_gln__L_e	-9.999999000000003	-10.0	4.107979108057847	primary	optimal
twostage-20260916T061947Z	RE:A498	ordinal	EX_glu__L_e	-9.999999	-10.0	22.58031660281233	primary	optimal
twostage-20260916T061947Z	RE:A498	ordinal	EX_gly_e	-9.999999	-10.0	24.79416810315202	primary	optimal
twostage-20260916T061947Z	RE:A498	ordinal	EX_glyald_e	0.0	0.0	9.20055235407746	primary	optimal
twostage-20260916T061947Z	RE:A498	ordinal	EX_glyb_e	0.0	0.0	9.818351356611343	primary	optimal
twostage-20260916T061947Z	RE:A498	ordinal	EX_glyc3p_e	0.0	0.0	4.0630074382133365	primary	optimal
twostage-20260916T061947Z	RE:A498	ordinal	EX_gmp_e	0.0	0.0	0.0	primary	optimal
twostage-20260916T061947Z	RE:A498	ordinal	EX_gthox_e	0.0	0.0	5.260058707709751	primary	optimal
twostage-20260916T061947Z	RE:A498	ordinal	EX_hcys__L_e	0.0	0.0	4.237895294258131	primary	optimal
twostage-20260916T061947Z	RE:A498	ordinal	EX_hom__L_e	0.0	0.0	0.0	primary	optimal
twostage-20260916T061947Z	RE:A498	ordinal	EX_hxan_e	0.0	0.0	1.156200005670649	primary	optimal
twostage-20260916T061947Z	RE:A498	ordinal	EX_icit_e	1e-06	0.0	29.17229750622203	primary	optimal
twostage-20260916T061947Z	RE:A498	ordinal	EX_ile__L_e	-9.999999	-10.0	-0.9398300444600185	primary	optimal
twostage-20260916T061947Z	RE:A498	ordinal	EX_imp_e	0.0	0.0	0.8770099299959018	primary	optimal
twostage-20260916T061947Z	RE:A498	ordinal	EX_ins_e	0.0	0.0	0.8719894520128099	primary	optimal
twostage-20260916T061947Z	RE:A498	ordinal	EX_lac__L_e	-0.999999	-1.0	54.02774317424904	primary	optimal
twostage-20260916T061947Z	RE:A498	ordinal	EX_lcts_e	0.0	0.0	1.3782486039573805	primary	optimal
twostage-20260916T061947Z	RE:A498	ordinal	EX_leu__L_e	-9.999999	-10.0	-1.79223373267045	primary	optimal
twostage-20260916T061947Z	RE:A498	ordinal	EX_lys__L_e	-9.999999	-10.0	-1.9452265708841612	primary	optimal
twostage-20260916T061947Z	RE:A498	ordinal	EX_mal__L_e	1e-06	0.0	36.260712070638625	primary	optimal
twostage-20260916T061947Z	RE:A498	ordinal	EX_met__L_e	-9.999999	-10.0	-0.5026982632120731	primary	optimal
twostage-20260916T061947Z	RE:A498	ordinal	EX_nac_e	4.0627129335886935e-15	0.0	10.649518545116194	primary	optimal
twostage-20260916T061947Z	RE:A498	ordinal	EX_ncam_e	-6.643970403017891	-10.0	-1.7763568394002505e-15	primary	optimal
twostage-20260916T061947Z	RE:A498	ordinal	EX_nicrnt_e	0.0	0.0	2.158453355153659	primary	optimal
twostage-20260916T061947Z	RE:A498	ordinal	EX_orn_e	0.0	0.0	26.311328616114384	primary	optimal
twostage-20260916T061947Z	RE:A498	ordinal	EX_orot5p_e	0.0	0.0	1.3134377850350718	primary	optimal
twostage-20260916T061947Z	RE:A498	ordinal	EX_orot_e	0.0	0.0	2.996138643824095	primary	optimal
twostage-20260916T061947Z	RE:A498	ordinal	EX_oxa_e	0.0	0.0	6.240146713171676	primary	optimal
twostage-20260916T061947Z	RE:A498	ordinal	EX_pep_e	0.0	0.0	6.071678091942483	primary	optimal
twostage-20260916T061947Z	RE:A498	ordinal	EX_phe__L_e	-0.8524036882104294	-10.0	-0.8524036882104262	primary	optimal
twostage-20260916T061947Z	RE:A498	ordinal	EX_pnto__R_e	2.0926322961697042e-15	-10.0	0.04999999999999538	primary	optimal
twostage-20260916T061947Z	RE:A498	ordinal	EX_pro__L_e	-1.355101951419386	-10.0	19.105676166863528	primary	optimal
twostage-20260916T061947Z	RE:A498	ordinal	EX_quln_e	0.0	0.0	1.1738201990562318	primary	optimal
twostage-20260916T061947Z	RE:A498	ordinal	EX_sbt__D_e	0.0	0.0	0.0	primary	optimal
twostage-20260916T061947Z	RE:A498	ordinal	EX_ser__L_e	-10.0	-10.0	-0.33050698284020297	primary	optimal
twostage-20260916T061947Z	RE:A498	ordinal	EX_spmd_e	0.0	0.0	1.1797052384256501	primary	optimal
twostage-20260916T061947Z	RE:A498	ordinal	EX_sprm_e	0.0	0.0	0.5985156486498436	primary	optimal
twostage-20260916T061947Z	RE:A498	ordinal	EX_srtn_e	0.0	0.0	3.492783608978172	primary	optimal
twostage-20260916T061947Z	RE:A498	ordinal	EX_succ_e	13.556973359262468	0.0	54.69111567154331	primary	optimal
twostage-20260916T061947Z	RE:A498	ordinal	EX_sucr_e	0.0	0.0	0.0	primary	optimal
twostage-20260916T061947Z	RE:A498	ordinal	EX_taur_e	0.0	0.0	3.1578891491049275	primary	optimal
twostage-20260916T061947Z	RE:A498	ordinal	EX_tchola_e	0.0	0.0	0.6723675025985915	primary	optimal
twostage-20260916T061947Z	RE:A498	ordinal	EX_thr__L_e	-1.027256400709608	-10.0	-1.0272564007096125	primary	optimal
twostage-20260916T061947Z	RE:A498	ordinal	EX_thym_e	0.0	0.0	1.898673533859753	primary	optimal
twostage-20260916T061947Z	RE:A498	ordinal	EX_thymd_e	0.0	0.0	1.2672361481417411	primary	optimal
twostage-20260916T061947Z	RE:A498	ordinal	EX_trp__L_e	-0.04371317812479467	-10.0	-0.04371317812479525	primary	optimal
twostage-20260916T061947Z	RE:A498	ordinal	EX_tyr__L_e	-0.5245548522744694	-10.0	3.1970934760169953	primary	optimal
twostage-20260916T061947Z	RE:A498	ordinal	EX_ump_e	0.0	0.0	0.9641336747220652	primary	optimal
twostage-20260916T061947Z	RE:A498	ordinal	EX_ura_e	0.0	0.0	2.6513876331225146	primary	optimal
twostage-20260916T061947Z	RE:A498	ordinal	EX_urate_e	0.0	0.0	1.1063933041384124	primary	optimal
twostage-20260916T061947Z	RE:A498	ordinal	EX_uri_e	0.0	0.0	1.5206816851228968	primary	optimal
twostage-20260916T061947Z	RE:A498	ordinal	EX_val__L_e	-1.158393001506515	-10.0	-1.1583926498609411	primary	optimal
twostage-20260916T061947Z	RE:A498	ordinal	EX_xan_e	0.0	0.0	1.1358362494455008	primary	optimal
twostage-20260916T061947Z	RE:A498	ordinal	EX_xmp_e	0.0	0.0	0.8635519802962595	primary	optimal
twostage-20260916T061947Z	RE:A498	ordinal	EX_xtsn_e	0.0	0.0	0.8594204798591397	primary	optimal
twostage-20260916T061947Z	RE:ACHN	ordinal	EX_2pg_e	0.0	0.0	6.071678091942501	primary	optimal
twostage-20260916T061947Z	RE:ACHN	ordinal	EX_34hpp_e	0.0	0.0	12.429902346141883	primary	optimal
twostage-20260916T061947Z	RE:ACHN	ordinal	EX_3hanthrn_e	0.0	0.0	1.7424152229290382	primary	optimal
twostage-20260916T061947Z	RE:ACHN	ordinal	EX_3pg_e	0.0	0.0	6.071678091942528	primary	optimal
twostage-20260916T061947Z	RE:ACHN	ordinal	EX_4abut_e	0.0	0.0	21.83722415108742	primary	optimal
twostage-20260916T061947Z	RE:ACHN	ordinal	EX_4hbz_e	0.0	0.0	4.652630278699371	primary	optimal
twostage-20260916T061947Z	RE:ACHN	ordinal	EX_L2aadp_e	0.0	0.0	8.443437139097764	primary	optimal
twostage-20260916T061947Z	RE:ACHN	ordinal	EX_Lkynr_e	0.0	0.0	3.511292909793539	primary	optimal
twostage-20260916T061947Z	RE:ACHN	ordinal	EX_acac_e	0.0	0.0	12.723521868448406	primary	optimal
twostage-20260916T061947Z	RE:ACHN	ordinal	EX_ade_e	0.0	0.0	1.0366063645650418	primary	optimal
twostage-20260916T061947Z	RE:ACHN	ordinal	EX_adn_e	0.0	0.0	0.8039586848913373	primary	optimal
twostage-20260916T061947Z	RE:ACHN	ordinal	EX_ahcys_e	0.0	0.0	0.7627933153153647	primary	optimal
twostage-20260916T061947Z	RE:ACHN	ordinal	EX_akg_e	1e-06	0.0	35.320759836665474	primary	optimal
twostage-20260916T061947Z	RE:ACHN	ordinal	EX_ala__L_e	1e-06	0.0	50.39074534457087	primary	optimal
twostage-20260916T061947Z	RE:ACHN	ordinal	EX_amp_e	0.0	0.0	0.6722590707674724	primary	optimal
twostage-20260916T061947Z	RE:ACHN	ordinal	EX_anth_e	0.0	0.0	3.250052373857702	primary	optimal
twostage-20260916T061947Z	RE:ACHN	ordinal	EX_arg__L_e	-9.999999	-10.0	2.3495442017846067	primary	optimal
twostage-20260916T061947Z	RE:ACHN	ordinal	EX_asn__L_e	-9.999999	-10.0	6.3436673256150105	primary	optimal
twostage-20260916T061947Z	RE:ACHN	ordinal	EX_asp__L_e	-9.999999	-10.0	25.072226449774995	primary	optimal
twostage-20260916T061947Z	RE:ACHN	ordinal	EX_bilirub_e	0.0	0.0	0.4276483772381581	primary	optimal
twostage-20260916T061947Z	RE:ACHN	ordinal	EX_cala_e	0.0	0.0	2.656068954897164	primary	optimal
twostage-20260916T061947Z	RE:ACHN	ordinal	EX_chol_e	-9.999999	-10.0	0.32013894327458037	primary	optimal
twostage-20260916T061947Z	RE:ACHN	ordinal	EX_cholp_e	0.0	0.0	6.071678091942399	primary	optimal
twostage-20260916T061947Z	RE:ACHN	ordinal	EX_cit_e	1e-06	0.0	30.86515226635227	primary	optimal
twostage-20260916T061947Z	RE:ACHN	ordinal	EX_citr__L_e	0.0	0.0	13.88886678967699	primary	optimal
twostage-20260916T061947Z	RE:ACHN	ordinal	EX_cmp_e	0.0	0.0	0.0	primary	optimal
twostage-20260916T061947Z	RE:ACHN	ordinal	EX_crn_e	-0.999999	-1.0	0.0	primary	optimal
twostage-20260916T061947Z	RE:ACHN	ordinal	EX_cyst__L_e	0.0	0.0	3.113973556781337	primary	optimal
twostage-20260916T061947Z	RE:ACHN	ordinal	EX_cytd_e	0.0	0.0	1.5777638999208823	primary	optimal
twostage-20260916T061947Z	RE:ACHN	ordinal	EX_dad_2_e	0.0	0.0	0.80113753355996	primary	optimal
twostage-20260916T061947Z	RE:ACHN	ordinal	EX_dcmp_e	0.0	0.0	1.367133486812729	primary	optimal
twostage-20260916T061947Z	RE:ACHN	ordinal	EX_dcyt_e	0.0	0.0	1.621135555070846	primary	optimal
twostage-20260916T061947Z	RE:ACHN	ordinal	EX_dhap_e	0.0	0.0	4.3033453103277886	primary	optimal
twostage-20260916T061947Z	RE:ACHN	ordinal	EX_dmgly_e	0.0	0.0	3.8530484901534683	primary	optimal
twostage-20260916T061947Z	RE:ACHN	ordinal	EX_duri_e	0.0	0.0	1.576815141064367	primary	optimal
twostage-20260916T061947Z	RE:ACHN	ordinal	EX_ethamp_e	0.0	0.0	6.0716780919423945	primary	optimal
twostage-20260916T061947Z	RE:ACHN	ordinal	EX_fol_e	-9.999999	-10.0	-5.329070518200751e-15	primary	optimal
twostage-20260916T061947Z	RE:ACHN	ordinal	EX_fum_e	1e-06	0.0	40.49892442554632	primary	optimal
twostage-20260916T061947Z	RE:ACHN	ordinal	EX_g3pc_e	0.0	0.0	2.056270183814615	primary	optimal
twostage-20260916T061947Z	RE:ACHN	ordinal	EX_glc__D_e	-10.0	-10.0	-5.207968578044356	primary	optimal
twostage-20260916T061947Z	RE:ACHN	ordinal	EX_glcur_e	0.0	0.0	3.524262257963199	primary	optimal
twostage-20260916T061947Z	RE:ACHN	ordinal	EX_gln__L_e	-9.999999	-10.0	4.245379806165946	primary	optimal
twostage-20260916T061947Z	RE:ACHN	ordinal	EX_glu__L_e	-9.999999	-10.0	22.472024191399193	primary	optimal
twostage-20260916T061947Z	RE:ACHN	ordinal	EX_gly_e	-9.999999	-10.0	24.523374013604336	primary	optimal
twostage-20260916T061947Z	RE:ACHN	ordinal	EX_glyald_e	0.0	0.0	9.222900056188914	primary	optimal
twostage-20260916T061947Z	RE:ACHN	ordinal	EX_glyb_e	0.0	0.0	9.902397612274521	primary	optimal
twostage-20260916T061947Z	RE:ACHN	ordinal	EX_glyc3p_e	0.0	0.0	4.134364277563718	primary	optimal
twostage-20260916T061947Z	RE:ACHN	ordinal	EX_gmp_e	0.0	0.0	0.0	primary	optimal
twostage-20260916T061947Z	RE:ACHN	ordinal	EX_gthox_e	0.0	0.0	5.317244063889676	primary	optimal
twostage-20260916T061947Z	RE:ACHN	ordinal	EX_hcys__L_e	0.0	0.0	4.420235416898699	primary	optimal
twostage-20260916T061947Z	RE:ACHN	ordinal	EX_hom__L_e	0.0	0.0	0.0	primary	optimal
twostage-20260916T061947Z	RE:ACHN	ordinal	EX_hxan_e	0.0	0.0	1.2161838595007932	primary	optimal
twostage-20260916T061947Z	RE:ACHN	ordinal	EX_icit_e	0.0	0.0	28.828363606150806	primary	optimal
twostage-20260916T061947Z	RE:ACHN	ordinal	EX_ile__L_e	-9.999999	-10.0	-0.9398300444600114	primary	optimal
twostage-20260916T061947Z	RE:ACHN	ordinal	EX_imp_e	0.0	0.0	0.9140788080223337	primary	optimal
twostage-20260916T061947Z	RE:ACHN	ordinal	EX_ins_e	0.0	0.0	0.9072725144917873	primary	optimal
twostage-20260916T061947Z	RE:ACHN	ordinal	EX_lac__L_e	-0.999999	-1.0	53.64696114432309	primary	optimal
twostage-20260916T061947Z	RE:ACHN	ordinal	EX_lcts_e	0.0	0.0	1.3975575609683535	primary	optimal
twostage-20260916T061947Z	RE:ACHN	ordinal	EX_leu__L_e	-9.999999	-10.0	-1.7922337326704447	primary	optimal
twostage-20260916T061947Z	RE:ACHN	ordinal	EX_lys__L_e	-9.999999	-10.0	-1.9452265708841585	primary	optimal
twostage-20260916T061947Z	RE:ACHN	ordinal	EX_mal__L_e	1.0000000000000002e-06	0.0	35.609897001928374	primary	optimal
twostage-20260916T061947Z	RE:ACHN	ordinal	EX_met__L_e	-9.999999000000003	-10.0	-0.5026982632120722	primary	optimal
twostage-20260916T061947Z	RE:ACHN	ordinal	EX_nac_e	8.403119530080094e-16	0.0	10.637001714043118	primary	optimal
twostage-20260916T061947Z	RE:ACHN	ordinal	EX_ncam_e	-8.114153268389657	-10.0	3.552713678800501e-15	primary	optimal
twostage-20260916T061947Z	RE:ACHN	ordinal	EX_nicrnt_e	0.0	0.0	2.1922717401743563	primary	optimal
twostage-20260916T061947Z	RE:ACHN	ordinal	EX_orn_e	0.0	0.0	26.708887543819177	primary	optimal
twostage-20260916T061947Z	RE:ACHN	ordinal	EX_orot5p_e	0.0	0.0	1.3701424253030368	primary	optimal
twostage-20260916T061947Z	RE:ACHN	ordinal	EX_orot_e	0.0	0.0	3.19100645848528	primary	optimal
twostage-20260916T061947Z	RE:ACHN	ordinal	EX_oxa_e	0.0	0.0	6.347789964548102	primary	optimal
twostage-20260916T061947Z	RE:ACHN	ordinal	EX_pep_e	0.0	0.0	6.0716780919425695	primary	optimal
twostage-20260916T061947Z	RE:ACHN	ordinal	EX_phe__L_e	-0.8524036882104293	-10.0	-0.8524036882104369	primary	optimal
twostage-20260916T061947Z	RE:ACHN	ordinal	EX_pnto__R_e	0.0	-10.0	0.049999999999993605	primary	optimal
twostage-20260916T061947Z	RE:ACHN	ordinal	EX_pro__L_e	-1.355101951423545	-10.0	19.205210248334463	primary	optimal
twostage-20260916T061947Z	RE:ACHN	ordinal	EX_quln_e	0.0	0.0	1.1684733186245355	primary	optimal
twostage-20260916T061947Z	RE:ACHN	ordinal	EX_sbt__D_e	0.0	0.0	0.0	primary	optimal
twostage-20260916T061947Z	RE:ACHN	ordinal	EX_ser__L_e	-10.0	-10.0	-0.33795651668024274	primary	optimal
twostage-20260916T061947Z	RE:ACHN	ordinal	EX_spmd_e	0.0	0.0	1.1824531388851276	primary	optimal
twostage-20260916T061947Z	RE:ACHN	ordinal	EX_sprm_e	0.0	0.0	0.6024757078331413	primary	optimal
twostage-20260916T061947Z	RE:ACHN	ordinal	EX_srtn_e	0.0	0.0	3.4615418911484874	primary	optimal
twostage-20260916T061947Z	RE:ACHN	ordinal	EX_succ_e	13.520013177321363	0.0	56.86516274006428	primary	optimal
twostage-20260916T061947Z	RE:ACHN	ordinal	EX_sucr_e	0.0	0.0	0.0	primary	optimal
twostage-20260916T061947Z	RE:ACHN	ordinal	EX_taur_e	-1.0697416653024572e-15	0.0	3.1214328423393987	primary	optimal
twostage-20260916T061947Z	RE:ACHN	ordinal	EX_tchola_e	0.0	0.0	0.6710638850762681	primary	optimal
twostage-20260916T061947Z	RE:ACHN	ordinal	EX_thr__L_e	-1.027256400709608	-10.0	-1.0272564007096072	primary	optimal
twostage-20260916T061947Z	RE:ACHN	ordinal	EX_thym_e	0.0	0.0	2.0037740380190403	primary	optimal
twostage-20260916T061947Z	RE:ACHN	ordinal	EX_thymd_e	0.0	0.0	1.3095829289745946	primary	optimal
twostage-20260916T061947Z	RE:ACHN	ordinal	EX_trp__L_e	-0.04371317812479468	-10.0	-0.043713178124791696	primary	optimal
twostage-20260916T061947Z	RE:ACHN	ordinal	EX_tyr__L_e	-0.5245548522744695	-10.0	3.204488308560205	primary	optimal
twostage-20260916T061947Z	RE:ACHN	ordinal	EX_ump_e	0.0	0.0	1.0080414902103376	primary	optimal
twostage-20260916T061947Z	RE:ACHN	ordinal	EX_ura_e	0.0	0.0	2.816775648584113	primary	optimal
twostage-20260916T061947Z	RE:ACHN	ordinal	EX_urate_e	0.0	0.0	1.1617324261755204	primary	optimal
twostage-20260916T061947Z	RE:ACHN	ordinal	EX_uri_e	0.0	0.0	1.582291106928593	primary	optimal
twostage-20260916T061947Z	RE:ACHN	ordinal	EX_val__L_e	-1.158393056772845	-10.0	-1.1583926498609038	primary	optimal
twostage-20260916T061947Z	RE:ACHN	ordinal	EX_xan_e	0.0	0.0	1.1943922051994562	primary	optimal
twostage-20260916T061947Z	RE:ACHN	ordinal	EX_xmp_e	0.0	0.0	0.9011625045212847	primary	optimal
twostage-20260916T061947Z	RE:ACHN	ordinal	EX_xtsn_e	0.0	0.0	0.8941424134713318	primary	optimal
twostage-20260916T061947Z	RE:CAKI-1	ordinal	EX_2pg_e	0.0	0.0	6.071678091942525	primary	optimal
twostage-20260916T061947Z	RE:CAKI-1	ordinal	EX_34hpp_e	0.0	0.0	12.395640011375045	primary	optimal
twostage-20260916T061947Z	RE:CAKI-1	ordinal	EX_3hanthrn_e	0.0	0.0	1.7345319247003381	primary	optimal
twostage-20260916T061947Z	RE:CAKI-1	ordinal	EX_3pg_e	0.0	0.0	6.071678091942397	primary	optimal
twostage-20260916T061947Z	RE:CAKI-1	ordinal	EX_4abut_e	0.0	0.0	20.880541173501793	primary	optimal
twostage-20260916T061947Z	RE:CAKI-1	ordinal	EX_4hbz_e	0.0	0.0	4.653753135550455	primary	optimal
twostage-20260916T061947Z	RE:CAKI-1	ordinal	EX_L2aadp_e	0.0	0.0	8.426351726971367	primary	optimal
twostage-20260916T061947Z	RE:CAKI-1	ordinal	EX_Lkynr_e	0.0	0.0	3.486294467373201	primary	optimal
twostage-20260916T061947Z	RE:CAKI-1	ordinal	EX_acac_e	0.0	0.0	12.8871464564256	primary	optimal
twostage-20260916T061947Z	RE:CAKI-1	ordinal	EX_ade_e	0.0	0.0	1.0182221969357432	primary	optimal
twostage-20260916T061947Z	RE:CAKI-1	ordinal	EX_adn_e	0.0	0.0	0.7933446835580978	primary	optimal
twostage-20260916T061947Z	RE:CAKI-1	ordinal	EX_ahcys_e	0.0	0.0	0.75238688781159	primary	optimal
twostage-20260916T061947Z	RE:CAKI-1	ordinal	EX_akg_e	1e-06	0.0	37.66199064412237	primary	optimal
twostage-20260916T061947Z	RE:CAKI-1	ordinal	EX_ala__L_e	1e-06	0.0	52.14007963592073	primary	optimal
twostage-20260916T061947Z	RE:CAKI-1	ordinal	EX_amp_e	0.0	0.0	0.6643395480415218	primary	optimal
twostage-20260916T061947Z	RE:CAKI-1	ordinal	EX_anth_e	0.0	0.0	3.226827247295967	primary	optimal
twostage-20260916T061947Z	RE:CAKI-1	ordinal	EX_arg__L_e	-9.999999	-10.0	2.358846198688851	primary	optimal
twostage-20260916T061947Z	RE:CAKI-1	ordinal	EX_asn__L_e	-9.999999	-10.0	6.467099153040783	primary	optimal
twostage-20260916T061947Z	RE:CAKI-1	ordinal	EX_asp__L_e	-9.999999000000003	-10.0	24.674647590490704	primary	optimal
twostage-20260916T061947Z	RE:CAKI-1	ordinal	EX_bilirub_e	0.0	0.0	0.4217349749763938	primary	optimal
twostage-20260916T061947Z	RE:CAKI-1	ordinal	EX_cala_e	0.0	0.0	2.5840775946670274	primary	optimal
twostage-20260916T061947Z	RE:CAKI-1	ordinal	EX_chol_e	-9.999999	-10.0	0.311029331703266	primary	optimal
twostage-20260916T061947Z	RE:CAKI-1	ordinal	EX_cholp_e	0.0	0.0	6.071678091942213	primary	optimal
twostage-20260916T061947Z	RE:CAKI-1	ordinal	EX_cit_e	1e-06	0.0	31.045326228987147	primary	optimal
twostage-20260916T061947Z	RE:CAKI-1	ordinal	EX_citr__L_e	0.0	0.0	13.870532894387816	primary	optimal
twostage-20260916T061947Z	RE:CAKI-1	ordinal	EX_cmp_e	0.0	0.0	0.0	primary	optimal
twostage-20260916T061947Z	RE:CAKI-1	ordinal	EX_crn_e	-0.9999989999999999	-1.0	-3.885780586188048e-15	primary	optimal
twostage-20260916T061947Z	RE:CAKI-1	ordinal	EX_cyst__L_e	0.0	0.0	3.0930311141408446	primary	optimal
twostage-20260916T061947Z	RE:CAKI-1	ordinal	EX_cytd_e	0.0	0.0	1.557218029593027	primary	optimal
twostage-20260916T061947Z	RE:CAKI-1	ordinal	EX_dad_2_e	0.0	0.0	0.7902267786487711	primary	optimal
twostage-20260916T061947Z	RE:CAKI-1	ordinal	EX_dcmp_e	0.0	0.0	1.3455585107402095	primary	optimal
twostage-20260916T061947Z	RE:CAKI-1	ordinal	EX_dcyt_e	0.0	0.0	1.5896879903377654	primary	optimal
twostage-20260916T061947Z	RE:CAKI-1	ordinal	EX_dhap_e	0.0	0.0	4.28308124576422	primary	optimal
twostage-20260916T061947Z	RE:CAKI-1	ordinal	EX_dmgly_e	0.0	0.0	3.8708072379679064	primary	optimal
twostage-20260916T061947Z	RE:CAKI-1	ordinal	EX_duri_e	0.0	0.0	1.5586853207789035	primary	optimal
twostage-20260916T061947Z	RE:CAKI-1	ordinal	EX_ethamp_e	0.0	0.0	6.071678091942227	primary	optimal
twostage-20260916T061947Z	RE:CAKI-1	ordinal	EX_fol_e	-9.999999	-10.0	-1.1546319456101628e-14	primary	optimal
twostage-20260916T061947Z	RE:CAKI-1	ordinal	EX_fum_e	1e-06	0.0	40.52132369596844	primary	optimal
twostage-20260916T061947Z	RE:CAKI-1	ordinal	EX_g3pc_e	0.0	0.0	2.068002901186545	primary	optimal
twostage-20260916T061947Z	RE:CAKI-1	ordinal	EX_glc__D_e	-10.0	-10.0	-5.121728465467245	primary	optimal
twostage-20260916T061947Z	RE:CAKI-1	ordinal	EX_glcur_e	0.0	0.0	3.4906348773632856	primary	optimal
twostage-20260916T061947Z	RE:CAKI-1	ordinal	EX_gln__L_e	-9.999999	-10.0	4.691625354590118	primary	optimal
twostage-20260916T061947Z	RE:CAKI-1	ordinal	EX_glu__L_e	-9.999999000000003	-10.0	23.614561469950097	primary	optimal
twostage-20260916T061947Z	RE:CAKI-1	ordinal	EX_gly_e	-9.999999	-10.0	25.471760067642826	primary	optimal
twostage-20260916T061947Z	RE:CAKI-1	ordinal	EX_glyald_e	0.0	0.0	9.272650473958166	primary	optimal
twostage-20260916T061947Z	RE:CAKI-1	ordinal	EX_glyb_e	0.0	0.0	9.873592267518127	primary	optimal
twostage-20260916T061947Z	RE:CAKI-1	ordinal	EX_glyc3p_e	0.0	0.0	4.111530600301806	primary	optimal
twostage-20260916T061947Z	RE:CAKI-1	ordinal	EX_gmp_e	0.0	0.0	0.0	primary	optimal
twostage-20260916T061947Z	RE:CAKI-1	ordinal	EX_gthox_e	0.0	0.0	5.299287320824133	primary	optimal
twostage-20260916T061947Z	RE:CAKI-1	ordinal	EX_hcys__L_e	0.0	0.0	4.385774010544536	primary	optimal
twostage-20260916T061947Z	RE:CAKI-1	ordinal	EX_hom__L_e	0.0	0.0	0.0	primary	optimal
twostage-20260916T061947Z	RE:CAKI-1	ordinal	EX_hxan_e	0.0	0.0	1.1955591394176028	primary	optimal
twostage-20260916T061947Z	RE:CAKI-1	ordinal	EX_icit_e	1e-06	0.0	30.197480308342463	primary	optimal
twostage-20260916T061947Z	RE:CAKI-1	ordinal	EX_ile__L_e	-9.999999	-10.0	-0.9398300444600185	primary	optimal
twostage-20260916T061947Z	RE:CAKI-1	ordinal	EX_imp_e	0.0	0.0	0.9028260645834281	primary	optimal
twostage-20260916T061947Z	RE:CAKI-1	ordinal	EX_ins_e	0.0	0.0	0.8970429063936096	primary	optimal
twostage-20260916T061947Z	RE:CAKI-1	ordinal	EX_lac__L_e	-0.999999	-1.0	53.96545593404891	primary	optimal
twostage-20260916T061947Z	RE:CAKI-1	ordinal	EX_lcts_e	0.0	0.0	1.4116085677472434	primary	optimal
twostage-20260916T061947Z	RE:CAKI-1	ordinal	EX_leu__L_e	-9.999999	-10.0	-1.7922337326704483	primary	optimal
twostage-20260916T061947Z	RE:CAKI-1	ordinal	EX_lys__L_e	-9.999999	-10.0	-1.9452265708841594	primary	optimal
twostage-20260916T061947Z	RE:CAKI-1	ordinal	EX_mal__L_e	1e-06	0.0	35.86094224395867	primary	optimal
twostage-20260916T061947Z	RE:CAKI-1	ordinal	EX_met__L_e	-9.999999	-10.0	-0.5026982632120731	primary	optimal
twostage-20260916T061947Z	RE:CAKI-1	ordinal	EX_nac_e	0.0	0.0	10.653664358124407	primary	optimal
twostage-20260916T061947Z	RE:CAKI-1	ordinal	EX_ncam_e	-6.016475680263446	-10.0	0.0	primary	optimal
twostage-20260916T061947Z	RE:CAKI-1	ordinal	EX_nicrnt_e	0.0	0.0	2.1966287372036586	primary	optimal
twostage-20260916T061947Z	RE:CAKI-1	ordinal	EX_orn_e	0.0	0.0	26.088887127033555	primary	optimal
twostage-20260916T061947Z	RE:CAKI-1	ordinal	EX_orot5p_e	0.0	0.0	1.349505123183164	primary	optimal
twostage-20260916T061947Z	RE:CAKI-1	ordinal	EX_orot_e	0.0	0.0	3.1020794125918507	primary	optimal
twostage-20260916T061947Z	RE:CAKI-1	ordinal	EX_oxa_e	0.0	0.0	6.408604734910602	primary	optimal
twostage-20260916T061947Z	RE:CAKI-1	ordinal	EX_pep_e	0.0	0.0	6.071678091942486	primary	optimal
twostage-20260916T061947Z	RE:CAKI-1	ordinal	EX_phe__L_e	-0.8524037255055679	-10.0	-0.8524036882104298	primary	optimal
twostage-20260916T061947Z	RE:CAKI-1	ordinal	EX_pnto__R_e	0.0	-10.0	0.049999999999998934	primary	optimal
twostage-20260916T061947Z	RE:CAKI-1	ordinal	EX_pro__L_e	-1.3551019514225016	-10.0	19.03815308807582	primary	optimal
twostage-20260916T061947Z	RE:CAKI-1	ordinal	EX_quln_e	8.029401836537669e-16	0.0	1.1618305518799406	primary	optimal
twostage-20260916T061947Z	RE:CAKI-1	ordinal	EX_sbt__D_e	0.0	0.0	0.0	primary	optimal
twostage-20260916T061947Z	RE:CAKI-1	ordinal	EX_ser__L_e	-10.0	-10.0	-0.13006392972501238	primary	optimal
twostage-20260916T061947Z	RE:CAKI-1	ordinal	EX_spmd_e	0.0	0.0	1.1984414907218606	primary	optimal
twostage-20260916T061947Z	RE:CAKI-1	ordinal	EX_sprm_e	0.0	0.0	0.6079306316962403	primary	optimal
twostage-20260916T061947Z	RE:CAKI-1	ordinal	EX_srtn_e	0.0	0.0	3.489687709993674	primary	optimal
twostage-20260916T061947Z	RE:CAKI-1	ordinal	EX_succ_e	13.520012400636304	0.0	55.30645232410038	primary	optimal
twostage-20260916T061947Z	RE:CAKI-1	ordinal	EX_sucr_e	0.0	0.0	0.0	primary	optimal
twostage-20260916T061947Z	RE:CAKI-1	ordinal	EX_taur_e	0.0	0.0	3.114993162354332	primary	optimal
twostage-20260916T061947Z	RE:CAKI-1	ordinal	EX_tchola_e	0.0	0.0	0.670058009957565	primary	optimal
twostage-20260916T061947Z	RE:CAKI-1	ordinal	EX_thr__L_e	-1.0272564007096083	-10.0	-1.0272564007096072	primary	optimal
twostage-20260916T061947Z	RE:CAKI-1	ordinal	EX_thym_e	0.0	0.0	1.9716289378950775	primary	optimal
twostage-20260916T061947Z	RE:CAKI-1	ordinal	EX_thymd_e	0.0	0.0	1.3009502183768138	primary	optimal
twostage-20260916T061947Z	RE:CAKI-1	ordinal	EX_trp__L_e	-0.04371317812479467	-10.0	-0.043713178124802354	primary	optimal
twostage-20260916T061947Z	RE:CAKI-1	ordinal	EX_tyr__L_e	-0.5245548522744694	-10.0	3.165357548568115	primary	optimal
twostage-20260916T061947Z	RE:CAKI-1	ordinal	EX_ump_e	0.0	0.0	0.9940781724784264	primary	optimal
twostage-20260916T061947Z	RE:CAKI-1	ordinal	EX_ura_e	0.0	0.0	2.7433642167914813	primary	optimal
twostage-20260916T061947Z	RE:CAKI-1	ordinal	EX_urate_e	0.0	0.0	1.1460442395068355	primary	optimal
twostage-20260916T061947Z	RE:CAKI-1	ordinal	EX_uri_e	0.0	0.0	1.5660604074202082	primary	optimal
twostage-20260916T061947Z	RE:CAKI-1	ordinal	EX_val__L_e	-1.1583929775083017	-10.0	-1.1583926498609198	primary	optimal
twostage-20260916T061947Z	RE:CAKI-1	ordinal	EX_xan_e	0.0	0.0	1.1762634795696005	primary	optimal
twostage-20260916T061947Z	RE:CAKI-1	ordinal	EX_xmp_e	0.0	0.0	0.8902597964841323	primary	optimal
twostage-20260916T061947Z	RE:CAKI-1	ordinal	EX_xtsn_e	0.0	0.0	0.8847348995716179	primary	optimal
twostage-20260916T061947Z	RE:RXF 393	ordinal	EX_2pg_e	0.0	0.0	6.071678091942485	primary	optimal
twostage-20260916T061947Z	RE:RXF 393	ordinal	EX_34hpp_e	0.0	0.0	12.47708254524237	primary	optimal
twostage-20260916T061947Z	RE:RXF 393	ordinal	EX_3hanthrn_e	0.0	0.0	1.7766475202748482	primary	optimal
twostage-20260916T061947Z	RE:RXF 393	ordinal	EX_3pg_e	0.0	0.0	6.0716780919424505	primary	optimal
twostage-20260916T061947Z	RE:RXF 393	ordinal	EX_4abut_e	0.0	0.0	20.156478002887404	primary	optimal
twostage-20260916T061947Z	RE:RXF 393	ordinal	EX_4hbz_e	0.0	0.0	4.5830739339371105	primary	optimal
twostage-20260916T061947Z	RE:RXF 393	ordinal	EX_L2aadp_e	0.0	0.0	8.408535821728815	primary	optimal
twostage-20260916T061947Z	RE:RXF 393	ordinal	EX_Lkynr_e	0.0	0.0	3.5603150835894555	primary	optimal
twostage-20260916T061947Z	RE:RXF 393	ordinal	EX_acac_e	0.0	0.0	11.909851138061445	primary	optimal
twostage-20260916T061947Z	RE:RXF 393	ordinal	EX_ade_e	0.0	0.0	0.9930866403383013	primary	optimal
twostage-20260916T061947Z	RE:RXF 393	ordinal	EX_adn_e	0.0	0.0	0.7757988555081002	primary	optimal
twostage-20260916T061947Z	RE:RXF 393	ordinal	EX_ahcys_e	0.0	0.0	0.7386285914251521	primary	optimal
twostage-20260916T061947Z	RE:RXF 393	ordinal	EX_akg_e	0.0	0.0	35.78536087368929	primary	optimal
twostage-20260916T061947Z	RE:RXF 393	ordinal	EX_ala__L_e	1e-06	0.0	48.03666060627767	primary	optimal
twostage-20260916T061947Z	RE:RXF 393	ordinal	EX_amp_e	0.0	0.0	0.6465731853712903	primary	optimal
twostage-20260916T061947Z	RE:RXF 393	ordinal	EX_anth_e	0.0	0.0	3.2947598387921757	primary	optimal
twostage-20260916T061947Z	RE:RXF 393	ordinal	EX_arg__L_e	-9.999999	-10.0	2.4612351909823205	primary	optimal
twostage-20260916T061947Z	RE:RXF 393	ordinal	EX_asn__L_e	-9.999999000000003	-10.0	6.341037553714907	primary	optimal
twostage-20260916T061947Z	RE:RXF 393	ordinal	EX_asp__L_e	-9.999999	-10.0	24.397479753728316	primary	optimal
twostage-20260916T061947Z	RE:RXF 393	ordinal	EX_bilirub_e	0.0	0.0	0.4232445890520147	primary	optimal
twostage-20260916T061947Z	RE:RXF 393	ordinal	EX_cala_e	0.0	0.0	2.5456211681980676	primary	optimal
twostage-20260916T061947Z	RE:RXF 393	ordinal	EX_chol_e	-9.999999	-10.0	0.29760229481606276	primary	optimal
twostage-20260916T061947Z	RE:RXF 393	ordinal	EX_cholp_e	0.0	0.0	6.071678091942471	primary	optimal
twostage-20260916T061947Z	RE:RXF 393	ordinal	EX_cit_e	1e-06	0.0	31.006866850577975	primary	optimal
twostage-20260916T061947Z	RE:RXF 393	ordinal	EX_citr__L_e	0.0	0.0	13.998506833341201	primary	optimal
twostage-20260916T061947Z	RE:RXF 393	ordinal	EX_cmp_e	0.0	0.0	0.0	primary	optimal
twostage-20260916T061947Z	RE:RXF 393	ordinal	EX_crn_e	-0.9999990000000001	-1.0	-2.6645352591003757e-15	primary	optimal
twostage-20260916T061947Z	RE:RXF 393	ordinal	EX_cyst__L_e	0.0	0.0	3.0719409300532634	primary	optimal
twostage-20260916T061947Z	RE:RXF 393	ordinal	EX_cytd_e	0.0	0.0	1.5266618506551466	primary	optimal
twostage-20260916T061947Z	RE:RXF 393	ordinal	EX_dad_2_e	0.0	0.0	0.7713008957982747	primary	optimal
twostage-20260916T061947Z	RE:RXF 393	ordinal	EX_dcmp_e	0.0	0.0	1.3206401814708408	primary	optimal
twostage-20260916T061947Z	RE:RXF 393	ordinal	EX_dcyt_e	0.0	0.0	1.5651965808770498	primary	optimal
twostage-20260916T061947Z	RE:RXF 393	ordinal	EX_dhap_e	0.0	0.0	4.225151376312187	primary	optimal
twostage-20260916T061947Z	RE:RXF 393	ordinal	EX_dmgly_e	0.0	0.0	3.845490927373966	primary	optimal
twostage-20260916T061947Z	RE:RXF 393	ordinal	EX_duri_e	0.0	0.0	1.5300987998392592	primary	optimal
twostage-20260916T061947Z	RE:RXF 393	ordinal	EX_ethamp_e	0.0	0.0	6.071678091942638	primary	optimal
twostage-20260916T061947Z	RE:RXF 393	ordinal	EX_fol_e	-9.999999	-10.0	-5.329070518200751e-15	primary	optimal
twostage-20260916T061947Z	RE:RXF 393	ordinal	EX_fum_e	1.0000000000000002e-06	0.0	40.30911675996522	primary	optimal
twostage-20260916T061947Z	RE:RXF 393	ordinal	EX_g3pc_e	0.0	0.0	2.0494711719026757	primary	optimal
twostage-20260916T061947Z	RE:RXF 393	ordinal	EX_glc__D_e	-10.0	-10.0	-5.0801926423986705	primary	optimal
twostage-20260916T061947Z	RE:RXF 393	ordinal	EX_glcur_e	0.0	0.0	3.5420259521966697	primary	optimal
twostage-20260916T061947Z	RE:RXF 393	ordinal	EX_gln__L_e	-9.999999	-10.0	4.267212527714102	primary	optimal
twostage-20260916T061947Z	RE:RXF 393	ordinal	EX_glu__L_e	-9.999999	-10.0	22.33971336045318	primary	optimal
twostage-20260916T061947Z	RE:RXF 393	ordinal	EX_gly_e	-9.999999	-10.0	25.580308902387937	primary	optimal
twostage-20260916T061947Z	RE:RXF 393	ordinal	EX_glyald_e	0.0	0.0	9.40278227482884	primary	optimal
twostage-20260916T061947Z	RE:RXF 393	ordinal	EX_glyb_e	0.0	0.0	9.833327575511941	primary	optimal
twostage-20260916T061947Z	RE:RXF 393	ordinal	EX_glyc3p_e	0.0	0.0	4.096693816260159	primary	optimal
twostage-20260916T061947Z	RE:RXF 393	ordinal	EX_gmp_e	0.0	0.0	0.0	primary	optimal
twostage-20260916T061947Z	RE:RXF 393	ordinal	EX_gthox_e	0.0	0.0	5.256486359741176	primary	optimal
twostage-20260916T061947Z	RE:RXF 393	ordinal	EX_hcys__L_e	0.0	0.0	4.323381857926875	primary	optimal
twostage-20260916T061947Z	RE:RXF 393	ordinal	EX_hom__L_e	0.0	0.0	0.0	primary	optimal
twostage-20260916T061947Z	RE:RXF 393	ordinal	EX_hxan_e	0.0	0.0	1.1708836446714965	primary	optimal
twostage-20260916T061947Z	RE:RXF 393	ordinal	EX_icit_e	0.0	0.0	29.665650728269796	primary	optimal
twostage-20260916T061947Z	RE:RXF 393	ordinal	EX_ile__L_e	-9.999999	-10.0	-0.9398300444599546	primary	optimal
twostage-20260916T061947Z	RE:RXF 393	ordinal	EX_imp_e	0.0	0.0	0.884217427789707	primary	optimal
twostage-20260916T061947Z	RE:RXF 393	ordinal	EX_ins_e	0.0	0.0	0.8794965699058376	primary	optimal
twostage-20260916T061947Z	RE:RXF 393	ordinal	EX_lac__L_e	-0.999999	-1.0	53.324664347486596	primary	optimal
twostage-20260916T061947Z	RE:RXF 393	ordinal	EX_lcts_e	0.0	0.0	1.415605314238227	primary	optimal
twostage-20260916T061947Z	RE:RXF 393	ordinal	EX_leu__L_e	-9.999999	-10.0	-1.7922337326704465	primary	optimal
twostage-20260916T061947Z	RE:RXF 393	ordinal	EX_lys__L_e	-9.999999	-10.0	-1.945226570884163	primary	optimal
twostage-20260916T061947Z	RE:RXF 393	ordinal	EX_mal__L_e	1.0000000000000002e-06	0.0	36.092608124764624	primary	optimal
twostage-20260916T061947Z	RE:RXF 393	ordinal	EX_met__L_e	-9.999999	-10.0	-0.502698263212066	primary	optimal
twostage-20260916T061947Z	RE:RXF 393	ordinal	EX_nac_e	-6.254739687521576e-15	0.0	10.631664618370811	primary	optimal
twostage-20260916T061947Z	RE:RXF 393	ordinal	EX_ncam_e	-6.339918802000044	-10.0	0.0	primary	optimal
twostage-20260916T061947Z	RE:RXF 393	ordinal	EX_nicrnt_e	0.0	0.0	2.183403576608908	primary	optimal
twostage-20260916T061947Z	RE:RXF 393	ordinal	EX_orn_e	0.0	0.0	25.32307506555305	primary	optimal
twostage-20260916T061947Z	RE:RXF 393	ordinal	EX_orot5p_e	0.0	0.0	1.3289009720254141	primary	optimal
twostage-20260916T061947Z	RE:RXF 393	ordinal	EX_orot_e	0.0	0.0	3.040644150993339	primary	optimal
twostage-20260916T061947Z	RE:RXF 393	ordinal	EX_oxa_e	0.0	0.0	6.172590201827222	primary	optimal
twostage-20260916T061947Z	RE:RXF 393	ordinal	EX_pep_e	0.0	0.0	6.071678091942589	primary	optimal
twostage-20260916T061947Z	RE:RXF 393	ordinal	EX_phe__L_e	-0.8524037174646752	-10.0	-0.852403688210428	primary	optimal
twostage-20260916T061947Z	RE:RXF 393	ordinal	EX_pnto__R_e	0.0	-10.0	0.04999999999999005	primary	optimal
twostage-20260916T061947Z	RE:RXF 393	ordinal	EX_pro__L_e	-1.3551019514225016	-10.0	18.43909360181311	primary	optimal
twostage-20260916T061947Z	RE:RXF 393	ordinal	EX_quln_e	0.0	0.0	1.1881982292810873	primary	optimal
twostage-20260916T061947Z	RE:RXF 393	ordinal	EX_sbt__D_e	0.0	0.0	0.0	primary	optimal
twostage-20260916T061947Z	RE:RXF 393	ordinal	EX_ser__L_e	-10.0	-10.0	0.30621829824368085	primary	optimal
twostage-20260916T061947Z	RE:RXF 393	ordinal	EX_spmd_e	0.0	0.0	1.1849254988215105	primary	optimal
twostage-20260916T061947Z	RE:RXF 393	ordinal	EX_sprm_e	0.0	0.0	0.6014851919384375	primary	optimal
twostage-20260916T061947Z	RE:RXF 393	ordinal	EX_srtn_e	0.0	0.0	3.531148571038032	primary	optimal
twostage-20260916T061947Z	RE:RXF 393	ordinal	EX_succ_e	13.599138330689293	0.0	54.54687399694509	primary	optimal
twostage-20260916T061947Z	RE:RXF 393	ordinal	EX_sucr_e	0.0	0.0	0.0	primary	optimal
twostage-20260916T061947Z	RE:RXF 393	ordinal	EX_taur_e	0.0	0.0	3.174847888532791	primary	optimal
twostage-20260916T061947Z	RE:RXF 393	ordinal	EX_tchola_e	0.0	0.0	0.6793592534587047	primary	optimal
twostage-20260916T061947Z	RE:RXF 393	ordinal	EX_thr__L_e	-1.0272564007096083	-10.0	-1.027256400709593	primary	optimal
twostage-20260916T061947Z	RE:RXF 393	ordinal	EX_thym_e	0.0	0.0	1.931336254952022	primary	optimal
twostage-20260916T061947Z	RE:RXF 393	ordinal	EX_thymd_e	0.0	0.0	1.2858504552931527	primary	optimal
twostage-20260916T061947Z	RE:RXF 393	ordinal	EX_trp__L_e	-0.04371317812479468	-10.0	-0.04371317812480413	primary	optimal
twostage-20260916T061947Z	RE:RXF 393	ordinal	EX_tyr__L_e	-0.5245548522744694	-10.0	3.2367633039544703	primary	optimal
twostage-20260916T061947Z	RE:RXF 393	ordinal	EX_ump_e	0.0	0.0	0.974841192152694	primary	optimal
twostage-20260916T061947Z	RE:RXF 393	ordinal	EX_ura_e	0.0	0.0	2.685025534903118	primary	optimal
twostage-20260916T061947Z	RE:RXF 393	ordinal	EX_urate_e	0.0	0.0	1.1187793701146973	primary	optimal
twostage-20260916T061947Z	RE:RXF 393	ordinal	EX_uri_e	0.0	0.0	1.5343899408544455	primary	optimal
twostage-20260916T061947Z	RE:RXF 393	ordinal	EX_val__L_e	-1.1583928301807622	-10.0	-1.1583926498609394	primary	optimal
twostage-20260916T061947Z	RE:RXF 393	ordinal	EX_xan_e	0.0	0.0	1.1501905906239758	primary	optimal
twostage-20260916T061947Z	RE:RXF 393	ordinal	EX_xmp_e	0.0	0.0	0.8706701910566927	primary	optimal
twostage-20260916T061947Z	RE:RXF 393	ordinal	EX_xtsn_e	0.0	0.0	0.8666652357486025	primary	optimal
twostage-20260916T061947Z	RE:SN12C	ordinal	EX_2pg_e	0.0	0.0	6.07167809194254	primary	optimal
twostage-20260916T061947Z	RE:SN12C	ordinal	EX_34hpp_e	0.0	0.0	12.48154539428485	primary	optimal
twostage-20260916T061947Z	RE:SN12C	ordinal	EX_3hanthrn_e	0.0	0.0	1.7477775513155596	primary	optimal
twostage-20260916T061947Z	RE:SN12C	ordinal	EX_3pg_e	0.0	0.0	6.071678091942501	primary	optimal
twostage-20260916T061947Z	RE:SN12C	ordinal	EX_4abut_e	0.0	0.0	22.057282743580096	primary	optimal
twostage-20260916T061947Z	RE:SN12C	ordinal	EX_4hbz_e	0.0	0.0	4.755903987127935	primary	optimal
twostage-20260916T061947Z	RE:SN12C	ordinal	EX_L2aadp_e	0.0	0.0	8.412352177717578	primary	optimal
twostage-20260916T061947Z	RE:SN12C	ordinal	EX_Lkynr_e	0.0	0.0	3.549056962081519	primary	optimal
twostage-20260916T061947Z	RE:SN12C	ordinal	EX_acac_e	0.0	0.0	12.37718571920896	primary	optimal
twostage-20260916T061947Z	RE:SN12C	ordinal	EX_ade_e	0.0	0.0	1.0305750068265458	primary	optimal
twostage-20260916T061947Z	RE:SN12C	ordinal	EX_adn_e	0.0	0.0	0.8039674991001106	primary	optimal
twostage-20260916T061947Z	RE:SN12C	ordinal	EX_ahcys_e	0.0	0.0	0.7638767129973902	primary	optimal
twostage-20260916T061947Z	RE:SN12C	ordinal	EX_akg_e	0.0	0.0	35.80387131666942	primary	optimal
twostage-20260916T061947Z	RE:SN12C	ordinal	EX_ala__L_e	9.999999999999997e-07	0.0	46.85487560903956	primary	optimal
twostage-20260916T061947Z	RE:SN12C	ordinal	EX_amp_e	0.0	0.0	0.6670731488975652	primary	optimal
twostage-20260916T061947Z	RE:SN12C	ordinal	EX_anth_e	0.0	0.0	3.2600372864037848	primary	optimal
twostage-20260916T061947Z	RE:SN12C	ordinal	EX_arg__L_e	-9.999999	-10.0	2.3659635667776624	primary	optimal
twostage-20260916T061947Z	RE:SN12C	ordinal	EX_asn__L_e	-9.999999	-10.0	6.2289412930004655	primary	optimal
twostage-20260916T061947Z	RE:SN12C	ordinal	EX_asp__L_e	-9.999999	-10.0	25.394197012952386	primary	optimal
twostage-20260916T061947Z	RE:SN12C	ordinal	EX_bilirub_e	0.0	0.0	0.42974298474903827	primary	optimal
twostage-20260916T061947Z	RE:SN12C	ordinal	EX_cala_e	0.0	0.0	2.6683074905259403	primary	optimal
twostage-20260916T061947Z	RE:SN12C	ordinal	EX_chol_e	-9.999999	-10.0	0.3308007064716992	primary	optimal
twostage-20260916T061947Z	RE:SN12C	ordinal	EX_cholp_e	0.0	0.0	6.071678091942333	primary	optimal
twostage-20260916T061947Z	RE:SN12C	ordinal	EX_cit_e	1e-06	0.0	30.96892407178965	primary	optimal
twostage-20260916T061947Z	RE:SN12C	ordinal	EX_citr__L_e	0.0	0.0	13.991572458930042	primary	optimal
twostage-20260916T061947Z	RE:SN12C	ordinal	EX_cmp_e	0.0	0.0	0.0	primary	optimal
twostage-20260916T061947Z	RE:SN12C	ordinal	EX_crn_e	-0.999999	-1.0	-4.440892098500626e-16	primary	optimal
twostage-20260916T061947Z	RE:SN12C	ordinal	EX_cyst__L_e	0.0	0.0	3.1761853715395523	primary	optimal
twostage-20260916T061947Z	RE:SN12C	ordinal	EX_cytd_e	0.0	0.0	1.5879083299682148	primary	optimal
twostage-20260916T061947Z	RE:SN12C	ordinal	EX_dad_2_e	0.0	0.0	0.7943509543831625	primary	optimal
twostage-20260916T061947Z	RE:SN12C	ordinal	EX_dcmp_e	0.0	0.0	1.361056735911766	primary	optimal
twostage-20260916T061947Z	RE:SN12C	ordinal	EX_dcyt_e	0.0	0.0	1.6214726044153964	primary	optimal
twostage-20260916T061947Z	RE:SN12C	ordinal	EX_dhap_e	0.0	0.0	4.211569434561341	primary	optimal
twostage-20260916T061947Z	RE:SN12C	ordinal	EX_dmgly_e	0.0	0.0	3.907236879593876	primary	optimal
twostage-20260916T061947Z	RE:SN12C	ordinal	EX_duri_e	0.0	0.0	1.5825339950358137	primary	optimal
twostage-20260916T061947Z	RE:SN12C	ordinal	EX_ethamp_e	0.0	0.0	6.071678091942469	primary	optimal
twostage-20260916T061947Z	RE:SN12C	ordinal	EX_fol_e	-9.999999	-10.0	-3.552713678800501e-15	primary	optimal
twostage-20260916T061947Z	RE:SN12C	ordinal	EX_fum_e	1e-06	0.0	40.8892080468296	primary	optimal
twostage-20260916T061947Z	RE:SN12C	ordinal	EX_g3pc_e	0.0	0.0	2.0741009906100594	primary	optimal
twostage-20260916T061947Z	RE:SN12C	ordinal	EX_glc__D_e	-10.0	-10.0	-5.284064886034294	primary	optimal
twostage-20260916T061947Z	RE:SN12C	ordinal	EX_glcur_e	0.0	0.0	3.5242627097217416	primary	optimal
twostage-20260916T061947Z	RE:SN12C	ordinal	EX_gln__L_e	-9.999999000000003	-10.0	4.372224717855613	primary	optimal
twostage-20260916T061947Z	RE:SN12C	ordinal	EX_glu__L_e	-9.999999	-10.0	23.169923737595045	primary	optimal
twostage-20260916T061947Z	RE:SN12C	ordinal	EX_gly_e	-9.999999	-10.0	24.248279119197136	primary	optimal
twostage-20260916T061947Z	RE:SN12C	ordinal	EX_glyald_e	0.0	0.0	9.113755542676746	primary	optimal
twostage-20260916T061947Z	RE:SN12C	ordinal	EX_glyb_e	0.0	0.0	9.88429000848034	primary	optimal
twostage-20260916T061947Z	RE:SN12C	ordinal	EX_glyc3p_e	0.0	0.0	4.035475486620102	primary	optimal
twostage-20260916T061947Z	RE:SN12C	ordinal	EX_gmp_e	0.0	0.0	0.0	primary	optimal
twostage-20260916T061947Z	RE:SN12C	ordinal	EX_gthox_e	0.0	0.0	5.279002684101198	primary	optimal
twostage-20260916T061947Z	RE:SN12C	ordinal	EX_hcys__L_e	0.0	0.0	4.445047609739178	primary	optimal
twostage-20260916T061947Z	RE:SN12C	ordinal	EX_hom__L_e	0.0	0.0	0.0	primary	optimal
twostage-20260916T061947Z	RE:SN12C	ordinal	EX_hxan_e	0.0	0.0	1.2152099447035758	primary	optimal
twostage-20260916T061947Z	RE:SN12C	ordinal	EX_icit_e	0.0	0.0	29.53656335430588	primary	optimal
twostage-20260916T061947Z	RE:SN12C	ordinal	EX_ile__L_e	-9.999999	-10.0	-0.9398300444600185	primary	optimal
twostage-20260916T061947Z	RE:SN12C	ordinal	EX_imp_e	0.0	0.0	0.9109452958671304	primary	optimal
twostage-20260916T061947Z	RE:SN12C	ordinal	EX_ins_e	0.0	0.0	0.9078454639203741	primary	optimal
twostage-20260916T061947Z	RE:SN12C	ordinal	EX_lac__L_e	-0.9999990000000001	-1.0	53.862858580897985	primary	optimal
twostage-20260916T061947Z	RE:SN12C	ordinal	EX_lcts_e	0.0	0.0	1.3893142361351158	primary	optimal
twostage-20260916T061947Z	RE:SN12C	ordinal	EX_leu__L_e	-9.999999	-10.0	-1.7922337326704483	primary	optimal
twostage-20260916T061947Z	RE:SN12C	ordinal	EX_lys__L_e	-9.999999	-10.0	-1.9452265708841505	primary	optimal
twostage-20260916T061947Z	RE:SN12C	ordinal	EX_mal__L_e	1e-06	0.0	36.467525455474465	primary	optimal
twostage-20260916T061947Z	RE:SN12C	ordinal	EX_met__L_e	-9.999999000000003	-10.0	-0.5026982632120731	primary	optimal
twostage-20260916T061947Z	RE:SN12C	ordinal	EX_nac_e	0.0	0.0	10.657089584207146	primary	optimal
twostage-20260916T061947Z	RE:SN12C	ordinal	EX_ncam_e	-8.021969544359187	-10.0	-8.881784197001252e-16	primary	optimal
twostage-20260916T061947Z	RE:SN12C	ordinal	EX_nicrnt_e	0.0	0.0	2.2011082866518983	primary	optimal
twostage-20260916T061947Z	RE:SN12C	ordinal	EX_orn_e	0.0	0.0	27.95732057457128	primary	optimal
twostage-20260916T061947Z	RE:SN12C	ordinal	EX_orot5p_e	0.0	0.0	1.3736508527907947	primary	optimal
twostage-20260916T061947Z	RE:SN12C	ordinal	EX_orot_e	0.0	0.0	3.149648948395895	primary	optimal
twostage-20260916T061947Z	RE:SN12C	ordinal	EX_oxa_e	0.0	0.0	6.5474511074872765	primary	optimal
twostage-20260916T061947Z	RE:SN12C	ordinal	EX_pep_e	0.0	0.0	6.071678091942485	primary	optimal
twostage-20260916T061947Z	RE:SN12C	ordinal	EX_phe__L_e	-0.8524036882104294	-10.0	-0.8524036882104298	primary	optimal
twostage-20260916T061947Z	RE:SN12C	ordinal	EX_pnto__R_e	0.0	-10.0	0.05000000000000071	primary	optimal
twostage-20260916T061947Z	RE:SN12C	ordinal	EX_pro__L_e	-1.3551019514123388	-10.0	18.019205319488798	primary	optimal
twostage-20260916T061947Z	RE:SN12C	ordinal	EX_quln_e	0.0	0.0	1.1716846523553164	primary	optimal
twostage-20260916T061947Z	RE:SN12C	ordinal	EX_sbt__D_e	0.0	0.0	0.0	primary	optimal
twostage-20260916T061947Z	RE:SN12C	ordinal	EX_ser__L_e	-10.0	-10.0	-0.1426790550396947	primary	optimal
twostage-20260916T061947Z	RE:SN12C	ordinal	EX_spmd_e	0.0	0.0	1.2116619791592294	primary	optimal
twostage-20260916T061947Z	RE:SN12C	ordinal	EX_sprm_e	0.0	0.0	0.6173951619093663	primary	optimal
twostage-20260916T061947Z	RE:SN12C	ordinal	EX_srtn_e	0.0	0.0	3.494654232120596	primary	optimal
twostage-20260916T061947Z	RE:SN12C	ordinal	EX_succ_e	15.911686816046307	0.0	57.11884549649872	primary	optimal
twostage-20260916T061947Z	RE:SN12C	ordinal	EX_sucr_e	0.0	0.0	0.0	primary	optimal
twostage-20260916T061947Z	RE:SN12C	ordinal	EX_taur_e	0.0	0.0	3.1357980969364347	primary	optimal
twostage-20260916T061947Z	RE:SN12C	ordinal	EX_tchola_e	0.0	0.0	0.6761330086598	primary	optimal
twostage-20260916T061947Z	RE:SN12C	ordinal	EX_thr__L_e	-1.027256400709608	-10.0	-1.027256400709609	primary	optimal
twostage-20260916T061947Z	RE:SN12C	ordinal	EX_thym_e	0.0	0.0	2.0193215938073714	primary	optimal
twostage-20260916T061947Z	RE:SN12C	ordinal	EX_thymd_e	0.0	0.0	1.3145932784874144	primary	optimal
twostage-20260916T061947Z	RE:SN12C	ordinal	EX_trp__L_e	-0.04371317812479467	-10.0	-0.04371317812480058	primary	optimal
twostage-20260916T061947Z	RE:SN12C	ordinal	EX_tyr__L_e	-0.5245548522744694	-10.0	3.1965010675380157	primary	optimal
twostage-20260916T061947Z	RE:SN12C	ordinal	EX_ump_e	0.0	0.0	1.00078621035765	primary	optimal
twostage-20260916T061947Z	RE:SN12C	ordinal	EX_ura_e	0.0	0.0	2.8354372328675557	primary	optimal
twostage-20260916T061947Z	RE:SN12C	ordinal	EX_urate_e	0.0	0.0	1.1640085990935363	primary	optimal
twostage-20260916T061947Z	RE:SN12C	ordinal	EX_uri_e	0.0	0.0	1.6007713322300385	primary	optimal
twostage-20260916T061947Z	RE:SN12C	ordinal	EX_val__L_e	-1.1583926577916186	-10.0	-1.1583926498609252	primary	optimal
twostage-20260916T061947Z	RE:SN12C	ordinal	EX_xan_e	0.0	0.0	1.1949468192324633	primary	optimal
twostage-20260916T061947Z	RE:SN12C	ordinal	EX_xmp_e	0.0	0.0	0.9000310088894133	primary	optimal
twostage-20260916T061947Z	RE:SN12C	ordinal	EX_xtsn_e	0.0	0.0	0.896081145170758	primary	optimal
twostage-20260916T061947Z	RE:TK-10	ordinal	EX_2pg_e	0.0	0.0	6.071678091942418	primary	optimal
twostage-20260916T061947Z	RE:TK-10	ordinal	EX_34hpp_e	0.0	0.0	12.481968049858645	primary	optimal
twostage-20260916T061947Z	RE:TK-10	ordinal	EX_3hanthrn_e	0.0	0.0	1.7670117073371423	primary	optimal
twostage-20260916T061947Z	RE:TK-10	ordinal	EX_3pg_e	0.0	0.0	6.071678091942474	primary	optimal
twostage-20260916T061947Z	RE:TK-10	ordinal	EX_4abut_e	0.0	0.0	21.648406749427114	primary	optimal
twostage-20260916T061947Z	RE:TK-10	ordinal	EX_4hbz_e	0.0	0.0	4.74829359489592	primary	optimal
twostage-20260916T061947Z	RE:TK-10	ordinal	EX_L2aadp_e	0.0	0.0	8.409310012553934	primary	optimal
twostage-20260916T061947Z	RE:TK-10	ordinal	EX_Lkynr_e	0.0	0.0	3.5595543861680894	primary	optimal
twostage-20260916T061947Z	RE:TK-10	ordinal	EX_acac_e	0.0	0.0	12.730800072585879	primary	optimal
twostage-20260916T061947Z	RE:TK-10	ordinal	EX_ade_e	0.0	0.0	1.0322470074426038	primary	optimal
twostage-20260916T061947Z	RE:TK-10	ordinal	EX_adn_e	0.0	0.0	0.8002489194582743	primary	optimal
twostage-20260916T061947Z	RE:TK-10	ordinal	EX_ahcys_e	0.0	0.0	0.7607239360437114	primary	optimal
twostage-20260916T061947Z	RE:TK-10	ordinal	EX_akg_e	1e-06	0.0	36.36371924051572	primary	optimal
twostage-20260916T061947Z	RE:TK-10	ordinal	EX_ala__L_e	1e-06	0.0	50.51599106011943	primary	optimal
twostage-20260916T061947Z	RE:TK-10	ordinal	EX_amp_e	0.0	0.0	0.6687516778023065	primary	optimal
twostage-20260916T061947Z	RE:TK-10	ordinal	EX_anth_e	0.0	0.0	3.29574711800649	primary	optimal
twostage-20260916T061947Z	RE:TK-10	ordinal	EX_arg__L_e	-9.999999	-10.0	2.3924953434049256	primary	optimal
twostage-20260916T061947Z	RE:TK-10	ordinal	EX_asn__L_e	-9.999999	-10.0	6.44866728142013	primary	optimal
twostage-20260916T061947Z	RE:TK-10	ordinal	EX_asp__L_e	-9.999999	-10.0	25.413054728898537	primary	optimal
twostage-20260916T061947Z	RE:TK-10	ordinal	EX_bilirub_e	0.0	0.0	0.43028017399061835	primary	optimal
twostage-20260916T061947Z	RE:TK-10	ordinal	EX_cala_e	0.0	0.0	2.667870313596878	primary	optimal
twostage-20260916T061947Z	RE:TK-10	ordinal	EX_chol_e	-9.999999	-10.0	0.30829419009969683	primary	optimal
twostage-20260916T061947Z	RE:TK-10	ordinal	EX_cholp_e	0.0	0.0	6.071678091942371	primary	optimal
twostage-20260916T061947Z	RE:TK-10	ordinal	EX_cit_e	9.999999999999997e-07	0.0	30.999780556834228	primary	optimal
twostage-20260916T061947Z	RE:TK-10	ordinal	EX_citr__L_e	0.0	0.0	13.968623863803632	primary	optimal
twostage-20260916T061947Z	RE:TK-10	ordinal	EX_cmp_e	0.0	0.0	0.0	primary	optimal
twostage-20260916T061947Z	RE:TK-10	ordinal	EX_crn_e	-0.9999989999999997	-1.0	-7.549516567451064e-15	primary	optimal
twostage-20260916T061947Z	RE:TK-10	ordinal	EX_cyst__L_e	0.0	0.0	3.1355158027686914	primary	optimal
twostage-20260916T061947Z	RE:TK-10	ordinal	EX_cytd_e	0.0	0.0	1.5724670743805236	primary	optimal
twostage-20260916T061947Z	RE:TK-10	ordinal	EX_dad_2_e	0.0	0.0	0.796414329764525	primary	optimal
twostage-20260916T061947Z	RE:TK-10	ordinal	EX_dcmp_e	0.0	0.0	1.3644545255082086	primary	optimal
twostage-20260916T061947Z	RE:TK-10	ordinal	EX_dcyt_e	0.0	0.0	1.6101420002532902	primary	optimal
twostage-20260916T061947Z	RE:TK-10	ordinal	EX_dhap_e	0.0	0.0	4.277653065034427	primary	optimal
twostage-20260916T061947Z	RE:TK-10	ordinal	EX_dmgly_e	0.0	0.0	3.8962689510433974	primary	optimal
twostage-20260916T061947Z	RE:TK-10	ordinal	EX_duri_e	0.0	0.0	1.5776961904262927	primary	optimal
twostage-20260916T061947Z	RE:TK-10	ordinal	EX_ethamp_e	0.0	0.0	6.071678091942444	primary	optimal
twostage-20260916T061947Z	RE:TK-10	ordinal	EX_fol_e	-9.999999	-10.0	-8.881784197001252e-16	primary	optimal
twostage-20260916T061947Z	RE:TK-10	ordinal	EX_fum_e	1e-06	0.0	40.899279613775185	primary	optimal
twostage-20260916T061947Z	RE:TK-10	ordinal	EX_g3pc_e	0.0	0.0	2.0758281774389378	primary	optimal
twostage-20260916T061947Z	RE:TK-10	ordinal	EX_glc__D_e	-10.0	-10.0	-5.242714707883295	primary	optimal
twostage-20260916T061947Z	RE:TK-10	ordinal	EX_glcur_e	0.0	0.0	3.5629511875957456	primary	optimal
twostage-20260916T061947Z	RE:TK-10	ordinal	EX_gln__L_e	-9.999999	-10.0	4.344123624486291	primary	optimal
twostage-20260916T061947Z	RE:TK-10	ordinal	EX_glu__L_e	-9.999999	-10.0	22.79925699809046	primary	optimal
twostage-20260916T061947Z	RE:TK-10	ordinal	EX_gly_e	-9.999999	-10.0	24.691109963410106	primary	optimal
twostage-20260916T061947Z	RE:TK-10	ordinal	EX_glyald_e	0.0	0.0	9.188271199112332	primary	optimal
twostage-20260916T061947Z	RE:TK-10	ordinal	EX_glyb_e	0.0	0.0	9.861815099787552	primary	optimal
twostage-20260916T061947Z	RE:TK-10	ordinal	EX_glyc3p_e	0.0	0.0	4.117559826236542	primary	optimal
twostage-20260916T061947Z	RE:TK-10	ordinal	EX_gmp_e	0.0	0.0	0.0	primary	optimal
twostage-20260916T061947Z	RE:TK-10	ordinal	EX_gthox_e	0.0	0.0	5.310098793714204	primary	optimal
twostage-20260916T061947Z	RE:TK-10	ordinal	EX_hcys__L_e	0.0	0.0	4.458474047754268	primary	optimal
twostage-20260916T061947Z	RE:TK-10	ordinal	EX_hom__L_e	0.0	0.0	0.0	primary	optimal
twostage-20260916T061947Z	RE:TK-10	ordinal	EX_hxan_e	0.0	0.0	1.2092408050169952	primary	optimal
twostage-20260916T061947Z	RE:TK-10	ordinal	EX_icit_e	1e-06	0.0	29.652004784882898	primary	optimal
twostage-20260916T061947Z	RE:TK-10	ordinal	EX_ile__L_e	-9.999999	-10.0	-0.9398300444600078	primary	optimal
twostage-20260916T061947Z	RE:TK-10	ordinal	EX_imp_e	0.0	0.0	0.9086082157543692	primary	optimal
twostage-20260916T061947Z	RE:TK-10	ordinal	EX_ins_e	0.0	0.0	0.9014915478317499	primary	optimal
twostage-20260916T061947Z	RE:TK-10	ordinal	EX_lac__L_e	-0.9999989999999999	-1.0	53.889310567773386	primary	optimal
twostage-20260916T061947Z	RE:TK-10	ordinal	EX_lcts_e	0.0	0.0	1.4110605843443929	primary	optimal
twostage-20260916T061947Z	RE:TK-10	ordinal	EX_leu__L_e	-9.999999	-10.0	-1.7922337326704536	primary	optimal
twostage-20260916T061947Z	RE:TK-10	ordinal	EX_lys__L_e	-9.999999000000003	-10.0	-1.94522657088417	primary	optimal
twostage-20260916T061947Z	RE:TK-10	ordinal	EX_mal__L_e	1e-06	0.0	36.22491722969294	primary	optimal
twostage-20260916T061947Z	RE:TK-10	ordinal	EX_met__L_e	-9.999999000000003	-10.0	-0.5026982632120713	primary	optimal
twostage-20260916T061947Z	RE:TK-10	ordinal	EX_nac_e	3.752644805503535e-15	0.0	10.603369977311518	primary	optimal
twostage-20260916T061947Z	RE:TK-10	ordinal	EX_ncam_e	-9.047203432080092	-10.0	0.0	primary	optimal
twostage-20260916T061947Z	RE:TK-10	ordinal	EX_nicrnt_e	0.0	0.0	2.189137764866474	primary	optimal
twostage-20260916T061947Z	RE:TK-10	ordinal	EX_orn_e	0.0	0.0	27.211829808398818	primary	optimal
twostage-20260916T061947Z	RE:TK-10	ordinal	EX_orot5p_e	0.0	0.0	1.3617126140533247	primary	optimal
twostage-20260916T061947Z	RE:TK-10	ordinal	EX_orot_e	0.0	0.0	3.1472285425735405	primary	optimal
twostage-20260916T061947Z	RE:TK-10	ordinal	EX_oxa_e	0.0	0.0	6.549733672044771	primary	optimal
twostage-20260916T061947Z	RE:TK-10	ordinal	EX_pep_e	0.0	0.0	6.0716780919425135	primary	optimal
twostage-20260916T061947Z	RE:TK-10	ordinal	EX_phe__L_e	-0.8524037031287361	-10.0	-0.8524036882104298	primary	optimal
twostage-20260916T061947Z	RE:TK-10	ordinal	EX_pnto__R_e	0.0	-10.0	0.049999999999998934	primary	optimal
twostage-20260916T061947Z	RE:TK-10	ordinal	EX_pro__L_e	-1.355101951422502	-10.0	19.5480765826412	primary	optimal
twostage-20260916T061947Z	RE:TK-10	ordinal	EX_quln_e	0.0	0.0	1.184046320412915	primary	optimal
twostage-20260916T061947Z	RE:TK-10	ordinal	EX_sbt__D_e	0.0	0.0	0.0	primary	optimal
twostage-20260916T061947Z	RE:TK-10	ordinal	EX_ser__L_e	-10.0	-10.0	-0.3830033839583381	primary	optimal
twostage-20260916T061947Z	RE:TK-10	ordinal	EX_spmd_e	0.0	0.0	1.203315088784987	primary	optimal
twostage-20260916T061947Z	RE:TK-10	ordinal	EX_sprm_e	0.0	0.0	0.6137017752074949	primary	optimal
twostage-20260916T061947Z	RE:TK-10	ordinal	EX_srtn_e	0.0	0.0	3.5076109793069294	primary	optimal
twostage-20260916T061947Z	RE:TK-10	ordinal	EX_succ_e	13.563356539041079	0.0	56.91487165213019	primary	optimal
twostage-20260916T061947Z	RE:TK-10	ordinal	EX_sucr_e	0.0	0.0	0.0	primary	optimal
twostage-20260916T061947Z	RE:TK-10	ordinal	EX_taur_e	0.0	0.0	3.1705368404835044	primary	optimal
twostage-20260916T061947Z	RE:TK-10	ordinal	EX_tchola_e	0.0	0.0	0.6830493301068744	primary	optimal
twostage-20260916T061947Z	RE:TK-10	ordinal	EX_thr__L_e	-1.0272564007096083	-10.0	-1.0272564007096072	primary	optimal
twostage-20260916T061947Z	RE:TK-10	ordinal	EX_thym_e	0.0	0.0	2.018553117515238	primary	optimal
twostage-20260916T061947Z	RE:TK-10	ordinal	EX_thymd_e	0.0	0.0	1.3121042530152973	primary	optimal
twostage-20260916T061947Z	RE:TK-10	ordinal	EX_trp__L_e	-0.04371317812479467	-10.0	-0.04371317812479525	primary	optimal
twostage-20260916T061947Z	RE:TK-10	ordinal	EX_tyr__L_e	-0.5245548522744693	-10.0	3.22837242392725	primary	optimal
twostage-20260916T061947Z	RE:TK-10	ordinal	EX_ump_e	0.0	0.0	1.0061399849466324	primary	optimal
twostage-20260916T061947Z	RE:TK-10	ordinal	EX_ura_e	0.0	0.0	2.8348574768267016	primary	optimal
twostage-20260916T061947Z	RE:TK-10	ordinal	EX_urate_e	0.0	0.0	1.1575665590394684	primary	optimal
twostage-20260916T061947Z	RE:TK-10	ordinal	EX_uri_e	0.0	0.0	1.57464811935324	primary	optimal
twostage-20260916T061947Z	RE:TK-10	ordinal	EX_val__L_e	-1.1583930459883107	-10.0	-1.158392649860927	primary	optimal
twostage-20260916T061947Z	RE:TK-10	ordinal	EX_xan_e	0.0	0.0	1.1889946009970969	primary	optimal
twostage-20260916T061947Z	RE:TK-10	ordinal	EX_xmp_e	0.0	0.0	0.8956467754154493	primary	optimal
twostage-20260916T061947Z	RE:TK-10	ordinal	EX_xtsn_e	0.0	0.0	0.8891468499578891	primary	optimal
twostage-20260916T061947Z	__reference__	uniform_pfba	EX_2pg_e	0.0	0.0	6.071678091942485	primary	optimal
twostage-20260916T061947Z	__reference__	uniform_pfba	EX_34hpp_e	0.0	0.0	13.160492147221705	primary	optimal
twostage-20260916T061947Z	__reference__	uniform_pfba	EX_3hanthrn_e	0.0	0.0	2.1061393854055344	primary	optimal
twostage-20260916T061947Z	__reference__	uniform_pfba	EX_3pg_e	0.0	0.0	6.071678091942576	primary	optimal
twostage-20260916T061947Z	__reference__	uniform_pfba	EX_4abut_e	0.0	0.0	37.49205772145395	primary	optimal
twostage-20260916T061947Z	__reference__	uniform_pfba	EX_4hbz_e	0.0	0.0	5.9407251131107826	primary	optimal
twostage-20260916T061947Z	__reference__	uniform_pfba	EX_L2aadp_e	0.0	0.0	8.851060641310381	primary	optimal
twostage-20260916T061947Z	__reference__	uniform_pfba	EX_Lkynr_e	0.0	0.0	4.268921152215813	primary	optimal
twostage-20260916T061947Z	__reference__	uniform_pfba	EX_acac_e	0.0	0.0	14.66637177161162	primary	optimal
twostage-20260916T061947Z	__reference__	uniform_pfba	EX_ade_e	0.0	0.0	1.335573923207008	primary	optimal
twostage-20260916T061947Z	__reference__	uniform_pfba	EX_adn_e	0.0	0.0	1.0650719709260252	primary	optimal
twostage-20260916T061947Z	__reference__	uniform_pfba	EX_ahcys_e	0.0	0.0	0.9910086232446043	primary	optimal
twostage-20260916T061947Z	__reference__	uniform_pfba	EX_akg_e	0.0	0.0	40.55448745878372	primary	optimal
twostage-20260916T061947Z	__reference__	uniform_pfba	EX_ala__L_e	1.0000000000000002e-06	0.0	61.963412751825764	primary	optimal
twostage-20260916T061947Z	__reference__	uniform_pfba	EX_amp_e	0.0	0.0	0.883294866460016	primary	optimal
twostage-20260916T061947Z	__reference__	uniform_pfba	EX_anth_e	0.0	0.0	3.983637460150865	primary	optimal
twostage-20260916T061947Z	__reference__	uniform_pfba	EX_arg__L_e	-9.999999	-10.0	3.6229927804321966	primary	optimal
twostage-20260916T061947Z	__reference__	uniform_pfba	EX_asn__L_e	-9.999999	-10.0	7.605670464323358	primary	optimal
twostage-20260916T061947Z	__reference__	uniform_pfba	EX_asp__L_e	-9.999999	-10.0	31.072365361785465	primary	optimal
twostage-20260916T061947Z	__reference__	uniform_pfba	EX_bilirub_e	0.0	0.0	0.5179260719586192	primary	optimal
twostage-20260916T061947Z	__reference__	uniform_pfba	EX_cala_e	0.0	0.0	3.2362981815562493	primary	optimal
twostage-20260916T061947Z	__reference__	uniform_pfba	EX_chol_e	-9.999999	-10.0	0.6511669239702573	primary	optimal
twostage-20260916T061947Z	__reference__	uniform_pfba	EX_cholp_e	0.0	0.0	6.0716780919424576	primary	optimal
twostage-20260916T061947Z	__reference__	uniform_pfba	EX_cit_e	0.0	0.0	31.045326228988763	primary	optimal
twostage-20260916T061947Z	__reference__	uniform_pfba	EX_citr__L_e	0.0	0.0	16.200819516883826	primary	optimal
twostage-20260916T061947Z	__reference__	uniform_pfba	EX_cmp_e	0.0	0.0	0.0	primary	optimal
twostage-20260916T061947Z	__reference__	uniform_pfba	EX_crn_e	-0.999999	-1.0	0.0	primary	optimal
twostage-20260916T061947Z	__reference__	uniform_pfba	EX_cyst__L_e	0.0	0.0	3.9852629787279765	primary	optimal
twostage-20260916T061947Z	__reference__	uniform_pfba	EX_cytd_e	0.0	0.0	2.0409218108909966	primary	optimal
twostage-20260916T061947Z	__reference__	uniform_pfba	EX_dad_2_e	0.0	0.0	1.0523104980541527	primary	optimal
twostage-20260916T061947Z	__reference__	uniform_pfba	EX_dcmp_e	0.0	0.0	1.7629906552903116	primary	optimal
twostage-20260916T061947Z	__reference__	uniform_pfba	EX_dcyt_e	0.0	0.0	2.1030391535852737	primary	optimal
twostage-20260916T061947Z	__reference__	uniform_pfba	EX_dhap_e	0.0	0.0	5.998265738249536	primary	optimal
twostage-20260916T061947Z	__reference__	uniform_pfba	EX_dmgly_e	0.0	0.0	4.720873347960456	primary	optimal
twostage-20260916T061947Z	__reference__	uniform_pfba	EX_duri_e	0.0	0.0	2.0593040759967685	primary	optimal
twostage-20260916T061947Z	__reference__	uniform_pfba	EX_ethamp_e	0.0	0.0	6.0716780919424895	primary	optimal
twostage-20260916T061947Z	__reference__	uniform_pfba	EX_fol_e	-9.999999	-10.0	7.105427357601002e-15	primary	optimal
twostage-20260916T061947Z	__reference__	uniform_pfba	EX_fum_e	1e-06	0.0	42.64939273136699	primary	optimal
twostage-20260916T061947Z	__reference__	uniform_pfba	EX_g3pc_e	0.0	0.0	2.492249996700768	primary	optimal
twostage-20260916T061947Z	__reference__	uniform_pfba	EX_glc__D_e	-10.0	-10.0	-1.2508011982974847	primary	optimal
twostage-20260916T061947Z	__reference__	uniform_pfba	EX_glcur_e	0.0	0.0	4.294674730384698	primary	optimal
twostage-20260916T061947Z	__reference__	uniform_pfba	EX_gln__L_e	-9.999998999999999	-10.0	7.218057588276802	primary	optimal
twostage-20260916T061947Z	__reference__	uniform_pfba	EX_glu__L_e	-9.999999	-10.0	29.87815357803131	primary	optimal
twostage-20260916T061947Z	__reference__	uniform_pfba	EX_gly_e	-9.999999	-10.0	32.55565713103431	primary	optimal
twostage-20260916T061947Z	__reference__	uniform_pfba	EX_glyald_e	0.0	0.0	14.471694694225999	primary	optimal
twostage-20260916T061947Z	__reference__	uniform_pfba	EX_glyb_e	0.0	0.0	10.267068848868846	primary	optimal
twostage-20260916T061947Z	__reference__	uniform_pfba	EX_glyc3p_e	0.0	0.0	5.998265738249799	primary	optimal
twostage-20260916T061947Z	__reference__	uniform_pfba	EX_gmp_e	0.0	0.0	6.533514333742335e-31	primary	optimal
twostage-20260916T061947Z	__reference__	uniform_pfba	EX_gthox_e	0.0	0.0	5.7381760848284165	primary	optimal
twostage-20260916T061947Z	__reference__	uniform_pfba	EX_hcys__L_e	0.0	0.0	5.207074190505428	primary	optimal
twostage-20260916T061947Z	__reference__	uniform_pfba	EX_hom__L_e	0.0	0.0	0.0	primary	optimal
twostage-20260916T061947Z	__reference__	uniform_pfba	EX_hxan_e	0.0	0.0	1.5618177799023576	primary	optimal
twostage-20260916T061947Z	__reference__	uniform_pfba	EX_icit_e	0.0	0.0	32.143738946498125	primary	optimal
twostage-20260916T061947Z	__reference__	uniform_pfba	EX_ile__L_e	-9.999999000000003	-10.0	-0.9398300444600274	primary	optimal
twostage-20260916T061947Z	__reference__	uniform_pfba	EX_imp_e	0.0	0.0	1.2128872310114895	primary	optimal
twostage-20260916T061947Z	__reference__	uniform_pfba	EX_ins_e	0.0	0.0	1.2034047802636152	primary	optimal
twostage-20260916T061947Z	__reference__	uniform_pfba	EX_lac__L_e	-0.9999990000000001	-1.0	54.25611458908242	primary	optimal
twostage-20260916T061947Z	__reference__	uniform_pfba	EX_lcts_e	0.0	0.0	2.1331343401594527	primary	optimal
twostage-20260916T061947Z	__reference__	uniform_pfba	EX_leu__L_e	-9.999999	-10.0	-1.7922337326704465	primary	optimal
twostage-20260916T061947Z	__reference__	uniform_pfba	EX_lys__L_e	-9.999999000000003	-10.0	-1.9452265708841665	primary	optimal
twostage-20260916T061947Z	__reference__	uniform_pfba	EX_mal__L_e	1e-06	0.0	38.378771720814356	primary	optimal
twostage-20260916T061947Z	__reference__	uniform_pfba	EX_met__L_e	-9.999999	-10.0	-0.5026982632120731	primary	optimal
twostage-20260916T061947Z	__reference__	uniform_pfba	EX_nac_e	-1.989681943919209e-15	0.0	10.906261885795951	primary	optimal
twostage-20260916T061947Z	__reference__	uniform_pfba	EX_ncam_e	-9.999999	-10.0	4.440892098500626e-16	primary	optimal
twostage-20260916T061947Z	__reference__	uniform_pfba	EX_nicrnt_e	0.0	0.0	3.0359721388707785	primary	optimal
twostage-20260916T061947Z	__reference__	uniform_pfba	EX_orn_e	1e-06	0.0	34.80725778475007	primary	optimal
twostage-20260916T061947Z	__reference__	uniform_pfba	EX_orot5p_e	0.0	0.0	1.7997366393050878	primary	optimal
twostage-20260916T061947Z	__reference__	uniform_pfba	EX_orot_e	0.0	0.0	3.9680702656785964	primary	optimal
twostage-20260916T061947Z	__reference__	uniform_pfba	EX_oxa_e	0.0	0.0	7.891013483053722	primary	optimal
twostage-20260916T061947Z	__reference__	uniform_pfba	EX_pep_e	0.0	0.0	6.071678091942538	primary	optimal
twostage-20260916T061947Z	__reference__	uniform_pfba	EX_phe__L_e	-9.13454787422071	-10.0	-0.8524036882104262	primary	optimal
twostage-20260916T061947Z	__reference__	uniform_pfba	EX_pnto__R_e	4.5025370472897555e-13	-10.0	0.05000000000000071	primary	optimal
twostage-20260916T061947Z	__reference__	uniform_pfba	EX_pro__L_e	-1.3551019514203488	-10.0	24.516114623822478	primary	optimal
twostage-20260916T061947Z	__reference__	uniform_pfba	EX_quln_e	0.0	0.0	1.422952646698616	primary	optimal
twostage-20260916T061947Z	__reference__	uniform_pfba	EX_sbt__D_e	0.0	0.0	0.0	primary	optimal
twostage-20260916T061947Z	__reference__	uniform_pfba	EX_ser__L_e	-10.0	-10.0	5.651581063551109	primary	optimal
twostage-20260916T061947Z	__reference__	uniform_pfba	EX_spmd_e	0.0	0.0	1.5204682651710144	primary	optimal
twostage-20260916T061947Z	__reference__	uniform_pfba	EX_sprm_e	0.0	0.0	0.7673117955418796	primary	optimal
twostage-20260916T061947Z	__reference__	uniform_pfba	EX_srtn_e	0.0	0.0	4.17604548354251	primary	optimal
twostage-20260916T061947Z	__reference__	uniform_pfba	EX_succ_e	13.462568264372573	0.0	62.28404005863347	primary	optimal
twostage-20260916T061947Z	__reference__	uniform_pfba	EX_sucr_e	0.0	0.0	0.0	primary	optimal
twostage-20260916T061947Z	__reference__	uniform_pfba	EX_taur_e	0.0	0.0	3.8226270579613195	primary	optimal
twostage-20260916T061947Z	__reference__	uniform_pfba	EX_tchola_e	0.0	0.0	0.8177457305207873	primary	optimal
twostage-20260916T061947Z	__reference__	uniform_pfba	EX_thr__L_e	-1.0272564007096083	-10.0	-1.027256400709625	primary	optimal
twostage-20260916T061947Z	__reference__	uniform_pfba	EX_thym_e	0.0	0.0	2.568574500681602	primary	optimal
twostage-20260916T061947Z	__reference__	uniform_pfba	EX_thymd_e	0.0	0.0	1.744901411557787	primary	optimal
twostage-20260916T061947Z	__reference__	uniform_pfba	EX_trp__L_e	-0.04371317812479467	-10.0	-0.04371317812479525	primary	optimal
twostage-20260916T061947Z	__reference__	uniform_pfba	EX_tyr__L_e	-0.5245548522744693	-10.0	3.8892941012532614	primary	optimal
twostage-20260916T061947Z	__reference__	uniform_pfba	EX_ump_e	0.0	0.0	1.3124315264553996	primary	optimal
twostage-20260916T061947Z	__reference__	uniform_pfba	EX_ura_e	0.0	0.0	3.4673396410439317	primary	optimal
twostage-20260916T061947Z	__reference__	uniform_pfba	EX_urate_e	0.0	0.0	1.4975160414800743	primary	optimal
twostage-20260916T061947Z	__reference__	uniform_pfba	EX_uri_e	0.0	0.0	2.092931903054245	primary	optimal
twostage-20260916T061947Z	__reference__	uniform_pfba	EX_val__L_e	-1.1583931498632218	-10.0	-1.1583926498609287	primary	optimal
twostage-20260916T061947Z	__reference__	uniform_pfba	EX_xan_e	0.0	0.0	1.5335754083553754	primary	optimal
twostage-20260916T061947Z	__reference__	uniform_pfba	EX_xmp_e	0.0	0.0	1.1903314021169744	primary	optimal
twostage-20260916T061947Z	__reference__	uniform_pfba	EX_xtsn_e	0.0	0.0	1.1865413213127147	primary	optimal
